Date,League,Season,HomeTeam,AwayTeam,minuto,parte,goleador,asistente,jugador_tarjeta,equipo,tipo,fixture_id
07/08/2026,2. Bundesliga,2026/2027,VFL BOCHUM,HERTHA BSC,39,1P,S. Gronning,S. Gouram,,HERTHA BSC,Normal Goal,1576134.0
08/08/2026,2. Bundesliga,2026/2027,1. FC MAGDEBURG,EINTRACHT BRAUNSCHWEIG,15,1P,A. Opoku,M. Marie,,EINTRACHT BRAUNSCHWEIG,Normal Goal,1576139.0
08/08/2026,2. Bundesliga,2026/2027,1. FC MAGDEBURG,EINTRACHT BRAUNSCHWEIG,21,1P,J. Urbich,M. Marie,,EINTRACHT BRAUNSCHWEIG,Normal Goal,1576139.0
08/08/2026,2. Bundesliga,2026/2027,1. FC MAGDEBURG,EINTRACHT BRAUNSCHWEIG,26,1P,J. Urbich,S. Di Benedetto,,EINTRACHT BRAUNSCHWEIG,Normal Goal,1576139.0
08/08/2026,2. Bundesliga,2026/2027,1. FC MAGDEBURG,EINTRACHT BRAUNSCHWEIG,44,1P,M. Aydin,,,EINTRACHT BRAUNSCHWEIG,Penalty,1576139.0
08/08/2026,2. Bundesliga,2026/2027,1. FC MAGDEBURG,EINTRACHT BRAUNSCHWEIG,49,2P,M. Zukowski,B. Atik,,1. FC MAGDEBURG,Normal Goal,1576139.0
08/08/2026,2. Bundesliga,2026/2027,1. FC MAGDEBURG,EINTRACHT BRAUNSCHWEIG,50,2P,S. Di Benedetto,Y. Sturm,,EINTRACHT BRAUNSCHWEIG,Normal Goal,1576139.0
08/08/2026,2. Bundesliga,2026/2027,1. FC MAGDEBURG,EINTRACHT BRAUNSCHWEIG,61,2P,F. Flick,,,EINTRACHT BRAUNSCHWEIG,Normal Goal,1576139.0
08/08/2026,2. Bundesliga,2026/2027,1. FC HEIDENHEIM,VFL OSNABRUCK,10,1P,B. Zivzivadze,M. Costly,,1. FC HEIDENHEIM,Normal Goal,1576137.0
08/08/2026,2. Bundesliga,2026/2027,1. FC HEIDENHEIM,VFL OSNABRUCK,23,1P,N. Wiemann,K. Faber,,VFL OSNABRUCK,Normal Goal,1576137.0
08/08/2026,2. Bundesliga,2026/2027,1. FC HEIDENHEIM,VFL OSNABRUCK,29,1P,M. Costly,M. Honsak,,1. FC HEIDENHEIM,Normal Goal,1576137.0
08/08/2026,2. Bundesliga,2026/2027,1. FC HEIDENHEIM,VFL OSNABRUCK,34,1P,D. Kopacz,K. Faber,,VFL OSNABRUCK,Normal Goal,1576137.0
08/08/2026,2. Bundesliga,2026/2027,1. FC HEIDENHEIM,VFL OSNABRUCK,45,1P,J. Schoppner,J. Fohrenbach,,1. FC HEIDENHEIM,Normal Goal,1576137.0
08/08/2026,2. Bundesliga,2026/2027,1. FC HEIDENHEIM,VFL OSNABRUCK,89,2P,M. Pieringer,M. Costly,,1. FC HEIDENHEIM,Normal Goal,1576137.0
08/08/2026,2. Bundesliga,2026/2027,1. FC HEIDENHEIM,VFL OSNABRUCK,90,2P,R. Meissner,,,VFL OSNABRUCK,Penalty,1576137.0
08/08/2026,2. Bundesliga,2026/2027,SV DARMSTADT 98,HOLSTEIN KIEL,8,1P,G. Balzi,P. Harres,,HOLSTEIN KIEL,Normal Goal,1576136.0
08/08/2026,2. Bundesliga,2026/2027,SV DARMSTADT 98,HOLSTEIN KIEL,42,1P,P. Harres,A. Kapralik,,HOLSTEIN KIEL,Normal Goal,1576136.0
08/08/2026,2. Bundesliga,2026/2027,SV DARMSTADT 98,HOLSTEIN KIEL,76,2P,Lee Ho-Jae,K. Klefisch,,SV DARMSTADT 98,Normal Goal,1576136.0
08/08/2026,2. Bundesliga,2026/2027,SV DARMSTADT 98,HOLSTEIN KIEL,86,2P,A. Vukotic,L. Duijvestijn,,SV DARMSTADT 98,Normal Goal,1576136.0
08/08/2026,2. Bundesliga,2026/2027,KARLSRUHER SC,ARMINIA BIELEFELD,35,1P,M. Broschinski,M. Wanitzek,,KARLSRUHER SC,Normal Goal,1576138.0
08/08/2026,2. Bundesliga,2026/2027,KARLSRUHER SC,ARMINIA BIELEFELD,78,2P,M. Broschinski,M. Wanitzek,,KARLSRUHER SC,Normal Goal,1576138.0
08/08/2026,2. Bundesliga,2026/2027,KARLSRUHER SC,ARMINIA BIELEFELD,80,2P,M. Mehlem,I. Young,,ARMINIA BIELEFELD,Normal Goal,1576138.0
09/08/2026,2. Bundesliga,2026/2027,1. FC NURNBERG,DYNAMO DRESDEN,9,1P,M. A. Zoma,F. O. Becker,,1. FC NURNBERG,Normal Goal,1576140.0
09/08/2026,2. Bundesliga,2026/2027,1. FC NURNBERG,DYNAMO DRESDEN,45,1P,M. A. Zoma,,,1. FC NURNBERG,Normal Goal,1576140.0
09/08/2026,2. Bundesliga,2026/2027,1. FC NURNBERG,DYNAMO DRESDEN,75,2P,Mohamed Ali Zoma,,,1. FC NURNBERG,Missed Penalty,1576140.0
09/08/2026,2. Bundesliga,2026/2027,1. FC NURNBERG,DYNAMO DRESDEN,75,2P,M. A. Zoma,,,1. FC NURNBERG,Normal Goal,1576140.0
09/08/2026,2. Bundesliga,2026/2027,FC ST. PAULI,SPVGG GREUTHER FURTH,46,2P,M. Mathisen,B. Hrgota,,FC ST. PAULI,Normal Goal,1576141.0
09/08/2026,2. Bundesliga,2026/2027,FC ST. PAULI,SPVGG GREUTHER FURTH,51,2P,F. Klaus,J. Dehm,,SPVGG GREUTHER FURTH,Normal Goal,1576141.0
09/08/2026,2. Bundesliga,2026/2027,ENERGIE COTTBUS,HANNOVER 96,14,1P,T. Cigerci,,,ENERGIE COTTBUS,Normal Goal,1576135.0
09/08/2026,2. Bundesliga,2026/2027,ENERGIE COTTBUS,HANNOVER 96,28,1P,M. Neubauer,,,HANNOVER 96,Normal Goal,1576135.0
09/08/2026,2. Bundesliga,2026/2027,ENERGIE COTTBUS,HANNOVER 96,71,2P,T. Cigerci,,,ENERGIE COTTBUS,Penalty,1576135.0
09/08/2026,2. Bundesliga,2026/2027,ENERGIE COTTBUS,HANNOVER 96,76,2P,J. Butler,L. Erlein,,ENERGIE COTTBUS,Normal Goal,1576135.0
25/07/2026,2. Liga,2026/2027,LAUSANNE,GRASSHOPPERS,33,1P,I. Bah Mendes,O. Janneh,,LAUSANNE,Normal Goal,1555347.0
25/07/2026,2. Liga,2026/2027,LAUSANNE,GRASSHOPPERS,81,2P,S. Bengondo,D. Sahin,,GRASSHOPPERS,Normal Goal,1555347.0
25/07/2026,2. Liga,2026/2027,SERVETTE FC,FC BASEL 1893,78,2P,Z. Celar,,,FC BASEL 1893,Penalty,1555348.0
25/07/2026,2. Liga,2026/2027,FC LUZERN,FC THUN,2,1P,S. Knezevic,O. Kabwit,,FC LUZERN,Normal Goal,1555349.0
25/07/2026,2. Liga,2026/2027,FC LUZERN,FC THUN,8,1P,N. Maier,M. Gutbub,,FC THUN,Normal Goal,1555349.0
25/07/2026,2. Liga,2026/2027,FC LUZERN,FC THUN,51,2P,N. Burgy,,,FC THUN,Normal Goal,1555349.0
25/07/2026,2. Liga,2026/2027,FC LUZERN,FC THUN,84,2P,N. Burgy,L. Dahler,,FC THUN,Normal Goal,1555349.0
26/07/2026,2. Liga,2026/2027,BSC YOUNG BOYS,FC SION,22,1P,L. Blum,,,BSC YOUNG BOYS,Normal Goal,1555350.0
26/07/2026,2. Liga,2026/2027,BSC YOUNG BOYS,FC SION,40,1P,A. Sanches,K. Imeri,,BSC YOUNG BOYS,Normal Goal,1555350.0
26/07/2026,2. Liga,2026/2027,BSC YOUNG BOYS,FC SION,45,1P,J. Kronig,Baltazar,,FC SION,Normal Goal,1555350.0
26/07/2026,2. Liga,2026/2027,BSC YOUNG BOYS,FC SION,56,2P,W. Boteli,F. Surdez,,FC SION,Normal Goal,1555350.0
26/07/2026,2. Liga,2026/2027,BSC YOUNG BOYS,FC SION,66,2P,S. Essende,K. Imeri,,BSC YOUNG BOYS,Normal Goal,1555350.0
26/07/2026,2. Liga,2026/2027,BSC YOUNG BOYS,FC SION,73,2P,S. Essende,,,BSC YOUNG BOYS,Penalty,1555350.0
26/07/2026,2. Liga,2026/2027,FC LUGANO,FC VADUZ,29,1P,A. Papadopoulos,L. Mai,,FC LUGANO,Normal Goal,1555351.0
26/07/2026,2. Liga,2026/2027,FC LUGANO,FC VADUZ,37,1P,L. Mai,R. Steffen,,FC LUGANO,Normal Goal,1555351.0
26/07/2026,2. Liga,2026/2027,FC LUGANO,FC VADUZ,71,2P,L. Dalipi,D. Sorgic,,FC VADUZ,Normal Goal,1555351.0
26/07/2026,2. Liga,2026/2027,FC ST. GALLEN,FC ZURICH,50,2P,U. Emmanuel,V. Berisha,,FC ZURICH,Normal Goal,1555352.0
26/07/2026,2. Liga,2026/2027,FC ST. GALLEN,FC ZURICH,70,2P,L. Gortler,L. Daschner,,FC ST. GALLEN,Normal Goal,1555352.0
26/07/2026,2. Liga,2026/2027,FC ST. GALLEN,FC ZURICH,74,2P,A. Hunziker,L. Gortler,,FC ST. GALLEN,Normal Goal,1555352.0
01/08/2026,2. Liga,2026/2027,FC BASEL 1893,LAUSANNE,90,2P,F. Mollet,,,LAUSANNE,Normal Goal,1555353.0
01/08/2026,2. Liga,2026/2027,FC ZURICH,SERVETTE FC,35,1P,V. Berisha,,,FC ZURICH,Normal Goal,1555354.0
01/08/2026,2. Liga,2026/2027,FC ZURICH,SERVETTE FC,79,2P,M. Bangoura,P. P. Keny,,FC ZURICH,Normal Goal,1555354.0
01/08/2026,2. Liga,2026/2027,FC ZURICH,SERVETTE FC,90,2P,T. Ouattara,H. Mendes,,SERVETTE FC,Normal Goal,1555354.0
01/08/2026,2. Liga,2026/2027,FC THUN,BSC YOUNG BOYS,10,1P,J. Monteiro,A. Sanches,,BSC YOUNG BOYS,Normal Goal,1555355.0
01/08/2026,2. Liga,2026/2027,FC THUN,BSC YOUNG BOYS,24,1P,L. Blum,,,BSC YOUNG BOYS,Normal Goal,1555355.0
01/08/2026,2. Liga,2026/2027,FC THUN,BSC YOUNG BOYS,33,1P,E. Fernandes,L. Blum,,BSC YOUNG BOYS,Normal Goal,1555355.0
01/08/2026,2. Liga,2026/2027,FC THUN,BSC YOUNG BOYS,55,2P,S. Essende,,,BSC YOUNG BOYS,Penalty,1555355.0
01/08/2026,2. Liga,2026/2027,FC THUN,BSC YOUNG BOYS,68,2P,K. Imeri,S. Essende,,BSC YOUNG BOYS,Normal Goal,1555355.0
01/08/2026,2. Liga,2026/2027,FC THUN,BSC YOUNG BOYS,90,2P,S. Essende,S. Bukinac,,BSC YOUNG BOYS,Normal Goal,1555355.0
02/08/2026,2. Liga,2026/2027,FC VADUZ,FC ST. GALLEN,1,1P,A. Balde,,,FC ST. GALLEN,Normal Goal,1555356.0
02/08/2026,2. Liga,2026/2027,FC VADUZ,FC ST. GALLEN,11,1P,M. Monsberger,L. Dalipi,,FC VADUZ,Normal Goal,1555356.0
02/08/2026,2. Liga,2026/2027,FC VADUZ,FC ST. GALLEN,55,2P,J. Cabrera,,,FC VADUZ,Normal Goal,1555356.0
02/08/2026,2. Liga,2026/2027,FC VADUZ,FC ST. GALLEN,72,2P,E. Owusu,D. Besio,,FC ST. GALLEN,Normal Goal,1555356.0
02/08/2026,2. Liga,2026/2027,FC VADUZ,FC ST. GALLEN,87,2P,E. Owusu,B. Fazliji,,FC ST. GALLEN,Normal Goal,1555356.0
02/08/2026,2. Liga,2026/2027,FC SION,FC LUZERN,9,1P,D. Rrudhani,W. Boteli,,FC SION,Normal Goal,1555358.0
02/08/2026,2. Liga,2026/2027,FC SION,FC LUZERN,70,2P,T. Berdayes,J. Lukembila,,FC SION,Normal Goal,1555358.0
02/08/2026,2. Liga,2026/2027,FC SION,FC LUZERN,77,2P,J. Lukembila,F. Surdez,,FC SION,Normal Goal,1555358.0
02/08/2026,2. Liga,2026/2027,GRASSHOPPERS,FC LUGANO,22,1P,L. Plange,S. Stroscio,,GRASSHOPPERS,Normal Goal,1555357.0
02/08/2026,2. Liga,2026/2027,GRASSHOPPERS,FC LUGANO,52,2P,D. Moncada,A. Grgic,,FC LUGANO,Normal Goal,1555357.0
02/08/2026,2. Liga,2026/2027,GRASSHOPPERS,FC LUGANO,71,2P,Y. Cimignani,A. Grgic,,FC LUGANO,Normal Goal,1555357.0
02/08/2026,2. Liga,2026/2027,GRASSHOPPERS,FC LUGANO,78,2P,E. Pihlstrom,K. Behrens,,FC LUGANO,Normal Goal,1555357.0
02/08/2026,2. Liga,2026/2027,GRASSHOPPERS,FC LUGANO,90,2P,Y. Cimignani,A. Kendouci,,FC LUGANO,Normal Goal,1555357.0
08/08/2026,2. Liga,2026/2027,LAUSANNE,BSC YOUNG BOYS,48,2P,C. Zesiger,A. Sanches,,BSC YOUNG BOYS,Normal Goal,1555360.0
08/08/2026,2. Liga,2026/2027,LAUSANNE,BSC YOUNG BOYS,75,2P,D. Pech,S. Essende,,BSC YOUNG BOYS,Normal Goal,1555360.0
08/08/2026,2. Liga,2026/2027,LAUSANNE,BSC YOUNG BOYS,77,2P,F. Mollet,S. Kone,,LAUSANNE,Normal Goal,1555360.0
08/08/2026,2. Liga,2026/2027,LAUSANNE,BSC YOUNG BOYS,89,2P,N. Butler-Oyedeji,I. Despotovic,,LAUSANNE,Normal Goal,1555360.0
08/08/2026,2. Liga,2026/2027,SERVETTE FC,GRASSHOPPERS,12,1P,A. Abrashi,S. Krasniqi,,GRASSHOPPERS,Normal Goal,1555361.0
08/08/2026,2. Liga,2026/2027,SERVETTE FC,GRASSHOPPERS,29,1P,S. Mraz,,,SERVETTE FC,Normal Goal,1555361.0
08/08/2026,2. Liga,2026/2027,SERVETTE FC,GRASSHOPPERS,75,2P,M. Lambourde,T. Cognat,,SERVETTE FC,Normal Goal,1555361.0
09/08/2026,2. Liga,2026/2027,FC LUGANO,FC ZURICH,16,1P,K. Behrens,H. Delcroix,,FC LUGANO,Normal Goal,1555362.0
09/08/2026,2. Liga,2026/2027,FC LUGANO,FC ZURICH,34,1P,K. Behrens,A. Grgic,,FC LUGANO,Normal Goal,1555362.0
09/08/2026,2. Liga,2026/2027,FC LUGANO,FC ZURICH,52,2P,R. Steffen,D. von Ballmoos,,FC LUGANO,Normal Goal,1555362.0
09/08/2026,2. Liga,2026/2027,FC LUGANO,FC ZURICH,79,2P,D. Dos Santos,M. Zanotti,,FC LUGANO,Normal Goal,1555362.0
09/08/2026,2. Liga,2026/2027,FC LUGANO,FC ZURICH,89,2P,D. Moncada,,,FC LUGANO,Normal Goal,1555362.0
09/08/2026,2. Liga,2026/2027,FC BASEL 1893,FC THUN,4,1P,A. Sow,K. Olaigbe,,FC BASEL 1893,Normal Goal,1555359.0
09/08/2026,2. Liga,2026/2027,FC BASEL 1893,FC THUN,31,1P,A. Sow,L. Leroy,,FC BASEL 1893,Normal Goal,1555359.0
09/08/2026,2. Liga,2026/2027,FC BASEL 1893,FC THUN,53,2P,Z. Celar,A. Sow,,FC BASEL 1893,Normal Goal,1555359.0
09/08/2026,2. Liga,2026/2027,FC BASEL 1893,FC THUN,73,2P,L. Stewart,M. Gutbub,,FC THUN,Normal Goal,1555359.0
09/08/2026,2. Liga,2026/2027,FC BASEL 1893,FC THUN,75,2P,X. Shaqiri,A. Sow,,FC BASEL 1893,Normal Goal,1555359.0
09/08/2026,2. Liga,2026/2027,FC BASEL 1893,FC THUN,90,2P,B. Labeau,D. Derbaci,,FC THUN,Normal Goal,1555359.0
09/08/2026,2. Liga,2026/2027,FC SION,FC VADUZ,5,1P,J. Stark,M. Monsberger,,FC VADUZ,Normal Goal,1555363.0
09/08/2026,2. Liga,2026/2027,FC SION,FC VADUZ,21,1P,D. Rrudhani,,,FC SION,Normal Goal,1555363.0
09/08/2026,2. Liga,2026/2027,FC SION,FC VADUZ,36,1P,M. Monsberger,L. Dalipi,,FC VADUZ,Normal Goal,1555363.0
09/08/2026,2. Liga,2026/2027,FC SION,FC VADUZ,83,2P,W. Boteli,Marquinhos Cipriano,,FC SION,Normal Goal,1555363.0
09/08/2026,2. Liga,2026/2027,FC SION,FC VADUZ,90,2P,F. Surdez,I. Chouaref,,FC SION,Normal Goal,1555363.0
09/08/2026,2. Liga,2026/2027,FC ST. GALLEN,FC LUZERN,45,1P,L. Daschner,,,FC ST. GALLEN,Normal Goal,1555364.0
09/08/2026,2. Liga,2026/2027,FC ST. GALLEN,FC LUZERN,46,2P,D. Mikolajewski,M. Di Giusto,,FC LUZERN,Normal Goal,1555364.0
09/08/2026,2. Liga,2026/2027,FC ST. GALLEN,FC LUZERN,89,2P,M. Di Giusto,A. Oehlers,,FC LUZERN,Normal Goal,1555364.0
09/08/2026,2. Liga,2026/2027,FC ST. GALLEN,FC LUZERN,90,2P,L. Gortler,,,FC ST. GALLEN,Penalty,1555364.0
07/08/2026,Jupiler Pro League,2026/2027,CLUB BRUGGE KV,KORTRIJK,30,1P,H. Vetlesen,,,CLUB BRUGGE KV,Normal Goal,1558581.0
07/08/2026,Jupiler Pro League,2026/2027,CLUB BRUGGE KV,KORTRIJK,68,2P,C. Forbs,M. Diakhon,,CLUB BRUGGE KV,Normal Goal,1558581.0
07/08/2026,Jupiler Pro League,2026/2027,CLUB BRUGGE KV,KORTRIJK,74,2P,N. Tresoldi,,,CLUB BRUGGE KV,Penalty,1558581.0
08/08/2026,Jupiler Pro League,2026/2027,STANDARD LIEGE,CERCLE BRUGGE,88,2P,C. Ravych,,,CERCLE BRUGGE,Normal Goal,1558583.0
08/08/2026,Jupiler Pro League,2026/2027,KVC WESTERLO,UNION ST. GILLOISE,13,1P,N. Bassette,I. Sakamoto,,KVC WESTERLO,Normal Goal,1558585.0
08/08/2026,Jupiler Pro League,2026/2027,KVC WESTERLO,UNION ST. GILLOISE,28,1P,P. David,B. Zeneli,,UNION ST. GILLOISE,Normal Goal,1558585.0
08/08/2026,Jupiler Pro League,2026/2027,KVC WESTERLO,UNION ST. GILLOISE,57,2P,R. Florucz,P. David,,UNION ST. GILLOISE,Normal Goal,1558585.0
08/08/2026,Jupiler Pro League,2026/2027,KVC WESTERLO,UNION ST. GILLOISE,64,2P,R. Mofokeng,R. Schoofs,,UNION ST. GILLOISE,Normal Goal,1558585.0
08/08/2026,Jupiler Pro League,2026/2027,KVC WESTERLO,UNION ST. GILLOISE,81,2P,Guilherme Smith,M. Fuseini,,UNION ST. GILLOISE,Normal Goal,1558585.0
08/08/2026,Jupiler Pro League,2026/2027,KVC WESTERLO,UNION ST. GILLOISE,84,2P,D. Olaru,,,UNION ST. GILLOISE,Normal Goal,1558585.0
08/08/2026,Jupiler Pro League,2026/2027,ST. TRUIDEN,LOMMEL UNITED,24,1P,R. Seuntjens,,,LOMMEL UNITED,Penalty,1558584.0
08/08/2026,Jupiler Pro League,2026/2027,ST. TRUIDEN,LOMMEL UNITED,64,2P,I. Sebaoui,N. Ishiwatari,,ST. TRUIDEN,Normal Goal,1558584.0
09/08/2026,Jupiler Pro League,2026/2027,GENT,KV MECHELEN,37,1P,T. Araujo,,,GENT,Normal Goal,1558586.0
09/08/2026,Jupiler Pro League,2026/2027,GENT,KV MECHELEN,45,1P,J. Vergara,M. Sonko,,GENT,Normal Goal,1558586.0
09/08/2026,Jupiler Pro League,2026/2027,ZULTE WAREGEM,GENK,39,1P,R. Durosinmi,J. Ito,,GENK,Normal Goal,1558587.0
09/08/2026,Jupiler Pro League,2026/2027,ZULTE WAREGEM,GENK,82,2P,M. Ake,,,ZULTE WAREGEM,Normal Goal,1558587.0
09/08/2026,Jupiler Pro League,2026/2027,ZULTE WAREGEM,GENK,86,2P,S. Ujka,A. Ementa,,ZULTE WAREGEM,Normal Goal,1558587.0
09/08/2026,Jupiler Pro League,2026/2027,CHARLEROI,OH LEUVEN,24,1P,P. Guiagon,,,CHARLEROI,Penalty,1558582.0
09/08/2026,Jupiler Pro League,2026/2027,CHARLEROI,OH LEUVEN,59,2P,K. Van Den Kerkhof,,,CHARLEROI,Normal Goal,1558582.0
09/08/2026,Jupiler Pro League,2026/2027,ANDERLECHT,RAAL LA LOUVIERE,54,2P,M. Isah,,,RAAL LA LOUVIERE,Normal Goal,1558588.0
09/08/2026,Jupiler Pro League,2026/2027,ANDERLECHT,RAAL LA LOUVIERE,90,2P,A. Bertaccini,,,ANDERLECHT,Normal Goal,1558588.0
25/07/2026,Superliga,2026/2027,AARHUS,BRONDBY,53,2P,Bartosz Slisz,Luis Binks,,BRONDBY,Normal Goal,1548975.0
25/07/2026,Superliga,2026/2027,AARHUS,BRONDBY,84,2P,Kristian Arnstad,,,AARHUS,Penalty,1548975.0
26/07/2026,Superliga,2026/2027,AC HORSENS,FC NORDSJAELLAND,33,1P,Nicklas Røjkjær,,,FC NORDSJAELLAND,Normal Goal,1548978.0
26/07/2026,Superliga,2026/2027,AC HORSENS,FC NORDSJAELLAND,43,1P,Adrian Justinussen,,,AC HORSENS,Penalty,1548978.0
27/07/2026,Superliga,2026/2027,RANDERS FC,SILKEBORG,10,1P,Mike Themsen,Martin Sjølstad,,RANDERS FC,Normal Goal,1548977.0
27/07/2026,Superliga,2026/2027,RANDERS FC,SILKEBORG,45,1P,Oliver Ross,Callum McCowatt,,SILKEBORG,Normal Goal,1548977.0
02/08/2026,Superliga,2026/2027,FC MIDTJYLLAND,AC HORSENS,33,1P,Franculino Djú,Valdemar Byskov,,FC MIDTJYLLAND,Normal Goal,1548981.0
02/08/2026,Superliga,2026/2027,FC MIDTJYLLAND,AC HORSENS,45,1P,Friday Etim,Darío Osorio,,FC MIDTJYLLAND,Normal Goal,1548981.0
02/08/2026,Superliga,2026/2027,FC MIDTJYLLAND,AC HORSENS,78,2P,Kelvin Ehibhatiomhan,Jimi Tauriainen,,AC HORSENS,Normal Goal,1548981.0
02/08/2026,Superliga,2026/2027,BRONDBY,VIBORG,80,2P,Olti Hyseni,Sho Fukuda,,BRONDBY,Normal Goal,1548983.0
02/08/2026,Superliga,2026/2027,SILKEBORG,FC COPENHAGEN,25,1P,Oliver Ross,Callum McCowatt,,SILKEBORG,Normal Goal,1548984.0
02/08/2026,Superliga,2026/2027,SILKEBORG,FC COPENHAGEN,42,1P,Mohamed Elyounoussi,Jordan Larsson,,FC COPENHAGEN,Normal Goal,1548984.0
02/08/2026,Superliga,2026/2027,SILKEBORG,FC COPENHAGEN,45,1P,Mohamed Elyounoussi,William Clem,,FC COPENHAGEN,Normal Goal,1548984.0
02/08/2026,Superliga,2026/2027,SILKEBORG,FC COPENHAGEN,62,2P,Mohamed Elyounoussi,Marcos López,,FC COPENHAGEN,Normal Goal,1548984.0
10/08/2026,Superliga,2026/2027,SILKEBORG,ODENSE,51,2P,Callum McCowatt,Oliver Ross,,SILKEBORG,Normal Goal,1548989.0
28/02/2026,K League 1,2026/2027,INCHEON UNITED,FC SEOUL,47,2P,Min-kyu Song,,,FC SEOUL,Normal Goal,1506896.0
28/02/2026,K League 1,2026/2027,INCHEON UNITED,FC SEOUL,61,2P,Cho Young Wook,Anderson Oliveira,,FC SEOUL,Normal Goal,1506896.0
28/02/2026,K League 1,2026/2027,INCHEON UNITED,FC SEOUL,90,2P,Stefan Mugoša,,,INCHEON UNITED,Penalty,1506896.0
28/02/2026,K League 1,2026/2027,ULSAN HYUNDAI FC,GANGWON FC,19,1P,Yago Cariello,,,ULSAN HYUNDAI FC,Normal Goal,1506897.0
28/02/2026,K League 1,2026/2027,ULSAN HYUNDAI FC,GANGWON FC,45,1P,Yago Cariello,Choi Seok-Hyun,,ULSAN HYUNDAI FC,Normal Goal,1506897.0
28/02/2026,K League 1,2026/2027,ULSAN HYUNDAI FC,GANGWON FC,86,2P,H. Lee,Lee Dong-Gyeong,,ULSAN HYUNDAI FC,Normal Goal,1506897.0
28/02/2026,K League 1,2026/2027,ULSAN HYUNDAI FC,GANGWON FC,90,2P,A. Halaihal,Seo Min-Woo,,GANGWON FC,Normal Goal,1506897.0
28/02/2026,K League 1,2026/2027,GIMCHEON SANGMU FC,POHANG STEELERS,4,1P,Go Jae-Hyeon,G. Lee,,GIMCHEON SANGMU FC,Normal Goal,1506898.0
28/02/2026,K League 1,2026/2027,GIMCHEON SANGMU FC,POHANG STEELERS,55,2P,J. Tranziska,J. da Rocha Junior,,POHANG STEELERS,Normal Goal,1506898.0
15/03/2026,K League 1,2026/2027,JEJU UNITED FC,FC SEOUL,53,2P,Juan Antonio Ros,,,FC SEOUL,Normal Goal,1506911.0
15/03/2026,K League 1,2026/2027,JEJU UNITED FC,FC SEOUL,88,2P,Byung-wook Choi,Gytis Paulauskas,,JEJU UNITED FC,Normal Goal,1506911.0
15/03/2026,K League 1,2026/2027,JEJU UNITED FC,FC SEOUL,90,2P,Seung-mo Lee,Min-kyu Song,,FC SEOUL,Normal Goal,1506911.0
15/03/2026,K League 1,2026/2027,GANGWON FC,FC ANYANG,6,1P,Park Sang-Hyeok,Mo Jae-Hyeon,,GANGWON FC,Normal Goal,1506912.0
15/03/2026,K League 1,2026/2027,GANGWON FC,FC ANYANG,18,1P,Choi Geon-Joo,,,FC ANYANG,Normal Goal,1506912.0
15/03/2026,K League 1,2026/2027,POHANG STEELERS,INCHEON UNITED,43,1P,Stefan Mugoša,,,INCHEON UNITED,Normal Goal,1506913.0
15/03/2026,K League 1,2026/2027,POHANG STEELERS,INCHEON UNITED,46,2P,Lee Ho-jae,Jorge Teixeira,,POHANG STEELERS,Normal Goal,1506913.0
22/03/2026,K League 1,2026/2027,FC SEOUL,GWANGJU FC,9,1P,Son Jeong-beom,Hrvoje Babec,,FC SEOUL,Normal Goal,1506921.0
22/03/2026,K League 1,2026/2027,FC SEOUL,GWANGJU FC,47,2P,Patryk Klimala,Seung-Won Jeong,,FC SEOUL,Normal Goal,1506921.0
22/03/2026,K League 1,2026/2027,FC SEOUL,GWANGJU FC,59,2P,Juan Antonio Ros,Jin-su Kim,,FC SEOUL,Normal Goal,1506921.0
22/03/2026,K League 1,2026/2027,FC SEOUL,GWANGJU FC,73,2P,Patryk Klimala,Seon-min Moon,,FC SEOUL,Normal Goal,1506921.0
22/03/2026,K League 1,2026/2027,FC SEOUL,GWANGJU FC,82,2P,Seung-mo Lee,Seon-min Moon,,FC SEOUL,Normal Goal,1506921.0
22/03/2026,K League 1,2026/2027,GANGWON FC,JEJU UNITED FC,15,1P,Jo In-jung,,,JEJU UNITED FC,Normal Goal,1506924.0
22/03/2026,K League 1,2026/2027,GANGWON FC,JEJU UNITED FC,58,2P,Mo Jae-hyeon,,,GANGWON FC,Missed Penalty,1506924.0
22/03/2026,K League 1,2026/2027,GANGWON FC,JEJU UNITED FC,90,2P,A. Halaihal,Y. Kang,,GANGWON FC,Normal Goal,1506924.0
22/03/2026,K League 1,2026/2027,FC ANYANG,INCHEON UNITED,67,2P,S. Mugosa,,,INCHEON UNITED,Normal Goal,1506923.0
04/04/2026,K League 1,2026/2027,JEJU UNITED FC,BUCHEON FC 1995,21,1P,J. Celestine,,,JEJU UNITED FC,Normal Goal,1506926.0
04/04/2026,K League 1,2026/2027,JEONBUK MOTORS,ULSAN HYUNDAI FC,9,1P,Wi-je Cho,,,JEONBUK MOTORS,Normal Goal,1506927.0
04/04/2026,K League 1,2026/2027,JEONBUK MOTORS,ULSAN HYUNDAI FC,90,2P,Seung-Woo Lee,Yeong-jae Lee,,JEONBUK MOTORS,Normal Goal,1506927.0
04/04/2026,K League 1,2026/2027,GANGWON FC,GWANGJU FC,10,1P,M. Tuci,,,GANGWON FC,Normal Goal,1506928.0
04/04/2026,K League 1,2026/2027,GANGWON FC,GWANGJU FC,13,1P,Mo Jae-Hyeon,,,GANGWON FC,Normal Goal,1506928.0
04/04/2026,K League 1,2026/2027,GANGWON FC,GWANGJU FC,54,2P,Lee You-Hyeon,Choe Byeong-Chan,,GANGWON FC,Normal Goal,1506928.0
04/04/2026,K League 1,2026/2027,POHANG STEELERS,DAEJEON CITIZEN,29,1P,Lee Ho-Jae,,,POHANG STEELERS,Penalty,1506929.0
05/04/2026,K League 1,2026/2027,FC ANYANG,FC SEOUL,45,1P,Patryk Klimala,,,FC SEOUL,Normal Goal,1506930.0
05/04/2026,K League 1,2026/2027,FC ANYANG,FC SEOUL,78,2P,Airton,Matheus Oliveira,,FC ANYANG,Normal Goal,1506930.0
05/04/2026,K League 1,2026/2027,INCHEON UNITED,GIMCHEON SANGMU FC,10,1P,S. Mugosa,Lee Myoung-Joo,,INCHEON UNITED,Normal Goal,1506931.0
05/04/2026,K League 1,2026/2027,INCHEON UNITED,GIMCHEON SANGMU FC,45,1P,S. Mugosa,,,INCHEON UNITED,Penalty,1506931.0
05/04/2026,K League 1,2026/2027,INCHEON UNITED,GIMCHEON SANGMU FC,56,2P,Go Jae-Hyeon,,,GIMCHEON SANGMU FC,Normal Goal,1506931.0
11/04/2026,K League 1,2026/2027,POHANG STEELERS,JEJU UNITED FC,17,1P,M. Jang,Kim Jun-ha,,JEJU UNITED FC,Normal Goal,1506932.0
11/04/2026,K League 1,2026/2027,POHANG STEELERS,JEJU UNITED FC,27,1P,Shin Sang-Eun,J. Celestine,,JEJU UNITED FC,Normal Goal,1506932.0
11/04/2026,K League 1,2026/2027,FC SEOUL,JEONBUK MOTORS,90,2P,Patryk Klimala,Yazan Alarab,,FC SEOUL,Normal Goal,1506933.0
18/04/2026,K League 1,2026/2027,GANGWON FC,JEONBUK MOTORS,33,1P,Tiago Orobó,,,JEONBUK MOTORS,Normal Goal,1506938.0
18/04/2026,K League 1,2026/2027,GANGWON FC,JEONBUK MOTORS,56,2P,Mo Jae-hyeon,Dae-won Kim,,GANGWON FC,Normal Goal,1506938.0
18/04/2026,K League 1,2026/2027,BUCHEON FC 1995,INCHEON UNITED,12,1P,Morgan Ferrier,Kim Myung-Sun,,INCHEON UNITED,Normal Goal,1506940.0
18/04/2026,K League 1,2026/2027,BUCHEON FC 1995,INCHEON UNITED,22,1P,Gerso Fernandes,,,INCHEON UNITED,Normal Goal,1506940.0
18/04/2026,K League 1,2026/2027,BUCHEON FC 1995,INCHEON UNITED,64,2P,Jae-won Shin,Jhon Montaño,,BUCHEON FC 1995,Normal Goal,1506940.0
18/04/2026,K League 1,2026/2027,BUCHEON FC 1995,INCHEON UNITED,80,2P,Vitor Gabriel,Galego,,BUCHEON FC 1995,Normal Goal,1506940.0
18/04/2026,K League 1,2026/2027,JEJU UNITED FC,GIMCHEON SANGMU FC,28,1P,T. Park,,,GIMCHEON SANGMU FC,Normal Goal,1506941.0
18/04/2026,K League 1,2026/2027,JEJU UNITED FC,GIMCHEON SANGMU FC,48,2P,Oh Jae-Hyeok,,,JEJU UNITED FC,Normal Goal,1506941.0
25/04/2026,K League 1,2026/2027,GANGWON FC,FC SEOUL,90,2P,A. Hleihel,,,GANGWON FC,Normal Goal,1506950.0
25/04/2026,K League 1,2026/2027,BUCHEON FC 1995,GIMCHEON SANGMU FC,30,1P,Joo-chan Kim,,,GIMCHEON SANGMU FC,Normal Goal,1506951.0
25/04/2026,K League 1,2026/2027,BUCHEON FC 1995,GIMCHEON SANGMU FC,83,2P,Byeon Jun-soo,Jae-hyeon Go,,GIMCHEON SANGMU FC,Normal Goal,1506951.0
25/04/2026,K League 1,2026/2027,INCHEON UNITED,JEJU UNITED FC,70,2P,Morgan Ferrier,Dong-ryul Lee,,INCHEON UNITED,Normal Goal,1506952.0
26/04/2026,K League 1,2026/2027,JEONBUK MOTORS,POHANG STEELERS,26,1P,Yeong-bin Kim,Jin-gyu Kim,,JEONBUK MOTORS,Normal Goal,1506953.0
26/04/2026,K League 1,2026/2027,JEONBUK MOTORS,POHANG STEELERS,40,1P,Lee Ho-jae,,,POHANG STEELERS,Penalty,1506953.0
26/04/2026,K League 1,2026/2027,JEONBUK MOTORS,POHANG STEELERS,44,1P,Kim Ha-Jun,Seung-Woo Lee,,JEONBUK MOTORS,Normal Goal,1506953.0
26/04/2026,K League 1,2026/2027,JEONBUK MOTORS,POHANG STEELERS,66,2P,Lee Ho-jae,,,POHANG STEELERS,Penalty,1506953.0
26/04/2026,K League 1,2026/2027,JEONBUK MOTORS,POHANG STEELERS,90,2P,Kang Sang-Yun,,,JEONBUK MOTORS,Normal Goal,1506953.0
26/04/2026,K League 1,2026/2027,GWANGJU FC,FC ANYANG,20,1P,Breno Herculano,Park Jeong-hun,,FC ANYANG,Normal Goal,1506954.0
26/04/2026,K League 1,2026/2027,GWANGJU FC,FC ANYANG,41,1P,Kim Jung-Hyun,Kang Ji-hun,,FC ANYANG,Normal Goal,1506954.0
26/04/2026,K League 1,2026/2027,GWANGJU FC,FC ANYANG,45,1P,T. Oude Kotte,Breno Herculano,,FC ANYANG,Normal Goal,1506954.0
26/04/2026,K League 1,2026/2027,GWANGJU FC,FC ANYANG,54,2P,Moon Min-seo,H. Fridjonsson,,GWANGJU FC,Normal Goal,1506954.0
26/04/2026,K League 1,2026/2027,GWANGJU FC,FC ANYANG,58,2P,Moon Min-seo,H. Fridjonsson,,GWANGJU FC,Normal Goal,1506954.0
26/04/2026,K League 1,2026/2027,GWANGJU FC,FC ANYANG,85,2P,Kim Un,,,FC ANYANG,Normal Goal,1506954.0
26/04/2026,K League 1,2026/2027,GWANGJU FC,FC ANYANG,90,2P,Airton Moises,Kim Un,,FC ANYANG,Normal Goal,1506954.0
26/04/2026,K League 1,2026/2027,ULSAN HYUNDAI FC,DAEJEON CITIZEN,16,1P,Gustav Ludwigson,Masatoshi Ishida,,DAEJEON CITIZEN,Normal Goal,1506955.0
26/04/2026,K League 1,2026/2027,ULSAN HYUNDAI FC,DAEJEON CITIZEN,42,1P,Jae-hee Jeong,Diogo Oliveira,,DAEJEON CITIZEN,Normal Goal,1506955.0
26/04/2026,K League 1,2026/2027,ULSAN HYUNDAI FC,DAEJEON CITIZEN,45,1P,Diogo Oliveira,,,DAEJEON CITIZEN,Normal Goal,1506955.0
26/04/2026,K League 1,2026/2027,ULSAN HYUNDAI FC,DAEJEON CITIZEN,52,2P,Masatoshi Ishida,Kim Bong-Soo,,DAEJEON CITIZEN,Normal Goal,1506955.0
26/04/2026,K League 1,2026/2027,ULSAN HYUNDAI FC,DAEJEON CITIZEN,89,2P,Dong-gyeong Lee,Kyu-seong Lee,,ULSAN HYUNDAI FC,Normal Goal,1506955.0
09/05/2026,K League 1,2026/2027,JEJU UNITED FC,FC SEOUL,18,1P,Park Chang-Jun,Emerson Negueba,,JEJU UNITED FC,Normal Goal,1506968.0
09/05/2026,K League 1,2026/2027,JEJU UNITED FC,FC SEOUL,53,2P,Kim Jun-ha,,,JEJU UNITED FC,Normal Goal,1506968.0
09/05/2026,K League 1,2026/2027,JEJU UNITED FC,FC SEOUL,57,2P,L. Ruiz,Lee Seung-Mo,,FC SEOUL,Normal Goal,1506968.0
10/05/2026,K League 1,2026/2027,ULSAN HYUNDAI FC,BUCHEON FC 1995,24,1P,Lee Dong-Gyeong,Marcao,,ULSAN HYUNDAI FC,Normal Goal,1506972.0
10/05/2026,K League 1,2026/2027,FC ANYANG,JEONBUK MOTORS,54,2P,Airton,,,FC ANYANG,Normal Goal,1506973.0
10/05/2026,K League 1,2026/2027,FC ANYANG,JEONBUK MOTORS,76,2P,Seung-Woo Lee,Tae-hyeon Kim,,JEONBUK MOTORS,Normal Goal,1506973.0
16/05/2026,K League 1,2026/2027,DAEJEON CITIZEN,FC SEOUL,70,2P,Jae-hee Jeong,Jin-su Seo,,DAEJEON CITIZEN,Normal Goal,1506980.0
16/05/2026,K League 1,2026/2027,DAEJEON CITIZEN,FC SEOUL,88,2P,Lee Seung-mo,Seung-Won Jeong,,FC SEOUL,Normal Goal,1506980.0
16/05/2026,K League 1,2026/2027,INCHEON UNITED,GWANGJU FC,19,1P,Ibiza,Lee Ju-Yong,,INCHEON UNITED,Normal Goal,1506981.0
16/05/2026,K League 1,2026/2027,INCHEON UNITED,GWANGJU FC,26,1P,M. Ferrier,Lee Chung-Yong,,INCHEON UNITED,Normal Goal,1506981.0
16/05/2026,K League 1,2026/2027,INCHEON UNITED,GWANGJU FC,55,2P,Gerso,Lee Dong-Ryul,,INCHEON UNITED,Normal Goal,1506981.0
16/05/2026,K League 1,2026/2027,INCHEON UNITED,GWANGJU FC,65,2P,Lee Chung-Yong,,,INCHEON UNITED,Penalty,1506981.0
17/05/2026,K League 1,2026/2027,JEONBUK MOTORS,GIMCHEON SANGMU FC,90,2P,Tiago Orobó,Yeong-bin Kim,,JEONBUK MOTORS,Normal Goal,1506983.0
17/05/2026,K League 1,2026/2027,GANGWON FC,ULSAN HYUNDAI FC,21,1P,Choe Byeong-Chan,Kang Joon-Hyuck,,GANGWON FC,Normal Goal,1506985.0
17/05/2026,K League 1,2026/2027,GANGWON FC,ULSAN HYUNDAI FC,45,1P,M. Tuci,Kim Dae-Won,,GANGWON FC,Normal Goal,1506985.0
11/07/2026,K League 1,2026/2027,GWANGJU FC,POHANG STEELERS,21,1P,Kento Nishiya,Jakob Tranziska,,POHANG STEELERS,Normal Goal,1506993.0
11/07/2026,K League 1,2026/2027,GWANGJU FC,POHANG STEELERS,50,2P,Jakob Tranziska,Jeong-won Eo,,POHANG STEELERS,Normal Goal,1506993.0
11/07/2026,K League 1,2026/2027,GWANGJU FC,POHANG STEELERS,72,2P,Han-min Jung,Wanderson,,POHANG STEELERS,Normal Goal,1506993.0
11/07/2026,K League 1,2026/2027,ULSAN HYUNDAI FC,JEONBUK MOTORS,30,1P,Kim Jin-Gyu,Lee Dong-Jun,,JEONBUK MOTORS,Normal Goal,1506994.0
11/07/2026,K League 1,2026/2027,ULSAN HYUNDAI FC,JEONBUK MOTORS,60,2P,Lee Seung-Woo,Kim Tae-Hyeon,,JEONBUK MOTORS,Normal Goal,1506994.0
11/07/2026,K League 1,2026/2027,ULSAN HYUNDAI FC,JEONBUK MOTORS,78,2P,Kim Ye-geon,,,JEONBUK MOTORS,Normal Goal,1506994.0
11/07/2026,K League 1,2026/2027,ULSAN HYUNDAI FC,JEONBUK MOTORS,89,2P,Yago Cariello,Cho Hyun-Taek,,ULSAN HYUNDAI FC,Normal Goal,1506994.0
11/07/2026,K League 1,2026/2027,GIMCHEON SANGMU FC,BUCHEON FC 1995,29,1P,Jae-hyeon Go,Jeong Jae-Min,,GIMCHEON SANGMU FC,Normal Goal,1506992.0
11/07/2026,K League 1,2026/2027,GIMCHEON SANGMU FC,BUCHEON FC 1995,32,1P,Dong-kyu Baek,Patrick William,,BUCHEON FC 1995,Normal Goal,1506992.0
12/07/2026,K League 1,2026/2027,INCHEON UNITED,FC ANYANG,4,1P,Kwon Kyung-Won,Matheus Oliveira,,FC ANYANG,Normal Goal,1506995.0
21/07/2026,K League 1,2026/2027,JEONBUK MOTORS,DAEJEON CITIZEN,45,1P,Seung-Woo Lee,,,JEONBUK MOTORS,Missed Penalty,1507005.0
21/07/2026,K League 1,2026/2027,ULSAN HYUNDAI FC,INCHEON UNITED,40,1P,Morgan Ferrier,Seong-min Kim,,INCHEON UNITED,Normal Goal,1507006.0
21/07/2026,K League 1,2026/2027,ULSAN HYUNDAI FC,INCHEON UNITED,42,1P,Dong-gyeong Lee,Erick Farias,,ULSAN HYUNDAI FC,Normal Goal,1507006.0
21/07/2026,K League 1,2026/2027,ULSAN HYUNDAI FC,INCHEON UNITED,90,2P,Stefan Mugoša,,,INCHEON UNITED,Penalty,1507006.0
25/07/2026,K League 1,2026/2027,GIMCHEON SANGMU FC,DAEJEON CITIZEN,13,1P,Cho Sung-Gwon,Jeong Jae-Hee,,DAEJEON CITIZEN,Normal Goal,1507010.0
25/07/2026,K League 1,2026/2027,GIMCHEON SANGMU FC,DAEJEON CITIZEN,34,1P,G. Lee,,,GIMCHEON SANGMU FC,Normal Goal,1507010.0
25/07/2026,K League 1,2026/2027,GIMCHEON SANGMU FC,DAEJEON CITIZEN,42,1P,Hong Yun-Sang,Park Se-Jin,,GIMCHEON SANGMU FC,Normal Goal,1507010.0
25/07/2026,K League 1,2026/2027,GIMCHEON SANGMU FC,DAEJEON CITIZEN,87,2P,M. Ishida,Kim Moon-Hwan,,DAEJEON CITIZEN,Normal Goal,1507010.0
25/07/2026,K League 1,2026/2027,GIMCHEON SANGMU FC,DAEJEON CITIZEN,90,2P,Kim Yi-Seok,Go Jae-Hyeon,,GIMCHEON SANGMU FC,Normal Goal,1507010.0
01/08/2026,K League 1,2026/2027,GANGWON FC,BUCHEON FC 1995,19,1P,Galego,,,BUCHEON FC 1995,Normal Goal,1507016.0
01/08/2026,K League 1,2026/2027,GANGWON FC,BUCHEON FC 1995,60,2P,Sung Ye-geon,Seung-bin Kim,,BUCHEON FC 1995,Normal Goal,1507016.0
01/08/2026,K League 1,2026/2027,GANGWON FC,BUCHEON FC 1995,69,2P,Vitor Gabriel,Rodrigo Bassani,,BUCHEON FC 1995,Normal Goal,1507016.0
08/08/2026,Ligue 2,2026/2027,MONTPELLIER,DIJON,90,2P,Y. Mouanga,T. Sainte-Luce,,MONTPELLIER,Normal Goal,1552427.0
08/08/2026,Ligue 2,2026/2027,MONTPELLIER,DIJON,90,2P,A. Lembezat,,,DIJON,Normal Goal,1552427.0
08/08/2026,Ligue 2,2026/2027,METZ,GUINGAMP,30,1P,Pape Moussa Fall,,,METZ,Missed Penalty,1552426.0
08/08/2026,Ligue 2,2026/2027,SOCHAUX,SAINT ETIENNE,22,1P,J. Breum,A. Boakye,,SAINT ETIENNE,Normal Goal,1552431.0
08/08/2026,Ligue 2,2026/2027,SOCHAUX,SAINT ETIENNE,24,1P,I. Cardona,J. Breum,,SAINT ETIENNE,Normal Goal,1552431.0
08/08/2026,Ligue 2,2026/2027,SOCHAUX,SAINT ETIENNE,28,1P,I. Cardona,T. Ballo,,SAINT ETIENNE,Normal Goal,1552431.0
08/08/2026,Ligue 2,2026/2027,PAU,ANNECY,11,1P,A. Drouhin,C. Billemaz,,ANNECY,Normal Goal,1552429.0
08/08/2026,Ligue 2,2026/2027,RODEZ,LAVAL,52,2P,C. Issanchou Roubiou,,,RODEZ,Normal Goal,1552430.0
08/08/2026,Ligue 2,2026/2027,DUNKERQUE,GRENOBLE,45,1P,Y. Diaby,,,GRENOBLE,Normal Goal,1552425.0
25/07/2026,NB I.,2026/2027,KISVARDA FC,BUDAPEST HONVED,53,2P,C. Herc,M. Matanovic,,KISVARDA FC,Normal Goal,1560202.0
25/07/2026,NB I.,2026/2027,KISVARDA FC,BUDAPEST HONVED,88,2P,A. Baki,,,BUDAPEST HONVED,Normal Goal,1560202.0
26/07/2026,NB I.,2026/2027,VASAS,GYORI ETO FC,57,2P,Z. Gavric,,,GYORI ETO FC,Penalty,1560206.0
26/07/2026,NB I.,2026/2027,VASAS,GYORI ETO FC,71,2P,J. Urblik,,,VASAS,Normal Goal,1560206.0
26/07/2026,NB I.,2026/2027,VASAS,GYORI ETO FC,80,2P,M. Huszar,D. Stefulj,,GYORI ETO FC,Normal Goal,1560206.0
26/07/2026,NB I.,2026/2027,VASAS,GYORI ETO FC,89,2P,D. Csoka,J. Urblik,,VASAS,Normal Goal,1560206.0
26/07/2026,NB I.,2026/2027,DEBRECENI VSC,PUSKAS ACADEMY,12,1P,A. Nemeth,D. Lukacs,,PUSKAS ACADEMY,Normal Goal,1560201.0
26/07/2026,NB I.,2026/2027,DEBRECENI VSC,PUSKAS ACADEMY,29,1P,A. Nemeth,D. Lukacs,,PUSKAS ACADEMY,Normal Goal,1560201.0
26/07/2026,NB I.,2026/2027,PAKS,FERENCVAROSI TC,18,1P,Dele,O. Nagy,,FERENCVAROSI TC,Normal Goal,1560205.0
26/07/2026,NB I.,2026/2027,PAKS,FERENCVAROSI TC,23,1P,M. Peto,J. Szalai,,PAKS,Normal Goal,1560205.0
26/07/2026,NB I.,2026/2027,PAKS,FERENCVAROSI TC,32,1P,E. Botka,Z. Gruber,,FERENCVAROSI TC,Normal Goal,1560205.0
26/07/2026,NB I.,2026/2027,PAKS,FERENCVAROSI TC,41,1P,J. Szalai,Z. Haraszti,,PAKS,Normal Goal,1560205.0
26/07/2026,NB I.,2026/2027,PAKS,FERENCVAROSI TC,55,2P,J. Szalai,,,PAKS,Normal Goal,1560205.0
26/07/2026,NB I.,2026/2027,PAKS,FERENCVAROSI TC,59,2P,M. Peto,B. Vecsei,,PAKS,Normal Goal,1560205.0
27/07/2026,NB I.,2026/2027,MTK BUDAPEST,ZALAEGERSZEGI TE,12,1P,Z. Kerezsi,K. Hinora,,MTK BUDAPEST,Normal Goal,1560203.0
27/07/2026,NB I.,2026/2027,MTK BUDAPEST,ZALAEGERSZEGI TE,66,2P,Z. Kerezsi,G. Jurek,,MTK BUDAPEST,Normal Goal,1560203.0
27/07/2026,NB I.,2026/2027,MTK BUDAPEST,ZALAEGERSZEGI TE,71,2P,M. Klausz,G. Komaromi,,MTK BUDAPEST,Normal Goal,1560203.0
31/07/2026,NB I.,2026/2027,PUSKAS ACADEMY,KISVARDA FC,33,1P,A. Esik,D. Soltesz,,KISVARDA FC,Normal Goal,1560210.0
31/07/2026,NB I.,2026/2027,PUSKAS ACADEMY,KISVARDA FC,61,2P,C. Herc,,,KISVARDA FC,Penalty,1560210.0
01/08/2026,NB I.,2026/2027,BUDAPEST HONVED,MTK BUDAPEST,15,1P,A. Szamosi,A. Zuigeber,,BUDAPEST HONVED,Normal Goal,1560209.0
01/08/2026,NB I.,2026/2027,BUDAPEST HONVED,MTK BUDAPEST,44,1P,A. Somogyi,T. Somogyi,,BUDAPEST HONVED,Normal Goal,1560209.0
01/08/2026,NB I.,2026/2027,BUDAPEST HONVED,MTK BUDAPEST,45,1P,G. Jurek,Z. Kerezsi,,MTK BUDAPEST,Normal Goal,1560209.0
01/08/2026,NB I.,2026/2027,BUDAPEST HONVED,MTK BUDAPEST,53,2P,Z. Kerezsi,I. Bognar,,MTK BUDAPEST,Normal Goal,1560209.0
01/08/2026,NB I.,2026/2027,BUDAPEST HONVED,MTK BUDAPEST,87,2P,D. Csontos,,,BUDAPEST HONVED,Penalty,1560209.0
01/08/2026,NB I.,2026/2027,BUDAPEST HONVED,MTK BUDAPEST,90,2P,I. Bognar,,,MTK BUDAPEST,Normal Goal,1560209.0
02/08/2026,NB I.,2026/2027,UJPEST,DEBRECENI VSC,11,1P,A. Szendrei,,,DEBRECENI VSC,Normal Goal,1560211.0
02/08/2026,NB I.,2026/2027,UJPEST,DEBRECENI VSC,24,1P,E. Amenyido,G. Vlijter,,UJPEST,Normal Goal,1560211.0
02/08/2026,NB I.,2026/2027,UJPEST,DEBRECENI VSC,45,1P,K. Horvath,E. Amenyido,,UJPEST,Normal Goal,1560211.0
02/08/2026,NB I.,2026/2027,UJPEST,DEBRECENI VSC,61,2P,K. Horvath,E. Amenyido,,UJPEST,Normal Goal,1560211.0
02/08/2026,NB I.,2026/2027,UJPEST,DEBRECENI VSC,89,2P,B. Dzsudzsak,,,DEBRECENI VSC,Normal Goal,1560211.0
02/08/2026,NB I.,2026/2027,UJPEST,DEBRECENI VSC,90,2P,A. Matko,M. Tijani,,UJPEST,Normal Goal,1560211.0
03/08/2026,NB I.,2026/2027,ZALAEGERSZEGI TE,PAKS,2,1P,J. Calderon,B. Gundel-Takacs,,ZALAEGERSZEGI TE,Normal Goal,1560212.0
03/08/2026,NB I.,2026/2027,ZALAEGERSZEGI TE,PAKS,11,1P,J. Szalai,,,PAKS,Penalty,1560212.0
03/08/2026,NB I.,2026/2027,ZALAEGERSZEGI TE,PAKS,21,1P,J. Calderon,A. Skribek,,ZALAEGERSZEGI TE,Normal Goal,1560212.0
03/08/2026,NB I.,2026/2027,ZALAEGERSZEGI TE,PAKS,40,1P,A. Lapu,,,PAKS,Normal Goal,1560212.0
03/08/2026,NB I.,2026/2027,ZALAEGERSZEGI TE,PAKS,45,1P,Z. Garai,A. Skribek,,ZALAEGERSZEGI TE,Normal Goal,1560212.0
03/08/2026,NB I.,2026/2027,ZALAEGERSZEGI TE,PAKS,73,2P,Arthur Henrique,A. Skribek,,ZALAEGERSZEGI TE,Normal Goal,1560212.0
03/08/2026,NB I.,2026/2027,ZALAEGERSZEGI TE,PAKS,90,2P,B. Babos,A. Csonka,,ZALAEGERSZEGI TE,Normal Goal,1560212.0
07/08/2026,NB I.,2026/2027,MTK BUDAPEST,PUSKAS ACADEMY,18,1P,M. Kern,P. Dardai,,PUSKAS ACADEMY,Normal Goal,1560216.0
07/08/2026,NB I.,2026/2027,MTK BUDAPEST,PUSKAS ACADEMY,23,1P,G. Harutyunyan,,,PUSKAS ACADEMY,Normal Goal,1560216.0
07/08/2026,NB I.,2026/2027,MTK BUDAPEST,PUSKAS ACADEMY,52,2P,G. Jurek,Z. Kerezsi,,MTK BUDAPEST,Normal Goal,1560216.0
07/08/2026,NB I.,2026/2027,MTK BUDAPEST,PUSKAS ACADEMY,78,2P,Z. Kerezsi,I. Bognar,,MTK BUDAPEST,Normal Goal,1560216.0
07/08/2026,NB I.,2026/2027,MTK BUDAPEST,PUSKAS ACADEMY,90,2P,L. Colley,U. Nissila,,PUSKAS ACADEMY,Normal Goal,1560216.0
08/08/2026,NB I.,2026/2027,KISVARDA FC,UJPEST,5,1P,G. Vlijter,Heitor,,UJPEST,Normal Goal,1560215.0
08/08/2026,NB I.,2026/2027,KISVARDA FC,UJPEST,15,1P,C. Herc,J. Mesanovic,,KISVARDA FC,Normal Goal,1560215.0
08/08/2026,NB I.,2026/2027,KISVARDA FC,UJPEST,32,1P,Heitor,K. Horvath,,UJPEST,Normal Goal,1560215.0
08/08/2026,NB I.,2026/2027,KISVARDA FC,UJPEST,78,2P,E. Amenyido,,,UJPEST,Normal Goal,1560215.0
08/08/2026,NB I.,2026/2027,KISVARDA FC,UJPEST,85,2P,M. Matanovic,,,KISVARDA FC,Normal Goal,1560215.0
08/08/2026,NB I.,2026/2027,KISVARDA FC,UJPEST,90,2P,A. Matko,E. Amenyido,,UJPEST,Normal Goal,1560215.0
09/08/2026,NB I.,2026/2027,PAKS,BUDAPEST HONVED,59,2P,M. Peto,,,PAKS,Normal Goal,1560217.0
09/08/2026,NB I.,2026/2027,PAKS,BUDAPEST HONVED,68,2P,T. Somogyi,K. Kantor,,BUDAPEST HONVED,Normal Goal,1560217.0
09/08/2026,NB I.,2026/2027,PAKS,BUDAPEST HONVED,79,2P,J. Szalai,A. Lapu,,PAKS,Normal Goal,1560217.0
09/08/2026,NB I.,2026/2027,PAKS,BUDAPEST HONVED,90,2P,D. Csontos,,,BUDAPEST HONVED,Penalty,1560217.0
06/02/2026,J1 League,2026/2027,V-VAREN NAGASAKI,SANFRECCE HIROSHIMA,35,1P,S. Nakano,T. Shiotani,,SANFRECCE HIROSHIMA,Normal Goal,1501295.0
06/02/2026,J1 League,2026/2027,V-VAREN NAGASAKI,SANFRECCE HIROSHIMA,50,2P,A. Suzuki,,,SANFRECCE HIROSHIMA,Normal Goal,1501295.0
06/02/2026,J1 League,2026/2027,V-VAREN NAGASAKI,SANFRECCE HIROSHIMA,54,2P,H. Kawabe,S. Higashi,,SANFRECCE HIROSHIMA,Normal Goal,1501295.0
06/02/2026,J1 League,2026/2027,V-VAREN NAGASAKI,SANFRECCE HIROSHIMA,81,2P,Matheus Jesus,N. Campbell,,V-VAREN NAGASAKI,Normal Goal,1501295.0
06/02/2026,J1 League,2026/2027,YOKOHAMA F. MARINOS,MACHIDA ZELVIA,8,1P,Erik,N. Lavi,,MACHIDA ZELVIA,Normal Goal,1501296.0
06/02/2026,J1 League,2026/2027,YOKOHAMA F. MARINOS,MACHIDA ZELVIA,16,1P,D. Tono,,,YOKOHAMA F. MARINOS,Penalty,1501296.0
06/02/2026,J1 League,2026/2027,YOKOHAMA F. MARINOS,MACHIDA ZELVIA,17,1P,Erik,,,MACHIDA ZELVIA,Normal Goal,1501296.0
06/02/2026,J1 League,2026/2027,YOKOHAMA F. MARINOS,MACHIDA ZELVIA,45,1P,Y. Soma,,,MACHIDA ZELVIA,Normal Goal,1501296.0
06/02/2026,J1 League,2026/2027,YOKOHAMA F. MARINOS,MACHIDA ZELVIA,67,2P,J. Croux,D. David,,YOKOHAMA F. MARINOS,Normal Goal,1501296.0
07/02/2026,J1 League,2026/2027,JEF UNITED CHIBA,URAWA,5,1P,Y. Matsuo,,,URAWA,Penalty,1501297.0
07/02/2026,J1 League,2026/2027,JEF UNITED CHIBA,URAWA,12,1P,R. Hidano,,,URAWA,Normal Goal,1501297.0
07/02/2026,J1 League,2026/2027,FC TOKYO,KASHIMA,44,1P,K. Endo,,,FC TOKYO,Normal Goal,1501298.0
08/02/2026,J1 League,2026/2027,AVISPA FUKUOKA,FAGIANO OKAYAMA,78,2P,K. Maeda,,,AVISPA FUKUOKA,Normal Goal,1501300.0
08/02/2026,J1 League,2026/2027,KAWASAKI FRONTALE,KASHIWA REYSOL,6,1P,Erison,,,KAWASAKI FRONTALE,Penalty,1501302.0
08/02/2026,J1 League,2026/2027,KAWASAKI FRONTALE,KASHIWA REYSOL,11,1P,Erison,T. Ito,,KAWASAKI FRONTALE,Normal Goal,1501302.0
08/02/2026,J1 League,2026/2027,KAWASAKI FRONTALE,KASHIWA REYSOL,25,1P,Erison,Y. Wakizaka,,KAWASAKI FRONTALE,Normal Goal,1501302.0
08/02/2026,J1 League,2026/2027,KAWASAKI FRONTALE,KASHIWA REYSOL,38,1P,M. Hosoya,W. Harada,,KASHIWA REYSOL,Normal Goal,1501302.0
08/02/2026,J1 League,2026/2027,KAWASAKI FRONTALE,KASHIWA REYSOL,60,2P,Y. Segawa,Y. Konishi,,KASHIWA REYSOL,Normal Goal,1501302.0
08/02/2026,J1 League,2026/2027,KAWASAKI FRONTALE,KASHIWA REYSOL,68,2P,Y. Matsunagane,Y. Yamamoto,,KAWASAKI FRONTALE,Normal Goal,1501302.0
08/02/2026,J1 League,2026/2027,KAWASAKI FRONTALE,KASHIWA REYSOL,81,2P,H. Yamauchi,,,KASHIWA REYSOL,Normal Goal,1501302.0
08/02/2026,J1 League,2026/2027,KAWASAKI FRONTALE,KASHIWA REYSOL,90,2P,Y. Wakizaka,K. Tachibanada,,KAWASAKI FRONTALE,Normal Goal,1501302.0
08/02/2026,J1 League,2026/2027,TOKYO VERDY,MITO HOLLYHOCK,8,1P,H. Yamamoto,,,TOKYO VERDY,Own Goal,1501303.0
08/02/2026,J1 League,2026/2027,TOKYO VERDY,MITO HOLLYHOCK,21,1P,K. Saito,K. Morita,,TOKYO VERDY,Normal Goal,1501303.0
08/02/2026,J1 League,2026/2027,TOKYO VERDY,MITO HOLLYHOCK,49,2P,Y. Matsuhashi,K. Morita,,TOKYO VERDY,Normal Goal,1501303.0
08/02/2026,J1 League,2026/2027,TOKYO VERDY,MITO HOLLYHOCK,59,2P,C. Kato,K. Tada,,MITO HOLLYHOCK,Normal Goal,1501303.0
13/02/2026,J1 League,2026/2027,VISSEL KOBE,V-VAREN NAGASAKI,25,1P,G. Sakai,,,VISSEL KOBE,Normal Goal,1501304.0
14/02/2026,J1 League,2026/2027,SANFRECCE HIROSHIMA,FAGIANO OKAYAMA,10,1P,A. Esaka,,,FAGIANO OKAYAMA,Normal Goal,1501306.0
14/02/2026,J1 League,2026/2027,SANFRECCE HIROSHIMA,FAGIANO OKAYAMA,45,1P,R. Germain,A. Suzuki,,SANFRECCE HIROSHIMA,Normal Goal,1501306.0
14/02/2026,J1 League,2026/2027,SHIMIZU S-PULSE,KYOTO SANGA,46,2P,H. Appiah Tawiah,,,SHIMIZU S-PULSE,Own Goal,1501307.0
14/02/2026,J1 League,2026/2027,SHIMIZU S-PULSE,KYOTO SANGA,90,2P,Rafael Elias,F. Honda,,KYOTO SANGA,Normal Goal,1501307.0
14/02/2026,J1 League,2026/2027,MACHIDA ZELVIA,MITO HOLLYHOCK,39,1P,Erik,Y. Soma,,MACHIDA ZELVIA,Normal Goal,1501305.0
14/02/2026,J1 League,2026/2027,MACHIDA ZELVIA,MITO HOLLYHOCK,42,1P,T. Semba,T. Iida,,MITO HOLLYHOCK,Normal Goal,1501305.0
14/02/2026,J1 League,2026/2027,MACHIDA ZELVIA,MITO HOLLYHOCK,43,1P,Y. Torikai,C. Kato,,MITO HOLLYHOCK,Normal Goal,1501305.0
14/02/2026,J1 League,2026/2027,MACHIDA ZELVIA,MITO HOLLYHOCK,45,1P,G. Shoji,Na Sang-Ho,,MACHIDA ZELVIA,Normal Goal,1501305.0
14/02/2026,J1 League,2026/2027,FC TOKYO,URAWA,78,2P,R. Watanabe,,,URAWA,Normal Goal,1501308.0
15/02/2026,J1 League,2026/2027,KASHIWA REYSOL,TOKYO VERDY,33,1P,Y. Koizumi,,,KASHIWA REYSOL,Normal Goal,1501311.0
21/02/2026,J1 League,2026/2027,YOKOHAMA F. MARINOS,URAWA,55,2P,T. Sekine,,,URAWA,Normal Goal,1504670.0
21/02/2026,J1 League,2026/2027,TOKYO VERDY,MACHIDA ZELVIA,69,2P,Y. Soma,,,MACHIDA ZELVIA,Normal Goal,1504669.0
21/02/2026,J1 League,2026/2027,TOKYO VERDY,MACHIDA ZELVIA,80,2P,Y. Nakayama,H. Nakamura,,MACHIDA ZELVIA,Normal Goal,1504669.0
21/02/2026,J1 League,2026/2027,TOKYO VERDY,MACHIDA ZELVIA,89,2P,H. Yamami,R. Hirakawa,,TOKYO VERDY,Normal Goal,1504669.0
21/02/2026,J1 League,2026/2027,TOKYO VERDY,MACHIDA ZELVIA,90,2P,T. Yoshida,Y. Arai,,TOKYO VERDY,Normal Goal,1504669.0
21/02/2026,J1 League,2026/2027,SHIMIZU S-PULSE,VISSEL KOBE,55,2P,Oh Se-Hun,,,SHIMIZU S-PULSE,Penalty,1504671.0
21/02/2026,J1 League,2026/2027,NAGOYA GRAMPUS,V-VAREN NAGASAKI,90,2P,Y. Asano,,,NAGOYA GRAMPUS,Normal Goal,1504673.0
21/02/2026,J1 League,2026/2027,KAWASAKI FRONTALE,FC TOKYO,18,1P,Marcelo Ryan,,,FC TOKYO,Normal Goal,1504672.0
21/02/2026,J1 League,2026/2027,KAWASAKI FRONTALE,FC TOKYO,31,1P,R. Yamahara,Y. Wakizaka,,KAWASAKI FRONTALE,Normal Goal,1504672.0
21/02/2026,J1 League,2026/2027,KAWASAKI FRONTALE,FC TOKYO,37,1P,S. Muroya,K. Sato,,FC TOKYO,Normal Goal,1504672.0
22/02/2026,J1 League,2026/2027,KYOTO SANGA,AVISPA FUKUOKA,32,1P,Rafael Elias,,,KYOTO SANGA,Normal Goal,1504675.0
22/02/2026,J1 League,2026/2027,KYOTO SANGA,AVISPA FUKUOKA,77,2P,Marco Tulio,,,KYOTO SANGA,Normal Goal,1504675.0
22/02/2026,J1 League,2026/2027,MITO HOLLYHOCK,JEF UNITED CHIBA,31,1P,T. Tsukui,,,JEF UNITED CHIBA,Normal Goal,1504676.0
22/02/2026,J1 League,2026/2027,FAGIANO OKAYAMA,GAMBA OSAKA,14,1P,Lucao,,,FAGIANO OKAYAMA,Penalty,1504677.0
22/02/2026,J1 League,2026/2027,FAGIANO OKAYAMA,GAMBA OSAKA,76,2P,H. Minamino,,,GAMBA OSAKA,Normal Goal,1504677.0
22/02/2026,J1 League,2026/2027,CEREZO OSAKA,SANFRECCE HIROSHIMA,55,2P,R. Germain,,,SANFRECCE HIROSHIMA,Normal Goal,1504678.0
22/02/2026,J1 League,2026/2027,CEREZO OSAKA,SANFRECCE HIROSHIMA,90,2P,S. Sakuragawa,,,CEREZO OSAKA,Normal Goal,1504678.0
22/02/2026,J1 League,2026/2027,CEREZO OSAKA,SANFRECCE HIROSHIMA,90,2P,S. Higashi,S. Nakamura,,SANFRECCE HIROSHIMA,Normal Goal,1504678.0
27/02/2026,J1 League,2026/2027,VISSEL KOBE,AVISPA FUKUOKA,90,2P,Y. Hashimoto,,,AVISPA FUKUOKA,Normal Goal,1504681.0
27/02/2026,J1 League,2026/2027,MACHIDA ZELVIA,JEF UNITED CHIBA,5,1P,Y. Soma,,,MACHIDA ZELVIA,Normal Goal,1504679.0
27/02/2026,J1 League,2026/2027,MACHIDA ZELVIA,JEF UNITED CHIBA,59,2P,Erik,,,MACHIDA ZELVIA,Normal Goal,1504679.0
27/02/2026,J1 League,2026/2027,MACHIDA ZELVIA,JEF UNITED CHIBA,64,2P,D. Ishikawa,Z. Issaka,,JEF UNITED CHIBA,Normal Goal,1504679.0
28/02/2026,J1 League,2026/2027,YOKOHAMA F. MARINOS,TOKYO VERDY,90,2P,T. Yoshida,,,TOKYO VERDY,Normal Goal,1504682.0
28/02/2026,J1 League,2026/2027,URAWA,KASHIMA,14,1P,R. Hidano,T. Kaneko,,URAWA,Normal Goal,1504683.0
28/02/2026,J1 League,2026/2027,URAWA,KASHIMA,19,1P,R. Watanabe,K. Nemoto,,URAWA,Normal Goal,1504683.0
28/02/2026,J1 League,2026/2027,URAWA,KASHIMA,45,1P,Leo Ceara,,,KASHIMA,Penalty,1504683.0
28/02/2026,J1 League,2026/2027,URAWA,KASHIMA,55,2P,Y. Suzuki,Y. Higuchi,,KASHIMA,Normal Goal,1504683.0
28/02/2026,J1 League,2026/2027,URAWA,KASHIMA,90,2P,A. Cavric,G. Shibasaki,,KASHIMA,Normal Goal,1504683.0
28/02/2026,J1 League,2026/2027,FC TOKYO,KASHIWA REYSOL,82,2P,Y. Segawa,,,KASHIWA REYSOL,Normal Goal,1504684.0
28/02/2026,J1 League,2026/2027,GAMBA OSAKA,SHIMIZU S-PULSE,27,1P,R. Meshino,,,GAMBA OSAKA,Normal Goal,1504685.0
28/02/2026,J1 League,2026/2027,GAMBA OSAKA,SHIMIZU S-PULSE,41,1P,D. Hummet,S. Abe,,GAMBA OSAKA,Normal Goal,1504685.0
28/02/2026,J1 League,2026/2027,GAMBA OSAKA,SHIMIZU S-PULSE,83,2P,K. Kitagawa,Capixaba,,SHIMIZU S-PULSE,Normal Goal,1504685.0
28/02/2026,J1 League,2026/2027,GAMBA OSAKA,SHIMIZU S-PULSE,86,2P,Capixaba,Z. Uno,,SHIMIZU S-PULSE,Normal Goal,1504685.0
01/03/2026,J1 League,2026/2027,FAGIANO OKAYAMA,NAGOYA GRAMPUS,48,2P,Y. Yamagishi,K. Nakayama,,NAGOYA GRAMPUS,Normal Goal,1504687.0
01/03/2026,J1 League,2026/2027,FAGIANO OKAYAMA,NAGOYA GRAMPUS,79,2P,K. Kawano,Kamiya Yuta,,FAGIANO OKAYAMA,Normal Goal,1504687.0
01/03/2026,J1 League,2026/2027,KAWASAKI FRONTALE,MITO HOLLYHOCK,45,1P,C. Kato,,,MITO HOLLYHOCK,Normal Goal,1504688.0
01/03/2026,J1 League,2026/2027,KAWASAKI FRONTALE,MITO HOLLYHOCK,84,2P,Erison,,,KAWASAKI FRONTALE,Penalty,1504688.0
01/03/2026,J1 League,2026/2027,KAWASAKI FRONTALE,MITO HOLLYHOCK,90,2P,Y. Wakizaka,,,KAWASAKI FRONTALE,Normal Goal,1504688.0
07/03/2026,J1 League,2026/2027,JEF UNITED CHIBA,KASHIWA REYSOL,61,2P,D. Ishikawa,,,JEF UNITED CHIBA,Normal Goal,1504689.0
07/03/2026,J1 League,2026/2027,JEF UNITED CHIBA,KASHIWA REYSOL,88,2P,T. Kubo,,,KASHIWA REYSOL,Normal Goal,1504689.0
07/03/2026,J1 League,2026/2027,FC TOKYO,YOKOHAMA F. MARINOS,1,1P,M. Nagakura,K. Sato,,FC TOKYO,Normal Goal,1504690.0
07/03/2026,J1 League,2026/2027,FC TOKYO,YOKOHAMA F. MARINOS,16,1P,R. Sato,M. Nagakura,,FC TOKYO,Normal Goal,1504690.0
07/03/2026,J1 League,2026/2027,FC TOKYO,YOKOHAMA F. MARINOS,46,2P,Marcelo Ryan,,,FC TOKYO,Normal Goal,1504690.0
07/03/2026,J1 League,2026/2027,KASHIMA,TOKYO VERDY,26,1P,Y. Suzuki,G. Shibasaki,,KASHIMA,Normal Goal,1504695.0
07/03/2026,J1 League,2026/2027,KASHIMA,TOKYO VERDY,45,1P,Y. Suzuki,,,KASHIMA,Penalty,1504695.0
07/03/2026,J1 League,2026/2027,AVISPA FUKUOKA,NAGOYA GRAMPUS,12,1P,Y. Yamagishi,Marcus Vinicius,,NAGOYA GRAMPUS,Normal Goal,1504694.0
07/03/2026,J1 League,2026/2027,AVISPA FUKUOKA,NAGOYA GRAMPUS,25,1P,S. Inagaki,Marcus Vinicius,,NAGOYA GRAMPUS,Normal Goal,1504694.0
07/03/2026,J1 League,2026/2027,AVISPA FUKUOKA,NAGOYA GRAMPUS,39,1P,Y. Kimura,T. Hara,,NAGOYA GRAMPUS,Normal Goal,1504694.0
07/03/2026,J1 League,2026/2027,AVISPA FUKUOKA,NAGOYA GRAMPUS,64,2P,Y. Yamagishi,K. Nakayama,,NAGOYA GRAMPUS,Normal Goal,1504694.0
07/03/2026,J1 League,2026/2027,AVISPA FUKUOKA,NAGOYA GRAMPUS,89,2P,T. Oka,,,AVISPA FUKUOKA,Normal Goal,1504694.0
07/03/2026,J1 League,2026/2027,AVISPA FUKUOKA,NAGOYA GRAMPUS,90,2P,S. Mori,H. Fujii,,NAGOYA GRAMPUS,Normal Goal,1504694.0
08/03/2026,J1 League,2026/2027,GAMBA OSAKA,V-VAREN NAGASAKI,13,1P,D. Hummet,I. Jebali,,GAMBA OSAKA,Normal Goal,1504697.0
08/03/2026,J1 League,2026/2027,GAMBA OSAKA,V-VAREN NAGASAKI,21,1P,Matheus Jesus,,,V-VAREN NAGASAKI,Normal Goal,1504697.0
08/03/2026,J1 League,2026/2027,GAMBA OSAKA,V-VAREN NAGASAKI,27,1P,Matheus Jesus,N. Campbell,,V-VAREN NAGASAKI,Normal Goal,1504697.0
08/03/2026,J1 League,2026/2027,GAMBA OSAKA,V-VAREN NAGASAKI,51,2P,S. Nakatani,T. Suzuki,,GAMBA OSAKA,Normal Goal,1504697.0
08/03/2026,J1 League,2026/2027,GAMBA OSAKA,V-VAREN NAGASAKI,83,2P,H. Onaga,,,GAMBA OSAKA,Own Goal,1504697.0
14/03/2026,J1 League,2026/2027,YOKOHAMA F. MARINOS,JEF UNITED CHIBA,52,2P,D. Tono,,,YOKOHAMA F. MARINOS,Normal Goal,1504699.0
14/03/2026,J1 League,2026/2027,KASHIWA REYSOL,MACHIDA ZELVIA,29,1P,T. Yengi,,,MACHIDA ZELVIA,Normal Goal,1504700.0
14/03/2026,J1 League,2026/2027,NAGOYA GRAMPUS,VISSEL KOBE,12,1P,R. Komatsu,K. Nagato,,VISSEL KOBE,Normal Goal,1504703.0
14/03/2026,J1 League,2026/2027,NAGOYA GRAMPUS,VISSEL KOBE,58,2P,Y. Ideguchi,D. Sasaki,,VISSEL KOBE,Normal Goal,1504703.0
14/03/2026,J1 League,2026/2027,NAGOYA GRAMPUS,VISSEL KOBE,88,2P,K. Nagato,,,VISSEL KOBE,Normal Goal,1504703.0
14/03/2026,J1 League,2026/2027,KYOTO SANGA,CEREZO OSAKA,48,2P,Marco Tulio,,,KYOTO SANGA,Normal Goal,1504701.0
14/03/2026,J1 League,2026/2027,KYOTO SANGA,CEREZO OSAKA,71,2P,R. Sakata,,,CEREZO OSAKA,Normal Goal,1504701.0
14/03/2026,J1 League,2026/2027,KASHIMA,KAWASAKI FRONTALE,79,2P,Leo Ceara,Y. Suzuki,,KASHIMA,Normal Goal,1504705.0
14/03/2026,J1 League,2026/2027,TOKYO VERDY,URAWA,14,1P,I. Someno,K. Morita,,TOKYO VERDY,Normal Goal,1504707.0
15/03/2026,J1 League,2026/2027,V-VAREN NAGASAKI,AVISPA FUKUOKA,76,2P,Thiago,,,V-VAREN NAGASAKI,Penalty,1504708.0
18/03/2026,J1 League,2026/2027,CEREZO OSAKA,FAGIANO OKAYAMA,19,1P,S. Sakuragawa,Y. Yokoyama,,CEREZO OSAKA,Normal Goal,1504709.0
18/03/2026,J1 League,2026/2027,CEREZO OSAKA,FAGIANO OKAYAMA,45,1P,Werik Popo,T. Yamane,,FAGIANO OKAYAMA,Normal Goal,1504709.0
18/03/2026,J1 League,2026/2027,CEREZO OSAKA,FAGIANO OKAYAMA,69,2P,T. Yamane,K. Kudo,,FAGIANO OKAYAMA,Normal Goal,1504709.0
18/03/2026,J1 League,2026/2027,V-VAREN NAGASAKI,KYOTO SANGA,5,1P,Thiago,,,V-VAREN NAGASAKI,Normal Goal,1504716.0
18/03/2026,J1 League,2026/2027,V-VAREN NAGASAKI,KYOTO SANGA,42,1P,M. Okugawa,,,KYOTO SANGA,Normal Goal,1504716.0
18/03/2026,J1 League,2026/2027,V-VAREN NAGASAKI,KYOTO SANGA,75,2P,Henrique Trevisan,S. Yoon,,KYOTO SANGA,Normal Goal,1504716.0
18/03/2026,J1 League,2026/2027,NAGOYA GRAMPUS,SANFRECCE HIROSHIMA,4,1P,Y. Yamagishi,,,NAGOYA GRAMPUS,Normal Goal,1504713.0
18/03/2026,J1 League,2026/2027,NAGOYA GRAMPUS,SANFRECCE HIROSHIMA,50,2P,A. Suzuki,H. Kawabe,,SANFRECCE HIROSHIMA,Normal Goal,1504713.0
18/03/2026,J1 League,2026/2027,NAGOYA GRAMPUS,SANFRECCE HIROSHIMA,69,2P,Y. Kimura,T. Takamine,,NAGOYA GRAMPUS,Normal Goal,1504713.0
18/03/2026,J1 League,2026/2027,VISSEL KOBE,GAMBA OSAKA,6,1P,R. Komatsu,M. Thuler,,VISSEL KOBE,Normal Goal,1504715.0
18/03/2026,J1 League,2026/2027,VISSEL KOBE,GAMBA OSAKA,23,1P,D. Hummet,,,GAMBA OSAKA,Normal Goal,1504715.0
18/03/2026,J1 League,2026/2027,VISSEL KOBE,GAMBA OSAKA,83,2P,R. Yamashita,D. Hummet,,GAMBA OSAKA,Normal Goal,1504715.0
18/03/2026,J1 League,2026/2027,VISSEL KOBE,GAMBA OSAKA,90,2P,Jean Patric,K. Hamasaki,,VISSEL KOBE,Normal Goal,1504715.0
18/03/2026,J1 League,2026/2027,JEF UNITED CHIBA,FC TOKYO,31,1P,A. Scholz,,,FC TOKYO,Penalty,1504711.0
18/03/2026,J1 League,2026/2027,JEF UNITED CHIBA,FC TOKYO,78,2P,T. Yasui,,,JEF UNITED CHIBA,Normal Goal,1504711.0
18/03/2026,J1 League,2026/2027,JEF UNITED CHIBA,FC TOKYO,80,2P,R. Sato,L. Nozawa,,FC TOKYO,Normal Goal,1504711.0
18/03/2026,J1 League,2026/2027,MITO HOLLYHOCK,YOKOHAMA F. MARINOS,62,2P,K. Tada,,,MITO HOLLYHOCK,Normal Goal,1504712.0
18/03/2026,J1 League,2026/2027,TOKYO VERDY,KAWASAKI FRONTALE,9,1P,Y. Wakizaka,Marcinho,,KAWASAKI FRONTALE,Normal Goal,1504714.0
18/03/2026,J1 League,2026/2027,TOKYO VERDY,KAWASAKI FRONTALE,23,1P,Erison,,,KAWASAKI FRONTALE,Normal Goal,1504714.0
18/03/2026,J1 League,2026/2027,URAWA,KASHIWA REYSOL,49,2P,K. Yasui,,,URAWA,Normal Goal,1504718.0
18/03/2026,J1 League,2026/2027,MACHIDA ZELVIA,KASHIMA,5,1P,Y. Suzuki,,,KASHIMA,Normal Goal,1504717.0
18/03/2026,J1 League,2026/2027,MACHIDA ZELVIA,KASHIMA,44,1P,K. Misao,K. Tagawa,,KASHIMA,Normal Goal,1504717.0
18/03/2026,J1 League,2026/2027,MACHIDA ZELVIA,KASHIMA,90,2P,A. Cavric,Leo Ceara,,KASHIMA,Normal Goal,1504717.0
21/03/2026,J1 League,2026/2027,AVISPA FUKUOKA,GAMBA OSAKA,11,1P,D. Hummet,I. Jebali,,GAMBA OSAKA,Normal Goal,1504720.0
21/03/2026,J1 League,2026/2027,AVISPA FUKUOKA,GAMBA OSAKA,22,1P,G. Miura,,,AVISPA FUKUOKA,Own Goal,1504720.0
21/03/2026,J1 League,2026/2027,AVISPA FUKUOKA,GAMBA OSAKA,42,1P,Welton,,,GAMBA OSAKA,Normal Goal,1504720.0
21/03/2026,J1 League,2026/2027,AVISPA FUKUOKA,GAMBA OSAKA,90,2P,Y. Tsujioka,N. Ben Khalifa,,AVISPA FUKUOKA,Normal Goal,1504720.0
22/03/2026,J1 League,2026/2027,SHIMIZU S-PULSE,SANFRECCE HIROSHIMA,19,1P,Y. Yoshida,,,SHIMIZU S-PULSE,Normal Goal,1504721.0
22/03/2026,J1 League,2026/2027,SHIMIZU S-PULSE,SANFRECCE HIROSHIMA,21,1P,Oh Se-Hun,,,SHIMIZU S-PULSE,Normal Goal,1504721.0
22/03/2026,J1 League,2026/2027,SHIMIZU S-PULSE,SANFRECCE HIROSHIMA,66,2P,K. Kitagawa,Oh Se-Hun,,SHIMIZU S-PULSE,Normal Goal,1504721.0
22/03/2026,J1 League,2026/2027,SHIMIZU S-PULSE,SANFRECCE HIROSHIMA,84,2P,R. Germain,T. Matsumoto,,SANFRECCE HIROSHIMA,Normal Goal,1504721.0
22/03/2026,J1 League,2026/2027,KYOTO SANGA,NAGOYA GRAMPUS,19,1P,H. Koda,Y. Nogami,,NAGOYA GRAMPUS,Normal Goal,1504722.0
22/03/2026,J1 League,2026/2027,KYOTO SANGA,NAGOYA GRAMPUS,77,2P,Marco Tulio,T. Hirato,,KYOTO SANGA,Normal Goal,1504722.0
22/03/2026,J1 League,2026/2027,KASHIMA,JEF UNITED CHIBA,4,1P,Elber,R. Araki,,KASHIMA,Normal Goal,1504725.0
22/03/2026,J1 League,2026/2027,KASHIMA,JEF UNITED CHIBA,70,2P,Z. Issaka,,,JEF UNITED CHIBA,Normal Goal,1504725.0
22/03/2026,J1 League,2026/2027,KASHIMA,JEF UNITED CHIBA,84,2P,N. Ueda,K. Chinen,,KASHIMA,Normal Goal,1504725.0
22/03/2026,J1 League,2026/2027,CEREZO OSAKA,VISSEL KOBE,12,1P,R. Inoue,M. Shibayama,,CEREZO OSAKA,Normal Goal,1504724.0
22/03/2026,J1 League,2026/2027,CEREZO OSAKA,VISSEL KOBE,67,2P,M. Hidaka,R. Komatsu,,VISSEL KOBE,Normal Goal,1504724.0
22/03/2026,J1 League,2026/2027,KAWASAKI FRONTALE,YOKOHAMA F. MARINOS,30,1P,K. Tanimura,J. Croux,,YOKOHAMA F. MARINOS,Normal Goal,1504726.0
22/03/2026,J1 League,2026/2027,KAWASAKI FRONTALE,YOKOHAMA F. MARINOS,53,2P,J. Amano,,,YOKOHAMA F. MARINOS,Normal Goal,1504726.0
22/03/2026,J1 League,2026/2027,KAWASAKI FRONTALE,YOKOHAMA F. MARINOS,62,2P,J. Amano,K. Tanimura,,YOKOHAMA F. MARINOS,Normal Goal,1504726.0
22/03/2026,J1 League,2026/2027,KAWASAKI FRONTALE,YOKOHAMA F. MARINOS,72,2P,Yuri Araujo,,,YOKOHAMA F. MARINOS,Normal Goal,1504726.0
22/03/2026,J1 League,2026/2027,KAWASAKI FRONTALE,YOKOHAMA F. MARINOS,78,2P,J. Quinones,J. Amano,,YOKOHAMA F. MARINOS,Normal Goal,1504726.0
22/03/2026,J1 League,2026/2027,KASHIWA REYSOL,MITO HOLLYHOCK,15,1P,N. Nakagawa,H. Mitsumaru,,KASHIWA REYSOL,Normal Goal,1504727.0
22/03/2026,J1 League,2026/2027,KASHIWA REYSOL,MITO HOLLYHOCK,31,1P,K. Osaki,,,KASHIWA REYSOL,Own Goal,1504727.0
22/03/2026,J1 League,2026/2027,KASHIWA REYSOL,MITO HOLLYHOCK,83,2P,Y. Segawa,Y. Koizumi,,KASHIWA REYSOL,Normal Goal,1504727.0
22/03/2026,J1 League,2026/2027,URAWA,MACHIDA ZELVIA,81,2P,Y. Soma,,,MACHIDA ZELVIA,Penalty,1504728.0
27/03/2026,J1 League,2026/2027,VISSEL KOBE,SANFRECCE HIROSHIMA,49,2P,K. Kinoshita,,,SANFRECCE HIROSHIMA,Normal Goal,1504698.0
27/03/2026,J1 League,2026/2027,VISSEL KOBE,SANFRECCE HIROSHIMA,84,2P,T. Ogihara,,,VISSEL KOBE,Penalty,1504698.0
27/03/2026,J1 League,2026/2027,VISSEL KOBE,SANFRECCE HIROSHIMA,90,2P,Y. Osako,,,VISSEL KOBE,Normal Goal,1504698.0
28/03/2026,J1 League,2026/2027,MACHIDA ZELVIA,KAWASAKI FRONTALE,41,1P,Erik,Y. Soma,,MACHIDA ZELVIA,Normal Goal,1504691.0
28/03/2026,J1 League,2026/2027,MACHIDA ZELVIA,KAWASAKI FRONTALE,59,2P,Erison,,,KAWASAKI FRONTALE,Normal Goal,1504691.0
01/04/2026,J1 League,2026/2027,VISSEL KOBE,SHIMIZU S-PULSE,28,1P,K. Nagato,Y. Ideguchi,,VISSEL KOBE,Normal Goal,1504756.0
01/04/2026,J1 League,2026/2027,VISSEL KOBE,SHIMIZU S-PULSE,61,2P,T. Ogihara,,,VISSEL KOBE,Penalty,1504756.0
01/04/2026,J1 League,2026/2027,MACHIDA ZELVIA,FC TOKYO,64,2P,K. Sato,,,FC TOKYO,Normal Goal,1504751.0
01/04/2026,J1 League,2026/2027,MACHIDA ZELVIA,FC TOKYO,77,2P,K. Sato,,,FC TOKYO,Penalty,1504751.0
04/04/2026,J1 League,2026/2027,JEF UNITED CHIBA,TOKYO VERDY,19,1P,H. Goya,,,JEF UNITED CHIBA,Normal Goal,1504729.0
04/04/2026,J1 League,2026/2027,JEF UNITED CHIBA,TOKYO VERDY,40,1P,H. Goya,,,JEF UNITED CHIBA,Normal Goal,1504729.0
04/04/2026,J1 League,2026/2027,JEF UNITED CHIBA,TOKYO VERDY,46,2P,Y. Fukuda,,,TOKYO VERDY,Normal Goal,1504729.0
04/04/2026,J1 League,2026/2027,JEF UNITED CHIBA,TOKYO VERDY,62,2P,T. Yoshida,,,TOKYO VERDY,Normal Goal,1504729.0
04/04/2026,J1 League,2026/2027,JEF UNITED CHIBA,TOKYO VERDY,85,2P,M. Hidaka,I. Takahashi,,JEF UNITED CHIBA,Normal Goal,1504729.0
04/04/2026,J1 League,2026/2027,MITO HOLLYHOCK,KASHIMA,34,1P,A. Watanabe,,,MITO HOLLYHOCK,Normal Goal,1504730.0
04/04/2026,J1 League,2026/2027,MITO HOLLYHOCK,KASHIMA,90,2P,Leo Ceara,,,KASHIMA,Penalty,1504730.0
04/04/2026,J1 League,2026/2027,NAGOYA GRAMPUS,CEREZO OSAKA,46,2P,Y. Yamagishi,,,NAGOYA GRAMPUS,Normal Goal,1504731.0
04/04/2026,J1 League,2026/2027,NAGOYA GRAMPUS,CEREZO OSAKA,53,2P,Y. Yamagishi,K. Nakayama,,NAGOYA GRAMPUS,Normal Goal,1504731.0
04/04/2026,J1 League,2026/2027,NAGOYA GRAMPUS,CEREZO OSAKA,61,2P,R. Izumi,Y. Kimura,,NAGOYA GRAMPUS,Normal Goal,1504731.0
04/04/2026,J1 League,2026/2027,GAMBA OSAKA,KYOTO SANGA,13,1P,D. Hummet,,,GAMBA OSAKA,Normal Goal,1504732.0
05/04/2026,J1 League,2026/2027,V-VAREN NAGASAKI,SHIMIZU S-PULSE,1,1P,Oh Se-Hun,,,SHIMIZU S-PULSE,Normal Goal,1504733.0
05/04/2026,J1 League,2026/2027,V-VAREN NAGASAKI,SHIMIZU S-PULSE,4,1P,Y. Shimamoto,K. Inoue,,SHIMIZU S-PULSE,Normal Goal,1504733.0
05/04/2026,J1 League,2026/2027,V-VAREN NAGASAKI,SHIMIZU S-PULSE,45,1P,Oh Se-Hun,,,SHIMIZU S-PULSE,Penalty,1504733.0
05/04/2026,J1 League,2026/2027,KASHIWA REYSOL,YOKOHAMA F. MARINOS,18,1P,Y. Komi,,,KASHIWA REYSOL,Penalty,1504734.0
05/04/2026,J1 League,2026/2027,KASHIWA REYSOL,YOKOHAMA F. MARINOS,80,2P,T. Inoue,,,KASHIWA REYSOL,Own Goal,1504734.0
05/04/2026,J1 League,2026/2027,SANFRECCE HIROSHIMA,AVISPA FUKUOKA,16,1P,Y. Hashimoto,Y. Tsujioka,,AVISPA FUKUOKA,Normal Goal,1504736.0
05/04/2026,J1 League,2026/2027,FAGIANO OKAYAMA,VISSEL KOBE,8,1P,D. Tagami,,,VISSEL KOBE,Own Goal,1504735.0
05/04/2026,J1 League,2026/2027,FAGIANO OKAYAMA,VISSEL KOBE,45,1P,K. Nagato,,,VISSEL KOBE,Normal Goal,1504735.0
05/04/2026,J1 League,2026/2027,FAGIANO OKAYAMA,VISSEL KOBE,65,2P,T. Ogihara,,,VISSEL KOBE,Penalty,1504735.0
05/04/2026,J1 League,2026/2027,KAWASAKI FRONTALE,URAWA,2,1P,K. Nemoto,Matheus Savio,,URAWA,Normal Goal,1504738.0
05/04/2026,J1 League,2026/2027,KAWASAKI FRONTALE,URAWA,9,1P,Danilo Boza,,,KAWASAKI FRONTALE,Own Goal,1504738.0
05/04/2026,J1 League,2026/2027,KAWASAKI FRONTALE,URAWA,56,2P,T. Kaneko,A. Onaiwu,,URAWA,Normal Goal,1504738.0
05/04/2026,J1 League,2026/2027,KAWASAKI FRONTALE,URAWA,77,2P,L. Romanic,Y. Yamamoto,,KAWASAKI FRONTALE,Normal Goal,1504738.0
05/04/2026,J1 League,2026/2027,KAWASAKI FRONTALE,URAWA,90,2P,S. Kawahara,,,KAWASAKI FRONTALE,Normal Goal,1504738.0
11/04/2026,J1 League,2026/2027,JEF UNITED CHIBA,MITO HOLLYHOCK,45,1P,Matheus Leiria,,,MITO HOLLYHOCK,Normal Goal,1504739.0
11/04/2026,J1 League,2026/2027,JEF UNITED CHIBA,MITO HOLLYHOCK,75,2P,T. Yasui,H. Goya,,JEF UNITED CHIBA,Normal Goal,1504739.0
11/04/2026,J1 League,2026/2027,SANFRECCE HIROSHIMA,SHIMIZU S-PULSE,71,2P,Oh Se-Hun,K. Kitazume,,SHIMIZU S-PULSE,Normal Goal,1504742.0
11/04/2026,J1 League,2026/2027,SANFRECCE HIROSHIMA,SHIMIZU S-PULSE,74,2P,K. Kinoshita,,,SANFRECCE HIROSHIMA,Normal Goal,1504742.0
11/04/2026,J1 League,2026/2027,MACHIDA ZELVIA,KASHIWA REYSOL,75,2P,Na Sang-Ho,,,MACHIDA ZELVIA,Normal Goal,1504741.0
11/04/2026,J1 League,2026/2027,VISSEL KOBE,NAGOYA GRAMPUS,52,2P,T. Morishima,,,NAGOYA GRAMPUS,Normal Goal,1504743.0
11/04/2026,J1 League,2026/2027,VISSEL KOBE,NAGOYA GRAMPUS,68,2P,D. Sasaki,,,VISSEL KOBE,Penalty,1504743.0
11/04/2026,J1 League,2026/2027,YOKOHAMA F. MARINOS,FC TOKYO,45,1P,K. Sato,Marcelo Ryan,,FC TOKYO,Normal Goal,1504744.0
11/04/2026,J1 League,2026/2027,YOKOHAMA F. MARINOS,FC TOKYO,64,2P,Marcelo Ryan,S. Muroya,,FC TOKYO,Normal Goal,1504744.0
11/04/2026,J1 League,2026/2027,YOKOHAMA F. MARINOS,FC TOKYO,74,2P,R. Kato,R. Yamane,,YOKOHAMA F. MARINOS,Normal Goal,1504744.0
11/04/2026,J1 League,2026/2027,YOKOHAMA F. MARINOS,FC TOKYO,78,2P,H. Asada,,,FC TOKYO,Own Goal,1504744.0
11/04/2026,J1 League,2026/2027,KYOTO SANGA,FAGIANO OKAYAMA,12,1P,Souza Alex,F. Honda,,KYOTO SANGA,Normal Goal,1504746.0
11/04/2026,J1 League,2026/2027,KYOTO SANGA,FAGIANO OKAYAMA,31,1P,T. Kimura,A. Esaka,,FAGIANO OKAYAMA,Normal Goal,1504746.0
11/04/2026,J1 League,2026/2027,KYOTO SANGA,FAGIANO OKAYAMA,45,1P,K. Sato,Joao Pedro,,KYOTO SANGA,Normal Goal,1504746.0
11/04/2026,J1 League,2026/2027,KYOTO SANGA,FAGIANO OKAYAMA,45,1P,Joao Pedro,,,KYOTO SANGA,Normal Goal,1504746.0
11/04/2026,J1 League,2026/2027,KYOTO SANGA,FAGIANO OKAYAMA,56,2P,Y. Suzuki,F. Honda,,KYOTO SANGA,Normal Goal,1504746.0
11/04/2026,J1 League,2026/2027,KYOTO SANGA,FAGIANO OKAYAMA,90,2P,Joao Pedro,Henrique Trevisan,,KYOTO SANGA,Normal Goal,1504746.0
12/04/2026,J1 League,2026/2027,URAWA,TOKYO VERDY,74,2P,I. Someno,,,TOKYO VERDY,Penalty,1504747.0
12/04/2026,J1 League,2026/2027,KAWASAKI FRONTALE,KASHIMA,53,2P,Y. Suzuki,,,KASHIMA,Penalty,1504748.0
12/04/2026,J1 League,2026/2027,KAWASAKI FRONTALE,KASHIMA,64,2P,Leo Ceara,Y. Suzuki,,KASHIMA,Normal Goal,1504748.0
18/04/2026,J1 League,2026/2027,YOKOHAMA F. MARINOS,KAWASAKI FRONTALE,15,1P,L. Romanic,T. Ito,,KAWASAKI FRONTALE,Normal Goal,1504749.0
18/04/2026,J1 League,2026/2027,YOKOHAMA F. MARINOS,KAWASAKI FRONTALE,45,1P,J. Amano,K. Watanabe,,YOKOHAMA F. MARINOS,Normal Goal,1504749.0
18/04/2026,J1 League,2026/2027,YOKOHAMA F. MARINOS,KAWASAKI FRONTALE,90,2P,Erison,K. Tachibanada,,KAWASAKI FRONTALE,Normal Goal,1504749.0
18/04/2026,J1 League,2026/2027,SANFRECCE HIROSHIMA,V-VAREN NAGASAKI,10,1P,A. Suzuki,S. Higashi,,SANFRECCE HIROSHIMA,Normal Goal,1504752.0
18/04/2026,J1 League,2026/2027,SANFRECCE HIROSHIMA,V-VAREN NAGASAKI,52,2P,M. Kato,A. Suzuki,,SANFRECCE HIROSHIMA,Normal Goal,1504752.0
18/04/2026,J1 League,2026/2027,KASHIMA,URAWA,81,2P,K. Nono,,,KASHIMA,Normal Goal,1504750.0
18/04/2026,J1 League,2026/2027,TOKYO VERDY,JEF UNITED CHIBA,51,2P,S. Teranuma,,,TOKYO VERDY,Normal Goal,1504753.0
18/04/2026,J1 League,2026/2027,CEREZO OSAKA,KYOTO SANGA,90,2P,S. Sakuragawa,,,CEREZO OSAKA,Normal Goal,1504754.0
19/04/2026,J1 League,2026/2027,GAMBA OSAKA,FAGIANO OKAYAMA,5,1P,D. Hummet,,,FAGIANO OKAYAMA,Own Goal,1504757.0
19/04/2026,J1 League,2026/2027,GAMBA OSAKA,FAGIANO OKAYAMA,26,1P,T. Kishimoto,G. Miura,,GAMBA OSAKA,Normal Goal,1504757.0
19/04/2026,J1 League,2026/2027,GAMBA OSAKA,FAGIANO OKAYAMA,65,2P,I. Jebali,T. Usami,,GAMBA OSAKA,Normal Goal,1504757.0
19/04/2026,J1 League,2026/2027,GAMBA OSAKA,FAGIANO OKAYAMA,72,2P,A. Esaka,Werik Popo,,FAGIANO OKAYAMA,Normal Goal,1504757.0
19/04/2026,J1 League,2026/2027,NAGOYA GRAMPUS,AVISPA FUKUOKA,24,1P,S. Usui,Y. Kitajima,,AVISPA FUKUOKA,Normal Goal,1504758.0
19/04/2026,J1 League,2026/2027,NAGOYA GRAMPUS,AVISPA FUKUOKA,35,1P,M. Shigemi,T. Miki,,AVISPA FUKUOKA,Normal Goal,1504758.0
19/04/2026,J1 League,2026/2027,NAGOYA GRAMPUS,AVISPA FUKUOKA,83,2P,Y. Asano,Y. Kimura,,NAGOYA GRAMPUS,Normal Goal,1504758.0
19/04/2026,J1 League,2026/2027,NAGOYA GRAMPUS,AVISPA FUKUOKA,90,2P,Y. Kimura,M. Ono,,NAGOYA GRAMPUS,Normal Goal,1504758.0
22/04/2026,J1 League,2026/2027,GAMBA OSAKA,AVISPA FUKUOKA,9,1P,H. Minamino,R. Yamashita,,GAMBA OSAKA,Normal Goal,1504817.0
22/04/2026,J1 League,2026/2027,GAMBA OSAKA,AVISPA FUKUOKA,43,1P,Y. Michiwaki,,,AVISPA FUKUOKA,Normal Goal,1504817.0
22/04/2026,J1 League,2026/2027,GAMBA OSAKA,AVISPA FUKUOKA,45,1P,K. Fujimoto,Y. Hashimoto,,AVISPA FUKUOKA,Normal Goal,1504817.0
24/04/2026,J1 League,2026/2027,FC TOKYO,MITO HOLLYHOCK,17,1P,Danilo Cardoso,M. Arai,,MITO HOLLYHOCK,Normal Goal,1504759.0
24/04/2026,J1 League,2026/2027,FC TOKYO,MITO HOLLYHOCK,35,1P,Marcelo Ryan,A. Scholz,,FC TOKYO,Normal Goal,1504759.0
24/04/2026,J1 League,2026/2027,FC TOKYO,MITO HOLLYHOCK,43,1P,K. Sato,,,FC TOKYO,Normal Goal,1504759.0
24/04/2026,J1 League,2026/2027,FC TOKYO,MITO HOLLYHOCK,45,1P,Marcelo Ryan,,,FC TOKYO,Penalty,1504759.0
24/04/2026,J1 League,2026/2027,FC TOKYO,MITO HOLLYHOCK,68,2P,S. Muroya,,,FC TOKYO,Normal Goal,1504759.0
24/04/2026,J1 League,2026/2027,FC TOKYO,MITO HOLLYHOCK,70,2P,K. Ando,,,MITO HOLLYHOCK,Normal Goal,1504759.0
24/04/2026,J1 League,2026/2027,FC TOKYO,MITO HOLLYHOCK,74,2P,R. Sato,Marcelo Ryan,,FC TOKYO,Normal Goal,1504759.0
25/04/2026,J1 League,2026/2027,SHIMIZU S-PULSE,NAGOYA GRAMPUS,45,1P,Y. Kimura,T. Hara,,NAGOYA GRAMPUS,Normal Goal,1504763.0
25/04/2026,J1 League,2026/2027,SHIMIZU S-PULSE,NAGOYA GRAMPUS,88,2P,S. Sugiura,,,NAGOYA GRAMPUS,Normal Goal,1504763.0
25/04/2026,J1 League,2026/2027,URAWA,YOKOHAMA F. MARINOS,79,2P,J. Amano,,,YOKOHAMA F. MARINOS,Normal Goal,1504764.0
25/04/2026,J1 League,2026/2027,URAWA,YOKOHAMA F. MARINOS,90,2P,J. Quinones,,,URAWA,Own Goal,1504764.0
25/04/2026,J1 League,2026/2027,FAGIANO OKAYAMA,AVISPA FUKUOKA,27,1P,K. Shirai,,,FAGIANO OKAYAMA,Normal Goal,1504762.0
25/04/2026,J1 League,2026/2027,SANFRECCE HIROSHIMA,CEREZO OSAKA,12,1P,Thiago Andrade,,,CEREZO OSAKA,Normal Goal,1504766.0
25/04/2026,J1 League,2026/2027,SANFRECCE HIROSHIMA,CEREZO OSAKA,86,2P,D. Cools,,,SANFRECCE HIROSHIMA,Own Goal,1504766.0
25/04/2026,J1 League,2026/2027,SANFRECCE HIROSHIMA,CEREZO OSAKA,90,2P,K. Kinoshita,,,SANFRECCE HIROSHIMA,Penalty,1504766.0
25/04/2026,J1 League,2026/2027,V-VAREN NAGASAKI,GAMBA OSAKA,78,2P,Matheus Jesus,,,V-VAREN NAGASAKI,Penalty,1504767.0
25/04/2026,J1 League,2026/2027,V-VAREN NAGASAKI,GAMBA OSAKA,80,2P,D. Hummet,R. Yamashita,,GAMBA OSAKA,Normal Goal,1504767.0
29/04/2026,J1 League,2026/2027,SHIMIZU S-PULSE,V-VAREN NAGASAKI,21,1P,Y. Shimamoto,,,SHIMIZU S-PULSE,Normal Goal,1504769.0
29/04/2026,J1 League,2026/2027,TOKYO VERDY,KASHIMA,19,1P,K. Nono,Leo Ceara,,KASHIMA,Normal Goal,1504770.0
29/04/2026,J1 League,2026/2027,TOKYO VERDY,KASHIMA,34,1P,I. Kumatoriya,,,TOKYO VERDY,Normal Goal,1504770.0
29/04/2026,J1 League,2026/2027,TOKYO VERDY,KASHIMA,40,1P,T. Yoshida,Y. Matsuhashi,,TOKYO VERDY,Normal Goal,1504770.0
29/04/2026,J1 League,2026/2027,JEF UNITED CHIBA,YOKOHAMA F. MARINOS,18,1P,Carlinhos Junior,,,JEF UNITED CHIBA,Penalty,1504772.0
29/04/2026,J1 League,2026/2027,JEF UNITED CHIBA,YOKOHAMA F. MARINOS,48,2P,K. Tanimura,K. Watanabe,,YOKOHAMA F. MARINOS,Normal Goal,1504772.0
29/04/2026,J1 League,2026/2027,JEF UNITED CHIBA,YOKOHAMA F. MARINOS,58,2P,K. Tanimura,J. Croux,,YOKOHAMA F. MARINOS,Normal Goal,1504772.0
29/04/2026,J1 League,2026/2027,JEF UNITED CHIBA,YOKOHAMA F. MARINOS,63,2P,T. Inoue,,,YOKOHAMA F. MARINOS,Normal Goal,1504772.0
29/04/2026,J1 League,2026/2027,JEF UNITED CHIBA,YOKOHAMA F. MARINOS,90,2P,H. Goya,N. Sugiyama,,JEF UNITED CHIBA,Normal Goal,1504772.0
29/04/2026,J1 League,2026/2027,AVISPA FUKUOKA,SANFRECCE HIROSHIMA,4,1P,S. Nakano,,,SANFRECCE HIROSHIMA,Normal Goal,1504771.0
29/04/2026,J1 League,2026/2027,AVISPA FUKUOKA,SANFRECCE HIROSHIMA,10,1P,S. Higashi,M. Kato,,SANFRECCE HIROSHIMA,Normal Goal,1504771.0
29/04/2026,J1 League,2026/2027,AVISPA FUKUOKA,SANFRECCE HIROSHIMA,19,1P,S. Usui,,,AVISPA FUKUOKA,Normal Goal,1504771.0
29/04/2026,J1 League,2026/2027,AVISPA FUKUOKA,SANFRECCE HIROSHIMA,72,2P,T. Miki,Y. Maejima,,AVISPA FUKUOKA,Normal Goal,1504771.0
29/04/2026,J1 League,2026/2027,URAWA,KAWASAKI FRONTALE,54,2P,Matheus Savio,,,URAWA,Normal Goal,1504776.0
29/04/2026,J1 League,2026/2027,URAWA,KAWASAKI FRONTALE,71,2P,H. Komori,Matheus Savio,,URAWA,Normal Goal,1504776.0
29/04/2026,J1 League,2026/2027,NAGOYA GRAMPUS,FAGIANO OKAYAMA,65,2P,H. Koda,,,NAGOYA GRAMPUS,Normal Goal,1504775.0
29/04/2026,J1 League,2026/2027,KYOTO SANGA,GAMBA OSAKA,90,2P,H. Minamino,,,GAMBA OSAKA,Normal Goal,1504774.0
29/04/2026,J1 League,2026/2027,KASHIWA REYSOL,FC TOKYO,72,2P,N. Nakagawa,,,KASHIWA REYSOL,Normal Goal,1504777.0
29/04/2026,J1 League,2026/2027,KASHIWA REYSOL,FC TOKYO,89,2P,R. Sato,,,FC TOKYO,Penalty,1504777.0
29/04/2026,J1 League,2026/2027,MITO HOLLYHOCK,MACHIDA ZELVIA,17,1P,H. Shimoda,F. Tokumura,,MACHIDA ZELVIA,Normal Goal,1504778.0
29/04/2026,J1 League,2026/2027,MITO HOLLYHOCK,MACHIDA ZELVIA,48,2P,I. Dresevic,A. Masuyama,,MACHIDA ZELVIA,Normal Goal,1504778.0
29/04/2026,J1 League,2026/2027,MITO HOLLYHOCK,MACHIDA ZELVIA,67,2P,H. Mochizuki,,,MITO HOLLYHOCK,Own Goal,1504778.0
29/04/2026,J1 League,2026/2027,MITO HOLLYHOCK,MACHIDA ZELVIA,90,2P,K. Ando,T. Semba,,MITO HOLLYHOCK,Normal Goal,1504778.0
02/05/2026,J1 League,2026/2027,FC TOKYO,KAWASAKI FRONTALE,41,1P,K. Sato,,,FC TOKYO,Normal Goal,1504780.0
02/05/2026,J1 League,2026/2027,FC TOKYO,KAWASAKI FRONTALE,56,2P,L. Nozawa,T. Nakagawa,,FC TOKYO,Normal Goal,1504780.0
02/05/2026,J1 League,2026/2027,YOKOHAMA F. MARINOS,MITO HOLLYHOCK,5,1P,K. Tanimura,G. Onaiwu,,YOKOHAMA F. MARINOS,Normal Goal,1504782.0
02/05/2026,J1 League,2026/2027,YOKOHAMA F. MARINOS,MITO HOLLYHOCK,27,1P,A. Watanabe,,,MITO HOLLYHOCK,Normal Goal,1504782.0
02/05/2026,J1 League,2026/2027,GAMBA OSAKA,VISSEL KOBE,22,1P,H. Minamino,R. Hatsuse,,GAMBA OSAKA,Normal Goal,1504783.0
02/05/2026,J1 League,2026/2027,GAMBA OSAKA,VISSEL KOBE,36,1P,G. Miura,S. Nakatani,,GAMBA OSAKA,Normal Goal,1504783.0
02/05/2026,J1 League,2026/2027,GAMBA OSAKA,VISSEL KOBE,52,2P,H. Minamino,R. Hatsuse,,GAMBA OSAKA,Normal Goal,1504783.0
02/05/2026,J1 League,2026/2027,GAMBA OSAKA,VISSEL KOBE,80,2P,K. Okunuki,,,GAMBA OSAKA,Normal Goal,1504783.0
02/05/2026,J1 League,2026/2027,GAMBA OSAKA,VISSEL KOBE,82,2P,D. Hummet,R. Meshino,,GAMBA OSAKA,Normal Goal,1504783.0
03/05/2026,J1 League,2026/2027,CEREZO OSAKA,AVISPA FUKUOKA,11,1P,S. Usui,,,AVISPA FUKUOKA,Normal Goal,1504786.0
03/05/2026,J1 League,2026/2027,CEREZO OSAKA,AVISPA FUKUOKA,45,1P,R. Inoue,M. Shibayama,,CEREZO OSAKA,Normal Goal,1504786.0
03/05/2026,J1 League,2026/2027,V-VAREN NAGASAKI,NAGOYA GRAMPUS,29,1P,Thiago,M. Hasegawa,,V-VAREN NAGASAKI,Normal Goal,1504788.0
03/05/2026,J1 League,2026/2027,V-VAREN NAGASAKI,NAGOYA GRAMPUS,34,1P,K. Nagai,S. Sugiura,,NAGOYA GRAMPUS,Normal Goal,1504788.0
03/05/2026,J1 League,2026/2027,V-VAREN NAGASAKI,NAGOYA GRAMPUS,54,2P,K. Nagai,K. Mikuni,,NAGOYA GRAMPUS,Normal Goal,1504788.0
06/05/2026,J1 League,2026/2027,SHIMIZU S-PULSE,CEREZO OSAKA,19,1P,S. Tanaka,N. Ishiwatari,,CEREZO OSAKA,Normal Goal,1504789.0
06/05/2026,J1 League,2026/2027,SHIMIZU S-PULSE,CEREZO OSAKA,90,2P,Matheus Bueno,,,SHIMIZU S-PULSE,Penalty,1504789.0
06/05/2026,J1 League,2026/2027,V-VAREN NAGASAKI,FAGIANO OKAYAMA,19,1P,Y. Iwasaki,G. Hatano,,V-VAREN NAGASAKI,Normal Goal,1504790.0
06/05/2026,J1 League,2026/2027,V-VAREN NAGASAKI,FAGIANO OKAYAMA,43,1P,Thiago,R. Yamada,,V-VAREN NAGASAKI,Normal Goal,1504790.0
06/05/2026,J1 League,2026/2027,V-VAREN NAGASAKI,FAGIANO OKAYAMA,50,2P,Werik Popo,A. Esaka,,FAGIANO OKAYAMA,Normal Goal,1504790.0
06/05/2026,J1 League,2026/2027,NAGOYA GRAMPUS,GAMBA OSAKA,8,1P,S. Inagaki,K. Nakayama,,NAGOYA GRAMPUS,Normal Goal,1504792.0
06/05/2026,J1 League,2026/2027,NAGOYA GRAMPUS,GAMBA OSAKA,31,1P,Y. Kimura,T. Hara,,NAGOYA GRAMPUS,Normal Goal,1504792.0
06/05/2026,J1 League,2026/2027,NAGOYA GRAMPUS,GAMBA OSAKA,90,2P,R. Mito,,,GAMBA OSAKA,Normal Goal,1504792.0
06/05/2026,J1 League,2026/2027,SANFRECCE HIROSHIMA,VISSEL KOBE,42,1P,M. Kato,S. Higashi,,SANFRECCE HIROSHIMA,Normal Goal,1504794.0
06/05/2026,J1 League,2026/2027,SANFRECCE HIROSHIMA,VISSEL KOBE,63,2P,R. Komatsu,,,VISSEL KOBE,Normal Goal,1504794.0
06/05/2026,J1 League,2026/2027,FC TOKYO,JEF UNITED CHIBA,6,1P,Carlinhos Junior,Z. Issaka,,JEF UNITED CHIBA,Normal Goal,1504793.0
06/05/2026,J1 League,2026/2027,FC TOKYO,JEF UNITED CHIBA,73,2P,M. Himeno,,,JEF UNITED CHIBA,Normal Goal,1504793.0
06/05/2026,J1 League,2026/2027,FC TOKYO,JEF UNITED CHIBA,79,2P,M. Hidaka,,,JEF UNITED CHIBA,Normal Goal,1504793.0
06/05/2026,J1 League,2026/2027,KAWASAKI FRONTALE,TOKYO VERDY,73,2P,Y. Wakizaka,L. Romanic,,KAWASAKI FRONTALE,Normal Goal,1504797.0
06/05/2026,J1 League,2026/2027,KASHIWA REYSOL,URAWA,58,2P,R. Watanabe,S. Nakajima,,URAWA,Normal Goal,1504798.0
09/05/2026,J1 League,2026/2027,MITO HOLLYHOCK,URAWA,24,1P,K. Yasui,,,URAWA,Normal Goal,1504799.0
09/05/2026,J1 League,2026/2027,MITO HOLLYHOCK,URAWA,70,2P,H. Komori,Y. Naganuma,,URAWA,Normal Goal,1504799.0
09/05/2026,J1 League,2026/2027,MITO HOLLYHOCK,URAWA,77,2P,I. Kiese,J. Hayakawa,,URAWA,Normal Goal,1504799.0
09/05/2026,J1 League,2026/2027,MITO HOLLYHOCK,URAWA,79,2P,I. Kiese,J. Hayakawa,,URAWA,Normal Goal,1504799.0
09/05/2026,J1 League,2026/2027,MITO HOLLYHOCK,URAWA,84,2P,H. Yamamoto,,,MITO HOLLYHOCK,Normal Goal,1504799.0
09/05/2026,J1 League,2026/2027,CEREZO OSAKA,V-VAREN NAGASAKI,25,1P,R. Yamasaki,,,V-VAREN NAGASAKI,Penalty,1504800.0
09/05/2026,J1 League,2026/2027,CEREZO OSAKA,V-VAREN NAGASAKI,28,1P,Thiago Andrade,M. Nakajima,,CEREZO OSAKA,Normal Goal,1504800.0
09/05/2026,J1 League,2026/2027,CEREZO OSAKA,V-VAREN NAGASAKI,63,2P,S. Tanaka,M. Shibayama,,CEREZO OSAKA,Normal Goal,1504800.0
09/05/2026,J1 League,2026/2027,CEREZO OSAKA,V-VAREN NAGASAKI,72,2P,Matheus Jesus,,,V-VAREN NAGASAKI,Normal Goal,1504800.0
09/05/2026,J1 League,2026/2027,CEREZO OSAKA,V-VAREN NAGASAKI,90,2P,S. Kagawa,,,CEREZO OSAKA,Penalty,1504800.0
10/05/2026,J1 League,2026/2027,VISSEL KOBE,FAGIANO OKAYAMA,28,1P,Y. Suzuki,A. Esaka,,FAGIANO OKAYAMA,Normal Goal,1504802.0
10/05/2026,J1 League,2026/2027,VISSEL KOBE,FAGIANO OKAYAMA,43,1P,A. Esaka,K. Shirai,,FAGIANO OKAYAMA,Normal Goal,1504802.0
10/05/2026,J1 League,2026/2027,VISSEL KOBE,FAGIANO OKAYAMA,89,2P,T. Kimura,R. Sueyoshi,,FAGIANO OKAYAMA,Normal Goal,1504802.0
10/05/2026,J1 League,2026/2027,YOKOHAMA F. MARINOS,KASHIMA,58,2P,K. Tanimura,J. Amano,,YOKOHAMA F. MARINOS,Normal Goal,1504803.0
10/05/2026,J1 League,2026/2027,YOKOHAMA F. MARINOS,KASHIMA,90,2P,Leo Ceara,R. Araki,,KASHIMA,Normal Goal,1504803.0
10/05/2026,J1 League,2026/2027,KASHIWA REYSOL,KAWASAKI FRONTALE,73,2P,M. Hosoya,S. Baba,,KASHIWA REYSOL,Normal Goal,1504806.0
10/05/2026,J1 League,2026/2027,NAGOYA GRAMPUS,KYOTO SANGA,9,1P,Y. Yamagishi,K. Nakayama,,NAGOYA GRAMPUS,Normal Goal,1504807.0
10/05/2026,J1 League,2026/2027,NAGOYA GRAMPUS,KYOTO SANGA,29,1P,Y. Yamagishi,,,NAGOYA GRAMPUS,Normal Goal,1504807.0
10/05/2026,J1 League,2026/2027,NAGOYA GRAMPUS,KYOTO SANGA,90,2P,Y. Yamagishi,H. Koda,,NAGOYA GRAMPUS,Normal Goal,1504807.0
10/05/2026,J1 League,2026/2027,JEF UNITED CHIBA,MACHIDA ZELVIA,7,1P,Na Sang-Ho,,,MACHIDA ZELVIA,Normal Goal,1504808.0
10/05/2026,J1 League,2026/2027,JEF UNITED CHIBA,MACHIDA ZELVIA,36,1P,Na Sang-Ho,T. Yengi,,MACHIDA ZELVIA,Normal Goal,1504808.0
13/05/2026,J1 League,2026/2027,VISSEL KOBE,KYOTO SANGA,78,2P,Henrique Trevisan,,,VISSEL KOBE,Own Goal,1504768.0
16/05/2026,J1 League,2026/2027,YOKOHAMA F. MARINOS,KASHIWA REYSOL,41,1P,K. Yuruki,T. Kubo,,KASHIWA REYSOL,Normal Goal,1504811.0
17/05/2026,J1 League,2026/2027,V-VAREN NAGASAKI,VISSEL KOBE,21,1P,H. Yamaguchi,Matheus Jesus,,V-VAREN NAGASAKI,Normal Goal,1504812.0
17/05/2026,J1 League,2026/2027,V-VAREN NAGASAKI,VISSEL KOBE,27,1P,Y. Muto,N. Iino,,VISSEL KOBE,Normal Goal,1504812.0
17/05/2026,J1 League,2026/2027,V-VAREN NAGASAKI,VISSEL KOBE,32,1P,M. Thuler,,,VISSEL KOBE,Normal Goal,1504812.0
17/05/2026,J1 League,2026/2027,V-VAREN NAGASAKI,VISSEL KOBE,45,1P,Dudu Giusti,Matheus Jesus,,V-VAREN NAGASAKI,Normal Goal,1504812.0
17/05/2026,J1 League,2026/2027,JEF UNITED CHIBA,KASHIMA,43,1P,R. Araki,Y. Suzuki,,KASHIMA,Normal Goal,1504813.0
17/05/2026,J1 League,2026/2027,JEF UNITED CHIBA,KASHIMA,88,2P,S. Morooka,,,KASHIMA,Normal Goal,1504813.0
17/05/2026,J1 League,2026/2027,FAGIANO OKAYAMA,SHIMIZU S-PULSE,11,1P,K. Shirai,Werik Popo,,FAGIANO OKAYAMA,Normal Goal,1504814.0
17/05/2026,J1 League,2026/2027,FAGIANO OKAYAMA,SHIMIZU S-PULSE,79,2P,Leo Gaucho,Lucao,,FAGIANO OKAYAMA,Normal Goal,1504814.0
17/05/2026,J1 League,2026/2027,CEREZO OSAKA,NAGOYA GRAMPUS,12,1P,S. Tanaka,M. Shibayama,,CEREZO OSAKA,Normal Goal,1504815.0
17/05/2026,J1 League,2026/2027,CEREZO OSAKA,NAGOYA GRAMPUS,22,1P,Y. Yokoyama,M. Nakajima,,CEREZO OSAKA,Normal Goal,1504815.0
17/05/2026,J1 League,2026/2027,CEREZO OSAKA,NAGOYA GRAMPUS,39,1P,Y. Yokoyama,,,CEREZO OSAKA,Normal Goal,1504815.0
17/05/2026,J1 League,2026/2027,CEREZO OSAKA,NAGOYA GRAMPUS,42,1P,Y. Kimura,,,NAGOYA GRAMPUS,Normal Goal,1504815.0
17/05/2026,J1 League,2026/2027,CEREZO OSAKA,NAGOYA GRAMPUS,54,2P,Thiago Andrade,N. Ishiwatari,,CEREZO OSAKA,Normal Goal,1504815.0
17/05/2026,J1 League,2026/2027,CEREZO OSAKA,NAGOYA GRAMPUS,87,2P,S. Sakuragawa,S. Homma,,CEREZO OSAKA,Normal Goal,1504815.0
17/05/2026,J1 League,2026/2027,CEREZO OSAKA,NAGOYA GRAMPUS,89,2P,S. Sakuragawa,S. Homma,,CEREZO OSAKA,Normal Goal,1504815.0
17/05/2026,J1 League,2026/2027,KYOTO SANGA,SANFRECCE HIROSHIMA,29,1P,S. Nakamura,S. Higashi,,SANFRECCE HIROSHIMA,Normal Goal,1504816.0
17/05/2026,J1 League,2026/2027,KYOTO SANGA,SANFRECCE HIROSHIMA,49,2P,A. Suzuki,M. Kato,,SANFRECCE HIROSHIMA,Normal Goal,1504816.0
17/05/2026,J1 League,2026/2027,KYOTO SANGA,SANFRECCE HIROSHIMA,51,2P,M. Kato,S. Higashi,,SANFRECCE HIROSHIMA,Normal Goal,1504816.0
17/05/2026,J1 League,2026/2027,KYOTO SANGA,SANFRECCE HIROSHIMA,75,2P,T. Matsumoto,S. Nakamura,,SANFRECCE HIROSHIMA,Normal Goal,1504816.0
17/05/2026,J1 League,2026/2027,KAWASAKI FRONTALE,MACHIDA ZELVIA,89,2P,Y. Wakizaka,,,KAWASAKI FRONTALE,Penalty,1504818.0
22/05/2026,J1 League,2026/2027,MACHIDA ZELVIA,URAWA,10,1P,Erik,,,MACHIDA ZELVIA,Normal Goal,1504819.0
23/05/2026,J1 League,2026/2027,SANFRECCE HIROSHIMA,NAGOYA GRAMPUS,33,1P,S. Nakamura,H. Kawabe,,SANFRECCE HIROSHIMA,Normal Goal,1504821.0
23/05/2026,J1 League,2026/2027,SANFRECCE HIROSHIMA,NAGOYA GRAMPUS,45,1P,Y. Yamagishi,T. Takamine,,NAGOYA GRAMPUS,Normal Goal,1504821.0
23/05/2026,J1 League,2026/2027,SANFRECCE HIROSHIMA,NAGOYA GRAMPUS,45,1P,H. Kawabe,S. Nakano,,SANFRECCE HIROSHIMA,Normal Goal,1504821.0
23/05/2026,J1 League,2026/2027,SANFRECCE HIROSHIMA,NAGOYA GRAMPUS,46,2P,S. Nakano,S. Higashi,,SANFRECCE HIROSHIMA,Normal Goal,1504821.0
23/05/2026,J1 League,2026/2027,SANFRECCE HIROSHIMA,NAGOYA GRAMPUS,56,2P,A. Suzuki,S. Higashi,,SANFRECCE HIROSHIMA,Normal Goal,1504821.0
23/05/2026,J1 League,2026/2027,SANFRECCE HIROSHIMA,NAGOYA GRAMPUS,67,2P,T. Morishima,,,NAGOYA GRAMPUS,Normal Goal,1504821.0
23/05/2026,J1 League,2026/2027,KASHIWA REYSOL,JEF UNITED CHIBA,35,1P,Y. Kakita,Y. Koizumi,,KASHIWA REYSOL,Normal Goal,1504823.0
23/05/2026,J1 League,2026/2027,KASHIWA REYSOL,JEF UNITED CHIBA,39,1P,Y. Koizumi,Y. Kakita,,KASHIWA REYSOL,Normal Goal,1504823.0
23/05/2026,J1 League,2026/2027,KASHIWA REYSOL,JEF UNITED CHIBA,45,1P,R. Kuboniwa,,,JEF UNITED CHIBA,Normal Goal,1504823.0
23/05/2026,J1 League,2026/2027,KASHIWA REYSOL,JEF UNITED CHIBA,75,2P,M. Hosoya,N. Nakagawa,,KASHIWA REYSOL,Normal Goal,1504823.0
23/05/2026,J1 League,2026/2027,KASHIWA REYSOL,JEF UNITED CHIBA,85,2P,I. Takahashi,T. Tsukui,,JEF UNITED CHIBA,Normal Goal,1504823.0
23/05/2026,J1 League,2026/2027,KASHIWA REYSOL,JEF UNITED CHIBA,89,2P,T. Koga,,,KASHIWA REYSOL,Normal Goal,1504823.0
24/05/2026,J1 League,2026/2027,FAGIANO OKAYAMA,CEREZO OSAKA,8,1P,Y. Yokoyama,D. Cools,,CEREZO OSAKA,Normal Goal,1504825.0
24/05/2026,J1 League,2026/2027,FAGIANO OKAYAMA,CEREZO OSAKA,56,2P,Y. Yokoyama,M. Nakajima,,CEREZO OSAKA,Normal Goal,1504825.0
24/05/2026,J1 League,2026/2027,FAGIANO OKAYAMA,CEREZO OSAKA,71,2P,Leo Gaucho,Lucao,,FAGIANO OKAYAMA,Normal Goal,1504825.0
24/05/2026,J1 League,2026/2027,FAGIANO OKAYAMA,CEREZO OSAKA,81,2P,S. Uejo,S. Sakuragawa,,CEREZO OSAKA,Normal Goal,1504825.0
24/05/2026,J1 League,2026/2027,FAGIANO OKAYAMA,CEREZO OSAKA,90,2P,Leo Gaucho,,,FAGIANO OKAYAMA,Normal Goal,1504825.0
24/05/2026,J1 League,2026/2027,MITO HOLLYHOCK,KAWASAKI FRONTALE,58,2P,K. Mochiyama,S. Miura,,KAWASAKI FRONTALE,Normal Goal,1504826.0
24/05/2026,J1 League,2026/2027,MITO HOLLYHOCK,KAWASAKI FRONTALE,78,2P,K. Mochiyama,,,KAWASAKI FRONTALE,Normal Goal,1504826.0
24/05/2026,J1 League,2026/2027,MITO HOLLYHOCK,KAWASAKI FRONTALE,85,2P,K. Mochiyama,S. Kawahara,,KAWASAKI FRONTALE,Normal Goal,1504826.0
24/05/2026,J1 League,2026/2027,MITO HOLLYHOCK,KAWASAKI FRONTALE,90,2P,Patryck,Danilo Cardoso,,MITO HOLLYHOCK,Normal Goal,1504826.0
24/05/2026,J1 League,2026/2027,TOKYO VERDY,YOKOHAMA F. MARINOS,25,1P,T. Kondo,J. Amano,,YOKOHAMA F. MARINOS,Normal Goal,1504827.0
24/05/2026,J1 League,2026/2027,TOKYO VERDY,YOKOHAMA F. MARINOS,36,1P,K. Tanimura,T. Kondo,,YOKOHAMA F. MARINOS,Normal Goal,1504827.0
24/05/2026,J1 League,2026/2027,TOKYO VERDY,YOKOHAMA F. MARINOS,45,1P,Yuri Araujo,T. Kondo,,YOKOHAMA F. MARINOS,Normal Goal,1504827.0
24/05/2026,J1 League,2026/2027,TOKYO VERDY,YOKOHAMA F. MARINOS,46,2P,K. Tanimura,J. Amano,,YOKOHAMA F. MARINOS,Normal Goal,1504827.0
24/05/2026,J1 League,2026/2027,TOKYO VERDY,YOKOHAMA F. MARINOS,59,2P,Yuri Araujo,T. Kondo,,YOKOHAMA F. MARINOS,Normal Goal,1504827.0
24/05/2026,J1 League,2026/2027,TOKYO VERDY,YOKOHAMA F. MARINOS,90,2P,Tevis,A. Higuchi,,YOKOHAMA F. MARINOS,Normal Goal,1504827.0
24/05/2026,J1 League,2026/2027,SHIMIZU S-PULSE,GAMBA OSAKA,75,2P,Y. Yoshida,,,GAMBA OSAKA,Own Goal,1504828.0
30/05/2026,J1 League,2026/2027,SANFRECCE HIROSHIMA,KAWASAKI FRONTALE,11,1P,S. Nakamura,T. Matsumoto,,SANFRECCE HIROSHIMA,Normal Goal,1546393.0
30/05/2026,J1 League,2026/2027,SANFRECCE HIROSHIMA,KAWASAKI FRONTALE,20,1P,M. Kato,A. Suzuki,,SANFRECCE HIROSHIMA,Normal Goal,1546393.0
30/05/2026,J1 League,2026/2027,SANFRECCE HIROSHIMA,KAWASAKI FRONTALE,43,1P,T. Ito,,,KAWASAKI FRONTALE,Normal Goal,1546393.0
30/05/2026,J1 League,2026/2027,NAGOYA GRAMPUS,MACHIDA ZELVIA,6,1P,H. Nakamura,Y. Soma,,MACHIDA ZELVIA,Normal Goal,1546392.0
30/05/2026,J1 League,2026/2027,NAGOYA GRAMPUS,MACHIDA ZELVIA,10,1P,Y. Kimura,T. Morishima,,NAGOYA GRAMPUS,Normal Goal,1546392.0
30/05/2026,J1 League,2026/2027,NAGOYA GRAMPUS,MACHIDA ZELVIA,78,2P,Erik,K. Hayashi,,MACHIDA ZELVIA,Normal Goal,1546392.0
30/05/2026,J1 League,2026/2027,NAGOYA GRAMPUS,MACHIDA ZELVIA,90,2P,T. Takamine,H. Fujii,,NAGOYA GRAMPUS,Normal Goal,1546392.0
30/05/2026,J1 League,2026/2027,VISSEL KOBE,KASHIMA,28,1P,Y. Osako,,,VISSEL KOBE,Normal Goal,1546315.0
30/05/2026,J1 League,2026/2027,VISSEL KOBE,KASHIMA,50,2P,Y. Osako,Y. Muto,,VISSEL KOBE,Normal Goal,1546315.0
30/05/2026,J1 League,2026/2027,VISSEL KOBE,KASHIMA,69,2P,Diego,Y. Ideguchi,,VISSEL KOBE,Normal Goal,1546315.0
30/05/2026,J1 League,2026/2027,VISSEL KOBE,KASHIMA,89,2P,R. Komatsu,,,VISSEL KOBE,Penalty,1546315.0
30/05/2026,J1 League,2026/2027,VISSEL KOBE,KASHIMA,90,2P,Y. Osako,Jean Patric,,VISSEL KOBE,Normal Goal,1546315.0
30/05/2026,J1 League,2026/2027,CEREZO OSAKA,FC TOKYO,35,1P,A. Ohata,,,FC TOKYO,Own Goal,1546394.0
30/05/2026,J1 League,2026/2027,CEREZO OSAKA,FC TOKYO,45,1P,M. Shibayama,,,CEREZO OSAKA,Normal Goal,1546394.0
30/05/2026,J1 League,2026/2027,GAMBA OSAKA,TOKYO VERDY,42,1P,S. Sasaki,,,GAMBA OSAKA,Normal Goal,1546395.0
30/05/2026,J1 League,2026/2027,GAMBA OSAKA,TOKYO VERDY,47,2P,Y. Fukuda,R. Hirakawa,,TOKYO VERDY,Normal Goal,1546395.0
30/05/2026,J1 League,2026/2027,AVISPA FUKUOKA,JEF UNITED CHIBA,15,1P,D. Ishikawa,,,JEF UNITED CHIBA,Normal Goal,1546314.0
30/05/2026,J1 League,2026/2027,AVISPA FUKUOKA,JEF UNITED CHIBA,54,2P,S. Usui,,,AVISPA FUKUOKA,Normal Goal,1546314.0
30/05/2026,J1 League,2026/2027,AVISPA FUKUOKA,JEF UNITED CHIBA,66,2P,Y. Hashimoto,,,AVISPA FUKUOKA,Normal Goal,1546314.0
30/05/2026,J1 League,2026/2027,AVISPA FUKUOKA,JEF UNITED CHIBA,87,2P,H. Goya,D. Ishikawa,,JEF UNITED CHIBA,Normal Goal,1546314.0
30/05/2026,J1 League,2026/2027,V-VAREN NAGASAKI,MITO HOLLYHOCK,1,1P,Matheus Jesus,T. Kasayanagi,,V-VAREN NAGASAKI,Normal Goal,1546396.0
30/05/2026,J1 League,2026/2027,KYOTO SANGA,KASHIWA REYSOL,1,1P,Y. Koizumi,Y. Kakita,,KASHIWA REYSOL,Normal Goal,1546397.0
30/05/2026,J1 League,2026/2027,KYOTO SANGA,KASHIWA REYSOL,2,1P,H. Arai,Rafael Elias,,KYOTO SANGA,Normal Goal,1546397.0
30/05/2026,J1 League,2026/2027,KYOTO SANGA,KASHIWA REYSOL,39,1P,Y. Kakita,Y. Koizumi,,KASHIWA REYSOL,Normal Goal,1546397.0
30/05/2026,J1 League,2026/2027,KYOTO SANGA,KASHIWA REYSOL,45,1P,D. Sugioka,Y. Koizumi,,KASHIWA REYSOL,Normal Goal,1546397.0
30/05/2026,J1 League,2026/2027,KYOTO SANGA,KASHIWA REYSOL,67,2P,Rafael Elias,F. Honda,,KYOTO SANGA,Normal Goal,1546397.0
30/05/2026,J1 League,2026/2027,KYOTO SANGA,KASHIWA REYSOL,87,2P,Y. Komi,,,KASHIWA REYSOL,Normal Goal,1546397.0
30/05/2026,J1 League,2026/2027,KYOTO SANGA,KASHIWA REYSOL,90,2P,T. Kubo,M. Hosoya,,KASHIWA REYSOL,Normal Goal,1546397.0
30/05/2026,J1 League,2026/2027,KYOTO SANGA,KASHIWA REYSOL,90,2P,Y. Komi,S. Baba,,KASHIWA REYSOL,Normal Goal,1546397.0
31/05/2026,J1 League,2026/2027,SHIMIZU S-PULSE,YOKOHAMA F. MARINOS,56,2P,K. Kozuka,M. Yumiba,,SHIMIZU S-PULSE,Normal Goal,1546399.0
31/05/2026,J1 League,2026/2027,SHIMIZU S-PULSE,YOKOHAMA F. MARINOS,72,2P,K. Tanimura,,,YOKOHAMA F. MARINOS,Normal Goal,1546399.0
31/05/2026,J1 League,2026/2027,FAGIANO OKAYAMA,URAWA,48,2P,Lucao,H. Motoyama,,FAGIANO OKAYAMA,Normal Goal,1546398.0
31/05/2026,J1 League,2026/2027,FAGIANO OKAYAMA,URAWA,70,2P,Danilo Boza,S. Nakajima,,URAWA,Normal Goal,1546398.0
06/06/2026,J1 League,2026/2027,FC TOKYO,CEREZO OSAKA,10,1P,S. Homma,M. Shibayama,,CEREZO OSAKA,Normal Goal,1546400.0
06/06/2026,J1 League,2026/2027,FC TOKYO,CEREZO OSAKA,35,1P,S. Sakuragawa,,,CEREZO OSAKA,Penalty,1546400.0
06/06/2026,J1 League,2026/2027,FC TOKYO,CEREZO OSAKA,43,1P,S. Sakuragawa,M. Shibayama,,CEREZO OSAKA,Normal Goal,1546400.0
06/06/2026,J1 League,2026/2027,FC TOKYO,CEREZO OSAKA,62,2P,R. Sato,L. Nozawa,,FC TOKYO,Normal Goal,1546400.0
06/06/2026,J1 League,2026/2027,JEF UNITED CHIBA,AVISPA FUKUOKA,32,1P,H. Goya,,,JEF UNITED CHIBA,Penalty,1546316.0
06/06/2026,J1 League,2026/2027,JEF UNITED CHIBA,AVISPA FUKUOKA,57,2P,Y. Hashimoto,T. Miki,,AVISPA FUKUOKA,Normal Goal,1546316.0
06/06/2026,J1 League,2026/2027,JEF UNITED CHIBA,AVISPA FUKUOKA,68,2P,Y. Maejima,,,AVISPA FUKUOKA,Normal Goal,1546316.0
06/06/2026,J1 League,2026/2027,MITO HOLLYHOCK,V-VAREN NAGASAKI,15,1P,H. Nabeshima,,,V-VAREN NAGASAKI,Normal Goal,1546402.0
06/06/2026,J1 League,2026/2027,URAWA,FAGIANO OKAYAMA,18,1P,H. Omori,Kamiya Yuta,,FAGIANO OKAYAMA,Normal Goal,1546403.0
06/06/2026,J1 League,2026/2027,URAWA,FAGIANO OKAYAMA,90,2P,K. Kawano,T. Yamane,,FAGIANO OKAYAMA,Normal Goal,1546403.0
06/06/2026,J1 League,2026/2027,TOKYO VERDY,GAMBA OSAKA,45,1P,T. Kishimoto,,,TOKYO VERDY,Own Goal,1546404.0
06/06/2026,J1 League,2026/2027,TOKYO VERDY,GAMBA OSAKA,82,2P,G. Ikegaya,,,TOKYO VERDY,Own Goal,1546404.0
06/06/2026,J1 League,2026/2027,YOKOHAMA F. MARINOS,SHIMIZU S-PULSE,28,1P,J. Amano,,,YOKOHAMA F. MARINOS,Normal Goal,1546405.0
06/06/2026,J1 League,2026/2027,YOKOHAMA F. MARINOS,SHIMIZU S-PULSE,66,2P,J. Amano,,,YOKOHAMA F. MARINOS,Normal Goal,1546405.0
06/06/2026,J1 League,2026/2027,YOKOHAMA F. MARINOS,SHIMIZU S-PULSE,89,2P,T. Inoue,,,YOKOHAMA F. MARINOS,Normal Goal,1546405.0
07/08/2026,Eredivisie,2026/2027,CAMBUUR,EXCELSIOR,17,1P,I. Yegoian,G. de Regt,,EXCELSIOR,Normal Goal,1552117.0
07/08/2026,Eredivisie,2026/2027,CAMBUUR,EXCELSIOR,31,1P,N. Naujoks,I. Yegoian,,EXCELSIOR,Normal Goal,1552117.0
07/08/2026,Eredivisie,2026/2027,CAMBUUR,EXCELSIOR,42,1P,D. Garden,S. Janssen,,EXCELSIOR,Normal Goal,1552117.0
07/08/2026,Eredivisie,2026/2027,CAMBUUR,EXCELSIOR,69,2P,N. Naujoks,S. Janssen,,EXCELSIOR,Normal Goal,1552117.0
08/08/2026,Eredivisie,2026/2027,NEC NIJMEGEN,TELSTAR,1,1P,P. Brouwer,A. Soualhia,,TELSTAR,Normal Goal,1552118.0
08/08/2026,Eredivisie,2026/2027,NEC NIJMEGEN,TELSTAR,24,1P,R. Mendes,P. Brouwer,,TELSTAR,Normal Goal,1552118.0
08/08/2026,Eredivisie,2026/2027,NEC NIJMEGEN,TELSTAR,83,2P,K. Sierhuis,D. Tadic,,NEC NIJMEGEN,Normal Goal,1552118.0
08/08/2026,Eredivisie,2026/2027,GO AHEAD EAGLES,WILLEM II,13,1P,D. Haen,N. Tjoe a On,,WILLEM II,Normal Goal,1552119.0
08/08/2026,Eredivisie,2026/2027,GO AHEAD EAGLES,WILLEM II,30,1P,S. Tengstedt,M. Meulensteen,,GO AHEAD EAGLES,Normal Goal,1552119.0
08/08/2026,Eredivisie,2026/2027,GO AHEAD EAGLES,WILLEM II,61,2P,M. Meulensteen,M. Suray,,GO AHEAD EAGLES,Normal Goal,1552119.0
08/08/2026,Eredivisie,2026/2027,GO AHEAD EAGLES,WILLEM II,63,2P,E. Flataker,V. Edvardsen,,GO AHEAD EAGLES,Normal Goal,1552119.0
08/08/2026,Eredivisie,2026/2027,GO AHEAD EAGLES,WILLEM II,69,2P,J. Dirksen,M. Suray,,GO AHEAD EAGLES,Normal Goal,1552119.0
08/08/2026,Eredivisie,2026/2027,PSV EINDHOVEN,FORTUNA SITTARD,42,1P,O. ter Haar Romeny,,,FORTUNA SITTARD,Normal Goal,1552120.0
08/08/2026,Eredivisie,2026/2027,PSV EINDHOVEN,FORTUNA SITTARD,90,2P,E. Michut,,,FORTUNA SITTARD,Normal Goal,1552120.0
08/08/2026,Eredivisie,2026/2027,AZ ALKMAAR,ADO DEN HAAG,61,2P,R. Daal,,,AZ ALKMAAR,Normal Goal,1552121.0
08/08/2026,Eredivisie,2026/2027,AZ ALKMAAR,ADO DEN HAAG,68,2P,C. Stengs,K. Smit,,AZ ALKMAAR,Normal Goal,1552121.0
09/08/2026,Eredivisie,2026/2027,SPARTA ROTTERDAM,FEYENOORD,35,1P,L. Valente,G. Zechiel,,FEYENOORD,Normal Goal,1552122.0
09/08/2026,Eredivisie,2026/2027,GRONINGEN,UTRECHT,8,1P,B. Willumsson,,,GRONINGEN,Normal Goal,1552123.0
09/08/2026,Eredivisie,2026/2027,GRONINGEN,UTRECHT,48,2P,T. van Bergen,,,GRONINGEN,Normal Goal,1552123.0
09/08/2026,Eredivisie,2026/2027,GRONINGEN,UTRECHT,80,2P,A. Blake,D. van den Berg,,UTRECHT,Normal Goal,1552123.0
09/08/2026,Eredivisie,2026/2027,HEERENVEEN,TWENTE,52,2P,L. Oyen,J. Trenskow,,HEERENVEEN,Normal Goal,1552125.0
07/08/2026,Liga Portugal,2026/2027,ESTORIL,FAMALICAO,32,1P,G. Koutsias,Gil Dias,,FAMALICAO,Normal Goal,1575447.0
07/08/2026,Liga Portugal,2026/2027,ESTORIL,FAMALICAO,72,2P,Y. Begraoui,P. Carvalho,,ESTORIL,Normal Goal,1575447.0
08/08/2026,Liga Portugal,2026/2027,VITORIA SC,AROUCA,53,2P,I. Barbero,N. Djouahra,,AROUCA,Normal Goal,1575454.0
08/08/2026,Liga Portugal,2026/2027,ESTRELA,SPORTING CP,46,2P,R. Zalazar,G. Catamo,,SPORTING CP,Normal Goal,1575448.0
08/08/2026,Liga Portugal,2026/2027,ESTRELA,SPORTING CP,59,2P,F. Ioannidis,R. Zalazar,,SPORTING CP,Normal Goal,1575448.0
08/08/2026,Liga Portugal,2026/2027,ESTRELA,SPORTING CP,72,2P,L. Antonetti,I. Stoica,,ESTRELA,Normal Goal,1575448.0
08/08/2026,Liga Portugal,2026/2027,ESTRELA,SPORTING CP,84,2P,R. Silva,,,ESTRELA,Own Goal,1575448.0
09/08/2026,Liga Portugal,2026/2027,FC PORTO,ALVERCA,9,1P,Andre Silva,,,FC PORTO,Penalty,1575449.0
09/08/2026,Liga Portugal,2026/2027,FC PORTO,ALVERCA,44,1P,G. Veiga,,,FC PORTO,Penalty,1575449.0
09/08/2026,Liga Portugal,2026/2027,BENFICA,ACADEMICO VISEU,10,1P,V. Pavlidis,G. Prestianni,,BENFICA,Normal Goal,1575446.0
09/08/2026,Liga Portugal,2026/2027,BENFICA,ACADEMICO VISEU,55,2P,R. Pereira,C. Kahraman,,ACADEMICO VISEU,Normal Goal,1575446.0
09/08/2026,Liga Portugal,2026/2027,BENFICA,ACADEMICO VISEU,58,2P,G. Prestianni,E. Barrenechea,,BENFICA,Normal Goal,1575446.0
09/08/2026,Liga Portugal,2026/2027,BENFICA,ACADEMICO VISEU,67,2P,Andre Clovis,Robinho,,ACADEMICO VISEU,Normal Goal,1575446.0
09/08/2026,Liga Portugal,2026/2027,MOREIRENSE,SC BRAGA,7,1P,F. Navarro,Vitor Carvalho,,SC BRAGA,Normal Goal,1575452.0
09/08/2026,Liga Portugal,2026/2027,MOREIRENSE,SC BRAGA,8,1P,N. John,A. Duville-Parsemain,,MOREIRENSE,Normal Goal,1575452.0
09/08/2026,Liga Portugal,2026/2027,MOREIRENSE,SC BRAGA,66,2P,P. Victor,D. E. Tiknaz,,SC BRAGA,Normal Goal,1575452.0
09/08/2026,Liga Portugal,2026/2027,MOREIRENSE,SC BRAGA,90,2P,J. Veloso,,,MOREIRENSE,Normal Goal,1575452.0
09/08/2026,Liga Portugal,2026/2027,GIL VICENTE,RIO AVE,87,2P,H. Hernandez,,,GIL VICENTE,Penalty,1575450.0
10/08/2026,Liga Portugal,2026/2027,SANTA CLARA,NACIONAL,19,1P,G. Paciencia,,,SANTA CLARA,Normal Goal,1575453.0
10/08/2026,Liga Portugal,2026/2027,SANTA CLARA,NACIONAL,21,1P,G. Paciencia,Diogo Calila,,SANTA CLARA,Normal Goal,1575453.0
10/08/2026,Liga Portugal,2026/2027,SANTA CLARA,NACIONAL,36,1P,Liziero,,,NACIONAL,Penalty,1575453.0
10/08/2026,Liga Portugal,2026/2027,SANTA CLARA,NACIONAL,45,1P,M. Baeza,,,NACIONAL,Normal Goal,1575453.0
07/08/2026,1. Lig,2026/2027,BOLUSPOR,MANISA F.K.,7,1P,F. E. Kacmaz,B. Ozyurek,,BOLUSPOR,Normal Goal,1585692.0
07/08/2026,1. Lig,2026/2027,BOLUSPOR,MANISA F.K.,35,1P,J. Anziani,,,MANISA F.K.,Penalty,1585692.0
07/08/2026,1. Lig,2026/2027,BOLUSPOR,MANISA F.K.,45,1P,J. Lindseth,C. Sylla,,MANISA F.K.,Normal Goal,1585692.0
08/08/2026,1. Lig,2026/2027,BANDIRMASPOR,ISTANBULSPOR,2,1P,E. Ayhan,A. Badji,,BANDIRMASPOR,Normal Goal,1585690.0
08/08/2026,1. Lig,2026/2027,BANDIRMASPOR,ISTANBULSPOR,15,1P,E. Ayhan,K. Donertas,,BANDIRMASPOR,Normal Goal,1585690.0
08/08/2026,1. Lig,2026/2027,BANDIRMASPOR,ISTANBULSPOR,90,2P,G. Bruno,,,BANDIRMASPOR,Penalty,1585690.0
08/08/2026,1. Lig,2026/2027,ANTALYASPOR,KECIORENGUCU,41,1P,R. Safuri,,,ANTALYASPOR,Normal Goal,1585689.0
08/08/2026,1. Lig,2026/2027,ANTALYASPOR,KECIORENGUCU,48,2P,N. Storm,S. van de Streek,,ANTALYASPOR,Normal Goal,1585689.0
08/08/2026,1. Lig,2026/2027,ANTALYASPOR,KECIORENGUCU,51,2P,F. Ezeh,I. Akdag,,KECIORENGUCU,Normal Goal,1585689.0
08/08/2026,1. Lig,2026/2027,ANTALYASPOR,KECIORENGUCU,68,2P,Y. Boli,,,ANTALYASPOR,Normal Goal,1585689.0
08/08/2026,1. Lig,2026/2027,ANTALYASPOR,KECIORENGUCU,82,2P,M. Diouf,,,KECIORENGUCU,Normal Goal,1585689.0
08/08/2026,1. Lig,2026/2027,ANTALYASPOR,KECIORENGUCU,90,2P,I. Akdag,,,KECIORENGUCU,Penalty,1585689.0
09/08/2026,1. Lig,2026/2027,SARIYER,MUGLASPOR,44,1P,E. Eze,,,SARIYER,Penalty,1585695.0
09/08/2026,1. Lig,2026/2027,SARIYER,MUGLASPOR,65,2P,C. Karayel,B. Alici,,SARIYER,Normal Goal,1585695.0
09/08/2026,1. Lig,2026/2027,IGDIR FK,FATIH KARAGUMRUK,13,1P,G. Crociata,L. Kouagba,,IGDIR FK,Normal Goal,1585693.0
09/08/2026,1. Lig,2026/2027,IGDIR FK,FATIH KARAGUMRUK,85,2P,Douglas Tanque,H. Karabey,,IGDIR FK,Normal Goal,1585693.0
09/08/2026,1. Lig,2026/2027,VANSPOR FK,KAYSERISPOR,9,1P,T. Seferi,G. Saglam,,KAYSERISPOR,Normal Goal,1585698.0
09/08/2026,1. Lig,2026/2027,VANSPOR FK,KAYSERISPOR,56,2P,T. Seferi,G. Saglam,,KAYSERISPOR,Normal Goal,1585698.0
10/08/2026,1. Lig,2026/2027,PENDIKSPOR,BATMAN PETROLSPOR,32,1P,Sergio Córdova,,,BATMAN PETROLSPOR,Missed Penalty,1585694.0
10/08/2026,1. Lig,2026/2027,PENDIKSPOR,BATMAN PETROLSPOR,32,1P,S. Cordova,,,BATMAN PETROLSPOR,Normal Goal,1585694.0
10/08/2026,1. Lig,2026/2027,PENDIKSPOR,BATMAN PETROLSPOR,81,2P,O. Imeri,,,BATMAN PETROLSPOR,Normal Goal,1585694.0
15/08/2026,LaLiga EA Sports,2026/2027,ALAVES,GETAFE,90,2P,M. Diaz,,,ALAVES,Normal Goal,1570333.0
15/08/2026,LaLiga EA Sports,2026/2027,SEVILLA,RAYO VALLECANO,4,1P,A. Garcia,,,RAYO VALLECANO,Normal Goal,1570341.0
15/08/2026,LaLiga EA Sports,2026/2027,SEVILLA,RAYO VALLECANO,52,2P,J. Guridi,,,SEVILLA,Penalty,1570341.0
15/08/2026,LaLiga EA Sports,2026/2027,SEVILLA,RAYO VALLECANO,90,2P,Peque,,,SEVILLA,Penalty,1570341.0
16/08/2026,LaLiga EA Sports,2026/2027,RACING SANTANDER,VILLARREAL,21,1P,A. Martin,,,RACING SANTANDER,Penalty,1570339.0
16/08/2026,LaLiga EA Sports,2026/2027,RACING SANTANDER,VILLARREAL,34,1P,S. Martinez,,,RACING SANTANDER,Normal Goal,1570339.0
16/08/2026,LaLiga EA Sports,2026/2027,RACING SANTANDER,VILLARREAL,45,1P,P. Gueye,A. Moleiro,,VILLARREAL,Normal Goal,1570339.0
16/08/2026,LaLiga EA Sports,2026/2027,RACING SANTANDER,VILLARREAL,45,1P,N. Pepe,G. Mikautadze,,VILLARREAL,Normal Goal,1570339.0
16/08/2026,LaLiga EA Sports,2026/2027,ESPANYOL,LEVANTE,5,1P,R. Fernandez Jaen,,,ESPANYOL,Normal Goal,1570338.0
16/08/2026,LaLiga EA Sports,2026/2027,ESPANYOL,LEVANTE,40,1P,R. Fernandez Jaen,J. Hernandez,,ESPANYOL,Normal Goal,1570338.0
16/08/2026,LaLiga EA Sports,2026/2027,ESPANYOL,LEVANTE,80,2P,T. Dolan,R. Bauza,,ESPANYOL,Normal Goal,1570338.0
17/08/2026,LaLiga EA Sports,2026/2027,DEPORTIVO LA CORUNA,ELCHE,21,1P,P. Aubameyang,L. Amatucci,,DEPORTIVO LA CORUNA,Normal Goal,1570337.0
17/08/2026,LaLiga EA Sports,2026/2027,DEPORTIVO LA CORUNA,ELCHE,76,2P,M. Aguado,G. Villar,,ELCHE,Normal Goal,1570337.0
15/08/2026,LaLiga Hypermotion,2026/2027,FC ANDORRA,AD CEUTA FC,33,J. Cano,T. Carrique,FC ANDORRA,,FC ANDORRA,Normal Goal,1569872.0
15/08/2026,LaLiga Hypermotion,2026/2027,FC ANDORRA,AD CEUTA FC,62,T. Carrique,J. Cano,FC ANDORRA,,FC ANDORRA,Normal Goal,1569872.0
15/08/2026,LaLiga Hypermotion,2026/2027,FC ANDORRA,AD CEUTA FC,84,Quintana Nacho,A. Calvo,FC ANDORRA,,FC ANDORRA,Normal Goal,1569872.0
15/08/2026,LaLiga Hypermotion,2026/2027,FC ANDORRA,AD CEUTA FC,87,J. Escobar,K. Kone,AD CEUTA FC,,AD CEUTA FC,Normal Goal,1569872.0
15/08/2026,LaLiga Hypermotion,2026/2027,FC ANDORRA,AD CEUTA FC,90,A. Calvo,E. Akman,FC ANDORRA,,FC ANDORRA,Normal Goal,1569872.0
15/08/2026,LaLiga Hypermotion,2026/2027,MALLORCA,VALLADOLID,72,A. Raillo,A. Sala,MALLORCA,,MALLORCA,Normal Goal,1569879.0
16/08/2026,LaLiga Hypermotion,2026/2027,EIBAR,TENERIFE,7,Enric,N. Gil,TENERIFE,,TENERIFE,Normal Goal,1569875.0
16/08/2026,LaLiga Hypermotion,2026/2027,EIBAR,TENERIFE,35,J. Bautista,J. Magunazelaia Argoitia,EIBAR,,EIBAR,Normal Goal,1569875.0
16/08/2026,LaLiga Hypermotion,2026/2027,EIBAR,TENERIFE,74,I. Chapela,A. Krdzalic,TENERIFE,,TENERIFE,Normal Goal,1569875.0
16/08/2026,LaLiga Hypermotion,2026/2027,BURGOS,CORDOBA,11,Y. Diarra,C. Carracedo,CORDOBA,,CORDOBA,Normal Goal,1569873.0
16/08/2026,LaLiga Hypermotion,2026/2027,BURGOS,CORDOBA,24,A. Fores,Curro,BURGOS,,BURGOS,Normal Goal,1569873.0
16/08/2026,LaLiga Hypermotion,2026/2027,BURGOS,CORDOBA,45,E. Garcia,J. Gutierrez,CORDOBA,,CORDOBA,Normal Goal,1569873.0
16/08/2026,LaLiga Hypermotion,2026/2027,BURGOS,CORDOBA,90,D. Gonzalez Ballesteros,V. Mollejo,BURGOS,,BURGOS,Normal Goal,1569873.0
16/08/2026,LaLiga Hypermotion,2026/2027,LAS PALMAS,ALBACETE,21,Jese,T. Miyashiro,LAS PALMAS,,LAS PALMAS,Normal Goal,1569878.0
16/08/2026,LaLiga Hypermotion,2026/2027,LAS PALMAS,ALBACETE,90,S. Ramirez,E. Romero,LAS PALMAS,,LAS PALMAS,Normal Goal,1569878.0
17/08/2026,LaLiga Hypermotion,2026/2027,ALMERIA,ELDENSE,15,F. Bonini,N. Melamed,ALMERIA,,ALMERIA,Normal Goal,1569871.0
17/08/2026,LaLiga Hypermotion,2026/2027,ALMERIA,ELDENSE,45,S. Dzodic,M. de la Fuente,ALMERIA,,ALMERIA,Normal Goal,1569871.0
19/08/2026,LaLiga EA Sports,2026/2027,ATLETICO MADRID,MALAGA,70,Lee Kang-In,D. Hancko,ATLETICO MADRID,,ATLETICO MADRID,Normal Goal,1570334.0
20/08/2026,LaLiga EA Sports,2026/2027,RAYO VALLECANO,ALAVES,48,S. Camello,J. de Frutos,RAYO VALLECANO,,RAYO VALLECANO,Normal Goal,1570351.0
08/08/2026,Jupiler Pro League,2026/2027,STANDARD LIEGE,CERCLE BRUGGE,41,1P,L. Mondele,,,CERCLE BRUGGE,Normal Goal,1558583.0
08/08/2026,Jupiler Pro League,2026/2027,STANDARD LIEGE,CERCLE BRUGGE,45,1P,D. Eckert,,,STANDARD LIEGE,Normal Goal,1558583.0
08/08/2026,Jupiler Pro League,2026/2027,STANDARD LIEGE,CERCLE BRUGGE,48,2P,D. Eckert,,,STANDARD LIEGE,Normal Goal,1558583.0
09/08/2026,Jupiler Pro League,2026/2027,CHARLEROI,OH LEUVEN,39,1P,O. Gil,,,OH LEUVEN,Normal Goal,1558582.0
09/08/2026,Jupiler Pro League,2026/2027,CHARLEROI,OH LEUVEN,79,2P,F. Mbemba,,,CHARLEROI,Normal Goal,1558582.0
09/08/2026,Jupiler Pro League,2026/2027,ANDERLECHT,RAAL LA LOUVIERE,69,2P,K. Nga,,,ANDERLECHT,Normal Goal,1558588.0
09/08/2026,Jupiler Pro League,2026/2027,ANTWERP,SK BEVEREN,29,1P,C. Lokesa,,,SK BEVEREN,Normal Goal,1558589.0
09/08/2026,Jupiler Pro League,2026/2027,ANTWERP,SK BEVEREN,62,2P,M. Frey,,,ANTWERP,Normal Goal,1558589.0
09/08/2026,Jupiler Pro League,2026/2027,ANTWERP,SK BEVEREN,86,2P,M. Frey,,,ANTWERP,Normal Goal,1558589.0
14/08/2026,Jupiler Pro League,2026/2027,CERCLE BRUGGE,ST. TRUIDEN,1,1P,R. Merlen,I. Sebaoui,,ST. TRUIDEN,Normal Goal,1558590.0
14/08/2026,Jupiler Pro League,2026/2027,CERCLE BRUGGE,ST. TRUIDEN,28,1P,S. Ngoura,,,CERCLE BRUGGE,Normal Goal,1558590.0
14/08/2026,Jupiler Pro League,2026/2027,CERCLE BRUGGE,ST. TRUIDEN,37,1P,R. Merlen,R. Vanwesemael,,ST. TRUIDEN,Normal Goal,1558590.0
14/08/2026,Jupiler Pro League,2026/2027,CERCLE BRUGGE,ST. TRUIDEN,47,2P,N. Ishiwatari,I. Sebaoui,,ST. TRUIDEN,Normal Goal,1558590.0
14/08/2026,Jupiler Pro League,2026/2027,CERCLE BRUGGE,ST. TRUIDEN,82,2P,Erick Nunes,,,CERCLE BRUGGE,Normal Goal,1558590.0
14/08/2026,Jupiler Pro League,2026/2027,CERCLE BRUGGE,ST. TRUIDEN,90,2P,L. Mbe Soh,,,CERCLE BRUGGE,Own Goal,1558590.0
15/08/2026,Jupiler Pro League,2026/2027,KORTRIJK,ANTWERP,31,1P,A. Valencia,,,ANTWERP,Normal Goal,1558592.0
15/08/2026,Jupiler Pro League,2026/2027,KORTRIJK,ANTWERP,65,2P,A. Valencia,E. Tuypens,,ANTWERP,Normal Goal,1558592.0
15/08/2026,Jupiler Pro League,2026/2027,KORTRIJK,ANTWERP,80,2P,R. Van Helden,X. Dierckx,,ANTWERP,Normal Goal,1558592.0
15/08/2026,Jupiler Pro League,2026/2027,GENK,KVC WESTERLO,6,1P,D. Ourega,C. Congreve,,KVC WESTERLO,Normal Goal,1558593.0
15/08/2026,Jupiler Pro League,2026/2027,GENK,KVC WESTERLO,13,1P,M. Smets,,,KVC WESTERLO,Own Goal,1558593.0
15/08/2026,Jupiler Pro League,2026/2027,GENK,KVC WESTERLO,41,1P,R. Durosinmi,,,GENK,Penalty,1558593.0
15/08/2026,Jupiler Pro League,2026/2027,GENK,KVC WESTERLO,43,1P,B. Heynen,A. Yokoyama,,GENK,Normal Goal,1558593.0
15/08/2026,Jupiler Pro League,2026/2027,GENK,KVC WESTERLO,79,2P,A. Bibout,,,GENK,Normal Goal,1558593.0
16/08/2026,Jupiler Pro League,2026/2027,SK BEVEREN,ANDERLECHT,14,1P,Y. Gomis,F. Slegers,,SK BEVEREN,Normal Goal,1558595.0
16/08/2026,Jupiler Pro League,2026/2027,RAAL LA LOUVIERE,GENT,10,1P,M. Isah,M. Wade,,RAAL LA LOUVIERE,Normal Goal,1558596.0
16/08/2026,Jupiler Pro League,2026/2027,RAAL LA LOUVIERE,GENT,20,1P,M. Sonko,,,GENT,Normal Goal,1558596.0
16/08/2026,Jupiler Pro League,2026/2027,RAAL LA LOUVIERE,GENT,46,2P,I. Cisse,S. Van Der Heyden,,GENT,Normal Goal,1558596.0
16/08/2026,Jupiler Pro League,2026/2027,KV MECHELEN,STANDARD LIEGE,9,1P,B. Nguene,M. Fossey,,STANDARD LIEGE,Normal Goal,1558597.0
16/08/2026,Jupiler Pro League,2026/2027,KV MECHELEN,STANDARD LIEGE,24,1P,A. Abid,C. Nielsen,,STANDARD LIEGE,Normal Goal,1558597.0
16/08/2026,Jupiler Pro League,2026/2027,KV MECHELEN,STANDARD LIEGE,45,1P,T. Koudou,M. Lohunanu-Mbasi,,KV MECHELEN,Normal Goal,1558597.0
16/08/2026,Jupiler Pro League,2026/2027,KV MECHELEN,STANDARD LIEGE,65,2P,A. Abid,C. Nielsen,,STANDARD LIEGE,Normal Goal,1558597.0
16/08/2026,Jupiler Pro League,2026/2027,KV MECHELEN,STANDARD LIEGE,89,2P,M. van Brederode,,,KV MECHELEN,Penalty,1558597.0
16/08/2026,Jupiler Pro League,2026/2027,KV MECHELEN,STANDARD LIEGE,90,2P,M. van Brederode,,,KV MECHELEN,Penalty,1558597.0
16/08/2026,Jupiler Pro League,2026/2027,LOMMEL UNITED,CHARLEROI,63,2P,A. Boukamir,,,CHARLEROI,Normal Goal,1558598.0
21/08/2026,Jupiler Pro League,2026/2027,STANDARD LIEGE,RAAL LA LOUVIERE,68,2P,S. Drammeh,,,STANDARD LIEGE,Normal Goal,1558599.0
21/08/2026,Jupiler Pro League,2026/2027,STANDARD LIEGE,RAAL LA LOUVIERE,73,2P,S. Drammeh,,,STANDARD LIEGE,Normal Goal,1558599.0
22/08/2026,Jupiler Pro League,2026/2027,ZULTE WAREGEM,SK BEVEREN,21,1P,T. Claes,,,ZULTE WAREGEM,Normal Goal,1558600.0
22/08/2026,Jupiler Pro League,2026/2027,ZULTE WAREGEM,SK BEVEREN,35,1P,Z. Atrok,,,ZULTE WAREGEM,Normal Goal,1558600.0
22/08/2026,Jupiler Pro League,2026/2027,ZULTE WAREGEM,SK BEVEREN,55,2P,Z. Atrok,,,ZULTE WAREGEM,Normal Goal,1558600.0
22/08/2026,Jupiler Pro League,2026/2027,ZULTE WAREGEM,SK BEVEREN,60,2P,A. Ementa,,,ZULTE WAREGEM,Normal Goal,1558600.0
22/08/2026,Jupiler Pro League,2026/2027,ANTWERP,GENK,16,1P,A. Valencia,C. Scott,,ANTWERP,Normal Goal,1558602.0
22/08/2026,Jupiler Pro League,2026/2027,ANTWERP,GENK,31,1P,J. Kongolo,I. Bangoura,,GENK,Normal Goal,1558602.0
22/08/2026,Jupiler Pro League,2026/2027,ANTWERP,GENK,48,2P,R. Durosinmi,J. Erenbjerg,,GENK,Normal Goal,1558602.0
22/08/2026,Jupiler Pro League,2026/2027,ANTWERP,GENK,57,2P,A. Yokoyama,J. Erenbjerg,,GENK,Normal Goal,1558602.0
22/08/2026,Jupiler Pro League,2026/2027,ANTWERP,GENK,70,2P,A. Bibout,J. Afriyie,,GENK,Normal Goal,1558602.0
22/08/2026,Jupiler Pro League,2026/2027,ANTWERP,GENK,80,2P,E. Tuypens,T. Somers,,ANTWERP,Normal Goal,1558602.0
22/08/2026,Jupiler Pro League,2026/2027,ANTWERP,GENK,86,2P,M. Frey,,,ANTWERP,Penalty,1558602.0
22/08/2026,Jupiler Pro League,2026/2027,ANTWERP,GENK,88,2P,M. Frey,C. Mejia,,ANTWERP,Normal Goal,1558602.0
06/03/2026,Chinese Super League,2026/2027,CHENGDU BETTER CITY,SICHUAN JIUNIU,5,1P,A. Ademi,Ghojaehmet Shahzat,,SICHUAN JIUNIU,Normal Goal,1523059.0
06/03/2026,Chinese Super League,2026/2027,CHENGDU BETTER CITY,SICHUAN JIUNIU,20,1P,Wellington Silva,Felipe Silva,,CHENGDU BETTER CITY,Normal Goal,1523059.0
06/03/2026,Chinese Super League,2026/2027,CHENGDU BETTER CITY,SICHUAN JIUNIU,31,1P,Felipe Silva,,,CHENGDU BETTER CITY,Normal Goal,1523059.0
06/03/2026,Chinese Super League,2026/2027,CHENGDU BETTER CITY,SICHUAN JIUNIU,45,1P,H. Hu,Wang Dongsheng,,CHENGDU BETTER CITY,Normal Goal,1523059.0
06/03/2026,Chinese Super League,2026/2027,CHENGDU BETTER CITY,SICHUAN JIUNIU,63,2P,Wellington Silva,Wang Dongsheng,,CHENGDU BETTER CITY,Normal Goal,1523059.0
06/03/2026,Chinese Super League,2026/2027,CHENGDU BETTER CITY,SICHUAN JIUNIU,79,2P,Liao Rongxiang,Romulo,,CHENGDU BETTER CITY,Normal Goal,1523059.0
07/03/2026,Chinese Super League,2026/2027,SHANDONG LUNENG,SHENYANG URBAN,8,1P,Xie Wenneng,V. Qazaishvili,,SHANDONG LUNENG,Normal Goal,1523060.0
07/03/2026,Chinese Super League,2026/2027,SHANDONG LUNENG,SHENYANG URBAN,18,1P,Cryzan,,,SHANDONG LUNENG,Penalty,1523060.0
07/03/2026,Chinese Super League,2026/2027,SHANDONG LUNENG,SHENYANG URBAN,73,2P,Zeca,Y. Li,,SHANDONG LUNENG,Normal Goal,1523060.0
07/03/2026,Chinese Super League,2026/2027,SHANGHAI SHENHUA,DALIAN ZHIXING,5,1P,C. Malele,F. Acheampong,,DALIAN ZHIXING,Normal Goal,1523062.0
07/03/2026,Chinese Super League,2026/2027,SHANGHAI SHENHUA,DALIAN ZHIXING,8,1P,J. Teixeira,,,SHANGHAI SHENHUA,Normal Goal,1523062.0
07/03/2026,Chinese Super League,2026/2027,SHANGHAI SHENHUA,DALIAN ZHIXING,45,1P,M. Gueye,Gao Tianyi,,SHANGHAI SHENHUA,Normal Goal,1523062.0
07/03/2026,Chinese Super League,2026/2027,SHANGHAI SHENHUA,DALIAN ZHIXING,45,1P,Rafael Ratao,Wu Xi,,SHANGHAI SHENHUA,Normal Goal,1523062.0
07/03/2026,Chinese Super League,2026/2027,SHANGHAI SHENHUA,DALIAN ZHIXING,63,2P,M. Gueye,,,SHANGHAI SHENHUA,Normal Goal,1523062.0
07/03/2026,Chinese Super League,2026/2027,SHANGHAI SHENHUA,DALIAN ZHIXING,82,2P,F. Acheampong,C. Malele,,DALIAN ZHIXING,Normal Goal,1523062.0
07/03/2026,Chinese Super League,2026/2027,SHANGHAI SHENHUA,DALIAN ZHIXING,88,2P,Rafael Ratao,M. Gueye,,SHANGHAI SHENHUA,Normal Goal,1523062.0
07/03/2026,Chinese Super League,2026/2027,SHANGHAI SHENHUA,DALIAN ZHIXING,90,2P,Feng Jing,Liao Jintao,,DALIAN ZHIXING,Normal Goal,1523062.0
07/03/2026,Chinese Super League,2026/2027,SHANGHAI SIPG,HENAN JIANYE,1,1P,Zhong Yihao,,,HENAN JIANYE,Normal Goal,1523063.0
07/03/2026,Chinese Super League,2026/2027,SHANGHAI SIPG,HENAN JIANYE,16,1P,Iago Maidana,Wang Shangyuan,,HENAN JIANYE,Normal Goal,1523063.0
07/03/2026,Chinese Super League,2026/2027,SHANGHAI SIPG,HENAN JIANYE,45,1P,Gabrielzinho,A. Yang,,SHANGHAI SIPG,Normal Goal,1523063.0
07/03/2026,Chinese Super League,2026/2027,YUNNAN YUKUN,QINGDAO JONOON,12,1P,Cleber,Yang Zihao,,YUNNAN YUKUN,Normal Goal,1523064.0
07/03/2026,Chinese Super League,2026/2027,YUNNAN YUKUN,QINGDAO JONOON,16,1P,Yi Teng,A. Ionita II,,YUNNAN YUKUN,Normal Goal,1523064.0
07/03/2026,Chinese Super League,2026/2027,YUNNAN YUKUN,QINGDAO JONOON,45,1P,J. Saeter,Yi Teng,,YUNNAN YUKUN,Normal Goal,1523064.0
07/03/2026,Chinese Super League,2026/2027,YUNNAN YUKUN,QINGDAO JONOON,58,2P,Y. Yeboah,A. El Messaoudi,,QINGDAO JONOON,Normal Goal,1523064.0
08/03/2026,Chinese Super League,2026/2027,HANGZHOU GREENTOWN,QINGDAO YOUTH ISLAND,18,1P,S. Guarirapa,A. Mitrita,,HANGZHOU GREENTOWN,Normal Goal,1523065.0
08/03/2026,Chinese Super League,2026/2027,HANGZHOU GREENTOWN,QINGDAO YOUTH ISLAND,40,1P,A. Mitrita,Y. Wang,,HANGZHOU GREENTOWN,Normal Goal,1523065.0
08/03/2026,Chinese Super League,2026/2027,HANGZHOU GREENTOWN,QINGDAO YOUTH ISLAND,53,2P,Aziz,,,QINGDAO YOUTH ISLAND,Missed Penalty,1523065.0
08/03/2026,Chinese Super League,2026/2027,WUHAN THREE TOWNS,BEIJING GUOAN,45,1P,F. Abreu,,,BEIJING GUOAN,Normal Goal,1523066.0
08/03/2026,Chinese Super League,2026/2027,WUHAN THREE TOWNS,BEIJING GUOAN,52,2P,Zhang Yuning,,,BEIJING GUOAN,Normal Goal,1523066.0
13/03/2026,Chinese Super League,2026/2027,WUHAN THREE TOWNS,DALIAN ZHIXING,24,1P,J. Cadiz,,,WUHAN THREE TOWNS,Normal Goal,1523067.0
13/03/2026,Chinese Super League,2026/2027,WUHAN THREE TOWNS,DALIAN ZHIXING,31,1P,Gustavo Sauer,,,WUHAN THREE TOWNS,Normal Goal,1523067.0
13/03/2026,Chinese Super League,2026/2027,WUHAN THREE TOWNS,DALIAN ZHIXING,45,1P,N. Stanciu,,,DALIAN ZHIXING,Penalty,1523067.0
13/03/2026,Chinese Super League,2026/2027,WUHAN THREE TOWNS,DALIAN ZHIXING,47,2P,K. Bevis,,,WUHAN THREE TOWNS,Normal Goal,1523067.0
13/03/2026,Chinese Super League,2026/2027,WUHAN THREE TOWNS,DALIAN ZHIXING,73,2P,Wang Jinxian,,,WUHAN THREE TOWNS,Normal Goal,1523067.0
14/03/2026,Chinese Super League,2026/2027,SHANDONG LUNENG,BEIJING GUOAN,49,2P,Xie Wenneng,,,SHANDONG LUNENG,Normal Goal,1523068.0
14/03/2026,Chinese Super League,2026/2027,SHANDONG LUNENG,BEIJING GUOAN,86,2P,Zhang Yuning,,,BEIJING GUOAN,Normal Goal,1523068.0
14/03/2026,Chinese Super League,2026/2027,SHANDONG LUNENG,BEIJING GUOAN,88,2P,Cryzan,,,SHANDONG LUNENG,Normal Goal,1523068.0
14/03/2026,Chinese Super League,2026/2027,HANGZHOU GREENTOWN,SHANGHAI SHENHUA,10,1P,J. Teixeira,,,SHANGHAI SHENHUA,Normal Goal,1523069.0
14/03/2026,Chinese Super League,2026/2027,HANGZHOU GREENTOWN,SHANGHAI SHENHUA,66,2P,Y. Wang,Liu Haofan,,HANGZHOU GREENTOWN,Normal Goal,1523069.0
14/03/2026,Chinese Super League,2026/2027,CHONGQING TONGLIANG LONG,SHENYANG URBAN,58,2P,G. Cimpanu,,,CHONGQING TONGLIANG LONG,Normal Goal,1523070.0
14/03/2026,Chinese Super League,2026/2027,SICHUAN JIUNIU,TIANJIN TEDA,84,2P,Wesley Moraes,,,SICHUAN JIUNIU,Normal Goal,1523071.0
15/03/2026,Chinese Super League,2026/2027,HENAN JIANYE,YUNNAN YUKUN,30,1P,J. Mboula,Gustavo,,HENAN JIANYE,Normal Goal,1523072.0
15/03/2026,Chinese Super League,2026/2027,HENAN JIANYE,YUNNAN YUKUN,50,2P,O. Taty Maritu,A. Ionita II,,YUNNAN YUKUN,Normal Goal,1523072.0
15/03/2026,Chinese Super League,2026/2027,HENAN JIANYE,YUNNAN YUKUN,69,2P,Cleber,,,HENAN JIANYE,Own Goal,1523072.0
15/03/2026,Chinese Super League,2026/2027,SHANGHAI SIPG,QINGDAO YOUTH ISLAND,47,2P,Jean Claude,Li Shuai,,SHANGHAI SIPG,Normal Goal,1523073.0
15/03/2026,Chinese Super League,2026/2027,SHANGHAI SIPG,QINGDAO YOUTH ISLAND,61,2P,Leonardo,Kuai Jiwen,,SHANGHAI SIPG,Normal Goal,1523073.0
15/03/2026,Chinese Super League,2026/2027,SHANGHAI SIPG,QINGDAO YOUTH ISLAND,70,2P,Wu Lei,,,SHANGHAI SIPG,Normal Goal,1523073.0
15/03/2026,Chinese Super League,2026/2027,SHANGHAI SIPG,QINGDAO YOUTH ISLAND,78,2P,Wu Lei,P. O. Ampem,,SHANGHAI SIPG,Normal Goal,1523073.0
15/03/2026,Chinese Super League,2026/2027,SHANGHAI SIPG,QINGDAO YOUTH ISLAND,80,2P,S. Memisevic,Davidson,,QINGDAO YOUTH ISLAND,Normal Goal,1523073.0
15/03/2026,Chinese Super League,2026/2027,CHENGDU BETTER CITY,QINGDAO JONOON,79,2P,Romulo,,,CHENGDU BETTER CITY,Normal Goal,1523074.0
20/03/2026,Chinese Super League,2026/2027,DALIAN ZHIXING,SHANGHAI SIPG,47,2P,F. Acheampong,,,DALIAN ZHIXING,Normal Goal,1523075.0
20/03/2026,Chinese Super League,2026/2027,QINGDAO JONOON,HANGZHOU GREENTOWN,13,1P,M. Edjouma,Lin Chuangyi,,QINGDAO JONOON,Normal Goal,1523076.0
20/03/2026,Chinese Super League,2026/2027,QINGDAO JONOON,HANGZHOU GREENTOWN,54,2P,Y. Wang,A. Mitrita,,HANGZHOU GREENTOWN,Normal Goal,1523076.0
20/03/2026,Chinese Super League,2026/2027,QINGDAO JONOON,HANGZHOU GREENTOWN,55,2P,S. Guarirapa,M. Tolic,,HANGZHOU GREENTOWN,Normal Goal,1523076.0
20/03/2026,Chinese Super League,2026/2027,QINGDAO JONOON,HANGZHOU GREENTOWN,70,2P,Y. Wang,A. Mitrita,,HANGZHOU GREENTOWN,Normal Goal,1523076.0
20/03/2026,Chinese Super League,2026/2027,QINGDAO JONOON,HANGZHOU GREENTOWN,90,2P,Tao Qianglong,,,HANGZHOU GREENTOWN,Normal Goal,1523076.0
21/03/2026,Chinese Super League,2026/2027,BEIJING GUOAN,SHANGHAI SHENHUA,23,1P,Zhang Yuning,,,BEIJING GUOAN,Normal Goal,1523077.0
21/03/2026,Chinese Super League,2026/2027,BEIJING GUOAN,SHANGHAI SHENHUA,68,2P,Chan Shinichi,,,SHANGHAI SHENHUA,Normal Goal,1523077.0
21/03/2026,Chinese Super League,2026/2027,SHENYANG URBAN,TIANJIN TEDA,23,1P,G. Mbenza,,,SHENYANG URBAN,Normal Goal,1523078.0
21/03/2026,Chinese Super League,2026/2027,SHENYANG URBAN,TIANJIN TEDA,77,2P,A. Kouame,,,SHENYANG URBAN,Normal Goal,1523078.0
21/03/2026,Chinese Super League,2026/2027,SHENYANG URBAN,TIANJIN TEDA,90,2P,T. Kunimoto,,,SHENYANG URBAN,Penalty,1523078.0
21/03/2026,Chinese Super League,2026/2027,HENAN JIANYE,WUHAN THREE TOWNS,54,2P,Gustavo,,,HENAN JIANYE,Normal Goal,1523079.0
21/03/2026,Chinese Super League,2026/2027,HENAN JIANYE,WUHAN THREE TOWNS,66,2P,Gustavo Sauer,,,WUHAN THREE TOWNS,Normal Goal,1523079.0
21/03/2026,Chinese Super League,2026/2027,QINGDAO YOUTH ISLAND,SICHUAN JIUNIU,82,2P,Davidson,,,QINGDAO YOUTH ISLAND,Normal Goal,1523081.0
21/03/2026,Chinese Super League,2026/2027,CHONGQING TONGLIANG LONG,CHENGDU BETTER CITY,29,1P,Wei Shihao,,,CHENGDU BETTER CITY,Penalty,1523080.0
21/03/2026,Chinese Super League,2026/2027,CHONGQING TONGLIANG LONG,CHENGDU BETTER CITY,40,1P,Wellington Silva,,,CHENGDU BETTER CITY,Normal Goal,1523080.0
21/03/2026,Chinese Super League,2026/2027,CHONGQING TONGLIANG LONG,CHENGDU BETTER CITY,74,2P,G. Cimpanu,,,CHONGQING TONGLIANG LONG,Normal Goal,1523080.0
21/03/2026,Chinese Super League,2026/2027,CHONGQING TONGLIANG LONG,CHENGDU BETTER CITY,81,2P,L. Dimata,,,CHONGQING TONGLIANG LONG,Normal Goal,1523080.0
21/03/2026,Chinese Super League,2026/2027,CHONGQING TONGLIANG LONG,CHENGDU BETTER CITY,86,2P,L. Dimata,,,CHONGQING TONGLIANG LONG,Normal Goal,1523080.0
21/03/2026,Chinese Super League,2026/2027,CHONGQING TONGLIANG LONG,CHENGDU BETTER CITY,90,2P,Abduweli Behram,,,CHENGDU BETTER CITY,Normal Goal,1523080.0
21/03/2026,Chinese Super League,2026/2027,YUNNAN YUKUN,SHANDONG LUNENG,2,1P,Caio Vinicius,A. Ionita II,,YUNNAN YUKUN,Normal Goal,1523082.0
21/03/2026,Chinese Super League,2026/2027,YUNNAN YUKUN,SHANDONG LUNENG,28,1P,O. Taty Maritu,Cleber,,YUNNAN YUKUN,Normal Goal,1523082.0
21/03/2026,Chinese Super League,2026/2027,YUNNAN YUKUN,SHANDONG LUNENG,32,1P,O. Taty Maritu,A. Ionita II,,YUNNAN YUKUN,Normal Goal,1523082.0
21/03/2026,Chinese Super League,2026/2027,YUNNAN YUKUN,SHANDONG LUNENG,88,2P,A. Ionita II,O. Taty Maritu,,YUNNAN YUKUN,Normal Goal,1523082.0
03/04/2026,Chinese Super League,2026/2027,CHENGDU BETTER CITY,QINGDAO YOUTH ISLAND,7,1P,Wellington Silva,,,CHENGDU BETTER CITY,Normal Goal,1523083.0
03/04/2026,Chinese Super League,2026/2027,CHENGDU BETTER CITY,QINGDAO YOUTH ISLAND,40,1P,E. Sorokin,,,CHENGDU BETTER CITY,Normal Goal,1523083.0
03/04/2026,Chinese Super League,2026/2027,CHENGDU BETTER CITY,QINGDAO YOUTH ISLAND,82,2P,Felipe Silva,Wellington Silva,,CHENGDU BETTER CITY,Normal Goal,1523083.0
03/04/2026,Chinese Super League,2026/2027,CHENGDU BETTER CITY,QINGDAO YOUTH ISLAND,85,2P,Felipe Silva,,,CHENGDU BETTER CITY,Normal Goal,1523083.0
03/04/2026,Chinese Super League,2026/2027,CHENGDU BETTER CITY,QINGDAO YOUTH ISLAND,90,2P,A. Yakubu,Liu Xiaolong,,QINGDAO YOUTH ISLAND,Normal Goal,1523083.0
03/04/2026,Chinese Super League,2026/2027,CHENGDU BETTER CITY,QINGDAO YOUTH ISLAND,90,2P,Felipe Silva,,,CHENGDU BETTER CITY,Penalty,1523083.0
04/04/2026,Chinese Super League,2026/2027,QINGDAO JONOON,HENAN JIANYE,60,2P,Y. Yeboah,,,QINGDAO JONOON,Normal Goal,1523085.0
04/04/2026,Chinese Super League,2026/2027,SHENYANG URBAN,BEIJING GUOAN,17,1P,G. Mbenza,,,SHENYANG URBAN,Penalty,1523084.0
04/04/2026,Chinese Super League,2026/2027,SHENYANG URBAN,BEIJING GUOAN,45,1P,Jeffinho,,,SHENYANG URBAN,Normal Goal,1523084.0
04/04/2026,Chinese Super League,2026/2027,SHENYANG URBAN,BEIJING GUOAN,57,2P,F. Abreu,,,BEIJING GUOAN,Normal Goal,1523084.0
04/04/2026,Chinese Super League,2026/2027,SHANDONG LUNENG,DALIAN ZHIXING,27,1P,C. Malele,,,DALIAN ZHIXING,Normal Goal,1523086.0
04/04/2026,Chinese Super League,2026/2027,SHANDONG LUNENG,DALIAN ZHIXING,48,2P,C. Malele,,,DALIAN ZHIXING,Normal Goal,1523086.0
04/04/2026,Chinese Super League,2026/2027,SHANDONG LUNENG,DALIAN ZHIXING,73,2P,V. Qazaishvili,,,SHANDONG LUNENG,Normal Goal,1523086.0
04/04/2026,Chinese Super League,2026/2027,SHANGHAI SIPG,YUNNAN YUKUN,35,1P,Leonardo,,,SHANGHAI SIPG,Normal Goal,1523087.0
04/04/2026,Chinese Super League,2026/2027,SHANGHAI SIPG,YUNNAN YUKUN,61,2P,A. Burca,,,YUNNAN YUKUN,Normal Goal,1523087.0
04/04/2026,Chinese Super League,2026/2027,SHANGHAI SIPG,YUNNAN YUKUN,90,2P,Wang Shenchao,,,SHANGHAI SIPG,Normal Goal,1523087.0
05/04/2026,Chinese Super League,2026/2027,HANGZHOU GREENTOWN,CHONGQING TONGLIANG LONG,72,2P,Du Yuezheng,,,CHONGQING TONGLIANG LONG,Normal Goal,1523088.0
05/04/2026,Chinese Super League,2026/2027,SICHUAN JIUNIU,WUHAN THREE TOWNS,14,1P,Wesley Moraes,E. Kartsev,,SICHUAN JIUNIU,Normal Goal,1523089.0
05/04/2026,Chinese Super League,2026/2027,SICHUAN JIUNIU,WUHAN THREE TOWNS,38,1P,F. Benkovic,Dai Wai-Tsun,,SICHUAN JIUNIU,Normal Goal,1523089.0
05/04/2026,Chinese Super League,2026/2027,SICHUAN JIUNIU,WUHAN THREE TOWNS,44,1P,Wesley Moraes,Nan Song,,SICHUAN JIUNIU,Normal Goal,1523089.0
05/04/2026,Chinese Super League,2026/2027,SICHUAN JIUNIU,WUHAN THREE TOWNS,67,2P,F. Benkovic,Jiang Zhipeng,,SICHUAN JIUNIU,Normal Goal,1523089.0
05/04/2026,Chinese Super League,2026/2027,SICHUAN JIUNIU,WUHAN THREE TOWNS,71,2P,K. Bevis,J. Cadiz,,WUHAN THREE TOWNS,Normal Goal,1523089.0
05/04/2026,Chinese Super League,2026/2027,SICHUAN JIUNIU,WUHAN THREE TOWNS,90,2P,J. Cadiz,,,WUHAN THREE TOWNS,Penalty,1523089.0
05/04/2026,Chinese Super League,2026/2027,SICHUAN JIUNIU,WUHAN THREE TOWNS,90,2P,E. Kartsev,,,SICHUAN JIUNIU,Normal Goal,1523089.0
05/04/2026,Chinese Super League,2026/2027,TIANJIN TEDA,SHANGHAI SHENHUA,42,1P,Guilherme Schettine,,,TIANJIN TEDA,Penalty,1523090.0
05/04/2026,Chinese Super League,2026/2027,TIANJIN TEDA,SHANGHAI SHENHUA,45,1P,Zhu Chenjie,Gao Tianyi,,SHANGHAI SHENHUA,Normal Goal,1523090.0
05/04/2026,Chinese Super League,2026/2027,TIANJIN TEDA,SHANGHAI SHENHUA,56,2P,A. Quiles,,,TIANJIN TEDA,Normal Goal,1523090.0
05/04/2026,Chinese Super League,2026/2027,TIANJIN TEDA,SHANGHAI SHENHUA,81,2P,Rafael Ratao,Xie Pengfei,,SHANGHAI SHENHUA,Normal Goal,1523090.0
05/04/2026,Chinese Super League,2026/2027,TIANJIN TEDA,SHANGHAI SHENHUA,90,2P,Rafael Ratao,,,SHANGHAI SHENHUA,Penalty,1523090.0
10/04/2026,Chinese Super League,2026/2027,DALIAN ZHIXING,HANGZHOU GREENTOWN,27,1P,Liao Jintao,,,DALIAN ZHIXING,Normal Goal,1523091.0
10/04/2026,Chinese Super League,2026/2027,DALIAN ZHIXING,HANGZHOU GREENTOWN,62,2P,F. Acheampong,,,DALIAN ZHIXING,Normal Goal,1523091.0
10/04/2026,Chinese Super League,2026/2027,DALIAN ZHIXING,HANGZHOU GREENTOWN,66,2P,W. Mao,,,DALIAN ZHIXING,Normal Goal,1523091.0
11/04/2026,Chinese Super League,2026/2027,QINGDAO YOUTH ISLAND,SHENYANG URBAN,8,1P,Liu Xiaolong,A. Yakubu,,QINGDAO YOUTH ISLAND,Normal Goal,1523093.0
11/04/2026,Chinese Super League,2026/2027,QINGDAO YOUTH ISLAND,SHENYANG URBAN,90,2P,Li Haoran,Tian Yuda,,SHENYANG URBAN,Normal Goal,1523093.0
11/04/2026,Chinese Super League,2026/2027,CHONGQING TONGLIANG LONG,WUHAN THREE TOWNS,15,1P,Chen Chunxin,,,CHONGQING TONGLIANG LONG,Normal Goal,1523092.0
11/04/2026,Chinese Super League,2026/2027,CHONGQING TONGLIANG LONG,WUHAN THREE TOWNS,23,1P,Zhang Zhixiong,G. Cimpanu,,CHONGQING TONGLIANG LONG,Normal Goal,1523092.0
11/04/2026,Chinese Super League,2026/2027,CHONGQING TONGLIANG LONG,WUHAN THREE TOWNS,74,2P,J. Cadiz,Gustavo Sauer,,WUHAN THREE TOWNS,Normal Goal,1523092.0
11/04/2026,Chinese Super League,2026/2027,SHANGHAI SHENHUA,SHANGHAI SIPG,52,2P,Rafael Ratao,,,SHANGHAI SHENHUA,Normal Goal,1523095.0
11/04/2026,Chinese Super League,2026/2027,HENAN JIANYE,SHANDONG LUNENG,42,1P,V. Qazaishvili,,,SHANDONG LUNENG,Normal Goal,1523094.0
12/04/2026,Chinese Super League,2026/2027,TIANJIN TEDA,QINGDAO JONOON,77,2P,Guilherme Schettine,,,TIANJIN TEDA,Normal Goal,1523096.0
12/04/2026,Chinese Super League,2026/2027,TIANJIN TEDA,QINGDAO JONOON,90,2P,Yang Fan,,,QINGDAO JONOON,Own Goal,1523096.0
12/04/2026,Chinese Super League,2026/2027,BEIJING GUOAN,CHENGDU BETTER CITY,63,2P,Zhang Yuning,,,BEIJING GUOAN,Normal Goal,1523097.0
12/04/2026,Chinese Super League,2026/2027,BEIJING GUOAN,CHENGDU BETTER CITY,84,2P,Liao Lisheng,,,CHENGDU BETTER CITY,Normal Goal,1523097.0
12/04/2026,Chinese Super League,2026/2027,BEIJING GUOAN,CHENGDU BETTER CITY,90,2P,Wei Shihao,,,CHENGDU BETTER CITY,Normal Goal,1523097.0
12/04/2026,Chinese Super League,2026/2027,SICHUAN JIUNIU,YUNNAN YUKUN,20,1P,Xu Xin,Ye Chugui,,YUNNAN YUKUN,Normal Goal,1523098.0
12/04/2026,Chinese Super League,2026/2027,SICHUAN JIUNIU,YUNNAN YUKUN,26,1P,Caio Vinicius,A. Ionita II,,YUNNAN YUKUN,Normal Goal,1523098.0
12/04/2026,Chinese Super League,2026/2027,SICHUAN JIUNIU,YUNNAN YUKUN,34,1P,O. Taty Maritu,A. Ionita II,,YUNNAN YUKUN,Normal Goal,1523098.0
12/04/2026,Chinese Super League,2026/2027,SICHUAN JIUNIU,YUNNAN YUKUN,38,1P,E. Kartsev,Wesley Moraes,,SICHUAN JIUNIU,Normal Goal,1523098.0
12/04/2026,Chinese Super League,2026/2027,SICHUAN JIUNIU,YUNNAN YUKUN,45,1P,E. Kartsev,Wesley Moraes,,SICHUAN JIUNIU,Normal Goal,1523098.0
12/04/2026,Chinese Super League,2026/2027,SICHUAN JIUNIU,YUNNAN YUKUN,76,2P,O. Taty Maritu,Cleber,,YUNNAN YUKUN,Normal Goal,1523098.0
12/04/2026,Chinese Super League,2026/2027,SICHUAN JIUNIU,YUNNAN YUKUN,90,2P,Wesley Moraes,,,SICHUAN JIUNIU,Penalty,1523098.0
17/04/2026,Chinese Super League,2026/2027,SHANDONG LUNENG,SHANGHAI SIPG,37,1P,A. Yang,,,SHANGHAI SIPG,Normal Goal,1523101.0
17/04/2026,Chinese Super League,2026/2027,SHANDONG LUNENG,SHANGHAI SIPG,72,2P,Cryzan,,,SHANDONG LUNENG,Normal Goal,1523101.0
17/04/2026,Chinese Super League,2026/2027,CHONGQING TONGLIANG LONG,SICHUAN JIUNIU,47,2P,Chen Chunxin,,,CHONGQING TONGLIANG LONG,Normal Goal,1523100.0
17/04/2026,Chinese Super League,2026/2027,CHONGQING TONGLIANG LONG,SICHUAN JIUNIU,79,2P,Xiang Yuwang,,,CHONGQING TONGLIANG LONG,Normal Goal,1523100.0
17/04/2026,Chinese Super League,2026/2027,WUHAN THREE TOWNS,CHENGDU BETTER CITY,71,2P,Wellington Silva,,,CHENGDU BETTER CITY,Penalty,1523102.0
17/04/2026,Chinese Super League,2026/2027,YUNNAN YUKUN,TIANJIN TEDA,41,1P,A. Quiles,,,TIANJIN TEDA,Normal Goal,1523103.0
17/04/2026,Chinese Super League,2026/2027,YUNNAN YUKUN,TIANJIN TEDA,52,2P,Guilherme Schettine,,,TIANJIN TEDA,Normal Goal,1523103.0
17/04/2026,Chinese Super League,2026/2027,YUNNAN YUKUN,TIANJIN TEDA,81,2P,A. Quiles,,,TIANJIN TEDA,Normal Goal,1523103.0
18/04/2026,Chinese Super League,2026/2027,DALIAN ZHIXING,HENAN JIANYE,38,1P,Wang Shangyuan,,,HENAN JIANYE,Normal Goal,1523105.0
18/04/2026,Chinese Super League,2026/2027,DALIAN ZHIXING,HENAN JIANYE,85,2P,C. Malele,,,DALIAN ZHIXING,Normal Goal,1523105.0
18/04/2026,Chinese Super League,2026/2027,DALIAN ZHIXING,HENAN JIANYE,90,2P,Lu Zhuoyi,,,DALIAN ZHIXING,Normal Goal,1523105.0
18/04/2026,Chinese Super League,2026/2027,SHANGHAI SHENHUA,SHENYANG URBAN,9,1P,Rafael Ratao,,,SHANGHAI SHENHUA,Normal Goal,1523106.0
18/04/2026,Chinese Super League,2026/2027,SHANGHAI SHENHUA,SHENYANG URBAN,17,1P,Jin Shunkai,Wang Haijian,,SHANGHAI SHENHUA,Normal Goal,1523106.0
18/04/2026,Chinese Super League,2026/2027,SHANGHAI SHENHUA,SHENYANG URBAN,38,1P,Rafael Ratao,M. Gueye,,SHANGHAI SHENHUA,Normal Goal,1523106.0
18/04/2026,Chinese Super League,2026/2027,SHANGHAI SHENHUA,SHENYANG URBAN,87,2P,Tian Yuda,Chen Binbin,,SHENYANG URBAN,Normal Goal,1523106.0
21/04/2026,Chinese Super League,2026/2027,SICHUAN JIUNIU,BEIJING GUOAN,89,2P,Zhang Xizhe,,,BEIJING GUOAN,Normal Goal,1523107.0
21/04/2026,Chinese Super League,2026/2027,CHENGDU BETTER CITY,YUNNAN YUKUN,37,1P,Cleber,Yang Zihao,,YUNNAN YUKUN,Normal Goal,1523108.0
21/04/2026,Chinese Super League,2026/2027,CHENGDU BETTER CITY,YUNNAN YUKUN,53,2P,E. Sorokin,Romulo,,CHENGDU BETTER CITY,Normal Goal,1523108.0
21/04/2026,Chinese Super League,2026/2027,CHENGDU BETTER CITY,YUNNAN YUKUN,61,2P,Felipe Silva,Wellington Silva,,CHENGDU BETTER CITY,Normal Goal,1523108.0
21/04/2026,Chinese Super League,2026/2027,WUHAN THREE TOWNS,HANGZHOU GREENTOWN,41,1P,J. Cadiz,,,WUHAN THREE TOWNS,Normal Goal,1523109.0
21/04/2026,Chinese Super League,2026/2027,WUHAN THREE TOWNS,HANGZHOU GREENTOWN,78,2P,K. Bevis,,,WUHAN THREE TOWNS,Normal Goal,1523109.0
21/04/2026,Chinese Super League,2026/2027,SHANGHAI SIPG,CHONGQING TONGLIANG LONG,14,1P,M. Ngadeu,G. Cimpanu,,CHONGQING TONGLIANG LONG,Normal Goal,1523110.0
21/04/2026,Chinese Super League,2026/2027,SHANGHAI SIPG,CHONGQING TONGLIANG LONG,45,1P,Chen Chunxin,,,CHONGQING TONGLIANG LONG,Normal Goal,1523110.0
21/04/2026,Chinese Super League,2026/2027,SHANGHAI SIPG,CHONGQING TONGLIANG LONG,57,2P,X. Li,Wang Shenchao,,SHANGHAI SIPG,Normal Goal,1523110.0
21/04/2026,Chinese Super League,2026/2027,TIANJIN TEDA,SHANDONG LUNENG,13,1P,A. Quiles,Guilherme Schettine,,TIANJIN TEDA,Normal Goal,1523111.0
21/04/2026,Chinese Super League,2026/2027,TIANJIN TEDA,SHANDONG LUNENG,52,2P,Zeca,Chen Pu,,SHANDONG LUNENG,Normal Goal,1523111.0
21/04/2026,Chinese Super League,2026/2027,TIANJIN TEDA,SHANDONG LUNENG,68,2P,Guilherme Schettine,,,TIANJIN TEDA,Missed Penalty,1523111.0
21/04/2026,Chinese Super League,2026/2027,TIANJIN TEDA,SHANDONG LUNENG,82,2P,Chen Zeshi,V. Qazaishvili,,SHANDONG LUNENG,Normal Goal,1523111.0
22/04/2026,Chinese Super League,2026/2027,SHENYANG URBAN,DALIAN ZHIXING,84,2P,N. Stanciu,,,DALIAN ZHIXING,Normal Goal,1523112.0
22/04/2026,Chinese Super League,2026/2027,SHANGHAI SHENHUA,QINGDAO JONOON,46,2P,J. Teixeira,,,SHANGHAI SHENHUA,Normal Goal,1523114.0
22/04/2026,Chinese Super League,2026/2027,SHANGHAI SHENHUA,QINGDAO JONOON,52,2P,M. Gueye,,,SHANGHAI SHENHUA,Normal Goal,1523114.0
25/04/2026,Chinese Super League,2026/2027,CHENGDU BETTER CITY,HANGZHOU GREENTOWN,17,1P,Wellington Silva,,,CHENGDU BETTER CITY,Normal Goal,1523115.0
25/04/2026,Chinese Super League,2026/2027,CHENGDU BETTER CITY,HANGZHOU GREENTOWN,35,1P,Felipe Silva,Wellington Silva,,CHENGDU BETTER CITY,Normal Goal,1523115.0
25/04/2026,Chinese Super League,2026/2027,CHENGDU BETTER CITY,HANGZHOU GREENTOWN,39,1P,Wei Shihao,He Yiran,,CHENGDU BETTER CITY,Normal Goal,1523115.0
25/04/2026,Chinese Super League,2026/2027,CHENGDU BETTER CITY,HANGZHOU GREENTOWN,90,2P,Abduweli Behram,Wellington Silva,,CHENGDU BETTER CITY,Normal Goal,1523115.0
25/04/2026,Chinese Super League,2026/2027,BEIJING GUOAN,TIANJIN TEDA,43,1P,Guilherme Schettine,Wang Zhenghao,,TIANJIN TEDA,Normal Goal,1523116.0
25/04/2026,Chinese Super League,2026/2027,BEIJING GUOAN,TIANJIN TEDA,45,1P,Xadas,Ba Dun,,TIANJIN TEDA,Normal Goal,1523116.0
25/04/2026,Chinese Super League,2026/2027,BEIJING GUOAN,TIANJIN TEDA,66,2P,Zhang Yuning,Li Lei,,BEIJING GUOAN,Normal Goal,1523116.0
25/04/2026,Chinese Super League,2026/2027,BEIJING GUOAN,TIANJIN TEDA,68,2P,Lin Liangming,,,BEIJING GUOAN,Normal Goal,1523116.0
25/04/2026,Chinese Super League,2026/2027,BEIJING GUOAN,TIANJIN TEDA,70,2P,A. Quiles,Xadas,,TIANJIN TEDA,Normal Goal,1523116.0
25/04/2026,Chinese Super League,2026/2027,BEIJING GUOAN,TIANJIN TEDA,89,2P,A. Quiles,Xadas,,TIANJIN TEDA,Normal Goal,1523116.0
25/04/2026,Chinese Super League,2026/2027,SHANGHAI SIPG,WUHAN THREE TOWNS,15,1P,Wei Zhen,Mateus Vital,,SHANGHAI SIPG,Normal Goal,1523117.0
25/04/2026,Chinese Super League,2026/2027,SHANGHAI SIPG,WUHAN THREE TOWNS,46,2P,P. O. Ampem,Liu Zhurun,,SHANGHAI SIPG,Normal Goal,1523117.0
25/04/2026,Chinese Super League,2026/2027,SHANGHAI SIPG,WUHAN THREE TOWNS,58,2P,Browning Tyias,Mateus Vital,,SHANGHAI SIPG,Normal Goal,1523117.0
25/04/2026,Chinese Super League,2026/2027,SHANGHAI SIPG,WUHAN THREE TOWNS,77,2P,Liu Zhurun,Liu Ruofan,,SHANGHAI SIPG,Normal Goal,1523117.0
26/04/2026,Chinese Super League,2026/2027,QINGDAO JONOON,SHANDONG LUNENG,9,1P,Lin Chuangyi,Song Wenjie,,QINGDAO JONOON,Normal Goal,1523121.0
26/04/2026,Chinese Super League,2026/2027,QINGDAO JONOON,SHANDONG LUNENG,36,1P,M. Edjouma,,,QINGDAO JONOON,Normal Goal,1523121.0
26/04/2026,Chinese Super League,2026/2027,QINGDAO JONOON,SHANDONG LUNENG,80,2P,Jin Yonghao,Y. Yeboah,,QINGDAO JONOON,Normal Goal,1523121.0
26/04/2026,Chinese Super League,2026/2027,QINGDAO JONOON,SHANDONG LUNENG,90,2P,Cryzan,Chen Pu,,SHANDONG LUNENG,Normal Goal,1523121.0
26/04/2026,Chinese Super League,2026/2027,QINGDAO JONOON,SHANDONG LUNENG,90,2P,A. El Messaoudi,,,QINGDAO JONOON,Normal Goal,1523121.0
26/04/2026,Chinese Super League,2026/2027,SICHUAN JIUNIU,SHENYANG URBAN,6,1P,Wesley Moraes,Z. Xuan,,SICHUAN JIUNIU,Normal Goal,1523119.0
26/04/2026,Chinese Super League,2026/2027,CHONGQING TONGLIANG LONG,QINGDAO YOUTH ISLAND,23,1P,A. Yakubu,N. Da Luz,,QINGDAO YOUTH ISLAND,Normal Goal,1523118.0
26/04/2026,Chinese Super League,2026/2027,CHONGQING TONGLIANG LONG,QINGDAO YOUTH ISLAND,45,1P,Du Yuezheng,Chen Chunxin,,CHONGQING TONGLIANG LONG,Normal Goal,1523118.0
26/04/2026,Chinese Super League,2026/2027,DALIAN ZHIXING,YUNNAN YUKUN,1,1P,Deng Hanwen,A. Ionita II,,YUNNAN YUKUN,Normal Goal,1523120.0
26/04/2026,Chinese Super League,2026/2027,DALIAN ZHIXING,YUNNAN YUKUN,12,1P,O. Taty Maritu,,,YUNNAN YUKUN,Normal Goal,1523120.0
26/04/2026,Chinese Super League,2026/2027,DALIAN ZHIXING,YUNNAN YUKUN,36,1P,O. Taty Maritu,A. Ionita II,,YUNNAN YUKUN,Normal Goal,1523120.0
26/04/2026,Chinese Super League,2026/2027,DALIAN ZHIXING,YUNNAN YUKUN,86,2P,I. Alimi,,,DALIAN ZHIXING,Penalty,1523120.0
26/04/2026,Chinese Super League,2026/2027,HENAN JIANYE,SHANGHAI SHENHUA,39,1P,Wu Xi,,,SHANGHAI SHENHUA,Penalty,1523122.0
26/04/2026,Chinese Super League,2026/2027,HENAN JIANYE,SHANGHAI SHENHUA,63,2P,Chan Shinichi,,,SHANGHAI SHENHUA,Normal Goal,1523122.0
26/04/2026,Chinese Super League,2026/2027,HENAN JIANYE,SHANGHAI SHENHUA,69,2P,M. Gueye,,,SHANGHAI SHENHUA,Normal Goal,1523122.0
01/05/2026,Chinese Super League,2026/2027,HENAN JIANYE,SHENYANG URBAN,2,1P,Lucas Maia,Gustavo,,HENAN JIANYE,Normal Goal,1523124.0
01/05/2026,Chinese Super League,2026/2027,HENAN JIANYE,SHENYANG URBAN,20,1P,Bruno Nazario,Huang Ruifeng,,HENAN JIANYE,Normal Goal,1523124.0
01/05/2026,Chinese Super League,2026/2027,HENAN JIANYE,SHENYANG URBAN,53,2P,Gustavo,Wang Shangyuan,,HENAN JIANYE,Normal Goal,1523124.0
01/05/2026,Chinese Super League,2026/2027,HENAN JIANYE,SHENYANG URBAN,79,2P,Zhong Yihao,Gustavo,,HENAN JIANYE,Normal Goal,1523124.0
01/05/2026,Chinese Super League,2026/2027,DALIAN ZHIXING,CHONGQING TONGLIANG LONG,46,2P,Luo Jing,,,DALIAN ZHIXING,Normal Goal,1523123.0
01/05/2026,Chinese Super League,2026/2027,TIANJIN TEDA,WUHAN THREE TOWNS,52,2P,Chen Zhechao,,,WUHAN THREE TOWNS,Normal Goal,1523126.0
01/05/2026,Chinese Super League,2026/2027,TIANJIN TEDA,WUHAN THREE TOWNS,75,2P,J. Cadiz,,,WUHAN THREE TOWNS,Normal Goal,1523126.0
01/05/2026,Chinese Super League,2026/2027,TIANJIN TEDA,WUHAN THREE TOWNS,81,2P,Xadas,,,TIANJIN TEDA,Penalty,1523126.0
01/05/2026,Chinese Super League,2026/2027,TIANJIN TEDA,WUHAN THREE TOWNS,90,2P,Ji Shengpan,,,TIANJIN TEDA,Normal Goal,1523126.0
01/05/2026,Chinese Super League,2026/2027,SHANDONG LUNENG,QINGDAO YOUTH ISLAND,42,1P,S. Memisevic,,,QINGDAO YOUTH ISLAND,Normal Goal,1523125.0
01/05/2026,Chinese Super League,2026/2027,SHANDONG LUNENG,QINGDAO YOUTH ISLAND,74,2P,Zeca,,,SHANDONG LUNENG,Normal Goal,1523125.0
01/05/2026,Chinese Super League,2026/2027,SHANGHAI SHENHUA,CHENGDU BETTER CITY,16,1P,Chan Shinichi,J. Teixeira,,SHANGHAI SHENHUA,Normal Goal,1523127.0
01/05/2026,Chinese Super League,2026/2027,SHANGHAI SHENHUA,CHENGDU BETTER CITY,38,1P,M. Gueye,Wu Xi,,SHANGHAI SHENHUA,Normal Goal,1523127.0
01/05/2026,Chinese Super League,2026/2027,SHANGHAI SHENHUA,CHENGDU BETTER CITY,45,1P,Felipe Silva,Romulo,,CHENGDU BETTER CITY,Normal Goal,1523127.0
01/05/2026,Chinese Super League,2026/2027,SHANGHAI SHENHUA,CHENGDU BETTER CITY,90,2P,Felipe Silva,,,CHENGDU BETTER CITY,Normal Goal,1523127.0
01/05/2026,Chinese Super League,2026/2027,SHANGHAI SHENHUA,CHENGDU BETTER CITY,90,2P,Wellington Silva,,,CHENGDU BETTER CITY,Normal Goal,1523127.0
02/05/2026,Chinese Super League,2026/2027,QINGDAO JONOON,SHANGHAI SIPG,9,1P,Luo Senwen,,,QINGDAO JONOON,Normal Goal,1523128.0
02/05/2026,Chinese Super League,2026/2027,QINGDAO JONOON,SHANGHAI SIPG,47,2P,A. Yang,,,SHANGHAI SIPG,Normal Goal,1523128.0
02/05/2026,Chinese Super League,2026/2027,QINGDAO JONOON,SHANGHAI SIPG,68,2P,Y. Yeboah,,,QINGDAO JONOON,Normal Goal,1523128.0
02/05/2026,Chinese Super League,2026/2027,QINGDAO JONOON,SHANGHAI SIPG,75,2P,Jin Yonghao,,,QINGDAO JONOON,Normal Goal,1523128.0
02/05/2026,Chinese Super League,2026/2027,HANGZHOU GREENTOWN,SICHUAN JIUNIU,43,1P,D. Owusu-Sekyere,,,SICHUAN JIUNIU,Normal Goal,1523129.0
02/05/2026,Chinese Super League,2026/2027,HANGZHOU GREENTOWN,SICHUAN JIUNIU,45,1P,M. Tolic,,,HANGZHOU GREENTOWN,Penalty,1523129.0
02/05/2026,Chinese Super League,2026/2027,HANGZHOU GREENTOWN,SICHUAN JIUNIU,79,2P,Y. Wang,,,HANGZHOU GREENTOWN,Normal Goal,1523129.0
05/05/2026,Chinese Super League,2026/2027,QINGDAO YOUTH ISLAND,TIANJIN TEDA,7,1P,Davidson,,,QINGDAO YOUTH ISLAND,Missed Penalty,1523131.0
05/05/2026,Chinese Super League,2026/2027,QINGDAO YOUTH ISLAND,TIANJIN TEDA,40,1P,Huang Jiahui,Xadas,,TIANJIN TEDA,Normal Goal,1523131.0
05/05/2026,Chinese Super League,2026/2027,QINGDAO YOUTH ISLAND,TIANJIN TEDA,43,1P,N. Da Luz,Peng Xinli,,QINGDAO YOUTH ISLAND,Normal Goal,1523131.0
05/05/2026,Chinese Super League,2026/2027,SHANDONG LUNENG,SHANGHAI SHENHUA,24,1P,Zeca,Cryzan,,SHANDONG LUNENG,Normal Goal,1523133.0
05/05/2026,Chinese Super League,2026/2027,SHANDONG LUNENG,SHANGHAI SHENHUA,26,1P,Cryzan,V. Qazaishvili,,SHANDONG LUNENG,Normal Goal,1523133.0
05/05/2026,Chinese Super League,2026/2027,SHANDONG LUNENG,SHANGHAI SHENHUA,52,2P,Cryzan,Zeca,,SHANDONG LUNENG,Normal Goal,1523133.0
05/05/2026,Chinese Super League,2026/2027,SHANDONG LUNENG,SHANGHAI SHENHUA,63,2P,Rafael Ratao,Xie Pengfei,,SHANGHAI SHENHUA,Normal Goal,1523133.0
05/05/2026,Chinese Super League,2026/2027,SHANDONG LUNENG,SHANGHAI SHENHUA,72,2P,Cryzan,V. Qazaishvili,,SHANDONG LUNENG,Normal Goal,1523133.0
05/05/2026,Chinese Super League,2026/2027,SHENYANG URBAN,CHENGDU BETTER CITY,90,2P,Felipe Silva,,,CHENGDU BETTER CITY,Normal Goal,1523132.0
05/05/2026,Chinese Super League,2026/2027,CHONGQING TONGLIANG LONG,HENAN JIANYE,51,2P,Gustavo,,,HENAN JIANYE,Penalty,1523134.0
05/05/2026,Chinese Super League,2026/2027,CHONGQING TONGLIANG LONG,HENAN JIANYE,53,2P,Wu Yongqiang,,,CHONGQING TONGLIANG LONG,Normal Goal,1523134.0
06/05/2026,Chinese Super League,2026/2027,WUHAN THREE TOWNS,QINGDAO JONOON,45,1P,Jin Yonghao,Y. Yeboah,,QINGDAO JONOON,Normal Goal,1523135.0
06/05/2026,Chinese Super League,2026/2027,WUHAN THREE TOWNS,QINGDAO JONOON,59,2P,J. Cadiz,Wang Kang,,WUHAN THREE TOWNS,Normal Goal,1523135.0
06/05/2026,Chinese Super League,2026/2027,WUHAN THREE TOWNS,QINGDAO JONOON,71,2P,C. Strandberg,,,QINGDAO JONOON,Normal Goal,1523135.0
06/05/2026,Chinese Super League,2026/2027,WUHAN THREE TOWNS,QINGDAO JONOON,75,2P,Y. Yeboah,Lin Chuangyi,,QINGDAO JONOON,Normal Goal,1523135.0
06/05/2026,Chinese Super League,2026/2027,BEIJING GUOAN,DALIAN ZHIXING,54,2P,G. Ramos,,,BEIJING GUOAN,Normal Goal,1523136.0
06/05/2026,Chinese Super League,2026/2027,BEIJING GUOAN,DALIAN ZHIXING,58,2P,Huang Shan,,,BEIJING GUOAN,Own Goal,1523136.0
06/05/2026,Chinese Super League,2026/2027,BEIJING GUOAN,DALIAN ZHIXING,63,2P,Fabio Abreu,,,BEIJING GUOAN,Missed Penalty,1523136.0
06/05/2026,Chinese Super League,2026/2027,BEIJING GUOAN,DALIAN ZHIXING,65,2P,Lin Liangming,,,BEIJING GUOAN,Normal Goal,1523136.0
06/05/2026,Chinese Super League,2026/2027,SHANGHAI SIPG,SICHUAN JIUNIU,63,2P,T. Chow,,,SICHUAN JIUNIU,Normal Goal,1523137.0
06/05/2026,Chinese Super League,2026/2027,SHANGHAI SIPG,SICHUAN JIUNIU,87,2P,Liu Zhurun,,,SHANGHAI SIPG,Normal Goal,1523137.0
06/05/2026,Chinese Super League,2026/2027,YUNNAN YUKUN,HANGZHOU GREENTOWN,6,1P,Cleber,O. Taty Maritu,,YUNNAN YUKUN,Normal Goal,1523138.0
06/05/2026,Chinese Super League,2026/2027,YUNNAN YUKUN,HANGZHOU GREENTOWN,45,1P,Alexandru Mitriță,,,HANGZHOU GREENTOWN,Missed Penalty,1523138.0
06/05/2026,Chinese Super League,2026/2027,YUNNAN YUKUN,HANGZHOU GREENTOWN,58,2P,M. Tolic,,,HANGZHOU GREENTOWN,Penalty,1523138.0
06/05/2026,Chinese Super League,2026/2027,YUNNAN YUKUN,HANGZHOU GREENTOWN,90,2P,Gao Di,A. Mitrita,,HANGZHOU GREENTOWN,Normal Goal,1523138.0
09/05/2026,Chinese Super League,2026/2027,SHANGHAI SHENHUA,CHONGQING TONGLIANG LONG,8,1P,Nany Dimata,,,CHONGQING TONGLIANG LONG,Missed Penalty,1523139.0
09/05/2026,Chinese Super League,2026/2027,SHANGHAI SHENHUA,CHONGQING TONGLIANG LONG,9,1P,L. Dimata,Zhang Zhixiong,,CHONGQING TONGLIANG LONG,Normal Goal,1523139.0
09/05/2026,Chinese Super League,2026/2027,SHANGHAI SHENHUA,CHONGQING TONGLIANG LONG,30,1P,G. Cimpanu,L. Dimata,,CHONGQING TONGLIANG LONG,Normal Goal,1523139.0
09/05/2026,Chinese Super League,2026/2027,SHANGHAI SHENHUA,CHONGQING TONGLIANG LONG,66,2P,Zhu Chenjie,Gao Tianyi,,SHANGHAI SHENHUA,Normal Goal,1523139.0
09/05/2026,Chinese Super League,2026/2027,SHANGHAI SHENHUA,CHONGQING TONGLIANG LONG,74,2P,Zhu Chenjie,Xie Pengfei,,SHANGHAI SHENHUA,Normal Goal,1523139.0
09/05/2026,Chinese Super League,2026/2027,CHENGDU BETTER CITY,HENAN JIANYE,18,1P,E. Sorokin,Liao Lisheng,,CHENGDU BETTER CITY,Normal Goal,1523140.0
09/05/2026,Chinese Super League,2026/2027,CHENGDU BETTER CITY,HENAN JIANYE,53,2P,Gustavo,,,HENAN JIANYE,Missed Penalty,1523140.0
09/05/2026,Chinese Super League,2026/2027,CHENGDU BETTER CITY,HENAN JIANYE,74,2P,Wei Shihao,,,CHENGDU BETTER CITY,Normal Goal,1523140.0
09/05/2026,Chinese Super League,2026/2027,CHENGDU BETTER CITY,HENAN JIANYE,90,2P,Abduweli Behram,,,CHENGDU BETTER CITY,Normal Goal,1523140.0
10/05/2026,Chinese Super League,2026/2027,QINGDAO YOUTH ISLAND,WUHAN THREE TOWNS,23,1P,Yang Zhanpeng,N. Da Luz,,QINGDAO YOUTH ISLAND,Normal Goal,1523141.0
10/05/2026,Chinese Super League,2026/2027,QINGDAO YOUTH ISLAND,WUHAN THREE TOWNS,90,2P,J. Cadiz,,,WUHAN THREE TOWNS,Penalty,1523141.0
10/05/2026,Chinese Super League,2026/2027,SICHUAN JIUNIU,SHANDONG LUNENG,45,1P,Cryzan,,,SHANDONG LUNENG,Normal Goal,1523146.0
10/05/2026,Chinese Super League,2026/2027,SICHUAN JIUNIU,SHANDONG LUNENG,78,2P,Cryzan,,,SHANDONG LUNENG,Normal Goal,1523146.0
10/05/2026,Chinese Super League,2026/2027,SICHUAN JIUNIU,SHANDONG LUNENG,90,2P,Hu Ruibao,,,SICHUAN JIUNIU,Normal Goal,1523146.0
10/05/2026,Chinese Super League,2026/2027,SHENYANG URBAN,YUNNAN YUKUN,8,1P,Huang Zichang,Xu Xin,,YUNNAN YUKUN,Normal Goal,1523142.0
10/05/2026,Chinese Super League,2026/2027,SHENYANG URBAN,YUNNAN YUKUN,61,2P,O. Taty Maritu,Cleber,,YUNNAN YUKUN,Normal Goal,1523142.0
10/05/2026,Chinese Super League,2026/2027,SHENYANG URBAN,YUNNAN YUKUN,90,2P,G. Mbenza,,,SHENYANG URBAN,Normal Goal,1523142.0
10/05/2026,Chinese Super League,2026/2027,BEIJING GUOAN,SHANGHAI SIPG,45,1P,Mateus Vital,,,SHANGHAI SIPG,Penalty,1523144.0
10/05/2026,Chinese Super League,2026/2027,BEIJING GUOAN,SHANGHAI SIPG,49,2P,F. Abreu,,,BEIJING GUOAN,Normal Goal,1523144.0
10/05/2026,Chinese Super League,2026/2027,BEIJING GUOAN,SHANGHAI SIPG,62,2P,Leonardo,,,SHANGHAI SIPG,Normal Goal,1523144.0
10/05/2026,Chinese Super League,2026/2027,BEIJING GUOAN,SHANGHAI SIPG,86,2P,Zhang Xizhe,,,BEIJING GUOAN,Penalty,1523144.0
10/05/2026,Chinese Super League,2026/2027,HANGZHOU GREENTOWN,TIANJIN TEDA,81,2P,A. Mitrita,,,HANGZHOU GREENTOWN,Normal Goal,1523145.0
10/05/2026,Chinese Super League,2026/2027,HANGZHOU GREENTOWN,TIANJIN TEDA,90,2P,Xadas,,,TIANJIN TEDA,Penalty,1523145.0
10/05/2026,Chinese Super League,2026/2027,QINGDAO JONOON,DALIAN ZHIXING,14,1P,C. Strandberg,Lin Chuangyi,,QINGDAO JONOON,Normal Goal,1523143.0
10/05/2026,Chinese Super League,2026/2027,QINGDAO JONOON,DALIAN ZHIXING,18,1P,Y. Yeboah,,,QINGDAO JONOON,Normal Goal,1523143.0
10/05/2026,Chinese Super League,2026/2027,QINGDAO JONOON,DALIAN ZHIXING,51,2P,F. Acheampong,W. Mao,,DALIAN ZHIXING,Normal Goal,1523143.0
10/05/2026,Chinese Super League,2026/2027,QINGDAO JONOON,DALIAN ZHIXING,85,2P,C. Strandberg,Song Wenjie,,QINGDAO JONOON,Normal Goal,1523143.0
15/05/2026,Chinese Super League,2026/2027,SHANGHAI SIPG,HANGZHOU GREENTOWN,22,1P,Mateus Vital,,,SHANGHAI SIPG,Normal Goal,1523148.0
15/05/2026,Chinese Super League,2026/2027,SHANGHAI SIPG,HANGZHOU GREENTOWN,28,1P,Y. Wang,,,HANGZHOU GREENTOWN,Normal Goal,1523148.0
15/05/2026,Chinese Super League,2026/2027,SHANGHAI SIPG,HANGZHOU GREENTOWN,56,2P,Gao Di,,,HANGZHOU GREENTOWN,Normal Goal,1523148.0
15/05/2026,Chinese Super League,2026/2027,SHANGHAI SIPG,HANGZHOU GREENTOWN,81,2P,Zhang Yuan,,,SHANGHAI SIPG,Normal Goal,1523148.0
15/05/2026,Chinese Super League,2026/2027,TIANJIN TEDA,CHENGDU BETTER CITY,9,1P,Wang Xianjun,A. Cordoba,,TIANJIN TEDA,Normal Goal,1523149.0
15/05/2026,Chinese Super League,2026/2027,TIANJIN TEDA,CHENGDU BETTER CITY,16,1P,Wei Shihao,,,CHENGDU BETTER CITY,Normal Goal,1523149.0
15/05/2026,Chinese Super League,2026/2027,TIANJIN TEDA,CHENGDU BETTER CITY,56,2P,Wei Shihao,Wellington Silva,,CHENGDU BETTER CITY,Normal Goal,1523149.0
15/05/2026,Chinese Super League,2026/2027,HENAN JIANYE,SICHUAN JIUNIU,66,2P,Bruno Nazario,,,HENAN JIANYE,Normal Goal,1523147.0
15/05/2026,Chinese Super League,2026/2027,BEIJING GUOAN,QINGDAO JONOON,12,1P,Zhang Yuning,F. Abreu,,BEIJING GUOAN,Normal Goal,1523150.0
15/05/2026,Chinese Super League,2026/2027,BEIJING GUOAN,QINGDAO JONOON,24,1P,Yue Tze-Nam,,,BEIJING GUOAN,Normal Goal,1523150.0
15/05/2026,Chinese Super League,2026/2027,BEIJING GUOAN,QINGDAO JONOON,37,1P,Zhang Xizhe,,,BEIJING GUOAN,Penalty,1523150.0
15/05/2026,Chinese Super League,2026/2027,BEIJING GUOAN,QINGDAO JONOON,65,2P,Cao Yongjing,Zhang Yuning,,BEIJING GUOAN,Normal Goal,1523150.0
15/05/2026,Chinese Super League,2026/2027,BEIJING GUOAN,QINGDAO JONOON,67,2P,Song Wenjie,Song Long,,QINGDAO JONOON,Normal Goal,1523150.0
15/05/2026,Chinese Super League,2026/2027,BEIJING GUOAN,QINGDAO JONOON,90,2P,Ngan Cheuk-Pan,,,QINGDAO JONOON,Normal Goal,1523150.0
15/05/2026,Chinese Super League,2026/2027,DALIAN ZHIXING,QINGDAO YOUTH ISLAND,22,1P,A. Yakubu,,,QINGDAO YOUTH ISLAND,Penalty,1523151.0
15/05/2026,Chinese Super League,2026/2027,DALIAN ZHIXING,QINGDAO YOUTH ISLAND,52,2P,N. Stanciu,,,DALIAN ZHIXING,Normal Goal,1523151.0
15/05/2026,Chinese Super League,2026/2027,DALIAN ZHIXING,QINGDAO YOUTH ISLAND,69,2P,Davidson,He Longhai,,QINGDAO YOUTH ISLAND,Normal Goal,1523151.0
15/05/2026,Chinese Super League,2026/2027,DALIAN ZHIXING,QINGDAO YOUTH ISLAND,90,2P,N. Da Luz,,,QINGDAO YOUTH ISLAND,Penalty,1523151.0
15/05/2026,Chinese Super League,2026/2027,DALIAN ZHIXING,QINGDAO YOUTH ISLAND,90,2P,F. Acheampong,,,DALIAN ZHIXING,Normal Goal,1523151.0
16/05/2026,Chinese Super League,2026/2027,WUHAN THREE TOWNS,SHENYANG URBAN,10,1P,Gustavo Sauer,,,WUHAN THREE TOWNS,Normal Goal,1523152.0
16/05/2026,Chinese Super League,2026/2027,WUHAN THREE TOWNS,SHENYANG URBAN,27,1P,Yan Dinghao,,,SHENYANG URBAN,Normal Goal,1523152.0
16/05/2026,Chinese Super League,2026/2027,WUHAN THREE TOWNS,SHENYANG URBAN,38,1P,J. Cadiz,,,WUHAN THREE TOWNS,Normal Goal,1523152.0
16/05/2026,Chinese Super League,2026/2027,WUHAN THREE TOWNS,SHENYANG URBAN,85,2P,A. Kouame,,,SHENYANG URBAN,Normal Goal,1523152.0
16/05/2026,Chinese Super League,2026/2027,SHANDONG LUNENG,CHONGQING TONGLIANG LONG,35,1P,Guilherme Madruga,,,SHANDONG LUNENG,Normal Goal,1523153.0
16/05/2026,Chinese Super League,2026/2027,SHANDONG LUNENG,CHONGQING TONGLIANG LONG,38,1P,Guilherme Madruga,,,SHANDONG LUNENG,Normal Goal,1523153.0
16/05/2026,Chinese Super League,2026/2027,SHANDONG LUNENG,CHONGQING TONGLIANG LONG,69,2P,L. Dimata,,,CHONGQING TONGLIANG LONG,Normal Goal,1523153.0
16/05/2026,Chinese Super League,2026/2027,SHANDONG LUNENG,CHONGQING TONGLIANG LONG,90,2P,Xie Wenneng,,,SHANDONG LUNENG,Normal Goal,1523153.0
16/05/2026,Chinese Super League,2026/2027,YUNNAN YUKUN,SHANGHAI SHENHUA,66,2P,O. Taty Maritu,,,YUNNAN YUKUN,Normal Goal,1523154.0
19/05/2026,Chinese Super League,2026/2027,TIANJIN TEDA,HENAN JIANYE,26,1P,Gustavo,,,HENAN JIANYE,Normal Goal,1523156.0
19/05/2026,Chinese Super League,2026/2027,TIANJIN TEDA,HENAN JIANYE,60,2P,A. Quiles,,,TIANJIN TEDA,Normal Goal,1523156.0
19/05/2026,Chinese Super League,2026/2027,TIANJIN TEDA,HENAN JIANYE,86,2P,Bruno Nazario,,,HENAN JIANYE,Penalty,1523156.0
19/05/2026,Chinese Super League,2026/2027,SICHUAN JIUNIU,DALIAN ZHIXING,28,1P,C. Malele,,,DALIAN ZHIXING,Penalty,1523155.0
19/05/2026,Chinese Super League,2026/2027,SICHUAN JIUNIU,DALIAN ZHIXING,30,1P,M. Traore,,,SICHUAN JIUNIU,Own Goal,1523155.0
19/05/2026,Chinese Super League,2026/2027,CHENGDU BETTER CITY,SHANGHAI SIPG,70,2P,X. Li,,,SHANGHAI SIPG,Normal Goal,1523157.0
19/05/2026,Chinese Super League,2026/2027,QINGDAO YOUTH ISLAND,BEIJING GUOAN,73,2P,Davidson,,,QINGDAO YOUTH ISLAND,Normal Goal,1523158.0
19/05/2026,Chinese Super League,2026/2027,QINGDAO YOUTH ISLAND,BEIJING GUOAN,78,2P,Lin Liangming,,,BEIJING GUOAN,Normal Goal,1523158.0
20/05/2026,Chinese Super League,2026/2027,SHENYANG URBAN,QINGDAO JONOON,34,1P,G. Mbenza,T. Kunimoto,,SHENYANG URBAN,Normal Goal,1523159.0
20/05/2026,Chinese Super League,2026/2027,SHENYANG URBAN,QINGDAO JONOON,57,2P,Y. Yeboah,Jin Yonghao,,QINGDAO JONOON,Normal Goal,1523159.0
20/05/2026,Chinese Super League,2026/2027,SHENYANG URBAN,QINGDAO JONOON,81,2P,G. Mbenza,Chen Binbin,,SHENYANG URBAN,Normal Goal,1523159.0
20/05/2026,Chinese Super League,2026/2027,SHANGHAI SHENHUA,WUHAN THREE TOWNS,7,1P,Xu Haoyang,Zhu Chenjie,,SHANGHAI SHENHUA,Normal Goal,1523160.0
20/05/2026,Chinese Super League,2026/2027,SHANGHAI SHENHUA,WUHAN THREE TOWNS,37,1P,Rafael Ratao,Gao Tianyi,,SHANGHAI SHENHUA,Normal Goal,1523160.0
20/05/2026,Chinese Super League,2026/2027,SHANGHAI SHENHUA,WUHAN THREE TOWNS,44,1P,Gustavo Sauer,J. Cadiz,,WUHAN THREE TOWNS,Normal Goal,1523160.0
20/05/2026,Chinese Super League,2026/2027,SHANGHAI SHENHUA,WUHAN THREE TOWNS,74,2P,J. Cadiz,Long Wei,,WUHAN THREE TOWNS,Normal Goal,1523160.0
20/05/2026,Chinese Super League,2026/2027,HANGZHOU GREENTOWN,SHANDONG LUNENG,1,1P,R. Merkies,Xie Wenneng,,SHANDONG LUNENG,Normal Goal,1523162.0
20/05/2026,Chinese Super League,2026/2027,HANGZHOU GREENTOWN,SHANDONG LUNENG,60,2P,Cheng Jin,,,HANGZHOU GREENTOWN,Normal Goal,1523162.0
20/05/2026,Chinese Super League,2026/2027,HANGZHOU GREENTOWN,SHANDONG LUNENG,64,2P,Gao Di,A. Mitrita,,HANGZHOU GREENTOWN,Normal Goal,1523162.0
20/05/2026,Chinese Super League,2026/2027,HANGZHOU GREENTOWN,SHANDONG LUNENG,73,2P,M. Tolic,Y. Wang,,HANGZHOU GREENTOWN,Normal Goal,1523162.0
20/05/2026,Chinese Super League,2026/2027,HANGZHOU GREENTOWN,SHANDONG LUNENG,90,2P,Tao Qianglong,A. Mitrita,,HANGZHOU GREENTOWN,Normal Goal,1523162.0
23/05/2026,Chinese Super League,2026/2027,SHANGHAI SIPG,TIANJIN TEDA,52,2P,Leonardo,X. Li,,SHANGHAI SIPG,Normal Goal,1523163.0
23/05/2026,Chinese Super League,2026/2027,SHANGHAI SIPG,TIANJIN TEDA,77,2P,Xadas,,,TIANJIN TEDA,Penalty,1523163.0
23/05/2026,Chinese Super League,2026/2027,BEIJING GUOAN,HENAN JIANYE,27,1P,Dawhan,Serginho,,BEIJING GUOAN,Normal Goal,1523164.0
23/05/2026,Chinese Super League,2026/2027,BEIJING GUOAN,HENAN JIANYE,78,2P,F. Abreu,,,HENAN JIANYE,Own Goal,1523164.0
23/05/2026,Chinese Super League,2026/2027,BEIJING GUOAN,HENAN JIANYE,87,2P,Gustavo,Bruno Nazario,,HENAN JIANYE,Normal Goal,1523164.0
23/05/2026,Chinese Super League,2026/2027,DALIAN ZHIXING,CHENGDU BETTER CITY,76,2P,C. Malele,,,DALIAN ZHIXING,Normal Goal,1523165.0
23/05/2026,Chinese Super League,2026/2027,DALIAN ZHIXING,CHENGDU BETTER CITY,89,2P,M. Traore,,,DALIAN ZHIXING,Normal Goal,1523165.0
24/05/2026,Chinese Super League,2026/2027,QINGDAO JONOON,CHONGQING TONGLIANG LONG,63,2P,G. Cimpanu,,,CHONGQING TONGLIANG LONG,Normal Goal,1523166.0
24/05/2026,Chinese Super League,2026/2027,YUNNAN YUKUN,QINGDAO YOUTH ISLAND,13,1P,A. Ionita II,Cleber,,YUNNAN YUKUN,Normal Goal,1523167.0
24/05/2026,Chinese Super League,2026/2027,YUNNAN YUKUN,QINGDAO YOUTH ISLAND,45,1P,N. Da Luz,A. Yakubu,,QINGDAO YOUTH ISLAND,Normal Goal,1523167.0
24/05/2026,Chinese Super League,2026/2027,YUNNAN YUKUN,QINGDAO YOUTH ISLAND,52,2P,Peng Xinli,N. Da Luz,,QINGDAO YOUTH ISLAND,Normal Goal,1523167.0
24/05/2026,Chinese Super League,2026/2027,YUNNAN YUKUN,QINGDAO YOUTH ISLAND,68,2P,N. Da Luz,Peng Xinli,,QINGDAO YOUTH ISLAND,Normal Goal,1523167.0
24/05/2026,Chinese Super League,2026/2027,YUNNAN YUKUN,QINGDAO YOUTH ISLAND,85,2P,O. Taty Maritu,,,YUNNAN YUKUN,Penalty,1523167.0
24/05/2026,Chinese Super League,2026/2027,SHANDONG LUNENG,WUHAN THREE TOWNS,6,1P,Cryzan,,,SHANDONG LUNENG,Penalty,1523168.0
24/05/2026,Chinese Super League,2026/2027,SHANDONG LUNENG,WUHAN THREE TOWNS,13,1P,Gustavo Sauer,J. Cadiz,,WUHAN THREE TOWNS,Normal Goal,1523168.0
24/05/2026,Chinese Super League,2026/2027,SHANDONG LUNENG,WUHAN THREE TOWNS,30,1P,J. Cadiz,,,WUHAN THREE TOWNS,Penalty,1523168.0
24/05/2026,Chinese Super League,2026/2027,SHANDONG LUNENG,WUHAN THREE TOWNS,44,1P,Xie Wenneng,Liu Yang,,SHANDONG LUNENG,Normal Goal,1523168.0
24/05/2026,Chinese Super League,2026/2027,SHANDONG LUNENG,WUHAN THREE TOWNS,69,2P,Cryzan,Liu Yang,,SHANDONG LUNENG,Normal Goal,1523168.0
24/05/2026,Chinese Super League,2026/2027,SHANDONG LUNENG,WUHAN THREE TOWNS,88,2P,J. Cadiz,Gustavo Sauer,,WUHAN THREE TOWNS,Normal Goal,1523168.0
24/05/2026,Chinese Super League,2026/2027,HANGZHOU GREENTOWN,SHENYANG URBAN,11,1P,G. Mbenza,A. Kouame,,SHENYANG URBAN,Normal Goal,1523169.0
24/05/2026,Chinese Super League,2026/2027,HANGZHOU GREENTOWN,SHENYANG URBAN,27,1P,G. Mbenza,,,SHENYANG URBAN,Normal Goal,1523169.0
24/05/2026,Chinese Super League,2026/2027,HANGZHOU GREENTOWN,SHENYANG URBAN,60,2P,G. Mbenza,A. Kouame,,SHENYANG URBAN,Normal Goal,1523169.0
24/05/2026,Chinese Super League,2026/2027,HANGZHOU GREENTOWN,SHENYANG URBAN,80,2P,Jeffinho,,,SHENYANG URBAN,Normal Goal,1523169.0
24/05/2026,Chinese Super League,2026/2027,HANGZHOU GREENTOWN,SHENYANG URBAN,90,2P,Tian Yuda,Zang Yifeng,,SHENYANG URBAN,Normal Goal,1523169.0
24/05/2026,Chinese Super League,2026/2027,SHANGHAI SHENHUA,SICHUAN JIUNIU,5,1P,A. Ademi,,,SICHUAN JIUNIU,Normal Goal,1523170.0
24/05/2026,Chinese Super League,2026/2027,SHANGHAI SHENHUA,SICHUAN JIUNIU,17,1P,E. Kartsev,,,SICHUAN JIUNIU,Penalty,1523170.0
24/05/2026,Chinese Super League,2026/2027,SHANGHAI SHENHUA,SICHUAN JIUNIU,24,1P,Rafael Ratao,,,SHANGHAI SHENHUA,Penalty,1523170.0
29/05/2026,Chinese Super League,2026/2027,SHENYANG URBAN,SHANGHAI SIPG,9,1P,T. Kunimoto,,,SHENYANG URBAN,Normal Goal,1523171.0
29/05/2026,Chinese Super League,2026/2027,SHENYANG URBAN,SHANGHAI SIPG,20,1P,Li Shuai,,,SHANGHAI SIPG,Normal Goal,1523171.0
29/05/2026,Chinese Super League,2026/2027,SHENYANG URBAN,SHANGHAI SIPG,70,2P,G. Mbenza,,,SHENYANG URBAN,Normal Goal,1523171.0
29/05/2026,Chinese Super League,2026/2027,SHENYANG URBAN,SHANGHAI SIPG,84,2P,Leonardo,,,SHANGHAI SIPG,Normal Goal,1523171.0
29/05/2026,Chinese Super League,2026/2027,SHENYANG URBAN,SHANGHAI SIPG,85,2P,Jeffinho,,,SHENYANG URBAN,Normal Goal,1523171.0
30/05/2026,Chinese Super League,2026/2027,QINGDAO YOUTH ISLAND,SHANGHAI SHENHUA,2,1P,Wu Xi,Chan Shinichi,,SHANGHAI SHENHUA,Normal Goal,1523174.0
30/05/2026,Chinese Super League,2026/2027,QINGDAO YOUTH ISLAND,SHANGHAI SHENHUA,45,1P,A. Yakubu,,,QINGDAO YOUTH ISLAND,Penalty,1523174.0
30/05/2026,Chinese Super League,2026/2027,QINGDAO YOUTH ISLAND,SHANGHAI SHENHUA,49,2P,Davidson,,,QINGDAO YOUTH ISLAND,Normal Goal,1523174.0
30/05/2026,Chinese Super League,2026/2027,QINGDAO YOUTH ISLAND,SHANGHAI SHENHUA,73,2P,Zhu Chenjie,,,SHANGHAI SHENHUA,Normal Goal,1523174.0
30/05/2026,Chinese Super League,2026/2027,HENAN JIANYE,HANGZHOU GREENTOWN,31,1P,A. Mitrita,,,HANGZHOU GREENTOWN,Normal Goal,1523172.0
30/05/2026,Chinese Super League,2026/2027,HENAN JIANYE,HANGZHOU GREENTOWN,90,2P,Tao Qianglong,,,HANGZHOU GREENTOWN,Normal Goal,1523172.0
30/05/2026,Chinese Super League,2026/2027,CHENGDU BETTER CITY,SHANDONG LUNENG,14,1P,Matheus Jussa,Romulo,,CHENGDU BETTER CITY,Normal Goal,1523173.0
30/05/2026,Chinese Super League,2026/2027,SICHUAN JIUNIU,QINGDAO JONOON,13,1P,Wesley Moraes,,,SICHUAN JIUNIU,Normal Goal,1523176.0
30/05/2026,Chinese Super League,2026/2027,SICHUAN JIUNIU,QINGDAO JONOON,68,2P,Wesley Moraes,,,SICHUAN JIUNIU,Normal Goal,1523176.0
30/05/2026,Chinese Super League,2026/2027,SICHUAN JIUNIU,QINGDAO JONOON,80,2P,Yang Cong,,,QINGDAO JONOON,Normal Goal,1523176.0
30/05/2026,Chinese Super League,2026/2027,SICHUAN JIUNIU,QINGDAO JONOON,90,2P,Wesley Moraes,,,SICHUAN JIUNIU,Normal Goal,1523176.0
30/05/2026,Chinese Super League,2026/2027,SICHUAN JIUNIU,QINGDAO JONOON,90,2P,M. Edjouma,,,QINGDAO JONOON,Penalty,1523176.0
30/05/2026,Chinese Super League,2026/2027,CHONGQING TONGLIANG LONG,BEIJING GUOAN,34,1P,F. Abreu,Zhang Xizhe,,BEIJING GUOAN,Normal Goal,1523175.0
30/05/2026,Chinese Super League,2026/2027,CHONGQING TONGLIANG LONG,BEIJING GUOAN,53,2P,L. Dimata,G. Cimpanu,,CHONGQING TONGLIANG LONG,Normal Goal,1523175.0
30/05/2026,Chinese Super League,2026/2027,CHONGQING TONGLIANG LONG,BEIJING GUOAN,68,2P,Lucao,G. Cimpanu,,CHONGQING TONGLIANG LONG,Normal Goal,1523175.0
30/05/2026,Chinese Super League,2026/2027,CHONGQING TONGLIANG LONG,BEIJING GUOAN,82,2P,Serginho,Zhang Yuning,,BEIJING GUOAN,Normal Goal,1523175.0
30/05/2026,Chinese Super League,2026/2027,CHONGQING TONGLIANG LONG,BEIJING GUOAN,85,2P,F. Abreu,,,BEIJING GUOAN,Normal Goal,1523175.0
31/05/2026,Chinese Super League,2026/2027,TIANJIN TEDA,DALIAN ZHIXING,10,1P,A. Cordoba,Yang Fan,,TIANJIN TEDA,Normal Goal,1523177.0
31/05/2026,Chinese Super League,2026/2027,WUHAN THREE TOWNS,YUNNAN YUKUN,57,2P,J. Cadiz,,,WUHAN THREE TOWNS,Normal Goal,1523178.0
31/05/2026,Chinese Super League,2026/2027,WUHAN THREE TOWNS,YUNNAN YUKUN,74,2P,Huang Zichang,,,YUNNAN YUKUN,Normal Goal,1523178.0
26/06/2026,Chinese Super League,2026/2027,QINGDAO JONOON,YUNNAN YUKUN,13,1P,Song Wenjie,Jin Yonghao,,QINGDAO JONOON,Normal Goal,1523179.0
26/06/2026,Chinese Super League,2026/2027,QINGDAO JONOON,YUNNAN YUKUN,19,1P,O. Taty Maritu,Ye Chugui,,YUNNAN YUKUN,Normal Goal,1523179.0
26/06/2026,Chinese Super League,2026/2027,QINGDAO JONOON,YUNNAN YUKUN,26,1P,Lin Chuangyi,Song Wenjie,,QINGDAO JONOON,Normal Goal,1523179.0
26/06/2026,Chinese Super League,2026/2027,QINGDAO JONOON,YUNNAN YUKUN,30,1P,Cleber,Caio Vinicius,,YUNNAN YUKUN,Normal Goal,1523179.0
26/06/2026,Chinese Super League,2026/2027,QINGDAO JONOON,YUNNAN YUKUN,40,1P,M. Edjouma,,,QINGDAO JONOON,Normal Goal,1523179.0
26/06/2026,Chinese Super League,2026/2027,QINGDAO JONOON,YUNNAN YUKUN,45,1P,A. El Messaoudi,Song Wenjie,,QINGDAO JONOON,Normal Goal,1523179.0
27/06/2026,Chinese Super League,2026/2027,SHENYANG URBAN,SHANDONG LUNENG,14,1P,Zeca,Xie Wenneng,,SHANDONG LUNENG,Normal Goal,1523180.0
27/06/2026,Chinese Super League,2026/2027,SHENYANG URBAN,SHANDONG LUNENG,25,1P,Zeca,,,SHANDONG LUNENG,Penalty,1523180.0
27/06/2026,Chinese Super League,2026/2027,SHENYANG URBAN,SHANDONG LUNENG,52,2P,V. Qazaishvili,,,SHANDONG LUNENG,Penalty,1523180.0
27/06/2026,Chinese Super League,2026/2027,SHENYANG URBAN,SHANDONG LUNENG,55,2P,Guilherme Madruga,Zeca,,SHANDONG LUNENG,Normal Goal,1523180.0
27/06/2026,Chinese Super League,2026/2027,SHENYANG URBAN,SHANDONG LUNENG,69,2P,T. Kunimoto,Zang Yifeng,,SHENYANG URBAN,Normal Goal,1523180.0
27/06/2026,Chinese Super League,2026/2027,SHENYANG URBAN,SHANDONG LUNENG,88,2P,V. Qazaishvili,,,SHANDONG LUNENG,Normal Goal,1523180.0
27/06/2026,Chinese Super League,2026/2027,HENAN JIANYE,SHANGHAI SIPG,7,1P,Bruno Nazario,Gustavo,,HENAN JIANYE,Normal Goal,1523181.0
27/06/2026,Chinese Super League,2026/2027,HENAN JIANYE,SHANGHAI SIPG,16,1P,X. Li,O. Melendo,,SHANGHAI SIPG,Normal Goal,1523181.0
27/06/2026,Chinese Super League,2026/2027,HENAN JIANYE,SHANGHAI SIPG,56,2P,Jean Claude,Mateus Vital,,SHANGHAI SIPG,Normal Goal,1523181.0
27/06/2026,Chinese Super League,2026/2027,SICHUAN JIUNIU,CHENGDU BETTER CITY,5,1P,Wei Shihao,,,CHENGDU BETTER CITY,Penalty,1523182.0
27/06/2026,Chinese Super League,2026/2027,SICHUAN JIUNIU,CHENGDU BETTER CITY,54,2P,He Yiran,,,CHENGDU BETTER CITY,Normal Goal,1523182.0
27/06/2026,Chinese Super League,2026/2027,SICHUAN JIUNIU,CHENGDU BETTER CITY,73,2P,D. Owusu-Sekyere,Yang Yiming,,SICHUAN JIUNIU,Normal Goal,1523182.0
27/06/2026,Chinese Super League,2026/2027,SICHUAN JIUNIU,CHENGDU BETTER CITY,89,2P,T. Chow,,,SICHUAN JIUNIU,Normal Goal,1523182.0
27/06/2026,Chinese Super League,2026/2027,SICHUAN JIUNIU,CHENGDU BETTER CITY,90,2P,Wei Shihao,Felipe Silva,,CHENGDU BETTER CITY,Normal Goal,1523182.0
27/06/2026,Chinese Super League,2026/2027,BEIJING GUOAN,WUHAN THREE TOWNS,66,2P,G. Ramos,,,BEIJING GUOAN,Normal Goal,1523183.0
27/06/2026,Chinese Super League,2026/2027,CHONGQING TONGLIANG LONG,TIANJIN TEDA,49,2P,G. Cimpanu,,,CHONGQING TONGLIANG LONG,Normal Goal,1523184.0
28/06/2026,Chinese Super League,2026/2027,QINGDAO YOUTH ISLAND,HANGZHOU GREENTOWN,7,1P,A. Zhang,Cheng Jin,,HANGZHOU GREENTOWN,Normal Goal,1523185.0
28/06/2026,Chinese Super League,2026/2027,QINGDAO YOUTH ISLAND,HANGZHOU GREENTOWN,20,1P,Peng Xinli,A. Yakubu,,QINGDAO YOUTH ISLAND,Normal Goal,1523185.0
28/06/2026,Chinese Super League,2026/2027,QINGDAO YOUTH ISLAND,HANGZHOU GREENTOWN,49,2P,N. Da Luz,Davidson,,QINGDAO YOUTH ISLAND,Normal Goal,1523185.0
28/06/2026,Chinese Super League,2026/2027,QINGDAO YOUTH ISLAND,HANGZHOU GREENTOWN,66,2P,N. Da Luz,Peng Xinli,,QINGDAO YOUTH ISLAND,Normal Goal,1523185.0
28/06/2026,Chinese Super League,2026/2027,DALIAN ZHIXING,SHANGHAI SHENHUA,9,1P,N. Stanciu,,,DALIAN ZHIXING,Normal Goal,1523186.0
28/06/2026,Chinese Super League,2026/2027,DALIAN ZHIXING,SHANGHAI SHENHUA,25,1P,Wu Xi,,,SHANGHAI SHENHUA,Penalty,1523186.0
28/06/2026,Chinese Super League,2026/2027,DALIAN ZHIXING,SHANGHAI SHENHUA,32,1P,L. Asue,,,SHANGHAI SHENHUA,Normal Goal,1523186.0
28/06/2026,Chinese Super League,2026/2027,DALIAN ZHIXING,SHANGHAI SHENHUA,59,2P,Rafael Ratao,,,SHANGHAI SHENHUA,Normal Goal,1523186.0
28/06/2026,Chinese Super League,2026/2027,DALIAN ZHIXING,SHANGHAI SHENHUA,90,2P,Rafael Ratao,,,SHANGHAI SHENHUA,Normal Goal,1523186.0
03/07/2026,Chinese Super League,2026/2027,YUNNAN YUKUN,HENAN JIANYE,36,1P,Bruno Nazario,Wang Shangyuan,,HENAN JIANYE,Normal Goal,1523187.0
03/07/2026,Chinese Super League,2026/2027,YUNNAN YUKUN,HENAN JIANYE,64,2P,Abdusalam Bunyamin,O. Taty Maritu,,YUNNAN YUKUN,Normal Goal,1523187.0
03/07/2026,Chinese Super League,2026/2027,YUNNAN YUKUN,HENAN JIANYE,75,2P,Cleber,,,YUNNAN YUKUN,Normal Goal,1523187.0
04/07/2026,Chinese Super League,2026/2027,SHENYANG URBAN,CHONGQING TONGLIANG LONG,21,1P,Xiang Yuwang,,,CHONGQING TONGLIANG LONG,Normal Goal,1523188.0
04/07/2026,Chinese Super League,2026/2027,SHENYANG URBAN,CHONGQING TONGLIANG LONG,47,2P,A. Kouame,,,SHENYANG URBAN,Normal Goal,1523188.0
04/07/2026,Chinese Super League,2026/2027,SHENYANG URBAN,CHONGQING TONGLIANG LONG,74,2P,Jeffinho,,,SHENYANG URBAN,Normal Goal,1523188.0
04/07/2026,Chinese Super League,2026/2027,SHENYANG URBAN,CHONGQING TONGLIANG LONG,83,2P,Jeffinho,,,SHENYANG URBAN,Normal Goal,1523188.0
04/07/2026,Chinese Super League,2026/2027,QINGDAO YOUTH ISLAND,SHANGHAI SIPG,84,2P,N. Da Luz,,,QINGDAO YOUTH ISLAND,Normal Goal,1523189.0
04/07/2026,Chinese Super League,2026/2027,QINGDAO YOUTH ISLAND,SHANGHAI SIPG,90,2P,Davidson,,,QINGDAO YOUTH ISLAND,Normal Goal,1523189.0
04/07/2026,Chinese Super League,2026/2027,QINGDAO YOUTH ISLAND,SHANGHAI SIPG,90,2P,M. Orr,,,SHANGHAI SIPG,Normal Goal,1523189.0
04/07/2026,Chinese Super League,2026/2027,BEIJING GUOAN,SHANDONG LUNENG,74,2P,Serginho,,,BEIJING GUOAN,Normal Goal,1523190.0
04/07/2026,Chinese Super League,2026/2027,BEIJING GUOAN,SHANDONG LUNENG,81,2P,Lin Liangming,,,BEIJING GUOAN,Normal Goal,1523190.0
04/07/2026,Chinese Super League,2026/2027,DALIAN ZHIXING,WUHAN THREE TOWNS,2,1P,K. Bevis,J. Cadiz,,WUHAN THREE TOWNS,Normal Goal,1523191.0
04/07/2026,Chinese Super League,2026/2027,DALIAN ZHIXING,WUHAN THREE TOWNS,44,1P,N. Stanciu,F. Acheampong,,DALIAN ZHIXING,Normal Goal,1523191.0
04/07/2026,Chinese Super League,2026/2027,DALIAN ZHIXING,WUHAN THREE TOWNS,45,1P,J. Cadiz,,,WUHAN THREE TOWNS,Penalty,1523191.0
04/07/2026,Chinese Super League,2026/2027,DALIAN ZHIXING,WUHAN THREE TOWNS,55,2P,Luo Jing,,,DALIAN ZHIXING,Normal Goal,1523191.0
04/07/2026,Chinese Super League,2026/2027,DALIAN ZHIXING,WUHAN THREE TOWNS,90,2P,C. Malele,Luo Jing,,DALIAN ZHIXING,Normal Goal,1523191.0
04/07/2026,Chinese Super League,2026/2027,TIANJIN TEDA,SICHUAN JIUNIU,26,1P,Guilherme Schettine,Ba Dun,,TIANJIN TEDA,Normal Goal,1523192.0
04/07/2026,Chinese Super League,2026/2027,TIANJIN TEDA,SICHUAN JIUNIU,90,2P,Xadas,A. Quiles,,TIANJIN TEDA,Normal Goal,1523192.0
04/07/2026,Chinese Super League,2026/2027,TIANJIN TEDA,SICHUAN JIUNIU,90,2P,Ji Shengpan,A. Quiles,,TIANJIN TEDA,Normal Goal,1523192.0
05/07/2026,Chinese Super League,2026/2027,QINGDAO JONOON,CHENGDU BETTER CITY,55,2P,Yang Ming-Yang,Felipe Silva,,CHENGDU BETTER CITY,Normal Goal,1523193.0
05/07/2026,Chinese Super League,2026/2027,QINGDAO JONOON,CHENGDU BETTER CITY,84,2P,Yang Cong,,,QINGDAO JONOON,Normal Goal,1523193.0
05/07/2026,Chinese Super League,2026/2027,SHANGHAI SHENHUA,HANGZHOU GREENTOWN,19,1P,Wu Xi,L. Asue,,SHANGHAI SHENHUA,Normal Goal,1523194.0
05/07/2026,Chinese Super League,2026/2027,SHANGHAI SHENHUA,HANGZHOU GREENTOWN,51,2P,Wu Xi,Zhu Chenjie,,SHANGHAI SHENHUA,Normal Goal,1523194.0
05/07/2026,Chinese Super League,2026/2027,SHANGHAI SHENHUA,HANGZHOU GREENTOWN,66,2P,Y. Wang,A. Mitrita,,HANGZHOU GREENTOWN,Normal Goal,1523194.0
05/07/2026,Chinese Super League,2026/2027,SHANGHAI SHENHUA,HANGZHOU GREENTOWN,79,2P,M. Tolic,Xu Junchi,,HANGZHOU GREENTOWN,Normal Goal,1523194.0
05/07/2026,Chinese Super League,2026/2027,SHANGHAI SHENHUA,HANGZHOU GREENTOWN,86,2P,Rafael Ratao,,,SHANGHAI SHENHUA,Penalty,1523194.0
10/07/2026,Chinese Super League,2026/2027,SHANDONG LUNENG,YUNNAN YUKUN,10,1P,Mijit Mewlan,Zeca,,SHANDONG LUNENG,Normal Goal,1523195.0
10/07/2026,Chinese Super League,2026/2027,SHANDONG LUNENG,YUNNAN YUKUN,16,1P,Zeca,Liu Yang,,SHANDONG LUNENG,Normal Goal,1523195.0
10/07/2026,Chinese Super League,2026/2027,SHANDONG LUNENG,YUNNAN YUKUN,26,1P,Zeca,Mijit Mewlan,,SHANDONG LUNENG,Normal Goal,1523195.0
10/07/2026,Chinese Super League,2026/2027,SHANDONG LUNENG,YUNNAN YUKUN,42,1P,A. Ionita II,O. Taty Maritu,,YUNNAN YUKUN,Normal Goal,1523195.0
10/07/2026,Chinese Super League,2026/2027,SHANDONG LUNENG,YUNNAN YUKUN,54,2P,Chen Pu,Zeca,,SHANDONG LUNENG,Normal Goal,1523195.0
10/07/2026,Chinese Super League,2026/2027,SHANDONG LUNENG,YUNNAN YUKUN,76,2P,Cleber,,,YUNNAN YUKUN,Penalty,1523195.0
10/07/2026,Chinese Super League,2026/2027,SHANDONG LUNENG,YUNNAN YUKUN,90,2P,Cleber,O. Taty Maritu,,YUNNAN YUKUN,Normal Goal,1523195.0
11/07/2026,Chinese Super League,2026/2027,SICHUAN JIUNIU,QINGDAO YOUTH ISLAND,30,1P,Yao Junsheng,Wesley Moraes,,SICHUAN JIUNIU,Normal Goal,1523199.0
11/07/2026,Chinese Super League,2026/2027,SICHUAN JIUNIU,QINGDAO YOUTH ISLAND,43,1P,Yang Yiming,,,SICHUAN JIUNIU,Normal Goal,1523199.0
11/07/2026,Chinese Super League,2026/2027,SICHUAN JIUNIU,QINGDAO YOUTH ISLAND,54,2P,Gabriel Xavier,,,SICHUAN JIUNIU,Normal Goal,1523199.0
11/07/2026,Chinese Super League,2026/2027,CHENGDU BETTER CITY,CHONGQING TONGLIANG LONG,35,1P,Felipe Silva,,,CHENGDU BETTER CITY,Normal Goal,1523200.0
11/07/2026,Chinese Super League,2026/2027,CHENGDU BETTER CITY,CHONGQING TONGLIANG LONG,49,2P,L. Dimata,,,CHONGQING TONGLIANG LONG,Normal Goal,1523200.0
14/07/2026,Chinese Super League,2026/2027,HANGZHOU GREENTOWN,QINGDAO JONOON,24,1P,A. Mitrita,,,HANGZHOU GREENTOWN,Normal Goal,1523197.0
14/07/2026,Chinese Super League,2026/2027,HANGZHOU GREENTOWN,QINGDAO JONOON,50,2P,M. Tolic,,,HANGZHOU GREENTOWN,Normal Goal,1523197.0
14/07/2026,Chinese Super League,2026/2027,HANGZHOU GREENTOWN,QINGDAO JONOON,58,2P,N. Andjelkovic,,,QINGDAO JONOON,Normal Goal,1523197.0
14/07/2026,Chinese Super League,2026/2027,HANGZHOU GREENTOWN,QINGDAO JONOON,71,2P,M. Edjouma,,,QINGDAO JONOON,Penalty,1523197.0
14/07/2026,Chinese Super League,2026/2027,HANGZHOU GREENTOWN,QINGDAO JONOON,90,2P,Tao Qianglong,,,HANGZHOU GREENTOWN,Normal Goal,1523197.0
17/07/2026,Chinese Super League,2026/2027,QINGDAO YOUTH ISLAND,CHENGDU BETTER CITY,23,1P,N. Da Luz,,,QINGDAO YOUTH ISLAND,Normal Goal,1523207.0
17/07/2026,Chinese Super League,2026/2027,QINGDAO YOUTH ISLAND,CHENGDU BETTER CITY,76,2P,Felipe Silva,,,CHENGDU BETTER CITY,Normal Goal,1523207.0
17/07/2026,Chinese Super League,2026/2027,BEIJING GUOAN,SHENYANG URBAN,24,1P,Serginho,A. Konte,,BEIJING GUOAN,Normal Goal,1523203.0
17/07/2026,Chinese Super League,2026/2027,BEIJING GUOAN,SHENYANG URBAN,56,2P,T. Kunimoto,Chen Binbin,,SHENYANG URBAN,Normal Goal,1523203.0
17/07/2026,Chinese Super League,2026/2027,HENAN JIANYE,QINGDAO JONOON,19,1P,Iago Maidana,Bruno Nazario,,HENAN JIANYE,Normal Goal,1523204.0
17/07/2026,Chinese Super League,2026/2027,HENAN JIANYE,QINGDAO JONOON,24,1P,Bruno Nazario,Haliq Ablahan,,HENAN JIANYE,Normal Goal,1523204.0
17/07/2026,Chinese Super League,2026/2027,HENAN JIANYE,QINGDAO JONOON,50,2P,Gustavo,,,HENAN JIANYE,Normal Goal,1523204.0
17/07/2026,Chinese Super League,2026/2027,HENAN JIANYE,QINGDAO JONOON,60,2P,Bruno Nazario,,,HENAN JIANYE,Penalty,1523204.0
17/07/2026,Chinese Super League,2026/2027,HENAN JIANYE,QINGDAO JONOON,67,2P,M. Edjouma,Luo Senwen,,QINGDAO JONOON,Normal Goal,1523204.0
17/07/2026,Chinese Super League,2026/2027,HENAN JIANYE,QINGDAO JONOON,70,2P,Gustavo,Pedro Maranhao,,HENAN JIANYE,Normal Goal,1523204.0
17/07/2026,Chinese Super League,2026/2027,YUNNAN YUKUN,SHANGHAI SIPG,36,1P,Wei Zhen,,,SHANGHAI SIPG,Normal Goal,1523205.0
17/07/2026,Chinese Super League,2026/2027,YUNNAN YUKUN,SHANGHAI SIPG,40,1P,Yue Xin,,,SHANGHAI SIPG,Normal Goal,1523205.0
17/07/2026,Chinese Super League,2026/2027,YUNNAN YUKUN,SHANGHAI SIPG,49,2P,O. Taty Maritu,,,YUNNAN YUKUN,Normal Goal,1523205.0
17/07/2026,Chinese Super League,2026/2027,YUNNAN YUKUN,SHANGHAI SIPG,53,2P,Abdusalam Bunyamin,,,YUNNAN YUKUN,Normal Goal,1523205.0
18/07/2026,Chinese Super League,2026/2027,CHONGQING TONGLIANG LONG,HANGZHOU GREENTOWN,21,1P,Y. Wang,A. Mitrita,,HANGZHOU GREENTOWN,Normal Goal,1523206.0
18/07/2026,Chinese Super League,2026/2027,CHONGQING TONGLIANG LONG,HANGZHOU GREENTOWN,81,2P,L. Dimata,G. Cimpanu,,CHONGQING TONGLIANG LONG,Normal Goal,1523206.0
18/07/2026,Chinese Super League,2026/2027,SHANGHAI SHENHUA,TIANJIN TEDA,75,2P,Xadas,,,TIANJIN TEDA,Normal Goal,1523209.0
18/07/2026,Chinese Super League,2026/2027,SHANGHAI SHENHUA,TIANJIN TEDA,81,2P,A. Quiles,,,TIANJIN TEDA,Normal Goal,1523209.0
18/07/2026,Chinese Super League,2026/2027,DALIAN ZHIXING,SHANDONG LUNENG,16,1P,F. Acheampong,C. Malele,,DALIAN ZHIXING,Normal Goal,1523208.0
18/07/2026,Chinese Super League,2026/2027,DALIAN ZHIXING,SHANDONG LUNENG,22,1P,C. Malele,,,DALIAN ZHIXING,Normal Goal,1523208.0
18/07/2026,Chinese Super League,2026/2027,DALIAN ZHIXING,SHANDONG LUNENG,36,1P,V. Qazaishvili,Chen Pu,,SHANDONG LUNENG,Normal Goal,1523208.0
18/07/2026,Chinese Super League,2026/2027,DALIAN ZHIXING,SHANDONG LUNENG,56,2P,N. Stanciu,F. Acheampong,,DALIAN ZHIXING,Normal Goal,1523208.0
18/07/2026,Chinese Super League,2026/2027,WUHAN THREE TOWNS,SICHUAN JIUNIU,35,1P,J. Xiong,,,WUHAN THREE TOWNS,Normal Goal,1523210.0
18/07/2026,Chinese Super League,2026/2027,WUHAN THREE TOWNS,SICHUAN JIUNIU,45,1P,Wang Jinxian,,,WUHAN THREE TOWNS,Normal Goal,1523210.0
25/07/2026,Chinese Super League,2026/2027,QINGDAO JONOON,TIANJIN TEDA,33,1P,Guilherme Schettine,,,TIANJIN TEDA,Normal Goal,1523211.0
25/07/2026,Chinese Super League,2026/2027,QINGDAO JONOON,TIANJIN TEDA,90,2P,A. Quiles,,,TIANJIN TEDA,Normal Goal,1523211.0
25/07/2026,Chinese Super League,2026/2027,SHANGHAI SIPG,SHANGHAI SHENHUA,28,1P,Leonardo,,,SHANGHAI SIPG,Normal Goal,1523213.0
25/07/2026,Chinese Super League,2026/2027,SHANGHAI SIPG,SHANGHAI SHENHUA,36,1P,X. Li,,,SHANGHAI SIPG,Normal Goal,1523213.0
25/07/2026,Chinese Super League,2026/2027,SHENYANG URBAN,QINGDAO YOUTH ISLAND,73,2P,Yang Zhanpeng,,,QINGDAO YOUTH ISLAND,Normal Goal,1523212.0
25/07/2026,Chinese Super League,2026/2027,WUHAN THREE TOWNS,CHONGQING TONGLIANG LONG,40,1P,Gustavo Sauer,,,WUHAN THREE TOWNS,Normal Goal,1523214.0
26/07/2026,Chinese Super League,2026/2027,YUNNAN YUKUN,SICHUAN JIUNIU,17,1P,T. Chow,Wesley Moraes,,SICHUAN JIUNIU,Normal Goal,1523215.0
26/07/2026,Chinese Super League,2026/2027,YUNNAN YUKUN,SICHUAN JIUNIU,23,1P,Caio Vinicius,Shi Ke,,YUNNAN YUKUN,Normal Goal,1523215.0
26/07/2026,Chinese Super League,2026/2027,YUNNAN YUKUN,SICHUAN JIUNIU,37,1P,O. Taty Maritu,Abdusalam Bunyamin,,YUNNAN YUKUN,Normal Goal,1523215.0
26/07/2026,Chinese Super League,2026/2027,YUNNAN YUKUN,SICHUAN JIUNIU,56,2P,Abdusalam Bunyamin,O. Taty Maritu,,YUNNAN YUKUN,Normal Goal,1523215.0
26/07/2026,Chinese Super League,2026/2027,YUNNAN YUKUN,SICHUAN JIUNIU,90,2P,Wesley Moraes,,,SICHUAN JIUNIU,Penalty,1523215.0
26/07/2026,Chinese Super League,2026/2027,YUNNAN YUKUN,SICHUAN JIUNIU,90,2P,J. Saeter,,,SICHUAN JIUNIU,Own Goal,1523215.0
26/07/2026,Chinese Super League,2026/2027,YUNNAN YUKUN,SICHUAN JIUNIU,90,2P,Caio Vinicius,,,YUNNAN YUKUN,Normal Goal,1523215.0
26/07/2026,Chinese Super League,2026/2027,SHANDONG LUNENG,HENAN JIANYE,30,1P,Bruno Nazario,Pedro Maranhao,,HENAN JIANYE,Normal Goal,1523217.0
26/07/2026,Chinese Super League,2026/2027,SHANDONG LUNENG,HENAN JIANYE,45,1P,Lucas Maia,Bruno Nazario,,HENAN JIANYE,Normal Goal,1523217.0
26/07/2026,Chinese Super League,2026/2027,SHANDONG LUNENG,HENAN JIANYE,57,2P,Cryzan,Shi Songchen,,SHANDONG LUNENG,Normal Goal,1523217.0
26/07/2026,Chinese Super League,2026/2027,CHENGDU BETTER CITY,BEIJING GUOAN,52,2P,Zhang Yuning,F. Abreu,,BEIJING GUOAN,Normal Goal,1523216.0
26/07/2026,Chinese Super League,2026/2027,CHENGDU BETTER CITY,BEIJING GUOAN,70,2P,Zhang Yuning,Jia Feifan,,BEIJING GUOAN,Normal Goal,1523216.0
26/07/2026,Chinese Super League,2026/2027,CHENGDU BETTER CITY,BEIJING GUOAN,87,2P,Felipe Silva,Wellington Silva,,CHENGDU BETTER CITY,Normal Goal,1523216.0
26/07/2026,Chinese Super League,2026/2027,CHENGDU BETTER CITY,BEIJING GUOAN,90,2P,E. Sorokin,Wei Shihao,,CHENGDU BETTER CITY,Normal Goal,1523216.0
26/07/2026,Chinese Super League,2026/2027,HANGZHOU GREENTOWN,DALIAN ZHIXING,37,1P,Y. Wang,Cheng Jin,,HANGZHOU GREENTOWN,Normal Goal,1523218.0
26/07/2026,Chinese Super League,2026/2027,HANGZHOU GREENTOWN,DALIAN ZHIXING,54,2P,M. Tolic,A. Mitrita,,HANGZHOU GREENTOWN,Normal Goal,1523218.0
26/07/2026,Chinese Super League,2026/2027,HANGZHOU GREENTOWN,DALIAN ZHIXING,56,2P,I. Alimi,C. Malele,,DALIAN ZHIXING,Normal Goal,1523218.0
26/07/2026,Chinese Super League,2026/2027,HANGZHOU GREENTOWN,DALIAN ZHIXING,75,2P,W. Mao,Yang Mingrui,,DALIAN ZHIXING,Normal Goal,1523218.0
26/07/2026,Chinese Super League,2026/2027,HANGZHOU GREENTOWN,DALIAN ZHIXING,77,2P,Felippe Cardoso,Tao Qianglong,,HANGZHOU GREENTOWN,Normal Goal,1523218.0
31/07/2026,Chinese Super League,2026/2027,HENAN JIANYE,DALIAN ZHIXING,27,1P,Gustavo,Zhong Yihao,,HENAN JIANYE,Normal Goal,1523219.0
31/07/2026,Chinese Super League,2026/2027,HENAN JIANYE,DALIAN ZHIXING,53,2P,Yang Mingrui,N. Stanciu,,DALIAN ZHIXING,Normal Goal,1523219.0
01/08/2026,Chinese Super League,2026/2027,TIANJIN TEDA,YUNNAN YUKUN,32,1P,Caio Vinicius,Abdusalam Bunyamin,,YUNNAN YUKUN,Normal Goal,1523220.0
01/08/2026,Chinese Super League,2026/2027,TIANJIN TEDA,YUNNAN YUKUN,61,2P,O. Taty Maritu,A. Ionita II,,YUNNAN YUKUN,Normal Goal,1523220.0
01/08/2026,Chinese Super League,2026/2027,TIANJIN TEDA,YUNNAN YUKUN,84,2P,Ji Shengpan,,,TIANJIN TEDA,Normal Goal,1523220.0
01/08/2026,Chinese Super League,2026/2027,TIANJIN TEDA,YUNNAN YUKUN,90,2P,C. Salvador,Xadas,,TIANJIN TEDA,Normal Goal,1523220.0
01/08/2026,Chinese Super League,2026/2027,TIANJIN TEDA,YUNNAN YUKUN,90,2P,A. Quiles,J. Liu,,TIANJIN TEDA,Normal Goal,1523220.0
01/08/2026,Chinese Super League,2026/2027,BEIJING GUOAN,HANGZHOU GREENTOWN,8,1P,F. Abreu,,,BEIJING GUOAN,Penalty,1523221.0
01/08/2026,Chinese Super League,2026/2027,BEIJING GUOAN,HANGZHOU GREENTOWN,12,1P,Cheng Jin,Y. Wang,,HANGZHOU GREENTOWN,Normal Goal,1523221.0
01/08/2026,Chinese Super League,2026/2027,BEIJING GUOAN,HANGZHOU GREENTOWN,82,2P,Zhang Xizhe,Serginho,,BEIJING GUOAN,Normal Goal,1523221.0
01/08/2026,Chinese Super League,2026/2027,SHANGHAI SIPG,SHANDONG LUNENG,5,1P,Zeca,Mijit Mewlan,,SHANDONG LUNENG,Normal Goal,1523222.0
01/08/2026,Chinese Super League,2026/2027,SHANGHAI SIPG,SHANDONG LUNENG,78,2P,Mateus Vital,,,SHANGHAI SIPG,Missed Penalty,1523222.0
01/08/2026,Chinese Super League,2026/2027,CHENGDU BETTER CITY,WUHAN THREE TOWNS,49,2P,Li Ang,,,WUHAN THREE TOWNS,Normal Goal,1523223.0
01/08/2026,Chinese Super League,2026/2027,CHENGDU BETTER CITY,WUHAN THREE TOWNS,89,2P,Wei Shihao,,,CHENGDU BETTER CITY,Penalty,1523223.0
02/08/2026,Chinese Super League,2026/2027,QINGDAO YOUTH ISLAND,QINGDAO JONOON,40,1P,Peng Xinli,Dong Yu,,QINGDAO YOUTH ISLAND,Normal Goal,1523225.0
02/08/2026,Chinese Super League,2026/2027,QINGDAO YOUTH ISLAND,QINGDAO JONOON,64,2P,S. Memisevic,Davidson,,QINGDAO YOUTH ISLAND,Normal Goal,1523225.0
02/08/2026,Chinese Super League,2026/2027,SHENYANG URBAN,SHANGHAI SHENHUA,9,1P,Jeffinho,Yan Dinghao,,SHENYANG URBAN,Normal Goal,1523226.0
02/08/2026,Chinese Super League,2026/2027,SHENYANG URBAN,SHANGHAI SHENHUA,32,1P,T. Kunimoto,,,SHENYANG URBAN,Penalty,1523226.0
02/08/2026,Chinese Super League,2026/2027,SHENYANG URBAN,SHANGHAI SHENHUA,71,2P,Saulo Mineiro,,,SHANGHAI SHENHUA,Penalty,1523226.0
02/08/2026,Chinese Super League,2026/2027,SHENYANG URBAN,SHANGHAI SHENHUA,86,2P,Jeffinho,T. Kunimoto,,SHENYANG URBAN,Normal Goal,1523226.0
02/08/2026,Chinese Super League,2026/2027,SICHUAN JIUNIU,CHONGQING TONGLIANG LONG,63,2P,Jiang Zhipeng,Li Ning,,SICHUAN JIUNIU,Normal Goal,1523224.0
02/08/2026,Chinese Super League,2026/2027,SICHUAN JIUNIU,CHONGQING TONGLIANG LONG,68,2P,Wesley Moraes,,,SICHUAN JIUNIU,Missed Penalty,1523224.0
02/08/2026,Chinese Super League,2026/2027,SICHUAN JIUNIU,CHONGQING TONGLIANG LONG,76,2P,Wesley Moraes,A. Ademi,,SICHUAN JIUNIU,Normal Goal,1523224.0
07/08/2026,Chinese Super League,2026/2027,BEIJING GUOAN,SICHUAN JIUNIU,16,1P,Zhang Yuning,,,BEIJING GUOAN,Normal Goal,1523227.0
07/08/2026,Chinese Super League,2026/2027,BEIJING GUOAN,SICHUAN JIUNIU,26,1P,T. Chow,,,BEIJING GUOAN,Own Goal,1523227.0
07/08/2026,Chinese Super League,2026/2027,BEIJING GUOAN,SICHUAN JIUNIU,51,2P,Dawhan,Zhang Yuning,,BEIJING GUOAN,Normal Goal,1523227.0
07/08/2026,Chinese Super League,2026/2027,BEIJING GUOAN,SICHUAN JIUNIU,79,2P,F. Abreu,,,BEIJING GUOAN,Normal Goal,1523227.0
08/08/2026,Chinese Super League,2026/2027,QINGDAO JONOON,SHANGHAI SHENHUA,54,2P,Xu Haoyang,L. Asue,,SHANGHAI SHENHUA,Normal Goal,1523228.0
08/08/2026,Chinese Super League,2026/2027,DALIAN ZHIXING,SHENYANG URBAN,15,1P,N. Stanciu,Lu Zhuoyi,,DALIAN ZHIXING,Normal Goal,1523229.0
08/08/2026,Chinese Super League,2026/2027,YUNNAN YUKUN,CHENGDU BETTER CITY,48,2P,O. Taty Maritu,A. Ionita II,,YUNNAN YUKUN,Normal Goal,1523231.0
09/08/2026,Chinese Super League,2026/2027,CHONGQING TONGLIANG LONG,SHANGHAI SIPG,19,1P,Xiang Yuwang,,,CHONGQING TONGLIANG LONG,Penalty,1523233.0
09/08/2026,Chinese Super League,2026/2027,CHONGQING TONGLIANG LONG,SHANGHAI SIPG,29,1P,Leonardo,A. Yang,,SHANGHAI SIPG,Normal Goal,1523233.0
09/08/2026,Chinese Super League,2026/2027,CHONGQING TONGLIANG LONG,SHANGHAI SIPG,39,1P,Wei Zhen,,,SHANGHAI SIPG,Penalty,1523233.0
09/08/2026,Chinese Super League,2026/2027,CHONGQING TONGLIANG LONG,SHANGHAI SIPG,45,1P,M. Ngadeu,Zhang Zhixiong,,CHONGQING TONGLIANG LONG,Normal Goal,1523233.0
09/08/2026,Chinese Super League,2026/2027,CHONGQING TONGLIANG LONG,SHANGHAI SIPG,51,2P,Leonardo,Yue Xin,,SHANGHAI SIPG,Normal Goal,1523233.0
09/08/2026,Chinese Super League,2026/2027,SHANDONG LUNENG,TIANJIN TEDA,79,2P,Xadas,,,TIANJIN TEDA,Normal Goal,1523234.0
09/08/2026,Chinese Super League,2026/2027,SHANDONG LUNENG,TIANJIN TEDA,84,2P,Liu Yang,,,SHANDONG LUNENG,Normal Goal,1523234.0
09/08/2026,Chinese Super League,2026/2027,SHANDONG LUNENG,TIANJIN TEDA,90,2P,Cryzan,,,SHANDONG LUNENG,Normal Goal,1523234.0
14/08/2026,Chinese Super League,2026/2027,SHANDONG LUNENG,QINGDAO JONOON,8,1P,Cryzan,V. Qazaishvili,,SHANDONG LUNENG,Normal Goal,1523235.0
14/08/2026,Chinese Super League,2026/2027,SHANDONG LUNENG,QINGDAO JONOON,12,1P,Liu Yang,,,SHANDONG LUNENG,Normal Goal,1523235.0
14/08/2026,Chinese Super League,2026/2027,SHANDONG LUNENG,QINGDAO JONOON,13,1P,Jin Yonghao,Lin Chuangyi,,QINGDAO JONOON,Normal Goal,1523235.0
14/08/2026,Chinese Super League,2026/2027,SHANDONG LUNENG,QINGDAO JONOON,65,2P,R. Merkies,,,SHANDONG LUNENG,Normal Goal,1523235.0
14/08/2026,Chinese Super League,2026/2027,WUHAN THREE TOWNS,SHANGHAI SIPG,3,1P,J. Cadiz,K. Bevis,,WUHAN THREE TOWNS,Normal Goal,1523236.0
14/08/2026,Chinese Super League,2026/2027,WUHAN THREE TOWNS,SHANGHAI SIPG,50,2P,Wei Zhen,Mateus Vital,,SHANGHAI SIPG,Normal Goal,1523236.0
14/08/2026,Chinese Super League,2026/2027,WUHAN THREE TOWNS,SHANGHAI SIPG,55,2P,P. O. Ampem,,,SHANGHAI SIPG,Normal Goal,1523236.0
14/08/2026,Chinese Super League,2026/2027,WUHAN THREE TOWNS,SHANGHAI SIPG,59,2P,P. O. Ampem,O. Melendo,,SHANGHAI SIPG,Normal Goal,1523236.0
14/08/2026,Chinese Super League,2026/2027,WUHAN THREE TOWNS,SHANGHAI SIPG,75,2P,A. Leautey,Long Wei,,WUHAN THREE TOWNS,Normal Goal,1523236.0
15/08/2026,Chinese Super League,2026/2027,SHENYANG URBAN,SICHUAN JIUNIU,11,1P,Jeffinho,,,SHENYANG URBAN,Penalty,1523238.0
15/08/2026,Chinese Super League,2026/2027,SHENYANG URBAN,SICHUAN JIUNIU,31,1P,A. Ademi,Wesley Moraes,,SICHUAN JIUNIU,Normal Goal,1523238.0
15/08/2026,Chinese Super League,2026/2027,SHENYANG URBAN,SICHUAN JIUNIU,90,2P,Jiang Zhipeng,,,SICHUAN JIUNIU,Normal Goal,1523238.0
15/08/2026,Chinese Super League,2026/2027,TIANJIN TEDA,BEIJING GUOAN,16,1P,F. Abreu,Yue Tze-Nam,,BEIJING GUOAN,Normal Goal,1523239.0
15/08/2026,Chinese Super League,2026/2027,TIANJIN TEDA,BEIJING GUOAN,45,1P,Dawhan,F. Abreu,,BEIJING GUOAN,Normal Goal,1523239.0
15/08/2026,Chinese Super League,2026/2027,TIANJIN TEDA,BEIJING GUOAN,49,2P,Cao Yongjing,,,BEIJING GUOAN,Normal Goal,1523239.0
15/08/2026,Chinese Super League,2026/2027,TIANJIN TEDA,BEIJING GUOAN,53,2P,F. Abreu,Serginho,,BEIJING GUOAN,Normal Goal,1523239.0
15/08/2026,Chinese Super League,2026/2027,TIANJIN TEDA,BEIJING GUOAN,70,2P,J. Liu,,,TIANJIN TEDA,Normal Goal,1523239.0
15/08/2026,Chinese Super League,2026/2027,TIANJIN TEDA,BEIJING GUOAN,87,2P,A. Quiles,Xadas,,TIANJIN TEDA,Normal Goal,1523239.0
15/08/2026,Chinese Super League,2026/2027,HANGZHOU GREENTOWN,CHENGDU BETTER CITY,4,1P,Park Jin-Seob,Cheng Jin,,HANGZHOU GREENTOWN,Normal Goal,1523240.0
15/08/2026,Chinese Super League,2026/2027,HANGZHOU GREENTOWN,CHENGDU BETTER CITY,21,1P,A. Mitrita,,,HANGZHOU GREENTOWN,Penalty,1523240.0
15/08/2026,Chinese Super League,2026/2027,HANGZHOU GREENTOWN,CHENGDU BETTER CITY,42,1P,Felipe Silva,Wang Ziming,,CHENGDU BETTER CITY,Normal Goal,1523240.0
15/08/2026,Chinese Super League,2026/2027,HANGZHOU GREENTOWN,CHENGDU BETTER CITY,69,2P,Felipe Silva,H. Hu,,CHENGDU BETTER CITY,Normal Goal,1523240.0
15/08/2026,Chinese Super League,2026/2027,HANGZHOU GREENTOWN,CHENGDU BETTER CITY,90,2P,Abduweli Behram,Wei Shihao,,CHENGDU BETTER CITY,Normal Goal,1523240.0
15/08/2026,Chinese Super League,2026/2027,SHANGHAI SHENHUA,HENAN JIANYE,5,1P,Zhong Yihao,,,HENAN JIANYE,Normal Goal,1523241.0
15/08/2026,Chinese Super League,2026/2027,SHANGHAI SHENHUA,HENAN JIANYE,45,1P,Rafael Ratao,J. Teixeira,,SHANGHAI SHENHUA,Normal Goal,1523241.0
15/08/2026,Chinese Super League,2026/2027,SHANGHAI SHENHUA,HENAN JIANYE,56,2P,L. Asue,Rafael Ratao,,SHANGHAI SHENHUA,Normal Goal,1523241.0
15/08/2026,Chinese Super League,2026/2027,SHANGHAI SHENHUA,HENAN JIANYE,71,2P,Gao Tianyi,Xie Pengfei,,SHANGHAI SHENHUA,Normal Goal,1523241.0
15/08/2026,Chinese Super League,2026/2027,SHANGHAI SHENHUA,HENAN JIANYE,83,2P,Saulo Mineiro,Gao Tianyi,,SHANGHAI SHENHUA,Normal Goal,1523241.0
15/08/2026,Chinese Super League,2026/2027,YUNNAN YUKUN,DALIAN ZHIXING,13,1P,F. Acheampong,N. Stanciu,,DALIAN ZHIXING,Normal Goal,1523242.0
15/08/2026,Chinese Super League,2026/2027,YUNNAN YUKUN,DALIAN ZHIXING,72,2P,Cleber,,,YUNNAN YUKUN,Normal Goal,1523242.0
15/08/2026,Chinese Super League,2026/2027,YUNNAN YUKUN,DALIAN ZHIXING,81,2P,O. Taty Maritu,Duan Liuyu,,YUNNAN YUKUN,Normal Goal,1523242.0
15/08/2026,Chinese Super League,2026/2027,YUNNAN YUKUN,DALIAN ZHIXING,90,2P,O. Taty Maritu,Duan Liuyu,,YUNNAN YUKUN,Normal Goal,1523242.0
18/08/2026,Chinese Super League,2026/2027,SHANGHAI SHENHUA,BEIJING GUOAN,42,1P,G. Ramos,,,BEIJING GUOAN,Normal Goal,1523198.0
18/08/2026,Chinese Super League,2026/2027,SHANGHAI SHENHUA,BEIJING GUOAN,73,2P,Cao Yongjing,,,BEIJING GUOAN,Normal Goal,1523198.0
18/08/2026,Chinese Super League,2026/2027,SHANGHAI SHENHUA,BEIJING GUOAN,86,2P,Zhang Xizhe,,,BEIJING GUOAN,Normal Goal,1523198.0
19/08/2026,Chinese Super League,2026/2027,SHANGHAI SIPG,DALIAN ZHIXING,22,1P,N. Stanciu,,,DALIAN ZHIXING,Penalty,1523202.0
19/08/2026,Chinese Super League,2026/2027,SHANGHAI SIPG,DALIAN ZHIXING,86,2P,Zhen Wei,,,SHANGHAI SIPG,Missed Penalty,1523202.0
19/08/2026,Chinese Super League,2026/2027,SHANGHAI SIPG,DALIAN ZHIXING,90,2P,X. Li,,,SHANGHAI SIPG,Normal Goal,1523202.0
22/08/2026,Chinese Super League,2026/2027,CHENGDU BETTER CITY,SHANGHAI SHENHUA,2,1P,He Yiran,,,CHENGDU BETTER CITY,Normal Goal,1523244.0
22/08/2026,Chinese Super League,2026/2027,CHENGDU BETTER CITY,SHANGHAI SHENHUA,21,1P,Luís Asué,João Carlos Teixeira,,SHANGHAI SHENHUA,Normal Goal,1523244.0
22/08/2026,Chinese Super League,2026/2027,CHENGDU BETTER CITY,SHANGHAI SHENHUA,35,1P,Wellington Silva,Wang Ziming,,CHENGDU BETTER CITY,Normal Goal,1523244.0
22/08/2026,Chinese Super League,2026/2027,CHENGDU BETTER CITY,SHANGHAI SHENHUA,51,2P,Luís Asué,,,SHANGHAI SHENHUA,Normal Goal,1523244.0
22/08/2026,Chinese Super League,2026/2027,CHENGDU BETTER CITY,SHANGHAI SHENHUA,53,2P,Rafael Ratão,Luís Asué,,SHANGHAI SHENHUA,Normal Goal,1523244.0
22/08/2026,Chinese Super League,2026/2027,CHENGDU BETTER CITY,SHANGHAI SHENHUA,67,2P,Luís Asué,Wu Xi,,SHANGHAI SHENHUA,Normal Goal,1523244.0
22/08/2026,Chinese Super League,2026/2027,CHENGDU BETTER CITY,SHANGHAI SHENHUA,74,2P,Xie Pengfei,Shinichi Chan,,SHANGHAI SHENHUA,Normal Goal,1523244.0
22/08/2026,Chinese Super League,2026/2027,CHENGDU BETTER CITY,SHANGHAI SHENHUA,82,2P,Felipe Silva,,,CHENGDU BETTER CITY,Penalty,1523244.0
22/08/2026,Chinese Super League,2026/2027,CHENGDU BETTER CITY,SHANGHAI SHENHUA,90,2P,Felipe Silva,,,CHENGDU BETTER CITY,Penalty,1523244.0
22/08/2026,Chinese Super League,2026/2027,SICHUAN JIUNIU,HANGZHOU GREENTOWN,58,2P,Dalong Xia,,,SICHUAN JIUNIU,Normal Goal,1523245.0
22/08/2026,Chinese Super League,2026/2027,SICHUAN JIUNIU,HANGZHOU GREENTOWN,83,2P,Felippe Cardoso,,,HANGZHOU GREENTOWN,Normal Goal,1523245.0
22/08/2026,Chinese Super League,2026/2027,BEIJING GUOAN,YUNNAN YUKUN,36,1P,Dawhan,,,BEIJING GUOAN,Normal Goal,1523246.0
22/08/2026,Chinese Super League,2026/2027,BEIJING GUOAN,YUNNAN YUKUN,50,2P,Zhang Yuning,,,BEIJING GUOAN,Normal Goal,1523246.0
22/08/2026,Chinese Super League,2026/2027,BEIJING GUOAN,YUNNAN YUKUN,58,2P,Bunyamin Abdusalam,,,YUNNAN YUKUN,Normal Goal,1523246.0
22/08/2026,Chinese Super League,2026/2027,BEIJING GUOAN,YUNNAN YUKUN,65,2P,Oscar Taty Maritu,,,YUNNAN YUKUN,Normal Goal,1523246.0
22/08/2026,Chinese Super League,2026/2027,BEIJING GUOAN,YUNNAN YUKUN,69,2P,Sai Erjini'ao,,,BEIJING GUOAN,Normal Goal,1523246.0
22/08/2026,Chinese Super League,2026/2027,BEIJING GUOAN,YUNNAN YUKUN,90,2P,Alexandru Ioniță,,,YUNNAN YUKUN,Normal Goal,1523246.0
22/08/2026,Chinese Super League,2026/2027,QINGDAO YOUTH ISLAND,SHANDONG LUNENG,5,1P,Aziz,,,QINGDAO YOUTH ISLAND,Normal Goal,1523247.0
22/08/2026,Chinese Super League,2026/2027,QINGDAO YOUTH ISLAND,SHANDONG LUNENG,82,2P,Davidson,,,QINGDAO YOUTH ISLAND,Normal Goal,1523247.0
23/08/2026,Chinese Super League,2026/2027,SHENYANG URBAN,HENAN JIANYE,39,1P,Lucas Maia,,,HENAN JIANYE,Normal Goal,1523248.0
23/08/2026,Chinese Super League,2026/2027,SHENYANG URBAN,HENAN JIANYE,44,1P,Gustavo,,,HENAN JIANYE,Normal Goal,1523248.0
23/08/2026,Chinese Super League,2026/2027,SHENYANG URBAN,HENAN JIANYE,46,2P,Jeffinho,,,SHENYANG URBAN,Normal Goal,1523248.0
23/08/2026,Chinese Super League,2026/2027,SHENYANG URBAN,HENAN JIANYE,57,2P,Gustavo,,,HENAN JIANYE,Normal Goal,1523248.0
23/08/2026,Chinese Super League,2026/2027,SHENYANG URBAN,HENAN JIANYE,60,2P,Gustavo,,,HENAN JIANYE,Normal Goal,1523248.0
23/08/2026,Chinese Super League,2026/2027,SHENYANG URBAN,HENAN JIANYE,63,2P,Zang Yifeng,,,SHENYANG URBAN,Normal Goal,1523248.0
23/08/2026,Chinese Super League,2026/2027,SHENYANG URBAN,HENAN JIANYE,69,2P,H. Zhang,,,SHENYANG URBAN,Normal Goal,1523248.0
23/08/2026,Chinese Super League,2026/2027,SHENYANG URBAN,HENAN JIANYE,89,2P,T. Kunimoto,,,SHENYANG URBAN,Penalty,1523248.0
23/08/2026,Chinese Super League,2026/2027,SHANGHAI SIPG,QINGDAO JONOON,17,1P,C. Strandberg,,,QINGDAO JONOON,Normal Goal,1523249.0
23/08/2026,Chinese Super League,2026/2027,SHANGHAI SIPG,QINGDAO JONOON,44,1P,Wu Lei,A. Yang,,SHANGHAI SIPG,Normal Goal,1523249.0
23/08/2026,Chinese Super League,2026/2027,SHANGHAI SIPG,QINGDAO JONOON,67,2P,Wu Lei,,,SHANGHAI SIPG,Penalty,1523249.0
28/02/2026,K League 1,2026/2027,INCHEON UNITED,FC SEOUL,47,2P,Song Min-Kyu,,,FC SEOUL,Normal Goal,1506896.0
28/02/2026,K League 1,2026/2027,INCHEON UNITED,FC SEOUL,61,2P,Cho Young-Wook,,,FC SEOUL,Normal Goal,1506896.0
28/02/2026,K League 1,2026/2027,INCHEON UNITED,FC SEOUL,90,2P,S. Mugosa,,,INCHEON UNITED,Penalty,1506896.0
14/03/2026,K League 1,2026/2027,DAEJEON CITIZEN,GIMCHEON SANGMU FC,41,1P,G. Lee,,,GIMCHEON SANGMU FC,Normal Goal,1506909.0
14/03/2026,K League 1,2026/2027,DAEJEON CITIZEN,GIMCHEON SANGMU FC,68,2P,Ha Chang-Rae,,,DAEJEON CITIZEN,Normal Goal,1506909.0
15/03/2026,K League 1,2026/2027,JEJU UNITED FC,FC SEOUL,53,2P,J. Ros,,,FC SEOUL,Normal Goal,1506911.0
15/03/2026,K League 1,2026/2027,JEJU UNITED FC,FC SEOUL,88,2P,Choi Byung-wook,,,JEJU UNITED FC,Normal Goal,1506911.0
15/03/2026,K League 1,2026/2027,JEJU UNITED FC,FC SEOUL,90,2P,Lee Seung-Mo,,,FC SEOUL,Normal Goal,1506911.0
15/03/2026,K League 1,2026/2027,POHANG STEELERS,INCHEON UNITED,43,1P,S. Mugosa,,,INCHEON UNITED,Normal Goal,1506913.0
15/03/2026,K League 1,2026/2027,POHANG STEELERS,INCHEON UNITED,46,2P,Lee Ho-Jae,,,POHANG STEELERS,Normal Goal,1506913.0
21/03/2026,K League 1,2026/2027,DAEJEON CITIZEN,JEONBUK MOTORS,45,1P,Lee Dong-Jun,,,JEONBUK MOTORS,Normal Goal,1506920.0
22/03/2026,K League 1,2026/2027,FC SEOUL,GWANGJU FC,9,1P,J. Son,H. Babec,,FC SEOUL,Normal Goal,1506921.0
22/03/2026,K League 1,2026/2027,FC SEOUL,GWANGJU FC,47,2P,P. Klimala,,,FC SEOUL,Normal Goal,1506921.0
22/03/2026,K League 1,2026/2027,FC SEOUL,GWANGJU FC,59,2P,J. Ros,Kim Jin-Su,,FC SEOUL,Normal Goal,1506921.0
22/03/2026,K League 1,2026/2027,FC SEOUL,GWANGJU FC,73,2P,P. Klimala,Moon Seon-Min,,FC SEOUL,Normal Goal,1506921.0
22/03/2026,K League 1,2026/2027,FC SEOUL,GWANGJU FC,82,2P,Lee Seung-Mo,Moon Seon-Min,,FC SEOUL,Normal Goal,1506921.0
04/04/2026,K League 1,2026/2027,JEONBUK MOTORS,ULSAN HYUNDAI FC,9,1P,Cho Wi-Je,,,JEONBUK MOTORS,Normal Goal,1506927.0
04/04/2026,K League 1,2026/2027,JEONBUK MOTORS,ULSAN HYUNDAI FC,90,2P,Lee Seung-Woo,Lee Yeong-Jae,,JEONBUK MOTORS,Normal Goal,1506927.0
05/04/2026,K League 1,2026/2027,FC ANYANG,FC SEOUL,45,1P,P. Klimala,,,FC SEOUL,Normal Goal,1506930.0
05/04/2026,K League 1,2026/2027,FC ANYANG,FC SEOUL,78,2P,Airton Moises,,,FC ANYANG,Normal Goal,1506930.0
11/04/2026,K League 1,2026/2027,FC SEOUL,JEONBUK MOTORS,90,2P,P. Klimala,,,FC SEOUL,Normal Goal,1506933.0
11/04/2026,K League 1,2026/2027,GWANGJU FC,BUCHEON FC 1995,54,2P,Galego,,,BUCHEON FC 1995,Normal Goal,1506934.0
11/04/2026,K League 1,2026/2027,INCHEON UNITED,ULSAN HYUNDAI FC,23,1P,Yago Cariello,,,ULSAN HYUNDAI FC,Normal Goal,1506935.0
11/04/2026,K League 1,2026/2027,INCHEON UNITED,ULSAN HYUNDAI FC,71,2P,S. Mugosa,,,INCHEON UNITED,Normal Goal,1506935.0
11/04/2026,K League 1,2026/2027,INCHEON UNITED,ULSAN HYUNDAI FC,90,2P,Marcao,,,ULSAN HYUNDAI FC,Normal Goal,1506935.0
18/04/2026,K League 1,2026/2027,GANGWON FC,JEONBUK MOTORS,33,1P,Tiago Orobo,,,JEONBUK MOTORS,Normal Goal,1506938.0
18/04/2026,K League 1,2026/2027,GANGWON FC,JEONBUK MOTORS,56,2P,Mo Jae-Hyeon,,,GANGWON FC,Normal Goal,1506938.0
18/04/2026,K League 1,2026/2027,FC SEOUL,DAEJEON CITIZEN,16,1P,Yu Kang-Hyun,,,DAEJEON CITIZEN,Normal Goal,1506939.0
18/04/2026,K League 1,2026/2027,BUCHEON FC 1995,INCHEON UNITED,12,1P,M. Ferrier,Kim Myung-soon,,INCHEON UNITED,Normal Goal,1506940.0
18/04/2026,K League 1,2026/2027,BUCHEON FC 1995,INCHEON UNITED,22,1P,Gerso,,,INCHEON UNITED,Normal Goal,1506940.0
18/04/2026,K League 1,2026/2027,BUCHEON FC 1995,INCHEON UNITED,64,2P,Shin Jae-Won,J. Montano,,BUCHEON FC 1995,Normal Goal,1506940.0
25/04/2026,K League 1,2026/2027,GANGWON FC,FC SEOUL,42,1P,H. Babec,,,FC SEOUL,Normal Goal,1506950.0
25/04/2026,K League 1,2026/2027,GANGWON FC,FC SEOUL,81,2P,Lee Seung-Mo,,,FC SEOUL,Normal Goal,1506950.0
25/04/2026,K League 1,2026/2027,BUCHEON FC 1995,GIMCHEON SANGMU FC,30,1P,Kim Joo-Chan,,,GIMCHEON SANGMU FC,Normal Goal,1506951.0
25/04/2026,K League 1,2026/2027,BUCHEON FC 1995,GIMCHEON SANGMU FC,83,2P,Byeon Jun-Soo,,,GIMCHEON SANGMU FC,Normal Goal,1506951.0
25/04/2026,K League 1,2026/2027,INCHEON UNITED,JEJU UNITED FC,70,2P,M. Ferrier,,,INCHEON UNITED,Normal Goal,1506952.0
26/04/2026,K League 1,2026/2027,JEONBUK MOTORS,POHANG STEELERS,26,1P,Kim Young-Bin,Kim Jin-gyu,,JEONBUK MOTORS,Normal Goal,1506953.0
26/04/2026,K League 1,2026/2027,JEONBUK MOTORS,POHANG STEELERS,40,1P,Lee Ho-Jae,,,POHANG STEELERS,Penalty,1506953.0
26/04/2026,K League 1,2026/2027,JEONBUK MOTORS,POHANG STEELERS,44,1P,Kim Ha-jun,Lee Seung-Woo,,JEONBUK MOTORS,Normal Goal,1506953.0
26/04/2026,K League 1,2026/2027,JEONBUK MOTORS,POHANG STEELERS,66,2P,Lee Ho-Jae,,,POHANG STEELERS,Penalty,1506953.0
26/04/2026,K League 1,2026/2027,JEONBUK MOTORS,POHANG STEELERS,90,2P,Kang Sang-Yoon,,,JEONBUK MOTORS,Normal Goal,1506953.0
26/04/2026,K League 1,2026/2027,ULSAN HYUNDAI FC,DAEJEON CITIZEN,16,1P,G. Ludwigson,M. Ishida,,DAEJEON CITIZEN,Normal Goal,1506955.0
26/04/2026,K League 1,2026/2027,ULSAN HYUNDAI FC,DAEJEON CITIZEN,42,1P,Jeong Jae-Hee,Diogo Oliveira,,DAEJEON CITIZEN,Normal Goal,1506955.0
26/04/2026,K League 1,2026/2027,ULSAN HYUNDAI FC,DAEJEON CITIZEN,52,2P,M. Ishida,Kim Bong-Soo,,DAEJEON CITIZEN,Normal Goal,1506955.0
26/04/2026,K League 1,2026/2027,ULSAN HYUNDAI FC,DAEJEON CITIZEN,89,2P,Lee Dong-Gyeong,Lee Gyu-Seong,,ULSAN HYUNDAI FC,Normal Goal,1506955.0
09/05/2026,K League 1,2026/2027,DAEJEON CITIZEN,POHANG STEELERS,68,2P,J. da Rocha Junior,,,POHANG STEELERS,Normal Goal,1506971.0
09/05/2026,K League 1,2026/2027,DAEJEON CITIZEN,POHANG STEELERS,90,2P,J. da Rocha Junior,,,POHANG STEELERS,Normal Goal,1506971.0
10/05/2026,K League 1,2026/2027,FC ANYANG,JEONBUK MOTORS,54,2P,Airton Moises,,,FC ANYANG,Normal Goal,1506973.0
10/05/2026,K League 1,2026/2027,FC ANYANG,JEONBUK MOTORS,76,2P,Lee Seung-Woo,,,JEONBUK MOTORS,Normal Goal,1506973.0
16/05/2026,K League 1,2026/2027,DAEJEON CITIZEN,FC SEOUL,24,1P,Anderson Oliveira,L. Ruiz,,FC SEOUL,Normal Goal,1506980.0
16/05/2026,K League 1,2026/2027,DAEJEON CITIZEN,FC SEOUL,70,2P,Jeong Jae-Hee,Seo Jin-Su,,DAEJEON CITIZEN,Normal Goal,1506980.0
16/05/2026,K League 1,2026/2027,DAEJEON CITIZEN,FC SEOUL,88,2P,Lee Seung-Mo,Jeong Seung-Won,,FC SEOUL,Normal Goal,1506980.0
17/05/2026,K League 1,2026/2027,JEJU UNITED FC,FC ANYANG,35,1P,Kim Dong-Jin,,,FC ANYANG,Normal Goal,1506982.0
17/05/2026,K League 1,2026/2027,JEJU UNITED FC,FC ANYANG,46,2P,Matheus Oliveira,,,FC ANYANG,Normal Goal,1506982.0
17/05/2026,K League 1,2026/2027,JEJU UNITED FC,FC ANYANG,64,2P,Kim Ryun-sung,,,JEJU UNITED FC,Normal Goal,1506982.0
17/05/2026,K League 1,2026/2027,JEONBUK MOTORS,GIMCHEON SANGMU FC,90,2P,Tiago Orobo,,,JEONBUK MOTORS,Normal Goal,1506983.0
17/05/2026,K League 1,2026/2027,BUCHEON FC 1995,POHANG STEELERS,61,2P,Thiaguinho Santos,,,BUCHEON FC 1995,Normal Goal,1506984.0
17/05/2026,K League 1,2026/2027,BUCHEON FC 1995,POHANG STEELERS,85,2P,Lee Eui-Hyeong,,,BUCHEON FC 1995,Normal Goal,1506984.0
11/07/2026,K League 1,2026/2027,GWANGJU FC,POHANG STEELERS,21,1P,K. Nishiya,,,POHANG STEELERS,Normal Goal,1506993.0
11/07/2026,K League 1,2026/2027,GWANGJU FC,POHANG STEELERS,50,2P,J. Tranziska,,,POHANG STEELERS,Normal Goal,1506993.0
11/07/2026,K League 1,2026/2027,GWANGJU FC,POHANG STEELERS,72,2P,Jung Han-Min,,,POHANG STEELERS,Normal Goal,1506993.0
11/07/2026,K League 1,2026/2027,GIMCHEON SANGMU FC,BUCHEON FC 1995,29,1P,Go Jae-Hyeon,Jung Jae-Min,,GIMCHEON SANGMU FC,Normal Goal,1506992.0
11/07/2026,K League 1,2026/2027,GIMCHEON SANGMU FC,BUCHEON FC 1995,32,1P,Baek Dong-Gyu,Patrick William,,BUCHEON FC 1995,Normal Goal,1506992.0
21/07/2026,K League 1,2026/2027,JEJU UNITED FC,GANGWON FC,21,1P,Kim Shin-Jin,,,JEJU UNITED FC,Normal Goal,1507004.0
21/07/2026,K League 1,2026/2027,JEJU UNITED FC,GANGWON FC,28,1P,Goh Young-Jun,,,GANGWON FC,Normal Goal,1507004.0
21/07/2026,K League 1,2026/2027,ULSAN HYUNDAI FC,INCHEON UNITED,40,1P,M. Ferrier,Kim Seong-Min,,INCHEON UNITED,Normal Goal,1507006.0
21/07/2026,K League 1,2026/2027,ULSAN HYUNDAI FC,INCHEON UNITED,42,1P,Lee Dong-Gyeong,D. Bojanic,,ULSAN HYUNDAI FC,Normal Goal,1507006.0
21/07/2026,K League 1,2026/2027,ULSAN HYUNDAI FC,INCHEON UNITED,90,2P,S. Mugosa,,,INCHEON UNITED,Penalty,1507006.0
25/07/2026,K League 1,2026/2027,POHANG STEELERS,JEONBUK MOTORS,43,1P,G. Paulauskas,,,JEONBUK MOTORS,Normal Goal,1507011.0
25/07/2026,K League 1,2026/2027,POHANG STEELERS,JEONBUK MOTORS,90,2P,Kim Young-Bin,,,JEONBUK MOTORS,Normal Goal,1507011.0
01/08/2026,K League 1,2026/2027,GANGWON FC,BUCHEON FC 1995,60,2P,S. Ye-Geon,Kim Seung-Bin,,BUCHEON FC 1995,Normal Goal,1507016.0
01/08/2026,K League 1,2026/2027,POHANG STEELERS,GIMCHEON SANGMU FC,66,2P,Lee Jung-Taek,,,GIMCHEON SANGMU FC,Normal Goal,1507018.0
24/07/2026,Superliga Dinamarca,2026/2027,VIBORG,ODENSE,56,2P,T. Jorgensen,,,VIBORG,Normal Goal,1548974.0
25/07/2026,Superliga Dinamarca,2026/2027,AARHUS,BRONDBY,52,2P,B. Slisz,,,BRONDBY,Normal Goal,1548975.0
25/07/2026,Superliga Dinamarca,2026/2027,AARHUS,BRONDBY,84,2P,K. Arnstad,,,AARHUS,Penalty,1548975.0
26/07/2026,Superliga Dinamarca,2026/2027,SONDERJYSKE,FC MIDTJYLLAND,26,1P,M. B. Sorensen,,,FC MIDTJYLLAND,Normal Goal,1548976.0
26/07/2026,Superliga Dinamarca,2026/2027,SONDERJYSKE,FC MIDTJYLLAND,27,1P,M. Jensen,,,SONDERJYSKE,Normal Goal,1548976.0
26/07/2026,Superliga Dinamarca,2026/2027,SONDERJYSKE,FC MIDTJYLLAND,35,1P,V. Byskov,,,FC MIDTJYLLAND,Normal Goal,1548976.0
26/07/2026,Superliga Dinamarca,2026/2027,SONDERJYSKE,FC MIDTJYLLAND,45,1P,M. Haidara,,,SONDERJYSKE,Normal Goal,1548976.0
26/07/2026,Superliga Dinamarca,2026/2027,SONDERJYSKE,FC MIDTJYLLAND,66,2P,J. Emefile,,,FC MIDTJYLLAND,Normal Goal,1548976.0
26/07/2026,Superliga Dinamarca,2026/2027,FC COPENHAGEN,LYNGBY,27,1P,B. Meling,,,FC COPENHAGEN,Normal Goal,1548979.0
26/07/2026,Superliga Dinamarca,2026/2027,FC COPENHAGEN,LYNGBY,36,1P,R. Tytens,,,LYNGBY,Normal Goal,1548979.0
26/07/2026,Superliga Dinamarca,2026/2027,FC COPENHAGEN,LYNGBY,39,1P,S. Colyn,,,LYNGBY,Normal Goal,1548979.0
26/07/2026,Superliga Dinamarca,2026/2027,FC COPENHAGEN,LYNGBY,49,2P,B. Meling,,,FC COPENHAGEN,Normal Goal,1548979.0
26/07/2026,Superliga Dinamarca,2026/2027,FC COPENHAGEN,LYNGBY,75,2P,M. Elyounoussi,M. Madsen,,FC COPENHAGEN,Normal Goal,1548979.0
26/07/2026,Superliga Dinamarca,2026/2027,AC HORSENS,FC NORDSJAELLAND,33,1P,N. Rojkjaer,,,FC NORDSJAELLAND,Normal Goal,1548978.0
26/07/2026,Superliga Dinamarca,2026/2027,AC HORSENS,FC NORDSJAELLAND,43,1P,A. Justinussen,,,AC HORSENS,Penalty,1548978.0
27/07/2026,Superliga Dinamarca,2026/2027,RANDERS FC,SILKEBORG,10,1P,M. Themsen,M. Sjolstad,,RANDERS FC,Normal Goal,1548977.0
27/07/2026,Superliga Dinamarca,2026/2027,RANDERS FC,SILKEBORG,45,1P,O. Ross,C. McCowatt,,SILKEBORG,Normal Goal,1548977.0
01/08/2026,Superliga Dinamarca,2026/2027,LYNGBY,AARHUS,33,1P,K. Arnstad,,,AARHUS,Penalty,1548980.0
01/08/2026,Superliga Dinamarca,2026/2027,LYNGBY,AARHUS,67,2P,Dani,,,LYNGBY,Normal Goal,1548980.0
01/08/2026,Superliga Dinamarca,2026/2027,LYNGBY,AARHUS,88,2P,F. Gytkjaer,,,LYNGBY,Penalty,1548980.0
01/08/2026,Superliga Dinamarca,2026/2027,LYNGBY,AARHUS,90,2P,J. Jonsson,F. Emmery,,AARHUS,Normal Goal,1548980.0
02/08/2026,Superliga Dinamarca,2026/2027,FC MIDTJYLLAND,AC HORSENS,33,1P,Franculino,,,FC MIDTJYLLAND,Normal Goal,1548981.0
02/08/2026,Superliga Dinamarca,2026/2027,FC MIDTJYLLAND,AC HORSENS,45,1P,F. Etim,,,FC MIDTJYLLAND,Normal Goal,1548981.0
02/08/2026,Superliga Dinamarca,2026/2027,FC MIDTJYLLAND,AC HORSENS,78,2P,K. Ehibhatiomhan,,,AC HORSENS,Normal Goal,1548981.0
02/08/2026,Superliga Dinamarca,2026/2027,FC NORDSJAELLAND,RANDERS FC,90,2P,R. Norheim,,,FC NORDSJAELLAND,Normal Goal,1548982.0
02/08/2026,Superliga Dinamarca,2026/2027,BRONDBY,VIBORG,80,2P,O. Hyseni,,,BRONDBY,Normal Goal,1548983.0
02/08/2026,Superliga Dinamarca,2026/2027,SILKEBORG,FC COPENHAGEN,25,1P,O. Ross,C. McCowatt,,SILKEBORG,Normal Goal,1548984.0
02/08/2026,Superliga Dinamarca,2026/2027,SILKEBORG,FC COPENHAGEN,42,1P,M. Elyounoussi,J. Larsson,,FC COPENHAGEN,Normal Goal,1548984.0
02/08/2026,Superliga Dinamarca,2026/2027,SILKEBORG,FC COPENHAGEN,45,1P,M. Elyounoussi,W. Clem,,FC COPENHAGEN,Normal Goal,1548984.0
02/08/2026,Superliga Dinamarca,2026/2027,SILKEBORG,FC COPENHAGEN,62,2P,M. Elyounoussi,M. Lopez,,FC COPENHAGEN,Normal Goal,1548984.0
03/08/2026,Superliga Dinamarca,2026/2027,ODENSE,SONDERJYSKE,81,2P,N. Ganaus,,,ODENSE,Normal Goal,1548985.0
09/08/2026,Superliga Dinamarca,2026/2027,RANDERS FC,LYNGBY,15,1P,M. Sankoh,,,RANDERS FC,Normal Goal,1548987.0
09/08/2026,Superliga Dinamarca,2026/2027,RANDERS FC,LYNGBY,49,2P,K. Junker,S. Hansen,,RANDERS FC,Normal Goal,1548987.0
09/08/2026,Superliga Dinamarca,2026/2027,AC HORSENS,BRONDBY,12,1P,M. Younis,M. Kohlert,,BRONDBY,Normal Goal,1548988.0
09/08/2026,Superliga Dinamarca,2026/2027,AC HORSENS,BRONDBY,60,2P,M. Kupijbida,,,BRONDBY,Own Goal,1548988.0
10/08/2026,Superliga Dinamarca,2026/2027,SILKEBORG,ODENSE,51,2P,C. McCowatt,O. Ross,,SILKEBORG,Normal Goal,1548989.0
14/08/2026,Superliga Dinamarca,2026/2027,VIBORG,AARHUS,11,1P,M. Sondergaard,Z. Zaletel,,VIBORG,Normal Goal,1548990.0
14/08/2026,Superliga Dinamarca,2026/2027,VIBORG,AARHUS,31,1P,F. Emmery,M. Solbakken,,AARHUS,Normal Goal,1548990.0
14/08/2026,Superliga Dinamarca,2026/2027,VIBORG,AARHUS,60,2P,M. Sondergaard,O. Bundgaard,,VIBORG,Normal Goal,1548990.0
16/08/2026,Superliga Dinamarca,2026/2027,FC NORDSJAELLAND,SILKEBORG,80,2P,I. Adel,,,FC NORDSJAELLAND,Normal Goal,1548992.0
16/08/2026,Superliga Dinamarca,2026/2027,ODENSE,AC HORSENS,3,1P,A. Moro,,,ODENSE,Own Goal,1548991.0
16/08/2026,Superliga Dinamarca,2026/2027,ODENSE,AC HORSENS,38,1P,Y. Ouorou,J. Madsen,,AC HORSENS,Normal Goal,1548991.0
16/08/2026,Superliga Dinamarca,2026/2027,ODENSE,AC HORSENS,65,2P,K. Kirkegaard,Y. Ouorou,,AC HORSENS,Normal Goal,1548991.0
16/08/2026,Superliga Dinamarca,2026/2027,LYNGBY,FC MIDTJYLLAND,50,2P,S. Iheanacho,,,FC MIDTJYLLAND,Normal Goal,1548993.0
16/08/2026,Superliga Dinamarca,2026/2027,LYNGBY,FC MIDTJYLLAND,59,2P,G. Fraulo,,,LYNGBY,Normal Goal,1548993.0
16/08/2026,Superliga Dinamarca,2026/2027,RANDERS FC,FC COPENHAGEN,2,1P,B. Meling,,,FC COPENHAGEN,Normal Goal,1548994.0
16/08/2026,Superliga Dinamarca,2026/2027,RANDERS FC,FC COPENHAGEN,14,1P,B. Meling,,,FC COPENHAGEN,Normal Goal,1548994.0
16/08/2026,Superliga Dinamarca,2026/2027,RANDERS FC,FC COPENHAGEN,45,1P,M. Madsen,,,FC COPENHAGEN,Normal Goal,1548994.0
16/08/2026,Superliga Dinamarca,2026/2027,RANDERS FC,FC COPENHAGEN,77,2P,M. Lopez,A. Kral,,FC COPENHAGEN,Normal Goal,1548994.0
17/08/2026,Superliga Dinamarca,2026/2027,BRONDBY,SONDERJYSKE,18,1P,M. Frokjaer-Jensen,M. Ejdum,,BRONDBY,Normal Goal,1548995.0
17/08/2026,Superliga Dinamarca,2026/2027,BRONDBY,SONDERJYSKE,30,1P,M. Frokjaer-Jensen,M. Ejdum,,BRONDBY,Normal Goal,1548995.0
17/08/2026,Superliga Dinamarca,2026/2027,BRONDBY,SONDERJYSKE,45,1P,O. Hyseni,O. Fenger,,BRONDBY,Normal Goal,1548995.0
17/08/2026,Superliga Dinamarca,2026/2027,BRONDBY,SONDERJYSKE,58,2P,B. Tambedou,M. Soulas,,SONDERJYSKE,Normal Goal,1548995.0
17/08/2026,Superliga Dinamarca,2026/2027,BRONDBY,SONDERJYSKE,64,2P,M. Haidara,S. Emini,,SONDERJYSKE,Normal Goal,1548995.0
23/08/2026,Superliga Dinamarca,2026/2027,SONDERJYSKE,FC NORDSJAELLAND,44,1P,M. Walker,,,FC NORDSJAELLAND,Normal Goal,1548997.0
23/08/2026,Superliga Dinamarca,2026/2027,SONDERJYSKE,FC NORDSJAELLAND,60,2P,M. Walker,,,FC NORDSJAELLAND,Normal Goal,1548997.0
23/08/2026,Superliga Dinamarca,2026/2027,SONDERJYSKE,FC NORDSJAELLAND,87,2P,V. Berthelsen,,,FC NORDSJAELLAND,Normal Goal,1548997.0
23/08/2026,Superliga Dinamarca,2026/2027,FC MIDTJYLLAND,RANDERS FC,28,1P,D. Osorio,,,FC MIDTJYLLAND,Normal Goal,1548998.0
23/08/2026,Superliga Dinamarca,2026/2027,AARHUS,ODENSE,21,1P,J. Bogere,S. Jorgensen,,AARHUS,Normal Goal,1548996.0
23/08/2026,Superliga Dinamarca,2026/2027,AARHUS,ODENSE,26,1P,F. Arp,,,ODENSE,Normal Goal,1548996.0
23/08/2026,Superliga Dinamarca,2026/2027,AARHUS,ODENSE,42,1P,F. Arp,,,ODENSE,Normal Goal,1548996.0
23/08/2026,Superliga Dinamarca,2026/2027,AARHUS,ODENSE,75,2P,R. Carstensen,M. Knudsen,,AARHUS,Normal Goal,1548996.0
23/08/2026,Superliga Dinamarca,2026/2027,AC HORSENS,LYNGBY,15,1P,K. Ehibhatiomhan,,,AC HORSENS,Normal Goal,1548999.0
23/08/2026,Superliga Dinamarca,2026/2027,AC HORSENS,LYNGBY,66,2P,I. Thorvaldsson,,,LYNGBY,Normal Goal,1548999.0
23/08/2026,Superliga Dinamarca,2026/2027,AC HORSENS,LYNGBY,72,2P,I. Thorvaldsson,,,LYNGBY,Missed Penalty,1548999.0
23/08/2026,Superliga Dinamarca,2026/2027,AC HORSENS,LYNGBY,90,2P,A. Justinussen,,,AC HORSENS,Normal Goal,1548999.0
31/07/2026,Premiership Escocia,2026/2027,DUNDEE UTD,RANGERS,38,1P,L. Rose,J. Randall,,DUNDEE UTD,Normal Goal,1556628.0
31/07/2026,Premiership Escocia,2026/2027,DUNDEE UTD,RANGERS,56,2P,T. Aasgaard,,,RANGERS,Normal Goal,1556628.0
01/08/2026,Premiership Escocia,2026/2027,FALKIRK,ST MIRREN,11,1P,K. Phillips,H. Fieldson,,ST MIRREN,Normal Goal,1556629.0
01/08/2026,Premiership Escocia,2026/2027,FALKIRK,ST MIRREN,87,2P,K. Phillips,R. Idowu,,ST MIRREN,Normal Goal,1556629.0
01/08/2026,Premiership Escocia,2026/2027,ABERDEEN,HEART OF MIDLOTHIAN,35,1P,O. McEntee,,,HEART OF MIDLOTHIAN,Normal Goal,1556630.0
01/08/2026,Premiership Escocia,2026/2027,ABERDEEN,HEART OF MIDLOTHIAN,90,2P,L. Mayo,,,ABERDEEN,Normal Goal,1556630.0
01/08/2026,Premiership Escocia,2026/2027,ABERDEEN,HEART OF MIDLOTHIAN,90,2P,K. Nisbet,,,ABERDEEN,Penalty,1556630.0
02/08/2026,Premiership Escocia,2026/2027,ST JOHNSTONE,KILMARNOCK,16,1P,J. Fowler,J. Gullan,,ST JOHNSTONE,Normal Goal,1556631.0
02/08/2026,Premiership Escocia,2026/2027,ST JOHNSTONE,KILMARNOCK,37,1P,G. Kiltie,T. Lowery,,KILMARNOCK,Normal Goal,1556631.0
02/08/2026,Premiership Escocia,2026/2027,ST JOHNSTONE,KILMARNOCK,47,2P,C. Diabate,J. Gullan,,ST JOHNSTONE,Normal Goal,1556631.0
02/08/2026,Premiership Escocia,2026/2027,ST JOHNSTONE,KILMARNOCK,49,2P,J. Hugill,,,KILMARNOCK,Normal Goal,1556631.0
02/08/2026,Premiership Escocia,2026/2027,ST JOHNSTONE,KILMARNOCK,53,2P,J. Holt,,,KILMARNOCK,Own Goal,1556631.0
02/08/2026,Premiership Escocia,2026/2027,ST JOHNSTONE,KILMARNOCK,69,2P,M. Schjonning-Larsen,,,ST JOHNSTONE,Own Goal,1556631.0
02/08/2026,Premiership Escocia,2026/2027,ST JOHNSTONE,KILMARNOCK,80,2P,K. Fotheringham,J. Fowler,,ST JOHNSTONE,Normal Goal,1556631.0
02/08/2026,Premiership Escocia,2026/2027,HIBERNIAN,MOTHERWELL,40,1P,L. Fadinger,,,MOTHERWELL,Penalty,1556632.0
02/08/2026,Premiership Escocia,2026/2027,HIBERNIAN,MOTHERWELL,56,2P,M. Boyle,,,HIBERNIAN,Penalty,1556632.0
02/08/2026,Premiership Escocia,2026/2027,HIBERNIAN,MOTHERWELL,85,2P,I. Said,D. Williams,,MOTHERWELL,Normal Goal,1556632.0
03/08/2026,Premiership Escocia,2026/2027,CELTIC,DUNDEE,52,2P,B. Nygren,K. Tierney,,CELTIC,Normal Goal,1556633.0
08/08/2026,Premiership Escocia,2026/2027,ST MIRREN,ST JOHNSTONE,49,2P,Jamie Gullan,,,ST JOHNSTONE,Missed Penalty,1556637.0
08/08/2026,Premiership Escocia,2026/2027,ST MIRREN,ST JOHNSTONE,73,2P,K. Phillips,,,ST MIRREN,Penalty,1556637.0
08/08/2026,Premiership Escocia,2026/2027,DUNDEE,ABERDEEN,9,1P,J. Westley,J. Bevan,,DUNDEE,Normal Goal,1556634.0
08/08/2026,Premiership Escocia,2026/2027,DUNDEE,ABERDEEN,56,2P,J. Bevan,,,DUNDEE,Normal Goal,1556634.0
09/08/2026,Premiership Escocia,2026/2027,KILMARNOCK,CELTIC,2,1P,K. Hogh,A. Engels,,CELTIC,Normal Goal,1556638.0
09/08/2026,Premiership Escocia,2026/2027,KILMARNOCK,CELTIC,33,1P,K. Hogh,B. Nygren,,CELTIC,Normal Goal,1556638.0
09/08/2026,Premiership Escocia,2026/2027,KILMARNOCK,CELTIC,35,1P,K. Hogh,C. Duran,,CELTIC,Normal Goal,1556638.0
09/08/2026,Premiership Escocia,2026/2027,KILMARNOCK,CELTIC,47,2P,B. Nygren,,,CELTIC,Normal Goal,1556638.0
09/08/2026,Premiership Escocia,2026/2027,KILMARNOCK,CELTIC,56,2P,M. Schjonning-Larsen,T. Lowery,,KILMARNOCK,Normal Goal,1556638.0
09/08/2026,Premiership Escocia,2026/2027,KILMARNOCK,CELTIC,75,2P,L. McCowan,,,CELTIC,Normal Goal,1556638.0
09/08/2026,Premiership Escocia,2026/2027,HEART OF MIDLOTHIAN,DUNDEE UTD,4,1P,T. Renaud,C. Braga,,HEART OF MIDLOTHIAN,Normal Goal,1556635.0
09/08/2026,Premiership Escocia,2026/2027,HEART OF MIDLOTHIAN,DUNDEE UTD,12,1P,C. Miller,,,HEART OF MIDLOTHIAN,Penalty,1556635.0
09/08/2026,Premiership Escocia,2026/2027,HEART OF MIDLOTHIAN,DUNDEE UTD,56,2P,C. Braga,S. Kerjota,,HEART OF MIDLOTHIAN,Normal Goal,1556635.0
09/08/2026,Premiership Escocia,2026/2027,HEART OF MIDLOTHIAN,DUNDEE UTD,67,2P,J. McPake,C. Braga,,HEART OF MIDLOTHIAN,Normal Goal,1556635.0
09/08/2026,Premiership Escocia,2026/2027,RANGERS,HIBERNIAN,12,1P,J. Campbell,,,HIBERNIAN,Penalty,1556639.0
09/08/2026,Premiership Escocia,2026/2027,RANGERS,HIBERNIAN,85,2P,M. Chaiwa,,,RANGERS,Own Goal,1556639.0
09/08/2026,Premiership Escocia,2026/2027,RANGERS,HIBERNIAN,90,2P,C. Wright,,,HIBERNIAN,Normal Goal,1556639.0
22/08/2026,Premiership Escocia,2026/2027,DUNDEE UTD,DUNDEE,43,1P,D. Wright,,,DUNDEE,Normal Goal,1556640.0
22/08/2026,Premiership Escocia,2026/2027,DUNDEE UTD,DUNDEE,57,2P,O. Bevan,A. Forrest,,DUNDEE,Normal Goal,1556640.0
15/08/2026,LaLiga EA Sports,2026/2027,ALAVES,GETAFE,73,2P,N. Tenaglia,,,ALAVES,Normal Goal,1570333.0
15/08/2026,LaLiga EA Sports,2026/2027,ALAVES,GETAFE,90,2P,M. Rodriguez,,,ALAVES,Normal Goal,1570333.0
19/08/2026,LaLiga EA Sports,2026/2027,ATLETICO MADRID,MALAGA,70,2P,Lee Kang-In,,,ATLETICO MADRID,Normal Goal,1570334.0
19/08/2026,LaLiga EA Sports,2026/2027,ATLETICO MADRID,MALAGA,85,2P,A. Baena,,,ATLETICO MADRID,Normal Goal,1570334.0
20/08/2026,LaLiga EA Sports,2026/2027,RAYO VALLECANO,ALAVES,48,2P,S. Camello,,,RAYO VALLECANO,Normal Goal,1570351.0
20/08/2026,LaLiga EA Sports,2026/2027,RAYO VALLECANO,ALAVES,84,2P,M. Diaz,,,ALAVES,Normal Goal,1570351.0
21/08/2026,LaLiga EA Sports,2026/2027,REAL BETIS,REAL SOCIEDAD,63,2P,R. Riquelme,,,REAL BETIS,Normal Goal,1570345.0
22/08/2026,LaLiga EA Sports,2026/2027,ATHLETIC CLUB,SEVILLA,15,1P,Oso,,,SEVILLA,Normal Goal,1570343.0
22/08/2026,LaLiga EA Sports,2026/2027,ATHLETIC CLUB,SEVILLA,50,2P,C. Ejuke,,,SEVILLA,Normal Goal,1570343.0
22/08/2026,LaLiga EA Sports,2026/2027,ATHLETIC CLUB,SEVILLA,57,2P,I. Romero,,,SEVILLA,Normal Goal,1570343.0
22/08/2026,LaLiga EA Sports,2026/2027,ATHLETIC CLUB,SEVILLA,70,2P,A. Paredes,,,ATHLETIC CLUB,Normal Goal,1570343.0
22/08/2026,LaLiga EA Sports,2026/2027,ESPANYOL,REAL MADRID,9,1P,J. Bellingham,A. Guler,,REAL MADRID,Normal Goal,1570347.0
22/08/2026,LaLiga EA Sports,2026/2027,ESPANYOL,REAL MADRID,30,1P,A. Calatrava,J. Hernandez,,ESPANYOL,Normal Goal,1570347.0
22/08/2026,LaLiga EA Sports,2026/2027,ESPANYOL,REAL MADRID,90,2P,C. Espi,,,REAL MADRID,Normal Goal,1570347.0
14/08/2026,LaLiga Hypermotion,2026/2027,REAL SOCIEDAD II,CASTELLON,7,1P,O. Camara,,,CASTELLON,Normal Goal,1569881.0
15/08/2026,LaLiga Hypermotion,2026/2027,FC ANDORRA,AD CEUTA FC,33,1P,J. Cano,T. Carrique,,FC ANDORRA,Normal Goal,1569872.0
15/08/2026,LaLiga Hypermotion,2026/2027,FC ANDORRA,AD CEUTA FC,62,2P,T. Carrique,J. Cano,,FC ANDORRA,Normal Goal,1569872.0
15/08/2026,LaLiga Hypermotion,2026/2027,FC ANDORRA,AD CEUTA FC,69,2P,Quintana Nacho,,,FC ANDORRA,Normal Goal,1569872.0
15/08/2026,LaLiga Hypermotion,2026/2027,FC ANDORRA,AD CEUTA FC,84,2P,Quintana Nacho,A. Calvo,,FC ANDORRA,Normal Goal,1569872.0
15/08/2026,LaLiga Hypermotion,2026/2027,FC ANDORRA,AD CEUTA FC,87,2P,J. Escobar,K. Kone,,AD CEUTA FC,Normal Goal,1569872.0
15/08/2026,LaLiga Hypermotion,2026/2027,FC ANDORRA,AD CEUTA FC,90,2P,A. Calvo,E. Akman,,FC ANDORRA,Normal Goal,1569872.0
15/08/2026,LaLiga Hypermotion,2026/2027,MALLORCA,VALLADOLID,62,2P,P. Torre,,,MALLORCA,Normal Goal,1569879.0
15/08/2026,LaLiga Hypermotion,2026/2027,MALLORCA,VALLADOLID,72,2P,A. Raillo,,,MALLORCA,Normal Goal,1569879.0
16/08/2026,LaLiga Hypermotion,2026/2027,EIBAR,TENERIFE,7,1P,Enric,N. Gil,,TENERIFE,Normal Goal,1569875.0
16/08/2026,LaLiga Hypermotion,2026/2027,EIBAR,TENERIFE,35,1P,J. Bautista,J. Magunazelaia Argoitia,,EIBAR,Normal Goal,1569875.0
16/08/2026,LaLiga Hypermotion,2026/2027,EIBAR,TENERIFE,44,1P,J. Alvarez,,,TENERIFE,Normal Goal,1569875.0
16/08/2026,LaLiga Hypermotion,2026/2027,EIBAR,TENERIFE,74,2P,I. Chapela,A. Krdzalic,,TENERIFE,Normal Goal,1569875.0
16/08/2026,LaLiga Hypermotion,2026/2027,GIRONA,LEGANES,48,2P,N. Garcia,,,LEGANES,Normal Goal,1569877.0
16/08/2026,LaLiga Hypermotion,2026/2027,GIRONA,LEGANES,90,2P,A. Ruiz,,,GIRONA,Normal Goal,1569877.0
16/08/2026,LaLiga Hypermotion,2026/2027,BURGOS,CORDOBA,11,1P,Y. Diarra,C. Carracedo,,CORDOBA,Normal Goal,1569873.0
16/08/2026,LaLiga Hypermotion,2026/2027,BURGOS,CORDOBA,24,1P,A. Fores,Curro,,BURGOS,Normal Goal,1569873.0
16/08/2026,LaLiga Hypermotion,2026/2027,BURGOS,CORDOBA,37,1P,J. Llabres,,,BURGOS,Normal Goal,1569873.0
16/08/2026,LaLiga Hypermotion,2026/2027,BURGOS,CORDOBA,45,1P,E. Garcia,J. Gutierrez,,CORDOBA,Normal Goal,1569873.0
16/08/2026,LaLiga Hypermotion,2026/2027,BURGOS,CORDOBA,90,2P,D. Gonzalez Ballesteros,V. Mollejo,,BURGOS,Normal Goal,1569873.0
16/08/2026,LaLiga Hypermotion,2026/2027,LAS PALMAS,ALBACETE,21,1P,Jese,,,LAS PALMAS,Normal Goal,1569878.0
16/08/2026,LaLiga Hypermotion,2026/2027,LAS PALMAS,ALBACETE,85,2P,V. San Bartolome,,,ALBACETE,Normal Goal,1569878.0
16/08/2026,LaLiga Hypermotion,2026/2027,LAS PALMAS,ALBACETE,90,2P,S. Ramirez,,,LAS PALMAS,Normal Goal,1569878.0
17/08/2026,LaLiga Hypermotion,2026/2027,ALMERIA,ELDENSE,15,1P,F. Bonini,,,ALMERIA,Normal Goal,1569871.0
17/08/2026,LaLiga Hypermotion,2026/2027,ALMERIA,ELDENSE,45,1P,S. Dzodic,,,ALMERIA,Normal Goal,1569871.0
17/08/2026,LaLiga Hypermotion,2026/2027,ALMERIA,ELDENSE,45,1P,N. Melamed,,,ALMERIA,Normal Goal,1569871.0
17/08/2026,LaLiga Hypermotion,2026/2027,ALMERIA,ELDENSE,90,2P,Léo Baptistão,,,ALMERIA,Missed Penalty,1569871.0
21/08/2026,LaLiga Hypermotion,2026/2027,CORDOBA,GIRONA,12,1P,V. Sanchez,D. Bri,,CORDOBA,Normal Goal,1569886.0
21/08/2026,LaLiga Hypermotion,2026/2027,CORDOBA,GIRONA,37,1P,D. Bri,,,CORDOBA,Normal Goal,1569886.0
21/08/2026,LaLiga Hypermotion,2026/2027,CORDOBA,GIRONA,85,2P,Y. Asprilla,A. Martinez,,GIRONA,Normal Goal,1569886.0
22/08/2026,LaLiga Hypermotion,2026/2027,OVIEDO,LEGANES,19,1P,I. Gharbi,N. Garcia,,LEGANES,Normal Goal,1569891.0
22/08/2026,LaLiga Hypermotion,2026/2027,ALBACETE,REAL SOCIEDAD II,6,1P,A. Mariezkurrena,,,REAL SOCIEDAD II,Normal Goal,1569882.0
22/08/2026,LaLiga Hypermotion,2026/2027,ALBACETE,REAL SOCIEDAD II,45,1P,G. Gorosabel,,,REAL SOCIEDAD II,Normal Goal,1569882.0
22/08/2026,LaLiga Hypermotion,2026/2027,ALBACETE,REAL SOCIEDAD II,80,2P,D. Bernabeu,,,ALBACETE,Normal Goal,1569882.0
22/08/2026,LaLiga Hypermotion,2026/2027,AD CEUTA FC,LAS PALMAS,29,1P,T. Miyashiro,,,LAS PALMAS,Normal Goal,1569885.0
22/08/2026,LaLiga Hypermotion,2026/2027,AD CEUTA FC,LAS PALMAS,69,2P,M. Fuster,T. Miyashiro,,LAS PALMAS,Normal Goal,1569885.0
22/08/2026,LaLiga Hypermotion,2026/2027,ELDENSE,CADIZ,49,2P,M. Carmona,,,ELDENSE,Normal Goal,1569888.0
22/08/2026,LaLiga Hypermotion,2026/2027,ELDENSE,CADIZ,54,2P,I. Sanchez,,,CADIZ,Normal Goal,1569888.0
22/08/2026,LaLiga Hypermotion,2026/2027,ELDENSE,CADIZ,70,2P,G. Macho,,,ELDENSE,Normal Goal,1569888.0
22/08/2026,LaLiga Hypermotion,2026/2027,ELDENSE,CADIZ,74,2P,A. Cordero,,,CADIZ,Normal Goal,1569888.0
21/08/2026,Ligue 1,2026/2027,MARSEILLE,STRASBOURG,46,2P,A. Gouiri,A. Gomes,,MARSEILLE,Normal Goal,1552733.0
21/08/2026,Ligue 1,2026/2027,MARSEILLE,STRASBOURG,68,2P,A. Gouiri,,,MARSEILLE,Penalty,1552733.0
21/08/2026,Ligue 1,2026/2027,MARSEILLE,STRASBOURG,89,2P,K. Abdallah,,,MARSEILLE,Normal Goal,1552733.0
21/08/2026,Ligue 1,2026/2027,MARSEILLE,STRASBOURG,90,2P,P. Hojbjerg,,,MARSEILLE,Normal Goal,1552733.0
22/08/2026,Ligue 1,2026/2027,LENS,AUXERRE,12,1P,F. Thauvin,,,LENS,Penalty,1552732.0
22/08/2026,Ligue 1,2026/2027,LENS,AUXERRE,49,2P,F. Ivanovic,A. Sima,,LENS,Normal Goal,1552732.0
22/08/2026,Ligue 1,2026/2027,LENS,AUXERRE,54,2P,S. Abdulhamid,F. Thauvin,,LENS,Normal Goal,1552732.0
22/08/2026,Ligue 1,2026/2027,LENS,AUXERRE,61,2P,D. Namaso,,,AUXERRE,Penalty,1552732.0
22/08/2026,Ligue 1,2026/2027,LENS,AUXERRE,66,2P,I. Ganiou,M. Skoras,,LENS,Normal Goal,1552732.0
22/08/2026,Ligue 1,2026/2027,LENS,AUXERRE,69,2P,L. Sy,R. Mandengue,,AUXERRE,Normal Goal,1552732.0
22/08/2026,Ligue 1,2026/2027,LENS,AUXERRE,88,2P,F. Thauvin,,,LENS,Penalty,1552732.0
22/08/2026,Ligue 1,2026/2027,TOULOUSE,LYON,68,2P,N. Nartey,,,LYON,Normal Goal,1552736.0
22/08/2026,Ligue 1,2026/2027,TOULOUSE,LYON,85,2P,M. Fofana,,,LYON,Normal Goal,1552736.0
22/08/2026,Ligue 1,2026/2027,LE MANS,STADE BRESTOIS 29,31,1P,R. Del Castillo,K. Doumbia,,STADE BRESTOIS 29,Normal Goal,1552731.0
22/08/2026,Ligue 1,2026/2027,LE MANS,STADE BRESTOIS 29,45,1P,D. Gueye,L. Mafouta,,LE MANS,Normal Goal,1552731.0
22/08/2026,Ligue 1,2026/2027,LE MANS,STADE BRESTOIS 29,55,2P,L. Mafouta,A. Bourabaa,,LE MANS,Normal Goal,1552731.0
22/08/2026,Ligue 1,2026/2027,LE MANS,STADE BRESTOIS 29,62,2P,K. Doumbia,,,STADE BRESTOIS 29,Normal Goal,1552731.0
23/08/2026,Ligue 1,2026/2027,ANGERS,LILLE,11,1P,O. Giroud,N. Bentaleb,,LILLE,Normal Goal,1552729.0
23/08/2026,Ligue 1,2026/2027,ANGERS,LILLE,31,1P,T. Santos,,,LILLE,Normal Goal,1552729.0
08/08/2026,Ligue 2,2026/2027,MONTPELLIER,DIJON,90,2P,L. Megnan-Pave,,,MONTPELLIER,Normal Goal,1552427.0
08/08/2026,Ligue 2,2026/2027,NANTES,RED STAR FC 93,67,2P,K. Cabral,,,RED STAR FC 93,Normal Goal,1552428.0
08/08/2026,Ligue 2,2026/2027,METZ,GUINGAMP,51,2P,A. Demouchy,,,GUINGAMP,Normal Goal,1552426.0
08/08/2026,Ligue 2,2026/2027,METZ,GUINGAMP,58,2P,P. M. Fall,,,METZ,Normal Goal,1552426.0
08/08/2026,Ligue 2,2026/2027,METZ,GUINGAMP,60,2P,G. Abuashvili,,,METZ,Normal Goal,1552426.0
08/08/2026,Ligue 2,2026/2027,RODEZ,LAVAL,68,2P,E. Clavreul,,,LAVAL,Normal Goal,1552430.0
08/08/2026,Ligue 2,2026/2027,RODEZ,LAVAL,89,2P,I. Balde,,,RODEZ,Normal Goal,1552430.0
08/08/2026,Ligue 2,2026/2027,RODEZ,LAVAL,90,2P,O. Joly,,,RODEZ,Normal Goal,1552430.0
08/08/2026,Ligue 2,2026/2027,DUNKERQUE,GRENOBLE,21,1P,V. Mayela,,,DUNKERQUE,Normal Goal,1552425.0
08/08/2026,Ligue 2,2026/2027,DUNKERQUE,GRENOBLE,52,2P,M. Decherf,,,DUNKERQUE,Normal Goal,1552425.0
08/08/2026,Ligue 2,2026/2027,DUNKERQUE,GRENOBLE,57,2P,E. Prutsev,,,DUNKERQUE,Normal Goal,1552425.0
08/08/2026,Ligue 2,2026/2027,DUNKERQUE,GRENOBLE,64,2P,E. Prutsev,,,DUNKERQUE,Normal Goal,1552425.0
08/08/2026,Ligue 2,2026/2027,DUNKERQUE,GRENOBLE,76,2P,Y. Diaby,,,GRENOBLE,Normal Goal,1552425.0
14/08/2026,Ligue 2,2026/2027,DIJON,PAU,61,2P,B. Leye,L. Rajot,,PAU,Normal Goal,1552433.0
14/08/2026,Ligue 2,2026/2027,GUINGAMP,BOULOGNE,86,2P,S. Kielt,,,GUINGAMP,Normal Goal,1552435.0
14/08/2026,Ligue 2,2026/2027,REIMS,DUNKERQUE,36,1P,A. Lebeau,M. Decherf,,DUNKERQUE,Normal Goal,1552439.0
14/08/2026,Ligue 2,2026/2027,REIMS,DUNKERQUE,42,1P,M. Tia,D. Guindo,,REIMS,Normal Goal,1552439.0
14/08/2026,Ligue 2,2026/2027,REIMS,DUNKERQUE,49,2P,Y. Fofana,A. Kashi,,REIMS,Normal Goal,1552439.0
14/08/2026,Ligue 2,2026/2027,REIMS,DUNKERQUE,55,2P,Y. Fofana,A. Gadou,,REIMS,Normal Goal,1552439.0
14/08/2026,Ligue 2,2026/2027,REIMS,DUNKERQUE,72,2P,S. Keita,T. Robinet,,DUNKERQUE,Normal Goal,1552439.0
14/08/2026,Ligue 2,2026/2027,REIMS,DUNKERQUE,90,2P,T. Robinet,,,DUNKERQUE,Penalty,1552439.0
14/08/2026,Ligue 2,2026/2027,NANCY,MONTPELLIER,72,2P,Y. Issoufou,,,MONTPELLIER,Normal Goal,1552437.0
14/08/2026,Ligue 2,2026/2027,LAVAL,NANTES,17,1P,T. Dago,,,LAVAL,Normal Goal,1552436.0
14/08/2026,Ligue 2,2026/2027,LAVAL,NANTES,44,1P,H. Guirassy,,,NANTES,Normal Goal,1552436.0
14/08/2026,Ligue 2,2026/2027,LAVAL,NANTES,90,2P,M. Houdayer,,,LAVAL,Normal Goal,1552436.0
14/08/2026,Ligue 2,2026/2027,SAINT ETIENNE,CLERMONT FOOT,41,1P,I. Cardona,T. Ballo,,SAINT ETIENNE,Normal Goal,1552440.0
14/08/2026,Ligue 2,2026/2027,SAINT ETIENNE,CLERMONT FOOT,54,2P,T. Ballo,,,SAINT ETIENNE,Normal Goal,1552440.0
14/08/2026,Ligue 2,2026/2027,SAINT ETIENNE,CLERMONT FOOT,71,2P,J. Breum,A. Csongvai,,SAINT ETIENNE,Normal Goal,1552440.0
14/08/2026,Ligue 2,2026/2027,SAINT ETIENNE,CLERMONT FOOT,89,2P,O. Diop,J. Sambia,,CLERMONT FOOT,Normal Goal,1552440.0
14/08/2026,Ligue 2,2026/2027,ANNECY,RODEZ,34,1P,A. Larose,,,ANNECY,Normal Goal,1552432.0
14/08/2026,Ligue 2,2026/2027,ANNECY,RODEZ,71,2P,M. Dion,,,ANNECY,Normal Goal,1552432.0
21/08/2026,Ligue 2,2026/2027,CLERMONT FOOT,DIJON,90,2P,J. Marie,,,DIJON,Normal Goal,1552442.0
21/08/2026,Ligue 2,2026/2027,CLERMONT FOOT,DIJON,90,2P,J. Nyindong Tsamouna,,,CLERMONT FOOT,Normal Goal,1552442.0
21/08/2026,Ligue 2,2026/2027,SOCHAUX,GUINGAMP,14,1P,B. Fofana,S. Agouzoul,,SOCHAUX,Normal Goal,1552448.0
21/08/2026,Ligue 2,2026/2027,SOCHAUX,GUINGAMP,20,1P,Samy Baghdadi,,,SOCHAUX,Missed Penalty,1552448.0
21/08/2026,Ligue 2,2026/2027,PAU,NANCY,87,2P,B. Bokangu,,,NANCY,Normal Goal,1552446.0
21/08/2026,Ligue 2,2026/2027,BOULOGNE,RED STAR FC 93,3,1P,D. Durand,K. Cabral,,RED STAR FC 93,Normal Goal,1552441.0
21/08/2026,Ligue 2,2026/2027,BOULOGNE,RED STAR FC 93,52,2P,A. Hbouch,,,BOULOGNE,Normal Goal,1552441.0
21/08/2026,Ligue 2,2026/2027,DUNKERQUE,MONTPELLIER,54,2P,N. Pays,,,MONTPELLIER,Normal Goal,1552443.0
22/08/2026,Ligue 2,2026/2027,NANTES,RODEZ,4,1P,K. Corredor,M. Cafaro,,NANTES,Normal Goal,1552445.0
22/08/2026,Ligue 2,2026/2027,NANTES,RODEZ,15,1P,I. Balde,R. Ponti,,RODEZ,Normal Goal,1552445.0
22/08/2026,Ligue 2,2026/2027,NANTES,RODEZ,24,1P,K. Corredor,W. Younoussa,,NANTES,Normal Goal,1552445.0
22/08/2026,Ligue 2,2026/2027,NANTES,RODEZ,47,2P,R. Ponti,,,RODEZ,Normal Goal,1552445.0
22/08/2026,Ligue 2,2026/2027,NANTES,RODEZ,71,2P,I. Balde,R. Lipinski,,RODEZ,Normal Goal,1552445.0
22/08/2026,Ligue 2,2026/2027,NANTES,RODEZ,72,2P,I. Balde,R. Lipinski,,RODEZ,Normal Goal,1552445.0
22/08/2026,Ligue 2,2026/2027,NANTES,RODEZ,90,2P,S. Sow,,,RODEZ,Own Goal,1552445.0
22/08/2026,Ligue 2,2026/2027,METZ,LAVAL,49,2P,J. Maggiotti,,,LAVAL,Penalty,1552444.0
22/08/2026,Ligue 2,2026/2027,METZ,LAVAL,78,2P,P. M. Fall,,,METZ,Normal Goal,1552444.0
22/08/2026,Ligue 2,2026/2027,SAINT ETIENNE,GRENOBLE,13,1P,A. Csongvai,,,SAINT ETIENNE,Normal Goal,1552449.0
22/08/2026,Ligue 2,2026/2027,SAINT ETIENNE,GRENOBLE,19,1P,T. Ballo,,,SAINT ETIENNE,Normal Goal,1552449.0
22/08/2026,Ligue 2,2026/2027,SAINT ETIENNE,GRENOBLE,45,1P,I. Cardona,,,SAINT ETIENNE,Normal Goal,1552449.0
22/08/2026,Ligue 2,2026/2027,SAINT ETIENNE,GRENOBLE,82,2P,Z. Davitashvili,,,SAINT ETIENNE,Normal Goal,1552449.0
22/08/2026,Super League Grecia,2026/2027,OLYMPIAKOS PIRAEUS,ATROMITOS,80,2P,Ayoub El Kaabi,,,OLYMPIAKOS PIRAEUS,Missed Penalty,1593292.0
22/08/2026,Super League Grecia,2026/2027,OLYMPIAKOS PIRAEUS,ATROMITOS,82,2P,D. Carmo,,,OLYMPIAKOS PIRAEUS,Normal Goal,1593292.0
21/08/2026,Premier League,2026/2027,ARSENAL,COVENTRY,15,1P,K. Havertz,R. Calafiori,,ARSENAL,Normal Goal,1557367.0
21/08/2026,Premier League,2026/2027,ARSENAL,COVENTRY,23,1P,B. Saka,,,ARSENAL,Normal Goal,1557367.0
21/08/2026,Premier League,2026/2027,ARSENAL,COVENTRY,49,2P,M. Odegaard,B. White,,ARSENAL,Normal Goal,1557367.0
22/08/2026,Premier League,2026/2027,HULL CITY,MANCHESTER UNITED,17,1P,S. Ajayi,,,HULL CITY,Normal Goal,1557368.0
22/08/2026,Premier League,2026/2027,HULL CITY,MANCHESTER UNITED,38,1P,N. Mendy,R. Slater,,HULL CITY,Normal Goal,1557368.0
22/08/2026,Premier League,2026/2027,EVERTON,CRYSTAL PALACE,42,1P,K. Dewsbury-Hall,,,EVERTON,Normal Goal,1557369.0
22/08/2026,Premier League,2026/2027,EVERTON,CRYSTAL PALACE,53,2P,T. Barry,,,EVERTON,Normal Goal,1557369.0
22/08/2026,Premier League,2026/2027,IPSWICH,SUNDERLAND,24,1P,Emersonn,J. Enciso,,IPSWICH,Normal Goal,1557370.0
22/08/2026,Premier League,2026/2027,IPSWICH,SUNDERLAND,39,1P,N. Angulo,,,SUNDERLAND,Normal Goal,1557370.0
22/08/2026,Premier League,2026/2027,IPSWICH,SUNDERLAND,90,2P,J. Clarke,S. Lukic,,IPSWICH,Normal Goal,1557370.0
22/08/2026,Premier League,2026/2027,NOTTINGHAM FOREST,LEEDS,88,2P,A. Stach,,,LEEDS,Normal Goal,1557371.0
22/08/2026,Premier League,2026/2027,BRENTFORD,TOTTENHAM,12,1P,K. Lewis-Potter,M. Sangare,,BRENTFORD,Normal Goal,1557372.0
22/08/2026,Premier League,2026/2027,BRENTFORD,TOTTENHAM,33,1P,V. Janelt,,,BRENTFORD,Normal Goal,1557372.0
22/08/2026,Premier League,2026/2027,BRENTFORD,TOTTENHAM,49,2P,M. Kayode,,,BRENTFORD,Normal Goal,1557372.0
22/08/2026,Premier League,2026/2027,BRENTFORD,TOTTENHAM,55,2P,Igor Thiago,,,BRENTFORD,Missed Penalty,1557372.0
23/08/2026,Premier League,2026/2027,MANCHESTER CITY,BOURNEMOUTH,26,1P,M. Tavernier,Evanilson,,BOURNEMOUTH,Normal Goal,1557374.0
23/08/2026,Premier League,2026/2027,MANCHESTER CITY,BOURNEMOUTH,84,2P,M. Guehi,R. Cherki,,MANCHESTER CITY,Normal Goal,1557374.0
23/08/2026,Premier League,2026/2027,MANCHESTER CITY,BOURNEMOUTH,90,2P,J. Gvardiol,R. Cherki,,MANCHESTER CITY,Normal Goal,1557374.0
23/08/2026,Premier League,2026/2027,BRIGHTON,ASTON VILLA,8,1P,V. Lindelof,,,BRIGHTON,Own Goal,1557373.0
23/08/2026,Premier League,2026/2027,BRIGHTON,ASTON VILLA,18,1P,M. De Cuyper,G. Rutter,,BRIGHTON,Normal Goal,1557373.0
23/08/2026,Premier League,2026/2027,BRIGHTON,ASTON VILLA,30,1P,J. Hinshelwood,D. Gomez,,BRIGHTON,Normal Goal,1557373.0
23/08/2026,Premier League,2026/2027,BRIGHTON,ASTON VILLA,31,1P,J. Hinshelwood,,,BRIGHTON,Normal Goal,1557373.0
14/08/2026,Championship,2026/2027,WOLVES,BLACKBURN,18,1P,M. Munetsi,F. Lopez,,WOLVES,Normal Goal,1563083.0
14/08/2026,Championship,2026/2027,WOLVES,BLACKBURN,27,1P,S. McLoughlin,R. Morishita,,BLACKBURN,Normal Goal,1563083.0
14/08/2026,Championship,2026/2027,WOLVES,BLACKBURN,48,2P,A. Gudjohnsen,O. Afolayan,,BLACKBURN,Normal Goal,1563083.0
14/08/2026,Championship,2026/2027,WOLVES,BLACKBURN,90,2P,R. Jimenez,,,WOLVES,Penalty,1563083.0
15/08/2026,Championship,2026/2027,BOLTON,PRESTON,14,1P,S. Dalby,,,BOLTON,Normal Goal,1563084.0
15/08/2026,Championship,2026/2027,BOLTON,PRESTON,25,1P,T. Gale,,,BOLTON,Normal Goal,1563084.0
15/08/2026,Championship,2026/2027,BOLTON,PRESTON,86,2P,J. Erabi,,,PRESTON,Normal Goal,1563084.0
15/08/2026,Championship,2026/2027,BRISTOL CITY,MILLWALL,41,1P,J. Coburn,,,MILLWALL,Normal Goal,1563085.0
15/08/2026,Championship,2026/2027,BRISTOL CITY,MILLWALL,50,2P,J. Coburn,,,MILLWALL,Normal Goal,1563085.0
15/08/2026,Championship,2026/2027,MIDDLESBROUGH,LINCOLN,12,1P,A. Reach,T. Darikwa,,LINCOLN,Normal Goal,1563087.0
15/08/2026,Championship,2026/2027,MIDDLESBROUGH,LINCOLN,62,2P,W. Lankshear,,,MIDDLESBROUGH,Normal Goal,1563087.0
15/08/2026,Championship,2026/2027,MIDDLESBROUGH,LINCOLN,90,2P,W. Lankshear,R. McGree,,MIDDLESBROUGH,Normal Goal,1563087.0
15/08/2026,Championship,2026/2027,NORWICH,WEST BROM,75,2P,A. Heggebo,,,WEST BROM,Normal Goal,1563088.0
15/08/2026,Championship,2026/2027,NORWICH,WEST BROM,87,2P,J. Morgan,,,WEST BROM,Normal Goal,1563088.0
15/08/2026,Championship,2026/2027,NORWICH,WEST BROM,90,2P,M. Kvistgaarden,,,NORWICH,Normal Goal,1563088.0
15/08/2026,Championship,2026/2027,STOKE CITY,SWANSEA,10,1P,E. Bocat,T. Rigo,,STOKE CITY,Normal Goal,1563090.0
15/08/2026,Championship,2026/2027,STOKE CITY,SWANSEA,22,1P,J. Opoku,Z. Vipotnik,,SWANSEA,Normal Goal,1563090.0
15/08/2026,Championship,2026/2027,STOKE CITY,SWANSEA,66,2P,A. Idah,J. Tymon,,SWANSEA,Normal Goal,1563090.0
15/08/2026,Championship,2026/2027,CHARLTON,DERBY,23,1P,S. Szmodics,C. Morris,,DERBY,Normal Goal,1563086.0
15/08/2026,Championship,2026/2027,CHARLTON,DERBY,61,2P,L. Jones,K. Grant,,CHARLTON,Normal Goal,1563086.0
15/08/2026,Championship,2026/2027,CHARLTON,DERBY,80,2P,T. Campbell,,,CHARLTON,Normal Goal,1563086.0
15/08/2026,Championship,2026/2027,PORTSMOUTH,QPR,15,1P,T. Devlin,E. Adams,,PORTSMOUTH,Normal Goal,1563089.0
15/08/2026,Championship,2026/2027,PORTSMOUTH,QPR,33,1P,I. Chair,H. Vale,,QPR,Normal Goal,1563089.0
15/08/2026,Championship,2026/2027,PORTSMOUTH,QPR,40,1P,K. Saito,I. Chair,,QPR,Normal Goal,1563089.0
15/08/2026,Championship,2026/2027,PORTSMOUTH,QPR,45,1P,I. Chair,A. S. Mbengue,,QPR,Normal Goal,1563089.0
16/08/2026,Championship,2026/2027,WATFORD,SOUTHAMPTON,12,1P,I. Bravo,,,WATFORD,Normal Goal,1563092.0
16/08/2026,Championship,2026/2027,WATFORD,SOUTHAMPTON,29,1P,A. Nabizada,,,WATFORD,Normal Goal,1563092.0
16/08/2026,Championship,2026/2027,WATFORD,SOUTHAMPTON,56,2P,C. Larin,,,SOUTHAMPTON,Normal Goal,1563092.0
16/08/2026,Championship,2026/2027,BURNLEY,WEST HAM,10,1P,M. Kilman,J. Bowen,,WEST HAM,Normal Goal,1563093.0
16/08/2026,Championship,2026/2027,BURNLEY,WEST HAM,72,2P,M. Solomon,,,WEST HAM,Normal Goal,1563093.0
16/08/2026,Championship,2026/2027,BURNLEY,WEST HAM,83,2P,Z. Flemming,,,BURNLEY,Penalty,1563093.0
16/08/2026,Championship,2026/2027,BURNLEY,WEST HAM,90,2P,Z. Flemming,M. Alleyne,,BURNLEY,Normal Goal,1563093.0
17/08/2026,Championship,2026/2027,CARDIFF,WREXHAM,3,1P,K. Moore,D. Imray,,WREXHAM,Normal Goal,1563094.0
17/08/2026,Championship,2026/2027,CARDIFF,WREXHAM,90,2P,R. Colwill,,,CARDIFF,Normal Goal,1563094.0
22/08/2026,Championship,2026/2027,BIRMINGHAM,BRISTOL CITY,33,1P,Scott Twine,,,BRISTOL CITY,Normal Goal,1563095.0
22/08/2026,Championship,2026/2027,BIRMINGHAM,BRISTOL CITY,42,1P,Sam Tickle,,,BIRMINGHAM,Own Goal,1563095.0
22/08/2026,Championship,2026/2027,BIRMINGHAM,BRISTOL CITY,85,2P,Dominic Ballard,,,BRISTOL CITY,Normal Goal,1563095.0
22/08/2026,Championship,2026/2027,BIRMINGHAM,BRISTOL CITY,90,2P,Demarai Gray,,,BIRMINGHAM,Penalty,1563095.0
22/08/2026,Championship,2026/2027,MILLWALL,NORWICH,18,1P,Tairyk Arconte,,,MILLWALL,Normal Goal,1563099.0
22/08/2026,Championship,2026/2027,MILLWALL,NORWICH,58,2P,Tairyk Arconte,Jake Cooper,,MILLWALL,Normal Goal,1563099.0
22/08/2026,Championship,2026/2027,MILLWALL,NORWICH,84,2P,Luke Cundle,Camiel Neghli,,MILLWALL,Normal Goal,1563099.0
22/08/2026,Championship,2026/2027,LINCOLN,PORTSMOUTH,7,1P,Ryan Kavuma-McQueen,Abu Kamara,,PORTSMOUTH,Normal Goal,1563098.0
22/08/2026,Championship,2026/2027,LINCOLN,PORTSMOUTH,16,1P,Adrian Segečić,,,PORTSMOUTH,Normal Goal,1563098.0
22/08/2026,Championship,2026/2027,LINCOLN,PORTSMOUTH,32,1P,Reeco Hackett-Fairchild,,,LINCOLN,Penalty,1563098.0
22/08/2026,Championship,2026/2027,LINCOLN,PORTSMOUTH,69,2P,Ebou Adams,,,PORTSMOUTH,Normal Goal,1563098.0
22/08/2026,Championship,2026/2027,SOUTHAMPTON,STOKE CITY,8,1P,Cyle Larin,Flynn Downes,,SOUTHAMPTON,Normal Goal,1563102.0
22/08/2026,Championship,2026/2027,SOUTHAMPTON,STOKE CITY,26,1P,Ethan Galbraith,Sam Gallagher,,STOKE CITY,Normal Goal,1563102.0
22/08/2026,Championship,2026/2027,SOUTHAMPTON,STOKE CITY,89,2P,Divin Mubama,Finn Azaz,,SOUTHAMPTON,Normal Goal,1563102.0
22/08/2026,Championship,2026/2027,SOUTHAMPTON,STOKE CITY,90,2P,Ryan Manning,,,SOUTHAMPTON,Penalty,1563102.0
22/08/2026,Championship,2026/2027,WEST HAM,CHARLTON,7,1P,Lloyd Jones,Sonny Carey,,CHARLTON,Normal Goal,1563105.0
22/08/2026,Championship,2026/2027,WEST HAM,CHARLTON,56,2P,Tyreece Campbell,,,CHARLTON,Normal Goal,1563105.0
22/08/2026,Championship,2026/2027,WEST HAM,CHARLTON,74,2P,Joël Piroe,,,WEST HAM,Normal Goal,1563105.0
22/08/2026,Championship,2026/2027,WEST HAM,CHARLTON,90,2P,Valentín Castellanos,,,WEST HAM,Missed Penalty,1563105.0
22/08/2026,Championship,2026/2027,PRESTON,WOLVES,8,1P,Fer López,André,,WOLVES,Normal Goal,1563100.0
22/08/2026,Championship,2026/2027,PRESTON,WOLVES,71,2P,Adam Armstrong,Raúl Jiménez,,WOLVES,Normal Goal,1563100.0
22/08/2026,Championship,2026/2027,PRESTON,WOLVES,82,2P,Fer López,Tommy Doyle,,WOLVES,Normal Goal,1563100.0
22/08/2026,Championship,2026/2027,PRESTON,WOLVES,90,2P,Jordan Thompson,Delano Burgzorg,,PRESTON,Normal Goal,1563100.0
22/08/2026,Championship,2026/2027,BLACKBURN,MIDDLESBROUGH,12,1P,Jeremy Sarmiento,Morgan Whittaker,,MIDDLESBROUGH,Normal Goal,1563096.0
22/08/2026,Championship,2026/2027,BLACKBURN,MIDDLESBROUGH,49,2P,Andri Guðjohnsen,Harry Pickering,,BLACKBURN,Normal Goal,1563096.0
22/08/2026,Championship,2026/2027,BLACKBURN,MIDDLESBROUGH,55,2P,Todd Cantwell,,,BLACKBURN,Normal Goal,1563096.0
22/08/2026,Championship,2026/2027,DERBY,CARDIFF,19,1P,Cian Ashford,,,CARDIFF,Normal Goal,1563097.0
22/08/2026,Championship,2026/2027,DERBY,CARDIFF,26,1P,Carlton Morris,,,DERBY,Normal Goal,1563097.0
22/08/2026,Championship,2026/2027,DERBY,CARDIFF,39,1P,Yousef Salech,,,CARDIFF,Normal Goal,1563097.0
22/08/2026,Championship,2026/2027,DERBY,CARDIFF,49,2P,Bobby Clark,,,DERBY,Normal Goal,1563097.0
22/08/2026,Championship,2026/2027,WREXHAM,WATFORD,14,1P,Luca Kjerrumgaard,Omar Haktab Traore,,WATFORD,Normal Goal,1563106.0
22/08/2026,Championship,2026/2027,WREXHAM,WATFORD,22,1P,Daniel Imray,,,WREXHAM,Normal Goal,1563106.0
23/08/2026,Championship,2026/2027,WEST BROM,BURNLEY,8,1P,C. Styles,,,BURNLEY,Own Goal,1563104.0
23/08/2026,Championship,2026/2027,WEST BROM,BURNLEY,18,1P,H. Whitwell,J. Morgan,,WEST BROM,Normal Goal,1563104.0
23/08/2026,Championship,2026/2027,WEST BROM,BURNLEY,46,2P,I. Price,,,WEST BROM,Normal Goal,1563104.0
23/08/2026,Championship,2026/2027,WEST BROM,BURNLEY,65,2P,I. Price,,,WEST BROM,Penalty,1563104.0
22/08/2026,Serie A Italia,2026/2027,UDINESE,COMO,29,1P,H. Kamara,,,UDINESE,Normal Goal,1550095.0
22/08/2026,Serie A Italia,2026/2027,UDINESE,COMO,54,2P,A. Douvikas,,,COMO,Normal Goal,1550095.0
22/08/2026,Serie A Italia,2026/2027,INTER,MONZA,6,1P,H. Calhanoglu,A. Diouf,,INTER,Normal Goal,1550092.0
22/08/2026,Serie A Italia,2026/2027,INTER,MONZA,29,1P,G. Varela,M. Mout,,MONZA,Normal Goal,1550092.0
22/08/2026,Serie A Italia,2026/2027,INTER,MONZA,48,2P,P. Zielinski,,,INTER,Normal Goal,1550092.0
22/08/2026,Serie A Italia,2026/2027,INTER,MONZA,55,2P,F. Esposito,A. Diouf,,INTER,Normal Goal,1550092.0
22/08/2026,Serie A Italia,2026/2027,INTER,MONZA,63,2P,Y. Bisseck,F. Esposito,,INTER,Normal Goal,1550092.0
22/08/2026,Serie A Italia,2026/2027,GENOA,NAPOLI,82,2P,K. De Bruyne,,,NAPOLI,Normal Goal,1550091.0
22/08/2026,Serie A Italia,2026/2027,GENOA,NAPOLI,87,2P,A. Vergara,,,NAPOLI,Normal Goal,1550091.0
22/08/2026,Serie A Italia,2026/2027,PARMA,CAGLIARI,79,2P,A. Romano,,,CAGLIARI,Normal Goal,1550093.0
21/08/2026,Serie B Italia,2026/2027,VICENZA VIRTUS,CATANZARO,17,1P,M. D'Alessandro,G. Alesi,,CATANZARO,Normal Goal,1601498.0
21/08/2026,Serie B Italia,2026/2027,VICENZA VIRTUS,CATANZARO,39,1P,G. Cuomo,F. Costa,,VICENZA VIRTUS,Normal Goal,1601498.0
21/08/2026,Serie B Italia,2026/2027,VICENZA VIRTUS,CATANZARO,51,2P,B. Verrengia,Matias Antonini,,CATANZARO,Normal Goal,1601498.0
21/08/2026,Serie B Italia,2026/2027,VICENZA VIRTUS,CATANZARO,80,2P,A. Pietrelli,T. Corazza,,VICENZA VIRTUS,Normal Goal,1601498.0
21/08/2026,Serie B Italia,2026/2027,VICENZA VIRTUS,CATANZARO,89,2P,C. Morra,N. Rauti,,VICENZA VIRTUS,Normal Goal,1601498.0
22/08/2026,Serie B Italia,2026/2027,SUDTIROL,VIRTUS ENTELLA,90,2P,S. Davi,,,SUDTIROL,Normal Goal,1601501.0
22/08/2026,Serie B Italia,2026/2027,CARRARESE,MANTOVA,22,1P,F. Ruocco,,,MANTOVA,Normal Goal,1601495.0
22/08/2026,Serie B Italia,2026/2027,CARRARESE,MANTOVA,61,2P,R. Ilie,,,MANTOVA,Normal Goal,1601495.0
22/08/2026,Serie B Italia,2026/2027,CARRARESE,MANTOVA,80,2P,P. Pinelli,,,CARRARESE,Normal Goal,1601495.0
22/08/2026,Serie B Italia,2026/2027,EMPOLI,CREMONESE,21,1P,S. Shpendi,,,EMPOLI,Normal Goal,1601497.0
22/08/2026,Serie B Italia,2026/2027,AVELLINO,AREZZO,15,1P,R. Russo,,,AVELLINO,Normal Goal,1601493.0
22/08/2026,Serie B Italia,2026/2027,AVELLINO,AREZZO,56,2P,P. Cianci,,,AREZZO,Penalty,1601493.0
22/08/2026,Serie B Italia,2026/2027,AVELLINO,AREZZO,90,2P,A. Ionita,,,AREZZO,Normal Goal,1601493.0
06/02/2026,J1 League,2026/2027,KYOTO SANGA,VISSEL KOBE,37,1P,Y. Muto,,,VISSEL KOBE,Normal Goal,1501294.0
06/02/2026,J1 League,2026/2027,KYOTO SANGA,VISSEL KOBE,53,2P,Marco Tulio,,,KYOTO SANGA,Normal Goal,1501294.0
07/02/2026,J1 League,2026/2027,FC TOKYO,KASHIMA,45,1P,Kim Tae-Hyeon,,,KASHIMA,Normal Goal,1501298.0
08/02/2026,J1 League,2026/2027,AVISPA FUKUOKA,FAGIANO OKAYAMA,44,1P,M. Matsumoto,,,FAGIANO OKAYAMA,Normal Goal,1501300.0
08/02/2026,J1 League,2026/2027,NAGOYA GRAMPUS,SHIMIZU S-PULSE,58,2P,Y. Kimura,,,NAGOYA GRAMPUS,Normal Goal,1501301.0
13/02/2026,J1 League,2026/2027,VISSEL KOBE,V-VAREN NAGASAKI,42,1P,D. Sasaki,,,VISSEL KOBE,Normal Goal,1501304.0
14/02/2026,J1 League,2026/2027,KASHIMA,YOKOHAMA F. MARINOS,76,2P,Leo Ceara,,,KASHIMA,Normal Goal,1501309.0
14/02/2026,J1 League,2026/2027,FC TOKYO,URAWA,90,2P,F. Yamada,,,FC TOKYO,Normal Goal,1501308.0
15/02/2026,J1 League,2026/2027,KASHIWA REYSOL,TOKYO VERDY,63,2P,I. Someno,,,TOKYO VERDY,Normal Goal,1501311.0
15/02/2026,J1 League,2026/2027,KASHIWA REYSOL,TOKYO VERDY,90,2P,Y. Fukuda,,,TOKYO VERDY,Normal Goal,1501311.0
15/02/2026,J1 League,2026/2027,AVISPA FUKUOKA,CEREZO OSAKA,19,1P,S. Sakuragawa,,,CEREZO OSAKA,Normal Goal,1501312.0
15/02/2026,J1 League,2026/2027,AVISPA FUKUOKA,CEREZO OSAKA,44,1P,Thiago Andrade,,,CEREZO OSAKA,Normal Goal,1501312.0
21/02/2026,J1 League,2026/2027,YOKOHAMA F. MARINOS,URAWA,84,2P,J. Hayakawa,,,URAWA,Normal Goal,1504670.0
21/02/2026,J1 League,2026/2027,NAGOYA GRAMPUS,V-VAREN NAGASAKI,58,2P,Thiago,,,V-VAREN NAGASAKI,Normal Goal,1504673.0
21/02/2026,J1 League,2026/2027,NAGOYA GRAMPUS,V-VAREN NAGASAKI,79,2P,N. Campbell,,,V-VAREN NAGASAKI,Normal Goal,1504673.0
21/02/2026,J1 League,2026/2027,NAGOYA GRAMPUS,V-VAREN NAGASAKI,90,2P,N. Campbell,,,V-VAREN NAGASAKI,Normal Goal,1504673.0
21/02/2026,J1 League,2026/2027,KASHIMA,KASHIWA REYSOL,36,1P,Leo Ceara,,,KASHIMA,Normal Goal,1504674.0
21/02/2026,J1 League,2026/2027,KASHIMA,KASHIWA REYSOL,53,2P,N. Ueda,,,KASHIMA,Normal Goal,1504674.0
22/02/2026,J1 League,2026/2027,MITO HOLLYHOCK,JEF UNITED CHIBA,23,1P,Y. Torikai,,,MITO HOLLYHOCK,Normal Goal,1504676.0
22/02/2026,J1 League,2026/2027,FAGIANO OKAYAMA,GAMBA OSAKA,32,1P,D. Hummet,,,GAMBA OSAKA,Normal Goal,1504677.0
27/02/2026,J1 League,2026/2027,SANFRECCE HIROSHIMA,KYOTO SANGA,39,1P,H. Araki,,,SANFRECCE HIROSHIMA,Normal Goal,1504680.0
27/02/2026,J1 League,2026/2027,SANFRECCE HIROSHIMA,KYOTO SANGA,81,2P,Rafael Elias,,,KYOTO SANGA,Normal Goal,1504680.0
27/02/2026,J1 League,2026/2027,SANFRECCE HIROSHIMA,KYOTO SANGA,90,2P,Henrique Trevisan,,,KYOTO SANGA,Normal Goal,1504680.0
27/02/2026,J1 League,2026/2027,VISSEL KOBE,AVISPA FUKUOKA,53,2P,Y. Muto,,,VISSEL KOBE,Normal Goal,1504681.0
27/02/2026,J1 League,2026/2027,VISSEL KOBE,AVISPA FUKUOKA,60,2P,R. Komatsu,,,VISSEL KOBE,Normal Goal,1504681.0
28/02/2026,J1 League,2026/2027,YOKOHAMA F. MARINOS,TOKYO VERDY,45,1P,K. Tanimura,,,YOKOHAMA F. MARINOS,Normal Goal,1504682.0
28/02/2026,J1 League,2026/2027,YOKOHAMA F. MARINOS,TOKYO VERDY,47,2P,D. Tono,,,YOKOHAMA F. MARINOS,Normal Goal,1504682.0
28/02/2026,J1 League,2026/2027,YOKOHAMA F. MARINOS,TOKYO VERDY,49,2P,R. Yamane,,,YOKOHAMA F. MARINOS,Normal Goal,1504682.0
28/02/2026,J1 League,2026/2027,YOKOHAMA F. MARINOS,TOKYO VERDY,69,2P,I. Someno,,,TOKYO VERDY,Normal Goal,1504682.0
28/02/2026,J1 League,2026/2027,FC TOKYO,KASHIWA REYSOL,54,2P,Y. Kakita,,,KASHIWA REYSOL,Normal Goal,1504684.0
28/02/2026,J1 League,2026/2027,V-VAREN NAGASAKI,CEREZO OSAKA,38,1P,Matheus Jesus,,,V-VAREN NAGASAKI,Normal Goal,1504686.0
07/03/2026,J1 League,2026/2027,JEF UNITED CHIBA,KASHIWA REYSOL,48,2P,T. Tsukui,,,JEF UNITED CHIBA,Normal Goal,1504689.0
07/03/2026,J1 League,2026/2027,URAWA,MITO HOLLYHOCK,41,1P,R. Hidano,,,URAWA,Normal Goal,1504693.0
07/03/2026,J1 League,2026/2027,URAWA,MITO HOLLYHOCK,90,2P,T. Teruuchi,,,URAWA,Normal Goal,1504693.0
08/03/2026,J1 League,2026/2027,FAGIANO OKAYAMA,KYOTO SANGA,84,2P,M. Matsumoto,,,FAGIANO OKAYAMA,Normal Goal,1504696.0
14/03/2026,J1 League,2026/2027,YOKOHAMA F. MARINOS,JEF UNITED CHIBA,74,2P,K. Tanimura,,,YOKOHAMA F. MARINOS,Normal Goal,1504699.0
14/03/2026,J1 League,2026/2027,SHIMIZU S-PULSE,FAGIANO OKAYAMA,58,2P,Oh Se-Hun,,,SHIMIZU S-PULSE,Normal Goal,1504704.0
14/03/2026,J1 League,2026/2027,SHIMIZU S-PULSE,FAGIANO OKAYAMA,80,2P,Werik Popo,,,FAGIANO OKAYAMA,Normal Goal,1504704.0
14/03/2026,J1 League,2026/2027,KYOTO SANGA,CEREZO OSAKA,90,2P,S. Tanaka,,,CEREZO OSAKA,Normal Goal,1504701.0
14/03/2026,J1 League,2026/2027,MITO HOLLYHOCK,FC TOKYO,59,2P,S. Muroya,,,FC TOKYO,Normal Goal,1504702.0
14/03/2026,J1 League,2026/2027,MITO HOLLYHOCK,FC TOKYO,61,2P,A. Watanabe,,,MITO HOLLYHOCK,Normal Goal,1504702.0
14/03/2026,J1 League,2026/2027,SANFRECCE HIROSHIMA,GAMBA OSAKA,41,1P,N. Arai,,,SANFRECCE HIROSHIMA,Normal Goal,1504706.0
14/03/2026,J1 League,2026/2027,SANFRECCE HIROSHIMA,GAMBA OSAKA,67,2P,S. Nakamura,,,SANFRECCE HIROSHIMA,Normal Goal,1504706.0
18/03/2026,J1 League,2026/2027,AVISPA FUKUOKA,SHIMIZU S-PULSE,59,2P,K. Kitazume,,,SHIMIZU S-PULSE,Normal Goal,1504710.0
18/03/2026,J1 League,2026/2027,AVISPA FUKUOKA,SHIMIZU S-PULSE,85,2P,S. Zahedi,,,AVISPA FUKUOKA,Normal Goal,1504710.0
18/03/2026,J1 League,2026/2027,URAWA,KASHIWA REYSOL,66,2P,Y. Segawa,,,KASHIWA REYSOL,Normal Goal,1504718.0
21/03/2026,J1 League,2026/2027,FAGIANO OKAYAMA,V-VAREN NAGASAKI,90,2P,R. Yamasaki,,,V-VAREN NAGASAKI,Normal Goal,1504719.0
22/03/2026,J1 League,2026/2027,URAWA,MACHIDA ZELVIA,26,1P,H. Mochizuki,,,MACHIDA ZELVIA,Normal Goal,1504728.0
22/03/2026,J1 League,2026/2027,URAWA,MACHIDA ZELVIA,55,2P,Matheus Savio,,,URAWA,Normal Goal,1504728.0
01/04/2026,J1 League,2026/2027,MACHIDA ZELVIA,FC TOKYO,32,1P,K. Endo,,,FC TOKYO,Normal Goal,1504751.0
04/04/2026,J1 League,2026/2027,GAMBA OSAKA,KYOTO SANGA,75,2P,R. Meshino,,,GAMBA OSAKA,Normal Goal,1504732.0
05/04/2026,J1 League,2026/2027,KASHIWA REYSOL,YOKOHAMA F. MARINOS,82,2P,H. Nakama,,,KASHIWA REYSOL,Normal Goal,1504734.0
05/04/2026,J1 League,2026/2027,FAGIANO OKAYAMA,VISSEL KOBE,62,2P,T. Kimura,,,FAGIANO OKAYAMA,Normal Goal,1504735.0
05/04/2026,J1 League,2026/2027,FAGIANO OKAYAMA,VISSEL KOBE,88,2P,Y. Goke,,,VISSEL KOBE,Normal Goal,1504735.0
11/04/2026,J1 League,2026/2027,AVISPA FUKUOKA,V-VAREN NAGASAKI,62,2P,T. Miki,,,AVISPA FUKUOKA,Normal Goal,1504740.0
11/04/2026,J1 League,2026/2027,VISSEL KOBE,NAGOYA GRAMPUS,27,1P,G. Sakai,,,VISSEL KOBE,Normal Goal,1504743.0
11/04/2026,J1 League,2026/2027,VISSEL KOBE,NAGOYA GRAMPUS,29,1P,Y. Kimura,,,NAGOYA GRAMPUS,Normal Goal,1504743.0
11/04/2026,J1 League,2026/2027,VISSEL KOBE,NAGOYA GRAMPUS,81,2P,Y. Muto,,,VISSEL KOBE,Normal Goal,1504743.0
11/04/2026,J1 League,2026/2027,GAMBA OSAKA,CEREZO OSAKA,40,1P,Thiago Andrade,,,CEREZO OSAKA,Normal Goal,1504745.0
12/04/2026,J1 League,2026/2027,URAWA,TOKYO VERDY,46,2P,R. Hidano,,,URAWA,Normal Goal,1504747.0
18/04/2026,J1 League,2026/2027,CEREZO OSAKA,KYOTO SANGA,18,1P,Thiago Andrade,,,CEREZO OSAKA,Normal Goal,1504754.0
18/04/2026,J1 League,2026/2027,CEREZO OSAKA,KYOTO SANGA,66,2P,S. Homma,,,CEREZO OSAKA,Normal Goal,1504754.0
19/04/2026,J1 League,2026/2027,MITO HOLLYHOCK,KASHIWA REYSOL,60,2P,K. Tada,,,MITO HOLLYHOCK,Normal Goal,1504755.0
19/04/2026,J1 League,2026/2027,MITO HOLLYHOCK,KASHIWA REYSOL,65,2P,A. Watanabe,,,MITO HOLLYHOCK,Normal Goal,1504755.0
24/04/2026,J1 League,2026/2027,KASHIWA REYSOL,KASHIMA,45,1P,Y. Suzuki,,,KASHIMA,Normal Goal,1504760.0
25/04/2026,J1 League,2026/2027,URAWA,YOKOHAMA F. MARINOS,21,1P,R. Yamane,,,YOKOHAMA F. MARINOS,Normal Goal,1504764.0
25/04/2026,J1 League,2026/2027,URAWA,YOKOHAMA F. MARINOS,28,1P,T. Kaneko,,,URAWA,Normal Goal,1504764.0
25/04/2026,J1 League,2026/2027,URAWA,YOKOHAMA F. MARINOS,62,2P,K. Watanabe,,,YOKOHAMA F. MARINOS,Normal Goal,1504764.0
25/04/2026,J1 League,2026/2027,FAGIANO OKAYAMA,AVISPA FUKUOKA,61,2P,T. Yamane,,,FAGIANO OKAYAMA,Normal Goal,1504762.0
25/04/2026,J1 League,2026/2027,KAWASAKI FRONTALE,JEF UNITED CHIBA,5,1P,Y. Yamamoto,,,KAWASAKI FRONTALE,Normal Goal,1504765.0
25/04/2026,J1 League,2026/2027,KAWASAKI FRONTALE,JEF UNITED CHIBA,85,2P,R. Ishio,,,JEF UNITED CHIBA,Normal Goal,1504765.0
25/04/2026,J1 League,2026/2027,KAWASAKI FRONTALE,JEF UNITED CHIBA,89,2P,Marcinho,,,KAWASAKI FRONTALE,Normal Goal,1504765.0
29/04/2026,J1 League,2026/2027,SHIMIZU S-PULSE,V-VAREN NAGASAKI,33,1P,Thiago,,,V-VAREN NAGASAKI,Normal Goal,1504769.0
29/04/2026,J1 League,2026/2027,SHIMIZU S-PULSE,V-VAREN NAGASAKI,46,2P,M. Hasegawa,,,V-VAREN NAGASAKI,Normal Goal,1504769.0
29/04/2026,J1 League,2026/2027,NAGOYA GRAMPUS,FAGIANO OKAYAMA,89,2P,D. Tagami,,,FAGIANO OKAYAMA,Normal Goal,1504775.0
29/04/2026,J1 League,2026/2027,KYOTO SANGA,GAMBA OSAKA,89,2P,H. Arai,,,KYOTO SANGA,Normal Goal,1504774.0
29/04/2026,J1 League,2026/2027,KASHIWA REYSOL,FC TOKYO,43,1P,K. Endo,,,FC TOKYO,Normal Goal,1504777.0
29/04/2026,J1 League,2026/2027,KASHIWA REYSOL,FC TOKYO,60,2P,R. Sato,,,FC TOKYO,Normal Goal,1504777.0
02/05/2026,J1 League,2026/2027,FAGIANO OKAYAMA,SANFRECCE HIROSHIMA,83,2P,Leo Gaucho,,,FAGIANO OKAYAMA,Normal Goal,1504779.0
02/05/2026,J1 League,2026/2027,KYOTO SANGA,SHIMIZU S-PULSE,16,1P,Marco Tulio,,,KYOTO SANGA,Normal Goal,1504781.0
02/05/2026,J1 League,2026/2027,KYOTO SANGA,SHIMIZU S-PULSE,64,2P,Z. Uno,,,SHIMIZU S-PULSE,Normal Goal,1504781.0
02/05/2026,J1 League,2026/2027,KYOTO SANGA,SHIMIZU S-PULSE,68,2P,Y. Shimamoto,,,SHIMIZU S-PULSE,Normal Goal,1504781.0
02/05/2026,J1 League,2026/2027,URAWA,JEF UNITED CHIBA,41,1P,K. Nemoto,,,URAWA,Normal Goal,1504784.0
02/05/2026,J1 League,2026/2027,URAWA,JEF UNITED CHIBA,64,2P,H. Komori,,,URAWA,Normal Goal,1504784.0
03/05/2026,J1 League,2026/2027,TOKYO VERDY,KASHIWA REYSOL,90,2P,Y. Arai,,,TOKYO VERDY,Normal Goal,1504785.0
03/05/2026,J1 League,2026/2027,KASHIMA,MACHIDA ZELVIA,50,2P,Leo Ceara,,,KASHIMA,Normal Goal,1504787.0
03/05/2026,J1 League,2026/2027,KASHIMA,MACHIDA ZELVIA,53,2P,T. Yengi,,,MACHIDA ZELVIA,Normal Goal,1504787.0
06/05/2026,J1 League,2026/2027,AVISPA FUKUOKA,KYOTO SANGA,28,1P,Rafael Elias,,,KYOTO SANGA,Normal Goal,1504791.0
06/05/2026,J1 League,2026/2027,AVISPA FUKUOKA,KYOTO SANGA,74,2P,A. Sani Brown,,,AVISPA FUKUOKA,Normal Goal,1504791.0
06/05/2026,J1 League,2026/2027,KASHIMA,MITO HOLLYHOCK,58,2P,S. Morooka,,,KASHIMA,Normal Goal,1504795.0
06/05/2026,J1 League,2026/2027,KASHIMA,MITO HOLLYHOCK,71,2P,Leo Ceara,,,KASHIMA,Normal Goal,1504795.0
06/05/2026,J1 League,2026/2027,KASHIMA,MITO HOLLYHOCK,79,2P,Leo Ceara,,,KASHIMA,Normal Goal,1504795.0
06/05/2026,J1 League,2026/2027,MACHIDA ZELVIA,YOKOHAMA F. MARINOS,53,2P,Erik,,,MACHIDA ZELVIA,Normal Goal,1504796.0
06/05/2026,J1 League,2026/2027,MACHIDA ZELVIA,YOKOHAMA F. MARINOS,66,2P,S. Fujio,,,MACHIDA ZELVIA,Normal Goal,1504796.0
10/05/2026,J1 League,2026/2027,SHIMIZU S-PULSE,AVISPA FUKUOKA,70,2P,S. Usui,,,AVISPA FUKUOKA,Normal Goal,1504801.0
10/05/2026,J1 League,2026/2027,SHIMIZU S-PULSE,AVISPA FUKUOKA,75,2P,Oh Se-Hun,,,SHIMIZU S-PULSE,Normal Goal,1504801.0
10/05/2026,J1 League,2026/2027,FC TOKYO,TOKYO VERDY,29,1P,K. Morita,,,TOKYO VERDY,Normal Goal,1504804.0
10/05/2026,J1 League,2026/2027,FC TOKYO,TOKYO VERDY,41,1P,S. Muroya,,,FC TOKYO,Normal Goal,1504804.0
10/05/2026,J1 League,2026/2027,FC TOKYO,TOKYO VERDY,90,2P,M. Nagakura,,,FC TOKYO,Normal Goal,1504804.0
10/05/2026,J1 League,2026/2027,GAMBA OSAKA,SANFRECCE HIROSHIMA,68,2P,S. Higashi,,,SANFRECCE HIROSHIMA,Normal Goal,1504805.0
16/05/2026,J1 League,2026/2027,MITO HOLLYHOCK,TOKYO VERDY,54,2P,R. Shirai,,,TOKYO VERDY,Normal Goal,1504809.0
17/05/2026,J1 League,2026/2027,KAWASAKI FRONTALE,MACHIDA ZELVIA,40,1P,T. Yengi,,,MACHIDA ZELVIA,Normal Goal,1504818.0
23/05/2026,J1 League,2026/2027,AVISPA FUKUOKA,VISSEL KOBE,45,1P,M. Thuler,,,VISSEL KOBE,Normal Goal,1504820.0
23/05/2026,J1 League,2026/2027,KASHIMA,FC TOKYO,79,2P,S. Morooka,,,KASHIMA,Normal Goal,1504822.0
23/05/2026,J1 League,2026/2027,KYOTO SANGA,V-VAREN NAGASAKI,51,2P,Rafael Elias,,,KYOTO SANGA,Normal Goal,1504824.0
24/05/2026,J1 League,2026/2027,SHIMIZU S-PULSE,GAMBA OSAKA,58,2P,M. Yumiba,,,SHIMIZU S-PULSE,Normal Goal,1504828.0
24/05/2026,J1 League,2026/2027,SHIMIZU S-PULSE,GAMBA OSAKA,61,2P,H. Minamino,,,GAMBA OSAKA,Normal Goal,1504828.0
30/05/2026,J1 League,2026/2027,CEREZO OSAKA,FC TOKYO,49,2P,Marcelo Ryan,,,FC TOKYO,Normal Goal,1546394.0
30/05/2026,J1 League,2026/2027,CEREZO OSAKA,FC TOKYO,79,2P,K. Noborizato,,,CEREZO OSAKA,Normal Goal,1546394.0
06/06/2026,J1 League,2026/2027,KASHIMA,VISSEL KOBE,68,2P,H. Hayashu,,,KASHIMA,Normal Goal,1546317.0
06/06/2026,J1 League,2026/2027,KASHIMA,VISSEL KOBE,70,2P,K. Anzai,,,KASHIMA,Normal Goal,1546317.0
06/06/2026,J1 League,2026/2027,MACHIDA ZELVIA,NAGOYA GRAMPUS,93,2P,K. Nagai,,,NAGOYA GRAMPUS,Normal Goal,1546401.0
06/06/2026,J1 League,2026/2027,MACHIDA ZELVIA,NAGOYA GRAMPUS,100,2P,Y. Nakayama,,,MACHIDA ZELVIA,Normal Goal,1546401.0
06/06/2026,J1 League,2026/2027,MACHIDA ZELVIA,NAGOYA GRAMPUS,113,2P,H. Shimoda,,,MACHIDA ZELVIA,Normal Goal,1546401.0
06/06/2026,J1 League,2026/2027,TOKYO VERDY,GAMBA OSAKA,16,1P,G. Nawata,,,GAMBA OSAKA,Normal Goal,1546404.0
06/06/2026,J1 League,2026/2027,TOKYO VERDY,GAMBA OSAKA,49,2P,S. Nakano,,,GAMBA OSAKA,Normal Goal,1546404.0
06/06/2026,J1 League,2026/2027,TOKYO VERDY,GAMBA OSAKA,88,2P,G. Nawata,,,GAMBA OSAKA,Normal Goal,1546404.0
06/06/2026,J1 League,2026/2027,TOKYO VERDY,GAMBA OSAKA,90,2P,S. Toyama,,,GAMBA OSAKA,Normal Goal,1546404.0
06/06/2026,J1 League,2026/2027,KASHIWA REYSOL,KYOTO SANGA,57,2P,Joao Pedro,,,KYOTO SANGA,Normal Goal,1546406.0
06/06/2026,J1 League,2026/2027,KAWASAKI FRONTALE,SANFRECCE HIROSHIMA,44,1P,S. Nakamura,,,SANFRECCE HIROSHIMA,Normal Goal,1546407.0
08/08/2026,Eredivisie,2026/2027,PSV EINDHOVEN,FORTUNA SITTARD,42,1P,O. Romeny,,,FORTUNA SITTARD,Normal Goal,1552120.0
08/08/2026,Eredivisie,2026/2027,PSV EINDHOVEN,FORTUNA SITTARD,55,2P,R. Flamingo,,,PSV EINDHOVEN,Normal Goal,1552120.0
08/08/2026,Eredivisie,2026/2027,PSV EINDHOVEN,FORTUNA SITTARD,74,2P,N. Fernandez,,,PSV EINDHOVEN,Normal Goal,1552120.0
09/08/2026,Eredivisie,2026/2027,PEC ZWOLLE,AJAX,76,2P,J. Mokio,,,AJAX,Normal Goal,1552124.0
09/08/2026,Eredivisie,2026/2027,PEC ZWOLLE,AJAX,90,2P,J. Brandt,,,AJAX,Normal Goal,1552124.0
14/08/2026,Eredivisie,2026/2027,TELSTAR,SPARTA ROTTERDAM,6,1P,M. Young,N. Thorisson,,SPARTA ROTTERDAM,Normal Goal,1552126.0
14/08/2026,Eredivisie,2026/2027,TELSTAR,SPARTA ROTTERDAM,53,2P,N. Thorisson,S. Mito,,SPARTA ROTTERDAM,Normal Goal,1552126.0
14/08/2026,Eredivisie,2026/2027,TELSTAR,SPARTA ROTTERDAM,90,2P,A. Soualhia,,,TELSTAR,Normal Goal,1552126.0
14/08/2026,Eredivisie,2026/2027,TELSTAR,SPARTA ROTTERDAM,90,2P,R. van Cruijsen,B. Kuipers,,SPARTA ROTTERDAM,Normal Goal,1552126.0
15/08/2026,Eredivisie,2026/2027,WILLEM II,NEC NIJMEGEN,45,1P,A. Tahaui,,,NEC NIJMEGEN,Normal Goal,1552127.0
15/08/2026,Eredivisie,2026/2027,WILLEM II,NEC NIJMEGEN,54,2P,T. Chery,,,NEC NIJMEGEN,Normal Goal,1552127.0
15/08/2026,Eredivisie,2026/2027,WILLEM II,NEC NIJMEGEN,64,2P,B. Linssen,,,NEC NIJMEGEN,Normal Goal,1552127.0
15/08/2026,Eredivisie,2026/2027,WILLEM II,NEC NIJMEGEN,67,2P,K. Sierhuis,,,NEC NIJMEGEN,Normal Goal,1552127.0
15/08/2026,Eredivisie,2026/2027,WILLEM II,NEC NIJMEGEN,77,2P,T. Verheydt,,,WILLEM II,Normal Goal,1552127.0
15/08/2026,Eredivisie,2026/2027,UTRECHT,AZ ALKMAAR,45,1P,P. Koopmeiners,,,AZ ALKMAAR,Normal Goal,1552128.0
15/08/2026,Eredivisie,2026/2027,UTRECHT,AZ ALKMAAR,47,2P,Weslley Patati,,,AZ ALKMAAR,Normal Goal,1552128.0
15/08/2026,Eredivisie,2026/2027,UTRECHT,AZ ALKMAAR,49,2P,M. Meerdink,,,AZ ALKMAAR,Normal Goal,1552128.0
15/08/2026,Eredivisie,2026/2027,UTRECHT,AZ ALKMAAR,62,2P,A. Stepanov,,,UTRECHT,Normal Goal,1552128.0
15/08/2026,Eredivisie,2026/2027,UTRECHT,AZ ALKMAAR,84,2P,A. Oufkir,,,AZ ALKMAAR,Normal Goal,1552128.0
15/08/2026,Eredivisie,2026/2027,EXCELSIOR,PSV EINDHOVEN,5,1P,R. van Bommel,,,PSV EINDHOVEN,Normal Goal,1552129.0
15/08/2026,Eredivisie,2026/2027,EXCELSIOR,PSV EINDHOVEN,54,2P,C. Widell,I. Yegoian,,EXCELSIOR,Normal Goal,1552129.0
15/08/2026,Eredivisie,2026/2027,EXCELSIOR,PSV EINDHOVEN,56,2P,R. Pepi,S. Dest,,PSV EINDHOVEN,Normal Goal,1552129.0
15/08/2026,Eredivisie,2026/2027,FORTUNA SITTARD,CAMBUUR,6,1P,P. Brittijn,M. Ihattaren,,FORTUNA SITTARD,Normal Goal,1552130.0
15/08/2026,Eredivisie,2026/2027,FORTUNA SITTARD,CAMBUUR,15,1P,L. Zeefuik,J. Dahlhaus,,FORTUNA SITTARD,Normal Goal,1552130.0
15/08/2026,Eredivisie,2026/2027,FORTUNA SITTARD,CAMBUUR,22,1P,R. El Arguioui,N. Souren,,CAMBUUR,Normal Goal,1552130.0
15/08/2026,Eredivisie,2026/2027,FORTUNA SITTARD,CAMBUUR,90,2P,S. Zand,I. Pinto,,FORTUNA SITTARD,Normal Goal,1552130.0
16/08/2026,Eredivisie,2026/2027,ADO DEN HAAG,GRONINGEN,15,1P,T. van Bergen,,,GRONINGEN,Normal Goal,1552131.0
16/08/2026,Eredivisie,2026/2027,ADO DEN HAAG,GRONINGEN,30,1P,B. Willumsson,E. Vaessen,,GRONINGEN,Normal Goal,1552131.0
16/08/2026,Eredivisie,2026/2027,ADO DEN HAAG,GRONINGEN,45,1P,D. van der Werff,T. Land,,GRONINGEN,Normal Goal,1552131.0
16/08/2026,Eredivisie,2026/2027,ADO DEN HAAG,GRONINGEN,55,2P,Y. Eduardo,F. de Bruin,,ADO DEN HAAG,Normal Goal,1552131.0
16/08/2026,Eredivisie,2026/2027,ADO DEN HAAG,GRONINGEN,81,2P,N. Eggens,T. van Bergen,,GRONINGEN,Normal Goal,1552131.0
16/08/2026,Eredivisie,2026/2027,AJAX,HEERENVEEN,7,1P,B. Klaverboer,,,AJAX,Own Goal,1552134.0
16/08/2026,Eredivisie,2026/2027,AJAX,HEERENVEEN,33,1P,A. Ouazane,Caio Henrique,,AJAX,Normal Goal,1552134.0
16/08/2026,Eredivisie,2026/2027,AJAX,HEERENVEEN,45,1P,J. Trenskow,S. Kersten,,HEERENVEEN,Normal Goal,1552134.0
16/08/2026,Eredivisie,2026/2027,AJAX,HEERENVEEN,82,2P,M. Rivera,,,HEERENVEEN,Normal Goal,1552134.0
22/08/2026,Eredivisie,2026/2027,FORTUNA SITTARD,AZ ALKMAAR,58,2P,J. Hornkamp,,,AZ ALKMAAR,Normal Goal,1552135.0
22/08/2026,Eredivisie,2026/2027,FORTUNA SITTARD,AZ ALKMAAR,90,2P,J. Hornkamp,,,AZ ALKMAAR,Normal Goal,1552135.0
22/08/2026,Eredivisie,2026/2027,HEERENVEEN,PEC ZWOLLE,50,2P,N. Viergever,,,PEC ZWOLLE,Normal Goal,1552138.0
22/08/2026,Eredivisie,2026/2027,HEERENVEEN,PEC ZWOLLE,61,2P,K. Kostons,,,PEC ZWOLLE,Normal Goal,1552138.0
23/08/2026,Eredivisie,2026/2027,GO AHEAD EAGLES,ADO DEN HAAG,38,1P,S. Tengstedt,A. Sampsted,,GO AHEAD EAGLES,Normal Goal,1552139.0
23/08/2026,Eredivisie,2026/2027,GO AHEAD EAGLES,ADO DEN HAAG,64,2P,V. Edvardsen,S. Tengstedt,,GO AHEAD EAGLES,Normal Goal,1552139.0
23/08/2026,Eredivisie,2026/2027,GO AHEAD EAGLES,ADO DEN HAAG,78,2P,E. Rottier,M. Hokke,,ADO DEN HAAG,Normal Goal,1552139.0
23/08/2026,Eredivisie,2026/2027,GO AHEAD EAGLES,ADO DEN HAAG,90,2P,S. I. Sigurdarson,D. James,,GO AHEAD EAGLES,Normal Goal,1552139.0
23/08/2026,Eredivisie,2026/2027,PSV EINDHOVEN,GRONINGEN,9,1P,B. Willumsson,T. van Bergen,,GRONINGEN,Normal Goal,1552140.0
23/08/2026,Eredivisie,2026/2027,PSV EINDHOVEN,GRONINGEN,11,1P,T. Blokzijl,,,PSV EINDHOVEN,Own Goal,1552140.0
23/08/2026,Eredivisie,2026/2027,PSV EINDHOVEN,GRONINGEN,35,1P,I. Perisic,,,PSV EINDHOVEN,Normal Goal,1552140.0
23/08/2026,Eredivisie,2026/2027,PSV EINDHOVEN,GRONINGEN,45,1P,R. Pepi,,,PSV EINDHOVEN,Penalty,1552140.0
23/08/2026,Eredivisie,2026/2027,PSV EINDHOVEN,GRONINGEN,53,2P,I. Perisic,Mauro Junior,,PSV EINDHOVEN,Normal Goal,1552140.0
23/08/2026,Eredivisie,2026/2027,PSV EINDHOVEN,GRONINGEN,56,2P,S. Dest,R. van Bommel,,PSV EINDHOVEN,Normal Goal,1552140.0
23/08/2026,Eredivisie,2026/2027,CAMBUUR,FEYENOORD,17,1P,G. Zechiel,,,FEYENOORD,Normal Goal,1552141.0
23/08/2026,Eredivisie,2026/2027,CAMBUUR,FEYENOORD,26,1P,L. Valente,G. Diarra,,FEYENOORD,Normal Goal,1552141.0
23/08/2026,Eredivisie,2026/2027,CAMBUUR,FEYENOORD,42,1P,T. Jansen,,,FEYENOORD,Own Goal,1552141.0
23/08/2026,Eredivisie,2026/2027,CAMBUUR,FEYENOORD,45,1P,A. Ueda,,,FEYENOORD,Penalty,1552141.0
23/08/2026,Eredivisie,2026/2027,CAMBUUR,FEYENOORD,70,2P,R. El Arguioui,N. Binder,,CAMBUUR,Normal Goal,1552141.0
23/08/2026,Eredivisie,2026/2027,CAMBUUR,FEYENOORD,80,2P,R. El Arguioui,,,CAMBUUR,Normal Goal,1552141.0
23/08/2026,Eredivisie,2026/2027,CAMBUUR,FEYENOORD,83,2P,G. Zechiel,J. Lotomba,,FEYENOORD,Normal Goal,1552141.0
07/08/2026,Eerste Divisie,2026/2027,VITESSE,WAALWIJK,38,1P,N. Bannis,,,VITESSE,Normal Goal,1551741.0
07/08/2026,Eerste Divisie,2026/2027,VITESSE,WAALWIJK,87,2P,F. Stokkers,,,WAALWIJK,Penalty,1551741.0
07/08/2026,Eerste Divisie,2026/2027,VVV VENLO,HERACLES,38,1P,T. van Gilst,,,HERACLES,Penalty,1551740.0
07/08/2026,Eerste Divisie,2026/2027,VVV VENLO,HERACLES,45,1P,D. Vicente,,,HERACLES,Normal Goal,1551740.0
07/08/2026,Eerste Divisie,2026/2027,VVV VENLO,HERACLES,71,2P,J. N'djoli,,,HERACLES,Normal Goal,1551740.0
07/08/2026,Eerste Divisie,2026/2027,VVV VENLO,HERACLES,78,2P,D. Zandbergen,,,VVV VENLO,Normal Goal,1551740.0
07/08/2026,Eerste Divisie,2026/2027,VVV VENLO,HERACLES,83,2P,D. Zandbergen,,,VVV VENLO,Normal Goal,1551740.0
07/08/2026,Eerste Divisie,2026/2027,VVV VENLO,HERACLES,86,2P,D. Hendrix,,,VVV VENLO,Normal Goal,1551740.0
07/08/2026,Eerste Divisie,2026/2027,VVV VENLO,HERACLES,88,2P,J. N'djoli,,,HERACLES,Normal Goal,1551740.0
07/08/2026,Eerste Divisie,2026/2027,EMMEN,RODA,68,2P,F. Quispel,,,EMMEN,Normal Goal,1551738.0
07/08/2026,Eerste Divisie,2026/2027,DORDRECHT,JONG AJAX,4,1P,P. Nash,M. Abdalla,,JONG AJAX,Normal Goal,1551737.0
07/08/2026,Eerste Divisie,2026/2027,DORDRECHT,JONG AJAX,6,1P,M. Vetkal,D. Sits,,DORDRECHT,Normal Goal,1551737.0
07/08/2026,Eerste Divisie,2026/2027,DORDRECHT,JONG AJAX,14,1P,A. Ouarghi,,,DORDRECHT,Normal Goal,1551737.0
07/08/2026,Eerste Divisie,2026/2027,FC OSS,NAC BREDA,18,1P,F. Nsingi,,,FC OSS,Normal Goal,1551739.0
07/08/2026,Eerste Divisie,2026/2027,FC OSS,NAC BREDA,69,2P,M. Soumano,,,NAC BREDA,Normal Goal,1551739.0
07/08/2026,Eerste Divisie,2026/2027,FC OSS,NAC BREDA,90,2P,P. Reulen,B. Lucassen,,NAC BREDA,Normal Goal,1551739.0
08/08/2026,Eerste Divisie,2026/2027,DEN BOSCH,ALMERE CITY FC,60,2P,I. Boumassaoudi,K. Monzialo,,DEN BOSCH,Normal Goal,1551742.0
08/08/2026,Eerste Divisie,2026/2027,DEN BOSCH,ALMERE CITY FC,63,2P,F. Druijf,M. Dors,,ALMERE CITY FC,Normal Goal,1551742.0
09/08/2026,Eerste Divisie,2026/2027,HELMOND SPORT,DE GRAAFSCHAP,9,1P,D. Huiberts,L. Cicero,,HELMOND SPORT,Normal Goal,1551744.0
09/08/2026,Eerste Divisie,2026/2027,HELMOND SPORT,DE GRAAFSCHAP,45,1P,F. de Jong,N. Ahmeti,,DE GRAAFSCHAP,Normal Goal,1551744.0
09/08/2026,Eerste Divisie,2026/2027,MVV,JONG UTRECHT,2,1P,I. Breugelmans,L. Daneels,,MVV,Normal Goal,1551743.0
09/08/2026,Eerste Divisie,2026/2027,MVV,JONG UTRECHT,6,1P,B. Menzo,M. Ghaddari,,JONG UTRECHT,Normal Goal,1551743.0
09/08/2026,Eerste Divisie,2026/2027,MVV,JONG UTRECHT,46,2P,E. Sierra,D. Asante,,MVV,Normal Goal,1551743.0
10/08/2026,Eerste Divisie,2026/2027,JONG PSV U21,FC VOLENDAM,19,1P,F. Kluit,J. Koller,,JONG PSV U21,Normal Goal,1551746.0
10/08/2026,Eerste Divisie,2026/2027,JONG PSV U21,FC VOLENDAM,38,1P,H. Veerman,N. Doodeman,,FC VOLENDAM,Normal Goal,1551746.0
10/08/2026,Eerste Divisie,2026/2027,JONG PSV U21,FC VOLENDAM,61,2P,H. Veerman,M. Belfqih,,FC VOLENDAM,Normal Goal,1551746.0
10/08/2026,Eerste Divisie,2026/2027,JONG PSV U21,FC VOLENDAM,82,2P,J. van den Berg,,,JONG PSV U21,Normal Goal,1551746.0
10/08/2026,Eerste Divisie,2026/2027,JONG PSV U21,FC VOLENDAM,90,2P,S. Cornecion,M. Bresser,,JONG PSV U21,Normal Goal,1551746.0
10/08/2026,Eerste Divisie,2026/2027,JONG AZ,FC EINDHOVEN,82,2P,O. Renfrum,,,FC EINDHOVEN,Normal Goal,1551745.0
14/08/2026,Eerste Divisie,2026/2027,NAC BREDA,VVV VENLO,4,1P,E. Zuliani,,,VVV VENLO,Normal Goal,1551750.0
14/08/2026,Eerste Divisie,2026/2027,NAC BREDA,VVV VENLO,50,2P,E. Zuliani,L. de Blok,,VVV VENLO,Normal Goal,1551750.0
14/08/2026,Eerste Divisie,2026/2027,HERACLES,DEN BOSCH,45,1P,J. N'djoli,,,HERACLES,Normal Goal,1551749.0
14/08/2026,Eerste Divisie,2026/2027,HERACLES,DEN BOSCH,62,2P,S. Karlsson Grach,,,DEN BOSCH,Normal Goal,1551749.0
14/08/2026,Eerste Divisie,2026/2027,HERACLES,DEN BOSCH,74,2P,J. N'djoli,,,HERACLES,Normal Goal,1551749.0
14/08/2026,Eerste Divisie,2026/2027,HERACLES,DEN BOSCH,87,2P,S. Karlsson Grach,,,DEN BOSCH,Normal Goal,1551749.0
14/08/2026,Eerste Divisie,2026/2027,HERACLES,DEN BOSCH,89,2P,T. van Gilst,,,HERACLES,Normal Goal,1551749.0
14/08/2026,Eerste Divisie,2026/2027,RODA,HELMOND SPORT,33,1P,K. Jansen,,,HELMOND SPORT,Own Goal,1551751.0
14/08/2026,Eerste Divisie,2026/2027,RODA,HELMOND SPORT,37,1P,M. Tol,,,RODA,Normal Goal,1551751.0
14/08/2026,Eerste Divisie,2026/2027,RODA,HELMOND SPORT,53,2P,L. Beerten,,,RODA,Normal Goal,1551751.0
14/08/2026,Eerste Divisie,2026/2027,WAALWIJK,DORDRECHT,12,1P,D. Sits,A. Ouarghi,,DORDRECHT,Normal Goal,1551752.0
14/08/2026,Eerste Divisie,2026/2027,WAALWIJK,DORDRECHT,50,2P,K. Varela,J. Nap,,WAALWIJK,Normal Goal,1551752.0
14/08/2026,Eerste Divisie,2026/2027,WAALWIJK,DORDRECHT,73,2P,N. Rossi,A. Ouarghi,,DORDRECHT,Normal Goal,1551752.0
14/08/2026,Eerste Divisie,2026/2027,WAALWIJK,DORDRECHT,90,2P,H. van Gemert,,,WAALWIJK,Normal Goal,1551752.0
14/08/2026,Eerste Divisie,2026/2027,ALMERE CITY FC,JONG PSV U21,2,1P,B. Burgering,M. Hoedemakers,,ALMERE CITY FC,Normal Goal,1551747.0
14/08/2026,Eerste Divisie,2026/2027,ALMERE CITY FC,JONG PSV U21,9,1P,F. Kluit,,,JONG PSV U21,Normal Goal,1551747.0
14/08/2026,Eerste Divisie,2026/2027,ALMERE CITY FC,JONG PSV U21,49,2P,E. Poku,B. Burgering,,ALMERE CITY FC,Normal Goal,1551747.0
14/08/2026,Eerste Divisie,2026/2027,ALMERE CITY FC,JONG PSV U21,90,2P,F. Druijf,I. Ghogli,,ALMERE CITY FC,Normal Goal,1551747.0
14/08/2026,Eerste Divisie,2026/2027,FC EINDHOVEN,MVV,15,1P,M. Hofland,,,FC EINDHOVEN,Own Goal,1551748.0
14/08/2026,Eerste Divisie,2026/2027,FC EINDHOVEN,MVV,45,1P,S. Van Dessel,,,MVV,Penalty,1551748.0
14/08/2026,Eerste Divisie,2026/2027,FC EINDHOVEN,MVV,51,2P,M. de Jonge,G. Beaumont,,FC EINDHOVEN,Normal Goal,1551748.0
14/08/2026,Eerste Divisie,2026/2027,FC EINDHOVEN,MVV,90,2P,O. Dumont,F. Dicke,,MVV,Normal Goal,1551748.0
14/08/2026,Eerste Divisie,2026/2027,FC EINDHOVEN,MVV,90,2P,J. Pawirodihardjo,,,MVV,Normal Goal,1551748.0
15/08/2026,Eerste Divisie,2026/2027,FC VOLENDAM,FC OSS,21,1P,N. Bukala,,,FC VOLENDAM,Normal Goal,1551753.0
15/08/2026,Eerste Divisie,2026/2027,FC VOLENDAM,FC OSS,72,2P,A. Plat,,,FC VOLENDAM,Normal Goal,1551753.0
15/08/2026,Eerste Divisie,2026/2027,FC VOLENDAM,FC OSS,81,2P,A. Plat,,,FC VOLENDAM,Normal Goal,1551753.0
17/08/2026,Eerste Divisie,2026/2027,DE GRAAFSCHAP,JONG AZ,11,1P,J. Oerip,B. Kovacs,,JONG AZ,Normal Goal,1551754.0
17/08/2026,Eerste Divisie,2026/2027,DE GRAAFSCHAP,JONG AZ,30,1P,D. Warmerdam,,,DE GRAAFSCHAP,Normal Goal,1551754.0
17/08/2026,Eerste Divisie,2026/2027,DE GRAAFSCHAP,JONG AZ,52,2P,B. Kovacs,,,JONG AZ,Penalty,1551754.0
17/08/2026,Eerste Divisie,2026/2027,DE GRAAFSCHAP,JONG AZ,75,2P,R. Robbemond,,,JONG AZ,Normal Goal,1551754.0
17/08/2026,Eerste Divisie,2026/2027,DE GRAAFSCHAP,JONG AZ,84,2P,B. van Zijl,T. Mero,,DE GRAAFSCHAP,Normal Goal,1551754.0
17/08/2026,Eerste Divisie,2026/2027,DE GRAAFSCHAP,JONG AZ,87,2P,A. Oufkir,Y. van den Ban,,JONG AZ,Normal Goal,1551754.0
17/08/2026,Eerste Divisie,2026/2027,DE GRAAFSCHAP,JONG AZ,90,2P,A. Oufkir,R. Robbemond,,JONG AZ,Normal Goal,1551754.0
17/08/2026,Eerste Divisie,2026/2027,JONG AJAX,EMMEN,1,1P,D. Pugno,P. Nash,,JONG AJAX,Normal Goal,1551755.0
17/08/2026,Eerste Divisie,2026/2027,JONG AJAX,EMMEN,3,1P,F. Quispel,Y. Dede-Lhomme,,EMMEN,Normal Goal,1551755.0
17/08/2026,Eerste Divisie,2026/2027,JONG AJAX,EMMEN,19,1P,E. Unuvar,D. Janse,,JONG AJAX,Normal Goal,1551755.0
17/08/2026,Eerste Divisie,2026/2027,JONG AJAX,EMMEN,22,1P,D. Pugno,,,JONG AJAX,Normal Goal,1551755.0
17/08/2026,Eerste Divisie,2026/2027,JONG AJAX,EMMEN,35,1P,J. Cooper-Love,,,EMMEN,Penalty,1551755.0
17/08/2026,Eerste Divisie,2026/2027,JONG AJAX,EMMEN,45,1P,N. Amadin,J. Cooper-Love,,EMMEN,Normal Goal,1551755.0
17/08/2026,Eerste Divisie,2026/2027,JONG AJAX,EMMEN,51,2P,F. Quispel,M. Breij,,EMMEN,Normal Goal,1551755.0
17/08/2026,Eerste Divisie,2026/2027,JONG AJAX,EMMEN,61,2P,J. Cooper-Love,L. Everink,,EMMEN,Normal Goal,1551755.0
17/08/2026,Eerste Divisie,2026/2027,JONG AJAX,EMMEN,70,2P,E. Unuvar,L. Acheampong,,JONG AJAX,Normal Goal,1551755.0
17/08/2026,Eerste Divisie,2026/2027,JONG AJAX,EMMEN,83,2P,J. Cooper-Love,S. Karssies,,EMMEN,Normal Goal,1551755.0
17/08/2026,Eerste Divisie,2026/2027,JONG UTRECHT,VITESSE,30,1P,N. Bannis,,,VITESSE,Normal Goal,1551756.0
17/08/2026,Eerste Divisie,2026/2027,JONG UTRECHT,VITESSE,45,1P,E. C. Owen,,,JONG UTRECHT,Normal Goal,1551756.0
17/08/2026,Eerste Divisie,2026/2027,JONG UTRECHT,VITESSE,52,2P,A. Sellouf,,,VITESSE,Normal Goal,1551756.0
17/08/2026,Eerste Divisie,2026/2027,JONG UTRECHT,VITESSE,73,2P,N. Bannis,,,VITESSE,Normal Goal,1551756.0
17/08/2026,Eerste Divisie,2026/2027,JONG UTRECHT,VITESSE,89,2P,Alexander Büttner,,,VITESSE,Missed Penalty,1551756.0
21/08/2026,Eerste Divisie,2026/2027,VITESSE,ALMERE CITY FC,53,2P,F. Druijf,,,ALMERE CITY FC,Normal Goal,1551762.0
21/08/2026,Eerste Divisie,2026/2027,VITESSE,ALMERE CITY FC,75,2P,M. Dors,,,ALMERE CITY FC,Normal Goal,1551762.0
21/08/2026,Eerste Divisie,2026/2027,VITESSE,ALMERE CITY FC,79,2P,E. Poku,,,ALMERE CITY FC,Normal Goal,1551762.0
21/08/2026,Eerste Divisie,2026/2027,EMMEN,JONG AZ,48,2P,N. Amadin,,,EMMEN,Normal Goal,1551759.0
21/08/2026,Eerste Divisie,2026/2027,EMMEN,JONG AZ,58,2P,F. Quispel,,,EMMEN,Normal Goal,1551759.0
21/08/2026,Eerste Divisie,2026/2027,EMMEN,JONG AZ,71,2P,M. Breij,,,EMMEN,Normal Goal,1551759.0
21/08/2026,Eerste Divisie,2026/2027,EMMEN,JONG AZ,84,2P,Y. van den Ban,,,JONG AZ,Normal Goal,1551759.0
21/08/2026,Eerste Divisie,2026/2027,DORDRECHT,RODA,22,1P,J. Nisbet,,,RODA,Normal Goal,1551758.0
21/08/2026,Eerste Divisie,2026/2027,MVV,FC VOLENDAM,53,2P,E. Schouten,,,MVV,Own Goal,1551761.0
21/08/2026,Eerste Divisie,2026/2027,DEN BOSCH,FC EINDHOVEN,8,1P,K. van Veen,M. de Jonge,,FC EINDHOVEN,Normal Goal,1551757.0
21/08/2026,Eerste Divisie,2026/2027,DEN BOSCH,FC EINDHOVEN,13,1P,S. Karlsson Grach,K. Monzialo,,DEN BOSCH,Normal Goal,1551757.0
21/08/2026,Eerste Divisie,2026/2027,DEN BOSCH,FC EINDHOVEN,23,1P,S. Karlsson Grach,M. Laros,,DEN BOSCH,Normal Goal,1551757.0
21/08/2026,Eerste Divisie,2026/2027,DEN BOSCH,FC EINDHOVEN,39,1P,K. Monzialo,D. De Corte,,DEN BOSCH,Normal Goal,1551757.0
21/08/2026,Eerste Divisie,2026/2027,DEN BOSCH,FC EINDHOVEN,53,2P,D. De Corte,,,DEN BOSCH,Normal Goal,1551757.0
21/08/2026,Eerste Divisie,2026/2027,DEN BOSCH,FC EINDHOVEN,84,2P,H. Ali,,,FC EINDHOVEN,Normal Goal,1551757.0
21/08/2026,Eerste Divisie,2026/2027,DEN BOSCH,FC EINDHOVEN,90,2P,S. Barglan,,,DEN BOSCH,Normal Goal,1551757.0
21/08/2026,Eerste Divisie,2026/2027,HELMOND SPORT,WAALWIJK,18,1P,M. Lenaerts,H. Ingason,,HELMOND SPORT,Normal Goal,1551760.0
21/08/2026,Eerste Divisie,2026/2027,HELMOND SPORT,WAALWIJK,79,2P,Y. van der Veen,F. Al Mazyani,,WAALWIJK,Normal Goal,1551760.0
22/08/2026,Eerste Divisie,2026/2027,NAC BREDA,JONG AJAX,10,1P,Marvyn Muzungu,,,NAC BREDA,Own Goal,1551763.0
22/08/2026,Eerste Divisie,2026/2027,NAC BREDA,JONG AJAX,59,2P,Diego Pugno,,,JONG AJAX,Normal Goal,1551763.0
22/08/2026,Eerste Divisie,2026/2027,NAC BREDA,JONG AJAX,71,2P,Paul Gladon,Mats Seuntjens,,NAC BREDA,Normal Goal,1551763.0
22/08/2026,Eerste Divisie,2026/2027,NAC BREDA,JONG AJAX,80,2P,Emre Ünüvar,,,JONG AJAX,Normal Goal,1551763.0
22/08/2026,Eerste Divisie,2026/2027,NAC BREDA,JONG AJAX,88,2P,Pepijn Reulen,,,NAC BREDA,Normal Goal,1551763.0
23/08/2026,Eerste Divisie,2026/2027,VVV VENLO,DE GRAAFSCHAP,10,1P,J. Kania,T. Mero,,DE GRAAFSCHAP,Normal Goal,1551764.0
23/08/2026,Eerste Divisie,2026/2027,VVV VENLO,DE GRAAFSCHAP,42,1P,N. Ait Mouhou,L. de Blok,,VVV VENLO,Normal Goal,1551764.0
23/08/2026,Eerste Divisie,2026/2027,VVV VENLO,DE GRAAFSCHAP,45,1P,R. Vullers,,,VVV VENLO,Normal Goal,1551764.0
08/08/2026,Liga Portugal,2026/2027,MARITIMO,CASA PIA,61,2P,Raphael Guzzo,,,MARITIMO,Normal Goal,1575451.0
14/08/2026,Liga Portugal,2026/2027,SPORTING CP,VITORIA SC,9,1P,F. Goncalves,F. Ioannidis,,SPORTING CP,Normal Goal,1575463.0
14/08/2026,Liga Portugal,2026/2027,SPORTING CP,VITORIA SC,22,1P,F. Ioannidis,G. Catamo,,SPORTING CP,Normal Goal,1575463.0
14/08/2026,Liga Portugal,2026/2027,SPORTING CP,VITORIA SC,41,1P,S. Altimira,F. Ioannidis,,SPORTING CP,Normal Goal,1575463.0
14/08/2026,Liga Portugal,2026/2027,SPORTING CP,VITORIA SC,66,2P,Samu,M. Nogueira,,VITORIA SC,Normal Goal,1575463.0
14/08/2026,Liga Portugal,2026/2027,SPORTING CP,VITORIA SC,68,2P,A. Ndoye,T. Strata,,VITORIA SC,Normal Goal,1575463.0
15/08/2026,Liga Portugal,2026/2027,ALVERCA,ESTRELA,51,2P,L. Antonetti,,,ESTRELA,Normal Goal,1575456.0
15/08/2026,Liga Portugal,2026/2027,ALVERCA,ESTRELA,58,2P,Ian Luccas,,,ALVERCA,Normal Goal,1575456.0
15/08/2026,Liga Portugal,2026/2027,ALVERCA,ESTRELA,62,2P,V. Semedo,,,ALVERCA,Normal Goal,1575456.0
15/08/2026,Liga Portugal,2026/2027,ALVERCA,ESTRELA,69,2P,A. Marcus,,,ESTRELA,Normal Goal,1575456.0
15/08/2026,Liga Portugal,2026/2027,ACADEMICO VISEU,SANTA CLARA,14,1P,G. Paciencia,,,SANTA CLARA,Penalty,1575455.0
16/08/2026,Liga Portugal,2026/2027,NACIONAL,ESTORIL,68,2P,Ze Vitor,,,NACIONAL,Normal Goal,1575461.0
16/08/2026,Liga Portugal,2026/2027,NACIONAL,ESTORIL,77,2P,Leo Santos,,,NACIONAL,Normal Goal,1575461.0
16/08/2026,Liga Portugal,2026/2027,AROUCA,MOREIRENSE,23,1P,Maracas,,,AROUCA,Own Goal,1575457.0
16/08/2026,Liga Portugal,2026/2027,AROUCA,MOREIRENSE,30,1P,J. Fontan,,,AROUCA,Normal Goal,1575457.0
16/08/2026,Liga Portugal,2026/2027,AROUCA,MOREIRENSE,45,1P,I. Barbero,,,AROUCA,Normal Goal,1575457.0
16/08/2026,Liga Portugal,2026/2027,AROUCA,MOREIRENSE,90,2P,D. Nandin,,,AROUCA,Normal Goal,1575457.0
16/08/2026,Liga Portugal,2026/2027,FAMALICAO,MARITIMO,8,1P,F. van Breemen,O. Aranda,,FAMALICAO,Normal Goal,1575460.0
16/08/2026,Liga Portugal,2026/2027,FAMALICAO,MARITIMO,21,1P,S. Bouzaidi,,,MARITIMO,Normal Goal,1575460.0
16/08/2026,Liga Portugal,2026/2027,FAMALICAO,MARITIMO,90,2P,M. Boakye,,,MARITIMO,Normal Goal,1575460.0
17/08/2026,Liga Portugal,2026/2027,CASA PIA,BENFICA,3,1P,G. Prestianni,,,BENFICA,Normal Goal,1575459.0
17/08/2026,Liga Portugal,2026/2027,CASA PIA,BENFICA,14,1P,Rafa Silva,V. Pavlidis,,BENFICA,Normal Goal,1575459.0
17/08/2026,Liga Portugal,2026/2027,CASA PIA,BENFICA,47,2P,V. Pavlidis,,,BENFICA,Normal Goal,1575459.0
17/08/2026,Liga Portugal,2026/2027,CASA PIA,BENFICA,49,2P,V. Pavlidis,,,BENFICA,Normal Goal,1575459.0
17/08/2026,Liga Portugal,2026/2027,CASA PIA,BENFICA,54,2P,V. Pavlidis,L. Barreiro,,BENFICA,Normal Goal,1575459.0
17/08/2026,Liga Portugal,2026/2027,CASA PIA,BENFICA,58,2P,L. Ofori,,,BENFICA,Own Goal,1575459.0
17/08/2026,Liga Portugal,2026/2027,CASA PIA,BENFICA,61,2P,J. Duran,A. Bah,,BENFICA,Normal Goal,1575459.0
22/08/2026,Liga Portugal,2026/2027,MARITIMO,ACADEMICO VISEU,25,1P,Andre Clovis,A. Correia,,ACADEMICO VISEU,Normal Goal,1575468.0
22/08/2026,Liga Portugal,2026/2027,MARITIMO,ACADEMICO VISEU,45,1P,S. Messeguem,,,ACADEMICO VISEU,Normal Goal,1575468.0
22/08/2026,Liga Portugal,2026/2027,MARITIMO,ACADEMICO VISEU,70,2P,P. Henrique,,,MARITIMO,Normal Goal,1575468.0
22/08/2026,Liga Portugal,2026/2027,MARITIMO,ACADEMICO VISEU,88,2P,A. Butzke,,,MARITIMO,Penalty,1575468.0
22/08/2026,Liga Portugal,2026/2027,ESTORIL,RIO AVE,15,1P,J. Blesa,Diogo Bezerra,,RIO AVE,Normal Goal,1575464.0
22/08/2026,Liga Portugal,2026/2027,ESTORIL,RIO AVE,72,2P,Tamble,J. Blesa,,RIO AVE,Normal Goal,1575464.0
22/08/2026,Liga Portugal,2026/2027,SPORTING CP,ALVERCA,2,1P,M. Araujo,,,SPORTING CP,Normal Goal,1575471.0
22/08/2026,Liga Portugal,2026/2027,SPORTING CP,ALVERCA,55,2P,Matheus Mendes,,,SPORTING CP,Own Goal,1575471.0
22/08/2026,Liga Portugal,2026/2027,SPORTING CP,ALVERCA,60,2P,L. Suarez,G. Catamo,,SPORTING CP,Normal Goal,1575471.0
22/08/2026,Liga Portugal,2026/2027,SPORTING CP,ALVERCA,88,2P,Figueiredo,V. Moreira,,ALVERCA,Normal Goal,1575471.0
23/08/2026,Liga Portugal,2026/2027,VITORIA SC,NACIONAL,4,1P,Gustavo,M. Nogueira,,VITORIA SC,Normal Goal,1575472.0
23/08/2026,Liga Portugal,2026/2027,VITORIA SC,NACIONAL,49,2P,Samu,Samu,,VITORIA SC,Missed Penalty,1575472.0
14/08/2026,Süper Lig,2026/2027,GALATASARAY,CORUM FK,53,2P,V. Osimhen,,,GALATASARAY,Normal Goal,1584370.0
14/08/2026,Süper Lig,2026/2027,GALATASARAY,CORUM FK,59,2P,A. Kyziridis,,,CORUM FK,Normal Goal,1584370.0
14/08/2026,Süper Lig,2026/2027,GALATASARAY,CORUM FK,61,2P,J. Ramirez,,,CORUM FK,Normal Goal,1584370.0
14/08/2026,Süper Lig,2026/2027,GALATASARAY,CORUM FK,90,2P,V. Osimhen,,,GALATASARAY,Normal Goal,1584370.0
15/08/2026,Süper Lig,2026/2027,KONYASPOR,RIZESPOR,90,2P,Q. Laci,,,RIZESPOR,Penalty,1584374.0
15/08/2026,Süper Lig,2026/2027,KASMPASA,TRABZONSPOR,43,1P,N. Saviolo,,,TRABZONSPOR,Normal Goal,1584373.0
15/08/2026,Süper Lig,2026/2027,KASMPASA,TRABZONSPOR,55,2P,A. Benedyczak,,,KASMPASA,Penalty,1584373.0
15/08/2026,Süper Lig,2026/2027,GENCLERBIRLIGI S.K.,FENERBAHCE,13,1P,Talisca,,,FENERBAHCE,Normal Goal,1584372.0
15/08/2026,Süper Lig,2026/2027,GENCLERBIRLIGI S.K.,FENERBAHCE,37,1P,F. Tongya,,,GENCLERBIRLIGI S.K.,Normal Goal,1584372.0
15/08/2026,Süper Lig,2026/2027,GENCLERBIRLIGI S.K.,FENERBAHCE,56,2P,O. Ulgun,,,GENCLERBIRLIGI S.K.,Normal Goal,1584372.0
15/08/2026,Süper Lig,2026/2027,GAZIANTEP FK,ALANYASPOR,20,1P,Ruan,,,ALANYASPOR,Normal Goal,1584371.0
15/08/2026,Süper Lig,2026/2027,GAZIANTEP FK,ALANYASPOR,61,2P,D. Sorescu,J. Bacuna,,GAZIANTEP FK,Normal Goal,1584371.0
16/08/2026,Süper Lig,2026/2027,BASAKSEHIR,KOCAELISPOR,14,1P,C. Operi,A. Fayzullaev,,BASAKSEHIR,Normal Goal,1584368.0
16/08/2026,Süper Lig,2026/2027,BASAKSEHIR,KOCAELISPOR,72,2P,E. Shomurodov,A. Skov Olsen,,BASAKSEHIR,Normal Goal,1584368.0
16/08/2026,Süper Lig,2026/2027,BESIKTAS,EYUPSPOR,25,1P,V. Cerny,J. Olaitan,,BESIKTAS,Normal Goal,1584369.0
16/08/2026,Süper Lig,2026/2027,AMED,ERZURUMSPOR FK,53,2P,D. Saba,L. Dellova,,AMED,Normal Goal,1584367.0
16/08/2026,Süper Lig,2026/2027,AMED,ERZURUMSPOR FK,62,2P,D. Saba,G. Orban,,AMED,Normal Goal,1584367.0
16/08/2026,Süper Lig,2026/2027,AMED,ERZURUMSPOR FK,70,2P,G. Gul,S. Ballet,,AMED,Normal Goal,1584367.0
17/08/2026,Süper Lig,2026/2027,SAMSUNSPOR,GOZTEPE,3,1P,A. Matos,,,GOZTEPE,Normal Goal,1584375.0
17/08/2026,Süper Lig,2026/2027,SAMSUNSPOR,GOZTEPE,30,1P,Marius,,,SAMSUNSPOR,Penalty,1584375.0
17/08/2026,Süper Lig,2026/2027,SAMSUNSPOR,GOZTEPE,43,1P,E. Kilinc,,,SAMSUNSPOR,Normal Goal,1584375.0
17/08/2026,Süper Lig,2026/2027,SAMSUNSPOR,GOZTEPE,46,2P,S. Armstrong,,,GOZTEPE,Normal Goal,1584375.0
17/08/2026,Süper Lig,2026/2027,SAMSUNSPOR,GOZTEPE,58,2P,Marius Mouandilmadji,,,SAMSUNSPOR,Missed Penalty,1584375.0
17/08/2026,Süper Lig,2026/2027,SAMSUNSPOR,GOZTEPE,65,2P,E. Bekiroglu,,,GOZTEPE,Normal Goal,1584375.0
17/08/2026,Süper Lig,2026/2027,SAMSUNSPOR,GOZTEPE,90,2P,C. Yuksel,,,SAMSUNSPOR,Normal Goal,1584375.0
21/08/2026,Süper Lig,2026/2027,ERZURUMSPOR FK,GALATASARAY,12,1P,R. Sallai,,,GALATASARAY,Normal Goal,1584378.0
21/08/2026,Süper Lig,2026/2027,ERZURUMSPOR FK,GALATASARAY,20,1P,Y. Akgun,V. Osimhen,,GALATASARAY,Normal Goal,1584378.0
21/08/2026,Süper Lig,2026/2027,ERZURUMSPOR FK,GALATASARAY,45,1P,V. Osimhen,,,GALATASARAY,Normal Goal,1584378.0
21/08/2026,Süper Lig,2026/2027,ERZURUMSPOR FK,GALATASARAY,80,2P,V. Osimhen,Gabriel Sara,,GALATASARAY,Normal Goal,1584378.0
22/08/2026,Süper Lig,2026/2027,RIZESPOR,SAMSUNSPOR,33,1P,J. Mendes,,,SAMSUNSPOR,Normal Goal,1584383.0
22/08/2026,Süper Lig,2026/2027,RIZESPOR,SAMSUNSPOR,63,2P,F. Kaya,,,SAMSUNSPOR,Normal Goal,1584383.0
22/08/2026,Süper Lig,2026/2027,CORUM FK,KASMPASA,6,1P,A. Benedyczak,C. Winck,,KASMPASA,Normal Goal,1584377.0
22/08/2026,Süper Lig,2026/2027,FENERBAHCE,KONYASPOR,7,1P,V. Muriqi,,,FENERBAHCE,Normal Goal,1584380.0
22/08/2026,Süper Lig,2026/2027,FENERBAHCE,KONYASPOR,10,1P,E. Colley,Y. Andzouana,,KONYASPOR,Normal Goal,1584380.0
22/08/2026,Süper Lig,2026/2027,FENERBAHCE,KONYASPOR,20,1P,Mason Greenwood,,,FENERBAHCE,Missed Penalty,1584380.0
22/08/2026,Süper Lig,2026/2027,FENERBAHCE,KONYASPOR,20,1P,M. Greenwood,,,FENERBAHCE,Normal Goal,1584380.0
22/08/2026,Süper Lig,2026/2027,FENERBAHCE,KONYASPOR,33,1P,M. Asensio,M. Greenwood,,FENERBAHCE,Normal Goal,1584380.0
22/08/2026,Süper Lig,2026/2027,FENERBAHCE,KONYASPOR,49,2P,M. Greenwood,V. Muriqi,,FENERBAHCE,Normal Goal,1584380.0
22/08/2026,Süper Lig,2026/2027,FENERBAHCE,KONYASPOR,90,2P,D. Turuc,,,KONYASPOR,Normal Goal,1584380.0
08/08/2026,1. Lig,2026/2027,BANDRMASPOR,ISTANBULSPOR,2,1P,E. Ayhan,A. Badji,,BANDRMASPOR,Normal Goal,1585690.0
08/08/2026,1. Lig,2026/2027,BANDRMASPOR,ISTANBULSPOR,15,1P,E. Ayhan,K. Donertas,,BANDRMASPOR,Normal Goal,1585690.0
08/08/2026,1. Lig,2026/2027,BANDRMASPOR,ISTANBULSPOR,90,2P,G. Bruno,,,BANDRMASPOR,Penalty,1585690.0
08/08/2026,1. Lig,2026/2027,ANTALYASPOR,KECIORENGUCU,68,2P,M. Simsek,Y. Boli,,ANTALYASPOR,Normal Goal,1585689.0
08/08/2026,1. Lig,2026/2027,ANTALYASPOR,KECIORENGUCU,80,2P,M. Simsek,,,ANTALYASPOR,Normal Goal,1585689.0
09/08/2026,1. Lig,2026/2027,IGDR FK,FATIH KARAGUMRUK,13,1P,G. Crociata,L. Kouagba,,IGDR FK,Normal Goal,1585693.0
09/08/2026,1. Lig,2026/2027,IGDR FK,FATIH KARAGUMRUK,85,2P,Douglas Tanque,H. Karabey,,IGDR FK,Normal Goal,1585693.0
09/08/2026,1. Lig,2026/2027,BODRUM FK,BURSASPOR,27,1P,K. Iheanacho,,,BURSASPOR,Normal Goal,1585691.0
09/08/2026,1. Lig,2026/2027,BODRUM FK,BURSASPOR,45,1P,Lincoln,,,BURSASPOR,Normal Goal,1585691.0
10/08/2026,1. Lig,2026/2027,PENDIKSPOR,BATMAN PETROLSPOR,54,2P,Rogerio Thuram,,,PENDIKSPOR,Normal Goal,1585694.0
10/08/2026,1. Lig,2026/2027,PENDIKSPOR,BATMAN PETROLSPOR,90,2P,M. Ozdemir,,,PENDIKSPOR,Normal Goal,1585694.0
14/08/2026,1. Lig,2026/2027,ESENLER EROKSPOR,SARYER,87,2P,B. Kor,,,SARYER,Normal Goal,1585701.0
14/08/2026,1. Lig,2026/2027,ESENLER EROKSPOR,SARYER,90,2P,M. Buljubasic,,,ESENLER EROKSPOR,Normal Goal,1585701.0
15/08/2026,1. Lig,2026/2027,ISTANBULSPOR,BODRUM FK,3,1P,I. Iliev,Phellipe,,ISTANBULSPOR,Normal Goal,1585702.0
15/08/2026,1. Lig,2026/2027,ISTANBULSPOR,BODRUM FK,21,1P,Y. Ozer,O. Duymaz,,ISTANBULSPOR,Normal Goal,1585702.0
15/08/2026,1. Lig,2026/2027,ISTANBULSPOR,BODRUM FK,77,2P,F. Loshaj,M. Erdilman,,BODRUM FK,Normal Goal,1585702.0
15/08/2026,1. Lig,2026/2027,ISTANBULSPOR,BODRUM FK,79,2P,E. Bilsel,A. Turk,,BODRUM FK,Normal Goal,1585702.0
15/08/2026,1. Lig,2026/2027,FATIH KARAGUMRUK,UMRANIYESPOR,60,2P,A. Pesic,,,FATIH KARAGUMRUK,Normal Goal,1585703.0
15/08/2026,1. Lig,2026/2027,FATIH KARAGUMRUK,UMRANIYESPOR,71,2P,C. Soukou,,,UMRANIYESPOR,Normal Goal,1585703.0
15/08/2026,1. Lig,2026/2027,FATIH KARAGUMRUK,UMRANIYESPOR,76,2P,A. Pesic,,,FATIH KARAGUMRUK,Normal Goal,1585703.0
15/08/2026,1. Lig,2026/2027,BURSASPOR,IGDR FK,16,1P,K. Iheanacho,J. Elitim,,BURSASPOR,Normal Goal,1585700.0
15/08/2026,1. Lig,2026/2027,MANISA F.K.,VANSPOR FK,1,1P,C. Sylla,Y. Benrahou,,MANISA F.K.,Normal Goal,1585706.0
15/08/2026,1. Lig,2026/2027,MANISA F.K.,VANSPOR FK,20,1P,J. Anziani,,,MANISA F.K.,Normal Goal,1585706.0
15/08/2026,1. Lig,2026/2027,MANISA F.K.,VANSPOR FK,25,1P,J. Lindseth,C. Sylla,,MANISA F.K.,Normal Goal,1585706.0
15/08/2026,1. Lig,2026/2027,MANISA F.K.,VANSPOR FK,51,2P,J. Anziani,Y. Benrahou,,MANISA F.K.,Normal Goal,1585706.0
15/08/2026,1. Lig,2026/2027,MANISA F.K.,VANSPOR FK,69,2P,O. Kokcu,,,VANSPOR FK,Normal Goal,1585706.0
15/08/2026,1. Lig,2026/2027,MANISA F.K.,VANSPOR FK,90,2P,Cheikne Sylla,,,MANISA F.K.,Missed Penalty,1585706.0
16/08/2026,1. Lig,2026/2027,KAYSERISPOR,SIVASSPOR,3,1P,B. Keser,J. Tabidze,,KAYSERISPOR,Normal Goal,1585704.0
16/08/2026,1. Lig,2026/2027,KAYSERISPOR,SIVASSPOR,45,1P,T. Seferi,S. Kurt,,KAYSERISPOR,Normal Goal,1585704.0
16/08/2026,1. Lig,2026/2027,KECIORENGUCU,PENDIKSPOR,15,1P,S. Lus,Jefferson,,KECIORENGUCU,Normal Goal,1585705.0
16/08/2026,1. Lig,2026/2027,KECIORENGUCU,PENDIKSPOR,34,1P,M. Diouf,,,KECIORENGUCU,Normal Goal,1585705.0
16/08/2026,1. Lig,2026/2027,KECIORENGUCU,PENDIKSPOR,39,1P,G. Bitin,B. Sulungoz,,PENDIKSPOR,Normal Goal,1585705.0
16/08/2026,1. Lig,2026/2027,KECIORENGUCU,PENDIKSPOR,70,2P,H. Ayan,Y. Bahadir,,KECIORENGUCU,Normal Goal,1585705.0
16/08/2026,1. Lig,2026/2027,KECIORENGUCU,PENDIKSPOR,82,2P,I. Karaogul,H. Ayan,,KECIORENGUCU,Normal Goal,1585705.0
16/08/2026,1. Lig,2026/2027,MARDIN 1969,ANTALYASPOR,25,1P,Z. Dimitrov,B. Balat,,MARDIN 1969,Normal Goal,1585707.0
16/08/2026,1. Lig,2026/2027,MARDIN 1969,ANTALYASPOR,51,2P,O. Kayode,,,MARDIN 1969,Normal Goal,1585707.0
16/08/2026,1. Lig,2026/2027,MUGLASPOR,BANDRMASPOR,90,2P,Gianni Bruno,,,BANDRMASPOR,Missed Penalty,1585708.0
17/08/2026,1. Lig,2026/2027,BATMAN PETROLSPOR,BOLUSPOR,34,1P,Pedrinho,,,BATMAN PETROLSPOR,Penalty,1585699.0
17/08/2026,1. Lig,2026/2027,BATMAN PETROLSPOR,BOLUSPOR,90,2P,M. Biron,,,BATMAN PETROLSPOR,Normal Goal,1585699.0
21/08/2026,1. Lig,2026/2027,FATIH KARAGUMRUK,BURSASPOR,8,1P,A. Pesic,T. Cukur,,FATIH KARAGUMRUK,Normal Goal,1585714.0
21/08/2026,1. Lig,2026/2027,FATIH KARAGUMRUK,BURSASPOR,44,1P,D. Verde,A. Pesic,,FATIH KARAGUMRUK,Normal Goal,1585714.0
21/08/2026,1. Lig,2026/2027,FATIH KARAGUMRUK,BURSASPOR,86,2P,K. Iheanacho,Lincoln,,BURSASPOR,Normal Goal,1585714.0
14/08/2026,2. Bundesliga,2026/2027,HOLSTEIN KIEL,FC ST. PAULI,32,1P,M. Kaars,,,FC ST. PAULI,Normal Goal,1576148.0
14/08/2026,2. Bundesliga,2026/2027,HOLSTEIN KIEL,FC ST. PAULI,45,1P,T. Hara,A. Pyrka,,FC ST. PAULI,Normal Goal,1576148.0
14/08/2026,2. Bundesliga,2026/2027,HOLSTEIN KIEL,FC ST. PAULI,56,2P,P. Harres,A. Bernhardsson,,HOLSTEIN KIEL,Normal Goal,1576148.0
14/08/2026,2. Bundesliga,2026/2027,HOLSTEIN KIEL,FC ST. PAULI,88,2P,J. Therkelsen,P. Harres,,HOLSTEIN KIEL,Normal Goal,1576148.0
14/08/2026,2. Bundesliga,2026/2027,EINTRACHT BRAUNSCHWEIG,VFL BOCHUM,18,1P,P. Hofmann,K. Miyoshi,,VFL BOCHUM,Normal Goal,1576144.0
15/08/2026,2. Bundesliga,2026/2027,HERTHA BSC,1. FC HEIDENHEIM,2,1P,S. Gronning,M. Winkler,,HERTHA BSC,Normal Goal,1576147.0
15/08/2026,2. Bundesliga,2026/2027,HERTHA BSC,1. FC HEIDENHEIM,26,1P,M. Winkler,,,HERTHA BSC,Normal Goal,1576147.0
15/08/2026,2. Bundesliga,2026/2027,HERTHA BSC,1. FC HEIDENHEIM,35,1P,D. Zeefuik,M. Winkler,,HERTHA BSC,Normal Goal,1576147.0
15/08/2026,2. Bundesliga,2026/2027,HERTHA BSC,1. FC HEIDENHEIM,49,2P,J. Schoppner,M. Kaufmann,,1. FC HEIDENHEIM,Normal Goal,1576147.0
15/08/2026,2. Bundesliga,2026/2027,HERTHA BSC,1. FC HEIDENHEIM,90,2P,O. Adewumi,J. Brekalo,,HERTHA BSC,Normal Goal,1576147.0
15/08/2026,2. Bundesliga,2026/2027,SPVGG GREUTHER FURTH,1. FC NURNBERG,22,1P,F. Klaus,,,SPVGG GREUTHER FURTH,Penalty,1576145.0
15/08/2026,2. Bundesliga,2026/2027,SPVGG GREUTHER FURTH,1. FC NURNBERG,26,1P,P. Scobel,J. Justvan,,1. FC NURNBERG,Normal Goal,1576145.0
15/08/2026,2. Bundesliga,2026/2027,SPVGG GREUTHER FURTH,1. FC NURNBERG,41,1P,F. Klaus,D. Srbeny,,SPVGG GREUTHER FURTH,Normal Goal,1576145.0
15/08/2026,2. Bundesliga,2026/2027,SPVGG GREUTHER FURTH,1. FC NURNBERG,45,1P,J. Justvan,P. Scobel,,1. FC NURNBERG,Normal Goal,1576145.0
15/08/2026,2. Bundesliga,2026/2027,SPVGG GREUTHER FURTH,1. FC NURNBERG,54,2P,J. Justvan,F. Otto,,1. FC NURNBERG,Normal Goal,1576145.0
15/08/2026,2. Bundesliga,2026/2027,SPVGG GREUTHER FURTH,1. FC NURNBERG,63,2P,Felix Klaus,,,SPVGG GREUTHER FURTH,Missed Penalty,1576145.0
15/08/2026,2. Bundesliga,2026/2027,SPVGG GREUTHER FURTH,1. FC NURNBERG,74,2P,P. Scobel,,,1. FC NURNBERG,Normal Goal,1576145.0
15/08/2026,2. Bundesliga,2026/2027,VFL OSNABRUCK,1. FC MAGDEBURG,24,1P,A. Nollenberger,T. Muller,,1. FC MAGDEBURG,Normal Goal,1576151.0
15/08/2026,2. Bundesliga,2026/2027,VFL OSNABRUCK,1. FC MAGDEBURG,35,1P,A. Nollenberger,B. Atik,,1. FC MAGDEBURG,Normal Goal,1576151.0
15/08/2026,2. Bundesliga,2026/2027,VFL OSNABRUCK,1. FC MAGDEBURG,69,2P,E. Iyoha,L. Hyrylainen,,1. FC MAGDEBURG,Normal Goal,1576151.0
16/08/2026,2. Bundesliga,2026/2027,HANNOVER 96,VFL WOLFSBURG,87,2P,F. Reese,,,VFL WOLFSBURG,Penalty,1576146.0
16/08/2026,2. Bundesliga,2026/2027,DYNAMO DRESDEN,SV DARMSTADT 98,12,1P,J. Sterner,V. Vermeij,,DYNAMO DRESDEN,Normal Goal,1576150.0
16/08/2026,2. Bundesliga,2026/2027,ARMINIA BIELEFELD,ENERGIE COTTBUS,26,1P,J. Grodowski,H. Koudossou,,ARMINIA BIELEFELD,Normal Goal,1576143.0
16/08/2026,2. Bundesliga,2026/2027,ARMINIA BIELEFELD,ENERGIE COTTBUS,37,1P,J. Grodowski,,,ARMINIA BIELEFELD,Normal Goal,1576143.0
16/08/2026,2. Bundesliga,2026/2027,ARMINIA BIELEFELD,ENERGIE COTTBUS,76,2P,J. Grodowski,,,ARMINIA BIELEFELD,Penalty,1576143.0
31/07/2026,Bundesliga Austria,2026/2027,LASK LINZ,GRAZER AK,20,1P,S. Adeniran,K. P. Molgaard Jorgensen,,LASK LINZ,Normal Goal,1561894.0
31/07/2026,Bundesliga Austria,2026/2027,LASK LINZ,GRAZER AK,29,1P,S. Adeniran,,,LASK LINZ,Penalty,1561894.0
31/07/2026,Bundesliga Austria,2026/2027,LASK LINZ,GRAZER AK,79,2P,C. Lang,M. Bogarde,,LASK LINZ,Normal Goal,1561894.0
01/08/2026,Bundesliga Austria,2026/2027,WSG WATTENS,STURM GRAZ,29,1P,S. Wlodarczyk,E. Soglo,,STURM GRAZ,Normal Goal,1561895.0
01/08/2026,Bundesliga Austria,2026/2027,WSG WATTENS,STURM GRAZ,42,1P,M. Olakigbe,R. Gschosser,,WSG WATTENS,Normal Goal,1561895.0
01/08/2026,Bundesliga Austria,2026/2027,RED BULL SALZBURG,TSV HARTBERG,89,2P,K. Konate,D. Schmid,,RED BULL SALZBURG,Normal Goal,1561896.0
02/08/2026,Bundesliga Austria,2026/2027,WOLFSBERGER AC,AUSTRIA VIENNA,18,1P,G. Vrioni,,,WOLFSBERGER AC,Penalty,1561898.0
02/08/2026,Bundesliga Austria,2026/2027,WOLFSBERGER AC,AUSTRIA VIENNA,49,2P,A. Schwarz,D. Avdijaj,,WOLFSBERGER AC,Normal Goal,1561898.0
02/08/2026,Bundesliga Austria,2026/2027,WOLFSBERGER AC,AUSTRIA VIENNA,63,2P,G. Vrioni,,,WOLFSBERGER AC,Penalty,1561898.0
02/08/2026,Bundesliga Austria,2026/2027,AUSTRIA LUSTENAU,RIED,26,1P,D. Weixelbraun,Danilo Soares,,AUSTRIA LUSTENAU,Normal Goal,1561897.0
02/08/2026,Bundesliga Austria,2026/2027,AUSTRIA LUSTENAU,RIED,34,1P,J. Nasrawe,A. Bajic,,RIED,Normal Goal,1561897.0
02/08/2026,Bundesliga Austria,2026/2027,RAPID VIENNA,SCR ALTACH,4,1P,P. Dahl,M. Seidl,,RAPID VIENNA,Normal Goal,1561899.0
07/08/2026,Bundesliga Austria,2026/2027,SCR ALTACH,WSG WATTENS,13,1P,H. Balic,M. Boras,,WSG WATTENS,Normal Goal,1561900.0
07/08/2026,Bundesliga Austria,2026/2027,SCR ALTACH,WSG WATTENS,19,1P,P. Greil,N. Niehoff,,SCR ALTACH,Normal Goal,1561900.0
07/08/2026,Bundesliga Austria,2026/2027,SCR ALTACH,WSG WATTENS,56,2P,Y. Massombo,B. Bockle,,SCR ALTACH,Normal Goal,1561900.0
07/08/2026,Bundesliga Austria,2026/2027,SCR ALTACH,WSG WATTENS,86,2P,P. Greil,S. Hrstic,,SCR ALTACH,Normal Goal,1561900.0
08/08/2026,Bundesliga Austria,2026/2027,GRAZER AK,AUSTRIA LUSTENAU,18,1P,D. Pines,C. Lichtenberger,,GRAZER AK,Normal Goal,1561901.0
08/08/2026,Bundesliga Austria,2026/2027,GRAZER AK,AUSTRIA LUSTENAU,51,2P,D. Kacuri,A. Verinac,,AUSTRIA LUSTENAU,Normal Goal,1561901.0
08/08/2026,Bundesliga Austria,2026/2027,GRAZER AK,AUSTRIA LUSTENAU,66,2P,A. Hofleitner,P. Michorl,,GRAZER AK,Normal Goal,1561901.0
08/08/2026,Bundesliga Austria,2026/2027,TSV HARTBERG,STURM GRAZ,69,2P,N. Weiper,S. Seidl,,STURM GRAZ,Normal Goal,1561902.0
08/08/2026,Bundesliga Austria,2026/2027,TSV HARTBERG,STURM GRAZ,81,2P,N. Weiper,S. Seidl,,STURM GRAZ,Normal Goal,1561902.0
09/08/2026,Bundesliga Austria,2026/2027,WOLFSBERGER AC,RED BULL SALZBURG,67,2P,G. Vrioni,F. Wohlmuth,,WOLFSBERGER AC,Normal Goal,1561904.0
09/08/2026,Bundesliga Austria,2026/2027,WOLFSBERGER AC,RED BULL SALZBURG,79,2P,Y. Vertessen,K. Boma,,RED BULL SALZBURG,Normal Goal,1561904.0
09/08/2026,Bundesliga Austria,2026/2027,RIED,RAPID VIENNA,8,1P,J. Horn,,,RAPID VIENNA,Normal Goal,1561903.0
09/08/2026,Bundesliga Austria,2026/2027,RIED,RAPID VIENNA,75,2P,S. Schwab,A. Bajic,,RIED,Normal Goal,1561903.0
09/08/2026,Bundesliga Austria,2026/2027,RIED,RAPID VIENNA,77,2P,M. Haidara,N. Hedl,,RAPID VIENNA,Normal Goal,1561903.0
09/08/2026,Bundesliga Austria,2026/2027,AUSTRIA VIENNA,LASK LINZ,54,2P,A. Andrade,S. Adeniran,,LASK LINZ,Normal Goal,1561905.0
09/08/2026,Bundesliga Austria,2026/2027,AUSTRIA VIENNA,LASK LINZ,83,2P,Moses Usor,,,LASK LINZ,Missed Penalty,1561905.0
09/08/2026,Bundesliga Austria,2026/2027,AUSTRIA VIENNA,LASK LINZ,83,2P,M. Usor,,,LASK LINZ,Normal Goal,1561905.0
14/08/2026,Bundesliga Austria,2026/2027,LASK LINZ,RIED,8,1P,P. Sissoko,S. Schwab,,RIED,Normal Goal,1561906.0
14/08/2026,Bundesliga Austria,2026/2027,LASK LINZ,RIED,10,1P,S. Adeniran,M. Usor,,LASK LINZ,Normal Goal,1561906.0
14/08/2026,Bundesliga Austria,2026/2027,LASK LINZ,RIED,18,1P,M. Usor,A. Andrade,,LASK LINZ,Normal Goal,1561906.0
14/08/2026,Bundesliga Austria,2026/2027,LASK LINZ,RIED,27,1P,S. Adeniran,M. Bogarde,,LASK LINZ,Normal Goal,1561906.0
14/08/2026,Bundesliga Austria,2026/2027,LASK LINZ,RIED,57,2P,C. Lang,M. Usor,,LASK LINZ,Normal Goal,1561906.0
15/08/2026,Bundesliga Austria,2026/2027,AUSTRIA LUSTENAU,WOLFSBERGER AC,23,1P,A. Verinac,D. Weixelbraun,,AUSTRIA LUSTENAU,Normal Goal,1561907.0
15/08/2026,Bundesliga Austria,2026/2027,AUSTRIA LUSTENAU,WOLFSBERGER AC,32,1P,A. Verinac,,,AUSTRIA LUSTENAU,Normal Goal,1561907.0
15/08/2026,Bundesliga Austria,2026/2027,AUSTRIA LUSTENAU,WOLFSBERGER AC,45,1P,G. Vrioni,D. Avdijaj,,WOLFSBERGER AC,Normal Goal,1561907.0
15/08/2026,Bundesliga Austria,2026/2027,STURM GRAZ,SCR ALTACH,78,2P,S. Jatta,S. Seidl,,STURM GRAZ,Normal Goal,1561908.0
16/08/2026,Bundesliga Austria,2026/2027,TSV HARTBERG,AUSTRIA VIENNA,33,1P,D. Nnodim,Lee Tae-Seok,,AUSTRIA VIENNA,Normal Goal,1561909.0
16/08/2026,Bundesliga Austria,2026/2027,TSV HARTBERG,AUSTRIA VIENNA,76,2P,J. Hettwer,M. Fischer,,AUSTRIA VIENNA,Normal Goal,1561909.0
16/08/2026,Bundesliga Austria,2026/2027,WSG WATTENS,RED BULL SALZBURG,15,1P,K. Konate,F. Kratzig,,RED BULL SALZBURG,Normal Goal,1561910.0
16/08/2026,Bundesliga Austria,2026/2027,WSG WATTENS,RED BULL SALZBURG,17,1P,F. Kratzig,Y. Vertessen,,RED BULL SALZBURG,Normal Goal,1561910.0
16/08/2026,Bundesliga Austria,2026/2027,WSG WATTENS,RED BULL SALZBURG,45,1P,Lukas Hinterseer,,,WSG WATTENS,Missed Penalty,1561910.0
16/08/2026,Bundesliga Austria,2026/2027,WSG WATTENS,RED BULL SALZBURG,70,2P,S. Kitano,A. Barry,,RED BULL SALZBURG,Normal Goal,1561910.0
16/08/2026,Bundesliga Austria,2026/2027,RAPID VIENNA,GRAZER AK,5,1P,E. Kara,,,RAPID VIENNA,Normal Goal,1561911.0
16/08/2026,Bundesliga Austria,2026/2027,RAPID VIENNA,GRAZER AK,12,1P,E. Kara,J. Horn,,RAPID VIENNA,Normal Goal,1561911.0
16/08/2026,Bundesliga Austria,2026/2027,RAPID VIENNA,GRAZER AK,14,1P,T. Adamsen,,,RAPID VIENNA,Normal Goal,1561911.0
16/08/2026,Bundesliga Austria,2026/2027,RAPID VIENNA,GRAZER AK,42,1P,N. Cvetkovic,M. Seidl,,RAPID VIENNA,Normal Goal,1561911.0
16/08/2026,Bundesliga Austria,2026/2027,RAPID VIENNA,GRAZER AK,45,1P,T. Adamsen,,,RAPID VIENNA,Normal Goal,1561911.0
16/08/2026,Bundesliga Austria,2026/2027,RAPID VIENNA,GRAZER AK,56,2P,Y. Demir,R. Amane,,RAPID VIENNA,Normal Goal,1561911.0
16/08/2026,Bundesliga Austria,2026/2027,RAPID VIENNA,GRAZER AK,74,2P,T. Adamsen,,,RAPID VIENNA,Normal Goal,1561911.0
16/08/2026,Bundesliga Austria,2026/2027,RAPID VIENNA,GRAZER AK,86,2P,T. Adamsen,M. Tilio,,RAPID VIENNA,Normal Goal,1561911.0
09/08/2026,Super League,2026/2027,FC ST. GALLEN,FC LUZERN,47,2P,D. Mikolajewski,M. Di Giusto,,FC LUZERN,Normal Goal,1555364.0
15/08/2026,Jupiler Pro League,2026/2027,OH LEUVEN,CLUB BRUGGE KV,26,1P,M. Diakhon,C. Forbs,,CLUB BRUGGE KV,Normal Goal,1558594.0
15/08/2026,Jupiler Pro League,2026/2027,OH LEUVEN,CLUB BRUGGE KV,60,2P,B. Mechele,M. Diakhon,,CLUB BRUGGE KV,Normal Goal,1558594.0
15/08/2026,Jupiler Pro League,2026/2027,OH LEUVEN,CLUB BRUGGE KV,83,2P,N. Tresoldi,F. Lemarechal,,CLUB BRUGGE KV,Normal Goal,1558594.0
22/08/2026,Jupiler Pro League,2026/2027,CHARLEROI,KV MECHELEN,35,1P,A. Ousou,P. Pflucke,,CHARLEROI,Normal Goal,1558601.0
22/08/2026,Jupiler Pro League,2026/2027,CHARLEROI,KV MECHELEN,77,2P,K. Van Den Kerkhof,A. Colassin,,CHARLEROI,Normal Goal,1558601.0
23/08/2026,Jupiler Pro League,2026/2027,LOMMEL UNITED,KVC WESTERLO,30,1P,T. Reyners,J. van Duiven,,LOMMEL UNITED,Normal Goal,1558605.0
23/08/2026,Jupiler Pro League,2026/2027,LOMMEL UNITED,KVC WESTERLO,45,1P,L. Schoofs,J. van Duiven,,LOMMEL UNITED,Normal Goal,1558605.0
23/08/2026,Jupiler Pro League,2026/2027,LOMMEL UNITED,KVC WESTERLO,51,2P,D. Konadu,S. Appuah,,LOMMEL UNITED,Normal Goal,1558605.0
23/08/2026,Jupiler Pro League,2026/2027,LOMMEL UNITED,KVC WESTERLO,89,2P,T. Reyners,J. van Duiven,,LOMMEL UNITED,Normal Goal,1558605.0
23/08/2026,Ligue 1,2026/2027,RENNES,PARIS SAINT GERMAIN,9,1P,S. Szymanski,A. Thomasson,,RENNES,Normal Goal,1552735.0
23/08/2026,Ligue 1,2026/2027,RENNES,PARIS SAINT GERMAIN,38,1P,E. Lepaul,P. Frankowski,,RENNES,Normal Goal,1552735.0
23/08/2026,Ligue 1,2026/2027,RENNES,PARIS SAINT GERMAIN,71,2P,F. Torres,F. Ruiz,,PARIS SAINT GERMAIN,Normal Goal,1552735.0
23/08/2026,Ligue 1,2026/2027,RENNES,PARIS SAINT GERMAIN,82,2P,F. Torres,F. Ruiz,,PARIS SAINT GERMAIN,Normal Goal,1552735.0
24/08/2026,Ligue 2,2026/2027,REIMS,ANNECY,32,1P,M. Veillon,M. Kone,,ANNECY,Normal Goal,1552447.0
24/08/2026,Ligue 2,2026/2027,REIMS,ANNECY,53,2P,F. Escales,,,REIMS,Own Goal,1552447.0
24/08/2026,Ligue 2,2026/2027,REIMS,ANNECY,64,2P,C. Kouranfal,D. Guindo,,REIMS,Normal Goal,1552447.0
24/08/2026,Ligue 2,2026/2027,REIMS,ANNECY,68,2P,Q. Paris,,,REIMS,Normal Goal,1552447.0
23/08/2026,Super League Grecia,2026/2027,PAOK,LEVADIAKOS,36,1P,S. Shoretire,A. Zivkovic,,PAOK,Normal Goal,1593295.0
23/08/2026,Super League Grecia,2026/2027,PAOK,LEVADIAKOS,41,1P,D. Pelkas,A. Zivkovic,,PAOK,Normal Goal,1593295.0
23/08/2026,Super League Grecia,2026/2027,PAOK,LEVADIAKOS,72,2P,A. Mythou,,,PAOK,Normal Goal,1593295.0
23/08/2026,Super League Grecia,2026/2027,PAOK,LEVADIAKOS,89,2P,A. Zivkovic,,,PAOK,Penalty,1593295.0
23/08/2026,Super League Grecia,2026/2027,PANETOLIKOS,ASTERAS TRIPOLIS,6,1P,G. Granath,C. Manrique,,PANETOLIKOS,Normal Goal,1593294.0
23/08/2026,Super League Grecia,2026/2027,PANETOLIKOS,ASTERAS TRIPOLIS,58,2P,C. Mavrias,G. Satsias,,PANETOLIKOS,Normal Goal,1593294.0
23/08/2026,Super League Grecia,2026/2027,PANETOLIKOS,ASTERAS TRIPOLIS,78,2P,F. Macheda,Ricardinho,,ASTERAS TRIPOLIS,Normal Goal,1593294.0
23/08/2026,Super League Grecia,2026/2027,PANETOLIKOS,ASTERAS TRIPOLIS,80,2P,K. Aleksic,Esteban Diego,,PANETOLIKOS,Normal Goal,1593294.0
23/08/2026,Serie A Italia,2026/2027,ATALANTA,SASSUOLO,6,1P,G. Raspadori,G. Gaetano,,ATALANTA,Normal Goal,1550088.0
23/08/2026,Serie A Italia,2026/2027,ATALANTA,SASSUOLO,55,2P,C. Odenthal,,,SASSUOLO,Normal Goal,1550088.0
23/08/2026,Serie A Italia,2026/2027,ATALANTA,SASSUOLO,65,2P,N. Krstovic,,,ATALANTA,Normal Goal,1550088.0
22/08/2026,Serie B Italia,2026/2027,BENEVENTO,MODENA,26,1P,F. Salvemini,,,BENEVENTO,Normal Goal,1601494.0
22/08/2026,Serie B Italia,2026/2027,BENEVENTO,MODENA,65,2P,S. Santoro,,,MODENA,Normal Goal,1601494.0
22/08/2026,Serie B Italia,2026/2027,BENEVENTO,MODENA,76,2P,G. Caso,,,MODENA,Normal Goal,1601494.0
23/08/2026,Serie B Italia,2026/2027,CESENA,SAMPDORIA,17,1P,C. Shpendi,M. Guidi,,CESENA,Normal Goal,1601496.0
23/08/2026,Serie B Italia,2026/2027,CESENA,SAMPDORIA,83,2P,L. Henderson,S. Gartenmann,,SAMPDORIA,Normal Goal,1601496.0
16/08/2026,Eredivisie,2026/2027,FEYENOORD,GO AHEAD EAGLES,32,1P,G. Zechiel,A. Ueda,,FEYENOORD,Normal Goal,1552132.0
16/08/2026,Eredivisie,2026/2027,FEYENOORD,GO AHEAD EAGLES,38,1P,A. Ueda,A. Hadj Moussa,,FEYENOORD,Normal Goal,1552132.0
16/08/2026,Eredivisie,2026/2027,FEYENOORD,GO AHEAD EAGLES,63,2P,S. Tengstedt,E. Linthorst,,GO AHEAD EAGLES,Normal Goal,1552132.0
16/08/2026,Eredivisie,2026/2027,FEYENOORD,GO AHEAD EAGLES,80,2P,S. I. Sigurdarson,,,GO AHEAD EAGLES,Normal Goal,1552132.0
16/08/2026,Eredivisie,2026/2027,TWENTE,PEC ZWOLLE,21,1P,E. Sorensen,T. Oosting,,PEC ZWOLLE,Normal Goal,1552133.0
16/08/2026,Eredivisie,2026/2027,TWENTE,PEC ZWOLLE,38,1P,D. Weidmann,S. Orjasaeter,,TWENTE,Normal Goal,1552133.0
16/08/2026,Eredivisie,2026/2027,TWENTE,PEC ZWOLLE,59,2P,D. Mbayo,,,TWENTE,Own Goal,1552133.0
16/08/2026,Eredivisie,2026/2027,TWENTE,PEC ZWOLLE,69,2P,D. Rots,R. Zerrouki,,TWENTE,Normal Goal,1552133.0
22/08/2026,Eredivisie,2026/2027,SPARTA ROTTERDAM,UTRECHT,16,1P,M. Didden,Y. Cathline,,UTRECHT,Normal Goal,1552137.0
22/08/2026,Eredivisie,2026/2027,SPARTA ROTTERDAM,UTRECHT,45,1P,M. Young,B. Kuipers,,SPARTA ROTTERDAM,Normal Goal,1552137.0
22/08/2026,Eredivisie,2026/2027,SPARTA ROTTERDAM,UTRECHT,46,2P,A. Stepanov,N. Vesterlund,,UTRECHT,Normal Goal,1552137.0
22/08/2026,Eredivisie,2026/2027,SPARTA ROTTERDAM,UTRECHT,67,2P,M. Zonneveld,S. Mito,,SPARTA ROTTERDAM,Normal Goal,1552137.0
22/08/2026,Eredivisie,2026/2027,SPARTA ROTTERDAM,UTRECHT,76,2P,A. Blake,,,UTRECHT,Normal Goal,1552137.0
22/08/2026,Eredivisie,2026/2027,SPARTA ROTTERDAM,UTRECHT,90,2P,N. Verschuren,J. Ideho,,SPARTA ROTTERDAM,Normal Goal,1552137.0
15/08/2026,Liga Portugal,2026/2027,RIO AVE,FC PORTO,11,1P,N. Perez,G. Veiga,,FC PORTO,Normal Goal,1575462.0
15/08/2026,Liga Portugal,2026/2027,RIO AVE,FC PORTO,82,2P,B. Sainz,Hwang In-Beom,,FC PORTO,Normal Goal,1575462.0
23/08/2026,Süper Lig,2026/2027,ALANYASPOR,BESIKTAS,73,2P,N. Lima,F. Hadergjonaj,,ALANYASPOR,Normal Goal,1584376.0
09/08/2026,1. Lig,2026/2027,SARYER,MUGLASPOR,44,1P,E. Eze,,,SARYER,Penalty,1585695.0
09/08/2026,1. Lig,2026/2027,SARYER,MUGLASPOR,65,2P,C. Karayel,B. Alici,,SARYER,Normal Goal,1585695.0
23/08/2026,1. Lig,2026/2027,BOLUSPOR,MARDIN 1969,14,1P,D. Taskan,E. Tasdemir,,MARDIN 1969,Normal Goal,1585712.0
23/08/2026,1. Lig,2026/2027,BOLUSPOR,MARDIN 1969,21,1P,M. Sengul,,,MARDIN 1969,Normal Goal,1585712.0
23/08/2026,1. Lig,2026/2027,BOLUSPOR,MARDIN 1969,76,2P,A. Uluk,T. Teklic,,MARDIN 1969,Normal Goal,1585712.0
04/04/2026,Allsvenskan Suecia,2026/2027,HAMMARBY FF,MJALLBY AIF,42,1P,P. Abraham,,,HAMMARBY FF,Normal Goal,1494118.0
04/04/2026,Allsvenskan Suecia,2026/2027,HAMMARBY FF,MJALLBY AIF,44,1P,P. Abraham,N. Besara,,HAMMARBY FF,Normal Goal,1494118.0
04/04/2026,Allsvenskan Suecia,2026/2027,HAMMARBY FF,MJALLBY AIF,48,2P,P. Abraham,N. Besara,,HAMMARBY FF,Normal Goal,1494118.0
04/04/2026,Allsvenskan Suecia,2026/2027,DEGERFORS IF,SIRIUS,46,2P,N. O. Jonsson,I. Bjerkebo,,SIRIUS,Normal Goal,1494114.0
04/04/2026,Allsvenskan Suecia,2026/2027,DEGERFORS IF,SIRIUS,78,2P,I. Bjerkebo,,,SIRIUS,Penalty,1494114.0
04/04/2026,Allsvenskan Suecia,2026/2027,DEGERFORS IF,SIRIUS,82,2P,R. Ure,V. Svensson,,SIRIUS,Normal Goal,1494114.0
05/04/2026,Allsvenskan Suecia,2026/2027,KALMAR FF,VASTERAS SK FK,11,1P,Z. Ravik,,,VASTERAS SK FK,Own Goal,1494119.0
05/04/2026,Allsvenskan Suecia,2026/2027,AIK STOCKHOLM,HALMSTAD,21,1P,I. Cisse,,,AIK STOCKHOLM,Normal Goal,1494113.0
05/04/2026,Allsvenskan Suecia,2026/2027,AIK STOCKHOLM,HALMSTAD,64,2P,O. Liimatta,M. Persson,,HALMSTAD,Normal Goal,1494113.0
05/04/2026,Allsvenskan Suecia,2026/2027,AIK STOCKHOLM,HALMSTAD,83,2P,Z. Yohanna,S. Wilson,,AIK STOCKHOLM,Normal Goal,1494113.0
05/04/2026,Allsvenskan Suecia,2026/2027,ORGRYTE IS,MALMO FF,51,2P,A. Andreasson,M. Dyrestam,,ORGRYTE IS,Normal Goal,1494120.0
05/04/2026,Allsvenskan Suecia,2026/2027,ORGRYTE IS,MALMO FF,73,2P,E. Botheim,,,MALMO FF,Normal Goal,1494120.0
06/04/2026,Allsvenskan Suecia,2026/2027,BK HACKEN,IF BROMMAPOJKARNA,8,1P,L. Bjorklund,M. Hansen,,IF BROMMAPOJKARNA,Normal Goal,1494117.0
06/04/2026,Allsvenskan Suecia,2026/2027,BK HACKEN,IF BROMMAPOJKARNA,47,2P,A. Svanback,A. Layouni,,BK HACKEN,Normal Goal,1494117.0
06/04/2026,Allsvenskan Suecia,2026/2027,BK HACKEN,IF BROMMAPOJKARNA,70,2P,J. Simpson,,,BK HACKEN,Own Goal,1494117.0
06/04/2026,Allsvenskan Suecia,2026/2027,BK HACKEN,IF BROMMAPOJKARNA,89,2P,A. Troelsen,O. Zanden,,IF BROMMAPOJKARNA,Normal Goal,1494117.0
06/04/2026,Allsvenskan Suecia,2026/2027,IF ELFSBORG,IFK GOTEBORG,59,2P,T. Silverholt,S. Olsson,,IF ELFSBORG,Normal Goal,1494115.0
06/04/2026,Allsvenskan Suecia,2026/2027,IF ELFSBORG,IFK GOTEBORG,65,2P,J. Magnusson,S. Olsson,,IF ELFSBORG,Normal Goal,1494115.0
06/04/2026,Allsvenskan Suecia,2026/2027,GAIS,DJURGARDENS IF,65,2P,P. Aslund,O. Fallenius,,DJURGARDENS IF,Normal Goal,1494116.0
11/04/2026,Allsvenskan Suecia,2026/2027,IFK GOTEBORG,BK HACKEN,17,1P,G. Lindgren,J. Lindberg,,BK HACKEN,Normal Goal,1494123.0
11/04/2026,Allsvenskan Suecia,2026/2027,IFK GOTEBORG,BK HACKEN,25,1P,Tobias Heintz,,,IFK GOTEBORG,Missed Penalty,1494123.0
11/04/2026,Allsvenskan Suecia,2026/2027,IFK GOTEBORG,BK HACKEN,84,2P,M. Rygaard,A. Layouni,,BK HACKEN,Normal Goal,1494123.0
11/04/2026,Allsvenskan Suecia,2026/2027,MJALLBY AIF,ORGRYTE IS,21,1P,A. Andreasson,T. Sana,,ORGRYTE IS,Normal Goal,1494126.0
11/04/2026,Allsvenskan Suecia,2026/2027,MJALLBY AIF,ORGRYTE IS,26,1P,J. Tibbling,M. Dyrestam,,ORGRYTE IS,Normal Goal,1494126.0
11/04/2026,Allsvenskan Suecia,2026/2027,VASTERAS SK FK,IF ELFSBORG,49,2P,N. Hult,R. Mohammed,,IF ELFSBORG,Normal Goal,1494128.0
11/04/2026,Allsvenskan Suecia,2026/2027,VASTERAS SK FK,IF ELFSBORG,74,2P,M. Ladefoged,M. Baggesen,,VASTERAS SK FK,Normal Goal,1494128.0
11/04/2026,Allsvenskan Suecia,2026/2027,VASTERAS SK FK,IF ELFSBORG,81,2P,M. Ladefoged,M. Diagne,,VASTERAS SK FK,Normal Goal,1494128.0
11/04/2026,Allsvenskan Suecia,2026/2027,VASTERAS SK FK,IF ELFSBORG,90,2P,A. Sigurpalsson,T. Isherwood,,IF ELFSBORG,Normal Goal,1494128.0
12/04/2026,Allsvenskan Suecia,2026/2027,DJURGARDENS IF,KALMAR FF,2,1P,B. Hegland,M. Marques,,DJURGARDENS IF,Normal Goal,1494122.0
12/04/2026,Allsvenskan Suecia,2026/2027,DJURGARDENS IF,KALMAR FF,7,1P,K. Lien,,,DJURGARDENS IF,Normal Goal,1494122.0
12/04/2026,Allsvenskan Suecia,2026/2027,DJURGARDENS IF,KALMAR FF,16,1P,C. Rosenqvist,R. Gojani,,KALMAR FF,Normal Goal,1494122.0
12/04/2026,Allsvenskan Suecia,2026/2027,DJURGARDENS IF,KALMAR FF,29,1P,A. Dari,M. Hallberg,,KALMAR FF,Normal Goal,1494122.0
12/04/2026,Allsvenskan Suecia,2026/2027,DJURGARDENS IF,KALMAR FF,85,2P,K. Lien,M. Siltanen,,DJURGARDENS IF,Normal Goal,1494122.0
12/04/2026,Allsvenskan Suecia,2026/2027,DJURGARDENS IF,KALMAR FF,90,2P,Kristian Stromland Lien,,,DJURGARDENS IF,Missed Penalty,1494122.0
12/04/2026,Allsvenskan Suecia,2026/2027,HALMSTAD,DEGERFORS IF,44,1P,D. Sundgren,,,DEGERFORS IF,Normal Goal,1494124.0
12/04/2026,Allsvenskan Suecia,2026/2027,HALMSTAD,DEGERFORS IF,56,2P,S. Ohlsson,J. Pikkarainen,,DEGERFORS IF,Normal Goal,1494124.0
12/04/2026,Allsvenskan Suecia,2026/2027,HALMSTAD,DEGERFORS IF,90,2P,M. Rafferty,N. Girmai,,DEGERFORS IF,Normal Goal,1494124.0
12/04/2026,Allsvenskan Suecia,2026/2027,MALMO FF,GAIS,21,1P,P. Jansson,J. Stryger,,MALMO FF,Normal Goal,1494125.0
12/04/2026,Allsvenskan Suecia,2026/2027,MALMO FF,GAIS,37,1P,O. Sjostrand,,,MALMO FF,Normal Goal,1494125.0
12/04/2026,Allsvenskan Suecia,2026/2027,MALMO FF,GAIS,42,1P,O. Rosengren,C. Rosler,,MALMO FF,Normal Goal,1494125.0
12/04/2026,Allsvenskan Suecia,2026/2027,MALMO FF,GAIS,87,2P,S. Ekong,W. Milovanovic,,GAIS,Normal Goal,1494125.0
13/04/2026,Allsvenskan Suecia,2026/2027,SIRIUS,HAMMARBY FF,9,1P,I. Bjerkebo,O. Krusnell,,SIRIUS,Normal Goal,1494127.0
13/04/2026,Allsvenskan Suecia,2026/2027,SIRIUS,HAMMARBY FF,70,2P,R. Ure,,,SIRIUS,Normal Goal,1494127.0
13/04/2026,Allsvenskan Suecia,2026/2027,IF BROMMAPOJKARNA,AIK STOCKHOLM,59,2P,B. Celina,Z. Yohanna,,AIK STOCKHOLM,Normal Goal,1494121.0
13/04/2026,Allsvenskan Suecia,2026/2027,IF BROMMAPOJKARNA,AIK STOCKHOLM,62,2P,M. Hansen,,,IF BROMMAPOJKARNA,Normal Goal,1494121.0
13/04/2026,Allsvenskan Suecia,2026/2027,IF BROMMAPOJKARNA,AIK STOCKHOLM,78,2P,V. Andersson,J. Hove,,AIK STOCKHOLM,Normal Goal,1494121.0
13/04/2026,Allsvenskan Suecia,2026/2027,IF BROMMAPOJKARNA,AIK STOCKHOLM,90,2P,A. Timossi,,,IF BROMMAPOJKARNA,Normal Goal,1494121.0
17/04/2026,Allsvenskan Suecia,2026/2027,DJURGARDENS IF,MALMO FF,61,2P,S. Haksabanovic,O. Rosengren,,MALMO FF,Normal Goal,1494131.0
17/04/2026,Allsvenskan Suecia,2026/2027,DEGERFORS IF,IF ELFSBORG,52,2P,J. Magnusson,,,IF ELFSBORG,Normal Goal,1494130.0
18/04/2026,Allsvenskan Suecia,2026/2027,HAMMARBY FF,ORGRYTE IS,11,1P,N. Persson,M. Karlsson,,HAMMARBY FF,Normal Goal,1494134.0
18/04/2026,Allsvenskan Suecia,2026/2027,HAMMARBY FF,ORGRYTE IS,18,1P,N. Besara,N. Persson,,HAMMARBY FF,Normal Goal,1494134.0
18/04/2026,Allsvenskan Suecia,2026/2027,HAMMARBY FF,ORGRYTE IS,22,1P,P. Abraham,,,HAMMARBY FF,Normal Goal,1494134.0
18/04/2026,Allsvenskan Suecia,2026/2027,HAMMARBY FF,ORGRYTE IS,32,1P,C. Styffe,,,ORGRYTE IS,Normal Goal,1494134.0
18/04/2026,Allsvenskan Suecia,2026/2027,HAMMARBY FF,ORGRYTE IS,33,1P,V. Lind,N. Besara,,HAMMARBY FF,Normal Goal,1494134.0
18/04/2026,Allsvenskan Suecia,2026/2027,HAMMARBY FF,ORGRYTE IS,57,2P,M. Madjed,N. Besara,,HAMMARBY FF,Normal Goal,1494134.0
18/04/2026,Allsvenskan Suecia,2026/2027,HAMMARBY FF,ORGRYTE IS,70,2P,N. Vasic,F. Adjei,,HAMMARBY FF,Normal Goal,1494134.0
18/04/2026,Allsvenskan Suecia,2026/2027,HAMMARBY FF,ORGRYTE IS,79,2P,N. Vasic,V. Lind,,HAMMARBY FF,Normal Goal,1494134.0
18/04/2026,Allsvenskan Suecia,2026/2027,HAMMARBY FF,ORGRYTE IS,86,2P,N. Vasic,V. Lind,,HAMMARBY FF,Normal Goal,1494134.0
18/04/2026,Allsvenskan Suecia,2026/2027,SIRIUS,VASTERAS SK FK,8,1P,I. Bjerkebo,,,SIRIUS,Penalty,1494136.0
18/04/2026,Allsvenskan Suecia,2026/2027,SIRIUS,VASTERAS SK FK,31,1P,I. Bjerkebo,,,SIRIUS,Penalty,1494136.0
18/04/2026,Allsvenskan Suecia,2026/2027,SIRIUS,VASTERAS SK FK,45,1P,T. Anker,R. Ure,,SIRIUS,Normal Goal,1494136.0
18/04/2026,Allsvenskan Suecia,2026/2027,SIRIUS,VASTERAS SK FK,53,2P,F. Nsabiyumva,M. Baggesen,,VASTERAS SK FK,Normal Goal,1494136.0
18/04/2026,Allsvenskan Suecia,2026/2027,SIRIUS,VASTERAS SK FK,62,2P,H. Castegren,T. Anker,,SIRIUS,Normal Goal,1494136.0
18/04/2026,Allsvenskan Suecia,2026/2027,HALMSTAD,IFK GOTEBORG,62,2P,O. Faraj,L. Arvidsson,,HALMSTAD,Normal Goal,1494133.0
18/04/2026,Allsvenskan Suecia,2026/2027,HALMSTAD,IFK GOTEBORG,64,2P,T. Heintz,S. Alioum,,IFK GOTEBORG,Normal Goal,1494133.0
18/04/2026,Allsvenskan Suecia,2026/2027,MJALLBY AIF,IF BROMMAPOJKARNA,5,1P,L. Thorell,A. Manneh,,MJALLBY AIF,Normal Goal,1494135.0
18/04/2026,Allsvenskan Suecia,2026/2027,MJALLBY AIF,IF BROMMAPOJKARNA,28,1P,J. Bergstrom,E. Stroud,,MJALLBY AIF,Normal Goal,1494135.0
18/04/2026,Allsvenskan Suecia,2026/2027,MJALLBY AIF,IF BROMMAPOJKARNA,33,1P,A. Manneh,J. Gustavsson,,MJALLBY AIF,Normal Goal,1494135.0
19/04/2026,Allsvenskan Suecia,2026/2027,AIK STOCKHOLM,KALMAR FF,26,1P,J. Hove,,,AIK STOCKHOLM,Penalty,1494129.0
19/04/2026,Allsvenskan Suecia,2026/2027,BK HACKEN,GAIS,51,2P,A. Doumbia,,,BK HACKEN,Normal Goal,1494132.0
19/04/2026,Allsvenskan Suecia,2026/2027,BK HACKEN,GAIS,57,2P,R. Thorkelsson,S. Salter,,GAIS,Normal Goal,1494132.0
19/04/2026,Allsvenskan Suecia,2026/2027,BK HACKEN,GAIS,80,2P,G. Lindgren,M. Rygaard,,BK HACKEN,Normal Goal,1494132.0
22/04/2026,Allsvenskan Suecia,2026/2027,HAMMARBY FF,HALMSTAD,10,1P,O. Liimatta,,,HALMSTAD,Normal Goal,1494140.0
22/04/2026,Allsvenskan Suecia,2026/2027,HAMMARBY FF,HALMSTAD,58,2P,F. Adjei,,,HAMMARBY FF,Normal Goal,1494140.0
22/04/2026,Allsvenskan Suecia,2026/2027,IF ELFSBORG,DJURGARDENS IF,19,1P,P. Johansson,B. Hegland,,DJURGARDENS IF,Normal Goal,1494138.0
22/04/2026,Allsvenskan Suecia,2026/2027,IF ELFSBORG,DJURGARDENS IF,25,1P,F. Ihler,,,IF ELFSBORG,Penalty,1494138.0
22/04/2026,Allsvenskan Suecia,2026/2027,IF ELFSBORG,DJURGARDENS IF,88,2P,J. Rinne,,,IF ELFSBORG,Own Goal,1494138.0
22/04/2026,Allsvenskan Suecia,2026/2027,ORGRYTE IS,IF BROMMAPOJKARNA,39,1P,D. Isso,M. Hansen,,IF BROMMAPOJKARNA,Normal Goal,1494143.0
22/04/2026,Allsvenskan Suecia,2026/2027,ORGRYTE IS,IF BROMMAPOJKARNA,67,2P,C. Styffe,T. Sana,,ORGRYTE IS,Normal Goal,1494143.0
22/04/2026,Allsvenskan Suecia,2026/2027,ORGRYTE IS,IF BROMMAPOJKARNA,72,2P,L. Bjorklund,R. Orqvist,,IF BROMMAPOJKARNA,Normal Goal,1494143.0
22/04/2026,Allsvenskan Suecia,2026/2027,VASTERAS SK FK,BK HACKEN,4,1P,M. Ladefoged,I. Lushaku,,VASTERAS SK FK,Normal Goal,1494144.0
22/04/2026,Allsvenskan Suecia,2026/2027,VASTERAS SK FK,BK HACKEN,12,1P,J. Agbonifo,A. Svanback,,BK HACKEN,Normal Goal,1494144.0
22/04/2026,Allsvenskan Suecia,2026/2027,VASTERAS SK FK,BK HACKEN,45,1P,M. Ladefoged,A. Boudah,,VASTERAS SK FK,Normal Goal,1494144.0
22/04/2026,Allsvenskan Suecia,2026/2027,VASTERAS SK FK,BK HACKEN,58,2P,M. Ladefoged,J. Ring,,VASTERAS SK FK,Normal Goal,1494144.0
22/04/2026,Allsvenskan Suecia,2026/2027,VASTERAS SK FK,BK HACKEN,64,2P,A. Svanback,M. Rygaard,,BK HACKEN,Normal Goal,1494144.0
22/04/2026,Allsvenskan Suecia,2026/2027,VASTERAS SK FK,BK HACKEN,83,2P,F. Helander,A. Layouni,,BK HACKEN,Normal Goal,1494144.0
23/04/2026,Allsvenskan Suecia,2026/2027,KALMAR FF,IFK GOTEBORG,29,1P,C. Rosenqvist,R. Jansson,,KALMAR FF,Normal Goal,1494141.0
23/04/2026,Allsvenskan Suecia,2026/2027,KALMAR FF,IFK GOTEBORG,45,1P,T. Heintz,A. Bergmark-Wiberg,,IFK GOTEBORG,Normal Goal,1494141.0
23/04/2026,Allsvenskan Suecia,2026/2027,MALMO FF,SIRIUS,13,1P,M. Soumah,,,SIRIUS,Normal Goal,1494142.0
23/04/2026,Allsvenskan Suecia,2026/2027,MALMO FF,SIRIUS,55,2P,S. Haksabanovic,,,MALMO FF,Normal Goal,1494142.0
23/04/2026,Allsvenskan Suecia,2026/2027,MALMO FF,SIRIUS,60,2P,I. Bjerkebo,M. Lindberg,,SIRIUS,Normal Goal,1494142.0
23/04/2026,Allsvenskan Suecia,2026/2027,MALMO FF,SIRIUS,65,2P,R. Ure,N. Jonsson,,SIRIUS,Normal Goal,1494142.0
23/04/2026,Allsvenskan Suecia,2026/2027,MALMO FF,SIRIUS,77,2P,A. Skogmar,J. Stryger,,MALMO FF,Normal Goal,1494142.0
23/04/2026,Allsvenskan Suecia,2026/2027,DEGERFORS IF,AIK STOCKHOLM,15,1P,S. Wilson,,,DEGERFORS IF,Own Goal,1494137.0
23/04/2026,Allsvenskan Suecia,2026/2027,DEGERFORS IF,AIK STOCKHOLM,45,1P,J. Hove,E. Flataker,,AIK STOCKHOLM,Normal Goal,1494137.0
23/04/2026,Allsvenskan Suecia,2026/2027,DEGERFORS IF,AIK STOCKHOLM,85,2P,A. Taranis,D. Vukojevic,,DEGERFORS IF,Normal Goal,1494137.0
26/04/2026,Allsvenskan Suecia,2026/2027,DJURGARDENS IF,HAMMARBY FF,9,1P,K. Lien,H. Finndell,,DJURGARDENS IF,Normal Goal,1494147.0
26/04/2026,Allsvenskan Suecia,2026/2027,DJURGARDENS IF,HAMMARBY FF,64,2P,N. Besara,O. Johansson,,HAMMARBY FF,Normal Goal,1494147.0
26/04/2026,Allsvenskan Suecia,2026/2027,IFK GOTEBORG,GAIS,25,1P,R. Yeboah,D. Kruse,,IFK GOTEBORG,Normal Goal,1494148.0
26/04/2026,Allsvenskan Suecia,2026/2027,IFK GOTEBORG,GAIS,63,2P,M. Andersson,,,GAIS,Normal Goal,1494148.0
26/04/2026,Allsvenskan Suecia,2026/2027,IFK GOTEBORG,GAIS,69,2P,W. Milovanovic,J. Fagerjord,,GAIS,Normal Goal,1494148.0
26/04/2026,Allsvenskan Suecia,2026/2027,IFK GOTEBORG,GAIS,72,2P,D. Kruse,A. Bergmark-Wiberg,,IFK GOTEBORG,Normal Goal,1494148.0
26/04/2026,Allsvenskan Suecia,2026/2027,IF BROMMAPOJKARNA,VASTERAS SK FK,3,1P,P. Bonde,I. Lushaku,,VASTERAS SK FK,Normal Goal,1494146.0
26/04/2026,Allsvenskan Suecia,2026/2027,IF BROMMAPOJKARNA,VASTERAS SK FK,7,1P,O. Berg,,,IF BROMMAPOJKARNA,Normal Goal,1494146.0
26/04/2026,Allsvenskan Suecia,2026/2027,IF BROMMAPOJKARNA,VASTERAS SK FK,58,2P,P. Bonde,I. Lushaku,,VASTERAS SK FK,Normal Goal,1494146.0
26/04/2026,Allsvenskan Suecia,2026/2027,IF BROMMAPOJKARNA,VASTERAS SK FK,76,2P,Oliver Berg,,,IF BROMMAPOJKARNA,Missed Penalty,1494146.0
27/04/2026,Allsvenskan Suecia,2026/2027,BK HACKEN,SIRIUS,25,1P,M. Rygaard,A. Svanback,,BK HACKEN,Normal Goal,1494149.0
27/04/2026,Allsvenskan Suecia,2026/2027,BK HACKEN,SIRIUS,37,1P,G. Lindgren,B. Wembangomo,,BK HACKEN,Normal Goal,1494149.0
27/04/2026,Allsvenskan Suecia,2026/2027,BK HACKEN,SIRIUS,40,1P,R. Ure,,,SIRIUS,Normal Goal,1494149.0
27/04/2026,Allsvenskan Suecia,2026/2027,BK HACKEN,SIRIUS,86,2P,M. Soumah,N. Jonsson,,SIRIUS,Normal Goal,1494149.0
27/04/2026,Allsvenskan Suecia,2026/2027,KALMAR FF,IF ELFSBORG,5,1P,F. Ihler,T. Silverholt,,IF ELFSBORG,Normal Goal,1494150.0
27/04/2026,Allsvenskan Suecia,2026/2027,KALMAR FF,IF ELFSBORG,13,1P,C. Rosenqvist,C. Sagoe Jr,,KALMAR FF,Normal Goal,1494150.0
27/04/2026,Allsvenskan Suecia,2026/2027,KALMAR FF,IF ELFSBORG,57,2P,A. Olusanya,C. Sagoe Jr,,KALMAR FF,Normal Goal,1494150.0
27/04/2026,Allsvenskan Suecia,2026/2027,AIK STOCKHOLM,MALMO FF,25,1P,E. Botheim,S. Haksabanovic,,MALMO FF,Normal Goal,1494145.0
27/04/2026,Allsvenskan Suecia,2026/2027,ORGRYTE IS,DEGERFORS IF,68,2P,G. Yiriyon,N. Girmai,,DEGERFORS IF,Normal Goal,1494152.0
27/04/2026,Allsvenskan Suecia,2026/2027,ORGRYTE IS,DEGERFORS IF,85,2P,T. Sana,,,ORGRYTE IS,Penalty,1494152.0
27/04/2026,Allsvenskan Suecia,2026/2027,MJALLBY AIF,HALMSTAD,56,2P,J. Bergstrom,,,MJALLBY AIF,Normal Goal,1494151.0
27/04/2026,Allsvenskan Suecia,2026/2027,MJALLBY AIF,HALMSTAD,84,2P,V. Granath,O. Lindberg,,MJALLBY AIF,Normal Goal,1494151.0
02/05/2026,Allsvenskan Suecia,2026/2027,SIRIUS,KALMAR FF,38,1P,C. Rosenqvist,C. Sagoe Jr,,KALMAR FF,Normal Goal,1494160.0
02/05/2026,Allsvenskan Suecia,2026/2027,SIRIUS,KALMAR FF,45,1P,R. Jansson,C. Sagoe Jr,,KALMAR FF,Normal Goal,1494160.0
02/05/2026,Allsvenskan Suecia,2026/2027,SIRIUS,KALMAR FF,64,2P,V. Svensson,M. Lindberg,,SIRIUS,Normal Goal,1494160.0
02/05/2026,Allsvenskan Suecia,2026/2027,SIRIUS,KALMAR FF,74,2P,I. Bjerkebo,,,SIRIUS,Penalty,1494160.0
02/05/2026,Allsvenskan Suecia,2026/2027,SIRIUS,KALMAR FF,90,2P,O. Adindu,J. Persson,,SIRIUS,Normal Goal,1494160.0
02/05/2026,Allsvenskan Suecia,2026/2027,DEGERFORS IF,BK HACKEN,19,1P,S. Andersen,,,BK HACKEN,Penalty,1494153.0
02/05/2026,Allsvenskan Suecia,2026/2027,DEGERFORS IF,BK HACKEN,71,2P,A. Taranis,D. Sundgren,,DEGERFORS IF,Normal Goal,1494153.0
03/05/2026,Allsvenskan Suecia,2026/2027,HAMMARBY FF,VASTERAS SK FK,67,2P,V. Lind,H. Skoglund,,HAMMARBY FF,Normal Goal,1494158.0
03/05/2026,Allsvenskan Suecia,2026/2027,HAMMARBY FF,VASTERAS SK FK,73,2P,P. Abraham,I. Fofana,,HAMMARBY FF,Normal Goal,1494158.0
03/05/2026,Allsvenskan Suecia,2026/2027,HAMMARBY FF,VASTERAS SK FK,86,2P,M. Madjed,N. Persson,,HAMMARBY FF,Normal Goal,1494158.0
03/05/2026,Allsvenskan Suecia,2026/2027,MALMO FF,MJALLBY AIF,2,1P,J. Bergstrom,V. Granath,,MJALLBY AIF,Normal Goal,1494159.0
03/05/2026,Allsvenskan Suecia,2026/2027,MALMO FF,MJALLBY AIF,49,2P,E. Stroud,A. Manneh,,MJALLBY AIF,Normal Goal,1494159.0
03/05/2026,Allsvenskan Suecia,2026/2027,MALMO FF,MJALLBY AIF,57,2P,T. Ali,S. Haksabanovic,,MALMO FF,Normal Goal,1494159.0
03/05/2026,Allsvenskan Suecia,2026/2027,MALMO FF,MJALLBY AIF,70,2P,J. Bergstrom,J. Kjaer,,MJALLBY AIF,Normal Goal,1494159.0
03/05/2026,Allsvenskan Suecia,2026/2027,MALMO FF,MJALLBY AIF,81,2P,S. Haksabanovic,T. Ali,,MALMO FF,Normal Goal,1494159.0
03/05/2026,Allsvenskan Suecia,2026/2027,IF ELFSBORG,AIK STOCKHOLM,8,1P,A. Sigurpalsson,F. Ihler,,IF ELFSBORG,Normal Goal,1494155.0
03/05/2026,Allsvenskan Suecia,2026/2027,IF ELFSBORG,AIK STOCKHOLM,9,1P,Z. Yohanna,B. Celina,,AIK STOCKHOLM,Normal Goal,1494155.0
03/05/2026,Allsvenskan Suecia,2026/2027,GAIS,ORGRYTE IS,33,1P,M. Andersson,W. Milovanovic,,GAIS,Normal Goal,1494156.0
03/05/2026,Allsvenskan Suecia,2026/2027,GAIS,ORGRYTE IS,46,2P,S. Salter,M. Andersson,,GAIS,Normal Goal,1494156.0
03/05/2026,Allsvenskan Suecia,2026/2027,GAIS,ORGRYTE IS,52,2P,J. Fagerjord,,,GAIS,Penalty,1494156.0
03/05/2026,Allsvenskan Suecia,2026/2027,GAIS,ORGRYTE IS,90,2P,O. Pettersson,W. Milovanovic,,GAIS,Normal Goal,1494156.0
04/05/2026,Allsvenskan Suecia,2026/2027,DJURGARDENS IF,IFK GOTEBORG,15,1P,J. Okkels,B. Hegland,,DJURGARDENS IF,Normal Goal,1494154.0
04/05/2026,Allsvenskan Suecia,2026/2027,DJURGARDENS IF,IFK GOTEBORG,31,1P,P. Aslund,,,DJURGARDENS IF,Normal Goal,1494154.0
04/05/2026,Allsvenskan Suecia,2026/2027,DJURGARDENS IF,IFK GOTEBORG,34,1P,K. Lien,P. Johansson,,DJURGARDENS IF,Normal Goal,1494154.0
04/05/2026,Allsvenskan Suecia,2026/2027,DJURGARDENS IF,IFK GOTEBORG,62,2P,P. Aslund,B. Hegland,,DJURGARDENS IF,Normal Goal,1494154.0
04/05/2026,Allsvenskan Suecia,2026/2027,DJURGARDENS IF,IFK GOTEBORG,81,2P,J. Asoro,M. Anderson,,DJURGARDENS IF,Normal Goal,1494154.0
04/05/2026,Allsvenskan Suecia,2026/2027,DJURGARDENS IF,IFK GOTEBORG,90,2P,J. Asoro,B. Hegland,,DJURGARDENS IF,Normal Goal,1494154.0
04/05/2026,Allsvenskan Suecia,2026/2027,HALMSTAD,IF BROMMAPOJKARNA,59,2P,S. Oppong,D. Isso,,IF BROMMAPOJKARNA,Normal Goal,1494157.0
04/05/2026,Allsvenskan Suecia,2026/2027,HALMSTAD,IF BROMMAPOJKARNA,69,2P,K. Barslund,M. Hansen,,IF BROMMAPOJKARNA,Normal Goal,1494157.0
04/05/2026,Allsvenskan Suecia,2026/2027,HALMSTAD,IF BROMMAPOJKARNA,82,2P,M. Hansen,O. Berg,,IF BROMMAPOJKARNA,Normal Goal,1494157.0
04/05/2026,Allsvenskan Suecia,2026/2027,HALMSTAD,IF BROMMAPOJKARNA,90,2P,L. Cavallius,,,HALMSTAD,Own Goal,1494157.0
08/05/2026,Allsvenskan Suecia,2026/2027,IF ELFSBORG,IF BROMMAPOJKARNA,72,2P,L. Ostman,J. Magnusson,,IF ELFSBORG,Normal Goal,1494163.0
08/05/2026,Allsvenskan Suecia,2026/2027,IF ELFSBORG,IF BROMMAPOJKARNA,90,2P,L. Ostman,A. Zeneli,,IF ELFSBORG,Normal Goal,1494163.0
09/05/2026,Allsvenskan Suecia,2026/2027,IFK GOTEBORG,HAMMARBY FF,90,2P,V. Eriksson,O. Johansson,,HAMMARBY FF,Normal Goal,1494164.0
09/05/2026,Allsvenskan Suecia,2026/2027,DEGERFORS IF,MJALLBY AIF,4,1P,J. Kjaer,L. Thorell,,MJALLBY AIF,Normal Goal,1494162.0
09/05/2026,Allsvenskan Suecia,2026/2027,DEGERFORS IF,MJALLBY AIF,30,1P,T. Pettersson,A. Iqbal,,MJALLBY AIF,Normal Goal,1494162.0
09/05/2026,Allsvenskan Suecia,2026/2027,DEGERFORS IF,MJALLBY AIF,37,1P,A. Manneh,T. Miettinen,,MJALLBY AIF,Normal Goal,1494162.0
09/05/2026,Allsvenskan Suecia,2026/2027,DEGERFORS IF,MJALLBY AIF,51,2P,N. Moro,D. Sundgren,,DEGERFORS IF,Normal Goal,1494162.0
09/05/2026,Allsvenskan Suecia,2026/2027,DEGERFORS IF,MJALLBY AIF,84,2P,E. Stroud,J. Gustavsson,,MJALLBY AIF,Normal Goal,1494162.0
09/05/2026,Allsvenskan Suecia,2026/2027,VASTERAS SK FK,GAIS,56,2P,R. Thorkelsson,R. Niklasson,,GAIS,Normal Goal,1494168.0
10/05/2026,Allsvenskan Suecia,2026/2027,KALMAR FF,HALMSTAD,52,2P,C. Sagoe Jr,C. Rosenqvist,,KALMAR FF,Normal Goal,1494166.0
10/05/2026,Allsvenskan Suecia,2026/2027,KALMAR FF,HALMSTAD,60,2P,A. Olusanya,M. Soderback,,KALMAR FF,Normal Goal,1494166.0
10/05/2026,Allsvenskan Suecia,2026/2027,AIK STOCKHOLM,DJURGARDENS IF,10,1P,H. Finndell,,,DJURGARDENS IF,Normal Goal,1494161.0
10/05/2026,Allsvenskan Suecia,2026/2027,AIK STOCKHOLM,DJURGARDENS IF,16,1P,M. Tenho,B. Hegland,,DJURGARDENS IF,Normal Goal,1494161.0
10/05/2026,Allsvenskan Suecia,2026/2027,AIK STOCKHOLM,DJURGARDENS IF,22,1P,K. Filling,Z. Yohanna,,AIK STOCKHOLM,Normal Goal,1494161.0
10/05/2026,Allsvenskan Suecia,2026/2027,AIK STOCKHOLM,DJURGARDENS IF,45,1P,M. Marques,B. Hegland,,DJURGARDENS IF,Normal Goal,1494161.0
10/05/2026,Allsvenskan Suecia,2026/2027,AIK STOCKHOLM,DJURGARDENS IF,64,2P,D. Besirovic,A. Csongvai,,AIK STOCKHOLM,Normal Goal,1494161.0
10/05/2026,Allsvenskan Suecia,2026/2027,AIK STOCKHOLM,DJURGARDENS IF,86,2P,B. Hegland,K. Lien,,DJURGARDENS IF,Normal Goal,1494161.0
10/05/2026,Allsvenskan Suecia,2026/2027,BK HACKEN,MALMO FF,4,1P,G. Lindgren,A. Svanback,,BK HACKEN,Normal Goal,1494165.0
10/05/2026,Allsvenskan Suecia,2026/2027,BK HACKEN,MALMO FF,20,1P,J. Stryger,,,BK HACKEN,Own Goal,1494165.0
10/05/2026,Allsvenskan Suecia,2026/2027,BK HACKEN,MALMO FF,24,1P,Busanello,O. Rosengren,,MALMO FF,Normal Goal,1494165.0
10/05/2026,Allsvenskan Suecia,2026/2027,BK HACKEN,MALMO FF,37,1P,G. Lindgren,A. Lundkvist,,BK HACKEN,Normal Goal,1494165.0
10/05/2026,Allsvenskan Suecia,2026/2027,BK HACKEN,MALMO FF,39,1P,E. Botheim,S. Haksabanovic,,MALMO FF,Normal Goal,1494165.0
11/05/2026,Allsvenskan Suecia,2026/2027,SIRIUS,ORGRYTE IS,39,1P,I. Bjerkebo,,,SIRIUS,Normal Goal,1494167.0
11/05/2026,Allsvenskan Suecia,2026/2027,SIRIUS,ORGRYTE IS,73,2P,I. Bjerkebo,J. Persson,,SIRIUS,Normal Goal,1494167.0
16/05/2026,Allsvenskan Suecia,2026/2027,HALMSTAD,IF ELFSBORG,24,1P,H. Carneil,A. Boman,,HALMSTAD,Normal Goal,1494172.0
16/05/2026,Allsvenskan Suecia,2026/2027,HALMSTAD,IF ELFSBORG,81,2P,A. Zeneli,M. Kamara,,IF ELFSBORG,Normal Goal,1494172.0
16/05/2026,Allsvenskan Suecia,2026/2027,GAIS,DEGERFORS IF,13,1P,W. Milovanovic,M. de Brienne,,GAIS,Normal Goal,1494171.0
16/05/2026,Allsvenskan Suecia,2026/2027,GAIS,DEGERFORS IF,82,2P,E. Lindell,E. Barsoum,,DEGERFORS IF,Normal Goal,1494171.0
17/05/2026,Allsvenskan Suecia,2026/2027,HAMMARBY FF,MALMO FF,13,1P,N. Besara,,,HAMMARBY FF,Penalty,1494173.0
17/05/2026,Allsvenskan Suecia,2026/2027,HAMMARBY FF,MALMO FF,29,1P,N. Besara,P. Abraham,,HAMMARBY FF,Normal Goal,1494173.0
17/05/2026,Allsvenskan Suecia,2026/2027,HAMMARBY FF,MALMO FF,38,1P,K. Busuladzic,E. Botheim,,MALMO FF,Normal Goal,1494173.0
17/05/2026,Allsvenskan Suecia,2026/2027,HAMMARBY FF,MALMO FF,44,1P,N. Besara,,,HAMMARBY FF,Normal Goal,1494173.0
17/05/2026,Allsvenskan Suecia,2026/2027,HAMMARBY FF,MALMO FF,73,2P,V. Lind,N. Besara,,HAMMARBY FF,Normal Goal,1494173.0
17/05/2026,Allsvenskan Suecia,2026/2027,IF BROMMAPOJKARNA,KALMAR FF,25,1P,S. Oppong,O. Berg,,IF BROMMAPOJKARNA,Normal Goal,1494169.0
17/05/2026,Allsvenskan Suecia,2026/2027,MJALLBY AIF,BK HACKEN,75,2P,J. Lindberg,J. Agbonifo,,BK HACKEN,Normal Goal,1494174.0
17/05/2026,Allsvenskan Suecia,2026/2027,VASTERAS SK FK,AIK STOCKHOLM,45,1P,M. Baggesen,K. Gunnarsson,,VASTERAS SK FK,Normal Goal,1494176.0
17/05/2026,Allsvenskan Suecia,2026/2027,VASTERAS SK FK,AIK STOCKHOLM,45,1P,A. Csongvai,,,AIK STOCKHOLM,Normal Goal,1494176.0
18/05/2026,Allsvenskan Suecia,2026/2027,DJURGARDENS IF,SIRIUS,13,1P,M. Anderson,B. Hegland,,DJURGARDENS IF,Normal Goal,1494170.0
18/05/2026,Allsvenskan Suecia,2026/2027,DJURGARDENS IF,SIRIUS,38,1P,M. Lindberg,M. Heier,,SIRIUS,Normal Goal,1494170.0
18/05/2026,Allsvenskan Suecia,2026/2027,DJURGARDENS IF,SIRIUS,43,1P,R. Ure,I. Bjerkebo,,SIRIUS,Normal Goal,1494170.0
18/05/2026,Allsvenskan Suecia,2026/2027,DJURGARDENS IF,SIRIUS,51,2P,T. Anker,,,DJURGARDENS IF,Own Goal,1494170.0
18/05/2026,Allsvenskan Suecia,2026/2027,DJURGARDENS IF,SIRIUS,57,2P,N. Jonsson,R. Ure,,SIRIUS,Normal Goal,1494170.0
19/05/2026,Allsvenskan Suecia,2026/2027,ORGRYTE IS,IFK GOTEBORG,21,1P,A. Erlingmark,S. Clemmensen,,IFK GOTEBORG,Normal Goal,1494175.0
19/05/2026,Allsvenskan Suecia,2026/2027,ORGRYTE IS,IFK GOTEBORG,28,1P,B. Brantlind,S. Clemmensen,,IFK GOTEBORG,Normal Goal,1494175.0
19/05/2026,Allsvenskan Suecia,2026/2027,ORGRYTE IS,IFK GOTEBORG,37,1P,W. Hofvander,T. Sana,,ORGRYTE IS,Normal Goal,1494175.0
19/05/2026,Allsvenskan Suecia,2026/2027,ORGRYTE IS,IFK GOTEBORG,87,2P,D. Paulson,T. Sana,,ORGRYTE IS,Normal Goal,1494175.0
19/05/2026,Allsvenskan Suecia,2026/2027,ORGRYTE IS,IFK GOTEBORG,90,2P,F. Eriksson,M. Fenger,,IFK GOTEBORG,Normal Goal,1494175.0
20/05/2026,Allsvenskan Suecia,2026/2027,GAIS,HAMMARBY FF,26,1P,R. Niklasson,,,GAIS,Normal Goal,1494229.0
20/05/2026,Allsvenskan Suecia,2026/2027,GAIS,HAMMARBY FF,81,2P,S. Salter,,,GAIS,Normal Goal,1494229.0
21/05/2026,Allsvenskan Suecia,2026/2027,IF ELFSBORG,MJALLBY AIF,7,1P,L. Ostman,S. Hedlund,,IF ELFSBORG,Normal Goal,1494228.0
21/05/2026,Allsvenskan Suecia,2026/2027,IF ELFSBORG,MJALLBY AIF,49,2P,J. Kjaer,L. Thorell,,MJALLBY AIF,Normal Goal,1494228.0
22/05/2026,Allsvenskan Suecia,2026/2027,DJURGARDENS IF,IF BROMMAPOJKARNA,24,1P,M. Hansen,O. Berg,,IF BROMMAPOJKARNA,Normal Goal,1494177.0
22/05/2026,Allsvenskan Suecia,2026/2027,DJURGARDENS IF,IF BROMMAPOJKARNA,28,1P,M. Anderson,A. Stahl,,DJURGARDENS IF,Normal Goal,1494177.0
22/05/2026,Allsvenskan Suecia,2026/2027,DJURGARDENS IF,IF BROMMAPOJKARNA,63,2P,S. Strand,,,IF BROMMAPOJKARNA,Normal Goal,1494177.0
23/05/2026,Allsvenskan Suecia,2026/2027,KALMAR FF,DEGERFORS IF,43,1P,R. Jansson,C. Sagoe Jr,,KALMAR FF,Normal Goal,1494182.0
23/05/2026,Allsvenskan Suecia,2026/2027,KALMAR FF,DEGERFORS IF,67,2P,C. Rosenqvist,R. Jansson,,KALMAR FF,Normal Goal,1494182.0
23/05/2026,Allsvenskan Suecia,2026/2027,KALMAR FF,DEGERFORS IF,90,2P,J. Pikkarainen,D. Sundgren,,DEGERFORS IF,Normal Goal,1494182.0
23/05/2026,Allsvenskan Suecia,2026/2027,HALMSTAD,ORGRYTE IS,32,1P,R. Ascone,,,HALMSTAD,Normal Goal,1494180.0
23/05/2026,Allsvenskan Suecia,2026/2027,HALMSTAD,ORGRYTE IS,54,2P,L. Arvidsson,H. Carneil,,HALMSTAD,Normal Goal,1494180.0
24/05/2026,Allsvenskan Suecia,2026/2027,HAMMARBY FF,AIK STOCKHOLM,48,2P,I. Fofana,,,HAMMARBY FF,Normal Goal,1494181.0
24/05/2026,Allsvenskan Suecia,2026/2027,HAMMARBY FF,AIK STOCKHOLM,58,2P,J. Hove,,,AIK STOCKHOLM,Normal Goal,1494181.0
24/05/2026,Allsvenskan Suecia,2026/2027,HAMMARBY FF,AIK STOCKHOLM,84,2P,B. Celina,S. Wilson,,AIK STOCKHOLM,Normal Goal,1494181.0
24/05/2026,Allsvenskan Suecia,2026/2027,SIRIUS,GAIS,6,1P,I. Bjerkebo,,,SIRIUS,Normal Goal,1494184.0
24/05/2026,Allsvenskan Suecia,2026/2027,SIRIUS,GAIS,16,1P,R. Niklasson,S. Salter,,GAIS,Normal Goal,1494184.0
24/05/2026,Allsvenskan Suecia,2026/2027,SIRIUS,GAIS,44,1P,V. Ekstrom,V. Svensson,,SIRIUS,Normal Goal,1494184.0
24/05/2026,Allsvenskan Suecia,2026/2027,MALMO FF,VASTERAS SK FK,15,1P,A. Skogmar,T. Lundbergh,,MALMO FF,Normal Goal,1494183.0
24/05/2026,Allsvenskan Suecia,2026/2027,MALMO FF,VASTERAS SK FK,36,1P,J. Magnusson,S. Gefvert,,VASTERAS SK FK,Normal Goal,1494183.0
24/05/2026,Allsvenskan Suecia,2026/2027,MALMO FF,VASTERAS SK FK,45,1P,H. Magnusson,,,VASTERAS SK FK,Normal Goal,1494183.0
24/05/2026,Allsvenskan Suecia,2026/2027,MALMO FF,VASTERAS SK FK,74,2P,E. Botheim,D. T. Gudjohnsen,,MALMO FF,Normal Goal,1494183.0
24/05/2026,Allsvenskan Suecia,2026/2027,MALMO FF,VASTERAS SK FK,90,2P,M. Ladefoged,S. Gefvert,,VASTERAS SK FK,Normal Goal,1494183.0
25/05/2026,Allsvenskan Suecia,2026/2027,IFK GOTEBORG,MJALLBY AIF,51,2P,S. Clemmensen,,,IFK GOTEBORG,Normal Goal,1494179.0
25/05/2026,Allsvenskan Suecia,2026/2027,IFK GOTEBORG,MJALLBY AIF,58,2P,J. Bergstrom,,,MJALLBY AIF,Penalty,1494179.0
25/05/2026,Allsvenskan Suecia,2026/2027,IF ELFSBORG,BK HACKEN,42,1P,S. Andersen,A. Layouni,,BK HACKEN,Normal Goal,1494178.0
25/05/2026,Allsvenskan Suecia,2026/2027,IF ELFSBORG,BK HACKEN,67,2P,L. Ostman,,,IF ELFSBORG,Normal Goal,1494178.0
29/05/2026,Allsvenskan Suecia,2026/2027,ORGRYTE IS,IF ELFSBORG,37,1P,A. Zeneli,,,IF ELFSBORG,Penalty,1494191.0
29/05/2026,Allsvenskan Suecia,2026/2027,ORGRYTE IS,IF ELFSBORG,67,2P,A. Zeneli,J. Beck,,IF ELFSBORG,Normal Goal,1494191.0
29/05/2026,Allsvenskan Suecia,2026/2027,ORGRYTE IS,IF ELFSBORG,70,2P,N. Christoffersson,C. Styffe,,ORGRYTE IS,Normal Goal,1494191.0
29/05/2026,Allsvenskan Suecia,2026/2027,ORGRYTE IS,IF ELFSBORG,77,2P,N. Christoffersson,W. Hofvander,,ORGRYTE IS,Normal Goal,1494191.0
30/05/2026,Allsvenskan Suecia,2026/2027,MALMO FF,HALMSTAD,4,1P,A. Skogmar,,,MALMO FF,Normal Goal,1494189.0
30/05/2026,Allsvenskan Suecia,2026/2027,MALMO FF,HALMSTAD,7,1P,O. Faraj,R. Kaib,,HALMSTAD,Normal Goal,1494189.0
30/05/2026,Allsvenskan Suecia,2026/2027,MALMO FF,HALMSTAD,26,1P,O. Faraj,M. Illary,,HALMSTAD,Normal Goal,1494189.0
30/05/2026,Allsvenskan Suecia,2026/2027,MALMO FF,HALMSTAD,30,1P,K. Busuladzic,,,MALMO FF,Normal Goal,1494189.0
30/05/2026,Allsvenskan Suecia,2026/2027,MALMO FF,HALMSTAD,60,2P,E. Botheim,S. Haksabanovic,,MALMO FF,Normal Goal,1494189.0
30/05/2026,Allsvenskan Suecia,2026/2027,MALMO FF,HALMSTAD,62,2P,E. Botheim,K. Busuladzic,,MALMO FF,Normal Goal,1494189.0
30/05/2026,Allsvenskan Suecia,2026/2027,MALMO FF,HALMSTAD,68,2P,E. Botheim,,,MALMO FF,Normal Goal,1494189.0
30/05/2026,Allsvenskan Suecia,2026/2027,AIK STOCKHOLM,SIRIUS,19,1P,R. Ure,V. Svensson,,SIRIUS,Normal Goal,1494185.0
30/05/2026,Allsvenskan Suecia,2026/2027,AIK STOCKHOLM,SIRIUS,37,1P,R. Ure,O. Krusnell,,SIRIUS,Normal Goal,1494185.0
30/05/2026,Allsvenskan Suecia,2026/2027,AIK STOCKHOLM,SIRIUS,90,2P,H. Castegren,,,SIRIUS,Normal Goal,1494185.0
30/05/2026,Allsvenskan Suecia,2026/2027,GAIS,KALMAR FF,6,1P,S. Salter,W. Milovanovic,,GAIS,Normal Goal,1494187.0
30/05/2026,Allsvenskan Suecia,2026/2027,GAIS,KALMAR FF,81,2P,M. Hallberg,,,GAIS,Own Goal,1494187.0
30/05/2026,Allsvenskan Suecia,2026/2027,GAIS,KALMAR FF,84,2P,A. Cardaklija,J. Lindberg,,GAIS,Normal Goal,1494187.0
31/05/2026,Allsvenskan Suecia,2026/2027,BK HACKEN,HAMMARBY FF,9,1P,V. Lind,P. Abraham,,HAMMARBY FF,Normal Goal,1494188.0
31/05/2026,Allsvenskan Suecia,2026/2027,BK HACKEN,HAMMARBY FF,39,1P,V. Lind,,,HAMMARBY FF,Normal Goal,1494188.0
31/05/2026,Allsvenskan Suecia,2026/2027,BK HACKEN,HAMMARBY FF,47,2P,A. Layouni,,,BK HACKEN,Penalty,1494188.0
31/05/2026,Allsvenskan Suecia,2026/2027,BK HACKEN,HAMMARBY FF,55,2P,S. Andersen,A. Lundkvist,,BK HACKEN,Normal Goal,1494188.0
31/05/2026,Allsvenskan Suecia,2026/2027,BK HACKEN,HAMMARBY FF,79,2P,A. Svanback,J. Lindberg,,BK HACKEN,Normal Goal,1494188.0
31/05/2026,Allsvenskan Suecia,2026/2027,DEGERFORS IF,IF BROMMAPOJKARNA,2,1P,M. Hansen,S. Oppong,,IF BROMMAPOJKARNA,Normal Goal,1494186.0
31/05/2026,Allsvenskan Suecia,2026/2027,DEGERFORS IF,IF BROMMAPOJKARNA,51,2P,S. Strand,O. Berg,,IF BROMMAPOJKARNA,Normal Goal,1494186.0
31/05/2026,Allsvenskan Suecia,2026/2027,DEGERFORS IF,IF BROMMAPOJKARNA,55,2P,S. Strand,,,DEGERFORS IF,Own Goal,1494186.0
31/05/2026,Allsvenskan Suecia,2026/2027,DEGERFORS IF,IF BROMMAPOJKARNA,63,2P,M. Rafferty,,,DEGERFORS IF,Normal Goal,1494186.0
31/05/2026,Allsvenskan Suecia,2026/2027,VASTERAS SK FK,IFK GOTEBORG,1,1P,T. Heintz,N. Tolf,,IFK GOTEBORG,Normal Goal,1494192.0
31/05/2026,Allsvenskan Suecia,2026/2027,VASTERAS SK FK,IFK GOTEBORG,8,1P,T. Heintz,S. Clemmensen,,IFK GOTEBORG,Normal Goal,1494192.0
31/05/2026,Allsvenskan Suecia,2026/2027,VASTERAS SK FK,IFK GOTEBORG,9,1P,A. Bergmark-Wiberg,R. Yeboah,,IFK GOTEBORG,Normal Goal,1494192.0
31/05/2026,Allsvenskan Suecia,2026/2027,VASTERAS SK FK,IFK GOTEBORG,27,1P,K. Gunnarsson,S. Gefvert,,VASTERAS SK FK,Normal Goal,1494192.0
31/05/2026,Allsvenskan Suecia,2026/2027,VASTERAS SK FK,IFK GOTEBORG,30,1P,M. Ladefoged,M. Baggesen,,VASTERAS SK FK,Normal Goal,1494192.0
31/05/2026,Allsvenskan Suecia,2026/2027,VASTERAS SK FK,IFK GOTEBORG,37,1P,T. Heintz,A. Bergmark-Wiberg,,IFK GOTEBORG,Normal Goal,1494192.0
31/05/2026,Allsvenskan Suecia,2026/2027,VASTERAS SK FK,IFK GOTEBORG,53,2P,T. Axel,K. Gunnarsson,,VASTERAS SK FK,Normal Goal,1494192.0
31/05/2026,Allsvenskan Suecia,2026/2027,VASTERAS SK FK,IFK GOTEBORG,66,2P,T. Axel,J. Magnusson,,VASTERAS SK FK,Normal Goal,1494192.0
31/05/2026,Allsvenskan Suecia,2026/2027,VASTERAS SK FK,IFK GOTEBORG,79,2P,T. Heintz,,,IFK GOTEBORG,Normal Goal,1494192.0
03/07/2026,Allsvenskan Suecia,2026/2027,SIRIUS,MJALLBY AIF,14,1P,R. Ure,M. Lindberg,,SIRIUS,Normal Goal,1494200.0
03/07/2026,Allsvenskan Suecia,2026/2027,SIRIUS,MJALLBY AIF,46,2P,R. Ure,I. Bjerkebo,,SIRIUS,Normal Goal,1494200.0
03/07/2026,Allsvenskan Suecia,2026/2027,SIRIUS,MJALLBY AIF,50,2P,R. Ure,O. Adindu,,SIRIUS,Normal Goal,1494200.0
03/07/2026,Allsvenskan Suecia,2026/2027,SIRIUS,MJALLBY AIF,56,2P,A. Samuelsen,A. Manneh,,MJALLBY AIF,Normal Goal,1494200.0
03/07/2026,Allsvenskan Suecia,2026/2027,SIRIUS,MJALLBY AIF,65,2P,A. Samuelsen,M. Nielsen,,MJALLBY AIF,Normal Goal,1494200.0
03/07/2026,Allsvenskan Suecia,2026/2027,SIRIUS,MJALLBY AIF,69,2P,R. Ure,O. Adindu,,SIRIUS,Normal Goal,1494200.0
03/07/2026,Allsvenskan Suecia,2026/2027,SIRIUS,MJALLBY AIF,81,2P,L. Svanberg,,,MJALLBY AIF,Normal Goal,1494200.0
03/07/2026,Allsvenskan Suecia,2026/2027,SIRIUS,MJALLBY AIF,90,2P,T. Pettersson,T. Miettinen,,MJALLBY AIF,Normal Goal,1494200.0
04/07/2026,Allsvenskan Suecia,2026/2027,HALMSTAD,VASTERAS SK FK,1,1P,H. Carneil,J. Allansson,,HALMSTAD,Normal Goal,1494198.0
04/07/2026,Allsvenskan Suecia,2026/2027,HALMSTAD,VASTERAS SK FK,4,1P,M. Ladefoged,I. Lushaku,,VASTERAS SK FK,Normal Goal,1494198.0
04/07/2026,Allsvenskan Suecia,2026/2027,HALMSTAD,VASTERAS SK FK,26,1P,T. Axel,M. Ladefoged,,VASTERAS SK FK,Normal Goal,1494198.0
04/07/2026,Allsvenskan Suecia,2026/2027,HALMSTAD,VASTERAS SK FK,63,2P,T. Axel,M. Ladefoged,,VASTERAS SK FK,Normal Goal,1494198.0
04/07/2026,Allsvenskan Suecia,2026/2027,HALMSTAD,VASTERAS SK FK,67,2P,Mikkel Ladefoged,,,VASTERAS SK FK,Missed Penalty,1494198.0
04/07/2026,Allsvenskan Suecia,2026/2027,DEGERFORS IF,MALMO FF,52,2P,E. Botheim,K. Busuladzic,,MALMO FF,Normal Goal,1494194.0
05/07/2026,Allsvenskan Suecia,2026/2027,IFK GOTEBORG,AIK STOCKHOLM,30,1P,S. Clemmensen,F. Eriksson,,IFK GOTEBORG,Normal Goal,1494196.0
05/07/2026,Allsvenskan Suecia,2026/2027,IFK GOTEBORG,AIK STOCKHOLM,34,1P,J. Hove,T. Ayari,,AIK STOCKHOLM,Normal Goal,1494196.0
05/07/2026,Allsvenskan Suecia,2026/2027,IFK GOTEBORG,AIK STOCKHOLM,76,2P,A. Kouame,T. Ayari,,AIK STOCKHOLM,Normal Goal,1494196.0
05/07/2026,Allsvenskan Suecia,2026/2027,KALMAR FF,ORGRYTE IS,3,1P,C. Gustafsson,C. Sagoe Jr,,KALMAR FF,Normal Goal,1494199.0
05/07/2026,Allsvenskan Suecia,2026/2027,KALMAR FF,ORGRYTE IS,47,2P,A. Magashy,C. Sagoe Jr,,KALMAR FF,Normal Goal,1494199.0
05/07/2026,Allsvenskan Suecia,2026/2027,KALMAR FF,ORGRYTE IS,84,2P,R. Jansson,M. Soderback,,KALMAR FF,Normal Goal,1494199.0
05/07/2026,Allsvenskan Suecia,2026/2027,IF ELFSBORG,HAMMARBY FF,50,2P,P. Abraham,V. Lind,,HAMMARBY FF,Normal Goal,1494195.0
05/07/2026,Allsvenskan Suecia,2026/2027,IF ELFSBORG,HAMMARBY FF,74,2P,M. Madjed,,,HAMMARBY FF,Normal Goal,1494195.0
05/07/2026,Allsvenskan Suecia,2026/2027,IF ELFSBORG,HAMMARBY FF,77,2P,A. Sigurpalsson,J. Magnusson,,IF ELFSBORG,Normal Goal,1494195.0
06/07/2026,Allsvenskan Suecia,2026/2027,BK HACKEN,DJURGARDENS IF,4,1P,O. Fallenius,,,DJURGARDENS IF,Normal Goal,1494197.0
06/07/2026,Allsvenskan Suecia,2026/2027,BK HACKEN,DJURGARDENS IF,29,1P,J. Lindberg,A. Svanback,,BK HACKEN,Normal Goal,1494197.0
06/07/2026,Allsvenskan Suecia,2026/2027,BK HACKEN,DJURGARDENS IF,41,1P,K. Lien,M. Larsson,,DJURGARDENS IF,Normal Goal,1494197.0
06/07/2026,Allsvenskan Suecia,2026/2027,BK HACKEN,DJURGARDENS IF,73,2P,K. Lien,,,DJURGARDENS IF,Normal Goal,1494197.0
06/07/2026,Allsvenskan Suecia,2026/2027,BK HACKEN,DJURGARDENS IF,83,2P,B. Sadiku,,,BK HACKEN,Normal Goal,1494197.0
06/07/2026,Allsvenskan Suecia,2026/2027,BK HACKEN,DJURGARDENS IF,86,2P,N. Zugelj,B. Hegland,,DJURGARDENS IF,Normal Goal,1494197.0
06/07/2026,Allsvenskan Suecia,2026/2027,IF BROMMAPOJKARNA,GAIS,20,1P,O. Berg,M. Hansen,,IF BROMMAPOJKARNA,Normal Goal,1494193.0
06/07/2026,Allsvenskan Suecia,2026/2027,IF BROMMAPOJKARNA,GAIS,36,1P,H. Sletsjoe,,,GAIS,Normal Goal,1494193.0
11/07/2026,Allsvenskan Suecia,2026/2027,MJALLBY AIF,AIK STOCKHOLM,74,2P,V. Andersson,A. Kouame,,AIK STOCKHOLM,Normal Goal,1494206.0
11/07/2026,Allsvenskan Suecia,2026/2027,MJALLBY AIF,AIK STOCKHOLM,90,2P,A. Helm,V. Andersson,,AIK STOCKHOLM,Normal Goal,1494206.0
11/07/2026,Allsvenskan Suecia,2026/2027,MJALLBY AIF,AIK STOCKHOLM,90,2P,A. Youssef,,,MJALLBY AIF,Normal Goal,1494206.0
11/07/2026,Allsvenskan Suecia,2026/2027,ORGRYTE IS,BK HACKEN,5,1P,A. Andersson,O. Parker-Price,,ORGRYTE IS,Normal Goal,1494207.0
11/07/2026,Allsvenskan Suecia,2026/2027,ORGRYTE IS,BK HACKEN,12,1P,J. Lindberg,A. Lundkvist,,BK HACKEN,Normal Goal,1494207.0
11/07/2026,Allsvenskan Suecia,2026/2027,ORGRYTE IS,BK HACKEN,41,1P,A. Svanback,J. Lindberg,,BK HACKEN,Normal Goal,1494207.0
11/07/2026,Allsvenskan Suecia,2026/2027,ORGRYTE IS,BK HACKEN,70,2P,N. Christoffersson,J. Tibbling,,ORGRYTE IS,Normal Goal,1494207.0
11/07/2026,Allsvenskan Suecia,2026/2027,ORGRYTE IS,BK HACKEN,75,2P,J. Tibbling,A. Andersson,,ORGRYTE IS,Normal Goal,1494207.0
11/07/2026,Allsvenskan Suecia,2026/2027,ORGRYTE IS,BK HACKEN,77,2P,A. Doumbia,J. Lindberg,,BK HACKEN,Normal Goal,1494207.0
11/07/2026,Allsvenskan Suecia,2026/2027,ORGRYTE IS,BK HACKEN,87,2P,N. Christoffersson,O. Parker-Price,,ORGRYTE IS,Normal Goal,1494207.0
12/07/2026,Allsvenskan Suecia,2026/2027,HAMMARBY FF,KALMAR FF,10,1P,P. Abraham,,,HAMMARBY FF,Normal Goal,1494204.0
12/07/2026,Allsvenskan Suecia,2026/2027,HAMMARBY FF,KALMAR FF,51,2P,A. Keita,,,HAMMARBY FF,Own Goal,1494204.0
12/07/2026,Allsvenskan Suecia,2026/2027,MALMO FF,IFK GOTEBORG,9,1P,A. Djuric,O. Rosengren,,MALMO FF,Normal Goal,1494205.0
12/07/2026,Allsvenskan Suecia,2026/2027,MALMO FF,IFK GOTEBORG,23,1P,E. Botheim,,,MALMO FF,Normal Goal,1494205.0
12/07/2026,Allsvenskan Suecia,2026/2027,MALMO FF,IFK GOTEBORG,45,1P,E. Botheim,O. Sjostrand,,MALMO FF,Normal Goal,1494205.0
12/07/2026,Allsvenskan Suecia,2026/2027,MALMO FF,IFK GOTEBORG,48,2P,A. Hoog,E. Botheim,,MALMO FF,Normal Goal,1494205.0
12/07/2026,Allsvenskan Suecia,2026/2027,VASTERAS SK FK,DEGERFORS IF,8,1P,M. Ladefoged,,,VASTERAS SK FK,Penalty,1494208.0
12/07/2026,Allsvenskan Suecia,2026/2027,VASTERAS SK FK,DEGERFORS IF,54,2P,K. Gunnarsson,M. Baggesen,,VASTERAS SK FK,Normal Goal,1494208.0
12/07/2026,Allsvenskan Suecia,2026/2027,IF BROMMAPOJKARNA,SIRIUS,18,1P,I. Bjerkebo,,,SIRIUS,Normal Goal,1494201.0
12/07/2026,Allsvenskan Suecia,2026/2027,IF BROMMAPOJKARNA,SIRIUS,40,1P,R. Ure,O. Krusnell,,SIRIUS,Normal Goal,1494201.0
12/07/2026,Allsvenskan Suecia,2026/2027,IF BROMMAPOJKARNA,SIRIUS,47,2P,A. Troelsen,M. Hansen,,IF BROMMAPOJKARNA,Normal Goal,1494201.0
12/07/2026,Allsvenskan Suecia,2026/2027,GAIS,IF ELFSBORG,51,2P,R. Thorkelsson,R. Niklasson,,GAIS,Normal Goal,1494203.0
13/07/2026,Allsvenskan Suecia,2026/2027,DJURGARDENS IF,HALMSTAD,28,1P,B. Hegland,,,DJURGARDENS IF,Normal Goal,1494202.0
13/07/2026,Allsvenskan Suecia,2026/2027,DJURGARDENS IF,HALMSTAD,45,1P,B. Hegland,P. Johansson,,DJURGARDENS IF,Normal Goal,1494202.0
13/07/2026,Allsvenskan Suecia,2026/2027,DJURGARDENS IF,HALMSTAD,57,2P,K. Lien,O. Fallenius,,DJURGARDENS IF,Normal Goal,1494202.0
17/07/2026,Allsvenskan Suecia,2026/2027,IFK GOTEBORG,IF BROMMAPOJKARNA,54,2P,R. Yeboah,T. Heintz,,IFK GOTEBORG,Normal Goal,1494211.0
17/07/2026,Allsvenskan Suecia,2026/2027,IFK GOTEBORG,IF BROMMAPOJKARNA,67,2P,O. Berg,O. Cotton,,IF BROMMAPOJKARNA,Normal Goal,1494211.0
17/07/2026,Allsvenskan Suecia,2026/2027,IFK GOTEBORG,IF BROMMAPOJKARNA,79,2P,S. Clemmensen,,,IFK GOTEBORG,Normal Goal,1494211.0
18/07/2026,Allsvenskan Suecia,2026/2027,AIK STOCKHOLM,GAIS,49,2P,T. Ayari,K. Filling,,AIK STOCKHOLM,Normal Goal,1494209.0
18/07/2026,Allsvenskan Suecia,2026/2027,AIK STOCKHOLM,GAIS,58,2P,K. Filling,L. Bergquist,,AIK STOCKHOLM,Normal Goal,1494209.0
19/07/2026,Allsvenskan Suecia,2026/2027,HAMMARBY FF,DEGERFORS IF,40,1P,P. Abraham,,,HAMMARBY FF,Normal Goal,1494213.0
19/07/2026,Allsvenskan Suecia,2026/2027,HAMMARBY FF,DEGERFORS IF,69,2P,M. Madjed,V. Lind,,HAMMARBY FF,Normal Goal,1494213.0
19/07/2026,Allsvenskan Suecia,2026/2027,HAMMARBY FF,DEGERFORS IF,73,2P,T. Tekie,M. Karlsson,,HAMMARBY FF,Normal Goal,1494213.0
19/07/2026,Allsvenskan Suecia,2026/2027,HAMMARBY FF,DEGERFORS IF,75,2P,M. Madjed,P. Abraham,,HAMMARBY FF,Normal Goal,1494213.0
19/07/2026,Allsvenskan Suecia,2026/2027,IF ELFSBORG,SIRIUS,21,1P,Isak Bjerkebo,,,SIRIUS,Missed Penalty,1494210.0
19/07/2026,Allsvenskan Suecia,2026/2027,IF ELFSBORG,SIRIUS,82,2P,M. Soumah,I. Bjerkebo,,SIRIUS,Normal Goal,1494210.0
19/07/2026,Allsvenskan Suecia,2026/2027,IF ELFSBORG,SIRIUS,84,2P,R. Ure,,,SIRIUS,Normal Goal,1494210.0
19/07/2026,Allsvenskan Suecia,2026/2027,IF ELFSBORG,SIRIUS,88,2P,O. Krusnell,,,IF ELFSBORG,Own Goal,1494210.0
19/07/2026,Allsvenskan Suecia,2026/2027,IF ELFSBORG,SIRIUS,90,2P,R. Ure,,,SIRIUS,Normal Goal,1494210.0
19/07/2026,Allsvenskan Suecia,2026/2027,HALMSTAD,BK HACKEN,50,2P,G. Lindgren,M. Rygaard,,BK HACKEN,Normal Goal,1494212.0
19/07/2026,Allsvenskan Suecia,2026/2027,HALMSTAD,BK HACKEN,57,2P,G. Lindgren,B. Wembangomo,,BK HACKEN,Normal Goal,1494212.0
20/07/2026,Allsvenskan Suecia,2026/2027,KALMAR FF,MALMO FF,13,1P,C. Gustafsson,C. Sagoe Jr,,KALMAR FF,Normal Goal,1494214.0
20/07/2026,Allsvenskan Suecia,2026/2027,KALMAR FF,MALMO FF,29,1P,L. Saetra,,,MALMO FF,Own Goal,1494214.0
20/07/2026,Allsvenskan Suecia,2026/2027,KALMAR FF,MALMO FF,33,1P,C. Rosenqvist,R. Gojani,,KALMAR FF,Normal Goal,1494214.0
20/07/2026,Allsvenskan Suecia,2026/2027,KALMAR FF,MALMO FF,64,2P,A. Skogmar,S. Haksabanovic,,MALMO FF,Normal Goal,1494214.0
24/07/2026,Allsvenskan Suecia,2026/2027,VASTERAS SK FK,ORGRYTE IS,13,1P,T. Axel,,,VASTERAS SK FK,Normal Goal,1494224.0
24/07/2026,Allsvenskan Suecia,2026/2027,VASTERAS SK FK,ORGRYTE IS,59,2P,T. Axel,K. Gunnarsson,,VASTERAS SK FK,Normal Goal,1494224.0
25/07/2026,Allsvenskan Suecia,2026/2027,DEGERFORS IF,DJURGARDENS IF,43,1P,B. Hegland,K. Lien,,DJURGARDENS IF,Normal Goal,1494218.0
25/07/2026,Allsvenskan Suecia,2026/2027,KALMAR FF,MJALLBY AIF,3,1P,E. Stroud,V. Granath,,MJALLBY AIF,Normal Goal,1494221.0
25/07/2026,Allsvenskan Suecia,2026/2027,KALMAR FF,MJALLBY AIF,17,1P,A. Keita,M. Hallberg,,KALMAR FF,Normal Goal,1494221.0
25/07/2026,Allsvenskan Suecia,2026/2027,KALMAR FF,MJALLBY AIF,69,2P,C. Sagoe Jr,,,KALMAR FF,Normal Goal,1494221.0
26/07/2026,Allsvenskan Suecia,2026/2027,SIRIUS,IFK GOTEBORG,6,1P,M. Soumah,,,SIRIUS,Normal Goal,1494223.0
26/07/2026,Allsvenskan Suecia,2026/2027,SIRIUS,IFK GOTEBORG,23,1P,R. Ure,,,SIRIUS,Normal Goal,1494223.0
26/07/2026,Allsvenskan Suecia,2026/2027,SIRIUS,IFK GOTEBORG,45,1P,S. Larsson,,,IFK GOTEBORG,Penalty,1494223.0
26/07/2026,Allsvenskan Suecia,2026/2027,SIRIUS,IFK GOTEBORG,71,2P,M. Lindberg,I. Bjerkebo,,SIRIUS,Normal Goal,1494223.0
26/07/2026,Allsvenskan Suecia,2026/2027,SIRIUS,IFK GOTEBORG,83,2P,A. Ljungberg,,,SIRIUS,Normal Goal,1494223.0
26/07/2026,Allsvenskan Suecia,2026/2027,IF BROMMAPOJKARNA,HAMMARBY FF,79,2P,V. Lind,,,HAMMARBY FF,Normal Goal,1494217.0
26/07/2026,Allsvenskan Suecia,2026/2027,IF BROMMAPOJKARNA,HAMMARBY FF,90,2P,A. Troelsen,A. Kurochkin,,IF BROMMAPOJKARNA,Normal Goal,1494217.0
26/07/2026,Allsvenskan Suecia,2026/2027,MALMO FF,IF ELFSBORG,5,1P,A. Zeneli,J. Magnusson,,IF ELFSBORG,Normal Goal,1494222.0
26/07/2026,Allsvenskan Suecia,2026/2027,MALMO FF,IF ELFSBORG,22,1P,J. Stryger,N. John,,MALMO FF,Normal Goal,1494222.0
26/07/2026,Allsvenskan Suecia,2026/2027,MALMO FF,IF ELFSBORG,34,1P,M. Kamara,A. Zeneli,,IF ELFSBORG,Normal Goal,1494222.0
26/07/2026,Allsvenskan Suecia,2026/2027,GAIS,HALMSTAD,52,2P,H. Sletsjoe,,,GAIS,Normal Goal,1494219.0
26/07/2026,Allsvenskan Suecia,2026/2027,GAIS,HALMSTAD,90,2P,R. Ascone,,,HALMSTAD,Penalty,1494219.0
01/08/2026,Allsvenskan Suecia,2026/2027,BK HACKEN,KALMAR FF,12,1P,A. Keita,,,KALMAR FF,Normal Goal,1494231.0
01/08/2026,Allsvenskan Suecia,2026/2027,BK HACKEN,KALMAR FF,24,1P,H. Hilvenius,M. Rygaard,,BK HACKEN,Normal Goal,1494231.0
02/08/2026,Allsvenskan Suecia,2026/2027,IFK GOTEBORG,DEGERFORS IF,25,1P,S. Larsson,,,IFK GOTEBORG,Penalty,1494230.0
02/08/2026,Allsvenskan Suecia,2026/2027,IFK GOTEBORG,DEGERFORS IF,90,2P,F. Ottosson,,,IFK GOTEBORG,Normal Goal,1494230.0
02/08/2026,Allsvenskan Suecia,2026/2027,IF BROMMAPOJKARNA,MALMO FF,9,1P,Erik Botheim,,,MALMO FF,Missed Penalty,1494226.0
02/08/2026,Allsvenskan Suecia,2026/2027,IF BROMMAPOJKARNA,MALMO FF,51,2P,S. Haksabanovic,A. Hoog,,MALMO FF,Normal Goal,1494226.0
02/08/2026,Allsvenskan Suecia,2026/2027,IF BROMMAPOJKARNA,MALMO FF,77,2P,K. Sever,A. Kurochkin,,IF BROMMAPOJKARNA,Normal Goal,1494226.0
02/08/2026,Allsvenskan Suecia,2026/2027,IF BROMMAPOJKARNA,MALMO FF,86,2P,D. Garcia,S. Haksabanovic,,MALMO FF,Normal Goal,1494226.0
02/08/2026,Allsvenskan Suecia,2026/2027,AIK STOCKHOLM,ORGRYTE IS,2,1P,N. Christoffersson,O. Parker-Price,,ORGRYTE IS,Normal Goal,1494225.0
02/08/2026,Allsvenskan Suecia,2026/2027,AIK STOCKHOLM,ORGRYTE IS,23,1P,N. Christoffersson,W. Hofvander,,ORGRYTE IS,Normal Goal,1494225.0
02/08/2026,Allsvenskan Suecia,2026/2027,AIK STOCKHOLM,ORGRYTE IS,68,2P,N. Christoffersson,O. Parker-Price,,ORGRYTE IS,Normal Goal,1494225.0
03/08/2026,Allsvenskan Suecia,2026/2027,DJURGARDENS IF,VASTERAS SK FK,5,1P,P. Aslund,,,DJURGARDENS IF,Normal Goal,1494227.0
03/08/2026,Allsvenskan Suecia,2026/2027,DJURGARDENS IF,VASTERAS SK FK,12,1P,K. Lien,,,DJURGARDENS IF,Normal Goal,1494227.0
03/08/2026,Allsvenskan Suecia,2026/2027,DJURGARDENS IF,VASTERAS SK FK,28,1P,A. Stahl,M. Larsson,,DJURGARDENS IF,Normal Goal,1494227.0
03/08/2026,Allsvenskan Suecia,2026/2027,DJURGARDENS IF,VASTERAS SK FK,53,2P,K. Lien,B. Hegland,,DJURGARDENS IF,Normal Goal,1494227.0
03/08/2026,Allsvenskan Suecia,2026/2027,DJURGARDENS IF,VASTERAS SK FK,55,2P,K. Lien,P. Aslund,,DJURGARDENS IF,Normal Goal,1494227.0
03/08/2026,Allsvenskan Suecia,2026/2027,DJURGARDENS IF,VASTERAS SK FK,60,2P,M. Tenho,B. Hegland,,DJURGARDENS IF,Normal Goal,1494227.0
03/08/2026,Allsvenskan Suecia,2026/2027,HALMSTAD,SIRIUS,14,1P,T. Anker,,,SIRIUS,Normal Goal,1494232.0
03/08/2026,Allsvenskan Suecia,2026/2027,HALMSTAD,SIRIUS,16,1P,I. Bjerkebo,,,SIRIUS,Penalty,1494232.0
08/08/2026,Allsvenskan Suecia,2026/2027,ORGRYTE IS,AIK STOCKHOLM,13,1P,N. Christoffersson,T. Sana,,ORGRYTE IS,Normal Goal,1494238.0
08/08/2026,Allsvenskan Suecia,2026/2027,ORGRYTE IS,AIK STOCKHOLM,30,1P,L. Carlstrand,D. Besirovic,,AIK STOCKHOLM,Normal Goal,1494238.0
08/08/2026,Allsvenskan Suecia,2026/2027,ORGRYTE IS,AIK STOCKHOLM,32,1P,A. Andreasson,,,ORGRYTE IS,Normal Goal,1494238.0
08/08/2026,Allsvenskan Suecia,2026/2027,ORGRYTE IS,AIK STOCKHOLM,74,2P,S. Gustafsson,,,AIK STOCKHOLM,Normal Goal,1494238.0
08/08/2026,Allsvenskan Suecia,2026/2027,ORGRYTE IS,AIK STOCKHOLM,84,2P,L. Carlstrand,K. Filling,,AIK STOCKHOLM,Normal Goal,1494238.0
08/08/2026,Allsvenskan Suecia,2026/2027,ORGRYTE IS,AIK STOCKHOLM,87,2P,Y. Geiger,L. Carlstrand,,AIK STOCKHOLM,Normal Goal,1494238.0
08/08/2026,Allsvenskan Suecia,2026/2027,ORGRYTE IS,AIK STOCKHOLM,90,2P,J. Tibbling,C. Vindehall,,ORGRYTE IS,Normal Goal,1494238.0
08/08/2026,Allsvenskan Suecia,2026/2027,MJALLBY AIF,IF ELFSBORG,22,1P,S. Olsson,M. Kamara,,IF ELFSBORG,Normal Goal,1494237.0
09/08/2026,Allsvenskan Suecia,2026/2027,HAMMARBY FF,BK HACKEN,29,1P,W. Renecke,V. Lind,,HAMMARBY FF,Normal Goal,1494235.0
09/08/2026,Allsvenskan Suecia,2026/2027,HAMMARBY FF,BK HACKEN,38,1P,V. Lind,,,HAMMARBY FF,Normal Goal,1494235.0
09/08/2026,Allsvenskan Suecia,2026/2027,HAMMARBY FF,BK HACKEN,56,2P,P. Abraham,,,HAMMARBY FF,Normal Goal,1494235.0
09/08/2026,Allsvenskan Suecia,2026/2027,MALMO FF,DEGERFORS IF,18,1P,D. Vukojevic,N. Girmai,,DEGERFORS IF,Normal Goal,1494236.0
09/08/2026,Allsvenskan Suecia,2026/2027,MALMO FF,DEGERFORS IF,48,2P,D. Garcia,,,MALMO FF,Normal Goal,1494236.0
09/08/2026,Allsvenskan Suecia,2026/2027,MALMO FF,DEGERFORS IF,70,2P,D. Vukojevic,S. Diatara,,DEGERFORS IF,Normal Goal,1494236.0
09/08/2026,Allsvenskan Suecia,2026/2027,IFK GOTEBORG,KALMAR FF,9,1P,C. Rosenqvist,A. Magashy,,KALMAR FF,Normal Goal,1494233.0
09/08/2026,Allsvenskan Suecia,2026/2027,IFK GOTEBORG,KALMAR FF,13,1P,D. Kruse,T. Heintz,,IFK GOTEBORG,Normal Goal,1494233.0
09/08/2026,Allsvenskan Suecia,2026/2027,IFK GOTEBORG,KALMAR FF,77,2P,S. Larsson,,,IFK GOTEBORG,Penalty,1494233.0
09/08/2026,Allsvenskan Suecia,2026/2027,IFK GOTEBORG,KALMAR FF,81,2P,A. Boren,S. Larsson,,IFK GOTEBORG,Normal Goal,1494233.0
09/08/2026,Allsvenskan Suecia,2026/2027,IFK GOTEBORG,KALMAR FF,84,2P,C. Sagoe Jr,,,KALMAR FF,Normal Goal,1494233.0
09/08/2026,Allsvenskan Suecia,2026/2027,HALMSTAD,GAIS,65,2P,S. Salter,M. de Brienne,,GAIS,Normal Goal,1494234.0
09/08/2026,Allsvenskan Suecia,2026/2027,HALMSTAD,GAIS,77,2P,S. Salter,A. Wangberg,,GAIS,Normal Goal,1494234.0
10/08/2026,Allsvenskan Suecia,2026/2027,SIRIUS,IF BROMMAPOJKARNA,17,1P,V. Svensson,A. Ljungberg,,SIRIUS,Normal Goal,1494239.0
10/08/2026,Allsvenskan Suecia,2026/2027,SIRIUS,IF BROMMAPOJKARNA,23,1P,I. Bjerkebo,M. Heier,,SIRIUS,Normal Goal,1494239.0
10/08/2026,Allsvenskan Suecia,2026/2027,SIRIUS,IF BROMMAPOJKARNA,25,1P,O. Zanden,,,IF BROMMAPOJKARNA,Normal Goal,1494239.0
10/08/2026,Allsvenskan Suecia,2026/2027,SIRIUS,IF BROMMAPOJKARNA,28,1P,O. Okeke,K. Sever,,IF BROMMAPOJKARNA,Normal Goal,1494239.0
10/08/2026,Allsvenskan Suecia,2026/2027,VASTERAS SK FK,DJURGARDENS IF,24,1P,B. Lendambi,M. Hellisdal,,VASTERAS SK FK,Normal Goal,1494240.0
14/08/2026,Allsvenskan Suecia,2026/2027,IF ELFSBORG,VASTERAS SK FK,18,1P,J. Magnusson,M. Kamara,,IF ELFSBORG,Normal Goal,1494244.0
14/08/2026,Allsvenskan Suecia,2026/2027,IF ELFSBORG,VASTERAS SK FK,71,2P,M. Kamara,N. Hult,,IF ELFSBORG,Normal Goal,1494244.0
14/08/2026,Allsvenskan Suecia,2026/2027,IF ELFSBORG,VASTERAS SK FK,77,2P,M. Kamara,J. Beck,,IF ELFSBORG,Normal Goal,1494244.0
15/08/2026,Allsvenskan Suecia,2026/2027,MJALLBY AIF,SIRIUS,6,1P,O. Liimatta,,,SIRIUS,Normal Goal,1494248.0
15/08/2026,Allsvenskan Suecia,2026/2027,MJALLBY AIF,SIRIUS,24,1P,O. Liimatta,,,SIRIUS,Normal Goal,1494248.0
15/08/2026,Allsvenskan Suecia,2026/2027,MJALLBY AIF,SIRIUS,34,1P,I. Bjerkebo,,,SIRIUS,Normal Goal,1494248.0
15/08/2026,Allsvenskan Suecia,2026/2027,MJALLBY AIF,SIRIUS,46,2P,O. Lindberg,M. Nielsen,,MJALLBY AIF,Normal Goal,1494248.0
15/08/2026,Allsvenskan Suecia,2026/2027,MJALLBY AIF,SIRIUS,54,2P,J. Bergstrom,A. Samuelsen,,MJALLBY AIF,Normal Goal,1494248.0
15/08/2026,Allsvenskan Suecia,2026/2027,MJALLBY AIF,SIRIUS,77,2P,J. Bergstrom,A. Samuelsen,,MJALLBY AIF,Normal Goal,1494248.0
15/08/2026,Allsvenskan Suecia,2026/2027,MJALLBY AIF,SIRIUS,87,2P,O. Lindberg,M. Nielsen,,MJALLBY AIF,Normal Goal,1494248.0
16/08/2026,Allsvenskan Suecia,2026/2027,DJURGARDENS IF,AIK STOCKHOLM,10,1P,L. Carlstrand,D. Besirovic,,AIK STOCKHOLM,Normal Goal,1494243.0
16/08/2026,Allsvenskan Suecia,2026/2027,DJURGARDENS IF,AIK STOCKHOLM,25,1P,L. Carlstrand,A. Helm,,AIK STOCKHOLM,Normal Goal,1494243.0
16/08/2026,Allsvenskan Suecia,2026/2027,DJURGARDENS IF,AIK STOCKHOLM,39,1P,J. Hove,,,AIK STOCKHOLM,Normal Goal,1494243.0
16/08/2026,Allsvenskan Suecia,2026/2027,DJURGARDENS IF,AIK STOCKHOLM,50,2P,B. Hegland,,,DJURGARDENS IF,Normal Goal,1494243.0
16/08/2026,Allsvenskan Suecia,2026/2027,IF BROMMAPOJKARNA,ORGRYTE IS,28,1P,M. Hansen,O. Berg,,IF BROMMAPOJKARNA,Normal Goal,1494241.0
16/08/2026,Allsvenskan Suecia,2026/2027,IF BROMMAPOJKARNA,ORGRYTE IS,59,2P,B. Laturnus,,,ORGRYTE IS,Normal Goal,1494241.0
16/08/2026,Allsvenskan Suecia,2026/2027,IF BROMMAPOJKARNA,ORGRYTE IS,63,2P,H. Gustafsson,,,IF BROMMAPOJKARNA,Own Goal,1494241.0
16/08/2026,Allsvenskan Suecia,2026/2027,IF BROMMAPOJKARNA,ORGRYTE IS,87,2P,L. Bjorklund,M. Hansen,,IF BROMMAPOJKARNA,Normal Goal,1494241.0
16/08/2026,Allsvenskan Suecia,2026/2027,DEGERFORS IF,IFK GOTEBORG,18,1P,D. Vukojevic,M. Igonen,,DEGERFORS IF,Normal Goal,1494242.0
16/08/2026,Allsvenskan Suecia,2026/2027,DEGERFORS IF,IFK GOTEBORG,25,1P,D. Vukojevic,R. Dzabic,,DEGERFORS IF,Normal Goal,1494242.0
16/08/2026,Allsvenskan Suecia,2026/2027,DEGERFORS IF,IFK GOTEBORG,30,1P,S. Diatara,N. Skuseth,,DEGERFORS IF,Normal Goal,1494242.0
16/08/2026,Allsvenskan Suecia,2026/2027,KALMAR FF,HAMMARBY FF,43,1P,F. Adjei,A. Boudri,,HAMMARBY FF,Normal Goal,1494247.0
16/08/2026,Allsvenskan Suecia,2026/2027,KALMAR FF,HAMMARBY FF,48,2P,F. Winther,V. Lind,,HAMMARBY FF,Normal Goal,1494247.0
16/08/2026,Allsvenskan Suecia,2026/2027,KALMAR FF,HAMMARBY FF,54,2P,N. Persson,A. Boudri,,HAMMARBY FF,Normal Goal,1494247.0
16/08/2026,Allsvenskan Suecia,2026/2027,KALMAR FF,HAMMARBY FF,61,2P,P. Abraham,V. Lind,,HAMMARBY FF,Normal Goal,1494247.0
16/08/2026,Allsvenskan Suecia,2026/2027,GAIS,MALMO FF,53,2P,F. Beckman,,,MALMO FF,Own Goal,1494245.0
17/08/2026,Allsvenskan Suecia,2026/2027,BK HACKEN,HALMSTAD,36,1P,J. Lindberg,A. Doumbia,,BK HACKEN,Normal Goal,1494246.0
16/08/2026,NB I Hungria,2026/2027,DEBRECENI VSC,GYORI ETO FC,41,1P,Z. Gavric,D. Stefulj,,GYORI ETO FC,Normal Goal,1560219.0
16/08/2026,NB I Hungria,2026/2027,DEBRECENI VSC,GYORI ETO FC,50,2P,A. Guerrero,A. Szendrei,,DEBRECENI VSC,Normal Goal,1560219.0
16/08/2026,NB I Hungria,2026/2027,PUSKAS ACADEMY,PAKS,7,1P,D. Lukacs,,,PUSKAS ACADEMY,Penalty,1560222.0
16/08/2026,NB I Hungria,2026/2027,PUSKAS ACADEMY,PAKS,30,1P,J. Szalai,Z. Haraszti,,PAKS,Normal Goal,1560222.0
16/08/2026,NB I Hungria,2026/2027,PUSKAS ACADEMY,PAKS,41,1P,P. Dardai,A. Nemeth,,PUSKAS ACADEMY,Normal Goal,1560222.0
16/08/2026,NB I Hungria,2026/2027,PUSKAS ACADEMY,PAKS,59,2P,J. Windecker,K. Papp,,PAKS,Normal Goal,1560222.0
16/08/2026,NB I Hungria,2026/2027,PUSKAS ACADEMY,PAKS,90,2P,L. Colley,R. Szolnoki,,PUSKAS ACADEMY,Normal Goal,1560222.0
17/08/2026,NB I Hungria,2026/2027,ZALAEGERSZEGI TE,FERENCVAROSI TC,38,1P,M. Corbu,Cadu,,FERENCVAROSI TC,Normal Goal,1560224.0
17/08/2026,NB I Hungria,2026/2027,ZALAEGERSZEGI TE,FERENCVAROSI TC,69,2P,Marius Corbu,,,FERENCVAROSI TC,Missed Penalty,1560224.0
02/05/2026,Chinese Super League,2026,YUNNAN YUKUN,BEIJING GUOAN,22,1P,Zhang Yuning,Zhang Xizhe,,BEIJING GUOAN,Normal Goal,1523130.0
02/05/2026,Chinese Super League,2026,YUNNAN YUKUN,BEIJING GUOAN,45,1P,A. Ionita II,,,YUNNAN YUKUN,Normal Goal,1523130.0
02/05/2026,Chinese Super League,2026,YUNNAN YUKUN,BEIJING GUOAN,60,2P,Zhang Xizhe,,,BEIJING GUOAN,Penalty,1523130.0
02/05/2026,Chinese Super League,2026,YUNNAN YUKUN,BEIJING GUOAN,77,2P,Cleber,J. Saeter,,YUNNAN YUKUN,Normal Goal,1523130.0
02/05/2026,Chinese Super League,2026,YUNNAN YUKUN,BEIJING GUOAN,81,2P,Serginho,Feng Boxuan,,BEIJING GUOAN,Normal Goal,1523130.0
02/05/2026,Chinese Super League,2026,YUNNAN YUKUN,BEIJING GUOAN,90,2P,O. Taty Maritu,Huang Zichang,,YUNNAN YUKUN,Normal Goal,1523130.0
23/08/2026,Chinese Super League,2026,CHONGQING TONGLIANG LONG,DALIAN ZHIXING,63,2P,Lu Zhuoyi,I. Alimi,,DALIAN ZHIXING,Normal Goal,1523250.0
28/08/2026,2. Bundesliga Alemania,2026/2027,EINTRACHT BRAUNSCHWEIG,HERTHA BSC,9,1P,Y. Sturm,,,EINTRACHT BRAUNSCHWEIG,Normal Goal,1576153
28/08/2026,2. Bundesliga Alemania,2026/2027,EINTRACHT BRAUNSCHWEIG,HERTHA BSC,33,1P,K. Ehlers,A. Opoku,,EINTRACHT BRAUNSCHWEIG,Normal Goal,1576153
28/08/2026,2. Bundesliga Alemania,2026/2027,EINTRACHT BRAUNSCHWEIG,HERTHA BSC,43,1P,J. Thorsteinsson,J. Brekalo,,HERTHA BSC,Normal Goal,1576153
28/08/2026,2. Bundesliga Alemania,2026/2027,EINTRACHT BRAUNSCHWEIG,HERTHA BSC,45,1P,J. Brekalo,,,HERTHA BSC,Normal Goal,1576153
28/08/2026,2. Bundesliga Alemania,2026/2027,EINTRACHT BRAUNSCHWEIG,HERTHA BSC,53,2P,K. Ehlers,,,HERTHA BSC,Own Goal,1576153
28/08/2026,2. Bundesliga Alemania,2026/2027,EINTRACHT BRAUNSCHWEIG,HERTHA BSC,69,2P,J. Brekalo,,,HERTHA BSC,Penalty,1576153
28/08/2026,2. Bundesliga Alemania,2026/2027,EINTRACHT BRAUNSCHWEIG,HERTHA BSC,87,2P,O. Adewumi,L. Schuler,,HERTHA BSC,Normal Goal,1576153
28/08/2026,2. Bundesliga Alemania,2026/2027,EINTRACHT BRAUNSCHWEIG,HERTHA BSC,88,2P,J. Urbich,,,EINTRACHT BRAUNSCHWEIG,Normal Goal,1576153
21/08/2026,Premier League,2026/2027,ARSENAL,COVENTRY,15,1P,K. Havertz,R. Calafiori,,ARSENAL,Normal Goal,1557367
21/08/2026,Premier League,2026/2027,ARSENAL,COVENTRY,23,1P,B. Saka,,,ARSENAL,Normal Goal,1557367
21/08/2026,Premier League,2026/2027,ARSENAL,COVENTRY,49,2P,M. Odegaard,B. White,,ARSENAL,Normal Goal,1557367
22/08/2026,Premier League,2026/2027,HULL CITY,MANCHESTER UNITED,17,1P,S. Ajayi,,,HULL CITY,Normal Goal,1557368
22/08/2026,Premier League,2026/2027,HULL CITY,MANCHESTER UNITED,38,1P,N. Mendy,R. Slater,,HULL CITY,Normal Goal,1557368
22/08/2026,Premier League,2026/2027,EVERTON,CRYSTAL PALACE,42,1P,K. Dewsbury-Hall,H. Armstrong,,EVERTON,Normal Goal,1557369
22/08/2026,Premier League,2026/2027,EVERTON,CRYSTAL PALACE,53,2P,T. Barry,I. Ndiaye,,EVERTON,Normal Goal,1557369
22/08/2026,Premier League,2026/2027,IPSWICH,SUNDERLAND,24,1P,Emersonn,J. Enciso,,IPSWICH,Normal Goal,1557370
22/08/2026,Premier League,2026/2027,IPSWICH,SUNDERLAND,39,1P,N. Angulo,,,SUNDERLAND,Normal Goal,1557370
22/08/2026,Premier League,2026/2027,IPSWICH,SUNDERLAND,90,2P,J. Clarke,S. Lukic,,IPSWICH,Normal Goal,1557370
22/08/2026,Premier League,2026/2027,NOTTINGHAM FOREST,LEEDS,88,2P,A. Stach,,,LEEDS,Normal Goal,1557371
22/08/2026,Premier League,2026/2027,BRENTFORD,TOTTENHAM,12,1P,K. Lewis-Potter,M. Sangare,,BRENTFORD,Normal Goal,1557372
22/08/2026,Premier League,2026/2027,BRENTFORD,TOTTENHAM,33,1P,V. Janelt,,,BRENTFORD,Normal Goal,1557372
22/08/2026,Premier League,2026/2027,BRENTFORD,TOTTENHAM,49,2P,M. Kayode,,,BRENTFORD,Normal Goal,1557372
22/08/2026,Premier League,2026/2027,BRENTFORD,TOTTENHAM,55,2P,Igor Thiago,,,BRENTFORD,Missed Penalty,1557372
23/08/2026,Premier League,2026/2027,MANCHESTER CITY,BOURNEMOUTH,26,1P,M. Tavernier,Evanilson,,BOURNEMOUTH,Normal Goal,1557374
23/08/2026,Premier League,2026/2027,MANCHESTER CITY,BOURNEMOUTH,84,2P,M. Guehi,R. Cherki,,MANCHESTER CITY,Normal Goal,1557374
23/08/2026,Premier League,2026/2027,MANCHESTER CITY,BOURNEMOUTH,90,2P,J. Gvardiol,R. Cherki,,MANCHESTER CITY,Normal Goal,1557374
23/08/2026,Premier League,2026/2027,BRIGHTON,ASTON VILLA,8,1P,V. Lindelof,,,BRIGHTON,Own Goal,1557373
23/08/2026,Premier League,2026/2027,BRIGHTON,ASTON VILLA,18,1P,M. De Cuyper,G. Rutter,,BRIGHTON,Normal Goal,1557373
23/08/2026,Premier League,2026/2027,BRIGHTON,ASTON VILLA,30,1P,J. Hinshelwood,D. Gomez,,BRIGHTON,Normal Goal,1557373
23/08/2026,Premier League,2026/2027,BRIGHTON,ASTON VILLA,31,1P,J. Hinshelwood,,,BRIGHTON,Normal Goal,1557373
23/08/2026,Premier League,2026/2027,NEWCASTLE,LIVERPOOL,5,1P,A. Elanga,W. Osula,,NEWCASTLE,Normal Goal,1557375
23/08/2026,Premier League,2026/2027,NEWCASTLE,LIVERPOOL,55,2P,C. Gakpo,R. Gravenberch,,LIVERPOOL,Normal Goal,1557375
23/08/2026,Premier League,2026/2027,NEWCASTLE,LIVERPOOL,57,2P,J. Willock,Y. Wissa,,NEWCASTLE,Normal Goal,1557375
23/08/2026,Premier League,2026/2027,NEWCASTLE,LIVERPOOL,90,2P,D. Szoboszlai,,,LIVERPOOL,Penalty,1557375
24/08/2026,Premier League,2026/2027,FULHAM,CHELSEA,1,1P,Joao Pedro,C. Palmer,,CHELSEA,Normal Goal,1557376
24/08/2026,Premier League,2026/2027,FULHAM,CHELSEA,23,1P,J. King,T. Castagne,,FULHAM,Normal Goal,1557376
24/08/2026,Premier League,2026/2027,FULHAM,CHELSEA,41,1P,M. Rogers,M. Lacroix,,CHELSEA,Normal Goal,1557376
24/08/2026,Premier League,2026/2027,FULHAM,CHELSEA,49,2P,C. Palmer,Joao Pedro,,CHELSEA,Normal Goal,1557376
24/08/2026,Premier League,2026/2027,FULHAM,CHELSEA,54,2P,G. Garcia,,,FULHAM,Normal Goal,1557376
28/08/2026,Premier League,2026/2027,CRYSTAL PALACE,MANCHESTER CITY,17,1P,E. Haaland,A. Semenyo,,MANCHESTER CITY,Normal Goal,1557381
28/08/2026,Premier League,2026/2027,CRYSTAL PALACE,MANCHESTER CITY,54,2P,R. Cherki,P. Foden,,MANCHESTER CITY,Normal Goal,1557381
28/08/2026,Premier League,2026/2027,CRYSTAL PALACE,MANCHESTER CITY,56,2P,G. Donnarumma,,,CRYSTAL PALACE,Own Goal,1557381
28/08/2026,Premier League,2026/2027,CRYSTAL PALACE,MANCHESTER CITY,59,2P,R. Cherki,J. Gvardiol,,MANCHESTER CITY,Normal Goal,1557381
28/08/2026,Premier League,2026/2027,CRYSTAL PALACE,MANCHESTER CITY,84,2P,E. Haaland,P. Foden,,MANCHESTER CITY,Normal Goal,1557381
15/08/2026,LaLiga EA Sports,2026/2027,ALAVES,GETAFE,73,2P,N. Tenaglia,M. Diaz,,ALAVES,Normal Goal,1570333
15/08/2026,LaLiga EA Sports,2026/2027,ALAVES,GETAFE,90,2P,M. Diaz,,,ALAVES,Normal Goal,1570333
15/08/2026,LaLiga EA Sports,2026/2027,ALAVES,GETAFE,90,2P,M. Rodriguez,M. Diaz,,ALAVES,Normal Goal,1570333
15/08/2026,LaLiga EA Sports,2026/2027,SEVILLA,RAYO VALLECANO,4,1P,A. Garcia,,,RAYO VALLECANO,Normal Goal,1570341
15/08/2026,LaLiga EA Sports,2026/2027,SEVILLA,RAYO VALLECANO,52,2P,J. Guridi,,,SEVILLA,Penalty,1570341
15/08/2026,LaLiga EA Sports,2026/2027,SEVILLA,RAYO VALLECANO,90,2P,Peque,,,SEVILLA,Penalty,1570341
16/08/2026,LaLiga EA Sports,2026/2027,RACING SANTANDER,VILLARREAL,21,1P,A. Martin,,,RACING SANTANDER,Penalty,1570339
16/08/2026,LaLiga EA Sports,2026/2027,RACING SANTANDER,VILLARREAL,34,1P,S. Martinez,,,RACING SANTANDER,Normal Goal,1570339
16/08/2026,LaLiga EA Sports,2026/2027,RACING SANTANDER,VILLARREAL,45,1P,P. Gueye,A. Moleiro,,VILLARREAL,Normal Goal,1570339
16/08/2026,LaLiga EA Sports,2026/2027,RACING SANTANDER,VILLARREAL,45,1P,N. Pepe,G. Mikautadze,,VILLARREAL,Normal Goal,1570339
16/08/2026,LaLiga EA Sports,2026/2027,ESPANYOL,LEVANTE,5,1P,R. Fernandez Jaen,,,ESPANYOL,Normal Goal,1570338
16/08/2026,LaLiga EA Sports,2026/2027,ESPANYOL,LEVANTE,40,1P,R. Fernandez Jaen,J. Hernandez,,ESPANYOL,Normal Goal,1570338
16/08/2026,LaLiga EA Sports,2026/2027,ESPANYOL,LEVANTE,80,2P,T. Dolan,R. Bauza,,ESPANYOL,Normal Goal,1570338
17/08/2026,LaLiga EA Sports,2026/2027,DEPORTIVO LA CORUNA,ELCHE,21,1P,P. Aubameyang,L. Amatucci,,DEPORTIVO LA CORUNA,Normal Goal,1570337
17/08/2026,LaLiga EA Sports,2026/2027,DEPORTIVO LA CORUNA,ELCHE,76,2P,M. Aguado,G. Villar,,ELCHE,Normal Goal,1570337
19/08/2026,LaLiga EA Sports,2026/2027,ATLETICO MADRID,MALAGA,70,2P,Lee Kang-In,D. Hancko,,ATLETICO MADRID,Normal Goal,1570334
19/08/2026,LaLiga EA Sports,2026/2027,ATLETICO MADRID,MALAGA,85,2P,A. Baena,,,ATLETICO MADRID,Normal Goal,1570334
20/08/2026,LaLiga EA Sports,2026/2027,RAYO VALLECANO,ALAVES,48,2P,S. Camello,J. de Frutos,,RAYO VALLECANO,Normal Goal,1570351
20/08/2026,LaLiga EA Sports,2026/2027,RAYO VALLECANO,ALAVES,84,2P,M. Diaz,,,ALAVES,Normal Goal,1570351
21/08/2026,LaLiga EA Sports,2026/2027,REAL BETIS,REAL SOCIEDAD,63,2P,R. Riquelme,C. Hernandez,,REAL BETIS,Normal Goal,1570345
22/08/2026,LaLiga EA Sports,2026/2027,ATHLETIC CLUB,SEVILLA,15,1P,Oso,,,SEVILLA,Normal Goal,1570343
22/08/2026,LaLiga EA Sports,2026/2027,ATHLETIC CLUB,SEVILLA,50,2P,C. Ejuke,I. Romero,,SEVILLA,Normal Goal,1570343
22/08/2026,LaLiga EA Sports,2026/2027,ATHLETIC CLUB,SEVILLA,57,2P,I. Romero,Oso,,SEVILLA,Normal Goal,1570343
22/08/2026,LaLiga EA Sports,2026/2027,ATHLETIC CLUB,SEVILLA,70,2P,A. Paredes,Y. Alvarez,,ATHLETIC CLUB,Normal Goal,1570343
22/08/2026,LaLiga EA Sports,2026/2027,ESPANYOL,REAL MADRID,9,1P,J. Bellingham,A. Guler,,REAL MADRID,Normal Goal,1570347
22/08/2026,LaLiga EA Sports,2026/2027,ESPANYOL,REAL MADRID,30,1P,A. Calatrava,J. Hernandez,,ESPANYOL,Normal Goal,1570347
22/08/2026,LaLiga EA Sports,2026/2027,ESPANYOL,REAL MADRID,90,2P,C. Espi,,,REAL MADRID,Normal Goal,1570347
23/08/2026,LaLiga EA Sports,2026/2027,ATLETICO MADRID,VILLARREAL,59,2P,M. Pubill,G. Simeone,,ATLETICO MADRID,Normal Goal,1570344
23/08/2026,LaLiga EA Sports,2026/2027,ATLETICO MADRID,VILLARREAL,66,2P,G. Moreno,,,VILLARREAL,Penalty,1570344
23/08/2026,LaLiga EA Sports,2026/2027,ATLETICO MADRID,VILLARREAL,78,2P,G. Mikautadze,,,VILLARREAL,Penalty,1570344
23/08/2026,LaLiga EA Sports,2026/2027,ATLETICO MADRID,VILLARREAL,85,2P,G. Simeone,A. Baena,,ATLETICO MADRID,Normal Goal,1570344
23/08/2026,LaLiga EA Sports,2026/2027,GETAFE,RACING SANTANDER,77,2P,Andrés Martín,,,RACING SANTANDER,Missed Penalty,1570348
23/08/2026,LaLiga EA Sports,2026/2027,GETAFE,RACING SANTANDER,81,2P,E. Unal,,,GETAFE,Normal Goal,1570348
23/08/2026,LaLiga EA Sports,2026/2027,ELCHE,BARCELONA,14,1P,Raphinha,,,BARCELONA,Penalty,1570346
23/08/2026,LaLiga EA Sports,2026/2027,ELCHE,BARCELONA,45,1P,K. Adeyemi,Raphinha,,BARCELONA,Normal Goal,1570346
23/08/2026,LaLiga EA Sports,2026/2027,ELCHE,BARCELONA,67,2P,Raphinha,A. Gordon,,BARCELONA,Normal Goal,1570346
23/08/2026,LaLiga EA Sports,2026/2027,ELCHE,BARCELONA,71,2P,Fermin,A. Gordon,,BARCELONA,Normal Goal,1570346
23/08/2026,LaLiga EA Sports,2026/2027,ELCHE,BARCELONA,79,2P,Fermin,X. Espart,,BARCELONA,Normal Goal,1570346
24/08/2026,LaLiga EA Sports,2026/2027,MALAGA,DEPORTIVO LA CORUNA,21,1P,P. Aubameyang,Cruz Luismi,,DEPORTIVO LA CORUNA,Normal Goal,1570349
24/08/2026,LaLiga EA Sports,2026/2027,MALAGA,DEPORTIVO LA CORUNA,34,1P,Chupe,,,MALAGA,Penalty,1570349
25/08/2026,LaLiga EA Sports,2026/2027,VALENCIA,REAL BETIS,83,2P,P. Garcia,F. Garcia,,REAL BETIS,Normal Goal,1570342
26/08/2026,LaLiga EA Sports,2026/2027,REAL MADRID,REAL SOCIEDAD,40,1P,K. Mbappe,F. Valverde,,REAL MADRID,Normal Goal,1570340
26/08/2026,LaLiga EA Sports,2026/2027,REAL MADRID,REAL SOCIEDAD,44,1P,L. Sucic,,,REAL SOCIEDAD,Normal Goal,1570340
26/08/2026,LaLiga EA Sports,2026/2027,REAL MADRID,REAL SOCIEDAD,60,2P,K. Mbappe,J. Bellingham,,REAL MADRID,Normal Goal,1570340
26/08/2026,LaLiga EA Sports,2026/2027,REAL MADRID,REAL SOCIEDAD,68,2P,Vinicius Junior,J. Bellingham,,REAL MADRID,Normal Goal,1570340
26/08/2026,LaLiga EA Sports,2026/2027,REAL MADRID,REAL SOCIEDAD,80,2P,K. Mbappe,Vinicius Junior,,REAL MADRID,Normal Goal,1570340
27/08/2026,LaLiga EA Sports,2026/2027,CELTA VIGO,OSASUNA,14,1P,I. Aspas,M. Roman,,CELTA VIGO,Normal Goal,1570336
27/08/2026,LaLiga EA Sports,2026/2027,CELTA VIGO,OSASUNA,54,2P,K. Barja,R. Garcia,,OSASUNA,Normal Goal,1570336
27/08/2026,LaLiga EA Sports,2026/2027,CELTA VIGO,OSASUNA,64,2P,A. Budimir,,,OSASUNA,Penalty,1570336
27/08/2026,LaLiga EA Sports,2026/2027,BARCELONA,ATHLETIC CLUB,37,1P,Raphinha,Pedri,,BARCELONA,Normal Goal,1570335
27/08/2026,LaLiga EA Sports,2026/2027,BARCELONA,ATHLETIC CLUB,82,2P,Fermin,,,BARCELONA,Normal Goal,1570335
28/08/2026,LaLiga EA Sports,2026/2027,RACING SANTANDER,ELCHE,15,1P,Y. Zabiri,,,RACING SANTANDER,Normal Goal,1570359
28/08/2026,LaLiga EA Sports,2026/2027,RACING SANTANDER,ELCHE,21,1P,Y. Zabiri,,,RACING SANTANDER,Normal Goal,1570359
28/08/2026,LaLiga EA Sports,2026/2027,RACING SANTANDER,ELCHE,36,1P,Y. Zabiri,I. Vicente,,RACING SANTANDER,Normal Goal,1570359
28/08/2026,LaLiga EA Sports,2026/2027,RACING SANTANDER,ELCHE,78,2P,Buba Sangare,L. Cepeda,,ELCHE,Normal Goal,1570359
28/08/2026,LaLiga EA Sports,2026/2027,RACING SANTANDER,ELCHE,79,2P,F. Nino,Tete Morente,,ELCHE,Normal Goal,1570359
28/08/2026,Bundesliga,2026/2027,BAYERN MUNCHEN,VFB STUTTGART,21,1P,D. Upamecano,J. Kimmich,,BAYERN MUNCHEN,Normal Goal,1575140
28/08/2026,Bundesliga,2026/2027,BAYERN MUNCHEN,VFB STUTTGART,52,2P,J. Vagnoman,,,VFB STUTTGART,Normal Goal,1575140
28/08/2026,Bundesliga,2026/2027,BAYERN MUNCHEN,VFB STUTTGART,55,2P,M. Olise,J. Kimmich,,BAYERN MUNCHEN,Normal Goal,1575140
28/08/2026,Bundesliga,2026/2027,BAYERN MUNCHEN,VFB STUTTGART,57,2P,J. Vagnoman,,,BAYERN MUNCHEN,Own Goal,1575140
28/08/2026,Bundesliga,2026/2027,BAYERN MUNCHEN,VFB STUTTGART,82,2P,A. Pavlovic,I. Saibari,,BAYERN MUNCHEN,Normal Goal,1575140
28/08/2026,Bundesliga,2026/2027,BAYERN MUNCHEN,VFB STUTTGART,90,2P,L. Diaz,I. Saibari,,BAYERN MUNCHEN,Normal Goal,1575140
22/08/2026,Serie A Italia,2026/2027,UDINESE,COMO,29,1P,H. Kamara,J. Ekkelenkamp,,UDINESE,Normal Goal,1550095
22/08/2026,Serie A Italia,2026/2027,UDINESE,COMO,54,2P,A. Douvikas,,,COMO,Normal Goal,1550095
22/08/2026,Serie A Italia,2026/2027,INTER,MONZA,6,1P,H. Calhanoglu,A. Diouf,,INTER,Normal Goal,1550092
22/08/2026,Serie A Italia,2026/2027,INTER,MONZA,29,1P,G. Varela,M. Mout,,MONZA,Normal Goal,1550092
22/08/2026,Serie A Italia,2026/2027,INTER,MONZA,48,2P,P. Zielinski,,,INTER,Normal Goal,1550092
22/08/2026,Serie A Italia,2026/2027,INTER,MONZA,55,2P,F. Esposito,A. Diouf,,INTER,Normal Goal,1550092
22/08/2026,Serie A Italia,2026/2027,INTER,MONZA,63,2P,Y. Bisseck,F. Esposito,,INTER,Normal Goal,1550092
22/08/2026,Serie A Italia,2026/2027,GENOA,NAPOLI,82,2P,K. De Bruyne,A. Vergara,,NAPOLI,Normal Goal,1550091
22/08/2026,Serie A Italia,2026/2027,GENOA,NAPOLI,87,2P,A. Vergara,K. De Bruyne,,NAPOLI,Normal Goal,1550091
22/08/2026,Serie A Italia,2026/2027,PARMA,CAGLIARI,79,2P,A. Romano,M. Adopo,,CAGLIARI,Normal Goal,1550093
23/08/2026,Serie A Italia,2026/2027,FROSINONE,JUVENTUS,22,1P,Bremer,F. Conceicao,,JUVENTUS,Normal Goal,1550090
23/08/2026,Serie A Italia,2026/2027,VENEZIA,LECCE,46,2P,O. Gorter,L. Coulibaly,,LECCE,Normal Goal,1550096
23/08/2026,Serie A Italia,2026/2027,VENEZIA,LECCE,80,2P,Tiago Gabriel,,,LECCE,Normal Goal,1550096
23/08/2026,Serie A Italia,2026/2027,ATALANTA,SASSUOLO,6,1P,G. Raspadori,G. Gaetano,,ATALANTA,Normal Goal,1550088
23/08/2026,Serie A Italia,2026/2027,ATALANTA,SASSUOLO,55,2P,C. Odenthal,,,SASSUOLO,Normal Goal,1550088
23/08/2026,Serie A Italia,2026/2027,ATALANTA,SASSUOLO,65,2P,N. Krstovic,,,ATALANTA,Normal Goal,1550088
23/08/2026,Serie A Italia,2026/2027,TORINO,AC MILAN,64,2P,A. Cisse,A. Rabiot,,AC MILAN,Normal Goal,1550094
23/08/2026,Serie A Italia,2026/2027,TORINO,AC MILAN,66,2P,A. Rabiot,S. Chukwueze,,AC MILAN,Normal Goal,1550094
23/08/2026,Serie A Italia,2026/2027,TORINO,AC MILAN,90,2P,C. Adams,G. Gineitis,,TORINO,Normal Goal,1550094
24/08/2026,Serie A Italia,2026/2027,BOLOGNA,LAZIO,59,2P,D. Frattesi,B. Dia,,LAZIO,Normal Goal,1550089
24/08/2026,Serie A Italia,2026/2027,AS ROMA,FIORENTINA,27,1P,D. Malen,P. Dybala,,AS ROMA,Normal Goal,1550087
24/08/2026,Serie A Italia,2026/2027,AS ROMA,FIORENTINA,52,2P,D. Malen,P. Dybala,,AS ROMA,Normal Goal,1550087
24/08/2026,Serie A Italia,2026/2027,AS ROMA,FIORENTINA,60,2P,D. Malen,P. Dybala,,AS ROMA,Normal Goal,1550087
24/08/2026,Serie A Italia,2026/2027,AS ROMA,FIORENTINA,86,2P,N. Pisilli,,,AS ROMA,Normal Goal,1550087
28/08/2026,Serie A Italia,2026/2027,AC MILAN,VENEZIA,69,2P,G. Ramos,A. Saelemaekers,,AC MILAN,Normal Goal,1550097
28/08/2026,Serie A Italia,2026/2027,AC MILAN,VENEZIA,89,2P,R. Halhal,,,AC MILAN,Own Goal,1550097
21/08/2026,Ligue 1,2026/2027,MARSEILLE,STRASBOURG,46,2P,A. Gouiri,A. Gomes,,MARSEILLE,Normal Goal,1552733
21/08/2026,Ligue 1,2026/2027,MARSEILLE,STRASBOURG,68,2P,A. Gouiri,,,MARSEILLE,Penalty,1552733
21/08/2026,Ligue 1,2026/2027,MARSEILLE,STRASBOURG,89,2P,K. Abdallah,,,MARSEILLE,Normal Goal,1552733
21/08/2026,Ligue 1,2026/2027,MARSEILLE,STRASBOURG,90,2P,P. Hojbjerg,,,MARSEILLE,Normal Goal,1552733
22/08/2026,Ligue 1,2026/2027,LENS,AUXERRE,12,1P,F. Thauvin,,,LENS,Penalty,1552732
22/08/2026,Ligue 1,2026/2027,LENS,AUXERRE,49,2P,F. Ivanovic,A. Sima,,LENS,Normal Goal,1552732
22/08/2026,Ligue 1,2026/2027,LENS,AUXERRE,54,2P,S. Abdulhamid,F. Thauvin,,LENS,Normal Goal,1552732
22/08/2026,Ligue 1,2026/2027,LENS,AUXERRE,61,2P,D. Namaso,,,AUXERRE,Penalty,1552732
22/08/2026,Ligue 1,2026/2027,LENS,AUXERRE,66,2P,I. Ganiou,M. Skoras,,LENS,Normal Goal,1552732
22/08/2026,Ligue 1,2026/2027,LENS,AUXERRE,69,2P,L. Sy,R. Mandengue,,AUXERRE,Normal Goal,1552732
22/08/2026,Ligue 1,2026/2027,LENS,AUXERRE,88,2P,F. Thauvin,,,LENS,Penalty,1552732
22/08/2026,Ligue 1,2026/2027,TOULOUSE,LYON,68,2P,N. Nartey,P. Sulc,,LYON,Normal Goal,1552736
22/08/2026,Ligue 1,2026/2027,TOULOUSE,LYON,85,2P,M. Fofana,C. Tolisso,,LYON,Normal Goal,1552736
22/08/2026,Ligue 1,2026/2027,LE MANS,STADE BRESTOIS 29,31,1P,R. Del Castillo,K. Doumbia,,STADE BRESTOIS 29,Normal Goal,1552731
22/08/2026,Ligue 1,2026/2027,LE MANS,STADE BRESTOIS 29,45,1P,D. Gueye,L. Mafouta,,LE MANS,Normal Goal,1552731
22/08/2026,Ligue 1,2026/2027,LE MANS,STADE BRESTOIS 29,55,2P,L. Mafouta,A. Bourabaa,,LE MANS,Normal Goal,1552731
22/08/2026,Ligue 1,2026/2027,LE MANS,STADE BRESTOIS 29,62,2P,K. Doumbia,,,STADE BRESTOIS 29,Normal Goal,1552731
23/08/2026,Ligue 1,2026/2027,ANGERS,LILLE,11,1P,O. Giroud,N. Bentaleb,,LILLE,Normal Goal,1552729
23/08/2026,Ligue 1,2026/2027,ANGERS,LILLE,31,1P,T. Santos,,,LILLE,Normal Goal,1552729
23/08/2026,Ligue 1,2026/2027,LE HAVRE,MONACO,14,1P,E. Dier,Nazinho,,MONACO,Normal Goal,1552730
23/08/2026,Ligue 1,2026/2027,RENNES,PARIS SAINT GERMAIN,9,1P,S. Szymanski,A. Thomasson,,RENNES,Normal Goal,1552735
23/08/2026,Ligue 1,2026/2027,RENNES,PARIS SAINT GERMAIN,38,1P,E. Lepaul,P. Frankowski,,RENNES,Normal Goal,1552735
23/08/2026,Ligue 1,2026/2027,RENNES,PARIS SAINT GERMAIN,71,2P,F. Torres,F. Ruiz,,PARIS SAINT GERMAIN,Normal Goal,1552735
23/08/2026,Ligue 1,2026/2027,RENNES,PARIS SAINT GERMAIN,82,2P,F. Torres,F. Ruiz,,PARIS SAINT GERMAIN,Normal Goal,1552735
28/08/2026,Ligue 1,2026/2027,LILLE,PARIS SAINT GERMAIN,21,1P,H. Haraldsson,O. Giroud,,LILLE,Normal Goal,1552746
28/08/2026,Ligue 1,2026/2027,LILLE,PARIS SAINT GERMAIN,84,2P,D. Bakwa,O. Giroud,,LILLE,Normal Goal,1552746
28/08/2026,Ligue 1,2026/2027,LILLE,PARIS SAINT GERMAIN,90,2P,Vitinha,M. Godts,,PARIS SAINT GERMAIN,Normal Goal,1552746
28/08/2026,Ligue 1,2026/2027,LILLE,PARIS SAINT GERMAIN,90,2P,Marquinhos,Vitinha,,PARIS SAINT GERMAIN,Normal Goal,1552746
07/08/2026,Eredivisie,2026/2027,CAMBUUR,EXCELSIOR,17,1P,I. Yegoian,G. de Regt,,EXCELSIOR,Normal Goal,1552117
07/08/2026,Eredivisie,2026/2027,CAMBUUR,EXCELSIOR,31,1P,N. Naujoks,I. Yegoian,,EXCELSIOR,Normal Goal,1552117
07/08/2026,Eredivisie,2026/2027,CAMBUUR,EXCELSIOR,42,1P,D. Garden,S. Janssen,,EXCELSIOR,Normal Goal,1552117
07/08/2026,Eredivisie,2026/2027,CAMBUUR,EXCELSIOR,69,2P,N. Naujoks,S. Janssen,,EXCELSIOR,Normal Goal,1552117
08/08/2026,Eredivisie,2026/2027,NEC NIJMEGEN,TELSTAR,1,1P,P. Brouwer,A. Soualhia,,TELSTAR,Normal Goal,1552118
08/08/2026,Eredivisie,2026/2027,NEC NIJMEGEN,TELSTAR,24,1P,R. Mendes,P. Brouwer,,TELSTAR,Normal Goal,1552118
08/08/2026,Eredivisie,2026/2027,NEC NIJMEGEN,TELSTAR,83,2P,K. Sierhuis,D. Tadic,,NEC NIJMEGEN,Normal Goal,1552118
08/08/2026,Eredivisie,2026/2027,GO AHEAD EAGLES,WILLEM II,13,1P,D. Haen,N. Tjoe a On,,WILLEM II,Normal Goal,1552119
08/08/2026,Eredivisie,2026/2027,GO AHEAD EAGLES,WILLEM II,30,1P,S. Tengstedt,M. Meulensteen,,GO AHEAD EAGLES,Normal Goal,1552119
08/08/2026,Eredivisie,2026/2027,GO AHEAD EAGLES,WILLEM II,61,2P,M. Meulensteen,M. Suray,,GO AHEAD EAGLES,Normal Goal,1552119
08/08/2026,Eredivisie,2026/2027,GO AHEAD EAGLES,WILLEM II,63,2P,E. Flataker,V. Edvardsen,,GO AHEAD EAGLES,Normal Goal,1552119
08/08/2026,Eredivisie,2026/2027,GO AHEAD EAGLES,WILLEM II,69,2P,J. Dirksen,M. Suray,,GO AHEAD EAGLES,Normal Goal,1552119
08/08/2026,Eredivisie,2026/2027,PSV EINDHOVEN,FORTUNA SITTARD,42,1P,O. Romeny,,,FORTUNA SITTARD,Normal Goal,1552120
08/08/2026,Eredivisie,2026/2027,PSV EINDHOVEN,FORTUNA SITTARD,55,2P,R. Flamingo,I. Perisic,,PSV EINDHOVEN,Normal Goal,1552120
08/08/2026,Eredivisie,2026/2027,PSV EINDHOVEN,FORTUNA SITTARD,74,2P,N. Fernandez,A. Plea,,PSV EINDHOVEN,Normal Goal,1552120
08/08/2026,Eredivisie,2026/2027,PSV EINDHOVEN,FORTUNA SITTARD,90,2P,E. Michut,,,FORTUNA SITTARD,Normal Goal,1552120
08/08/2026,Eredivisie,2026/2027,AZ ALKMAAR,ADO DEN HAAG,61,2P,R. Daal,,,AZ ALKMAAR,Normal Goal,1552121
08/08/2026,Eredivisie,2026/2027,AZ ALKMAAR,ADO DEN HAAG,68,2P,C. Stengs,K. Smit,,AZ ALKMAAR,Normal Goal,1552121
09/08/2026,Eredivisie,2026/2027,SPARTA ROTTERDAM,FEYENOORD,35,1P,L. Valente,G. Zechiel,,FEYENOORD,Normal Goal,1552122
09/08/2026,Eredivisie,2026/2027,PEC ZWOLLE,AJAX,76,2P,J. Mokio,T. Arokodare,,AJAX,Normal Goal,1552124
09/08/2026,Eredivisie,2026/2027,PEC ZWOLLE,AJAX,90,2P,J. Brandt,M. Godts,,AJAX,Normal Goal,1552124
09/08/2026,Eredivisie,2026/2027,GRONINGEN,UTRECHT,8,1P,B. Willumsson,,,GRONINGEN,Normal Goal,1552123
09/08/2026,Eredivisie,2026/2027,GRONINGEN,UTRECHT,48,2P,T. van Bergen,,,GRONINGEN,Normal Goal,1552123
09/08/2026,Eredivisie,2026/2027,GRONINGEN,UTRECHT,80,2P,A. Blake,D. van den Berg,,UTRECHT,Normal Goal,1552123
09/08/2026,Eredivisie,2026/2027,HEERENVEEN,TWENTE,52,2P,L. Oyen,J. Trenskow,,HEERENVEEN,Normal Goal,1552125
14/08/2026,Eredivisie,2026/2027,TELSTAR,SPARTA ROTTERDAM,6,1P,M. Young,N. Thorisson,,SPARTA ROTTERDAM,Normal Goal,1552126
14/08/2026,Eredivisie,2026/2027,TELSTAR,SPARTA ROTTERDAM,53,2P,N. Thorisson,S. Mito,,SPARTA ROTTERDAM,Normal Goal,1552126
14/08/2026,Eredivisie,2026/2027,TELSTAR,SPARTA ROTTERDAM,90,2P,A. Soualhia,,,TELSTAR,Normal Goal,1552126
14/08/2026,Eredivisie,2026/2027,TELSTAR,SPARTA ROTTERDAM,90,2P,R. van Cruijsen,B. Kuipers,,SPARTA ROTTERDAM,Normal Goal,1552126
15/08/2026,Eredivisie,2026/2027,WILLEM II,NEC NIJMEGEN,45,1P,A. Tahaui,C. Bischoff,,NEC NIJMEGEN,Normal Goal,1552127
15/08/2026,Eredivisie,2026/2027,WILLEM II,NEC NIJMEGEN,54,2P,T. Chery,,,NEC NIJMEGEN,Normal Goal,1552127
15/08/2026,Eredivisie,2026/2027,WILLEM II,NEC NIJMEGEN,64,2P,B. Linssen,,,NEC NIJMEGEN,Normal Goal,1552127
15/08/2026,Eredivisie,2026/2027,WILLEM II,NEC NIJMEGEN,67,2P,K. Sierhuis,T. Chery,,NEC NIJMEGEN,Normal Goal,1552127
15/08/2026,Eredivisie,2026/2027,WILLEM II,NEC NIJMEGEN,77,2P,T. Verheydt,H. ter Avest,,WILLEM II,Normal Goal,1552127
15/08/2026,Eredivisie,2026/2027,UTRECHT,AZ ALKMAAR,45,1P,P. Koopmeiners,,,AZ ALKMAAR,Normal Goal,1552128
15/08/2026,Eredivisie,2026/2027,UTRECHT,AZ ALKMAAR,47,2P,Weslley Patati,K. Smit,,AZ ALKMAAR,Normal Goal,1552128
15/08/2026,Eredivisie,2026/2027,UTRECHT,AZ ALKMAAR,49,2P,M. Meerdink,M. Chavez Garcia,,AZ ALKMAAR,Normal Goal,1552128
15/08/2026,Eredivisie,2026/2027,UTRECHT,AZ ALKMAAR,62,2P,A. Stepanov,Y. Cathline,,UTRECHT,Normal Goal,1552128
15/08/2026,Eredivisie,2026/2027,UTRECHT,AZ ALKMAAR,84,2P,A. Oufkir,M. Chavez Garcia,,AZ ALKMAAR,Normal Goal,1552128
15/08/2026,Eredivisie,2026/2027,EXCELSIOR,PSV EINDHOVEN,5,1P,R. van Bommel,,,PSV EINDHOVEN,Normal Goal,1552129
15/08/2026,Eredivisie,2026/2027,EXCELSIOR,PSV EINDHOVEN,54,2P,C. Widell,I. Yegoian,,EXCELSIOR,Normal Goal,1552129
15/08/2026,Eredivisie,2026/2027,EXCELSIOR,PSV EINDHOVEN,56,2P,R. Pepi,S. Dest,,PSV EINDHOVEN,Normal Goal,1552129
15/08/2026,Eredivisie,2026/2027,FORTUNA SITTARD,CAMBUUR,6,1P,P. Brittijn,M. Ihattaren,,FORTUNA SITTARD,Normal Goal,1552130
15/08/2026,Eredivisie,2026/2027,FORTUNA SITTARD,CAMBUUR,15,1P,L. Zeefuik,J. Dahlhaus,,FORTUNA SITTARD,Normal Goal,1552130
15/08/2026,Eredivisie,2026/2027,FORTUNA SITTARD,CAMBUUR,22,1P,R. El Arguioui,N. Souren,,CAMBUUR,Normal Goal,1552130
15/08/2026,Eredivisie,2026/2027,FORTUNA SITTARD,CAMBUUR,90,2P,S. Zand,I. Pinto,,FORTUNA SITTARD,Normal Goal,1552130
16/08/2026,Eredivisie,2026/2027,ADO DEN HAAG,GRONINGEN,15,1P,T. van Bergen,,,GRONINGEN,Normal Goal,1552131
16/08/2026,Eredivisie,2026/2027,ADO DEN HAAG,GRONINGEN,30,1P,B. Willumsson,E. Vaessen,,GRONINGEN,Normal Goal,1552131
16/08/2026,Eredivisie,2026/2027,ADO DEN HAAG,GRONINGEN,45,1P,D. van der Werff,T. Land,,GRONINGEN,Normal Goal,1552131
16/08/2026,Eredivisie,2026/2027,ADO DEN HAAG,GRONINGEN,55,2P,Y. Eduardo,F. de Bruin,,ADO DEN HAAG,Normal Goal,1552131
16/08/2026,Eredivisie,2026/2027,ADO DEN HAAG,GRONINGEN,81,2P,N. Eggens,T. van Bergen,,GRONINGEN,Normal Goal,1552131
16/08/2026,Eredivisie,2026/2027,FEYENOORD,GO AHEAD EAGLES,32,1P,G. Zechiel,A. Ueda,,FEYENOORD,Normal Goal,1552132
16/08/2026,Eredivisie,2026/2027,FEYENOORD,GO AHEAD EAGLES,38,1P,A. Ueda,A. Hadj Moussa,,FEYENOORD,Normal Goal,1552132
16/08/2026,Eredivisie,2026/2027,FEYENOORD,GO AHEAD EAGLES,63,2P,S. Tengstedt,E. Linthorst,,GO AHEAD EAGLES,Normal Goal,1552132
16/08/2026,Eredivisie,2026/2027,FEYENOORD,GO AHEAD EAGLES,80,2P,S. I. Sigurdarson,,,GO AHEAD EAGLES,Normal Goal,1552132
16/08/2026,Eredivisie,2026/2027,TWENTE,PEC ZWOLLE,21,1P,E. Sorensen,T. Oosting,,PEC ZWOLLE,Normal Goal,1552133
16/08/2026,Eredivisie,2026/2027,TWENTE,PEC ZWOLLE,38,1P,D. Weidmann,S. Orjasaeter,,TWENTE,Normal Goal,1552133
16/08/2026,Eredivisie,2026/2027,TWENTE,PEC ZWOLLE,59,2P,D. Mbayo,,,TWENTE,Own Goal,1552133
16/08/2026,Eredivisie,2026/2027,TWENTE,PEC ZWOLLE,69,2P,D. Rots,R. Zerrouki,,TWENTE,Normal Goal,1552133
16/08/2026,Eredivisie,2026/2027,AJAX,HEERENVEEN,7,1P,B. Klaverboer,,,AJAX,Own Goal,1552134
16/08/2026,Eredivisie,2026/2027,AJAX,HEERENVEEN,33,1P,A. Ouazane,Caio Henrique,,AJAX,Normal Goal,1552134
16/08/2026,Eredivisie,2026/2027,AJAX,HEERENVEEN,45,1P,J. Trenskow,S. Kersten,,HEERENVEEN,Normal Goal,1552134
16/08/2026,Eredivisie,2026/2027,AJAX,HEERENVEEN,82,2P,M. Rivera,,,HEERENVEEN,Normal Goal,1552134
22/08/2026,Eredivisie,2026/2027,FORTUNA SITTARD,AZ ALKMAAR,58,2P,J. Hornkamp,,,AZ ALKMAAR,Normal Goal,1552135
22/08/2026,Eredivisie,2026/2027,FORTUNA SITTARD,AZ ALKMAAR,90,2P,J. Hornkamp,C. Stengs,,AZ ALKMAAR,Normal Goal,1552135
22/08/2026,Eredivisie,2026/2027,SPARTA ROTTERDAM,UTRECHT,16,1P,M. Didden,Y. Cathline,,UTRECHT,Normal Goal,1552137
22/08/2026,Eredivisie,2026/2027,SPARTA ROTTERDAM,UTRECHT,45,1P,M. Young,B. Kuipers,,SPARTA ROTTERDAM,Normal Goal,1552137
22/08/2026,Eredivisie,2026/2027,SPARTA ROTTERDAM,UTRECHT,46,2P,A. Stepanov,N. Vesterlund,,UTRECHT,Normal Goal,1552137
22/08/2026,Eredivisie,2026/2027,SPARTA ROTTERDAM,UTRECHT,67,2P,M. Zonneveld,S. Mito,,SPARTA ROTTERDAM,Normal Goal,1552137
22/08/2026,Eredivisie,2026/2027,SPARTA ROTTERDAM,UTRECHT,76,2P,A. Blake,,,UTRECHT,Normal Goal,1552137
22/08/2026,Eredivisie,2026/2027,SPARTA ROTTERDAM,UTRECHT,90,2P,N. Verschuren,J. Ideho,,SPARTA ROTTERDAM,Normal Goal,1552137
22/08/2026,Eredivisie,2026/2027,HEERENVEEN,PEC ZWOLLE,50,2P,N. Viergever,D. Mbayo,,PEC ZWOLLE,Normal Goal,1552138
22/08/2026,Eredivisie,2026/2027,HEERENVEEN,PEC ZWOLLE,61,2P,K. Kostons,D. Mbayo,,PEC ZWOLLE,Normal Goal,1552138
23/08/2026,Eredivisie,2026/2027,GO AHEAD EAGLES,ADO DEN HAAG,38,1P,S. Tengstedt,A. Sampsted,,GO AHEAD EAGLES,Normal Goal,1552139
23/08/2026,Eredivisie,2026/2027,GO AHEAD EAGLES,ADO DEN HAAG,64,2P,V. Edvardsen,S. Tengstedt,,GO AHEAD EAGLES,Normal Goal,1552139
23/08/2026,Eredivisie,2026/2027,GO AHEAD EAGLES,ADO DEN HAAG,78,2P,E. Rottier,M. Hokke,,ADO DEN HAAG,Normal Goal,1552139
23/08/2026,Eredivisie,2026/2027,GO AHEAD EAGLES,ADO DEN HAAG,90,2P,S. I. Sigurdarson,D. James,,GO AHEAD EAGLES,Normal Goal,1552139
23/08/2026,Eredivisie,2026/2027,PSV EINDHOVEN,GRONINGEN,9,1P,B. Willumsson,T. van Bergen,,GRONINGEN,Normal Goal,1552140
23/08/2026,Eredivisie,2026/2027,PSV EINDHOVEN,GRONINGEN,11,1P,T. Blokzijl,,,PSV EINDHOVEN,Own Goal,1552140
23/08/2026,Eredivisie,2026/2027,PSV EINDHOVEN,GRONINGEN,35,1P,I. Perisic,,,PSV EINDHOVEN,Normal Goal,1552140
23/08/2026,Eredivisie,2026/2027,PSV EINDHOVEN,GRONINGEN,45,1P,R. Pepi,,,PSV EINDHOVEN,Penalty,1552140
23/08/2026,Eredivisie,2026/2027,PSV EINDHOVEN,GRONINGEN,53,2P,I. Perisic,Mauro Junior,,PSV EINDHOVEN,Normal Goal,1552140
23/08/2026,Eredivisie,2026/2027,PSV EINDHOVEN,GRONINGEN,56,2P,S. Dest,R. van Bommel,,PSV EINDHOVEN,Normal Goal,1552140
23/08/2026,Eredivisie,2026/2027,CAMBUUR,FEYENOORD,17,1P,G. Zechiel,,,FEYENOORD,Normal Goal,1552141
23/08/2026,Eredivisie,2026/2027,CAMBUUR,FEYENOORD,26,1P,L. Valente,G. Diarra,,FEYENOORD,Normal Goal,1552141
23/08/2026,Eredivisie,2026/2027,CAMBUUR,FEYENOORD,42,1P,T. Jansen,,,FEYENOORD,Own Goal,1552141
23/08/2026,Eredivisie,2026/2027,CAMBUUR,FEYENOORD,45,1P,A. Ueda,,,FEYENOORD,Penalty,1552141
23/08/2026,Eredivisie,2026/2027,CAMBUUR,FEYENOORD,70,2P,R. El Arguioui,N. Binder,,CAMBUUR,Normal Goal,1552141
23/08/2026,Eredivisie,2026/2027,CAMBUUR,FEYENOORD,80,2P,R. El Arguioui,,,CAMBUUR,Normal Goal,1552141
23/08/2026,Eredivisie,2026/2027,CAMBUUR,FEYENOORD,83,2P,G. Zechiel,J. Lotomba,,FEYENOORD,Normal Goal,1552141
28/08/2026,Eredivisie,2026/2027,GRONINGEN,FORTUNA SITTARD,12,1P,M. Ihattaren,L. Zeefuik,,FORTUNA SITTARD,Normal Goal,1552144
28/08/2026,Eredivisie,2026/2027,GRONINGEN,FORTUNA SITTARD,19,1P,D. van der Werff,J. Schreuders,,GRONINGEN,Normal Goal,1552144
28/08/2026,Eredivisie,2026/2027,GRONINGEN,FORTUNA SITTARD,28,1P,L. Zeefuik,E. Michut,,FORTUNA SITTARD,Normal Goal,1552144
28/08/2026,Eredivisie,2026/2027,GRONINGEN,FORTUNA SITTARD,72,2P,A. Descotte,E. Michut,,FORTUNA SITTARD,Normal Goal,1552144
28/08/2026,Eredivisie,2026/2027,GRONINGEN,FORTUNA SITTARD,87,2P,J. Hubner,,,GRONINGEN,Own Goal,1552144
07/08/2026,Liga Portugal,2026/2027,ESTORIL,FAMALICAO,32,1P,G. Koutsias,Gil Dias,,FAMALICAO,Normal Goal,1575447
07/08/2026,Liga Portugal,2026/2027,ESTORIL,FAMALICAO,72,2P,Y. Begraoui,P. Carvalho,,ESTORIL,Normal Goal,1575447
08/08/2026,Liga Portugal,2026/2027,MARITIMO,CASA PIA,61,2P,Raphael Guzzo,M. Tejon,,MARITIMO,Normal Goal,1575451
08/08/2026,Liga Portugal,2026/2027,VITORIA SC,AROUCA,53,2P,I. Barbero,N. Djouahra,,AROUCA,Normal Goal,1575454
08/08/2026,Liga Portugal,2026/2027,ESTRELA,SPORTING CP,46,2P,R. Zalazar,G. Catamo,,SPORTING CP,Normal Goal,1575448
08/08/2026,Liga Portugal,2026/2027,ESTRELA,SPORTING CP,59,2P,F. Ioannidis,R. Zalazar,,SPORTING CP,Normal Goal,1575448
08/08/2026,Liga Portugal,2026/2027,ESTRELA,SPORTING CP,72,2P,L. Antonetti,I. Stoica,,ESTRELA,Normal Goal,1575448
08/08/2026,Liga Portugal,2026/2027,ESTRELA,SPORTING CP,84,2P,R. Silva,,,ESTRELA,Own Goal,1575448
09/08/2026,Liga Portugal,2026/2027,FC PORTO,ALVERCA,9,1P,Andre Silva,,,FC PORTO,Penalty,1575449
09/08/2026,Liga Portugal,2026/2027,FC PORTO,ALVERCA,44,1P,G. Veiga,,,FC PORTO,Penalty,1575449
09/08/2026,Liga Portugal,2026/2027,BENFICA,ACADEMICO VISEU,10,1P,V. Pavlidis,G. Prestianni,,BENFICA,Normal Goal,1575446
09/08/2026,Liga Portugal,2026/2027,BENFICA,ACADEMICO VISEU,55,2P,R. Pereira,C. Kahraman,,ACADEMICO VISEU,Normal Goal,1575446
09/08/2026,Liga Portugal,2026/2027,BENFICA,ACADEMICO VISEU,58,2P,G. Prestianni,E. Barrenechea,,BENFICA,Normal Goal,1575446
09/08/2026,Liga Portugal,2026/2027,BENFICA,ACADEMICO VISEU,67,2P,Andre Clovis,Robinho,,ACADEMICO VISEU,Normal Goal,1575446
09/08/2026,Liga Portugal,2026/2027,MOREIRENSE,SC BRAGA,7,1P,F. Navarro,Vitor Carvalho,,SC BRAGA,Normal Goal,1575452
09/08/2026,Liga Portugal,2026/2027,MOREIRENSE,SC BRAGA,8,1P,N. John,A. Duville-Parsemain,,MOREIRENSE,Normal Goal,1575452
09/08/2026,Liga Portugal,2026/2027,MOREIRENSE,SC BRAGA,66,2P,P. Victor,D. E. Tiknaz,,SC BRAGA,Normal Goal,1575452
09/08/2026,Liga Portugal,2026/2027,MOREIRENSE,SC BRAGA,90,2P,J. Veloso,,,MOREIRENSE,Normal Goal,1575452
09/08/2026,Liga Portugal,2026/2027,GIL VICENTE,RIO AVE,87,2P,H. Hernandez,,,GIL VICENTE,Penalty,1575450
10/08/2026,Liga Portugal,2026/2027,SANTA CLARA,NACIONAL,19,1P,G. Paciencia,,,SANTA CLARA,Normal Goal,1575453
10/08/2026,Liga Portugal,2026/2027,SANTA CLARA,NACIONAL,21,1P,G. Paciencia,Diogo Calila,,SANTA CLARA,Normal Goal,1575453
10/08/2026,Liga Portugal,2026/2027,SANTA CLARA,NACIONAL,36,1P,Liziero,,,NACIONAL,Penalty,1575453
10/08/2026,Liga Portugal,2026/2027,SANTA CLARA,NACIONAL,45,1P,M. Baeza,,,NACIONAL,Normal Goal,1575453
14/08/2026,Liga Portugal,2026/2027,SPORTING CP,VITORIA SC,9,1P,F. Goncalves,F. Ioannidis,,SPORTING CP,Normal Goal,1575463
14/08/2026,Liga Portugal,2026/2027,SPORTING CP,VITORIA SC,22,1P,F. Ioannidis,G. Catamo,,SPORTING CP,Normal Goal,1575463
14/08/2026,Liga Portugal,2026/2027,SPORTING CP,VITORIA SC,41,1P,S. Altimira,F. Ioannidis,,SPORTING CP,Normal Goal,1575463
14/08/2026,Liga Portugal,2026/2027,SPORTING CP,VITORIA SC,66,2P,Samu,M. Nogueira,,VITORIA SC,Normal Goal,1575463
14/08/2026,Liga Portugal,2026/2027,SPORTING CP,VITORIA SC,68,2P,A. Ndoye,T. Strata,,VITORIA SC,Normal Goal,1575463
15/08/2026,Liga Portugal,2026/2027,ALVERCA,ESTRELA,51,2P,L. Antonetti,Rafa Soares,,ESTRELA,Normal Goal,1575456
15/08/2026,Liga Portugal,2026/2027,ALVERCA,ESTRELA,58,2P,Ian Luccas,I. James,,ALVERCA,Normal Goal,1575456
15/08/2026,Liga Portugal,2026/2027,ALVERCA,ESTRELA,62,2P,V. Semedo,Rayan Lucas,,ALVERCA,Normal Goal,1575456
15/08/2026,Liga Portugal,2026/2027,ALVERCA,ESTRELA,69,2P,A. Marcus,Rafa Soares,,ESTRELA,Normal Goal,1575456
15/08/2026,Liga Portugal,2026/2027,ACADEMICO VISEU,SANTA CLARA,14,1P,G. Paciencia,,,SANTA CLARA,Penalty,1575455
15/08/2026,Liga Portugal,2026/2027,RIO AVE,FC PORTO,11,1P,N. Perez,G. Veiga,,FC PORTO,Normal Goal,1575462
15/08/2026,Liga Portugal,2026/2027,RIO AVE,FC PORTO,82,2P,B. Sainz,Hwang In-Beom,,FC PORTO,Normal Goal,1575462
16/08/2026,Liga Portugal,2026/2027,NACIONAL,ESTORIL,68,2P,Ze Vitor,Leo Santos,,NACIONAL,Normal Goal,1575461
16/08/2026,Liga Portugal,2026/2027,NACIONAL,ESTORIL,77,2P,Leo Santos,Daniel Junior,,NACIONAL,Normal Goal,1575461
16/08/2026,Liga Portugal,2026/2027,AROUCA,MOREIRENSE,23,1P,Maracas,,,AROUCA,Own Goal,1575457
16/08/2026,Liga Portugal,2026/2027,AROUCA,MOREIRENSE,30,1P,J. Fontan,H. Lee,,AROUCA,Normal Goal,1575457
16/08/2026,Liga Portugal,2026/2027,AROUCA,MOREIRENSE,45,1P,I. Barbero,N. Djouahra,,AROUCA,Normal Goal,1575457
16/08/2026,Liga Portugal,2026/2027,AROUCA,MOREIRENSE,90,2P,D. Nandin,N. Djouahra,,AROUCA,Normal Goal,1575457
16/08/2026,Liga Portugal,2026/2027,FAMALICAO,MARITIMO,8,1P,F. van Breemen,O. Aranda,,FAMALICAO,Normal Goal,1575460
16/08/2026,Liga Portugal,2026/2027,FAMALICAO,MARITIMO,21,1P,S. Bouzaidi,,,MARITIMO,Normal Goal,1575460
16/08/2026,Liga Portugal,2026/2027,FAMALICAO,MARITIMO,90,2P,M. Boakye,,,MARITIMO,Normal Goal,1575460
17/08/2026,Liga Portugal,2026/2027,CASA PIA,BENFICA,3,1P,G. Prestianni,,,BENFICA,Normal Goal,1575459
17/08/2026,Liga Portugal,2026/2027,CASA PIA,BENFICA,14,1P,Rafa Silva,V. Pavlidis,,BENFICA,Normal Goal,1575459
17/08/2026,Liga Portugal,2026/2027,CASA PIA,BENFICA,47,2P,V. Pavlidis,,,BENFICA,Normal Goal,1575459
17/08/2026,Liga Portugal,2026/2027,CASA PIA,BENFICA,49,2P,V. Pavlidis,,,BENFICA,Normal Goal,1575459
17/08/2026,Liga Portugal,2026/2027,CASA PIA,BENFICA,54,2P,V. Pavlidis,L. Barreiro,,BENFICA,Normal Goal,1575459
17/08/2026,Liga Portugal,2026/2027,CASA PIA,BENFICA,58,2P,L. Ofori,,,BENFICA,Own Goal,1575459
17/08/2026,Liga Portugal,2026/2027,CASA PIA,BENFICA,61,2P,J. Duran,A. Bah,,BENFICA,Normal Goal,1575459
22/08/2026,Liga Portugal,2026/2027,MARITIMO,ACADEMICO VISEU,25,1P,Andre Clovis,A. Correia,,ACADEMICO VISEU,Normal Goal,1575468
22/08/2026,Liga Portugal,2026/2027,MARITIMO,ACADEMICO VISEU,45,1P,S. Messeguem,,,ACADEMICO VISEU,Normal Goal,1575468
22/08/2026,Liga Portugal,2026/2027,MARITIMO,ACADEMICO VISEU,70,2P,P. Henrique,,,MARITIMO,Normal Goal,1575468
22/08/2026,Liga Portugal,2026/2027,MARITIMO,ACADEMICO VISEU,88,2P,A. Butzke,,,MARITIMO,Penalty,1575468
22/08/2026,Liga Portugal,2026/2027,ESTORIL,RIO AVE,15,1P,J. Blesa,Diogo Bezerra,,RIO AVE,Normal Goal,1575464
22/08/2026,Liga Portugal,2026/2027,ESTORIL,RIO AVE,72,2P,Tamble,J. Blesa,,RIO AVE,Normal Goal,1575464
22/08/2026,Liga Portugal,2026/2027,SPORTING CP,ALVERCA,2,1P,M. Araujo,,,SPORTING CP,Normal Goal,1575471
22/08/2026,Liga Portugal,2026/2027,SPORTING CP,ALVERCA,55,2P,Matheus Mendes,,,SPORTING CP,Own Goal,1575471
22/08/2026,Liga Portugal,2026/2027,SPORTING CP,ALVERCA,60,2P,L. Suarez,G. Catamo,,SPORTING CP,Normal Goal,1575471
22/08/2026,Liga Portugal,2026/2027,SPORTING CP,ALVERCA,88,2P,Figueiredo,V. Moreira,,ALVERCA,Normal Goal,1575471
23/08/2026,Liga Portugal,2026/2027,VITORIA SC,NACIONAL,4,1P,Gustavo,M. Nogueira,,VITORIA SC,Normal Goal,1575472
23/08/2026,Liga Portugal,2026/2027,VITORIA SC,NACIONAL,49,2P,Samu,,,VITORIA SC,Missed Penalty,1575472
23/08/2026,Liga Portugal,2026/2027,SANTA CLARA,FAMALICAO,22,1P,G. Paciencia,Sorriso,,SANTA CLARA,Normal Goal,1575470
23/08/2026,Liga Portugal,2026/2027,FC PORTO,AROUCA,67,2P,G. Veiga,William Gomes,,FC PORTO,Normal Goal,1575466
23/08/2026,Liga Portugal,2026/2027,FC PORTO,AROUCA,86,2P,B. Sainz,Pepe,,FC PORTO,Normal Goal,1575466
24/08/2026,Liga Portugal,2026/2027,GIL VICENTE,CASA PIA,20,1P,G. Pinto Martins,H. Hernandez,,GIL VICENTE,Normal Goal,1575467
24/08/2026,Liga Portugal,2026/2027,GIL VICENTE,CASA PIA,45,1P,H. Hernandez,,,GIL VICENTE,Penalty,1575467
28/08/2026,Liga Portugal,2026/2027,RIO AVE,SPORTING CP,5,1P,F. Goncalves,I. Doumbia,,SPORTING CP,Normal Goal,1575481
28/08/2026,Liga Portugal,2026/2027,RIO AVE,SPORTING CP,19,1P,G. Catamo,F. Goncalves,,SPORTING CP,Normal Goal,1575481
28/08/2026,Liga Portugal,2026/2027,RIO AVE,SPORTING CP,26,1P,L. Suarez,,,SPORTING CP,Normal Goal,1575481
28/08/2026,Liga Portugal,2026/2027,RIO AVE,SPORTING CP,37,1P,L. Suarez,M. Araujo,,SPORTING CP,Normal Goal,1575481
07/08/2026,Jupiler Pro League,2026/2027,CLUB BRUGGE KV,KORTRIJK,30,1P,H. Vetlesen,,,CLUB BRUGGE KV,Normal Goal,1558581
07/08/2026,Jupiler Pro League,2026/2027,CLUB BRUGGE KV,KORTRIJK,68,2P,C. Forbs,M. Diakhon,,CLUB BRUGGE KV,Normal Goal,1558581
07/08/2026,Jupiler Pro League,2026/2027,CLUB BRUGGE KV,KORTRIJK,74,2P,N. Tresoldi,,,CLUB BRUGGE KV,Penalty,1558581
08/08/2026,Jupiler Pro League,2026/2027,STANDARD LIEGE,CERCLE BRUGGE,41,1P,L. Mondele,D. Vanzeir,,CERCLE BRUGGE,Normal Goal,1558583
08/08/2026,Jupiler Pro League,2026/2027,STANDARD LIEGE,CERCLE BRUGGE,45,1P,D. Eckert,A. Abid,,STANDARD LIEGE,Normal Goal,1558583
08/08/2026,Jupiler Pro League,2026/2027,STANDARD LIEGE,CERCLE BRUGGE,48,2P,D. Eckert,C. Nielsen,,STANDARD LIEGE,Normal Goal,1558583
08/08/2026,Jupiler Pro League,2026/2027,STANDARD LIEGE,CERCLE BRUGGE,88,2P,C. Ravych,,,CERCLE BRUGGE,Normal Goal,1558583
08/08/2026,Jupiler Pro League,2026/2027,KVC WESTERLO,UNION ST. GILLOISE,13,1P,N. Bassette,I. Sakamoto,,KVC WESTERLO,Normal Goal,1558585
08/08/2026,Jupiler Pro League,2026/2027,KVC WESTERLO,UNION ST. GILLOISE,28,1P,P. David,B. Zeneli,,UNION ST. GILLOISE,Normal Goal,1558585
08/08/2026,Jupiler Pro League,2026/2027,KVC WESTERLO,UNION ST. GILLOISE,57,2P,R. Florucz,P. David,,UNION ST. GILLOISE,Normal Goal,1558585
08/08/2026,Jupiler Pro League,2026/2027,KVC WESTERLO,UNION ST. GILLOISE,64,2P,R. Mofokeng,R. Schoofs,,UNION ST. GILLOISE,Normal Goal,1558585
08/08/2026,Jupiler Pro League,2026/2027,KVC WESTERLO,UNION ST. GILLOISE,81,2P,Guilherme Smith,M. Fuseini,,UNION ST. GILLOISE,Normal Goal,1558585
08/08/2026,Jupiler Pro League,2026/2027,KVC WESTERLO,UNION ST. GILLOISE,84,2P,D. Olaru,,,UNION ST. GILLOISE,Normal Goal,1558585
08/08/2026,Jupiler Pro League,2026/2027,ST. TRUIDEN,LOMMEL UNITED,24,1P,R. Seuntjens,,,LOMMEL UNITED,Penalty,1558584
08/08/2026,Jupiler Pro League,2026/2027,ST. TRUIDEN,LOMMEL UNITED,64,2P,I. Sebaoui,N. Ishiwatari,,ST. TRUIDEN,Normal Goal,1558584
09/08/2026,Jupiler Pro League,2026/2027,GENT,KV MECHELEN,37,1P,T. Araujo,,,GENT,Normal Goal,1558586
09/08/2026,Jupiler Pro League,2026/2027,GENT,KV MECHELEN,45,1P,J. Vergara,M. Sonko,,GENT,Normal Goal,1558586
09/08/2026,Jupiler Pro League,2026/2027,ZULTE WAREGEM,GENK,39,1P,R. Durosinmi,J. Ito,,GENK,Normal Goal,1558587
09/08/2026,Jupiler Pro League,2026/2027,ZULTE WAREGEM,GENK,82,2P,M. Ake,,,ZULTE WAREGEM,Normal Goal,1558587
09/08/2026,Jupiler Pro League,2026/2027,ZULTE WAREGEM,GENK,86,2P,S. Ujka,A. Ementa,,ZULTE WAREGEM,Normal Goal,1558587
09/08/2026,Jupiler Pro League,2026/2027,CHARLEROI,OH LEUVEN,24,1P,P. Guiagon,,,CHARLEROI,Penalty,1558582
09/08/2026,Jupiler Pro League,2026/2027,CHARLEROI,OH LEUVEN,39,1P,O. Gil,W. George,,OH LEUVEN,Normal Goal,1558582
09/08/2026,Jupiler Pro League,2026/2027,CHARLEROI,OH LEUVEN,59,2P,K. Van Den Kerkhof,,,CHARLEROI,Normal Goal,1558582
09/08/2026,Jupiler Pro League,2026/2027,CHARLEROI,OH LEUVEN,79,2P,F. Mbemba,I. Cisse,,CHARLEROI,Normal Goal,1558582
09/08/2026,Jupiler Pro League,2026/2027,ANDERLECHT,RAAL LA LOUVIERE,54,2P,M. Isah,,,RAAL LA LOUVIERE,Normal Goal,1558588
09/08/2026,Jupiler Pro League,2026/2027,ANDERLECHT,RAAL LA LOUVIERE,69,2P,K. Nga,A. Maamar,,ANDERLECHT,Normal Goal,1558588
09/08/2026,Jupiler Pro League,2026/2027,ANDERLECHT,RAAL LA LOUVIERE,90,2P,A. Bertaccini,,,ANDERLECHT,Normal Goal,1558588
09/08/2026,Jupiler Pro League,2026/2027,ANTWERP,SK BEVEREN,29,1P,C. Lokesa,C. Bruls,,SK BEVEREN,Normal Goal,1558589
09/08/2026,Jupiler Pro League,2026/2027,ANTWERP,SK BEVEREN,62,2P,M. Frey,J. Ahoka,,ANTWERP,Normal Goal,1558589
09/08/2026,Jupiler Pro League,2026/2027,ANTWERP,SK BEVEREN,86,2P,M. Frey,T. Somers,,ANTWERP,Normal Goal,1558589
14/08/2026,Jupiler Pro League,2026/2027,CERCLE BRUGGE,ST. TRUIDEN,1,1P,R. Merlen,I. Sebaoui,,ST. TRUIDEN,Normal Goal,1558590
14/08/2026,Jupiler Pro League,2026/2027,CERCLE BRUGGE,ST. TRUIDEN,28,1P,S. Ngoura,,,CERCLE BRUGGE,Normal Goal,1558590
14/08/2026,Jupiler Pro League,2026/2027,CERCLE BRUGGE,ST. TRUIDEN,37,1P,R. Merlen,R. Vanwesemael,,ST. TRUIDEN,Normal Goal,1558590
14/08/2026,Jupiler Pro League,2026/2027,CERCLE BRUGGE,ST. TRUIDEN,47,2P,N. Ishiwatari,I. Sebaoui,,ST. TRUIDEN,Normal Goal,1558590
14/08/2026,Jupiler Pro League,2026/2027,CERCLE BRUGGE,ST. TRUIDEN,82,2P,Erick Nunes,,,CERCLE BRUGGE,Normal Goal,1558590
14/08/2026,Jupiler Pro League,2026/2027,CERCLE BRUGGE,ST. TRUIDEN,90,2P,L. Mbe Soh,,,CERCLE BRUGGE,Own Goal,1558590
15/08/2026,Jupiler Pro League,2026/2027,KORTRIJK,ANTWERP,31,1P,A. Valencia,,,ANTWERP,Normal Goal,1558592
15/08/2026,Jupiler Pro League,2026/2027,KORTRIJK,ANTWERP,65,2P,A. Valencia,E. Tuypens,,ANTWERP,Normal Goal,1558592
15/08/2026,Jupiler Pro League,2026/2027,KORTRIJK,ANTWERP,80,2P,R. Van Helden,X. Dierckx,,ANTWERP,Normal Goal,1558592
15/08/2026,Jupiler Pro League,2026/2027,OH LEUVEN,CLUB BRUGGE KV,26,1P,M. Diakhon,C. Forbs,,CLUB BRUGGE KV,Normal Goal,1558594
15/08/2026,Jupiler Pro League,2026/2027,OH LEUVEN,CLUB BRUGGE KV,60,2P,B. Mechele,M. Diakhon,,CLUB BRUGGE KV,Normal Goal,1558594
15/08/2026,Jupiler Pro League,2026/2027,OH LEUVEN,CLUB BRUGGE KV,83,2P,N. Tresoldi,F. Lemarechal,,CLUB BRUGGE KV,Normal Goal,1558594
15/08/2026,Jupiler Pro League,2026/2027,GENK,KVC WESTERLO,6,1P,D. Ourega,C. Congreve,,KVC WESTERLO,Normal Goal,1558593
15/08/2026,Jupiler Pro League,2026/2027,GENK,KVC WESTERLO,13,1P,M. Smets,,,KVC WESTERLO,Own Goal,1558593
15/08/2026,Jupiler Pro League,2026/2027,GENK,KVC WESTERLO,41,1P,R. Durosinmi,,,GENK,Penalty,1558593
15/08/2026,Jupiler Pro League,2026/2027,GENK,KVC WESTERLO,43,1P,B. Heynen,A. Yokoyama,,GENK,Normal Goal,1558593
15/08/2026,Jupiler Pro League,2026/2027,GENK,KVC WESTERLO,79,2P,A. Bibout,,,GENK,Normal Goal,1558593
16/08/2026,Jupiler Pro League,2026/2027,SK BEVEREN,ANDERLECHT,14,1P,Y. Gomis,F. Slegers,,SK BEVEREN,Normal Goal,1558595
16/08/2026,Jupiler Pro League,2026/2027,RAAL LA LOUVIERE,GENT,10,1P,M. Isah,M. Wade,,RAAL LA LOUVIERE,Normal Goal,1558596
16/08/2026,Jupiler Pro League,2026/2027,RAAL LA LOUVIERE,GENT,20,1P,M. Sonko,,,GENT,Normal Goal,1558596
16/08/2026,Jupiler Pro League,2026/2027,RAAL LA LOUVIERE,GENT,46,2P,I. Cisse,S. Van Der Heyden,,GENT,Normal Goal,1558596
16/08/2026,Jupiler Pro League,2026/2027,KV MECHELEN,STANDARD LIEGE,9,1P,B. Nguene,M. Fossey,,STANDARD LIEGE,Normal Goal,1558597
16/08/2026,Jupiler Pro League,2026/2027,KV MECHELEN,STANDARD LIEGE,24,1P,A. Abid,C. Nielsen,,STANDARD LIEGE,Normal Goal,1558597
16/08/2026,Jupiler Pro League,2026/2027,KV MECHELEN,STANDARD LIEGE,45,1P,T. Koudou,M. Lohunanu-Mbasi,,KV MECHELEN,Normal Goal,1558597
16/08/2026,Jupiler Pro League,2026/2027,KV MECHELEN,STANDARD LIEGE,65,2P,A. Abid,C. Nielsen,,STANDARD LIEGE,Normal Goal,1558597
16/08/2026,Jupiler Pro League,2026/2027,KV MECHELEN,STANDARD LIEGE,89,2P,M. van Brederode,,,KV MECHELEN,Penalty,1558597
16/08/2026,Jupiler Pro League,2026/2027,KV MECHELEN,STANDARD LIEGE,90,2P,M. van Brederode,,,KV MECHELEN,Penalty,1558597
16/08/2026,Jupiler Pro League,2026/2027,LOMMEL UNITED,CHARLEROI,63,2P,A. Boukamir,,,CHARLEROI,Normal Goal,1558598
21/08/2026,Jupiler Pro League,2026/2027,STANDARD LIEGE,RAAL LA LOUVIERE,68,2P,S. Drammeh,B. Nguene,,STANDARD LIEGE,Normal Goal,1558599
21/08/2026,Jupiler Pro League,2026/2027,STANDARD LIEGE,RAAL LA LOUVIERE,73,2P,S. Drammeh,,,STANDARD LIEGE,Normal Goal,1558599
22/08/2026,Jupiler Pro League,2026/2027,ZULTE WAREGEM,SK BEVEREN,21,1P,T. Claes,,,ZULTE WAREGEM,Normal Goal,1558600
22/08/2026,Jupiler Pro League,2026/2027,ZULTE WAREGEM,SK BEVEREN,35,1P,Z. Atrok,T. Hedl,,ZULTE WAREGEM,Normal Goal,1558600
22/08/2026,Jupiler Pro League,2026/2027,ZULTE WAREGEM,SK BEVEREN,55,2P,Z. Atrok,T. Hedl,,ZULTE WAREGEM,Normal Goal,1558600
22/08/2026,Jupiler Pro League,2026/2027,ZULTE WAREGEM,SK BEVEREN,60,2P,A. Ementa,Y. Cappelle,,ZULTE WAREGEM,Normal Goal,1558600
22/08/2026,Jupiler Pro League,2026/2027,CHARLEROI,KV MECHELEN,35,1P,A. Ousou,P. Pflucke,,CHARLEROI,Normal Goal,1558601
22/08/2026,Jupiler Pro League,2026/2027,CHARLEROI,KV MECHELEN,77,2P,K. Van Den Kerkhof,A. Colassin,,CHARLEROI,Normal Goal,1558601
22/08/2026,Jupiler Pro League,2026/2027,ANTWERP,GENK,16,1P,A. Valencia,C. Scott,,ANTWERP,Normal Goal,1558602
22/08/2026,Jupiler Pro League,2026/2027,ANTWERP,GENK,31,1P,J. Kongolo,I. Bangoura,,GENK,Normal Goal,1558602
22/08/2026,Jupiler Pro League,2026/2027,ANTWERP,GENK,48,2P,R. Durosinmi,J. Erenbjerg,,GENK,Normal Goal,1558602
22/08/2026,Jupiler Pro League,2026/2027,ANTWERP,GENK,57,2P,A. Yokoyama,J. Erenbjerg,,GENK,Normal Goal,1558602
22/08/2026,Jupiler Pro League,2026/2027,ANTWERP,GENK,70,2P,A. Bibout,J. Afriyie,,GENK,Normal Goal,1558602
22/08/2026,Jupiler Pro League,2026/2027,ANTWERP,GENK,80,2P,E. Tuypens,T. Somers,,ANTWERP,Normal Goal,1558602
22/08/2026,Jupiler Pro League,2026/2027,ANTWERP,GENK,86,2P,M. Frey,,,ANTWERP,Penalty,1558602
22/08/2026,Jupiler Pro League,2026/2027,ANTWERP,GENK,88,2P,M. Frey,C. Mejia,,ANTWERP,Normal Goal,1558602
23/08/2026,Jupiler Pro League,2026/2027,LOMMEL UNITED,KVC WESTERLO,30,1P,T. Reyners,J. van Duiven,,LOMMEL UNITED,Normal Goal,1558605
23/08/2026,Jupiler Pro League,2026/2027,LOMMEL UNITED,KVC WESTERLO,45,1P,L. Schoofs,J. van Duiven,,LOMMEL UNITED,Normal Goal,1558605
23/08/2026,Jupiler Pro League,2026/2027,LOMMEL UNITED,KVC WESTERLO,51,2P,D. Konadu,S. Appuah,,LOMMEL UNITED,Normal Goal,1558605
23/08/2026,Jupiler Pro League,2026/2027,LOMMEL UNITED,KVC WESTERLO,89,2P,T. Reyners,J. van Duiven,,LOMMEL UNITED,Normal Goal,1558605
23/08/2026,Jupiler Pro League,2026/2027,CLUB BRUGGE KV,CERCLE BRUGGE,38,1P,N. Tresoldi,C. Forbs,,CLUB BRUGGE KV,Normal Goal,1558606
28/08/2026,Jupiler Pro League,2026/2027,GENK,SK BEVEREN,9,1P,R. Durosinmi,,,GENK,Penalty,1558608
28/08/2026,Jupiler Pro League,2026/2027,GENK,SK BEVEREN,19,1P,J. Ito,,,GENK,Normal Goal,1558608
28/08/2026,Jupiler Pro League,2026/2027,GENK,SK BEVEREN,43,1P,J. Kongolo,J. Erenbjerg,,GENK,Normal Goal,1558608
28/08/2026,Jupiler Pro League,2026/2027,GENK,SK BEVEREN,74,2P,J. Kayembe,N. Adedeji-Sternberg,,GENK,Normal Goal,1558608
14/08/2026,Süper Lig,2026/2027,GALATASARAY,CORUM FK,53,2P,V. Osimhen,L. Torreira,,GALATASARAY,Normal Goal,1584370
14/08/2026,Süper Lig,2026/2027,GALATASARAY,CORUM FK,59,2P,A. Kyziridis,Fredy,,CORUM FK,Normal Goal,1584370
14/08/2026,Süper Lig,2026/2027,GALATASARAY,CORUM FK,61,2P,J. Ramirez,,,CORUM FK,Normal Goal,1584370
14/08/2026,Süper Lig,2026/2027,GALATASARAY,CORUM FK,90,2P,V. Osimhen,Gabriel Sara,,GALATASARAY,Normal Goal,1584370
15/08/2026,Süper Lig,2026/2027,KONYASPOR,RIZESPOR,90,2P,Q. Laci,,,RIZESPOR,Penalty,1584374
15/08/2026,Süper Lig,2026/2027,KASMPASA,TRABZONSPOR,43,1P,N. Saviolo,M. Mimaroglu,,TRABZONSPOR,Normal Goal,1584373
15/08/2026,Süper Lig,2026/2027,KASMPASA,TRABZONSPOR,55,2P,A. Benedyczak,,,KASMPASA,Penalty,1584373
15/08/2026,Süper Lig,2026/2027,GENCLERBIRLIGI S.K.,FENERBAHCE,13,1P,Talisca,L. Mercan,,FENERBAHCE,Normal Goal,1584372
15/08/2026,Süper Lig,2026/2027,GENCLERBIRLIGI S.K.,FENERBAHCE,37,1P,F. Tongya,S. Koita,,GENCLERBIRLIGI S.K.,Normal Goal,1584372
15/08/2026,Süper Lig,2026/2027,GENCLERBIRLIGI S.K.,FENERBAHCE,56,2P,O. Ulgun,A. Dursun,,GENCLERBIRLIGI S.K.,Normal Goal,1584372
15/08/2026,Süper Lig,2026/2027,GAZIANTEP FK,ALANYASPOR,20,1P,Ruan,,,ALANYASPOR,Normal Goal,1584371
15/08/2026,Süper Lig,2026/2027,GAZIANTEP FK,ALANYASPOR,61,2P,D. Sorescu,J. Bacuna,,GAZIANTEP FK,Normal Goal,1584371
16/08/2026,Süper Lig,2026/2027,BASAKSEHIR,KOCAELISPOR,14,1P,C. Operi,A. Fayzullaev,,BASAKSEHIR,Normal Goal,1584368
16/08/2026,Süper Lig,2026/2027,BASAKSEHIR,KOCAELISPOR,72,2P,E. Shomurodov,A. Skov Olsen,,BASAKSEHIR,Normal Goal,1584368
16/08/2026,Süper Lig,2026/2027,BESIKTAS,EYUPSPOR,25,1P,V. Cerny,J. Olaitan,,BESIKTAS,Normal Goal,1584369
16/08/2026,Süper Lig,2026/2027,AMED,ERZURUMSPOR FK,53,2P,D. Saba,L. Dellova,,AMED,Normal Goal,1584367
16/08/2026,Süper Lig,2026/2027,AMED,ERZURUMSPOR FK,62,2P,D. Saba,G. Orban,,AMED,Normal Goal,1584367
16/08/2026,Süper Lig,2026/2027,AMED,ERZURUMSPOR FK,70,2P,G. Gul,S. Ballet,,AMED,Normal Goal,1584367
17/08/2026,Süper Lig,2026/2027,SAMSUNSPOR,GOZTEPE,3,1P,A. Matos,,,GOZTEPE,Normal Goal,1584375
17/08/2026,Süper Lig,2026/2027,SAMSUNSPOR,GOZTEPE,30,1P,Marius,,,SAMSUNSPOR,Penalty,1584375
17/08/2026,Süper Lig,2026/2027,SAMSUNSPOR,GOZTEPE,43,1P,E. Kilinc,J. Mendes,,SAMSUNSPOR,Normal Goal,1584375
17/08/2026,Süper Lig,2026/2027,SAMSUNSPOR,GOZTEPE,46,2P,S. Armstrong,,,GOZTEPE,Normal Goal,1584375
17/08/2026,Süper Lig,2026/2027,SAMSUNSPOR,GOZTEPE,58,2P,Marius Mouandilmadji,,,SAMSUNSPOR,Missed Penalty,1584375
17/08/2026,Süper Lig,2026/2027,SAMSUNSPOR,GOZTEPE,65,2P,E. Bekiroglu,Janderson,,GOZTEPE,Normal Goal,1584375
17/08/2026,Süper Lig,2026/2027,SAMSUNSPOR,GOZTEPE,90,2P,C. Yuksel,F. Kaya,,SAMSUNSPOR,Normal Goal,1584375
21/08/2026,Süper Lig,2026/2027,ERZURUMSPOR FK,GALATASARAY,12,1P,R. Sallai,,,GALATASARAY,Normal Goal,1584378
21/08/2026,Süper Lig,2026/2027,ERZURUMSPOR FK,GALATASARAY,20,1P,Y. Akgun,V. Osimhen,,GALATASARAY,Normal Goal,1584378
21/08/2026,Süper Lig,2026/2027,ERZURUMSPOR FK,GALATASARAY,45,1P,V. Osimhen,,,GALATASARAY,Normal Goal,1584378
21/08/2026,Süper Lig,2026/2027,ERZURUMSPOR FK,GALATASARAY,80,2P,V. Osimhen,Gabriel Sara,,GALATASARAY,Normal Goal,1584378
22/08/2026,Süper Lig,2026/2027,RIZESPOR,SAMSUNSPOR,33,1P,J. Mendes,S. Jarju,,SAMSUNSPOR,Normal Goal,1584383
22/08/2026,Süper Lig,2026/2027,RIZESPOR,SAMSUNSPOR,63,2P,F. Kaya,S. Jarju,,SAMSUNSPOR,Normal Goal,1584383
22/08/2026,Süper Lig,2026/2027,CORUM FK,KASMPASA,6,1P,A. Benedyczak,C. Winck,,KASMPASA,Normal Goal,1584377
22/08/2026,Süper Lig,2026/2027,FENERBAHCE,KONYASPOR,7,1P,V. Muriqi,,,FENERBAHCE,Normal Goal,1584380
22/08/2026,Süper Lig,2026/2027,FENERBAHCE,KONYASPOR,10,1P,E. Colley,Y. Andzouana,,KONYASPOR,Normal Goal,1584380
22/08/2026,Süper Lig,2026/2027,FENERBAHCE,KONYASPOR,20,1P,Mason Greenwood,,,FENERBAHCE,Missed Penalty,1584380
22/08/2026,Süper Lig,2026/2027,FENERBAHCE,KONYASPOR,20,1P,M. Greenwood,,,FENERBAHCE,Normal Goal,1584380
22/08/2026,Süper Lig,2026/2027,FENERBAHCE,KONYASPOR,33,1P,M. Asensio,M. Greenwood,,FENERBAHCE,Normal Goal,1584380
22/08/2026,Süper Lig,2026/2027,FENERBAHCE,KONYASPOR,49,2P,M. Greenwood,V. Muriqi,,FENERBAHCE,Normal Goal,1584380
22/08/2026,Süper Lig,2026/2027,FENERBAHCE,KONYASPOR,90,2P,D. Turuc,,,KONYASPOR,Normal Goal,1584380
23/08/2026,Süper Lig,2026/2027,TRABZONSPOR,BASAKSEHIR,8,1P,M. Salah,,,TRABZONSPOR,Normal Goal,1584384
23/08/2026,Süper Lig,2026/2027,TRABZONSPOR,BASAKSEHIR,19,1P,E. Shomurodov,,,BASAKSEHIR,Penalty,1584384
23/08/2026,Süper Lig,2026/2027,TRABZONSPOR,BASAKSEHIR,48,2P,M. Salah,E. Muci,,TRABZONSPOR,Normal Goal,1584384
23/08/2026,Süper Lig,2026/2027,EYUPSPOR,GAZIANTEP FK,60,2P,D. Sorescu,,,GAZIANTEP FK,Normal Goal,1584379
23/08/2026,Süper Lig,2026/2027,GOZTEPE,GENCLERBIRLIGI S.K.,50,2P,Malcom Bokele,,,GOZTEPE,Missed Penalty,1584381
23/08/2026,Süper Lig,2026/2027,GOZTEPE,GENCLERBIRLIGI S.K.,51,2P,S. Koita,O. Ulgun,,GENCLERBIRLIGI S.K.,Normal Goal,1584381
23/08/2026,Süper Lig,2026/2027,ALANYASPOR,BESIKTAS,73,2P,N. Lima,F. Hadergjonaj,,ALANYASPOR,Normal Goal,1584376
24/08/2026,Süper Lig,2026/2027,KOCAELISPOR,AMED,16,1P,B. Kutlu,A. Dijksteel,,KOCAELISPOR,Normal Goal,1584382
24/08/2026,Süper Lig,2026/2027,KOCAELISPOR,AMED,87,2P,M. Maglica,U. Yildiz,,KOCAELISPOR,Normal Goal,1584382
28/08/2026,Süper Lig,2026/2027,GENCLERBIRLIGI S.K.,ERZURUMSPOR FK,55,2P,E. Tozlu,,,ERZURUMSPOR FK,Normal Goal,1584391
28/08/2026,Süper Lig,2026/2027,GENCLERBIRLIGI S.K.,ERZURUMSPOR FK,66,2P,A. Traore,O. Diabate,,GENCLERBIRLIGI S.K.,Normal Goal,1584391
25/07/2026,Super League,2026/2027,LAUSANNE,GRASSHOPPERS,33,1P,I. Bah Mendes,O. Janneh,,LAUSANNE,Normal Goal,1555347
25/07/2026,Super League,2026/2027,LAUSANNE,GRASSHOPPERS,81,2P,S. Bengondo,D. Sahin,,GRASSHOPPERS,Normal Goal,1555347
25/07/2026,Super League,2026/2027,SERVETTE FC,FC BASEL 1893,78,2P,Z. Celar,,,FC BASEL 1893,Penalty,1555348
25/07/2026,Super League,2026/2027,FC LUZERN,FC THUN,2,1P,S. Knezevic,O. Kabwit,,FC LUZERN,Normal Goal,1555349
25/07/2026,Super League,2026/2027,FC LUZERN,FC THUN,8,1P,N. Maier,M. Gutbub,,FC THUN,Normal Goal,1555349
25/07/2026,Super League,2026/2027,FC LUZERN,FC THUN,51,2P,N. Burgy,,,FC THUN,Normal Goal,1555349
25/07/2026,Super League,2026/2027,FC LUZERN,FC THUN,84,2P,N. Burgy,L. Dahler,,FC THUN,Normal Goal,1555349
26/07/2026,Super League,2026/2027,BSC YOUNG BOYS,FC SION,22,1P,L. Blum,,,BSC YOUNG BOYS,Normal Goal,1555350
26/07/2026,Super League,2026/2027,BSC YOUNG BOYS,FC SION,40,1P,A. Sanches,K. Imeri,,BSC YOUNG BOYS,Normal Goal,1555350
26/07/2026,Super League,2026/2027,BSC YOUNG BOYS,FC SION,45,1P,J. Kronig,Baltazar,,FC SION,Normal Goal,1555350
26/07/2026,Super League,2026/2027,BSC YOUNG BOYS,FC SION,56,2P,W. Boteli,F. Surdez,,FC SION,Normal Goal,1555350
26/07/2026,Super League,2026/2027,BSC YOUNG BOYS,FC SION,66,2P,S. Essende,K. Imeri,,BSC YOUNG BOYS,Normal Goal,1555350
26/07/2026,Super League,2026/2027,BSC YOUNG BOYS,FC SION,73,2P,S. Essende,,,BSC YOUNG BOYS,Penalty,1555350
26/07/2026,Super League,2026/2027,FC LUGANO,FC VADUZ,29,1P,A. Papadopoulos,L. Mai,,FC LUGANO,Normal Goal,1555351
26/07/2026,Super League,2026/2027,FC LUGANO,FC VADUZ,37,1P,L. Mai,R. Steffen,,FC LUGANO,Normal Goal,1555351
26/07/2026,Super League,2026/2027,FC LUGANO,FC VADUZ,71,2P,L. Dalipi,D. Sorgic,,FC VADUZ,Normal Goal,1555351
26/07/2026,Super League,2026/2027,FC ST. GALLEN,FC ZURICH,50,2P,U. Emmanuel,V. Berisha,,FC ZURICH,Normal Goal,1555352
26/07/2026,Super League,2026/2027,FC ST. GALLEN,FC ZURICH,70,2P,L. Gortler,L. Daschner,,FC ST. GALLEN,Normal Goal,1555352
26/07/2026,Super League,2026/2027,FC ST. GALLEN,FC ZURICH,74,2P,A. Hunziker,L. Gortler,,FC ST. GALLEN,Normal Goal,1555352
01/08/2026,Super League,2026/2027,FC BASEL 1893,LAUSANNE,90,2P,F. Mollet,,,LAUSANNE,Normal Goal,1555353
01/08/2026,Super League,2026/2027,FC ZURICH,SERVETTE FC,35,1P,V. Berisha,,,FC ZURICH,Normal Goal,1555354
01/08/2026,Super League,2026/2027,FC ZURICH,SERVETTE FC,79,2P,M. Bangoura,P. P. Keny,,FC ZURICH,Normal Goal,1555354
01/08/2026,Super League,2026/2027,FC ZURICH,SERVETTE FC,90,2P,T. Ouattara,H. Mendes,,SERVETTE FC,Normal Goal,1555354
01/08/2026,Super League,2026/2027,FC THUN,BSC YOUNG BOYS,10,1P,J. Monteiro,A. Sanches,,BSC YOUNG BOYS,Normal Goal,1555355
01/08/2026,Super League,2026/2027,FC THUN,BSC YOUNG BOYS,24,1P,L. Blum,,,BSC YOUNG BOYS,Normal Goal,1555355
01/08/2026,Super League,2026/2027,FC THUN,BSC YOUNG BOYS,33,1P,E. Fernandes,L. Blum,,BSC YOUNG BOYS,Normal Goal,1555355
01/08/2026,Super League,2026/2027,FC THUN,BSC YOUNG BOYS,55,2P,S. Essende,,,BSC YOUNG BOYS,Penalty,1555355
01/08/2026,Super League,2026/2027,FC THUN,BSC YOUNG BOYS,68,2P,K. Imeri,S. Essende,,BSC YOUNG BOYS,Normal Goal,1555355
01/08/2026,Super League,2026/2027,FC THUN,BSC YOUNG BOYS,90,2P,S. Essende,S. Bukinac,,BSC YOUNG BOYS,Normal Goal,1555355
02/08/2026,Super League,2026/2027,FC VADUZ,FC ST. GALLEN,1,1P,A. Balde,,,FC ST. GALLEN,Normal Goal,1555356
02/08/2026,Super League,2026/2027,FC VADUZ,FC ST. GALLEN,11,1P,M. Monsberger,L. Dalipi,,FC VADUZ,Normal Goal,1555356
02/08/2026,Super League,2026/2027,FC VADUZ,FC ST. GALLEN,55,2P,J. Cabrera,,,FC VADUZ,Normal Goal,1555356
02/08/2026,Super League,2026/2027,FC VADUZ,FC ST. GALLEN,72,2P,E. Owusu,D. Besio,,FC ST. GALLEN,Normal Goal,1555356
02/08/2026,Super League,2026/2027,FC VADUZ,FC ST. GALLEN,87,2P,E. Owusu,B. Fazliji,,FC ST. GALLEN,Normal Goal,1555356
02/08/2026,Super League,2026/2027,FC SION,FC LUZERN,9,1P,D. Rrudhani,W. Boteli,,FC SION,Normal Goal,1555358
02/08/2026,Super League,2026/2027,FC SION,FC LUZERN,70,2P,T. Berdayes,J. Lukembila,,FC SION,Normal Goal,1555358
02/08/2026,Super League,2026/2027,FC SION,FC LUZERN,77,2P,J. Lukembila,F. Surdez,,FC SION,Normal Goal,1555358
02/08/2026,Super League,2026/2027,GRASSHOPPERS,FC LUGANO,22,1P,L. Plange,S. Stroscio,,GRASSHOPPERS,Normal Goal,1555357
02/08/2026,Super League,2026/2027,GRASSHOPPERS,FC LUGANO,52,2P,D. Moncada,A. Grgic,,FC LUGANO,Normal Goal,1555357
02/08/2026,Super League,2026/2027,GRASSHOPPERS,FC LUGANO,71,2P,Y. Cimignani,A. Grgic,,FC LUGANO,Normal Goal,1555357
02/08/2026,Super League,2026/2027,GRASSHOPPERS,FC LUGANO,78,2P,E. Pihlstrom,K. Behrens,,FC LUGANO,Normal Goal,1555357
02/08/2026,Super League,2026/2027,GRASSHOPPERS,FC LUGANO,90,2P,Y. Cimignani,A. Kendouci,,FC LUGANO,Normal Goal,1555357
08/08/2026,Super League,2026/2027,LAUSANNE,BSC YOUNG BOYS,48,2P,C. Zesiger,A. Sanches,,BSC YOUNG BOYS,Normal Goal,1555360
08/08/2026,Super League,2026/2027,LAUSANNE,BSC YOUNG BOYS,75,2P,D. Pech,S. Essende,,BSC YOUNG BOYS,Normal Goal,1555360
08/08/2026,Super League,2026/2027,LAUSANNE,BSC YOUNG BOYS,77,2P,F. Mollet,S. Kone,,LAUSANNE,Normal Goal,1555360
08/08/2026,Super League,2026/2027,LAUSANNE,BSC YOUNG BOYS,89,2P,N. Butler-Oyedeji,I. Despotovic,,LAUSANNE,Normal Goal,1555360
08/08/2026,Super League,2026/2027,SERVETTE FC,GRASSHOPPERS,12,1P,A. Abrashi,S. Krasniqi,,GRASSHOPPERS,Normal Goal,1555361
08/08/2026,Super League,2026/2027,SERVETTE FC,GRASSHOPPERS,29,1P,S. Mraz,,,SERVETTE FC,Normal Goal,1555361
08/08/2026,Super League,2026/2027,SERVETTE FC,GRASSHOPPERS,75,2P,M. Lambourde,T. Cognat,,SERVETTE FC,Normal Goal,1555361
09/08/2026,Super League,2026/2027,FC LUGANO,FC ZURICH,16,1P,K. Behrens,H. Delcroix,,FC LUGANO,Normal Goal,1555362
09/08/2026,Super League,2026/2027,FC LUGANO,FC ZURICH,34,1P,K. Behrens,A. Grgic,,FC LUGANO,Normal Goal,1555362
09/08/2026,Super League,2026/2027,FC LUGANO,FC ZURICH,52,2P,R. Steffen,D. von Ballmoos,,FC LUGANO,Normal Goal,1555362
09/08/2026,Super League,2026/2027,FC LUGANO,FC ZURICH,79,2P,D. Dos Santos,M. Zanotti,,FC LUGANO,Normal Goal,1555362
09/08/2026,Super League,2026/2027,FC LUGANO,FC ZURICH,89,2P,D. Moncada,,,FC LUGANO,Normal Goal,1555362
09/08/2026,Super League,2026/2027,FC BASEL 1893,FC THUN,4,1P,A. Sow,K. Olaigbe,,FC BASEL 1893,Normal Goal,1555359
09/08/2026,Super League,2026/2027,FC BASEL 1893,FC THUN,31,1P,A. Sow,L. Leroy,,FC BASEL 1893,Normal Goal,1555359
09/08/2026,Super League,2026/2027,FC BASEL 1893,FC THUN,53,2P,Z. Celar,A. Sow,,FC BASEL 1893,Normal Goal,1555359
09/08/2026,Super League,2026/2027,FC BASEL 1893,FC THUN,73,2P,L. Stewart,M. Gutbub,,FC THUN,Normal Goal,1555359
09/08/2026,Super League,2026/2027,FC BASEL 1893,FC THUN,75,2P,X. Shaqiri,A. Sow,,FC BASEL 1893,Normal Goal,1555359
09/08/2026,Super League,2026/2027,FC BASEL 1893,FC THUN,90,2P,B. Labeau,D. Derbaci,,FC THUN,Normal Goal,1555359
09/08/2026,Super League,2026/2027,FC SION,FC VADUZ,5,1P,J. Stark,M. Monsberger,,FC VADUZ,Normal Goal,1555363
09/08/2026,Super League,2026/2027,FC SION,FC VADUZ,21,1P,D. Rrudhani,,,FC SION,Normal Goal,1555363
09/08/2026,Super League,2026/2027,FC SION,FC VADUZ,36,1P,M. Monsberger,L. Dalipi,,FC VADUZ,Normal Goal,1555363
09/08/2026,Super League,2026/2027,FC SION,FC VADUZ,83,2P,W. Boteli,Marquinhos Cipriano,,FC SION,Normal Goal,1555363
09/08/2026,Super League,2026/2027,FC SION,FC VADUZ,90,2P,F. Surdez,I. Chouaref,,FC SION,Normal Goal,1555363
09/08/2026,Super League,2026/2027,FC ST. GALLEN,FC LUZERN,45,1P,L. Daschner,,,FC ST. GALLEN,Normal Goal,1555364
09/08/2026,Super League,2026/2027,FC ST. GALLEN,FC LUZERN,47,2P,D. Mikolajewski,M. Di Giusto,,FC LUZERN,Normal Goal,1555364
09/08/2026,Super League,2026/2027,FC ST. GALLEN,FC LUZERN,89,2P,M. Di Giusto,A. Oehlers,,FC LUZERN,Normal Goal,1555364
09/08/2026,Super League,2026/2027,FC ST. GALLEN,FC LUZERN,90,2P,L. Gortler,,,FC ST. GALLEN,Penalty,1555364
22/08/2026,Super League,2026/2027,FC LUZERN,LAUSANNE,3,1P,M. Di Giusto,,,FC LUZERN,Normal Goal,1555365
22/08/2026,Super League,2026/2027,FC ZURICH,FC BASEL 1893,8,1P,P. P. Keny,,,FC ZURICH,Penalty,1555366
22/08/2026,Super League,2026/2027,FC ZURICH,FC BASEL 1893,62,2P,K. Olaigbe,Z. Celar,,FC BASEL 1893,Normal Goal,1555366
22/08/2026,Super League,2026/2027,FC ZURICH,FC BASEL 1893,85,2P,Z. Celar,,,FC BASEL 1893,Penalty,1555366
23/08/2026,Super League,2026/2027,BSC YOUNG BOYS,FC VADUZ,4,1P,J. Monteiro,M. K. Sene,,BSC YOUNG BOYS,Normal Goal,1555367
23/08/2026,Super League,2026/2027,BSC YOUNG BOYS,FC VADUZ,25,1P,M. Cocic,N. Hasler,,FC VADUZ,Normal Goal,1555367
23/08/2026,Super League,2026/2027,BSC YOUNG BOYS,FC VADUZ,37,1P,M. K. Sene,L. Blum,,BSC YOUNG BOYS,Normal Goal,1555367
23/08/2026,Super League,2026/2027,BSC YOUNG BOYS,FC VADUZ,43,1P,M. Cocic,,,FC VADUZ,Normal Goal,1555367
23/08/2026,Super League,2026/2027,BSC YOUNG BOYS,FC VADUZ,57,2P,A. Sanches,D. Pech,,BSC YOUNG BOYS,Normal Goal,1555367
23/08/2026,Super League,2026/2027,BSC YOUNG BOYS,FC VADUZ,87,2P,A. Gigovic,S. Bukinac,,BSC YOUNG BOYS,Normal Goal,1555367
24/07/2026,Superliga Dinamarca,2026/2027,VIBORG,ODENSE,56,2P,T. Jorgensen,O. Bundgaard,,VIBORG,Normal Goal,1548974
25/07/2026,Superliga Dinamarca,2026/2027,AARHUS,BRONDBY,52,2P,B. Slisz,L. Binks,,BRONDBY,Normal Goal,1548975
25/07/2026,Superliga Dinamarca,2026/2027,AARHUS,BRONDBY,84,2P,K. Arnstad,,,AARHUS,Penalty,1548975
26/07/2026,Superliga Dinamarca,2026/2027,SONDERJYSKE,FC MIDTJYLLAND,26,1P,M. B. Sorensen,V. Byskov,,FC MIDTJYLLAND,Normal Goal,1548976
26/07/2026,Superliga Dinamarca,2026/2027,SONDERJYSKE,FC MIDTJYLLAND,27,1P,M. Jensen,O. Hyseni,,SONDERJYSKE,Normal Goal,1548976
26/07/2026,Superliga Dinamarca,2026/2027,SONDERJYSKE,FC MIDTJYLLAND,35,1P,V. Byskov,D. Osorio,,FC MIDTJYLLAND,Normal Goal,1548976
26/07/2026,Superliga Dinamarca,2026/2027,SONDERJYSKE,FC MIDTJYLLAND,45,1P,M. Haidara,O. Hyseni,,SONDERJYSKE,Normal Goal,1548976
26/07/2026,Superliga Dinamarca,2026/2027,SONDERJYSKE,FC MIDTJYLLAND,66,2P,J. Emefile,P. Billing,,FC MIDTJYLLAND,Normal Goal,1548976
26/07/2026,Superliga Dinamarca,2026/2027,FC COPENHAGEN,LYNGBY,27,1P,B. Meling,,,FC COPENHAGEN,Normal Goal,1548979
26/07/2026,Superliga Dinamarca,2026/2027,FC COPENHAGEN,LYNGBY,36,1P,R. Tytens,,,LYNGBY,Normal Goal,1548979
26/07/2026,Superliga Dinamarca,2026/2027,FC COPENHAGEN,LYNGBY,39,1P,S. Colyn,,,LYNGBY,Normal Goal,1548979
26/07/2026,Superliga Dinamarca,2026/2027,FC COPENHAGEN,LYNGBY,49,2P,B. Meling,,,FC COPENHAGEN,Normal Goal,1548979
26/07/2026,Superliga Dinamarca,2026/2027,FC COPENHAGEN,LYNGBY,75,2P,M. Elyounoussi,M. Madsen,,FC COPENHAGEN,Normal Goal,1548979
26/07/2026,Superliga Dinamarca,2026/2027,AC HORSENS,FC NORDSJAELLAND,33,1P,N. Rojkjaer,,,FC NORDSJAELLAND,Normal Goal,1548978
26/07/2026,Superliga Dinamarca,2026/2027,AC HORSENS,FC NORDSJAELLAND,43,1P,A. Justinussen,,,AC HORSENS,Penalty,1548978
27/07/2026,Superliga Dinamarca,2026/2027,RANDERS FC,SILKEBORG,10,1P,M. Themsen,M. Sjolstad,,RANDERS FC,Normal Goal,1548977
27/07/2026,Superliga Dinamarca,2026/2027,RANDERS FC,SILKEBORG,45,1P,O. Ross,C. McCowatt,,SILKEBORG,Normal Goal,1548977
01/08/2026,Superliga Dinamarca,2026/2027,LYNGBY,AARHUS,33,1P,K. Arnstad,,,AARHUS,Penalty,1548980
01/08/2026,Superliga Dinamarca,2026/2027,LYNGBY,AARHUS,67,2P,Dani,,,LYNGBY,Normal Goal,1548980
01/08/2026,Superliga Dinamarca,2026/2027,LYNGBY,AARHUS,88,2P,F. Gytkjaer,,,LYNGBY,Penalty,1548980
01/08/2026,Superliga Dinamarca,2026/2027,LYNGBY,AARHUS,90,2P,J. Jonsson,F. Emmery,,AARHUS,Normal Goal,1548980
02/08/2026,Superliga Dinamarca,2026/2027,FC MIDTJYLLAND,AC HORSENS,33,1P,Franculino,V. Byskov,,FC MIDTJYLLAND,Normal Goal,1548981
02/08/2026,Superliga Dinamarca,2026/2027,FC MIDTJYLLAND,AC HORSENS,45,1P,F. Etim,D. Osorio,,FC MIDTJYLLAND,Normal Goal,1548981
02/08/2026,Superliga Dinamarca,2026/2027,FC MIDTJYLLAND,AC HORSENS,78,2P,K. Ehibhatiomhan,J. Tauriainen,,AC HORSENS,Normal Goal,1548981
02/08/2026,Superliga Dinamarca,2026/2027,FC NORDSJAELLAND,RANDERS FC,90,2P,R. Norheim,T. Salquist,,FC NORDSJAELLAND,Normal Goal,1548982
02/08/2026,Superliga Dinamarca,2026/2027,BRONDBY,VIBORG,80,2P,O. Hyseni,S. Fukuda,,BRONDBY,Normal Goal,1548983
02/08/2026,Superliga Dinamarca,2026/2027,SILKEBORG,FC COPENHAGEN,25,1P,O. Ross,C. McCowatt,,SILKEBORG,Normal Goal,1548984
02/08/2026,Superliga Dinamarca,2026/2027,SILKEBORG,FC COPENHAGEN,42,1P,M. Elyounoussi,J. Larsson,,FC COPENHAGEN,Normal Goal,1548984
02/08/2026,Superliga Dinamarca,2026/2027,SILKEBORG,FC COPENHAGEN,45,1P,M. Elyounoussi,W. Clem,,FC COPENHAGEN,Normal Goal,1548984
02/08/2026,Superliga Dinamarca,2026/2027,SILKEBORG,FC COPENHAGEN,62,2P,M. Elyounoussi,M. Lopez,,FC COPENHAGEN,Normal Goal,1548984
03/08/2026,Superliga Dinamarca,2026/2027,ODENSE,SONDERJYSKE,81,2P,N. Ganaus,,,ODENSE,Normal Goal,1548985
09/08/2026,Superliga Dinamarca,2026/2027,RANDERS FC,LYNGBY,15,1P,M. Sankoh,,,RANDERS FC,Normal Goal,1548987
09/08/2026,Superliga Dinamarca,2026/2027,RANDERS FC,LYNGBY,49,2P,K. Junker,S. Hansen,,RANDERS FC,Normal Goal,1548987
09/08/2026,Superliga Dinamarca,2026/2027,AC HORSENS,BRONDBY,12,1P,M. Younis,M. Kohlert,,BRONDBY,Normal Goal,1548988
09/08/2026,Superliga Dinamarca,2026/2027,AC HORSENS,BRONDBY,60,2P,M. Kupijbida,,,BRONDBY,Own Goal,1548988
10/08/2026,Superliga Dinamarca,2026/2027,SILKEBORG,ODENSE,51,2P,C. McCowatt,O. Ross,,SILKEBORG,Normal Goal,1548989
14/08/2026,Superliga Dinamarca,2026/2027,VIBORG,AARHUS,11,1P,M. Sondergaard,Z. Zaletel,,VIBORG,Normal Goal,1548990
14/08/2026,Superliga Dinamarca,2026/2027,VIBORG,AARHUS,31,1P,F. Emmery,M. Solbakken,,AARHUS,Normal Goal,1548990
14/08/2026,Superliga Dinamarca,2026/2027,VIBORG,AARHUS,60,2P,M. Sondergaard,O. Bundgaard,,VIBORG,Normal Goal,1548990
16/08/2026,Superliga Dinamarca,2026/2027,FC NORDSJAELLAND,SILKEBORG,80,2P,I. Adel,P. Ankersen,,FC NORDSJAELLAND,Normal Goal,1548992
16/08/2026,Superliga Dinamarca,2026/2027,ODENSE,AC HORSENS,3,1P,A. Moro,,,ODENSE,Own Goal,1548991
16/08/2026,Superliga Dinamarca,2026/2027,ODENSE,AC HORSENS,38,1P,Y. Ouorou,J. Madsen,,AC HORSENS,Normal Goal,1548991
16/08/2026,Superliga Dinamarca,2026/2027,ODENSE,AC HORSENS,65,2P,K. Kirkegaard,Y. Ouorou,,AC HORSENS,Normal Goal,1548991
16/08/2026,Superliga Dinamarca,2026/2027,LYNGBY,FC MIDTJYLLAND,50,2P,S. Iheanacho,D. Beni,,FC MIDTJYLLAND,Normal Goal,1548993
16/08/2026,Superliga Dinamarca,2026/2027,LYNGBY,FC MIDTJYLLAND,59,2P,G. Fraulo,I. Thorvaldsson,,LYNGBY,Normal Goal,1548993
16/08/2026,Superliga Dinamarca,2026/2027,RANDERS FC,FC COPENHAGEN,2,1P,B. Meling,,,FC COPENHAGEN,Normal Goal,1548994
16/08/2026,Superliga Dinamarca,2026/2027,RANDERS FC,FC COPENHAGEN,14,1P,B. Meling,,,FC COPENHAGEN,Normal Goal,1548994
16/08/2026,Superliga Dinamarca,2026/2027,RANDERS FC,FC COPENHAGEN,45,1P,M. Madsen,,,FC COPENHAGEN,Normal Goal,1548994
16/08/2026,Superliga Dinamarca,2026/2027,RANDERS FC,FC COPENHAGEN,77,2P,M. Lopez,A. Kral,,FC COPENHAGEN,Normal Goal,1548994
17/08/2026,Superliga Dinamarca,2026/2027,BRONDBY,SONDERJYSKE,18,1P,M. Frokjaer-Jensen,M. Ejdum,,BRONDBY,Normal Goal,1548995
17/08/2026,Superliga Dinamarca,2026/2027,BRONDBY,SONDERJYSKE,30,1P,M. Frokjaer-Jensen,M. Ejdum,,BRONDBY,Normal Goal,1548995
17/08/2026,Superliga Dinamarca,2026/2027,BRONDBY,SONDERJYSKE,45,1P,O. Hyseni,O. Fenger,,BRONDBY,Normal Goal,1548995
17/08/2026,Superliga Dinamarca,2026/2027,BRONDBY,SONDERJYSKE,58,2P,B. Tambedou,M. Soulas,,SONDERJYSKE,Normal Goal,1548995
17/08/2026,Superliga Dinamarca,2026/2027,BRONDBY,SONDERJYSKE,64,2P,M. Haidara,S. Emini,,SONDERJYSKE,Normal Goal,1548995
23/08/2026,Superliga Dinamarca,2026/2027,SONDERJYSKE,FC NORDSJAELLAND,44,1P,M. Walker,M. Brink,,FC NORDSJAELLAND,Normal Goal,1548997
23/08/2026,Superliga Dinamarca,2026/2027,SONDERJYSKE,FC NORDSJAELLAND,60,2P,M. Walker,I. Adel,,FC NORDSJAELLAND,Normal Goal,1548997
23/08/2026,Superliga Dinamarca,2026/2027,SONDERJYSKE,FC NORDSJAELLAND,87,2P,V. Berthelsen,H. Rasmussen,,FC NORDSJAELLAND,Normal Goal,1548997
23/08/2026,Superliga Dinamarca,2026/2027,FC MIDTJYLLAND,RANDERS FC,28,1P,D. Osorio,,,FC MIDTJYLLAND,Normal Goal,1548998
23/08/2026,Superliga Dinamarca,2026/2027,AARHUS,ODENSE,21,1P,J. Bogere,S. Jorgensen,,AARHUS,Normal Goal,1548996
23/08/2026,Superliga Dinamarca,2026/2027,AARHUS,ODENSE,26,1P,F. Arp,,,ODENSE,Normal Goal,1548996
23/08/2026,Superliga Dinamarca,2026/2027,AARHUS,ODENSE,42,1P,F. Arp,,,ODENSE,Normal Goal,1548996
23/08/2026,Superliga Dinamarca,2026/2027,AARHUS,ODENSE,75,2P,R. Carstensen,M. Knudsen,,AARHUS,Normal Goal,1548996
23/08/2026,Superliga Dinamarca,2026/2027,AC HORSENS,LYNGBY,15,1P,K. Ehibhatiomhan,K. Kirkegaard,,AC HORSENS,Normal Goal,1548999
23/08/2026,Superliga Dinamarca,2026/2027,AC HORSENS,LYNGBY,66,2P,I. Thorvaldsson,S. Colyn,,LYNGBY,Normal Goal,1548999
23/08/2026,Superliga Dinamarca,2026/2027,AC HORSENS,LYNGBY,72,2P,Ísak Snær Þorvaldsson,,,LYNGBY,Missed Penalty,1548999
23/08/2026,Superliga Dinamarca,2026/2027,AC HORSENS,LYNGBY,90,2P,A. Justinussen,,,AC HORSENS,Normal Goal,1548999
23/08/2026,Superliga Dinamarca,2026/2027,VIBORG,FC COPENHAGEN,1,1P,B. Meling,,,VIBORG,Own Goal,1549000
23/08/2026,Superliga Dinamarca,2026/2027,VIBORG,FC COPENHAGEN,8,1P,D. Hanza,M. Sondergaard,,VIBORG,Normal Goal,1549000
23/08/2026,Superliga Dinamarca,2026/2027,VIBORG,FC COPENHAGEN,16,1P,A. Beck,,,VIBORG,Normal Goal,1549000
23/08/2026,Superliga Dinamarca,2026/2027,VIBORG,FC COPENHAGEN,68,2P,C. Nouck,D. Hanza,,VIBORG,Normal Goal,1549000
24/08/2026,Superliga Dinamarca,2026/2027,BRONDBY,SILKEBORG,44,1P,C. McCowatt,,,SILKEBORG,Normal Goal,1549001
24/08/2026,Superliga Dinamarca,2026/2027,BRONDBY,SILKEBORG,51,2P,J. Vanlerberghe,L. Binks,,BRONDBY,Normal Goal,1549001
24/08/2026,Superliga Dinamarca,2026/2027,BRONDBY,SILKEBORG,54,2P,O. Fenger,M. Younis,,BRONDBY,Normal Goal,1549001
24/08/2026,Superliga Dinamarca,2026/2027,BRONDBY,SILKEBORG,87,2P,L. Binks,M. Divkovic,,BRONDBY,Normal Goal,1549001
28/08/2026,Superliga Dinamarca,2026/2027,AC HORSENS,VIBORG,34,1P,D. Hanza,C. Nouck,,VIBORG,Normal Goal,1549002
28/08/2026,Superliga Dinamarca,2026/2027,AC HORSENS,VIBORG,45,1P,C. Nouck,M. Sondergaard,,VIBORG,Normal Goal,1549002
28/08/2026,Superliga Dinamarca,2026/2027,AC HORSENS,VIBORG,47,2P,K. Ehibhatiomhan,J. Tauriainen,,AC HORSENS,Normal Goal,1549002
28/08/2026,Superliga Dinamarca,2026/2027,AC HORSENS,VIBORG,55,2P,A. Beck,,,VIBORG,Normal Goal,1549002
28/08/2026,Superliga Dinamarca,2026/2027,AC HORSENS,VIBORG,71,2P,I. Milicevic,J. Tauriainen,,AC HORSENS,Normal Goal,1549002
31/07/2026,Premiership Escocia,2026/2027,DUNDEE UTD,RANGERS,38,1P,L. Rose,J. Randall,,DUNDEE UTD,Normal Goal,1556628
31/07/2026,Premiership Escocia,2026/2027,DUNDEE UTD,RANGERS,56,2P,T. Aasgaard,,,RANGERS,Normal Goal,1556628
01/08/2026,Premiership Escocia,2026/2027,FALKIRK,ST MIRREN,11,1P,K. Phillips,H. Fieldson,,ST MIRREN,Normal Goal,1556629
01/08/2026,Premiership Escocia,2026/2027,FALKIRK,ST MIRREN,87,2P,K. Phillips,R. Idowu,,ST MIRREN,Normal Goal,1556629
01/08/2026,Premiership Escocia,2026/2027,ABERDEEN,HEART OF MIDLOTHIAN,35,1P,O. McEntee,,,HEART OF MIDLOTHIAN,Normal Goal,1556630
01/08/2026,Premiership Escocia,2026/2027,ABERDEEN,HEART OF MIDLOTHIAN,90,2P,L. Mayo,K. Nisbet,,ABERDEEN,Normal Goal,1556630
01/08/2026,Premiership Escocia,2026/2027,ABERDEEN,HEART OF MIDLOTHIAN,90,2P,K. Nisbet,,,ABERDEEN,Penalty,1556630
02/08/2026,Premiership Escocia,2026/2027,ST JOHNSTONE,KILMARNOCK,16,1P,J. Fowler,J. Gullan,,ST JOHNSTONE,Normal Goal,1556631
02/08/2026,Premiership Escocia,2026/2027,ST JOHNSTONE,KILMARNOCK,37,1P,G. Kiltie,T. Lowery,,KILMARNOCK,Normal Goal,1556631
02/08/2026,Premiership Escocia,2026/2027,ST JOHNSTONE,KILMARNOCK,47,2P,C. Diabate,J. Gullan,,ST JOHNSTONE,Normal Goal,1556631
02/08/2026,Premiership Escocia,2026/2027,ST JOHNSTONE,KILMARNOCK,49,2P,J. Hugill,,,KILMARNOCK,Normal Goal,1556631
02/08/2026,Premiership Escocia,2026/2027,ST JOHNSTONE,KILMARNOCK,53,2P,J. Holt,,,KILMARNOCK,Own Goal,1556631
02/08/2026,Premiership Escocia,2026/2027,ST JOHNSTONE,KILMARNOCK,69,2P,M. Schjonning-Larsen,,,ST JOHNSTONE,Own Goal,1556631
02/08/2026,Premiership Escocia,2026/2027,ST JOHNSTONE,KILMARNOCK,80,2P,K. Fotheringham,J. Fowler,,ST JOHNSTONE,Normal Goal,1556631
02/08/2026,Premiership Escocia,2026/2027,HIBERNIAN,MOTHERWELL,40,1P,L. Fadinger,,,MOTHERWELL,Penalty,1556632
02/08/2026,Premiership Escocia,2026/2027,HIBERNIAN,MOTHERWELL,56,2P,M. Boyle,,,HIBERNIAN,Penalty,1556632
02/08/2026,Premiership Escocia,2026/2027,HIBERNIAN,MOTHERWELL,85,2P,I. Said,D. Williams,,MOTHERWELL,Normal Goal,1556632
03/08/2026,Premiership Escocia,2026/2027,CELTIC,DUNDEE,52,2P,B. Nygren,K. Tierney,,CELTIC,Normal Goal,1556633
08/08/2026,Premiership Escocia,2026/2027,ST MIRREN,ST JOHNSTONE,49,2P,Jamie Gullan,,,ST JOHNSTONE,Missed Penalty,1556637
08/08/2026,Premiership Escocia,2026/2027,ST MIRREN,ST JOHNSTONE,73,2P,K. Phillips,,,ST MIRREN,Penalty,1556637
08/08/2026,Premiership Escocia,2026/2027,DUNDEE,ABERDEEN,9,1P,J. Westley,J. Bevan,,DUNDEE,Normal Goal,1556634
08/08/2026,Premiership Escocia,2026/2027,DUNDEE,ABERDEEN,56,2P,J. Bevan,,,DUNDEE,Normal Goal,1556634
09/08/2026,Premiership Escocia,2026/2027,KILMARNOCK,CELTIC,2,1P,K. Hogh,A. Engels,,CELTIC,Normal Goal,1556638
09/08/2026,Premiership Escocia,2026/2027,KILMARNOCK,CELTIC,33,1P,K. Hogh,B. Nygren,,CELTIC,Normal Goal,1556638
09/08/2026,Premiership Escocia,2026/2027,KILMARNOCK,CELTIC,35,1P,K. Hogh,C. Duran,,CELTIC,Normal Goal,1556638
09/08/2026,Premiership Escocia,2026/2027,KILMARNOCK,CELTIC,47,2P,B. Nygren,,,CELTIC,Normal Goal,1556638
09/08/2026,Premiership Escocia,2026/2027,KILMARNOCK,CELTIC,56,2P,M. Schjonning-Larsen,T. Lowery,,KILMARNOCK,Normal Goal,1556638
09/08/2026,Premiership Escocia,2026/2027,KILMARNOCK,CELTIC,75,2P,L. McCowan,,,CELTIC,Normal Goal,1556638
09/08/2026,Premiership Escocia,2026/2027,HEART OF MIDLOTHIAN,DUNDEE UTD,4,1P,T. Renaud,C. Braga,,HEART OF MIDLOTHIAN,Normal Goal,1556635
09/08/2026,Premiership Escocia,2026/2027,HEART OF MIDLOTHIAN,DUNDEE UTD,12,1P,C. Miller,,,HEART OF MIDLOTHIAN,Penalty,1556635
09/08/2026,Premiership Escocia,2026/2027,HEART OF MIDLOTHIAN,DUNDEE UTD,56,2P,C. Braga,S. Kerjota,,HEART OF MIDLOTHIAN,Normal Goal,1556635
09/08/2026,Premiership Escocia,2026/2027,HEART OF MIDLOTHIAN,DUNDEE UTD,67,2P,J. McPake,C. Braga,,HEART OF MIDLOTHIAN,Normal Goal,1556635
09/08/2026,Premiership Escocia,2026/2027,RANGERS,HIBERNIAN,12,1P,J. Campbell,,,HIBERNIAN,Penalty,1556639
09/08/2026,Premiership Escocia,2026/2027,RANGERS,HIBERNIAN,85,2P,M. Chaiwa,,,RANGERS,Own Goal,1556639
09/08/2026,Premiership Escocia,2026/2027,RANGERS,HIBERNIAN,90,2P,C. Wright,N. Lowe,,HIBERNIAN,Normal Goal,1556639
22/08/2026,Premiership Escocia,2026/2027,DUNDEE UTD,DUNDEE,43,1P,D. Wright,,,DUNDEE,Normal Goal,1556640
22/08/2026,Premiership Escocia,2026/2027,DUNDEE UTD,DUNDEE,57,2P,O. Bevan,A. Forrest,,DUNDEE,Normal Goal,1556640
31/07/2026,Bundesliga Austria,2026/2027,LASK LINZ,GRAZER AK,20,1P,S. Adeniran,K. P. Molgaard Jorgensen,,LASK LINZ,Normal Goal,1561894
31/07/2026,Bundesliga Austria,2026/2027,LASK LINZ,GRAZER AK,29,1P,S. Adeniran,,,LASK LINZ,Penalty,1561894
31/07/2026,Bundesliga Austria,2026/2027,LASK LINZ,GRAZER AK,79,2P,C. Lang,M. Bogarde,,LASK LINZ,Normal Goal,1561894
01/08/2026,Bundesliga Austria,2026/2027,WSG WATTENS,STURM GRAZ,29,1P,S. Wlodarczyk,E. Soglo,,STURM GRAZ,Normal Goal,1561895
01/08/2026,Bundesliga Austria,2026/2027,WSG WATTENS,STURM GRAZ,42,1P,M. Olakigbe,R. Gschosser,,WSG WATTENS,Normal Goal,1561895
01/08/2026,Bundesliga Austria,2026/2027,RED BULL SALZBURG,TSV HARTBERG,89,2P,K. Konate,D. Schmid,,RED BULL SALZBURG,Normal Goal,1561896
02/08/2026,Bundesliga Austria,2026/2027,WOLFSBERGER AC,AUSTRIA VIENNA,18,1P,G. Vrioni,,,WOLFSBERGER AC,Penalty,1561898
02/08/2026,Bundesliga Austria,2026/2027,WOLFSBERGER AC,AUSTRIA VIENNA,49,2P,A. Schwarz,D. Avdijaj,,WOLFSBERGER AC,Normal Goal,1561898
02/08/2026,Bundesliga Austria,2026/2027,WOLFSBERGER AC,AUSTRIA VIENNA,63,2P,G. Vrioni,,,WOLFSBERGER AC,Penalty,1561898
02/08/2026,Bundesliga Austria,2026/2027,AUSTRIA LUSTENAU,RIED,26,1P,D. Weixelbraun,Danilo Soares,,AUSTRIA LUSTENAU,Normal Goal,1561897
02/08/2026,Bundesliga Austria,2026/2027,AUSTRIA LUSTENAU,RIED,34,1P,J. Nasrawe,A. Bajic,,RIED,Normal Goal,1561897
02/08/2026,Bundesliga Austria,2026/2027,RAPID VIENNA,SCR ALTACH,4,1P,P. Dahl,M. Seidl,,RAPID VIENNA,Normal Goal,1561899
07/08/2026,Bundesliga Austria,2026/2027,SCR ALTACH,WSG WATTENS,13,1P,H. Balic,M. Boras,,WSG WATTENS,Normal Goal,1561900
07/08/2026,Bundesliga Austria,2026/2027,SCR ALTACH,WSG WATTENS,19,1P,P. Greil,N. Niehoff,,SCR ALTACH,Normal Goal,1561900
07/08/2026,Bundesliga Austria,2026/2027,SCR ALTACH,WSG WATTENS,56,2P,Y. Massombo,B. Bockle,,SCR ALTACH,Normal Goal,1561900
07/08/2026,Bundesliga Austria,2026/2027,SCR ALTACH,WSG WATTENS,86,2P,P. Greil,S. Hrstic,,SCR ALTACH,Normal Goal,1561900
08/08/2026,Bundesliga Austria,2026/2027,GRAZER AK,AUSTRIA LUSTENAU,18,1P,D. Pines,C. Lichtenberger,,GRAZER AK,Normal Goal,1561901
08/08/2026,Bundesliga Austria,2026/2027,GRAZER AK,AUSTRIA LUSTENAU,51,2P,D. Kacuri,A. Verinac,,AUSTRIA LUSTENAU,Normal Goal,1561901
08/08/2026,Bundesliga Austria,2026/2027,GRAZER AK,AUSTRIA LUSTENAU,66,2P,A. Hofleitner,P. Michorl,,GRAZER AK,Normal Goal,1561901
08/08/2026,Bundesliga Austria,2026/2027,TSV HARTBERG,STURM GRAZ,69,2P,N. Weiper,S. Seidl,,STURM GRAZ,Normal Goal,1561902
08/08/2026,Bundesliga Austria,2026/2027,TSV HARTBERG,STURM GRAZ,81,2P,N. Weiper,S. Seidl,,STURM GRAZ,Normal Goal,1561902
09/08/2026,Bundesliga Austria,2026/2027,WOLFSBERGER AC,RED BULL SALZBURG,67,2P,G. Vrioni,F. Wohlmuth,,WOLFSBERGER AC,Normal Goal,1561904
09/08/2026,Bundesliga Austria,2026/2027,WOLFSBERGER AC,RED BULL SALZBURG,79,2P,Y. Vertessen,K. Boma,,RED BULL SALZBURG,Normal Goal,1561904
09/08/2026,Bundesliga Austria,2026/2027,RIED,RAPID VIENNA,8,1P,J. Horn,,,RAPID VIENNA,Normal Goal,1561903
09/08/2026,Bundesliga Austria,2026/2027,RIED,RAPID VIENNA,75,2P,S. Schwab,A. Bajic,,RIED,Normal Goal,1561903
09/08/2026,Bundesliga Austria,2026/2027,RIED,RAPID VIENNA,77,2P,M. Haidara,N. Hedl,,RAPID VIENNA,Normal Goal,1561903
09/08/2026,Bundesliga Austria,2026/2027,AUSTRIA VIENNA,LASK LINZ,54,2P,A. Andrade,S. Adeniran,,LASK LINZ,Normal Goal,1561905
09/08/2026,Bundesliga Austria,2026/2027,AUSTRIA VIENNA,LASK LINZ,83,2P,Moses Usor,,,LASK LINZ,Missed Penalty,1561905
09/08/2026,Bundesliga Austria,2026/2027,AUSTRIA VIENNA,LASK LINZ,83,2P,M. Usor,,,LASK LINZ,Normal Goal,1561905
14/08/2026,Bundesliga Austria,2026/2027,LASK LINZ,RIED,8,1P,P. Sissoko,S. Schwab,,RIED,Normal Goal,1561906
14/08/2026,Bundesliga Austria,2026/2027,LASK LINZ,RIED,10,1P,S. Adeniran,M. Usor,,LASK LINZ,Normal Goal,1561906
14/08/2026,Bundesliga Austria,2026/2027,LASK LINZ,RIED,18,1P,M. Usor,A. Andrade,,LASK LINZ,Normal Goal,1561906
14/08/2026,Bundesliga Austria,2026/2027,LASK LINZ,RIED,27,1P,S. Adeniran,M. Bogarde,,LASK LINZ,Normal Goal,1561906
14/08/2026,Bundesliga Austria,2026/2027,LASK LINZ,RIED,57,2P,C. Lang,M. Usor,,LASK LINZ,Normal Goal,1561906
15/08/2026,Bundesliga Austria,2026/2027,AUSTRIA LUSTENAU,WOLFSBERGER AC,23,1P,A. Verinac,D. Weixelbraun,,AUSTRIA LUSTENAU,Normal Goal,1561907
15/08/2026,Bundesliga Austria,2026/2027,AUSTRIA LUSTENAU,WOLFSBERGER AC,32,1P,A. Verinac,,,AUSTRIA LUSTENAU,Normal Goal,1561907
15/08/2026,Bundesliga Austria,2026/2027,AUSTRIA LUSTENAU,WOLFSBERGER AC,45,1P,G. Vrioni,D. Avdijaj,,WOLFSBERGER AC,Normal Goal,1561907
15/08/2026,Bundesliga Austria,2026/2027,STURM GRAZ,SCR ALTACH,78,2P,S. Jatta,S. Seidl,,STURM GRAZ,Normal Goal,1561908
16/08/2026,Bundesliga Austria,2026/2027,TSV HARTBERG,AUSTRIA VIENNA,33,1P,D. Nnodim,Lee Tae-Seok,,AUSTRIA VIENNA,Normal Goal,1561909
16/08/2026,Bundesliga Austria,2026/2027,TSV HARTBERG,AUSTRIA VIENNA,76,2P,J. Hettwer,M. Fischer,,AUSTRIA VIENNA,Normal Goal,1561909
16/08/2026,Bundesliga Austria,2026/2027,WSG WATTENS,RED BULL SALZBURG,15,1P,K. Konate,F. Kratzig,,RED BULL SALZBURG,Normal Goal,1561910
16/08/2026,Bundesliga Austria,2026/2027,WSG WATTENS,RED BULL SALZBURG,17,1P,F. Kratzig,Y. Vertessen,,RED BULL SALZBURG,Normal Goal,1561910
16/08/2026,Bundesliga Austria,2026/2027,WSG WATTENS,RED BULL SALZBURG,45,1P,Lukas Hinterseer,,,WSG WATTENS,Missed Penalty,1561910
16/08/2026,Bundesliga Austria,2026/2027,WSG WATTENS,RED BULL SALZBURG,70,2P,S. Kitano,A. Barry,,RED BULL SALZBURG,Normal Goal,1561910
16/08/2026,Bundesliga Austria,2026/2027,RAPID VIENNA,GRAZER AK,5,1P,E. Kara,,,RAPID VIENNA,Normal Goal,1561911
16/08/2026,Bundesliga Austria,2026/2027,RAPID VIENNA,GRAZER AK,12,1P,E. Kara,J. Horn,,RAPID VIENNA,Normal Goal,1561911
16/08/2026,Bundesliga Austria,2026/2027,RAPID VIENNA,GRAZER AK,14,1P,T. Adamsen,,,RAPID VIENNA,Normal Goal,1561911
16/08/2026,Bundesliga Austria,2026/2027,RAPID VIENNA,GRAZER AK,42,1P,N. Cvetkovic,M. Seidl,,RAPID VIENNA,Normal Goal,1561911
16/08/2026,Bundesliga Austria,2026/2027,RAPID VIENNA,GRAZER AK,45,1P,T. Adamsen,,,RAPID VIENNA,Normal Goal,1561911
16/08/2026,Bundesliga Austria,2026/2027,RAPID VIENNA,GRAZER AK,56,2P,Y. Demir,R. Amane,,RAPID VIENNA,Normal Goal,1561911
16/08/2026,Bundesliga Austria,2026/2027,RAPID VIENNA,GRAZER AK,74,2P,T. Adamsen,,,RAPID VIENNA,Normal Goal,1561911
16/08/2026,Bundesliga Austria,2026/2027,RAPID VIENNA,GRAZER AK,86,2P,T. Adamsen,M. Tilio,,RAPID VIENNA,Normal Goal,1561911
21/08/2026,Bundesliga Austria,2026/2027,RIED,GRAZER AK,45,1P,P. Sissoko,,,RIED,Penalty,1561912
22/08/2026,Bundesliga Austria,2026/2027,SCR ALTACH,TSV HARTBERG,16,1P,A. Gattermayer,,,TSV HARTBERG,Normal Goal,1561913
22/08/2026,Bundesliga Austria,2026/2027,SCR ALTACH,TSV HARTBERG,53,2P,O. Diawara,N. Niehoff,,SCR ALTACH,Normal Goal,1561913
22/08/2026,Bundesliga Austria,2026/2027,SCR ALTACH,TSV HARTBERG,90,2P,B. Markus,M. Hoffmann,,TSV HARTBERG,Normal Goal,1561913
22/08/2026,Bundesliga Austria,2026/2027,STURM GRAZ,AUSTRIA LUSTENAU,10,1P,D. Weixelbraun,Danilo Soares,,AUSTRIA LUSTENAU,Normal Goal,1561914
22/08/2026,Bundesliga Austria,2026/2027,STURM GRAZ,AUSTRIA LUSTENAU,65,2P,S. Jatta,,,STURM GRAZ,Penalty,1561914
28/08/2026,Bundesliga Austria,2026/2027,AUSTRIA LUSTENAU,WSG WATTENS,42,1P,M. Olakigbe,,,WSG WATTENS,Normal Goal,1561918
28/08/2026,Bundesliga Austria,2026/2027,AUSTRIA LUSTENAU,WSG WATTENS,52,2P,N. Baden Frederiksen,M. Olakigbe,,WSG WATTENS,Normal Goal,1561918
28/08/2026,Bundesliga Austria,2026/2027,AUSTRIA LUSTENAU,WSG WATTENS,60,2P,M. Striednig,T. Goiginger,,WSG WATTENS,Normal Goal,1561918
28/08/2026,Bundesliga Austria,2026/2027,AUSTRIA LUSTENAU,WSG WATTENS,66,2P,N. Baden Frederiksen,,,WSG WATTENS,Penalty,1561918
04/04/2026,Allsvenskan Suecia,2026/2027,HAMMARBY FF,MJALLBY AIF,42,1P,P. Abraham,,,HAMMARBY FF,Normal Goal,1494118
04/04/2026,Allsvenskan Suecia,2026/2027,HAMMARBY FF,MJALLBY AIF,44,1P,P. Abraham,N. Besara,,HAMMARBY FF,Normal Goal,1494118
04/04/2026,Allsvenskan Suecia,2026/2027,HAMMARBY FF,MJALLBY AIF,48,2P,P. Abraham,N. Besara,,HAMMARBY FF,Normal Goal,1494118
04/04/2026,Allsvenskan Suecia,2026/2027,DEGERFORS IF,SIRIUS,46,2P,N. O. Jonsson,I. Bjerkebo,,SIRIUS,Normal Goal,1494114
04/04/2026,Allsvenskan Suecia,2026/2027,DEGERFORS IF,SIRIUS,78,2P,I. Bjerkebo,,,SIRIUS,Penalty,1494114
04/04/2026,Allsvenskan Suecia,2026/2027,DEGERFORS IF,SIRIUS,82,2P,R. Ure,V. Svensson,,SIRIUS,Normal Goal,1494114
05/04/2026,Allsvenskan Suecia,2026/2027,KALMAR FF,VASTERAS SK FK,11,1P,Z. Ravik,,,VASTERAS SK FK,Own Goal,1494119
05/04/2026,Allsvenskan Suecia,2026/2027,AIK STOCKHOLM,HALMSTAD,21,1P,I. Cisse,,,AIK STOCKHOLM,Normal Goal,1494113
05/04/2026,Allsvenskan Suecia,2026/2027,AIK STOCKHOLM,HALMSTAD,64,2P,O. Liimatta,M. Persson,,HALMSTAD,Normal Goal,1494113
05/04/2026,Allsvenskan Suecia,2026/2027,AIK STOCKHOLM,HALMSTAD,83,2P,Z. Yohanna,S. Wilson,,AIK STOCKHOLM,Normal Goal,1494113
05/04/2026,Allsvenskan Suecia,2026/2027,ORGRYTE IS,MALMO FF,51,2P,A. Andreasson,M. Dyrestam,,ORGRYTE IS,Normal Goal,1494120
05/04/2026,Allsvenskan Suecia,2026/2027,ORGRYTE IS,MALMO FF,73,2P,E. Botheim,,,MALMO FF,Normal Goal,1494120
06/04/2026,Allsvenskan Suecia,2026/2027,BK HACKEN,IF BROMMAPOJKARNA,8,1P,L. Bjorklund,M. Hansen,,IF BROMMAPOJKARNA,Normal Goal,1494117
06/04/2026,Allsvenskan Suecia,2026/2027,BK HACKEN,IF BROMMAPOJKARNA,47,2P,A. Svanback,A. Layouni,,BK HACKEN,Normal Goal,1494117
06/04/2026,Allsvenskan Suecia,2026/2027,BK HACKEN,IF BROMMAPOJKARNA,70,2P,J. Simpson,,,BK HACKEN,Own Goal,1494117
06/04/2026,Allsvenskan Suecia,2026/2027,BK HACKEN,IF BROMMAPOJKARNA,89,2P,A. Troelsen,O. Zanden,,IF BROMMAPOJKARNA,Normal Goal,1494117
06/04/2026,Allsvenskan Suecia,2026/2027,IF ELFSBORG,IFK GOTEBORG,59,2P,T. Silverholt,S. Olsson,,IF ELFSBORG,Normal Goal,1494115
06/04/2026,Allsvenskan Suecia,2026/2027,IF ELFSBORG,IFK GOTEBORG,65,2P,J. Magnusson,S. Olsson,,IF ELFSBORG,Normal Goal,1494115
06/04/2026,Allsvenskan Suecia,2026/2027,GAIS,DJURGARDENS IF,65,2P,P. Aslund,O. Fallenius,,DJURGARDENS IF,Normal Goal,1494116
11/04/2026,Allsvenskan Suecia,2026/2027,IFK GOTEBORG,BK HACKEN,17,1P,G. Lindgren,J. Lindberg,,BK HACKEN,Normal Goal,1494123
11/04/2026,Allsvenskan Suecia,2026/2027,IFK GOTEBORG,BK HACKEN,25,1P,Tobias Heintz,,,IFK GOTEBORG,Missed Penalty,1494123
11/04/2026,Allsvenskan Suecia,2026/2027,IFK GOTEBORG,BK HACKEN,84,2P,M. Rygaard,A. Layouni,,BK HACKEN,Normal Goal,1494123
11/04/2026,Allsvenskan Suecia,2026/2027,MJALLBY AIF,ORGRYTE IS,21,1P,A. Andreasson,T. Sana,,ORGRYTE IS,Normal Goal,1494126
11/04/2026,Allsvenskan Suecia,2026/2027,MJALLBY AIF,ORGRYTE IS,26,1P,J. Tibbling,M. Dyrestam,,ORGRYTE IS,Normal Goal,1494126
11/04/2026,Allsvenskan Suecia,2026/2027,VASTERAS SK FK,IF ELFSBORG,49,2P,N. Hult,R. Mohammed,,IF ELFSBORG,Normal Goal,1494128
11/04/2026,Allsvenskan Suecia,2026/2027,VASTERAS SK FK,IF ELFSBORG,74,2P,M. Ladefoged,M. Baggesen,,VASTERAS SK FK,Normal Goal,1494128
11/04/2026,Allsvenskan Suecia,2026/2027,VASTERAS SK FK,IF ELFSBORG,81,2P,M. Ladefoged,M. Diagne,,VASTERAS SK FK,Normal Goal,1494128
11/04/2026,Allsvenskan Suecia,2026/2027,VASTERAS SK FK,IF ELFSBORG,90,2P,A. Sigurpalsson,T. Isherwood,,IF ELFSBORG,Normal Goal,1494128
12/04/2026,Allsvenskan Suecia,2026/2027,DJURGARDENS IF,KALMAR FF,2,1P,B. Hegland,M. Marques,,DJURGARDENS IF,Normal Goal,1494122
12/04/2026,Allsvenskan Suecia,2026/2027,DJURGARDENS IF,KALMAR FF,7,1P,K. Lien,,,DJURGARDENS IF,Normal Goal,1494122
12/04/2026,Allsvenskan Suecia,2026/2027,DJURGARDENS IF,KALMAR FF,16,1P,C. Rosenqvist,R. Gojani,,KALMAR FF,Normal Goal,1494122
12/04/2026,Allsvenskan Suecia,2026/2027,DJURGARDENS IF,KALMAR FF,29,1P,A. Dari,M. Hallberg,,KALMAR FF,Normal Goal,1494122
12/04/2026,Allsvenskan Suecia,2026/2027,DJURGARDENS IF,KALMAR FF,85,2P,K. Lien,M. Siltanen,,DJURGARDENS IF,Normal Goal,1494122
12/04/2026,Allsvenskan Suecia,2026/2027,DJURGARDENS IF,KALMAR FF,90,2P,Kristian Stromland Lien,,,DJURGARDENS IF,Missed Penalty,1494122
12/04/2026,Allsvenskan Suecia,2026/2027,HALMSTAD,DEGERFORS IF,44,1P,D. Sundgren,,,DEGERFORS IF,Normal Goal,1494124
12/04/2026,Allsvenskan Suecia,2026/2027,HALMSTAD,DEGERFORS IF,56,2P,S. Ohlsson,J. Pikkarainen,,DEGERFORS IF,Normal Goal,1494124
12/04/2026,Allsvenskan Suecia,2026/2027,HALMSTAD,DEGERFORS IF,90,2P,M. Rafferty,N. Girmai,,DEGERFORS IF,Normal Goal,1494124
12/04/2026,Allsvenskan Suecia,2026/2027,MALMO FF,GAIS,21,1P,P. Jansson,J. Stryger,,MALMO FF,Normal Goal,1494125
12/04/2026,Allsvenskan Suecia,2026/2027,MALMO FF,GAIS,37,1P,O. Sjostrand,,,MALMO FF,Normal Goal,1494125
12/04/2026,Allsvenskan Suecia,2026/2027,MALMO FF,GAIS,42,1P,O. Rosengren,C. Rosler,,MALMO FF,Normal Goal,1494125
12/04/2026,Allsvenskan Suecia,2026/2027,MALMO FF,GAIS,87,2P,S. Ekong,W. Milovanovic,,GAIS,Normal Goal,1494125
13/04/2026,Allsvenskan Suecia,2026/2027,SIRIUS,HAMMARBY FF,9,1P,I. Bjerkebo,O. Krusnell,,SIRIUS,Normal Goal,1494127
13/04/2026,Allsvenskan Suecia,2026/2027,SIRIUS,HAMMARBY FF,70,2P,R. Ure,,,SIRIUS,Normal Goal,1494127
13/04/2026,Allsvenskan Suecia,2026/2027,IF BROMMAPOJKARNA,AIK STOCKHOLM,59,2P,B. Celina,Z. Yohanna,,AIK STOCKHOLM,Normal Goal,1494121
13/04/2026,Allsvenskan Suecia,2026/2027,IF BROMMAPOJKARNA,AIK STOCKHOLM,62,2P,M. Hansen,,,IF BROMMAPOJKARNA,Normal Goal,1494121
13/04/2026,Allsvenskan Suecia,2026/2027,IF BROMMAPOJKARNA,AIK STOCKHOLM,78,2P,V. Andersson,J. Hove,,AIK STOCKHOLM,Normal Goal,1494121
13/04/2026,Allsvenskan Suecia,2026/2027,IF BROMMAPOJKARNA,AIK STOCKHOLM,90,2P,A. Timossi,,,IF BROMMAPOJKARNA,Normal Goal,1494121
17/04/2026,Allsvenskan Suecia,2026/2027,DJURGARDENS IF,MALMO FF,61,2P,S. Haksabanovic,O. Rosengren,,MALMO FF,Normal Goal,1494131
17/04/2026,Allsvenskan Suecia,2026/2027,DEGERFORS IF,IF ELFSBORG,52,2P,J. Magnusson,,,IF ELFSBORG,Normal Goal,1494130
18/04/2026,Allsvenskan Suecia,2026/2027,HAMMARBY FF,ORGRYTE IS,11,1P,N. Persson,M. Karlsson,,HAMMARBY FF,Normal Goal,1494134
18/04/2026,Allsvenskan Suecia,2026/2027,HAMMARBY FF,ORGRYTE IS,18,1P,N. Besara,N. Persson,,HAMMARBY FF,Normal Goal,1494134
18/04/2026,Allsvenskan Suecia,2026/2027,HAMMARBY FF,ORGRYTE IS,22,1P,P. Abraham,,,HAMMARBY FF,Normal Goal,1494134
18/04/2026,Allsvenskan Suecia,2026/2027,HAMMARBY FF,ORGRYTE IS,32,1P,C. Styffe,,,ORGRYTE IS,Normal Goal,1494134
18/04/2026,Allsvenskan Suecia,2026/2027,HAMMARBY FF,ORGRYTE IS,33,1P,V. Lind,N. Besara,,HAMMARBY FF,Normal Goal,1494134
18/04/2026,Allsvenskan Suecia,2026/2027,HAMMARBY FF,ORGRYTE IS,57,2P,M. Madjed,N. Besara,,HAMMARBY FF,Normal Goal,1494134
18/04/2026,Allsvenskan Suecia,2026/2027,HAMMARBY FF,ORGRYTE IS,70,2P,N. Vasic,F. Adjei,,HAMMARBY FF,Normal Goal,1494134
18/04/2026,Allsvenskan Suecia,2026/2027,HAMMARBY FF,ORGRYTE IS,79,2P,N. Vasic,V. Lind,,HAMMARBY FF,Normal Goal,1494134
18/04/2026,Allsvenskan Suecia,2026/2027,HAMMARBY FF,ORGRYTE IS,86,2P,N. Vasic,V. Lind,,HAMMARBY FF,Normal Goal,1494134
18/04/2026,Allsvenskan Suecia,2026/2027,SIRIUS,VASTERAS SK FK,8,1P,I. Bjerkebo,,,SIRIUS,Penalty,1494136
18/04/2026,Allsvenskan Suecia,2026/2027,SIRIUS,VASTERAS SK FK,31,1P,I. Bjerkebo,,,SIRIUS,Penalty,1494136
18/04/2026,Allsvenskan Suecia,2026/2027,SIRIUS,VASTERAS SK FK,45,1P,T. Anker,R. Ure,,SIRIUS,Normal Goal,1494136
18/04/2026,Allsvenskan Suecia,2026/2027,SIRIUS,VASTERAS SK FK,53,2P,F. Nsabiyumva,M. Baggesen,,VASTERAS SK FK,Normal Goal,1494136
18/04/2026,Allsvenskan Suecia,2026/2027,SIRIUS,VASTERAS SK FK,62,2P,H. Castegren,T. Anker,,SIRIUS,Normal Goal,1494136
18/04/2026,Allsvenskan Suecia,2026/2027,HALMSTAD,IFK GOTEBORG,62,2P,O. Faraj,L. Arvidsson,,HALMSTAD,Normal Goal,1494133
18/04/2026,Allsvenskan Suecia,2026/2027,HALMSTAD,IFK GOTEBORG,64,2P,T. Heintz,S. Alioum,,IFK GOTEBORG,Normal Goal,1494133
18/04/2026,Allsvenskan Suecia,2026/2027,MJALLBY AIF,IF BROMMAPOJKARNA,5,1P,L. Thorell,A. Manneh,,MJALLBY AIF,Normal Goal,1494135
18/04/2026,Allsvenskan Suecia,2026/2027,MJALLBY AIF,IF BROMMAPOJKARNA,28,1P,J. Bergstrom,E. Stroud,,MJALLBY AIF,Normal Goal,1494135
18/04/2026,Allsvenskan Suecia,2026/2027,MJALLBY AIF,IF BROMMAPOJKARNA,33,1P,A. Manneh,J. Gustavsson,,MJALLBY AIF,Normal Goal,1494135
19/04/2026,Allsvenskan Suecia,2026/2027,AIK STOCKHOLM,KALMAR FF,26,1P,J. Hove,,,AIK STOCKHOLM,Penalty,1494129
19/04/2026,Allsvenskan Suecia,2026/2027,BK HACKEN,GAIS,51,2P,A. Doumbia,,,BK HACKEN,Normal Goal,1494132
19/04/2026,Allsvenskan Suecia,2026/2027,BK HACKEN,GAIS,57,2P,R. Thorkelsson,S. Salter,,GAIS,Normal Goal,1494132
19/04/2026,Allsvenskan Suecia,2026/2027,BK HACKEN,GAIS,80,2P,G. Lindgren,M. Rygaard,,BK HACKEN,Normal Goal,1494132
22/04/2026,Allsvenskan Suecia,2026/2027,HAMMARBY FF,HALMSTAD,10,1P,O. Liimatta,,,HALMSTAD,Normal Goal,1494140
22/04/2026,Allsvenskan Suecia,2026/2027,HAMMARBY FF,HALMSTAD,58,2P,F. Adjei,,,HAMMARBY FF,Normal Goal,1494140
22/04/2026,Allsvenskan Suecia,2026/2027,IF ELFSBORG,DJURGARDENS IF,19,1P,P. Johansson,B. Hegland,,DJURGARDENS IF,Normal Goal,1494138
22/04/2026,Allsvenskan Suecia,2026/2027,IF ELFSBORG,DJURGARDENS IF,25,1P,F. Ihler,,,IF ELFSBORG,Penalty,1494138
22/04/2026,Allsvenskan Suecia,2026/2027,IF ELFSBORG,DJURGARDENS IF,88,2P,J. Rinne,,,IF ELFSBORG,Own Goal,1494138
22/04/2026,Allsvenskan Suecia,2026/2027,ORGRYTE IS,IF BROMMAPOJKARNA,39,1P,D. Isso,M. Hansen,,IF BROMMAPOJKARNA,Normal Goal,1494143
22/04/2026,Allsvenskan Suecia,2026/2027,ORGRYTE IS,IF BROMMAPOJKARNA,67,2P,C. Styffe,T. Sana,,ORGRYTE IS,Normal Goal,1494143
22/04/2026,Allsvenskan Suecia,2026/2027,ORGRYTE IS,IF BROMMAPOJKARNA,72,2P,L. Bjorklund,R. Orqvist,,IF BROMMAPOJKARNA,Normal Goal,1494143
22/04/2026,Allsvenskan Suecia,2026/2027,VASTERAS SK FK,BK HACKEN,4,1P,M. Ladefoged,I. Lushaku,,VASTERAS SK FK,Normal Goal,1494144
22/04/2026,Allsvenskan Suecia,2026/2027,VASTERAS SK FK,BK HACKEN,12,1P,J. Agbonifo,A. Svanback,,BK HACKEN,Normal Goal,1494144
22/04/2026,Allsvenskan Suecia,2026/2027,VASTERAS SK FK,BK HACKEN,45,1P,M. Ladefoged,A. Boudah,,VASTERAS SK FK,Normal Goal,1494144
22/04/2026,Allsvenskan Suecia,2026/2027,VASTERAS SK FK,BK HACKEN,58,2P,M. Ladefoged,J. Ring,,VASTERAS SK FK,Normal Goal,1494144
22/04/2026,Allsvenskan Suecia,2026/2027,VASTERAS SK FK,BK HACKEN,64,2P,A. Svanback,M. Rygaard,,BK HACKEN,Normal Goal,1494144
22/04/2026,Allsvenskan Suecia,2026/2027,VASTERAS SK FK,BK HACKEN,83,2P,F. Helander,A. Layouni,,BK HACKEN,Normal Goal,1494144
23/04/2026,Allsvenskan Suecia,2026/2027,KALMAR FF,IFK GOTEBORG,29,1P,C. Rosenqvist,R. Jansson,,KALMAR FF,Normal Goal,1494141
23/04/2026,Allsvenskan Suecia,2026/2027,KALMAR FF,IFK GOTEBORG,45,1P,T. Heintz,A. Bergmark-Wiberg,,IFK GOTEBORG,Normal Goal,1494141
23/04/2026,Allsvenskan Suecia,2026/2027,MALMO FF,SIRIUS,13,1P,M. Soumah,,,SIRIUS,Normal Goal,1494142
23/04/2026,Allsvenskan Suecia,2026/2027,MALMO FF,SIRIUS,55,2P,S. Haksabanovic,,,MALMO FF,Normal Goal,1494142
23/04/2026,Allsvenskan Suecia,2026/2027,MALMO FF,SIRIUS,60,2P,I. Bjerkebo,M. Lindberg,,SIRIUS,Normal Goal,1494142
23/04/2026,Allsvenskan Suecia,2026/2027,MALMO FF,SIRIUS,65,2P,R. Ure,N. Jonsson,,SIRIUS,Normal Goal,1494142
23/04/2026,Allsvenskan Suecia,2026/2027,MALMO FF,SIRIUS,77,2P,A. Skogmar,J. Stryger,,MALMO FF,Normal Goal,1494142
23/04/2026,Allsvenskan Suecia,2026/2027,DEGERFORS IF,AIK STOCKHOLM,15,1P,S. Wilson,,,DEGERFORS IF,Own Goal,1494137
23/04/2026,Allsvenskan Suecia,2026/2027,DEGERFORS IF,AIK STOCKHOLM,45,1P,J. Hove,E. Flataker,,AIK STOCKHOLM,Normal Goal,1494137
23/04/2026,Allsvenskan Suecia,2026/2027,DEGERFORS IF,AIK STOCKHOLM,85,2P,A. Taranis,D. Vukojevic,,DEGERFORS IF,Normal Goal,1494137
26/04/2026,Allsvenskan Suecia,2026/2027,DJURGARDENS IF,HAMMARBY FF,9,1P,K. Lien,H. Finndell,,DJURGARDENS IF,Normal Goal,1494147
26/04/2026,Allsvenskan Suecia,2026/2027,DJURGARDENS IF,HAMMARBY FF,64,2P,N. Besara,O. Johansson,,HAMMARBY FF,Normal Goal,1494147
26/04/2026,Allsvenskan Suecia,2026/2027,IFK GOTEBORG,GAIS,25,1P,R. Yeboah,D. Kruse,,IFK GOTEBORG,Normal Goal,1494148
26/04/2026,Allsvenskan Suecia,2026/2027,IFK GOTEBORG,GAIS,63,2P,M. Andersson,,,GAIS,Normal Goal,1494148
26/04/2026,Allsvenskan Suecia,2026/2027,IFK GOTEBORG,GAIS,69,2P,W. Milovanovic,J. Fagerjord,,GAIS,Normal Goal,1494148
26/04/2026,Allsvenskan Suecia,2026/2027,IFK GOTEBORG,GAIS,72,2P,D. Kruse,A. Bergmark-Wiberg,,IFK GOTEBORG,Normal Goal,1494148
26/04/2026,Allsvenskan Suecia,2026/2027,IF BROMMAPOJKARNA,VASTERAS SK FK,3,1P,P. Bonde,I. Lushaku,,VASTERAS SK FK,Normal Goal,1494146
26/04/2026,Allsvenskan Suecia,2026/2027,IF BROMMAPOJKARNA,VASTERAS SK FK,7,1P,O. Berg,,,IF BROMMAPOJKARNA,Normal Goal,1494146
26/04/2026,Allsvenskan Suecia,2026/2027,IF BROMMAPOJKARNA,VASTERAS SK FK,58,2P,P. Bonde,I. Lushaku,,VASTERAS SK FK,Normal Goal,1494146
26/04/2026,Allsvenskan Suecia,2026/2027,IF BROMMAPOJKARNA,VASTERAS SK FK,76,2P,Oliver Berg,,,IF BROMMAPOJKARNA,Missed Penalty,1494146
27/04/2026,Allsvenskan Suecia,2026/2027,BK HACKEN,SIRIUS,25,1P,M. Rygaard,A. Svanback,,BK HACKEN,Normal Goal,1494149
27/04/2026,Allsvenskan Suecia,2026/2027,BK HACKEN,SIRIUS,37,1P,G. Lindgren,B. Wembangomo,,BK HACKEN,Normal Goal,1494149
27/04/2026,Allsvenskan Suecia,2026/2027,BK HACKEN,SIRIUS,40,1P,R. Ure,,,SIRIUS,Normal Goal,1494149
27/04/2026,Allsvenskan Suecia,2026/2027,BK HACKEN,SIRIUS,86,2P,M. Soumah,N. Jonsson,,SIRIUS,Normal Goal,1494149
27/04/2026,Allsvenskan Suecia,2026/2027,KALMAR FF,IF ELFSBORG,5,1P,F. Ihler,T. Silverholt,,IF ELFSBORG,Normal Goal,1494150
27/04/2026,Allsvenskan Suecia,2026/2027,KALMAR FF,IF ELFSBORG,13,1P,C. Rosenqvist,C. Sagoe Jr,,KALMAR FF,Normal Goal,1494150
27/04/2026,Allsvenskan Suecia,2026/2027,KALMAR FF,IF ELFSBORG,57,2P,A. Olusanya,C. Sagoe Jr,,KALMAR FF,Normal Goal,1494150
27/04/2026,Allsvenskan Suecia,2026/2027,AIK STOCKHOLM,MALMO FF,25,1P,E. Botheim,S. Haksabanovic,,MALMO FF,Normal Goal,1494145
27/04/2026,Allsvenskan Suecia,2026/2027,ORGRYTE IS,DEGERFORS IF,68,2P,G. Yiriyon,N. Girmai,,DEGERFORS IF,Normal Goal,1494152
27/04/2026,Allsvenskan Suecia,2026/2027,ORGRYTE IS,DEGERFORS IF,85,2P,T. Sana,,,ORGRYTE IS,Penalty,1494152
27/04/2026,Allsvenskan Suecia,2026/2027,MJALLBY AIF,HALMSTAD,56,2P,J. Bergstrom,,,MJALLBY AIF,Normal Goal,1494151
27/04/2026,Allsvenskan Suecia,2026/2027,MJALLBY AIF,HALMSTAD,84,2P,V. Granath,O. Lindberg,,MJALLBY AIF,Normal Goal,1494151
02/05/2026,Allsvenskan Suecia,2026/2027,SIRIUS,KALMAR FF,38,1P,C. Rosenqvist,C. Sagoe Jr,,KALMAR FF,Normal Goal,1494160
02/05/2026,Allsvenskan Suecia,2026/2027,SIRIUS,KALMAR FF,45,1P,R. Jansson,C. Sagoe Jr,,KALMAR FF,Normal Goal,1494160
02/05/2026,Allsvenskan Suecia,2026/2027,SIRIUS,KALMAR FF,64,2P,V. Svensson,M. Lindberg,,SIRIUS,Normal Goal,1494160
02/05/2026,Allsvenskan Suecia,2026/2027,SIRIUS,KALMAR FF,74,2P,I. Bjerkebo,,,SIRIUS,Penalty,1494160
02/05/2026,Allsvenskan Suecia,2026/2027,SIRIUS,KALMAR FF,90,2P,O. Adindu,J. Persson,,SIRIUS,Normal Goal,1494160
02/05/2026,Allsvenskan Suecia,2026/2027,DEGERFORS IF,BK HACKEN,19,1P,S. Andersen,,,BK HACKEN,Penalty,1494153
02/05/2026,Allsvenskan Suecia,2026/2027,DEGERFORS IF,BK HACKEN,71,2P,A. Taranis,D. Sundgren,,DEGERFORS IF,Normal Goal,1494153
03/05/2026,Allsvenskan Suecia,2026/2027,HAMMARBY FF,VASTERAS SK FK,67,2P,V. Lind,H. Skoglund,,HAMMARBY FF,Normal Goal,1494158
03/05/2026,Allsvenskan Suecia,2026/2027,HAMMARBY FF,VASTERAS SK FK,73,2P,P. Abraham,I. Fofana,,HAMMARBY FF,Normal Goal,1494158
03/05/2026,Allsvenskan Suecia,2026/2027,HAMMARBY FF,VASTERAS SK FK,86,2P,M. Madjed,N. Persson,,HAMMARBY FF,Normal Goal,1494158
03/05/2026,Allsvenskan Suecia,2026/2027,MALMO FF,MJALLBY AIF,2,1P,J. Bergstrom,V. Granath,,MJALLBY AIF,Normal Goal,1494159
03/05/2026,Allsvenskan Suecia,2026/2027,MALMO FF,MJALLBY AIF,49,2P,E. Stroud,A. Manneh,,MJALLBY AIF,Normal Goal,1494159
03/05/2026,Allsvenskan Suecia,2026/2027,MALMO FF,MJALLBY AIF,57,2P,T. Ali,S. Haksabanovic,,MALMO FF,Normal Goal,1494159
03/05/2026,Allsvenskan Suecia,2026/2027,MALMO FF,MJALLBY AIF,70,2P,J. Bergstrom,J. Kjaer,,MJALLBY AIF,Normal Goal,1494159
03/05/2026,Allsvenskan Suecia,2026/2027,MALMO FF,MJALLBY AIF,81,2P,S. Haksabanovic,T. Ali,,MALMO FF,Normal Goal,1494159
03/05/2026,Allsvenskan Suecia,2026/2027,IF ELFSBORG,AIK STOCKHOLM,8,1P,A. Sigurpalsson,F. Ihler,,IF ELFSBORG,Normal Goal,1494155
03/05/2026,Allsvenskan Suecia,2026/2027,IF ELFSBORG,AIK STOCKHOLM,9,1P,Z. Yohanna,B. Celina,,AIK STOCKHOLM,Normal Goal,1494155
03/05/2026,Allsvenskan Suecia,2026/2027,GAIS,ORGRYTE IS,33,1P,M. Andersson,W. Milovanovic,,GAIS,Normal Goal,1494156
03/05/2026,Allsvenskan Suecia,2026/2027,GAIS,ORGRYTE IS,46,2P,S. Salter,M. Andersson,,GAIS,Normal Goal,1494156
03/05/2026,Allsvenskan Suecia,2026/2027,GAIS,ORGRYTE IS,52,2P,J. Fagerjord,,,GAIS,Penalty,1494156
03/05/2026,Allsvenskan Suecia,2026/2027,GAIS,ORGRYTE IS,90,2P,O. Pettersson,W. Milovanovic,,GAIS,Normal Goal,1494156
04/05/2026,Allsvenskan Suecia,2026/2027,DJURGARDENS IF,IFK GOTEBORG,15,1P,J. Okkels,B. Hegland,,DJURGARDENS IF,Normal Goal,1494154
04/05/2026,Allsvenskan Suecia,2026/2027,DJURGARDENS IF,IFK GOTEBORG,31,1P,P. Aslund,,,DJURGARDENS IF,Normal Goal,1494154
04/05/2026,Allsvenskan Suecia,2026/2027,DJURGARDENS IF,IFK GOTEBORG,34,1P,K. Lien,P. Johansson,,DJURGARDENS IF,Normal Goal,1494154
04/05/2026,Allsvenskan Suecia,2026/2027,DJURGARDENS IF,IFK GOTEBORG,62,2P,P. Aslund,B. Hegland,,DJURGARDENS IF,Normal Goal,1494154
04/05/2026,Allsvenskan Suecia,2026/2027,DJURGARDENS IF,IFK GOTEBORG,81,2P,J. Asoro,M. Anderson,,DJURGARDENS IF,Normal Goal,1494154
04/05/2026,Allsvenskan Suecia,2026/2027,DJURGARDENS IF,IFK GOTEBORG,90,2P,J. Asoro,B. Hegland,,DJURGARDENS IF,Normal Goal,1494154
04/05/2026,Allsvenskan Suecia,2026/2027,HALMSTAD,IF BROMMAPOJKARNA,59,2P,S. Oppong,D. Isso,,IF BROMMAPOJKARNA,Normal Goal,1494157
04/05/2026,Allsvenskan Suecia,2026/2027,HALMSTAD,IF BROMMAPOJKARNA,69,2P,K. Barslund,M. Hansen,,IF BROMMAPOJKARNA,Normal Goal,1494157
04/05/2026,Allsvenskan Suecia,2026/2027,HALMSTAD,IF BROMMAPOJKARNA,82,2P,M. Hansen,O. Berg,,IF BROMMAPOJKARNA,Normal Goal,1494157
04/05/2026,Allsvenskan Suecia,2026/2027,HALMSTAD,IF BROMMAPOJKARNA,90,2P,L. Cavallius,,,HALMSTAD,Own Goal,1494157
08/05/2026,Allsvenskan Suecia,2026/2027,IF ELFSBORG,IF BROMMAPOJKARNA,72,2P,L. Ostman,J. Magnusson,,IF ELFSBORG,Normal Goal,1494163
08/05/2026,Allsvenskan Suecia,2026/2027,IF ELFSBORG,IF BROMMAPOJKARNA,90,2P,L. Ostman,A. Zeneli,,IF ELFSBORG,Normal Goal,1494163
09/05/2026,Allsvenskan Suecia,2026/2027,IFK GOTEBORG,HAMMARBY FF,90,2P,V. Eriksson,O. Johansson,,HAMMARBY FF,Normal Goal,1494164
09/05/2026,Allsvenskan Suecia,2026/2027,DEGERFORS IF,MJALLBY AIF,4,1P,J. Kjaer,L. Thorell,,MJALLBY AIF,Normal Goal,1494162
09/05/2026,Allsvenskan Suecia,2026/2027,DEGERFORS IF,MJALLBY AIF,30,1P,T. Pettersson,A. Iqbal,,MJALLBY AIF,Normal Goal,1494162
09/05/2026,Allsvenskan Suecia,2026/2027,DEGERFORS IF,MJALLBY AIF,37,1P,A. Manneh,T. Miettinen,,MJALLBY AIF,Normal Goal,1494162
09/05/2026,Allsvenskan Suecia,2026/2027,DEGERFORS IF,MJALLBY AIF,51,2P,N. Moro,D. Sundgren,,DEGERFORS IF,Normal Goal,1494162
09/05/2026,Allsvenskan Suecia,2026/2027,DEGERFORS IF,MJALLBY AIF,84,2P,E. Stroud,J. Gustavsson,,MJALLBY AIF,Normal Goal,1494162
09/05/2026,Allsvenskan Suecia,2026/2027,VASTERAS SK FK,GAIS,56,2P,R. Thorkelsson,R. Niklasson,,GAIS,Normal Goal,1494168
10/05/2026,Allsvenskan Suecia,2026/2027,KALMAR FF,HALMSTAD,52,2P,C. Sagoe Jr,C. Rosenqvist,,KALMAR FF,Normal Goal,1494166
10/05/2026,Allsvenskan Suecia,2026/2027,KALMAR FF,HALMSTAD,60,2P,A. Olusanya,M. Soderback,,KALMAR FF,Normal Goal,1494166
10/05/2026,Allsvenskan Suecia,2026/2027,AIK STOCKHOLM,DJURGARDENS IF,10,1P,H. Finndell,,,DJURGARDENS IF,Normal Goal,1494161
10/05/2026,Allsvenskan Suecia,2026/2027,AIK STOCKHOLM,DJURGARDENS IF,16,1P,M. Tenho,B. Hegland,,DJURGARDENS IF,Normal Goal,1494161
10/05/2026,Allsvenskan Suecia,2026/2027,AIK STOCKHOLM,DJURGARDENS IF,22,1P,K. Filling,Z. Yohanna,,AIK STOCKHOLM,Normal Goal,1494161
10/05/2026,Allsvenskan Suecia,2026/2027,AIK STOCKHOLM,DJURGARDENS IF,45,1P,M. Marques,B. Hegland,,DJURGARDENS IF,Normal Goal,1494161
10/05/2026,Allsvenskan Suecia,2026/2027,AIK STOCKHOLM,DJURGARDENS IF,64,2P,D. Besirovic,A. Csongvai,,AIK STOCKHOLM,Normal Goal,1494161
10/05/2026,Allsvenskan Suecia,2026/2027,AIK STOCKHOLM,DJURGARDENS IF,86,2P,B. Hegland,K. Lien,,DJURGARDENS IF,Normal Goal,1494161
10/05/2026,Allsvenskan Suecia,2026/2027,BK HACKEN,MALMO FF,4,1P,G. Lindgren,A. Svanback,,BK HACKEN,Normal Goal,1494165
10/05/2026,Allsvenskan Suecia,2026/2027,BK HACKEN,MALMO FF,20,1P,J. Stryger,,,BK HACKEN,Own Goal,1494165
10/05/2026,Allsvenskan Suecia,2026/2027,BK HACKEN,MALMO FF,24,1P,Busanello,O. Rosengren,,MALMO FF,Normal Goal,1494165
10/05/2026,Allsvenskan Suecia,2026/2027,BK HACKEN,MALMO FF,37,1P,G. Lindgren,A. Lundkvist,,BK HACKEN,Normal Goal,1494165
10/05/2026,Allsvenskan Suecia,2026/2027,BK HACKEN,MALMO FF,39,1P,E. Botheim,S. Haksabanovic,,MALMO FF,Normal Goal,1494165
11/05/2026,Allsvenskan Suecia,2026/2027,SIRIUS,ORGRYTE IS,39,1P,I. Bjerkebo,,,SIRIUS,Normal Goal,1494167
11/05/2026,Allsvenskan Suecia,2026/2027,SIRIUS,ORGRYTE IS,73,2P,I. Bjerkebo,J. Persson,,SIRIUS,Normal Goal,1494167
16/05/2026,Allsvenskan Suecia,2026/2027,HALMSTAD,IF ELFSBORG,24,1P,H. Carneil,A. Boman,,HALMSTAD,Normal Goal,1494172
16/05/2026,Allsvenskan Suecia,2026/2027,HALMSTAD,IF ELFSBORG,81,2P,A. Zeneli,M. Kamara,,IF ELFSBORG,Normal Goal,1494172
16/05/2026,Allsvenskan Suecia,2026/2027,GAIS,DEGERFORS IF,13,1P,W. Milovanovic,M. de Brienne,,GAIS,Normal Goal,1494171
16/05/2026,Allsvenskan Suecia,2026/2027,GAIS,DEGERFORS IF,82,2P,E. Lindell,E. Barsoum,,DEGERFORS IF,Normal Goal,1494171
17/05/2026,Allsvenskan Suecia,2026/2027,HAMMARBY FF,MALMO FF,13,1P,N. Besara,,,HAMMARBY FF,Penalty,1494173
17/05/2026,Allsvenskan Suecia,2026/2027,HAMMARBY FF,MALMO FF,29,1P,N. Besara,P. Abraham,,HAMMARBY FF,Normal Goal,1494173
17/05/2026,Allsvenskan Suecia,2026/2027,HAMMARBY FF,MALMO FF,38,1P,K. Busuladzic,E. Botheim,,MALMO FF,Normal Goal,1494173
17/05/2026,Allsvenskan Suecia,2026/2027,HAMMARBY FF,MALMO FF,44,1P,N. Besara,,,HAMMARBY FF,Normal Goal,1494173
17/05/2026,Allsvenskan Suecia,2026/2027,HAMMARBY FF,MALMO FF,73,2P,V. Lind,N. Besara,,HAMMARBY FF,Normal Goal,1494173
17/05/2026,Allsvenskan Suecia,2026/2027,IF BROMMAPOJKARNA,KALMAR FF,25,1P,S. Oppong,O. Berg,,IF BROMMAPOJKARNA,Normal Goal,1494169
17/05/2026,Allsvenskan Suecia,2026/2027,MJALLBY AIF,BK HACKEN,75,2P,J. Lindberg,J. Agbonifo,,BK HACKEN,Normal Goal,1494174
17/05/2026,Allsvenskan Suecia,2026/2027,VASTERAS SK FK,AIK STOCKHOLM,45,1P,M. Baggesen,K. Gunnarsson,,VASTERAS SK FK,Normal Goal,1494176
17/05/2026,Allsvenskan Suecia,2026/2027,VASTERAS SK FK,AIK STOCKHOLM,45,1P,A. Csongvai,,,AIK STOCKHOLM,Normal Goal,1494176
18/05/2026,Allsvenskan Suecia,2026/2027,DJURGARDENS IF,SIRIUS,13,1P,M. Anderson,B. Hegland,,DJURGARDENS IF,Normal Goal,1494170
18/05/2026,Allsvenskan Suecia,2026/2027,DJURGARDENS IF,SIRIUS,38,1P,M. Lindberg,M. Heier,,SIRIUS,Normal Goal,1494170
18/05/2026,Allsvenskan Suecia,2026/2027,DJURGARDENS IF,SIRIUS,43,1P,R. Ure,I. Bjerkebo,,SIRIUS,Normal Goal,1494170
18/05/2026,Allsvenskan Suecia,2026/2027,DJURGARDENS IF,SIRIUS,51,2P,T. Anker,,,DJURGARDENS IF,Own Goal,1494170
18/05/2026,Allsvenskan Suecia,2026/2027,DJURGARDENS IF,SIRIUS,57,2P,N. Jonsson,R. Ure,,SIRIUS,Normal Goal,1494170
19/05/2026,Allsvenskan Suecia,2026/2027,ORGRYTE IS,IFK GOTEBORG,21,1P,A. Erlingmark,S. Clemmensen,,IFK GOTEBORG,Normal Goal,1494175
19/05/2026,Allsvenskan Suecia,2026/2027,ORGRYTE IS,IFK GOTEBORG,28,1P,B. Brantlind,S. Clemmensen,,IFK GOTEBORG,Normal Goal,1494175
19/05/2026,Allsvenskan Suecia,2026/2027,ORGRYTE IS,IFK GOTEBORG,37,1P,W. Hofvander,T. Sana,,ORGRYTE IS,Normal Goal,1494175
19/05/2026,Allsvenskan Suecia,2026/2027,ORGRYTE IS,IFK GOTEBORG,87,2P,D. Paulson,T. Sana,,ORGRYTE IS,Normal Goal,1494175
19/05/2026,Allsvenskan Suecia,2026/2027,ORGRYTE IS,IFK GOTEBORG,90,2P,F. Eriksson,M. Fenger,,IFK GOTEBORG,Normal Goal,1494175
20/05/2026,Allsvenskan Suecia,2026/2027,GAIS,HAMMARBY FF,26,1P,R. Niklasson,,,GAIS,Normal Goal,1494229
20/05/2026,Allsvenskan Suecia,2026/2027,GAIS,HAMMARBY FF,81,2P,S. Salter,,,GAIS,Normal Goal,1494229
21/05/2026,Allsvenskan Suecia,2026/2027,IF ELFSBORG,MJALLBY AIF,7,1P,L. Ostman,S. Hedlund,,IF ELFSBORG,Normal Goal,1494228
21/05/2026,Allsvenskan Suecia,2026/2027,IF ELFSBORG,MJALLBY AIF,49,2P,J. Kjaer,L. Thorell,,MJALLBY AIF,Normal Goal,1494228
22/05/2026,Allsvenskan Suecia,2026/2027,DJURGARDENS IF,IF BROMMAPOJKARNA,24,1P,M. Hansen,O. Berg,,IF BROMMAPOJKARNA,Normal Goal,1494177
22/05/2026,Allsvenskan Suecia,2026/2027,DJURGARDENS IF,IF BROMMAPOJKARNA,28,1P,M. Anderson,A. Stahl,,DJURGARDENS IF,Normal Goal,1494177
22/05/2026,Allsvenskan Suecia,2026/2027,DJURGARDENS IF,IF BROMMAPOJKARNA,63,2P,S. Strand,,,IF BROMMAPOJKARNA,Normal Goal,1494177
23/05/2026,Allsvenskan Suecia,2026/2027,KALMAR FF,DEGERFORS IF,43,1P,R. Jansson,C. Sagoe Jr,,KALMAR FF,Normal Goal,1494182
23/05/2026,Allsvenskan Suecia,2026/2027,KALMAR FF,DEGERFORS IF,67,2P,C. Rosenqvist,R. Jansson,,KALMAR FF,Normal Goal,1494182
23/05/2026,Allsvenskan Suecia,2026/2027,KALMAR FF,DEGERFORS IF,90,2P,J. Pikkarainen,D. Sundgren,,DEGERFORS IF,Normal Goal,1494182
23/05/2026,Allsvenskan Suecia,2026/2027,HALMSTAD,ORGRYTE IS,32,1P,R. Ascone,,,HALMSTAD,Normal Goal,1494180
23/05/2026,Allsvenskan Suecia,2026/2027,HALMSTAD,ORGRYTE IS,54,2P,L. Arvidsson,H. Carneil,,HALMSTAD,Normal Goal,1494180
24/05/2026,Allsvenskan Suecia,2026/2027,HAMMARBY FF,AIK STOCKHOLM,48,2P,I. Fofana,,,HAMMARBY FF,Normal Goal,1494181
24/05/2026,Allsvenskan Suecia,2026/2027,HAMMARBY FF,AIK STOCKHOLM,58,2P,J. Hove,,,AIK STOCKHOLM,Normal Goal,1494181
24/05/2026,Allsvenskan Suecia,2026/2027,HAMMARBY FF,AIK STOCKHOLM,84,2P,B. Celina,S. Wilson,,AIK STOCKHOLM,Normal Goal,1494181
24/05/2026,Allsvenskan Suecia,2026/2027,SIRIUS,GAIS,6,1P,I. Bjerkebo,,,SIRIUS,Normal Goal,1494184
24/05/2026,Allsvenskan Suecia,2026/2027,SIRIUS,GAIS,16,1P,R. Niklasson,S. Salter,,GAIS,Normal Goal,1494184
24/05/2026,Allsvenskan Suecia,2026/2027,SIRIUS,GAIS,44,1P,V. Ekstrom,V. Svensson,,SIRIUS,Normal Goal,1494184
24/05/2026,Allsvenskan Suecia,2026/2027,MALMO FF,VASTERAS SK FK,15,1P,A. Skogmar,T. Lundbergh,,MALMO FF,Normal Goal,1494183
24/05/2026,Allsvenskan Suecia,2026/2027,MALMO FF,VASTERAS SK FK,36,1P,J. Magnusson,S. Gefvert,,VASTERAS SK FK,Normal Goal,1494183
24/05/2026,Allsvenskan Suecia,2026/2027,MALMO FF,VASTERAS SK FK,45,1P,H. Magnusson,,,VASTERAS SK FK,Normal Goal,1494183
24/05/2026,Allsvenskan Suecia,2026/2027,MALMO FF,VASTERAS SK FK,74,2P,E. Botheim,D. T. Gudjohnsen,,MALMO FF,Normal Goal,1494183
24/05/2026,Allsvenskan Suecia,2026/2027,MALMO FF,VASTERAS SK FK,90,2P,M. Ladefoged,S. Gefvert,,VASTERAS SK FK,Normal Goal,1494183
25/05/2026,Allsvenskan Suecia,2026/2027,IFK GOTEBORG,MJALLBY AIF,51,2P,S. Clemmensen,,,IFK GOTEBORG,Normal Goal,1494179
25/05/2026,Allsvenskan Suecia,2026/2027,IFK GOTEBORG,MJALLBY AIF,58,2P,J. Bergstrom,,,MJALLBY AIF,Penalty,1494179
25/05/2026,Allsvenskan Suecia,2026/2027,IF ELFSBORG,BK HACKEN,42,1P,S. Andersen,A. Layouni,,BK HACKEN,Normal Goal,1494178
25/05/2026,Allsvenskan Suecia,2026/2027,IF ELFSBORG,BK HACKEN,67,2P,L. Ostman,,,IF ELFSBORG,Normal Goal,1494178
29/05/2026,Allsvenskan Suecia,2026/2027,ORGRYTE IS,IF ELFSBORG,37,1P,A. Zeneli,,,IF ELFSBORG,Penalty,1494191
29/05/2026,Allsvenskan Suecia,2026/2027,ORGRYTE IS,IF ELFSBORG,67,2P,A. Zeneli,J. Beck,,IF ELFSBORG,Normal Goal,1494191
29/05/2026,Allsvenskan Suecia,2026/2027,ORGRYTE IS,IF ELFSBORG,70,2P,N. Christoffersson,C. Styffe,,ORGRYTE IS,Normal Goal,1494191
29/05/2026,Allsvenskan Suecia,2026/2027,ORGRYTE IS,IF ELFSBORG,77,2P,N. Christoffersson,W. Hofvander,,ORGRYTE IS,Normal Goal,1494191
30/05/2026,Allsvenskan Suecia,2026/2027,MALMO FF,HALMSTAD,4,1P,A. Skogmar,,,MALMO FF,Normal Goal,1494189
30/05/2026,Allsvenskan Suecia,2026/2027,MALMO FF,HALMSTAD,7,1P,O. Faraj,R. Kaib,,HALMSTAD,Normal Goal,1494189
30/05/2026,Allsvenskan Suecia,2026/2027,MALMO FF,HALMSTAD,26,1P,O. Faraj,M. Illary,,HALMSTAD,Normal Goal,1494189
30/05/2026,Allsvenskan Suecia,2026/2027,MALMO FF,HALMSTAD,30,1P,K. Busuladzic,,,MALMO FF,Normal Goal,1494189
30/05/2026,Allsvenskan Suecia,2026/2027,MALMO FF,HALMSTAD,60,2P,E. Botheim,S. Haksabanovic,,MALMO FF,Normal Goal,1494189
30/05/2026,Allsvenskan Suecia,2026/2027,MALMO FF,HALMSTAD,62,2P,E. Botheim,K. Busuladzic,,MALMO FF,Normal Goal,1494189
30/05/2026,Allsvenskan Suecia,2026/2027,MALMO FF,HALMSTAD,68,2P,E. Botheim,,,MALMO FF,Normal Goal,1494189
30/05/2026,Allsvenskan Suecia,2026/2027,AIK STOCKHOLM,SIRIUS,19,1P,R. Ure,V. Svensson,,SIRIUS,Normal Goal,1494185
30/05/2026,Allsvenskan Suecia,2026/2027,AIK STOCKHOLM,SIRIUS,37,1P,R. Ure,O. Krusnell,,SIRIUS,Normal Goal,1494185
30/05/2026,Allsvenskan Suecia,2026/2027,AIK STOCKHOLM,SIRIUS,90,2P,H. Castegren,,,SIRIUS,Normal Goal,1494185
30/05/2026,Allsvenskan Suecia,2026/2027,GAIS,KALMAR FF,6,1P,S. Salter,W. Milovanovic,,GAIS,Normal Goal,1494187
30/05/2026,Allsvenskan Suecia,2026/2027,GAIS,KALMAR FF,81,2P,M. Hallberg,,,GAIS,Own Goal,1494187
30/05/2026,Allsvenskan Suecia,2026/2027,GAIS,KALMAR FF,84,2P,A. Cardaklija,J. Lindberg,,GAIS,Normal Goal,1494187
31/05/2026,Allsvenskan Suecia,2026/2027,BK HACKEN,HAMMARBY FF,9,1P,V. Lind,P. Abraham,,HAMMARBY FF,Normal Goal,1494188
31/05/2026,Allsvenskan Suecia,2026/2027,BK HACKEN,HAMMARBY FF,39,1P,V. Lind,,,HAMMARBY FF,Normal Goal,1494188
31/05/2026,Allsvenskan Suecia,2026/2027,BK HACKEN,HAMMARBY FF,47,2P,A. Layouni,,,BK HACKEN,Penalty,1494188
31/05/2026,Allsvenskan Suecia,2026/2027,BK HACKEN,HAMMARBY FF,55,2P,S. Andersen,A. Lundkvist,,BK HACKEN,Normal Goal,1494188
31/05/2026,Allsvenskan Suecia,2026/2027,BK HACKEN,HAMMARBY FF,79,2P,A. Svanback,J. Lindberg,,BK HACKEN,Normal Goal,1494188
31/05/2026,Allsvenskan Suecia,2026/2027,DEGERFORS IF,IF BROMMAPOJKARNA,2,1P,M. Hansen,S. Oppong,,IF BROMMAPOJKARNA,Normal Goal,1494186
31/05/2026,Allsvenskan Suecia,2026/2027,DEGERFORS IF,IF BROMMAPOJKARNA,51,2P,S. Strand,O. Berg,,IF BROMMAPOJKARNA,Normal Goal,1494186
31/05/2026,Allsvenskan Suecia,2026/2027,DEGERFORS IF,IF BROMMAPOJKARNA,55,2P,S. Strand,,,DEGERFORS IF,Own Goal,1494186
31/05/2026,Allsvenskan Suecia,2026/2027,DEGERFORS IF,IF BROMMAPOJKARNA,63,2P,M. Rafferty,,,DEGERFORS IF,Normal Goal,1494186
31/05/2026,Allsvenskan Suecia,2026/2027,VASTERAS SK FK,IFK GOTEBORG,1,1P,T. Heintz,N. Tolf,,IFK GOTEBORG,Normal Goal,1494192
31/05/2026,Allsvenskan Suecia,2026/2027,VASTERAS SK FK,IFK GOTEBORG,8,1P,T. Heintz,S. Clemmensen,,IFK GOTEBORG,Normal Goal,1494192
31/05/2026,Allsvenskan Suecia,2026/2027,VASTERAS SK FK,IFK GOTEBORG,9,1P,A. Bergmark-Wiberg,R. Yeboah,,IFK GOTEBORG,Normal Goal,1494192
31/05/2026,Allsvenskan Suecia,2026/2027,VASTERAS SK FK,IFK GOTEBORG,27,1P,K. Gunnarsson,S. Gefvert,,VASTERAS SK FK,Normal Goal,1494192
31/05/2026,Allsvenskan Suecia,2026/2027,VASTERAS SK FK,IFK GOTEBORG,30,1P,M. Ladefoged,M. Baggesen,,VASTERAS SK FK,Normal Goal,1494192
31/05/2026,Allsvenskan Suecia,2026/2027,VASTERAS SK FK,IFK GOTEBORG,37,1P,T. Heintz,A. Bergmark-Wiberg,,IFK GOTEBORG,Normal Goal,1494192
31/05/2026,Allsvenskan Suecia,2026/2027,VASTERAS SK FK,IFK GOTEBORG,53,2P,T. Axel,K. Gunnarsson,,VASTERAS SK FK,Normal Goal,1494192
31/05/2026,Allsvenskan Suecia,2026/2027,VASTERAS SK FK,IFK GOTEBORG,66,2P,T. Axel,J. Magnusson,,VASTERAS SK FK,Normal Goal,1494192
31/05/2026,Allsvenskan Suecia,2026/2027,VASTERAS SK FK,IFK GOTEBORG,79,2P,T. Heintz,,,IFK GOTEBORG,Normal Goal,1494192
03/07/2026,Allsvenskan Suecia,2026/2027,SIRIUS,MJALLBY AIF,14,1P,R. Ure,M. Lindberg,,SIRIUS,Normal Goal,1494200
03/07/2026,Allsvenskan Suecia,2026/2027,SIRIUS,MJALLBY AIF,46,2P,R. Ure,I. Bjerkebo,,SIRIUS,Normal Goal,1494200
03/07/2026,Allsvenskan Suecia,2026/2027,SIRIUS,MJALLBY AIF,50,2P,R. Ure,O. Adindu,,SIRIUS,Normal Goal,1494200
03/07/2026,Allsvenskan Suecia,2026/2027,SIRIUS,MJALLBY AIF,56,2P,A. Samuelsen,A. Manneh,,MJALLBY AIF,Normal Goal,1494200
03/07/2026,Allsvenskan Suecia,2026/2027,SIRIUS,MJALLBY AIF,65,2P,A. Samuelsen,M. Nielsen,,MJALLBY AIF,Normal Goal,1494200
03/07/2026,Allsvenskan Suecia,2026/2027,SIRIUS,MJALLBY AIF,69,2P,R. Ure,O. Adindu,,SIRIUS,Normal Goal,1494200
03/07/2026,Allsvenskan Suecia,2026/2027,SIRIUS,MJALLBY AIF,81,2P,L. Svanberg,,,MJALLBY AIF,Normal Goal,1494200
03/07/2026,Allsvenskan Suecia,2026/2027,SIRIUS,MJALLBY AIF,90,2P,T. Pettersson,T. Miettinen,,MJALLBY AIF,Normal Goal,1494200
04/07/2026,Allsvenskan Suecia,2026/2027,HALMSTAD,VASTERAS SK FK,1,1P,H. Carneil,J. Allansson,,HALMSTAD,Normal Goal,1494198
04/07/2026,Allsvenskan Suecia,2026/2027,HALMSTAD,VASTERAS SK FK,4,1P,M. Ladefoged,I. Lushaku,,VASTERAS SK FK,Normal Goal,1494198
04/07/2026,Allsvenskan Suecia,2026/2027,HALMSTAD,VASTERAS SK FK,26,1P,T. Axel,M. Ladefoged,,VASTERAS SK FK,Normal Goal,1494198
04/07/2026,Allsvenskan Suecia,2026/2027,HALMSTAD,VASTERAS SK FK,63,2P,T. Axel,M. Ladefoged,,VASTERAS SK FK,Normal Goal,1494198
04/07/2026,Allsvenskan Suecia,2026/2027,HALMSTAD,VASTERAS SK FK,67,2P,Mikkel Ladefoged,,,VASTERAS SK FK,Missed Penalty,1494198
04/07/2026,Allsvenskan Suecia,2026/2027,DEGERFORS IF,MALMO FF,52,2P,E. Botheim,K. Busuladzic,,MALMO FF,Normal Goal,1494194
05/07/2026,Allsvenskan Suecia,2026/2027,IFK GOTEBORG,AIK STOCKHOLM,30,1P,S. Clemmensen,F. Eriksson,,IFK GOTEBORG,Normal Goal,1494196
05/07/2026,Allsvenskan Suecia,2026/2027,IFK GOTEBORG,AIK STOCKHOLM,34,1P,J. Hove,T. Ayari,,AIK STOCKHOLM,Normal Goal,1494196
05/07/2026,Allsvenskan Suecia,2026/2027,IFK GOTEBORG,AIK STOCKHOLM,76,2P,A. Kouame,T. Ayari,,AIK STOCKHOLM,Normal Goal,1494196
05/07/2026,Allsvenskan Suecia,2026/2027,KALMAR FF,ORGRYTE IS,3,1P,C. Gustafsson,C. Sagoe Jr,,KALMAR FF,Normal Goal,1494199
05/07/2026,Allsvenskan Suecia,2026/2027,KALMAR FF,ORGRYTE IS,47,2P,A. Magashy,C. Sagoe Jr,,KALMAR FF,Normal Goal,1494199
05/07/2026,Allsvenskan Suecia,2026/2027,KALMAR FF,ORGRYTE IS,84,2P,R. Jansson,M. Soderback,,KALMAR FF,Normal Goal,1494199
05/07/2026,Allsvenskan Suecia,2026/2027,IF ELFSBORG,HAMMARBY FF,50,2P,P. Abraham,V. Lind,,HAMMARBY FF,Normal Goal,1494195
05/07/2026,Allsvenskan Suecia,2026/2027,IF ELFSBORG,HAMMARBY FF,74,2P,M. Madjed,,,HAMMARBY FF,Normal Goal,1494195
05/07/2026,Allsvenskan Suecia,2026/2027,IF ELFSBORG,HAMMARBY FF,77,2P,A. Sigurpalsson,J. Magnusson,,IF ELFSBORG,Normal Goal,1494195
06/07/2026,Allsvenskan Suecia,2026/2027,BK HACKEN,DJURGARDENS IF,4,1P,O. Fallenius,,,DJURGARDENS IF,Normal Goal,1494197
06/07/2026,Allsvenskan Suecia,2026/2027,BK HACKEN,DJURGARDENS IF,29,1P,J. Lindberg,A. Svanback,,BK HACKEN,Normal Goal,1494197
06/07/2026,Allsvenskan Suecia,2026/2027,BK HACKEN,DJURGARDENS IF,41,1P,K. Lien,M. Larsson,,DJURGARDENS IF,Normal Goal,1494197
06/07/2026,Allsvenskan Suecia,2026/2027,BK HACKEN,DJURGARDENS IF,73,2P,K. Lien,,,DJURGARDENS IF,Normal Goal,1494197
06/07/2026,Allsvenskan Suecia,2026/2027,BK HACKEN,DJURGARDENS IF,83,2P,B. Sadiku,,,BK HACKEN,Normal Goal,1494197
06/07/2026,Allsvenskan Suecia,2026/2027,BK HACKEN,DJURGARDENS IF,86,2P,N. Zugelj,B. Hegland,,DJURGARDENS IF,Normal Goal,1494197
06/07/2026,Allsvenskan Suecia,2026/2027,IF BROMMAPOJKARNA,GAIS,20,1P,O. Berg,M. Hansen,,IF BROMMAPOJKARNA,Normal Goal,1494193
06/07/2026,Allsvenskan Suecia,2026/2027,IF BROMMAPOJKARNA,GAIS,36,1P,H. Sletsjoe,,,GAIS,Normal Goal,1494193
11/07/2026,Allsvenskan Suecia,2026/2027,MJALLBY AIF,AIK STOCKHOLM,74,2P,V. Andersson,A. Kouame,,AIK STOCKHOLM,Normal Goal,1494206
11/07/2026,Allsvenskan Suecia,2026/2027,MJALLBY AIF,AIK STOCKHOLM,90,2P,A. Helm,V. Andersson,,AIK STOCKHOLM,Normal Goal,1494206
11/07/2026,Allsvenskan Suecia,2026/2027,MJALLBY AIF,AIK STOCKHOLM,90,2P,A. Youssef,,,MJALLBY AIF,Normal Goal,1494206
11/07/2026,Allsvenskan Suecia,2026/2027,ORGRYTE IS,BK HACKEN,5,1P,A. Andersson,O. Parker-Price,,ORGRYTE IS,Normal Goal,1494207
11/07/2026,Allsvenskan Suecia,2026/2027,ORGRYTE IS,BK HACKEN,12,1P,J. Lindberg,A. Lundkvist,,BK HACKEN,Normal Goal,1494207
11/07/2026,Allsvenskan Suecia,2026/2027,ORGRYTE IS,BK HACKEN,41,1P,A. Svanback,J. Lindberg,,BK HACKEN,Normal Goal,1494207
11/07/2026,Allsvenskan Suecia,2026/2027,ORGRYTE IS,BK HACKEN,70,2P,N. Christoffersson,J. Tibbling,,ORGRYTE IS,Normal Goal,1494207
11/07/2026,Allsvenskan Suecia,2026/2027,ORGRYTE IS,BK HACKEN,75,2P,J. Tibbling,A. Andersson,,ORGRYTE IS,Normal Goal,1494207
11/07/2026,Allsvenskan Suecia,2026/2027,ORGRYTE IS,BK HACKEN,77,2P,A. Doumbia,J. Lindberg,,BK HACKEN,Normal Goal,1494207
11/07/2026,Allsvenskan Suecia,2026/2027,ORGRYTE IS,BK HACKEN,87,2P,N. Christoffersson,O. Parker-Price,,ORGRYTE IS,Normal Goal,1494207
12/07/2026,Allsvenskan Suecia,2026/2027,HAMMARBY FF,KALMAR FF,10,1P,P. Abraham,,,HAMMARBY FF,Normal Goal,1494204
12/07/2026,Allsvenskan Suecia,2026/2027,HAMMARBY FF,KALMAR FF,51,2P,A. Keita,,,HAMMARBY FF,Own Goal,1494204
12/07/2026,Allsvenskan Suecia,2026/2027,MALMO FF,IFK GOTEBORG,9,1P,A. Djuric,O. Rosengren,,MALMO FF,Normal Goal,1494205
12/07/2026,Allsvenskan Suecia,2026/2027,MALMO FF,IFK GOTEBORG,23,1P,E. Botheim,,,MALMO FF,Normal Goal,1494205
12/07/2026,Allsvenskan Suecia,2026/2027,MALMO FF,IFK GOTEBORG,45,1P,E. Botheim,O. Sjostrand,,MALMO FF,Normal Goal,1494205
12/07/2026,Allsvenskan Suecia,2026/2027,MALMO FF,IFK GOTEBORG,48,2P,A. Hoog,E. Botheim,,MALMO FF,Normal Goal,1494205
12/07/2026,Allsvenskan Suecia,2026/2027,VASTERAS SK FK,DEGERFORS IF,8,1P,M. Ladefoged,,,VASTERAS SK FK,Penalty,1494208
12/07/2026,Allsvenskan Suecia,2026/2027,VASTERAS SK FK,DEGERFORS IF,54,2P,K. Gunnarsson,M. Baggesen,,VASTERAS SK FK,Normal Goal,1494208
12/07/2026,Allsvenskan Suecia,2026/2027,IF BROMMAPOJKARNA,SIRIUS,18,1P,I. Bjerkebo,,,SIRIUS,Normal Goal,1494201
12/07/2026,Allsvenskan Suecia,2026/2027,IF BROMMAPOJKARNA,SIRIUS,40,1P,R. Ure,O. Krusnell,,SIRIUS,Normal Goal,1494201
12/07/2026,Allsvenskan Suecia,2026/2027,IF BROMMAPOJKARNA,SIRIUS,47,2P,A. Troelsen,M. Hansen,,IF BROMMAPOJKARNA,Normal Goal,1494201
12/07/2026,Allsvenskan Suecia,2026/2027,GAIS,IF ELFSBORG,51,2P,R. Thorkelsson,R. Niklasson,,GAIS,Normal Goal,1494203
13/07/2026,Allsvenskan Suecia,2026/2027,DJURGARDENS IF,HALMSTAD,28,1P,B. Hegland,,,DJURGARDENS IF,Normal Goal,1494202
13/07/2026,Allsvenskan Suecia,2026/2027,DJURGARDENS IF,HALMSTAD,45,1P,B. Hegland,P. Johansson,,DJURGARDENS IF,Normal Goal,1494202
13/07/2026,Allsvenskan Suecia,2026/2027,DJURGARDENS IF,HALMSTAD,57,2P,K. Lien,O. Fallenius,,DJURGARDENS IF,Normal Goal,1494202
17/07/2026,Allsvenskan Suecia,2026/2027,IFK GOTEBORG,IF BROMMAPOJKARNA,54,2P,R. Yeboah,T. Heintz,,IFK GOTEBORG,Normal Goal,1494211
17/07/2026,Allsvenskan Suecia,2026/2027,IFK GOTEBORG,IF BROMMAPOJKARNA,67,2P,O. Berg,O. Cotton,,IF BROMMAPOJKARNA,Normal Goal,1494211
17/07/2026,Allsvenskan Suecia,2026/2027,IFK GOTEBORG,IF BROMMAPOJKARNA,79,2P,S. Clemmensen,,,IFK GOTEBORG,Normal Goal,1494211
18/07/2026,Allsvenskan Suecia,2026/2027,AIK STOCKHOLM,GAIS,49,2P,T. Ayari,K. Filling,,AIK STOCKHOLM,Normal Goal,1494209
18/07/2026,Allsvenskan Suecia,2026/2027,AIK STOCKHOLM,GAIS,58,2P,K. Filling,L. Bergquist,,AIK STOCKHOLM,Normal Goal,1494209
19/07/2026,Allsvenskan Suecia,2026/2027,HAMMARBY FF,DEGERFORS IF,40,1P,P. Abraham,,,HAMMARBY FF,Normal Goal,1494213
19/07/2026,Allsvenskan Suecia,2026/2027,HAMMARBY FF,DEGERFORS IF,69,2P,M. Madjed,V. Lind,,HAMMARBY FF,Normal Goal,1494213
19/07/2026,Allsvenskan Suecia,2026/2027,HAMMARBY FF,DEGERFORS IF,73,2P,T. Tekie,M. Karlsson,,HAMMARBY FF,Normal Goal,1494213
19/07/2026,Allsvenskan Suecia,2026/2027,HAMMARBY FF,DEGERFORS IF,75,2P,M. Madjed,P. Abraham,,HAMMARBY FF,Normal Goal,1494213
19/07/2026,Allsvenskan Suecia,2026/2027,IF ELFSBORG,SIRIUS,21,1P,Isak Bjerkebo,,,SIRIUS,Missed Penalty,1494210
19/07/2026,Allsvenskan Suecia,2026/2027,IF ELFSBORG,SIRIUS,82,2P,M. Soumah,I. Bjerkebo,,SIRIUS,Normal Goal,1494210
19/07/2026,Allsvenskan Suecia,2026/2027,IF ELFSBORG,SIRIUS,84,2P,R. Ure,,,SIRIUS,Normal Goal,1494210
19/07/2026,Allsvenskan Suecia,2026/2027,IF ELFSBORG,SIRIUS,88,2P,O. Krusnell,,,IF ELFSBORG,Own Goal,1494210
19/07/2026,Allsvenskan Suecia,2026/2027,IF ELFSBORG,SIRIUS,90,2P,R. Ure,,,SIRIUS,Normal Goal,1494210
19/07/2026,Allsvenskan Suecia,2026/2027,HALMSTAD,BK HACKEN,50,2P,G. Lindgren,M. Rygaard,,BK HACKEN,Normal Goal,1494212
19/07/2026,Allsvenskan Suecia,2026/2027,HALMSTAD,BK HACKEN,57,2P,G. Lindgren,B. Wembangomo,,BK HACKEN,Normal Goal,1494212
20/07/2026,Allsvenskan Suecia,2026/2027,KALMAR FF,MALMO FF,13,1P,C. Gustafsson,C. Sagoe Jr,,KALMAR FF,Normal Goal,1494214
20/07/2026,Allsvenskan Suecia,2026/2027,KALMAR FF,MALMO FF,29,1P,L. Saetra,,,MALMO FF,Own Goal,1494214
20/07/2026,Allsvenskan Suecia,2026/2027,KALMAR FF,MALMO FF,33,1P,C. Rosenqvist,R. Gojani,,KALMAR FF,Normal Goal,1494214
20/07/2026,Allsvenskan Suecia,2026/2027,KALMAR FF,MALMO FF,64,2P,A. Skogmar,S. Haksabanovic,,MALMO FF,Normal Goal,1494214
24/07/2026,Allsvenskan Suecia,2026/2027,VASTERAS SK FK,ORGRYTE IS,13,1P,T. Axel,,,VASTERAS SK FK,Normal Goal,1494224
24/07/2026,Allsvenskan Suecia,2026/2027,VASTERAS SK FK,ORGRYTE IS,59,2P,T. Axel,K. Gunnarsson,,VASTERAS SK FK,Normal Goal,1494224
25/07/2026,Allsvenskan Suecia,2026/2027,DEGERFORS IF,DJURGARDENS IF,43,1P,B. Hegland,K. Lien,,DJURGARDENS IF,Normal Goal,1494218
25/07/2026,Allsvenskan Suecia,2026/2027,KALMAR FF,MJALLBY AIF,3,1P,E. Stroud,V. Granath,,MJALLBY AIF,Normal Goal,1494221
25/07/2026,Allsvenskan Suecia,2026/2027,KALMAR FF,MJALLBY AIF,17,1P,A. Keita,M. Hallberg,,KALMAR FF,Normal Goal,1494221
25/07/2026,Allsvenskan Suecia,2026/2027,KALMAR FF,MJALLBY AIF,69,2P,C. Sagoe Jr,,,KALMAR FF,Normal Goal,1494221
26/07/2026,Allsvenskan Suecia,2026/2027,SIRIUS,IFK GOTEBORG,6,1P,M. Soumah,,,SIRIUS,Normal Goal,1494223
26/07/2026,Allsvenskan Suecia,2026/2027,SIRIUS,IFK GOTEBORG,23,1P,R. Ure,,,SIRIUS,Normal Goal,1494223
26/07/2026,Allsvenskan Suecia,2026/2027,SIRIUS,IFK GOTEBORG,45,1P,S. Larsson,,,IFK GOTEBORG,Penalty,1494223
26/07/2026,Allsvenskan Suecia,2026/2027,SIRIUS,IFK GOTEBORG,71,2P,M. Lindberg,I. Bjerkebo,,SIRIUS,Normal Goal,1494223
26/07/2026,Allsvenskan Suecia,2026/2027,SIRIUS,IFK GOTEBORG,83,2P,A. Ljungberg,,,SIRIUS,Normal Goal,1494223
26/07/2026,Allsvenskan Suecia,2026/2027,IF BROMMAPOJKARNA,HAMMARBY FF,79,2P,V. Lind,,,HAMMARBY FF,Normal Goal,1494217
26/07/2026,Allsvenskan Suecia,2026/2027,IF BROMMAPOJKARNA,HAMMARBY FF,90,2P,A. Troelsen,A. Kurochkin,,IF BROMMAPOJKARNA,Normal Goal,1494217
26/07/2026,Allsvenskan Suecia,2026/2027,MALMO FF,IF ELFSBORG,5,1P,A. Zeneli,J. Magnusson,,IF ELFSBORG,Normal Goal,1494222
26/07/2026,Allsvenskan Suecia,2026/2027,MALMO FF,IF ELFSBORG,22,1P,J. Stryger,N. John,,MALMO FF,Normal Goal,1494222
26/07/2026,Allsvenskan Suecia,2026/2027,MALMO FF,IF ELFSBORG,34,1P,M. Kamara,A. Zeneli,,IF ELFSBORG,Normal Goal,1494222
26/07/2026,Allsvenskan Suecia,2026/2027,GAIS,HALMSTAD,52,2P,H. Sletsjoe,,,GAIS,Normal Goal,1494219
26/07/2026,Allsvenskan Suecia,2026/2027,GAIS,HALMSTAD,90,2P,R. Ascone,,,HALMSTAD,Penalty,1494219
01/08/2026,Allsvenskan Suecia,2026/2027,BK HACKEN,KALMAR FF,12,1P,A. Keita,,,KALMAR FF,Normal Goal,1494231
01/08/2026,Allsvenskan Suecia,2026/2027,BK HACKEN,KALMAR FF,24,1P,H. Hilvenius,M. Rygaard,,BK HACKEN,Normal Goal,1494231
02/08/2026,Allsvenskan Suecia,2026/2027,IFK GOTEBORG,DEGERFORS IF,25,1P,S. Larsson,,,IFK GOTEBORG,Penalty,1494230
02/08/2026,Allsvenskan Suecia,2026/2027,IFK GOTEBORG,DEGERFORS IF,90,2P,F. Ottosson,,,IFK GOTEBORG,Normal Goal,1494230
02/08/2026,Allsvenskan Suecia,2026/2027,IF BROMMAPOJKARNA,MALMO FF,9,1P,Erik Botheim,,,MALMO FF,Missed Penalty,1494226
02/08/2026,Allsvenskan Suecia,2026/2027,IF BROMMAPOJKARNA,MALMO FF,51,2P,S. Haksabanovic,A. Hoog,,MALMO FF,Normal Goal,1494226
02/08/2026,Allsvenskan Suecia,2026/2027,IF BROMMAPOJKARNA,MALMO FF,77,2P,K. Sever,A. Kurochkin,,IF BROMMAPOJKARNA,Normal Goal,1494226
02/08/2026,Allsvenskan Suecia,2026/2027,IF BROMMAPOJKARNA,MALMO FF,86,2P,D. Garcia,S. Haksabanovic,,MALMO FF,Normal Goal,1494226
02/08/2026,Allsvenskan Suecia,2026/2027,AIK STOCKHOLM,ORGRYTE IS,2,1P,N. Christoffersson,O. Parker-Price,,ORGRYTE IS,Normal Goal,1494225
02/08/2026,Allsvenskan Suecia,2026/2027,AIK STOCKHOLM,ORGRYTE IS,23,1P,N. Christoffersson,W. Hofvander,,ORGRYTE IS,Normal Goal,1494225
02/08/2026,Allsvenskan Suecia,2026/2027,AIK STOCKHOLM,ORGRYTE IS,68,2P,N. Christoffersson,O. Parker-Price,,ORGRYTE IS,Normal Goal,1494225
03/08/2026,Allsvenskan Suecia,2026/2027,DJURGARDENS IF,VASTERAS SK FK,5,1P,P. Aslund,,,DJURGARDENS IF,Normal Goal,1494227
03/08/2026,Allsvenskan Suecia,2026/2027,DJURGARDENS IF,VASTERAS SK FK,12,1P,K. Lien,,,DJURGARDENS IF,Normal Goal,1494227
03/08/2026,Allsvenskan Suecia,2026/2027,DJURGARDENS IF,VASTERAS SK FK,28,1P,A. Stahl,M. Larsson,,DJURGARDENS IF,Normal Goal,1494227
03/08/2026,Allsvenskan Suecia,2026/2027,DJURGARDENS IF,VASTERAS SK FK,53,2P,K. Lien,B. Hegland,,DJURGARDENS IF,Normal Goal,1494227
03/08/2026,Allsvenskan Suecia,2026/2027,DJURGARDENS IF,VASTERAS SK FK,55,2P,K. Lien,P. Aslund,,DJURGARDENS IF,Normal Goal,1494227
03/08/2026,Allsvenskan Suecia,2026/2027,DJURGARDENS IF,VASTERAS SK FK,60,2P,M. Tenho,B. Hegland,,DJURGARDENS IF,Normal Goal,1494227
03/08/2026,Allsvenskan Suecia,2026/2027,HALMSTAD,SIRIUS,14,1P,T. Anker,,,SIRIUS,Normal Goal,1494232
03/08/2026,Allsvenskan Suecia,2026/2027,HALMSTAD,SIRIUS,16,1P,I. Bjerkebo,,,SIRIUS,Penalty,1494232
08/08/2026,Allsvenskan Suecia,2026/2027,ORGRYTE IS,AIK STOCKHOLM,13,1P,N. Christoffersson,T. Sana,,ORGRYTE IS,Normal Goal,1494238
08/08/2026,Allsvenskan Suecia,2026/2027,ORGRYTE IS,AIK STOCKHOLM,30,1P,L. Carlstrand,D. Besirovic,,AIK STOCKHOLM,Normal Goal,1494238
08/08/2026,Allsvenskan Suecia,2026/2027,ORGRYTE IS,AIK STOCKHOLM,32,1P,A. Andreasson,,,ORGRYTE IS,Normal Goal,1494238
08/08/2026,Allsvenskan Suecia,2026/2027,ORGRYTE IS,AIK STOCKHOLM,74,2P,S. Gustafsson,,,AIK STOCKHOLM,Normal Goal,1494238
08/08/2026,Allsvenskan Suecia,2026/2027,ORGRYTE IS,AIK STOCKHOLM,84,2P,L. Carlstrand,K. Filling,,AIK STOCKHOLM,Normal Goal,1494238
08/08/2026,Allsvenskan Suecia,2026/2027,ORGRYTE IS,AIK STOCKHOLM,87,2P,Y. Geiger,L. Carlstrand,,AIK STOCKHOLM,Normal Goal,1494238
08/08/2026,Allsvenskan Suecia,2026/2027,ORGRYTE IS,AIK STOCKHOLM,90,2P,J. Tibbling,C. Vindehall,,ORGRYTE IS,Normal Goal,1494238
08/08/2026,Allsvenskan Suecia,2026/2027,MJALLBY AIF,IF ELFSBORG,22,1P,S. Olsson,M. Kamara,,IF ELFSBORG,Normal Goal,1494237
09/08/2026,Allsvenskan Suecia,2026/2027,HAMMARBY FF,BK HACKEN,29,1P,W. Renecke,V. Lind,,HAMMARBY FF,Normal Goal,1494235
09/08/2026,Allsvenskan Suecia,2026/2027,HAMMARBY FF,BK HACKEN,38,1P,V. Lind,,,HAMMARBY FF,Normal Goal,1494235
09/08/2026,Allsvenskan Suecia,2026/2027,HAMMARBY FF,BK HACKEN,56,2P,P. Abraham,,,HAMMARBY FF,Normal Goal,1494235
09/08/2026,Allsvenskan Suecia,2026/2027,MALMO FF,DEGERFORS IF,18,1P,D. Vukojevic,N. Girmai,,DEGERFORS IF,Normal Goal,1494236
09/08/2026,Allsvenskan Suecia,2026/2027,MALMO FF,DEGERFORS IF,48,2P,D. Garcia,,,MALMO FF,Normal Goal,1494236
09/08/2026,Allsvenskan Suecia,2026/2027,MALMO FF,DEGERFORS IF,70,2P,D. Vukojevic,S. Diatara,,DEGERFORS IF,Normal Goal,1494236
09/08/2026,Allsvenskan Suecia,2026/2027,IFK GOTEBORG,KALMAR FF,9,1P,C. Rosenqvist,A. Magashy,,KALMAR FF,Normal Goal,1494233
09/08/2026,Allsvenskan Suecia,2026/2027,IFK GOTEBORG,KALMAR FF,13,1P,D. Kruse,T. Heintz,,IFK GOTEBORG,Normal Goal,1494233
09/08/2026,Allsvenskan Suecia,2026/2027,IFK GOTEBORG,KALMAR FF,77,2P,S. Larsson,,,IFK GOTEBORG,Penalty,1494233
09/08/2026,Allsvenskan Suecia,2026/2027,IFK GOTEBORG,KALMAR FF,81,2P,A. Boren,S. Larsson,,IFK GOTEBORG,Normal Goal,1494233
09/08/2026,Allsvenskan Suecia,2026/2027,IFK GOTEBORG,KALMAR FF,84,2P,C. Sagoe Jr,,,KALMAR FF,Normal Goal,1494233
09/08/2026,Allsvenskan Suecia,2026/2027,HALMSTAD,GAIS,65,2P,S. Salter,M. de Brienne,,GAIS,Normal Goal,1494234
09/08/2026,Allsvenskan Suecia,2026/2027,HALMSTAD,GAIS,77,2P,S. Salter,A. Wangberg,,GAIS,Normal Goal,1494234
10/08/2026,Allsvenskan Suecia,2026/2027,SIRIUS,IF BROMMAPOJKARNA,17,1P,V. Svensson,A. Ljungberg,,SIRIUS,Normal Goal,1494239
10/08/2026,Allsvenskan Suecia,2026/2027,SIRIUS,IF BROMMAPOJKARNA,23,1P,I. Bjerkebo,M. Heier,,SIRIUS,Normal Goal,1494239
10/08/2026,Allsvenskan Suecia,2026/2027,SIRIUS,IF BROMMAPOJKARNA,25,1P,O. Zanden,,,IF BROMMAPOJKARNA,Normal Goal,1494239
10/08/2026,Allsvenskan Suecia,2026/2027,SIRIUS,IF BROMMAPOJKARNA,28,1P,O. Okeke,K. Sever,,IF BROMMAPOJKARNA,Normal Goal,1494239
10/08/2026,Allsvenskan Suecia,2026/2027,VASTERAS SK FK,DJURGARDENS IF,24,1P,B. Lendambi,M. Hellisdal,,VASTERAS SK FK,Normal Goal,1494240
14/08/2026,Allsvenskan Suecia,2026/2027,IF ELFSBORG,VASTERAS SK FK,18,1P,J. Magnusson,M. Kamara,,IF ELFSBORG,Normal Goal,1494244
14/08/2026,Allsvenskan Suecia,2026/2027,IF ELFSBORG,VASTERAS SK FK,71,2P,M. Kamara,N. Hult,,IF ELFSBORG,Normal Goal,1494244
14/08/2026,Allsvenskan Suecia,2026/2027,IF ELFSBORG,VASTERAS SK FK,77,2P,M. Kamara,J. Beck,,IF ELFSBORG,Normal Goal,1494244
15/08/2026,Allsvenskan Suecia,2026/2027,MJALLBY AIF,SIRIUS,6,1P,O. Liimatta,,,SIRIUS,Normal Goal,1494248
15/08/2026,Allsvenskan Suecia,2026/2027,MJALLBY AIF,SIRIUS,24,1P,O. Liimatta,,,SIRIUS,Normal Goal,1494248
15/08/2026,Allsvenskan Suecia,2026/2027,MJALLBY AIF,SIRIUS,34,1P,I. Bjerkebo,,,SIRIUS,Normal Goal,1494248
15/08/2026,Allsvenskan Suecia,2026/2027,MJALLBY AIF,SIRIUS,46,2P,O. Lindberg,M. Nielsen,,MJALLBY AIF,Normal Goal,1494248
15/08/2026,Allsvenskan Suecia,2026/2027,MJALLBY AIF,SIRIUS,54,2P,J. Bergstrom,A. Samuelsen,,MJALLBY AIF,Normal Goal,1494248
15/08/2026,Allsvenskan Suecia,2026/2027,MJALLBY AIF,SIRIUS,77,2P,J. Bergstrom,A. Samuelsen,,MJALLBY AIF,Normal Goal,1494248
15/08/2026,Allsvenskan Suecia,2026/2027,MJALLBY AIF,SIRIUS,87,2P,O. Lindberg,M. Nielsen,,MJALLBY AIF,Normal Goal,1494248
16/08/2026,Allsvenskan Suecia,2026/2027,DJURGARDENS IF,AIK STOCKHOLM,10,1P,L. Carlstrand,D. Besirovic,,AIK STOCKHOLM,Normal Goal,1494243
16/08/2026,Allsvenskan Suecia,2026/2027,DJURGARDENS IF,AIK STOCKHOLM,25,1P,L. Carlstrand,A. Helm,,AIK STOCKHOLM,Normal Goal,1494243
16/08/2026,Allsvenskan Suecia,2026/2027,DJURGARDENS IF,AIK STOCKHOLM,39,1P,J. Hove,,,AIK STOCKHOLM,Normal Goal,1494243
16/08/2026,Allsvenskan Suecia,2026/2027,DJURGARDENS IF,AIK STOCKHOLM,50,2P,B. Hegland,,,DJURGARDENS IF,Normal Goal,1494243
16/08/2026,Allsvenskan Suecia,2026/2027,IF BROMMAPOJKARNA,ORGRYTE IS,28,1P,M. Hansen,O. Berg,,IF BROMMAPOJKARNA,Normal Goal,1494241
16/08/2026,Allsvenskan Suecia,2026/2027,IF BROMMAPOJKARNA,ORGRYTE IS,59,2P,B. Laturnus,,,ORGRYTE IS,Normal Goal,1494241
16/08/2026,Allsvenskan Suecia,2026/2027,IF BROMMAPOJKARNA,ORGRYTE IS,63,2P,H. Gustafsson,,,IF BROMMAPOJKARNA,Own Goal,1494241
16/08/2026,Allsvenskan Suecia,2026/2027,IF BROMMAPOJKARNA,ORGRYTE IS,87,2P,L. Bjorklund,M. Hansen,,IF BROMMAPOJKARNA,Normal Goal,1494241
16/08/2026,Allsvenskan Suecia,2026/2027,DEGERFORS IF,IFK GOTEBORG,18,1P,D. Vukojevic,M. Igonen,,DEGERFORS IF,Normal Goal,1494242
16/08/2026,Allsvenskan Suecia,2026/2027,DEGERFORS IF,IFK GOTEBORG,25,1P,D. Vukojevic,R. Dzabic,,DEGERFORS IF,Normal Goal,1494242
16/08/2026,Allsvenskan Suecia,2026/2027,DEGERFORS IF,IFK GOTEBORG,30,1P,S. Diatara,N. Skuseth,,DEGERFORS IF,Normal Goal,1494242
16/08/2026,Allsvenskan Suecia,2026/2027,KALMAR FF,HAMMARBY FF,43,1P,F. Adjei,A. Boudri,,HAMMARBY FF,Normal Goal,1494247
16/08/2026,Allsvenskan Suecia,2026/2027,KALMAR FF,HAMMARBY FF,48,2P,F. Winther,V. Lind,,HAMMARBY FF,Normal Goal,1494247
16/08/2026,Allsvenskan Suecia,2026/2027,KALMAR FF,HAMMARBY FF,54,2P,N. Persson,A. Boudri,,HAMMARBY FF,Normal Goal,1494247
16/08/2026,Allsvenskan Suecia,2026/2027,KALMAR FF,HAMMARBY FF,61,2P,P. Abraham,V. Lind,,HAMMARBY FF,Normal Goal,1494247
16/08/2026,Allsvenskan Suecia,2026/2027,GAIS,MALMO FF,53,2P,F. Beckman,,,MALMO FF,Own Goal,1494245
17/08/2026,Allsvenskan Suecia,2026/2027,BK HACKEN,HALMSTAD,36,1P,J. Lindberg,A. Doumbia,,BK HACKEN,Normal Goal,1494246
21/08/2026,Allsvenskan Suecia,2026/2027,SIRIUS,BK HACKEN,28,1P,J. Lindberg,M. Rygaard,,BK HACKEN,Normal Goal,1494255
21/08/2026,Allsvenskan Suecia,2026/2027,SIRIUS,BK HACKEN,62,2P,G. Lindgren,J. Lindberg,,BK HACKEN,Normal Goal,1494255
21/08/2026,Allsvenskan Suecia,2026/2027,SIRIUS,BK HACKEN,80,2P,G. Lindgren,A. Svanback,,BK HACKEN,Normal Goal,1494255
22/08/2026,Allsvenskan Suecia,2026/2027,ORGRYTE IS,HALMSTAD,24,1P,T. Sana,N. Christoffersson,,ORGRYTE IS,Normal Goal,1494254
22/08/2026,Allsvenskan Suecia,2026/2027,ORGRYTE IS,HALMSTAD,38,1P,R. Ascone,H. Carneil,,HALMSTAD,Normal Goal,1494254
23/08/2026,Allsvenskan Suecia,2026/2027,IFK GOTEBORG,IF ELFSBORG,63,2P,S. Larsson,,,IFK GOTEBORG,Penalty,1494251
23/08/2026,Allsvenskan Suecia,2026/2027,IFK GOTEBORG,IF ELFSBORG,90,2P,L. Ostman,,,IF ELFSBORG,Normal Goal,1494251
23/08/2026,Allsvenskan Suecia,2026/2027,HAMMARBY FF,GAIS,6,1P,V. Lind,,,HAMMARBY FF,Normal Goal,1494252
23/08/2026,Allsvenskan Suecia,2026/2027,HAMMARBY FF,GAIS,11,1P,P. Abraham,V. Lind,,HAMMARBY FF,Normal Goal,1494252
23/08/2026,Allsvenskan Suecia,2026/2027,IF BROMMAPOJKARNA,DEGERFORS IF,81,2P,M. Hansen,,,IF BROMMAPOJKARNA,Penalty,1494250
23/08/2026,Allsvenskan Suecia,2026/2027,IF BROMMAPOJKARNA,DEGERFORS IF,88,2P,A. Kurochkin,O. Zanden,,IF BROMMAPOJKARNA,Normal Goal,1494250
24/08/2026,Allsvenskan Suecia,2026/2027,MALMO FF,DJURGARDENS IF,35,1P,K. Lien,P. Johansson,,DJURGARDENS IF,Normal Goal,1494253
24/08/2026,Allsvenskan Suecia,2026/2027,MALMO FF,DJURGARDENS IF,58,2P,J. Okkels,B. Hegland,,DJURGARDENS IF,Normal Goal,1494253
24/08/2026,Allsvenskan Suecia,2026/2027,MALMO FF,DJURGARDENS IF,82,2P,P. Aslund,O. Fallenius,,DJURGARDENS IF,Normal Goal,1494253
22/08/2026,Super League Grecia,2026/2027,AEK ATHENS FC,IRAKLIS 1908,11,1P,B. Varga,R. Marin,,AEK ATHENS FC,Normal Goal,1593289
22/08/2026,Super League Grecia,2026/2027,AEK ATHENS FC,IRAKLIS 1908,19,1P,L. Jovic,S. Pilios,,AEK ATHENS FC,Normal Goal,1593289
22/08/2026,Super League Grecia,2026/2027,AEK ATHENS FC,IRAKLIS 1908,49,2P,L. Jovic,R. Marin,,AEK ATHENS FC,Normal Goal,1593289
22/08/2026,Super League Grecia,2026/2027,AEK ATHENS FC,IRAKLIS 1908,75,2P,Zini,,,AEK ATHENS FC,Normal Goal,1593289
22/08/2026,Super League Grecia,2026/2027,KALAMATA,ARIS THESSALONIKIS,41,1P,J. Bolivar,A. Mendes Moreira,,KALAMATA,Normal Goal,1593290
22/08/2026,Super League Grecia,2026/2027,KALAMATA,ARIS THESSALONIKIS,45,1P,U. Racic,,,ARIS THESSALONIKIS,Penalty,1593290
22/08/2026,Super League Grecia,2026/2027,KALAMATA,ARIS THESSALONIKIS,60,2P,K. Vargas,J. Cataldi,,KALAMATA,Normal Goal,1593290
22/08/2026,Super League Grecia,2026/2027,KALAMATA,ARIS THESSALONIKIS,88,2P,Fabiano,B. Garre,,ARIS THESSALONIKIS,Normal Goal,1593290
22/08/2026,Super League Grecia,2026/2027,KALAMATA,ARIS THESSALONIKIS,90,2P,Fabiano,O. Boussaid,,ARIS THESSALONIKIS,Normal Goal,1593290
22/08/2026,Super League Grecia,2026/2027,OLYMPIAKOS PIRAEUS,ATROMITOS,80,2P,Ayoub El Kaabi,,,OLYMPIAKOS PIRAEUS,Missed Penalty,1593292
22/08/2026,Super League Grecia,2026/2027,OLYMPIAKOS PIRAEUS,ATROMITOS,82,2P,D. Carmo,,,OLYMPIAKOS PIRAEUS,Normal Goal,1593292
23/08/2026,Super League Grecia,2026/2027,OFI,VOLOS NFC,6,1P,M. Siampanis,,,OFI,Own Goal,1593291
23/08/2026,Super League Grecia,2026/2027,OFI,VOLOS NFC,33,1P,T. Nuss,,,OFI,Penalty,1593291
23/08/2026,Super League Grecia,2026/2027,PAOK,LEVADIAKOS,36,1P,S. Shoretire,A. Zivkovic,,PAOK,Normal Goal,1593295
23/08/2026,Super League Grecia,2026/2027,PAOK,LEVADIAKOS,41,1P,D. Pelkas,A. Zivkovic,,PAOK,Normal Goal,1593295
23/08/2026,Super League Grecia,2026/2027,PAOK,LEVADIAKOS,72,2P,A. Mythou,,,PAOK,Normal Goal,1593295
23/08/2026,Super League Grecia,2026/2027,PAOK,LEVADIAKOS,89,2P,A. Zivkovic,,,PAOK,Penalty,1593295
23/08/2026,Super League Grecia,2026/2027,PANETOLIKOS,ASTERAS TRIPOLIS,6,1P,G. Granath,C. Manrique,,PANETOLIKOS,Normal Goal,1593294
23/08/2026,Super League Grecia,2026/2027,PANETOLIKOS,ASTERAS TRIPOLIS,58,2P,C. Mavrias,G. Satsias,,PANETOLIKOS,Normal Goal,1593294
23/08/2026,Super League Grecia,2026/2027,PANETOLIKOS,ASTERAS TRIPOLIS,78,2P,F. Macheda,Ricardinho,,ASTERAS TRIPOLIS,Normal Goal,1593294
23/08/2026,Super League Grecia,2026/2027,PANETOLIKOS,ASTERAS TRIPOLIS,80,2P,K. Aleksic,Esteban Diego,,PANETOLIKOS,Normal Goal,1593294
14/08/2026,Championship Inglaterra,2026/2027,WOLVES,BLACKBURN,18,1P,M. Munetsi,F. Lopez,,WOLVES,Normal Goal,1563083
14/08/2026,Championship Inglaterra,2026/2027,WOLVES,BLACKBURN,27,1P,S. McLoughlin,R. Morishita,,BLACKBURN,Normal Goal,1563083
14/08/2026,Championship Inglaterra,2026/2027,WOLVES,BLACKBURN,48,2P,A. Gudjohnsen,O. Afolayan,,BLACKBURN,Normal Goal,1563083
14/08/2026,Championship Inglaterra,2026/2027,WOLVES,BLACKBURN,90,2P,R. Jimenez,,,WOLVES,Penalty,1563083
15/08/2026,Championship Inglaterra,2026/2027,BOLTON,PRESTON,14,1P,S. Dalby,,,BOLTON,Normal Goal,1563084
15/08/2026,Championship Inglaterra,2026/2027,BOLTON,PRESTON,25,1P,T. Gale,J. McAtee,,BOLTON,Normal Goal,1563084
15/08/2026,Championship Inglaterra,2026/2027,BOLTON,PRESTON,86,2P,J. Erabi,A. Vukcevic,,PRESTON,Normal Goal,1563084
15/08/2026,Championship Inglaterra,2026/2027,BRISTOL CITY,MILLWALL,41,1P,J. Coburn,,,MILLWALL,Normal Goal,1563085
15/08/2026,Championship Inglaterra,2026/2027,BRISTOL CITY,MILLWALL,50,2P,J. Coburn,J. Metcalfe,,MILLWALL,Normal Goal,1563085
15/08/2026,Championship Inglaterra,2026/2027,MIDDLESBROUGH,LINCOLN,12,1P,A. Reach,T. Darikwa,,LINCOLN,Normal Goal,1563087
15/08/2026,Championship Inglaterra,2026/2027,MIDDLESBROUGH,LINCOLN,62,2P,W. Lankshear,,,MIDDLESBROUGH,Normal Goal,1563087
15/08/2026,Championship Inglaterra,2026/2027,MIDDLESBROUGH,LINCOLN,90,2P,W. Lankshear,R. McGree,,MIDDLESBROUGH,Normal Goal,1563087
15/08/2026,Championship Inglaterra,2026/2027,NORWICH,WEST BROM,75,2P,A. Heggebo,J. Morgan,,WEST BROM,Normal Goal,1563088
15/08/2026,Championship Inglaterra,2026/2027,NORWICH,WEST BROM,87,2P,J. Morgan,M. O'Leary,,WEST BROM,Normal Goal,1563088
15/08/2026,Championship Inglaterra,2026/2027,NORWICH,WEST BROM,90,2P,M. Kvistgaarden,,,NORWICH,Normal Goal,1563088
15/08/2026,Championship Inglaterra,2026/2027,STOKE CITY,SWANSEA,10,1P,E. Bocat,T. Rigo,,STOKE CITY,Normal Goal,1563090
15/08/2026,Championship Inglaterra,2026/2027,STOKE CITY,SWANSEA,22,1P,J. Opoku,Z. Vipotnik,,SWANSEA,Normal Goal,1563090
15/08/2026,Championship Inglaterra,2026/2027,STOKE CITY,SWANSEA,66,2P,A. Idah,J. Tymon,,SWANSEA,Normal Goal,1563090
15/08/2026,Championship Inglaterra,2026/2027,CHARLTON,DERBY,23,1P,S. Szmodics,C. Morris,,DERBY,Normal Goal,1563086
15/08/2026,Championship Inglaterra,2026/2027,CHARLTON,DERBY,61,2P,L. Jones,K. Grant,,CHARLTON,Normal Goal,1563086
15/08/2026,Championship Inglaterra,2026/2027,CHARLTON,DERBY,80,2P,T. Campbell,,,CHARLTON,Normal Goal,1563086
15/08/2026,Championship Inglaterra,2026/2027,PORTSMOUTH,QPR,15,1P,T. Devlin,E. Adams,,PORTSMOUTH,Normal Goal,1563089
15/08/2026,Championship Inglaterra,2026/2027,PORTSMOUTH,QPR,33,1P,I. Chair,H. Vale,,QPR,Normal Goal,1563089
15/08/2026,Championship Inglaterra,2026/2027,PORTSMOUTH,QPR,40,1P,K. Saito,I. Chair,,QPR,Normal Goal,1563089
15/08/2026,Championship Inglaterra,2026/2027,PORTSMOUTH,QPR,45,1P,I. Chair,A. S. Mbengue,,QPR,Normal Goal,1563089
16/08/2026,Championship Inglaterra,2026/2027,WATFORD,SOUTHAMPTON,12,1P,I. Bravo,,,WATFORD,Normal Goal,1563092
16/08/2026,Championship Inglaterra,2026/2027,WATFORD,SOUTHAMPTON,29,1P,A. Nabizada,,,WATFORD,Normal Goal,1563092
16/08/2026,Championship Inglaterra,2026/2027,WATFORD,SOUTHAMPTON,56,2P,C. Larin,C. Bragg,,SOUTHAMPTON,Normal Goal,1563092
16/08/2026,Championship Inglaterra,2026/2027,BURNLEY,WEST HAM,10,1P,M. Kilman,J. Bowen,,WEST HAM,Normal Goal,1563093
16/08/2026,Championship Inglaterra,2026/2027,BURNLEY,WEST HAM,72,2P,M. Solomon,,,WEST HAM,Normal Goal,1563093
16/08/2026,Championship Inglaterra,2026/2027,BURNLEY,WEST HAM,83,2P,Z. Flemming,,,BURNLEY,Penalty,1563093
16/08/2026,Championship Inglaterra,2026/2027,BURNLEY,WEST HAM,90,2P,Z. Flemming,M. Alleyne,,BURNLEY,Normal Goal,1563093
17/08/2026,Championship Inglaterra,2026/2027,CARDIFF,WREXHAM,3,1P,Kieffer Moore,Daniel Imray,,WREXHAM,Normal Goal,1563094
17/08/2026,Championship Inglaterra,2026/2027,CARDIFF,WREXHAM,90,2P,Rubin Colwill,,,CARDIFF,Normal Goal,1563094
22/08/2026,Championship Inglaterra,2026/2027,BIRMINGHAM,BRISTOL CITY,33,1P,Scott Twine,,,BRISTOL CITY,Normal Goal,1563095
22/08/2026,Championship Inglaterra,2026/2027,BIRMINGHAM,BRISTOL CITY,42,1P,Sam Tickle,,,BIRMINGHAM,Own Goal,1563095
22/08/2026,Championship Inglaterra,2026/2027,BIRMINGHAM,BRISTOL CITY,85,2P,Dominic Ballard,Rio Cardines,,BRISTOL CITY,Normal Goal,1563095
22/08/2026,Championship Inglaterra,2026/2027,BIRMINGHAM,BRISTOL CITY,90,2P,Demarai Gray,,,BIRMINGHAM,Penalty,1563095
22/08/2026,Championship Inglaterra,2026/2027,MILLWALL,NORWICH,18,1P,T. Arconte,,,MILLWALL,Normal Goal,1563099
22/08/2026,Championship Inglaterra,2026/2027,MILLWALL,NORWICH,58,2P,T. Arconte,J. Cooper,,MILLWALL,Normal Goal,1563099
22/08/2026,Championship Inglaterra,2026/2027,MILLWALL,NORWICH,84,2P,L. Cundle,C. Neghli,,MILLWALL,Normal Goal,1563099
22/08/2026,Championship Inglaterra,2026/2027,LINCOLN,PORTSMOUTH,7,1P,R. Kavuma McQueen,A. Kamara,,PORTSMOUTH,Normal Goal,1563098
22/08/2026,Championship Inglaterra,2026/2027,LINCOLN,PORTSMOUTH,16,1P,A. Segecic,,,PORTSMOUTH,Normal Goal,1563098
22/08/2026,Championship Inglaterra,2026/2027,LINCOLN,PORTSMOUTH,32,1P,R. Hackett-Fairchild,,,LINCOLN,Penalty,1563098
22/08/2026,Championship Inglaterra,2026/2027,LINCOLN,PORTSMOUTH,69,2P,E. Adams,,,PORTSMOUTH,Normal Goal,1563098
22/08/2026,Championship Inglaterra,2026/2027,SOUTHAMPTON,STOKE CITY,8,1P,C. Larin,F. Downes,,SOUTHAMPTON,Normal Goal,1563102
22/08/2026,Championship Inglaterra,2026/2027,SOUTHAMPTON,STOKE CITY,26,1P,E. Galbraith,S. Gallagher,,STOKE CITY,Normal Goal,1563102
22/08/2026,Championship Inglaterra,2026/2027,SOUTHAMPTON,STOKE CITY,89,2P,D. Mubama,F. Azaz,,SOUTHAMPTON,Normal Goal,1563102
22/08/2026,Championship Inglaterra,2026/2027,SOUTHAMPTON,STOKE CITY,90,2P,R. Manning,,,SOUTHAMPTON,Penalty,1563102
22/08/2026,Championship Inglaterra,2026/2027,WEST HAM,CHARLTON,7,1P,L. Jones,S. Carey,,CHARLTON,Normal Goal,1563105
22/08/2026,Championship Inglaterra,2026/2027,WEST HAM,CHARLTON,56,2P,T. Campbell,,,CHARLTON,Normal Goal,1563105
22/08/2026,Championship Inglaterra,2026/2027,WEST HAM,CHARLTON,74,2P,J. Piroe,,,WEST HAM,Normal Goal,1563105
22/08/2026,Championship Inglaterra,2026/2027,WEST HAM,CHARLTON,90,2P,Valentín Castellanos,,,WEST HAM,Missed Penalty,1563105
22/08/2026,Championship Inglaterra,2026/2027,PRESTON,WOLVES,8,1P,F. Lopez,Andre,,WOLVES,Normal Goal,1563100
22/08/2026,Championship Inglaterra,2026/2027,PRESTON,WOLVES,71,2P,A. Armstrong,R. Jimenez,,WOLVES,Normal Goal,1563100
22/08/2026,Championship Inglaterra,2026/2027,PRESTON,WOLVES,82,2P,F. Lopez,T. Doyle,,WOLVES,Normal Goal,1563100
22/08/2026,Championship Inglaterra,2026/2027,PRESTON,WOLVES,90,2P,J. Thompson,D. Burgzorg,,PRESTON,Normal Goal,1563100
22/08/2026,Championship Inglaterra,2026/2027,BLACKBURN,MIDDLESBROUGH,12,1P,J. Sarmiento,M. Whittaker,,MIDDLESBROUGH,Normal Goal,1563096
22/08/2026,Championship Inglaterra,2026/2027,BLACKBURN,MIDDLESBROUGH,49,2P,A. Gudjohnsen,H. Pickering,,BLACKBURN,Normal Goal,1563096
22/08/2026,Championship Inglaterra,2026/2027,BLACKBURN,MIDDLESBROUGH,55,2P,T. Cantwell,,,BLACKBURN,Normal Goal,1563096
22/08/2026,Championship Inglaterra,2026/2027,DERBY,CARDIFF,19,1P,C. Ashford,R. Kpakio,,CARDIFF,Normal Goal,1563097
22/08/2026,Championship Inglaterra,2026/2027,DERBY,CARDIFF,26,1P,C. Morris,B. Clark,,DERBY,Normal Goal,1563097
22/08/2026,Championship Inglaterra,2026/2027,DERBY,CARDIFF,39,1P,Y. Salech,R. Colwill,,CARDIFF,Normal Goal,1563097
22/08/2026,Championship Inglaterra,2026/2027,DERBY,CARDIFF,49,2P,B. Clark,,,DERBY,Normal Goal,1563097
22/08/2026,Championship Inglaterra,2026/2027,WREXHAM,WATFORD,14,1P,L. Kjerrumgaard,O. H. Traore,,WATFORD,Normal Goal,1563106
22/08/2026,Championship Inglaterra,2026/2027,WREXHAM,WATFORD,22,1P,D. Imray,,,WREXHAM,Normal Goal,1563106
23/08/2026,Championship Inglaterra,2026/2027,WEST BROM,BURNLEY,8,1P,C. Styles,,,BURNLEY,Own Goal,1563104
23/08/2026,Championship Inglaterra,2026/2027,WEST BROM,BURNLEY,18,1P,H. Whitwell,J. Morgan,,WEST BROM,Normal Goal,1563104
23/08/2026,Championship Inglaterra,2026/2027,WEST BROM,BURNLEY,46,2P,I. Price,,,WEST BROM,Normal Goal,1563104
23/08/2026,Championship Inglaterra,2026/2027,WEST BROM,BURNLEY,65,2P,I. Price,,,WEST BROM,Penalty,1563104
28/08/2026,Championship Inglaterra,2026/2027,WREXHAM,BIRMINGHAM,13,1P,P. Neumann,A. Cochrane,,BIRMINGHAM,Normal Goal,1563118
28/08/2026,Championship Inglaterra,2026/2027,WREXHAM,BIRMINGHAM,54,2P,C. Doyle,L. O'Brien,,WREXHAM,Normal Goal,1563118
28/08/2026,Championship Inglaterra,2026/2027,WREXHAM,BIRMINGHAM,63,2P,P. Neumann,A. Priske,,BIRMINGHAM,Normal Goal,1563118
07/08/2026,2. Bundesliga Alemania,2026/2027,VFL BOCHUM,HERTHA BSC,39,1P,S. Gronning,S. Gouram,,HERTHA BSC,Normal Goal,1576134
08/08/2026,2. Bundesliga Alemania,2026/2027,1. FC MAGDEBURG,EINTRACHT BRAUNSCHWEIG,15,1P,A. Opoku,M. Marie,,EINTRACHT BRAUNSCHWEIG,Normal Goal,1576139
08/08/2026,2. Bundesliga Alemania,2026/2027,1. FC MAGDEBURG,EINTRACHT BRAUNSCHWEIG,21,1P,J. Urbich,M. Marie,,EINTRACHT BRAUNSCHWEIG,Normal Goal,1576139
08/08/2026,2. Bundesliga Alemania,2026/2027,1. FC MAGDEBURG,EINTRACHT BRAUNSCHWEIG,26,1P,J. Urbich,S. Di Benedetto,,EINTRACHT BRAUNSCHWEIG,Normal Goal,1576139
08/08/2026,2. Bundesliga Alemania,2026/2027,1. FC MAGDEBURG,EINTRACHT BRAUNSCHWEIG,44,1P,M. Aydin,,,EINTRACHT BRAUNSCHWEIG,Penalty,1576139
08/08/2026,2. Bundesliga Alemania,2026/2027,1. FC MAGDEBURG,EINTRACHT BRAUNSCHWEIG,49,2P,M. Zukowski,B. Atik,,1. FC MAGDEBURG,Normal Goal,1576139
08/08/2026,2. Bundesliga Alemania,2026/2027,1. FC MAGDEBURG,EINTRACHT BRAUNSCHWEIG,50,2P,S. Di Benedetto,Y. Sturm,,EINTRACHT BRAUNSCHWEIG,Normal Goal,1576139
08/08/2026,2. Bundesliga Alemania,2026/2027,1. FC MAGDEBURG,EINTRACHT BRAUNSCHWEIG,61,2P,F. Flick,,,EINTRACHT BRAUNSCHWEIG,Normal Goal,1576139
08/08/2026,2. Bundesliga Alemania,2026/2027,1. FC HEIDENHEIM,VFL OSNABRUCK,10,1P,B. Zivzivadze,M. Costly,,1. FC HEIDENHEIM,Normal Goal,1576137
08/08/2026,2. Bundesliga Alemania,2026/2027,1. FC HEIDENHEIM,VFL OSNABRUCK,23,1P,N. Wiemann,K. Faber,,VFL OSNABRUCK,Normal Goal,1576137
08/08/2026,2. Bundesliga Alemania,2026/2027,1. FC HEIDENHEIM,VFL OSNABRUCK,29,1P,M. Costly,M. Honsak,,1. FC HEIDENHEIM,Normal Goal,1576137
08/08/2026,2. Bundesliga Alemania,2026/2027,1. FC HEIDENHEIM,VFL OSNABRUCK,34,1P,D. Kopacz,K. Faber,,VFL OSNABRUCK,Normal Goal,1576137
08/08/2026,2. Bundesliga Alemania,2026/2027,1. FC HEIDENHEIM,VFL OSNABRUCK,45,1P,J. Schoppner,J. Fohrenbach,,1. FC HEIDENHEIM,Normal Goal,1576137
08/08/2026,2. Bundesliga Alemania,2026/2027,1. FC HEIDENHEIM,VFL OSNABRUCK,89,2P,M. Pieringer,M. Costly,,1. FC HEIDENHEIM,Normal Goal,1576137
08/08/2026,2. Bundesliga Alemania,2026/2027,1. FC HEIDENHEIM,VFL OSNABRUCK,90,2P,R. Meissner,,,VFL OSNABRUCK,Penalty,1576137
08/08/2026,2. Bundesliga Alemania,2026/2027,SV DARMSTADT 98,HOLSTEIN KIEL,8,1P,G. Balzi,P. Harres,,HOLSTEIN KIEL,Normal Goal,1576136
08/08/2026,2. Bundesliga Alemania,2026/2027,SV DARMSTADT 98,HOLSTEIN KIEL,42,1P,P. Harres,A. Kapralik,,HOLSTEIN KIEL,Normal Goal,1576136
08/08/2026,2. Bundesliga Alemania,2026/2027,SV DARMSTADT 98,HOLSTEIN KIEL,76,2P,Lee Ho-Jae,K. Klefisch,,SV DARMSTADT 98,Normal Goal,1576136
08/08/2026,2. Bundesliga Alemania,2026/2027,SV DARMSTADT 98,HOLSTEIN KIEL,86,2P,A. Vukotic,L. Duijvestijn,,SV DARMSTADT 98,Normal Goal,1576136
08/08/2026,2. Bundesliga Alemania,2026/2027,KARLSRUHER SC,ARMINIA BIELEFELD,35,1P,M. Broschinski,M. Wanitzek,,KARLSRUHER SC,Normal Goal,1576138
08/08/2026,2. Bundesliga Alemania,2026/2027,KARLSRUHER SC,ARMINIA BIELEFELD,78,2P,M. Broschinski,M. Wanitzek,,KARLSRUHER SC,Normal Goal,1576138
08/08/2026,2. Bundesliga Alemania,2026/2027,KARLSRUHER SC,ARMINIA BIELEFELD,80,2P,M. Mehlem,I. Young,,ARMINIA BIELEFELD,Normal Goal,1576138
09/08/2026,2. Bundesliga Alemania,2026/2027,1. FC NURNBERG,DYNAMO DRESDEN,9,1P,M. A. Zoma,F. Becker,,1. FC NURNBERG,Normal Goal,1576140
09/08/2026,2. Bundesliga Alemania,2026/2027,1. FC NURNBERG,DYNAMO DRESDEN,45,1P,M. A. Zoma,,,1. FC NURNBERG,Normal Goal,1576140
09/08/2026,2. Bundesliga Alemania,2026/2027,1. FC NURNBERG,DYNAMO DRESDEN,75,2P,Mohamed Ali Zoma,,,1. FC NURNBERG,Missed Penalty,1576140
09/08/2026,2. Bundesliga Alemania,2026/2027,1. FC NURNBERG,DYNAMO DRESDEN,75,2P,M. A. Zoma,,,1. FC NURNBERG,Normal Goal,1576140
09/08/2026,2. Bundesliga Alemania,2026/2027,FC ST. PAULI,SPVGG GREUTHER FURTH,46,2P,M. Mathisen,B. Hrgota,,FC ST. PAULI,Normal Goal,1576141
09/08/2026,2. Bundesliga Alemania,2026/2027,FC ST. PAULI,SPVGG GREUTHER FURTH,51,2P,F. Klaus,J. Dehm,,SPVGG GREUTHER FURTH,Normal Goal,1576141
09/08/2026,2. Bundesliga Alemania,2026/2027,ENERGIE COTTBUS,HANNOVER 96,14,1P,T. Cigerci,,,ENERGIE COTTBUS,Normal Goal,1576135
09/08/2026,2. Bundesliga Alemania,2026/2027,ENERGIE COTTBUS,HANNOVER 96,28,1P,M. Neubauer,,,HANNOVER 96,Normal Goal,1576135
09/08/2026,2. Bundesliga Alemania,2026/2027,ENERGIE COTTBUS,HANNOVER 96,71,2P,T. Cigerci,,,ENERGIE COTTBUS,Penalty,1576135
09/08/2026,2. Bundesliga Alemania,2026/2027,ENERGIE COTTBUS,HANNOVER 96,76,2P,J. Butler,L. Erlein,,ENERGIE COTTBUS,Normal Goal,1576135
14/08/2026,2. Bundesliga Alemania,2026/2027,HOLSTEIN KIEL,FC ST. PAULI,32,1P,M. Kaars,,,FC ST. PAULI,Normal Goal,1576148
14/08/2026,2. Bundesliga Alemania,2026/2027,HOLSTEIN KIEL,FC ST. PAULI,45,1P,T. Hara,A. Pyrka,,FC ST. PAULI,Normal Goal,1576148
14/08/2026,2. Bundesliga Alemania,2026/2027,HOLSTEIN KIEL,FC ST. PAULI,56,2P,P. Harres,A. Bernhardsson,,HOLSTEIN KIEL,Normal Goal,1576148
14/08/2026,2. Bundesliga Alemania,2026/2027,HOLSTEIN KIEL,FC ST. PAULI,88,2P,J. Therkelsen,P. Harres,,HOLSTEIN KIEL,Normal Goal,1576148
14/08/2026,2. Bundesliga Alemania,2026/2027,EINTRACHT BRAUNSCHWEIG,VFL BOCHUM,18,1P,P. Hofmann,K. Miyoshi,,VFL BOCHUM,Normal Goal,1576144
15/08/2026,2. Bundesliga Alemania,2026/2027,HERTHA BSC,1. FC HEIDENHEIM,2,1P,S. Gronning,M. Winkler,,HERTHA BSC,Normal Goal,1576147
15/08/2026,2. Bundesliga Alemania,2026/2027,HERTHA BSC,1. FC HEIDENHEIM,26,1P,M. Winkler,,,HERTHA BSC,Normal Goal,1576147
15/08/2026,2. Bundesliga Alemania,2026/2027,HERTHA BSC,1. FC HEIDENHEIM,35,1P,D. Zeefuik,M. Winkler,,HERTHA BSC,Normal Goal,1576147
15/08/2026,2. Bundesliga Alemania,2026/2027,HERTHA BSC,1. FC HEIDENHEIM,49,2P,J. Schoppner,M. Kaufmann,,1. FC HEIDENHEIM,Normal Goal,1576147
15/08/2026,2. Bundesliga Alemania,2026/2027,HERTHA BSC,1. FC HEIDENHEIM,90,2P,O. Adewumi,J. Brekalo,,HERTHA BSC,Normal Goal,1576147
15/08/2026,2. Bundesliga Alemania,2026/2027,SPVGG GREUTHER FURTH,1. FC NURNBERG,22,1P,F. Klaus,,,SPVGG GREUTHER FURTH,Penalty,1576145
15/08/2026,2. Bundesliga Alemania,2026/2027,SPVGG GREUTHER FURTH,1. FC NURNBERG,26,1P,P. Scobel,J. Justvan,,1. FC NURNBERG,Normal Goal,1576145
15/08/2026,2. Bundesliga Alemania,2026/2027,SPVGG GREUTHER FURTH,1. FC NURNBERG,41,1P,F. Klaus,D. Srbeny,,SPVGG GREUTHER FURTH,Normal Goal,1576145
15/08/2026,2. Bundesliga Alemania,2026/2027,SPVGG GREUTHER FURTH,1. FC NURNBERG,45,1P,J. Justvan,P. Scobel,,1. FC NURNBERG,Normal Goal,1576145
15/08/2026,2. Bundesliga Alemania,2026/2027,SPVGG GREUTHER FURTH,1. FC NURNBERG,54,2P,J. Justvan,F. Otto,,1. FC NURNBERG,Normal Goal,1576145
15/08/2026,2. Bundesliga Alemania,2026/2027,SPVGG GREUTHER FURTH,1. FC NURNBERG,63,2P,Felix Klaus,,,SPVGG GREUTHER FURTH,Missed Penalty,1576145
15/08/2026,2. Bundesliga Alemania,2026/2027,SPVGG GREUTHER FURTH,1. FC NURNBERG,74,2P,P. Scobel,,,1. FC NURNBERG,Normal Goal,1576145
15/08/2026,2. Bundesliga Alemania,2026/2027,VFL OSNABRUCK,1. FC MAGDEBURG,24,1P,A. Nollenberger,T. Muller,,1. FC MAGDEBURG,Normal Goal,1576151
15/08/2026,2. Bundesliga Alemania,2026/2027,VFL OSNABRUCK,1. FC MAGDEBURG,35,1P,A. Nollenberger,B. Atik,,1. FC MAGDEBURG,Normal Goal,1576151
15/08/2026,2. Bundesliga Alemania,2026/2027,VFL OSNABRUCK,1. FC MAGDEBURG,69,2P,E. Iyoha,L. Hyrylainen,,1. FC MAGDEBURG,Normal Goal,1576151
16/08/2026,2. Bundesliga Alemania,2026/2027,HANNOVER 96,VFL WOLFSBURG,87,2P,F. Reese,,,VFL WOLFSBURG,Penalty,1576146
16/08/2026,2. Bundesliga Alemania,2026/2027,DYNAMO DRESDEN,SV DARMSTADT 98,12,1P,J. Sterner,V. Vermeij,,DYNAMO DRESDEN,Normal Goal,1576150
16/08/2026,2. Bundesliga Alemania,2026/2027,ARMINIA BIELEFELD,ENERGIE COTTBUS,26,1P,J. Grodowski,H. Koudossou,,ARMINIA BIELEFELD,Normal Goal,1576143
16/08/2026,2. Bundesliga Alemania,2026/2027,ARMINIA BIELEFELD,ENERGIE COTTBUS,37,1P,J. Grodowski,,,ARMINIA BIELEFELD,Normal Goal,1576143
16/08/2026,2. Bundesliga Alemania,2026/2027,ARMINIA BIELEFELD,ENERGIE COTTBUS,76,2P,J. Grodowski,,,ARMINIA BIELEFELD,Penalty,1576143
28/08/2026,2. Bundesliga Alemania,2026/2027,VFL BOCHUM,VFL OSNABRUCK,4,1P,I. Badjie,L. Munst,,VFL OSNABRUCK,Normal Goal,1576152
