Date,League,Season,HomeTeam,AwayTeam,FTHG,FTAG,HTHG,HTAG,FTR,HS,AS,HST,AST,HF,AF,HC,AC,HY,AY,HR,AR,HomePasses,AwayPasses,HomeSaves,AwaySaves,HomePos,AwayPos,fixture_id
24/07/2026,Superliga Dinamarca,2026/2027,VIBORG,ODENSE,1,0,0,0,H,10,19,3,4,15,11,7,10,2,1,0,0,350,469,4,2,43.0,57.0,1548974.0
25/07/2026,Superliga Dinamarca,2026/2027,AARHUS,BRONDBY,1,1,0,0,D,13,14,3,2,12,23,10,6,1,5,0,0,388,335,1,2,54.0,46.0,1548975.0
26/07/2026,Superliga Dinamarca,2026/2027,SONDERJYSKE,FC MIDTJYLLAND,2,3,2,2,A,17,12,4,5,14,10,5,4,1,2,0,0,321,456,2,1,42.0,58.0,1548976.0
27/07/2026,Superliga Dinamarca,2026/2027,RANDERS FC,SILKEBORG,1,1,1,1,D,8,12,2,6,13,4,5,7,1,0,0,0,535,629,5,1,46.0,54.0,1548977.0
26/07/2026,Superliga Dinamarca,2026/2027,AC HORSENS,FC NORDSJAELLAND,1,1,1,1,D,8,23,4,6,7,8,4,13,1,1,0,0,310,714,5,3,30.0,70.0,1548978.0
26/07/2026,Superliga Dinamarca,2026/2027,FC COPENHAGEN,LYNGBY,3,2,1,2,H,12,21,6,6,14,15,5,5,2,2,0,0,497,352,2,3,58.0,42.0,1548979.0
01/08/2026,Superliga Dinamarca,2026/2027,LYNGBY,AARHUS,2,2,0,1,D,21,8,7,3,19,14,4,2,2,3,0,0,464,298,1,5,62.0,38.0,1548980.0
02/08/2026,Superliga Dinamarca,2026/2027,FC MIDTJYLLAND,AC HORSENS,2,1,2,0,H,19,4,7,2,11,21,7,3,2,3,0,0,449,321,1,5,58.0,42.0,1548981.0
02/08/2026,Superliga Dinamarca,2026/2027,FC NORDSJAELLAND,RANDERS FC,1,0,0,0,H,18,11,5,4,10,7,11,4,2,2,0,0,711,361,4,4,67.0,33.0,1548982.0
02/08/2026,Superliga Dinamarca,2026/2027,BRONDBY,VIBORG,1,0,0,0,H,23,13,6,3,12,16,8,3,2,3,0,0,468,396,3,4,55.0,45.0,1548983.0
02/08/2026,Superliga Dinamarca,2026/2027,SILKEBORG,FC COPENHAGEN,1,3,1,2,A,13,10,5,6,10,9,7,4,2,2,0,0,456,579,3,4,44.0,56.0,1548984.0
03/08/2026,Superliga Dinamarca,2026/2027,ODENSE,SONDERJYSKE,1,0,0,0,H,17,8,4,3,10,12,7,9,1,1,0,0,499,392,2,3,56.0,44.0,1548985.0
07/08/2026,Superliga Dinamarca,2026/2027,SONDERJYSKE,VIBORG,0,0,0,0,D,9,18,3,4,18,7,4,7,1,0,0,0,312,601,4,3,34.0,66.0,1548986.0
09/08/2026,Superliga Dinamarca,2026/2027,RANDERS FC,LYNGBY,2,0,1,0,H,10,13,3,5,9,16,3,9,0,1,0,0,427,564,4,1,42.0,58.0,1548987.0
09/08/2026,Superliga Dinamarca,2026/2027,AC HORSENS,BRONDBY,0,2,0,1,A,10,9,3,2,17,9,3,6,2,2,0,0,461,421,1,3,52.0,48.0,1548988.0
10/08/2026,Superliga Dinamarca,2026/2027,SILKEBORG,ODENSE,1,0,0,0,H,14,10,4,3,7,17,6,3,1,3,0,0,546,516,3,3,51.0,49.0,1548989.0
14/08/2026,Superliga Dinamarca,2026/2027,VIBORG,AARHUS,2,1,1,1,H,12,22,3,7,15,14,3,10,0,1,0,0,311,601,6,1,34.0,66.0,1548990.0
16/08/2026,Superliga Dinamarca,2026/2027,ODENSE,AC HORSENS,1,2,1,1,A,16,13,1,6,11,11,9,3,1,0,0,0,589,433,4,1,58.0,42.0,1548991.0
16/08/2026,Superliga Dinamarca,2026/2027,FC NORDSJAELLAND,SILKEBORG,1,0,0,0,H,20,4,7,0,10,9,8,1,2,2,0,0,620,519,0,6,55.0,45.0,1548992.0
16/08/2026,Superliga Dinamarca,2026/2027,LYNGBY,FC MIDTJYLLAND,1,1,0,0,D,9,9,2,2,19,18,3,5,2,3,0,0,329,443,1,1,43.0,57.0,1548993.0
16/08/2026,Superliga Dinamarca,2026/2027,RANDERS FC,FC COPENHAGEN,0,4,0,3,A,10,19,0,6,10,11,6,4,1,0,0,0,527,431,2,0,56.0,44.0,1548994.0
17/08/2026,Superliga Dinamarca,2026/2027,BRONDBY,SONDERJYSKE,3,2,3,0,H,18,10,4,5,9,12,10,1,2,4,0,0,589,336,3,1,64.0,36.0,1548995.0
23/08/2026,Superliga Dinamarca,2026/2027,AARHUS,ODENSE,2,2,1,2,D,31,6,5,2,2,14,15,0,0,6,0,0,668,279,0,3,71.0,29.0,1548996.0
23/08/2026,Superliga Dinamarca,2026/2027,SONDERJYSKE,FC NORDSJAELLAND,0,3,0,1,A,11,25,5,9,21,11,6,4,2,2,0,0,400,664,6,4,38.0,62.0,1548997.0
23/08/2026,Superliga Dinamarca,2026/2027,FC MIDTJYLLAND,RANDERS FC,1,0,1,0,H,20,8,6,2,12,26,10,5,1,2,0,0,425,308,2,5,58.0,42.0,1548998.0
23/08/2026,Superliga Dinamarca,2026/2027,AC HORSENS,LYNGBY,2,1,1,0,H,10,17,5,7,21,10,2,9,4,3,0,0,392,547,6,4,41.0,59.0,1548999.0
23/08/2026,Superliga Dinamarca,2026/2027,VIBORG,FC COPENHAGEN,4,0,3,0,H,10,8,5,0,10,17,1,6,0,3,0,0,436,545,0,2,44.0,56.0,1549000.0
24/08/2026,Superliga Dinamarca,2026/2027,BRONDBY,SILKEBORG,3,1,0,1,H,17,13,5,4,15,10,9,5,3,3,0,0,502,402,3,2,56.0,44.0,1549001.0
28/08/2026,Superliga Dinamarca,2026/2027,AC HORSENS,VIBORG,2,3,0,2,A,9,12,5,6,15,13,3,6,3,1,0,0,439,401,4,3,52.0,48.0,1549002.0
30/08/2026,Superliga Dinamarca,2026/2027,LYNGBY,ODENSE,1,1,0,0,D,18,18,1,8,14,17,4,6,4,4,0,0,419,498,7,0,45.0,55.0,1549003.0
30/08/2026,Superliga Dinamarca,2026/2027,SILKEBORG,FC MIDTJYLLAND,1,1,1,0,D,12,15,5,4,10,10,4,7,0,0,0,1,366,468,3,4,43.0,57.0,1549004.0
30/08/2026,Superliga Dinamarca,2026/2027,RANDERS FC,AARHUS,2,1,2,0,H,8,17,5,6,14,15,1,5,3,2,1,0,362,522,5,3,41.0,59.0,1549005.0
30/08/2026,Superliga Dinamarca,2026/2027,FC NORDSJAELLAND,BRONDBY,3,1,2,0,H,15,16,9,4,8,15,4,5,3,1,0,0,405,607,3,5,40.0,60.0,1549006.0
31/08/2026,Superliga Dinamarca,2026/2027,FC COPENHAGEN,SONDERJYSKE,3,1,2,1,H,25,11,8,2,6,10,7,3,1,1,0,1,567,392,1,5,59.0,41.0,1549007.0
24/08/2026,Serie A Italia,2026/2027,AS ROMA,FIORENTINA,4,0,1,0,H,17,9,8,4,15,11,2,3,2,2,0,0,538,343,4,4,61.0,39.0,1550087.0
23/08/2026,Serie A Italia,2026/2027,ATALANTA,SASSUOLO,2,1,1,0,H,14,22,7,8,9,10,4,4,0,0,0,0,596,466,7,5,56.0,44.0,1550088.0
24/08/2026,Serie A Italia,2026/2027,BOLOGNA,LAZIO,0,1,0,0,A,13,10,5,3,18,19,8,6,4,4,0,0,446,315,2,4,59.0,41.0,1550089.0
23/08/2026,Serie A Italia,2026/2027,FROSINONE,JUVENTUS,0,1,0,1,A,11,20,2,5,15,18,3,12,2,2,0,0,272,478,4,2,37.0,63.0,1550090.0
22/08/2026,Serie A Italia,2026/2027,GENOA,NAPOLI,0,2,0,0,A,11,13,2,4,10,8,5,5,2,1,0,0,431,507,2,2,46.0,54.0,1550091.0
22/08/2026,Serie A Italia,2026/2027,INTER,MONZA,4,1,1,1,H,13,7,5,3,5,14,3,3,2,2,0,0,709,292,2,1,70.0,30.0,1550092.0
22/08/2026,Serie A Italia,2026/2027,PARMA,CAGLIARI,0,1,0,0,A,13,14,2,5,6,20,3,2,0,2,0,0,443,497,4,2,47.0,53.0,1550093.0
23/08/2026,Serie A Italia,2026/2027,TORINO,AC MILAN,1,2,0,0,A,8,19,1,4,10,9,2,4,0,1,0,0,384,547,2,0,41.0,59.0,1550094.0
22/08/2026,Serie A Italia,2026/2027,UDINESE,COMO,1,1,1,0,D,17,20,3,6,13,11,1,10,3,0,0,0,403,583,5,2,41.0,59.0,1550095.0
23/08/2026,Serie A Italia,2026/2027,VENEZIA,LECCE,0,2,0,0,A,19,12,7,5,8,12,5,3,1,3,0,0,632,260,2,6,71.0,29.0,1550096.0
28/08/2026,Serie A Italia,2026/2027,AC MILAN,VENEZIA,2,0,0,0,H,16,8,5,2,8,11,2,2,1,3,0,0,506,367,2,4,58.0,42.0,1550097.0
31/08/2026,Serie A Italia,2026/2027,ATALANTA,BOLOGNA,1,0,0,0,H,6,16,2,3,10,13,1,2,1,0,0,0,478,681,3,1,42.0,58.0,1550098.0
30/08/2026,Serie A Italia,2026/2027,CAGLIARI,INTER,0,1,0,1,A,10,31,0,7,6,5,8,6,2,1,0,0,362,683,5,0,35.0,65.0,1550099.0
29/08/2026,Serie A Italia,2026/2027,FIORENTINA,FROSINONE,0,3,0,2,A,25,12,4,6,14,21,8,5,3,3,0,0,416,274,3,4,60.0,40.0,1550100.0
29/08/2026,Serie A Italia,2026/2027,JUVENTUS,PARMA,2,0,0,0,H,21,4,6,3,23,12,10,2,2,3,0,0,533,404,3,4,58.0,42.0,1550101.0
30/08/2026,Serie A Italia,2026/2027,LAZIO,GENOA,1,0,1,0,H,15,8,2,1,18,6,4,2,1,2,0,0,488,565,1,1,46.0,54.0,1550102.0
31/08/2026,Serie A Italia,2026/2027,LECCE,AS ROMA,0,4,0,3,A,7,15,3,8,9,8,2,1,1,1,0,0,376,680,4,2,36.0,64.0,1550103.0
29/08/2026,Serie A Italia,2026/2027,MONZA,UDINESE,2,3,1,3,A,15,12,5,5,10,12,3,3,1,0,0,0,420,418,2,3,51.0,49.0,1550104.0
30/08/2026,Serie A Italia,2026/2027,NAPOLI,COMO,1,2,1,2,A,13,21,2,6,9,5,2,7,1,0,0,0,442,609,4,1,42.0,58.0,1550105.0
29/08/2026,Serie A Italia,2026/2027,SASSUOLO,TORINO,2,1,1,1,H,19,10,7,4,12,9,4,3,3,1,0,0,436,527,3,5,46.0,54.0,1550106.0
28/08/2026,Eerste Divisie Holanda 2da,2026/2027,DEN BOSCH,VITESSE,1,4,0,3,A,25,11,8,5,10,17,16,0,0,3,0,0,491,264,2,7,66.0,34.0,1551767.0
28/08/2026,Eerste Divisie Holanda 2da,2026/2027,FC VOLENDAM,DORDRECHT,6,1,3,1,H,25,11,11,4,14,11,8,3,0,2,0,0,420,350,3,5,55.0,45.0,1551768.0
28/08/2026,Eerste Divisie Holanda 2da,2026/2027,JONG AJAX,HELMOND SPORT,3,2,2,1,H,16,10,9,3,11,13,7,9,2,1,0,0,528,366,1,6,58.0,42.0,1551769.0
28/08/2026,Eerste Divisie Holanda 2da,2026/2027,JONG AZ,MVV,1,2,0,1,A,8,4,3,3,10,12,5,4,0,0,0,0,575,404,1,2,58.0,42.0,1551770.0
28/08/2026,Eerste Divisie Holanda 2da,2026/2027,FC OSS,JONG UTRECHT,2,1,1,0,H,12,18,5,5,15,14,7,6,1,1,0,0,337,406,4,3,44.0,56.0,1551771.0
28/08/2026,Eerste Divisie Holanda 2da,2026/2027,RODA,NAC BREDA,2,2,1,1,D,13,19,10,4,10,13,4,5,1,4,0,0,359,541,2,7,40.0,60.0,1551772.0
28/08/2026,Eerste Divisie Holanda 2da,2026/2027,WAALWIJK,JONG PSV U21,2,2,2,1,D,16,16,9,5,8,11,2,5,1,1,0,0,458,472,3,7,49.0,51.0,1551773.0
29/08/2026,Eerste Divisie Holanda 2da,2026/2027,DE GRAAFSCHAP,ALMERE CITY FC,1,4,1,1,A,21,15,6,8,6,9,9,5,1,1,0,0,445,374,4,5,55.0,45.0,1551774.0
30/08/2026,Eerste Divisie Holanda 2da,2026/2027,FC EINDHOVEN,HERACLES,1,3,0,1,A,13,15,2,5,20,14,6,10,1,1,0,0,316,327,2,1,48.0,52.0,1551775.0
30/08/2026,Eerste Divisie Holanda 2da,2026/2027,VVV VENLO,EMMEN,4,0,2,0,H,11,25,5,5,10,10,3,9,3,3,0,0,287,555,5,1,35.0,65.0,1551776.0
31/08/2026,Eerste Divisie Holanda 2da,2026/2027,JONG AZ,JONG UTRECHT,2,1,1,1,H,25,12,5,5,14,12,7,6,1,3,0,0,523,346,4,4,59.0,41.0,1551807.0
31/08/2026,Eerste Divisie Holanda 2da,2026/2027,JONG PSV U21,JONG AJAX,1,1,0,1,D,16,18,5,7,8,15,4,5,2,2,0,0,408,432,5,4,49.0,51.0,1551808.0
07/08/2026,Eredivisie,2026/2027,CAMBUUR,EXCELSIOR,0,4,0,3,A,11,18,2,9,6,11,5,8,0,0,0,0,379,430,5,1,47.0,53.0,1552117.0
08/08/2026,Eredivisie,2026/2027,NEC NIJMEGEN,TELSTAR,1,2,0,2,A,27,8,4,3,12,14,13,3,2,2,0,0,552,227,1,3,71.0,29.0,1552118.0
08/08/2026,Eredivisie,2026/2027,GO AHEAD EAGLES,WILLEM II,4,1,1,1,H,20,13,10,1,6,14,6,2,2,1,0,0,577,258,0,6,69.0,31.0,1552119.0
08/08/2026,Eredivisie,2026/2027,PSV EINDHOVEN,FORTUNA SITTARD,2,2,0,1,D,21,8,6,6,9,6,9,0,1,1,0,0,758,249,4,4,76.0,24.0,1552120.0
08/08/2026,Eredivisie,2026/2027,AZ ALKMAAR,ADO DEN HAAG,2,0,0,0,H,12,10,4,1,9,14,9,7,0,1,0,0,470,406,1,2,53.0,47.0,1552121.0
09/08/2026,Eredivisie,2026/2027,SPARTA ROTTERDAM,FEYENOORD,0,1,0,1,A,10,22,0,6,11,8,5,10,3,1,0,0,336,510,6,1,40.0,60.0,1552122.0
09/08/2026,Eredivisie,2026/2027,GRONINGEN,UTRECHT,2,1,1,0,H,16,14,5,7,12,17,5,1,0,2,0,0,449,306,6,3,59.0,41.0,1552123.0
09/08/2026,Eredivisie,2026/2027,PEC ZWOLLE,AJAX,0,2,0,0,A,7,26,2,6,12,10,2,10,2,2,1,0,238,548,4,2,31.0,69.0,1552124.0
09/08/2026,Eredivisie,2026/2027,HEERENVEEN,TWENTE,1,0,0,0,H,7,18,4,3,7,7,4,8,2,1,0,0,474,533,3,3,46.0,54.0,1552125.0
14/08/2026,Eredivisie,2026/2027,TELSTAR,SPARTA ROTTERDAM,1,3,0,1,A,7,16,1,9,13,17,7,5,1,1,0,0,509,327,6,0,61.0,39.0,1552126.0
15/08/2026,Eredivisie,2026/2027,WILLEM II,NEC NIJMEGEN,1,4,0,1,A,9,21,2,10,10,14,1,2,1,0,0,0,279,591,6,1,32.0,68.0,1552127.0
15/08/2026,Eredivisie,2026/2027,UTRECHT,AZ ALKMAAR,1,4,0,1,A,8,24,2,9,23,14,3,9,4,2,0,0,372,417,5,1,48.0,52.0,1552128.0
15/08/2026,Eredivisie,2026/2027,EXCELSIOR,PSV EINDHOVEN,1,2,0,1,A,5,20,2,8,9,3,1,7,1,0,0,0,426,603,7,1,41.0,59.0,1552129.0
15/08/2026,Eredivisie,2026/2027,FORTUNA SITTARD,CAMBUUR,3,1,2,1,H,17,19,7,7,10,9,6,7,0,2,0,0,289,511,6,4,36.0,64.0,1552130.0
16/08/2026,Eredivisie,2026/2027,ADO DEN HAAG,GRONINGEN,1,4,0,3,A,10,17,4,14,11,11,5,2,0,1,0,0,489,410,10,3,55.0,45.0,1552131.0
16/08/2026,Eredivisie,2026/2027,FEYENOORD,GO AHEAD EAGLES,2,2,2,0,D,27,14,6,6,3,8,6,6,0,0,0,0,485,425,4,4,53.0,47.0,1552132.0
16/08/2026,Eredivisie,2026/2027,TWENTE,PEC ZWOLLE,3,1,1,1,H,27,8,10,3,11,6,6,3,0,0,0,0,614,285,2,8,69.0,31.0,1552133.0
16/08/2026,Eredivisie,2026/2027,AJAX,HEERENVEEN,2,2,2,1,D,23,14,4,8,8,10,7,2,3,1,0,0,517,462,6,4,54.0,46.0,1552134.0
22/08/2026,Eredivisie,2026/2027,FORTUNA SITTARD,AZ ALKMAAR,0,2,0,0,A,4,26,2,11,9,11,1,15,0,1,1,0,250,644,9,2,28.0,72.0,1552135.0
22/08/2026,Eredivisie,2026/2027,SPARTA ROTTERDAM,UTRECHT,3,3,1,1,D,14,16,5,4,10,13,5,7,0,0,0,0,485,382,1,2,56.0,44.0,1552137.0
22/08/2026,Eredivisie,2026/2027,HEERENVEEN,PEC ZWOLLE,0,2,0,0,A,18,20,5,7,6,13,5,3,1,2,0,0,612,339,5,5,64.0,36.0,1552138.0
23/08/2026,Eredivisie,2026/2027,GO AHEAD EAGLES,ADO DEN HAAG,3,1,1,0,H,11,16,5,3,10,13,5,3,1,2,0,0,428,498,2,2,47.0,53.0,1552139.0
23/08/2026,Eredivisie,2026/2027,PSV EINDHOVEN,GRONINGEN,5,1,3,1,H,24,7,12,4,10,4,9,4,1,1,0,0,568,354,2,7,62.0,38.0,1552140.0
23/08/2026,Eredivisie,2026/2027,CAMBUUR,FEYENOORD,2,5,0,4,A,11,14,4,7,14,13,3,3,0,1,0,0,399,482,3,2,45.0,55.0,1552141.0
28/08/2026,Eredivisie,2026/2027,GRONINGEN,FORTUNA SITTARD,2,3,1,2,A,22,9,2,5,7,8,7,2,3,3,0,0,550,279,2,1,68.0,32.0,1552144.0
29/08/2026,Eredivisie,2026/2027,EXCELSIOR,SPARTA ROTTERDAM,2,1,1,0,H,15,10,5,2,13,7,6,4,2,1,0,0,383,488,1,3,45.0,55.0,1552145.0
29/08/2026,Eredivisie,2026/2027,AZ ALKMAAR,GO AHEAD EAGLES,5,2,2,1,H,21,10,8,4,9,6,8,4,0,0,0,0,484,441,2,3,52.0,48.0,1552146.0
29/08/2026,Eredivisie,2026/2027,PEC ZWOLLE,NEC NIJMEGEN,1,3,1,2,A,9,8,2,4,17,12,6,7,1,3,0,0,375,338,1,1,52.0,48.0,1552147.0
30/08/2026,Eredivisie,2026/2027,UTRECHT,PSV EINDHOVEN,1,6,1,2,A,1,30,1,14,21,8,0,13,5,1,0,0,298,562,7,0,34.0,66.0,1552148.0
30/08/2026,Eredivisie,2026/2027,FEYENOORD,ADO DEN HAAG,2,2,0,1,D,33,8,12,3,5,9,11,3,0,3,0,0,617,275,1,10,69.0,31.0,1552149.0
30/08/2026,Eredivisie,2026/2027,WILLEM II,HEERENVEEN,2,2,0,0,D,12,13,5,5,9,5,9,7,0,0,0,0,320,517,3,2,39.0,61.0,1552150.0
30/08/2026,Eredivisie,2026/2027,TELSTAR,AJAX,0,4,0,1,A,11,12,4,9,11,13,5,4,0,0,0,0,397,537,5,5,42.0,58.0,1552151.0
30/08/2026,Eredivisie,2026/2027,CAMBUUR,TWENTE,1,4,0,2,A,10,23,3,10,6,14,2,9,1,1,0,0,338,599,6,2,36.0,64.0,1552152.0
08/08/2026,Ligue 2,2026/2027,BOULOGNE,NANCY,0,0,0,0,D,4,11,1,2,20,11,1,6,1,0,0,0,318,531,2,1,38.0,62.0,1552423.0
08/08/2026,Ligue 2,2026/2027,CLERMONT FOOT,REIMS,0,0,0,0,D,3,10,0,0,17,11,3,2,1,1,0,0,453,501,0,0,48.0,52.0,1552424.0
08/08/2026,Ligue 2,2026/2027,DUNKERQUE,GRENOBLE,4,2,1,1,H,17,8,6,2,18,9,10,2,2,3,0,0,497,361,0,2,58.0,42.0,1552425.0
08/08/2026,Ligue 2,2026/2027,METZ,GUINGAMP,2,1,0,0,H,15,12,7,7,16,10,5,3,2,1,0,0,377,557,6,5,41.0,59.0,1552426.0
08/08/2026,Ligue 2,2026/2027,MONTPELLIER,DIJON,1,1,0,0,D,22,10,5,4,20,18,4,0,3,3,0,0,434,359,3,4,55.0,45.0,1552427.0
08/08/2026,Ligue 2,2026/2027,NANTES,RED STAR FC 93,0,1,0,0,A,11,12,2,3,13,13,4,8,2,3,0,0,440,422,2,2,51.0,49.0,1552428.0
08/08/2026,Ligue 2,2026/2027,PAU,ANNECY,0,1,0,1,A,16,9,2,3,12,10,6,4,3,0,0,1,585,253,2,2,71.0,29.0,1552429.0
08/08/2026,Ligue 2,2026/2027,RODEZ,LAVAL,3,1,0,0,H,20,6,9,1,13,5,8,4,1,1,0,1,382,525,0,6,44.0,56.0,1552430.0
08/08/2026,Ligue 2,2026/2027,SOCHAUX,SAINT ETIENNE,0,3,0,3,A,11,11,1,5,14,10,6,1,0,1,0,0,493,455,4,2,53.0,47.0,1552431.0
14/08/2026,Ligue 2,2026/2027,ANNECY,RODEZ,2,0,1,0,H,12,9,6,3,15,12,8,7,2,0,0,0,412,387,3,4,50.0,50.0,1552432.0
14/08/2026,Ligue 2,2026/2027,DIJON,PAU,0,1,0,0,A,16,6,9,3,11,17,6,2,0,2,0,0,639,325,2,9,66.0,34.0,1552433.0
14/08/2026,Ligue 2,2026/2027,GRENOBLE,METZ,0,0,0,0,D,9,9,2,1,12,15,1,5,2,2,0,0,375,544,1,2,40.0,60.0,1552434.0
14/08/2026,Ligue 2,2026/2027,GUINGAMP,BOULOGNE,1,0,0,0,H,14,12,3,2,14,15,3,4,1,2,0,0,524,373,2,2,59.0,41.0,1552435.0
14/08/2026,Ligue 2,2026/2027,LAVAL,NANTES,2,1,1,1,H,9,17,5,3,14,11,2,7,1,0,0,0,366,510,2,3,41.0,59.0,1552436.0
14/08/2026,Ligue 2,2026/2027,NANCY,MONTPELLIER,0,1,0,0,A,12,13,4,4,18,27,6,6,2,5,0,0,389,348,3,4,53.0,47.0,1552437.0
14/08/2026,Ligue 2,2026/2027,RED STAR FC 93,SOCHAUX,0,0,0,0,D,20,6,5,2,7,11,12,1,2,0,0,0,548,276,2,5,67.0,33.0,1552438.0
14/08/2026,Ligue 2,2026/2027,REIMS,DUNKERQUE,3,3,1,1,D,9,16,4,9,14,11,2,8,2,4,1,0,290,439,6,1,40.0,60.0,1552439.0
14/08/2026,Ligue 2,2026/2027,SAINT ETIENNE,CLERMONT FOOT,3,1,1,0,H,21,5,5,2,15,15,7,6,1,1,0,0,519,340,1,2,61.0,39.0,1552440.0
21/08/2026,Ligue 2,2026/2027,BOULOGNE,RED STAR FC 93,1,1,0,1,D,17,6,9,3,15,18,3,3,4,4,0,0,435,375,2,8,54.0,46.0,1552441.0
21/08/2026,Ligue 2,2026/2027,CLERMONT FOOT,DIJON,1,1,0,0,D,8,18,2,6,7,19,2,7,0,2,0,0,391,603,5,1,39.0,61.0,1552442.0
21/08/2026,Ligue 2,2026/2027,DUNKERQUE,MONTPELLIER,0,1,0,0,A,12,11,3,5,17,19,5,7,3,2,0,0,453,314,4,3,58.0,42.0,1552443.0
22/08/2026,Ligue 2,2026/2027,METZ,LAVAL,1,1,0,0,D,17,11,7,3,14,16,4,7,2,3,1,0,349,454,2,6,44.0,56.0,1552444.0
22/08/2026,Ligue 2,2026/2027,NANTES,RODEZ,2,5,2,1,A,14,16,6,5,14,18,4,6,2,3,0,0,512,341,1,4,59.0,41.0,1552445.0
21/08/2026,Ligue 2,2026/2027,PAU,NANCY,0,1,0,0,A,15,8,1,3,16,18,5,4,3,2,0,0,387,454,2,1,46.0,54.0,1552446.0
24/08/2026,Ligue 2,2026/2027,REIMS,ANNECY,3,1,0,1,H,20,7,10,2,5,12,4,2,0,0,0,0,465,402,1,7,54.0,46.0,1552447.0
21/08/2026,Ligue 2,2026/2027,SOCHAUX,GUINGAMP,1,0,1,0,H,8,18,3,6,21,11,2,8,1,5,0,0,308,615,6,2,33.0,67.0,1552448.0
22/08/2026,Ligue 2,2026/2027,SAINT ETIENNE,GRENOBLE,4,0,3,0,H,18,2,10,1,14,19,6,2,1,3,0,0,669,331,0,6,66.0,34.0,1552449.0
29/08/2026,Ligue 2,2026/2027,ANNECY,METZ,1,1,1,1,D,14,14,6,1,18,8,7,6,2,2,0,0,393,373,0,5,51.0,49.0,1552450.0
28/08/2026,Ligue 2,2026/2027,CLERMONT FOOT,SOCHAUX,0,0,0,0,D,6,5,2,1,15,15,8,3,1,1,0,0,521,385,1,1,57.0,43.0,1552451.0
31/08/2026,Ligue 2,2026/2027,DIJON,SAINT ETIENNE,2,3,1,1,A,13,17,7,12,13,14,3,3,1,1,0,0,513,549,8,5,48.0,52.0,1552452.0
29/08/2026,Ligue 2,2026/2027,GUINGAMP,NANTES,3,3,2,1,D,14,20,7,6,11,22,1,5,1,2,0,0,342,490,3,4,41.0,59.0,1552453.0
28/08/2026,Ligue 2,2026/2027,LAVAL,GRENOBLE,0,3,0,2,A,15,7,4,5,12,15,8,0,1,4,0,0,635,315,2,4,68.0,32.0,1552454.0
28/08/2026,Ligue 2,2026/2027,MONTPELLIER,BOULOGNE,0,0,0,0,D,12,13,6,8,14,20,7,1,2,3,0,1,575,280,8,6,68.0,32.0,1552455.0
28/08/2026,Ligue 2,2026/2027,NANCY,DUNKERQUE,2,0,1,0,H,18,8,4,2,15,14,1,3,0,2,0,1,528,368,2,2,59.0,41.0,1552456.0
29/08/2026,Ligue 2,2026/2027,RED STAR FC 93,REIMS,1,4,1,2,A,12,10,5,8,12,15,7,2,2,4,0,0,476,380,4,4,56.0,44.0,1552457.0
28/08/2026,Ligue 2,2026/2027,RODEZ,PAU,2,2,1,2,D,10,14,5,2,21,8,5,3,3,1,0,0,490,370,0,3,58.0,42.0,1552458.0
23/08/2026,Ligue 1,2026/2027,ANGERS,LILLE,0,2,0,2,A,20,11,2,8,11,13,8,3,2,2,0,0,473,385,6,2,57.0,43.0,1552729.0
23/08/2026,Ligue 1,2026/2027,LE HAVRE,MONACO,0,1,0,1,A,14,15,4,7,13,12,7,4,3,2,0,0,409,429,6,3,50.0,50.0,1552730.0
22/08/2026,Ligue 1,2026/2027,LE MANS,STADE BRESTOIS 29,2,2,1,1,D,8,26,5,7,14,12,1,10,1,1,0,0,416,399,4,3,50.0,50.0,1552731.0
22/08/2026,Ligue 1,2026/2027,LENS,AUXERRE,5,2,1,0,H,12,10,9,4,6,21,4,7,1,1,0,1,470,415,2,4,53.0,47.0,1552732.0
21/08/2026,Ligue 1,2026/2027,MARSEILLE,STRASBOURG,4,0,0,0,H,14,5,8,2,6,12,3,4,1,2,0,1,687,337,2,4,67.0,33.0,1552733.0
22/08/2026,Ligue 1,2026/2027,NICE,LORIENT,0,0,0,0,D,11,7,1,2,10,6,7,2,1,0,0,0,512,290,2,1,64.0,36.0,1552734.0
23/08/2026,Ligue 1,2026/2027,RENNES,PARIS SAINT GERMAIN,2,2,2,0,D,9,19,3,5,7,6,0,10,2,2,0,0,326,737,3,0,31.0,69.0,1552735.0
22/08/2026,Ligue 1,2026/2027,TOULOUSE,LYON,0,2,0,0,A,17,6,2,1,11,10,6,4,1,1,0,0,306,352,1,2,47.0,53.0,1552736.0
22/08/2026,Ligue 1,2026/2027,ESTAC TROYES,PARIS FC,0,0,0,0,D,9,10,2,1,8,14,6,2,2,1,0,0,458,681,1,2,42.0,58.0,1552737.0
29/08/2026,Ligue 1,2026/2027,AUXERRE,ANGERS,1,3,1,1,A,20,15,7,6,16,6,7,10,3,2,0,0,494,317,3,7,60.0,40.0,1552738.0
29/08/2026,Ligue 1,2026/2027,STADE BRESTOIS 29,TOULOUSE,2,2,1,1,D,27,6,7,2,19,18,7,2,2,3,0,0,432,445,0,5,51.0,49.0,1552739.0
29/08/2026,Ligue 1,2026/2027,LORIENT,ESTAC TROYES,1,2,0,2,A,15,11,6,2,9,11,2,5,0,0,0,0,677,318,0,4,67.0,33.0,1552740.0
29/08/2026,Ligue 1,2026/2027,LYON,LE HAVRE,1,1,0,0,D,15,12,5,4,7,16,5,5,0,2,0,0,459,344,3,5,57.0,43.0,1552741.0
30/08/2026,Ligue 1,2026/2027,MONACO,MARSEILLE,2,0,1,0,H,11,13,5,2,9,10,5,7,4,0,0,0,356,648,2,3,36.0,64.0,1552742.0
30/08/2026,Ligue 1,2026/2027,PARIS FC,NICE,3,0,1,0,H,15,16,4,4,7,7,2,4,0,1,0,0,584,691,4,1,45.0,55.0,1552743.0
30/08/2026,Ligue 1,2026/2027,RENNES,LE MANS,3,2,2,1,H,22,12,8,5,15,15,8,6,3,2,0,1,501,282,3,5,64.0,36.0,1552744.0
29/08/2026,Ligue 1,2026/2027,STRASBOURG,LENS,2,1,0,1,H,16,17,7,7,10,11,3,6,2,2,0,0,444,415,6,5,52.0,48.0,1552745.0
28/08/2026,Ligue 1,2026/2027,LILLE,PARIS SAINT GERMAIN,2,2,1,0,D,9,18,4,4,11,7,0,5,2,1,0,0,297,810,2,2,27.0,73.0,1552746.0
29/08/2026,Super League Suiza,2026/2027,LAUSANNE,FC ZURICH,2,3,1,0,A,10,11,3,4,17,12,6,6,2,3,0,0,467,337,1,1,57.0,43.0,1555371.0
29/08/2026,Super League Suiza,2026/2027,SERVETTE FC,FC LUZERN,1,1,1,1,D,23,7,5,2,11,10,13,1,4,0,0,1,549,328,1,4,64.0,36.0,1555372.0
29/08/2026,Super League Suiza,2026/2027,BSC YOUNG BOYS,FC BASEL 1893,3,3,3,2,D,21,12,9,4,14,7,9,3,3,2,0,0,469,421,1,5,53.0,47.0,1555373.0
30/08/2026,Super League Suiza,2026/2027,FC SION,FC LUGANO,1,2,0,1,A,18,7,6,4,9,22,8,4,0,3,0,0,535,390,2,4,58.0,42.0,1555374.0
30/08/2026,Super League Suiza,2026/2027,FC ST. GALLEN,FC THUN,3,4,0,1,A,25,7,7,5,13,17,6,1,2,2,0,0,466,222,1,4,68.0,32.0,1555375.0
30/08/2026,Super League Suiza,2026/2027,FC VADUZ,GRASSHOPPERS,5,2,2,2,H,13,16,6,3,11,12,5,9,2,1,0,0,407,350,1,1,53.0,47.0,1555376.0
31/07/2026,Premiership Escocia,2026/2027,DUNDEE UTD,RANGERS,1,1,1,0,D,11,21,3,7,16,14,5,10,1,3,0,0,299,362,6,2,45.0,55.0,1556628.0
01/08/2026,Premiership Escocia,2026/2027,FALKIRK,ST MIRREN,0,2,0,1,A,10,15,1,5,18,18,7,7,0,4,0,0,432,321,4,1,58.0,42.0,1556629.0
01/08/2026,Premiership Escocia,2026/2027,ABERDEEN,HEART OF MIDLOTHIAN,2,1,0,1,H,11,19,3,4,10,17,4,6,3,2,0,1,359,350,3,1,51.0,49.0,1556630.0
02/08/2026,Premiership Escocia,2026/2027,ST JOHNSTONE,KILMARNOCK,4,3,1,1,H,15,7,5,4,6,13,6,3,2,2,0,0,534,428,2,2,55.0,45.0,1556631.0
02/08/2026,Premiership Escocia,2026/2027,HIBERNIAN,MOTHERWELL,1,2,0,1,A,19,9,6,5,14,13,9,2,1,3,0,0,444,505,3,3,48.0,52.0,1556632.0
03/08/2026,Premiership Escocia,2026/2027,CELTIC,DUNDEE,1,0,0,0,H,18,11,4,3,9,7,9,4,1,1,0,0,653,341,3,3,65.0,35.0,1556633.0
08/08/2026,Premiership Escocia,2026/2027,DUNDEE,ABERDEEN,2,0,1,0,H,18,9,7,3,9,12,5,4,1,3,0,0,362,410,3,5,47.0,53.0,1556634.0
09/08/2026,Premiership Escocia,2026/2027,HEART OF MIDLOTHIAN,DUNDEE UTD,4,0,2,0,H,12,10,7,0,11,11,7,2,1,2,0,0,351,494,0,3,42.0,58.0,1556635.0
09/08/2026,Premiership Escocia,2026/2027,MOTHERWELL,FALKIRK,0,0,0,0,D,11,10,1,1,17,16,2,2,2,2,0,0,571,405,1,1,58.0,42.0,1556636.0
08/08/2026,Premiership Escocia,2026/2027,ST MIRREN,ST JOHNSTONE,1,0,0,0,H,13,9,4,2,11,8,5,2,2,1,0,0,462,413,2,3,52.0,48.0,1556637.0
09/08/2026,Premiership Escocia,2026/2027,KILMARNOCK,CELTIC,1,5,0,3,A,10,33,6,16,12,10,5,7,1,0,0,0,370,661,11,4,36.0,64.0,1556638.0
09/08/2026,Premiership Escocia,2026/2027,RANGERS,HIBERNIAN,1,2,0,1,A,25,8,9,2,12,12,7,3,1,1,0,0,664,214,0,8,76.0,24.0,1556639.0
22/08/2026,Premiership Escocia,2026/2027,DUNDEE UTD,DUNDEE,0,2,0,1,A,23,14,5,4,11,11,6,5,4,3,0,0,500,242,2,4,68.0,32.0,1556640.0
30/08/2026,Premiership Escocia,2026/2027,ABERDEEN,RANGERS,0,1,0,0,A,10,18,2,5,21,15,6,6,6,3,0,0,288,377,3,2,44.0,56.0,1556646.0
29/08/2026,Premiership Escocia,2026/2027,CELTIC,FALKIRK,2,1,2,0,H,19,5,8,1,7,14,6,3,1,4,0,0,583,459,1,6,56.0,44.0,1556647.0
30/08/2026,Premiership Escocia,2026/2027,DUNDEE,HIBERNIAN,1,2,0,1,A,11,25,3,7,8,14,3,5,1,1,0,0,389,615,5,2,39.0,61.0,1556648.0
29/08/2026,Premiership Escocia,2026/2027,HEART OF MIDLOTHIAN,ST JOHNSTONE,2,1,2,0,H,16,9,7,4,11,14,8,4,0,0,0,0,427,485,3,7,47.0,53.0,1556649.0
29/08/2026,Premiership Escocia,2026/2027,KILMARNOCK,DUNDEE UTD,0,4,0,3,A,16,21,4,8,11,12,3,5,3,3,0,0,435,419,4,5,51.0,49.0,1556650.0
30/08/2026,Premiership Escocia,2026/2027,ST MIRREN,MOTHERWELL,3,3,3,2,D,23,22,9,7,14,12,7,7,2,2,0,0,422,513,4,6,45.0,55.0,1556651.0
21/08/2026,Premier League,2026/2027,ARSENAL,COVENTRY,3,0,2,0,H,20,4,6,1,10,13,8,2,1,1,0,0,616,347,1,2,64.0,36.0,1557367.0
22/08/2026,Premier League,2026/2027,HULL CITY,MANCHESTER UNITED,2,0,2,0,H,8,21,4,5,10,9,1,6,2,1,0,0,252,654,5,2,28.0,72.0,1557368.0
22/08/2026,Premier League,2026/2027,EVERTON,CRYSTAL PALACE,2,0,1,0,H,16,11,5,4,5,15,4,0,0,1,0,0,413,570,4,3,42.0,58.0,1557369.0
22/08/2026,Premier League,2026/2027,IPSWICH,SUNDERLAND,2,1,1,1,H,10,11,3,4,12,14,3,5,0,3,0,0,325,549,2,1,38.0,62.0,1557370.0
22/08/2026,Premier League,2026/2027,NOTTINGHAM FOREST,LEEDS,0,1,0,0,A,12,11,2,3,15,14,3,2,2,1,0,0,411,326,2,3,56.0,44.0,1557371.0
22/08/2026,Premier League,2026/2027,BRENTFORD,TOTTENHAM,3,0,2,0,H,26,9,8,4,17,14,7,3,1,1,0,0,360,549,4,5,40.0,60.0,1557372.0
23/08/2026,Premier League,2026/2027,BRIGHTON,ASTON VILLA,4,0,4,0,H,21,6,6,0,12,11,5,2,2,3,0,1,647,242,0,3,73.0,27.0,1557373.0
23/08/2026,Premier League,2026/2027,MANCHESTER CITY,BOURNEMOUTH,2,1,0,1,H,13,5,6,4,11,11,8,3,1,2,0,0,640,333,3,4,66.0,34.0,1557374.0
23/08/2026,Premier League,2026/2027,NEWCASTLE,LIVERPOOL,2,2,1,0,D,13,27,4,7,16,15,2,6,5,3,0,0,296,445,5,3,39.0,61.0,1557375.0
24/08/2026,Premier League,2026/2027,FULHAM,CHELSEA,2,3,1,2,A,14,18,6,6,12,7,6,4,2,3,0,0,639,394,3,4,62.0,38.0,1557376.0
31/08/2026,Premier League,2026/2027,ASTON VILLA,ARSENAL,0,1,0,0,A,7,7,0,2,17,6,2,4,3,1,0,0,337,528,1,0,39.0,61.0,1557377.0
29/08/2026,Premier League,2026/2027,BOURNEMOUTH,EVERTON,1,1,1,0,D,17,13,5,7,11,14,10,7,3,2,0,0,453,313,5,4,59.0,41.0,1557378.0
30/08/2026,Premier League,2026/2027,CHELSEA,BRIGHTON,4,3,3,1,H,17,15,6,6,6,12,4,7,1,3,0,0,227,647,4,1,26.0,74.0,1557379.0
29/08/2026,Premier League,2026/2027,COVENTRY,HULL CITY,0,1,0,0,A,11,6,3,2,11,8,6,2,1,4,0,0,584,271,1,3,69.0,31.0,1557380.0
28/08/2026,Premier League,2026/2027,CRYSTAL PALACE,MANCHESTER CITY,1,4,0,1,A,9,18,1,9,8,10,2,6,1,2,0,0,272,766,4,1,27.0,73.0,1557381.0
30/08/2026,Premier League,2026/2027,LEEDS,BRENTFORD,1,1,0,1,D,12,22,2,5,5,13,5,6,0,4,0,0,369,425,4,1,47.0,53.0,1557382.0
29/08/2026,Premier League,2026/2027,LIVERPOOL,NOTTINGHAM FOREST,2,2,0,1,D,13,12,4,3,13,10,3,5,4,2,0,0,625,281,1,2,69.0,31.0,1557383.0
30/08/2026,Premier League,2026/2027,MANCHESTER UNITED,IPSWICH,5,2,1,1,H,33,9,11,5,7,12,8,4,1,3,0,0,546,359,3,6,60.0,40.0,1557384.0
30/08/2026,Premier League,2026/2027,SUNDERLAND,FULHAM,1,0,0,0,H,12,11,4,0,10,15,3,4,0,2,0,0,390,560,0,3,41.0,59.0,1557385.0
29/08/2026,Premier League,2026/2027,TOTTENHAM,NEWCASTLE,0,2,0,0,A,17,11,6,2,15,9,9,7,1,2,0,0,498,373,0,4,58.0,42.0,1557386.0
07/08/2026,Jupiler Pro League,2026/2027,CLUB BRUGGE KV,KORTRIJK,3,0,1,0,H,20,9,8,3,6,10,6,1,1,1,0,0,774,271,2,5,74.0,26.0,1558581.0
09/08/2026,Jupiler Pro League,2026/2027,CHARLEROI,OH LEUVEN,3,1,1,1,H,24,12,10,3,7,13,6,2,1,2,0,1,496,341,2,6,58.0,42.0,1558582.0
08/08/2026,Jupiler Pro League,2026/2027,STANDARD LIEGE,CERCLE BRUGGE,2,2,1,1,D,20,18,6,2,9,13,7,11,1,1,0,0,487,368,0,2,56.0,44.0,1558583.0
08/08/2026,Jupiler Pro League,2026/2027,ST. TRUIDEN,LOMMEL UNITED,1,1,0,1,D,32,9,4,2,13,7,6,2,1,0,0,0,638,340,1,3,66.0,34.0,1558584.0
08/08/2026,Jupiler Pro League,2026/2027,KVC WESTERLO,UNION ST. GILLOISE,1,5,1,1,A,12,19,3,10,12,8,4,5,1,2,0,0,532,435,4,2,55.0,45.0,1558585.0
09/08/2026,Jupiler Pro League,2026/2027,GENT,KV MECHELEN,2,0,2,0,H,15,5,8,2,11,11,4,1,0,1,0,0,514,463,2,7,53.0,47.0,1558586.0
09/08/2026,Jupiler Pro League,2026/2027,ZULTE WAREGEM,GENK,2,1,0,1,H,11,10,5,3,13,16,6,3,1,4,0,0,351,595,2,3,38.0,62.0,1558587.0
09/08/2026,Jupiler Pro League,2026/2027,ANDERLECHT,RAAL LA LOUVIERE,2,1,0,0,H,32,5,7,2,12,12,10,1,2,3,0,1,686,239,1,5,74.0,26.0,1558588.0
09/08/2026,Jupiler Pro League,2026/2027,ANTWERP,SK BEVEREN,2,1,0,1,H,19,11,7,4,15,7,5,3,2,4,0,0,475,481,3,5,50.0,50.0,1558589.0
14/08/2026,Jupiler Pro League,2026/2027,CERCLE BRUGGE,ST. TRUIDEN,3,3,1,2,D,26,13,8,7,7,9,10,3,0,3,0,0,473,401,3,6,55.0,45.0,1558590.0
15/08/2026,Jupiler Pro League,2026/2027,UNION ST. GILLOISE,ZULTE WAREGEM,0,0,0,0,D,9,11,3,4,14,13,9,3,2,0,0,0,546,254,4,3,68.0,32.0,1558591.0
15/08/2026,Jupiler Pro League,2026/2027,KORTRIJK,ANTWERP,0,3,0,1,A,15,16,2,7,5,11,3,10,1,0,0,0,396,407,4,2,49.0,51.0,1558592.0
15/08/2026,Jupiler Pro League,2026/2027,GENK,KVC WESTERLO,3,2,2,2,H,22,12,7,2,15,14,8,4,3,3,0,0,408,419,1,4,51.0,49.0,1558593.0
15/08/2026,Jupiler Pro League,2026/2027,OH LEUVEN,CLUB BRUGGE KV,0,3,0,1,A,16,28,1,9,12,8,4,16,0,0,0,0,355,558,6,1,39.0,61.0,1558594.0
16/08/2026,Jupiler Pro League,2026/2027,SK BEVEREN,ANDERLECHT,1,0,1,0,H,10,16,3,6,9,15,1,12,0,1,0,0,374,571,8,1,39.0,61.0,1558595.0
16/08/2026,Jupiler Pro League,2026/2027,RAAL LA LOUVIERE,GENT,1,2,1,1,A,11,8,5,3,12,5,6,3,1,0,0,0,478,587,1,4,46.0,54.0,1558596.0
16/08/2026,Jupiler Pro League,2026/2027,KV MECHELEN,STANDARD LIEGE,3,3,1,2,D,19,16,4,7,8,17,5,2,0,3,0,0,435,403,4,1,53.0,47.0,1558597.0
16/08/2026,Jupiler Pro League,2026/2027,LOMMEL UNITED,CHARLEROI,0,1,0,0,A,8,23,0,5,8,7,2,12,1,0,0,0,430,517,3,1,44.0,56.0,1558598.0
21/08/2026,Jupiler Pro League,2026/2027,STANDARD LIEGE,RAAL LA LOUVIERE,2,0,0,0,H,11,13,4,5,11,15,5,1,1,3,0,1,566,310,5,2,64.0,36.0,1558599.0
22/08/2026,Jupiler Pro League,2026/2027,ZULTE WAREGEM,SK BEVEREN,4,0,2,0,H,17,10,7,3,7,13,1,6,0,3,0,0,391,642,3,3,38.0,62.0,1558600.0
22/08/2026,Jupiler Pro League,2026/2027,CHARLEROI,KV MECHELEN,2,0,1,0,H,12,5,4,0,8,15,3,2,0,0,0,0,575,385,0,2,60.0,40.0,1558601.0
22/08/2026,Jupiler Pro League,2026/2027,ANTWERP,GENK,4,4,1,1,D,10,11,1,7,14,9,4,4,0,1,0,0,310,395,3,0,45.0,55.0,1558602.0
23/08/2026,Jupiler Pro League,2026/2027,LOMMEL UNITED,KVC WESTERLO,4,0,2,0,H,13,17,6,4,5,10,5,4,0,0,0,0,400,524,4,2,44.0,56.0,1558605.0
23/08/2026,Jupiler Pro League,2026/2027,CLUB BRUGGE KV,CERCLE BRUGGE,1,0,1,0,H,15,11,4,4,3,14,9,4,0,1,0,0,775,191,4,3,80.0,20.0,1558606.0
28/08/2026,Jupiler Pro League,2026/2027,GENK,SK BEVEREN,4,0,3,0,H,11,12,7,1,6,4,2,7,0,1,0,0,443,453,1,3,48.0,52.0,1558608.0
29/08/2026,Jupiler Pro League,2026/2027,RAAL LA LOUVIÈRE,KV MECHELEN,2,2,2,1,D,14,16,5,7,10,8,1,6,2,2,0,0,290,567,5,3,34.0,66.0,1558609.0
29/08/2026,Jupiler Pro League,2026/2027,KORTRIJK,CHARLEROI,1,3,1,1,A,13,18,5,5,13,10,6,5,1,1,0,0,406,401,2,4,51.0,49.0,1558610.0
29/08/2026,Jupiler Pro League,2026/2027,CERCLE BRUGGE,LOMMEL UNITED,0,1,0,0,A,19,14,3,3,10,10,9,4,2,3,0,0,449,417,2,3,53.0,47.0,1558611.0
29/08/2026,Jupiler Pro League,2026/2027,OH LEUVEN,STANDARD LIEGE,1,2,0,1,A,22,5,3,3,7,8,6,3,2,2,0,0,581,348,1,2,63.0,37.0,1558612.0
30/08/2026,Jupiler Pro League,2026/2027,GENT,CLUB BRUGGE KV,2,1,1,1,H,13,8,8,3,14,10,1,5,4,3,1,1,404,674,2,6,38.0,62.0,1558613.0
30/08/2026,Jupiler Pro League,2026/2027,ANTWERP,ST. TRUIDEN,1,4,0,1,A,18,19,8,7,15,8,6,1,1,3,0,0,443,328,2,7,58.0,42.0,1558614.0
30/08/2026,Jupiler Pro League,2026/2027,UNION ST. GILLOISE,ANDERLECHT,3,0,2,0,H,15,12,7,2,11,14,4,3,2,2,0,0,383,454,2,4,46.0,54.0,1558615.0
30/08/2026,Jupiler Pro League,2026/2027,KVC WESTERLO,ZULTE WAREGEM,2,2,1,1,D,16,14,7,5,18,12,3,8,1,0,0,0,461,376,3,5,54.0,46.0,1558616.0
21/08/2026,Challenger Pro League Belgica 2da,2026/2027,LOKEREN-TEMSE,AS EUPEN,2,1,1,0,H,15,16,7,4,17,14,5,8,3,4,0,1,377,345,4,5,51.0,49.0,1559135.0
29/08/2026,Challenger Pro League Belgica 2da,2026/2027,RSC ANDERLECHT II,BEERSCHOT VA,0,1,0,1,A,17,10,3,6,20,8,10,5,5,2,0,1,440,367,6,3,53.0,47.0,1559143.0
29/08/2026,Challenger Pro League Belgica 2da,2026/2027,LIÈGE,DENDER,1,2,1,1,A,8,15,2,7,11,19,4,9,1,2,0,0,550,373,5,1,58.0,42.0,1559144.0
29/08/2026,Challenger Pro League Belgica 2da,2026/2027,PATRO EISDEN,CLUB BRUGGE II,1,2,0,1,A,10,7,3,3,17,14,2,1,1,3,0,0,248,618,1,2,29.0,71.0,1559145.0
26/07/2026,NB I Hungria,2026/2027,DEBRECENI VSC,PUSKAS ACADEMY,0,2,0,2,A,20,10,4,4,11,11,7,4,2,4,0,1,441,301,2,2,60.0,40.0,1560201.0
25/07/2026,NB I Hungria,2026/2027,KISVARDA FC,BUDAPEST HONVED,1,1,0,0,D,15,16,3,4,11,7,1,7,0,2,0,0,264,566,3,2,32.0,68.0,1560202.0
27/07/2026,NB I Hungria,2026/2027,MTK BUDAPEST,ZALAEGERSZEGI TE,3,0,1,0,H,15,12,6,4,10,17,1,5,0,2,0,0,517,578,4,3,47.0,53.0,1560203.0
26/07/2026,NB I Hungria,2026/2027,PAKS,FERENCVAROSI TC,4,2,2,2,H,17,12,7,5,18,17,7,2,3,0,0,0,291,468,3,3,39.0,61.0,1560205.0
26/07/2026,NB I Hungria,2026/2027,VASAS,GYORI ETO FC,2,2,0,0,D,10,12,2,3,14,7,2,3,0,4,1,0,240,392,2,1,36.0,64.0,1560206.0
01/08/2026,NB I Hungria,2026/2027,BUDAPEST HONVED,MTK BUDAPEST,3,3,2,1,D,16,11,5,5,14,14,4,3,1,2,1,0,340,446,2,2,43.0,57.0,1560209.0
31/07/2026,NB I Hungria,2026/2027,PUSKAS ACADEMY,KISVARDA FC,0,2,0,1,A,14,16,4,6,12,14,7,5,1,2,1,0,503,305,4,3,62.0,38.0,1560210.0
02/08/2026,NB I Hungria,2026/2027,UJPEST,DEBRECENI VSC,4,2,2,1,H,18,16,8,5,14,16,6,11,1,5,0,0,243,318,4,4,43.0,57.0,1560211.0
03/08/2026,NB I Hungria,2026/2027,ZALAEGERSZEGI TE,PAKS,5,2,3,2,H,13,13,9,4,13,11,3,7,3,3,0,0,330,498,2,4,39.0,61.0,1560212.0
08/08/2026,NB I Hungria,2026/2027,KISVARDA FC,UJPEST,2,4,1,2,A,10,17,2,8,20,13,6,4,2,0,0,0,311,400,7,0,45.0,55.0,1560215.0
07/08/2026,NB I Hungria,2026/2027,MTK BUDAPEST,PUSKAS ACADEMY,2,3,0,2,A,17,18,9,7,10,20,8,4,2,4,0,0,552,405,4,7,58.0,42.0,1560216.0
09/08/2026,NB I Hungria,2026/2027,PAKS,BUDAPEST HONVED,2,2,0,0,D,18,14,6,7,12,12,4,4,1,2,0,0,417,377,5,4,53.0,47.0,1560217.0
16/08/2026,NB I Hungria,2026/2027,DEBRECENI VSC,GYORI ETO FC,1,1,0,1,D,21,11,6,1,14,9,13,5,3,2,0,0,337,437,0,5,45.0,55.0,1560219.0
16/08/2026,NB I Hungria,2026/2027,PUSKAS ACADEMY,PAKS,3,2,2,1,H,14,16,5,5,14,8,2,7,2,0,0,0,354,415,3,2,45.0,55.0,1560222.0
17/08/2026,NB I Hungria,2026/2027,ZALAEGERSZEGI TE,FERENCVAROSI TC,0,1,0,1,A,9,12,5,4,12,12,2,1,2,2,0,0,442,421,3,5,51.0,49.0,1560224.0
23/08/2026,NB I Hungria,2026/2027,GYORI ETO FC,ZALAEGERSZEGI TE,3,0,1,0,H,10,24,6,6,13,10,2,7,3,4,0,0,450,447,6,2,50.0,50.0,1560226.0
23/08/2026,NB I Hungria,2026/2027,KISVARDA FC,DEBRECENI VSC,0,0,0,0,D,22,10,3,2,13,12,9,6,4,0,1,1,294,297,2,3,50.0,50.0,1560227.0
21/08/2026,NB I Hungria,2026/2027,PAKS,UJPEST,2,0,2,0,H,19,22,9,5,18,11,6,1,3,0,1,0,291,415,5,6,43.0,57.0,1560229.0
28/08/2026,NB I Hungria,2026/2027,DEBRECENI VSC,MTK BUDAPEST,2,2,1,2,D,21,14,8,7,11,7,15,3,3,3,0,0,407,263,5,5,62.0,38.0,1560231.0
29/08/2026,NB I Hungria,2026/2027,BUDAPEST HONVED,ZALAEGERSZEGI TE,1,0,1,0,H,16,10,5,0,6,8,5,6,0,1,0,0,421,421,0,3,50.0,50.0,1560232.0
30/08/2026,NB I Hungria,2026/2027,KISVARDA FC,GYORI ETO FC,1,1,1,1,D,18,10,3,2,16,12,8,3,2,4,0,0,334,422,1,2,45.0,55.0,1560233.0
29/08/2026,NB I Hungria,2026/2027,NYIREGYHAZA,PAKS,1,1,0,0,D,21,11,4,5,15,17,6,5,3,3,0,0,422,308,4,3,51.0,49.0,1560234.0
30/08/2026,NB I Hungria,2026/2027,PUSKAS ACADEMY,FERENCVAROSI TC,1,2,0,0,A,6,16,3,6,15,14,2,5,2,3,0,0,323,522,4,2,38.0,62.0,1560235.0
29/08/2026,NB I Hungria,2026/2027,UJPEST,VASAS,3,1,0,0,H,13,15,7,3,13,12,3,1,2,1,0,0,519,521,2,4,50.0,50.0,1560236.0
31/07/2026,Bundesliga Austria,2026/2027,LASK LINZ,GRAZER AK,3,0,2,0,H,23,4,10,1,12,13,6,2,0,2,0,0,551,387,1,7,59.0,41.0,1561894.0
01/08/2026,Bundesliga Austria,2026/2027,WSG WATTENS,STURM GRAZ,1,1,1,1,D,8,15,1,6,11,14,1,6,1,4,0,0,308,410,5,0,42.0,58.0,1561895.0
01/08/2026,Bundesliga Austria,2026/2027,RED BULL SALZBURG,TSV HARTBERG,1,0,0,0,H,36,4,7,1,3,9,19,2,0,0,0,0,652,254,1,6,73.0,27.0,1561896.0
02/08/2026,Bundesliga Austria,2026/2027,AUSTRIA LUSTENAU,RIED,1,1,1,1,D,13,24,4,7,8,14,4,9,2,2,0,0,297,426,5,3,41.0,59.0,1561897.0
02/08/2026,Bundesliga Austria,2026/2027,WOLFSBERGER AC,AUSTRIA VIENNA,3,0,1,0,H,8,7,5,1,10,10,5,3,1,1,0,0,390,426,1,2,47.0,53.0,1561898.0
02/08/2026,Bundesliga Austria,2026/2027,RAPID VIENNA,SCR ALTACH,1,0,1,0,H,18,6,4,2,9,13,6,5,0,2,0,0,576,455,2,3,56.0,44.0,1561899.0
07/08/2026,Bundesliga Austria,2026/2027,SCR ALTACH,WSG WATTENS,3,1,1,1,H,13,10,5,2,12,8,3,5,1,1,0,0,449,378,1,3,54.0,46.0,1561900.0
08/08/2026,Bundesliga Austria,2026/2027,GRAZER AK,AUSTRIA LUSTENAU,2,1,1,0,H,12,16,6,3,12,5,5,6,1,2,0,0,453,346,2,4,56.0,44.0,1561901.0
08/08/2026,Bundesliga Austria,2026/2027,TSV HARTBERG,STURM GRAZ,0,2,0,0,A,6,20,2,5,15,10,3,9,2,1,1,0,334,378,4,2,46.0,54.0,1561902.0
09/08/2026,Bundesliga Austria,2026/2027,RIED,RAPID VIENNA,1,2,0,1,A,18,12,9,3,11,5,3,4,1,1,0,0,431,508,1,8,46.0,54.0,1561903.0
09/08/2026,Bundesliga Austria,2026/2027,WOLFSBERGER AC,RED BULL SALZBURG,1,1,0,0,D,11,18,1,10,19,2,4,8,5,1,0,0,245,524,9,0,33.0,67.0,1561904.0
09/08/2026,Bundesliga Austria,2026/2027,AUSTRIA VIENNA,LASK LINZ,0,2,0,0,A,6,21,1,6,13,10,2,11,2,2,1,0,358,468,5,1,43.0,57.0,1561905.0
14/08/2026,Bundesliga Austria,2026/2027,LASK LINZ,RIED,4,1,3,1,H,15,6,8,2,6,14,6,0,0,3,1,0,399,395,1,4,50.0,50.0,1561906.0
15/08/2026,Bundesliga Austria,2026/2027,AUSTRIA LUSTENAU,WOLFSBERGER AC,2,1,2,1,H,20,14,6,4,11,11,6,4,2,1,0,0,297,505,3,4,37.0,63.0,1561907.0
15/08/2026,Bundesliga Austria,2026/2027,STURM GRAZ,SCR ALTACH,1,0,0,0,H,17,10,2,4,6,8,12,7,0,2,0,0,343,319,4,1,53.0,47.0,1561908.0
16/08/2026,Bundesliga Austria,2026/2027,TSV HARTBERG,AUSTRIA VIENNA,0,2,0,1,A,12,13,3,4,12,9,8,4,2,1,0,0,488,391,2,3,56.0,44.0,1561909.0
16/08/2026,Bundesliga Austria,2026/2027,WSG WATTENS,RED BULL SALZBURG,0,3,0,2,A,14,22,5,12,9,8,2,7,3,0,0,0,390,627,9,4,39.0,61.0,1561910.0
16/08/2026,Bundesliga Austria,2026/2027,RAPID VIENNA,GRAZER AK,8,0,5,0,H,28,9,17,2,5,19,8,1,0,4,0,0,782,292,2,8,72.0,28.0,1561911.0
21/08/2026,Bundesliga Austria,2026/2027,RIED,GRAZER AK,1,0,1,0,H,17,15,3,3,15,10,7,4,3,4,0,0,392,461,3,2,46.0,54.0,1561912.0
22/08/2026,Bundesliga Austria,2026/2027,SCR ALTACH,TSV HARTBERG,1,2,0,1,A,18,11,5,5,5,11,11,2,0,3,0,0,517,375,3,4,59.0,41.0,1561913.0
22/08/2026,Bundesliga Austria,2026/2027,STURM GRAZ,AUSTRIA LUSTENAU,1,1,0,1,D,13,17,4,6,10,10,10,8,3,3,0,1,459,261,5,2,63.0,37.0,1561914.0
28/08/2026,Bundesliga Austria,2026/2027,AUSTRIA LUSTENAU,WSG WATTENS,0,4,0,1,A,8,14,2,6,12,9,8,12,2,1,0,0,406,390,2,2,52.0,48.0,1561918.0
29/08/2026,Bundesliga Austria,2026/2027,GRAZER AK,WOLFSBERGER AC,0,0,0,0,D,27,5,7,1,14,12,11,4,3,3,0,1,491,225,1,6,70.0,30.0,1561919.0
29/08/2026,Bundesliga Austria,2026/2027,LASK LINZ,SCR ALTACH,3,0,2,0,H,21,7,10,2,9,15,4,0,2,4,0,0,527,388,2,7,58.0,42.0,1561920.0
30/08/2026,Bundesliga Austria,2026/2027,TSV HARTBERG,RIED,3,2,2,1,H,14,17,5,4,12,7,3,4,1,2,0,0,339,477,2,2,41.0,59.0,1561921.0
30/08/2026,Bundesliga Austria,2026/2027,RAPID VIENNA,STURM GRAZ,3,1,2,1,H,16,19,6,5,5,11,6,4,2,3,0,1,444,360,4,3,55.0,45.0,1561922.0
30/08/2026,Bundesliga Austria,2026/2027,RED BULL SALZBURG,AUSTRIA VIENNA,4,1,3,0,H,12,8,5,3,3,7,7,4,1,1,0,0,806,331,2,2,70.0,30.0,1561923.0
15/08/2026,Championship,2026/2027,BOLTON,PRESTON,2,1,2,0,H,15,10,6,3,12,11,5,2,2,3,0,0,402,330,2,3,55.0,45.0,1563084.0
15/08/2026,Championship,2026/2027,BRISTOL CITY,MILLWALL,0,2,0,1,A,8,24,0,3,8,12,6,6,2,2,1,0,263,513,2,0,34.0,66.0,1563085.0
15/08/2026,Championship,2026/2027,MIDDLESBROUGH,LINCOLN,2,1,0,1,H,23,10,7,2,12,12,5,5,0,2,0,0,629,185,0,5,76.0,24.0,1563087.0
15/08/2026,Championship,2026/2027,PORTSMOUTH,QPR,1,3,1,3,A,17,13,6,6,9,13,6,3,0,1,0,0,413,357,3,5,54.0,46.0,1563089.0
15/08/2026,Championship,2026/2027,SHEFFIELD UTD,BIRMINGHAM,0,0,0,0,D,3,10,1,2,12,12,2,8,0,0,0,0,307,366,2,1,45.0,55.0,1563091.0
16/08/2026,Championship,2026/2027,WATFORD,SOUTHAMPTON,2,1,2,0,H,16,17,3,3,12,9,4,8,6,3,0,0,266,514,2,1,34.0,66.0,1563092.0
17/08/2026,Championship,2026/2027,CARDIFF,WREXHAM,1,1,0,1,D,11,18,3,8,9,13,9,9,1,2,0,0,541,261,7,2,67.0,33.0,1563094.0
22/08/2026,Championship,2026/2027,LINCOLN,PORTSMOUTH,1,3,1,2,A,15,13,5,7,17,15,8,3,3,1,0,0,219,369,4,4,39.0,61.0,1563098.0
22/08/2026,Championship,2026/2027,SOUTHAMPTON,STOKE CITY,3,1,1,1,H,17,14,5,2,10,21,4,2,3,5,0,1,475,326,1,2,58.0,42.0,1563102.0
23/08/2026,Championship,2026/2027,WEST BROM,BURNLEY,3,1,1,1,H,11,11,7,3,8,13,3,5,1,2,0,0,508,479,3,4,51.0,49.0,1563104.0
29/08/2026,Championship,2026/2027,BLACKBURN,QPR,1,2,0,0,A,12,19,2,6,12,6,3,3,3,2,0,0,521,439,4,1,55.0,45.0,1563107.0
29/08/2026,Championship,2026/2027,BOLTON,LINCOLN,0,1,0,0,A,20,8,6,2,6,15,14,2,0,3,0,0,541,250,1,7,69.0,31.0,1563108.0
29/08/2026,Championship,2026/2027,BRISTOL CITY,PORTSMOUTH,2,1,1,0,H,9,14,3,1,15,5,3,10,3,0,0,0,321,370,1,1,46.0,54.0,1563109.0
29/08/2026,Championship,2026/2027,CARDIFF,SHEFFIELD UTD,2,2,2,2,D,28,6,10,4,12,12,12,2,2,2,0,0,513,259,2,8,67.0,33.0,1563110.0
29/08/2026,Championship,2026/2027,CHARLTON,PRESTON,1,0,0,0,H,15,12,2,1,10,21,7,4,1,1,0,0,427,311,1,1,57.0,43.0,1563111.0
29/08/2026,Championship,2026/2027,NORWICH,BURNLEY,4,1,3,1,H,20,16,6,4,14,5,3,5,4,3,0,1,319,554,3,2,37.0,63.0,1563114.0
29/08/2026,Championship,2026/2027,SOUTHAMPTON,MILLWALL,5,1,2,1,H,21,14,7,5,6,10,8,11,2,1,0,0,418,377,4,2,52.0,48.0,1563115.0
29/08/2026,Championship,2026/2027,WATFORD,WEST HAM,1,1,1,1,D,15,13,4,1,9,7,3,11,3,1,0,0,302,498,1,3,38.0,62.0,1563116.0
20/07/2026,Liga I Rumania,2026/2027,CORVINUL HUNEDOARA,CSIKSZEREDA,3,0,0,0,H,22,11,7,5,15,16,2,4,0,0,0,0,519,336,5,4,61.0,39.0,1565183.0
20/07/2026,Liga I Rumania,2026/2027,RAPID,SEPSI OSK SFANTU GHEORGHE,1,0,0,0,H,29,5,7,1,10,11,12,2,3,2,0,1,556,292,1,5,67.0,33.0,1565184.0
17/07/2026,Liga I Rumania,2026/2027,FCSB,ARGES PITESTI,2,0,2,0,H,12,21,5,6,9,16,7,5,2,1,0,0,325,420,6,3,44.0,56.0,1565185.0
17/07/2026,Liga I Rumania,2026/2027,FC VOLUNTARI,FC BOTOSANI,2,2,1,1,D,20,11,6,3,8,12,5,1,0,0,0,0,388,399,0,5,50.0,50.0,1565186.0
18/07/2026,Liga I Rumania,2026/2027,OŢELUL,CFR 1907 CLUJ,2,1,1,0,H,15,15,6,4,10,9,6,4,0,1,0,0,373,464,3,3,45.0,55.0,1565187.0
19/07/2026,Liga I Rumania,2026/2027,PETROLUL PLOIESTI,DINAMO BUCURESTI,1,0,1,0,H,8,22,3,3,11,11,3,6,4,3,0,0,241,503,3,2,32.0,68.0,1565188.0
19/07/2026,Liga I Rumania,2026/2027,UNIVERSITATEA CLUJ,FARUL CONSTANTA,2,1,1,0,H,12,22,2,4,8,12,2,4,1,3,0,0,492,540,3,0,48.0,52.0,1565189.0
18/07/2026,Liga I Rumania,2026/2027,UNIVERSITATEA CRAIOVA,UTA ARAD,4,0,0,0,H,13,8,4,2,7,11,4,2,3,1,0,0,595,313,2,1,66.0,34.0,1565190.0
27/07/2026,Liga I Rumania,2026/2027,CFR 1907 CLUJ,FC VOLUNTARI,5,0,3,0,H,21,9,10,1,14,8,10,0,1,0,0,1,696,298,1,5,70.0,30.0,1565191.0
26/07/2026,Liga I Rumania,2026/2027,CSIKSZEREDA,FCSB,0,2,0,2,A,9,22,2,12,16,11,3,8,3,2,0,0,487,424,10,2,54.0,46.0,1565192.0
25/07/2026,Liga I Rumania,2026/2027,DINAMO BUCURESTI,UNIVERSITATEA CRAIOVA,5,1,2,0,H,18,9,7,5,12,9,8,1,2,1,0,1,369,425,4,2,47.0,53.0,1565193.0
25/07/2026,Liga I Rumania,2026/2027,FARUL CONSTANTA,CORVINUL HUNEDOARA,2,0,0,0,H,20,8,10,1,9,11,6,4,2,2,0,1,526,296,1,8,64.0,36.0,1565194.0
24/07/2026,Liga I Rumania,2026/2027,ARGES PITESTI,PETROLUL PLOIESTI,1,0,1,0,H,9,15,3,3,21,14,4,6,4,6,1,0,288,481,3,2,37.0,63.0,1565195.0
27/07/2026,Liga I Rumania,2026/2027,FC BOTOSANI,RAPID,1,1,0,1,D,12,13,5,5,6,22,5,4,5,6,0,1,478,347,4,4,58.0,42.0,1565196.0
26/07/2026,Liga I Rumania,2026/2027,SEPSI OSK SFANTU GHEORGHE,UNIVERSITATEA CLUJ,1,0,1,0,H,13,14,9,3,9,11,3,5,0,3,0,0,466,445,3,8,50.0,50.0,1565197.0
24/07/2026,Liga I Rumania,2026/2027,UTA ARAD,OŢELUL,2,2,0,2,D,24,5,9,3,13,22,7,4,2,2,1,0,435,330,1,7,58.0,42.0,1565198.0
02/08/2026,Liga I Rumania,2026/2027,CORVINUL HUNEDOARA,SEPSI OSK SFANTU GHEORGHE,1,1,1,1,D,16,13,4,3,13,10,3,2,0,3,0,0,413,527,2,3,45.0,55.0,1565199.0
31/07/2026,Liga I Rumania,2026/2027,ARGES PITESTI,CSIKSZEREDA,1,0,0,0,H,15,1,6,1,12,15,3,2,2,5,0,0,356,378,1,5,49.0,51.0,1565200.0
02/08/2026,Liga I Rumania,2026/2027,RAPID,CFR 1907 CLUJ,3,1,3,0,H,11,25,7,6,9,9,8,10,1,2,0,0,345,557,5,4,39.0,61.0,1565201.0
03/08/2026,Liga I Rumania,2026/2027,FCSB,FARUL CONSTANTA,2,2,0,2,D,21,16,6,6,9,16,5,3,4,2,0,0,579,288,4,4,67.0,33.0,1565202.0
01/08/2026,Liga I Rumania,2026/2027,FC VOLUNTARI,UTA ARAD,1,0,0,0,H,9,18,3,1,10,14,2,3,2,2,0,0,316,519,0,2,37.0,63.0,1565203.0
31/07/2026,Liga I Rumania,2026/2027,OŢELUL,DINAMO BUCURESTI,1,1,0,1,D,6,12,3,4,12,16,3,4,0,3,0,0,431,441,3,2,49.0,51.0,1565204.0
03/08/2026,Liga I Rumania,2026/2027,UNIVERSITATEA CLUJ,FC BOTOSANI,2,1,0,1,H,18,14,6,4,13,11,7,2,3,2,0,0,468,355,3,4,58.0,42.0,1565205.0
01/08/2026,Liga I Rumania,2026/2027,UNIVERSITATEA CRAIOVA,PETROLUL PLOIESTI,4,0,2,0,H,26,8,11,2,15,9,4,2,1,2,0,0,578,345,2,7,62.0,38.0,1565206.0
08/08/2026,Liga I Rumania,2026/2027,DINAMO BUCURESTI,FC VOLUNTARI,4,0,1,0,H,22,5,6,2,9,6,3,3,1,2,0,0,550,334,2,2,62.0,38.0,1565208.0
08/08/2026,Liga I Rumania,2026/2027,FARUL CONSTANTA,CSIKSZEREDA,3,2,3,1,H,11,3,6,2,10,16,1,3,1,5,0,0,588,479,0,3,54.0,46.0,1565209.0
10/08/2026,Liga I Rumania,2026/2027,FC BOTOSANI,CORVINUL HUNEDOARA,0,0,0,0,D,19,16,2,3,12,13,10,3,2,5,0,1,379,308,3,2,55.0,45.0,1565210.0
09/08/2026,Liga I Rumania,2026/2027,PETROLUL PLOIESTI,OŢELUL,1,0,1,0,H,10,8,3,1,14,12,4,5,3,2,0,1,251,463,1,2,35.0,65.0,1565211.0
10/08/2026,Liga I Rumania,2026/2027,SEPSI OSK SFANTU GHEORGHE,FCSB,0,0,0,0,D,14,14,2,5,13,12,8,5,2,3,0,0,317,517,5,2,38.0,62.0,1565212.0
09/08/2026,Liga I Rumania,2026/2027,UNIVERSITATEA CRAIOVA,ARGES PITESTI,0,1,0,1,A,27,11,4,1,12,9,12,1,3,3,0,0,615,162,0,4,80.0,20.0,1565213.0
07/08/2026,Liga I Rumania,2026/2027,UTA ARAD,RAPID,0,0,0,0,D,9,10,1,4,10,15,4,8,4,3,0,0,307,596,4,1,34.0,66.0,1565214.0
16/08/2026,Liga I Rumania,2026/2027,CORVINUL HUNEDOARA,CFR 1907 CLUJ,3,0,1,0,H,22,9,8,1,8,6,8,0,1,0,0,0,405,495,1,5,46.0,54.0,1565215.0
15/08/2026,Liga I Rumania,2026/2027,CSIKSZEREDA,SEPSI OSK SFANTU GHEORGHE,0,0,0,0,D,11,12,3,4,15,13,3,6,2,2,0,0,269,543,4,3,34.0,66.0,1565216.0
14/08/2026,Liga I Rumania,2026/2027,ARGES PITESTI,FARUL CONSTANTA,1,1,1,1,D,13,8,4,4,8,9,3,2,1,1,0,0,507,416,3,3,55.0,45.0,1565217.0
15/08/2026,Liga I Rumania,2026/2027,RAPID,DINAMO BUCURESTI,0,1,0,0,A,13,12,5,1,16,10,7,3,1,2,0,0,373,469,1,5,45.0,55.0,1565218.0
17/08/2026,Liga I Rumania,2026/2027,FCSB,FC BOTOSANI,3,2,1,1,H,22,12,8,3,11,14,13,5,2,4,0,0,435,299,1,4,60.0,40.0,1565219.0
14/08/2026,Liga I Rumania,2026/2027,FC VOLUNTARI,PETROLUL PLOIESTI,1,2,1,1,A,16,19,5,5,17,11,3,3,5,3,0,0,471,388,3,4,55.0,45.0,1565220.0
16/08/2026,Liga I Rumania,2026/2027,OŢELUL,UNIVERSITATEA CRAIOVA,1,1,0,0,D,12,12,2,2,11,14,4,1,2,6,0,1,477,263,1,2,65.0,35.0,1565221.0
17/08/2026,Liga I Rumania,2026/2027,UNIVERSITATEA CLUJ,UTA ARAD,2,1,1,0,H,13,20,6,6,15,18,4,7,1,2,1,0,463,323,5,4,57.0,43.0,1565222.0
23/08/2026,Liga I Rumania,2026/2027,CFR 1907 CLUJ,FCSB,1,0,0,0,H,7,18,2,5,12,16,3,3,2,2,0,0,265,512,5,1,34.0,66.0,1565223.0
22/08/2026,Liga I Rumania,2026/2027,DINAMO BUCURESTI,UNIVERSITATEA CLUJ,2,1,1,0,H,11,19,4,4,11,13,5,4,6,5,1,0,369,462,3,2,44.0,56.0,1565224.0
24/08/2026,Liga I Rumania,2026/2027,FC BOTOSANI,CSIKSZEREDA,1,0,0,0,H,21,12,7,5,18,18,10,1,3,4,0,1,551,215,5,6,71.0,29.0,1565225.0
24/08/2026,Liga I Rumania,2026/2027,OŢELUL,ARGES PITESTI,1,0,0,0,H,17,12,5,2,5,12,2,3,2,2,0,0,463,266,2,4,62.0,38.0,1565226.0
21/08/2026,Liga I Rumania,2026/2027,PETROLUL PLOIESTI,RAPID,0,2,0,0,A,19,15,5,4,8,10,7,2,0,3,0,0,403,344,2,5,55.0,45.0,1565227.0
23/08/2026,Liga I Rumania,2026/2027,SEPSI OSK SFANTU GHEORGHE,FARUL CONSTANTA,1,1,0,0,D,15,13,4,4,10,11,6,9,2,3,0,0,575,408,3,3,58.0,42.0,1565228.0
23/08/2026,Liga I Rumania,2026/2027,UNIVERSITATEA CRAIOVA,FC VOLUNTARI,3,1,1,0,H,24,3,11,1,9,8,8,1,2,2,0,0,645,318,0,8,67.0,33.0,1565229.0
22/08/2026,Liga I Rumania,2026/2027,UTA ARAD,CORVINUL HUNEDOARA,0,0,0,0,D,17,10,1,1,19,18,4,3,5,1,0,0,348,279,1,1,56.0,44.0,1565230.0
29/08/2026,Liga I Rumania,2026/2027,CORVINUL HUNEDOARA,DINAMO BUCURESTI,1,1,1,0,D,12,24,4,6,11,7,3,6,2,3,0,0,263,565,5,3,33.0,67.0,1565231.0
29/08/2026,Liga I Rumania,2026/2027,CSIKSZEREDA,CFR 1907 CLUJ,2,3,1,2,A,12,14,6,8,12,17,4,2,1,2,0,0,321,436,5,4,42.0,58.0,1565232.0
30/08/2026,Liga I Rumania,2026/2027,FARUL CONSTANTA,FC BOTOSANI,0,0,0,0,D,17,14,6,1,10,15,6,5,2,5,0,0,395,423,1,6,48.0,52.0,1565233.0
29/08/2026,Liga I Rumania,2026/2027,ARGES PITESTI,SEPSI OSK SFANTU GHEORGHE,0,1,0,0,A,16,7,2,2,15,11,8,1,3,1,0,0,402,363,1,2,54.0,46.0,1565234.0
31/08/2026,Liga I Rumania,2026/2027,RAPID,UNIVERSITATEA CRAIOVA,1,1,0,1,D,15,21,6,6,7,10,3,3,4,3,0,0,418,502,5,5,45.0,55.0,1565235.0
30/08/2026,Liga I Rumania,2026/2027,FCSB,UTA ARAD,1,3,0,1,A,18,8,6,5,8,16,5,4,0,2,0,0,473,293,2,5,62.0,38.0,1565236.0
28/08/2026,Liga I Rumania,2026/2027,FC VOLUNTARI,OŢELUL,2,2,2,1,D,18,15,7,3,8,16,7,8,1,0,0,0,369,509,2,5,42.0,58.0,1565237.0
28/08/2026,Liga I Rumania,2026/2027,UNIVERSITATEA CLUJ,PETROLUL PLOIESTI,2,3,1,2,A,23,11,9,8,10,10,10,4,2,2,0,0,544,238,5,7,70.0,30.0,1565238.0
17/08/2026,LaLiga Hypermotion,2026/2027,ALMERIA,ELDENSE,3,0,3,0,H,15,11,5,3,7,12,7,8,1,3,0,0,579,432,3,2,57.0,43.0,1569871.0
15/08/2026,LaLiga Hypermotion,2026/2027,FC ANDORRA,AD CEUTA FC,5,1,1,0,H,25,5,11,1,22,8,2,2,3,1,0,0,514,296,0,6,63.0,37.0,1569872.0
16/08/2026,LaLiga Hypermotion,2026/2027,BURGOS,CORDOBA,3,2,2,2,H,13,20,5,8,14,11,1,7,1,3,0,0,297,411,6,2,41.0,59.0,1569873.0
15/08/2026,LaLiga Hypermotion,2026/2027,CADIZ,CELTA DE VIGO II,0,0,0,0,D,17,5,3,5,14,21,6,2,4,3,0,0,513,390,5,3,57.0,43.0,1569874.0
16/08/2026,LaLiga Hypermotion,2026/2027,EIBAR,TENERIFE,1,3,1,2,A,16,7,5,4,12,14,7,3,0,1,0,0,574,314,1,4,65.0,35.0,1569875.0
17/08/2026,LaLiga Hypermotion,2026/2027,SPORTING GIJON,SABADELL,0,0,0,0,D,8,15,5,2,7,20,1,8,1,3,0,0,454,344,2,5,56.0,44.0,1569876.0
16/08/2026,LaLiga Hypermotion,2026/2027,GIRONA,LEGANES,1,1,0,0,D,27,5,7,3,6,16,9,0,2,3,0,0,640,308,2,6,69.0,31.0,1569877.0
16/08/2026,LaLiga Hypermotion,2026/2027,LAS PALMAS,ALBACETE,2,1,1,0,H,12,12,4,4,6,16,3,6,1,2,0,0,586,278,3,2,66.0,34.0,1569878.0
15/08/2026,LaLiga Hypermotion,2026/2027,MALLORCA,VALLADOLID,2,0,0,0,H,7,12,3,1,14,12,3,3,2,2,0,0,469,514,1,1,48.0,52.0,1569879.0
15/08/2026,LaLiga Hypermotion,2026/2027,OVIEDO,GRANADA CF,0,0,0,0,D,9,10,3,3,17,13,3,2,2,3,0,0,503,320,3,2,61.0,39.0,1569880.0
14/08/2026,LaLiga Hypermotion,2026/2027,REAL SOCIEDAD II,CASTELLON,0,1,0,1,A,4,13,1,5,22,21,5,8,2,4,0,0,345,516,4,1,41.0,59.0,1569881.0
22/08/2026,LaLiga Hypermotion,2026/2027,ALBACETE,REAL SOCIEDAD II,1,2,0,2,A,17,12,7,6,7,11,5,6,2,1,0,0,542,316,4,6,64.0,36.0,1569882.0
23/08/2026,LaLiga Hypermotion,2026/2027,CASTELLON,SABADELL,0,0,0,0,D,8,11,1,1,9,13,5,3,2,5,0,0,600,254,0,1,70.0,30.0,1569883.0
24/08/2026,LaLiga Hypermotion,2026/2027,CELTA DE VIGO II,FC ANDORRA,4,2,0,0,H,10,17,7,5,13,18,4,4,4,3,0,0,310,560,3,3,36.0,64.0,1569884.0
22/08/2026,LaLiga Hypermotion,2026/2027,AD CEUTA FC,LAS PALMAS,0,2,0,1,A,18,9,4,4,18,15,6,4,2,0,0,0,418,376,2,4,53.0,47.0,1569885.0
21/08/2026,LaLiga Hypermotion,2026/2027,CORDOBA,GIRONA,2,1,2,0,H,11,10,3,3,23,10,2,3,4,5,0,0,376,469,2,1,45.0,55.0,1569886.0
23/08/2026,LaLiga Hypermotion,2026/2027,EIBAR,VALLADOLID,1,0,0,0,H,12,11,3,4,8,13,5,5,3,4,0,0,426,571,4,2,42.0,58.0,1569887.0
22/08/2026,LaLiga Hypermotion,2026/2027,ELDENSE,CADIZ,2,2,0,0,D,3,0,2,0,4,8,4,1,0,1,0,0,214,204,0,2,52.0,48.0,1569888.0
23/08/2026,LaLiga Hypermotion,2026/2027,SPORTING GIJON,BURGOS,1,0,1,0,H,10,7,5,1,15,12,4,4,0,2,0,0,423,554,1,4,44.0,56.0,1569889.0
24/08/2026,LaLiga Hypermotion,2026/2027,GRANADA CF,MALLORCA,2,0,1,0,H,14,18,6,4,8,14,7,1,1,3,0,0,296,478,4,5,39.0,61.0,1569890.0
22/08/2026,LaLiga Hypermotion,2026/2027,OVIEDO,LEGANES,0,1,0,1,A,24,5,5,2,16,7,9,2,3,0,0,1,573,260,1,4,70.0,30.0,1569891.0
23/08/2026,LaLiga Hypermotion,2026/2027,TENERIFE,ALMERIA,1,0,1,0,H,15,9,2,1,14,8,5,7,2,0,0,0,343,544,1,1,39.0,61.0,1569892.0
29/08/2026,LaLiga Hypermotion,2026/2027,ALBACETE,OVIEDO,0,1,0,1,A,10,9,2,5,10,14,8,5,3,3,0,0,502,303,4,2,63.0,37.0,1569893.0
30/08/2026,LaLiga Hypermotion,2026/2027,FC ANDORRA,EIBAR,0,1,0,0,A,28,4,5,1,11,5,6,2,1,0,0,1,711,196,0,5,78.0,22.0,1569894.0
31/08/2026,LaLiga Hypermotion,2026/2027,BURGOS,REAL SOCIEDAD II,2,2,1,1,D,12,15,4,5,13,18,6,4,1,2,0,0,467,404,3,2,54.0,46.0,1569895.0
30/08/2026,LaLiga Hypermotion,2026/2027,CADIZ,VALLADOLID,1,1,1,1,D,10,14,2,6,16,12,4,6,4,4,0,0,484,457,6,1,51.0,49.0,1569896.0
31/08/2026,LaLiga Hypermotion,2026/2027,CELTA DE VIGO II,CASTELLÓN,1,2,0,1,A,12,13,4,5,11,10,3,3,1,3,0,0,443,515,3,2,46.0,54.0,1569897.0
30/08/2026,LaLiga Hypermotion,2026/2027,CORDOBA,GRANADA CF,1,3,1,0,A,15,17,3,5,21,18,6,3,1,1,0,0,392,284,2,2,58.0,42.0,1569898.0
29/08/2026,LaLiga Hypermotion,2026/2027,GIRONA,LAS PALMAS,5,2,1,0,H,17,5,8,5,17,13,4,1,2,2,0,1,421,544,3,3,44.0,56.0,1569899.0
29/08/2026,LaLiga Hypermotion,2026/2027,LEGANES,ELDENSE,1,0,0,0,H,11,16,6,4,13,10,0,8,1,0,0,0,502,448,4,5,52.0,48.0,1569900.0
30/08/2026,LaLiga Hypermotion,2026/2027,MALLORCA,AD CEUTA FC,3,0,1,0,H,13,5,4,0,11,14,3,3,2,3,0,0,480,431,1,1,53.0,47.0,1569901.0
29/08/2026,LaLiga Hypermotion,2026/2027,SABADELL,ALMERIA,1,0,0,0,H,14,11,4,2,17,8,4,3,5,2,0,0,335,445,2,3,43.0,57.0,1569902.0
28/08/2026,LaLiga Hypermotion,2026/2027,TENERIFE,SPORTING GIJON,0,1,0,0,A,11,5,4,1,14,13,4,1,1,5,0,0,418,417,0,4,51.0,49.0,1569903.0
15/08/2026,LaLiga EA Sports,2026/2027,ALAVES,GETAFE,3,0,0,0,H,18,6,8,2,16,13,5,3,4,3,0,1,354,339,2,5,52.0,48.0,1570333.0
19/08/2026,LaLiga EA Sports,2026/2027,ATLETICO MADRID,MALAGA,2,0,0,0,H,15,5,6,1,17,11,6,1,2,3,0,0,520,467,1,4,53.0,47.0,1570334.0
27/08/2026,LaLiga EA Sports,2026/2027,BARCELONA,ATHLETIC CLUB,2,0,1,0,H,22,4,10,0,13,6,12,4,1,2,0,0,615,243,0,8,71.0,29.0,1570335.0
27/08/2026,LaLiga EA Sports,2026/2027,CELTA VIGO,OSASUNA,1,2,1,0,A,4,13,2,5,7,16,5,3,1,1,1,0,561,524,2,1,52.0,48.0,1570336.0
17/08/2026,LaLiga EA Sports,2026/2027,DEPORTIVO LA CORUNA,ELCHE,1,1,1,0,D,8,11,3,6,17,12,2,6,2,2,0,0,401,641,5,2,39.0,61.0,1570337.0
16/08/2026,LaLiga EA Sports,2026/2027,ESPANYOL,LEVANTE,3,0,2,0,H,16,4,6,0,17,7,0,1,3,0,0,0,457,390,0,3,54.0,46.0,1570338.0
16/08/2026,LaLiga EA Sports,2026/2027,RACING SANTANDER,VILLARREAL,2,2,2,2,D,17,12,3,7,14,14,6,10,2,4,0,0,377,536,5,3,41.0,59.0,1570339.0
26/08/2026,LaLiga EA Sports,2026/2027,REAL MADRID,REAL SOCIEDAD,4,1,1,1,H,20,10,11,3,10,8,4,7,3,3,0,0,581,554,2,7,51.0,49.0,1570340.0
15/08/2026,LaLiga EA Sports,2026/2027,SEVILLA,RAYO VALLECANO,2,1,0,1,H,13,6,4,3,18,18,1,2,4,4,1,0,319,335,2,2,49.0,51.0,1570341.0
25/08/2026,LaLiga EA Sports,2026/2027,VALENCIA,REAL BETIS,0,1,0,0,A,16,15,3,3,10,11,8,2,2,1,0,0,371,540,2,3,42.0,58.0,1570342.0
22/08/2026,LaLiga EA Sports,2026/2027,ATHLETIC CLUB,SEVILLA,1,3,0,1,A,18,7,8,4,11,16,10,3,2,5,1,0,517,285,2,6,65.0,35.0,1570343.0
23/08/2026,LaLiga EA Sports,2026/2027,ATLETICO MADRID,VILLARREAL,2,2,0,0,D,19,13,4,6,12,13,5,3,3,2,1,0,520,498,4,2,52.0,48.0,1570344.0
21/08/2026,LaLiga EA Sports,2026/2027,REAL BETIS,REAL SOCIEDAD,1,0,0,0,H,18,9,7,3,9,12,4,5,3,3,0,0,481,516,3,6,48.0,52.0,1570345.0
23/08/2026,LaLiga EA Sports,2026/2027,ELCHE,BARCELONA,0,5,0,2,A,7,11,2,7,13,12,3,1,1,0,0,0,435,533,2,2,46.0,54.0,1570346.0
22/08/2026,LaLiga EA Sports,2026/2027,ESPANYOL,REAL MADRID,1,2,1,1,A,5,6,2,5,7,1,0,0,1,1,0,0,129,242,3,1,35.0,65.0,1570347.0
23/08/2026,LaLiga EA Sports,2026/2027,GETAFE,RACING SANTANDER,1,0,0,0,H,12,6,1,3,14,17,8,6,1,3,0,0,332,469,3,0,43.0,57.0,1570348.0
24/08/2026,LaLiga EA Sports,2026/2027,MALAGA,DEPORTIVO LA CORUNA,1,1,1,1,D,13,6,2,4,12,12,7,4,1,4,0,0,528,433,4,1,55.0,45.0,1570349.0
24/08/2026,LaLiga EA Sports,2026/2027,OSASUNA,LEVANTE,0,0,0,0,D,12,11,7,1,9,12,9,4,2,1,0,0,343,410,1,7,46.0,54.0,1570350.0
20/08/2026,LaLiga EA Sports,2026/2027,RAYO VALLECANO,ALAVES,1,1,0,0,D,8,15,3,3,14,13,9,7,1,2,0,0,323,340,2,2,48.0,52.0,1570351.0
22/08/2026,LaLiga EA Sports,2026/2027,VALENCIA,CELTA VIGO,0,0,0,0,D,8,7,2,3,17,17,1,2,2,3,0,0,486,616,3,2,44.0,56.0,1570352.0
28/08/2026,LaLiga EA Sports,2026/2027,ALAVES,VILLARREAL,1,0,1,0,H,9,19,2,6,15,8,5,9,3,1,0,0,197,649,6,1,24.0,76.0,1570353.0
31/08/2026,LaLiga EA Sports,2026/2027,BARCELONA,RAYO VALLECANO,5,2,2,1,H,26,11,9,5,4,11,9,5,0,1,0,0,647,284,3,5,69.0,31.0,1570354.0
30/08/2026,LaLiga EA Sports,2026/2027,CELTA VIGO,ATHLETIC CLUB,0,2,0,2,A,8,17,2,7,8,17,4,7,0,3,0,0,574,489,5,2,54.0,46.0,1570355.0
30/08/2026,LaLiga EA Sports,2026/2027,DEPORTIVO LA CORUNA,VALENCIA,3,1,2,1,H,11,12,4,4,14,5,5,5,2,1,1,0,454,555,3,3,45.0,55.0,1570356.0
29/08/2026,LaLiga EA Sports,2026/2027,LEVANTE,REAL BETIS,5,2,2,2,H,19,20,10,6,9,7,5,8,1,1,0,0,378,573,4,4,40.0,60.0,1570357.0
31/08/2026,LaLiga EA Sports,2026/2027,OSASUNA,GETAFE,1,0,1,0,H,10,11,2,1,17,14,1,3,5,4,0,0,382,455,1,1,45.0,55.0,1570358.0
28/08/2026,LaLiga EA Sports,2026/2027,RACING SANTANDER,ELCHE,3,2,3,0,H,13,18,6,7,17,19,5,10,2,1,0,0,378,554,5,3,40.0,60.0,1570359.0
30/08/2026,LaLiga EA Sports,2026/2027,REAL MADRID,MALAGA,4,0,3,0,H,19,14,8,1,6,9,9,6,0,2,0,0,599,464,1,4,56.0,44.0,1570360.0
29/08/2026,LaLiga EA Sports,2026/2027,REAL SOCIEDAD,ESPANYOL,2,1,1,1,H,17,11,10,3,19,14,7,3,2,4,0,0,423,403,2,7,51.0,49.0,1570361.0
29/08/2026,LaLiga EA Sports,2026/2027,SEVILLA,ATLETICO MADRID,1,3,0,3,A,20,12,5,5,20,16,4,2,2,2,0,0,371,532,2,4,42.0,58.0,1570362.0
28/08/2026,Bundesliga,2026/2027,BAYERN MUNCHEN,VFB STUTTGART,5,1,1,0,H,21,11,9,4,10,17,9,3,1,3,0,0,548,368,3,5,59.0,41.0,1575140.0
30/08/2026,Bundesliga,2026/2027,FC AUGSBURG,FC SCHALKE 04,3,0,1,0,H,24,11,13,5,5,6,11,3,1,0,0,1,415,469,4,10,48.0,52.0,1575141.0
29/08/2026,Bundesliga,2026/2027,BORUSSIA DORTMUND,HAMBURGER SV,2,0,2,0,H,20,8,6,3,13,19,3,1,2,1,1,0,538,419,3,5,56.0,44.0,1575142.0
29/08/2026,Bundesliga,2026/2027,SV ELVERSBERG,BAYER LEVERKUSEN,3,2,2,0,H,11,21,6,4,18,15,4,3,3,2,0,0,293,582,2,3,33.0,67.0,1575143.0
29/08/2026,Bundesliga,2026/2027,1. FC KÖLN,1899 HOFFENHEIM,3,2,0,1,H,18,15,6,4,11,14,6,7,0,2,0,0,344,492,2,3,41.0,59.0,1575144.0
30/08/2026,Bundesliga,2026/2027,SC FREIBURG,WERDER BREMEN,4,1,2,0,H,19,9,5,3,13,16,6,5,1,1,0,0,487,432,2,1,53.0,47.0,1575145.0
29/08/2026,Bundesliga,2026/2027,FSV MAINZ 05,SC PADERBORN 07,0,0,0,0,D,21,10,4,0,8,10,11,2,1,2,0,0,461,462,0,4,51.0,49.0,1575146.0
29/08/2026,Bundesliga,2026/2027,RB LEIPZIG,BORUSSIA MÖNCHENGLADBACH,3,0,1,0,H,25,15,11,4,10,13,7,6,1,0,0,0,427,475,4,8,47.0,53.0,1575147.0
29/08/2026,Bundesliga,2026/2027,UNION BERLIN,EINTRACHT FRANKFURT,3,3,1,2,D,19,12,10,3,11,10,5,2,2,4,0,0,361,393,0,8,49.0,51.0,1575148.0
08/08/2026,2. Bundesliga,2026/2027,SV DARMSTADT 98,HOLSTEIN KIEL,2,2,0,2,D,13,11,3,6,15,16,8,4,2,3,0,0,435,439,4,1,50.0,50.0,1576136.0
08/08/2026,2. Bundesliga,2026/2027,1. FC HEIDENHEIM,VFL OSNABRÜCK,4,3,3,2,H,20,26,6,6,6,6,4,6,1,2,0,0,474,409,3,2,53.0,47.0,1576137.0
08/08/2026,2. Bundesliga,2026/2027,KARLSRUHER SC,ARMINIA BIELEFELD,2,1,1,0,H,22,12,7,5,15,12,6,6,2,1,0,0,463,345,4,5,56.0,44.0,1576138.0
08/08/2026,2. Bundesliga,2026/2027,1. FC MAGDEBURG,EINTRACHT BRAUNSCHWEIG,1,6,0,4,A,10,24,3,13,13,8,5,5,4,1,1,0,442,507,8,2,47.0,53.0,1576139.0
09/08/2026,2. Bundesliga,2026/2027,1. FC NÜRNBERG,DYNAMO DRESDEN,3,0,2,0,H,16,9,7,1,6,11,5,5,0,2,0,0,494,377,1,4,56.0,44.0,1576140.0
08/08/2026,2. Bundesliga,2026/2027,VFL WOLFSBURG,1. FC KAISERSLAUTERN,0,0,0,0,D,19,8,5,3,17,10,9,2,0,1,0,0,566,329,3,4,63.0,37.0,1576142.0
14/08/2026,2. Bundesliga,2026/2027,EINTRACHT BRAUNSCHWEIG,VFL BOCHUM,0,1,0,1,A,17,13,3,4,11,13,5,6,2,3,0,0,490,402,3,3,55.0,45.0,1576144.0
15/08/2026,2. Bundesliga,2026/2027,SPVGG GREUTHER FURTH,1. FC NURNBERG,2,4,2,2,A,14,15,6,9,9,15,5,3,1,4,0,0,339,442,5,4,44.0,56.0,1576145.0
16/08/2026,2. Bundesliga,2026/2027,HANNOVER 96,VFL WOLFSBURG,0,1,0,0,A,14,18,2,7,9,9,8,6,1,2,0,0,465,438,6,2,52.0,48.0,1576146.0
14/08/2026,2. Bundesliga,2026/2027,HOLSTEIN KIEL,FC ST. PAULI,2,2,0,2,D,19,13,6,6,14,19,5,5,3,3,0,0,548,295,4,4,64.0,36.0,1576148.0
30/08/2026,2. Bundesliga,2026/2027,SV DARMSTADT 98,HANNOVER 96,0,1,0,0,A,11,26,3,7,8,12,2,11,1,2,1,0,316,654,6,3,33.0,67.0,1576155.0
30/08/2026,2. Bundesliga,2026/2027,1. FC MAGDEBURG,HOLSTEIN KIEL,2,0,0,0,H,10,14,2,2,14,17,3,3,5,4,0,0,303,548,2,1,36.0,64.0,1576158.0
29/08/2026,2. Bundesliga,2026/2027,1. FC NÜRNBERG,ARMINIA BIELEFELD,4,1,3,0,H,13,21,6,5,9,11,3,8,2,0,0,0,455,371,4,2,53.0,47.0,1576159.0
30/08/2026,2. Bundesliga,2026/2027,FC ST. PAULI,1. FC KAISERSLAUTERN,1,2,0,1,A,21,11,7,4,9,13,4,5,3,4,0,0,515,366,2,6,59.0,41.0,1576160.0
31/08/2026,Super Lig,2026/2027,AMED,TRABZONSPOR,2,1,1,1,H,17,8,7,5,18,10,2,5,5,3,0,0,352,525,4,5,40.0,60.0,1584385.0
30/08/2026,Super Lig,2026/2027,BAŞAKŞEHIR,KASIMPAŞA,1,1,1,0,D,12,12,2,3,11,13,5,3,3,1,0,0,640,362,2,1,64.0,36.0,1584386.0
31/08/2026,Super Lig,2026/2027,BEŞIKTAŞ,ÇORUM FK,6,2,2,0,H,18,11,7,3,9,11,8,6,2,3,0,0,409,387,1,1,52.0,48.0,1584387.0
30/08/2026,Super Lig,2026/2027,EYÜPSPOR,ALANYASPOR,2,1,1,1,H,11,7,4,2,16,22,1,2,3,1,0,0,484,292,1,2,63.0,37.0,1584388.0
29/08/2026,Super Lig,2026/2027,GALATASARAY,GÖZTEPE,3,2,1,1,H,34,9,11,4,5,12,6,2,2,2,0,0,468,235,2,8,67.0,33.0,1584389.0
29/08/2026,Super Lig,2026/2027,GAZIANTEP FK,RIZESPOR,1,2,0,2,A,16,10,4,4,10,17,8,0,1,2,0,0,489,401,2,4,56.0,44.0,1584390.0
29/08/2026,Super Lig,2026/2027,KONYASPOR,KOCAELISPOR,1,2,1,0,A,10,15,0,7,16,12,1,4,1,3,1,0,400,493,6,0,44.0,56.0,1584392.0
30/08/2026,Super Lig,2026/2027,SAMSUNSPOR,FENERBAHÇE,0,2,0,1,A,6,15,0,7,13,18,1,6,0,1,0,0,552,404,5,0,58.0,42.0,1584393.0
28/08/2026,TFF 1. Lig,2026/2027,ANTALYASPOR,SARIYER,1,2,1,0,A,7,11,2,3,18,14,4,0,4,3,1,0,479,462,1,1,52.0,48.0,1585719.0
29/08/2026,TFF 1. Lig,2026/2027,BATMAN PETROLSPOR,SIVASSPOR,2,1,0,1,H,21,6,8,2,9,19,6,1,4,2,0,0,405,241,1,6,63.0,37.0,1585720.0
30/08/2026,TFF 1. Lig,2026/2027,ESENLER EROKSPOR,IĞDIR FK,0,1,0,1,A,14,6,5,3,12,20,5,7,1,5,0,0,504,242,2,5,67.0,33.0,1585721.0
29/08/2026,TFF 1. Lig,2026/2027,İSTANBULSPOR,FATIH KARAGÜMRÜK,1,1,1,1,D,7,11,3,5,11,12,2,7,1,3,0,0,333,460,4,2,42.0,58.0,1585722.0
29/08/2026,TFF 1. Lig,2026/2027,KAYSERISPOR,BURSASPOR,1,2,1,0,A,14,11,2,4,14,14,5,5,3,2,0,0,424,483,2,1,47.0,53.0,1585723.0
28/08/2026,TFF 1. Lig,2026/2027,KEÇIÖRENGÜCÜ,ÜMRANIYESPOR,2,2,1,2,D,26,13,8,3,18,10,3,5,3,3,0,0,443,435,2,6,51.0,49.0,1585724.0
30/08/2026,TFF 1. Lig,2026/2027,MANISA F.K.,BODRUM FK,0,0,0,0,D,13,8,2,2,7,13,4,4,0,0,0,0,498,384,2,1,56.0,44.0,1585725.0
29/08/2026,TFF 1. Lig,2026/2027,MARDIN 1969,VANSPOR FK,1,1,0,0,D,16,8,5,1,13,15,7,2,5,2,1,0,407,342,0,4,55.0,45.0,1585726.0
28/08/2026,TFF 1. Lig,2026/2027,MUĞLASPOR,BOLUSPOR,2,0,1,0,H,14,8,6,1,16,14,3,0,2,3,0,1,518,334,1,4,61.0,39.0,1585727.0
28/08/2026,TFF 1. Lig,2026/2027,PENDIKSPOR,BANDIRMASPOR,1,1,1,1,D,13,8,7,3,20,15,5,3,2,3,0,0,399,439,1,5,47.0,53.0,1585728.0
22/08/2026,Super League Grecia,2026/2027,AEK ATHENS FC,IRAKLIS 1908,4,0,2,0,H,24,7,11,1,19,17,5,2,1,0,0,0,510,381,1,7,58.0,42.0,1593289.0
22/08/2026,Super League Grecia,2026/2027,KALAMATA,ARIS THESSALONIKIS,2,3,1,1,A,7,19,3,7,15,23,1,10,3,3,1,0,197,323,3,1,37.0,63.0,1593290.0
23/08/2026,Super League Grecia,2026/2027,OFI,VOLOS NFC,2,0,2,0,H,9,10,2,1,16,17,5,2,1,3,0,0,460,362,1,1,56.0,44.0,1593291.0
22/08/2026,Super League Grecia,2026/2027,OLYMPIAKOS PIRAEUS,ATROMITOS,1,0,0,0,H,26,8,10,1,14,14,14,4,3,6,1,0,515,233,1,8,69.0,31.0,1593292.0
23/08/2026,Super League Grecia,2026/2027,PANETOLIKOS,ASTERAS TRIPOLIS,3,1,1,0,H,4,14,4,6,19,14,1,3,0,0,0,0,296,428,5,1,40.0,60.0,1593294.0
23/08/2026,Super League Grecia,2026/2027,PAOK,LEVADIAKOS,4,0,2,0,H,13,8,5,1,21,13,3,1,0,0,0,0,506,423,1,1,54.0,46.0,1593295.0
30/08/2026,Super League Grecia,2026/2027,ARIS THESSALONIKIS,OFI,2,1,1,0,H,17,10,10,3,16,23,3,1,5,2,0,0,386,523,2,8,42.0,58.0,1593296.0
30/08/2026,Super League Grecia,2026/2027,ASTERAS TRIPOLIS,OLYMPIAKOS PIRAEUS,0,1,0,1,A,10,15,3,7,8,18,3,6,3,4,0,0,389,386,6,3,50.0,50.0,1593297.0
30/08/2026,Super League Grecia,2026/2027,ATROMITOS,PAOK,1,2,1,1,A,16,14,3,4,19,18,2,6,1,1,0,0,328,394,2,1,46.0,54.0,1593298.0
30/08/2026,Super League Grecia,2026/2027,KIFISIA,AEK ATHENS FC,1,1,0,0,D,14,9,3,5,20,14,1,2,5,2,1,0,286,551,4,2,35.0,65.0,1593299.0
31/08/2026,Super League Grecia,2026/2027,LEVADIAKOS,PANATHINAIKOS,0,2,0,1,A,8,15,2,6,18,19,5,5,2,4,1,0,332,485,5,2,41.0,59.0,1593300.0
29/08/2026,Super League Grecia,2026/2027,PANETOLIKOS,KALAMATA,2,0,1,0,H,20,11,4,3,22,15,4,3,3,5,0,0,312,393,3,2,44.0,56.0,1593301.0
29/08/2026,Super League Grecia,2026/2027,VOLOS NFC,IRAKLIS 1908,1,1,0,1,D,17,10,3,1,18,23,2,2,4,3,0,1,400,245,0,2,63.0,37.0,1593302.0
22/08/2026,Serie B Italia,2026/2027,AVELLINO,AREZZO,1,2,1,0,A,8,14,2,2,6,10,2,2,1,1,0,0,362,224,1,1,61.0,39.0,1601493.0
22/08/2026,Serie B Italia,2026/2027,BENEVENTO,MODENA,1,2,1,0,A,10,5,1,1,7,7,2,3,0,0,0,0,262,304,1,0,47.0,53.0,1601494.0
22/08/2026,Serie B Italia,2026/2027,CARRARESE,MANTOVA,1,2,0,1,A,10,12,2,4,19,17,2,3,1,1,0,0,430,465,3,1,48.0,52.0,1601495.0
23/08/2026,Serie B Italia,2026/2027,CESENA,SAMPDORIA,1,1,1,0,D,7,21,2,9,18,8,0,12,3,1,1,0,297,513,8,1,35.0,65.0,1601496.0
22/08/2026,Serie B Italia,2026/2027,EMPOLI,CREMONESE,1,0,1,0,H,9,8,5,2,11,6,1,2,0,2,1,0,209,430,2,4,33.0,67.0,1601497.0
21/08/2026,Serie B Italia,2026/2027,VICENZA VIRTUS,CATANZARO,3,2,1,1,H,23,13,9,6,15,16,10,6,2,3,0,0,337,396,4,6,47.0,53.0,1601498.0
23/08/2026,Serie B Italia,2026/2027,PALERMO,JUVE STABIA,1,0,1,0,H,16,13,5,4,21,11,6,6,4,1,0,0,374,445,4,3,46.0,54.0,1601499.0
23/08/2026,Serie B Italia,2026/2027,PISA,PADOVA,0,1,0,0,A,22,11,7,2,7,18,4,6,1,2,0,0,527,366,1,7,58.0,42.0,1601500.0
22/08/2026,Serie B Italia,2026/2027,SUDTIROL,VIRTUS ENTELLA,1,0,0,0,H,8,15,2,3,15,18,1,5,3,1,1,0,397,403,3,1,48.0,52.0,1601501.0
23/08/2026,Serie B Italia,2026/2027,HELLAS VERONA,ASCOLI,1,2,1,0,A,24,10,7,3,14,16,5,4,2,3,0,0,343,422,1,6,46.0,54.0,1601502.0
30/08/2026,Serie B Italia,2026/2027,AREZZO,PALERMO,2,3,0,1,A,15,17,5,7,13,13,9,4,1,2,0,0,337,463,3,3,43.0,57.0,1601503.0
29/08/2026,Serie B Italia,2026/2027,ASCOLI,CARRARESE,1,1,0,0,D,20,18,6,4,10,13,10,9,4,3,0,0,566,217,3,5,71.0,29.0,1601504.0
29/08/2026,Serie B Italia,2026/2027,AVELLINO,VICENZA VIRTUS,3,0,2,0,H,10,18,8,3,14,16,2,7,4,3,0,0,351,475,3,5,41.0,59.0,1601505.0
30/08/2026,Serie B Italia,2026/2027,BENEVENTO,SUDTIROL,1,1,0,0,D,24,9,5,2,16,12,11,1,1,1,0,0,446,463,1,3,51.0,49.0,1601506.0
28/08/2026,Serie B Italia,2026/2027,CREMONESE,MODENA,0,3,0,2,A,8,10,2,3,14,13,8,2,2,1,0,0,448,469,1,2,50.0,50.0,1601507.0
29/08/2026,Serie B Italia,2026/2027,VIRTUS ENTELLA,CESENA,1,2,1,2,A,14,7,3,3,7,18,6,2,1,2,0,0,517,374,1,2,59.0,41.0,1601508.0
30/08/2026,Serie B Italia,2026/2027,MANTOVA,EMPOLI,3,1,0,0,H,16,6,9,2,13,20,3,6,2,6,0,0,366,409,1,6,46.0,54.0,1601509.0
29/08/2026,Serie B Italia,2026/2027,PADOVA,HELLAS VERONA,1,1,1,0,D,7,14,2,3,12,18,2,6,4,1,0,0,316,494,2,3,39.0,61.0,1601510.0
30/08/2026,Serie B Italia,2026/2027,PISA,CATANZARO,2,1,2,1,H,19,15,9,7,15,12,6,8,3,2,0,0,377,471,6,6,45.0,55.0,1601511.0
29/08/2026,Serie B Italia,2026/2027,SAMPDORIA,JUVE STABIA,1,2,1,0,A,17,17,6,5,8,10,2,7,2,2,0,0,405,487,3,5,45.0,55.0,1601512.0
14/08/2026,Championship,2026/2027,WOLVES,BLACKBURN,2,2,1,1,D,18,10,3,5,10,16,5,5,1,3,0,0,501,399,3,1,55.0,45.0,1563083.0
15/08/2026,Championship,2026/2027,NORWICH,WEST BROM,1,2,0,0,A,20,9,7,4,13,13,8,2,0,2,0,0,497,444,1,7,54.0,46.0,1563088.0
15/08/2026,Championship,2026/2027,STOKE CITY,SWANSEA,1,2,1,1,A,6,7,2,3,14,9,4,5,1,3,0,0,279,421,1,1,41.0,59.0,1563090.0
15/08/2026,Championship,2026/2027,CHARLTON,DERBY,2,1,0,1,H,13,15,4,4,7,16,5,4,0,3,0,0,375,453,3,2,45.0,55.0,1563086.0
16/08/2026,Championship,2026/2027,BURNLEY,WEST HAM,2,2,0,1,D,18,11,6,2,12,9,5,6,1,4,0,0,397,462,1,3,46.0,54.0,1563093.0
22/08/2026,Championship,2026/2027,BIRMINGHAM,BRISTOL CITY,2,2,1,1,D,8,14,2,6,13,12,7,3,2,1,0,0,468,257,4,1,65.0,35.0,1563095.0
22/08/2026,Championship,2026/2027,MILLWALL,NORWICH,3,0,1,0,H,19,8,7,2,14,8,8,3,1,3,0,1,348,329,2,4,52.0,48.0,1563099.0
22/08/2026,Championship,2026/2027,WEST HAM,CHARLTON,1,2,0,1,A,25,7,9,5,9,16,7,4,2,3,0,0,665,190,3,8,78.0,22.0,1563105.0
22/08/2026,Championship,2026/2027,PRESTON,WOLVES,1,3,0,1,A,13,16,2,5,11,10,5,4,4,1,0,0,401,478,2,0,45.0,55.0,1563100.0
22/08/2026,Championship,2026/2027,BLACKBURN,MIDDLESBROUGH,2,1,0,1,H,6,22,5,3,10,10,2,10,4,1,0,0,272,647,2,2,29.0,71.0,1563096.0
22/08/2026,Championship,2026/2027,DERBY,CARDIFF,2,2,1,2,D,15,16,7,7,12,10,7,7,5,1,0,0,282,521,4,4,36.0,64.0,1563097.0
22/08/2026,Championship,2026/2027,QPR,BOLTON,0,0,0,0,D,18,2,10,0,6,8,9,2,1,2,0,0,494,407,0,10,55.0,45.0,1563101.0
22/08/2026,Championship,2026/2027,SWANSEA,SHEFFIELD UTD,0,0,0,0,D,9,12,1,2,14,10,6,3,2,2,0,0,542,248,2,1,69.0,31.0,1563103.0
22/08/2026,Championship,2026/2027,WREXHAM,WATFORD,1,1,1,1,D,12,10,2,6,13,11,10,3,2,0,0,0,477,341,5,1,59.0,41.0,1563106.0
28/08/2026,Championship,2026/2027,WREXHAM,BIRMINGHAM,1,2,0,1,A,9,9,4,4,9,14,3,6,1,2,0,0,494,311,1,3,62.0,38.0,1563118.0
29/08/2026,Championship,2026/2027,WOLVES,STOKE CITY,4,1,2,1,H,18,10,8,3,13,15,7,1,1,4,0,0,407,362,2,4,53.0,47.0,1563117.0
29/08/2026,Championship,2026/2027,DERBY,SWANSEA,0,3,0,2,A,8,23,0,12,16,7,5,6,3,2,0,0,404,475,9,0,47.0,53.0,1563112.0
29/08/2026,Championship,2026/2027,MIDDLESBROUGH,WEST BROM,3,1,0,0,H,15,12,6,4,15,6,7,6,0,1,0,0,518,583,2,4,47.0,53.0,1563113.0
01/09/2026,Championship,2026/2027,WEST HAM,WOLVES,4,2,2,1,H,12,17,6,3,9,9,6,7,2,1,0,0,392,514,2,2,43.0,57.0,1563126.0
01/09/2026,Championship,2026/2027,PRESTON,BRISTOL CITY,1,3,0,1,A,18,12,4,7,11,14,5,2,2,0,0,0,404,390,4,3,52.0,48.0,1563122.0
01/09/2026,Championship,2026/2027,SHEFFIELD UTD,BOLTON,3,2,1,1,H,13,18,5,6,8,13,5,5,0,2,0,0,443,390,4,1,53.0,47.0,1563123.0
01/09/2026,Championship,2026/2027,SWANSEA,WATFORD,2,0,2,0,H,18,9,8,3,6,14,5,3,0,4,0,0,577,374,3,6,60.0,40.0,1563125.0
01/09/2026,Championship,2026/2027,PORTSMOUTH,DERBY,0,2,0,1,A,21,8,3,5,12,15,11,2,1,2,0,0,500,265,3,3,65.0,35.0,1563121.0
01/09/2026,Championship,2026/2027,LINCOLN,BLACKBURN,0,0,0,0,D,18,8,1,2,12,11,5,7,1,2,0,1,340,526,2,1,40.0,60.0,1563120.0
01/09/2026,Championship,2026/2027,BIRMINGHAM,SOUTHAMPTON,1,1,0,1,D,16,13,4,4,12,8,3,5,3,2,0,0,287,505,3,3,48.0,52.0,1563119.0
01/09/2026,Championship,2026/2027,STOKE CITY,NORWICH,1,0,1,0,H,6,15,2,6,16,10,3,5,2,2,0,0,204,536,5,1,28.0,72.0,1563124.0
07/08/2026,2. Bundesliga,2026/2027,VFL BOCHUM,HERTHA BSC,0,1,0,1,A,13,11,3,2,18,13,5,2,2,5,0,0,443,341,1,3,56.0,44.0,1576134.0
09/08/2026,2. Bundesliga,2026/2027,FC ST. PAULI,SPVGG GREUTHER FÜRTH,1,1,0,0,D,18,15,6,7,4,5,9,2,1,0,0,0,520,393,6,5,58.0,42.0,1576141.0
09/08/2026,2. Bundesliga,2026/2027,ENERGIE COTTBUS,HANNOVER 96,3,1,1,1,H,12,27,4,10,11,11,2,6,0,2,0,0,365,437,8,1,45.0,55.0,1576135.0
15/08/2026,2. Bundesliga,2026/2027,HERTHA BSC,1. FC HEIDENHEIM,4,1,3,0,H,19,11,9,3,12,17,5,3,1,2,1,0,370,346,2,4,51.0,49.0,1576147.0
15/08/2026,2. Bundesliga,2026/2027,VFL OSNABRÜCK,1. FC MAGDEBURG,0,3,0,2,A,11,19,4,6,12,11,3,10,1,1,0,0,351,546,3,4,40.0,60.0,1576151.0
15/08/2026,2. Bundesliga,2026/2027,1. FC KAISERSLAUTERN,KARLSRUHER SC,0,0,0,0,D,11,13,3,8,12,19,4,11,3,3,0,0,379,363,8,2,51.0,49.0,1576149.0
16/08/2026,2. Bundesliga,2026/2027,DYNAMO DRESDEN,SV DARMSTADT 98,1,0,1,0,H,12,10,6,1,12,12,7,5,1,3,0,1,689,416,1,5,62.0,38.0,1576150.0
16/08/2026,2. Bundesliga,2026/2027,ARMINIA BIELEFELD,ENERGIE COTTBUS,3,0,2,0,H,17,10,5,0,12,18,7,10,2,2,0,0,345,518,0,2,40.0,60.0,1576143.0
28/08/2026,2. Bundesliga,2026/2027,VFL BOCHUM,VFL OSNABRÜCK,0,1,0,1,A,20,8,1,2,15,12,6,1,3,4,0,0,663,353,1,1,66.0,34.0,1576152.0
28/08/2026,2. Bundesliga,2026/2027,EINTRACHT BRAUNSCHWEIG,HERTHA BSC,3,5,2,2,A,17,26,9,6,9,15,5,12,2,4,0,0,350,401,1,5,46.0,54.0,1576153.0
29/08/2026,2. Bundesliga,2026/2027,1. FC HEIDENHEIM,DYNAMO DRESDEN,5,3,0,1,H,27,17,10,8,8,6,6,9,2,3,0,1,274,497,3,6,37.0,63.0,1576156.0
29/08/2026,2. Bundesliga,2026/2027,KARLSRUHER SC,VFL WOLFSBURG,2,5,2,3,A,18,27,5,11,13,14,10,8,0,1,0,0,326,473,6,3,42.0,58.0,1576157.0
29/08/2026,2. Bundesliga,2026/2027,ENERGIE COTTBUS,SPVGG GREUTHER FÜRTH,3,4,1,1,A,23,15,6,7,11,16,10,6,2,2,0,0,450,386,4,3,54.0,46.0,1576154.0
01/09/2026,Bundesliga Austria,2026/2027,WOLFSBERGER AC,LASK LINZ,1,3,1,0,A,7,25,2,6,5,13,1,14,1,3,1,0,213,599,3,1,35.0,65.0,1561915.0
02/09/2026,Bundesliga Austria,2026/2027,AUSTRIA VIENNA,WSG WATTENS,0,1,0,0,A,6,11,3,3,10,6,8,2,3,2,0,0,469,510,1,3,54.0,46.0,1561916.0
02/09/2026,Bundesliga Austria,2026/2027,RED BULL SALZBURG,RAPID VIENNA,5,1,3,0,H,16,17,9,4,8,8,2,7,0,1,0,0,559,558,3,4,57.0,43.0,1561917.0
07/08/2026,Eerste Divisie Holanda 2da,2026/2027,VITESSE,WAALWIJK,1,1,1,0,D,11,17,4,4,9,14,6,2,2,3,1,0,336,467,3,3,42.0,58.0,1551741.0
07/08/2026,Eerste Divisie Holanda 2da,2026/2027,VVV VENLO,HERACLES,3,4,0,2,A,10,23,3,8,13,14,5,5,1,2,0,0,380,378,4,0,50.0,50.0,1551740.0
07/08/2026,Eerste Divisie Holanda 2da,2026/2027,EMMEN,RODA,1,0,0,0,H,15,9,7,4,25,10,0,2,4,0,0,0,358,454,3,6,44.0,56.0,1551738.0
07/08/2026,Eerste Divisie Holanda 2da,2026/2027,DORDRECHT,JONG AJAX,2,1,2,1,H,19,13,8,6,17,13,8,3,3,3,0,0,372,348,5,6,53.0,47.0,1551737.0
07/08/2026,Eerste Divisie Holanda 2da,2026/2027,FC OSS,NAC BREDA,1,2,1,0,A,14,27,4,6,12,11,3,8,1,1,0,0,259,618,4,3,29.0,71.0,1551739.0
08/08/2026,Eerste Divisie Holanda 2da,2026/2027,DEN BOSCH,ALMERE CITY FC,1,1,0,0,D,19,22,4,5,10,8,7,5,0,1,0,0,343,323,3,2,52.0,48.0,1551742.0
09/08/2026,Eerste Divisie Holanda 2da,2026/2027,HELMOND SPORT,DE GRAAFSCHAP,1,1,1,1,D,10,16,3,3,12,15,7,3,2,2,0,0,318,576,2,2,36.0,64.0,1551744.0
09/08/2026,Eerste Divisie Holanda 2da,2026/2027,MVV,JONG UTRECHT,2,1,1,1,H,13,15,7,3,12,12,3,5,1,1,0,0,424,312,2,5,57.0,43.0,1551743.0
10/08/2026,Eerste Divisie Holanda 2da,2026/2027,JONG PSV U21,FC VOLENDAM,3,2,1,1,H,19,4,9,3,16,4,7,2,1,0,0,0,510,349,1,6,60.0,40.0,1551746.0
10/08/2026,Eerste Divisie Holanda 2da,2026/2027,JONG AZ,FC EINDHOVEN,0,1,0,0,A,8,10,5,3,10,12,5,3,1,1,0,0,541,376,1,5,58.0,42.0,1551745.0
14/08/2026,Eerste Divisie Holanda 2da,2026/2027,NAC BREDA,VVV VENLO,0,2,0,1,A,23,6,5,4,9,14,10,1,3,3,0,0,492,269,2,5,65.0,35.0,1551750.0
14/08/2026,Eerste Divisie Holanda 2da,2026/2027,HERACLES,DEN BOSCH,3,2,1,0,H,30,8,18,6,13,9,11,6,0,1,0,0,423,233,4,14,64.0,36.0,1551749.0
14/08/2026,Eerste Divisie Holanda 2da,2026/2027,RODA,HELMOND SPORT,2,1,1,1,H,17,3,5,2,12,14,8,1,0,3,0,0,519,331,2,2,61.0,39.0,1551751.0
14/08/2026,Eerste Divisie Holanda 2da,2026/2027,WAALWIJK,DORDRECHT,2,2,0,1,D,16,13,5,5,12,11,4,5,1,4,0,0,315,491,3,3,39.0,61.0,1551752.0
14/08/2026,Eerste Divisie Holanda 2da,2026/2027,ALMERE CITY FC,JONG PSV U21,3,1,1,1,H,9,20,5,6,12,6,3,7,1,1,0,0,289,511,5,3,36.0,64.0,1551747.0
14/08/2026,Eerste Divisie Holanda 2da,2026/2027,FC EINDHOVEN,MVV,2,3,1,1,A,13,16,2,7,9,7,6,2,0,1,0,0,413,466,4,2,47.0,53.0,1551748.0
15/08/2026,Eerste Divisie Holanda 2da,2026/2027,FC VOLENDAM,FC OSS,3,0,1,0,H,12,11,3,3,14,10,7,10,1,2,0,0,496,307,3,1,62.0,38.0,1551753.0
17/08/2026,Eerste Divisie Holanda 2da,2026/2027,DE GRAAFSCHAP,JONG AZ,2,5,1,1,A,22,24,5,10,13,13,5,3,5,2,0,0,472,354,5,3,57.0,43.0,1551754.0
17/08/2026,Eerste Divisie Holanda 2da,2026/2027,JONG AJAX,EMMEN,4,6,3,3,A,11,23,5,12,13,19,3,9,2,1,0,0,430,404,6,1,51.0,49.0,1551755.0
17/08/2026,Eerste Divisie Holanda 2da,2026/2027,JONG UTRECHT,VITESSE,1,3,1,1,A,11,19,3,7,15,7,3,3,0,2,1,0,300,521,4,2,37.0,63.0,1551756.0
21/08/2026,Eerste Divisie Holanda 2da,2026/2027,VITESSE,ALMERE CITY FC,0,3,0,0,A,21,13,5,9,9,12,7,3,0,4,0,0,458,318,6,5,60.0,40.0,1551762.0
21/08/2026,Eerste Divisie Holanda 2da,2026/2027,EMMEN,JONG AZ,3,1,0,0,H,17,9,7,5,9,11,4,3,2,1,0,0,449,441,4,4,51.0,49.0,1551759.0
21/08/2026,Eerste Divisie Holanda 2da,2026/2027,DORDRECHT,RODA,0,1,0,1,A,15,9,5,5,9,20,7,3,1,4,0,0,500,364,4,5,58.0,42.0,1551758.0
21/08/2026,Eerste Divisie Holanda 2da,2026/2027,MVV,FC VOLENDAM,1,0,0,0,H,10,9,1,2,14,15,5,2,2,4,0,0,434,458,1,1,49.0,51.0,1551761.0
21/08/2026,Eerste Divisie Holanda 2da,2026/2027,DEN BOSCH,FC EINDHOVEN,5,2,3,1,H,20,8,8,3,9,11,6,1,1,0,0,0,419,393,1,3,52.0,48.0,1551757.0
21/08/2026,Eerste Divisie Holanda 2da,2026/2027,HELMOND SPORT,WAALWIJK,1,1,1,0,D,6,12,2,6,20,8,3,4,3,1,0,0,252,558,5,1,32.0,68.0,1551760.0
22/08/2026,Eerste Divisie Holanda 2da,2026/2027,NAC BREDA,JONG AJAX,3,2,1,0,H,20,11,7,5,10,21,6,4,3,3,0,0,409,377,3,5,53.0,47.0,1551763.0
23/08/2026,Eerste Divisie Holanda 2da,2026/2027,VVV VENLO,DE GRAAFSCHAP,2,1,2,1,H,12,15,2,3,9,17,4,5,1,2,0,0,375,365,2,1,51.0,49.0,1551764.0
24/08/2026,Eerste Divisie Holanda 2da,2026/2027,JONG PSV U21,FC OSS,1,0,1,0,H,16,11,9,1,11,9,6,5,1,1,0,0,540,295,1,7,63.0,37.0,1551765.0
24/08/2026,Eerste Divisie Holanda 2da,2026/2027,JONG UTRECHT,HERACLES,1,6,0,5,A,15,19,5,9,10,15,2,7,0,1,0,0,375,480,2,4,44.0,56.0,1551766.0
02/09/2026,Jupiler Pro League,2026/2027,ST. TRUIDEN,UNION ST. GILLOISE,0,3,0,1,A,6,12,2,6,14,10,3,1,3,2,0,0,534,533,3,1,46.0,54.0,1558607.0
21/08/2026,Challenger Pro League Belgica 2da,2026/2027,RSC ANDERLECHT II,EXCELSIOR VIRTON,0,1,0,1,A,13,15,3,5,6,7,5,4,1,1,0,0,623,409,4,3,60.0,40.0,1559134.0
25/07/2026,Super League Suiza,2026/2027,LAUSANNE,GRASSHOPPERS,1,1,1,0,D,8,13,2,3,13,22,5,2,3,4,0,0,423,389,2,1,52.0,48.0,1555347.0
25/07/2026,Super League Suiza,2026/2027,SERVETTE FC,FC BASEL 1893,0,1,0,0,A,19,12,4,1,12,15,11,5,0,0,0,0,463,359,0,4,57.0,43.0,1555348.0
25/07/2026,Super League Suiza,2026/2027,FC LUZERN,FC THUN,1,3,1,1,A,22,20,4,7,13,10,12,6,3,1,0,0,386,335,4,3,54.0,46.0,1555349.0
26/07/2026,Super League Suiza,2026/2027,BSC YOUNG BOYS,FC SION,4,2,2,1,H,19,19,9,5,18,9,6,4,1,2,0,0,327,459,3,5,42.0,58.0,1555350.0
26/07/2026,Super League Suiza,2026/2027,FC LUGANO,FC VADUZ,2,1,2,0,H,22,11,8,3,14,10,9,3,1,1,0,1,401,440,2,6,48.0,52.0,1555351.0
26/07/2026,Super League Suiza,2026/2027,FC ST. GALLEN,FC ZURICH,2,1,0,0,H,15,11,4,3,13,27,4,4,1,3,0,0,294,349,2,2,46.0,54.0,1555352.0
01/08/2026,Super League Suiza,2026/2027,FC BASEL 1893,LAUSANNE,0,1,0,0,A,13,4,3,1,16,15,7,4,2,5,0,0,453,414,0,3,53.0,47.0,1555353.0
01/08/2026,Super League Suiza,2026/2027,FC ZURICH,SERVETTE FC,2,1,1,0,H,9,16,4,6,17,8,4,7,3,2,0,0,372,454,5,2,44.0,56.0,1555354.0
01/08/2026,Super League Suiza,2026/2027,FC THUN,BSC YOUNG BOYS,0,6,0,3,A,10,23,3,16,15,15,4,5,1,1,0,0,310,474,9,3,40.0,60.0,1555355.0
02/08/2026,Super League Suiza,2026/2027,FC VADUZ,FC ST. GALLEN,2,3,1,1,A,16,24,5,7,5,12,4,9,1,1,0,0,393,322,4,3,54.0,46.0,1555356.0
02/08/2026,Super League Suiza,2026/2027,FC SION,FC LUZERN,3,0,1,0,H,18,11,7,3,7,13,3,2,1,0,0,1,514,344,3,4,59.0,41.0,1555358.0
02/08/2026,Super League Suiza,2026/2027,GRASSHOPPERS,FC LUGANO,1,4,1,0,A,11,15,4,6,11,4,3,4,2,0,0,0,434,608,2,3,42.0,58.0,1555357.0
08/08/2026,Super League Suiza,2026/2027,LAUSANNE,BSC YOUNG BOYS,2,2,0,0,D,11,17,4,6,14,13,3,2,3,3,0,1,472,360,4,2,57.0,43.0,1555360.0
08/08/2026,Super League Suiza,2026/2027,SERVETTE FC,GRASSHOPPERS,2,1,1,1,H,16,11,9,3,11,11,7,5,2,5,0,1,405,358,2,7,53.0,47.0,1555361.0
09/08/2026,Super League Suiza,2026/2027,FC LUGANO,FC ZURICH,5,0,2,0,H,16,9,8,1,12,14,5,2,0,3,0,0,558,336,1,3,62.0,38.0,1555362.0
09/08/2026,Super League Suiza,2026/2027,FC BASEL 1893,FC THUN,4,2,2,0,H,11,13,7,2,10,15,1,5,1,3,0,0,391,426,0,3,47.0,53.0,1555359.0
09/08/2026,Super League Suiza,2026/2027,FC SION,FC VADUZ,3,2,1,2,H,19,11,6,4,7,10,6,5,2,4,0,0,459,386,2,3,54.0,46.0,1555363.0
09/08/2026,Super League Suiza,2026/2027,FC ST. GALLEN,FC LUZERN,2,2,1,0,D,24,12,11,3,7,16,6,9,2,6,0,0,388,236,1,8,61.0,39.0,1555364.0
22/08/2026,Super League Suiza,2026/2027,FC LUZERN,LAUSANNE,1,0,1,0,H,17,6,7,2,11,19,7,2,2,4,0,0,389,432,2,6,48.0,52.0,1555365.0
22/08/2026,Super League Suiza,2026/2027,FC ZURICH,FC BASEL 1893,1,2,1,0,A,10,14,3,6,16,9,4,6,5,4,0,0,281,438,4,2,39.0,61.0,1555366.0
23/08/2026,Super League Suiza,2026/2027,BSC YOUNG BOYS,FC VADUZ,4,2,2,2,H,20,16,9,6,12,11,6,4,0,4,0,0,346,531,4,5,41.0,59.0,1555367.0
01/09/2026,Super League Suiza,2026/2027,FC ZURICH,BSC YOUNG BOYS,2,4,1,2,A,16,8,7,7,8,10,3,3,1,3,0,0,406,470,2,5,47.0,53.0,1555377.0
02/09/2026,Super League Suiza,2026/2027,FC LUZERN,FC VADUZ,2,1,0,0,H,23,9,8,4,14,12,3,4,5,4,0,0,348,476,3,6,43.0,57.0,1555379.0
02/09/2026,Super League Suiza,2026/2027,FC THUN,LAUSANNE,0,0,0,0,D,22,10,5,3,19,9,6,2,3,1,0,0,432,340,3,5,57.0,43.0,1555380.0
02/09/2026,Super League Suiza,2026/2027,GRASSHOPPERS,FC ST. GALLEN,2,0,1,0,H,22,20,8,4,11,8,7,14,1,2,0,0,309,380,4,6,43.0,57.0,1555378.0
02/09/2026,Superliga Dinamarca,2026/2027,AARHUS,FC MIDTJYLLAND,0,2,0,1,A,18,14,3,7,19,20,8,5,2,3,0,0,449,305,5,3,58.0,42.0,1549008.0
02/09/2026,First League Bulgaria,2026/2027,SLAVIA SOFIA,LEVSKI SOFIA,1,2,0,0,A,4,11,2,4,0,0,2,4,3,0,0,0,0,0,0,0,37.0,63.0,1551080.0
07/08/2026,TFF 1. Lig,2026/2027,BOLUSPOR,MANISA F.K.,1,2,1,2,A,6,13,2,5,17,6,3,3,2,0,0,0,307,614,3,1,34.0,66.0,1585692.0
08/08/2026,TFF 1. Lig,2026/2027,BANDIRMASPOR,İSTANBULSPOR,3,0,2,0,H,9,12,7,3,14,16,1,3,3,3,0,1,445,364,3,4,54.0,46.0,1585690.0
08/08/2026,TFF 1. Lig,2026/2027,SIVASSPOR,ESENLER EROKSPOR,0,0,0,0,D,16,7,5,0,7,12,8,2,2,2,0,0,351,420,0,5,46.0,54.0,1585696.0
08/08/2026,TFF 1. Lig,2026/2027,ÜMRANIYESPOR,MARDIN 1969,0,0,0,0,D,11,7,6,1,11,14,6,6,1,2,0,0,392,444,1,6,46.0,54.0,1585697.0
08/08/2026,TFF 1. Lig,2026/2027,ANTALYASPOR,KEÇIÖRENGÜCÜ,4,3,1,0,H,14,18,4,6,14,9,4,5,2,2,0,0,455,300,3,0,59.0,41.0,1585689.0
09/08/2026,TFF 1. Lig,2026/2027,SARIYER,MUĞLASPOR,2,0,1,0,H,7,11,3,1,9,17,5,3,1,3,0,0,453,424,1,1,44.0,56.0,1585695.0
09/08/2026,TFF 1. Lig,2026/2027,IĞDIR FK,FATIH KARAGÜMRÜK,2,0,1,0,H,11,7,5,5,19,15,3,4,1,2,0,0,449,383,5,3,54.0,46.0,1585693.0
09/08/2026,TFF 1. Lig,2026/2027,BODRUM FK,BURSASPOR,0,2,0,2,A,6,14,1,7,5,16,4,3,0,2,0,0,341,484,6,1,42.0,58.0,1585691.0
09/08/2026,TFF 1. Lig,2026/2027,VANSPOR FK,KAYSERISPOR,0,2,0,1,A,9,17,2,4,5,7,5,5,0,0,0,0,236,730,2,2,25.0,75.0,1585698.0
10/08/2026,TFF 1. Lig,2026/2027,PENDIKSPOR,BATMAN PETROLSPOR,2,2,0,1,D,18,8,7,5,11,10,4,1,1,4,0,1,470,302,2,5,62.0,38.0,1585694.0
14/08/2026,TFF 1. Lig,2026/2027,ESENLER EROKSPOR,SARIYER,1,1,0,0,D,15,5,3,3,17,8,4,3,3,2,0,0,532,359,2,2,60.0,40.0,1585701.0
15/08/2026,TFF 1. Lig,2026/2027,İSTANBULSPOR,BODRUM FK,2,2,2,0,D,15,14,9,5,5,7,5,6,1,1,0,0,416,467,3,7,47.0,53.0,1585702.0
15/08/2026,TFF 1. Lig,2026/2027,FATIH KARAGÜMRÜK,ÜMRANIYESPOR,2,1,0,0,H,15,16,7,7,11,12,2,7,0,2,0,0,390,549,6,5,42.0,58.0,1585703.0
15/08/2026,TFF 1. Lig,2026/2027,BURSASPOR,IĞDIR FK,1,0,1,0,H,5,10,2,4,14,15,3,4,0,1,0,1,458,448,4,1,51.0,49.0,1585700.0
15/08/2026,TFF 1. Lig,2026/2027,MANISA F.K.,VANSPOR FK,4,1,3,0,H,14,11,7,3,11,10,3,3,2,2,0,1,463,392,2,3,54.0,46.0,1585706.0
16/08/2026,TFF 1. Lig,2026/2027,KAYSERISPOR,SIVASSPOR,2,0,2,0,H,16,15,5,2,11,14,6,5,5,2,0,1,392,485,2,3,44.0,56.0,1585704.0
16/08/2026,TFF 1. Lig,2026/2027,KEÇIÖRENGÜCÜ,PENDIKSPOR,4,1,2,1,H,10,18,5,4,10,10,2,6,3,0,0,0,326,461,3,1,41.0,59.0,1585705.0
16/08/2026,TFF 1. Lig,2026/2027,MARDIN 1969,ANTALYASPOR,2,0,1,0,H,19,11,7,3,16,11,7,1,3,1,0,0,267,547,3,5,34.0,66.0,1585707.0
16/08/2026,TFF 1. Lig,2026/2027,MUĞLASPOR,BANDIRMASPOR,0,0,0,0,D,10,7,4,2,20,19,5,2,3,1,0,0,280,559,2,4,34.0,66.0,1585708.0
17/08/2026,TFF 1. Lig,2026/2027,BATMAN PETROLSPOR,BOLUSPOR,2,0,1,0,H,15,11,3,4,12,13,9,1,5,4,0,0,374,261,4,1,59.0,41.0,1585699.0
21/08/2026,TFF 1. Lig,2026/2027,FATIH KARAGÜMRÜK,BURSASPOR,2,1,2,0,H,9,22,3,4,9,9,2,11,0,2,0,0,282,638,4,1,31.0,69.0,1585714.0
22/08/2026,TFF 1. Lig,2026/2027,ÜMRANIYESPOR,ESENLER EROKSPOR,1,1,0,0,D,11,10,3,4,12,15,3,9,0,3,0,0,334,499,4,2,40.0,60.0,1585717.0
22/08/2026,TFF 1. Lig,2026/2027,IĞDIR FK,KAYSERISPOR,0,1,0,0,A,13,10,2,3,12,7,6,4,0,2,0,0,470,405,2,2,54.0,46.0,1585713.0
22/08/2026,TFF 1. Lig,2026/2027,ANTALYASPOR,PENDIKSPOR,2,3,0,2,A,12,6,3,5,8,20,11,1,4,1,0,0,471,345,2,1,59.0,41.0,1585709.0
22/08/2026,TFF 1. Lig,2026/2027,BODRUM FK,MUĞLASPOR,0,0,0,0,D,18,7,4,2,20,10,9,2,5,3,1,1,415,347,2,4,56.0,44.0,1585711.0
23/08/2026,TFF 1. Lig,2026/2027,BANDIRMASPOR,KEÇIÖRENGÜCÜ,1,1,1,0,D,17,7,8,3,15,12,5,3,2,2,0,0,464,285,2,7,62.0,38.0,1585710.0
23/08/2026,TFF 1. Lig,2026/2027,BOLUSPOR,MARDIN 1969,0,3,0,2,A,10,11,0,5,9,3,2,4,1,1,0,0,413,496,2,0,46.0,54.0,1585712.0
23/08/2026,TFF 1. Lig,2026/2027,SARIYER,BATMAN PETROLSPOR,1,2,0,1,A,19,10,9,3,10,19,7,3,1,3,0,1,460,330,1,7,59.0,41.0,1585715.0
23/08/2026,TFF 1. Lig,2026/2027,VANSPOR FK,İSTANBULSPOR,3,2,2,2,H,11,13,6,3,14,17,4,1,0,2,0,0,411,403,1,3,50.0,50.0,1585718.0
24/08/2026,TFF 1. Lig,2026/2027,SIVASSPOR,MANISA F.K.,2,2,2,1,D,17,13,7,2,14,18,8,2,2,4,0,0,332,375,0,5,48.0,52.0,1585716.0
01/09/2026,TFF 1. Lig,2026/2027,BANDIRMASPOR,ANTALYASPOR,0,1,0,1,A,10,8,4,3,15,10,7,1,4,1,1,0,496,267,2,4,63.0,37.0,1585729.0
01/09/2026,TFF 1. Lig,2026/2027,ÜMRANIYESPOR,MUĞLASPOR,0,1,0,1,A,15,5,3,2,12,12,3,1,3,4,0,0,636,329,1,3,66.0,34.0,1585737.0
01/09/2026,TFF 1. Lig,2026/2027,BOLUSPOR,KEÇIÖRENGÜCÜ,0,2,0,2,A,10,15,2,6,8,16,3,6,3,1,0,0,413,465,4,2,45.0,55.0,1585731.0
01/09/2026,TFF 1. Lig,2026/2027,SARIYER,PENDIKSPOR,2,0,0,0,H,8,11,3,0,10,5,1,3,2,1,0,1,515,444,0,1,51.0,49.0,1585735.0
02/09/2026,TFF 1. Lig,2026/2027,VANSPOR FK,BATMAN PETROLSPOR,0,2,0,1,A,6,13,1,3,15,13,3,5,2,1,0,0,339,478,0,2,42.0,58.0,1585738.0
02/09/2026,TFF 1. Lig,2026/2027,SIVASSPOR,MARDIN 1969,2,2,0,2,D,13,18,4,4,20,16,2,6,2,3,0,0,364,290,3,2,54.0,46.0,1585736.0
02/09/2026,TFF 1. Lig,2026/2027,FATIH KARAGÜMRÜK,KAYSERISPOR,1,1,0,0,D,11,11,4,4,12,15,4,7,2,4,0,0,428,480,3,3,47.0,53.0,1585734.0
14/08/2026,Super Lig,2026/2027,GALATASARAY,ÇORUM FK,2,2,0,0,D,38,8,13,3,11,6,8,1,1,0,0,1,523,306,1,11,64.0,36.0,1584370.0
15/08/2026,Super Lig,2026/2027,KONYASPOR,RIZESPOR,0,1,0,0,A,7,14,3,5,12,11,1,7,1,4,0,0,376,478,4,3,44.0,56.0,1584374.0
15/08/2026,Super Lig,2026/2027,KASIMPAŞA,TRABZONSPOR,1,1,0,1,D,9,13,4,5,17,9,3,10,2,0,0,0,332,490,4,3,40.0,60.0,1584373.0
15/08/2026,Super Lig,2026/2027,GENÇLERBIRLIĞI S.K.,FENERBAHÇE,2,1,1,1,H,10,27,3,11,7,10,1,12,0,1,0,0,281,678,10,1,29.0,71.0,1584372.0
15/08/2026,Super Lig,2026/2027,GAZIANTEP FK,ALANYASPOR,1,1,0,1,D,13,11,5,2,14,21,0,4,3,3,0,0,541,332,1,4,61.0,39.0,1584371.0
16/08/2026,Super Lig,2026/2027,BAŞAKŞEHIR,KOCAELISPOR,2,0,1,0,H,17,8,5,4,14,14,8,2,2,2,0,0,469,461,4,3,51.0,49.0,1584368.0
16/08/2026,Super Lig,2026/2027,BEŞIKTAŞ,EYÜPSPOR,1,0,1,0,H,19,4,5,1,20,14,8,2,2,3,0,1,521,268,1,4,66.0,34.0,1584369.0
16/08/2026,Super Lig,2026/2027,AMED,ERZURUMSPOR FK,3,0,0,0,H,13,5,5,1,10,12,4,4,1,0,0,0,440,505,1,2,46.0,54.0,1584367.0
17/08/2026,Super Lig,2026/2027,SAMSUNSPOR,GÖZTEPE,3,3,2,1,D,21,20,3,7,8,13,4,8,1,4,0,0,509,230,4,0,69.0,31.0,1584375.0
21/08/2026,Super Lig,2026/2027,ERZURUMSPOR FK,GALATASARAY,0,4,0,3,A,12,10,4,4,11,12,2,2,1,0,0,0,505,536,0,4,48.0,52.0,1584378.0
22/08/2026,Super Lig,2026/2027,RIZESPOR,SAMSUNSPOR,0,2,0,1,A,28,6,8,3,13,11,10,1,1,1,0,0,520,364,1,8,60.0,40.0,1584383.0
22/08/2026,Super Lig,2026/2027,ÇORUM FK,KASIMPAŞA,0,1,0,1,A,16,6,2,1,12,13,7,0,1,3,0,0,716,247,0,2,75.0,25.0,1584377.0
22/08/2026,Super Lig,2026/2027,FENERBAHÇE,KONYASPOR,4,2,3,1,H,20,17,9,8,11,10,7,3,0,3,0,0,417,446,6,5,49.0,51.0,1584380.0
23/08/2026,Super Lig,2026/2027,TRABZONSPOR,BAŞAKŞEHIR,2,1,1,1,H,19,12,8,4,13,18,5,1,3,4,0,0,477,422,3,7,53.0,47.0,1584384.0
23/08/2026,Super Lig,2026/2027,EYÜPSPOR,GAZIANTEP FK,0,1,0,0,A,12,9,1,2,16,17,4,2,0,1,0,1,437,357,1,1,56.0,44.0,1584379.0
23/08/2026,Super Lig,2026/2027,GÖZTEPE,GENÇLERBIRLIĞI S.K.,0,1,0,0,A,16,10,6,2,15,12,6,5,1,2,0,0,357,359,1,6,51.0,49.0,1584381.0
23/08/2026,Super Lig,2026/2027,ALANYASPOR,BEŞIKTAŞ,1,0,0,0,H,9,14,3,6,14,14,7,7,0,0,0,0,295,560,6,2,35.0,65.0,1584376.0
24/08/2026,Super Lig,2026/2027,KOCAELISPOR,AMED,2,0,1,0,H,11,12,3,1,9,16,3,7,0,2,0,0,377,465,1,1,44.0,56.0,1584382.0
28/08/2026,Super Lig,2026/2027,GENÇLERBIRLIĞI S.K.,ERZURUMSPOR FK,1,1,0,0,D,16,9,5,4,15,11,3,5,3,3,0,0,400,455,3,3,47.0,53.0,1584391.0
02/09/2026,Premiership Escocia,2026/2027,CELTIC,ABERDEEN,3,0,3,0,H,27,9,12,2,10,7,15,5,1,1,0,0,746,377,2,9,61.0,39.0,1556652.0
02/09/2026,Premiership Escocia,2026/2027,KILMARNOCK,ST MIRREN,0,1,0,1,A,9,10,2,1,12,13,7,3,2,2,0,0,457,520,0,2,43.0,57.0,1556656.0
02/09/2026,Premiership Escocia,2026/2027,DUNDEE,ST JOHNSTONE,1,1,0,0,D,10,15,2,3,16,14,2,5,0,2,0,0,396,583,4,2,48.0,52.0,1556653.0
02/09/2026,Premiership Escocia,2026/2027,MOTHERWELL,DUNDEE UTD,3,0,1,0,H,25,5,8,1,8,6,9,3,1,0,0,1,754,295,1,5,60.0,40.0,1556657.0
02/09/2026,Premiership Escocia,2026/2027,FALKIRK,RANGERS,1,2,1,1,A,12,16,5,6,12,17,5,6,2,1,0,0,390,426,4,5,43.0,57.0,1556654.0
02/09/2026,Championship,2026/2027,MILLWALL,WREXHAM,0,3,0,1,A,4,9,0,3,11,14,1,2,2,1,0,0,350,566,1,0,39.0,61.0,1563128.0
02/09/2026,Championship,2026/2027,WEST BROM,CHARLTON,1,1,0,0,D,15,4,3,1,4,16,8,3,1,1,0,0,721,282,0,2,71.0,29.0,1563130.0
02/09/2026,Championship,2026/2027,QPR,CARDIFF,2,1,1,0,H,20,9,4,3,10,12,3,4,0,2,0,0,342,583,2,2,37.0,63.0,1563129.0
02/09/2026,Championship,2026/2027,BURNLEY,MIDDLESBROUGH,1,1,0,1,D,11,10,3,2,11,8,5,1,2,2,0,0,390,541,1,2,43.0,57.0,1563127.0
03/09/2026,LaLiga EA Sports,2026/2027,REAL SOCIEDAD,CELTA VIGO,0,0,0,0,D,16,7,5,2,15,11,11,3,2,3,0,0,526,522,2,5,51.0,49.0,1570392.0
03/09/2026,Ligue 1,2026/2027,TOULOUSE,LILLE,0,1,0,0,A,24,10,10,6,16,9,6,2,1,0,0,0,516,462,5,9,53.0,47.0,1552754.0
03/09/2026,Jupiler Pro League,2026/2027,ANDERLECHT,KORTRIJK,1,0,1,0,H,14,6,5,1,10,18,7,2,2,2,0,0,556,414,1,4,58.0,42.0,1558604.0
03/09/2026,Jupiler Pro League,2026/2027,GENT,OH LEUVEN,1,0,0,0,H,15,8,1,1,10,8,10,1,1,2,0,0,390,539,1,0,43.0,57.0,1558603.0
03/09/2026,Super League Suiza,2026/2027,FC BASEL 1893,FC SION,1,2,1,0,A,11,19,3,6,12,13,4,7,2,2,1,0,499,495,4,2,46.0,54.0,1555381.0
03/09/2026,Super League Suiza,2026/2027,FC LUGANO,SERVETTE FC,1,0,0,0,H,20,10,3,2,13,9,11,3,2,2,0,0,616,325,2,2,66.0,34.0,1555382.0
03/09/2026,Superliga Dinamarca,2026/2027,FC COPENHAGEN,FC NORDSJAELLAND,2,0,2,0,H,21,10,7,1,14,10,2,0,3,2,0,0,414,611,1,5,41.0,59.0,1549009.0
03/09/2026,NB I Hungria,2026/2027,GYORI ETO FC,FERENCVAROSI TC,0,3,0,1,A,11,16,3,7,13,23,4,9,2,1,0,0,385,436,4,3,41.0,59.0,1560214.0
03/09/2026,Premiership Escocia,2026/2027,HIBERNIAN,HEART OF MIDLOTHIAN,1,3,0,2,A,17,12,4,5,16,9,7,8,2,0,2,0,376,378,2,3,55.0,45.0,1556655.0
03/09/2026,TFF 1. Lig,2026/2027,IĞDIR FK,MANISA F.K.,4,2,3,1,H,23,14,6,7,15,10,7,6,2,4,0,0,368,338,5,2,52.0,48.0,1585733.0
03/09/2026,TFF 1. Lig,2026/2027,BURSASPOR,İSTANBULSPOR,4,0,1,0,H,17,4,6,1,9,10,8,1,3,4,0,0,586,284,1,3,67.0,33.0,1585732.0
03/09/2026,TFF 1. Lig,2026/2027,BODRUM FK,ESENLER EROKSPOR,0,0,0,0,D,9,19,4,4,15,6,1,4,4,3,0,0,301,488,4,4,37.0,63.0,1585730.0
04/09/2026,Premier League,2026/2027,IPSWICH,LIVERPOOL,0,2,0,2,A,14,10,5,7,6,13,4,3,1,3,0,0,428,531,5,5,45,55,1557393
05/09/2026,Premier League,2026/2027,NEWCASTLE,BOURNEMOUTH,2,2,1,2,D,8,17,2,5,19,17,4,3,2,3,0,0,459,335,4,0,57,43,1557395
05/09/2026,Premier League,2026/2027,FULHAM,CRYSTAL PALACE,2,3,2,1,A,25,10,6,5,6,7,7,1,0,0,0,0,672,369,2,5,65,35,1557391
05/09/2026,Premier League,2026/2027,MANCHESTER CITY,COVENTRY,1,0,1,0,H,15,12,4,3,7,17,4,5,1,2,0,0,803,217,3,2,78,22,1557394
05/09/2026,Premier League,2026/2027,BRIGHTON,LEEDS,1,1,0,1,D,20,10,5,5,13,16,7,6,3,3,0,0,490,239,3,4,67,33,1557389
05/09/2026,Premier League,2026/2027,BRENTFORD,SUNDERLAND,1,1,0,0,D,12,14,2,5,19,9,4,3,3,2,0,0,364,379,2,1,49,51,1557388
05/09/2026,Premier League,2026/2027,NOTTINGHAM FOREST,TOTTENHAM,0,0,0,0,D,12,12,2,0,22,13,2,10,2,2,0,0,311,443,0,1,41,59,1557396
05/09/2026,Championship,2026/2027,PRESTON,BLACKBURN,2,1,2,0,H,8,12,3,5,11,9,3,11,4,2,0,0,243,518,5,1,33,67,1563136
05/09/2026,Championship,2026/2027,STOKE CITY,CHARLTON,4,0,4,0,H,17,13,8,3,20,13,5,3,1,2,0,1,500,292,3,4,63,37,1563139
05/09/2026,Championship,2026/2027,LINCOLN,SOUTHAMPTON,1,1,0,1,D,19,16,5,4,14,10,4,6,3,0,0,0,317,510,2,4,39,61,1563133
05/09/2026,Championship,2026/2027,BURNLEY,BRISTOL CITY,1,2,0,0,A,8,14,2,4,13,7,5,8,3,0,0,0,468,420,2,1,53,47,1563132
05/09/2026,Championship,2026/2027,WEST HAM,DERBY,3,0,1,0,H,20,5,7,0,6,16,5,6,0,2,0,0,462,420,0,4,52,48,1563142
05/09/2026,Championship,2026/2027,MILLWALL,BOLTON,4,0,1,0,H,12,13,5,4,13,14,4,9,0,1,1,1,263,411,4,1,39,61,1563134
05/09/2026,Championship,2026/2027,WEST BROM,WATFORD,1,0,1,0,H,9,10,4,2,18,12,5,4,5,3,0,0,446,406,2,3,52,48,1563141
05/09/2026,Championship,2026/2027,SHEFFIELD UTD,NORWICH,1,3,1,2,A,11,19,4,8,14,13,7,4,2,3,0,0,370,442,4,3,46,54,1563138
05/09/2026,Championship,2026/2027,QPR,MIDDLESBROUGH,0,1,0,1,A,16,16,5,6,3,8,12,3,1,2,0,0,454,437,5,5,52,48,1563137
05/09/2026,Championship,2026/2027,PORTSMOUTH,CARDIFF,2,0,1,0,H,15,17,5,5,15,12,5,7,0,4,0,0,253,468,5,3,36,64,1563135
04/09/2026,LaLiga EA Sports,2026/2027,REAL BETIS,REAL MADRID,1,0,0,0,H,10,20,5,8,11,13,6,10,3,3,0,0,412,586,6,4,42,58,1570365
05/09/2026,LaLiga EA Sports,2026/2027,ATHLETIC CLUB,ATLETICO MADRID,3,0,0,0,H,11,15,4,5,8,6,3,8,0,1,0,0,386,632,5,1,38,62,1570364
04/09/2026,LaLiga Hypermotion,2026/2027,LAS PALMAS,LEGANES,0,0,0,0,D,3,10,1,2,12,15,3,4,3,2,0,0,415,432,2,1,49,51,1569910
05/09/2026,LaLiga Hypermotion,2026/2027,REAL SOCIEDAD II,TENERIFE,1,1,0,0,D,8,4,1,1,13,12,2,3,2,4,0,0,479,364,0,0,56,44,1569912
05/09/2026,LaLiga Hypermotion,2026/2027,SPORTING GIJON,GIRONA,0,2,0,1,A,20,10,5,3,7,12,4,0,1,3,0,0,561,387,1,5,60,40,1569909
04/09/2026,Bundesliga,2026/2027,VFB STUTTGART,1. FC KÖLN,4,1,1,0,H,22,18,8,5,5,6,10,8,1,3,0,0,526,378,3,4,58,42,1575149
05/09/2026,Bundesliga,2026/2027,WERDER BREMEN,RB LEIPZIG,3,1,1,0,H,12,19,7,5,13,8,2,7,1,0,0,0,287,689,3,4,29,71,1575155
05/09/2026,Bundesliga,2026/2027,BORUSSIA MÖNCHENGLADBACH,SV ELVERSBERG,3,4,2,1,A,25,14,6,10,18,9,13,4,3,1,0,0,365,363,6,2,52,48,1575153
05/09/2026,Bundesliga,2026/2027,1899 HOFFENHEIM,BORUSSIA DORTMUND,2,3,1,0,A,18,11,6,4,13,7,10,3,4,2,0,0,490,329,2,4,60,40,1575150
05/09/2026,Bundesliga,2026/2027,BAYER LEVERKUSEN,UNION BERLIN,4,0,2,0,H,21,5,10,0,11,12,11,1,2,2,0,0,580,325,0,6,64,36,1575151
05/09/2026,Bundesliga,2026/2027,SC PADERBORN 07,SC FREIBURG,0,1,0,1,A,14,16,3,5,16,10,5,4,3,3,0,0,533,362,4,3,59,41,1575157
04/09/2026,2. Bundesliga,2026/2027,HANNOVER 96,KARLSRUHER SC,2,2,2,1,D,12,20,6,7,12,12,1,5,4,2,0,0,471,424,5,3,52,48,1576163
04/09/2026,2. Bundesliga,2026/2027,ARMINIA BIELEFELD,FC ST. PAULI,2,2,1,1,D,9,8,2,5,12,14,3,5,2,3,0,0,461,604,3,0,43,57,1576161
05/09/2026,2. Bundesliga,2026/2027,VFL WOLFSBURG,ENERGIE COTTBUS,4,4,3,1,D,19,21,7,9,13,12,4,9,1,4,1,0,404,376,5,3,51,49,1576169
05/09/2026,2. Bundesliga,2026/2027,HOLSTEIN KIEL,1. FC NÜRNBERG,2,2,1,1,D,14,19,3,7,17,14,10,8,4,3,0,0,331,431,4,1,44,56,1576165
05/09/2026,2. Bundesliga,2026/2027,1. FC KAISERSLAUTERN,SV DARMSTADT 98,3,0,1,0,H,21,9,7,2,19,14,9,3,3,2,0,0,452,369,2,4,56,44,1576166
04/09/2026,Serie A Italia,2026/2027,GENOA,COMO,1,4,1,3,A,11,20,2,9,8,7,5,4,2,1,0,0,361,618,5,1,38,62,1550112
05/09/2026,Serie A Italia,2026/2027,FIORENTINA,TORINO,1,2,0,0,A,14,7,6,4,13,9,3,5,0,0,0,0,350,551,2,4,40,60,1550110
05/09/2026,Serie B Italia,2026/2027,SUDTIROL,CATANZARO,2,0,0,0,H,9,12,4,2,9,7,3,5,1,1,0,0,370,456,2,2,44,56,1601521
05/09/2026,Serie B Italia,2026/2027,ASCOLI,BENEVENTO,1,0,0,0,H,12,4,4,0,7,12,7,5,2,3,0,1,381,291,0,3,57,43,1601513
04/09/2026,Ligue 1,2026/2027,LYON,AUXERRE,3,1,2,1,H,21,8,7,3,11,8,9,5,2,2,0,0,522,291,2,5,63,37,1552750
04/09/2026,Ligue 1,2026/2027,PARIS SAINT GERMAIN,MONACO,1,2,1,0,A,23,4,10,2,9,11,6,0,1,1,0,0,757,355,0,9,68,32,1552753
05/09/2026,Ligue 1,2026/2027,LENS,LORIENT,0,1,0,0,A,17,8,6,3,18,6,8,0,2,1,1,0,578,458,2,6,57,43,1552749
04/09/2026,Ligue 2,2026/2027,GRENOBLE,ANNECY,1,2,0,0,A,10,13,2,4,12,12,5,6,0,3,0,0,354,442,2,1,44,56,1552461
04/09/2026,Ligue 2,2026/2027,LAVAL,RED STAR FC 93,1,2,0,2,A,15,16,3,7,15,20,5,6,2,3,0,1,478,426,5,2,53,47,1552462
04/09/2026,Ligue 2,2026/2027,PAU,SOCHAUX,1,1,1,0,D,19,12,8,3,21,15,8,1,1,1,0,1,416,359,2,6,55,45,1552465
04/09/2026,Ligue 2,2026/2027,BOULOGNE,DIJON,1,1,1,0,D,15,12,3,6,10,15,10,5,2,2,0,0,422,498,6,2,46,54,1552459
04/09/2026,Ligue 2,2026/2027,DUNKERQUE,CLERMONT FOOT,1,1,1,0,D,17,14,2,3,15,12,2,7,1,2,0,0,373,582,2,1,39,61,1552460
05/09/2026,Ligue 2,2026/2027,REIMS,GUINGAMP,2,2,0,1,D,9,17,3,7,13,12,0,3,1,1,0,0,504,457,4,1,52,48,1552466
05/09/2026,Ligue 2,2026/2027,METZ,RODEZ,4,1,3,1,H,19,19,8,6,11,11,7,7,2,0,0,0,459,324,5,4,57,43,1552463
04/09/2026,Eredivisie,2026/2027,SPARTA ROTTERDAM,PEC ZWOLLE,2,2,1,1,D,21,15,8,6,12,11,15,4,0,2,0,0,463,366,4,6,56,44,1552153
05/09/2026,Eredivisie,2026/2027,NEC NIJMEGEN,FEYENOORD,1,3,0,0,A,12,11,2,6,9,15,1,1,1,2,0,0,534,323,2,1,62,38,1552154
04/09/2026,Eerste Divisie Holanda 2da,2026/2027,VITESSE,FC OSS,2,1,0,0,H,20,6,2,2,15,7,9,1,1,3,0,0,426,343,1,1,57,43,1551781
04/09/2026,Eerste Divisie Holanda 2da,2026/2027,HERACLES,DE GRAAFSCHAP,5,0,2,0,H,16,5,8,3,14,13,5,1,2,2,0,0,352,482,3,2,44,56,1551780
04/09/2026,Eerste Divisie Holanda 2da,2026/2027,EMMEN,FC VOLENDAM,5,3,1,0,H,20,10,10,7,11,11,7,2,3,2,0,0,388,394,4,5,58,42,1551778
04/09/2026,Eerste Divisie Holanda 2da,2026/2027,WAALWIJK,NAC BREDA,4,2,1,0,H,14,16,4,6,17,8,3,4,2,1,0,1,472,396,4,1,55,45,1551782
04/09/2026,Eerste Divisie Holanda 2da,2026/2027,ALMERE CITY FC,JONG AJAX,0,1,0,0,A,24,15,5,4,12,15,10,4,2,3,0,0,296,452,3,4,42,58,1551777
04/09/2026,Eerste Divisie Holanda 2da,2026/2027,HELMOND SPORT,VVV VENLO,4,2,2,0,H,20,19,6,10,18,5,2,8,5,0,0,0,415,386,8,2,51,49,1551779
05/09/2026,Eerste Divisie Holanda 2da,2026/2027,DORDRECHT,JONG AZ,3,6,2,3,A,14,22,5,14,13,12,2,6,1,2,1,0,442,409,7,2,52,48,1551783
04/09/2026,Jupiler Pro League,2026/2027,LOMMEL UNITED,CLUB BRUGGE KV,0,1,0,1,A,7,13,2,3,7,15,2,9,1,2,0,0,431,465,2,2,48,52,1558617
05/09/2026,Jupiler Pro League,2026/2027,CHARLEROI,UNION ST. GILLOISE,2,3,2,2,A,20,17,5,7,12,17,5,7,1,2,0,0,479,334,5,3,60,40,1558618
04/09/2026,Challenger Pro League Belgica 2da,2026/2027,BEERSCHOT VA,PATRO EISDEN,4,2,1,1,H,25,6,12,3,5,14,9,2,2,1,0,1,576,240,0,9,70,30,1559148
04/09/2026,Challenger Pro League Belgica 2da,2026/2027,DENDER,SERAING UNITED,2,0,1,0,H,9,12,3,1,20,13,4,4,2,3,0,0,418,456,1,1,48,52,1559149
05/09/2026,Challenger Pro League Belgica 2da,2026/2027,KAA GENT II,RSC ANDERLECHT II,2,2,2,1,D,12,18,4,7,15,13,1,7,0,1,0,0,420,462,5,2,46,54,1559151
05/09/2026,Challenger Pro League Belgica 2da,2026/2027,CLUB BRUGGE II,AS EUPEN,0,1,0,0,A,0,1,0,1,0,0,3,3,4,3,0,0,0,0,0,0,44,56,1559150
04/09/2026,Superliga Dinamarca,2026/2027,VIBORG,LYNGBY,0,2,0,1,A,18,6,3,2,13,14,7,5,1,1,0,0,591,399,0,4,60,40,1549010
04/09/2026,NB I Hungria,2026/2027,VASAS,NYIREGYHAZA,3,2,2,1,H,14,17,5,7,14,18,7,7,3,5,0,1,331,376,5,2,48,52,1560241
04/09/2026,Liga I Rumania,2026/2027,CFR 1907 CLUJ,FARUL CONSTANTA,0,0,0,0,D,8,14,3,3,10,12,5,6,1,1,0,0,345,617,3,3,36,64,1565239
05/09/2026,Liga I Rumania,2026/2027,FC BOTOSANI,SEPSI OSK SFANTU GHEORGHE,5,0,4,0,H,13,10,6,1,15,18,6,2,1,2,0,0,427,361,1,1,54,46,1565241
05/09/2026,Liga I Rumania,2026/2027,UTA ARAD,CSIKSZEREDA,5,1,1,0,H,16,10,6,4,17,16,4,4,1,1,0,0,420,360,2,1,53,47,1565246
05/09/2026,Premiership Escocia,2026/2027,ABERDEEN,KILMARNOCK,0,0,0,0,D,10,11,2,4,13,13,6,7,5,1,0,1,468,381,4,2,55,45,1556658
05/09/2026,Premiership Escocia,2026/2027,RANGERS,MOTHERWELL,1,0,1,0,H,27,8,6,3,7,12,7,5,0,0,0,0,387,574,3,4,41,59,1556661
05/09/2026,Premiership Escocia,2026/2027,DUNDEE UTD,FALKIRK,1,1,0,1,D,27,12,9,4,16,14,14,5,3,2,0,0,458,286,3,8,62,38,1556659
04/09/2026,First League Bulgaria,2026/2027,SEPTEMVRI SOFIA,BOTEV VRATSA,2,3,0,1,A,10,7,5,4,0,0,9,2,2,1,0,0,0,0,0,0,59,41,1551101
04/09/2026,First League Bulgaria,2026/2027,ARDA KARDZHALI,BOTEV PLOVDIV,2,3,0,2,A,20,9,9,5,0,0,7,2,3,1,0,0,0,0,0,0,56,44,1551096
05/09/2026,TFF 1. Lig,2026/2027,BANDIRMASPOR,BOLUSPOR,6,0,5,0,H,27,12,13,4,16,9,6,4,1,2,0,0,455,302,4,6,60,40,1585740
04/09/2026,Super Lig,2026/2027,BAŞAKŞEHIR,GALATASARAY,2,3,0,1,A,12,13,3,6,14,15,6,5,2,3,1,0,399,433,3,2,48,52,1584394
05/09/2026,Super Lig,2026/2027,ERZURUMSPOR FK,KONYASPOR,1,0,1,0,H,12,14,4,1,13,11,4,3,1,4,0,0,275,515,1,3,34,66,1584396
07/08/2026,Liga Portugal,2026/2027,ESTORIL,FAMALICAO,1,1,0,1,D,14,6,3,3,12,13,7,6,1,2,0,0,429,433,0,2,50,50,1575447
08/08/2026,Liga Portugal,2026/2027,MARITIMO,CASA PIA,1,0,0,0,H,16,9,4,4,17,13,2,6,2,2,0,0,305,470,4,3,39,61,1575451
08/08/2026,Liga Portugal,2026/2027,VITÓRIA SC,AROUCA,0,1,0,0,A,24,4,3,2,9,7,5,2,2,5,0,1,495,380,1,3,58,42,1575454
08/08/2026,Liga Portugal,2026/2027,ESTRELA,SPORTING CP,2,2,0,0,D,8,15,3,8,13,14,5,4,2,2,0,0,349,446,6,2,44,56,1575448
09/08/2026,Liga Portugal,2026/2027,FC PORTO,ALVERCA,2,0,2,0,H,9,15,3,5,13,10,7,9,0,4,0,0,397,339,5,1,54,46,1575449
09/08/2026,Liga Portugal,2026/2027,BENFICA,ACADEMICO VISEU,2,2,1,0,D,28,8,11,4,14,13,10,2,2,4,0,0,515,314,2,8,62,38,1575446
09/08/2026,Liga Portugal,2026/2027,MOREIRENSE,SC BRAGA,2,2,1,1,D,7,13,3,4,15,20,4,2,4,2,0,0,340,616,2,1,36,64,1575452
09/08/2026,Liga Portugal,2026/2027,GIL VICENTE,RIO AVE,1,0,0,0,H,13,6,5,2,14,9,5,2,2,3,0,1,487,285,2,4,63,37,1575450
10/08/2026,Liga Portugal,2026/2027,SANTA CLARA,NACIONAL,2,2,2,2,D,19,10,7,4,15,14,4,4,2,2,0,0,389,373,2,4,52,48,1575453
14/08/2026,Liga Portugal,2026/2027,SPORTING CP,VITÓRIA SC,3,2,3,0,H,5,12,3,3,12,21,5,1,4,4,0,0,512,398,1,0,56,44,1575463
15/08/2026,Liga Portugal,2026/2027,ALVERCA,ESTRELA,2,2,0,0,D,14,10,4,7,10,12,2,0,2,4,1,0,330,397,5,2,46,54,1575456
15/08/2026,Liga Portugal,2026/2027,ACADEMICO VISEU,SANTA CLARA,0,1,0,1,A,10,8,1,2,11,16,4,2,1,3,0,0,477,318,1,1,60,40,1575455
15/08/2026,Liga Portugal,2026/2027,RIO AVE,FC PORTO,0,2,0,1,A,13,14,1,6,1,10,6,6,0,0,0,0,407,441,4,1,48,52,1575462
16/08/2026,Liga Portugal,2026/2027,NACIONAL,ESTORIL,2,0,0,0,H,20,9,3,5,13,13,7,4,2,4,0,1,451,316,5,1,59,41,1575461
16/08/2026,Liga Portugal,2026/2027,AROUCA,MOREIRENSE,4,0,3,0,H,15,5,6,1,10,9,5,3,3,4,0,0,492,483,1,2,51,49,1575457
16/08/2026,Liga Portugal,2026/2027,FAMALICAO,MARITIMO,1,2,1,1,A,14,9,4,4,11,16,5,1,1,2,0,0,623,306,2,3,67,33,1575460
17/08/2026,Liga Portugal,2026/2027,CASA PIA,BENFICA,0,7,0,2,A,3,20,0,8,11,13,1,3,3,0,1,0,343,620,2,0,36,64,1575459
22/08/2026,Liga Portugal,2026/2027,MARITIMO,ACADEMICO VISEU,2,2,0,2,D,11,13,4,7,15,16,4,5,2,6,0,0,368,332,5,2,53,47,1575468
22/08/2026,Liga Portugal,2026/2027,ESTORIL,RIO AVE,0,2,0,1,A,18,3,6,3,11,14,6,3,1,1,0,0,430,356,1,6,55,45,1575464
22/08/2026,Liga Portugal,2026/2027,SPORTING CP,ALVERCA,3,1,1,0,H,15,10,7,3,13,17,3,4,1,3,0,0,611,414,2,5,59,41,1575471
23/08/2026,Liga Portugal,2026/2027,VITÓRIA SC,NACIONAL,1,0,1,0,H,23,7,5,0,18,8,4,3,2,1,0,0,382,423,0,3,48,52,1575472
23/08/2026,Liga Portugal,2026/2027,SANTA CLARA,FAMALICAO,1,0,1,0,H,12,9,2,3,16,16,1,9,1,3,0,0,266,569,3,1,32,68,1575470
23/08/2026,Liga Portugal,2026/2027,FC PORTO,AROUCA,2,0,0,0,H,23,4,10,1,16,8,12,2,1,0,0,0,463,415,1,8,53,47,1575466
24/08/2026,Liga Portugal,2026/2027,GIL VICENTE,CASA PIA,2,0,2,0,H,8,13,4,2,11,12,3,4,1,1,0,0,519,392,2,2,56,44,1575467
28/08/2026,Liga Portugal,2026/2027,RIO AVE,SPORTING CP,0,4,0,4,A,6,14,0,7,7,14,2,3,1,1,0,0,388,613,3,0,39,61,1575481
29/08/2026,Liga Portugal,2026/2027,AROUCA,MARITIMO,2,1,1,1,H,17,12,7,4,8,10,2,3,2,1,0,0,493,457,3,5,52,48,1575475
29/08/2026,Liga Portugal,2026/2027,ALVERCA,SANTA CLARA,1,1,0,0,D,5,15,1,3,14,9,10,4,1,2,0,0,351,356,2,0,50,50,1575474
29/08/2026,Liga Portugal,2026/2027,ACADEMICO VISEU,FC PORTO,0,3,0,3,A,9,5,1,4,13,19,1,1,0,0,0,0,510,384,1,1,57,43,1575473
30/08/2026,Liga Portugal,2026/2027,NACIONAL,ESTRELA,2,3,1,1,A,10,14,5,4,12,9,4,3,2,1,0,0,410,390,1,3,51,49,1575480
30/08/2026,Liga Portugal,2026/2027,CASA PIA,MOREIRENSE,0,1,0,1,A,14,6,2,5,14,18,5,1,1,3,0,0,444,278,4,2,63,37,1575478
30/08/2026,Liga Portugal,2026/2027,FAMALICAO,GIL VICENTE,0,0,0,0,D,7,7,1,1,10,19,6,3,2,4,0,0,495,389,1,1,56,44,1575479
31/08/2026,Liga Portugal,2026/2027,BENFICA,ESTORIL,2,1,1,0,H,25,4,8,2,14,12,9,0,0,1,0,0,616,327,1,6,66,34,1575476
31/08/2026,Liga Portugal,2026/2027,SC BRAGA,VITÓRIA SC,1,0,0,0,H,9,8,4,2,11,18,2,2,2,3,0,0,489,406,2,3,54,46,1575477
04/09/2026,Liga Portugal,2026/2027,FC PORTO,MOREIRENSE,2,1,1,1,H,23,7,9,2,11,12,9,1,1,2,0,1,563,252,1,7,70,30,1575485
05/09/2026,Liga Portugal,2026/2027,ESTRELA,FAMALICAO,2,2,0,1,D,14,14,4,4,11,9,5,5,3,2,0,0,300,450,2,2,41,59,1575484
29/08/2026,Liga Portugal 2,2026/2027,PORTIMONENSE,LEIXOES,0,2,0,1,A,5,9,2,5,0,0,2,8,3,3,0,0,0,0,0,0,42,58,1576473
05/09/2026,Liga Portugal 2,2026/2027,TONDELA,FC PORTO B,3,0,1,0,H,16,2,8,1,0,0,6,3,3,4,0,0,0,0,0,0,44,56,1576483
05/09/2026,Liga Portugal 2,2026/2027,PENAFIEL,ACADEMICA,4,1,2,0,H,10,20,6,9,0,0,2,4,5,2,2,0,0,0,0,0,45,55,1576481
05/09/2026,Liga Portugal 2,2026/2027,FEIRENSE,SPORTING CP B,1,3,0,1,A,10,11,5,4,0,0,7,3,1,2,0,0,0,0,0,0,51,49,1576477
05/09/2026,Liga Portugal 2,2026/2027,BENFICA B,TORREENSE,0,2,0,1,A,8,16,2,6,0,0,4,3,2,0,0,0,0,0,0,0,54,46,1576476
