Date,League,Season,HomeTeam,AwayTeam,minuto,minuto_str,parte,goleador,asistente,equipo,tipo,fixture_id
07/08/2026,2. Bundesliga,2026/2027,VFL BOCHUM,HERTHA BSC,39,39,1P,S. Gronning,S. Gouram,HERTHA BSC,Normal Goal,1576134
08/08/2026,2. Bundesliga,2026/2027,1. FC MAGDEBURG,EINTRACHT BRAUNSCHWEIG,15,15,1P,A. Opoku,M. Marie,EINTRACHT BRAUNSCHWEIG,Normal Goal,1576139
08/08/2026,2. Bundesliga,2026/2027,1. FC MAGDEBURG,EINTRACHT BRAUNSCHWEIG,21,21,1P,J. Urbich,M. Marie,EINTRACHT BRAUNSCHWEIG,Normal Goal,1576139
08/08/2026,2. Bundesliga,2026/2027,1. FC MAGDEBURG,EINTRACHT BRAUNSCHWEIG,26,26,1P,J. Urbich,S. Di Benedetto,EINTRACHT BRAUNSCHWEIG,Normal Goal,1576139
08/08/2026,2. Bundesliga,2026/2027,1. FC MAGDEBURG,EINTRACHT BRAUNSCHWEIG,44,44,1P,M. Aydin,,EINTRACHT BRAUNSCHWEIG,Penalty,1576139
08/08/2026,2. Bundesliga,2026/2027,1. FC MAGDEBURG,EINTRACHT BRAUNSCHWEIG,49,49,2P,M. Zukowski,B. Atik,1. FC MAGDEBURG,Normal Goal,1576139
08/08/2026,2. Bundesliga,2026/2027,1. FC MAGDEBURG,EINTRACHT BRAUNSCHWEIG,50,50,2P,S. Di Benedetto,Y. Sturm,EINTRACHT BRAUNSCHWEIG,Normal Goal,1576139
08/08/2026,2. Bundesliga,2026/2027,1. FC MAGDEBURG,EINTRACHT BRAUNSCHWEIG,61,61,2P,F. Flick,,EINTRACHT BRAUNSCHWEIG,Normal Goal,1576139
08/08/2026,2. Bundesliga,2026/2027,1. FC HEIDENHEIM,VFL OSNABRÜCK,10,10,1P,B. Zivzivadze,M. Costly,1. FC HEIDENHEIM,Normal Goal,1576137
08/08/2026,2. Bundesliga,2026/2027,1. FC HEIDENHEIM,VFL OSNABRÜCK,23,23,1P,N. Wiemann,K. Faber,VFL OSNABRÜCK,Normal Goal,1576137
08/08/2026,2. Bundesliga,2026/2027,1. FC HEIDENHEIM,VFL OSNABRÜCK,29,29,1P,M. Costly,M. Honsak,1. FC HEIDENHEIM,Normal Goal,1576137
08/08/2026,2. Bundesliga,2026/2027,1. FC HEIDENHEIM,VFL OSNABRÜCK,34,34,1P,D. Kopacz,K. Faber,VFL OSNABRÜCK,Normal Goal,1576137
08/08/2026,2. Bundesliga,2026/2027,1. FC HEIDENHEIM,VFL OSNABRÜCK,45,45,1P,J. Schoppner,J. Fohrenbach,1. FC HEIDENHEIM,Normal Goal,1576137
08/08/2026,2. Bundesliga,2026/2027,1. FC HEIDENHEIM,VFL OSNABRÜCK,89,89,2P,M. Pieringer,M. Costly,1. FC HEIDENHEIM,Normal Goal,1576137
08/08/2026,2. Bundesliga,2026/2027,1. FC HEIDENHEIM,VFL OSNABRÜCK,90,90,2P,R. Meissner,,VFL OSNABRÜCK,Penalty,1576137
08/08/2026,2. Bundesliga,2026/2027,SV DARMSTADT 98,HOLSTEIN KIEL,8,8,1P,G. Balzi,P. Harres,HOLSTEIN KIEL,Normal Goal,1576136
08/08/2026,2. Bundesliga,2026/2027,SV DARMSTADT 98,HOLSTEIN KIEL,42,42,1P,P. Harres,A. Kapralik,HOLSTEIN KIEL,Normal Goal,1576136
08/08/2026,2. Bundesliga,2026/2027,SV DARMSTADT 98,HOLSTEIN KIEL,76,76,2P,Lee Ho-Jae,K. Klefisch,SV DARMSTADT 98,Normal Goal,1576136
08/08/2026,2. Bundesliga,2026/2027,SV DARMSTADT 98,HOLSTEIN KIEL,86,86,2P,A. Vukotic,L. Duijvestijn,SV DARMSTADT 98,Normal Goal,1576136
08/08/2026,2. Bundesliga,2026/2027,KARLSRUHER SC,ARMINIA BIELEFELD,35,35,1P,M. Broschinski,M. Wanitzek,KARLSRUHER SC,Normal Goal,1576138
08/08/2026,2. Bundesliga,2026/2027,KARLSRUHER SC,ARMINIA BIELEFELD,78,78,2P,M. Broschinski,M. Wanitzek,KARLSRUHER SC,Normal Goal,1576138
08/08/2026,2. Bundesliga,2026/2027,KARLSRUHER SC,ARMINIA BIELEFELD,80,80,2P,M. Mehlem,I. Young,ARMINIA BIELEFELD,Normal Goal,1576138
09/08/2026,2. Bundesliga,2026/2027,1. FC NÜRNBERG,DYNAMO DRESDEN,9,9,1P,M. A. Zoma,F. O. Becker,1. FC NÜRNBERG,Normal Goal,1576140
09/08/2026,2. Bundesliga,2026/2027,1. FC NÜRNBERG,DYNAMO DRESDEN,45,45,1P,M. A. Zoma,,1. FC NÜRNBERG,Normal Goal,1576140
09/08/2026,2. Bundesliga,2026/2027,1. FC NÜRNBERG,DYNAMO DRESDEN,75,75,2P,Mohamed Ali Zoma,,1. FC NÜRNBERG,Missed Penalty,1576140
09/08/2026,2. Bundesliga,2026/2027,1. FC NÜRNBERG,DYNAMO DRESDEN,75,75,2P,M. A. Zoma,,1. FC NÜRNBERG,Normal Goal,1576140
09/08/2026,2. Bundesliga,2026/2027,FC ST. PAULI,SPVGG GREUTHER FÜRTH,46,46,2P,M. Mathisen,B. Hrgota,FC ST. PAULI,Normal Goal,1576141
09/08/2026,2. Bundesliga,2026/2027,FC ST. PAULI,SPVGG GREUTHER FÜRTH,51,51,2P,F. Klaus,J. Dehm,SPVGG GREUTHER FÜRTH,Normal Goal,1576141
09/08/2026,2. Bundesliga,2026/2027,ENERGIE COTTBUS,HANNOVER 96,14,14,1P,T. Cigerci,,ENERGIE COTTBUS,Normal Goal,1576135
09/08/2026,2. Bundesliga,2026/2027,ENERGIE COTTBUS,HANNOVER 96,28,28,1P,M. Neubauer,,HANNOVER 96,Normal Goal,1576135
09/08/2026,2. Bundesliga,2026/2027,ENERGIE COTTBUS,HANNOVER 96,71,71,2P,T. Cigerci,,ENERGIE COTTBUS,Penalty,1576135
09/08/2026,2. Bundesliga,2026/2027,ENERGIE COTTBUS,HANNOVER 96,76,76,2P,J. Butler,L. Erlein,ENERGIE COTTBUS,Normal Goal,1576135
31/07/2026,Bundesliga - Femenina,2026/2027,BONNER SC,ROT-WEISS OBERHAUSEN,16,16,1P,K. Yalcin,,ROT-WEISS OBERHAUSEN,Normal Goal,1587399
31/07/2026,Bundesliga - Femenina,2026/2027,BONNER SC,ROT-WEISS OBERHAUSEN,32,32,1P,J. Berg,,BONNER SC,Normal Goal,1587399
31/07/2026,Bundesliga - Femenina,2026/2027,BONNER SC,ROT-WEISS OBERHAUSEN,73,73,2P,A. Sune,,ROT-WEISS OBERHAUSEN,Normal Goal,1587399
01/08/2026,Bundesliga - Femenina,2026/2027,SPORTFREUNDE LOTTE,FC GUTERSLOH,37,37,1P,P. Twardzik,,FC GUTERSLOH,Normal Goal,1587405
01/08/2026,Bundesliga - Femenina,2026/2027,BERGISCH GLADBACH,SG WATTENSCHEID 09,69,69,2P,F. Wortmann,,SG WATTENSCHEID 09,Normal Goal,1587400
01/08/2026,Bundesliga - Femenina,2026/2027,BERGISCH GLADBACH,SG WATTENSCHEID 09,80,80,2P,T. Arndt,,BERGISCH GLADBACH,Normal Goal,1587400
01/08/2026,Bundesliga - Femenina,2026/2027,BORUSSIA M'GLADBACH II,SV RODINGHAUSEN,72,72,2P,A. Muradyan,,BORUSSIA M'GLADBACH II,Normal Goal,1587401
01/08/2026,Bundesliga - Femenina,2026/2027,BORUSSIA M'GLADBACH II,SV RODINGHAUSEN,90,90+2,2P,J. Adozi,,BORUSSIA M'GLADBACH II,Normal Goal,1587401
01/08/2026,Bundesliga - Femenina,2026/2027,KÖLN II,WIEDENBRÜCK,19,19,1P,L. Labenz,,KÖLN II,Normal Goal,1587404
01/08/2026,Bundesliga - Femenina,2026/2027,KÖLN II,WIEDENBRÜCK,23,23,1P,S. Kaptan,,WIEDENBRÜCK,Normal Goal,1587404
01/08/2026,Bundesliga - Femenina,2026/2027,KÖLN II,WIEDENBRÜCK,83,83,2P,L. Labenz,,KÖLN II,Normal Goal,1587404
01/08/2026,Bundesliga - Femenina,2026/2027,SCHALKE 04 II,PADERBORN II,56,56,2P,J. Ndiaye,,SCHALKE 04 II,Normal Goal,1587406
01/08/2026,Bundesliga - Femenina,2026/2027,SCHALKE 04 II,PADERBORN II,61,61,2P,E. Gashi,,SCHALKE 04 II,Normal Goal,1587406
01/08/2026,Bundesliga - Femenina,2026/2027,SCHALKE 04 II,PADERBORN II,66,66,2P,S. Stublla,,PADERBORN II,Normal Goal,1587406
01/08/2026,Bundesliga - Femenina,2026/2027,SCHALKE 04 II,PADERBORN II,87,87,2P,L. Eickel,,PADERBORN II,Normal Goal,1587406
01/08/2026,Bundesliga - Femenina,2026/2027,SCHALKE 04 II,PADERBORN II,90,90+3,2P,J. Udelhoven,,PADERBORN II,Normal Goal,1587406
01/08/2026,Bundesliga - Femenina,2026/2027,WESTFALIA RHYNERN,SPORTFREUNDE SIEGEN,3,3,1P,L. Koerdt,,WESTFALIA RHYNERN,Normal Goal,1587407
01/08/2026,Bundesliga - Femenina,2026/2027,WESTFALIA RHYNERN,SPORTFREUNDE SIEGEN,37,37,1P,S. Guler,,SPORTFREUNDE SIEGEN,Normal Goal,1587407
01/08/2026,Bundesliga - Femenina,2026/2027,WESTFALIA RHYNERN,SPORTFREUNDE SIEGEN,41,41,1P,P. Ratz,,WESTFALIA RHYNERN,Normal Goal,1587407
01/08/2026,Bundesliga - Femenina,2026/2027,WESTFALIA RHYNERN,SPORTFREUNDE SIEGEN,44,44,1P,H. Koch,,WESTFALIA RHYNERN,Normal Goal,1587407
01/08/2026,Bundesliga - Femenina,2026/2027,WESTFALIA RHYNERN,SPORTFREUNDE SIEGEN,67,67,2P,D. Willms,,SPORTFREUNDE SIEGEN,Normal Goal,1587407
01/08/2026,Bundesliga - Femenina,2026/2027,BOCHUM II,BORUSSIA DORTMUND II,50,50,2P,L. Jashari,,BOCHUM II,Normal Goal,1587402
01/08/2026,Bundesliga - Femenina,2026/2027,BOCHUM II,BORUSSIA DORTMUND II,82,82,2P,C. Krempicki,,BORUSSIA DORTMUND II,Normal Goal,1587402
07/08/2026,Bundesliga - Femenina,2026/2027,BORUSSIA DORTMUND II,KÖLN II,59,59,2P,T. Degener,,BORUSSIA DORTMUND II,Normal Goal,1587409
07/08/2026,Bundesliga - Femenina,2026/2027,BORUSSIA DORTMUND II,KÖLN II,67,67,2P,M. El Mala,,KÖLN II,Normal Goal,1587409
07/08/2026,Bundesliga - Femenina,2026/2027,FC GUTERSLOH,BOCHUM II,14,14,1P,P. Twardzik,,FC GUTERSLOH,Normal Goal,1587410
07/08/2026,Bundesliga - Femenina,2026/2027,FC GUTERSLOH,BOCHUM II,22,22,1P,A. Wagbe,,BOCHUM II,Normal Goal,1587410
07/08/2026,Bundesliga - Femenina,2026/2027,FC GUTERSLOH,BOCHUM II,51,51,2P,P. Twardzik,,FC GUTERSLOH,Normal Goal,1587410
08/08/2026,Bundesliga - Femenina,2026/2027,SG WATTENSCHEID 09,WESTFALIA RHYNERN,11,11,1P,P. Buczkowski,,SG WATTENSCHEID 09,Normal Goal,1587414
08/08/2026,Bundesliga - Femenina,2026/2027,SG WATTENSCHEID 09,WESTFALIA RHYNERN,36,36,1P,A. Seber,,WESTFALIA RHYNERN,Normal Goal,1587414
08/08/2026,Bundesliga - Femenina,2026/2027,SG WATTENSCHEID 09,WESTFALIA RHYNERN,41,41,1P,A. Seber,,WESTFALIA RHYNERN,Normal Goal,1587414
08/08/2026,Bundesliga - Femenina,2026/2027,SV RODINGHAUSEN,BONNER SC,27,27,1P,M. Polat,,SV RODINGHAUSEN,Normal Goal,1587413
08/08/2026,Bundesliga - Femenina,2026/2027,SV RODINGHAUSEN,BONNER SC,47,47,2P,B. Klefisch,,SV RODINGHAUSEN,Normal Goal,1587413
08/08/2026,Bundesliga - Femenina,2026/2027,SV RODINGHAUSEN,BONNER SC,59,59,2P,C. Kader,,BONNER SC,Normal Goal,1587413
08/08/2026,Bundesliga - Femenina,2026/2027,FC BOCHOLT,SCHALKE 04 II,5,5,1P,M. Fakhro,,FC BOCHOLT,Normal Goal,1587408
08/08/2026,Bundesliga - Femenina,2026/2027,FC BOCHOLT,SCHALKE 04 II,8,8,1P,M. Fakhro,,FC BOCHOLT,Normal Goal,1587408
08/08/2026,Bundesliga - Femenina,2026/2027,FC BOCHOLT,SCHALKE 04 II,10,10,1P,L. Garlipp,,FC BOCHOLT,Normal Goal,1587408
08/08/2026,Bundesliga - Femenina,2026/2027,FC BOCHOLT,SCHALKE 04 II,14,14,1P,K. Zaruba,,FC BOCHOLT,Normal Goal,1587408
08/08/2026,Bundesliga - Femenina,2026/2027,FC BOCHOLT,SCHALKE 04 II,40,40,1P,J. Ndiaye,,SCHALKE 04 II,Normal Goal,1587408
08/08/2026,Bundesliga - Femenina,2026/2027,FC BOCHOLT,SCHALKE 04 II,49,49,2P,J. Ndiaye,,SCHALKE 04 II,Normal Goal,1587408
08/08/2026,Bundesliga - Femenina,2026/2027,FC BOCHOLT,SCHALKE 04 II,80,80,2P,Y. Ben Balla,,SCHALKE 04 II,Normal Goal,1587408
08/08/2026,Bundesliga - Femenina,2026/2027,FC BOCHOLT,SCHALKE 04 II,82,82,2P,A. Bouda,,SCHALKE 04 II,Normal Goal,1587408
08/08/2026,Bundesliga - Femenina,2026/2027,FC BOCHOLT,SCHALKE 04 II,90,90+2,2P,M. Tubic,,SCHALKE 04 II,Normal Goal,1587408
08/08/2026,Bundesliga - Femenina,2026/2027,PADERBORN II,BORUSSIA M'GLADBACH II,50,50,2P,J. Bugenhagen,,PADERBORN II,Normal Goal,1587412
08/08/2026,Bundesliga - Femenina,2026/2027,PADERBORN II,BORUSSIA M'GLADBACH II,80,80,2P,T. Topken,,BORUSSIA M'GLADBACH II,Normal Goal,1587412
08/08/2026,Bundesliga - Femenina,2026/2027,PADERBORN II,BORUSSIA M'GLADBACH II,81,81,2P,K. Karyagdi,,BORUSSIA M'GLADBACH II,Normal Goal,1587412
08/08/2026,Bundesliga - Femenina,2026/2027,PADERBORN II,BORUSSIA M'GLADBACH II,90,90+4,2P,K. Karyagdi,,BORUSSIA M'GLADBACH II,Normal Goal,1587412
08/08/2026,Bundesliga - Femenina,2026/2027,SPORTFREUNDE SIEGEN,HILDEN,7,7,1P,E. Feese,,HILDEN,Normal Goal,1587415
08/08/2026,Bundesliga - Femenina,2026/2027,SPORTFREUNDE SIEGEN,HILDEN,37,37,1P,M. Stocker,,SPORTFREUNDE SIEGEN,Normal Goal,1587415
09/08/2026,Bundesliga - Femenina,2026/2027,WIEDENBRÜCK,BERGISCH GLADBACH,31,31,1P,F. Stromberg,,BERGISCH GLADBACH,Normal Goal,1587416
09/08/2026,Bundesliga - Femenina,2026/2027,WIEDENBRÜCK,BERGISCH GLADBACH,33,33,1P,D. Tuma,,WIEDENBRÜCK,Normal Goal,1587416
09/08/2026,Bundesliga - Femenina,2026/2027,WIEDENBRÜCK,BERGISCH GLADBACH,46,46,2P,A. Mimini,,BERGISCH GLADBACH,Normal Goal,1587416
09/08/2026,Bundesliga - Femenina,2026/2027,WIEDENBRÜCK,BERGISCH GLADBACH,77,77,2P,T. Arndt,,BERGISCH GLADBACH,Normal Goal,1587416
25/07/2026,2. Liga,2026/2027,LAUSANNE,GRASSHOPPERS,33,33,1P,I. Bah Mendes,O. Janneh,LAUSANNE,Normal Goal,1555347
25/07/2026,2. Liga,2026/2027,LAUSANNE,GRASSHOPPERS,81,81,2P,S. Bengondo,D. Sahin,GRASSHOPPERS,Normal Goal,1555347
25/07/2026,2. Liga,2026/2027,SERVETTE FC,FC BASEL 1893,78,78,2P,Z. Celar,,FC BASEL 1893,Penalty,1555348
25/07/2026,2. Liga,2026/2027,FC LUZERN,FC THUN,2,2,1P,S. Knezevic,O. Kabwit,FC LUZERN,Normal Goal,1555349
25/07/2026,2. Liga,2026/2027,FC LUZERN,FC THUN,8,8,1P,N. Maier,M. Gutbub,FC THUN,Normal Goal,1555349
25/07/2026,2. Liga,2026/2027,FC LUZERN,FC THUN,51,51,2P,N. Burgy,,FC THUN,Normal Goal,1555349
25/07/2026,2. Liga,2026/2027,FC LUZERN,FC THUN,84,84,2P,N. Burgy,L. Dahler,FC THUN,Normal Goal,1555349
26/07/2026,2. Liga,2026/2027,BSC YOUNG BOYS,FC SION,22,22,1P,L. Blum,,BSC YOUNG BOYS,Normal Goal,1555350
26/07/2026,2. Liga,2026/2027,BSC YOUNG BOYS,FC SION,40,40,1P,A. Sanches,K. Imeri,BSC YOUNG BOYS,Normal Goal,1555350
26/07/2026,2. Liga,2026/2027,BSC YOUNG BOYS,FC SION,45,45,1P,J. Kronig,Baltazar,FC SION,Normal Goal,1555350
26/07/2026,2. Liga,2026/2027,BSC YOUNG BOYS,FC SION,56,56,2P,W. Boteli,F. Surdez,FC SION,Normal Goal,1555350
26/07/2026,2. Liga,2026/2027,BSC YOUNG BOYS,FC SION,66,66,2P,S. Essende,K. Imeri,BSC YOUNG BOYS,Normal Goal,1555350
26/07/2026,2. Liga,2026/2027,BSC YOUNG BOYS,FC SION,73,73,2P,S. Essende,,BSC YOUNG BOYS,Penalty,1555350
26/07/2026,2. Liga,2026/2027,FC LUGANO,FC VADUZ,29,29,1P,A. Papadopoulos,L. Mai,FC LUGANO,Normal Goal,1555351
26/07/2026,2. Liga,2026/2027,FC LUGANO,FC VADUZ,37,37,1P,L. Mai,R. Steffen,FC LUGANO,Normal Goal,1555351
26/07/2026,2. Liga,2026/2027,FC LUGANO,FC VADUZ,71,71,2P,L. Dalipi,D. Sorgic,FC VADUZ,Normal Goal,1555351
26/07/2026,2. Liga,2026/2027,FC ST. GALLEN,FC ZURICH,50,50,2P,U. Emmanuel,V. Berisha,FC ZURICH,Normal Goal,1555352
26/07/2026,2. Liga,2026/2027,FC ST. GALLEN,FC ZURICH,70,70,2P,L. Gortler,L. Daschner,FC ST. GALLEN,Normal Goal,1555352
26/07/2026,2. Liga,2026/2027,FC ST. GALLEN,FC ZURICH,74,74,2P,A. Hunziker,L. Gortler,FC ST. GALLEN,Normal Goal,1555352
01/08/2026,2. Liga,2026/2027,FC BASEL 1893,LAUSANNE,90,90,2P,F. Mollet,,LAUSANNE,Normal Goal,1555353
01/08/2026,2. Liga,2026/2027,FC ZURICH,SERVETTE FC,35,35,1P,V. Berisha,,FC ZURICH,Normal Goal,1555354
01/08/2026,2. Liga,2026/2027,FC ZURICH,SERVETTE FC,79,79,2P,M. Bangoura,P. P. Keny,FC ZURICH,Normal Goal,1555354
01/08/2026,2. Liga,2026/2027,FC ZURICH,SERVETTE FC,90,90,2P,T. Ouattara,H. Mendes,SERVETTE FC,Normal Goal,1555354
01/08/2026,2. Liga,2026/2027,FC THUN,BSC YOUNG BOYS,10,10,1P,J. Monteiro,A. Sanches,BSC YOUNG BOYS,Normal Goal,1555355
01/08/2026,2. Liga,2026/2027,FC THUN,BSC YOUNG BOYS,24,24,1P,L. Blum,,BSC YOUNG BOYS,Normal Goal,1555355
01/08/2026,2. Liga,2026/2027,FC THUN,BSC YOUNG BOYS,33,33,1P,E. Fernandes,L. Blum,BSC YOUNG BOYS,Normal Goal,1555355
01/08/2026,2. Liga,2026/2027,FC THUN,BSC YOUNG BOYS,55,55,2P,S. Essende,,BSC YOUNG BOYS,Penalty,1555355
01/08/2026,2. Liga,2026/2027,FC THUN,BSC YOUNG BOYS,68,68,2P,K. Imeri,S. Essende,BSC YOUNG BOYS,Normal Goal,1555355
01/08/2026,2. Liga,2026/2027,FC THUN,BSC YOUNG BOYS,90,90,2P,S. Essende,S. Bukinac,BSC YOUNG BOYS,Normal Goal,1555355
02/08/2026,2. Liga,2026/2027,FC VADUZ,FC ST. GALLEN,1,1,1P,A. Balde,,FC ST. GALLEN,Normal Goal,1555356
02/08/2026,2. Liga,2026/2027,FC VADUZ,FC ST. GALLEN,11,11,1P,M. Monsberger,L. Dalipi,FC VADUZ,Normal Goal,1555356
02/08/2026,2. Liga,2026/2027,FC VADUZ,FC ST. GALLEN,55,55,2P,J. Cabrera,,FC VADUZ,Normal Goal,1555356
02/08/2026,2. Liga,2026/2027,FC VADUZ,FC ST. GALLEN,72,72,2P,E. Owusu,D. Besio,FC ST. GALLEN,Normal Goal,1555356
02/08/2026,2. Liga,2026/2027,FC VADUZ,FC ST. GALLEN,87,87,2P,E. Owusu,B. Fazliji,FC ST. GALLEN,Normal Goal,1555356
02/08/2026,2. Liga,2026/2027,FC SION,FC LUZERN,9,9,1P,D. Rrudhani,W. Boteli,FC SION,Normal Goal,1555358
02/08/2026,2. Liga,2026/2027,FC SION,FC LUZERN,70,70,2P,T. Berdayes,J. Lukembila,FC SION,Normal Goal,1555358
02/08/2026,2. Liga,2026/2027,FC SION,FC LUZERN,77,77,2P,J. Lukembila,F. Surdez,FC SION,Normal Goal,1555358
02/08/2026,2. Liga,2026/2027,GRASSHOPPERS,FC LUGANO,22,22,1P,L. Plange,S. Stroscio,GRASSHOPPERS,Normal Goal,1555357
02/08/2026,2. Liga,2026/2027,GRASSHOPPERS,FC LUGANO,52,52,2P,D. Moncada,A. Grgic,FC LUGANO,Normal Goal,1555357
02/08/2026,2. Liga,2026/2027,GRASSHOPPERS,FC LUGANO,71,71,2P,Y. Cimignani,A. Grgic,FC LUGANO,Normal Goal,1555357
02/08/2026,2. Liga,2026/2027,GRASSHOPPERS,FC LUGANO,78,78,2P,E. Pihlstrom,K. Behrens,FC LUGANO,Normal Goal,1555357
02/08/2026,2. Liga,2026/2027,GRASSHOPPERS,FC LUGANO,90,90,2P,Y. Cimignani,A. Kendouci,FC LUGANO,Normal Goal,1555357
08/08/2026,2. Liga,2026/2027,LAUSANNE,BSC YOUNG BOYS,48,48,2P,C. Zesiger,A. Sanches,BSC YOUNG BOYS,Normal Goal,1555360
08/08/2026,2. Liga,2026/2027,LAUSANNE,BSC YOUNG BOYS,75,75,2P,D. Pech,S. Essende,BSC YOUNG BOYS,Normal Goal,1555360
08/08/2026,2. Liga,2026/2027,LAUSANNE,BSC YOUNG BOYS,77,77,2P,F. Mollet,S. Kone,LAUSANNE,Normal Goal,1555360
08/08/2026,2. Liga,2026/2027,LAUSANNE,BSC YOUNG BOYS,89,89,2P,N. Butler-Oyedeji,I. Despotovic,LAUSANNE,Normal Goal,1555360
08/08/2026,2. Liga,2026/2027,SERVETTE FC,GRASSHOPPERS,12,12,1P,A. Abrashi,S. Krasniqi,GRASSHOPPERS,Normal Goal,1555361
08/08/2026,2. Liga,2026/2027,SERVETTE FC,GRASSHOPPERS,29,29,1P,S. Mraz,,SERVETTE FC,Normal Goal,1555361
08/08/2026,2. Liga,2026/2027,SERVETTE FC,GRASSHOPPERS,75,75,2P,M. Lambourde,T. Cognat,SERVETTE FC,Normal Goal,1555361
09/08/2026,2. Liga,2026/2027,FC LUGANO,FC ZURICH,16,16,1P,K. Behrens,H. Delcroix,FC LUGANO,Normal Goal,1555362
09/08/2026,2. Liga,2026/2027,FC LUGANO,FC ZURICH,34,34,1P,K. Behrens,A. Grgic,FC LUGANO,Normal Goal,1555362
09/08/2026,2. Liga,2026/2027,FC LUGANO,FC ZURICH,52,52,2P,R. Steffen,D. von Ballmoos,FC LUGANO,Normal Goal,1555362
09/08/2026,2. Liga,2026/2027,FC LUGANO,FC ZURICH,79,79,2P,D. Dos Santos,M. Zanotti,FC LUGANO,Normal Goal,1555362
09/08/2026,2. Liga,2026/2027,FC LUGANO,FC ZURICH,89,89,2P,D. Moncada,,FC LUGANO,Normal Goal,1555362
09/08/2026,2. Liga,2026/2027,FC BASEL 1893,FC THUN,4,4,1P,A. Sow,K. Olaigbe,FC BASEL 1893,Normal Goal,1555359
09/08/2026,2. Liga,2026/2027,FC BASEL 1893,FC THUN,31,31,1P,A. Sow,L. Leroy,FC BASEL 1893,Normal Goal,1555359
09/08/2026,2. Liga,2026/2027,FC BASEL 1893,FC THUN,53,53,2P,Z. Celar,A. Sow,FC BASEL 1893,Normal Goal,1555359
09/08/2026,2. Liga,2026/2027,FC BASEL 1893,FC THUN,73,73,2P,L. Stewart,M. Gutbub,FC THUN,Normal Goal,1555359
09/08/2026,2. Liga,2026/2027,FC BASEL 1893,FC THUN,75,75,2P,X. Shaqiri,A. Sow,FC BASEL 1893,Normal Goal,1555359
09/08/2026,2. Liga,2026/2027,FC BASEL 1893,FC THUN,90,90,2P,B. Labeau,D. Derbaci,FC THUN,Normal Goal,1555359
09/08/2026,2. Liga,2026/2027,FC SION,FC VADUZ,5,5,1P,J. Stark,M. Monsberger,FC VADUZ,Normal Goal,1555363
09/08/2026,2. Liga,2026/2027,FC SION,FC VADUZ,21,21,1P,D. Rrudhani,,FC SION,Normal Goal,1555363
09/08/2026,2. Liga,2026/2027,FC SION,FC VADUZ,36,36,1P,M. Monsberger,L. Dalipi,FC VADUZ,Normal Goal,1555363
09/08/2026,2. Liga,2026/2027,FC SION,FC VADUZ,83,83,2P,W. Boteli,Marquinhos Cipriano,FC SION,Normal Goal,1555363
09/08/2026,2. Liga,2026/2027,FC SION,FC VADUZ,90,90,2P,F. Surdez,I. Chouaref,FC SION,Normal Goal,1555363
09/08/2026,2. Liga,2026/2027,FC ST. GALLEN,FC LUZERN,45,45,1P,L. Daschner,,FC ST. GALLEN,Normal Goal,1555364
09/08/2026,2. Liga,2026/2027,FC ST. GALLEN,FC LUZERN,46,46,2P,D. Mikolajewski,M. Di Giusto,FC LUZERN,Normal Goal,1555364
09/08/2026,2. Liga,2026/2027,FC ST. GALLEN,FC LUZERN,89,89,2P,M. Di Giusto,A. Oehlers,FC LUZERN,Normal Goal,1555364
09/08/2026,2. Liga,2026/2027,FC ST. GALLEN,FC LUZERN,90,90,2P,L. Gortler,,FC ST. GALLEN,Penalty,1555364
07/08/2026,Jupiler Pro League,2026/2027,CLUB BRUGGE KV,KORTRIJK,30,30,1P,H. Vetlesen,,CLUB BRUGGE KV,Normal Goal,1558581
07/08/2026,Jupiler Pro League,2026/2027,CLUB BRUGGE KV,KORTRIJK,68,68,2P,C. Forbs,M. Diakhon,CLUB BRUGGE KV,Normal Goal,1558581
07/08/2026,Jupiler Pro League,2026/2027,CLUB BRUGGE KV,KORTRIJK,74,74,2P,N. Tresoldi,,CLUB BRUGGE KV,Penalty,1558581
08/08/2026,Jupiler Pro League,2026/2027,STANDARD LIEGE,CERCLE BRUGGE,41,41,1P,L. Mondele,D. Vanzeir,CERCLE BRUGGE,Normal Goal,1558583
08/08/2026,Jupiler Pro League,2026/2027,STANDARD LIEGE,CERCLE BRUGGE,45,45,1P,D. Eckert,A. Abid,STANDARD LIEGE,Normal Goal,1558583
08/08/2026,Jupiler Pro League,2026/2027,STANDARD LIEGE,CERCLE BRUGGE,48,48,2P,D. Eckert,C. Nielsen,STANDARD LIEGE,Normal Goal,1558583
08/08/2026,Jupiler Pro League,2026/2027,STANDARD LIEGE,CERCLE BRUGGE,88,88,2P,C. Ravych,,CERCLE BRUGGE,Normal Goal,1558583
08/08/2026,Jupiler Pro League,2026/2027,KVC WESTERLO,UNION ST. GILLOISE,13,13,1P,N. Bassette,I. Sakamoto,KVC WESTERLO,Normal Goal,1558585
08/08/2026,Jupiler Pro League,2026/2027,KVC WESTERLO,UNION ST. GILLOISE,28,28,1P,P. David,B. Zeneli,UNION ST. GILLOISE,Normal Goal,1558585
08/08/2026,Jupiler Pro League,2026/2027,KVC WESTERLO,UNION ST. GILLOISE,57,57,2P,R. Florucz,P. David,UNION ST. GILLOISE,Normal Goal,1558585
08/08/2026,Jupiler Pro League,2026/2027,KVC WESTERLO,UNION ST. GILLOISE,64,64,2P,R. Mofokeng,R. Schoofs,UNION ST. GILLOISE,Normal Goal,1558585
08/08/2026,Jupiler Pro League,2026/2027,KVC WESTERLO,UNION ST. GILLOISE,81,81,2P,Guilherme Smith,M. Fuseini,UNION ST. GILLOISE,Normal Goal,1558585
08/08/2026,Jupiler Pro League,2026/2027,KVC WESTERLO,UNION ST. GILLOISE,84,84,2P,D. Olaru,,UNION ST. GILLOISE,Normal Goal,1558585
08/08/2026,Jupiler Pro League,2026/2027,ST. TRUIDEN,LOMMEL UNITED,24,24,1P,R. Seuntjens,,LOMMEL UNITED,Penalty,1558584
08/08/2026,Jupiler Pro League,2026/2027,ST. TRUIDEN,LOMMEL UNITED,64,64,2P,I. Sebaoui,N. Ishiwatari,ST. TRUIDEN,Normal Goal,1558584
09/08/2026,Jupiler Pro League,2026/2027,GENT,KV MECHELEN,37,37,1P,T. Araujo,,GENT,Normal Goal,1558586
09/08/2026,Jupiler Pro League,2026/2027,GENT,KV MECHELEN,45,45,1P,J. Vergara,M. Sonko,GENT,Normal Goal,1558586
09/08/2026,Jupiler Pro League,2026/2027,ZULTE WAREGEM,GENK,39,39,1P,R. Durosinmi,J. Ito,GENK,Normal Goal,1558587
09/08/2026,Jupiler Pro League,2026/2027,ZULTE WAREGEM,GENK,82,82,2P,M. Ake,,ZULTE WAREGEM,Normal Goal,1558587
09/08/2026,Jupiler Pro League,2026/2027,ZULTE WAREGEM,GENK,86,86,2P,S. Ujka,A. Ementa,ZULTE WAREGEM,Normal Goal,1558587
09/08/2026,Jupiler Pro League,2026/2027,CHARLEROI,OH LEUVEN,24,24,1P,P. Guiagon,,CHARLEROI,Penalty,1558582
09/08/2026,Jupiler Pro League,2026/2027,CHARLEROI,OH LEUVEN,39,39,1P,O. Gil,W. George,OH LEUVEN,Normal Goal,1558582
09/08/2026,Jupiler Pro League,2026/2027,CHARLEROI,OH LEUVEN,59,59,2P,K. Van Den Kerkhof,,CHARLEROI,Normal Goal,1558582
09/08/2026,Jupiler Pro League,2026/2027,CHARLEROI,OH LEUVEN,79,79,2P,F. Mbemba,I. Cisse,CHARLEROI,Normal Goal,1558582
09/08/2026,Jupiler Pro League,2026/2027,ANDERLECHT,RAAL LA LOUVIÈRE,54,54,2P,M. Isah,,RAAL LA LOUVIÈRE,Normal Goal,1558588
09/08/2026,Jupiler Pro League,2026/2027,ANDERLECHT,RAAL LA LOUVIÈRE,69,69,2P,K. Nga,A. Maamar,ANDERLECHT,Normal Goal,1558588
09/08/2026,Jupiler Pro League,2026/2027,ANDERLECHT,RAAL LA LOUVIÈRE,90,90,2P,A. Bertaccini,,ANDERLECHT,Normal Goal,1558588
09/08/2026,Jupiler Pro League,2026/2027,ANTWERP,SK BEVEREN,29,29,1P,C. Lokesa,C. Bruls,SK BEVEREN,Normal Goal,1558589
09/08/2026,Jupiler Pro League,2026/2027,ANTWERP,SK BEVEREN,62,62,2P,M. Frey,J. Ahoka,ANTWERP,Normal Goal,1558589
09/08/2026,Jupiler Pro League,2026/2027,ANTWERP,SK BEVEREN,86,86,2P,M. Frey,T. Somers,ANTWERP,Normal Goal,1558589
17/07/2026,Serie A Betano,2026/2027,FC VOLUNTARI,FC BOTOSANI,15,15,1P,M. Diarra,,FC VOLUNTARI,Own Goal,1565186
17/07/2026,Serie A Betano,2026/2027,FC VOLUNTARI,FC BOTOSANI,19,19,1P,A. Dumiter,E. Papa,FC BOTOSANI,Normal Goal,1565186
17/07/2026,Serie A Betano,2026/2027,FC VOLUNTARI,FC BOTOSANI,47,47,2P,Z. Mitrov,S. Mailat,FC BOTOSANI,Normal Goal,1565186
17/07/2026,Serie A Betano,2026/2027,FC VOLUNTARI,FC BOTOSANI,88,88,2P,G. Merloi,,FC VOLUNTARI,Normal Goal,1565186
17/07/2026,Serie A Betano,2026/2027,FCSB,ARGES PITESTI,19,19,1P,D. Birligea,O. Popescu,FCSB,Normal Goal,1565185
17/07/2026,Serie A Betano,2026/2027,FCSB,ARGES PITESTI,45,45,1P,F. Tanase,,FCSB,Penalty,1565185
18/07/2026,Serie A Betano,2026/2027,OŢELUL,CFR 1907 CLUJ,4,4,1P,J. Lameira,N. Pedro,OŢELUL,Normal Goal,1565187
18/07/2026,Serie A Betano,2026/2027,OŢELUL,CFR 1907 CLUJ,58,58,2P,A. Cordea,A. Sfait,CFR 1907 CLUJ,Normal Goal,1565187
18/07/2026,Serie A Betano,2026/2027,OŢELUL,CFR 1907 CLUJ,86,86,2P,Patrick,N. Pedro,OŢELUL,Normal Goal,1565187
18/07/2026,Serie A Betano,2026/2027,UNIVERSITATEA CRAIOVA,UTA ARAD,62,62,2P,Teles,S. Baiaram,UNIVERSITATEA CRAIOVA,Normal Goal,1565190
18/07/2026,Serie A Betano,2026/2027,UNIVERSITATEA CRAIOVA,UTA ARAD,87,87,2P,S. Baiaram,C. Mora,UNIVERSITATEA CRAIOVA,Normal Goal,1565190
18/07/2026,Serie A Betano,2026/2027,UNIVERSITATEA CRAIOVA,UTA ARAD,89,89,2P,S. Elisor,C. Mora,UNIVERSITATEA CRAIOVA,Normal Goal,1565190
18/07/2026,Serie A Betano,2026/2027,UNIVERSITATEA CRAIOVA,UTA ARAD,90,90,2P,D. Alomerovic,,UNIVERSITATEA CRAIOVA,Own Goal,1565190
19/07/2026,Serie A Betano,2026/2027,UNIVERSITATEA CLUJ,FARUL CONSTANTA,44,44,1P,A. Aliev,D. Nistor,UNIVERSITATEA CLUJ,Normal Goal,1565189
19/07/2026,Serie A Betano,2026/2027,UNIVERSITATEA CLUJ,FARUL CONSTANTA,49,49,2P,M. Drammeh,A. Aliev,UNIVERSITATEA CLUJ,Normal Goal,1565189
19/07/2026,Serie A Betano,2026/2027,UNIVERSITATEA CLUJ,FARUL CONSTANTA,54,54,2P,I. Doicaru,T. Njike,FARUL CONSTANTA,Normal Goal,1565189
19/07/2026,Serie A Betano,2026/2027,PETROLUL PLOIESTI,DINAMO BUCURESTI,39,39,1P,R. Martins,,PETROLUL PLOIESTI,Penalty,1565188
20/07/2026,Serie A Betano,2026/2027,CORVINUL HUNEDOARA,CSIKSZEREDA,57,57,2P,A. Fabry,,CORVINUL HUNEDOARA,Penalty,1565183
20/07/2026,Serie A Betano,2026/2027,CORVINUL HUNEDOARA,CSIKSZEREDA,62,62,2P,D. N. Pirvulescu,A. Gillard,CORVINUL HUNEDOARA,Normal Goal,1565183
20/07/2026,Serie A Betano,2026/2027,CORVINUL HUNEDOARA,CSIKSZEREDA,65,65,2P,S. Ribeiro,,CORVINUL HUNEDOARA,Normal Goal,1565183
20/07/2026,Serie A Betano,2026/2027,RAPID,SEPSI OSK SFANTU GHEORGHE,88,88,2P,A. Pascanu,,RAPID,Normal Goal,1565184
24/07/2026,Serie A Betano,2026/2027,UTA ARAD,OŢELUL,21,21,1P,Andrezinho,N. Pedro,OŢELUL,Normal Goal,1565198
24/07/2026,Serie A Betano,2026/2027,UTA ARAD,OŢELUL,45,45,1P,Patrick,N. Pedro,OŢELUL,Normal Goal,1565198
24/07/2026,Serie A Betano,2026/2027,UTA ARAD,OŢELUL,73,73,2P,I. Sinani,A. Roman,UTA ARAD,Normal Goal,1565198
24/07/2026,Serie A Betano,2026/2027,UTA ARAD,OŢELUL,90,90,2P,J. Papeau,D. Pospelov,UTA ARAD,Normal Goal,1565198
24/07/2026,Serie A Betano,2026/2027,ARGES PITESTI,PETROLUL PLOIESTI,17,17,1P,R. Moldoveanu,X. Emmers,ARGES PITESTI,Normal Goal,1565195
25/07/2026,Serie A Betano,2026/2027,FARUL CONSTANTA,CORVINUL HUNEDOARA,60,60,2P,Eduard Radaslavescu,,FARUL CONSTANTA,Missed Penalty,1565194
25/07/2026,Serie A Betano,2026/2027,FARUL CONSTANTA,CORVINUL HUNEDOARA,83,83,2P,M. Ahlinvi,I. Doicaru,FARUL CONSTANTA,Normal Goal,1565194
25/07/2026,Serie A Betano,2026/2027,FARUL CONSTANTA,CORVINUL HUNEDOARA,90,90,2P,A. Goncear,,FARUL CONSTANTA,Normal Goal,1565194
25/07/2026,Serie A Betano,2026/2027,DINAMO BUCURESTI,UNIVERSITATEA CRAIOVA,8,8,1P,A. Soro,A. Pop,DINAMO BUCURESTI,Normal Goal,1565193
25/07/2026,Serie A Betano,2026/2027,DINAMO BUCURESTI,UNIVERSITATEA CRAIOVA,29,29,1P,A. Musi,D. Armstrong,DINAMO BUCURESTI,Normal Goal,1565193
25/07/2026,Serie A Betano,2026/2027,DINAMO BUCURESTI,UNIVERSITATEA CRAIOVA,50,50,2P,S. Nsimba,N. Bancu,UNIVERSITATEA CRAIOVA,Normal Goal,1565193
25/07/2026,Serie A Betano,2026/2027,DINAMO BUCURESTI,UNIVERSITATEA CRAIOVA,59,59,2P,A. Pop,D. Armstrong,DINAMO BUCURESTI,Normal Goal,1565193
25/07/2026,Serie A Betano,2026/2027,DINAMO BUCURESTI,UNIVERSITATEA CRAIOVA,76,76,2P,C. Cirjan,,DINAMO BUCURESTI,Penalty,1565193
25/07/2026,Serie A Betano,2026/2027,DINAMO BUCURESTI,UNIVERSITATEA CRAIOVA,90,90,2P,M. Pascual,A. Soro,DINAMO BUCURESTI,Normal Goal,1565193
26/07/2026,Serie A Betano,2026/2027,SEPSI OSK SFANTU GHEORGHE,UNIVERSITATEA CLUJ,22,22,1P,D. Andrei,F. Bamgboye,SEPSI OSK SFANTU GHEORGHE,Normal Goal,1565197
26/07/2026,Serie A Betano,2026/2027,CSIKSZEREDA,FCSB,3,3,1P,R. Radunovic,M. Toma,FCSB,Normal Goal,1565192
26/07/2026,Serie A Betano,2026/2027,CSIKSZEREDA,FCSB,16,16,1P,D. Politic,,FCSB,Normal Goal,1565192
27/07/2026,Serie A Betano,2026/2027,CFR 1907 CLUJ,FC VOLUNTARI,26,26,1P,A. Cordea,A. Abeid,CFR 1907 CLUJ,Normal Goal,1565191
27/07/2026,Serie A Betano,2026/2027,CFR 1907 CLUJ,FC VOLUNTARI,39,39,1P,S. Drazic,S. Rocha,CFR 1907 CLUJ,Normal Goal,1565191
27/07/2026,Serie A Betano,2026/2027,CFR 1907 CLUJ,FC VOLUNTARI,43,43,1P,S. Drazic,,CFR 1907 CLUJ,Normal Goal,1565191
27/07/2026,Serie A Betano,2026/2027,CFR 1907 CLUJ,FC VOLUNTARI,49,49,2P,A. Cordea,S. Drazic,CFR 1907 CLUJ,Normal Goal,1565191
27/07/2026,Serie A Betano,2026/2027,CFR 1907 CLUJ,FC VOLUNTARI,86,86,2P,M. Camora,A. Sfait,CFR 1907 CLUJ,Normal Goal,1565191
27/07/2026,Serie A Betano,2026/2027,FC BOTOSANI,RAPID,45,45,1P,C. Petrila,T. Jambor,RAPID,Normal Goal,1565196
27/07/2026,Serie A Betano,2026/2027,FC BOTOSANI,RAPID,90,90,2P,S. Mailat,,FC BOTOSANI,Penalty,1565196
31/07/2026,Serie A Betano,2026/2027,ARGES PITESTI,CSIKSZEREDA,79,79,2P,R. Moldoveanu,,ARGES PITESTI,Penalty,1565200
31/07/2026,Serie A Betano,2026/2027,OŢELUL,DINAMO BUCURESTI,42,42,1P,A. Soro,D. Armstrong,DINAMO BUCURESTI,Normal Goal,1565204
31/07/2026,Serie A Betano,2026/2027,OŢELUL,DINAMO BUCURESTI,66,66,2P,Patrick,N. Pedro,OŢELUL,Normal Goal,1565204
01/08/2026,Serie A Betano,2026/2027,FC VOLUNTARI,UTA ARAD,47,47,2P,M. Schieb,G. Merloi,FC VOLUNTARI,Normal Goal,1565203
01/08/2026,Serie A Betano,2026/2027,UNIVERSITATEA CRAIOVA,PETROLUL PLOIESTI,1,1,1P,S. Nsimba,C. Mora,UNIVERSITATEA CRAIOVA,Normal Goal,1565206
01/08/2026,Serie A Betano,2026/2027,UNIVERSITATEA CRAIOVA,PETROLUL PLOIESTI,18,18,1P,S. Nsimba,S. Baiaram,UNIVERSITATEA CRAIOVA,Normal Goal,1565206
01/08/2026,Serie A Betano,2026/2027,UNIVERSITATEA CRAIOVA,PETROLUL PLOIESTI,48,48,2P,S. Baiaram,C. Mora,UNIVERSITATEA CRAIOVA,Normal Goal,1565206
01/08/2026,Serie A Betano,2026/2027,UNIVERSITATEA CRAIOVA,PETROLUL PLOIESTI,65,65,2P,S. Elisor,A. Mekvabishvili,UNIVERSITATEA CRAIOVA,Normal Goal,1565206
02/08/2026,Serie A Betano,2026/2027,CORVINUL HUNEDOARA,SEPSI OSK SFANTU GHEORGHE,32,32,1P,M. Bratu,A. Fabry,CORVINUL HUNEDOARA,Normal Goal,1565199
02/08/2026,Serie A Betano,2026/2027,CORVINUL HUNEDOARA,SEPSI OSK SFANTU GHEORGHE,34,34,1P,C. Matei,Gustavo Cascardo,SEPSI OSK SFANTU GHEORGHE,Normal Goal,1565199
02/08/2026,Serie A Betano,2026/2027,RAPID,CFR 1907 CLUJ,28,28,1P,A. Dobre,C. Grameni,RAPID,Normal Goal,1565201
02/08/2026,Serie A Betano,2026/2027,RAPID,CFR 1907 CLUJ,33,33,1P,A. Dobre,C. Grameni,RAPID,Normal Goal,1565201
02/08/2026,Serie A Betano,2026/2027,RAPID,CFR 1907 CLUJ,42,42,1P,O. Morutan,V. Bubanja,RAPID,Normal Goal,1565201
02/08/2026,Serie A Betano,2026/2027,RAPID,CFR 1907 CLUJ,51,51,2P,S. Drazic,Bruno Costa,CFR 1907 CLUJ,Normal Goal,1565201
03/08/2026,Serie A Betano,2026/2027,UNIVERSITATEA CLUJ,FC BOTOSANI,38,38,1P,A. Dumiter,H. Ongenda,FC BOTOSANI,Normal Goal,1565205
03/08/2026,Serie A Betano,2026/2027,UNIVERSITATEA CLUJ,FC BOTOSANI,50,50,2P,A. Aliev,,UNIVERSITATEA CLUJ,Penalty,1565205
03/08/2026,Serie A Betano,2026/2027,UNIVERSITATEA CLUJ,FC BOTOSANI,74,74,2P,O. Mendy,A. Aliev,UNIVERSITATEA CLUJ,Normal Goal,1565205
03/08/2026,Serie A Betano,2026/2027,FCSB,FARUL CONSTANTA,21,21,1P,I. Doicaru,E. Radaslavescu,FARUL CONSTANTA,Normal Goal,1565202
03/08/2026,Serie A Betano,2026/2027,FCSB,FARUL CONSTANTA,45,45,1P,E. Radaslavescu,M. Ahlinvi,FARUL CONSTANTA,Normal Goal,1565202
03/08/2026,Serie A Betano,2026/2027,FCSB,FARUL CONSTANTA,57,57,2P,J. Dawa,,FCSB,Normal Goal,1565202
03/08/2026,Serie A Betano,2026/2027,FCSB,FARUL CONSTANTA,69,69,2P,Florin Tănase,,FCSB,Missed Penalty,1565202
03/08/2026,Serie A Betano,2026/2027,FCSB,FARUL CONSTANTA,86,86,2P,Joao Paulo,,FCSB,Normal Goal,1565202
08/08/2026,Serie A Betano,2026/2027,FARUL CONSTANTA,CSIKSZEREDA,24,24,1P,I. Doicaru,,FARUL CONSTANTA,Normal Goal,1565209
08/08/2026,Serie A Betano,2026/2027,FARUL CONSTANTA,CSIKSZEREDA,28,28,1P,E. Radaslavescu,,FARUL CONSTANTA,Normal Goal,1565209
08/08/2026,Serie A Betano,2026/2027,FARUL CONSTANTA,CSIKSZEREDA,35,35,1P,A. Czekus,J. Hegedus,CSIKSZEREDA,Normal Goal,1565209
08/08/2026,Serie A Betano,2026/2027,FARUL CONSTANTA,CSIKSZEREDA,40,40,1P,M. Ahlinvi,E. Radaslavescu,FARUL CONSTANTA,Normal Goal,1565209
08/08/2026,Serie A Betano,2026/2027,FARUL CONSTANTA,CSIKSZEREDA,69,69,2P,A. Czekus,E. Toth-Pal,CSIKSZEREDA,Normal Goal,1565209
08/08/2026,Serie A Betano,2026/2027,DINAMO BUCURESTI,FC VOLUNTARI,40,40,1P,D. Armstrong,,DINAMO BUCURESTI,Penalty,1565208
08/08/2026,Serie A Betano,2026/2027,DINAMO BUCURESTI,FC VOLUNTARI,73,73,2P,A. Musi,D. Armstrong,DINAMO BUCURESTI,Normal Goal,1565208
08/08/2026,Serie A Betano,2026/2027,DINAMO BUCURESTI,FC VOLUNTARI,90,90,2P,O. Hintsa,I. Tarba,DINAMO BUCURESTI,Normal Goal,1565208
08/08/2026,Serie A Betano,2026/2027,DINAMO BUCURESTI,FC VOLUNTARI,90,90,2P,A. Mazilu,C. Cirjan,DINAMO BUCURESTI,Normal Goal,1565208
09/08/2026,Serie A Betano,2026/2027,PETROLUL PLOIESTI,OŢELUL,34,34,1P,D. N'Lundulu,,PETROLUL PLOIESTI,Penalty,1565211
09/08/2026,Serie A Betano,2026/2027,PETROLUL PLOIESTI,OŢELUL,63,63,2P,Pedro Nuno,,OŢELUL,Missed Penalty,1565211
09/08/2026,Serie A Betano,2026/2027,UNIVERSITATEA CRAIOVA,ARGES PITESTI,7,7,1P,Y. Pirvu,T. Luvambo,ARGES PITESTI,Normal Goal,1565213
24/07/2026,Brasileirao Serie B,2026/2027,FC ROT-WEISS ERFURT,BFC DYNAMO,13,13,1P,H. Gonda,,FC ROT-WEISS ERFURT,Normal Goal,1586788
24/07/2026,Brasileirao Serie B,2026/2027,FC ROT-WEISS ERFURT,BFC DYNAMO,21,21,1P,H. Gonda,,FC ROT-WEISS ERFURT,Normal Goal,1586788
24/07/2026,Brasileirao Serie B,2026/2027,FC ROT-WEISS ERFURT,BFC DYNAMO,29,29,1P,M. Wolf,,FC ROT-WEISS ERFURT,Normal Goal,1586788
24/07/2026,Brasileirao Serie B,2026/2027,FC ROT-WEISS ERFURT,BFC DYNAMO,36,36,1P,H. Gonda,,FC ROT-WEISS ERFURT,Normal Goal,1586788
24/07/2026,Brasileirao Serie B,2026/2027,FC ROT-WEISS ERFURT,BFC DYNAMO,49,49,2P,L. Mattmuller,,BFC DYNAMO,Normal Goal,1586788
24/07/2026,Brasileirao Serie B,2026/2027,LUCKENWALDE,LOKOMOTIVE LEIPZIG,3,3,1P,F. Pilger,,LUCKENWALDE,Normal Goal,1586789
24/07/2026,Brasileirao Serie B,2026/2027,LUCKENWALDE,LOKOMOTIVE LEIPZIG,24,24,1P,D. Cevis,,LOKOMOTIVE LEIPZIG,Normal Goal,1586789
24/07/2026,Brasileirao Serie B,2026/2027,LUCKENWALDE,LOKOMOTIVE LEIPZIG,82,82,2P,R. Bornschein,,LOKOMOTIVE LEIPZIG,Normal Goal,1586789
24/07/2026,Brasileirao Serie B,2026/2027,LUCKENWALDE,LOKOMOTIVE LEIPZIG,85,85,2P,A. Adetula,,LOKOMOTIVE LEIPZIG,Normal Goal,1586789
25/07/2026,Brasileirao Serie B,2026/2027,BFC PREUSSEN,RSV EINTRACHT,21,21,1P,N. Frank,,BFC PREUSSEN,Normal Goal,1586793
25/07/2026,Brasileirao Serie B,2026/2027,BFC PREUSSEN,RSV EINTRACHT,60,60,2P,E. Jupolli,,RSV EINTRACHT,Normal Goal,1586793
25/07/2026,Brasileirao Serie B,2026/2027,HERTHA BSC II,CHEMNITZER FC,27,27,1P,R. Berlinski,,CHEMNITZER FC,Normal Goal,1586790
25/07/2026,Brasileirao Serie B,2026/2027,HERTHA BSC II,CHEMNITZER FC,50,50,2P,D. Alberico,,CHEMNITZER FC,Normal Goal,1586790
25/07/2026,Brasileirao Serie B,2026/2027,HERTHA BSC II,CHEMNITZER FC,70,70,2P,M. Fesser,,CHEMNITZER FC,Normal Goal,1586790
25/07/2026,Brasileirao Serie B,2026/2027,HERTHA BSC II,CHEMNITZER FC,76,76,2P,J. Marx,,CHEMNITZER FC,Normal Goal,1586790
25/07/2026,Brasileirao Serie B,2026/2027,MAGDEBURG II,TASMANIA BERLIN,35,35,1P,M. Zajusch,,MAGDEBURG II,Normal Goal,1586791
25/07/2026,Brasileirao Serie B,2026/2027,MAGDEBURG II,TASMANIA BERLIN,41,41,1P,M. Baars,,MAGDEBURG II,Penalty,1586791
25/07/2026,Brasileirao Serie B,2026/2027,MAGDEBURG II,TASMANIA BERLIN,44,44,1P,L. Elsner,,MAGDEBURG II,Normal Goal,1586791
25/07/2026,Brasileirao Serie B,2026/2027,MAGDEBURG II,TASMANIA BERLIN,45,45,1P,T. Birk,,MAGDEBURG II,Normal Goal,1586791
25/07/2026,Brasileirao Serie B,2026/2027,MAGDEBURG II,TASMANIA BERLIN,50,50,2P,E. Berko,,TASMANIA BERLIN,Normal Goal,1586791
25/07/2026,Brasileirao Serie B,2026/2027,MAGDEBURG II,TASMANIA BERLIN,89,89,2P,J. Niklaus,,MAGDEBURG II,Normal Goal,1586791
25/07/2026,Brasileirao Serie B,2026/2027,ERZGEBIRGE AUE,ALTGLIENICKE,17,17,1P,L. Czyborra,,ERZGEBIRGE AUE,Own Goal,1586792
25/07/2026,Brasileirao Serie B,2026/2027,ERZGEBIRGE AUE,ALTGLIENICKE,32,32,1P,S. Sylla,,ALTGLIENICKE,Normal Goal,1586792
25/07/2026,Brasileirao Serie B,2026/2027,ERZGEBIRGE AUE,ALTGLIENICKE,39,39,1P,J. Brooks,,ALTGLIENICKE,Normal Goal,1586792
25/07/2026,Brasileirao Serie B,2026/2027,ERZGEBIRGE AUE,ALTGLIENICKE,40,40,1P,T. Maciejewski,,ERZGEBIRGE AUE,Normal Goal,1586792
25/07/2026,Brasileirao Serie B,2026/2027,ERZGEBIRGE AUE,ALTGLIENICKE,58,58,2P,M. Bar,,ERZGEBIRGE AUE,Penalty,1586792
25/07/2026,Brasileirao Serie B,2026/2027,ERZGEBIRGE AUE,ALTGLIENICKE,86,86,2P,J. Nietfeld,,ALTGLIENICKE,Normal Goal,1586792
26/07/2026,Brasileirao Serie B,2026/2027,FC CARL ZEISS JENA,FSV ZWICKAU,29,29,1P,E. Munser,,FC CARL ZEISS JENA,Normal Goal,1586796
26/07/2026,Brasileirao Serie B,2026/2027,FC CARL ZEISS JENA,FSV ZWICKAU,40,40,1P,C. Sezer,,FSV ZWICKAU,Normal Goal,1586796
26/07/2026,Brasileirao Serie B,2026/2027,FC CARL ZEISS JENA,FSV ZWICKAU,82,82,2P,P. Harant,,FSV ZWICKAU,Normal Goal,1586796
26/07/2026,Brasileirao Serie B,2026/2027,BSG CHEMIE LEIPZIG,SV BABELSBERG 03,63,63,2P,A. Ebel,,SV BABELSBERG 03,Normal Goal,1586794
26/07/2026,Brasileirao Serie B,2026/2027,BSG CHEMIE LEIPZIG,SV BABELSBERG 03,75,75,2P,A. Ebel,,SV BABELSBERG 03,Normal Goal,1586794
26/07/2026,Brasileirao Serie B,2026/2027,GREIFSWALDER FC,HALLESCHER FC,12,12,1P,F. Langhammer,,HALLESCHER FC,Normal Goal,1586795
26/07/2026,Brasileirao Serie B,2026/2027,GREIFSWALDER FC,HALLESCHER FC,16,16,1P,J. Juckel,,GREIFSWALDER FC,Normal Goal,1586795
26/07/2026,Brasileirao Serie B,2026/2027,GREIFSWALDER FC,HALLESCHER FC,26,26,1P,C. Kroll-Thiel,,GREIFSWALDER FC,Normal Goal,1586795
26/07/2026,Brasileirao Serie B,2026/2027,GREIFSWALDER FC,HALLESCHER FC,84,84,2P,N. Stierlin,,HALLESCHER FC,Normal Goal,1586795
31/07/2026,Brasileirao Serie B,2026/2027,CHEMNITZER FC,BFC PREUSSEN,46,46,2P,J. Marx,,CHEMNITZER FC,Normal Goal,1586798
31/07/2026,Brasileirao Serie B,2026/2027,CHEMNITZER FC,BFC PREUSSEN,50,50,2P,J. Marx,,CHEMNITZER FC,Normal Goal,1586798
31/07/2026,Brasileirao Serie B,2026/2027,CHEMNITZER FC,BFC PREUSSEN,90,90,2P,D. Alberico,,CHEMNITZER FC,Normal Goal,1586798
31/07/2026,Brasileirao Serie B,2026/2027,SV BABELSBERG 03,FC CARL ZEISS JENA,90,90,2P,E. Loder,,FC CARL ZEISS JENA,Normal Goal,1586797
31/07/2026,Brasileirao Serie B,2026/2027,TASMANIA BERLIN,ERZGEBIRGE AUE,10,10,1P,P. W. Kapp,,ERZGEBIRGE AUE,Normal Goal,1586799
31/07/2026,Brasileirao Serie B,2026/2027,TASMANIA BERLIN,ERZGEBIRGE AUE,87,87,2P,P. W. Kapp,,ERZGEBIRGE AUE,Normal Goal,1586799
01/08/2026,Brasileirao Serie B,2026/2027,FSV ZWICKAU,GREIFSWALDER FC,26,26,1P,G. Bokake,,GREIFSWALDER FC,Normal Goal,1586802
01/08/2026,Brasileirao Serie B,2026/2027,FSV ZWICKAU,GREIFSWALDER FC,45,45,1P,C. Kroll-Thiel,,GREIFSWALDER FC,Normal Goal,1586802
01/08/2026,Brasileirao Serie B,2026/2027,FSV ZWICKAU,GREIFSWALDER FC,83,83,2P,F. Heim,,GREIFSWALDER FC,Normal Goal,1586802
01/08/2026,Brasileirao Serie B,2026/2027,RSV EINTRACHT,LUCKENWALDE,29,29,1P,T. Goth,,RSV EINTRACHT,Normal Goal,1586801
01/08/2026,Brasileirao Serie B,2026/2027,RSV EINTRACHT,LUCKENWALDE,34,34,1P,E. Smailovic,,RSV EINTRACHT,Normal Goal,1586801
01/08/2026,Brasileirao Serie B,2026/2027,RSV EINTRACHT,LUCKENWALDE,72,72,2P,E. Jupolli,,RSV EINTRACHT,Normal Goal,1586801
01/08/2026,Brasileirao Serie B,2026/2027,BFC DYNAMO,BSG CHEMIE LEIPZIG,71,71,2P,R. Dadashov,,BFC DYNAMO,Normal Goal,1586803
01/08/2026,Brasileirao Serie B,2026/2027,BFC DYNAMO,BSG CHEMIE LEIPZIG,81,81,2P,L. Fritzsche,,BFC DYNAMO,Normal Goal,1586803
02/08/2026,Brasileirao Serie B,2026/2027,HALLESCHER FC,FC ROT-WEISS ERFURT,75,75,2P,N. Stierlin,,HALLESCHER FC,Normal Goal,1586804
02/08/2026,Brasileirao Serie B,2026/2027,HALLESCHER FC,FC ROT-WEISS ERFURT,90,90,2P,N. Claxton,,FC ROT-WEISS ERFURT,Normal Goal,1586804
02/08/2026,Brasileirao Serie B,2026/2027,LOKOMOTIVE LEIPZIG,MAGDEBURG II,10,10,1P,R. Lemke,,MAGDEBURG II,Normal Goal,1586805
02/08/2026,Brasileirao Serie B,2026/2027,LOKOMOTIVE LEIPZIG,MAGDEBURG II,36,36,1P,F. Abderrahmane,,LOKOMOTIVE LEIPZIG,Penalty,1586805
02/08/2026,Brasileirao Serie B,2026/2027,LOKOMOTIVE LEIPZIG,MAGDEBURG II,45,45,1P,S. Schierack,,LOKOMOTIVE LEIPZIG,Normal Goal,1586805
02/08/2026,Brasileirao Serie B,2026/2027,LOKOMOTIVE LEIPZIG,MAGDEBURG II,52,52,2P,R. Bornschein,,LOKOMOTIVE LEIPZIG,Normal Goal,1586805
02/08/2026,Brasileirao Serie B,2026/2027,LOKOMOTIVE LEIPZIG,MAGDEBURG II,70,70,2P,K. Manthey,,MAGDEBURG II,Normal Goal,1586805
02/08/2026,Brasileirao Serie B,2026/2027,LOKOMOTIVE LEIPZIG,MAGDEBURG II,73,73,2P,M. Baars,,MAGDEBURG II,Normal Goal,1586805
04/08/2026,Brasileirao Serie B,2026/2027,FC CARL ZEISS JENA,RSV EINTRACHT,10,10,1P,E. Munser,,FC CARL ZEISS JENA,Normal Goal,1586813
04/08/2026,Brasileirao Serie B,2026/2027,FC CARL ZEISS JENA,RSV EINTRACHT,30,30,1P,E. Munser,,FC CARL ZEISS JENA,Normal Goal,1586813
04/08/2026,Brasileirao Serie B,2026/2027,FC CARL ZEISS JENA,RSV EINTRACHT,47,47,2P,K. Lankford,,FC CARL ZEISS JENA,Normal Goal,1586813
04/08/2026,Brasileirao Serie B,2026/2027,FC CARL ZEISS JENA,RSV EINTRACHT,68,68,2P,J. Werner,,FC CARL ZEISS JENA,Normal Goal,1586813
04/08/2026,Brasileirao Serie B,2026/2027,CHEMNITZER FC,FSV ZWICKAU,11,11,1P,D. Alberico,,CHEMNITZER FC,Normal Goal,1586810
04/08/2026,Brasileirao Serie B,2026/2027,CHEMNITZER FC,FSV ZWICKAU,44,44,1P,J. Marx,,CHEMNITZER FC,Normal Goal,1586810
04/08/2026,Brasileirao Serie B,2026/2027,CHEMNITZER FC,FSV ZWICKAU,64,64,2P,D. Vogt,,CHEMNITZER FC,Normal Goal,1586810
04/08/2026,Brasileirao Serie B,2026/2027,CHEMNITZER FC,FSV ZWICKAU,90,90,2P,L. Mobius,,FSV ZWICKAU,Normal Goal,1586810
04/08/2026,Brasileirao Serie B,2026/2027,SV BABELSBERG 03,ALTGLIENICKE,45,45,1P,T. Ogbidi,,SV BABELSBERG 03,Normal Goal,1586807
04/08/2026,Brasileirao Serie B,2026/2027,SV BABELSBERG 03,ALTGLIENICKE,52,52,2P,M. Graf von Kalckreuth,,SV BABELSBERG 03,Normal Goal,1586807
04/08/2026,Brasileirao Serie B,2026/2027,SV BABELSBERG 03,ALTGLIENICKE,90,90,2P,J. Saliger,,ALTGLIENICKE,Normal Goal,1586807
04/08/2026,Brasileirao Serie B,2026/2027,SV BABELSBERG 03,ALTGLIENICKE,90,90,2P,S. Sylla,,ALTGLIENICKE,Normal Goal,1586807
04/08/2026,Brasileirao Serie B,2026/2027,HERTHA BSC II,GREIFSWALDER FC,22,22,1P,F. Heim,,GREIFSWALDER FC,Normal Goal,1586812
04/08/2026,Brasileirao Serie B,2026/2027,HERTHA BSC II,GREIFSWALDER FC,26,26,1P,K. Seidemann,,GREIFSWALDER FC,Normal Goal,1586812
04/08/2026,Brasileirao Serie B,2026/2027,HERTHA BSC II,GREIFSWALDER FC,39,39,1P,J. Ndi,,HERTHA BSC II,Normal Goal,1586812
04/08/2026,Brasileirao Serie B,2026/2027,HERTHA BSC II,GREIFSWALDER FC,64,64,2P,L. Walchhutter,,GREIFSWALDER FC,Normal Goal,1586812
04/08/2026,Brasileirao Serie B,2026/2027,HERTHA BSC II,GREIFSWALDER FC,85,85,2P,C. Kroll-Thiel,,GREIFSWALDER FC,Normal Goal,1586812
04/08/2026,Brasileirao Serie B,2026/2027,MAGDEBURG II,LUCKENWALDE,47,47,2P,F. Pilger,,LUCKENWALDE,Normal Goal,1586814
05/08/2026,Brasileirao Serie B,2026/2027,FC ROT-WEISS ERFURT,TASMANIA BERLIN,31,31,1P,B. Dreca,,FC ROT-WEISS ERFURT,Normal Goal,1586811
05/08/2026,Brasileirao Serie B,2026/2027,FC ROT-WEISS ERFURT,TASMANIA BERLIN,36,36,1P,R. Assibey-Mensah,,FC ROT-WEISS ERFURT,Normal Goal,1586811
05/08/2026,Brasileirao Serie B,2026/2027,FC ROT-WEISS ERFURT,TASMANIA BERLIN,45,45,1P,R. Felssberg,,FC ROT-WEISS ERFURT,Normal Goal,1586811
05/08/2026,Brasileirao Serie B,2026/2027,FC ROT-WEISS ERFURT,TASMANIA BERLIN,69,69,2P,S. Ikene,,FC ROT-WEISS ERFURT,Normal Goal,1586811
05/08/2026,Brasileirao Serie B,2026/2027,FC ROT-WEISS ERFURT,TASMANIA BERLIN,83,83,2P,D. Forkel,,FC ROT-WEISS ERFURT,Normal Goal,1586811
05/08/2026,Brasileirao Serie B,2026/2027,FC ROT-WEISS ERFURT,TASMANIA BERLIN,90,90,2P,S. Fehler,,FC ROT-WEISS ERFURT,Normal Goal,1586811
05/08/2026,Brasileirao Serie B,2026/2027,BFC PREUSSEN,LOKOMOTIVE LEIPZIG,26,26,1P,R. Bornschein,,LOKOMOTIVE LEIPZIG,Normal Goal,1586808
05/08/2026,Brasileirao Serie B,2026/2027,BFC PREUSSEN,LOKOMOTIVE LEIPZIG,54,54,2P,C. Hausl,,BFC PREUSSEN,Normal Goal,1586808
05/08/2026,Brasileirao Serie B,2026/2027,BFC PREUSSEN,LOKOMOTIVE LEIPZIG,56,56,2P,A. Adetula,,LOKOMOTIVE LEIPZIG,Normal Goal,1586808
05/08/2026,Brasileirao Serie B,2026/2027,BSG CHEMIE LEIPZIG,HALLESCHER FC,90,90,2P,N. Stierlin,,HALLESCHER FC,Normal Goal,1586809
06/08/2026,Brasileirao Serie B,2026/2027,ERZGEBIRGE AUE,BFC DYNAMO,19,19,1P,D. Angleberger,,ERZGEBIRGE AUE,Normal Goal,1586806
06/08/2026,Brasileirao Serie B,2026/2027,ERZGEBIRGE AUE,BFC DYNAMO,24,24,1P,L. Bolke,,BFC DYNAMO,Normal Goal,1586806
06/08/2026,Brasileirao Serie B,2026/2027,ERZGEBIRGE AUE,BFC DYNAMO,44,44,1P,L. Queisser,,ERZGEBIRGE AUE,Normal Goal,1586806
06/08/2026,Brasileirao Serie B,2026/2027,ERZGEBIRGE AUE,BFC DYNAMO,55,55,2P,R. Dadashov,,BFC DYNAMO,Normal Goal,1586806
06/08/2026,Brasileirao Serie B,2026/2027,ERZGEBIRGE AUE,BFC DYNAMO,90,90,2P,T. Maciejewski,,ERZGEBIRGE AUE,Normal Goal,1586806
07/08/2026,Brasileirao Serie B,2026/2027,GREIFSWALDER FC,ALTGLIENICKE,22,22,1P,J. Nietfeld,,ALTGLIENICKE,Penalty,1586817
07/08/2026,Brasileirao Serie B,2026/2027,GREIFSWALDER FC,ALTGLIENICKE,28,28,1P,C. Kroll-Thiel,,GREIFSWALDER FC,Normal Goal,1586817
07/08/2026,Brasileirao Serie B,2026/2027,GREIFSWALDER FC,ALTGLIENICKE,32,32,1P,J. Hartl,,ALTGLIENICKE,Normal Goal,1586817
07/08/2026,Brasileirao Serie B,2026/2027,GREIFSWALDER FC,ALTGLIENICKE,86,86,2P,J. Nietfeld,,ALTGLIENICKE,Normal Goal,1586817
08/08/2026,Brasileirao Serie B,2026/2027,LUCKENWALDE,TASMANIA BERLIN,17,17,1P,F. Schneider,,LUCKENWALDE,Normal Goal,1586821
08/08/2026,Brasileirao Serie B,2026/2027,LUCKENWALDE,TASMANIA BERLIN,28,28,1P,E. Berko,,TASMANIA BERLIN,Normal Goal,1586821
08/08/2026,Brasileirao Serie B,2026/2027,LUCKENWALDE,TASMANIA BERLIN,33,33,1P,T. Cakmak,,TASMANIA BERLIN,Penalty,1586821
08/08/2026,Brasileirao Serie B,2026/2027,LUCKENWALDE,TASMANIA BERLIN,47,47,2P,F. Pilger,,LUCKENWALDE,Normal Goal,1586821
08/08/2026,Brasileirao Serie B,2026/2027,LUCKENWALDE,TASMANIA BERLIN,86,86,2P,R. Yajima,,TASMANIA BERLIN,Normal Goal,1586821
08/08/2026,Brasileirao Serie B,2026/2027,RSV EINTRACHT,BSG CHEMIE LEIPZIG,45,45,1P,P. Wendt,,BSG CHEMIE LEIPZIG,Normal Goal,1586823
08/08/2026,Brasileirao Serie B,2026/2027,RSV EINTRACHT,BSG CHEMIE LEIPZIG,52,52,2P,N. Kukanda,,RSV EINTRACHT,Normal Goal,1586823
08/08/2026,Brasileirao Serie B,2026/2027,LOKOMOTIVE LEIPZIG,HERTHA BSC II,52,52,2P,L. Kannewurf,,HERTHA BSC II,Normal Goal,1586820
08/08/2026,Brasileirao Serie B,2026/2027,LOKOMOTIVE LEIPZIG,HERTHA BSC II,57,57,2P,S. Weiland,,HERTHA BSC II,Normal Goal,1586820
08/08/2026,Brasileirao Serie B,2026/2027,LOKOMOTIVE LEIPZIG,HERTHA BSC II,65,65,2P,A. Adetula,,LOKOMOTIVE LEIPZIG,Normal Goal,1586820
09/08/2026,Brasileirao Serie B,2026/2027,ERZGEBIRGE AUE,BFC PREUSSEN,26,26,1P,S. Skarlatidis,,ERZGEBIRGE AUE,Normal Goal,1586815
09/08/2026,Brasileirao Serie B,2026/2027,ERZGEBIRGE AUE,BFC PREUSSEN,67,67,2P,P. Wagner,,BFC PREUSSEN,Own Goal,1586815
09/08/2026,Brasileirao Serie B,2026/2027,ERZGEBIRGE AUE,BFC PREUSSEN,80,80,2P,W. Kamm,,ERZGEBIRGE AUE,Normal Goal,1586815
09/08/2026,Brasileirao Serie B,2026/2027,FC CARL ZEISS JENA,FC ROT-WEISS ERFURT,31,31,1P,K. Lankford,,FC CARL ZEISS JENA,Normal Goal,1586819
09/08/2026,Brasileirao Serie B,2026/2027,FC CARL ZEISS JENA,FC ROT-WEISS ERFURT,50,50,2P,H. Gonda,,FC ROT-WEISS ERFURT,Normal Goal,1586819
09/08/2026,Brasileirao Serie B,2026/2027,FC CARL ZEISS JENA,FC ROT-WEISS ERFURT,76,76,2P,R. Hajrulla,,FC ROT-WEISS ERFURT,Normal Goal,1586819
11/08/2026,Brasileirao Serie B,2026/2027,ALTGLIENICKE,HERTHA BSC II,4,4,1P,J. Saliger,,ALTGLIENICKE,Normal Goal,1586800
11/08/2026,Brasileirao Serie B,2026/2027,ALTGLIENICKE,HERTHA BSC II,9,9,1P,E. Oduah,,ALTGLIENICKE,Normal Goal,1586800
11/08/2026,Brasileirao Serie B,2026/2027,ALTGLIENICKE,HERTHA BSC II,35,35,1P,J. Saliger,,ALTGLIENICKE,Normal Goal,1586800
11/08/2026,Brasileirao Serie B,2026/2027,ALTGLIENICKE,HERTHA BSC II,78,78,2P,M. Kourouma,,HERTHA BSC II,Normal Goal,1586800
11/08/2026,Brasileirao Serie B,2026/2027,MAGDEBURG II,SV BABELSBERG 03,2,2,1P,T. Ogbidi,,SV BABELSBERG 03,Normal Goal,1586822
11/08/2026,Brasileirao Serie B,2026/2027,MAGDEBURG II,SV BABELSBERG 03,43,43,1P,C. Braunling,,MAGDEBURG II,Normal Goal,1586822
11/08/2026,Brasileirao Serie B,2026/2027,MAGDEBURG II,SV BABELSBERG 03,49,49,2P,S. Korsch,,MAGDEBURG II,Normal Goal,1586822
11/08/2026,Brasileirao Serie B,2026/2027,MAGDEBURG II,SV BABELSBERG 03,80,80,2P,K. Manthey,,MAGDEBURG II,Normal Goal,1586822
24/07/2026,Superliga,2026/2027,VIBORG,ODENSE,56,56,2P,T. Jorgensen,O. Bundgaard,VIBORG,Normal Goal,1548974
25/07/2026,Superliga,2026/2027,AARHUS,BRONDBY,53,53,2P,Bartosz Slisz,Luis Binks,BRONDBY,Normal Goal,1548975
25/07/2026,Superliga,2026/2027,AARHUS,BRONDBY,84,84,2P,Kristian Arnstad,,AARHUS,Penalty,1548975
26/07/2026,Superliga,2026/2027,SONDERJYSKE,FC MIDTJYLLAND,26,26,1P,M. B. Sorensen,V. Byskov,FC MIDTJYLLAND,Normal Goal,1548976
26/07/2026,Superliga,2026/2027,SONDERJYSKE,FC MIDTJYLLAND,27,27,1P,M. Jensen,O. Hyseni,SONDERJYSKE,Normal Goal,1548976
26/07/2026,Superliga,2026/2027,SONDERJYSKE,FC MIDTJYLLAND,35,35,1P,V. Byskov,D. Osorio,FC MIDTJYLLAND,Normal Goal,1548976
26/07/2026,Superliga,2026/2027,SONDERJYSKE,FC MIDTJYLLAND,45,45,1P,M. Haidara,O. Hyseni,SONDERJYSKE,Normal Goal,1548976
26/07/2026,Superliga,2026/2027,SONDERJYSKE,FC MIDTJYLLAND,66,66,2P,J. Emefile,P. Billing,FC MIDTJYLLAND,Normal Goal,1548976
26/07/2026,Superliga,2026/2027,FC COPENHAGEN,LYNGBY,27,27,1P,B. Meling,,FC COPENHAGEN,Normal Goal,1548979
26/07/2026,Superliga,2026/2027,FC COPENHAGEN,LYNGBY,36,36,1P,R. Tytens,,LYNGBY,Normal Goal,1548979
26/07/2026,Superliga,2026/2027,FC COPENHAGEN,LYNGBY,39,39,1P,S. Colyn,,LYNGBY,Normal Goal,1548979
26/07/2026,Superliga,2026/2027,FC COPENHAGEN,LYNGBY,49,49,2P,B. Meling,,FC COPENHAGEN,Normal Goal,1548979
26/07/2026,Superliga,2026/2027,FC COPENHAGEN,LYNGBY,75,75,2P,M. Elyounoussi,M. Madsen,FC COPENHAGEN,Normal Goal,1548979
26/07/2026,Superliga,2026/2027,AC HORSENS,FC NORDSJAELLAND,33,33,1P,Nicklas Røjkjær,,FC NORDSJAELLAND,Normal Goal,1548978
26/07/2026,Superliga,2026/2027,AC HORSENS,FC NORDSJAELLAND,43,43,1P,Adrian Justinussen,,AC HORSENS,Penalty,1548978
27/07/2026,Superliga,2026/2027,RANDERS FC,SILKEBORG,10,10,1P,Mike Themsen,Martin Sjølstad,RANDERS FC,Normal Goal,1548977
27/07/2026,Superliga,2026/2027,RANDERS FC,SILKEBORG,45,45+1,1P,Oliver Ross,Callum McCowatt,SILKEBORG,Normal Goal,1548977
01/08/2026,Superliga,2026/2027,LYNGBY,AARHUS,33,33,1P,K. Arnstad,,AARHUS,Penalty,1548980
01/08/2026,Superliga,2026/2027,LYNGBY,AARHUS,67,67,2P,Dani,,LYNGBY,Normal Goal,1548980
01/08/2026,Superliga,2026/2027,LYNGBY,AARHUS,88,88,2P,F. Gytkjaer,,LYNGBY,Penalty,1548980
01/08/2026,Superliga,2026/2027,LYNGBY,AARHUS,90,90,2P,J. Jonsson,F. Emmery,AARHUS,Normal Goal,1548980
02/08/2026,Superliga,2026/2027,FC MIDTJYLLAND,AC HORSENS,33,33,1P,Franculino Djú,Valdemar Byskov,FC MIDTJYLLAND,Normal Goal,1548981
02/08/2026,Superliga,2026/2027,FC MIDTJYLLAND,AC HORSENS,45,45,1P,Friday Etim,Darío Osorio,FC MIDTJYLLAND,Normal Goal,1548981
02/08/2026,Superliga,2026/2027,FC MIDTJYLLAND,AC HORSENS,78,78,2P,Kelvin Ehibhatiomhan,Jimi Tauriainen,AC HORSENS,Normal Goal,1548981
02/08/2026,Superliga,2026/2027,FC NORDSJAELLAND,RANDERS FC,90,90,2P,R. Norheim,T. Salquist,FC NORDSJAELLAND,Normal Goal,1548982
02/08/2026,Superliga,2026/2027,BRONDBY,VIBORG,80,80,2P,Olti Hyseni,Sho Fukuda,BRONDBY,Normal Goal,1548983
02/08/2026,Superliga,2026/2027,SILKEBORG,FC COPENHAGEN,25,25,1P,Oliver Ross,Callum McCowatt,SILKEBORG,Normal Goal,1548984
02/08/2026,Superliga,2026/2027,SILKEBORG,FC COPENHAGEN,42,42,1P,Mohamed Elyounoussi,Jordan Larsson,FC COPENHAGEN,Normal Goal,1548984
02/08/2026,Superliga,2026/2027,SILKEBORG,FC COPENHAGEN,45,45+1,1P,Mohamed Elyounoussi,William Clem,FC COPENHAGEN,Normal Goal,1548984
02/08/2026,Superliga,2026/2027,SILKEBORG,FC COPENHAGEN,62,62,2P,Mohamed Elyounoussi,Marcos López,FC COPENHAGEN,Normal Goal,1548984
03/08/2026,Superliga,2026/2027,ODENSE,SONDERJYSKE,81,81,2P,N. Ganaus,,ODENSE,Normal Goal,1548985
09/08/2026,Superliga,2026/2027,RANDERS FC,LYNGBY,15,15,1P,M. Sankoh,,RANDERS FC,Normal Goal,1548987
09/08/2026,Superliga,2026/2027,RANDERS FC,LYNGBY,49,49,2P,K. Junker,S. Hansen,RANDERS FC,Normal Goal,1548987
09/08/2026,Superliga,2026/2027,AC HORSENS,BRONDBY,12,12,1P,M. Younis,M. Kohlert,BRONDBY,Normal Goal,1548988
09/08/2026,Superliga,2026/2027,AC HORSENS,BRONDBY,60,60,2P,M. Kupijbida,,BRONDBY,Own Goal,1548988
10/08/2026,Superliga,2026/2027,SILKEBORG,ODENSE,51,51,2P,Callum McCowatt,Oliver Ross,SILKEBORG,Normal Goal,1548989
28/02/2026,K League 1,2026/2027,INCHEON UNITED,FC SEOUL,47,47,2P,Min-kyu Song,,FC SEOUL,Normal Goal,1506896
28/02/2026,K League 1,2026/2027,INCHEON UNITED,FC SEOUL,61,61,2P,Cho Young Wook,Anderson Oliveira,FC SEOUL,Normal Goal,1506896
28/02/2026,K League 1,2026/2027,INCHEON UNITED,FC SEOUL,90,90+2,2P,Stefan Mugoša,,INCHEON UNITED,Penalty,1506896
28/02/2026,K League 1,2026/2027,ULSAN HYUNDAI FC,GANGWON FC,19,19,1P,Yago Cariello,,ULSAN HYUNDAI FC,Normal Goal,1506897
28/02/2026,K League 1,2026/2027,ULSAN HYUNDAI FC,GANGWON FC,45,45,1P,Yago Cariello,Choi Seok-Hyun,ULSAN HYUNDAI FC,Normal Goal,1506897
28/02/2026,K League 1,2026/2027,ULSAN HYUNDAI FC,GANGWON FC,86,86,2P,H. Lee,Lee Dong-Gyeong,ULSAN HYUNDAI FC,Normal Goal,1506897
28/02/2026,K League 1,2026/2027,ULSAN HYUNDAI FC,GANGWON FC,90,90,2P,A. Halaihal,Seo Min-Woo,GANGWON FC,Normal Goal,1506897
28/02/2026,K League 1,2026/2027,GIMCHEON SANGMU FC,POHANG STEELERS,4,4,1P,Go Jae-Hyeon,G. Lee,GIMCHEON SANGMU FC,Normal Goal,1506898
28/02/2026,K League 1,2026/2027,GIMCHEON SANGMU FC,POHANG STEELERS,55,55,2P,J. Tranziska,J. da Rocha Junior,POHANG STEELERS,Normal Goal,1506898
01/03/2026,K League 1,2026/2027,JEONBUK MOTORS,BUCHEON FC 1995,13,13,1P,Lee Dong-Jun,,JEONBUK MOTORS,Normal Goal,1506899
01/03/2026,K League 1,2026/2027,JEONBUK MOTORS,BUCHEON FC 1995,26,26,1P,Galego,,BUCHEON FC 1995,Normal Goal,1506899
01/03/2026,K League 1,2026/2027,JEONBUK MOTORS,BUCHEON FC 1995,54,54,2P,Lee Dong-Jun,,JEONBUK MOTORS,Normal Goal,1506899
01/03/2026,K League 1,2026/2027,JEONBUK MOTORS,BUCHEON FC 1995,83,83,2P,J. Montano,Galego,BUCHEON FC 1995,Normal Goal,1506899
01/03/2026,K League 1,2026/2027,JEONBUK MOTORS,BUCHEON FC 1995,90,90,2P,Galego,,BUCHEON FC 1995,Penalty,1506899
02/03/2026,K League 1,2026/2027,DAEJEON CITIZEN,FC ANYANG,54,54,2P,Jin-su Seo,Min-kyu Joo,DAEJEON CITIZEN,Normal Goal,1506901
02/03/2026,K League 1,2026/2027,DAEJEON CITIZEN,FC ANYANG,63,63,2P,Matheus Oliveira,,FC ANYANG,Penalty,1506901
02/03/2026,K League 1,2026/2027,DAEJEON CITIZEN,FC ANYANG,90,90+11,2P,Kim Hyeon-uk,,DAEJEON CITIZEN,Missed Penalty,1506901
07/03/2026,K League 1,2026/2027,BUCHEON FC 1995,DAEJEON CITIZEN,72,72,2P,Galego,,BUCHEON FC 1995,Penalty,1506904
07/03/2026,K League 1,2026/2027,BUCHEON FC 1995,DAEJEON CITIZEN,90,90,2P,Seo Jin-Su,Ha Chang-Rae,DAEJEON CITIZEN,Normal Goal,1506904
07/03/2026,K League 1,2026/2027,GWANGJU FC,INCHEON UNITED,38,38,1P,Kyoung-Rok Choi,Se-jong Ju,GWANGJU FC,Normal Goal,1506905
07/03/2026,K League 1,2026/2027,GWANGJU FC,INCHEON UNITED,45,45+1,1P,Hu-sung Oh,Kim Myung-Sun,INCHEON UNITED,Normal Goal,1506905
07/03/2026,K League 1,2026/2027,GWANGJU FC,INCHEON UNITED,58,58,2P,Chang-mu Shin,,GWANGJU FC,Penalty,1506905
07/03/2026,K League 1,2026/2027,GWANGJU FC,INCHEON UNITED,72,72,2P,Chang-mu Shin,Seung-un Ha,GWANGJU FC,Normal Goal,1506905
07/03/2026,K League 1,2026/2027,GWANGJU FC,INCHEON UNITED,90,90+17,2P,Stefan Mugoša,,INCHEON UNITED,Missed Penalty,1506905
07/03/2026,K League 1,2026/2027,GWANGJU FC,INCHEON UNITED,90,90+7,2P,Jae-min Seo,Stefan Mugoša,INCHEON UNITED,Normal Goal,1506905
08/03/2026,K League 1,2026/2027,GIMCHEON SANGMU FC,JEONBUK MOTORS,50,50,2P,Yun-sang Hong,Jung-taek Lee,GIMCHEON SANGMU FC,Normal Goal,1506906
08/03/2026,K League 1,2026/2027,GIMCHEON SANGMU FC,JEONBUK MOTORS,90,90+2,2P,Bruno Mota,Tiago Orobó,JEONBUK MOTORS,Normal Goal,1506906
08/03/2026,K League 1,2026/2027,FC ANYANG,JEJU UNITED FC,87,87,2P,Matheus Oliveira,,FC ANYANG,Penalty,1506907
08/03/2026,K League 1,2026/2027,FC ANYANG,JEJU UNITED FC,90,90,2P,Emerson Negueba,,JEJU UNITED FC,Penalty,1506907
08/03/2026,K League 1,2026/2027,FC ANYANG,JEJU UNITED FC,90,90,2P,Matheus Oliveira,Breno Herculano,FC ANYANG,Normal Goal,1506907
14/03/2026,K League 1,2026/2027,DAEJEON CITIZEN,GIMCHEON SANGMU FC,41,41,1P,G. Lee,Lee Jung-Taek,GIMCHEON SANGMU FC,Normal Goal,1506909
14/03/2026,K League 1,2026/2027,DAEJEON CITIZEN,GIMCHEON SANGMU FC,68,68,2P,Ha Chang-Rae,H. Lee,DAEJEON CITIZEN,Normal Goal,1506909
15/03/2026,K League 1,2026/2027,BUCHEON FC 1995,ULSAN HYUNDAI FC,9,9,1P,Min-jun Kim,Thiaguinho Santos,BUCHEON FC 1995,Normal Goal,1506910
15/03/2026,K League 1,2026/2027,BUCHEON FC 1995,ULSAN HYUNDAI FC,39,39,1P,Yago Cariello,,ULSAN HYUNDAI FC,Normal Goal,1506910
15/03/2026,K League 1,2026/2027,BUCHEON FC 1995,ULSAN HYUNDAI FC,70,70,2P,Dong-gyeong Lee,,ULSAN HYUNDAI FC,Penalty,1506910
15/03/2026,K League 1,2026/2027,JEJU UNITED FC,FC SEOUL,53,53,2P,Juan Antonio Ros,,FC SEOUL,Normal Goal,1506911
15/03/2026,K League 1,2026/2027,JEJU UNITED FC,FC SEOUL,88,88,2P,Byung-wook Choi,Gytis Paulauskas,JEJU UNITED FC,Normal Goal,1506911
15/03/2026,K League 1,2026/2027,JEJU UNITED FC,FC SEOUL,90,90+4,2P,Seung-mo Lee,Min-kyu Song,FC SEOUL,Normal Goal,1506911
15/03/2026,K League 1,2026/2027,GANGWON FC,FC ANYANG,6,6,1P,Park Sang-Hyeok,Mo Jae-Hyeon,GANGWON FC,Normal Goal,1506912
15/03/2026,K League 1,2026/2027,GANGWON FC,FC ANYANG,18,18,1P,Choi Geon-Joo,,FC ANYANG,Normal Goal,1506912
15/03/2026,K League 1,2026/2027,POHANG STEELERS,INCHEON UNITED,43,43,1P,Stefan Mugoša,,INCHEON UNITED,Normal Goal,1506913
15/03/2026,K League 1,2026/2027,POHANG STEELERS,INCHEON UNITED,46,46,2P,Lee Ho-jae,Jorge Teixeira,POHANG STEELERS,Normal Goal,1506913
17/03/2026,K League 1,2026/2027,GIMCHEON SANGMU FC,GWANGJU FC,69,69,2P,Hólmbert Aron Friðjónsson,,GWANGJU FC,Penalty,1506914
17/03/2026,K League 1,2026/2027,GIMCHEON SANGMU FC,GWANGJU FC,90,90+7,2P,Jae-hyeon Go,Min-geu Kang,GIMCHEON SANGMU FC,Normal Goal,1506914
18/03/2026,K League 1,2026/2027,JEJU UNITED FC,ULSAN HYUNDAI FC,48,48,2P,Jeong Seung-hyeon,Dong-gyeong Lee,ULSAN HYUNDAI FC,Normal Goal,1506917
18/03/2026,K League 1,2026/2027,JEJU UNITED FC,ULSAN HYUNDAI FC,63,63,2P,Yago Cariello,,ULSAN HYUNDAI FC,Normal Goal,1506917
18/03/2026,K League 1,2026/2027,JEONBUK MOTORS,FC ANYANG,10,10,1P,Kim Jeong-Hoon,,JEONBUK MOTORS,Own Goal,1506918
18/03/2026,K League 1,2026/2027,JEONBUK MOTORS,FC ANYANG,26,26,1P,Kim Un,Kim Bo-Kyung,FC ANYANG,Normal Goal,1506918
18/03/2026,K League 1,2026/2027,JEONBUK MOTORS,FC ANYANG,86,86,2P,Bruno Mota,,JEONBUK MOTORS,Normal Goal,1506918
18/03/2026,K League 1,2026/2027,INCHEON UNITED,DAEJEON CITIZEN,9,9,1P,M. Ishida,Seo Jin-Su,DAEJEON CITIZEN,Normal Goal,1506916
18/03/2026,K League 1,2026/2027,INCHEON UNITED,DAEJEON CITIZEN,36,36,1P,S. Mugosa,Lee Ju-Yong,INCHEON UNITED,Normal Goal,1506916
18/03/2026,K League 1,2026/2027,INCHEON UNITED,DAEJEON CITIZEN,85,85,2P,Diogo Oliveira,Um Won-Sang,DAEJEON CITIZEN,Normal Goal,1506916
18/03/2026,K League 1,2026/2027,INCHEON UNITED,DAEJEON CITIZEN,90,90,2P,Um Won-Sang,Diogo Oliveira,DAEJEON CITIZEN,Normal Goal,1506916
18/03/2026,K League 1,2026/2027,POHANG STEELERS,FC SEOUL,4,4,1P,Cho Young-Wook,J. Son,FC SEOUL,Normal Goal,1506919
21/03/2026,K League 1,2026/2027,DAEJEON CITIZEN,JEONBUK MOTORS,45,45,1P,Lee Dong-Jun,Bruno Mota,JEONBUK MOTORS,Normal Goal,1506920
22/03/2026,K League 1,2026/2027,FC SEOUL,GWANGJU FC,9,9,1P,Son Jeong-beom,Hrvoje Babec,FC SEOUL,Normal Goal,1506921
22/03/2026,K League 1,2026/2027,FC SEOUL,GWANGJU FC,47,47,2P,Patryk Klimala,Seung-Won Jeong,FC SEOUL,Normal Goal,1506921
22/03/2026,K League 1,2026/2027,FC SEOUL,GWANGJU FC,59,59,2P,Juan Antonio Ros,Jin-su Kim,FC SEOUL,Normal Goal,1506921
22/03/2026,K League 1,2026/2027,FC SEOUL,GWANGJU FC,73,73,2P,Patryk Klimala,Seon-min Moon,FC SEOUL,Normal Goal,1506921
22/03/2026,K League 1,2026/2027,FC SEOUL,GWANGJU FC,82,82,2P,Seung-mo Lee,Seon-min Moon,FC SEOUL,Normal Goal,1506921
22/03/2026,K League 1,2026/2027,GANGWON FC,JEJU UNITED FC,15,15,1P,Jo In-jung,,JEJU UNITED FC,Normal Goal,1506924
22/03/2026,K League 1,2026/2027,GANGWON FC,JEJU UNITED FC,58,58,2P,Mo Jae-hyeon,,GANGWON FC,Missed Penalty,1506924
22/03/2026,K League 1,2026/2027,GANGWON FC,JEJU UNITED FC,90,90,2P,A. Halaihal,Y. Kang,GANGWON FC,Normal Goal,1506924
22/03/2026,K League 1,2026/2027,FC ANYANG,INCHEON UNITED,67,67,2P,S. Mugosa,,INCHEON UNITED,Normal Goal,1506923
28/03/2026,K League 1,2026/2027,POHANG STEELERS,GANGWON FC,71,71,2P,Lee Ho-Jae,,POHANG STEELERS,Normal Goal,1506902
04/04/2026,K League 1,2026/2027,JEJU UNITED FC,BUCHEON FC 1995,21,21,1P,J. Celestine,,JEJU UNITED FC,Normal Goal,1506926
04/04/2026,K League 1,2026/2027,JEONBUK MOTORS,ULSAN HYUNDAI FC,9,9,1P,Wi-je Cho,,JEONBUK MOTORS,Normal Goal,1506927
04/04/2026,K League 1,2026/2027,JEONBUK MOTORS,ULSAN HYUNDAI FC,90,90+4,2P,Seung-Woo Lee,Yeong-jae Lee,JEONBUK MOTORS,Normal Goal,1506927
04/04/2026,K League 1,2026/2027,GANGWON FC,GWANGJU FC,10,10,1P,M. Tuci,,GANGWON FC,Normal Goal,1506928
04/04/2026,K League 1,2026/2027,GANGWON FC,GWANGJU FC,13,13,1P,Mo Jae-Hyeon,,GANGWON FC,Normal Goal,1506928
04/04/2026,K League 1,2026/2027,GANGWON FC,GWANGJU FC,54,54,2P,Lee You-Hyeon,Choe Byeong-Chan,GANGWON FC,Normal Goal,1506928
04/04/2026,K League 1,2026/2027,POHANG STEELERS,DAEJEON CITIZEN,29,29,1P,Lee Ho-Jae,,POHANG STEELERS,Penalty,1506929
05/04/2026,K League 1,2026/2027,FC ANYANG,FC SEOUL,45,45,1P,Patryk Klimala,,FC SEOUL,Normal Goal,1506930
05/04/2026,K League 1,2026/2027,FC ANYANG,FC SEOUL,78,78,2P,Airton,Matheus Oliveira,FC ANYANG,Normal Goal,1506930
05/04/2026,K League 1,2026/2027,INCHEON UNITED,GIMCHEON SANGMU FC,10,10,1P,S. Mugosa,Lee Myoung-Joo,INCHEON UNITED,Normal Goal,1506931
05/04/2026,K League 1,2026/2027,INCHEON UNITED,GIMCHEON SANGMU FC,45,45,1P,S. Mugosa,,INCHEON UNITED,Penalty,1506931
05/04/2026,K League 1,2026/2027,INCHEON UNITED,GIMCHEON SANGMU FC,56,56,2P,Go Jae-Hyeon,,GIMCHEON SANGMU FC,Normal Goal,1506931
11/04/2026,K League 1,2026/2027,POHANG STEELERS,JEJU UNITED FC,17,17,1P,M. Jang,Kim Jun-ha,JEJU UNITED FC,Normal Goal,1506932
11/04/2026,K League 1,2026/2027,POHANG STEELERS,JEJU UNITED FC,27,27,1P,Shin Sang-Eun,J. Celestine,JEJU UNITED FC,Normal Goal,1506932
11/04/2026,K League 1,2026/2027,FC SEOUL,JEONBUK MOTORS,90,90+5,2P,Patryk Klimala,Yazan Alarab,FC SEOUL,Normal Goal,1506933
11/04/2026,K League 1,2026/2027,GWANGJU FC,BUCHEON FC 1995,54,54,2P,Galego,J. Montano,BUCHEON FC 1995,Normal Goal,1506934
11/04/2026,K League 1,2026/2027,INCHEON UNITED,ULSAN HYUNDAI FC,23,23,1P,Yago Cariello,Lee Dong-Gyeong,ULSAN HYUNDAI FC,Normal Goal,1506935
11/04/2026,K League 1,2026/2027,INCHEON UNITED,ULSAN HYUNDAI FC,71,71,2P,S. Mugosa,Seo Jae-Min,INCHEON UNITED,Normal Goal,1506935
11/04/2026,K League 1,2026/2027,INCHEON UNITED,ULSAN HYUNDAI FC,90,90,2P,Marcao,Lee Gyu-Seong,ULSAN HYUNDAI FC,Normal Goal,1506935
12/04/2026,K League 1,2026/2027,DAEJEON CITIZEN,GANGWON FC,34,34,1P,Kim Dae-Won,Goh Young-Jun,GANGWON FC,Normal Goal,1506936
12/04/2026,K League 1,2026/2027,DAEJEON CITIZEN,GANGWON FC,90,90,2P,Kim Moon-Hwan,,GANGWON FC,Own Goal,1506936
12/04/2026,K League 1,2026/2027,GIMCHEON SANGMU FC,FC ANYANG,58,58,2P,Kim Young-Chan,Matheus Oliveira,FC ANYANG,Normal Goal,1506937
12/04/2026,K League 1,2026/2027,GIMCHEON SANGMU FC,FC ANYANG,90,90,2P,Park Cheol-Woo,,GIMCHEON SANGMU FC,Normal Goal,1506937
15/04/2026,K League 1,2026/2027,ULSAN HYUNDAI FC,FC SEOUL,4,4,1P,Leonardo Ruiz,Min-kyu Song,FC SEOUL,Normal Goal,1506903
15/04/2026,K League 1,2026/2027,ULSAN HYUNDAI FC,FC SEOUL,10,10,1P,Benji Michel,,FC SEOUL,Own Goal,1506903
15/04/2026,K League 1,2026/2027,ULSAN HYUNDAI FC,FC SEOUL,30,30,1P,Min-kyu Song,Hrvoje Babec,FC SEOUL,Normal Goal,1506903
15/04/2026,K League 1,2026/2027,ULSAN HYUNDAI FC,FC SEOUL,53,53,2P,Min-kyu Song,,FC SEOUL,Normal Goal,1506903
15/04/2026,K League 1,2026/2027,ULSAN HYUNDAI FC,FC SEOUL,68,68,2P,Marcão,Jang Si-young,ULSAN HYUNDAI FC,Normal Goal,1506903
18/04/2026,K League 1,2026/2027,GANGWON FC,JEONBUK MOTORS,33,33,1P,Tiago Orobó,,JEONBUK MOTORS,Normal Goal,1506938
18/04/2026,K League 1,2026/2027,GANGWON FC,JEONBUK MOTORS,56,56,2P,Mo Jae-hyeon,Dae-won Kim,GANGWON FC,Normal Goal,1506938
18/04/2026,K League 1,2026/2027,FC SEOUL,DAEJEON CITIZEN,16,16,1P,Yu Kang-Hyun,Kim Moon-Hwan,DAEJEON CITIZEN,Normal Goal,1506939
18/04/2026,K League 1,2026/2027,BUCHEON FC 1995,INCHEON UNITED,12,12,1P,Morgan Ferrier,Kim Myung-Sun,INCHEON UNITED,Normal Goal,1506940
18/04/2026,K League 1,2026/2027,BUCHEON FC 1995,INCHEON UNITED,22,22,1P,Gerso Fernandes,,INCHEON UNITED,Normal Goal,1506940
18/04/2026,K League 1,2026/2027,BUCHEON FC 1995,INCHEON UNITED,64,64,2P,Jae-won Shin,Jhon Montaño,BUCHEON FC 1995,Normal Goal,1506940
18/04/2026,K League 1,2026/2027,BUCHEON FC 1995,INCHEON UNITED,80,80,2P,Vitor Gabriel,Galego,BUCHEON FC 1995,Normal Goal,1506940
18/04/2026,K League 1,2026/2027,JEJU UNITED FC,GIMCHEON SANGMU FC,28,28,1P,T. Park,,GIMCHEON SANGMU FC,Normal Goal,1506941
18/04/2026,K League 1,2026/2027,JEJU UNITED FC,GIMCHEON SANGMU FC,48,48,2P,Oh Jae-Hyeok,,JEJU UNITED FC,Normal Goal,1506941
19/04/2026,K League 1,2026/2027,ULSAN HYUNDAI FC,GWANGJU FC,18,18,1P,Jung Seung-Hyun,Marcao,ULSAN HYUNDAI FC,Normal Goal,1506942
19/04/2026,K League 1,2026/2027,ULSAN HYUNDAI FC,GWANGJU FC,20,20,1P,Shin Chang-Moo,Ahn Hyeok-Ju,GWANGJU FC,Normal Goal,1506942
19/04/2026,K League 1,2026/2027,ULSAN HYUNDAI FC,GWANGJU FC,27,27,1P,Marcao,Lee Gyu-Seong,ULSAN HYUNDAI FC,Normal Goal,1506942
19/04/2026,K League 1,2026/2027,ULSAN HYUNDAI FC,GWANGJU FC,57,57,2P,Marcao,,ULSAN HYUNDAI FC,Penalty,1506942
19/04/2026,K League 1,2026/2027,ULSAN HYUNDAI FC,GWANGJU FC,90,90,2P,Heo Yool,Lee Min-Hyuk,ULSAN HYUNDAI FC,Normal Goal,1506942
19/04/2026,K League 1,2026/2027,ULSAN HYUNDAI FC,GWANGJU FC,90,90,2P,Lee Dong-Gyeong,,ULSAN HYUNDAI FC,Penalty,1506942
19/04/2026,K League 1,2026/2027,POHANG STEELERS,FC ANYANG,68,68,2P,Geon-Joo Choi,Un Kim,FC ANYANG,Normal Goal,1506943
21/04/2026,K League 1,2026/2027,JEONBUK MOTORS,INCHEON UNITED,13,13,1P,Wi-je Cho,Kang Sang-Yun,JEONBUK MOTORS,Normal Goal,1506945
21/04/2026,K League 1,2026/2027,JEONBUK MOTORS,INCHEON UNITED,40,40,1P,Myung Joo Lee,,INCHEON UNITED,Penalty,1506945
21/04/2026,K League 1,2026/2027,JEONBUK MOTORS,INCHEON UNITED,59,59,2P,Dong-ryul Lee,Choi Seung-Gu,INCHEON UNITED,Normal Goal,1506945
21/04/2026,K League 1,2026/2027,FC SEOUL,BUCHEON FC 1995,31,31,1P,P. Klimala,,FC SEOUL,Penalty,1506946
21/04/2026,K League 1,2026/2027,FC SEOUL,BUCHEON FC 1995,45,45,1P,Moon Seon-Min,Hwang Do-Yun,FC SEOUL,Normal Goal,1506946
21/04/2026,K League 1,2026/2027,FC SEOUL,BUCHEON FC 1995,68,68,2P,Hwang Do-Yun,,FC SEOUL,Normal Goal,1506946
21/04/2026,K League 1,2026/2027,GIMCHEON SANGMU FC,GANGWON FC,36,36,1P,Dae-won Kim,,GANGWON FC,Normal Goal,1506944
21/04/2026,K League 1,2026/2027,GIMCHEON SANGMU FC,GANGWON FC,45,45+4,1P,Dae-won Kim,,GANGWON FC,Penalty,1506944
21/04/2026,K League 1,2026/2027,GIMCHEON SANGMU FC,GANGWON FC,83,83,2P,Abdallah Khalaihal,Dae-won Kim,GANGWON FC,Normal Goal,1506944
22/04/2026,K League 1,2026/2027,FC ANYANG,ULSAN HYUNDAI FC,4,4,1P,Airton Moises,Matheus Oliveira,FC ANYANG,Normal Goal,1506947
22/04/2026,K League 1,2026/2027,FC ANYANG,ULSAN HYUNDAI FC,82,82,2P,Heo Yool,Lee Jin-Hyun,ULSAN HYUNDAI FC,Normal Goal,1506947
22/04/2026,K League 1,2026/2027,DAEJEON CITIZEN,JEJU UNITED FC,44,44,1P,Chang-jun Park,,JEJU UNITED FC,Normal Goal,1506948
22/04/2026,K League 1,2026/2027,POHANG STEELERS,GWANGJU FC,4,4,1P,Lee Ho-Jae,,POHANG STEELERS,Normal Goal,1506949
25/04/2026,K League 1,2026/2027,GANGWON FC,FC SEOUL,42,42,1P,H. Babec,J. Son,FC SEOUL,Normal Goal,1506950
25/04/2026,K League 1,2026/2027,GANGWON FC,FC SEOUL,81,81,2P,Lee Seung-Mo,Cho Young-Wook,FC SEOUL,Normal Goal,1506950
25/04/2026,K League 1,2026/2027,GANGWON FC,FC SEOUL,90,90,2P,A. Hleihel,,GANGWON FC,Normal Goal,1506950
25/04/2026,K League 1,2026/2027,BUCHEON FC 1995,GIMCHEON SANGMU FC,30,30,1P,Joo-chan Kim,,GIMCHEON SANGMU FC,Normal Goal,1506951
25/04/2026,K League 1,2026/2027,BUCHEON FC 1995,GIMCHEON SANGMU FC,83,83,2P,Byeon Jun-soo,Jae-hyeon Go,GIMCHEON SANGMU FC,Normal Goal,1506951
25/04/2026,K League 1,2026/2027,INCHEON UNITED,JEJU UNITED FC,70,70,2P,Morgan Ferrier,Dong-ryul Lee,INCHEON UNITED,Normal Goal,1506952
26/04/2026,K League 1,2026/2027,JEONBUK MOTORS,POHANG STEELERS,26,26,1P,Yeong-bin Kim,Jin-gyu Kim,JEONBUK MOTORS,Normal Goal,1506953
26/04/2026,K League 1,2026/2027,JEONBUK MOTORS,POHANG STEELERS,40,40,1P,Lee Ho-jae,,POHANG STEELERS,Penalty,1506953
26/04/2026,K League 1,2026/2027,JEONBUK MOTORS,POHANG STEELERS,44,44,1P,Kim Ha-Jun,Seung-Woo Lee,JEONBUK MOTORS,Normal Goal,1506953
26/04/2026,K League 1,2026/2027,JEONBUK MOTORS,POHANG STEELERS,66,66,2P,Lee Ho-jae,,POHANG STEELERS,Penalty,1506953
26/04/2026,K League 1,2026/2027,JEONBUK MOTORS,POHANG STEELERS,90,90+5,2P,Kang Sang-Yun,,JEONBUK MOTORS,Normal Goal,1506953
26/04/2026,K League 1,2026/2027,GWANGJU FC,FC ANYANG,20,20,1P,Breno Herculano,Park Jeong-hun,FC ANYANG,Normal Goal,1506954
26/04/2026,K League 1,2026/2027,GWANGJU FC,FC ANYANG,41,41,1P,Kim Jung-Hyun,Kang Ji-hun,FC ANYANG,Normal Goal,1506954
26/04/2026,K League 1,2026/2027,GWANGJU FC,FC ANYANG,45,45,1P,T. Oude Kotte,Breno Herculano,FC ANYANG,Normal Goal,1506954
26/04/2026,K League 1,2026/2027,GWANGJU FC,FC ANYANG,54,54,2P,Moon Min-seo,H. Fridjonsson,GWANGJU FC,Normal Goal,1506954
26/04/2026,K League 1,2026/2027,GWANGJU FC,FC ANYANG,58,58,2P,Moon Min-seo,H. Fridjonsson,GWANGJU FC,Normal Goal,1506954
26/04/2026,K League 1,2026/2027,GWANGJU FC,FC ANYANG,85,85,2P,Kim Un,,FC ANYANG,Normal Goal,1506954
26/04/2026,K League 1,2026/2027,GWANGJU FC,FC ANYANG,90,90,2P,Airton Moises,Kim Un,FC ANYANG,Normal Goal,1506954
26/04/2026,K League 1,2026/2027,ULSAN HYUNDAI FC,DAEJEON CITIZEN,16,16,1P,Gustav Ludwigson,Masatoshi Ishida,DAEJEON CITIZEN,Normal Goal,1506955
26/04/2026,K League 1,2026/2027,ULSAN HYUNDAI FC,DAEJEON CITIZEN,42,42,1P,Jae-hee Jeong,Diogo Oliveira,DAEJEON CITIZEN,Normal Goal,1506955
26/04/2026,K League 1,2026/2027,ULSAN HYUNDAI FC,DAEJEON CITIZEN,45,45+2,1P,Diogo Oliveira,,DAEJEON CITIZEN,Normal Goal,1506955
26/04/2026,K League 1,2026/2027,ULSAN HYUNDAI FC,DAEJEON CITIZEN,52,52,2P,Masatoshi Ishida,Kim Bong-Soo,DAEJEON CITIZEN,Normal Goal,1506955
26/04/2026,K League 1,2026/2027,ULSAN HYUNDAI FC,DAEJEON CITIZEN,89,89,2P,Dong-gyeong Lee,Kyu-seong Lee,ULSAN HYUNDAI FC,Normal Goal,1506955
02/05/2026,K League 1,2026/2027,FC SEOUL,GIMCHEON SANGMU FC,30,30,1P,Jae-hyeon Go,,GIMCHEON SANGMU FC,Normal Goal,1506956
02/05/2026,K League 1,2026/2027,FC SEOUL,GIMCHEON SANGMU FC,37,37,1P,Yazan Al-Arab,Kim Jin-su,FC SEOUL,Normal Goal,1506956
02/05/2026,K League 1,2026/2027,FC SEOUL,GIMCHEON SANGMU FC,60,60,2P,Hrvoje Babec,,FC SEOUL,Normal Goal,1506956
02/05/2026,K League 1,2026/2027,FC SEOUL,GIMCHEON SANGMU FC,71,71,2P,Tae-jun Park,,GIMCHEON SANGMU FC,Normal Goal,1506956
02/05/2026,K League 1,2026/2027,FC SEOUL,GIMCHEON SANGMU FC,80,80,2P,In-kyun Kim,Jung-taek Lee,GIMCHEON SANGMU FC,Normal Goal,1506956
02/05/2026,K League 1,2026/2027,ULSAN HYUNDAI FC,POHANG STEELERS,90,90,2P,Cho Sang-Hyeok,Eo Jeong-Won,POHANG STEELERS,Normal Goal,1506957
02/05/2026,K League 1,2026/2027,JEJU UNITED FC,JEONBUK MOTORS,37,37,1P,Kim Jin-gyu,Lee Dong-Jun,JEONBUK MOTORS,Normal Goal,1506959
02/05/2026,K League 1,2026/2027,JEJU UNITED FC,JEONBUK MOTORS,90,90,2P,Tiago Orobo,Kang Sang-Yoon,JEONBUK MOTORS,Normal Goal,1506959
02/05/2026,K League 1,2026/2027,INCHEON UNITED,GANGWON FC,44,44,1P,Dae-won Kim,Kang Joon-hyuk,GANGWON FC,Normal Goal,1506958
02/05/2026,K League 1,2026/2027,FC ANYANG,BUCHEON FC 1995,71,71,2P,Vitor Gabriel,Rodrigo Bassani,BUCHEON FC 1995,Normal Goal,1506960
02/05/2026,K League 1,2026/2027,GWANGJU FC,DAEJEON CITIZEN,7,7,1P,Diogo Oliveira,G. Ludwigson,DAEJEON CITIZEN,Normal Goal,1506961
02/05/2026,K League 1,2026/2027,GWANGJU FC,DAEJEON CITIZEN,32,32,1P,Jeong Jae-Hee,,DAEJEON CITIZEN,Normal Goal,1506961
02/05/2026,K League 1,2026/2027,GWANGJU FC,DAEJEON CITIZEN,52,52,2P,Kim Jun-Beom,,DAEJEON CITIZEN,Normal Goal,1506961
02/05/2026,K League 1,2026/2027,GWANGJU FC,DAEJEON CITIZEN,54,54,2P,Jeong Jae-Hee,,DAEJEON CITIZEN,Normal Goal,1506961
02/05/2026,K League 1,2026/2027,GWANGJU FC,DAEJEON CITIZEN,61,61,2P,Joo Min-Kyu,Seo Jin-Su,DAEJEON CITIZEN,Normal Goal,1506961
05/05/2026,K League 1,2026/2027,BUCHEON FC 1995,JEJU UNITED FC,75,75,2P,Tae Hee Nam,Ryun-sung Kim,JEJU UNITED FC,Normal Goal,1506962
05/05/2026,K League 1,2026/2027,JEONBUK MOTORS,GWANGJU FC,43,43,1P,Oberdan,,JEONBUK MOTORS,Normal Goal,1506963
05/05/2026,K League 1,2026/2027,JEONBUK MOTORS,GWANGJU FC,50,50,2P,Kim Seung-Sub,Oberdan,JEONBUK MOTORS,Normal Goal,1506963
05/05/2026,K League 1,2026/2027,JEONBUK MOTORS,GWANGJU FC,87,87,2P,Tiago Orobo,Lee Yeong-Jae,JEONBUK MOTORS,Normal Goal,1506963
05/05/2026,K League 1,2026/2027,JEONBUK MOTORS,GWANGJU FC,90,90,2P,Lee Seung-Woo,,JEONBUK MOTORS,Penalty,1506963
05/05/2026,K League 1,2026/2027,GANGWON FC,POHANG STEELERS,19,19,1P,Jeong-won Eo,,POHANG STEELERS,Missed Penalty,1506965
05/05/2026,K League 1,2026/2027,GANGWON FC,POHANG STEELERS,69,69,2P,A. Hleihel,Mo Jae-Hyeon,GANGWON FC,Normal Goal,1506965
05/05/2026,K League 1,2026/2027,GANGWON FC,POHANG STEELERS,81,81,2P,Cho Sang-Hyeok,Ki Sung-Yueng,POHANG STEELERS,Normal Goal,1506965
05/05/2026,K League 1,2026/2027,GIMCHEON SANGMU FC,ULSAN HYUNDAI FC,40,40,1P,Marcão,Kang Sang-woo,ULSAN HYUNDAI FC,Normal Goal,1506966
05/05/2026,K League 1,2026/2027,GIMCHEON SANGMU FC,ULSAN HYUNDAI FC,62,62,2P,Yago Cariello,Myeong-kwan Seo,ULSAN HYUNDAI FC,Normal Goal,1506966
05/05/2026,K League 1,2026/2027,GIMCHEON SANGMU FC,ULSAN HYUNDAI FC,75,75,2P,Kun-hee Lee,Lee Sangheon,GIMCHEON SANGMU FC,Normal Goal,1506966
09/05/2026,K League 1,2026/2027,JEJU UNITED FC,FC SEOUL,18,18,1P,Park Chang-Jun,Emerson Negueba,JEJU UNITED FC,Normal Goal,1506968
09/05/2026,K League 1,2026/2027,JEJU UNITED FC,FC SEOUL,53,53,2P,Kim Jun-ha,,JEJU UNITED FC,Normal Goal,1506968
09/05/2026,K League 1,2026/2027,JEJU UNITED FC,FC SEOUL,57,57,2P,L. Ruiz,Lee Seung-Mo,FC SEOUL,Normal Goal,1506968
09/05/2026,K League 1,2026/2027,GWANGJU FC,GANGWON FC,22,22,1P,Kim Gun-hee,,GANGWON FC,Missed Penalty,1506970
09/05/2026,K League 1,2026/2027,GIMCHEON SANGMU FC,INCHEON UNITED,27,27,1P,Jong-beom Baek,,INCHEON UNITED,Own Goal,1506969
09/05/2026,K League 1,2026/2027,GIMCHEON SANGMU FC,INCHEON UNITED,45,45+5,1P,Dong-ryul Lee,,INCHEON UNITED,Normal Goal,1506969
09/05/2026,K League 1,2026/2027,GIMCHEON SANGMU FC,INCHEON UNITED,52,52,2P,Morgan Ferrier,,INCHEON UNITED,Normal Goal,1506969
09/05/2026,K League 1,2026/2027,DAEJEON CITIZEN,POHANG STEELERS,68,68,2P,J. da Rocha Junior,Cho Sang-Hyeok,POHANG STEELERS,Normal Goal,1506971
09/05/2026,K League 1,2026/2027,DAEJEON CITIZEN,POHANG STEELERS,90,90,2P,J. da Rocha Junior,J. Tranziska,POHANG STEELERS,Normal Goal,1506971
10/05/2026,K League 1,2026/2027,ULSAN HYUNDAI FC,BUCHEON FC 1995,24,24,1P,Lee Dong-Gyeong,Marcao,ULSAN HYUNDAI FC,Normal Goal,1506972
10/05/2026,K League 1,2026/2027,FC ANYANG,JEONBUK MOTORS,54,54,2P,Airton,,FC ANYANG,Normal Goal,1506973
10/05/2026,K League 1,2026/2027,FC ANYANG,JEONBUK MOTORS,76,76,2P,Seung-Woo Lee,Tae-hyeon Kim,JEONBUK MOTORS,Normal Goal,1506973
12/05/2026,K League 1,2026/2027,GANGWON FC,DAEJEON CITIZEN,87,87,2P,A. Hleihel,Mo Jae-Hyeon,GANGWON FC,Normal Goal,1506974
12/05/2026,K League 1,2026/2027,GANGWON FC,DAEJEON CITIZEN,89,89,2P,Kim Dae-Won,Kim Gun-Hee,GANGWON FC,Normal Goal,1506974
12/05/2026,K League 1,2026/2027,GWANGJU FC,FC SEOUL,49,49,2P,L. Ruiz,Song Min-Kyu,FC SEOUL,Normal Goal,1506975
12/05/2026,K League 1,2026/2027,INCHEON UNITED,POHANG STEELERS,42,42,1P,Lee Ho-Jae,,POHANG STEELERS,Penalty,1506976
13/05/2026,K League 1,2026/2027,FC ANYANG,GIMCHEON SANGMU FC,1,1,1P,Choi Geon-Joo,,FC ANYANG,Normal Goal,1506977
13/05/2026,K League 1,2026/2027,FC ANYANG,GIMCHEON SANGMU FC,64,64,2P,G. Lee,,GIMCHEON SANGMU FC,Normal Goal,1506977
13/05/2026,K League 1,2026/2027,FC ANYANG,GIMCHEON SANGMU FC,70,70,2P,Kim Joo-Chan,Park Cheol-Woo,GIMCHEON SANGMU FC,Normal Goal,1506977
13/05/2026,K League 1,2026/2027,FC ANYANG,GIMCHEON SANGMU FC,76,76,2P,Airton Moises,,FC ANYANG,Normal Goal,1506977
13/05/2026,K League 1,2026/2027,ULSAN HYUNDAI FC,JEJU UNITED FC,17,17,1P,Lee Dong-Gyeong,D. Bojanic,ULSAN HYUNDAI FC,Normal Goal,1506979
13/05/2026,K League 1,2026/2027,ULSAN HYUNDAI FC,JEJU UNITED FC,32,32,1P,M. Trojak,,ULSAN HYUNDAI FC,Normal Goal,1506979
13/05/2026,K League 1,2026/2027,ULSAN HYUNDAI FC,JEJU UNITED FC,88,88,2P,Emerson Negueba,,JEJU UNITED FC,Normal Goal,1506979
16/05/2026,K League 1,2026/2027,DAEJEON CITIZEN,FC SEOUL,24,24,1P,Anderson Oliveira,Leonardo Ruiz,FC SEOUL,Normal Goal,1506980
16/05/2026,K League 1,2026/2027,DAEJEON CITIZEN,FC SEOUL,70,70,2P,Jae-hee Jeong,Jin-su Seo,DAEJEON CITIZEN,Normal Goal,1506980
16/05/2026,K League 1,2026/2027,DAEJEON CITIZEN,FC SEOUL,88,88,2P,Lee Seung-mo,Seung-Won Jeong,FC SEOUL,Normal Goal,1506980
16/05/2026,K League 1,2026/2027,INCHEON UNITED,GWANGJU FC,19,19,1P,Ibiza,Lee Ju-Yong,INCHEON UNITED,Normal Goal,1506981
16/05/2026,K League 1,2026/2027,INCHEON UNITED,GWANGJU FC,26,26,1P,M. Ferrier,Lee Chung-Yong,INCHEON UNITED,Normal Goal,1506981
16/05/2026,K League 1,2026/2027,INCHEON UNITED,GWANGJU FC,55,55,2P,Gerso,Lee Dong-Ryul,INCHEON UNITED,Normal Goal,1506981
16/05/2026,K League 1,2026/2027,INCHEON UNITED,GWANGJU FC,65,65,2P,Lee Chung-Yong,,INCHEON UNITED,Penalty,1506981
17/05/2026,K League 1,2026/2027,JEJU UNITED FC,FC ANYANG,35,35,1P,Kim Dong-Jin,Y. Rafael,FC ANYANG,Normal Goal,1506982
17/05/2026,K League 1,2026/2027,JEJU UNITED FC,FC ANYANG,46,46,2P,Matheus Oliveira,Chae Hyun-woo,FC ANYANG,Normal Goal,1506982
17/05/2026,K League 1,2026/2027,JEJU UNITED FC,FC ANYANG,64,64,2P,Kim Ryun-sung,Emerson Negueba,JEJU UNITED FC,Normal Goal,1506982
17/05/2026,K League 1,2026/2027,JEONBUK MOTORS,GIMCHEON SANGMU FC,90,90+7,2P,Tiago Orobó,Yeong-bin Kim,JEONBUK MOTORS,Normal Goal,1506983
17/05/2026,K League 1,2026/2027,BUCHEON FC 1995,POHANG STEELERS,61,61,2P,Thiaguinho Santos,Hong Sung-Wook,BUCHEON FC 1995,Normal Goal,1506984
17/05/2026,K League 1,2026/2027,BUCHEON FC 1995,POHANG STEELERS,85,85,2P,Lee Eui-Hyeong,Thiaguinho Santos,BUCHEON FC 1995,Normal Goal,1506984
17/05/2026,K League 1,2026/2027,GANGWON FC,ULSAN HYUNDAI FC,21,21,1P,Choe Byeong-Chan,Kang Joon-Hyuck,GANGWON FC,Normal Goal,1506985
17/05/2026,K League 1,2026/2027,GANGWON FC,ULSAN HYUNDAI FC,45,45,1P,M. Tuci,Kim Dae-Won,GANGWON FC,Normal Goal,1506985
04/07/2026,K League 1,2026/2027,FC ANYANG,POHANG STEELERS,2,2,1P,Wanderson,Kim Dong-Jin,POHANG STEELERS,Normal Goal,1506986
04/07/2026,K League 1,2026/2027,FC ANYANG,POHANG STEELERS,45,45,1P,Matheus Oliveira,,FC ANYANG,Normal Goal,1506986
04/07/2026,K League 1,2026/2027,FC ANYANG,POHANG STEELERS,71,71,2P,Wanderson,Kim Dong-Jin,POHANG STEELERS,Normal Goal,1506986
04/07/2026,K League 1,2026/2027,FC ANYANG,POHANG STEELERS,75,75,2P,Lee Tae-Hee,Kim Un,FC ANYANG,Normal Goal,1506986
04/07/2026,K League 1,2026/2027,FC ANYANG,POHANG STEELERS,76,76,2P,Lee Ho-Jae,Wanderson,POHANG STEELERS,Normal Goal,1506986
04/07/2026,K League 1,2026/2027,DAEJEON CITIZEN,BUCHEON FC 1995,51,51,2P,Joo Min-Kyu,G. Ludwigson,DAEJEON CITIZEN,Normal Goal,1506987
04/07/2026,K League 1,2026/2027,DAEJEON CITIZEN,BUCHEON FC 1995,54,54,2P,An Tae-Hyun,,BUCHEON FC 1995,Normal Goal,1506987
04/07/2026,K League 1,2026/2027,DAEJEON CITIZEN,BUCHEON FC 1995,59,59,2P,Vitor Gabriel,K. Takahashi,BUCHEON FC 1995,Normal Goal,1506987
04/07/2026,K League 1,2026/2027,DAEJEON CITIZEN,BUCHEON FC 1995,82,82,2P,Seo Jin-Su,Diogo Oliveira,DAEJEON CITIZEN,Normal Goal,1506987
04/07/2026,K League 1,2026/2027,JEONBUK MOTORS,GANGWON FC,25,25,1P,Song Jun-Seok,,GANGWON FC,Normal Goal,1506988
04/07/2026,K League 1,2026/2027,JEONBUK MOTORS,GANGWON FC,53,53,2P,Lee You-Hyeon,Mo Jae-Hyeon,GANGWON FC,Normal Goal,1506988
04/07/2026,K League 1,2026/2027,JEONBUK MOTORS,GANGWON FC,74,74,2P,Lee Seung-Woo,,JEONBUK MOTORS,Normal Goal,1506988
05/07/2026,K League 1,2026/2027,GWANGJU FC,ULSAN HYUNDAI FC,54,54,2P,Yago Cariello,,ULSAN HYUNDAI FC,Normal Goal,1506990
05/07/2026,K League 1,2026/2027,GWANGJU FC,ULSAN HYUNDAI FC,64,64,2P,Moon Min-seo,Joung Ji-hun,GWANGJU FC,Normal Goal,1506990
05/07/2026,K League 1,2026/2027,FC SEOUL,INCHEON UNITED,81,81,2P,Jeong Seung-Won,J. Son,FC SEOUL,Normal Goal,1506991
05/07/2026,K League 1,2026/2027,GIMCHEON SANGMU FC,JEJU UNITED FC,69,69,2P,Park Cheol-Woo,,GIMCHEON SANGMU FC,Normal Goal,1506989
05/07/2026,K League 1,2026/2027,GIMCHEON SANGMU FC,JEJU UNITED FC,73,73,2P,T. Figueiredo,Oh Jae-Hyeok,JEJU UNITED FC,Normal Goal,1506989
11/07/2026,K League 1,2026/2027,GWANGJU FC,POHANG STEELERS,21,21,1P,Kento Nishiya,Jakob Tranziska,POHANG STEELERS,Normal Goal,1506993
11/07/2026,K League 1,2026/2027,GWANGJU FC,POHANG STEELERS,50,50,2P,Jakob Tranziska,Jeong-won Eo,POHANG STEELERS,Normal Goal,1506993
11/07/2026,K League 1,2026/2027,GWANGJU FC,POHANG STEELERS,72,72,2P,Han-min Jung,Wanderson,POHANG STEELERS,Normal Goal,1506993
11/07/2026,K League 1,2026/2027,ULSAN HYUNDAI FC,JEONBUK MOTORS,30,30,1P,Kim Jin-Gyu,Lee Dong-Jun,JEONBUK MOTORS,Normal Goal,1506994
11/07/2026,K League 1,2026/2027,ULSAN HYUNDAI FC,JEONBUK MOTORS,60,60,2P,Lee Seung-Woo,Kim Tae-Hyeon,JEONBUK MOTORS,Normal Goal,1506994
11/07/2026,K League 1,2026/2027,ULSAN HYUNDAI FC,JEONBUK MOTORS,78,78,2P,Kim Ye-geon,,JEONBUK MOTORS,Normal Goal,1506994
11/07/2026,K League 1,2026/2027,ULSAN HYUNDAI FC,JEONBUK MOTORS,89,89,2P,Yago Cariello,Cho Hyun-Taek,ULSAN HYUNDAI FC,Normal Goal,1506994
11/07/2026,K League 1,2026/2027,GIMCHEON SANGMU FC,BUCHEON FC 1995,29,29,1P,Jae-hyeon Go,Jeong Jae-Min,GIMCHEON SANGMU FC,Normal Goal,1506992
11/07/2026,K League 1,2026/2027,GIMCHEON SANGMU FC,BUCHEON FC 1995,32,32,1P,Dong-kyu Baek,Patrick William,BUCHEON FC 1995,Normal Goal,1506992
12/07/2026,K League 1,2026/2027,INCHEON UNITED,FC ANYANG,4,4,1P,Kwon Kyung-Won,Matheus Oliveira,FC ANYANG,Normal Goal,1506995
18/07/2026,K League 1,2026/2027,GANGWON FC,GIMCHEON SANGMU FC,22,22,1P,Kim Dae-Won,,GANGWON FC,Normal Goal,1506999
18/07/2026,K League 1,2026/2027,GANGWON FC,GIMCHEON SANGMU FC,42,42,1P,Kim Dae-Won,Lee You-Hyeon,GANGWON FC,Normal Goal,1506999
18/07/2026,K League 1,2026/2027,DAEJEON CITIZEN,ULSAN HYUNDAI FC,11,11,1P,Ha Chang-Rae,Lee Myung-Jae,DAEJEON CITIZEN,Normal Goal,1506998
18/07/2026,K League 1,2026/2027,DAEJEON CITIZEN,ULSAN HYUNDAI FC,24,24,1P,Seo Jin-Su,Kang Yun-Sung,DAEJEON CITIZEN,Normal Goal,1506998
18/07/2026,K League 1,2026/2027,DAEJEON CITIZEN,ULSAN HYUNDAI FC,44,44,1P,Choi Seok-Hyun,Lee Dong-Gyeong,ULSAN HYUNDAI FC,Normal Goal,1506998
18/07/2026,K League 1,2026/2027,DAEJEON CITIZEN,ULSAN HYUNDAI FC,67,67,2P,Choi Seok-Hyun,,ULSAN HYUNDAI FC,Normal Goal,1506998
18/07/2026,K League 1,2026/2027,JEJU UNITED FC,POHANG STEELERS,38,38,1P,J. Tranziska,,POHANG STEELERS,Normal Goal,1507001
18/07/2026,K League 1,2026/2027,JEJU UNITED FC,POHANG STEELERS,78,78,2P,Kim Shin-Jin,Yu In-Soo,JEJU UNITED FC,Normal Goal,1507001
18/07/2026,K League 1,2026/2027,JEJU UNITED FC,POHANG STEELERS,82,82,2P,Italo,Lee Chang-Min,JEJU UNITED FC,Normal Goal,1507001
18/07/2026,K League 1,2026/2027,INCHEON UNITED,JEONBUK MOTORS,44,44,1P,Gerso Fernandes,,INCHEON UNITED,Normal Goal,1507000
19/07/2026,K League 1,2026/2027,BUCHEON FC 1995,FC SEOUL,42,42,1P,Cho Young-wook,,FC SEOUL,Normal Goal,1507003
19/07/2026,K League 1,2026/2027,BUCHEON FC 1995,FC SEOUL,54,54,2P,Seung-Won Jeong,Patryk Klimala,FC SEOUL,Normal Goal,1507003
19/07/2026,K League 1,2026/2027,BUCHEON FC 1995,FC SEOUL,63,63,2P,Sang-jun Kim,Rodrigo Bassani,BUCHEON FC 1995,Normal Goal,1507003
19/07/2026,K League 1,2026/2027,BUCHEON FC 1995,FC SEOUL,90,90+12,2P,Patryk Klimala,Anderson Oliveira,FC SEOUL,Normal Goal,1507003
19/07/2026,K League 1,2026/2027,FC ANYANG,GWANGJU FC,57,57,2P,Matheus Oliveira,,FC ANYANG,Penalty,1507002
19/07/2026,K League 1,2026/2027,FC ANYANG,GWANGJU FC,90,90,2P,Moon Min-seo,J. Iredale,GWANGJU FC,Normal Goal,1507002
21/07/2026,K League 1,2026/2027,JEJU UNITED FC,GANGWON FC,21,21,1P,Kim Shin-Jin,Lee Chang-Min,JEJU UNITED FC,Normal Goal,1507004
21/07/2026,K League 1,2026/2027,JEJU UNITED FC,GANGWON FC,28,28,1P,Goh Young-Jun,Kim Dae-Won,GANGWON FC,Normal Goal,1507004
21/07/2026,K League 1,2026/2027,JEONBUK MOTORS,DAEJEON CITIZEN,45,45+7,1P,Seung-Woo Lee,,JEONBUK MOTORS,Missed Penalty,1507005
21/07/2026,K League 1,2026/2027,ULSAN HYUNDAI FC,INCHEON UNITED,40,40,1P,Morgan Ferrier,Seong-min Kim,INCHEON UNITED,Normal Goal,1507006
21/07/2026,K League 1,2026/2027,ULSAN HYUNDAI FC,INCHEON UNITED,42,42,1P,Dong-gyeong Lee,Erick Farias,ULSAN HYUNDAI FC,Normal Goal,1507006
21/07/2026,K League 1,2026/2027,ULSAN HYUNDAI FC,INCHEON UNITED,90,90+3,2P,Stefan Mugoša,,INCHEON UNITED,Penalty,1507006
22/07/2026,K League 1,2026/2027,BUCHEON FC 1995,FC ANYANG,20,20,1P,Choi Geon-Joo,Breno Herculano,FC ANYANG,Normal Goal,1507007
22/07/2026,K League 1,2026/2027,BUCHEON FC 1995,FC ANYANG,41,41,1P,Vitor Gabriel,Rodrigo Bassani,BUCHEON FC 1995,Normal Goal,1507007
22/07/2026,K League 1,2026/2027,BUCHEON FC 1995,FC ANYANG,51,51,2P,Matheus Oliveira,,FC ANYANG,Normal Goal,1507007
22/07/2026,K League 1,2026/2027,BUCHEON FC 1995,FC ANYANG,60,60,2P,Kang Ji-hun,Matheus Oliveira,FC ANYANG,Normal Goal,1507007
22/07/2026,K League 1,2026/2027,BUCHEON FC 1995,FC ANYANG,70,70,2P,Galego,J. Lee,BUCHEON FC 1995,Normal Goal,1507007
22/07/2026,K League 1,2026/2027,GWANGJU FC,GIMCHEON SANGMU FC,5,5,1P,J. Iredale,Moon Min-seo,GWANGJU FC,Normal Goal,1507008
22/07/2026,K League 1,2026/2027,GWANGJU FC,GIMCHEON SANGMU FC,7,7,1P,Go Jae-Hyeon,Jung Jae-Min,GIMCHEON SANGMU FC,Normal Goal,1507008
22/07/2026,K League 1,2026/2027,FC SEOUL,POHANG STEELERS,36,36,1P,Patryk Klimala,Anderson Oliveira,FC SEOUL,Normal Goal,1507009
22/07/2026,K League 1,2026/2027,FC SEOUL,POHANG STEELERS,56,56,2P,Jakob Tranziska,Sung-Yueng Ki,POHANG STEELERS,Normal Goal,1507009
22/07/2026,K League 1,2026/2027,FC SEOUL,POHANG STEELERS,69,69,2P,Seung-Won Jeong,Moon Seon-min,FC SEOUL,Normal Goal,1507009
22/07/2026,K League 1,2026/2027,FC SEOUL,POHANG STEELERS,88,88,2P,Seung-Won Jeong,Lee Seung-mo,FC SEOUL,Normal Goal,1507009
25/07/2026,K League 1,2026/2027,POHANG STEELERS,JEONBUK MOTORS,43,43,1P,G. Paulauskas,Lee Seung-Woo,JEONBUK MOTORS,Normal Goal,1507011
25/07/2026,K League 1,2026/2027,POHANG STEELERS,JEONBUK MOTORS,90,90,2P,Kim Young-Bin,Bruno Mota,JEONBUK MOTORS,Normal Goal,1507011
25/07/2026,K League 1,2026/2027,GIMCHEON SANGMU FC,DAEJEON CITIZEN,13,13,1P,Cho Sung-Gwon,Jeong Jae-Hee,DAEJEON CITIZEN,Normal Goal,1507010
25/07/2026,K League 1,2026/2027,GIMCHEON SANGMU FC,DAEJEON CITIZEN,34,34,1P,G. Lee,,GIMCHEON SANGMU FC,Normal Goal,1507010
25/07/2026,K League 1,2026/2027,GIMCHEON SANGMU FC,DAEJEON CITIZEN,42,42,1P,Hong Yun-Sang,Park Se-Jin,GIMCHEON SANGMU FC,Normal Goal,1507010
25/07/2026,K League 1,2026/2027,GIMCHEON SANGMU FC,DAEJEON CITIZEN,87,87,2P,M. Ishida,Kim Moon-Hwan,DAEJEON CITIZEN,Normal Goal,1507010
25/07/2026,K League 1,2026/2027,GIMCHEON SANGMU FC,DAEJEON CITIZEN,90,90,2P,Kim Yi-Seok,Go Jae-Hyeon,GIMCHEON SANGMU FC,Normal Goal,1507010
26/07/2026,K League 1,2026/2027,FC ANYANG,GANGWON FC,3,3,1P,Choi Geon-Joo,I. Jukic,FC ANYANG,Normal Goal,1507012
26/07/2026,K League 1,2026/2027,FC ANYANG,GANGWON FC,36,36,1P,Breno Herculano,I. Jukic,FC ANYANG,Normal Goal,1507012
26/07/2026,K League 1,2026/2027,FC ANYANG,GANGWON FC,90,90,2P,A. Hleihel,Kim Dae-Won,GANGWON FC,Normal Goal,1507012
26/07/2026,K League 1,2026/2027,GWANGJU FC,JEJU UNITED FC,10,10,1P,Ji-hoon Jeong,,GWANGJU FC,Normal Goal,1507013
26/07/2026,K League 1,2026/2027,GWANGJU FC,JEJU UNITED FC,40,40,1P,Jae-hyeok Oh,Italo,JEJU UNITED FC,Normal Goal,1507013
26/07/2026,K League 1,2026/2027,GWANGJU FC,JEJU UNITED FC,90,90+2,2P,Kwon Ki-Min,Byung-wook Choi,JEJU UNITED FC,Normal Goal,1507013
26/07/2026,K League 1,2026/2027,INCHEON UNITED,BUCHEON FC 1995,45,45+3,1P,Juan Ibiza,,BUCHEON FC 1995,Own Goal,1507014
26/07/2026,K League 1,2026/2027,INCHEON UNITED,BUCHEON FC 1995,84,84,2P,Morgan Ferrier,Chi-in Jeong,INCHEON UNITED,Normal Goal,1507014
26/07/2026,K League 1,2026/2027,FC SEOUL,ULSAN HYUNDAI FC,5,5,1P,Erick Farias,Lee Dong-Gyeong,ULSAN HYUNDAI FC,Normal Goal,1507015
26/07/2026,K League 1,2026/2027,FC SEOUL,ULSAN HYUNDAI FC,13,13,1P,Lee Dong-Gyeong,Erick Farias,ULSAN HYUNDAI FC,Normal Goal,1507015
26/07/2026,K League 1,2026/2027,FC SEOUL,ULSAN HYUNDAI FC,61,61,2P,Jeong Seung-Won,Moon Seon-Min,FC SEOUL,Normal Goal,1507015
26/07/2026,K League 1,2026/2027,FC SEOUL,ULSAN HYUNDAI FC,90,90,2P,Yago Cariello,Jo Hyeon-Woo,ULSAN HYUNDAI FC,Normal Goal,1507015
01/08/2026,K League 1,2026/2027,GANGWON FC,BUCHEON FC 1995,19,19,1P,Galego,,BUCHEON FC 1995,Normal Goal,1507016
01/08/2026,K League 1,2026/2027,GANGWON FC,BUCHEON FC 1995,60,60,2P,Sung Ye-geon,Seung-bin Kim,BUCHEON FC 1995,Normal Goal,1507016
01/08/2026,K League 1,2026/2027,GANGWON FC,BUCHEON FC 1995,69,69,2P,Vitor Gabriel,Rodrigo Bassani,BUCHEON FC 1995,Normal Goal,1507016
01/08/2026,K League 1,2026/2027,POHANG STEELERS,GIMCHEON SANGMU FC,66,66,2P,Lee Jung-Taek,T. Park,GIMCHEON SANGMU FC,Normal Goal,1507018
02/08/2026,K League 1,2026/2027,DAEJEON CITIZEN,GWANGJU FC,75,75,2P,Gustav Ludwigson,,DAEJEON CITIZEN,Normal Goal,1507019
02/08/2026,K League 1,2026/2027,DAEJEON CITIZEN,GWANGJU FC,90,90+3,2P,Won-Sang Um,Diogo Oliveira,DAEJEON CITIZEN,Normal Goal,1507019
02/08/2026,K League 1,2026/2027,JEJU UNITED FC,INCHEON UNITED,12,12,1P,Kim Shin-jin,Emerson Ramon,JEJU UNITED FC,Normal Goal,1507020
02/08/2026,K League 1,2026/2027,JEJU UNITED FC,INCHEON UNITED,34,34,1P,Gun-hee Kim,Ju-yong Lee,INCHEON UNITED,Normal Goal,1507020
02/08/2026,K League 1,2026/2027,JEJU UNITED FC,INCHEON UNITED,37,37,1P,Gun-hee Kim,Ju-yong Lee,INCHEON UNITED,Normal Goal,1507020
02/08/2026,K League 1,2026/2027,JEJU UNITED FC,INCHEON UNITED,45,45+1,1P,Tobias Figueiredo,Jae-hyeok Oh,JEJU UNITED FC,Normal Goal,1507020
02/08/2026,K League 1,2026/2027,JEJU UNITED FC,INCHEON UNITED,56,56,2P,Matheus Aiás,Kim Jun-Ha,JEJU UNITED FC,Normal Goal,1507020
02/08/2026,K League 1,2026/2027,JEJU UNITED FC,INCHEON UNITED,62,62,2P,Ju-yong Lee,Chung-yong Lee,INCHEON UNITED,Normal Goal,1507020
02/08/2026,K League 1,2026/2027,ULSAN HYUNDAI FC,FC ANYANG,56,56,2P,Matheus Oliveira,I. Jukic,FC ANYANG,Normal Goal,1507021
02/08/2026,K League 1,2026/2027,ULSAN HYUNDAI FC,FC ANYANG,63,63,2P,Yago Cariello,,ULSAN HYUNDAI FC,Penalty,1507021
02/08/2026,K League 1,2026/2027,ULSAN HYUNDAI FC,FC ANYANG,73,73,2P,Lee Dong-Gyeong,,ULSAN HYUNDAI FC,Normal Goal,1507021
02/08/2026,K League 1,2026/2027,ULSAN HYUNDAI FC,FC ANYANG,77,77,2P,Lee Dong-Gyeong,,ULSAN HYUNDAI FC,Normal Goal,1507021
02/08/2026,K League 1,2026/2027,ULSAN HYUNDAI FC,FC ANYANG,90,90+5,2P,Matheus Oliveira,,FC ANYANG,Missed Penalty,1507021
08/08/2026,K League 1,2026/2027,FC ANYANG,DAEJEON CITIZEN,17,17,1P,Min-kyu Joo,,DAEJEON CITIZEN,Normal Goal,1507022
08/08/2026,K League 1,2026/2027,FC ANYANG,DAEJEON CITIZEN,40,40,1P,Anton Kryvotsiuk,Myeong-jae Lee,DAEJEON CITIZEN,Normal Goal,1507022
08/08/2026,K League 1,2026/2027,FC ANYANG,DAEJEON CITIZEN,61,61,2P,Chang-yong Lee,Ivan Jukić,FC ANYANG,Normal Goal,1507022
08/08/2026,K League 1,2026/2027,JEONBUK MOTORS,JEJU UNITED FC,23,23,1P,Emerson Ramon,,JEJU UNITED FC,Penalty,1507026
08/08/2026,K League 1,2026/2027,JEONBUK MOTORS,JEJU UNITED FC,58,58,2P,Seung-Woo Lee,Dong-jun Lee,JEONBUK MOTORS,Normal Goal,1507026
08/08/2026,K League 1,2026/2027,JEONBUK MOTORS,JEJU UNITED FC,70,70,2P,Emerson Ramon,Matheus Aiás,JEJU UNITED FC,Normal Goal,1507026
08/08/2026,K League 1,2026/2027,JEONBUK MOTORS,JEJU UNITED FC,90,90+8,2P,Emerson Ramon,Matheus Aiás,JEJU UNITED FC,Normal Goal,1507026
08/08/2026,K League 1,2026/2027,POHANG STEELERS,ULSAN HYUNDAI FC,65,65,2P,Myeong-kwan Seo,Dong-gyeong Lee,ULSAN HYUNDAI FC,Normal Goal,1507027
08/08/2026,K League 1,2026/2027,POHANG STEELERS,ULSAN HYUNDAI FC,67,67,2P,Yago Cariello,Kyu-seong Lee,ULSAN HYUNDAI FC,Normal Goal,1507027
28/02/2026,K League 2,2026/2027,GIMHAE CITY,ANSAN GREENERS,42,42,1P,Lee Rae-Jun,,GIMHAE CITY,Normal Goal,1510243
28/02/2026,K League 2,2026/2027,GIMHAE CITY,ANSAN GREENERS,68,68,2P,M. Obradovic,Kang Dong-Hyun,ANSAN GREENERS,Normal Goal,1510243
28/02/2026,K League 2,2026/2027,GIMHAE CITY,ANSAN GREENERS,69,69,2P,Marlon,,ANSAN GREENERS,Normal Goal,1510243
28/02/2026,K League 2,2026/2027,GIMHAE CITY,ANSAN GREENERS,88,88,2P,Jeong Hyun-woo,Park Jun-hyeok,ANSAN GREENERS,Normal Goal,1510243
28/02/2026,K League 2,2026/2027,GIMHAE CITY,ANSAN GREENERS,90,90,2P,Jeong Hyun-woo,,ANSAN GREENERS,Normal Goal,1510243
28/02/2026,K League 2,2026/2027,SUWON BLUEWINGS,SEOUL E-LAND FC,19,19,1P,Bak Jae-Yong,Gabriel Santos,SEOUL E-LAND FC,Normal Goal,1510244
28/02/2026,K League 2,2026/2027,SUWON BLUEWINGS,SEOUL E-LAND FC,41,41,1P,Park Hyun-Bin,S. Ilyuchenko,SUWON BLUEWINGS,Normal Goal,1510244
28/02/2026,K League 2,2026/2027,SUWON BLUEWINGS,SEOUL E-LAND FC,73,73,2P,Kang Hyun-Muk,Lee Geon-hee,SUWON BLUEWINGS,Normal Goal,1510244
01/03/2026,K League 2,2026/2027,DAEGU FC,HWASEONG,9,9,1P,Park Dae-Hun,,DAEGU FC,Normal Goal,1510246
01/03/2026,K League 2,2026/2027,CHEONGJU,SUWON CITY FC,4,4,1P,M. Garcia,,CHEONGJU,Penalty,1510245
01/03/2026,K League 2,2026/2027,CHEONGJU,SUWON CITY FC,11,11,1P,Ha Jeong-woo,Matheus Frizzo,SUWON CITY FC,Normal Goal,1510245
01/03/2026,K League 2,2026/2027,CHEONGJU,SUWON CITY FC,65,65,2P,Willyan,S. Lee,SUWON CITY FC,Normal Goal,1510245
01/03/2026,K League 2,2026/2027,CHEONGJU,SUWON CITY FC,74,74,2P,Matheus Frizzo,,SUWON CITY FC,Normal Goal,1510245
01/03/2026,K League 2,2026/2027,CHEONGJU,SUWON CITY FC,85,85,2P,Matheus Frizzo,S. Lee,SUWON CITY FC,Normal Goal,1510245
01/03/2026,K League 2,2026/2027,YONGIN CITY,CHEONAN CITY,28,28,1P,Lee Dong-Hyeop,,CHEONAN CITY,Normal Goal,1510247
01/03/2026,K League 2,2026/2027,YONGIN CITY,CHEONAN CITY,36,36,1P,Gabriel Tigrao,,YONGIN CITY,Penalty,1510247
01/03/2026,K League 2,2026/2027,YONGIN CITY,CHEONAN CITY,50,50,2P,Bruno Lamas,,CHEONAN CITY,Normal Goal,1510247
01/03/2026,K League 2,2026/2027,YONGIN CITY,CHEONAN CITY,82,82,2P,Gabriel Tigrao,,YONGIN CITY,Penalty,1510247
01/03/2026,K League 2,2026/2027,GYEONGNAM FC,JEONNAM DRAGONS,39,39,1P,Ronan,Valdivia,JEONNAM DRAGONS,Normal Goal,1510248
01/03/2026,K League 2,2026/2027,GYEONGNAM FC,JEONNAM DRAGONS,45,45,1P,Jeong Ji-Yong,Yoon Min-ho,JEONNAM DRAGONS,Normal Goal,1510248
01/03/2026,K League 2,2026/2027,GYEONGNAM FC,JEONNAM DRAGONS,52,52,2P,Yoon Min-ho,Valdivia,JEONNAM DRAGONS,Normal Goal,1510248
01/03/2026,K League 2,2026/2027,GYEONGNAM FC,JEONNAM DRAGONS,67,67,2P,Valdivia,,JEONNAM DRAGONS,Penalty,1510248
01/03/2026,K League 2,2026/2027,GYEONGNAM FC,JEONNAM DRAGONS,85,85,2P,Cho Jin-Hyuk,Park Min-Seo,GYEONGNAM FC,Normal Goal,1510248
02/03/2026,K League 2,2026/2027,ASAN MUGUNGHWA,PAJU CITIZEN,14,14,1P,Lee Joon-Suk,,PAJU CITIZEN,Normal Goal,1510249
02/03/2026,K League 2,2026/2027,ASAN MUGUNGHWA,PAJU CITIZEN,45,45,1P,Kim Hye-seong,Son Jun-Ho,ASAN MUGUNGHWA,Normal Goal,1510249
02/03/2026,K League 2,2026/2027,ASAN MUGUNGHWA,PAJU CITIZEN,57,57,2P,Kim Ju-Sung,,ASAN MUGUNGHWA,Normal Goal,1510249
02/03/2026,K League 2,2026/2027,ASAN MUGUNGHWA,PAJU CITIZEN,70,70,2P,C. Lokolingoy,,ASAN MUGUNGHWA,Penalty,1510249
02/03/2026,K League 2,2026/2027,ASAN MUGUNGHWA,PAJU CITIZEN,73,73,2P,D. Lee,Lee Jea-Ho,PAJU CITIZEN,Normal Goal,1510249
02/03/2026,K League 2,2026/2027,BUSAN I PARK,SEONGNAM FC,34,34,1P,Cristian Renato,Gabriel Honorio,BUSAN I PARK,Normal Goal,1510250
02/03/2026,K League 2,2026/2027,BUSAN I PARK,SEONGNAM FC,45,45,1P,Kim Min-Hyeok,,SEONGNAM FC,Own Goal,1510250
07/03/2026,K League 2,2026/2027,SEOUL E-LAND FC,GYEONGNAM FC,43,43,1P,Lee Chan-Dong,,SEOUL E-LAND FC,Own Goal,1510252
07/03/2026,K League 2,2026/2027,PAJU CITIZEN,SUWON BLUEWINGS,71,71,2P,Kim Ji-Hyun,Kang Hyun-Muk,SUWON BLUEWINGS,Normal Goal,1510251
07/03/2026,K League 2,2026/2027,DAEGU FC,JEONNAM DRAGONS,14,14,1P,Cesinha,,DAEGU FC,Normal Goal,1510253
07/03/2026,K League 2,2026/2027,DAEGU FC,JEONNAM DRAGONS,19,19,1P,Jeong Ji-Yong,Ronan,JEONNAM DRAGONS,Normal Goal,1510253
07/03/2026,K League 2,2026/2027,DAEGU FC,JEONNAM DRAGONS,43,43,1P,Kang Sin-Myeong,Valdivia,JEONNAM DRAGONS,Normal Goal,1510253
07/03/2026,K League 2,2026/2027,DAEGU FC,JEONNAM DRAGONS,45,45,1P,Matheus Serafim,,DAEGU FC,Penalty,1510253
07/03/2026,K League 2,2026/2027,DAEGU FC,JEONNAM DRAGONS,71,71,2P,Edgar,Cesinha,DAEGU FC,Normal Goal,1510253
07/03/2026,K League 2,2026/2027,DAEGU FC,JEONNAM DRAGONS,77,77,2P,Edgar,Matheus Serafim,DAEGU FC,Normal Goal,1510253
07/03/2026,K League 2,2026/2027,SUWON CITY FC,YONGIN CITY,9,9,1P,Ha Jeong-woo,,SUWON CITY FC,Normal Goal,1510254
07/03/2026,K League 2,2026/2027,SUWON CITY FC,YONGIN CITY,64,64,2P,Willyan,,SUWON CITY FC,Penalty,1510254
07/03/2026,K League 2,2026/2027,SUWON CITY FC,YONGIN CITY,84,84,2P,Gabriel Tigrao,Cha Seung-Hyeon,YONGIN CITY,Normal Goal,1510254
07/03/2026,K League 2,2026/2027,SUWON CITY FC,YONGIN CITY,90,90,2P,Matheus Frizzo,,SUWON CITY FC,Normal Goal,1510254
08/03/2026,K League 2,2026/2027,SEONGNAM FC,CHEONGJU,17,17,1P,Lee Sang-Min,Park Sang-Hyeok,SEONGNAM FC,Normal Goal,1510256
08/03/2026,K League 2,2026/2027,SEONGNAM FC,CHEONGJU,32,32,1P,Lee Kwang-Yeon,,CHEONGJU,Own Goal,1510256
08/03/2026,K League 2,2026/2027,SEONGNAM FC,CHEONGJU,45,45,1P,Yun Min-Ho,You Ju-An,SEONGNAM FC,Normal Goal,1510256
08/03/2026,K League 2,2026/2027,SEONGNAM FC,CHEONGJU,54,54,2P,M. Garcia,,CHEONGJU,Penalty,1510256
08/03/2026,K League 2,2026/2027,ANSAN GREENERS,BUSAN I PARK,35,35,1P,Kim Chan,,BUSAN I PARK,Normal Goal,1510255
08/03/2026,K League 2,2026/2027,ANSAN GREENERS,BUSAN I PARK,46,46,2P,M. Chol,Cho Ji-Hun,ANSAN GREENERS,Normal Goal,1510255
08/03/2026,K League 2,2026/2027,ANSAN GREENERS,BUSAN I PARK,90,90,2P,Cristian Renato,J. Kim,BUSAN I PARK,Normal Goal,1510255
08/03/2026,K League 2,2026/2027,ANSAN GREENERS,BUSAN I PARK,90,90,2P,Gabriel Honorio,,BUSAN I PARK,Penalty,1510255
08/03/2026,K League 2,2026/2027,CHEONAN CITY,GIMPO CITIZEN,80,80,2P,L. Mina,Yoon Jae-Woon,GIMPO CITIZEN,Normal Goal,1510257
08/03/2026,K League 2,2026/2027,HWASEONG,GIMHAE CITY,17,17,1P,S. Petrov,D. Kim,HWASEONG,Normal Goal,1510258
08/03/2026,K League 2,2026/2027,HWASEONG,GIMHAE CITY,65,65,2P,S. Petrov,Y. Jeong,HWASEONG,Normal Goal,1510258
14/03/2026,K League 2,2026/2027,SEOUL E-LAND FC,BUSAN I PARK,45,45,1P,Bak Jae-Yong,Euller,SEOUL E-LAND FC,Normal Goal,1510260
14/03/2026,K League 2,2026/2027,SEOUL E-LAND FC,BUSAN I PARK,61,61,2P,Kim Min-Hyeok,Cristian Renato,BUSAN I PARK,Normal Goal,1510260
14/03/2026,K League 2,2026/2027,SEOUL E-LAND FC,BUSAN I PARK,67,67,2P,J. Iredale,Euller,SEOUL E-LAND FC,Normal Goal,1510260
14/03/2026,K League 2,2026/2027,SEOUL E-LAND FC,BUSAN I PARK,77,77,2P,Kim Chan,Gabriel Honorio,BUSAN I PARK,Normal Goal,1510260
14/03/2026,K League 2,2026/2027,SEOUL E-LAND FC,BUSAN I PARK,90,90,2P,Baek Ga-On,Cristian Renato,BUSAN I PARK,Normal Goal,1510260
14/03/2026,K League 2,2026/2027,SUWON BLUEWINGS,JEONNAM DRAGONS,35,35,1P,Jung Ho-yeon,Park Dae-Won,SUWON BLUEWINGS,Normal Goal,1510261
14/03/2026,K League 2,2026/2027,SUWON BLUEWINGS,JEONNAM DRAGONS,71,71,2P,Reis,Kim Min-Woo,SUWON BLUEWINGS,Normal Goal,1510261
14/03/2026,K League 2,2026/2027,GIMHAE CITY,SUWON CITY FC,19,19,1P,Lee Jae-Won,Matheus Frizzo,SUWON CITY FC,Normal Goal,1510259
14/03/2026,K League 2,2026/2027,GIMHAE CITY,SUWON CITY FC,50,50,2P,B. Mikeltadze,Lee Seung-Jae,GIMHAE CITY,Normal Goal,1510259
14/03/2026,K League 2,2026/2027,GIMHAE CITY,SUWON CITY FC,90,90,2P,Lee Hyeon-yong,Jung Seung-Bae,SUWON CITY FC,Normal Goal,1510259
14/03/2026,K League 2,2026/2027,GYEONGNAM FC,CHEONGJU,15,15,1P,Kwon Gi-Pyo,Won Ki-Jong,GYEONGNAM FC,Normal Goal,1510262
14/03/2026,K League 2,2026/2027,GYEONGNAM FC,CHEONGJU,60,60,2P,Son Ho-Jun,Kim Jung-Hyeon,GYEONGNAM FC,Normal Goal,1510262
14/03/2026,K League 2,2026/2027,GYEONGNAM FC,CHEONGJU,71,71,2P,Kim Seon-Min,,CHEONGJU,Normal Goal,1510262
14/03/2026,K League 2,2026/2027,GYEONGNAM FC,CHEONGJU,89,89,2P,Song Chang-Seok,I. Bughridze,CHEONGJU,Normal Goal,1510262
14/03/2026,K League 2,2026/2027,YONGIN CITY,GIMPO CITIZEN,29,29,1P,Djalma,,GIMPO CITIZEN,Normal Goal,1510263
14/03/2026,K League 2,2026/2027,YONGIN CITY,GIMPO CITIZEN,34,34,1P,Park Dong-Jin,L. Mina,GIMPO CITIZEN,Normal Goal,1510263
14/03/2026,K League 2,2026/2027,YONGIN CITY,GIMPO CITIZEN,45,45,1P,Lee Seung-Joon,,YONGIN CITY,Normal Goal,1510263
14/03/2026,K League 2,2026/2027,YONGIN CITY,GIMPO CITIZEN,72,72,2P,Luan Dias,,GIMPO CITIZEN,Normal Goal,1510263
15/03/2026,K League 2,2026/2027,ASAN MUGUNGHWA,DAEGU FC,36,36,1P,Park Gi-Hyun,Matheus Serafim,DAEGU FC,Normal Goal,1510265
15/03/2026,K League 2,2026/2027,ASAN MUGUNGHWA,DAEGU FC,42,42,1P,Matheus Serafim,Kim Ju-Gong,DAEGU FC,Normal Goal,1510265
15/03/2026,K League 2,2026/2027,ASAN MUGUNGHWA,DAEGU FC,45,45,1P,C. Lokolingoy,,ASAN MUGUNGHWA,Penalty,1510265
15/03/2026,K League 2,2026/2027,ASAN MUGUNGHWA,DAEGU FC,84,84,2P,C. Lokolingoy,Kim Ju-Sung,ASAN MUGUNGHWA,Normal Goal,1510265
15/03/2026,K League 2,2026/2027,ASAN MUGUNGHWA,DAEGU FC,87,87,2P,Edgar,Jeong Heon-taek,DAEGU FC,Normal Goal,1510265
15/03/2026,K League 2,2026/2027,ANSAN GREENERS,PAJU CITIZEN,2,2,1P,Kim Hyun-Tae,Lee Joon-Suk,PAJU CITIZEN,Normal Goal,1510264
15/03/2026,K League 2,2026/2027,ANSAN GREENERS,PAJU CITIZEN,13,13,1P,J. Lee,M. Chol,ANSAN GREENERS,Normal Goal,1510264
15/03/2026,K League 2,2026/2027,ANSAN GREENERS,PAJU CITIZEN,20,20,1P,B. Baston,,PAJU CITIZEN,Penalty,1510264
15/03/2026,K League 2,2026/2027,HWASEONG,CHEONAN CITY,45,45,1P,Bruno Lamas,,CHEONAN CITY,Penalty,1510266
15/03/2026,K League 2,2026/2027,HWASEONG,CHEONAN CITY,52,52,2P,D. Kim,Demethryus,HWASEONG,Normal Goal,1510266
15/03/2026,K League 2,2026/2027,HWASEONG,CHEONAN CITY,57,57,2P,S. Petrov,L. Pllana,HWASEONG,Normal Goal,1510266
15/03/2026,K League 2,2026/2027,HWASEONG,CHEONAN CITY,90,90,2P,Bruno Lamas,,CHEONAN CITY,Normal Goal,1510266
21/03/2026,K League 2,2026/2027,SEONGNAM FC,ASAN MUGUNGHWA,27,27,1P,Yun Min-Ho,Park Sang-Hyeok,SEONGNAM FC,Normal Goal,1510269
21/03/2026,K League 2,2026/2027,SEONGNAM FC,ASAN MUGUNGHWA,60,60,2P,Choi Chi-Won,Han Kyo-Won,ASAN MUGUNGHWA,Normal Goal,1510269
21/03/2026,K League 2,2026/2027,SEONGNAM FC,ASAN MUGUNGHWA,82,82,2P,Hwang Seok-Ki,Park Su-bin,SEONGNAM FC,Normal Goal,1510269
21/03/2026,K League 2,2026/2027,GIMHAE CITY,SUWON BLUEWINGS,6,6,1P,Kim Ji-Hyun,Park Hyun-Bin,SUWON BLUEWINGS,Normal Goal,1510267
21/03/2026,K League 2,2026/2027,GIMHAE CITY,SUWON BLUEWINGS,66,66,2P,Reis,Bruno Costa,SUWON BLUEWINGS,Normal Goal,1510267
21/03/2026,K League 2,2026/2027,GIMHAE CITY,SUWON BLUEWINGS,90,90,2P,Park Hyun-Bin,S. Ilyuchenko,SUWON BLUEWINGS,Normal Goal,1510267
21/03/2026,K League 2,2026/2027,PAJU CITIZEN,JEONNAM DRAGONS,22,22,1P,J. Bonilla,You Jae-jun,PAJU CITIZEN,Normal Goal,1510268
21/03/2026,K League 2,2026/2027,PAJU CITIZEN,JEONNAM DRAGONS,80,80,2P,B. Baston,,PAJU CITIZEN,Penalty,1510268
21/03/2026,K League 2,2026/2027,CHEONGJU,ANSAN GREENERS,39,39,1P,Gabriel Lima,,ANSAN GREENERS,Normal Goal,1510271
21/03/2026,K League 2,2026/2027,CHEONGJU,ANSAN GREENERS,45,45,1P,M. Garcia,Kim Seon-Min,CHEONGJU,Normal Goal,1510271
22/03/2026,K League 2,2026/2027,BUSAN I PARK,DAEGU FC,15,15,1P,Choi Ye-Hoon,Kim Chan,BUSAN I PARK,Normal Goal,1510272
22/03/2026,K League 2,2026/2027,BUSAN I PARK,DAEGU FC,68,68,2P,Cristian Renato,Kim Chan,BUSAN I PARK,Normal Goal,1510272
22/03/2026,K League 2,2026/2027,BUSAN I PARK,DAEGU FC,83,83,2P,Baek Ga-On,Cristian Renato,BUSAN I PARK,Normal Goal,1510272
22/03/2026,K League 2,2026/2027,BUSAN I PARK,DAEGU FC,90,90,2P,Jang Ho-Ik,,DAEGU FC,Own Goal,1510272
22/03/2026,K League 2,2026/2027,GYEONGNAM FC,GIMPO CITIZEN,62,62,2P,Kim Hyeon-oh,,GYEONGNAM FC,Normal Goal,1510274
28/03/2026,K League 2,2026/2027,ASAN MUGUNGHWA,HWASEONG,42,42,1P,Jang Jun-Yeong,C. Lokolingoy,ASAN MUGUNGHWA,Normal Goal,1510275
28/03/2026,K League 2,2026/2027,YONGIN CITY,SUWON BLUEWINGS,3,3,1P,Fessin,Bruno Costa,SUWON BLUEWINGS,Normal Goal,1510276
28/03/2026,K League 2,2026/2027,ANSAN GREENERS,GYEONGNAM FC,20,20,1P,Won Ki-Jong,,GYEONGNAM FC,Normal Goal,1510277
28/03/2026,K League 2,2026/2027,ANSAN GREENERS,GYEONGNAM FC,37,37,1P,M. Chol,Kang Dong-Hyun,ANSAN GREENERS,Normal Goal,1510277
28/03/2026,K League 2,2026/2027,CHEONAN CITY,JEONNAM DRAGONS,45,45,1P,J. Wu,Lee Dong-Hyeop,CHEONAN CITY,Normal Goal,1510278
29/03/2026,K League 2,2026/2027,SUWON CITY FC,PAJU CITIZEN,6,6,1P,Willyan,,SUWON CITY FC,Penalty,1510281
29/03/2026,K League 2,2026/2027,SUWON CITY FC,PAJU CITIZEN,22,22,1P,B. Baston,,PAJU CITIZEN,Penalty,1510281
29/03/2026,K League 2,2026/2027,SUWON CITY FC,PAJU CITIZEN,34,34,1P,Willyan,,SUWON CITY FC,Penalty,1510281
29/03/2026,K League 2,2026/2027,CHEONGJU,BUSAN I PARK,43,43,1P,Gabriel Honorio,Kim Chan,BUSAN I PARK,Normal Goal,1510280
29/03/2026,K League 2,2026/2027,CHEONGJU,BUSAN I PARK,82,82,2P,I. Bughridze,Heo Seung-Chan,CHEONGJU,Normal Goal,1510280
29/03/2026,K League 2,2026/2027,CHEONGJU,BUSAN I PARK,88,88,2P,Baek Ga-On,,BUSAN I PARK,Normal Goal,1510280
29/03/2026,K League 2,2026/2027,DAEGU FC,SEOUL E-LAND FC,14,14,1P,Kang Hyeon-Je,Kim Oh-Kyu,SEOUL E-LAND FC,Normal Goal,1510282
29/03/2026,K League 2,2026/2027,DAEGU FC,SEOUL E-LAND FC,22,22,1P,Kim Ju-Gong,Kim Dae-Woo,DAEGU FC,Normal Goal,1510282
29/03/2026,K League 2,2026/2027,DAEGU FC,SEOUL E-LAND FC,29,29,1P,J. Iredale,Kang Hyeon-Je,SEOUL E-LAND FC,Normal Goal,1510282
29/03/2026,K League 2,2026/2027,DAEGU FC,SEOUL E-LAND FC,90,90,2P,Baek Ji-Ung,,SEOUL E-LAND FC,Normal Goal,1510282
04/04/2026,K League 2,2026/2027,SEOUL E-LAND FC,SUWON CITY FC,16,16,1P,Lee Joo-hyuk,Oh In-Pyo,SEOUL E-LAND FC,Normal Goal,1510283
04/04/2026,K League 2,2026/2027,SEOUL E-LAND FC,SUWON CITY FC,49,49,2P,Osmar,,SEOUL E-LAND FC,Normal Goal,1510283
04/04/2026,K League 2,2026/2027,SEOUL E-LAND FC,SUWON CITY FC,66,66,2P,Bak Jae-Yong,,SEOUL E-LAND FC,Normal Goal,1510283
04/04/2026,K League 2,2026/2027,YONGIN CITY,JEONNAM DRAGONS,41,41,1P,Yu Dong-Gyu,,YONGIN CITY,Normal Goal,1510284
04/04/2026,K League 2,2026/2027,YONGIN CITY,JEONNAM DRAGONS,49,49,2P,K. Lebon,Ha Nam,JEONNAM DRAGONS,Normal Goal,1510284
04/04/2026,K League 2,2026/2027,YONGIN CITY,JEONNAM DRAGONS,87,87,2P,K. Lebon,Kim Beom-Su,JEONNAM DRAGONS,Normal Goal,1510284
04/04/2026,K League 2,2026/2027,YONGIN CITY,JEONNAM DRAGONS,90,90,2P,Cha Seung-Hyeon,Kim Bo-Sub,YONGIN CITY,Normal Goal,1510284
04/04/2026,K League 2,2026/2027,GYEONGNAM FC,BUSAN I PARK,7,7,1P,Cristian Renato,Gabriel Honorio,BUSAN I PARK,Normal Goal,1510285
04/04/2026,K League 2,2026/2027,GYEONGNAM FC,BUSAN I PARK,35,35,1P,Son Ho-Jun,Won Ki-Jong,GYEONGNAM FC,Normal Goal,1510285
04/04/2026,K League 2,2026/2027,GYEONGNAM FC,BUSAN I PARK,39,39,1P,Son Hwi,Woo Ju-Seong,BUSAN I PARK,Normal Goal,1510285
04/04/2026,K League 2,2026/2027,HWASEONG,SEONGNAM FC,3,3,1P,Lee Jun-Sang,Rodrigo Angelotti,SEONGNAM FC,Normal Goal,1510286
04/04/2026,K League 2,2026/2027,HWASEONG,SEONGNAM FC,21,21,1P,Rodrigo Angelotti,,SEONGNAM FC,Penalty,1510286
04/04/2026,K League 2,2026/2027,HWASEONG,SEONGNAM FC,48,48,2P,L. Pllana,Demethryus,HWASEONG,Normal Goal,1510286
04/04/2026,K League 2,2026/2027,HWASEONG,SEONGNAM FC,69,69,2P,P. Villero,Jung Seung-Yong,SEONGNAM FC,Normal Goal,1510286
05/04/2026,K League 2,2026/2027,DAEGU FC,GIMPO CITIZEN,10,10,1P,Djalma,Kim Do-Hyeok,GIMPO CITIZEN,Normal Goal,1510287
05/04/2026,K League 2,2026/2027,DAEGU FC,GIMPO CITIZEN,23,23,1P,Kim Kang-San,Park Gi-Hyun,DAEGU FC,Normal Goal,1510287
05/04/2026,K League 2,2026/2027,DAEGU FC,GIMPO CITIZEN,49,49,2P,Matheus Serafim,Han Tae-Hui,DAEGU FC,Normal Goal,1510287
05/04/2026,K League 2,2026/2027,DAEGU FC,GIMPO CITIZEN,70,70,2P,L. Mina,,GIMPO CITIZEN,Penalty,1510287
05/04/2026,K League 2,2026/2027,DAEGU FC,GIMPO CITIZEN,79,79,2P,Edgar,Hwang Jae-Won,DAEGU FC,Normal Goal,1510287
05/04/2026,K League 2,2026/2027,DAEGU FC,GIMPO CITIZEN,90,90,2P,L. Mina,,GIMPO CITIZEN,Normal Goal,1510287
05/04/2026,K League 2,2026/2027,ANSAN GREENERS,ASAN MUGUNGHWA,22,22,1P,Im Ji-min,Yeon Eung-bin,ANSAN GREENERS,Normal Goal,1510289
05/04/2026,K League 2,2026/2027,ANSAN GREENERS,ASAN MUGUNGHWA,77,77,2P,Kim Jong-Min,Kim Hye-seong,ASAN MUGUNGHWA,Normal Goal,1510289
05/04/2026,K League 2,2026/2027,ANSAN GREENERS,ASAN MUGUNGHWA,83,83,2P,N. Mohammed,,ASAN MUGUNGHWA,Normal Goal,1510289
05/04/2026,K League 2,2026/2027,ANSAN GREENERS,ASAN MUGUNGHWA,90,90,2P,Kim Jong-Min,Park Seong-Woo,ASAN MUGUNGHWA,Normal Goal,1510289
05/04/2026,K League 2,2026/2027,PAJU CITIZEN,GIMHAE CITY,41,41,1P,B. Baston,Kim Hyun-Tae,PAJU CITIZEN,Normal Goal,1510290
05/04/2026,K League 2,2026/2027,PAJU CITIZEN,GIMHAE CITY,57,57,2P,Lee Joon-Suk,You Jae-jun,PAJU CITIZEN,Normal Goal,1510290
05/04/2026,K League 2,2026/2027,PAJU CITIZEN,GIMHAE CITY,81,81,2P,Choi Bum-Kyung,,PAJU CITIZEN,Normal Goal,1510290
05/04/2026,K League 2,2026/2027,PAJU CITIZEN,GIMHAE CITY,88,88,2P,Lee Seung-Jae,,GIMHAE CITY,Normal Goal,1510290
11/04/2026,K League 2,2026/2027,BUSAN I PARK,YONGIN CITY,69,69,2P,Woo Ju-Seong,J. Son,BUSAN I PARK,Normal Goal,1510291
11/04/2026,K League 2,2026/2027,BUSAN I PARK,YONGIN CITY,79,79,2P,Baek Ga-On,Cristian Renato,BUSAN I PARK,Normal Goal,1510291
11/04/2026,K League 2,2026/2027,SUWON CITY FC,DAEGU FC,2,2,1P,Ha Jeong-woo,,SUWON CITY FC,Normal Goal,1510292
11/04/2026,K League 2,2026/2027,SUWON CITY FC,DAEGU FC,19,19,1P,Matheus Frizzo,,SUWON CITY FC,Penalty,1510292
11/04/2026,K League 2,2026/2027,SUWON CITY FC,DAEGU FC,42,42,1P,Park Gi-Hyun,,DAEGU FC,Normal Goal,1510292
11/04/2026,K League 2,2026/2027,SUWON CITY FC,DAEGU FC,88,88,2P,Edgar,Matheus Serafim,DAEGU FC,Normal Goal,1510292
11/04/2026,K League 2,2026/2027,HWASEONG,JEONNAM DRAGONS,45,45,1P,S. Petrov,S. Jeon,HWASEONG,Normal Goal,1510293
11/04/2026,K League 2,2026/2027,PAJU CITIZEN,SEOUL E-LAND FC,19,19,1P,You Jae-jun,,PAJU CITIZEN,Normal Goal,1510294
11/04/2026,K League 2,2026/2027,PAJU CITIZEN,SEOUL E-LAND FC,42,42,1P,Baek Ji-Ung,Osmar,SEOUL E-LAND FC,Normal Goal,1510294
11/04/2026,K League 2,2026/2027,PAJU CITIZEN,SEOUL E-LAND FC,79,79,2P,Byeon Gyung-Jun,Euller,SEOUL E-LAND FC,Normal Goal,1510294
11/04/2026,K League 2,2026/2027,PAJU CITIZEN,SEOUL E-LAND FC,84,84,2P,Byeon Gyung-Jun,Oh In-Pyo,SEOUL E-LAND FC,Normal Goal,1510294
12/04/2026,K League 2,2026/2027,SUWON BLUEWINGS,GIMPO CITIZEN,88,88,2P,Lee Si-Heon,Kim Min-Seog,GIMPO CITIZEN,Normal Goal,1510296
12/04/2026,K League 2,2026/2027,CHEONAN CITY,CHEONGJU,45,45,1P,J. Lee,,CHEONGJU,Normal Goal,1510295
12/04/2026,K League 2,2026/2027,CHEONAN CITY,CHEONGJU,54,54,2P,Gustavo Sarjani,,CHEONAN CITY,Normal Goal,1510295
12/04/2026,K League 2,2026/2027,CHEONAN CITY,CHEONGJU,57,57,2P,J. Lee,,CHEONGJU,Normal Goal,1510295
12/04/2026,K League 2,2026/2027,CHEONAN CITY,CHEONGJU,84,84,2P,Lee Joon-Ho,Gustavo Sarjani,CHEONAN CITY,Normal Goal,1510295
12/04/2026,K League 2,2026/2027,ASAN MUGUNGHWA,GIMHAE CITY,20,20,1P,C. Lokolingoy,N. Mohammed,ASAN MUGUNGHWA,Normal Goal,1510297
12/04/2026,K League 2,2026/2027,ASAN MUGUNGHWA,GIMHAE CITY,77,77,2P,Lee Seung-Jae,Kim Kyung-Soo,GIMHAE CITY,Normal Goal,1510297
12/04/2026,K League 2,2026/2027,SEONGNAM FC,ANSAN GREENERS,39,39,1P,Ryu Seung-Woo,J. Lee,ANSAN GREENERS,Normal Goal,1510298
18/04/2026,K League 2,2026/2027,GYEONGNAM FC,SUWON BLUEWINGS,80,80,2P,Park Ji-Won,S. Ilyuchenko,SUWON BLUEWINGS,Normal Goal,1510300
18/04/2026,K League 2,2026/2027,BUSAN I PARK,SUWON CITY FC,6,6,1P,Xavier,,BUSAN I PARK,Normal Goal,1510299
18/04/2026,K League 2,2026/2027,BUSAN I PARK,SUWON CITY FC,34,34,1P,Kim Se-Hoon,Xavier,BUSAN I PARK,Normal Goal,1510299
18/04/2026,K League 2,2026/2027,BUSAN I PARK,SUWON CITY FC,53,53,2P,Matheus Frizzo,,SUWON CITY FC,Penalty,1510299
18/04/2026,K League 2,2026/2027,DAEGU FC,CHEONAN CITY,30,30,1P,Park Gi-Hyun,Cesinha,DAEGU FC,Normal Goal,1510302
18/04/2026,K League 2,2026/2027,DAEGU FC,CHEONAN CITY,90,90,2P,Lee Joon-Ho,Kim Seong-Ju,CHEONAN CITY,Normal Goal,1510302
18/04/2026,K League 2,2026/2027,DAEGU FC,CHEONAN CITY,90,90,2P,Gustavo Sarjani,J. Koo,CHEONAN CITY,Normal Goal,1510302
18/04/2026,K League 2,2026/2027,CHEONGJU,GIMHAE CITY,79,79,2P,M. Garcia,,CHEONGJU,Penalty,1510301
18/04/2026,K League 2,2026/2027,CHEONGJU,GIMHAE CITY,90,90,2P,B. Mikeltadze,,GIMHAE CITY,Normal Goal,1510301
19/04/2026,K League 2,2026/2027,SEONGNAM FC,PAJU CITIZEN,85,85,2P,Choi Bum-Kyung,,PAJU CITIZEN,Normal Goal,1510304
19/04/2026,K League 2,2026/2027,ANSAN GREENERS,SEOUL E-LAND FC,60,60,2P,Im Ji-min,,SEOUL E-LAND FC,Own Goal,1510303
19/04/2026,K League 2,2026/2027,ANSAN GREENERS,SEOUL E-LAND FC,72,72,2P,Byeon Gyung-Jun,Bak Jae-Yong,SEOUL E-LAND FC,Normal Goal,1510303
19/04/2026,K League 2,2026/2027,ASAN MUGUNGHWA,JEONNAM DRAGONS,7,7,1P,Ronan,Kim Beom-Su,JEONNAM DRAGONS,Normal Goal,1510305
19/04/2026,K League 2,2026/2027,ASAN MUGUNGHWA,JEONNAM DRAGONS,29,29,1P,Denisson Silva,Han Kyo-Won,ASAN MUGUNGHWA,Normal Goal,1510305
19/04/2026,K League 2,2026/2027,ASAN MUGUNGHWA,JEONNAM DRAGONS,37,37,1P,Valdivia,K. Lebon,JEONNAM DRAGONS,Normal Goal,1510305
19/04/2026,K League 2,2026/2027,ASAN MUGUNGHWA,JEONNAM DRAGONS,77,77,2P,N. Mohammed,Kim Jong-Min,ASAN MUGUNGHWA,Normal Goal,1510305
19/04/2026,K League 2,2026/2027,HWASEONG,GIMPO CITIZEN,38,38,1P,Park Dong-Jin,,GIMPO CITIZEN,Normal Goal,1510306
19/04/2026,K League 2,2026/2027,HWASEONG,GIMPO CITIZEN,52,52,2P,Jang Min-jun,L. Pllana,HWASEONG,Normal Goal,1510306
19/04/2026,K League 2,2026/2027,HWASEONG,GIMPO CITIZEN,67,67,2P,D. Kim,L. Pllana,HWASEONG,Normal Goal,1510306
19/04/2026,K League 2,2026/2027,HWASEONG,GIMPO CITIZEN,90,90,2P,L. Mina,,GIMPO CITIZEN,Penalty,1510306
25/04/2026,K League 2,2026/2027,SUWON BLUEWINGS,BUSAN I PARK,34,34,1P,Kim Do-yeon,,SUWON BLUEWINGS,Penalty,1510308
25/04/2026,K League 2,2026/2027,SUWON BLUEWINGS,BUSAN I PARK,56,56,2P,Kang Hyun-Muk,,SUWON BLUEWINGS,Normal Goal,1510308
25/04/2026,K League 2,2026/2027,SUWON BLUEWINGS,BUSAN I PARK,72,72,2P,Kim Hee-Seung,Jeon Seung-Jin,BUSAN I PARK,Normal Goal,1510308
25/04/2026,K League 2,2026/2027,SUWON BLUEWINGS,BUSAN I PARK,75,75,2P,J. Kim,,BUSAN I PARK,Own Goal,1510308
25/04/2026,K League 2,2026/2027,SUWON BLUEWINGS,BUSAN I PARK,90,90,2P,Reis,,SUWON BLUEWINGS,Penalty,1510308
25/04/2026,K League 2,2026/2027,PAJU CITIZEN,GYEONGNAM FC,14,14,1P,Kim Jung-Hyeon,,GYEONGNAM FC,Normal Goal,1510307
25/04/2026,K League 2,2026/2027,PAJU CITIZEN,GYEONGNAM FC,44,44,1P,Choi Bum-Kyung,,PAJU CITIZEN,Normal Goal,1510307
25/04/2026,K League 2,2026/2027,PAJU CITIZEN,GYEONGNAM FC,45,45,1P,B. Baston,S. Roh,PAJU CITIZEN,Normal Goal,1510307
25/04/2026,K League 2,2026/2027,PAJU CITIZEN,GYEONGNAM FC,81,81,2P,Darnlei,Cho Sang-Jun,GYEONGNAM FC,Normal Goal,1510307
25/04/2026,K League 2,2026/2027,PAJU CITIZEN,GYEONGNAM FC,83,83,2P,Darnlei,Cho Jin-Hyuk,GYEONGNAM FC,Normal Goal,1510307
25/04/2026,K League 2,2026/2027,ANSAN GREENERS,JEONNAM DRAGONS,3,3,1P,Valdivia,,JEONNAM DRAGONS,Penalty,1510309
25/04/2026,K League 2,2026/2027,ANSAN GREENERS,JEONNAM DRAGONS,51,51,2P,Gabriel Lima,M. Chol,ANSAN GREENERS,Normal Goal,1510309
25/04/2026,K League 2,2026/2027,ANSAN GREENERS,JEONNAM DRAGONS,90,90,2P,Kang Dong-Hyun,Im Ji-min,ANSAN GREENERS,Normal Goal,1510309
25/04/2026,K League 2,2026/2027,CHEONAN CITY,SEONGNAM FC,44,44,1P,Yun Min-Ho,Hwang Seok-Ki,SEONGNAM FC,Normal Goal,1510310
25/04/2026,K League 2,2026/2027,CHEONAN CITY,SEONGNAM FC,90,90,2P,Lee Sang-Jun,Park Chang-Woo,CHEONAN CITY,Normal Goal,1510310
26/04/2026,K League 2,2026/2027,SEOUL E-LAND FC,HWASEONG,21,21,1P,L. Pllana,,HWASEONG,Normal Goal,1510311
26/04/2026,K League 2,2026/2027,SEOUL E-LAND FC,HWASEONG,79,79,2P,Demethryus,L. Pllana,HWASEONG,Normal Goal,1510311
26/04/2026,K League 2,2026/2027,SEOUL E-LAND FC,HWASEONG,85,85,2P,Bak Jae-Yong,,SEOUL E-LAND FC,Normal Goal,1510311
26/04/2026,K League 2,2026/2027,SUWON CITY FC,GIMPO CITIZEN,10,10,1P,Willyan,Kim Jeong-Hwan,SUWON CITY FC,Normal Goal,1510312
26/04/2026,K League 2,2026/2027,SUWON CITY FC,GIMPO CITIZEN,72,72,2P,Luan Dias,,GIMPO CITIZEN,Normal Goal,1510312
26/04/2026,K League 2,2026/2027,YONGIN CITY,GIMHAE CITY,2,2,1P,Gabriel Tigrao,,YONGIN CITY,Normal Goal,1510314
26/04/2026,K League 2,2026/2027,YONGIN CITY,GIMHAE CITY,17,17,1P,Suk Hyun-Jun,Kim Min-Woo,YONGIN CITY,Normal Goal,1510314
26/04/2026,K League 2,2026/2027,YONGIN CITY,GIMHAE CITY,36,36,1P,Kim Min-Woo,Kim Han-Seo,YONGIN CITY,Normal Goal,1510314
26/04/2026,K League 2,2026/2027,YONGIN CITY,GIMHAE CITY,49,49,2P,Suk Hyun-Jun,Kim Min-Woo,YONGIN CITY,Normal Goal,1510314
26/04/2026,K League 2,2026/2027,YONGIN CITY,GIMHAE CITY,55,55,2P,Lee Seung-Jae,,GIMHAE CITY,Normal Goal,1510314
03/05/2026,K League 2,2026/2027,DAEGU FC,GYEONGNAM FC,52,52,2P,Kim Ju-Gong,Kim Dae-Woo,DAEGU FC,Normal Goal,1510315
03/05/2026,K League 2,2026/2027,DAEGU FC,GYEONGNAM FC,72,72,2P,Cesinha,,DAEGU FC,Penalty,1510315
03/05/2026,K League 2,2026/2027,SEOUL E-LAND FC,GIMPO CITIZEN,14,14,1P,Park Chang-Hwan,Kang Hyeon-Je,SEOUL E-LAND FC,Normal Goal,1510317
03/05/2026,K League 2,2026/2027,SEOUL E-LAND FC,GIMPO CITIZEN,39,39,1P,Luan Dias,Djalma,GIMPO CITIZEN,Normal Goal,1510317
03/05/2026,K League 2,2026/2027,SEOUL E-LAND FC,GIMPO CITIZEN,86,86,2P,Euller,,SEOUL E-LAND FC,Penalty,1510317
03/05/2026,K League 2,2026/2027,HWASEONG,ANSAN GREENERS,51,51,2P,Kim Byung-Oh,D. Kim,HWASEONG,Normal Goal,1510316
03/05/2026,K League 2,2026/2027,HWASEONG,ANSAN GREENERS,90,90,2P,J. Woo,Jegal Jae-Min,HWASEONG,Normal Goal,1510316
03/05/2026,K League 2,2026/2027,CHEONAN CITY,ASAN MUGUNGHWA,43,43,1P,Bruno Lamas,,CHEONAN CITY,Normal Goal,1510318
03/05/2026,K League 2,2026/2027,GIMHAE CITY,BUSAN I PARK,40,40,1P,Kim Min-Hyeok,Woo Ju-Seong,BUSAN I PARK,Normal Goal,1510319
03/05/2026,K League 2,2026/2027,YONGIN CITY,SEONGNAM FC,52,52,2P,You Ju-An,Lee Jun-Sang,SEONGNAM FC,Normal Goal,1510321
03/05/2026,K League 2,2026/2027,YONGIN CITY,SEONGNAM FC,55,55,2P,Kim Han-Seo,,SEONGNAM FC,Own Goal,1510321
03/05/2026,K League 2,2026/2027,YONGIN CITY,SEONGNAM FC,59,59,2P,Lee Seung-Joon,Choi Young-Jun,YONGIN CITY,Normal Goal,1510321
03/05/2026,K League 2,2026/2027,SUWON CITY FC,SUWON BLUEWINGS,17,17,1P,Ko Seung-Beom,Reis,SUWON BLUEWINGS,Normal Goal,1510322
03/05/2026,K League 2,2026/2027,SUWON CITY FC,SUWON BLUEWINGS,49,49,2P,Ha Jeong-woo,Matheus Frizzo,SUWON CITY FC,Normal Goal,1510322
03/05/2026,K League 2,2026/2027,SUWON CITY FC,SUWON BLUEWINGS,70,70,2P,Choi Gi-Yun,S. Lee,SUWON CITY FC,Normal Goal,1510322
03/05/2026,K League 2,2026/2027,SUWON CITY FC,SUWON BLUEWINGS,84,84,2P,Ha Jeong-woo,,SUWON CITY FC,Normal Goal,1510322
09/05/2026,K League 2,2026/2027,ASAN MUGUNGHWA,SEOUL E-LAND FC,29,29,1P,Kim Jong-Min,Son Jun-Ho,ASAN MUGUNGHWA,Normal Goal,1510323
09/05/2026,K League 2,2026/2027,ASAN MUGUNGHWA,SEOUL E-LAND FC,59,59,2P,Kim Jong-Min,Kim Ju-Sung,ASAN MUGUNGHWA,Normal Goal,1510323
09/05/2026,K League 2,2026/2027,ASAN MUGUNGHWA,SEOUL E-LAND FC,71,71,2P,Kim Jong-Min,,ASAN MUGUNGHWA,Penalty,1510323
09/05/2026,K League 2,2026/2027,HWASEONG,SUWON CITY FC,30,30,1P,Park Jae-Seong,,HWASEONG,Normal Goal,1510324
09/05/2026,K League 2,2026/2027,HWASEONG,SUWON CITY FC,89,89,2P,Matheus Frizzo,,SUWON CITY FC,Penalty,1510324
09/05/2026,K League 2,2026/2027,CHEONGJU,GIMPO CITIZEN,24,24,1P,J. Lee,Bandeira,CHEONGJU,Normal Goal,1510325
09/05/2026,K League 2,2026/2027,CHEONGJU,GIMPO CITIZEN,90,90,2P,Kim Min-Seog,Jang Bu-seong,GIMPO CITIZEN,Normal Goal,1510325
10/05/2026,K League 2,2026/2027,BUSAN I PARK,CHEONAN CITY,20,20,1P,Kim Hyun-Min,,BUSAN I PARK,Normal Goal,1510329
10/05/2026,K League 2,2026/2027,ANSAN GREENERS,YONGIN CITY,35,35,1P,M. Obradovic,Yeon Eung-bin,ANSAN GREENERS,Normal Goal,1510328
10/05/2026,K League 2,2026/2027,ANSAN GREENERS,YONGIN CITY,45,45,1P,Lee Jin-Seop,Kim Hyeon-jun,YONGIN CITY,Normal Goal,1510328
10/05/2026,K League 2,2026/2027,ANSAN GREENERS,YONGIN CITY,90,90,2P,Yu Dong-Gyu,,YONGIN CITY,Normal Goal,1510328
10/05/2026,K League 2,2026/2027,GYEONGNAM FC,GIMHAE CITY,13,13,1P,Darnlei,,GYEONGNAM FC,Penalty,1510330
10/05/2026,K League 2,2026/2027,GYEONGNAM FC,GIMHAE CITY,69,69,2P,Darnlei,,GYEONGNAM FC,Penalty,1510330
10/05/2026,K League 2,2026/2027,GYEONGNAM FC,GIMHAE CITY,84,84,2P,Lee Rae-Jun,M. Lee,GIMHAE CITY,Normal Goal,1510330
16/05/2026,K League 2,2026/2027,SEOUL E-LAND FC,YONGIN CITY,12,12,1P,Choi Chi-Ung,Kim Han-Gil,YONGIN CITY,Normal Goal,1510332
16/05/2026,K League 2,2026/2027,SEOUL E-LAND FC,YONGIN CITY,67,67,2P,Euller,Park Chang-Hwan,SEOUL E-LAND FC,Normal Goal,1510332
16/05/2026,K League 2,2026/2027,SEOUL E-LAND FC,YONGIN CITY,90,90,2P,Suk Hyun-Jun,Kim Bo-Sub,YONGIN CITY,Normal Goal,1510332
16/05/2026,K League 2,2026/2027,SEOUL E-LAND FC,YONGIN CITY,90,90,2P,Baek Ji-Ung,Euller,SEOUL E-LAND FC,Normal Goal,1510332
16/05/2026,K League 2,2026/2027,JEONNAM DRAGONS,CHEONGJU,20,20,1P,J. Lee,Bandeira,CHEONGJU,Normal Goal,1510331
16/05/2026,K League 2,2026/2027,JEONNAM DRAGONS,CHEONGJU,52,52,2P,M. Garcia,Seo Jae-Won,CHEONGJU,Normal Goal,1510331
16/05/2026,K League 2,2026/2027,JEONNAM DRAGONS,CHEONGJU,58,58,2P,Ha Nam,Valdivia,JEONNAM DRAGONS,Normal Goal,1510331
16/05/2026,K League 2,2026/2027,JEONNAM DRAGONS,CHEONGJU,64,64,2P,Ha Nam,Valdivia,JEONNAM DRAGONS,Normal Goal,1510331
16/05/2026,K League 2,2026/2027,ANSAN GREENERS,GIMPO CITIZEN,5,5,1P,L. Mina,,GIMPO CITIZEN,Normal Goal,1510333
17/05/2026,K League 2,2026/2027,SEONGNAM FC,GYEONGNAM FC,90,90,2P,Choi Jung-Won,,GYEONGNAM FC,Normal Goal,1510337
17/05/2026,K League 2,2026/2027,SEONGNAM FC,GYEONGNAM FC,90,90,2P,Park Byeong-gyu,Yun Min-Ho,SEONGNAM FC,Normal Goal,1510337
17/05/2026,K League 2,2026/2027,GIMHAE CITY,DAEGU FC,25,25,1P,M. Dackers,,DAEGU FC,Normal Goal,1510335
17/05/2026,K League 2,2026/2027,GIMHAE CITY,DAEGU FC,54,54,2P,M. Fall,,GIMHAE CITY,Normal Goal,1510335
17/05/2026,K League 2,2026/2027,GIMHAE CITY,DAEGU FC,80,80,2P,Park Gi-Hyun,Cesinha,DAEGU FC,Normal Goal,1510335
17/05/2026,K League 2,2026/2027,GIMHAE CITY,DAEGU FC,84,84,2P,Edgar,,DAEGU FC,Normal Goal,1510335
17/05/2026,K League 2,2026/2027,GIMHAE CITY,DAEGU FC,90,90,2P,Matheus Serafim,Han Jong-Mu,DAEGU FC,Normal Goal,1510335
17/05/2026,K League 2,2026/2027,HWASEONG,BUSAN I PARK,15,15,1P,Lee Dong-Su,,HWASEONG,Own Goal,1510336
17/05/2026,K League 2,2026/2027,HWASEONG,BUSAN I PARK,21,21,1P,Jegal Jae-Min,D. Kim,HWASEONG,Normal Goal,1510336
17/05/2026,K League 2,2026/2027,HWASEONG,BUSAN I PARK,30,30,1P,Gabriel Honorio,Lee Dong-Su,BUSAN I PARK,Normal Goal,1510336
17/05/2026,K League 2,2026/2027,HWASEONG,BUSAN I PARK,36,36,1P,Cristian Renato,,BUSAN I PARK,Normal Goal,1510336
17/05/2026,K League 2,2026/2027,HWASEONG,BUSAN I PARK,73,73,2P,S. Petrov,Park Jae-Seong,HWASEONG,Normal Goal,1510336
17/05/2026,K League 2,2026/2027,ASAN MUGUNGHWA,SUWON CITY FC,13,13,1P,Jung Seung-Bae,S. Lee,SUWON CITY FC,Normal Goal,1510338
17/05/2026,K League 2,2026/2027,ASAN MUGUNGHWA,SUWON CITY FC,40,40,1P,Matheus Frizzo,,SUWON CITY FC,Normal Goal,1510338
17/05/2026,K League 2,2026/2027,ASAN MUGUNGHWA,SUWON CITY FC,52,52,2P,Choi Hee-Won,Jang Jun-Yeong,ASAN MUGUNGHWA,Normal Goal,1510338
17/05/2026,K League 2,2026/2027,ASAN MUGUNGHWA,SUWON CITY FC,85,85,2P,Choi Gi-Yun,Ha Jeong-woo,SUWON CITY FC,Normal Goal,1510338
23/05/2026,K League 2,2026/2027,GYEONGNAM FC,SUWON CITY FC,28,28,1P,Jung Seung-Bae,Choi Gi-Yun,SUWON CITY FC,Normal Goal,1510339
23/05/2026,K League 2,2026/2027,GYEONGNAM FC,SUWON CITY FC,38,38,1P,Han Chan-Hee,Matheus Frizzo,SUWON CITY FC,Normal Goal,1510339
23/05/2026,K League 2,2026/2027,GYEONGNAM FC,SUWON CITY FC,39,39,1P,Jo Jin-Woo,,GYEONGNAM FC,Own Goal,1510339
23/05/2026,K League 2,2026/2027,GYEONGNAM FC,SUWON CITY FC,83,83,2P,Darnlei,Son Ho-Jun,GYEONGNAM FC,Normal Goal,1510339
23/05/2026,K League 2,2026/2027,GYEONGNAM FC,SUWON CITY FC,90,90,2P,Kim Hyeong-Won,Lucao,GYEONGNAM FC,Normal Goal,1510339
23/05/2026,K League 2,2026/2027,JEONNAM DRAGONS,GIMHAE CITY,71,71,2P,B. Mikeltadze,,GIMHAE CITY,Normal Goal,1510340
23/05/2026,K League 2,2026/2027,CHEONGJU,HWASEONG,27,27,1P,Jeong Jin-Woo,Seo Jae-Won,CHEONGJU,Normal Goal,1510341
23/05/2026,K League 2,2026/2027,CHEONGJU,HWASEONG,33,33,1P,L. Pllana,Jegal Jae-Min,HWASEONG,Normal Goal,1510341
23/05/2026,K League 2,2026/2027,CHEONGJU,HWASEONG,54,54,2P,Seo Jae-Won,,CHEONGJU,Normal Goal,1510341
23/05/2026,K League 2,2026/2027,CHEONGJU,HWASEONG,80,80,2P,S. Petrov,Demethryus,HWASEONG,Normal Goal,1510341
23/05/2026,K League 2,2026/2027,CHEONGJU,HWASEONG,90,90,2P,S. Petrov,Demethryus,HWASEONG,Normal Goal,1510341
24/05/2026,K League 2,2026/2027,DAEGU FC,ANSAN GREENERS,50,50,2P,Kim Kang-San,Ryu Jae-Moon,DAEGU FC,Normal Goal,1510343
24/05/2026,K League 2,2026/2027,DAEGU FC,ANSAN GREENERS,72,72,2P,Choi Kang-Min,,DAEGU FC,Normal Goal,1510343
24/05/2026,K League 2,2026/2027,DAEGU FC,ANSAN GREENERS,76,76,2P,Park Gi-Hyun,Matheus Serafim,DAEGU FC,Normal Goal,1510343
24/05/2026,K League 2,2026/2027,SEOUL E-LAND FC,SEONGNAM FC,23,23,1P,Bak Jae-Yong,,SEOUL E-LAND FC,Normal Goal,1510344
24/05/2026,K League 2,2026/2027,SEOUL E-LAND FC,SEONGNAM FC,35,35,1P,Euller,,SEOUL E-LAND FC,Normal Goal,1510344
24/05/2026,K League 2,2026/2027,SEOUL E-LAND FC,SEONGNAM FC,62,62,2P,Kim Min-jae,Yun Min-Ho,SEONGNAM FC,Normal Goal,1510344
24/05/2026,K League 2,2026/2027,SEOUL E-LAND FC,SEONGNAM FC,84,84,2P,Park Chang-Hwan,Oh In-Pyo,SEOUL E-LAND FC,Normal Goal,1510344
25/05/2026,K League 2,2026/2027,SUWON BLUEWINGS,CHEONAN CITY,22,22,1P,Song Ju-Hun,Kim Do-yeon,SUWON BLUEWINGS,Normal Goal,1510346
25/05/2026,K League 2,2026/2027,SUWON BLUEWINGS,CHEONAN CITY,57,57,2P,Lee Sang-Jun,,CHEONAN CITY,Normal Goal,1510346
25/05/2026,K League 2,2026/2027,SUWON BLUEWINGS,CHEONAN CITY,73,73,2P,S. Ilyuchenko,Kang Hyun-Muk,SUWON BLUEWINGS,Normal Goal,1510346
25/05/2026,K League 2,2026/2027,SUWON BLUEWINGS,CHEONAN CITY,86,86,2P,Lee Joon-Ho,Park Chang-Woo,CHEONAN CITY,Normal Goal,1510346
25/05/2026,K League 2,2026/2027,SUWON BLUEWINGS,CHEONAN CITY,90,90,2P,Paulo Henrique,,SUWON BLUEWINGS,Normal Goal,1510346
25/05/2026,K League 2,2026/2027,PAJU CITIZEN,GIMPO CITIZEN,90,90,2P,Kim Sung-Joon,,GIMPO CITIZEN,Normal Goal,1510345
30/05/2026,K League 2,2026/2027,BUSAN I PARK,PAJU CITIZEN,45,45,1P,Gabriel Honorio,Kim Hyun-Min,BUSAN I PARK,Normal Goal,1510348
30/05/2026,K League 2,2026/2027,BUSAN I PARK,PAJU CITIZEN,65,65,2P,Gabriel Honorio,,BUSAN I PARK,Normal Goal,1510348
30/05/2026,K League 2,2026/2027,BUSAN I PARK,PAJU CITIZEN,78,78,2P,You Jae-jun,J. Baez,PAJU CITIZEN,Normal Goal,1510348
30/05/2026,K League 2,2026/2027,BUSAN I PARK,PAJU CITIZEN,86,86,2P,Kim Se-Hoon,Baek Ga-On,BUSAN I PARK,Normal Goal,1510348
30/05/2026,K League 2,2026/2027,BUSAN I PARK,PAJU CITIZEN,90,90,2P,J. Kim,Kim Se-Hoon,BUSAN I PARK,Normal Goal,1510348
30/05/2026,K League 2,2026/2027,ASAN MUGUNGHWA,SUWON BLUEWINGS,53,53,2P,S. Park,Denisson Silva,ASAN MUGUNGHWA,Normal Goal,1510347
30/05/2026,K League 2,2026/2027,ASAN MUGUNGHWA,SUWON BLUEWINGS,58,58,2P,Denisson Silva,C. Lokolingoy,ASAN MUGUNGHWA,Normal Goal,1510347
30/05/2026,K League 2,2026/2027,ASAN MUGUNGHWA,SUWON BLUEWINGS,81,81,2P,Reis,Lee Geon-hee,SUWON BLUEWINGS,Normal Goal,1510347
30/05/2026,K League 2,2026/2027,YONGIN CITY,DAEGU FC,78,78,2P,Edgar,Kim Ju-Gong,DAEGU FC,Normal Goal,1510349
30/05/2026,K League 2,2026/2027,YONGIN CITY,DAEGU FC,90,90,2P,Lee Seung-Joon,,YONGIN CITY,Normal Goal,1510349
30/05/2026,K League 2,2026/2027,GIMHAE CITY,GIMPO CITIZEN,13,13,1P,L. Mina,C. Lim,GIMPO CITIZEN,Normal Goal,1510350
30/05/2026,K League 2,2026/2027,GIMHAE CITY,GIMPO CITIZEN,29,29,1P,M. Fall,Pyo Geon-Hee,GIMHAE CITY,Normal Goal,1510350
30/05/2026,K League 2,2026/2027,GIMHAE CITY,GIMPO CITIZEN,80,80,2P,Luan Dias,C. Lim,GIMPO CITIZEN,Normal Goal,1510350
31/05/2026,K League 2,2026/2027,JEONNAM DRAGONS,SEOUL E-LAND FC,88,88,2P,Alan Carius,,SEOUL E-LAND FC,Normal Goal,1510353
31/05/2026,K League 2,2026/2027,HWASEONG,GYEONGNAM FC,25,25,1P,Park Kyung-Min,L. Pllana,HWASEONG,Normal Goal,1510352
31/05/2026,K League 2,2026/2027,HWASEONG,GYEONGNAM FC,81,81,2P,Demethryus,L. Pllana,HWASEONG,Normal Goal,1510352
31/05/2026,K League 2,2026/2027,ANSAN GREENERS,CHEONAN CITY,16,16,1P,A. Toungara,,CHEONAN CITY,Penalty,1510354
31/05/2026,K League 2,2026/2027,ANSAN GREENERS,CHEONAN CITY,30,30,1P,Gabriel Lima,,ANSAN GREENERS,Penalty,1510354
31/05/2026,K League 2,2026/2027,ANSAN GREENERS,CHEONAN CITY,60,60,2P,Jin Ui-jun,Lee Joon-Ho,CHEONAN CITY,Normal Goal,1510354
31/05/2026,K League 2,2026/2027,ANSAN GREENERS,CHEONAN CITY,90,90,2P,Lee Ji-Hoon,Lee Joon-Ho,CHEONAN CITY,Normal Goal,1510354
05/06/2026,K League 2,2026/2027,DAEGU FC,PAJU CITIZEN,67,67,2P,Edgar,Matheus Serafim,DAEGU FC,Normal Goal,1510356
05/06/2026,K League 2,2026/2027,BUSAN I PARK,ASAN MUGUNGHWA,4,4,1P,Kim Min-Hyeok,Son Hwi,BUSAN I PARK,Normal Goal,1510355
05/06/2026,K League 2,2026/2027,BUSAN I PARK,ASAN MUGUNGHWA,12,12,1P,Son Hwi,,BUSAN I PARK,Normal Goal,1510355
05/06/2026,K League 2,2026/2027,BUSAN I PARK,ASAN MUGUNGHWA,26,26,1P,Denisson Silva,Son Jun-Ho,ASAN MUGUNGHWA,Normal Goal,1510355
05/06/2026,K League 2,2026/2027,BUSAN I PARK,ASAN MUGUNGHWA,29,29,1P,Denisson Silva,Son Jun-Ho,ASAN MUGUNGHWA,Normal Goal,1510355
05/06/2026,K League 2,2026/2027,SEONGNAM FC,GIMHAE CITY,57,57,2P,Bruno Costa,,GIMHAE CITY,Penalty,1510357
05/06/2026,K League 2,2026/2027,SEONGNAM FC,GIMHAE CITY,63,63,2P,Rodrigo Angelotti,,SEONGNAM FC,Penalty,1510357
06/06/2026,K League 2,2026/2027,GYEONGNAM FC,YONGIN CITY,53,53,2P,Cho Sang-Jun,,GYEONGNAM FC,Normal Goal,1510358
06/06/2026,K League 2,2026/2027,GYEONGNAM FC,YONGIN CITY,61,61,2P,Cho Sang-Jun,Darnlei,GYEONGNAM FC,Normal Goal,1510358
06/06/2026,K League 2,2026/2027,GYEONGNAM FC,YONGIN CITY,83,83,2P,Suk Hyun-Jun,Kim Bo-Sub,YONGIN CITY,Normal Goal,1510358
06/06/2026,K League 2,2026/2027,GYEONGNAM FC,YONGIN CITY,85,85,2P,Choi Chi-Ung,Kim Bo-Sub,YONGIN CITY,Normal Goal,1510358
06/06/2026,K League 2,2026/2027,HWASEONG,SUWON BLUEWINGS,42,42,1P,Jang Min-jun,L. Pllana,HWASEONG,Normal Goal,1510359
06/06/2026,K League 2,2026/2027,HWASEONG,SUWON BLUEWINGS,68,68,2P,Kang Hyun-Muk,,SUWON BLUEWINGS,Normal Goal,1510359
06/06/2026,K League 2,2026/2027,HWASEONG,SUWON BLUEWINGS,90,90,2P,S. Ilyuchenko,Song Ju-Hun,SUWON BLUEWINGS,Normal Goal,1510359
07/06/2026,K League 2,2026/2027,SEOUL E-LAND FC,CHEONGJU,33,33,1P,Kim Hyun,,SEOUL E-LAND FC,Normal Goal,1510362
07/06/2026,K League 2,2026/2027,SEOUL E-LAND FC,CHEONGJU,85,85,2P,J. Lee,,CHEONGJU,Normal Goal,1510362
07/06/2026,K League 2,2026/2027,SEOUL E-LAND FC,CHEONGJU,90,90,2P,M. Garcia,Bandeira,CHEONGJU,Normal Goal,1510362
07/06/2026,K League 2,2026/2027,CHEONAN CITY,SUWON CITY FC,24,24,1P,Bruno Lamas,,CHEONAN CITY,Normal Goal,1510360
07/06/2026,K League 2,2026/2027,CHEONAN CITY,SUWON CITY FC,51,51,2P,Jung Seung-Bae,,SUWON CITY FC,Normal Goal,1510360
07/06/2026,K League 2,2026/2027,CHEONAN CITY,SUWON CITY FC,90,90,2P,Ahn Chang-Min,Lee Seung-Kyu,CHEONAN CITY,Normal Goal,1510360
07/06/2026,K League 2,2026/2027,CHEONAN CITY,SUWON CITY FC,90,90,2P,Lee Hyeon-yong,,SUWON CITY FC,Normal Goal,1510360
07/06/2026,K League 2,2026/2027,GIMPO CITIZEN,JEONNAM DRAGONS,6,6,1P,Yoon Min-ho,,JEONNAM DRAGONS,Normal Goal,1510361
07/06/2026,K League 2,2026/2027,GIMPO CITIZEN,JEONNAM DRAGONS,25,25,1P,Min Jun-Yeong,,GIMPO CITIZEN,Own Goal,1510361
07/06/2026,K League 2,2026/2027,GIMPO CITIZEN,JEONNAM DRAGONS,45,45,1P,L. Mina,,GIMPO CITIZEN,Penalty,1510361
07/06/2026,K League 2,2026/2027,GIMPO CITIZEN,JEONNAM DRAGONS,88,88,2P,Choi Han-Sol,Valdivia,JEONNAM DRAGONS,Normal Goal,1510361
04/07/2026,K League 2,2026/2027,ANSAN GREENERS,SUWON CITY FC,6,6,1P,Gabriel Lima,M. Chol,ANSAN GREENERS,Normal Goal,1510363
04/07/2026,K League 2,2026/2027,ANSAN GREENERS,SUWON CITY FC,47,47,2P,Matheus Babi,Matheus Frizzo,SUWON CITY FC,Normal Goal,1510363
04/07/2026,K League 2,2026/2027,ANSAN GREENERS,SUWON CITY FC,52,52,2P,Kim Jeong-Hwan,Lee Jae-Won,SUWON CITY FC,Normal Goal,1510363
04/07/2026,K League 2,2026/2027,ANSAN GREENERS,SUWON CITY FC,87,87,2P,Ha Jung-woo,K. Kim,SUWON CITY FC,Normal Goal,1510363
04/07/2026,K League 2,2026/2027,SUWON BLUEWINGS,SEONGNAM FC,21,21,1P,Kang Hyun-Muk,Reis,SUWON BLUEWINGS,Normal Goal,1510366
04/07/2026,K League 2,2026/2027,CHEONGJU,DAEGU FC,27,27,1P,Cesinha,,DAEGU FC,Normal Goal,1510364
04/07/2026,K League 2,2026/2027,CHEONGJU,DAEGU FC,44,44,1P,Lee Rim,Hwang Jae-Won,DAEGU FC,Normal Goal,1510364
04/07/2026,K League 2,2026/2027,CHEONGJU,DAEGU FC,55,55,2P,Hwang Jae-Won,Park In-Hyeok,DAEGU FC,Normal Goal,1510364
04/07/2026,K League 2,2026/2027,CHEONGJU,DAEGU FC,71,71,2P,Han Jong-Mu,Kim Ju-Gong,DAEGU FC,Normal Goal,1510364
04/07/2026,K League 2,2026/2027,CHEONGJU,DAEGU FC,73,73,2P,Kim Ju-Gong,Matheus Serafim,DAEGU FC,Normal Goal,1510364
04/07/2026,K League 2,2026/2027,CHEONGJU,DAEGU FC,80,80,2P,M. Garcia,J. Lee,CHEONGJU,Normal Goal,1510364
04/07/2026,K League 2,2026/2027,PAJU CITIZEN,YONGIN CITY,82,82,2P,Suk Hyun-Jun,Kim Bo-Sub,YONGIN CITY,Normal Goal,1510365
05/07/2026,K League 2,2026/2027,GYEONGNAM FC,CHEONAN CITY,81,81,2P,Cho Sang-Jun,Kim Jung-Hyeon,GYEONGNAM FC,Normal Goal,1510369
05/07/2026,K League 2,2026/2027,GYEONGNAM FC,CHEONAN CITY,84,84,2P,Bruno Lamas,,CHEONAN CITY,Normal Goal,1510369
05/07/2026,K League 2,2026/2027,GYEONGNAM FC,CHEONAN CITY,90,90,2P,Won Ki-Jong,Son Ho-Jun,GYEONGNAM FC,Normal Goal,1510369
05/07/2026,K League 2,2026/2027,JEONNAM DRAGONS,BUSAN I PARK,17,17,1P,Woo Ju-Seong,,JEONNAM DRAGONS,Own Goal,1510370
05/07/2026,K League 2,2026/2027,JEONNAM DRAGONS,BUSAN I PARK,45,45,1P,Yoon Min-ho,Kim Beom-Su,JEONNAM DRAGONS,Normal Goal,1510370
05/07/2026,K League 2,2026/2027,JEONNAM DRAGONS,BUSAN I PARK,54,54,2P,Gabriel Honorio,,BUSAN I PARK,Normal Goal,1510370
05/07/2026,K League 2,2026/2027,JEONNAM DRAGONS,BUSAN I PARK,81,81,2P,Valdivia,Yoon Young-seok,JEONNAM DRAGONS,Normal Goal,1510370
05/07/2026,K League 2,2026/2027,JEONNAM DRAGONS,BUSAN I PARK,85,85,2P,J. Kim,,BUSAN I PARK,Normal Goal,1510370
05/07/2026,K League 2,2026/2027,JEONNAM DRAGONS,BUSAN I PARK,90,90,2P,J. Kim,Cristian Renato,BUSAN I PARK,Normal Goal,1510370
05/07/2026,K League 2,2026/2027,GIMHAE CITY,SEOUL E-LAND FC,73,73,2P,Bak Jae-Yong,,SEOUL E-LAND FC,Normal Goal,1510367
05/07/2026,K League 2,2026/2027,GIMHAE CITY,SEOUL E-LAND FC,80,80,2P,Euller,Bak Jae-Yong,SEOUL E-LAND FC,Normal Goal,1510367
05/07/2026,K League 2,2026/2027,GIMHAE CITY,SEOUL E-LAND FC,85,85,2P,Sung Ho-Yeung,Lee Seung-Jae,GIMHAE CITY,Normal Goal,1510367
05/07/2026,K League 2,2026/2027,GIMHAE CITY,SEOUL E-LAND FC,90,90,2P,Oh In-Pyo,,SEOUL E-LAND FC,Normal Goal,1510367
05/07/2026,K League 2,2026/2027,GIMPO CITIZEN,ASAN MUGUNGHWA,79,79,2P,C. Lokolingoy,Kim Ju-Sung,ASAN MUGUNGHWA,Normal Goal,1510368
05/07/2026,K League 2,2026/2027,GIMPO CITIZEN,ASAN MUGUNGHWA,86,86,2P,Kim Jong-Min,Han Kyo-Won,ASAN MUGUNGHWA,Normal Goal,1510368
10/07/2026,K League 2,2026/2027,SUWON CITY FC,JEONNAM DRAGONS,12,12,1P,Kim Jeong-Hwan,Jang Young-Woo,SUWON CITY FC,Normal Goal,1510372
10/07/2026,K League 2,2026/2027,SUWON CITY FC,JEONNAM DRAGONS,40,40,1P,Matheus Babi,Matheus Frizzo,SUWON CITY FC,Normal Goal,1510372
10/07/2026,K League 2,2026/2027,SUWON CITY FC,JEONNAM DRAGONS,51,51,2P,Matheus Frizzo,Seo Jae-Min,SUWON CITY FC,Normal Goal,1510372
10/07/2026,K League 2,2026/2027,SUWON CITY FC,JEONNAM DRAGONS,59,59,2P,Matheus Frizzo,Matheus Babi,SUWON CITY FC,Normal Goal,1510372
10/07/2026,K League 2,2026/2027,SUWON CITY FC,JEONNAM DRAGONS,90,90,2P,Ha Jung-woo,Jung Seung-Bae,SUWON CITY FC,Normal Goal,1510372
10/07/2026,K League 2,2026/2027,CHEONAN CITY,GIMHAE CITY,9,9,1P,B. Mikeltadze,Lee Kang-Uk,GIMHAE CITY,Normal Goal,1510371
11/07/2026,K League 2,2026/2027,DAEGU FC,SEONGNAM FC,18,18,1P,Venicio,Ryu Jun-sun,SEONGNAM FC,Normal Goal,1510374
11/07/2026,K League 2,2026/2027,DAEGU FC,SEONGNAM FC,25,25,1P,Kim Ju-Gong,,DAEGU FC,Penalty,1510374
11/07/2026,K League 2,2026/2027,DAEGU FC,SEONGNAM FC,49,49,2P,Lee Jeong-Bin,P. Villero,SEONGNAM FC,Normal Goal,1510374
11/07/2026,K League 2,2026/2027,DAEGU FC,SEONGNAM FC,57,57,2P,Ryu Jae-Moon,Choi Kang-Min,DAEGU FC,Normal Goal,1510374
11/07/2026,K League 2,2026/2027,DAEGU FC,SEONGNAM FC,90,90,2P,G. Reis,M. Dackers,DAEGU FC,Normal Goal,1510374
11/07/2026,K League 2,2026/2027,ANSAN GREENERS,SUWON BLUEWINGS,31,31,1P,Kang Seong-Jin,,SUWON BLUEWINGS,Normal Goal,1510373
11/07/2026,K League 2,2026/2027,ANSAN GREENERS,SUWON BLUEWINGS,63,63,2P,Gabriel Lima,D. Kim,ANSAN GREENERS,Normal Goal,1510373
11/07/2026,K League 2,2026/2027,ANSAN GREENERS,SUWON BLUEWINGS,83,83,2P,Kim In-Sung,Kim Jung-Hyun,ANSAN GREENERS,Normal Goal,1510373
11/07/2026,K League 2,2026/2027,HWASEONG,PAJU CITIZEN,15,15,1P,J. Arias,Ryu Won-Woo,PAJU CITIZEN,Normal Goal,1510375
11/07/2026,K League 2,2026/2027,HWASEONG,PAJU CITIZEN,77,77,2P,B. Baston,Lee Joon-Suk,PAJU CITIZEN,Normal Goal,1510375
11/07/2026,K League 2,2026/2027,HWASEONG,PAJU CITIZEN,83,83,2P,Choi Myung-Hee,,HWASEONG,Normal Goal,1510375
11/07/2026,K League 2,2026/2027,YONGIN CITY,CHEONGJU,38,38,1P,M. Garcia,Bandeira,CHEONGJU,Normal Goal,1510376
11/07/2026,K League 2,2026/2027,YONGIN CITY,CHEONGJU,69,69,2P,Choi Young-Jun,,YONGIN CITY,Normal Goal,1510376
12/07/2026,K League 2,2026/2027,BUSAN I PARK,GIMPO CITIZEN,45,45,1P,Kim Min-Hyeok,,BUSAN I PARK,Normal Goal,1510378
12/07/2026,K League 2,2026/2027,BUSAN I PARK,GIMPO CITIZEN,90,90,2P,Cristian Renato,Park Hye-seong,BUSAN I PARK,Normal Goal,1510378
12/07/2026,K League 2,2026/2027,ASAN MUGUNGHWA,GYEONGNAM FC,12,12,1P,Son Jun-Ho,Kim Ju-Sung,ASAN MUGUNGHWA,Normal Goal,1510377
12/07/2026,K League 2,2026/2027,ASAN MUGUNGHWA,GYEONGNAM FC,45,45,1P,Kim Hyeon-oh,Yun Il-Lok,GYEONGNAM FC,Normal Goal,1510377
18/07/2026,K League 2,2026/2027,SUWON CITY FC,SEOUL E-LAND FC,45,45,1P,Baek Ji-Ung,,SUWON CITY FC,Own Goal,1510382
18/07/2026,K League 2,2026/2027,SUWON CITY FC,SEOUL E-LAND FC,52,52,2P,Euller,Bak Jae-Yong,SEOUL E-LAND FC,Normal Goal,1510382
18/07/2026,K League 2,2026/2027,SUWON CITY FC,SEOUL E-LAND FC,55,55,2P,Oh In-Pyo,Lee Joo-hyuk,SEOUL E-LAND FC,Normal Goal,1510382
18/07/2026,K League 2,2026/2027,SUWON CITY FC,SEOUL E-LAND FC,90,90,2P,Matheus Frizzo,,SUWON CITY FC,Penalty,1510382
18/07/2026,K League 2,2026/2027,SEONGNAM FC,BUSAN I PARK,39,39,1P,Yang Tae-yang,Lee Jun-Sang,SEONGNAM FC,Normal Goal,1510381
18/07/2026,K League 2,2026/2027,JEONNAM DRAGONS,ASAN MUGUNGHWA,53,53,2P,Valdivia,,JEONNAM DRAGONS,Normal Goal,1510380
18/07/2026,K League 2,2026/2027,JEONNAM DRAGONS,ASAN MUGUNGHWA,90,90+13,2P,C. Lokolingoy,C. Lokolingoy,ASAN MUGUNGHWA,Missed Penalty,1510380
18/07/2026,K League 2,2026/2027,GIMPO CITIZEN,DAEGU FC,10,10,1P,Park In-Hyeok,Matheus Serafim,DAEGU FC,Normal Goal,1510379
18/07/2026,K League 2,2026/2027,GIMPO CITIZEN,DAEGU FC,90,90,2P,L. Mina,Paulo Henrique,GIMPO CITIZEN,Normal Goal,1510379
19/07/2026,K League 2,2026/2027,GYEONGNAM FC,ANSAN GREENERS,10,10,1P,Cho Sang-Jun,Kim Hyeon-oh,GYEONGNAM FC,Normal Goal,1510384
19/07/2026,K League 2,2026/2027,GYEONGNAM FC,ANSAN GREENERS,36,36,1P,Bae Hyun-Seo,Yun Il-Lok,GYEONGNAM FC,Normal Goal,1510384
19/07/2026,K League 2,2026/2027,GYEONGNAM FC,ANSAN GREENERS,39,39,1P,Kim Hyeon-oh,Bae Hyun-Seo,GYEONGNAM FC,Normal Goal,1510384
19/07/2026,K League 2,2026/2027,GYEONGNAM FC,ANSAN GREENERS,63,63,2P,Yun Il-Lok,,GYEONGNAM FC,Penalty,1510384
19/07/2026,K League 2,2026/2027,GYEONGNAM FC,ANSAN GREENERS,90,90,2P,Kim Hyeon-oh,Lee Chan-Dong,GYEONGNAM FC,Normal Goal,1510384
19/07/2026,K League 2,2026/2027,CHEONGJU,CHEONAN CITY,42,42,1P,Choi Kyu-Baek,,CHEONGJU,Own Goal,1510383
19/07/2026,K League 2,2026/2027,YONGIN CITY,HWASEONG,38,38,1P,L. Pllana,Jegal Jae-Min,HWASEONG,Normal Goal,1510386
19/07/2026,K League 2,2026/2027,YONGIN CITY,HWASEONG,45,45,1P,L. Pllana,,HWASEONG,Penalty,1510386
19/07/2026,K League 2,2026/2027,YONGIN CITY,HWASEONG,49,49,2P,Jegal Jae-Min,L. Pllana,HWASEONG,Normal Goal,1510386
24/07/2026,K League 2,2026/2027,SEOUL E-LAND FC,CHEONAN CITY,13,13,1P,Bruno Lamas,Lee Ji-Hoon,CHEONAN CITY,Normal Goal,1510388
24/07/2026,K League 2,2026/2027,SEOUL E-LAND FC,CHEONAN CITY,17,17,1P,Alan Carius,Bae Seo-Joon,SEOUL E-LAND FC,Normal Goal,1510388
24/07/2026,K League 2,2026/2027,SEOUL E-LAND FC,CHEONAN CITY,56,56,2P,Osmar,Alan Carius,SEOUL E-LAND FC,Normal Goal,1510388
24/07/2026,K League 2,2026/2027,SEOUL E-LAND FC,CHEONAN CITY,64,64,2P,An Joo-wan,Park Chang-Hwan,SEOUL E-LAND FC,Normal Goal,1510388
24/07/2026,K League 2,2026/2027,SEOUL E-LAND FC,CHEONAN CITY,73,73,2P,Bak Jae-Yong,Alan Carius,SEOUL E-LAND FC,Normal Goal,1510388
24/07/2026,K League 2,2026/2027,SEOUL E-LAND FC,CHEONAN CITY,85,85,2P,A. Toungara,Bruno Lamas,CHEONAN CITY,Normal Goal,1510388
24/07/2026,K League 2,2026/2027,SEOUL E-LAND FC,CHEONAN CITY,90,90,2P,Lee Sang-Jun,Park Chang-Woo,CHEONAN CITY,Normal Goal,1510388
24/07/2026,K League 2,2026/2027,GIMHAE CITY,CHEONGJU,77,77,2P,M. Garcia,,CHEONGJU,Normal Goal,1510387
24/07/2026,K League 2,2026/2027,GIMHAE CITY,CHEONGJU,90,90,2P,J. Woo,Gwak Seong-Uk,GIMHAE CITY,Normal Goal,1510387
25/07/2026,K League 2,2026/2027,DAEGU FC,SUWON CITY FC,10,10,1P,Jo Jin-Woo,Matheus Frizzo,SUWON CITY FC,Normal Goal,1510390
25/07/2026,K League 2,2026/2027,DAEGU FC,SUWON CITY FC,31,31,1P,Matheus Babi,Goo Bon-Cheul,SUWON CITY FC,Normal Goal,1510390
25/07/2026,K League 2,2026/2027,DAEGU FC,SUWON CITY FC,90,90,2P,Matheus Serafim,,DAEGU FC,Penalty,1510390
25/07/2026,K League 2,2026/2027,BUSAN I PARK,SUWON BLUEWINGS,36,36,1P,Park Hye-seong,,BUSAN I PARK,Normal Goal,1510389
25/07/2026,K League 2,2026/2027,BUSAN I PARK,SUWON BLUEWINGS,45,45,1P,Kim Do-yeon,Fessin,SUWON BLUEWINGS,Normal Goal,1510389
25/07/2026,K League 2,2026/2027,BUSAN I PARK,SUWON BLUEWINGS,53,53,2P,S. Ilyuchenko,Lee Geon-hee,SUWON BLUEWINGS,Normal Goal,1510389
25/07/2026,K League 2,2026/2027,BUSAN I PARK,SUWON BLUEWINGS,77,77,2P,Park Hyun-Bin,Kang Seong-Jin,SUWON BLUEWINGS,Normal Goal,1510389
25/07/2026,K League 2,2026/2027,BUSAN I PARK,SUWON BLUEWINGS,90,90,2P,Kang Hyun-Muk,,SUWON BLUEWINGS,Normal Goal,1510389
25/07/2026,K League 2,2026/2027,JEONNAM DRAGONS,GYEONGNAM FC,6,6,1P,Valdivia,Kim Beom-Su,JEONNAM DRAGONS,Normal Goal,1510392
25/07/2026,K League 2,2026/2027,JEONNAM DRAGONS,GYEONGNAM FC,65,65,2P,Won Ki-Jong,Son Ho-Jun,GYEONGNAM FC,Normal Goal,1510392
25/07/2026,K League 2,2026/2027,HWASEONG,ASAN MUGUNGHWA,19,19,1P,Park Jae-Seong,Kim Byung-Oh,HWASEONG,Normal Goal,1510391
25/07/2026,K League 2,2026/2027,HWASEONG,ASAN MUGUNGHWA,40,40,1P,Kim Byung-Oh,,HWASEONG,Normal Goal,1510391
25/07/2026,K League 2,2026/2027,HWASEONG,ASAN MUGUNGHWA,63,63,2P,Jegal Jae-Min,,HWASEONG,Normal Goal,1510391
25/07/2026,K League 2,2026/2027,HWASEONG,ASAN MUGUNGHWA,82,82,2P,P. Ju-Young,,ASAN MUGUNGHWA,Normal Goal,1510391
25/07/2026,K League 2,2026/2027,HWASEONG,ASAN MUGUNGHWA,90,90,2P,P. Ju-Young,Denisson Silva,ASAN MUGUNGHWA,Normal Goal,1510391
26/07/2026,K League 2,2026/2027,GIMPO CITIZEN,YONGIN CITY,76,76,2P,Choi Chi-Ung,Kim Bo-Sub,YONGIN CITY,Normal Goal,1510393
26/07/2026,K League 2,2026/2027,GIMPO CITIZEN,YONGIN CITY,80,80,2P,Luan Dias,C. Lim,GIMPO CITIZEN,Normal Goal,1510393
26/07/2026,K League 2,2026/2027,PAJU CITIZEN,ANSAN GREENERS,57,57,2P,Kim In-Sung,M. Chol,ANSAN GREENERS,Normal Goal,1510394
01/08/2026,K League 2,2026/2027,ASAN MUGUNGHWA,SEONGNAM FC,50,50,2P,Denisson Silva,Han Kyo-Won,ASAN MUGUNGHWA,Normal Goal,1510395
01/08/2026,K League 2,2026/2027,ASAN MUGUNGHWA,SEONGNAM FC,76,76,2P,Denisson Silva,Vitinho Lopes,ASAN MUGUNGHWA,Normal Goal,1510395
01/08/2026,K League 2,2026/2027,CHEONAN CITY,YONGIN CITY,14,14,1P,Gabriel Tigrao,,YONGIN CITY,Normal Goal,1510396
01/08/2026,K League 2,2026/2027,CHEONAN CITY,YONGIN CITY,22,22,1P,Hwang Seong-Min,,CHEONAN CITY,Own Goal,1510396
01/08/2026,K League 2,2026/2027,CHEONAN CITY,YONGIN CITY,53,53,2P,A. Toungara,Lee Joon-Ho,CHEONAN CITY,Normal Goal,1510396
01/08/2026,K League 2,2026/2027,CHEONAN CITY,YONGIN CITY,90,90,2P,Yu Dong-Gyu,Jin Tae-Ho,YONGIN CITY,Normal Goal,1510396
01/08/2026,K League 2,2026/2027,CHEONGJU,SUWON BLUEWINGS,28,28,1P,M. Garcia,,CHEONGJU,Normal Goal,1510397
01/08/2026,K League 2,2026/2027,CHEONGJU,SUWON BLUEWINGS,52,52,2P,Jeong Jin-Woo,Bandeira,CHEONGJU,Normal Goal,1510397
01/08/2026,K League 2,2026/2027,CHEONGJU,SUWON BLUEWINGS,77,77,2P,Reis,Kang Seong-Jin,SUWON BLUEWINGS,Normal Goal,1510397
01/08/2026,K League 2,2026/2027,CHEONGJU,SUWON BLUEWINGS,90,90,2P,Reis,Lee Geon-hee,SUWON BLUEWINGS,Normal Goal,1510397
01/08/2026,K League 2,2026/2027,HWASEONG,DAEGU FC,15,15,1P,L. Pllana,Jegal Jae-Min,HWASEONG,Normal Goal,1510398
01/08/2026,K League 2,2026/2027,HWASEONG,DAEGU FC,40,40,1P,L. Pllana,Kim Byung-Oh,HWASEONG,Normal Goal,1510398
01/08/2026,K League 2,2026/2027,HWASEONG,DAEGU FC,45,45,1P,Jegal Jae-Min,,HWASEONG,Normal Goal,1510398
01/08/2026,K League 2,2026/2027,HWASEONG,DAEGU FC,60,60,2P,L. Pllana,D. Kim,HWASEONG,Normal Goal,1510398
01/08/2026,K League 2,2026/2027,HWASEONG,DAEGU FC,62,62,2P,Park In-Hyeok,Kim Ju-Gong,DAEGU FC,Normal Goal,1510398
01/08/2026,K League 2,2026/2027,HWASEONG,DAEGU FC,65,65,2P,L. Pllana,,HWASEONG,Penalty,1510398
02/08/2026,K League 2,2026/2027,BUSAN I PARK,SEOUL E-LAND FC,52,52,2P,Cristian Renato,Gabriel Honorio,BUSAN I PARK,Normal Goal,1510400
02/08/2026,K League 2,2026/2027,BUSAN I PARK,SEOUL E-LAND FC,72,72,2P,Baek Ji-Ung,,SEOUL E-LAND FC,Normal Goal,1510400
02/08/2026,K League 2,2026/2027,BUSAN I PARK,SEOUL E-LAND FC,84,84,2P,Bak Jae-Yong,Byeon Gyung-Jun,SEOUL E-LAND FC,Normal Goal,1510400
02/08/2026,K League 2,2026/2027,ANSAN GREENERS,GIMHAE CITY,9,9,1P,Jang Hyun-Soo,,ANSAN GREENERS,Normal Goal,1510399
02/08/2026,K League 2,2026/2027,ANSAN GREENERS,GIMHAE CITY,15,15,1P,J. Woo,W. Hong,GIMHAE CITY,Normal Goal,1510399
02/08/2026,K League 2,2026/2027,ANSAN GREENERS,GIMHAE CITY,45,45,1P,J. Woo,,GIMHAE CITY,Normal Goal,1510399
02/08/2026,K League 2,2026/2027,ANSAN GREENERS,GIMHAE CITY,90,90,2P,Ryu Seung-Woo,Kim In-Sung,ANSAN GREENERS,Normal Goal,1510399
02/08/2026,K League 2,2026/2027,JEONNAM DRAGONS,PAJU CITIZEN,66,66,2P,B. Baston,Lee Min-Ki,PAJU CITIZEN,Normal Goal,1510402
02/08/2026,K League 2,2026/2027,JEONNAM DRAGONS,PAJU CITIZEN,72,72,2P,Kim Beom-Su,,PAJU CITIZEN,Own Goal,1510402
02/08/2026,K League 2,2026/2027,JEONNAM DRAGONS,PAJU CITIZEN,89,89,2P,Ha Nam,,JEONNAM DRAGONS,Normal Goal,1510402
02/08/2026,K League 2,2026/2027,GIMPO CITIZEN,GYEONGNAM FC,3,3,1P,L. Mina,,GIMPO CITIZEN,Normal Goal,1510401
02/08/2026,K League 2,2026/2027,GIMPO CITIZEN,GYEONGNAM FC,38,38,1P,Kim Hyeon-oh,Cho Sang-Jun,GYEONGNAM FC,Normal Goal,1510401
07/08/2026,K League 2,2026/2027,GYEONGNAM FC,DAEGU FC,90,90,2P,M. Dackers,Cesinha,DAEGU FC,Normal Goal,1510405
07/08/2026,K League 2,2026/2027,ASAN MUGUNGHWA,ANSAN GREENERS,21,21,1P,Yeon Jei-Min,,ASAN MUGUNGHWA,Own Goal,1510403
07/08/2026,K League 2,2026/2027,ASAN MUGUNGHWA,ANSAN GREENERS,79,79,2P,M. Chol,Yeon Eung-bin,ANSAN GREENERS,Normal Goal,1510403
07/08/2026,K League 2,2026/2027,SUWON BLUEWINGS,GIMHAE CITY,57,57,2P,Ko Jong-hyun,Jung Ho-yeon,SUWON BLUEWINGS,Normal Goal,1510407
07/08/2026,K League 2,2026/2027,GIMPO CITIZEN,CHEONGJU,9,9,1P,L. Mina,Luan Dias,GIMPO CITIZEN,Normal Goal,1510404
07/08/2026,K League 2,2026/2027,GIMPO CITIZEN,CHEONGJU,45,45,1P,Djalma,Luan Dias,GIMPO CITIZEN,Normal Goal,1510404
07/08/2026,K League 2,2026/2027,GIMPO CITIZEN,CHEONGJU,55,55,2P,Paulo Henrique,Jang Bu-seong,GIMPO CITIZEN,Normal Goal,1510404
07/08/2026,K League 2,2026/2027,YONGIN CITY,BUSAN I PARK,67,67,2P,Kim Bo-Sub,Kim Hyeon-jun,YONGIN CITY,Normal Goal,1510408
07/08/2026,K League 2,2026/2027,YONGIN CITY,BUSAN I PARK,90,90,2P,Kang Sin-Myeong,Lee Jin-Seop,YONGIN CITY,Normal Goal,1510408
08/08/2026,K League 2,2026/2027,SEONGNAM FC,CHEONAN CITY,6,6,1P,A. Toungara,Park Chang-Woo,CHEONAN CITY,Normal Goal,1510410
08/08/2026,K League 2,2026/2027,SEONGNAM FC,CHEONAN CITY,12,12,1P,Lee Jeong-Bin,,SEONGNAM FC,Penalty,1510410
08/08/2026,K League 2,2026/2027,SEONGNAM FC,CHEONAN CITY,45,45,1P,Choi Jun-Hyeok,,SEONGNAM FC,Own Goal,1510410
08/08/2026,K League 2,2026/2027,SEONGNAM FC,CHEONAN CITY,58,58,2P,Kwon Yong-seung,,CHEONAN CITY,Normal Goal,1510410
08/08/2026,K League 2,2026/2027,SEONGNAM FC,CHEONAN CITY,90,90,2P,Yang Tae-yang,Lee Sang-Min,SEONGNAM FC,Normal Goal,1510410
08/08/2026,K League 2,2026/2027,PAJU CITIZEN,SUWON CITY FC,63,63,2P,Matheus Frizzo,,SUWON CITY FC,Normal Goal,1510409
31/07/2026,Premiership,2026/2027,DUNDEE UTD,RANGERS,38,38,1P,L. Rose,J. Randall,DUNDEE UTD,Normal Goal,1556628
31/07/2026,Premiership,2026/2027,DUNDEE UTD,RANGERS,56,56,2P,T. Aasgaard,,RANGERS,Normal Goal,1556628
01/08/2026,Premiership,2026/2027,FALKIRK,ST MIRREN,11,11,1P,K. Phillips,H. Fieldson,ST MIRREN,Normal Goal,1556629
01/08/2026,Premiership,2026/2027,FALKIRK,ST MIRREN,87,87,2P,K. Phillips,R. Idowu,ST MIRREN,Normal Goal,1556629
01/08/2026,Premiership,2026/2027,ABERDEEN,HEART OF MIDLOTHIAN,35,35,1P,O. McEntee,,HEART OF MIDLOTHIAN,Normal Goal,1556630
01/08/2026,Premiership,2026/2027,ABERDEEN,HEART OF MIDLOTHIAN,90,90,2P,L. Mayo,K. Nisbet,ABERDEEN,Normal Goal,1556630
01/08/2026,Premiership,2026/2027,ABERDEEN,HEART OF MIDLOTHIAN,90,90,2P,K. Nisbet,,ABERDEEN,Penalty,1556630
02/08/2026,Premiership,2026/2027,ST JOHNSTONE,KILMARNOCK,16,16,1P,J. Fowler,J. Gullan,ST JOHNSTONE,Normal Goal,1556631
02/08/2026,Premiership,2026/2027,ST JOHNSTONE,KILMARNOCK,37,37,1P,G. Kiltie,T. Lowery,KILMARNOCK,Normal Goal,1556631
02/08/2026,Premiership,2026/2027,ST JOHNSTONE,KILMARNOCK,47,47,2P,C. Diabate,J. Gullan,ST JOHNSTONE,Normal Goal,1556631
02/08/2026,Premiership,2026/2027,ST JOHNSTONE,KILMARNOCK,49,49,2P,J. Hugill,,KILMARNOCK,Normal Goal,1556631
02/08/2026,Premiership,2026/2027,ST JOHNSTONE,KILMARNOCK,53,53,2P,J. Holt,,KILMARNOCK,Own Goal,1556631
02/08/2026,Premiership,2026/2027,ST JOHNSTONE,KILMARNOCK,69,69,2P,M. Schjonning-Larsen,,ST JOHNSTONE,Own Goal,1556631
02/08/2026,Premiership,2026/2027,ST JOHNSTONE,KILMARNOCK,80,80,2P,K. Fotheringham,J. Fowler,ST JOHNSTONE,Normal Goal,1556631
02/08/2026,Premiership,2026/2027,HIBERNIAN,MOTHERWELL,40,40,1P,L. Fadinger,,MOTHERWELL,Penalty,1556632
02/08/2026,Premiership,2026/2027,HIBERNIAN,MOTHERWELL,56,56,2P,M. Boyle,,HIBERNIAN,Penalty,1556632
02/08/2026,Premiership,2026/2027,HIBERNIAN,MOTHERWELL,85,85,2P,I. Said,D. Williams,MOTHERWELL,Normal Goal,1556632
03/08/2026,Premiership,2026/2027,CELTIC,DUNDEE,52,52,2P,B. Nygren,K. Tierney,CELTIC,Normal Goal,1556633
08/08/2026,Premiership,2026/2027,ST MIRREN,ST JOHNSTONE,49,49,2P,Jamie Gullan,,ST JOHNSTONE,Missed Penalty,1556637
08/08/2026,Premiership,2026/2027,ST MIRREN,ST JOHNSTONE,73,73,2P,K. Phillips,,ST MIRREN,Penalty,1556637
08/08/2026,Premiership,2026/2027,DUNDEE,ABERDEEN,9,9,1P,J. Westley,J. Bevan,DUNDEE,Normal Goal,1556634
08/08/2026,Premiership,2026/2027,DUNDEE,ABERDEEN,56,56,2P,J. Bevan,,DUNDEE,Normal Goal,1556634
09/08/2026,Premiership,2026/2027,KILMARNOCK,CELTIC,2,2,1P,K. Hogh,A. Engels,CELTIC,Normal Goal,1556638
09/08/2026,Premiership,2026/2027,KILMARNOCK,CELTIC,33,33,1P,K. Hogh,B. Nygren,CELTIC,Normal Goal,1556638
09/08/2026,Premiership,2026/2027,KILMARNOCK,CELTIC,35,35,1P,K. Hogh,C. Duran,CELTIC,Normal Goal,1556638
09/08/2026,Premiership,2026/2027,KILMARNOCK,CELTIC,47,47,2P,B. Nygren,,CELTIC,Normal Goal,1556638
09/08/2026,Premiership,2026/2027,KILMARNOCK,CELTIC,56,56,2P,M. Schjonning-Larsen,T. Lowery,KILMARNOCK,Normal Goal,1556638
09/08/2026,Premiership,2026/2027,KILMARNOCK,CELTIC,75,75,2P,L. McCowan,,CELTIC,Normal Goal,1556638
09/08/2026,Premiership,2026/2027,HEART OF MIDLOTHIAN,DUNDEE UTD,4,4,1P,T. Renaud,C. Braga,HEART OF MIDLOTHIAN,Normal Goal,1556635
09/08/2026,Premiership,2026/2027,HEART OF MIDLOTHIAN,DUNDEE UTD,12,12,1P,C. Miller,,HEART OF MIDLOTHIAN,Penalty,1556635
09/08/2026,Premiership,2026/2027,HEART OF MIDLOTHIAN,DUNDEE UTD,56,56,2P,C. Braga,S. Kerjota,HEART OF MIDLOTHIAN,Normal Goal,1556635
09/08/2026,Premiership,2026/2027,HEART OF MIDLOTHIAN,DUNDEE UTD,67,67,2P,J. McPake,C. Braga,HEART OF MIDLOTHIAN,Normal Goal,1556635
09/08/2026,Premiership,2026/2027,RANGERS,HIBERNIAN,12,12,1P,J. Campbell,,HIBERNIAN,Penalty,1556639
09/08/2026,Premiership,2026/2027,RANGERS,HIBERNIAN,85,85,2P,M. Chaiwa,,RANGERS,Own Goal,1556639
09/08/2026,Premiership,2026/2027,RANGERS,HIBERNIAN,90,90,2P,C. Wright,N. Lowe,HIBERNIAN,Normal Goal,1556639
25/07/2026,Nike liga,2026/2027,AS TRENCIN,KOMÁRNO,14,14,1P,M. Poom,,AS TRENCIN,Normal Goal,1551518
25/07/2026,Nike liga,2026/2027,AS TRENCIN,KOMÁRNO,66,66,2P,M. Poom,,KOMÁRNO,Own Goal,1551518
25/07/2026,Nike liga,2026/2027,SPARTAK TRNAVA,SKALICA,41,41,1P,P. Guinari,P. Pudhorocky,SKALICA,Normal Goal,1551519
25/07/2026,Nike liga,2026/2027,SPARTAK TRNAVA,SKALICA,45,45,1P,D. Baris,,SPARTAK TRNAVA,Own Goal,1551519
25/07/2026,Nike liga,2026/2027,PODBREZOVÁ,ZEMPLÍN MICHALOVCE,26,26,1P,R. Siler,,PODBREZOVÁ,Normal Goal,1551516
25/07/2026,Nike liga,2026/2027,PODBREZOVÁ,ZEMPLÍN MICHALOVCE,39,39,1P,S. Fasko,R. Lampreht,PODBREZOVÁ,Normal Goal,1551516
26/07/2026,Nike liga,2026/2027,RUŽOMBEROK,DUNAJSKA STREDA,72,72,2P,A. Ramadan,K. Nemanic,DUNAJSKA STREDA,Normal Goal,1551517
26/07/2026,Nike liga,2026/2027,RUŽOMBEROK,DUNAJSKA STREDA,90,90,2P,M. Boda,,RUŽOMBEROK,Penalty,1551517
26/07/2026,Nike liga,2026/2027,ŽILINA,FK KOŠICE,15,15,1P,T. Hranica,,ŽILINA,Normal Goal,1551520
26/07/2026,Nike liga,2026/2027,ŽILINA,FK KOŠICE,27,27,1P,R. Cerepkai,,FK KOŠICE,Penalty,1551520
26/07/2026,Nike liga,2026/2027,ŽILINA,FK KOŠICE,39,39,1P,D. Gallovic,,FK KOŠICE,Normal Goal,1551520
26/07/2026,Nike liga,2026/2027,ŽILINA,FK KOŠICE,51,51,2P,A. Florea,,ŽILINA,Normal Goal,1551520
26/07/2026,Nike liga,2026/2027,ŽILINA,FK KOŠICE,62,62,2P,D. Homet Ruiz,M. Fasko,ŽILINA,Normal Goal,1551520
26/07/2026,Nike liga,2026/2027,ŽILINA,FK KOŠICE,67,67,2P,A. Maras,F. Lichy,FK KOŠICE,Normal Goal,1551520
26/07/2026,Nike liga,2026/2027,ŽILINA,FK KOŠICE,78,78,2P,D. Homet Ruiz,,ŽILINA,Normal Goal,1551520
26/07/2026,Nike liga,2026/2027,ŽILINA,FK KOŠICE,85,85,2P,A. Maras,M. Sovic,FK KOŠICE,Normal Goal,1551520
26/07/2026,Nike liga,2026/2027,DUKLA BANSKÁ BYSTRICA,SLOVAN BRATISLAVA,13,13,1P,K. Bajric,M. Kianga,SLOVAN BRATISLAVA,Normal Goal,1551515
26/07/2026,Nike liga,2026/2027,DUKLA BANSKÁ BYSTRICA,SLOVAN BRATISLAVA,24,24,1P,M. Kianga,C. Blackman,SLOVAN BRATISLAVA,Normal Goal,1551515
26/07/2026,Nike liga,2026/2027,DUKLA BANSKÁ BYSTRICA,SLOVAN BRATISLAVA,35,35,1P,A. Yirajang,A. Gajdos,SLOVAN BRATISLAVA,Normal Goal,1551515
26/07/2026,Nike liga,2026/2027,DUKLA BANSKÁ BYSTRICA,SLOVAN BRATISLAVA,52,52,2P,M. Kukharevych,A. Gajdos,SLOVAN BRATISLAVA,Normal Goal,1551515
01/08/2026,Nike liga,2026/2027,SLOVAN BRATISLAVA,PODBREZOVÁ,7,7,1P,R. Ibrahim,D. Matsuoka,SLOVAN BRATISLAVA,Normal Goal,1551526
01/08/2026,Nike liga,2026/2027,SLOVAN BRATISLAVA,PODBREZOVÁ,68,68,2P,A. Mustafic,M. Kianga,SLOVAN BRATISLAVA,Normal Goal,1551526
01/08/2026,Nike liga,2026/2027,SLOVAN BRATISLAVA,PODBREZOVÁ,79,79,2P,A. Mustafic,A. Yirajang,SLOVAN BRATISLAVA,Normal Goal,1551526
01/08/2026,Nike liga,2026/2027,SKALICA,RUŽOMBEROK,13,13,1P,P. Onyedika,,SKALICA,Normal Goal,1551525
01/08/2026,Nike liga,2026/2027,SKALICA,RUŽOMBEROK,23,23,1P,P. Onyedika,L. Simko,SKALICA,Normal Goal,1551525
01/08/2026,Nike liga,2026/2027,SKALICA,RUŽOMBEROK,29,29,1P,J. Hladik,D. Kostl,RUŽOMBEROK,Normal Goal,1551525
01/08/2026,Nike liga,2026/2027,FK KOŠICE,AS TRENCIN,15,15,1P,R. Cerepkai,F. Lichy,FK KOŠICE,Normal Goal,1551523
01/08/2026,Nike liga,2026/2027,FK KOŠICE,AS TRENCIN,35,35,1P,O. Kakay,,FK KOŠICE,Normal Goal,1551523
01/08/2026,Nike liga,2026/2027,FK KOŠICE,AS TRENCIN,48,48,2P,J. Paur,Eynel Soares,AS TRENCIN,Normal Goal,1551523
01/08/2026,Nike liga,2026/2027,FK KOŠICE,AS TRENCIN,71,71,2P,L. Mikulaj,Eynel Soares,AS TRENCIN,Normal Goal,1551523
01/08/2026,Nike liga,2026/2027,FK KOŠICE,AS TRENCIN,84,84,2P,Eynel Soares,,AS TRENCIN,Penalty,1551523
01/08/2026,Nike liga,2026/2027,FK KOŠICE,AS TRENCIN,90,90,2P,S. Kosa,M. Sovic,FK KOŠICE,Normal Goal,1551523
02/08/2026,Nike liga,2026/2027,DUNAJSKA STREDA,DUKLA BANSKÁ BYSTRICA,25,25,1P,M. Trusa,,DUNAJSKA STREDA,Penalty,1551521
02/08/2026,Nike liga,2026/2027,DUNAJSKA STREDA,DUKLA BANSKÁ BYSTRICA,55,55,2P,A. Ramadan,G. Gagua,DUNAJSKA STREDA,Normal Goal,1551521
02/08/2026,Nike liga,2026/2027,ZEMPLÍN MICHALOVCE,ŽILINA,90,90,2P,F. Bzdyl,F. Kosa,ŽILINA,Normal Goal,1551524
02/08/2026,Nike liga,2026/2027,KOMÁRNO,SPARTAK TRNAVA,32,32,1P,F. Trello,K. Kostrna,SPARTAK TRNAVA,Normal Goal,1551522
02/08/2026,Nike liga,2026/2027,KOMÁRNO,SPARTAK TRNAVA,78,78,2P,S. Smehyl,,SPARTAK TRNAVA,Own Goal,1551522
02/08/2026,Nike liga,2026/2027,KOMÁRNO,SPARTAK TRNAVA,86,86,2P,C. Bayemi,J. Sylvestr,KOMÁRNO,Normal Goal,1551522
08/08/2026,Nike liga,2026/2027,RUŽOMBEROK,PODBREZOVÁ,9,9,1P,V. Hranos,,RUŽOMBEROK,Normal Goal,1551529
08/08/2026,Nike liga,2026/2027,RUŽOMBEROK,PODBREZOVÁ,17,17,1P,P. Kovacik,,PODBREZOVÁ,Normal Goal,1551529
08/08/2026,Nike liga,2026/2027,RUŽOMBEROK,PODBREZOVÁ,40,40,1P,R. Siler,K. Miljanic,PODBREZOVÁ,Normal Goal,1551529
08/08/2026,Nike liga,2026/2027,RUŽOMBEROK,PODBREZOVÁ,62,62,2P,P. Kovacik,V. Chyla,PODBREZOVÁ,Normal Goal,1551529
08/08/2026,Nike liga,2026/2027,RUŽOMBEROK,PODBREZOVÁ,90,90,2P,B. Mrvaljevic,,PODBREZOVÁ,Normal Goal,1551529
08/08/2026,Nike liga,2026/2027,ZEMPLÍN MICHALOVCE,KOMÁRNO,20,20,1P,J. Bernat,A. Krcik,KOMÁRNO,Normal Goal,1551528
08/08/2026,Nike liga,2026/2027,ZEMPLÍN MICHALOVCE,KOMÁRNO,63,63,2P,M. Bednar,,ZEMPLÍN MICHALOVCE,Normal Goal,1551528
08/08/2026,Nike liga,2026/2027,SPARTAK TRNAVA,DUKLA BANSKÁ BYSTRICA,33,33,1P,D. Poltak,,SPARTAK TRNAVA,Normal Goal,1551531
08/08/2026,Nike liga,2026/2027,SPARTAK TRNAVA,DUKLA BANSKÁ BYSTRICA,39,39,1P,L. Khorkheli,,SPARTAK TRNAVA,Normal Goal,1551531
08/08/2026,Nike liga,2026/2027,SPARTAK TRNAVA,DUKLA BANSKÁ BYSTRICA,40,40,1P,D. Poltak,T. Kudlicka,SPARTAK TRNAVA,Normal Goal,1551531
09/08/2026,Nike liga,2026/2027,ŽILINA,SKALICA,3,3,1P,L. Nonikashvili,P. Onyedika,SKALICA,Normal Goal,1551532
09/08/2026,Nike liga,2026/2027,ŽILINA,SKALICA,54,54,2P,M. Kacer,,ŽILINA,Penalty,1551532
09/08/2026,Nike liga,2026/2027,ŽILINA,SKALICA,63,63,2P,L. Simko,E. Daniel,SKALICA,Normal Goal,1551532
09/08/2026,Nike liga,2026/2027,ŽILINA,SKALICA,85,85,2P,M. Masik,,SKALICA,Normal Goal,1551532
08/08/2026,Ligue 2,2026/2027,MONTPELLIER,DIJON,90,90,2P,Y. Mouanga,T. Sainte-Luce,MONTPELLIER,Normal Goal,1552427
08/08/2026,Ligue 2,2026/2027,MONTPELLIER,DIJON,90,90,2P,A. Lembezat,,DIJON,Normal Goal,1552427
08/08/2026,Ligue 2,2026/2027,NANTES,RED STAR FC 93,67,67,2P,K. Cabral,E. Zidane,RED STAR FC 93,Normal Goal,1552428
08/08/2026,Ligue 2,2026/2027,METZ,GUINGAMP,30,30,1P,Pape Moussa Fall,,METZ,Missed Penalty,1552426
08/08/2026,Ligue 2,2026/2027,METZ,GUINGAMP,51,51,2P,A. Demouchy,A. Hemia,GUINGAMP,Normal Goal,1552426
08/08/2026,Ligue 2,2026/2027,METZ,GUINGAMP,58,58,2P,P. M. Fall,M. Colin,METZ,Normal Goal,1552426
08/08/2026,Ligue 2,2026/2027,METZ,GUINGAMP,60,60,2P,G. Abuashvili,J. Deminguet,METZ,Normal Goal,1552426
08/08/2026,Ligue 2,2026/2027,SOCHAUX,SAINT ETIENNE,22,22,1P,J. Breum,A. Boakye,SAINT ETIENNE,Normal Goal,1552431
08/08/2026,Ligue 2,2026/2027,SOCHAUX,SAINT ETIENNE,24,24,1P,I. Cardona,J. Breum,SAINT ETIENNE,Normal Goal,1552431
08/08/2026,Ligue 2,2026/2027,SOCHAUX,SAINT ETIENNE,28,28,1P,I. Cardona,T. Ballo,SAINT ETIENNE,Normal Goal,1552431
08/08/2026,Ligue 2,2026/2027,PAU,ANNECY,11,11,1P,A. Drouhin,C. Billemaz,ANNECY,Normal Goal,1552429
08/08/2026,Ligue 2,2026/2027,RODEZ,LAVAL,52,52,2P,C. Issanchou Roubiou,,RODEZ,Normal Goal,1552430
08/08/2026,Ligue 2,2026/2027,RODEZ,LAVAL,68,68,2P,E. Clavreul,E. Mouton,LAVAL,Normal Goal,1552430
08/08/2026,Ligue 2,2026/2027,RODEZ,LAVAL,89,89,2P,I. Balde,J. Mendes,RODEZ,Normal Goal,1552430
08/08/2026,Ligue 2,2026/2027,RODEZ,LAVAL,90,90,2P,O. Joly,K. Nagera,RODEZ,Normal Goal,1552430
08/08/2026,Ligue 2,2026/2027,DUNKERQUE,GRENOBLE,21,21,1P,V. Mayela,A. Daho,DUNKERQUE,Normal Goal,1552425
08/08/2026,Ligue 2,2026/2027,DUNKERQUE,GRENOBLE,45,45,1P,Y. Diaby,,GRENOBLE,Normal Goal,1552425
08/08/2026,Ligue 2,2026/2027,DUNKERQUE,GRENOBLE,52,52,2P,M. Decherf,E. Prutsev,DUNKERQUE,Normal Goal,1552425
08/08/2026,Ligue 2,2026/2027,DUNKERQUE,GRENOBLE,57,57,2P,E. Prutsev,M. Decherf,DUNKERQUE,Normal Goal,1552425
08/08/2026,Ligue 2,2026/2027,DUNKERQUE,GRENOBLE,64,64,2P,E. Prutsev,T. Robinet,DUNKERQUE,Normal Goal,1552425
08/08/2026,Ligue 2,2026/2027,DUNKERQUE,GRENOBLE,76,76,2P,Y. Diaby,M. Xantippe,GRENOBLE,Normal Goal,1552425
24/07/2026,NB I.,2026/2027,NYIREGYHAZA,UJPEST,14,14,1P,G. Bodnar,A. Matko,UJPEST,Normal Goal,1560204
24/07/2026,NB I.,2026/2027,NYIREGYHAZA,UJPEST,50,50,2P,E. Amenyido,,NYIREGYHAZA,Own Goal,1560204
24/07/2026,NB I.,2026/2027,NYIREGYHAZA,UJPEST,86,86,2P,M. Kvasina,,NYIREGYHAZA,Normal Goal,1560204
25/07/2026,NB I.,2026/2027,KISVARDA FC,BUDAPEST HONVED,53,53,2P,C. Herc,M. Matanovic,KISVARDA FC,Normal Goal,1560202
25/07/2026,NB I.,2026/2027,KISVARDA FC,BUDAPEST HONVED,88,88,2P,A. Baki,,BUDAPEST HONVED,Normal Goal,1560202
26/07/2026,NB I.,2026/2027,VASAS,GYORI ETO FC,57,57,2P,Z. Gavric,,GYORI ETO FC,Penalty,1560206
26/07/2026,NB I.,2026/2027,VASAS,GYORI ETO FC,71,71,2P,J. Urblik,,VASAS,Normal Goal,1560206
26/07/2026,NB I.,2026/2027,VASAS,GYORI ETO FC,80,80,2P,M. Huszar,D. Stefulj,GYORI ETO FC,Normal Goal,1560206
26/07/2026,NB I.,2026/2027,VASAS,GYORI ETO FC,89,89,2P,D. Csoka,J. Urblik,VASAS,Normal Goal,1560206
26/07/2026,NB I.,2026/2027,DEBRECENI VSC,PUSKAS ACADEMY,12,12,1P,A. Nemeth,D. Lukacs,PUSKAS ACADEMY,Normal Goal,1560201
26/07/2026,NB I.,2026/2027,DEBRECENI VSC,PUSKAS ACADEMY,29,29,1P,A. Nemeth,D. Lukacs,PUSKAS ACADEMY,Normal Goal,1560201
26/07/2026,NB I.,2026/2027,PAKS,FERENCVAROSI TC,18,18,1P,Dele,O. Nagy,FERENCVAROSI TC,Normal Goal,1560205
26/07/2026,NB I.,2026/2027,PAKS,FERENCVAROSI TC,23,23,1P,M. Peto,J. Szalai,PAKS,Normal Goal,1560205
26/07/2026,NB I.,2026/2027,PAKS,FERENCVAROSI TC,32,32,1P,E. Botka,Z. Gruber,FERENCVAROSI TC,Normal Goal,1560205
26/07/2026,NB I.,2026/2027,PAKS,FERENCVAROSI TC,41,41,1P,J. Szalai,Z. Haraszti,PAKS,Normal Goal,1560205
26/07/2026,NB I.,2026/2027,PAKS,FERENCVAROSI TC,55,55,2P,J. Szalai,,PAKS,Normal Goal,1560205
26/07/2026,NB I.,2026/2027,PAKS,FERENCVAROSI TC,59,59,2P,M. Peto,B. Vecsei,PAKS,Normal Goal,1560205
27/07/2026,NB I.,2026/2027,MTK BUDAPEST,ZALAEGERSZEGI TE,12,12,1P,Z. Kerezsi,K. Hinora,MTK BUDAPEST,Normal Goal,1560203
27/07/2026,NB I.,2026/2027,MTK BUDAPEST,ZALAEGERSZEGI TE,66,66,2P,Z. Kerezsi,G. Jurek,MTK BUDAPEST,Normal Goal,1560203
27/07/2026,NB I.,2026/2027,MTK BUDAPEST,ZALAEGERSZEGI TE,71,71,2P,M. Klausz,G. Komaromi,MTK BUDAPEST,Normal Goal,1560203
31/07/2026,NB I.,2026/2027,PUSKAS ACADEMY,KISVARDA FC,33,33,1P,A. Esik,D. Soltesz,KISVARDA FC,Normal Goal,1560210
31/07/2026,NB I.,2026/2027,PUSKAS ACADEMY,KISVARDA FC,61,61,2P,C. Herc,,KISVARDA FC,Penalty,1560210
01/08/2026,NB I.,2026/2027,BUDAPEST HONVED,MTK BUDAPEST,15,15,1P,A. Szamosi,A. Zuigeber,BUDAPEST HONVED,Normal Goal,1560209
01/08/2026,NB I.,2026/2027,BUDAPEST HONVED,MTK BUDAPEST,44,44,1P,A. Somogyi,T. Somogyi,BUDAPEST HONVED,Normal Goal,1560209
01/08/2026,NB I.,2026/2027,BUDAPEST HONVED,MTK BUDAPEST,45,45,1P,G. Jurek,Z. Kerezsi,MTK BUDAPEST,Normal Goal,1560209
01/08/2026,NB I.,2026/2027,BUDAPEST HONVED,MTK BUDAPEST,53,53,2P,Z. Kerezsi,I. Bognar,MTK BUDAPEST,Normal Goal,1560209
01/08/2026,NB I.,2026/2027,BUDAPEST HONVED,MTK BUDAPEST,87,87,2P,D. Csontos,,BUDAPEST HONVED,Penalty,1560209
01/08/2026,NB I.,2026/2027,BUDAPEST HONVED,MTK BUDAPEST,90,90,2P,I. Bognar,,MTK BUDAPEST,Normal Goal,1560209
02/08/2026,NB I.,2026/2027,UJPEST,DEBRECENI VSC,11,11,1P,A. Szendrei,,DEBRECENI VSC,Normal Goal,1560211
02/08/2026,NB I.,2026/2027,UJPEST,DEBRECENI VSC,24,24,1P,E. Amenyido,G. Vlijter,UJPEST,Normal Goal,1560211
02/08/2026,NB I.,2026/2027,UJPEST,DEBRECENI VSC,45,45,1P,K. Horvath,E. Amenyido,UJPEST,Normal Goal,1560211
02/08/2026,NB I.,2026/2027,UJPEST,DEBRECENI VSC,61,61,2P,K. Horvath,E. Amenyido,UJPEST,Normal Goal,1560211
02/08/2026,NB I.,2026/2027,UJPEST,DEBRECENI VSC,89,89,2P,B. Dzsudzsak,,DEBRECENI VSC,Normal Goal,1560211
02/08/2026,NB I.,2026/2027,UJPEST,DEBRECENI VSC,90,90,2P,A. Matko,M. Tijani,UJPEST,Normal Goal,1560211
02/08/2026,NB I.,2026/2027,GYORI ETO FC,NYIREGYHAZA,22,22,1P,N. Urblik,D. Stefulj,GYORI ETO FC,Normal Goal,1560208
02/08/2026,NB I.,2026/2027,GYORI ETO FC,NYIREGYHAZA,48,48,2P,N. Njie,,GYORI ETO FC,Normal Goal,1560208
02/08/2026,NB I.,2026/2027,GYORI ETO FC,NYIREGYHAZA,82,82,2P,V. Djukanovic,M. Huszar,GYORI ETO FC,Normal Goal,1560208
02/08/2026,NB I.,2026/2027,GYORI ETO FC,NYIREGYHAZA,86,86,2P,K. Banati,,GYORI ETO FC,Normal Goal,1560208
03/08/2026,NB I.,2026/2027,ZALAEGERSZEGI TE,PAKS,2,2,1P,J. Calderon,B. Gundel-Takacs,ZALAEGERSZEGI TE,Normal Goal,1560212
03/08/2026,NB I.,2026/2027,ZALAEGERSZEGI TE,PAKS,11,11,1P,J. Szalai,,PAKS,Penalty,1560212
03/08/2026,NB I.,2026/2027,ZALAEGERSZEGI TE,PAKS,21,21,1P,J. Calderon,A. Skribek,ZALAEGERSZEGI TE,Normal Goal,1560212
03/08/2026,NB I.,2026/2027,ZALAEGERSZEGI TE,PAKS,40,40,1P,A. Lapu,,PAKS,Normal Goal,1560212
03/08/2026,NB I.,2026/2027,ZALAEGERSZEGI TE,PAKS,45,45,1P,Z. Garai,A. Skribek,ZALAEGERSZEGI TE,Normal Goal,1560212
03/08/2026,NB I.,2026/2027,ZALAEGERSZEGI TE,PAKS,73,73,2P,Arthur Henrique,A. Skribek,ZALAEGERSZEGI TE,Normal Goal,1560212
03/08/2026,NB I.,2026/2027,ZALAEGERSZEGI TE,PAKS,90,90,2P,B. Babos,A. Csonka,ZALAEGERSZEGI TE,Normal Goal,1560212
07/08/2026,NB I.,2026/2027,MTK BUDAPEST,PUSKAS ACADEMY,18,18,1P,M. Kern,P. Dardai,PUSKAS ACADEMY,Normal Goal,1560216
07/08/2026,NB I.,2026/2027,MTK BUDAPEST,PUSKAS ACADEMY,23,23,1P,G. Harutyunyan,,PUSKAS ACADEMY,Normal Goal,1560216
07/08/2026,NB I.,2026/2027,MTK BUDAPEST,PUSKAS ACADEMY,52,52,2P,G. Jurek,Z. Kerezsi,MTK BUDAPEST,Normal Goal,1560216
07/08/2026,NB I.,2026/2027,MTK BUDAPEST,PUSKAS ACADEMY,78,78,2P,Z. Kerezsi,I. Bognar,MTK BUDAPEST,Normal Goal,1560216
07/08/2026,NB I.,2026/2027,MTK BUDAPEST,PUSKAS ACADEMY,90,90,2P,L. Colley,U. Nissila,PUSKAS ACADEMY,Normal Goal,1560216
08/08/2026,NB I.,2026/2027,VASAS,ZALAEGERSZEGI TE,1,1,1P,M. Koszta,J. Urblik,VASAS,Normal Goal,1560218
08/08/2026,NB I.,2026/2027,VASAS,ZALAEGERSZEGI TE,7,7,1P,J. Urblik,B. Rab,VASAS,Normal Goal,1560218
08/08/2026,NB I.,2026/2027,VASAS,ZALAEGERSZEGI TE,56,56,2P,M. Koszta,M. Kovacsreti,VASAS,Normal Goal,1560218
08/08/2026,NB I.,2026/2027,VASAS,ZALAEGERSZEGI TE,79,79,2P,R. Horvath,,VASAS,Normal Goal,1560218
08/08/2026,NB I.,2026/2027,VASAS,ZALAEGERSZEGI TE,86,86,2P,J. Urblik,A. Doktorics,VASAS,Normal Goal,1560218
08/08/2026,NB I.,2026/2027,KISVARDA FC,UJPEST,5,5,1P,G. Vlijter,Heitor,UJPEST,Normal Goal,1560215
08/08/2026,NB I.,2026/2027,KISVARDA FC,UJPEST,15,15,1P,C. Herc,J. Mesanovic,KISVARDA FC,Normal Goal,1560215
08/08/2026,NB I.,2026/2027,KISVARDA FC,UJPEST,32,32,1P,Heitor,K. Horvath,UJPEST,Normal Goal,1560215
08/08/2026,NB I.,2026/2027,KISVARDA FC,UJPEST,78,78,2P,E. Amenyido,,UJPEST,Normal Goal,1560215
08/08/2026,NB I.,2026/2027,KISVARDA FC,UJPEST,85,85,2P,M. Matanovic,,KISVARDA FC,Normal Goal,1560215
08/08/2026,NB I.,2026/2027,KISVARDA FC,UJPEST,90,90,2P,A. Matko,E. Amenyido,UJPEST,Normal Goal,1560215
09/08/2026,NB I.,2026/2027,PAKS,BUDAPEST HONVED,59,59,2P,M. Peto,,PAKS,Normal Goal,1560217
09/08/2026,NB I.,2026/2027,PAKS,BUDAPEST HONVED,68,68,2P,T. Somogyi,K. Kantor,BUDAPEST HONVED,Normal Goal,1560217
09/08/2026,NB I.,2026/2027,PAKS,BUDAPEST HONVED,79,79,2P,J. Szalai,A. Lapu,PAKS,Normal Goal,1560217
09/08/2026,NB I.,2026/2027,PAKS,BUDAPEST HONVED,90,90,2P,D. Csontos,,BUDAPEST HONVED,Penalty,1560217
09/08/2026,NB I.,2026/2027,DEBRECENI VSC,NYIREGYHAZA,55,55,2P,B. Dzsudzsak,C. Denes,DEBRECENI VSC,Normal Goal,1560213
17/07/2026,Super League,2026/2027,SPARTAK VARNA,CSKA 1948,13,13,1P,G. Stojanovski,,SPARTAK VARNA,Normal Goal,1551053
17/07/2026,Super League,2026/2027,SPARTAK VARNA,CSKA 1948,44,44,1P,J. Tshitoku,G. Stojanovski,SPARTAK VARNA,Normal Goal,1551053
17/07/2026,Super League,2026/2027,SPARTAK VARNA,CSKA 1948,51,51,2P,M. Diallo,,CSKA 1948,Penalty,1551053
17/07/2026,Super League,2026/2027,SPARTAK VARNA,CSKA 1948,77,77,2P,Frederic,M. Diallo,CSKA 1948,Normal Goal,1551053
17/07/2026,Super League,2026/2027,LEVSKI SOFIA,DUNAV RUSE,22,22,1P,K. Dimitrov,D. Kusso,LEVSKI SOFIA,Normal Goal,1551049
17/07/2026,Super League,2026/2027,LEVSKI SOFIA,DUNAV RUSE,70,70,2P,A. Bouras,Everton Bala,LEVSKI SOFIA,Normal Goal,1551049
17/07/2026,Super League,2026/2027,LEVSKI SOFIA,DUNAV RUSE,84,84,2P,D. Minchev,R. Apostolov,DUNAV RUSE,Normal Goal,1551049
18/07/2026,Super League,2026/2027,SEPTEMVRI SOFIA,ARDA KARDZHALI,17,17,1P,B. Karagaren,,ARDA KARDZHALI,Normal Goal,1551051
18/07/2026,Super League,2026/2027,SEPTEMVRI SOFIA,ARDA KARDZHALI,53,53,2P,S. Wade,,SEPTEMVRI SOFIA,Normal Goal,1551051
18/07/2026,Super League,2026/2027,LUDOGORETS,LOKOMOTIV PLOVDIV,45,45,1P,I. Chochev,S. Shishkov,LUDOGORETS,Normal Goal,1551050
19/07/2026,Super League,2026/2027,BOTEV VRATSA,CHERNO MORE VARNA,70,70,2P,V. Panayotov,,CHERNO MORE VARNA,Normal Goal,1551048
19/07/2026,Super League,2026/2027,BOTEV VRATSA,CHERNO MORE VARNA,90,90,2P,M. Petkov,,BOTEV VRATSA,Normal Goal,1551048
21/07/2026,Super League,2026/2027,BOTEV PLOVDIV,LOKOMOTIV SOFIA,49,49,2P,D. Kostadinov,A. Lyaskov,LOKOMOTIV SOFIA,Normal Goal,1551047
21/07/2026,Super League,2026/2027,BOTEV PLOVDIV,LOKOMOTIV SOFIA,79,79,2P,C. Meotti,S. Kalu,BOTEV PLOVDIV,Normal Goal,1551047
24/07/2026,Super League,2026/2027,ARDA KARDZHALI,SLAVIA SOFIA,90,90,2P,A. Kabov,B. Karagaren,ARDA KARDZHALI,Normal Goal,1551054
25/07/2026,Super League,2026/2027,CSKA 1948,BOTEV VRATSA,19,19,1P,F. Krebs,A. Iliev,CSKA 1948,Normal Goal,1551056
25/07/2026,Super League,2026/2027,CSKA 1948,BOTEV VRATSA,63,63,2P,M. Petkov,K. Hadji,BOTEV VRATSA,Normal Goal,1551056
25/07/2026,Super League,2026/2027,CSKA 1948,BOTEV VRATSA,78,78,2P,A. Iliev,D. Grivic,CSKA 1948,Normal Goal,1551056
25/07/2026,Super League,2026/2027,LOKOMOTIV SOFIA,LEVSKI SOFIA,63,63,2P,S. Delev,D. Kostadinov,LOKOMOTIV SOFIA,Normal Goal,1551060
25/07/2026,Super League,2026/2027,LOKOMOTIV SOFIA,LEVSKI SOFIA,77,77,2P,Reinaldo,A. Centelles,LEVSKI SOFIA,Normal Goal,1551060
25/07/2026,Super League,2026/2027,LOKOMOTIV SOFIA,LEVSKI SOFIA,82,82,2P,Serginho,Reinaldo,LEVSKI SOFIA,Normal Goal,1551060
26/07/2026,Super League,2026/2027,CHERNO MORE VARNA,SPARTAK VARNA,33,33,1P,A. Granchov,,SPARTAK VARNA,Normal Goal,1551055
26/07/2026,Super League,2026/2027,CHERNO MORE VARNA,SPARTAK VARNA,88,88,2P,G. Stojanovski,D. Valverde,SPARTAK VARNA,Normal Goal,1551055
26/07/2026,Super League,2026/2027,CHERNO MORE VARNA,SPARTAK VARNA,90,90,2P,R. Sousa,T. Chunchukov,SPARTAK VARNA,Normal Goal,1551055
26/07/2026,Super League,2026/2027,LOKOMOTIV PLOVDIV,SEPTEMVRI SOFIA,5,5,1P,J. Lamy,,LOKOMOTIV PLOVDIV,Normal Goal,1551059
26/07/2026,Super League,2026/2027,LOKOMOTIV PLOVDIV,SEPTEMVRI SOFIA,45,45,1P,A. Dzhamov,F. Herard,SEPTEMVRI SOFIA,Normal Goal,1551059
26/07/2026,Super League,2026/2027,LOKOMOTIV PLOVDIV,SEPTEMVRI SOFIA,88,88,2P,K. Onasci,,LOKOMOTIV PLOVDIV,Own Goal,1551059
27/07/2026,Super League,2026/2027,DUNAV RUSE,LUDOGORETS,14,14,1P,B. Tekpetey,A. Salido Tajero,LUDOGORETS,Normal Goal,1551058
27/07/2026,Super League,2026/2027,DUNAV RUSE,LUDOGORETS,47,47,2P,Rwan Cruz,B. Tekpetey,LUDOGORETS,Normal Goal,1551058
27/07/2026,Super League,2026/2027,CSKA SOFIA,BOTEV PLOVDIV,38,38,1P,C. Algarra,,BOTEV PLOVDIV,Normal Goal,1551057
27/07/2026,Super League,2026/2027,CSKA SOFIA,BOTEV PLOVDIV,41,41,1P,J. Zwarts,,CSKA SOFIA,Normal Goal,1551057
27/07/2026,Super League,2026/2027,CSKA SOFIA,BOTEV PLOVDIV,89,89,2P,J. Zwarts,I. Pittas,CSKA SOFIA,Normal Goal,1551057
27/07/2026,Super League,2026/2027,CSKA SOFIA,BOTEV PLOVDIV,90,90,2P,I. Pittas,F. Lapoukhov,CSKA SOFIA,Normal Goal,1551057
27/07/2026,Super League,2026/2027,CSKA SOFIA,BOTEV PLOVDIV,90,90,2P,A. Chandarov,G. Milanov,BOTEV PLOVDIV,Normal Goal,1551057
31/07/2026,Super League,2026/2027,SLAVIA SOFIA,LOKOMOTIV SOFIA,36,36,1P,N. Penev,,LOKOMOTIV SOFIA,Normal Goal,1551066
31/07/2026,Super League,2026/2027,SLAVIA SOFIA,LOKOMOTIV SOFIA,42,42,1P,I. Minchev,I. Stefanov,SLAVIA SOFIA,Normal Goal,1551066
31/07/2026,Super League,2026/2027,CSKA 1948,ARDA KARDZHALI,6,6,1P,M. Diallo,G. Rusev,CSKA 1948,Normal Goal,1551062
31/07/2026,Super League,2026/2027,CSKA 1948,ARDA KARDZHALI,22,22,1P,B. Karagaren,,ARDA KARDZHALI,Normal Goal,1551062
31/07/2026,Super League,2026/2027,CSKA 1948,ARDA KARDZHALI,57,57,2P,M. Diallo,D. Grivic,CSKA 1948,Normal Goal,1551062
01/08/2026,Super League,2026/2027,LEVSKI SOFIA,SEPTEMVRI SOFIA,34,34,1P,A. Bouras,,LEVSKI SOFIA,Normal Goal,1551064
01/08/2026,Super League,2026/2027,LEVSKI SOFIA,SEPTEMVRI SOFIA,76,76,2P,A. Oko-Flex,Everton Bala,LEVSKI SOFIA,Normal Goal,1551064
01/08/2026,Super League,2026/2027,LEVSKI SOFIA,SEPTEMVRI SOFIA,79,79,2P,Serginho,S. Hevertton,LEVSKI SOFIA,Normal Goal,1551064
01/08/2026,Super League,2026/2027,BOTEV PLOVDIV,CHERNO MORE VARNA,23,23,1P,A. Chandarov,,BOTEV PLOVDIV,Penalty,1551061
02/08/2026,Super League,2026/2027,LUDOGORETS,BOTEV VRATSA,22,22,1P,B. Tekpetey,Rwan Cruz,LUDOGORETS,Normal Goal,1551065
02/08/2026,Super League,2026/2027,LUDOGORETS,BOTEV VRATSA,45,45,1P,Rwan Cruz,B. Tekpetey,LUDOGORETS,Normal Goal,1551065
02/08/2026,Super League,2026/2027,LUDOGORETS,BOTEV VRATSA,72,72,2P,P. Borukov,M. Smolenski,BOTEV VRATSA,Normal Goal,1551065
02/08/2026,Super League,2026/2027,CSKA SOFIA,DUNAV RUSE,10,10,1P,R. Apostolov,V. Vidakovic,DUNAV RUSE,Normal Goal,1551063
02/08/2026,Super League,2026/2027,CSKA SOFIA,DUNAV RUSE,17,17,1P,J. Zwarts,M. Brahimi,CSKA SOFIA,Normal Goal,1551063
02/08/2026,Super League,2026/2027,CSKA SOFIA,DUNAV RUSE,79,79,2P,F. Rodriguez,,CSKA SOFIA,Normal Goal,1551063
03/08/2026,Super League,2026/2027,SPARTAK VARNA,LOKOMOTIV PLOVDIV,8,8,1P,D. Valverde,,SPARTAK VARNA,Normal Goal,1551067
07/08/2026,Super League,2026/2027,LEVSKI SOFIA,LOKOMOTIV PLOVDIV,5,5,1P,D. Kusso,M. Soula,LEVSKI SOFIA,Normal Goal,1551072
07/08/2026,Super League,2026/2027,LEVSKI SOFIA,LOKOMOTIV PLOVDIV,90,90,2P,Reinaldo,M. Moubarik,LEVSKI SOFIA,Normal Goal,1551072
08/08/2026,Super League,2026/2027,LOKOMOTIV SOFIA,CSKA 1948,53,53,2P,Elias Franco,,CSKA 1948,Normal Goal,1551073
08/08/2026,Super League,2026/2027,LOKOMOTIV SOFIA,CSKA 1948,73,73,2P,Frédéric Maciel,,CSKA 1948,Normal Goal,1551073
08/08/2026,Super League,2026/2027,LOKOMOTIV SOFIA,CSKA 1948,77,77,2P,Spas Delev,,LOKOMOTIV SOFIA,Normal Goal,1551073
08/08/2026,Super League,2026/2027,LOKOMOTIV SOFIA,CSKA 1948,87,87,2P,Frédéric Maciel,,CSKA 1948,Normal Goal,1551073
08/08/2026,Super League,2026/2027,DUNAV RUSE,ARDA KARDZHALI,16,16,1P,Birsent Karagaren,Dominik Yankov,ARDA KARDZHALI,Normal Goal,1551071
08/08/2026,Super League,2026/2027,DUNAV RUSE,ARDA KARDZHALI,59,59,2P,Svetoslav Kovachev,,ARDA KARDZHALI,Normal Goal,1551071
09/08/2026,Super League,2026/2027,CHERNO MORE VARNA,LUDOGORETS,30,30,1P,G. Lazarov,E. Tombak,CHERNO MORE VARNA,Normal Goal,1551070
09/08/2026,Super League,2026/2027,CHERNO MORE VARNA,LUDOGORETS,48,48,2P,Rwan Cruz,,LUDOGORETS,Normal Goal,1551070
09/08/2026,Super League,2026/2027,CHERNO MORE VARNA,LUDOGORETS,51,51,2P,Rwan Cruz,,LUDOGORETS,Normal Goal,1551070
09/08/2026,Super League,2026/2027,CHERNO MORE VARNA,LUDOGORETS,53,53,2P,I. Chochev,S. Shishkov,LUDOGORETS,Normal Goal,1551070
09/08/2026,Super League,2026/2027,CHERNO MORE VARNA,LUDOGORETS,84,84,2P,N. Zlatev,,CHERNO MORE VARNA,Normal Goal,1551070
09/08/2026,Super League,2026/2027,SEPTEMVRI SOFIA,CSKA SOFIA,45,45,1P,I. Pittas,,CSKA SOFIA,Penalty,1551074
09/08/2026,Super League,2026/2027,SEPTEMVRI SOFIA,CSKA SOFIA,72,72,2P,L. Godoy,,CSKA SOFIA,Normal Goal,1551074
09/08/2026,Super League,2026/2027,SEPTEMVRI SOFIA,CSKA SOFIA,81,81,2P,J. Eto'o,,CSKA SOFIA,Normal Goal,1551074
10/08/2026,Super League,2026/2027,BOTEV VRATSA,SLAVIA SOFIA,56,56,2P,R. Raychev,E. Stoev,SLAVIA SOFIA,Normal Goal,1551069
10/08/2026,Super League,2026/2027,BOTEV VRATSA,SLAVIA SOFIA,82,82,2P,V. Kazaldzhiev,V. Nikolov,SLAVIA SOFIA,Normal Goal,1551069
10/08/2026,Super League,2026/2027,BOTEV VRATSA,SLAVIA SOFIA,90,90+4,2P,V. Kazaldzhiev,Y. Bornosuzov,SLAVIA SOFIA,Normal Goal,1551069
10/08/2026,Super League,2026/2027,BOTEV PLOVDIV,SPARTAK VARNA,4,4,1P,Mascote,V. Mendes,BOTEV PLOVDIV,Normal Goal,1551068
10/08/2026,Super League,2026/2027,BOTEV PLOVDIV,SPARTAK VARNA,28,28,1P,A. Chandarov,C. Meotti,BOTEV PLOVDIV,Normal Goal,1551068
10/08/2026,Super League,2026/2027,BOTEV PLOVDIV,SPARTAK VARNA,39,39,1P,S. Kalu,C. Meotti,BOTEV PLOVDIV,Normal Goal,1551068
10/08/2026,Super League,2026/2027,BOTEV PLOVDIV,SPARTAK VARNA,58,58,2P,S. Petrov,,SPARTAK VARNA,Own Goal,1551068
10/08/2026,Super League,2026/2027,BOTEV PLOVDIV,SPARTAK VARNA,90,90+3,2P,A. Ahmedov,A. Ivanov,SPARTAK VARNA,Normal Goal,1551068
06/02/2026,J1 League,2026/2027,V-VAREN NAGASAKI,SANFRECCE HIROSHIMA,35,35,1P,S. Nakano,T. Shiotani,SANFRECCE HIROSHIMA,Normal Goal,1501295
06/02/2026,J1 League,2026/2027,V-VAREN NAGASAKI,SANFRECCE HIROSHIMA,50,50,2P,A. Suzuki,,SANFRECCE HIROSHIMA,Normal Goal,1501295
06/02/2026,J1 League,2026/2027,V-VAREN NAGASAKI,SANFRECCE HIROSHIMA,54,54,2P,H. Kawabe,S. Higashi,SANFRECCE HIROSHIMA,Normal Goal,1501295
06/02/2026,J1 League,2026/2027,V-VAREN NAGASAKI,SANFRECCE HIROSHIMA,81,81,2P,Matheus Jesus,N. Campbell,V-VAREN NAGASAKI,Normal Goal,1501295
06/02/2026,J1 League,2026/2027,YOKOHAMA F. MARINOS,MACHIDA ZELVIA,8,8,1P,Erik,N. Lavi,MACHIDA ZELVIA,Normal Goal,1501296
06/02/2026,J1 League,2026/2027,YOKOHAMA F. MARINOS,MACHIDA ZELVIA,16,16,1P,D. Tono,,YOKOHAMA F. MARINOS,Penalty,1501296
06/02/2026,J1 League,2026/2027,YOKOHAMA F. MARINOS,MACHIDA ZELVIA,17,17,1P,Erik,,MACHIDA ZELVIA,Normal Goal,1501296
06/02/2026,J1 League,2026/2027,YOKOHAMA F. MARINOS,MACHIDA ZELVIA,45,45,1P,Y. Soma,,MACHIDA ZELVIA,Normal Goal,1501296
06/02/2026,J1 League,2026/2027,YOKOHAMA F. MARINOS,MACHIDA ZELVIA,67,67,2P,J. Croux,D. David,YOKOHAMA F. MARINOS,Normal Goal,1501296
06/02/2026,J1 League,2026/2027,KYOTO SANGA,VISSEL KOBE,37,37,1P,Y. Muto,Y. Osako,VISSEL KOBE,Normal Goal,1501294
06/02/2026,J1 League,2026/2027,KYOTO SANGA,VISSEL KOBE,53,53,2P,Marco Tulio,Rafael Elias,KYOTO SANGA,Normal Goal,1501294
07/02/2026,J1 League,2026/2027,JEF UNITED CHIBA,URAWA,5,5,1P,Y. Matsuo,,URAWA,Penalty,1501297
07/02/2026,J1 League,2026/2027,JEF UNITED CHIBA,URAWA,12,12,1P,R. Hidano,,URAWA,Normal Goal,1501297
07/02/2026,J1 League,2026/2027,FC TOKYO,KASHIMA,44,44,1P,K. Endo,,FC TOKYO,Normal Goal,1501298
07/02/2026,J1 League,2026/2027,FC TOKYO,KASHIMA,45,45,1P,Kim Tae-Hyeon,N. Ueda,KASHIMA,Normal Goal,1501298
08/02/2026,J1 League,2026/2027,AVISPA FUKUOKA,FAGIANO OKAYAMA,44,44,1P,M. Matsumoto,K. Ogura,FAGIANO OKAYAMA,Normal Goal,1501300
08/02/2026,J1 League,2026/2027,AVISPA FUKUOKA,FAGIANO OKAYAMA,78,78,2P,K. Maeda,,AVISPA FUKUOKA,Normal Goal,1501300
08/02/2026,J1 League,2026/2027,NAGOYA GRAMPUS,SHIMIZU S-PULSE,58,58,2P,Y. Kimura,K. Nakayama,NAGOYA GRAMPUS,Normal Goal,1501301
08/02/2026,J1 League,2026/2027,KAWASAKI FRONTALE,KASHIWA REYSOL,6,6,1P,Erison,,KAWASAKI FRONTALE,Penalty,1501302
08/02/2026,J1 League,2026/2027,KAWASAKI FRONTALE,KASHIWA REYSOL,11,11,1P,Erison,T. Ito,KAWASAKI FRONTALE,Normal Goal,1501302
08/02/2026,J1 League,2026/2027,KAWASAKI FRONTALE,KASHIWA REYSOL,25,25,1P,Erison,Y. Wakizaka,KAWASAKI FRONTALE,Normal Goal,1501302
08/02/2026,J1 League,2026/2027,KAWASAKI FRONTALE,KASHIWA REYSOL,38,38,1P,M. Hosoya,W. Harada,KASHIWA REYSOL,Normal Goal,1501302
08/02/2026,J1 League,2026/2027,KAWASAKI FRONTALE,KASHIWA REYSOL,60,60,2P,Y. Segawa,Y. Konishi,KASHIWA REYSOL,Normal Goal,1501302
08/02/2026,J1 League,2026/2027,KAWASAKI FRONTALE,KASHIWA REYSOL,68,68,2P,Y. Matsunagane,Y. Yamamoto,KAWASAKI FRONTALE,Normal Goal,1501302
08/02/2026,J1 League,2026/2027,KAWASAKI FRONTALE,KASHIWA REYSOL,81,81,2P,H. Yamauchi,,KASHIWA REYSOL,Normal Goal,1501302
08/02/2026,J1 League,2026/2027,KAWASAKI FRONTALE,KASHIWA REYSOL,90,90,2P,Y. Wakizaka,K. Tachibanada,KAWASAKI FRONTALE,Normal Goal,1501302
08/02/2026,J1 League,2026/2027,TOKYO VERDY,MITO HOLLYHOCK,8,8,1P,H. Yamamoto,,TOKYO VERDY,Own Goal,1501303
08/02/2026,J1 League,2026/2027,TOKYO VERDY,MITO HOLLYHOCK,21,21,1P,K. Saito,K. Morita,TOKYO VERDY,Normal Goal,1501303
08/02/2026,J1 League,2026/2027,TOKYO VERDY,MITO HOLLYHOCK,49,49,2P,Y. Matsuhashi,K. Morita,TOKYO VERDY,Normal Goal,1501303
08/02/2026,J1 League,2026/2027,TOKYO VERDY,MITO HOLLYHOCK,59,59,2P,C. Kato,K. Tada,MITO HOLLYHOCK,Normal Goal,1501303
13/02/2026,J1 League,2026/2027,VISSEL KOBE,V-VAREN NAGASAKI,25,25,1P,G. Sakai,,VISSEL KOBE,Normal Goal,1501304
13/02/2026,J1 League,2026/2027,VISSEL KOBE,V-VAREN NAGASAKI,42,42,1P,D. Sasaki,G. Sakai,VISSEL KOBE,Normal Goal,1501304
14/02/2026,J1 League,2026/2027,SANFRECCE HIROSHIMA,FAGIANO OKAYAMA,10,10,1P,A. Esaka,,FAGIANO OKAYAMA,Normal Goal,1501306
14/02/2026,J1 League,2026/2027,SANFRECCE HIROSHIMA,FAGIANO OKAYAMA,45,45,1P,R. Germain,A. Suzuki,SANFRECCE HIROSHIMA,Normal Goal,1501306
14/02/2026,J1 League,2026/2027,SHIMIZU S-PULSE,KYOTO SANGA,46,46,2P,H. Appiah Tawiah,,SHIMIZU S-PULSE,Own Goal,1501307
14/02/2026,J1 League,2026/2027,SHIMIZU S-PULSE,KYOTO SANGA,90,90,2P,Rafael Elias,F. Honda,KYOTO SANGA,Normal Goal,1501307
14/02/2026,J1 League,2026/2027,MACHIDA ZELVIA,MITO HOLLYHOCK,39,39,1P,Erik,Y. Soma,MACHIDA ZELVIA,Normal Goal,1501305
14/02/2026,J1 League,2026/2027,MACHIDA ZELVIA,MITO HOLLYHOCK,42,42,1P,T. Semba,T. Iida,MITO HOLLYHOCK,Normal Goal,1501305
14/02/2026,J1 League,2026/2027,MACHIDA ZELVIA,MITO HOLLYHOCK,43,43,1P,Y. Torikai,C. Kato,MITO HOLLYHOCK,Normal Goal,1501305
14/02/2026,J1 League,2026/2027,MACHIDA ZELVIA,MITO HOLLYHOCK,45,45,1P,G. Shoji,Na Sang-Ho,MACHIDA ZELVIA,Normal Goal,1501305
14/02/2026,J1 League,2026/2027,KASHIMA,YOKOHAMA F. MARINOS,76,76,2P,Leo Ceara,R. Ogawa,KASHIMA,Normal Goal,1501309
14/02/2026,J1 League,2026/2027,FC TOKYO,URAWA,78,78,2P,R. Watanabe,,URAWA,Normal Goal,1501308
14/02/2026,J1 League,2026/2027,FC TOKYO,URAWA,90,90,2P,F. Yamada,K. Hashimoto,FC TOKYO,Normal Goal,1501308
15/02/2026,J1 League,2026/2027,KASHIWA REYSOL,TOKYO VERDY,33,33,1P,Y. Koizumi,,KASHIWA REYSOL,Normal Goal,1501311
15/02/2026,J1 League,2026/2027,KASHIWA REYSOL,TOKYO VERDY,63,63,2P,I. Someno,H. Yamami,TOKYO VERDY,Normal Goal,1501311
15/02/2026,J1 League,2026/2027,KASHIWA REYSOL,TOKYO VERDY,90,90,2P,Y. Fukuda,I. Someno,TOKYO VERDY,Normal Goal,1501311
15/02/2026,J1 League,2026/2027,AVISPA FUKUOKA,CEREZO OSAKA,19,19,1P,S. Sakuragawa,R. Sakata,CEREZO OSAKA,Normal Goal,1501312
15/02/2026,J1 League,2026/2027,AVISPA FUKUOKA,CEREZO OSAKA,44,44,1P,Thiago Andrade,R. Sakata,CEREZO OSAKA,Normal Goal,1501312
21/02/2026,J1 League,2026/2027,YOKOHAMA F. MARINOS,URAWA,55,55,2P,T. Sekine,,URAWA,Normal Goal,1504670
21/02/2026,J1 League,2026/2027,YOKOHAMA F. MARINOS,URAWA,84,84,2P,J. Hayakawa,Matheus Savio,URAWA,Normal Goal,1504670
21/02/2026,J1 League,2026/2027,TOKYO VERDY,MACHIDA ZELVIA,69,69,2P,Y. Soma,,MACHIDA ZELVIA,Normal Goal,1504669
21/02/2026,J1 League,2026/2027,TOKYO VERDY,MACHIDA ZELVIA,80,80,2P,Y. Nakayama,H. Nakamura,MACHIDA ZELVIA,Normal Goal,1504669
21/02/2026,J1 League,2026/2027,TOKYO VERDY,MACHIDA ZELVIA,89,89,2P,H. Yamami,R. Hirakawa,TOKYO VERDY,Normal Goal,1504669
21/02/2026,J1 League,2026/2027,TOKYO VERDY,MACHIDA ZELVIA,90,90,2P,T. Yoshida,Y. Arai,TOKYO VERDY,Normal Goal,1504669
21/02/2026,J1 League,2026/2027,SHIMIZU S-PULSE,VISSEL KOBE,55,55,2P,Oh Se-Hun,,SHIMIZU S-PULSE,Penalty,1504671
21/02/2026,J1 League,2026/2027,NAGOYA GRAMPUS,V-VAREN NAGASAKI,58,58,2P,Thiago,Matheus Jesus,V-VAREN NAGASAKI,Normal Goal,1504673
21/02/2026,J1 League,2026/2027,NAGOYA GRAMPUS,V-VAREN NAGASAKI,79,79,2P,N. Campbell,S. Yoneda,V-VAREN NAGASAKI,Normal Goal,1504673
21/02/2026,J1 League,2026/2027,NAGOYA GRAMPUS,V-VAREN NAGASAKI,90,90,2P,Y. Asano,,NAGOYA GRAMPUS,Normal Goal,1504673
21/02/2026,J1 League,2026/2027,NAGOYA GRAMPUS,V-VAREN NAGASAKI,90,90,2P,N. Campbell,Matheus Jesus,V-VAREN NAGASAKI,Normal Goal,1504673
21/02/2026,J1 League,2026/2027,KAWASAKI FRONTALE,FC TOKYO,18,18,1P,Marcelo Ryan,,FC TOKYO,Normal Goal,1504672
21/02/2026,J1 League,2026/2027,KAWASAKI FRONTALE,FC TOKYO,31,31,1P,R. Yamahara,Y. Wakizaka,KAWASAKI FRONTALE,Normal Goal,1504672
21/02/2026,J1 League,2026/2027,KAWASAKI FRONTALE,FC TOKYO,37,37,1P,S. Muroya,K. Sato,FC TOKYO,Normal Goal,1504672
21/02/2026,J1 League,2026/2027,KASHIMA,KASHIWA REYSOL,36,36,1P,Leo Ceara,Y. Suzuki,KASHIMA,Normal Goal,1504674
21/02/2026,J1 League,2026/2027,KASHIMA,KASHIWA REYSOL,53,53,2P,N. Ueda,Y. Higuchi,KASHIMA,Normal Goal,1504674
22/02/2026,J1 League,2026/2027,KYOTO SANGA,AVISPA FUKUOKA,32,32,1P,Rafael Elias,,KYOTO SANGA,Normal Goal,1504675
22/02/2026,J1 League,2026/2027,KYOTO SANGA,AVISPA FUKUOKA,77,77,2P,Marco Tulio,,KYOTO SANGA,Normal Goal,1504675
22/02/2026,J1 League,2026/2027,MITO HOLLYHOCK,JEF UNITED CHIBA,23,23,1P,Y. Torikai,T. Semba,MITO HOLLYHOCK,Normal Goal,1504676
22/02/2026,J1 League,2026/2027,MITO HOLLYHOCK,JEF UNITED CHIBA,31,31,1P,T. Tsukui,,JEF UNITED CHIBA,Normal Goal,1504676
22/02/2026,J1 League,2026/2027,FAGIANO OKAYAMA,GAMBA OSAKA,14,14,1P,Lucao,,FAGIANO OKAYAMA,Penalty,1504677
22/02/2026,J1 League,2026/2027,FAGIANO OKAYAMA,GAMBA OSAKA,32,32,1P,D. Hummet,R. Mito,GAMBA OSAKA,Normal Goal,1504677
22/02/2026,J1 League,2026/2027,FAGIANO OKAYAMA,GAMBA OSAKA,76,76,2P,H. Minamino,,GAMBA OSAKA,Normal Goal,1504677
22/02/2026,J1 League,2026/2027,CEREZO OSAKA,SANFRECCE HIROSHIMA,55,55,2P,R. Germain,,SANFRECCE HIROSHIMA,Normal Goal,1504678
22/02/2026,J1 League,2026/2027,CEREZO OSAKA,SANFRECCE HIROSHIMA,90,90,2P,S. Sakuragawa,,CEREZO OSAKA,Normal Goal,1504678
22/02/2026,J1 League,2026/2027,CEREZO OSAKA,SANFRECCE HIROSHIMA,90,90,2P,S. Higashi,S. Nakamura,SANFRECCE HIROSHIMA,Normal Goal,1504678
27/02/2026,J1 League,2026/2027,SANFRECCE HIROSHIMA,KYOTO SANGA,39,39,1P,H. Araki,N. Arai,SANFRECCE HIROSHIMA,Normal Goal,1504680
27/02/2026,J1 League,2026/2027,SANFRECCE HIROSHIMA,KYOTO SANGA,81,81,2P,Rafael Elias,Marco Tulio,KYOTO SANGA,Normal Goal,1504680
27/02/2026,J1 League,2026/2027,SANFRECCE HIROSHIMA,KYOTO SANGA,90,90,2P,Henrique Trevisan,H. Arai,KYOTO SANGA,Normal Goal,1504680
27/02/2026,J1 League,2026/2027,VISSEL KOBE,AVISPA FUKUOKA,53,53,2P,Y. Muto,R. Komatsu,VISSEL KOBE,Normal Goal,1504681
27/02/2026,J1 League,2026/2027,VISSEL KOBE,AVISPA FUKUOKA,60,60,2P,R. Komatsu,D. Sasaki,VISSEL KOBE,Normal Goal,1504681
27/02/2026,J1 League,2026/2027,VISSEL KOBE,AVISPA FUKUOKA,90,90,2P,Y. Hashimoto,,AVISPA FUKUOKA,Normal Goal,1504681
27/02/2026,J1 League,2026/2027,MACHIDA ZELVIA,JEF UNITED CHIBA,5,5,1P,Y. Soma,,MACHIDA ZELVIA,Normal Goal,1504679
27/02/2026,J1 League,2026/2027,MACHIDA ZELVIA,JEF UNITED CHIBA,59,59,2P,Erik,,MACHIDA ZELVIA,Normal Goal,1504679
27/02/2026,J1 League,2026/2027,MACHIDA ZELVIA,JEF UNITED CHIBA,64,64,2P,D. Ishikawa,Z. Issaka,JEF UNITED CHIBA,Normal Goal,1504679
28/02/2026,J1 League,2026/2027,YOKOHAMA F. MARINOS,TOKYO VERDY,45,45,1P,K. Tanimura,T. Inoue,YOKOHAMA F. MARINOS,Normal Goal,1504682
28/02/2026,J1 League,2026/2027,YOKOHAMA F. MARINOS,TOKYO VERDY,47,47,2P,D. Tono,J. Croux,YOKOHAMA F. MARINOS,Normal Goal,1504682
28/02/2026,J1 League,2026/2027,YOKOHAMA F. MARINOS,TOKYO VERDY,49,49,2P,R. Yamane,G. Onaiwu,YOKOHAMA F. MARINOS,Normal Goal,1504682
28/02/2026,J1 League,2026/2027,YOKOHAMA F. MARINOS,TOKYO VERDY,69,69,2P,I. Someno,R. Shirai,TOKYO VERDY,Normal Goal,1504682
28/02/2026,J1 League,2026/2027,YOKOHAMA F. MARINOS,TOKYO VERDY,90,90,2P,T. Yoshida,,TOKYO VERDY,Normal Goal,1504682
28/02/2026,J1 League,2026/2027,URAWA,KASHIMA,14,14,1P,R. Hidano,T. Kaneko,URAWA,Normal Goal,1504683
28/02/2026,J1 League,2026/2027,URAWA,KASHIMA,19,19,1P,R. Watanabe,K. Nemoto,URAWA,Normal Goal,1504683
28/02/2026,J1 League,2026/2027,URAWA,KASHIMA,45,45,1P,Leo Ceara,,KASHIMA,Penalty,1504683
28/02/2026,J1 League,2026/2027,URAWA,KASHIMA,55,55,2P,Y. Suzuki,Y. Higuchi,KASHIMA,Normal Goal,1504683
28/02/2026,J1 League,2026/2027,URAWA,KASHIMA,90,90,2P,A. Cavric,G. Shibasaki,KASHIMA,Normal Goal,1504683
28/02/2026,J1 League,2026/2027,FC TOKYO,KASHIWA REYSOL,54,54,2P,Y. Kakita,Y. Komi,KASHIWA REYSOL,Normal Goal,1504684
28/02/2026,J1 League,2026/2027,FC TOKYO,KASHIWA REYSOL,82,82,2P,Y. Segawa,,KASHIWA REYSOL,Normal Goal,1504684
28/02/2026,J1 League,2026/2027,GAMBA OSAKA,SHIMIZU S-PULSE,27,27,1P,R. Meshino,,GAMBA OSAKA,Normal Goal,1504685
28/02/2026,J1 League,2026/2027,GAMBA OSAKA,SHIMIZU S-PULSE,41,41,1P,D. Hummet,S. Abe,GAMBA OSAKA,Normal Goal,1504685
28/02/2026,J1 League,2026/2027,GAMBA OSAKA,SHIMIZU S-PULSE,83,83,2P,K. Kitagawa,Capixaba,SHIMIZU S-PULSE,Normal Goal,1504685
28/02/2026,J1 League,2026/2027,GAMBA OSAKA,SHIMIZU S-PULSE,86,86,2P,Capixaba,Z. Uno,SHIMIZU S-PULSE,Normal Goal,1504685
28/02/2026,J1 League,2026/2027,V-VAREN NAGASAKI,CEREZO OSAKA,38,38,1P,Matheus Jesus,M. Hasegawa,V-VAREN NAGASAKI,Normal Goal,1504686
01/03/2026,J1 League,2026/2027,FAGIANO OKAYAMA,NAGOYA GRAMPUS,48,48,2P,Y. Yamagishi,K. Nakayama,NAGOYA GRAMPUS,Normal Goal,1504687
01/03/2026,J1 League,2026/2027,FAGIANO OKAYAMA,NAGOYA GRAMPUS,79,79,2P,K. Kawano,Kamiya Yuta,FAGIANO OKAYAMA,Normal Goal,1504687
01/03/2026,J1 League,2026/2027,KAWASAKI FRONTALE,MITO HOLLYHOCK,45,45,1P,C. Kato,,MITO HOLLYHOCK,Normal Goal,1504688
01/03/2026,J1 League,2026/2027,KAWASAKI FRONTALE,MITO HOLLYHOCK,84,84,2P,Erison,,KAWASAKI FRONTALE,Penalty,1504688
01/03/2026,J1 League,2026/2027,KAWASAKI FRONTALE,MITO HOLLYHOCK,90,90,2P,Y. Wakizaka,,KAWASAKI FRONTALE,Normal Goal,1504688
07/03/2026,J1 League,2026/2027,JEF UNITED CHIBA,KASHIWA REYSOL,48,48,2P,T. Tsukui,Eduardo,JEF UNITED CHIBA,Normal Goal,1504689
07/03/2026,J1 League,2026/2027,JEF UNITED CHIBA,KASHIWA REYSOL,61,61,2P,D. Ishikawa,,JEF UNITED CHIBA,Normal Goal,1504689
07/03/2026,J1 League,2026/2027,JEF UNITED CHIBA,KASHIWA REYSOL,88,88,2P,T. Kubo,,KASHIWA REYSOL,Normal Goal,1504689
07/03/2026,J1 League,2026/2027,FC TOKYO,YOKOHAMA F. MARINOS,1,1,1P,M. Nagakura,K. Sato,FC TOKYO,Normal Goal,1504690
07/03/2026,J1 League,2026/2027,FC TOKYO,YOKOHAMA F. MARINOS,16,16,1P,R. Sato,M. Nagakura,FC TOKYO,Normal Goal,1504690
07/03/2026,J1 League,2026/2027,FC TOKYO,YOKOHAMA F. MARINOS,46,46,2P,Marcelo Ryan,,FC TOKYO,Normal Goal,1504690
07/03/2026,J1 League,2026/2027,URAWA,MITO HOLLYHOCK,41,41,1P,R. Hidano,K. Shibato,URAWA,Normal Goal,1504693
07/03/2026,J1 League,2026/2027,URAWA,MITO HOLLYHOCK,90,90,2P,T. Teruuchi,J. Hayakawa,URAWA,Normal Goal,1504693
07/03/2026,J1 League,2026/2027,KASHIMA,TOKYO VERDY,26,26,1P,Y. Suzuki,G. Shibasaki,KASHIMA,Normal Goal,1504695
07/03/2026,J1 League,2026/2027,KASHIMA,TOKYO VERDY,45,45,1P,Y. Suzuki,,KASHIMA,Penalty,1504695
07/03/2026,J1 League,2026/2027,AVISPA FUKUOKA,NAGOYA GRAMPUS,12,12,1P,Y. Yamagishi,Marcus Vinicius,NAGOYA GRAMPUS,Normal Goal,1504694
07/03/2026,J1 League,2026/2027,AVISPA FUKUOKA,NAGOYA GRAMPUS,25,25,1P,S. Inagaki,Marcus Vinicius,NAGOYA GRAMPUS,Normal Goal,1504694
07/03/2026,J1 League,2026/2027,AVISPA FUKUOKA,NAGOYA GRAMPUS,39,39,1P,Y. Kimura,T. Hara,NAGOYA GRAMPUS,Normal Goal,1504694
07/03/2026,J1 League,2026/2027,AVISPA FUKUOKA,NAGOYA GRAMPUS,64,64,2P,Y. Yamagishi,K. Nakayama,NAGOYA GRAMPUS,Normal Goal,1504694
07/03/2026,J1 League,2026/2027,AVISPA FUKUOKA,NAGOYA GRAMPUS,89,89,2P,T. Oka,,AVISPA FUKUOKA,Normal Goal,1504694
07/03/2026,J1 League,2026/2027,AVISPA FUKUOKA,NAGOYA GRAMPUS,90,90,2P,S. Mori,H. Fujii,NAGOYA GRAMPUS,Normal Goal,1504694
08/03/2026,J1 League,2026/2027,FAGIANO OKAYAMA,KYOTO SANGA,84,84,2P,M. Matsumoto,K. Kawano,FAGIANO OKAYAMA,Normal Goal,1504696
08/03/2026,J1 League,2026/2027,GAMBA OSAKA,V-VAREN NAGASAKI,13,13,1P,D. Hummet,I. Jebali,GAMBA OSAKA,Normal Goal,1504697
08/03/2026,J1 League,2026/2027,GAMBA OSAKA,V-VAREN NAGASAKI,21,21,1P,Matheus Jesus,,V-VAREN NAGASAKI,Normal Goal,1504697
08/03/2026,J1 League,2026/2027,GAMBA OSAKA,V-VAREN NAGASAKI,27,27,1P,Matheus Jesus,N. Campbell,V-VAREN NAGASAKI,Normal Goal,1504697
08/03/2026,J1 League,2026/2027,GAMBA OSAKA,V-VAREN NAGASAKI,51,51,2P,S. Nakatani,T. Suzuki,GAMBA OSAKA,Normal Goal,1504697
08/03/2026,J1 League,2026/2027,GAMBA OSAKA,V-VAREN NAGASAKI,83,83,2P,H. Onaga,,GAMBA OSAKA,Own Goal,1504697
14/03/2026,J1 League,2026/2027,YOKOHAMA F. MARINOS,JEF UNITED CHIBA,52,52,2P,D. Tono,,YOKOHAMA F. MARINOS,Normal Goal,1504699
14/03/2026,J1 League,2026/2027,YOKOHAMA F. MARINOS,JEF UNITED CHIBA,74,74,2P,K. Tanimura,R. Yamane,YOKOHAMA F. MARINOS,Normal Goal,1504699
14/03/2026,J1 League,2026/2027,KASHIWA REYSOL,MACHIDA ZELVIA,29,29,1P,T. Yengi,,MACHIDA ZELVIA,Normal Goal,1504700
14/03/2026,J1 League,2026/2027,SHIMIZU S-PULSE,FAGIANO OKAYAMA,58,58,2P,Oh Se-Hun,Z. Uno,SHIMIZU S-PULSE,Normal Goal,1504704
14/03/2026,J1 League,2026/2027,SHIMIZU S-PULSE,FAGIANO OKAYAMA,80,80,2P,Werik Popo,T. Kimura,FAGIANO OKAYAMA,Normal Goal,1504704
14/03/2026,J1 League,2026/2027,NAGOYA GRAMPUS,VISSEL KOBE,12,12,1P,R. Komatsu,K. Nagato,VISSEL KOBE,Normal Goal,1504703
14/03/2026,J1 League,2026/2027,NAGOYA GRAMPUS,VISSEL KOBE,58,58,2P,Y. Ideguchi,D. Sasaki,VISSEL KOBE,Normal Goal,1504703
14/03/2026,J1 League,2026/2027,NAGOYA GRAMPUS,VISSEL KOBE,88,88,2P,K. Nagato,,VISSEL KOBE,Normal Goal,1504703
14/03/2026,J1 League,2026/2027,KYOTO SANGA,CEREZO OSAKA,48,48,2P,Marco Tulio,,KYOTO SANGA,Normal Goal,1504701
14/03/2026,J1 League,2026/2027,KYOTO SANGA,CEREZO OSAKA,71,71,2P,R. Sakata,,CEREZO OSAKA,Normal Goal,1504701
14/03/2026,J1 League,2026/2027,KYOTO SANGA,CEREZO OSAKA,90,90,2P,S. Tanaka,M. Nakajima,CEREZO OSAKA,Normal Goal,1504701
14/03/2026,J1 League,2026/2027,MITO HOLLYHOCK,FC TOKYO,59,59,2P,S. Muroya,K. Hashimoto,FC TOKYO,Normal Goal,1504702
14/03/2026,J1 League,2026/2027,MITO HOLLYHOCK,FC TOKYO,61,61,2P,A. Watanabe,K. Tada,MITO HOLLYHOCK,Normal Goal,1504702
14/03/2026,J1 League,2026/2027,SANFRECCE HIROSHIMA,GAMBA OSAKA,41,41,1P,N. Arai,H. Kawabe,SANFRECCE HIROSHIMA,Normal Goal,1504706
14/03/2026,J1 League,2026/2027,SANFRECCE HIROSHIMA,GAMBA OSAKA,67,67,2P,S. Nakamura,R. Germain,SANFRECCE HIROSHIMA,Normal Goal,1504706
14/03/2026,J1 League,2026/2027,KASHIMA,KAWASAKI FRONTALE,79,79,2P,Leo Ceara,Y. Suzuki,KASHIMA,Normal Goal,1504705
14/03/2026,J1 League,2026/2027,TOKYO VERDY,URAWA,14,14,1P,I. Someno,K. Morita,TOKYO VERDY,Normal Goal,1504707
15/03/2026,J1 League,2026/2027,V-VAREN NAGASAKI,AVISPA FUKUOKA,76,76,2P,Thiago,,V-VAREN NAGASAKI,Penalty,1504708
18/03/2026,J1 League,2026/2027,CEREZO OSAKA,FAGIANO OKAYAMA,19,19,1P,S. Sakuragawa,Y. Yokoyama,CEREZO OSAKA,Normal Goal,1504709
18/03/2026,J1 League,2026/2027,CEREZO OSAKA,FAGIANO OKAYAMA,45,45,1P,Werik Popo,T. Yamane,FAGIANO OKAYAMA,Normal Goal,1504709
18/03/2026,J1 League,2026/2027,CEREZO OSAKA,FAGIANO OKAYAMA,69,69,2P,T. Yamane,K. Kudo,FAGIANO OKAYAMA,Normal Goal,1504709
18/03/2026,J1 League,2026/2027,V-VAREN NAGASAKI,KYOTO SANGA,5,5,1P,Thiago,,V-VAREN NAGASAKI,Normal Goal,1504716
18/03/2026,J1 League,2026/2027,V-VAREN NAGASAKI,KYOTO SANGA,42,42,1P,M. Okugawa,,KYOTO SANGA,Normal Goal,1504716
18/03/2026,J1 League,2026/2027,V-VAREN NAGASAKI,KYOTO SANGA,75,75,2P,Henrique Trevisan,S. Yoon,KYOTO SANGA,Normal Goal,1504716
18/03/2026,J1 League,2026/2027,NAGOYA GRAMPUS,SANFRECCE HIROSHIMA,4,4,1P,Y. Yamagishi,,NAGOYA GRAMPUS,Normal Goal,1504713
18/03/2026,J1 League,2026/2027,NAGOYA GRAMPUS,SANFRECCE HIROSHIMA,50,50,2P,A. Suzuki,H. Kawabe,SANFRECCE HIROSHIMA,Normal Goal,1504713
18/03/2026,J1 League,2026/2027,NAGOYA GRAMPUS,SANFRECCE HIROSHIMA,69,69,2P,Y. Kimura,T. Takamine,NAGOYA GRAMPUS,Normal Goal,1504713
18/03/2026,J1 League,2026/2027,VISSEL KOBE,GAMBA OSAKA,6,6,1P,R. Komatsu,M. Thuler,VISSEL KOBE,Normal Goal,1504715
18/03/2026,J1 League,2026/2027,VISSEL KOBE,GAMBA OSAKA,23,23,1P,D. Hummet,,GAMBA OSAKA,Normal Goal,1504715
18/03/2026,J1 League,2026/2027,VISSEL KOBE,GAMBA OSAKA,83,83,2P,R. Yamashita,D. Hummet,GAMBA OSAKA,Normal Goal,1504715
18/03/2026,J1 League,2026/2027,VISSEL KOBE,GAMBA OSAKA,90,90,2P,Jean Patric,K. Hamasaki,VISSEL KOBE,Normal Goal,1504715
18/03/2026,J1 League,2026/2027,JEF UNITED CHIBA,FC TOKYO,31,31,1P,A. Scholz,,FC TOKYO,Penalty,1504711
18/03/2026,J1 League,2026/2027,JEF UNITED CHIBA,FC TOKYO,78,78,2P,T. Yasui,,JEF UNITED CHIBA,Normal Goal,1504711
18/03/2026,J1 League,2026/2027,JEF UNITED CHIBA,FC TOKYO,80,80,2P,R. Sato,L. Nozawa,FC TOKYO,Normal Goal,1504711
18/03/2026,J1 League,2026/2027,MITO HOLLYHOCK,YOKOHAMA F. MARINOS,62,62,2P,K. Tada,,MITO HOLLYHOCK,Normal Goal,1504712
18/03/2026,J1 League,2026/2027,TOKYO VERDY,KAWASAKI FRONTALE,9,9,1P,Y. Wakizaka,Marcinho,KAWASAKI FRONTALE,Normal Goal,1504714
18/03/2026,J1 League,2026/2027,TOKYO VERDY,KAWASAKI FRONTALE,23,23,1P,Erison,,KAWASAKI FRONTALE,Normal Goal,1504714
18/03/2026,J1 League,2026/2027,AVISPA FUKUOKA,SHIMIZU S-PULSE,59,59,2P,K. Kitazume,K. Kitagawa,SHIMIZU S-PULSE,Normal Goal,1504710
18/03/2026,J1 League,2026/2027,AVISPA FUKUOKA,SHIMIZU S-PULSE,85,85,2P,S. Zahedi,S. Nago,AVISPA FUKUOKA,Normal Goal,1504710
18/03/2026,J1 League,2026/2027,URAWA,KASHIWA REYSOL,49,49,2P,K. Yasui,,URAWA,Normal Goal,1504718
18/03/2026,J1 League,2026/2027,URAWA,KASHIWA REYSOL,66,66,2P,Y. Segawa,H. Mitsumaru,KASHIWA REYSOL,Normal Goal,1504718
18/03/2026,J1 League,2026/2027,MACHIDA ZELVIA,KASHIMA,5,5,1P,Y. Suzuki,,KASHIMA,Normal Goal,1504717
18/03/2026,J1 League,2026/2027,MACHIDA ZELVIA,KASHIMA,44,44,1P,K. Misao,K. Tagawa,KASHIMA,Normal Goal,1504717
18/03/2026,J1 League,2026/2027,MACHIDA ZELVIA,KASHIMA,90,90,2P,A. Cavric,Leo Ceara,KASHIMA,Normal Goal,1504717
21/03/2026,J1 League,2026/2027,FAGIANO OKAYAMA,V-VAREN NAGASAKI,90,90,2P,R. Yamasaki,Y. Iwasaki,V-VAREN NAGASAKI,Normal Goal,1504719
21/03/2026,J1 League,2026/2027,AVISPA FUKUOKA,GAMBA OSAKA,11,11,1P,D. Hummet,I. Jebali,GAMBA OSAKA,Normal Goal,1504720
21/03/2026,J1 League,2026/2027,AVISPA FUKUOKA,GAMBA OSAKA,22,22,1P,G. Miura,,AVISPA FUKUOKA,Own Goal,1504720
21/03/2026,J1 League,2026/2027,AVISPA FUKUOKA,GAMBA OSAKA,42,42,1P,Welton,,GAMBA OSAKA,Normal Goal,1504720
21/03/2026,J1 League,2026/2027,AVISPA FUKUOKA,GAMBA OSAKA,90,90,2P,Y. Tsujioka,N. Ben Khalifa,AVISPA FUKUOKA,Normal Goal,1504720
22/03/2026,J1 League,2026/2027,SHIMIZU S-PULSE,SANFRECCE HIROSHIMA,19,19,1P,Y. Yoshida,,SHIMIZU S-PULSE,Normal Goal,1504721
22/03/2026,J1 League,2026/2027,SHIMIZU S-PULSE,SANFRECCE HIROSHIMA,21,21,1P,Oh Se-Hun,,SHIMIZU S-PULSE,Normal Goal,1504721
22/03/2026,J1 League,2026/2027,SHIMIZU S-PULSE,SANFRECCE HIROSHIMA,66,66,2P,K. Kitagawa,Oh Se-Hun,SHIMIZU S-PULSE,Normal Goal,1504721
22/03/2026,J1 League,2026/2027,SHIMIZU S-PULSE,SANFRECCE HIROSHIMA,84,84,2P,R. Germain,T. Matsumoto,SANFRECCE HIROSHIMA,Normal Goal,1504721
22/03/2026,J1 League,2026/2027,KYOTO SANGA,NAGOYA GRAMPUS,19,19,1P,H. Koda,Y. Nogami,NAGOYA GRAMPUS,Normal Goal,1504722
22/03/2026,J1 League,2026/2027,KYOTO SANGA,NAGOYA GRAMPUS,77,77,2P,Marco Tulio,T. Hirato,KYOTO SANGA,Normal Goal,1504722
22/03/2026,J1 League,2026/2027,KASHIMA,JEF UNITED CHIBA,4,4,1P,Elber,R. Araki,KASHIMA,Normal Goal,1504725
22/03/2026,J1 League,2026/2027,KASHIMA,JEF UNITED CHIBA,70,70,2P,Z. Issaka,,JEF UNITED CHIBA,Normal Goal,1504725
22/03/2026,J1 League,2026/2027,KASHIMA,JEF UNITED CHIBA,84,84,2P,N. Ueda,K. Chinen,KASHIMA,Normal Goal,1504725
22/03/2026,J1 League,2026/2027,CEREZO OSAKA,VISSEL KOBE,12,12,1P,R. Inoue,M. Shibayama,CEREZO OSAKA,Normal Goal,1504724
22/03/2026,J1 League,2026/2027,CEREZO OSAKA,VISSEL KOBE,67,67,2P,M. Hidaka,R. Komatsu,VISSEL KOBE,Normal Goal,1504724
22/03/2026,J1 League,2026/2027,KAWASAKI FRONTALE,YOKOHAMA F. MARINOS,30,30,1P,K. Tanimura,J. Croux,YOKOHAMA F. MARINOS,Normal Goal,1504726
22/03/2026,J1 League,2026/2027,KAWASAKI FRONTALE,YOKOHAMA F. MARINOS,53,53,2P,J. Amano,,YOKOHAMA F. MARINOS,Normal Goal,1504726
22/03/2026,J1 League,2026/2027,KAWASAKI FRONTALE,YOKOHAMA F. MARINOS,62,62,2P,J. Amano,K. Tanimura,YOKOHAMA F. MARINOS,Normal Goal,1504726
22/03/2026,J1 League,2026/2027,KAWASAKI FRONTALE,YOKOHAMA F. MARINOS,72,72,2P,Yuri Araujo,,YOKOHAMA F. MARINOS,Normal Goal,1504726
22/03/2026,J1 League,2026/2027,KAWASAKI FRONTALE,YOKOHAMA F. MARINOS,78,78,2P,J. Quinones,J. Amano,YOKOHAMA F. MARINOS,Normal Goal,1504726
22/03/2026,J1 League,2026/2027,KASHIWA REYSOL,MITO HOLLYHOCK,15,15,1P,N. Nakagawa,H. Mitsumaru,KASHIWA REYSOL,Normal Goal,1504727
22/03/2026,J1 League,2026/2027,KASHIWA REYSOL,MITO HOLLYHOCK,31,31,1P,K. Osaki,,KASHIWA REYSOL,Own Goal,1504727
22/03/2026,J1 League,2026/2027,KASHIWA REYSOL,MITO HOLLYHOCK,83,83,2P,Y. Segawa,Y. Koizumi,KASHIWA REYSOL,Normal Goal,1504727
22/03/2026,J1 League,2026/2027,URAWA,MACHIDA ZELVIA,26,26,1P,H. Mochizuki,Y. Nakayama,MACHIDA ZELVIA,Normal Goal,1504728
22/03/2026,J1 League,2026/2027,URAWA,MACHIDA ZELVIA,55,55,2P,Matheus Savio,I. Kiese,URAWA,Normal Goal,1504728
22/03/2026,J1 League,2026/2027,URAWA,MACHIDA ZELVIA,81,81,2P,Y. Soma,,MACHIDA ZELVIA,Penalty,1504728
27/03/2026,J1 League,2026/2027,VISSEL KOBE,SANFRECCE HIROSHIMA,49,49,2P,K. Kinoshita,,SANFRECCE HIROSHIMA,Normal Goal,1504698
27/03/2026,J1 League,2026/2027,VISSEL KOBE,SANFRECCE HIROSHIMA,84,84,2P,T. Ogihara,,VISSEL KOBE,Penalty,1504698
27/03/2026,J1 League,2026/2027,VISSEL KOBE,SANFRECCE HIROSHIMA,90,90,2P,Y. Osako,,VISSEL KOBE,Normal Goal,1504698
28/03/2026,J1 League,2026/2027,MACHIDA ZELVIA,KAWASAKI FRONTALE,41,41,1P,Erik,Y. Soma,MACHIDA ZELVIA,Normal Goal,1504691
28/03/2026,J1 League,2026/2027,MACHIDA ZELVIA,KAWASAKI FRONTALE,59,59,2P,Erison,,KAWASAKI FRONTALE,Normal Goal,1504691
01/04/2026,J1 League,2026/2027,VISSEL KOBE,SHIMIZU S-PULSE,28,28,1P,K. Nagato,Y. Ideguchi,VISSEL KOBE,Normal Goal,1504756
01/04/2026,J1 League,2026/2027,VISSEL KOBE,SHIMIZU S-PULSE,61,61,2P,T. Ogihara,,VISSEL KOBE,Penalty,1504756
01/04/2026,J1 League,2026/2027,MACHIDA ZELVIA,FC TOKYO,32,32,1P,K. Endo,K. Sato,FC TOKYO,Normal Goal,1504751
01/04/2026,J1 League,2026/2027,MACHIDA ZELVIA,FC TOKYO,64,64,2P,K. Sato,,FC TOKYO,Normal Goal,1504751
01/04/2026,J1 League,2026/2027,MACHIDA ZELVIA,FC TOKYO,77,77,2P,K. Sato,,FC TOKYO,Penalty,1504751
04/04/2026,J1 League,2026/2027,JEF UNITED CHIBA,TOKYO VERDY,19,19,1P,H. Goya,,JEF UNITED CHIBA,Normal Goal,1504729
04/04/2026,J1 League,2026/2027,JEF UNITED CHIBA,TOKYO VERDY,40,40,1P,H. Goya,,JEF UNITED CHIBA,Normal Goal,1504729
04/04/2026,J1 League,2026/2027,JEF UNITED CHIBA,TOKYO VERDY,46,46,2P,Y. Fukuda,,TOKYO VERDY,Normal Goal,1504729
04/04/2026,J1 League,2026/2027,JEF UNITED CHIBA,TOKYO VERDY,62,62,2P,T. Yoshida,,TOKYO VERDY,Normal Goal,1504729
04/04/2026,J1 League,2026/2027,JEF UNITED CHIBA,TOKYO VERDY,85,85,2P,M. Hidaka,I. Takahashi,JEF UNITED CHIBA,Normal Goal,1504729
04/04/2026,J1 League,2026/2027,MITO HOLLYHOCK,KASHIMA,34,34,1P,A. Watanabe,,MITO HOLLYHOCK,Normal Goal,1504730
04/04/2026,J1 League,2026/2027,MITO HOLLYHOCK,KASHIMA,90,90,2P,Leo Ceara,,KASHIMA,Penalty,1504730
04/04/2026,J1 League,2026/2027,NAGOYA GRAMPUS,CEREZO OSAKA,46,46,2P,Y. Yamagishi,,NAGOYA GRAMPUS,Normal Goal,1504731
04/04/2026,J1 League,2026/2027,NAGOYA GRAMPUS,CEREZO OSAKA,53,53,2P,Y. Yamagishi,K. Nakayama,NAGOYA GRAMPUS,Normal Goal,1504731
04/04/2026,J1 League,2026/2027,NAGOYA GRAMPUS,CEREZO OSAKA,61,61,2P,R. Izumi,Y. Kimura,NAGOYA GRAMPUS,Normal Goal,1504731
04/04/2026,J1 League,2026/2027,GAMBA OSAKA,KYOTO SANGA,13,13,1P,D. Hummet,,GAMBA OSAKA,Normal Goal,1504732
04/04/2026,J1 League,2026/2027,GAMBA OSAKA,KYOTO SANGA,75,75,2P,R. Meshino,R. Handa,GAMBA OSAKA,Normal Goal,1504732
05/04/2026,J1 League,2026/2027,V-VAREN NAGASAKI,SHIMIZU S-PULSE,1,1,1P,Oh Se-Hun,,SHIMIZU S-PULSE,Normal Goal,1504733
05/04/2026,J1 League,2026/2027,V-VAREN NAGASAKI,SHIMIZU S-PULSE,4,4,1P,Y. Shimamoto,K. Inoue,SHIMIZU S-PULSE,Normal Goal,1504733
05/04/2026,J1 League,2026/2027,V-VAREN NAGASAKI,SHIMIZU S-PULSE,45,45,1P,Oh Se-Hun,,SHIMIZU S-PULSE,Penalty,1504733
05/04/2026,J1 League,2026/2027,KASHIWA REYSOL,YOKOHAMA F. MARINOS,18,18,1P,Y. Komi,,KASHIWA REYSOL,Penalty,1504734
05/04/2026,J1 League,2026/2027,KASHIWA REYSOL,YOKOHAMA F. MARINOS,80,80,2P,T. Inoue,,KASHIWA REYSOL,Own Goal,1504734
05/04/2026,J1 League,2026/2027,KASHIWA REYSOL,YOKOHAMA F. MARINOS,82,82,2P,H. Nakama,Y. Segawa,KASHIWA REYSOL,Normal Goal,1504734
05/04/2026,J1 League,2026/2027,SANFRECCE HIROSHIMA,AVISPA FUKUOKA,16,16,1P,Y. Hashimoto,Y. Tsujioka,AVISPA FUKUOKA,Normal Goal,1504736
05/04/2026,J1 League,2026/2027,FAGIANO OKAYAMA,VISSEL KOBE,8,8,1P,D. Tagami,,VISSEL KOBE,Own Goal,1504735
05/04/2026,J1 League,2026/2027,FAGIANO OKAYAMA,VISSEL KOBE,45,45,1P,K. Nagato,,VISSEL KOBE,Normal Goal,1504735
05/04/2026,J1 League,2026/2027,FAGIANO OKAYAMA,VISSEL KOBE,62,62,2P,T. Kimura,K. Shirai,FAGIANO OKAYAMA,Normal Goal,1504735
05/04/2026,J1 League,2026/2027,FAGIANO OKAYAMA,VISSEL KOBE,65,65,2P,T. Ogihara,,VISSEL KOBE,Penalty,1504735
05/04/2026,J1 League,2026/2027,FAGIANO OKAYAMA,VISSEL KOBE,88,88,2P,Y. Goke,Y. Ideguchi,VISSEL KOBE,Normal Goal,1504735
05/04/2026,J1 League,2026/2027,KAWASAKI FRONTALE,URAWA,2,2,1P,K. Nemoto,Matheus Savio,URAWA,Normal Goal,1504738
05/04/2026,J1 League,2026/2027,KAWASAKI FRONTALE,URAWA,9,9,1P,Danilo Boza,,KAWASAKI FRONTALE,Own Goal,1504738
05/04/2026,J1 League,2026/2027,KAWASAKI FRONTALE,URAWA,56,56,2P,T. Kaneko,A. Onaiwu,URAWA,Normal Goal,1504738
05/04/2026,J1 League,2026/2027,KAWASAKI FRONTALE,URAWA,77,77,2P,L. Romanic,Y. Yamamoto,KAWASAKI FRONTALE,Normal Goal,1504738
05/04/2026,J1 League,2026/2027,KAWASAKI FRONTALE,URAWA,90,90,2P,S. Kawahara,,KAWASAKI FRONTALE,Normal Goal,1504738
11/04/2026,J1 League,2026/2027,JEF UNITED CHIBA,MITO HOLLYHOCK,45,45,1P,Matheus Leiria,,MITO HOLLYHOCK,Normal Goal,1504739
11/04/2026,J1 League,2026/2027,JEF UNITED CHIBA,MITO HOLLYHOCK,75,75,2P,T. Yasui,H. Goya,JEF UNITED CHIBA,Normal Goal,1504739
11/04/2026,J1 League,2026/2027,SANFRECCE HIROSHIMA,SHIMIZU S-PULSE,71,71,2P,Oh Se-Hun,K. Kitazume,SHIMIZU S-PULSE,Normal Goal,1504742
11/04/2026,J1 League,2026/2027,SANFRECCE HIROSHIMA,SHIMIZU S-PULSE,74,74,2P,K. Kinoshita,,SANFRECCE HIROSHIMA,Normal Goal,1504742
11/04/2026,J1 League,2026/2027,MACHIDA ZELVIA,KASHIWA REYSOL,75,75,2P,Na Sang-Ho,,MACHIDA ZELVIA,Normal Goal,1504741
11/04/2026,J1 League,2026/2027,AVISPA FUKUOKA,V-VAREN NAGASAKI,62,62,2P,T. Miki,Y. Hashimoto,AVISPA FUKUOKA,Normal Goal,1504740
11/04/2026,J1 League,2026/2027,VISSEL KOBE,NAGOYA GRAMPUS,27,27,1P,G. Sakai,D. Sasaki,VISSEL KOBE,Normal Goal,1504743
11/04/2026,J1 League,2026/2027,VISSEL KOBE,NAGOYA GRAMPUS,29,29,1P,Y. Kimura,K. Nakayama,NAGOYA GRAMPUS,Normal Goal,1504743
11/04/2026,J1 League,2026/2027,VISSEL KOBE,NAGOYA GRAMPUS,52,52,2P,T. Morishima,,NAGOYA GRAMPUS,Normal Goal,1504743
11/04/2026,J1 League,2026/2027,VISSEL KOBE,NAGOYA GRAMPUS,68,68,2P,D. Sasaki,,VISSEL KOBE,Penalty,1504743
11/04/2026,J1 League,2026/2027,VISSEL KOBE,NAGOYA GRAMPUS,81,81,2P,Y. Muto,Jean Patric,VISSEL KOBE,Normal Goal,1504743
11/04/2026,J1 League,2026/2027,YOKOHAMA F. MARINOS,FC TOKYO,45,45,1P,K. Sato,Marcelo Ryan,FC TOKYO,Normal Goal,1504744
11/04/2026,J1 League,2026/2027,YOKOHAMA F. MARINOS,FC TOKYO,64,64,2P,Marcelo Ryan,S. Muroya,FC TOKYO,Normal Goal,1504744
11/04/2026,J1 League,2026/2027,YOKOHAMA F. MARINOS,FC TOKYO,74,74,2P,R. Kato,R. Yamane,YOKOHAMA F. MARINOS,Normal Goal,1504744
11/04/2026,J1 League,2026/2027,YOKOHAMA F. MARINOS,FC TOKYO,78,78,2P,H. Asada,,FC TOKYO,Own Goal,1504744
11/04/2026,J1 League,2026/2027,GAMBA OSAKA,CEREZO OSAKA,40,40,1P,Thiago Andrade,S. Tanaka,CEREZO OSAKA,Normal Goal,1504745
11/04/2026,J1 League,2026/2027,KYOTO SANGA,FAGIANO OKAYAMA,12,12,1P,Souza Alex,F. Honda,KYOTO SANGA,Normal Goal,1504746
11/04/2026,J1 League,2026/2027,KYOTO SANGA,FAGIANO OKAYAMA,31,31,1P,T. Kimura,A. Esaka,FAGIANO OKAYAMA,Normal Goal,1504746
11/04/2026,J1 League,2026/2027,KYOTO SANGA,FAGIANO OKAYAMA,45,45,1P,K. Sato,Joao Pedro,KYOTO SANGA,Normal Goal,1504746
11/04/2026,J1 League,2026/2027,KYOTO SANGA,FAGIANO OKAYAMA,45,45,1P,Joao Pedro,,KYOTO SANGA,Normal Goal,1504746
11/04/2026,J1 League,2026/2027,KYOTO SANGA,FAGIANO OKAYAMA,56,56,2P,Y. Suzuki,F. Honda,KYOTO SANGA,Normal Goal,1504746
11/04/2026,J1 League,2026/2027,KYOTO SANGA,FAGIANO OKAYAMA,90,90,2P,Joao Pedro,Henrique Trevisan,KYOTO SANGA,Normal Goal,1504746
12/04/2026,J1 League,2026/2027,URAWA,TOKYO VERDY,46,46,2P,R. Hidano,Matheus Savio,URAWA,Normal Goal,1504747
12/04/2026,J1 League,2026/2027,URAWA,TOKYO VERDY,74,74,2P,I. Someno,,TOKYO VERDY,Penalty,1504747
12/04/2026,J1 League,2026/2027,KAWASAKI FRONTALE,KASHIMA,53,53,2P,Y. Suzuki,,KASHIMA,Penalty,1504748
12/04/2026,J1 League,2026/2027,KAWASAKI FRONTALE,KASHIMA,64,64,2P,Leo Ceara,Y. Suzuki,KASHIMA,Normal Goal,1504748
18/04/2026,J1 League,2026/2027,YOKOHAMA F. MARINOS,KAWASAKI FRONTALE,15,15,1P,L. Romanic,T. Ito,KAWASAKI FRONTALE,Normal Goal,1504749
18/04/2026,J1 League,2026/2027,YOKOHAMA F. MARINOS,KAWASAKI FRONTALE,45,45,1P,J. Amano,K. Watanabe,YOKOHAMA F. MARINOS,Normal Goal,1504749
18/04/2026,J1 League,2026/2027,YOKOHAMA F. MARINOS,KAWASAKI FRONTALE,90,90,2P,Erison,K. Tachibanada,KAWASAKI FRONTALE,Normal Goal,1504749
18/04/2026,J1 League,2026/2027,SANFRECCE HIROSHIMA,V-VAREN NAGASAKI,10,10,1P,A. Suzuki,S. Higashi,SANFRECCE HIROSHIMA,Normal Goal,1504752
18/04/2026,J1 League,2026/2027,SANFRECCE HIROSHIMA,V-VAREN NAGASAKI,52,52,2P,M. Kato,A. Suzuki,SANFRECCE HIROSHIMA,Normal Goal,1504752
18/04/2026,J1 League,2026/2027,KASHIMA,URAWA,81,81,2P,K. Nono,,KASHIMA,Normal Goal,1504750
18/04/2026,J1 League,2026/2027,TOKYO VERDY,JEF UNITED CHIBA,51,51,2P,S. Teranuma,,TOKYO VERDY,Normal Goal,1504753
18/04/2026,J1 League,2026/2027,CEREZO OSAKA,KYOTO SANGA,18,18,1P,Thiago Andrade,M. Shibayama,CEREZO OSAKA,Normal Goal,1504754
18/04/2026,J1 League,2026/2027,CEREZO OSAKA,KYOTO SANGA,66,66,2P,S. Homma,N. Ishiwatari,CEREZO OSAKA,Normal Goal,1504754
18/04/2026,J1 League,2026/2027,CEREZO OSAKA,KYOTO SANGA,90,90,2P,S. Sakuragawa,,CEREZO OSAKA,Normal Goal,1504754
19/04/2026,J1 League,2026/2027,MITO HOLLYHOCK,KASHIWA REYSOL,60,60,2P,K. Tada,T. Mase,MITO HOLLYHOCK,Normal Goal,1504755
19/04/2026,J1 League,2026/2027,MITO HOLLYHOCK,KASHIWA REYSOL,65,65,2P,A. Watanabe,K. Tada,MITO HOLLYHOCK,Normal Goal,1504755
19/04/2026,J1 League,2026/2027,GAMBA OSAKA,FAGIANO OKAYAMA,5,5,1P,D. Hummet,,FAGIANO OKAYAMA,Own Goal,1504757
19/04/2026,J1 League,2026/2027,GAMBA OSAKA,FAGIANO OKAYAMA,26,26,1P,T. Kishimoto,G. Miura,GAMBA OSAKA,Normal Goal,1504757
19/04/2026,J1 League,2026/2027,GAMBA OSAKA,FAGIANO OKAYAMA,65,65,2P,I. Jebali,T. Usami,GAMBA OSAKA,Normal Goal,1504757
19/04/2026,J1 League,2026/2027,GAMBA OSAKA,FAGIANO OKAYAMA,72,72,2P,A. Esaka,Werik Popo,FAGIANO OKAYAMA,Normal Goal,1504757
19/04/2026,J1 League,2026/2027,NAGOYA GRAMPUS,AVISPA FUKUOKA,24,24,1P,S. Usui,Y. Kitajima,AVISPA FUKUOKA,Normal Goal,1504758
19/04/2026,J1 League,2026/2027,NAGOYA GRAMPUS,AVISPA FUKUOKA,35,35,1P,M. Shigemi,T. Miki,AVISPA FUKUOKA,Normal Goal,1504758
19/04/2026,J1 League,2026/2027,NAGOYA GRAMPUS,AVISPA FUKUOKA,83,83,2P,Y. Asano,Y. Kimura,NAGOYA GRAMPUS,Normal Goal,1504758
19/04/2026,J1 League,2026/2027,NAGOYA GRAMPUS,AVISPA FUKUOKA,90,90,2P,Y. Kimura,M. Ono,NAGOYA GRAMPUS,Normal Goal,1504758
22/04/2026,J1 League,2026/2027,GAMBA OSAKA,AVISPA FUKUOKA,9,9,1P,H. Minamino,R. Yamashita,GAMBA OSAKA,Normal Goal,1504817
22/04/2026,J1 League,2026/2027,GAMBA OSAKA,AVISPA FUKUOKA,43,43,1P,Y. Michiwaki,,AVISPA FUKUOKA,Normal Goal,1504817
22/04/2026,J1 League,2026/2027,GAMBA OSAKA,AVISPA FUKUOKA,45,45,1P,K. Fujimoto,Y. Hashimoto,AVISPA FUKUOKA,Normal Goal,1504817
24/04/2026,J1 League,2026/2027,KASHIWA REYSOL,KASHIMA,45,45,1P,Y. Suzuki,K. Nono,KASHIMA,Normal Goal,1504760
24/04/2026,J1 League,2026/2027,FC TOKYO,MITO HOLLYHOCK,17,17,1P,Danilo Cardoso,M. Arai,MITO HOLLYHOCK,Normal Goal,1504759
24/04/2026,J1 League,2026/2027,FC TOKYO,MITO HOLLYHOCK,35,35,1P,Marcelo Ryan,A. Scholz,FC TOKYO,Normal Goal,1504759
24/04/2026,J1 League,2026/2027,FC TOKYO,MITO HOLLYHOCK,43,43,1P,K. Sato,,FC TOKYO,Normal Goal,1504759
24/04/2026,J1 League,2026/2027,FC TOKYO,MITO HOLLYHOCK,45,45,1P,Marcelo Ryan,,FC TOKYO,Penalty,1504759
24/04/2026,J1 League,2026/2027,FC TOKYO,MITO HOLLYHOCK,68,68,2P,S. Muroya,,FC TOKYO,Normal Goal,1504759
24/04/2026,J1 League,2026/2027,FC TOKYO,MITO HOLLYHOCK,70,70,2P,K. Ando,,MITO HOLLYHOCK,Normal Goal,1504759
24/04/2026,J1 League,2026/2027,FC TOKYO,MITO HOLLYHOCK,74,74,2P,R. Sato,Marcelo Ryan,FC TOKYO,Normal Goal,1504759
25/04/2026,J1 League,2026/2027,SHIMIZU S-PULSE,NAGOYA GRAMPUS,45,45,1P,Y. Kimura,T. Hara,NAGOYA GRAMPUS,Normal Goal,1504763
25/04/2026,J1 League,2026/2027,SHIMIZU S-PULSE,NAGOYA GRAMPUS,88,88,2P,S. Sugiura,,NAGOYA GRAMPUS,Normal Goal,1504763
25/04/2026,J1 League,2026/2027,URAWA,YOKOHAMA F. MARINOS,21,21,1P,R. Yamane,K. Tanimura,YOKOHAMA F. MARINOS,Normal Goal,1504764
25/04/2026,J1 League,2026/2027,URAWA,YOKOHAMA F. MARINOS,28,28,1P,T. Kaneko,H. Ishihara,URAWA,Normal Goal,1504764
25/04/2026,J1 League,2026/2027,URAWA,YOKOHAMA F. MARINOS,62,62,2P,K. Watanabe,J. Croux,YOKOHAMA F. MARINOS,Normal Goal,1504764
25/04/2026,J1 League,2026/2027,URAWA,YOKOHAMA F. MARINOS,79,79,2P,J. Amano,,YOKOHAMA F. MARINOS,Normal Goal,1504764
25/04/2026,J1 League,2026/2027,URAWA,YOKOHAMA F. MARINOS,90,90,2P,J. Quinones,,URAWA,Own Goal,1504764
25/04/2026,J1 League,2026/2027,FAGIANO OKAYAMA,AVISPA FUKUOKA,27,27,1P,K. Shirai,,FAGIANO OKAYAMA,Normal Goal,1504762
25/04/2026,J1 League,2026/2027,FAGIANO OKAYAMA,AVISPA FUKUOKA,61,61,2P,T. Yamane,K. Shirai,FAGIANO OKAYAMA,Normal Goal,1504762
25/04/2026,J1 League,2026/2027,KAWASAKI FRONTALE,JEF UNITED CHIBA,5,5,1P,Y. Yamamoto,Y. Wakizaka,KAWASAKI FRONTALE,Normal Goal,1504765
25/04/2026,J1 League,2026/2027,KAWASAKI FRONTALE,JEF UNITED CHIBA,85,85,2P,R. Ishio,N. Sugiyama,JEF UNITED CHIBA,Normal Goal,1504765
25/04/2026,J1 League,2026/2027,KAWASAKI FRONTALE,JEF UNITED CHIBA,89,89,2P,Marcinho,Y. Wakizaka,KAWASAKI FRONTALE,Normal Goal,1504765
25/04/2026,J1 League,2026/2027,SANFRECCE HIROSHIMA,CEREZO OSAKA,12,12,1P,Thiago Andrade,,CEREZO OSAKA,Normal Goal,1504766
25/04/2026,J1 League,2026/2027,SANFRECCE HIROSHIMA,CEREZO OSAKA,86,86,2P,D. Cools,,SANFRECCE HIROSHIMA,Own Goal,1504766
25/04/2026,J1 League,2026/2027,SANFRECCE HIROSHIMA,CEREZO OSAKA,90,90,2P,K. Kinoshita,,SANFRECCE HIROSHIMA,Penalty,1504766
25/04/2026,J1 League,2026/2027,V-VAREN NAGASAKI,GAMBA OSAKA,78,78,2P,Matheus Jesus,,V-VAREN NAGASAKI,Penalty,1504767
25/04/2026,J1 League,2026/2027,V-VAREN NAGASAKI,GAMBA OSAKA,80,80,2P,D. Hummet,R. Yamashita,GAMBA OSAKA,Normal Goal,1504767
29/04/2026,J1 League,2026/2027,SHIMIZU S-PULSE,V-VAREN NAGASAKI,21,21,1P,Y. Shimamoto,,SHIMIZU S-PULSE,Normal Goal,1504769
29/04/2026,J1 League,2026/2027,SHIMIZU S-PULSE,V-VAREN NAGASAKI,33,33,1P,Thiago,I. Arai,V-VAREN NAGASAKI,Normal Goal,1504769
29/04/2026,J1 League,2026/2027,SHIMIZU S-PULSE,V-VAREN NAGASAKI,46,46,2P,M. Hasegawa,Dudu Giusti,V-VAREN NAGASAKI,Normal Goal,1504769
29/04/2026,J1 League,2026/2027,TOKYO VERDY,KASHIMA,19,19,1P,K. Nono,Leo Ceara,KASHIMA,Normal Goal,1504770
29/04/2026,J1 League,2026/2027,TOKYO VERDY,KASHIMA,34,34,1P,I. Kumatoriya,,TOKYO VERDY,Normal Goal,1504770
29/04/2026,J1 League,2026/2027,TOKYO VERDY,KASHIMA,40,40,1P,T. Yoshida,Y. Matsuhashi,TOKYO VERDY,Normal Goal,1504770
29/04/2026,J1 League,2026/2027,JEF UNITED CHIBA,YOKOHAMA F. MARINOS,18,18,1P,Carlinhos Junior,,JEF UNITED CHIBA,Penalty,1504772
29/04/2026,J1 League,2026/2027,JEF UNITED CHIBA,YOKOHAMA F. MARINOS,48,48,2P,K. Tanimura,K. Watanabe,YOKOHAMA F. MARINOS,Normal Goal,1504772
29/04/2026,J1 League,2026/2027,JEF UNITED CHIBA,YOKOHAMA F. MARINOS,58,58,2P,K. Tanimura,J. Croux,YOKOHAMA F. MARINOS,Normal Goal,1504772
29/04/2026,J1 League,2026/2027,JEF UNITED CHIBA,YOKOHAMA F. MARINOS,63,63,2P,T. Inoue,,YOKOHAMA F. MARINOS,Normal Goal,1504772
29/04/2026,J1 League,2026/2027,JEF UNITED CHIBA,YOKOHAMA F. MARINOS,90,90,2P,H. Goya,N. Sugiyama,JEF UNITED CHIBA,Normal Goal,1504772
29/04/2026,J1 League,2026/2027,AVISPA FUKUOKA,SANFRECCE HIROSHIMA,4,4,1P,S. Nakano,,SANFRECCE HIROSHIMA,Normal Goal,1504771
29/04/2026,J1 League,2026/2027,AVISPA FUKUOKA,SANFRECCE HIROSHIMA,10,10,1P,S. Higashi,M. Kato,SANFRECCE HIROSHIMA,Normal Goal,1504771
29/04/2026,J1 League,2026/2027,AVISPA FUKUOKA,SANFRECCE HIROSHIMA,19,19,1P,S. Usui,,AVISPA FUKUOKA,Normal Goal,1504771
29/04/2026,J1 League,2026/2027,AVISPA FUKUOKA,SANFRECCE HIROSHIMA,72,72,2P,T. Miki,Y. Maejima,AVISPA FUKUOKA,Normal Goal,1504771
29/04/2026,J1 League,2026/2027,URAWA,KAWASAKI FRONTALE,54,54,2P,Matheus Savio,,URAWA,Normal Goal,1504776
29/04/2026,J1 League,2026/2027,URAWA,KAWASAKI FRONTALE,71,71,2P,H. Komori,Matheus Savio,URAWA,Normal Goal,1504776
29/04/2026,J1 League,2026/2027,NAGOYA GRAMPUS,FAGIANO OKAYAMA,65,65,2P,H. Koda,,NAGOYA GRAMPUS,Normal Goal,1504775
29/04/2026,J1 League,2026/2027,NAGOYA GRAMPUS,FAGIANO OKAYAMA,89,89,2P,D. Tagami,K. Ogura,FAGIANO OKAYAMA,Normal Goal,1504775
29/04/2026,J1 League,2026/2027,KYOTO SANGA,GAMBA OSAKA,89,89,2P,H. Arai,Rafael Elias,KYOTO SANGA,Normal Goal,1504774
29/04/2026,J1 League,2026/2027,KYOTO SANGA,GAMBA OSAKA,90,90,2P,H. Minamino,,GAMBA OSAKA,Normal Goal,1504774
29/04/2026,J1 League,2026/2027,KASHIWA REYSOL,FC TOKYO,43,43,1P,K. Endo,Marcelo Ryan,FC TOKYO,Normal Goal,1504777
29/04/2026,J1 League,2026/2027,KASHIWA REYSOL,FC TOKYO,60,60,2P,R. Sato,Marcelo Ryan,FC TOKYO,Normal Goal,1504777
29/04/2026,J1 League,2026/2027,KASHIWA REYSOL,FC TOKYO,72,72,2P,N. Nakagawa,,KASHIWA REYSOL,Normal Goal,1504777
29/04/2026,J1 League,2026/2027,KASHIWA REYSOL,FC TOKYO,89,89,2P,R. Sato,,FC TOKYO,Penalty,1504777
29/04/2026,J1 League,2026/2027,MITO HOLLYHOCK,MACHIDA ZELVIA,17,17,1P,H. Shimoda,F. Tokumura,MACHIDA ZELVIA,Normal Goal,1504778
29/04/2026,J1 League,2026/2027,MITO HOLLYHOCK,MACHIDA ZELVIA,48,48,2P,I. Dresevic,A. Masuyama,MACHIDA ZELVIA,Normal Goal,1504778
29/04/2026,J1 League,2026/2027,MITO HOLLYHOCK,MACHIDA ZELVIA,67,67,2P,H. Mochizuki,,MITO HOLLYHOCK,Own Goal,1504778
29/04/2026,J1 League,2026/2027,MITO HOLLYHOCK,MACHIDA ZELVIA,90,90,2P,K. Ando,T. Semba,MITO HOLLYHOCK,Normal Goal,1504778
02/05/2026,J1 League,2026/2027,FAGIANO OKAYAMA,SANFRECCE HIROSHIMA,83,83,2P,Leo Gaucho,T. Yamane,FAGIANO OKAYAMA,Normal Goal,1504779
02/05/2026,J1 League,2026/2027,FC TOKYO,KAWASAKI FRONTALE,41,41,1P,K. Sato,,FC TOKYO,Normal Goal,1504780
02/05/2026,J1 League,2026/2027,FC TOKYO,KAWASAKI FRONTALE,56,56,2P,L. Nozawa,T. Nakagawa,FC TOKYO,Normal Goal,1504780
02/05/2026,J1 League,2026/2027,YOKOHAMA F. MARINOS,MITO HOLLYHOCK,5,5,1P,K. Tanimura,G. Onaiwu,YOKOHAMA F. MARINOS,Normal Goal,1504782
02/05/2026,J1 League,2026/2027,YOKOHAMA F. MARINOS,MITO HOLLYHOCK,27,27,1P,A. Watanabe,,MITO HOLLYHOCK,Normal Goal,1504782
02/05/2026,J1 League,2026/2027,KYOTO SANGA,SHIMIZU S-PULSE,16,16,1P,Marco Tulio,H. Sugai,KYOTO SANGA,Normal Goal,1504781
02/05/2026,J1 League,2026/2027,KYOTO SANGA,SHIMIZU S-PULSE,64,64,2P,Z. Uno,Y. Yoshida,SHIMIZU S-PULSE,Normal Goal,1504781
02/05/2026,J1 League,2026/2027,KYOTO SANGA,SHIMIZU S-PULSE,68,68,2P,Y. Shimamoto,Y. Yoshida,SHIMIZU S-PULSE,Normal Goal,1504781
02/05/2026,J1 League,2026/2027,GAMBA OSAKA,VISSEL KOBE,22,22,1P,H. Minamino,R. Hatsuse,GAMBA OSAKA,Normal Goal,1504783
02/05/2026,J1 League,2026/2027,GAMBA OSAKA,VISSEL KOBE,36,36,1P,G. Miura,S. Nakatani,GAMBA OSAKA,Normal Goal,1504783
02/05/2026,J1 League,2026/2027,GAMBA OSAKA,VISSEL KOBE,52,52,2P,H. Minamino,R. Hatsuse,GAMBA OSAKA,Normal Goal,1504783
02/05/2026,J1 League,2026/2027,GAMBA OSAKA,VISSEL KOBE,80,80,2P,K. Okunuki,,GAMBA OSAKA,Normal Goal,1504783
02/05/2026,J1 League,2026/2027,GAMBA OSAKA,VISSEL KOBE,82,82,2P,D. Hummet,R. Meshino,GAMBA OSAKA,Normal Goal,1504783
02/05/2026,J1 League,2026/2027,URAWA,JEF UNITED CHIBA,41,41,1P,K. Nemoto,Matheus Savio,URAWA,Normal Goal,1504784
02/05/2026,J1 League,2026/2027,URAWA,JEF UNITED CHIBA,64,64,2P,H. Komori,K. Yasui,URAWA,Normal Goal,1504784
03/05/2026,J1 League,2026/2027,TOKYO VERDY,KASHIWA REYSOL,90,90,2P,Y. Arai,I. Someno,TOKYO VERDY,Normal Goal,1504785
03/05/2026,J1 League,2026/2027,CEREZO OSAKA,AVISPA FUKUOKA,11,11,1P,S. Usui,,AVISPA FUKUOKA,Normal Goal,1504786
03/05/2026,J1 League,2026/2027,CEREZO OSAKA,AVISPA FUKUOKA,45,45,1P,R. Inoue,M. Shibayama,CEREZO OSAKA,Normal Goal,1504786
03/05/2026,J1 League,2026/2027,KASHIMA,MACHIDA ZELVIA,50,50,2P,Leo Ceara,G. Shibasaki,KASHIMA,Normal Goal,1504787
03/05/2026,J1 League,2026/2027,KASHIMA,MACHIDA ZELVIA,53,53,2P,T. Yengi,Na Sang-Ho,MACHIDA ZELVIA,Normal Goal,1504787
03/05/2026,J1 League,2026/2027,V-VAREN NAGASAKI,NAGOYA GRAMPUS,29,29,1P,Thiago,M. Hasegawa,V-VAREN NAGASAKI,Normal Goal,1504788
03/05/2026,J1 League,2026/2027,V-VAREN NAGASAKI,NAGOYA GRAMPUS,34,34,1P,K. Nagai,S. Sugiura,NAGOYA GRAMPUS,Normal Goal,1504788
03/05/2026,J1 League,2026/2027,V-VAREN NAGASAKI,NAGOYA GRAMPUS,54,54,2P,K. Nagai,K. Mikuni,NAGOYA GRAMPUS,Normal Goal,1504788
06/05/2026,J1 League,2026/2027,SHIMIZU S-PULSE,CEREZO OSAKA,19,19,1P,S. Tanaka,N. Ishiwatari,CEREZO OSAKA,Normal Goal,1504789
06/05/2026,J1 League,2026/2027,SHIMIZU S-PULSE,CEREZO OSAKA,90,90,2P,Matheus Bueno,,SHIMIZU S-PULSE,Penalty,1504789
06/05/2026,J1 League,2026/2027,V-VAREN NAGASAKI,FAGIANO OKAYAMA,19,19,1P,Y. Iwasaki,G. Hatano,V-VAREN NAGASAKI,Normal Goal,1504790
06/05/2026,J1 League,2026/2027,V-VAREN NAGASAKI,FAGIANO OKAYAMA,43,43,1P,Thiago,R. Yamada,V-VAREN NAGASAKI,Normal Goal,1504790
06/05/2026,J1 League,2026/2027,V-VAREN NAGASAKI,FAGIANO OKAYAMA,50,50,2P,Werik Popo,A. Esaka,FAGIANO OKAYAMA,Normal Goal,1504790
06/05/2026,J1 League,2026/2027,NAGOYA GRAMPUS,GAMBA OSAKA,8,8,1P,S. Inagaki,K. Nakayama,NAGOYA GRAMPUS,Normal Goal,1504792
06/05/2026,J1 League,2026/2027,NAGOYA GRAMPUS,GAMBA OSAKA,31,31,1P,Y. Kimura,T. Hara,NAGOYA GRAMPUS,Normal Goal,1504792
06/05/2026,J1 League,2026/2027,NAGOYA GRAMPUS,GAMBA OSAKA,90,90,2P,R. Mito,,GAMBA OSAKA,Normal Goal,1504792
06/05/2026,J1 League,2026/2027,AVISPA FUKUOKA,KYOTO SANGA,28,28,1P,Rafael Elias,Henrique Trevisan,KYOTO SANGA,Normal Goal,1504791
06/05/2026,J1 League,2026/2027,AVISPA FUKUOKA,KYOTO SANGA,74,74,2P,A. Sani Brown,T. Miki,AVISPA FUKUOKA,Normal Goal,1504791
06/05/2026,J1 League,2026/2027,SANFRECCE HIROSHIMA,VISSEL KOBE,42,42,1P,M. Kato,S. Higashi,SANFRECCE HIROSHIMA,Normal Goal,1504794
06/05/2026,J1 League,2026/2027,SANFRECCE HIROSHIMA,VISSEL KOBE,63,63,2P,R. Komatsu,,VISSEL KOBE,Normal Goal,1504794
06/05/2026,J1 League,2026/2027,FC TOKYO,JEF UNITED CHIBA,6,6,1P,Carlinhos Junior,Z. Issaka,JEF UNITED CHIBA,Normal Goal,1504793
06/05/2026,J1 League,2026/2027,FC TOKYO,JEF UNITED CHIBA,73,73,2P,M. Himeno,,JEF UNITED CHIBA,Normal Goal,1504793
06/05/2026,J1 League,2026/2027,FC TOKYO,JEF UNITED CHIBA,79,79,2P,M. Hidaka,,JEF UNITED CHIBA,Normal Goal,1504793
06/05/2026,J1 League,2026/2027,KASHIMA,MITO HOLLYHOCK,58,58,2P,S. Morooka,Kim Tae-Hyeon,KASHIMA,Normal Goal,1504795
06/05/2026,J1 League,2026/2027,KASHIMA,MITO HOLLYHOCK,71,71,2P,Leo Ceara,K. Anzai,KASHIMA,Normal Goal,1504795
06/05/2026,J1 League,2026/2027,KASHIMA,MITO HOLLYHOCK,79,79,2P,Leo Ceara,Y. Suzuki,KASHIMA,Normal Goal,1504795
06/05/2026,J1 League,2026/2027,MACHIDA ZELVIA,YOKOHAMA F. MARINOS,53,53,2P,Erik,G. Shoji,MACHIDA ZELVIA,Normal Goal,1504796
06/05/2026,J1 League,2026/2027,MACHIDA ZELVIA,YOKOHAMA F. MARINOS,66,66,2P,S. Fujio,H. Shimoda,MACHIDA ZELVIA,Normal Goal,1504796
06/05/2026,J1 League,2026/2027,KAWASAKI FRONTALE,TOKYO VERDY,73,73,2P,Y. Wakizaka,L. Romanic,KAWASAKI FRONTALE,Normal Goal,1504797
06/05/2026,J1 League,2026/2027,KASHIWA REYSOL,URAWA,58,58,2P,R. Watanabe,S. Nakajima,URAWA,Normal Goal,1504798
09/05/2026,J1 League,2026/2027,MITO HOLLYHOCK,URAWA,24,24,1P,K. Yasui,,URAWA,Normal Goal,1504799
09/05/2026,J1 League,2026/2027,MITO HOLLYHOCK,URAWA,70,70,2P,H. Komori,Y. Naganuma,URAWA,Normal Goal,1504799
09/05/2026,J1 League,2026/2027,MITO HOLLYHOCK,URAWA,77,77,2P,I. Kiese,J. Hayakawa,URAWA,Normal Goal,1504799
09/05/2026,J1 League,2026/2027,MITO HOLLYHOCK,URAWA,79,79,2P,I. Kiese,J. Hayakawa,URAWA,Normal Goal,1504799
09/05/2026,J1 League,2026/2027,MITO HOLLYHOCK,URAWA,84,84,2P,H. Yamamoto,,MITO HOLLYHOCK,Normal Goal,1504799
09/05/2026,J1 League,2026/2027,CEREZO OSAKA,V-VAREN NAGASAKI,25,25,1P,R. Yamasaki,,V-VAREN NAGASAKI,Penalty,1504800
09/05/2026,J1 League,2026/2027,CEREZO OSAKA,V-VAREN NAGASAKI,28,28,1P,Thiago Andrade,M. Nakajima,CEREZO OSAKA,Normal Goal,1504800
09/05/2026,J1 League,2026/2027,CEREZO OSAKA,V-VAREN NAGASAKI,63,63,2P,S. Tanaka,M. Shibayama,CEREZO OSAKA,Normal Goal,1504800
09/05/2026,J1 League,2026/2027,CEREZO OSAKA,V-VAREN NAGASAKI,72,72,2P,Matheus Jesus,,V-VAREN NAGASAKI,Normal Goal,1504800
09/05/2026,J1 League,2026/2027,CEREZO OSAKA,V-VAREN NAGASAKI,90,90,2P,S. Kagawa,,CEREZO OSAKA,Penalty,1504800
10/05/2026,J1 League,2026/2027,SHIMIZU S-PULSE,AVISPA FUKUOKA,70,70,2P,S. Usui,M. Shigemi,AVISPA FUKUOKA,Normal Goal,1504801
10/05/2026,J1 League,2026/2027,SHIMIZU S-PULSE,AVISPA FUKUOKA,75,75,2P,Oh Se-Hun,K. Matsuzaki,SHIMIZU S-PULSE,Normal Goal,1504801
10/05/2026,J1 League,2026/2027,VISSEL KOBE,FAGIANO OKAYAMA,28,28,1P,Y. Suzuki,A. Esaka,FAGIANO OKAYAMA,Normal Goal,1504802
10/05/2026,J1 League,2026/2027,VISSEL KOBE,FAGIANO OKAYAMA,43,43,1P,A. Esaka,K. Shirai,FAGIANO OKAYAMA,Normal Goal,1504802
10/05/2026,J1 League,2026/2027,VISSEL KOBE,FAGIANO OKAYAMA,89,89,2P,T. Kimura,R. Sueyoshi,FAGIANO OKAYAMA,Normal Goal,1504802
10/05/2026,J1 League,2026/2027,YOKOHAMA F. MARINOS,KASHIMA,58,58,2P,K. Tanimura,J. Amano,YOKOHAMA F. MARINOS,Normal Goal,1504803
10/05/2026,J1 League,2026/2027,YOKOHAMA F. MARINOS,KASHIMA,90,90,2P,Leo Ceara,R. Araki,KASHIMA,Normal Goal,1504803
10/05/2026,J1 League,2026/2027,FC TOKYO,TOKYO VERDY,29,29,1P,K. Morita,Y. Matsuhashi,TOKYO VERDY,Normal Goal,1504804
10/05/2026,J1 League,2026/2027,FC TOKYO,TOKYO VERDY,41,41,1P,S. Muroya,R. Sato,FC TOKYO,Normal Goal,1504804
10/05/2026,J1 League,2026/2027,FC TOKYO,TOKYO VERDY,90,90,2P,M. Nagakura,K. Sato,FC TOKYO,Normal Goal,1504804
10/05/2026,J1 League,2026/2027,GAMBA OSAKA,SANFRECCE HIROSHIMA,68,68,2P,S. Higashi,A. Suzuki,SANFRECCE HIROSHIMA,Normal Goal,1504805
10/05/2026,J1 League,2026/2027,KASHIWA REYSOL,KAWASAKI FRONTALE,73,73,2P,M. Hosoya,S. Baba,KASHIWA REYSOL,Normal Goal,1504806
10/05/2026,J1 League,2026/2027,NAGOYA GRAMPUS,KYOTO SANGA,9,9,1P,Y. Yamagishi,K. Nakayama,NAGOYA GRAMPUS,Normal Goal,1504807
10/05/2026,J1 League,2026/2027,NAGOYA GRAMPUS,KYOTO SANGA,29,29,1P,Y. Yamagishi,,NAGOYA GRAMPUS,Normal Goal,1504807
10/05/2026,J1 League,2026/2027,NAGOYA GRAMPUS,KYOTO SANGA,90,90,2P,Y. Yamagishi,H. Koda,NAGOYA GRAMPUS,Normal Goal,1504807
10/05/2026,J1 League,2026/2027,JEF UNITED CHIBA,MACHIDA ZELVIA,7,7,1P,Na Sang-Ho,,MACHIDA ZELVIA,Normal Goal,1504808
10/05/2026,J1 League,2026/2027,JEF UNITED CHIBA,MACHIDA ZELVIA,36,36,1P,Na Sang-Ho,T. Yengi,MACHIDA ZELVIA,Normal Goal,1504808
13/05/2026,J1 League,2026/2027,VISSEL KOBE,KYOTO SANGA,78,78,2P,Henrique Trevisan,,VISSEL KOBE,Own Goal,1504768
16/05/2026,J1 League,2026/2027,MITO HOLLYHOCK,TOKYO VERDY,54,54,2P,R. Shirai,Y. Arai,TOKYO VERDY,Normal Goal,1504809
16/05/2026,J1 League,2026/2027,YOKOHAMA F. MARINOS,KASHIWA REYSOL,41,41,1P,K. Yuruki,T. Kubo,KASHIWA REYSOL,Normal Goal,1504811
17/05/2026,J1 League,2026/2027,V-VAREN NAGASAKI,VISSEL KOBE,21,21,1P,H. Yamaguchi,Matheus Jesus,V-VAREN NAGASAKI,Normal Goal,1504812
17/05/2026,J1 League,2026/2027,V-VAREN NAGASAKI,VISSEL KOBE,27,27,1P,Y. Muto,N. Iino,VISSEL KOBE,Normal Goal,1504812
17/05/2026,J1 League,2026/2027,V-VAREN NAGASAKI,VISSEL KOBE,32,32,1P,M. Thuler,,VISSEL KOBE,Normal Goal,1504812
17/05/2026,J1 League,2026/2027,V-VAREN NAGASAKI,VISSEL KOBE,45,45,1P,Dudu Giusti,Matheus Jesus,V-VAREN NAGASAKI,Normal Goal,1504812
17/05/2026,J1 League,2026/2027,JEF UNITED CHIBA,KASHIMA,43,43,1P,R. Araki,Y. Suzuki,KASHIMA,Normal Goal,1504813
17/05/2026,J1 League,2026/2027,JEF UNITED CHIBA,KASHIMA,88,88,2P,S. Morooka,,KASHIMA,Normal Goal,1504813
17/05/2026,J1 League,2026/2027,FAGIANO OKAYAMA,SHIMIZU S-PULSE,11,11,1P,K. Shirai,Werik Popo,FAGIANO OKAYAMA,Normal Goal,1504814
17/05/2026,J1 League,2026/2027,FAGIANO OKAYAMA,SHIMIZU S-PULSE,79,79,2P,Leo Gaucho,Lucao,FAGIANO OKAYAMA,Normal Goal,1504814
17/05/2026,J1 League,2026/2027,CEREZO OSAKA,NAGOYA GRAMPUS,12,12,1P,S. Tanaka,M. Shibayama,CEREZO OSAKA,Normal Goal,1504815
17/05/2026,J1 League,2026/2027,CEREZO OSAKA,NAGOYA GRAMPUS,22,22,1P,Y. Yokoyama,M. Nakajima,CEREZO OSAKA,Normal Goal,1504815
17/05/2026,J1 League,2026/2027,CEREZO OSAKA,NAGOYA GRAMPUS,39,39,1P,Y. Yokoyama,,CEREZO OSAKA,Normal Goal,1504815
17/05/2026,J1 League,2026/2027,CEREZO OSAKA,NAGOYA GRAMPUS,42,42,1P,Y. Kimura,,NAGOYA GRAMPUS,Normal Goal,1504815
17/05/2026,J1 League,2026/2027,CEREZO OSAKA,NAGOYA GRAMPUS,54,54,2P,Thiago Andrade,N. Ishiwatari,CEREZO OSAKA,Normal Goal,1504815
17/05/2026,J1 League,2026/2027,CEREZO OSAKA,NAGOYA GRAMPUS,87,87,2P,S. Sakuragawa,S. Homma,CEREZO OSAKA,Normal Goal,1504815
17/05/2026,J1 League,2026/2027,CEREZO OSAKA,NAGOYA GRAMPUS,89,89,2P,S. Sakuragawa,S. Homma,CEREZO OSAKA,Normal Goal,1504815
17/05/2026,J1 League,2026/2027,KYOTO SANGA,SANFRECCE HIROSHIMA,29,29,1P,S. Nakamura,S. Higashi,SANFRECCE HIROSHIMA,Normal Goal,1504816
17/05/2026,J1 League,2026/2027,KYOTO SANGA,SANFRECCE HIROSHIMA,49,49,2P,A. Suzuki,M. Kato,SANFRECCE HIROSHIMA,Normal Goal,1504816
17/05/2026,J1 League,2026/2027,KYOTO SANGA,SANFRECCE HIROSHIMA,51,51,2P,M. Kato,S. Higashi,SANFRECCE HIROSHIMA,Normal Goal,1504816
17/05/2026,J1 League,2026/2027,KYOTO SANGA,SANFRECCE HIROSHIMA,75,75,2P,T. Matsumoto,S. Nakamura,SANFRECCE HIROSHIMA,Normal Goal,1504816
17/05/2026,J1 League,2026/2027,KAWASAKI FRONTALE,MACHIDA ZELVIA,40,40,1P,T. Yengi,H. Shimoda,MACHIDA ZELVIA,Normal Goal,1504818
17/05/2026,J1 League,2026/2027,KAWASAKI FRONTALE,MACHIDA ZELVIA,89,89,2P,Y. Wakizaka,,KAWASAKI FRONTALE,Penalty,1504818
22/05/2026,J1 League,2026/2027,MACHIDA ZELVIA,URAWA,10,10,1P,Erik,,MACHIDA ZELVIA,Normal Goal,1504819
23/05/2026,J1 League,2026/2027,SANFRECCE HIROSHIMA,NAGOYA GRAMPUS,33,33,1P,S. Nakamura,H. Kawabe,SANFRECCE HIROSHIMA,Normal Goal,1504821
23/05/2026,J1 League,2026/2027,SANFRECCE HIROSHIMA,NAGOYA GRAMPUS,45,45,1P,Y. Yamagishi,T. Takamine,NAGOYA GRAMPUS,Normal Goal,1504821
23/05/2026,J1 League,2026/2027,SANFRECCE HIROSHIMA,NAGOYA GRAMPUS,45,45,1P,H. Kawabe,S. Nakano,SANFRECCE HIROSHIMA,Normal Goal,1504821
23/05/2026,J1 League,2026/2027,SANFRECCE HIROSHIMA,NAGOYA GRAMPUS,46,46,2P,S. Nakano,S. Higashi,SANFRECCE HIROSHIMA,Normal Goal,1504821
23/05/2026,J1 League,2026/2027,SANFRECCE HIROSHIMA,NAGOYA GRAMPUS,56,56,2P,A. Suzuki,S. Higashi,SANFRECCE HIROSHIMA,Normal Goal,1504821
23/05/2026,J1 League,2026/2027,SANFRECCE HIROSHIMA,NAGOYA GRAMPUS,67,67,2P,T. Morishima,,NAGOYA GRAMPUS,Normal Goal,1504821
23/05/2026,J1 League,2026/2027,AVISPA FUKUOKA,VISSEL KOBE,45,45,1P,M. Thuler,Y. Muto,VISSEL KOBE,Normal Goal,1504820
23/05/2026,J1 League,2026/2027,KASHIMA,FC TOKYO,79,79,2P,S. Morooka,K. Chinen,KASHIMA,Normal Goal,1504822
23/05/2026,J1 League,2026/2027,KASHIWA REYSOL,JEF UNITED CHIBA,35,35,1P,Y. Kakita,Y. Koizumi,KASHIWA REYSOL,Normal Goal,1504823
23/05/2026,J1 League,2026/2027,KASHIWA REYSOL,JEF UNITED CHIBA,39,39,1P,Y. Koizumi,Y. Kakita,KASHIWA REYSOL,Normal Goal,1504823
23/05/2026,J1 League,2026/2027,KASHIWA REYSOL,JEF UNITED CHIBA,45,45,1P,R. Kuboniwa,,JEF UNITED CHIBA,Normal Goal,1504823
23/05/2026,J1 League,2026/2027,KASHIWA REYSOL,JEF UNITED CHIBA,75,75,2P,M. Hosoya,N. Nakagawa,KASHIWA REYSOL,Normal Goal,1504823
23/05/2026,J1 League,2026/2027,KASHIWA REYSOL,JEF UNITED CHIBA,85,85,2P,I. Takahashi,T. Tsukui,JEF UNITED CHIBA,Normal Goal,1504823
23/05/2026,J1 League,2026/2027,KASHIWA REYSOL,JEF UNITED CHIBA,89,89,2P,T. Koga,,KASHIWA REYSOL,Normal Goal,1504823
23/05/2026,J1 League,2026/2027,KYOTO SANGA,V-VAREN NAGASAKI,51,51,2P,Rafael Elias,M. Okugawa,KYOTO SANGA,Normal Goal,1504824
24/05/2026,J1 League,2026/2027,FAGIANO OKAYAMA,CEREZO OSAKA,8,8,1P,Y. Yokoyama,D. Cools,CEREZO OSAKA,Normal Goal,1504825
24/05/2026,J1 League,2026/2027,FAGIANO OKAYAMA,CEREZO OSAKA,56,56,2P,Y. Yokoyama,M. Nakajima,CEREZO OSAKA,Normal Goal,1504825
24/05/2026,J1 League,2026/2027,FAGIANO OKAYAMA,CEREZO OSAKA,71,71,2P,Leo Gaucho,Lucao,FAGIANO OKAYAMA,Normal Goal,1504825
24/05/2026,J1 League,2026/2027,FAGIANO OKAYAMA,CEREZO OSAKA,81,81,2P,S. Uejo,S. Sakuragawa,CEREZO OSAKA,Normal Goal,1504825
24/05/2026,J1 League,2026/2027,FAGIANO OKAYAMA,CEREZO OSAKA,90,90,2P,Leo Gaucho,,FAGIANO OKAYAMA,Normal Goal,1504825
24/05/2026,J1 League,2026/2027,MITO HOLLYHOCK,KAWASAKI FRONTALE,58,58,2P,K. Mochiyama,S. Miura,KAWASAKI FRONTALE,Normal Goal,1504826
24/05/2026,J1 League,2026/2027,MITO HOLLYHOCK,KAWASAKI FRONTALE,78,78,2P,K. Mochiyama,,KAWASAKI FRONTALE,Normal Goal,1504826
24/05/2026,J1 League,2026/2027,MITO HOLLYHOCK,KAWASAKI FRONTALE,85,85,2P,K. Mochiyama,S. Kawahara,KAWASAKI FRONTALE,Normal Goal,1504826
24/05/2026,J1 League,2026/2027,MITO HOLLYHOCK,KAWASAKI FRONTALE,90,90,2P,Patryck,Danilo Cardoso,MITO HOLLYHOCK,Normal Goal,1504826
24/05/2026,J1 League,2026/2027,TOKYO VERDY,YOKOHAMA F. MARINOS,25,25,1P,T. Kondo,J. Amano,YOKOHAMA F. MARINOS,Normal Goal,1504827
24/05/2026,J1 League,2026/2027,TOKYO VERDY,YOKOHAMA F. MARINOS,36,36,1P,K. Tanimura,T. Kondo,YOKOHAMA F. MARINOS,Normal Goal,1504827
24/05/2026,J1 League,2026/2027,TOKYO VERDY,YOKOHAMA F. MARINOS,45,45,1P,Yuri Araujo,T. Kondo,YOKOHAMA F. MARINOS,Normal Goal,1504827
24/05/2026,J1 League,2026/2027,TOKYO VERDY,YOKOHAMA F. MARINOS,46,46,2P,K. Tanimura,J. Amano,YOKOHAMA F. MARINOS,Normal Goal,1504827
24/05/2026,J1 League,2026/2027,TOKYO VERDY,YOKOHAMA F. MARINOS,59,59,2P,Yuri Araujo,T. Kondo,YOKOHAMA F. MARINOS,Normal Goal,1504827
24/05/2026,J1 League,2026/2027,TOKYO VERDY,YOKOHAMA F. MARINOS,90,90,2P,Tevis,A. Higuchi,YOKOHAMA F. MARINOS,Normal Goal,1504827
24/05/2026,J1 League,2026/2027,SHIMIZU S-PULSE,GAMBA OSAKA,58,58,2P,M. Yumiba,Y. Yoshida,SHIMIZU S-PULSE,Normal Goal,1504828
24/05/2026,J1 League,2026/2027,SHIMIZU S-PULSE,GAMBA OSAKA,61,61,2P,H. Minamino,R. Hatsuse,GAMBA OSAKA,Normal Goal,1504828
24/05/2026,J1 League,2026/2027,SHIMIZU S-PULSE,GAMBA OSAKA,75,75,2P,Y. Yoshida,,GAMBA OSAKA,Own Goal,1504828
30/05/2026,J1 League,2026/2027,SANFRECCE HIROSHIMA,KAWASAKI FRONTALE,11,11,1P,S. Nakamura,T. Matsumoto,SANFRECCE HIROSHIMA,Normal Goal,1546393
30/05/2026,J1 League,2026/2027,SANFRECCE HIROSHIMA,KAWASAKI FRONTALE,20,20,1P,M. Kato,A. Suzuki,SANFRECCE HIROSHIMA,Normal Goal,1546393
30/05/2026,J1 League,2026/2027,SANFRECCE HIROSHIMA,KAWASAKI FRONTALE,43,43,1P,T. Ito,,KAWASAKI FRONTALE,Normal Goal,1546393
30/05/2026,J1 League,2026/2027,NAGOYA GRAMPUS,MACHIDA ZELVIA,6,6,1P,H. Nakamura,Y. Soma,MACHIDA ZELVIA,Normal Goal,1546392
30/05/2026,J1 League,2026/2027,NAGOYA GRAMPUS,MACHIDA ZELVIA,10,10,1P,Y. Kimura,T. Morishima,NAGOYA GRAMPUS,Normal Goal,1546392
30/05/2026,J1 League,2026/2027,NAGOYA GRAMPUS,MACHIDA ZELVIA,78,78,2P,Erik,K. Hayashi,MACHIDA ZELVIA,Normal Goal,1546392
30/05/2026,J1 League,2026/2027,NAGOYA GRAMPUS,MACHIDA ZELVIA,90,90,2P,T. Takamine,H. Fujii,NAGOYA GRAMPUS,Normal Goal,1546392
30/05/2026,J1 League,2026/2027,VISSEL KOBE,KASHIMA,28,28,1P,Y. Osako,,VISSEL KOBE,Normal Goal,1546315
30/05/2026,J1 League,2026/2027,VISSEL KOBE,KASHIMA,50,50,2P,Y. Osako,Y. Muto,VISSEL KOBE,Normal Goal,1546315
30/05/2026,J1 League,2026/2027,VISSEL KOBE,KASHIMA,69,69,2P,Diego,Y. Ideguchi,VISSEL KOBE,Normal Goal,1546315
30/05/2026,J1 League,2026/2027,VISSEL KOBE,KASHIMA,89,89,2P,R. Komatsu,,VISSEL KOBE,Penalty,1546315
30/05/2026,J1 League,2026/2027,VISSEL KOBE,KASHIMA,90,90,2P,Y. Osako,Jean Patric,VISSEL KOBE,Normal Goal,1546315
30/05/2026,J1 League,2026/2027,CEREZO OSAKA,FC TOKYO,35,35,1P,A. Ohata,,FC TOKYO,Own Goal,1546394
30/05/2026,J1 League,2026/2027,CEREZO OSAKA,FC TOKYO,45,45,1P,M. Shibayama,,CEREZO OSAKA,Normal Goal,1546394
30/05/2026,J1 League,2026/2027,CEREZO OSAKA,FC TOKYO,49,49,2P,Marcelo Ryan,K. Koizumi,FC TOKYO,Normal Goal,1546394
30/05/2026,J1 League,2026/2027,CEREZO OSAKA,FC TOKYO,79,79,2P,K. Noborizato,S. Kagawa,CEREZO OSAKA,Normal Goal,1546394
30/05/2026,J1 League,2026/2027,GAMBA OSAKA,TOKYO VERDY,42,42,1P,S. Sasaki,,GAMBA OSAKA,Normal Goal,1546395
30/05/2026,J1 League,2026/2027,GAMBA OSAKA,TOKYO VERDY,47,47,2P,Y. Fukuda,R. Hirakawa,TOKYO VERDY,Normal Goal,1546395
30/05/2026,J1 League,2026/2027,AVISPA FUKUOKA,JEF UNITED CHIBA,15,15,1P,D. Ishikawa,,JEF UNITED CHIBA,Normal Goal,1546314
30/05/2026,J1 League,2026/2027,AVISPA FUKUOKA,JEF UNITED CHIBA,54,54,2P,S. Usui,,AVISPA FUKUOKA,Normal Goal,1546314
30/05/2026,J1 League,2026/2027,AVISPA FUKUOKA,JEF UNITED CHIBA,66,66,2P,Y. Hashimoto,,AVISPA FUKUOKA,Normal Goal,1546314
30/05/2026,J1 League,2026/2027,AVISPA FUKUOKA,JEF UNITED CHIBA,87,87,2P,H. Goya,D. Ishikawa,JEF UNITED CHIBA,Normal Goal,1546314
30/05/2026,J1 League,2026/2027,V-VAREN NAGASAKI,MITO HOLLYHOCK,1,1,1P,Matheus Jesus,T. Kasayanagi,V-VAREN NAGASAKI,Normal Goal,1546396
30/05/2026,J1 League,2026/2027,KYOTO SANGA,KASHIWA REYSOL,1,1,1P,Y. Koizumi,Y. Kakita,KASHIWA REYSOL,Normal Goal,1546397
30/05/2026,J1 League,2026/2027,KYOTO SANGA,KASHIWA REYSOL,2,2,1P,H. Arai,Rafael Elias,KYOTO SANGA,Normal Goal,1546397
30/05/2026,J1 League,2026/2027,KYOTO SANGA,KASHIWA REYSOL,39,39,1P,Y. Kakita,Y. Koizumi,KASHIWA REYSOL,Normal Goal,1546397
30/05/2026,J1 League,2026/2027,KYOTO SANGA,KASHIWA REYSOL,45,45,1P,D. Sugioka,Y. Koizumi,KASHIWA REYSOL,Normal Goal,1546397
30/05/2026,J1 League,2026/2027,KYOTO SANGA,KASHIWA REYSOL,67,67,2P,Rafael Elias,F. Honda,KYOTO SANGA,Normal Goal,1546397
30/05/2026,J1 League,2026/2027,KYOTO SANGA,KASHIWA REYSOL,87,87,2P,Y. Komi,,KASHIWA REYSOL,Normal Goal,1546397
30/05/2026,J1 League,2026/2027,KYOTO SANGA,KASHIWA REYSOL,90,90,2P,T. Kubo,M. Hosoya,KASHIWA REYSOL,Normal Goal,1546397
30/05/2026,J1 League,2026/2027,KYOTO SANGA,KASHIWA REYSOL,90,90,2P,Y. Komi,S. Baba,KASHIWA REYSOL,Normal Goal,1546397
31/05/2026,J1 League,2026/2027,SHIMIZU S-PULSE,YOKOHAMA F. MARINOS,56,56,2P,K. Kozuka,M. Yumiba,SHIMIZU S-PULSE,Normal Goal,1546399
31/05/2026,J1 League,2026/2027,SHIMIZU S-PULSE,YOKOHAMA F. MARINOS,72,72,2P,K. Tanimura,,YOKOHAMA F. MARINOS,Normal Goal,1546399
31/05/2026,J1 League,2026/2027,FAGIANO OKAYAMA,URAWA,48,48,2P,Lucao,H. Motoyama,FAGIANO OKAYAMA,Normal Goal,1546398
31/05/2026,J1 League,2026/2027,FAGIANO OKAYAMA,URAWA,70,70,2P,Danilo Boza,S. Nakajima,URAWA,Normal Goal,1546398
06/06/2026,J1 League,2026/2027,KASHIMA,VISSEL KOBE,68,68,2P,H. Hayashu,Leo Ceara,KASHIMA,Normal Goal,1546317
06/06/2026,J1 League,2026/2027,KASHIMA,VISSEL KOBE,70,70,2P,K. Anzai,G. Shibasaki,KASHIMA,Normal Goal,1546317
06/06/2026,J1 League,2026/2027,FC TOKYO,CEREZO OSAKA,10,10,1P,S. Homma,M. Shibayama,CEREZO OSAKA,Normal Goal,1546400
06/06/2026,J1 League,2026/2027,FC TOKYO,CEREZO OSAKA,35,35,1P,S. Sakuragawa,,CEREZO OSAKA,Penalty,1546400
06/06/2026,J1 League,2026/2027,FC TOKYO,CEREZO OSAKA,43,43,1P,S. Sakuragawa,M. Shibayama,CEREZO OSAKA,Normal Goal,1546400
06/06/2026,J1 League,2026/2027,FC TOKYO,CEREZO OSAKA,62,62,2P,R. Sato,L. Nozawa,FC TOKYO,Normal Goal,1546400
06/06/2026,J1 League,2026/2027,JEF UNITED CHIBA,AVISPA FUKUOKA,32,32,1P,H. Goya,,JEF UNITED CHIBA,Penalty,1546316
06/06/2026,J1 League,2026/2027,JEF UNITED CHIBA,AVISPA FUKUOKA,57,57,2P,Y. Hashimoto,T. Miki,AVISPA FUKUOKA,Normal Goal,1546316
06/06/2026,J1 League,2026/2027,JEF UNITED CHIBA,AVISPA FUKUOKA,68,68,2P,Y. Maejima,,AVISPA FUKUOKA,Normal Goal,1546316
06/06/2026,J1 League,2026/2027,MACHIDA ZELVIA,NAGOYA GRAMPUS,93,93,2P,K. Nagai,H. Koda,NAGOYA GRAMPUS,Normal Goal,1546401
06/06/2026,J1 League,2026/2027,MACHIDA ZELVIA,NAGOYA GRAMPUS,100,100,2P,Y. Nakayama,K. Kuwayama,MACHIDA ZELVIA,Normal Goal,1546401
06/06/2026,J1 League,2026/2027,MACHIDA ZELVIA,NAGOYA GRAMPUS,113,113,2P,H. Shimoda,Y. Nakayama,MACHIDA ZELVIA,Normal Goal,1546401
06/06/2026,J1 League,2026/2027,MITO HOLLYHOCK,V-VAREN NAGASAKI,15,15,1P,H. Nabeshima,,V-VAREN NAGASAKI,Normal Goal,1546402
06/06/2026,J1 League,2026/2027,URAWA,FAGIANO OKAYAMA,18,18,1P,H. Omori,Kamiya Yuta,FAGIANO OKAYAMA,Normal Goal,1546403
06/06/2026,J1 League,2026/2027,URAWA,FAGIANO OKAYAMA,90,90,2P,K. Kawano,T. Yamane,FAGIANO OKAYAMA,Normal Goal,1546403
06/06/2026,J1 League,2026/2027,TOKYO VERDY,GAMBA OSAKA,16,16,1P,G. Nawata,T. Tono,GAMBA OSAKA,Normal Goal,1546404
06/06/2026,J1 League,2026/2027,TOKYO VERDY,GAMBA OSAKA,45,45,1P,T. Kishimoto,,TOKYO VERDY,Own Goal,1546404
06/06/2026,J1 League,2026/2027,TOKYO VERDY,GAMBA OSAKA,49,49,2P,S. Nakano,Y. Yoshihara,GAMBA OSAKA,Normal Goal,1546404
06/06/2026,J1 League,2026/2027,TOKYO VERDY,GAMBA OSAKA,82,82,2P,G. Ikegaya,,TOKYO VERDY,Own Goal,1546404
06/06/2026,J1 League,2026/2027,TOKYO VERDY,GAMBA OSAKA,88,88,2P,G. Nawata,T. Kishimoto,GAMBA OSAKA,Normal Goal,1546404
06/06/2026,J1 League,2026/2027,TOKYO VERDY,GAMBA OSAKA,90,90,2P,S. Toyama,G. Nawata,GAMBA OSAKA,Normal Goal,1546404
06/06/2026,J1 League,2026/2027,YOKOHAMA F. MARINOS,SHIMIZU S-PULSE,28,28,1P,J. Amano,,YOKOHAMA F. MARINOS,Normal Goal,1546405
06/06/2026,J1 League,2026/2027,YOKOHAMA F. MARINOS,SHIMIZU S-PULSE,66,66,2P,J. Amano,,YOKOHAMA F. MARINOS,Normal Goal,1546405
06/06/2026,J1 League,2026/2027,YOKOHAMA F. MARINOS,SHIMIZU S-PULSE,89,89,2P,T. Inoue,,YOKOHAMA F. MARINOS,Normal Goal,1546405
06/06/2026,J1 League,2026/2027,KASHIWA REYSOL,KYOTO SANGA,57,57,2P,Joao Pedro,T. Matsuda,KYOTO SANGA,Normal Goal,1546406
06/06/2026,J1 League,2026/2027,KAWASAKI FRONTALE,SANFRECCE HIROSHIMA,44,44,1P,S. Nakamura,T. Matsumoto,SANFRECCE HIROSHIMA,Normal Goal,1546407
08/08/2026,J2 League,2026/2027,CONSADOLE SAPPORO,TOKUSHIMA VORTIS,15,15,1P,Vini Peixoto,T. Pruetong,CONSADOLE SAPPORO,Normal Goal,1606596
08/08/2026,J2 League,2026/2027,CONSADOLE SAPPORO,TOKUSHIMA VORTIS,58,58,2P,H. Shirai,Vini Peixoto,CONSADOLE SAPPORO,Normal Goal,1606596
08/08/2026,J2 League,2026/2027,FUJIEDA MYFC,VEGALTA SENDAI,12,12,1P,S. Suzuki,M. Kitahara,FUJIEDA MYFC,Normal Goal,1606597
08/08/2026,J2 League,2026/2027,FUJIEDA MYFC,VEGALTA SENDAI,52,52,2P,M. Nakajima,M. Nakajima,VEGALTA SENDAI,Missed Penalty,1606597
08/08/2026,J2 League,2026/2027,FUJIEDA MYFC,VEGALTA SENDAI,73,73,2P,W. Kanemoto,K. Matsuda,FUJIEDA MYFC,Normal Goal,1606597
08/08/2026,J2 League,2026/2027,VANRAURE HACHINOHE,KATALLER TOYAMA,6,6,1P,Y. Sato,,VANRAURE HACHINOHE,Normal Goal,1606598
08/08/2026,J2 League,2026/2027,VANRAURE HACHINOHE,KATALLER TOYAMA,47,47,2P,Y. Sato,,VANRAURE HACHINOHE,Normal Goal,1606598
08/08/2026,J2 League,2026/2027,JUBILO IWATA,BLAUBLITZ AKITA,1,1,1P,R. Ota,,JUBILO IWATA,Normal Goal,1606602
08/08/2026,J2 League,2026/2027,JUBILO IWATA,BLAUBLITZ AKITA,61,61,2P,K. Handa,,BLAUBLITZ AKITA,Normal Goal,1606602
08/08/2026,J2 League,2026/2027,OITA TRINITA,SHONAN BELLMARE,43,43,1P,H. Yamada,S. Takeda,SHONAN BELLMARE,Normal Goal,1606599
08/08/2026,J2 League,2026/2027,OMIYA ARDIJA,ALBIREX NIIGATA,5,5,1P,O. Yamamoto,Caprini,OMIYA ARDIJA,Normal Goal,1606601
08/08/2026,J2 League,2026/2027,TEGEVAJARO MIYAZAKI,YOKOHAMA FC,76,76,2P,Adailton,Joao Paulo,YOKOHAMA FC,Normal Goal,1606600
08/08/2026,J2 League,2026/2027,SAGAN TOSU,VENTFORET KOFU,42,42,1P,T. Takahashi,S. Nagasawa,SAGAN TOSU,Normal Goal,1606603
08/08/2026,J2 League,2026/2027,SAGAN TOSU,VENTFORET KOFU,87,87,2P,Y. Tanaka,,SAGAN TOSU,Penalty,1606603
09/08/2026,J2 League,2026/2027,IWAKI,IMABARI,48,48,2P,N. Kumata,,IWAKI,Normal Goal,1606604
09/08/2026,J2 League,2026/2027,IWAKI,IMABARI,50,50,2P,N. Kumata,,IWAKI,Normal Goal,1606604
09/08/2026,J2 League,2026/2027,IWAKI,IMABARI,55,55,2P,E. Junio,,IMABARI,Penalty,1606604
09/08/2026,J2 League,2026/2027,MONTEDIO YAMAGATA,TOCHIGI CITY,20,20,1P,A. S. Disaro,,MONTEDIO YAMAGATA,Penalty,1606605
09/08/2026,J2 League,2026/2027,MONTEDIO YAMAGATA,TOCHIGI CITY,90,90+4,2P,R. Kawana,K. Yanagimachi,MONTEDIO YAMAGATA,Normal Goal,1606605
17/07/2026,Super Liga,2026/2027,FK CRVENA ZVEZDA,MACVA,7,7,1P,Bruno Duarte,V. Kostov,FK CRVENA ZVEZDA,Normal Goal,1553808
17/07/2026,Super Liga,2026/2027,FK CRVENA ZVEZDA,MACVA,18,18,1P,R. Krunic,Bruno Duarte,FK CRVENA ZVEZDA,Normal Goal,1553808
17/07/2026,Super Liga,2026/2027,FK CRVENA ZVEZDA,MACVA,33,33,1P,I. Kone,,FK CRVENA ZVEZDA,Own Goal,1553808
17/07/2026,Super Liga,2026/2027,FK CRVENA ZVEZDA,MACVA,48,48,2P,V. Kostov,Bruno Duarte,FK CRVENA ZVEZDA,Normal Goal,1553808
17/07/2026,Super Liga,2026/2027,FK CRVENA ZVEZDA,MACVA,82,82,2P,V. Kostov,,FK CRVENA ZVEZDA,Normal Goal,1553808
17/07/2026,Super Liga,2026/2027,ŽELEZNIČAR PANČEVO,RADNICKI NIS,13,13,1P,N. Jovanovic,S. Pedro,ŽELEZNIČAR PANČEVO,Normal Goal,1553813
17/07/2026,Super Liga,2026/2027,ŽELEZNIČAR PANČEVO,RADNICKI NIS,29,29,1P,L. Izderic,M. Spasic,RADNICKI NIS,Normal Goal,1553813
17/07/2026,Super Liga,2026/2027,ŽELEZNIČAR PANČEVO,RADNICKI NIS,70,70,2P,N. Djuricic,S. Jasper,ŽELEZNIČAR PANČEVO,Normal Goal,1553813
18/07/2026,Super Liga,2026/2027,ZEMUN,FK PARTIZAN,19,19,1P,M. Aleksic,M. Roganovic,FK PARTIZAN,Normal Goal,1553814
18/07/2026,Super Liga,2026/2027,ZEMUN,FK PARTIZAN,57,57,2P,D. Petrovic,N. Belakovic,ZEMUN,Normal Goal,1553814
18/07/2026,Super Liga,2026/2027,ZEMUN,FK PARTIZAN,76,76,2P,O. Ugresic,M. Vukotic,FK PARTIZAN,Normal Goal,1553814
18/07/2026,Super Liga,2026/2027,ZEMUN,FK PARTIZAN,90,90,2P,N. Petrusic,,ZEMUN,Normal Goal,1553814
18/07/2026,Super Liga,2026/2027,NOVI PAZAR,RADNICKI 1923,33,33,1P,I. Davidovic,D. Sadi,NOVI PAZAR,Normal Goal,1553810
19/07/2026,Super Liga,2026/2027,VOJVODINA,OFK BEOGRAD,54,54,2P,L. Randjelovic,M. Kolarevic,VOJVODINA,Normal Goal,1553812
19/07/2026,Super Liga,2026/2027,VOJVODINA,OFK BEOGRAD,58,58,2P,N. Mulahusejnovic,L. Randjelovic,VOJVODINA,Normal Goal,1553812
19/07/2026,Super Liga,2026/2027,VOJVODINA,OFK BEOGRAD,73,73,2P,N. Mulahusejnovic,P. Sukacev,VOJVODINA,Normal Goal,1553812
19/07/2026,Super Liga,2026/2027,VOJVODINA,OFK BEOGRAD,83,83,2P,P. Sukacev,L. Randjelovic,VOJVODINA,Normal Goal,1553812
19/07/2026,Super Liga,2026/2027,CUKARICKI,IMT NOVI BEOGRAD,42,42,1P,S. Sapic,V. Novicic,IMT NOVI BEOGRAD,Normal Goal,1553809
19/07/2026,Super Liga,2026/2027,RADNIK SURDULICA,MLADOST LUCANI,54,54,2P,M. Todosijevic,A. Varjacic,MLADOST LUCANI,Normal Goal,1553811
19/07/2026,Super Liga,2026/2027,RADNIK SURDULICA,MLADOST LUCANI,56,56,2P,D. Stojanovic,D. Stojanovic,RADNIK SURDULICA,Normal Goal,1553811
25/07/2026,Super Liga,2026/2027,RADNICKI NIS,CUKARICKI,26,26,1P,U. Miladinovic,N. Miletic,CUKARICKI,Normal Goal,1553821
25/07/2026,Super Liga,2026/2027,RADNICKI NIS,CUKARICKI,29,29,1P,M. Djokovic,Z. Sehovic,CUKARICKI,Normal Goal,1553821
25/07/2026,Super Liga,2026/2027,RADNICKI NIS,CUKARICKI,78,78,2P,Issah Abass,,RADNICKI NIS,Missed Penalty,1553821
25/07/2026,Super Liga,2026/2027,IMT NOVI BEOGRAD,ZEMUN,40,40,1P,I. Martos,,IMT NOVI BEOGRAD,Normal Goal,1553816
25/07/2026,Super Liga,2026/2027,IMT NOVI BEOGRAD,ZEMUN,56,56,2P,C. Keita,N. Glisic,IMT NOVI BEOGRAD,Normal Goal,1553816
25/07/2026,Super Liga,2026/2027,IMT NOVI BEOGRAD,ZEMUN,63,63,2P,V. Novicic,,IMT NOVI BEOGRAD,Penalty,1553816
25/07/2026,Super Liga,2026/2027,IMT NOVI BEOGRAD,ZEMUN,78,78,2P,T. Cojic,,IMT NOVI BEOGRAD,Normal Goal,1553816
26/07/2026,Super Liga,2026/2027,FK CRVENA ZVEZDA,VOJVODINA,15,15,1P,O. Bukari,Bruno Duarte,FK CRVENA ZVEZDA,Normal Goal,1553815
26/07/2026,Super Liga,2026/2027,FK CRVENA ZVEZDA,VOJVODINA,19,19,1P,V. Kostov,,FK CRVENA ZVEZDA,Normal Goal,1553815
26/07/2026,Super Liga,2026/2027,FK CRVENA ZVEZDA,VOJVODINA,32,32,1P,N. Mulahusejnovic,L. Randjelovic,VOJVODINA,Normal Goal,1553815
26/07/2026,Super Liga,2026/2027,FK CRVENA ZVEZDA,VOJVODINA,90,90,2P,D. Saric,A. Katai,FK CRVENA ZVEZDA,Normal Goal,1553815
26/07/2026,Super Liga,2026/2027,MACVA,FK PARTIZAN,10,10,1P,I. Zubairu,M. Vukotic,FK PARTIZAN,Normal Goal,1553817
26/07/2026,Super Liga,2026/2027,MACVA,FK PARTIZAN,59,59,2P,M. Vidakov,S. Sladojevic,MACVA,Normal Goal,1553817
26/07/2026,Super Liga,2026/2027,MACVA,FK PARTIZAN,88,88,2P,D. Seck,E. Kojzek,FK PARTIZAN,Normal Goal,1553817
26/07/2026,Super Liga,2026/2027,MACVA,FK PARTIZAN,90,90,2P,C. Traore,E. Kojzek,FK PARTIZAN,Normal Goal,1553817
01/08/2026,Super Liga,2026/2027,NOVI PAZAR,OFK BEOGRAD,13,13,1P,D. Y. Silue,,OFK BEOGRAD,Normal Goal,1553823
01/08/2026,Super Liga,2026/2027,NOVI PAZAR,OFK BEOGRAD,32,32,1P,V. Kotzebue,,NOVI PAZAR,Penalty,1553823
01/08/2026,Super Liga,2026/2027,NOVI PAZAR,OFK BEOGRAD,40,40,1P,D. Y. Silue,H. Aderoju,OFK BEOGRAD,Normal Goal,1553823
01/08/2026,Super Liga,2026/2027,NOVI PAZAR,OFK BEOGRAD,46,46,2P,J. Sljivic,H. Aderoju,OFK BEOGRAD,Normal Goal,1553823
01/08/2026,Super Liga,2026/2027,NOVI PAZAR,OFK BEOGRAD,67,67,2P,S. Pena,,OFK BEOGRAD,Normal Goal,1553823
01/08/2026,Super Liga,2026/2027,CUKARICKI,RADNICKI 1923,4,4,1P,F. Durmishaj,U. Miladinovic,CUKARICKI,Normal Goal,1553822
01/08/2026,Super Liga,2026/2027,CUKARICKI,RADNICKI 1923,26,26,1P,U. Miladinovic,D. Nikolic,CUKARICKI,Normal Goal,1553822
01/08/2026,Super Liga,2026/2027,CUKARICKI,RADNICKI 1923,33,33,1P,U. Miladinovic,Z. Sehovic,CUKARICKI,Normal Goal,1553822
02/08/2026,Super Liga,2026/2027,FK PARTIZAN,IMT NOVI BEOGRAD,52,52,2P,D. Zagar,T. Cojic,IMT NOVI BEOGRAD,Normal Goal,1553824
02/08/2026,Super Liga,2026/2027,FK PARTIZAN,IMT NOVI BEOGRAD,89,89,2P,M. Vukotic,,FK PARTIZAN,Normal Goal,1553824
02/08/2026,Super Liga,2026/2027,FK PARTIZAN,IMT NOVI BEOGRAD,90,90,2P,O. Lebi,,IMT NOVI BEOGRAD,Normal Goal,1553824
02/08/2026,Super Liga,2026/2027,ZEMUN,RADNICKI NIS,90,90,2P,I. Abass,D. Petrovic,RADNICKI NIS,Normal Goal,1553828
03/08/2026,Super Liga,2026/2027,VOJVODINA,MACVA,59,59,2P,D. Zukic,N. Petrovic,VOJVODINA,Normal Goal,1553826
03/08/2026,Super Liga,2026/2027,VOJVODINA,MACVA,90,90,2P,L. Randjelovic,L. Nikolic,VOJVODINA,Normal Goal,1553826
08/08/2026,Super Liga,2026/2027,FK CRVENA ZVEZDA,NOVI PAZAR,45,45,1P,A. Katai,M. Ivanic,FK CRVENA ZVEZDA,Normal Goal,1553829
08/08/2026,Super Liga,2026/2027,FK CRVENA ZVEZDA,NOVI PAZAR,58,58,2P,J. Enem,A. Katai,FK CRVENA ZVEZDA,Normal Goal,1553829
08/08/2026,Super Liga,2026/2027,RADNICKI 1923,ZEMUN,12,12,1P,M. Cisse,B. Nikcevic,RADNICKI 1923,Normal Goal,1553833
08/08/2026,Super Liga,2026/2027,RADNICKI 1923,ZEMUN,44,44,1P,M. Cisse,N. Glavcic,RADNICKI 1923,Normal Goal,1553833
08/08/2026,Super Liga,2026/2027,RADNICKI 1923,ZEMUN,73,73,2P,U. Sremcevic,,RADNICKI 1923,Normal Goal,1553833
09/08/2026,Super Liga,2026/2027,VOJVODINA,RADNIK SURDULICA,50,50,2P,D. Zukic,,VOJVODINA,Normal Goal,1553835
09/08/2026,Super Liga,2026/2027,VOJVODINA,RADNIK SURDULICA,63,63,2P,P. Sukacev,L. Randjelovic,VOJVODINA,Normal Goal,1553835
09/08/2026,Super Liga,2026/2027,VOJVODINA,RADNIK SURDULICA,68,68,2P,V. Bogdanovic,,RADNIK SURDULICA,Penalty,1553835
09/08/2026,Super Liga,2026/2027,MACVA,IMT NOVI BEOGRAD,23,23,1P,M. Vidakov,,MACVA,Normal Goal,1553830
09/08/2026,Super Liga,2026/2027,MLADOST LUCANI,CUKARICKI,18,18,1P,A. Cisse,,CUKARICKI,Normal Goal,1553831
09/08/2026,Super Liga,2026/2027,MLADOST LUCANI,CUKARICKI,80,80,2P,A. Nanque,L. Stojanovic,CUKARICKI,Normal Goal,1553831
09/08/2026,Super Liga,2026/2027,MLADOST LUCANI,CUKARICKI,83,83,2P,M. Todosijevic,V. Kijevcanin,MLADOST LUCANI,Normal Goal,1553831
09/08/2026,Super Liga,2026/2027,MLADOST LUCANI,CUKARICKI,90,90,2P,N. Cirkovic,A. Varjacic,MLADOST LUCANI,Normal Goal,1553831
09/08/2026,Super Liga,2026/2027,OFK BEOGRAD,ŽELEZNIČAR PANČEVO,6,6,1P,J. Jevremovic,S. Pedro,ŽELEZNIČAR PANČEVO,Normal Goal,1553832
09/08/2026,Super Liga,2026/2027,OFK BEOGRAD,ŽELEZNIČAR PANČEVO,18,18,1P,S. Pedro,J. Jevremovic,ŽELEZNIČAR PANČEVO,Normal Goal,1553832
09/08/2026,Super Liga,2026/2027,OFK BEOGRAD,ŽELEZNIČAR PANČEVO,25,25,1P,D. Y. Silue,M. Gobeljic,OFK BEOGRAD,Normal Goal,1553832
09/08/2026,Super Liga,2026/2027,OFK BEOGRAD,ŽELEZNIČAR PANČEVO,72,72,2P,D. Rankovic,U. Stojanovic,OFK BEOGRAD,Normal Goal,1553832
14/03/2026,Eliteserien,2026/2027,HAM-KAM,VIKING,36,36,1P,H. Udahl,,HAM-KAM,Normal Goal,1494596
14/03/2026,Eliteserien,2026/2027,HAM-KAM,VIKING,38,38,1P,L. Mettler,,HAM-KAM,Normal Goal,1494596
14/03/2026,Eliteserien,2026/2027,HAM-KAM,VIKING,45,45,1P,G. Stensness,Z. Tripic,VIKING,Normal Goal,1494596
14/03/2026,Eliteserien,2026/2027,MOLDE,ROSENBORG,31,31,1P,E. Breivik,C. Zady,MOLDE,Normal Goal,1494597
14/03/2026,Eliteserien,2026/2027,MOLDE,ROSENBORG,57,57,2P,E. Hestad,H. Stenevik,MOLDE,Normal Goal,1494597
15/03/2026,Eliteserien,2026/2027,KRISTIANSUND BK,BRANN,3,3,1P,M. Isah,,KRISTIANSUND BK,Penalty,1494598
15/03/2026,Eliteserien,2026/2027,KRISTIANSUND BK,BRANN,45,45,1P,J. Soltvedt,,BRANN,Penalty,1494598
15/03/2026,Eliteserien,2026/2027,KRISTIANSUND BK,BRANN,65,65,2P,B. Finne,N. Holm,BRANN,Normal Goal,1494598
15/03/2026,Eliteserien,2026/2027,KRISTIANSUND BK,BRANN,84,84,2P,P. Meliga,,KRISTIANSUND BK,Normal Goal,1494598
15/03/2026,Eliteserien,2026/2027,KRISTIANSUND BK,BRANN,90,90,2P,P. Meliga,H. Bruseth,KRISTIANSUND BK,Normal Goal,1494598
15/03/2026,Eliteserien,2026/2027,VALERENGA,SANDEFJORD,5,5,1P,C. Lange,,VALERENGA,Normal Goal,1494602
15/03/2026,Eliteserien,2026/2027,VALERENGA,SANDEFJORD,61,61,2P,Nikolaj Möller,,SANDEFJORD,Missed Penalty,1494602
15/03/2026,Eliteserien,2026/2027,AALESUND,LILLESTROM,6,6,1P,K. Lonebu,J. Orsahl,AALESUND,Normal Goal,1494599
15/03/2026,Eliteserien,2026/2027,AALESUND,LILLESTROM,18,18,1P,Felix Va,,LILLESTROM,Normal Goal,1494599
15/03/2026,Eliteserien,2026/2027,AALESUND,LILLESTROM,58,58,2P,T. Olsen,,LILLESTROM,Normal Goal,1494599
15/03/2026,Eliteserien,2026/2027,AALESUND,LILLESTROM,78,78,2P,Thomas Lehne Olsen,,LILLESTROM,Missed Penalty,1494599
15/03/2026,Eliteserien,2026/2027,AALESUND,LILLESTROM,79,79,2P,T. Olsen,,LILLESTROM,Normal Goal,1494599
15/03/2026,Eliteserien,2026/2027,KFUM OSLO,START,58,58,2P,T. Haltvik,S. Sjokvist,KFUM OSLO,Normal Goal,1494600
15/03/2026,Eliteserien,2026/2027,KFUM OSLO,START,72,72,2P,R. E. Vinge,M. Vinjor,KFUM OSLO,Normal Goal,1494600
15/03/2026,Eliteserien,2026/2027,TROMSO,FREDRIKSTAD,3,3,1P,H. Larsen,,TROMSO,Normal Goal,1494603
15/03/2026,Eliteserien,2026/2027,TROMSO,FREDRIKSTAD,64,64,2P,J. Hjerto-Dahl,D. Edvardsson,TROMSO,Normal Goal,1494603
15/03/2026,Eliteserien,2026/2027,TROMSO,FREDRIKSTAD,72,72,2P,J. Hjerto-Dahl,R. Jenssen,TROMSO,Normal Goal,1494603
15/03/2026,Eliteserien,2026/2027,TROMSO,FREDRIKSTAD,86,86,2P,J. Hjerto-Dahl,R. Jenssen,TROMSO,Normal Goal,1494603
21/03/2026,Eliteserien,2026/2027,START,AALESUND,8,8,1P,K. Lonebu,H. Hammer,AALESUND,Normal Goal,1494604
21/03/2026,Eliteserien,2026/2027,START,AALESUND,48,48,2P,E. Reitan,M. Ugland,START,Normal Goal,1494604
21/03/2026,Eliteserien,2026/2027,START,AALESUND,74,74,2P,Jesper Cornelius,,START,Missed Penalty,1494604
21/03/2026,Eliteserien,2026/2027,VIKING,MOLDE,7,7,1P,N. Fuglestad,P. Christiansen,VIKING,Normal Goal,1494605
21/03/2026,Eliteserien,2026/2027,VIKING,MOLDE,9,9,1P,E. Breivik,,MOLDE,Normal Goal,1494605
21/03/2026,Eliteserien,2026/2027,VIKING,MOLDE,25,25,1P,H. Heggheim,Z. Tripic,VIKING,Normal Goal,1494605
21/03/2026,Eliteserien,2026/2027,VIKING,MOLDE,31,31,1P,H. Heggheim,K. Haugen,VIKING,Normal Goal,1494605
21/03/2026,Eliteserien,2026/2027,VIKING,MOLDE,61,61,2P,N. Fuglestad,S. Kvia-Egeskog,VIKING,Normal Goal,1494605
22/03/2026,Eliteserien,2026/2027,ROSENBORG,VALERENGA,58,58,2P,C. Lange,K. Finnsson,VALERENGA,Normal Goal,1494606
22/03/2026,Eliteserien,2026/2027,ROSENBORG,VALERENGA,63,63,2P,I. Nasberg,,VALERENGA,Normal Goal,1494606
22/03/2026,Eliteserien,2026/2027,BRANN,TROMSO,10,10,1P,A. Thongla-Iad Warneryd,H. Larsen,TROMSO,Normal Goal,1494607
22/03/2026,Eliteserien,2026/2027,BRANN,TROMSO,43,43,1P,F. Myhre,B. Finne,BRANN,Normal Goal,1494607
22/03/2026,Eliteserien,2026/2027,BRANN,TROMSO,47,47,2P,D. Braut,,TROMSO,Normal Goal,1494607
22/03/2026,Eliteserien,2026/2027,SANDEFJORD,SARPSBORG 08 FF,30,30,1P,S. Sorli,V. E. Halvorsen,SARPSBORG 08 FF,Normal Goal,1494610
22/03/2026,Eliteserien,2026/2027,SANDEFJORD,SARPSBORG 08 FF,35,35,1P,D. Karlsbakk,,SARPSBORG 08 FF,Penalty,1494610
22/03/2026,Eliteserien,2026/2027,FREDRIKSTAD,KFUM OSLO,10,10,1P,S. Hestnes,,FREDRIKSTAD,Own Goal,1494608
22/03/2026,Eliteserien,2026/2027,FREDRIKSTAD,KFUM OSLO,19,19,1P,R. R. Shein,,FREDRIKSTAD,Normal Goal,1494608
22/03/2026,Eliteserien,2026/2027,FREDRIKSTAD,KFUM OSLO,23,23,1P,T. Haltvik,M. Vinjor,KFUM OSLO,Normal Goal,1494608
22/03/2026,Eliteserien,2026/2027,FREDRIKSTAD,KFUM OSLO,31,31,1P,J. Nunez,L. Owusu,FREDRIKSTAD,Normal Goal,1494608
06/04/2026,Eliteserien,2026/2027,VALERENGA,VIKING,45,45,1P,S. Kvia-Egeskog,,VIKING,Normal Goal,1494612
06/04/2026,Eliteserien,2026/2027,KRISTIANSUND BK,BODO/GLIMT,28,28,1P,F. Bjorkan,O. Blomberg,BODO/GLIMT,Normal Goal,1494614
06/04/2026,Eliteserien,2026/2027,KRISTIANSUND BK,BODO/GLIMT,35,35,1P,O. Blomberg,K. Hogh,BODO/GLIMT,Normal Goal,1494614
06/04/2026,Eliteserien,2026/2027,KRISTIANSUND BK,BODO/GLIMT,54,54,2P,F. Sjovold,K. Hogh,BODO/GLIMT,Normal Goal,1494614
06/04/2026,Eliteserien,2026/2027,MOLDE,LILLESTROM,49,49,2P,T. Olsen,Felix Va,LILLESTROM,Normal Goal,1494615
06/04/2026,Eliteserien,2026/2027,SARPSBORG 08 FF,START,33,33,1P,J. Cornelius,E. Schulze,START,Normal Goal,1494616
06/04/2026,Eliteserien,2026/2027,SARPSBORG 08 FF,START,35,35,1P,C. Niyukuri,M. Opoku,SARPSBORG 08 FF,Normal Goal,1494616
06/04/2026,Eliteserien,2026/2027,HAM-KAM,BRANN,32,32,1P,N. Holm,B. Finne,BRANN,Normal Goal,1494613
06/04/2026,Eliteserien,2026/2027,HAM-KAM,BRANN,37,37,1P,J. Thorsteinsson,,BRANN,Normal Goal,1494613
06/04/2026,Eliteserien,2026/2027,HAM-KAM,BRANN,59,59,2P,B. Finne,J. Sorensen,BRANN,Normal Goal,1494613
06/04/2026,Eliteserien,2026/2027,HAM-KAM,BRANN,74,74,2P,M. Niang,H. Opsahl,HAM-KAM,Normal Goal,1494613
06/04/2026,Eliteserien,2026/2027,HAM-KAM,BRANN,80,80,2P,M. Haaland,K. Eriksen,BRANN,Normal Goal,1494613
06/04/2026,Eliteserien,2026/2027,HAM-KAM,BRANN,85,85,2P,K. Eriksen,U. Mathisen,BRANN,Normal Goal,1494613
06/04/2026,Eliteserien,2026/2027,TROMSO,ROSENBORG,27,27,1P,J. Hjerto-Dahl,L. Cornic,TROMSO,Normal Goal,1494617
06/04/2026,Eliteserien,2026/2027,TROMSO,ROSENBORG,48,48,2P,H. Larsen,,TROMSO,Normal Goal,1494617
07/04/2026,Eliteserien,2026/2027,AALESUND,FREDRIKSTAD,31,31,1P,H. Melland,M. Christensen,AALESUND,Normal Goal,1494618
07/04/2026,Eliteserien,2026/2027,AALESUND,FREDRIKSTAD,44,44,1P,S. Leach,,FREDRIKSTAD,Normal Goal,1494618
07/04/2026,Eliteserien,2026/2027,AALESUND,FREDRIKSTAD,49,49,2P,K. Lonebu,H. Melland,AALESUND,Normal Goal,1494618
07/04/2026,Eliteserien,2026/2027,AALESUND,FREDRIKSTAD,70,70,2P,R. R. Shein,S. Laghzaoui,FREDRIKSTAD,Normal Goal,1494618
07/04/2026,Eliteserien,2026/2027,AALESUND,FREDRIKSTAD,88,88,2P,E. Granaas,O. Ohlenschlaeger,FREDRIKSTAD,Normal Goal,1494618
07/04/2026,Eliteserien,2026/2027,KFUM OSLO,SANDEFJORD,5,5,1P,J. Vester,Z. Smajlovic,SANDEFJORD,Normal Goal,1494619
07/04/2026,Eliteserien,2026/2027,KFUM OSLO,SANDEFJORD,16,16,1P,T. Haltvik,J. Hjorth,KFUM OSLO,Normal Goal,1494619
07/04/2026,Eliteserien,2026/2027,KFUM OSLO,SANDEFJORD,30,30,1P,E. Patoulidis,,SANDEFJORD,Penalty,1494619
11/04/2026,Eliteserien,2026/2027,LILLESTROM,START,17,17,1P,M. Karlsbakk,,LILLESTROM,Normal Goal,1494620
11/04/2026,Eliteserien,2026/2027,LILLESTROM,START,45,45,1P,M. Karlsbakk,L. Ranger,LILLESTROM,Normal Goal,1494620
11/04/2026,Eliteserien,2026/2027,LILLESTROM,START,68,68,2P,Felix Va,T. Olsen,LILLESTROM,Normal Goal,1494620
11/04/2026,Eliteserien,2026/2027,LILLESTROM,START,80,80,2P,O. Toure,H. Lorentzen,START,Normal Goal,1494620
11/04/2026,Eliteserien,2026/2027,TROMSO,KRISTIANSUND BK,60,60,2P,L. O. Larsen,R. Jenssen,TROMSO,Normal Goal,1494621
11/04/2026,Eliteserien,2026/2027,TROMSO,KRISTIANSUND BK,68,68,2P,D. Braut,J. Haugaard,TROMSO,Normal Goal,1494621
11/04/2026,Eliteserien,2026/2027,VIKING,BODO/GLIMT,5,5,1P,P. Christiansen,,VIKING,Normal Goal,1494622
11/04/2026,Eliteserien,2026/2027,VIKING,BODO/GLIMT,14,14,1P,K. Askildsen,J. Bell,VIKING,Normal Goal,1494622
11/04/2026,Eliteserien,2026/2027,VIKING,BODO/GLIMT,16,16,1P,S. Kvia-Egeskog,Z. Tripic,VIKING,Normal Goal,1494622
11/04/2026,Eliteserien,2026/2027,VIKING,BODO/GLIMT,74,74,2P,S. Kvia-Egeskog,P. Christiansen,VIKING,Normal Goal,1494622
11/04/2026,Eliteserien,2026/2027,VIKING,BODO/GLIMT,87,87,2P,Z. Tripic,P. Christiansen,VIKING,Normal Goal,1494622
12/04/2026,Eliteserien,2026/2027,ROSENBORG,SARPSBORG 08 FF,5,5,1P,A. Sher,B. Utvik,SARPSBORG 08 FF,Normal Goal,1494623
12/04/2026,Eliteserien,2026/2027,ROSENBORG,SARPSBORG 08 FF,33,33,1P,M. Bomholt,I. Fossum,ROSENBORG,Normal Goal,1494623
12/04/2026,Eliteserien,2026/2027,ROSENBORG,SARPSBORG 08 FF,51,51,2P,S. Nordli,O. Selnaes,ROSENBORG,Normal Goal,1494623
12/04/2026,Eliteserien,2026/2027,MOLDE,HAM-KAM,3,3,1P,E. Breivik,,MOLDE,Normal Goal,1494626
12/04/2026,Eliteserien,2026/2027,MOLDE,HAM-KAM,14,14,1P,J. Abdullai,M. Kikkenborg,MOLDE,Normal Goal,1494626
12/04/2026,Eliteserien,2026/2027,MOLDE,HAM-KAM,37,37,1P,F. Sjolstad,,MOLDE,Own Goal,1494626
12/04/2026,Eliteserien,2026/2027,MOLDE,HAM-KAM,48,48,2P,E. Breivik,,MOLDE,Normal Goal,1494626
12/04/2026,Eliteserien,2026/2027,MOLDE,HAM-KAM,58,58,2P,H. Udahl,V. Jonsson,HAM-KAM,Normal Goal,1494626
12/04/2026,Eliteserien,2026/2027,AALESUND,KFUM OSLO,12,12,1P,S. Hestnes,J. Hjorth,KFUM OSLO,Normal Goal,1494624
12/04/2026,Eliteserien,2026/2027,AALESUND,KFUM OSLO,16,16,1P,H. Melland,U. Charles,AALESUND,Normal Goal,1494624
12/04/2026,Eliteserien,2026/2027,AALESUND,KFUM OSLO,63,63,2P,H. Hoseth,T. Haltvik,KFUM OSLO,Normal Goal,1494624
12/04/2026,Eliteserien,2026/2027,AALESUND,KFUM OSLO,88,88,2P,I. Djantou,J. Orsahl,AALESUND,Normal Goal,1494624
12/04/2026,Eliteserien,2026/2027,FREDRIKSTAD,VALERENGA,25,25,1P,M. Grundetjern,M. Westergaard,VALERENGA,Normal Goal,1494625
12/04/2026,Eliteserien,2026/2027,FREDRIKSTAD,VALERENGA,79,79,2P,D. Eid,J. Nunez,FREDRIKSTAD,Normal Goal,1494625
12/04/2026,Eliteserien,2026/2027,BRANN,SANDEFJORD,16,16,1P,S. Mork,B. Berntsen,SANDEFJORD,Normal Goal,1494627
15/04/2026,Eliteserien,2026/2027,SARPSBORG 08 FF,BODO/GLIMT,33,33,1P,S. Christiansen,S. Sorli,SARPSBORG 08 FF,Normal Goal,1494601
15/04/2026,Eliteserien,2026/2027,SARPSBORG 08 FF,BODO/GLIMT,64,64,2P,S. Fet,,BODO/GLIMT,Penalty,1494601
18/04/2026,Eliteserien,2026/2027,BODO/GLIMT,AALESUND,23,23,1P,A. Klynge,,BODO/GLIMT,Normal Goal,1494628
18/04/2026,Eliteserien,2026/2027,BODO/GLIMT,AALESUND,71,71,2P,F. Sjovold,,BODO/GLIMT,Normal Goal,1494628
18/04/2026,Eliteserien,2026/2027,BODO/GLIMT,AALESUND,89,89,2P,E. Engqvist,,BODO/GLIMT,Own Goal,1494628
18/04/2026,Eliteserien,2026/2027,VIKING,BRANN,10,10,1P,K. Haugen,H. Falchener,VIKING,Normal Goal,1494630
18/04/2026,Eliteserien,2026/2027,VIKING,BRANN,37,37,1P,N. Holm,F. Myhre,BRANN,Normal Goal,1494630
18/04/2026,Eliteserien,2026/2027,VIKING,BRANN,42,42,1P,H. Heggheim,Z. Tripic,VIKING,Normal Goal,1494630
18/04/2026,Eliteserien,2026/2027,VIKING,BRANN,58,58,2P,Joachim Soltvedt,,BRANN,Missed Penalty,1494630
18/04/2026,Eliteserien,2026/2027,VIKING,BRANN,58,58,2P,J. Soltvedt,K. Eriksen,BRANN,Normal Goal,1494630
18/04/2026,Eliteserien,2026/2027,VIKING,BRANN,90,90,2P,S. Bjorshol,Z. Tripic,VIKING,Normal Goal,1494630
19/04/2026,Eliteserien,2026/2027,VALERENGA,LILLESTROM,86,86,2P,M. Karlsbakk,Y. Ibrahimaj,LILLESTROM,Normal Goal,1494631
19/04/2026,Eliteserien,2026/2027,VALERENGA,LILLESTROM,90,90,2P,K. Arierhi,G. Nyheim,LILLESTROM,Normal Goal,1494631
19/04/2026,Eliteserien,2026/2027,KRISTIANSUND BK,FREDRIKSTAD,48,48,2P,P. Meliga,,KRISTIANSUND BK,Normal Goal,1494633
19/04/2026,Eliteserien,2026/2027,KRISTIANSUND BK,FREDRIKSTAD,59,59,2P,L. Alvheim,,KRISTIANSUND BK,Normal Goal,1494633
19/04/2026,Eliteserien,2026/2027,SARPSBORG 08 FF,TROMSO,59,59,2P,A. Thongla-Iad Warneryd,J. Hjerto-Dahl,TROMSO,Normal Goal,1494634
19/04/2026,Eliteserien,2026/2027,HAM-KAM,KFUM OSLO,24,24,1P,H. Udahl,,HAM-KAM,Penalty,1494632
19/04/2026,Eliteserien,2026/2027,HAM-KAM,KFUM OSLO,41,41,1P,H. Udahl,,HAM-KAM,Penalty,1494632
19/04/2026,Eliteserien,2026/2027,HAM-KAM,KFUM OSLO,50,50,2P,M. Niang,V. Jonsson,HAM-KAM,Normal Goal,1494632
19/04/2026,Eliteserien,2026/2027,HAM-KAM,KFUM OSLO,81,81,2P,M. Niang,L. Mettler,HAM-KAM,Normal Goal,1494632
19/04/2026,Eliteserien,2026/2027,START,MOLDE,22,22,1P,J. Cornelius,,START,Normal Goal,1494635
19/04/2026,Eliteserien,2026/2027,START,MOLDE,64,64,2P,E. Breivik,S. Hansen,MOLDE,Normal Goal,1494635
25/04/2026,Eliteserien,2026/2027,FREDRIKSTAD,VIKING,45,45,1P,P. Christiansen,N. Fuglestad,VIKING,Normal Goal,1494636
25/04/2026,Eliteserien,2026/2027,FREDRIKSTAD,VIKING,59,59,2P,G. Stensness,Z. Tripic,VIKING,Normal Goal,1494636
25/04/2026,Eliteserien,2026/2027,FREDRIKSTAD,VIKING,65,65,2P,O. Ohlenschlaeger,,FREDRIKSTAD,Normal Goal,1494636
25/04/2026,Eliteserien,2026/2027,ROSENBORG,BRANN,13,13,1P,I. Fossum,,ROSENBORG,Normal Goal,1494637
25/04/2026,Eliteserien,2026/2027,ROSENBORG,BRANN,19,19,1P,J. Thorsteinsson,,BRANN,Normal Goal,1494637
26/04/2026,Eliteserien,2026/2027,MOLDE,VALERENGA,21,21,1P,F. Gulbrandsen,E. Hestad,MOLDE,Normal Goal,1494638
26/04/2026,Eliteserien,2026/2027,MOLDE,VALERENGA,45,45,1P,L. Haren,M. Grundetjern,VALERENGA,Normal Goal,1494638
26/04/2026,Eliteserien,2026/2027,MOLDE,VALERENGA,51,51,2P,E. Breivik,S. Kabini,MOLDE,Normal Goal,1494638
26/04/2026,Eliteserien,2026/2027,MOLDE,VALERENGA,55,55,2P,F. Gulbrandsen,S. Granaas,MOLDE,Normal Goal,1494638
26/04/2026,Eliteserien,2026/2027,MOLDE,VALERENGA,57,57,2P,E. Hestad,,MOLDE,Normal Goal,1494638
26/04/2026,Eliteserien,2026/2027,MOLDE,VALERENGA,86,86,2P,S. Granaas,J. Abdullai,MOLDE,Normal Goal,1494638
26/04/2026,Eliteserien,2026/2027,TROMSO,SANDEFJORD,16,16,1P,H. Larsen,,TROMSO,Normal Goal,1494642
26/04/2026,Eliteserien,2026/2027,TROMSO,SANDEFJORD,28,28,1P,V. Skjaervik,R. Jenssen,TROMSO,Normal Goal,1494642
26/04/2026,Eliteserien,2026/2027,TROMSO,SANDEFJORD,48,48,2P,E. Patoulidis,X. Lambrix,SANDEFJORD,Normal Goal,1494642
26/04/2026,Eliteserien,2026/2027,TROMSO,SANDEFJORD,57,57,2P,T. Nyhammer,L. O. Larsen,TROMSO,Normal Goal,1494642
26/04/2026,Eliteserien,2026/2027,AALESUND,KRISTIANSUND BK,62,62,2P,W. Igor,S. Kilen,KRISTIANSUND BK,Normal Goal,1494639
26/04/2026,Eliteserien,2026/2027,AALESUND,KRISTIANSUND BK,83,83,2P,K. Lonebu,I. Djantou,AALESUND,Normal Goal,1494639
26/04/2026,Eliteserien,2026/2027,KFUM OSLO,SARPSBORG 08 FF,33,33,1P,M. Grodem,,KFUM OSLO,Normal Goal,1494641
26/04/2026,Eliteserien,2026/2027,KFUM OSLO,SARPSBORG 08 FF,86,86,2P,Daniel Karlsbakk,,SARPSBORG 08 FF,Missed Penalty,1494641
26/04/2026,Eliteserien,2026/2027,HAM-KAM,START,47,47,2P,E. Schulze,T. Strannegard,START,Normal Goal,1494640
26/04/2026,Eliteserien,2026/2027,HAM-KAM,START,78,78,2P,M. Niang,A. Potur,HAM-KAM,Normal Goal,1494640
26/04/2026,Eliteserien,2026/2027,HAM-KAM,START,87,87,2P,M. Johnsgard,M. Gjone,HAM-KAM,Normal Goal,1494640
26/04/2026,Eliteserien,2026/2027,LILLESTROM,BODO/GLIMT,37,37,1P,H. Evjen,,BODO/GLIMT,Normal Goal,1494643
26/04/2026,Eliteserien,2026/2027,LILLESTROM,BODO/GLIMT,48,48,2P,K. Hogh,O. Blomberg,BODO/GLIMT,Normal Goal,1494643
29/04/2026,Eliteserien,2026/2027,TROMSO,BRANN,19,19,1P,K. M. Ingason,,BRANN,Normal Goal,1494724
29/04/2026,Eliteserien,2026/2027,TROMSO,BRANN,22,22,1P,K. M. Ingason,,BRANN,Normal Goal,1494724
29/04/2026,Eliteserien,2026/2027,TROMSO,BRANN,37,37,1P,K. M. Ingason,D. De Roeve,BRANN,Normal Goal,1494724
29/04/2026,Eliteserien,2026/2027,TROMSO,BRANN,50,50,2P,U. Mathisen,,BRANN,Normal Goal,1494724
29/04/2026,Eliteserien,2026/2027,TROMSO,BRANN,90,90,2P,M. Haaland,,BRANN,Normal Goal,1494724
30/04/2026,Eliteserien,2026/2027,BODO/GLIMT,START,16,16,1P,I. Maatta,,BODO/GLIMT,Normal Goal,1494732
30/04/2026,Eliteserien,2026/2027,BODO/GLIMT,START,22,22,1P,K. Hogh,S. Fet,BODO/GLIMT,Normal Goal,1494732
30/04/2026,Eliteserien,2026/2027,BODO/GLIMT,START,66,66,2P,K. Hogh,O. Blomberg,BODO/GLIMT,Normal Goal,1494732
30/04/2026,Eliteserien,2026/2027,BODO/GLIMT,START,79,79,2P,Andreas Helmersen,,BODO/GLIMT,Missed Penalty,1494732
30/04/2026,Eliteserien,2026/2027,BODO/GLIMT,START,79,79,2P,A. Helmersen,,BODO/GLIMT,Normal Goal,1494732
30/04/2026,Eliteserien,2026/2027,BODO/GLIMT,START,90,90,2P,A. Helmersen,D. Bassi,BODO/GLIMT,Normal Goal,1494732
01/05/2026,Eliteserien,2026/2027,VIKING,ROSENBORG,2,2,1P,H. Falchener,Z. Tripic,VIKING,Normal Goal,1494644
01/05/2026,Eliteserien,2026/2027,VIKING,ROSENBORG,15,15,1P,K. Askildsen,Z. Tripic,VIKING,Normal Goal,1494644
01/05/2026,Eliteserien,2026/2027,VIKING,ROSENBORG,67,67,2P,Z. Tripic,S. Kvia-Egeskog,VIKING,Normal Goal,1494644
02/05/2026,Eliteserien,2026/2027,BRANN,FREDRIKSTAD,6,6,1P,K. M. Ingason,U. Mathisen,BRANN,Normal Goal,1494645
02/05/2026,Eliteserien,2026/2027,BRANN,FREDRIKSTAD,69,69,2P,J. Soltvedt,K. M. Ingason,BRANN,Normal Goal,1494645
02/05/2026,Eliteserien,2026/2027,BRANN,FREDRIKSTAD,90,90,2P,B. Finne,,BRANN,Penalty,1494645
02/05/2026,Eliteserien,2026/2027,BRANN,FREDRIKSTAD,90,90,2P,U. Fredriksen,D. Eid,FREDRIKSTAD,Normal Goal,1494645
03/05/2026,Eliteserien,2026/2027,LILLESTROM,SARPSBORG 08 FF,4,4,1P,M. Karlsbakk,,LILLESTROM,Penalty,1494646
03/05/2026,Eliteserien,2026/2027,LILLESTROM,SARPSBORG 08 FF,11,11,1P,G. Nyheim,Felix Va,LILLESTROM,Normal Goal,1494646
03/05/2026,Eliteserien,2026/2027,LILLESTROM,SARPSBORG 08 FF,76,76,2P,C. Jebara,Felix Va,LILLESTROM,Normal Goal,1494646
03/05/2026,Eliteserien,2026/2027,LILLESTROM,SARPSBORG 08 FF,90,90,2P,S. Drammeh,,LILLESTROM,Penalty,1494646
03/05/2026,Eliteserien,2026/2027,KRISTIANSUND BK,HAM-KAM,60,60,2P,L. Alvheim,,KRISTIANSUND BK,Normal Goal,1494647
03/05/2026,Eliteserien,2026/2027,KRISTIANSUND BK,HAM-KAM,90,90,2P,E. Amundsen-Day,A. Ekeroth,HAM-KAM,Normal Goal,1494647
03/05/2026,Eliteserien,2026/2027,SANDEFJORD,AALESUND,88,88,2P,S. Mathisen,,SANDEFJORD,Normal Goal,1494648
03/05/2026,Eliteserien,2026/2027,START,TROMSO,33,33,1P,J. Hjerto-Dahl,T. Guddal,TROMSO,Normal Goal,1494649
03/05/2026,Eliteserien,2026/2027,START,TROMSO,75,75,2P,E. Segberg,T. Strannegard,START,Normal Goal,1494649
03/05/2026,Eliteserien,2026/2027,VALERENGA,KFUM OSLO,2,2,1P,H. Hoseth,,VALERENGA,Own Goal,1494650
03/05/2026,Eliteserien,2026/2027,VALERENGA,KFUM OSLO,33,33,1P,M. Grodem,M. Eikrem,KFUM OSLO,Normal Goal,1494650
03/05/2026,Eliteserien,2026/2027,VALERENGA,KFUM OSLO,51,51,2P,L. Haren,H. Bjordal,VALERENGA,Normal Goal,1494650
03/05/2026,Eliteserien,2026/2027,VALERENGA,KFUM OSLO,55,55,2P,M. Eikrem,H. Hoseth,KFUM OSLO,Normal Goal,1494650
04/05/2026,Eliteserien,2026/2027,BODO/GLIMT,MOLDE,36,36,1P,F. Gulbrandsen,,MOLDE,Normal Goal,1494651
08/05/2026,Eliteserien,2026/2027,HAM-KAM,VALERENGA,7,7,1P,H. Udahl,,HAM-KAM,Normal Goal,1494652
09/05/2026,Eliteserien,2026/2027,SARPSBORG 08 FF,FREDRIKSTAD,17,17,1P,F. Holme,,FREDRIKSTAD,Normal Goal,1494653
09/05/2026,Eliteserien,2026/2027,SARPSBORG 08 FF,FREDRIKSTAD,41,41,1P,V. E. Halvorsen,,SARPSBORG 08 FF,Normal Goal,1494653
09/05/2026,Eliteserien,2026/2027,SARPSBORG 08 FF,FREDRIKSTAD,90,90,2P,V. E. Halvorsen,,SARPSBORG 08 FF,Normal Goal,1494653
10/05/2026,Eliteserien,2026/2027,ROSENBORG,LILLESTROM,10,10,1P,S. Nordli,,ROSENBORG,Penalty,1494654
10/05/2026,Eliteserien,2026/2027,ROSENBORG,LILLESTROM,24,24,1P,A. Chiakha,O. Selnaes,ROSENBORG,Normal Goal,1494654
10/05/2026,Eliteserien,2026/2027,TROMSO,MOLDE,80,80,2P,I. Vadebu,R. Jenssen,TROMSO,Normal Goal,1494658
10/05/2026,Eliteserien,2026/2027,TROMSO,MOLDE,90,90,2P,T. Nyhammer,D. Braut,TROMSO,Normal Goal,1494658
10/05/2026,Eliteserien,2026/2027,SANDEFJORD,KRISTIANSUND BK,45,45,1P,R. Alte,E. Pettersen,SANDEFJORD,Normal Goal,1494656
10/05/2026,Eliteserien,2026/2027,SANDEFJORD,KRISTIANSUND BK,66,66,2P,N. Moller,V. Egeli,SANDEFJORD,Normal Goal,1494656
10/05/2026,Eliteserien,2026/2027,KFUM OSLO,VIKING,2,2,1P,P. Christiansen,H. Heggheim,VIKING,Normal Goal,1494655
10/05/2026,Eliteserien,2026/2027,KFUM OSLO,VIKING,79,79,2P,P. Christiansen,Z. Tripic,VIKING,Normal Goal,1494655
16/05/2026,Eliteserien,2026/2027,BRANN,KFUM OSLO,36,36,1P,N. Holm,U. Mathisen,BRANN,Normal Goal,1494660
16/05/2026,Eliteserien,2026/2027,BRANN,KFUM OSLO,43,43,1P,V. Dragsnes,,BRANN,Normal Goal,1494660
16/05/2026,Eliteserien,2026/2027,BRANN,KFUM OSLO,49,49,2P,B. Njie,S. Hestnes,KFUM OSLO,Normal Goal,1494660
16/05/2026,Eliteserien,2026/2027,LILLESTROM,SANDEFJORD,12,12,1P,L. Ranger,,LILLESTROM,Normal Goal,1494662
16/05/2026,Eliteserien,2026/2027,LILLESTROM,SANDEFJORD,49,49,2P,N. Moller,,SANDEFJORD,Normal Goal,1494662
16/05/2026,Eliteserien,2026/2027,LILLESTROM,SANDEFJORD,84,84,2P,G. Nyheim,,LILLESTROM,Normal Goal,1494662
16/05/2026,Eliteserien,2026/2027,LILLESTROM,SANDEFJORD,90,90,2P,L. Alperud,Felix Va,LILLESTROM,Normal Goal,1494662
16/05/2026,Eliteserien,2026/2027,MOLDE,KRISTIANSUND BK,42,42,1P,V. Hoff,S. Hansen,MOLDE,Normal Goal,1494663
16/05/2026,Eliteserien,2026/2027,ROSENBORG,AALESUND,3,3,1P,A. Chiakha,M. Bomholt,ROSENBORG,Normal Goal,1494664
16/05/2026,Eliteserien,2026/2027,ROSENBORG,AALESUND,29,29,1P,K. Lonebu,M. Andresen,AALESUND,Normal Goal,1494664
16/05/2026,Eliteserien,2026/2027,ROSENBORG,AALESUND,50,50,2P,M. Christensen,E. Osenbroch,AALESUND,Normal Goal,1494664
16/05/2026,Eliteserien,2026/2027,ROSENBORG,AALESUND,78,78,2P,E. K. Ceide,,ROSENBORG,Normal Goal,1494664
16/05/2026,Eliteserien,2026/2027,ROSENBORG,AALESUND,80,80,2P,E. Osenbroch,D. Johannsson,AALESUND,Normal Goal,1494664
16/05/2026,Eliteserien,2026/2027,VIKING,START,3,3,1P,O. Toure,J. Cornelius,START,Normal Goal,1494665
16/05/2026,Eliteserien,2026/2027,VIKING,START,32,32,1P,S. Mvoue,E. Segberg,START,Normal Goal,1494665
16/05/2026,Eliteserien,2026/2027,VIKING,START,41,41,1P,G. Stensness,Z. Tripic,VIKING,Normal Goal,1494665
16/05/2026,Eliteserien,2026/2027,VIKING,START,45,45,1P,T. Strannegard,E. Segberg,START,Normal Goal,1494665
16/05/2026,Eliteserien,2026/2027,VIKING,START,46,46,2P,P. Christiansen,K. Askildsen,VIKING,Normal Goal,1494665
16/05/2026,Eliteserien,2026/2027,VIKING,START,53,53,2P,S. Kvia-Egeskog,H. Heggheim,VIKING,Normal Goal,1494665
16/05/2026,Eliteserien,2026/2027,VIKING,START,60,60,2P,P. Christiansen,Z. Tripic,VIKING,Normal Goal,1494665
16/05/2026,Eliteserien,2026/2027,VIKING,START,63,63,2P,K. Askildsen,Z. Tripic,VIKING,Normal Goal,1494665
16/05/2026,Eliteserien,2026/2027,VIKING,START,85,85,2P,Z. Tripic,N. Fuglestad,VIKING,Normal Goal,1494665
16/05/2026,Eliteserien,2026/2027,FREDRIKSTAD,HAM-KAM,36,36,1P,S. Rafn,R. R. Shein,FREDRIKSTAD,Normal Goal,1494661
16/05/2026,Eliteserien,2026/2027,FREDRIKSTAD,HAM-KAM,44,44,1P,M. Gjone,,FREDRIKSTAD,Own Goal,1494661
16/05/2026,Eliteserien,2026/2027,FREDRIKSTAD,HAM-KAM,90,90,2P,A. Trondsen,,HAM-KAM,Normal Goal,1494661
16/05/2026,Eliteserien,2026/2027,BODO/GLIMT,TROMSO,21,21,1P,H. Evjen,,BODO/GLIMT,Normal Goal,1494666
16/05/2026,Eliteserien,2026/2027,BODO/GLIMT,TROMSO,67,67,2P,S. Fet,,BODO/GLIMT,Normal Goal,1494666
16/05/2026,Eliteserien,2026/2027,BODO/GLIMT,TROMSO,68,68,2P,J. Hauge,K. Hogh,BODO/GLIMT,Normal Goal,1494666
16/05/2026,Eliteserien,2026/2027,BODO/GLIMT,TROMSO,79,79,2P,K. Hogh,,BODO/GLIMT,Normal Goal,1494666
16/05/2026,Eliteserien,2026/2027,BODO/GLIMT,TROMSO,88,88,2P,K. Hogh,,BODO/GLIMT,Penalty,1494666
16/05/2026,Eliteserien,2026/2027,VALERENGA,SARPSBORG 08 FF,6,6,1P,F. Thorvaldsen,C. Lange,VALERENGA,Normal Goal,1494667
16/05/2026,Eliteserien,2026/2027,VALERENGA,SARPSBORG 08 FF,11,11,1P,D. Karlsbakk,S. Christiansen,SARPSBORG 08 FF,Normal Goal,1494667
16/05/2026,Eliteserien,2026/2027,VALERENGA,SARPSBORG 08 FF,20,20,1P,Elias Sørensen,,VALERENGA,Missed Penalty,1494667
16/05/2026,Eliteserien,2026/2027,VALERENGA,SARPSBORG 08 FF,20,20,1P,E. Sorensen,,VALERENGA,Normal Goal,1494667
16/05/2026,Eliteserien,2026/2027,VALERENGA,SARPSBORG 08 FF,28,28,1P,A. Nibe,C. Niyukuri,SARPSBORG 08 FF,Normal Goal,1494667
16/05/2026,Eliteserien,2026/2027,VALERENGA,SARPSBORG 08 FF,90,90,2P,M. Grundetjern,P. Strand,VALERENGA,Normal Goal,1494667
20/05/2026,Eliteserien,2026/2027,START,BODO/GLIMT,24,24,1P,F. Sjovold,J. Hauge,BODO/GLIMT,Normal Goal,1494657
20/05/2026,Eliteserien,2026/2027,START,BODO/GLIMT,44,44,1P,S. Auklend,F. Sjovold,BODO/GLIMT,Normal Goal,1494657
20/05/2026,Eliteserien,2026/2027,START,BODO/GLIMT,45,45,1P,H. Lorentzen,,START,Penalty,1494657
20/05/2026,Eliteserien,2026/2027,START,BODO/GLIMT,78,78,2P,P. Berg,,BODO/GLIMT,Normal Goal,1494657
20/05/2026,Eliteserien,2026/2027,START,BODO/GLIMT,87,87,2P,H. Evjen,O. Brynhildsen,BODO/GLIMT,Normal Goal,1494657
20/05/2026,Eliteserien,2026/2027,LILLESTROM,KRISTIANSUND BK,14,14,1P,A. Ronning,H. Bruseth,KRISTIANSUND BK,Normal Goal,1494609
20/05/2026,Eliteserien,2026/2027,LILLESTROM,KRISTIANSUND BK,55,55,2P,S. Drammeh,Y. Paintsil,LILLESTROM,Normal Goal,1494609
20/05/2026,Eliteserien,2026/2027,LILLESTROM,KRISTIANSUND BK,56,56,2P,L. Alvheim,A. Munksgaard,KRISTIANSUND BK,Normal Goal,1494609
20/05/2026,Eliteserien,2026/2027,AALESUND,BRANN,26,26,1P,M. Reed,,AALESUND,Normal Goal,1494659
20/05/2026,Eliteserien,2026/2027,AALESUND,BRANN,68,68,2P,N. Holm,J. Thorsteinsson,BRANN,Normal Goal,1494659
20/05/2026,Eliteserien,2026/2027,AALESUND,BRANN,90,90,2P,H. Melland,,AALESUND,Normal Goal,1494659
24/05/2026,Eliteserien,2026/2027,BODO/GLIMT,BRANN,25,25,1P,O. Blomberg,K. Hogh,BODO/GLIMT,Normal Goal,1494668
24/05/2026,Eliteserien,2026/2027,BODO/GLIMT,BRANN,45,45,1P,H. Evjen,F. Sjovold,BODO/GLIMT,Normal Goal,1494668
24/05/2026,Eliteserien,2026/2027,BODO/GLIMT,BRANN,56,56,2P,H. Evjen,,BODO/GLIMT,Penalty,1494668
24/05/2026,Eliteserien,2026/2027,BODO/GLIMT,BRANN,90,90,2P,S. Auklend,,BRANN,Own Goal,1494668
24/05/2026,Eliteserien,2026/2027,KRISTIANSUND BK,VIKING,2,2,1P,S. Kvia-Egeskog,,VIKING,Normal Goal,1494671
24/05/2026,Eliteserien,2026/2027,KRISTIANSUND BK,VIKING,72,72,2P,H. Falchener,Z. Tripic,VIKING,Normal Goal,1494671
24/05/2026,Eliteserien,2026/2027,KRISTIANSUND BK,VIKING,79,79,2P,L. Alvheim,M. Isah,KRISTIANSUND BK,Normal Goal,1494671
25/05/2026,Eliteserien,2026/2027,START,VALERENGA,5,5,1P,J. Cornelius,O. Jebali,START,Normal Goal,1494674
25/05/2026,Eliteserien,2026/2027,START,VALERENGA,32,32,1P,S. Mvoue,O. Jebali,START,Normal Goal,1494674
25/05/2026,Eliteserien,2026/2027,TROMSO,AALESUND,2,2,1P,S. Innvaer,J. Hjerto-Dahl,TROMSO,Normal Goal,1494675
25/05/2026,Eliteserien,2026/2027,TROMSO,AALESUND,57,57,2P,M. Christensen,,AALESUND,Normal Goal,1494675
25/05/2026,Eliteserien,2026/2027,SARPSBORG 08 FF,MOLDE,5,5,1P,D. Karlsbakk,,SARPSBORG 08 FF,Penalty,1494673
25/05/2026,Eliteserien,2026/2027,SARPSBORG 08 FF,MOLDE,45,45,1P,E. Hestad,S. Granaas,MOLDE,Normal Goal,1494673
25/05/2026,Eliteserien,2026/2027,SARPSBORG 08 FF,MOLDE,59,59,2P,A. Hiim,N. Williams,SARPSBORG 08 FF,Normal Goal,1494673
25/05/2026,Eliteserien,2026/2027,KFUM OSLO,ROSENBORG,14,14,1P,D. Schneider,,KFUM OSLO,Normal Goal,1494670
25/05/2026,Eliteserien,2026/2027,KFUM OSLO,ROSENBORG,27,27,1P,T. Haltvik,D. Hickson,KFUM OSLO,Normal Goal,1494670
25/05/2026,Eliteserien,2026/2027,HAM-KAM,LILLESTROM,26,26,1P,A. Potur,,HAM-KAM,Normal Goal,1494669
25/05/2026,Eliteserien,2026/2027,HAM-KAM,LILLESTROM,83,83,2P,A. Potur,M. Gjone,HAM-KAM,Normal Goal,1494669
25/05/2026,Eliteserien,2026/2027,SANDEFJORD,FREDRIKSTAD,63,63,2P,N. Moller,R. Alte,SANDEFJORD,Normal Goal,1494672
25/05/2026,Eliteserien,2026/2027,SANDEFJORD,FREDRIKSTAD,90,90,2P,B. Faraas,F. Holme,FREDRIKSTAD,Normal Goal,1494672
29/05/2026,Eliteserien,2026/2027,BRANN,SARPSBORG 08 FF,29,29,1P,R. Holten,J. Soltvedt,BRANN,Normal Goal,1494677
29/05/2026,Eliteserien,2026/2027,BRANN,SARPSBORG 08 FF,41,41,1P,V. E. Halvorsen,S. Sorli,SARPSBORG 08 FF,Normal Goal,1494677
29/05/2026,Eliteserien,2026/2027,BRANN,SARPSBORG 08 FF,45,45,1P,S. Sorli,C. Niyukuri,SARPSBORG 08 FF,Normal Goal,1494677
29/05/2026,Eliteserien,2026/2027,VALERENGA,KRISTIANSUND BK,1,1,1P,L. Haren,H. Bjordal,VALERENGA,Normal Goal,1494683
29/05/2026,Eliteserien,2026/2027,VALERENGA,KRISTIANSUND BK,69,69,2P,C. Lange,M. Grundetjern,VALERENGA,Normal Goal,1494683
29/05/2026,Eliteserien,2026/2027,VALERENGA,KRISTIANSUND BK,75,75,2P,M. Westergaard,K. Finnsson,VALERENGA,Normal Goal,1494683
29/05/2026,Eliteserien,2026/2027,VALERENGA,KRISTIANSUND BK,83,83,2P,L. Alvheim,S. Skeide,KRISTIANSUND BK,Normal Goal,1494683
29/05/2026,Eliteserien,2026/2027,ROSENBORG,BODO/GLIMT,32,32,1P,K. Hogh,,BODO/GLIMT,Normal Goal,1494682
29/05/2026,Eliteserien,2026/2027,ROSENBORG,BODO/GLIMT,36,36,1P,D. Islamovic,,ROSENBORG,Normal Goal,1494682
29/05/2026,Eliteserien,2026/2027,ROSENBORG,BODO/GLIMT,62,62,2P,D. Islamovic,E. K. Ceide,ROSENBORG,Normal Goal,1494682
29/05/2026,Eliteserien,2026/2027,ROSENBORG,BODO/GLIMT,67,67,2P,K. Hogh,H. Evjen,BODO/GLIMT,Normal Goal,1494682
29/05/2026,Eliteserien,2026/2027,AALESUND,HAM-KAM,24,24,1P,V. Jonsson,,AALESUND,Own Goal,1494676
29/05/2026,Eliteserien,2026/2027,AALESUND,HAM-KAM,44,44,1P,M. Johnsgard,P. Metcalfe,HAM-KAM,Normal Goal,1494676
29/05/2026,Eliteserien,2026/2027,AALESUND,HAM-KAM,54,54,2P,M. Gjone,P. Metcalfe,HAM-KAM,Normal Goal,1494676
29/05/2026,Eliteserien,2026/2027,AALESUND,HAM-KAM,57,57,2P,M. Reed,E. Osenbroch,AALESUND,Normal Goal,1494676
29/05/2026,Eliteserien,2026/2027,FREDRIKSTAD,START,8,8,1P,J. Cornelius,H. Lorentzen,START,Normal Goal,1494678
29/05/2026,Eliteserien,2026/2027,FREDRIKSTAD,START,65,65,2P,D. Eid,,FREDRIKSTAD,Normal Goal,1494678
29/05/2026,Eliteserien,2026/2027,FREDRIKSTAD,START,75,75,2P,O. Ohlenschlaeger,D. Eid,FREDRIKSTAD,Normal Goal,1494678
30/05/2026,Eliteserien,2026/2027,MOLDE,SANDEFJORD,6,6,1P,F. Gulbrandsen,E. Breivik,MOLDE,Normal Goal,1494681
30/05/2026,Eliteserien,2026/2027,MOLDE,SANDEFJORD,57,57,2P,E. Hestad,,MOLDE,Normal Goal,1494681
30/05/2026,Eliteserien,2026/2027,MOLDE,SANDEFJORD,89,89,2P,S. Mathisen,F. Apetorgbor,SANDEFJORD,Normal Goal,1494681
11/07/2026,Eliteserien,2026/2027,FREDRIKSTAD,LILLESTROM,62,62,2P,G. Nyheim,S. Drammeh,LILLESTROM,Normal Goal,1494694
11/07/2026,Eliteserien,2026/2027,FREDRIKSTAD,LILLESTROM,73,73,2P,T. Olsen,Felix Va,LILLESTROM,Normal Goal,1494694
11/07/2026,Eliteserien,2026/2027,AALESUND,MOLDE,14,14,1P,E. Osenbroch,E. Hagen,AALESUND,Normal Goal,1494692
11/07/2026,Eliteserien,2026/2027,AALESUND,MOLDE,18,18,1P,O. Spiten-Nysaeter,E. Hestad,MOLDE,Normal Goal,1494692
11/07/2026,Eliteserien,2026/2027,AALESUND,MOLDE,31,31,1P,E. Hestad,,MOLDE,Normal Goal,1494692
11/07/2026,Eliteserien,2026/2027,AALESUND,MOLDE,90,90,2P,M. Christensen,U. Syversen,AALESUND,Normal Goal,1494692
11/07/2026,Eliteserien,2026/2027,TROMSO,VALERENGA,12,12,1P,H. Larsen,R. Jenssen,TROMSO,Normal Goal,1494699
11/07/2026,Eliteserien,2026/2027,TROMSO,VALERENGA,22,22,1P,J. Hjerto-Dahl,V. Skjaervik,TROMSO,Normal Goal,1494699
11/07/2026,Eliteserien,2026/2027,TROMSO,VALERENGA,45,45,1P,H. Larsen,L. Cornic,TROMSO,Normal Goal,1494699
11/07/2026,Eliteserien,2026/2027,TROMSO,VALERENGA,80,80,2P,T. Nyhammer,D. Edvardsson,TROMSO,Normal Goal,1494699
12/07/2026,Eliteserien,2026/2027,KFUM OSLO,BODO/GLIMT,24,24,1P,S. Fet,,BODO/GLIMT,Normal Goal,1494695
12/07/2026,Eliteserien,2026/2027,KFUM OSLO,BODO/GLIMT,74,74,2P,A. Helmersen,S. Auklend,BODO/GLIMT,Normal Goal,1494695
12/07/2026,Eliteserien,2026/2027,BRANN,START,53,53,2P,H. Lorentzen,T. Strannegard,START,Normal Goal,1494693
12/07/2026,Eliteserien,2026/2027,BRANN,START,68,68,2P,N. Holm,,BRANN,Normal Goal,1494693
12/07/2026,Eliteserien,2026/2027,BRANN,START,90,90,2P,K. Eriksen,N. Castro,BRANN,Normal Goal,1494693
12/07/2026,Eliteserien,2026/2027,ROSENBORG,KRISTIANSUND BK,25,25,1P,J. Svensson,,ROSENBORG,Normal Goal,1494696
12/07/2026,Eliteserien,2026/2027,ROSENBORG,KRISTIANSUND BK,31,31,1P,D. Duris,,ROSENBORG,Normal Goal,1494696
12/07/2026,Eliteserien,2026/2027,ROSENBORG,KRISTIANSUND BK,53,53,2P,A. Chiakha,O. Selnaes,ROSENBORG,Normal Goal,1494696
12/07/2026,Eliteserien,2026/2027,ROSENBORG,KRISTIANSUND BK,73,73,2P,Dino Islamović,,ROSENBORG,Missed Penalty,1494696
12/07/2026,Eliteserien,2026/2027,SANDEFJORD,HAM-KAM,4,4,1P,B. Berntsen,V. Egeli,SANDEFJORD,Normal Goal,1494697
12/07/2026,Eliteserien,2026/2027,SANDEFJORD,HAM-KAM,61,61,2P,A. Potur,P. Metcalfe,HAM-KAM,Normal Goal,1494697
12/07/2026,Eliteserien,2026/2027,SANDEFJORD,HAM-KAM,74,74,2P,E. Pettersen,,SANDEFJORD,Normal Goal,1494697
12/07/2026,Eliteserien,2026/2027,SANDEFJORD,HAM-KAM,90,90,2P,M. Niang,L. Mettler,HAM-KAM,Normal Goal,1494697
12/07/2026,Eliteserien,2026/2027,SARPSBORG 08 FF,VIKING,22,22,1P,D. Karlsbakk,C. Niyukuri,SARPSBORG 08 FF,Normal Goal,1494698
16/07/2026,Eliteserien,2026/2027,VALERENGA,AALESUND,39,39,1P,L. Haren,H. Bjordal,VALERENGA,Normal Goal,1494706
16/07/2026,Eliteserien,2026/2027,VALERENGA,AALESUND,42,42,1P,L. Haren,F. Thorvaldsen,VALERENGA,Normal Goal,1494706
16/07/2026,Eliteserien,2026/2027,VALERENGA,AALESUND,45,45,1P,F. Thorvaldsen,M. Grundetjern,VALERENGA,Normal Goal,1494706
16/07/2026,Eliteserien,2026/2027,VALERENGA,AALESUND,53,53,2P,F. Thorvaldsen,H. Bjordal,VALERENGA,Normal Goal,1494706
16/07/2026,Eliteserien,2026/2027,VALERENGA,AALESUND,74,74,2P,E. Osenbroch,,AALESUND,Normal Goal,1494706
16/07/2026,Eliteserien,2026/2027,VALERENGA,AALESUND,83,83,2P,M. Ofkir,H. Bjordal,VALERENGA,Normal Goal,1494706
16/07/2026,Eliteserien,2026/2027,VALERENGA,AALESUND,89,89,2P,M. Ofkir,K. Finnsson,VALERENGA,Normal Goal,1494706
17/07/2026,Eliteserien,2026/2027,BODO/GLIMT,FREDRIKSTAD,45,45,1P,O. Blomberg,,BODO/GLIMT,Penalty,1494700
17/07/2026,Eliteserien,2026/2027,BODO/GLIMT,FREDRIKSTAD,82,82,2P,,,BODO/GLIMT,Normal Goal,1494700
18/07/2026,Eliteserien,2026/2027,HAM-KAM,TROMSO,28,28,1P,H. Larsen,T. Nyhammer,TROMSO,Normal Goal,1494701
18/07/2026,Eliteserien,2026/2027,HAM-KAM,TROMSO,47,47,2P,J. Hjerto-Dahl,A. Thongla-Iad Warneryd,TROMSO,Normal Goal,1494701
18/07/2026,Eliteserien,2026/2027,HAM-KAM,TROMSO,52,52,2P,R. Jenssen,H. Larsen,TROMSO,Normal Goal,1494701
18/07/2026,Eliteserien,2026/2027,HAM-KAM,TROMSO,58,58,2P,M. Niang,D. Benjamin,HAM-KAM,Normal Goal,1494701
18/07/2026,Eliteserien,2026/2027,HAM-KAM,TROMSO,90,90,2P,Ieltsin Camoes,A. Thongla-Iad Warneryd,TROMSO,Normal Goal,1494701
18/07/2026,Eliteserien,2026/2027,LILLESTROM,KFUM OSLO,5,5,1P,R. E. Vinge,R. Rasch,KFUM OSLO,Normal Goal,1494703
18/07/2026,Eliteserien,2026/2027,LILLESTROM,KFUM OSLO,6,6,1P,G. Nyheim,Y. Ibrahimaj,LILLESTROM,Normal Goal,1494703
18/07/2026,Eliteserien,2026/2027,LILLESTROM,KFUM OSLO,85,85,2P,Felix Va,F. Gulbrandsen,LILLESTROM,Normal Goal,1494703
18/07/2026,Eliteserien,2026/2027,START,ROSENBORG,35,35,1P,A. Chiakha,,ROSENBORG,Penalty,1494705
18/07/2026,Eliteserien,2026/2027,START,ROSENBORG,90,90,2P,S. Nordli,E. K. Ceide,ROSENBORG,Normal Goal,1494705
18/07/2026,Eliteserien,2026/2027,START,ROSENBORG,90,90,2P,A. Chiakha,E. K. Ceide,ROSENBORG,Normal Goal,1494705
18/07/2026,Eliteserien,2026/2027,MOLDE,BRANN,8,8,1P,D. De Roeve,,BRANN,Normal Goal,1494704
18/07/2026,Eliteserien,2026/2027,MOLDE,BRANN,35,35,1P,K. Eriksen,U. Mathisen,BRANN,Normal Goal,1494704
18/07/2026,Eliteserien,2026/2027,MOLDE,BRANN,88,88,2P,S. Diop,E. Breivik,MOLDE,Normal Goal,1494704
18/07/2026,Eliteserien,2026/2027,VIKING,SANDEFJORD,9,9,1P,Z. Tripic,,VIKING,Penalty,1494707
18/07/2026,Eliteserien,2026/2027,VIKING,SANDEFJORD,54,54,2P,E. Patoulidis,,SANDEFJORD,Normal Goal,1494707
18/07/2026,Eliteserien,2026/2027,VIKING,SANDEFJORD,79,79,2P,E. Austbo,,VIKING,Normal Goal,1494707
22/07/2026,Eliteserien,2026/2027,LILLESTROM,VIKING,31,31,1P,K. Askildsen,E. Austbo,VIKING,Normal Goal,1494680
22/07/2026,Eliteserien,2026/2027,LILLESTROM,VIKING,55,55,2P,P. Christiansen,,VIKING,Normal Goal,1494680
22/07/2026,Eliteserien,2026/2027,LILLESTROM,VIKING,63,63,2P,L. Ranger,F. Elkaer,LILLESTROM,Normal Goal,1494680
22/07/2026,Eliteserien,2026/2027,BODO/GLIMT,HAM-KAM,24,24,1P,A. Helmersen,F. Bjorkan,BODO/GLIMT,Normal Goal,1494611
22/07/2026,Eliteserien,2026/2027,BODO/GLIMT,HAM-KAM,50,50,2P,A. Helmersen,,BODO/GLIMT,Normal Goal,1494611
22/07/2026,Eliteserien,2026/2027,BODO/GLIMT,HAM-KAM,75,75,2P,P. Berg,H. Evjen,BODO/GLIMT,Normal Goal,1494611
25/07/2026,Eliteserien,2026/2027,KRISTIANSUND BK,START,15,15,1P,S. Kilen,A. Munksgaard,KRISTIANSUND BK,Normal Goal,1494712
25/07/2026,Eliteserien,2026/2027,KRISTIANSUND BK,START,25,25,1P,E. Segberg,E. Schulze,START,Normal Goal,1494712
25/07/2026,Eliteserien,2026/2027,KRISTIANSUND BK,START,90,90,2P,T. Strannegard,H. Lorentzen,START,Normal Goal,1494712
26/07/2026,Eliteserien,2026/2027,BRANN,VALERENGA,24,24,1P,H. Bjordal,L. Haren,VALERENGA,Normal Goal,1494710
26/07/2026,Eliteserien,2026/2027,BRANN,VALERENGA,41,41,1P,C. Lange,F. Ambina,VALERENGA,Normal Goal,1494710
26/07/2026,Eliteserien,2026/2027,BRANN,VALERENGA,45,45,1P,L. Haren,H. Bjordal,VALERENGA,Normal Goal,1494710
26/07/2026,Eliteserien,2026/2027,BRANN,VALERENGA,65,65,2P,N. Castro,,BRANN,Penalty,1494710
26/07/2026,Eliteserien,2026/2027,BRANN,VALERENGA,77,77,2P,F. Myhre,D. De Roeve,BRANN,Normal Goal,1494710
26/07/2026,Eliteserien,2026/2027,SANDEFJORD,BODO/GLIMT,1,1,1P,O. Brynhildsen,O. Blomberg,BODO/GLIMT,Normal Goal,1494714
26/07/2026,Eliteserien,2026/2027,SANDEFJORD,BODO/GLIMT,90,90,2P,J. Hauge,A. Helmersen,BODO/GLIMT,Normal Goal,1494714
26/07/2026,Eliteserien,2026/2027,SANDEFJORD,BODO/GLIMT,90,90,2P,M. Bro Hansen,J. Hauge,BODO/GLIMT,Normal Goal,1494714
26/07/2026,Eliteserien,2026/2027,SARPSBORG 08 FF,HAM-KAM,29,29,1P,A. Nibe,,SARPSBORG 08 FF,Normal Goal,1494715
26/07/2026,Eliteserien,2026/2027,KFUM OSLO,MOLDE,1,1,1P,R. E. Vinge,B. Skaret,KFUM OSLO,Normal Goal,1494711
26/07/2026,Eliteserien,2026/2027,KFUM OSLO,MOLDE,40,40,1P,D. Daga,,MOLDE,Normal Goal,1494711
26/07/2026,Eliteserien,2026/2027,KFUM OSLO,MOLDE,58,58,2P,E. Breivik,S. Granaas,MOLDE,Normal Goal,1494711
26/07/2026,Eliteserien,2026/2027,KFUM OSLO,MOLDE,60,60,2P,B. Njie,,KFUM OSLO,Normal Goal,1494711
26/07/2026,Eliteserien,2026/2027,KFUM OSLO,MOLDE,85,85,2P,M. Linnes,E. Breivik,MOLDE,Normal Goal,1494711
26/07/2026,Eliteserien,2026/2027,KFUM OSLO,MOLDE,90,90,2P,S. Kabini,T. Kone-Doherty,MOLDE,Normal Goal,1494711
26/07/2026,Eliteserien,2026/2027,AALESUND,VIKING,45,45,1P,K. Askildsen,,VIKING,Normal Goal,1494709
26/07/2026,Eliteserien,2026/2027,AALESUND,VIKING,46,46,2P,M. Christensen,K. Lonebu,AALESUND,Normal Goal,1494709
27/07/2026,Eliteserien,2026/2027,ROSENBORG,FREDRIKSTAD,10,10,1P,A. Pereira,O. Selnaes,ROSENBORG,Normal Goal,1494713
27/07/2026,Eliteserien,2026/2027,ROSENBORG,FREDRIKSTAD,13,13,1P,E. K. Ceide,O. Selnaes,ROSENBORG,Normal Goal,1494713
27/07/2026,Eliteserien,2026/2027,ROSENBORG,FREDRIKSTAD,77,77,2P,A. Chiakha,M. Bomholt,ROSENBORG,Normal Goal,1494713
27/07/2026,Eliteserien,2026/2027,ROSENBORG,FREDRIKSTAD,88,88,2P,I. Fossum,,ROSENBORG,Normal Goal,1494713
31/07/2026,Eliteserien,2026/2027,VALERENGA,HAM-KAM,45,45,1P,A. Potur,M. Gjone,HAM-KAM,Normal Goal,1494723
31/07/2026,Eliteserien,2026/2027,VALERENGA,HAM-KAM,68,68,2P,M. Gjone,A. Ekeroth,HAM-KAM,Normal Goal,1494723
31/07/2026,Eliteserien,2026/2027,VALERENGA,HAM-KAM,83,83,2P,P. Metcalfe,S. Nilsen,HAM-KAM,Normal Goal,1494723
31/07/2026,Eliteserien,2026/2027,BODO/GLIMT,LILLESTROM,17,17,1P,O. Blomberg,,BODO/GLIMT,Penalty,1494717
31/07/2026,Eliteserien,2026/2027,BODO/GLIMT,LILLESTROM,25,25,1P,S. Fet,,BODO/GLIMT,Normal Goal,1494717
31/07/2026,Eliteserien,2026/2027,BODO/GLIMT,LILLESTROM,63,63,2P,J. Hauge,S. Auklend,BODO/GLIMT,Normal Goal,1494717
31/07/2026,Eliteserien,2026/2027,BODO/GLIMT,LILLESTROM,77,77,2P,M. Karlsbakk,,BODO/GLIMT,Own Goal,1494717
01/08/2026,Eliteserien,2026/2027,FREDRIKSTAD,SANDEFJORD,39,39,1P,F. Holme,M. Nilsson,FREDRIKSTAD,Normal Goal,1494719
01/08/2026,Eliteserien,2026/2027,START,VIKING,5,5,1P,Z. Tripic,,VIKING,Penalty,1494722
01/08/2026,Eliteserien,2026/2027,START,VIKING,18,18,1P,P. Christiansen,,VIKING,Normal Goal,1494722
01/08/2026,Eliteserien,2026/2027,START,VIKING,22,22,1P,E. Austbo,P. Christiansen,VIKING,Normal Goal,1494722
02/08/2026,Eliteserien,2026/2027,MOLDE,SARPSBORG 08 FF,22,22,1P,S. Granaas,,MOLDE,Normal Goal,1494721
02/08/2026,Eliteserien,2026/2027,MOLDE,SARPSBORG 08 FF,33,33,1P,D. Karlsbakk,C. Niyukuri,SARPSBORG 08 FF,Normal Goal,1494721
02/08/2026,Eliteserien,2026/2027,MOLDE,SARPSBORG 08 FF,51,51,2P,A. Nibe,,SARPSBORG 08 FF,Normal Goal,1494721
02/08/2026,Eliteserien,2026/2027,MOLDE,SARPSBORG 08 FF,56,56,2P,E. Hestad,E. Breivik,MOLDE,Normal Goal,1494721
02/08/2026,Eliteserien,2026/2027,MOLDE,SARPSBORG 08 FF,60,60,2P,D. Daga,E. Breivik,MOLDE,Normal Goal,1494721
02/08/2026,Eliteserien,2026/2027,MOLDE,SARPSBORG 08 FF,89,89,2P,A. Posiadala,,SARPSBORG 08 FF,Own Goal,1494721
02/08/2026,Eliteserien,2026/2027,AALESUND,TROMSO,9,9,1P,D. Edvardsson,T. Nyhammer,TROMSO,Normal Goal,1494716
02/08/2026,Eliteserien,2026/2027,AALESUND,TROMSO,42,42,1P,I. Vadebu,,AALESUND,Own Goal,1494716
02/08/2026,Eliteserien,2026/2027,AALESUND,TROMSO,46,46,2P,O. Gudmundsson,,TROMSO,Own Goal,1494716
02/08/2026,Eliteserien,2026/2027,AALESUND,TROMSO,54,54,2P,A. Thongla-Iad Warneryd,I. Dahlqvist,TROMSO,Normal Goal,1494716
02/08/2026,Eliteserien,2026/2027,AALESUND,TROMSO,59,59,2P,E. Osenbroch,H. Hammer,AALESUND,Normal Goal,1494716
02/08/2026,Eliteserien,2026/2027,AALESUND,TROMSO,69,69,2P,A. Thongla-Iad Warneryd,,TROMSO,Normal Goal,1494716
02/08/2026,Eliteserien,2026/2027,AALESUND,TROMSO,81,81,2P,H. Larsen,D. Edvardsson,TROMSO,Normal Goal,1494716
02/08/2026,Eliteserien,2026/2027,AALESUND,TROMSO,90,90,2P,U. Syversen,,TROMSO,Own Goal,1494716
02/08/2026,Eliteserien,2026/2027,KFUM OSLO,KRISTIANSUND BK,16,16,1P,M. Eikrem,R. Rasch,KFUM OSLO,Normal Goal,1494720
02/08/2026,Eliteserien,2026/2027,KFUM OSLO,KRISTIANSUND BK,25,25,1P,B. Njie,H. Hoseth,KFUM OSLO,Normal Goal,1494720
02/08/2026,Eliteserien,2026/2027,KFUM OSLO,KRISTIANSUND BK,90,90,2P,T. Svendsen,S. Kilen,KRISTIANSUND BK,Normal Goal,1494720
02/08/2026,Eliteserien,2026/2027,BRANN,ROSENBORG,14,14,1P,N. Castro,N. Wassberg,BRANN,Normal Goal,1494718
02/08/2026,Eliteserien,2026/2027,BRANN,ROSENBORG,62,62,2P,A. Chiakha,,ROSENBORG,Penalty,1494718
02/08/2026,Eliteserien,2026/2027,BRANN,ROSENBORG,67,67,2P,I. Fossum,J. Svensson,ROSENBORG,Normal Goal,1494718
02/08/2026,Eliteserien,2026/2027,BRANN,ROSENBORG,75,75,2P,K. M. Ingason,K. Eriksen,BRANN,Normal Goal,1494718
02/08/2026,Eliteserien,2026/2027,BRANN,ROSENBORG,90,90,2P,K. Eriksen,J. Soltvedt,BRANN,Normal Goal,1494718
07/08/2026,Eliteserien,2026/2027,SANDEFJORD,KFUM OSLO,45,45,1P,H. Hoseth,M. Eikrem,KFUM OSLO,Normal Goal,1494728
08/08/2026,Eliteserien,2026/2027,VALERENGA,BODO/GLIMT,19,19,1P,A. Helmersen,S. Auklend,BODO/GLIMT,Normal Goal,1494730
08/08/2026,Eliteserien,2026/2027,VALERENGA,BODO/GLIMT,76,76,2P,H. Aleesami,O. Blomberg,BODO/GLIMT,Normal Goal,1494730
08/08/2026,Eliteserien,2026/2027,VALERENGA,BODO/GLIMT,87,87,2P,G. Rajkovic,O. Saeter,VALERENGA,Normal Goal,1494730
08/08/2026,Eliteserien,2026/2027,VIKING,SARPSBORG 08 FF,40,40,1P,H. Heggheim,,VIKING,Normal Goal,1494731
08/08/2026,Eliteserien,2026/2027,VIKING,SARPSBORG 08 FF,68,68,2P,Zlatko Tripić,,VIKING,Missed Penalty,1494731
08/08/2026,Eliteserien,2026/2027,VIKING,SARPSBORG 08 FF,81,81,2P,S. Sorli,,SARPSBORG 08 FF,Normal Goal,1494731
08/08/2026,Eliteserien,2026/2027,VIKING,SARPSBORG 08 FF,90,90,2P,Z. Tripic,,VIKING,Penalty,1494731
08/08/2026,Eliteserien,2026/2027,START,FREDRIKSTAD,29,29,1P,G. Wesseh,S. Leach,FREDRIKSTAD,Normal Goal,1494729
09/08/2026,Eliteserien,2026/2027,LILLESTROM,ROSENBORG,39,39,1P,N. Sahsah,A. Chiakha,ROSENBORG,Normal Goal,1494727
09/08/2026,Eliteserien,2026/2027,LILLESTROM,ROSENBORG,90,90,2P,A. Chiakha,M. Bomholt,ROSENBORG,Normal Goal,1494727
09/08/2026,Eliteserien,2026/2027,HAM-KAM,AALESUND,45,45,1P,E. Osenbroch,M. Christensen,AALESUND,Normal Goal,1494725
09/08/2026,Eliteserien,2026/2027,HAM-KAM,AALESUND,55,55,2P,M. Gjone,P. Metcalfe,HAM-KAM,Normal Goal,1494725
09/08/2026,Eliteserien,2026/2027,KRISTIANSUND BK,MOLDE,25,25,1P,S. Kilen,S. Svendsen,KRISTIANSUND BK,Normal Goal,1494726
09/08/2026,Eliteserien,2026/2027,KRISTIANSUND BK,MOLDE,76,76,2P,L. Alvheim,,KRISTIANSUND BK,Normal Goal,1494726
09/08/2026,Eliteserien,2026/2027,KRISTIANSUND BK,MOLDE,90,90+8,2P,Trent Kone Doherty,,MOLDE,Missed Penalty,1494726
09/08/2026,Eliteserien,2026/2027,KRISTIANSUND BK,MOLDE,90,90,2P,T. Kone-Doherty,V. Bender,MOLDE,Normal Goal,1494726
07/08/2026,Eredivisie,2026/2027,CAMBUUR,EXCELSIOR,17,17,1P,I. Yegoian,G. de Regt,EXCELSIOR,Normal Goal,1552117
07/08/2026,Eredivisie,2026/2027,CAMBUUR,EXCELSIOR,31,31,1P,N. Naujoks,I. Yegoian,EXCELSIOR,Normal Goal,1552117
07/08/2026,Eredivisie,2026/2027,CAMBUUR,EXCELSIOR,42,42,1P,D. Garden,S. Janssen,EXCELSIOR,Normal Goal,1552117
07/08/2026,Eredivisie,2026/2027,CAMBUUR,EXCELSIOR,69,69,2P,N. Naujoks,S. Janssen,EXCELSIOR,Normal Goal,1552117
08/08/2026,Eredivisie,2026/2027,NEC NIJMEGEN,TELSTAR,1,1,1P,P. Brouwer,A. Soualhia,TELSTAR,Normal Goal,1552118
08/08/2026,Eredivisie,2026/2027,NEC NIJMEGEN,TELSTAR,24,24,1P,R. Mendes,P. Brouwer,TELSTAR,Normal Goal,1552118
08/08/2026,Eredivisie,2026/2027,NEC NIJMEGEN,TELSTAR,83,83,2P,K. Sierhuis,D. Tadic,NEC NIJMEGEN,Normal Goal,1552118
08/08/2026,Eredivisie,2026/2027,GO AHEAD EAGLES,WILLEM II,13,13,1P,D. Haen,N. Tjoe a On,WILLEM II,Normal Goal,1552119
08/08/2026,Eredivisie,2026/2027,GO AHEAD EAGLES,WILLEM II,30,30,1P,S. Tengstedt,M. Meulensteen,GO AHEAD EAGLES,Normal Goal,1552119
08/08/2026,Eredivisie,2026/2027,GO AHEAD EAGLES,WILLEM II,61,61,2P,M. Meulensteen,M. Suray,GO AHEAD EAGLES,Normal Goal,1552119
08/08/2026,Eredivisie,2026/2027,GO AHEAD EAGLES,WILLEM II,63,63,2P,E. Flataker,V. Edvardsen,GO AHEAD EAGLES,Normal Goal,1552119
08/08/2026,Eredivisie,2026/2027,GO AHEAD EAGLES,WILLEM II,69,69,2P,J. Dirksen,M. Suray,GO AHEAD EAGLES,Normal Goal,1552119
08/08/2026,Eredivisie,2026/2027,PSV EINDHOVEN,FORTUNA SITTARD,42,42,1P,O. ter Haar Romeny,,FORTUNA SITTARD,Normal Goal,1552120
08/08/2026,Eredivisie,2026/2027,PSV EINDHOVEN,FORTUNA SITTARD,55,55,2P,R. Flamingo,I. Perisic,PSV EINDHOVEN,Normal Goal,1552120
08/08/2026,Eredivisie,2026/2027,PSV EINDHOVEN,FORTUNA SITTARD,74,74,2P,N. Fernandez,A. Plea,PSV EINDHOVEN,Normal Goal,1552120
08/08/2026,Eredivisie,2026/2027,PSV EINDHOVEN,FORTUNA SITTARD,90,90,2P,E. Michut,,FORTUNA SITTARD,Normal Goal,1552120
08/08/2026,Eredivisie,2026/2027,AZ ALKMAAR,ADO DEN HAAG,61,61,2P,R. Daal,,AZ ALKMAAR,Normal Goal,1552121
08/08/2026,Eredivisie,2026/2027,AZ ALKMAAR,ADO DEN HAAG,68,68,2P,C. Stengs,K. Smit,AZ ALKMAAR,Normal Goal,1552121
09/08/2026,Eredivisie,2026/2027,SPARTA ROTTERDAM,FEYENOORD,35,35,1P,L. Valente,G. Zechiel,FEYENOORD,Normal Goal,1552122
09/08/2026,Eredivisie,2026/2027,PEC ZWOLLE,AJAX,76,76,2P,J. Mokio,T. Arokodare,AJAX,Normal Goal,1552124
09/08/2026,Eredivisie,2026/2027,PEC ZWOLLE,AJAX,90,90,2P,J. Brandt,M. Godts,AJAX,Normal Goal,1552124
09/08/2026,Eredivisie,2026/2027,GRONINGEN,UTRECHT,8,8,1P,B. Willumsson,,GRONINGEN,Normal Goal,1552123
09/08/2026,Eredivisie,2026/2027,GRONINGEN,UTRECHT,48,48,2P,T. van Bergen,,GRONINGEN,Normal Goal,1552123
09/08/2026,Eredivisie,2026/2027,GRONINGEN,UTRECHT,80,80,2P,A. Blake,D. van den Berg,UTRECHT,Normal Goal,1552123
09/08/2026,Eredivisie,2026/2027,HEERENVEEN,TWENTE,52,52,2P,L. Oyen,J. Trenskow,HEERENVEEN,Normal Goal,1552125
23/01/2026,Copa de Primera,2026/2027,DEPORTIVO RECOLETA,SPORTIVO TRINIDENSE,49,49,2P,A. Wlk,W. Baez,DEPORTIVO RECOLETA,Normal Goal,1489261
23/01/2026,Copa de Primera,2026/2027,DEPORTIVO RECOLETA,SPORTIVO TRINIDENSE,63,63,2P,F. Romero,P. Zarza,SPORTIVO TRINIDENSE,Normal Goal,1489261
23/01/2026,Copa de Primera,2026/2027,2 DE MAYO,SPORTIVO LUQUENO,8,8,1P,E. Alfonso,P. Delvalle,2 DE MAYO,Normal Goal,1489256
23/01/2026,Copa de Primera,2026/2027,2 DE MAYO,SPORTIVO LUQUENO,90,90,2P,I. Maggi,O. Ruiz,SPORTIVO LUQUENO,Normal Goal,1489256
24/01/2026,Copa de Primera,2026/2027,NACIONAL ASUNCION,CLUB SP. SAN LORENZO,45,45,1P,I. Valdez,C. Espinola,NACIONAL ASUNCION,Normal Goal,1489259
24/01/2026,Copa de Primera,2026/2027,CERRO PORTENO,LIBERTAD ASUNCION,20,20,1P,I. Aliseda,J. Iturbe,CERRO PORTENO,Normal Goal,1489258
24/01/2026,Copa de Primera,2026/2027,CERRO PORTENO,LIBERTAD ASUNCION,64,64,2P,G. Aguilar,F. Carrizo,LIBERTAD ASUNCION,Normal Goal,1489258
25/01/2026,Copa de Primera,2026/2027,OLIMPIA,CLUB GUARANI,5,5,1P,S. Ferreira,A. F. Rodriguez Armoa,OLIMPIA,Normal Goal,1489260
25/01/2026,Copa de Primera,2026/2027,OLIMPIA,CLUB GUARANI,90,90,2P,I. Leguizamon,H. Quintana,OLIMPIA,Normal Goal,1489260
25/01/2026,Copa de Primera,2026/2027,OLIMPIA,CLUB GUARANI,90,90,2P,A. Barbotte,R. Torales,CLUB GUARANI,Normal Goal,1489260
25/01/2026,Copa de Primera,2026/2027,SPORTIVO AMELIANO,RUBIO NU,6,6,1P,A. Falabella,A. Paredes,SPORTIVO AMELIANO,Normal Goal,1489257
25/01/2026,Copa de Primera,2026/2027,SPORTIVO AMELIANO,RUBIO NU,57,57,2P,W. Mendieta,,RUBIO NU,Normal Goal,1489257
25/01/2026,Copa de Primera,2026/2027,SPORTIVO AMELIANO,RUBIO NU,73,73,2P,A. Servian,R. Cabral,SPORTIVO AMELIANO,Normal Goal,1489257
25/01/2026,Copa de Primera,2026/2027,SPORTIVO AMELIANO,RUBIO NU,80,80,2P,P. Baez,,RUBIO NU,Normal Goal,1489257
27/01/2026,Copa de Primera,2026/2027,SPORTIVO LUQUENO,NACIONAL ASUNCION,42,42,1P,P. Riveros,L. Comas,SPORTIVO LUQUENO,Normal Goal,1504969
27/01/2026,Copa de Primera,2026/2027,SPORTIVO LUQUENO,NACIONAL ASUNCION,47,47,2P,G. Benitez,A. D. Canete Torres,NACIONAL ASUNCION,Normal Goal,1504969
27/01/2026,Copa de Primera,2026/2027,SPORTIVO LUQUENO,NACIONAL ASUNCION,89,89,2P,H. A. Benitez,O. Gaona Lugo,NACIONAL ASUNCION,Normal Goal,1504969
27/01/2026,Copa de Primera,2026/2027,CLUB SP. SAN LORENZO,CERRO PORTENO,12,12,1P,B. Riveros,F. Dominguez,CERRO PORTENO,Normal Goal,1504968
27/01/2026,Copa de Primera,2026/2027,CLUB SP. SAN LORENZO,CERRO PORTENO,45,45,1P,J. Iturbe,R. Piris,CERRO PORTENO,Normal Goal,1504968
27/01/2026,Copa de Primera,2026/2027,CLUB SP. SAN LORENZO,CERRO PORTENO,62,62,2P,J. Iturbe,I. Aliseda,CERRO PORTENO,Normal Goal,1504968
27/01/2026,Copa de Primera,2026/2027,CLUB SP. SAN LORENZO,CERRO PORTENO,72,72,2P,J. Barrios,,CLUB SP. SAN LORENZO,Penalty,1504968
27/01/2026,Copa de Primera,2026/2027,CLUB SP. SAN LORENZO,CERRO PORTENO,77,77,2P,V. Cespedes,,CLUB SP. SAN LORENZO,Normal Goal,1504968
27/01/2026,Copa de Primera,2026/2027,CLUB SP. SAN LORENZO,CERRO PORTENO,90,90,2P,G. Aguayo,J. Morel,CERRO PORTENO,Normal Goal,1504968
28/01/2026,Copa de Primera,2026/2027,LIBERTAD ASUNCION,SPORTIVO AMELIANO,38,38,1P,N. Gimenez,D. Viera,LIBERTAD ASUNCION,Normal Goal,1504966
28/01/2026,Copa de Primera,2026/2027,2 DE MAYO,OLIMPIA,50,50,2P,Sebastián Ferreira,,OLIMPIA,Missed Penalty,1504965
28/01/2026,Copa de Primera,2026/2027,2 DE MAYO,OLIMPIA,64,64,2P,D. Acosta,A. Gomez,2 DE MAYO,Normal Goal,1504965
28/01/2026,Copa de Primera,2026/2027,2 DE MAYO,OLIMPIA,73,73,2P,G. Vargas,,OLIMPIA,Normal Goal,1504965
29/01/2026,Copa de Primera,2026/2027,RUBIO NU,DEPORTIVO RECOLETA,1,1,1P,F. Martinez,W. Mendieta,RUBIO NU,Normal Goal,1504967
29/01/2026,Copa de Primera,2026/2027,RUBIO NU,DEPORTIVO RECOLETA,45,45,1P,A. Wlk,W. Baez,DEPORTIVO RECOLETA,Normal Goal,1504967
31/01/2026,Copa de Primera,2026/2027,NACIONAL ASUNCION,2 DE MAYO,2,2,1P,T. Gutierrez,I. Valdez,NACIONAL ASUNCION,Normal Goal,1504974
31/01/2026,Copa de Primera,2026/2027,NACIONAL ASUNCION,2 DE MAYO,6,6,1P,R. Ruiz Diaz,,2 DE MAYO,Normal Goal,1504974
31/01/2026,Copa de Primera,2026/2027,NACIONAL ASUNCION,2 DE MAYO,29,29,1P,I. Valdez,,NACIONAL ASUNCION,Penalty,1504974
31/01/2026,Copa de Primera,2026/2027,NACIONAL ASUNCION,2 DE MAYO,52,52,2P,W. Ibarrola,,NACIONAL ASUNCION,Own Goal,1504974
31/01/2026,Copa de Primera,2026/2027,NACIONAL ASUNCION,2 DE MAYO,86,86,2P,A. Samudio,,NACIONAL ASUNCION,Normal Goal,1504974
31/01/2026,Copa de Primera,2026/2027,NACIONAL ASUNCION,2 DE MAYO,90,90,2P,D. J. Colman Escobar,,NACIONAL ASUNCION,Normal Goal,1504974
31/01/2026,Copa de Primera,2026/2027,SPORTIVO AMELIANO,CLUB SP. SAN LORENZO,63,63,2P,E. Vera,,SPORTIVO AMELIANO,Penalty,1504971
01/02/2026,Copa de Primera,2026/2027,OLIMPIA,SPORTIVO TRINIDENSE,5,5,1P,D. Melgarejo,,OLIMPIA,Own Goal,1504975
01/02/2026,Copa de Primera,2026/2027,OLIMPIA,SPORTIVO TRINIDENSE,45,45,1P,P. Zarza,N. Gauto,SPORTIVO TRINIDENSE,Normal Goal,1504975
01/02/2026,Copa de Primera,2026/2027,OLIMPIA,SPORTIVO TRINIDENSE,60,60,2P,H. Quintana,,OLIMPIA,Normal Goal,1504975
01/02/2026,Copa de Primera,2026/2027,OLIMPIA,SPORTIVO TRINIDENSE,74,74,2P,C. Gonzalez,,SPORTIVO TRINIDENSE,Normal Goal,1504975
01/02/2026,Copa de Primera,2026/2027,OLIMPIA,SPORTIVO TRINIDENSE,89,89,2P,A. Alcaraz,,OLIMPIA,Normal Goal,1504975
01/02/2026,Copa de Primera,2026/2027,CLUB GUARANI,RUBIO NU,16,16,1P,R. Torales,,CLUB GUARANI,Normal Goal,1504973
01/02/2026,Copa de Primera,2026/2027,CLUB GUARANI,RUBIO NU,58,58,2P,D. Rodriguez,,CLUB GUARANI,Normal Goal,1504973
01/02/2026,Copa de Primera,2026/2027,CLUB GUARANI,RUBIO NU,79,79,2P,M. Lopez,,CLUB GUARANI,Normal Goal,1504973
01/02/2026,Copa de Primera,2026/2027,CLUB GUARANI,RUBIO NU,88,88,2P,I. Ramirez,,CLUB GUARANI,Normal Goal,1504973
02/02/2026,Copa de Primera,2026/2027,DEPORTIVO RECOLETA,LIBERTAD ASUNCION,48,48,2P,R. Rojas,I. Ramirez,LIBERTAD ASUNCION,Normal Goal,1504976
02/02/2026,Copa de Primera,2026/2027,DEPORTIVO RECOLETA,LIBERTAD ASUNCION,75,75,2P,A. Gonzalez,K. Parzajuk,DEPORTIVO RECOLETA,Normal Goal,1504976
02/02/2026,Copa de Primera,2026/2027,DEPORTIVO RECOLETA,LIBERTAD ASUNCION,86,86,2P,A. Wlk,A. Gonzalez,DEPORTIVO RECOLETA,Normal Goal,1504976
02/02/2026,Copa de Primera,2026/2027,CERRO PORTENO,SPORTIVO LUQUENO,25,25,1P,J. Morel,I. Aliseda,CERRO PORTENO,Normal Goal,1504972
02/02/2026,Copa de Primera,2026/2027,CERRO PORTENO,SPORTIVO LUQUENO,45,45,1P,P. Vegetti,,CERRO PORTENO,Penalty,1504972
06/02/2026,Copa de Primera,2026/2027,CLUB SP. SAN LORENZO,DEPORTIVO RECOLETA,51,51,2P,W. Baez,K. Parzajuk,DEPORTIVO RECOLETA,Normal Goal,1504981
06/02/2026,Copa de Primera,2026/2027,CLUB SP. SAN LORENZO,DEPORTIVO RECOLETA,68,68,2P,A. Gonzalez,,DEPORTIVO RECOLETA,Normal Goal,1504981
06/02/2026,Copa de Primera,2026/2027,CLUB SP. SAN LORENZO,DEPORTIVO RECOLETA,75,75,2P,M. Lopez,,DEPORTIVO RECOLETA,Own Goal,1504981
06/02/2026,Copa de Primera,2026/2027,SPORTIVO LUQUENO,SPORTIVO AMELIANO,57,57,2P,E. Vera,,SPORTIVO AMELIANO,Penalty,1504982
07/02/2026,Copa de Primera,2026/2027,RUBIO NU,SPORTIVO TRINIDENSE,90,90,2P,N. Gauto,,SPORTIVO TRINIDENSE,Normal Goal,1504980
07/02/2026,Copa de Primera,2026/2027,2 DE MAYO,CERRO PORTENO,83,83,2P,Diego Acosta,,2 DE MAYO,Missed Penalty,1504977
08/02/2026,Copa de Primera,2026/2027,LIBERTAD ASUNCION,CLUB GUARANI,5,5,1P,D. Fernandez,,LIBERTAD ASUNCION,Own Goal,1504978
08/02/2026,Copa de Primera,2026/2027,LIBERTAD ASUNCION,CLUB GUARANI,13,13,1P,D. Rodriguez,L. Martinez,CLUB GUARANI,Normal Goal,1504978
08/02/2026,Copa de Primera,2026/2027,LIBERTAD ASUNCION,CLUB GUARANI,38,38,1P,G. Servio,,CLUB GUARANI,Penalty,1504978
08/02/2026,Copa de Primera,2026/2027,LIBERTAD ASUNCION,CLUB GUARANI,45,45,1P,D. Fernandez,,CLUB GUARANI,Normal Goal,1504978
08/02/2026,Copa de Primera,2026/2027,LIBERTAD ASUNCION,CLUB GUARANI,48,48,2P,L. Melgarejo,I. Ramirez,LIBERTAD ASUNCION,Normal Goal,1504978
08/02/2026,Copa de Primera,2026/2027,LIBERTAD ASUNCION,CLUB GUARANI,81,81,2P,L. Melgarejo,R. Rojas,LIBERTAD ASUNCION,Normal Goal,1504978
08/02/2026,Copa de Primera,2026/2027,NACIONAL ASUNCION,OLIMPIA,12,12,1P,H. Quintana,A. F. Rodriguez Armoa,OLIMPIA,Normal Goal,1504979
08/02/2026,Copa de Primera,2026/2027,NACIONAL ASUNCION,OLIMPIA,45,45,1P,I. Bailone,,NACIONAL ASUNCION,Penalty,1504979
08/02/2026,Copa de Primera,2026/2027,NACIONAL ASUNCION,OLIMPIA,90,90,2P,A. F. Franco Zayas,A. Alcaraz,OLIMPIA,Normal Goal,1504979
13/02/2026,Copa de Primera,2026/2027,CLUB GUARANI,CLUB SP. SAN LORENZO,36,36,1P,C. E. Mino Amarilla,,CLUB GUARANI,Normal Goal,1504985
13/02/2026,Copa de Primera,2026/2027,CLUB GUARANI,CLUB SP. SAN LORENZO,44,44,1P,B. Pinatares,H. Villamayor,CLUB SP. SAN LORENZO,Normal Goal,1504985
13/02/2026,Copa de Primera,2026/2027,CLUB GUARANI,CLUB SP. SAN LORENZO,66,66,2P,Héctor Villamayor,,CLUB SP. SAN LORENZO,Missed Penalty,1504985
13/02/2026,Copa de Primera,2026/2027,CLUB GUARANI,CLUB SP. SAN LORENZO,88,88,2P,D. Fernandez,,CLUB GUARANI,Normal Goal,1504985
13/02/2026,Copa de Primera,2026/2027,CLUB GUARANI,CLUB SP. SAN LORENZO,90,90,2P,D. Rodriguez,I. Ramirez,CLUB GUARANI,Normal Goal,1504985
13/02/2026,Copa de Primera,2026/2027,DEPORTIVO RECOLETA,SPORTIVO LUQUENO,2,2,1P,G. Bogado,,SPORTIVO LUQUENO,Normal Goal,1504987
13/02/2026,Copa de Primera,2026/2027,DEPORTIVO RECOLETA,SPORTIVO LUQUENO,46,46,2P,J. Noguera,W. Baez,DEPORTIVO RECOLETA,Normal Goal,1504987
13/02/2026,Copa de Primera,2026/2027,DEPORTIVO RECOLETA,SPORTIVO LUQUENO,55,55,2P,I. Maggi,G. Bogado,SPORTIVO LUQUENO,Normal Goal,1504987
14/02/2026,Copa de Primera,2026/2027,OLIMPIA,RUBIO NU,90,90+5,2P,Ángel Cardozo Lucena,,RUBIO NU,Missed Penalty,1504986
14/02/2026,Copa de Primera,2026/2027,SPORTIVO AMELIANO,2 DE MAYO,21,21,1P,W. Rodriguez,F. Vera,SPORTIVO AMELIANO,Normal Goal,1504983
14/02/2026,Copa de Primera,2026/2027,SPORTIVO AMELIANO,2 DE MAYO,63,63,2P,E. Vera,F. Franco,SPORTIVO AMELIANO,Normal Goal,1504983
14/02/2026,Copa de Primera,2026/2027,SPORTIVO AMELIANO,2 DE MAYO,90,90+1,2P,Jorge Sanguina,,SPORTIVO AMELIANO,Missed Penalty,1504983
14/02/2026,Copa de Primera,2026/2027,SPORTIVO AMELIANO,2 DE MAYO,90,90,2P,J. Sanguina,,SPORTIVO AMELIANO,Normal Goal,1504983
15/02/2026,Copa de Primera,2026/2027,SPORTIVO TRINIDENSE,LIBERTAD ASUNCION,47,47,2P,Gustavo Viera,,SPORTIVO TRINIDENSE,Missed Penalty,1504988
15/02/2026,Copa de Primera,2026/2027,SPORTIVO TRINIDENSE,LIBERTAD ASUNCION,48,48,2P,G. Viera,,SPORTIVO TRINIDENSE,Normal Goal,1504988
15/02/2026,Copa de Primera,2026/2027,CERRO PORTENO,NACIONAL ASUNCION,45,45,1P,S. Vargas,S. Rojas,NACIONAL ASUNCION,Normal Goal,1504984
15/02/2026,Copa de Primera,2026/2027,CERRO PORTENO,NACIONAL ASUNCION,75,75,2P,G. Benitez,,NACIONAL ASUNCION,Normal Goal,1504984
19/02/2026,Copa de Primera,2026/2027,CLUB SP. SAN LORENZO,SPORTIVO TRINIDENSE,53,53,2P,N. Camacho,,SPORTIVO TRINIDENSE,Penalty,1504993
19/02/2026,Copa de Primera,2026/2027,CLUB SP. SAN LORENZO,SPORTIVO TRINIDENSE,87,87,2P,J. Barrios,,CLUB SP. SAN LORENZO,Normal Goal,1504993
19/02/2026,Copa de Primera,2026/2027,NACIONAL ASUNCION,SPORTIVO AMELIANO,67,67,2P,D. J. Colman Escobar,O. Gaona Lugo,NACIONAL ASUNCION,Normal Goal,1504992
19/02/2026,Copa de Primera,2026/2027,NACIONAL ASUNCION,SPORTIVO AMELIANO,84,84,2P,F. Franco,A. Paredes,SPORTIVO AMELIANO,Normal Goal,1504992
20/02/2026,Copa de Primera,2026/2027,LIBERTAD ASUNCION,RUBIO NU,89,89,2P,E. Perez,C. Gimenez,RUBIO NU,Normal Goal,1504991
20/02/2026,Copa de Primera,2026/2027,2 DE MAYO,DEPORTIVO RECOLETA,15,15,1P,N. Marotta,W. Baez,DEPORTIVO RECOLETA,Normal Goal,1504989
21/02/2026,Copa de Primera,2026/2027,CERRO PORTENO,OLIMPIA,43,43,1P,R. Ortiz,M. Gamarra,OLIMPIA,Normal Goal,1504990
23/02/2026,Copa de Primera,2026/2027,SPORTIVO LUQUENO,CLUB GUARANI,11,11,1P,I. Maggi,A. Villalba,SPORTIVO LUQUENO,Normal Goal,1504994
23/02/2026,Copa de Primera,2026/2027,SPORTIVO LUQUENO,CLUB GUARANI,13,13,1P,M. Lopez,C. E. Mino Amarilla,CLUB GUARANI,Normal Goal,1504994
23/02/2026,Copa de Primera,2026/2027,SPORTIVO LUQUENO,CLUB GUARANI,21,21,1P,S. Quintana,K. Pereira,SPORTIVO LUQUENO,Normal Goal,1504994
23/02/2026,Copa de Primera,2026/2027,SPORTIVO LUQUENO,CLUB GUARANI,39,39,1P,S. Quintana,,SPORTIVO LUQUENO,Normal Goal,1504994
23/02/2026,Copa de Primera,2026/2027,SPORTIVO LUQUENO,CLUB GUARANI,90,90,2P,G. Servio,,CLUB GUARANI,Penalty,1504994
25/02/2026,Copa de Primera,2026/2027,SPORTIVO AMELIANO,CERRO PORTENO,69,69,2P,J. Torres,R. Piris,CERRO PORTENO,Normal Goal,1504995
25/02/2026,Copa de Primera,2026/2027,OLIMPIA,LIBERTAD ASUNCION,61,61,2P,A. Alcaraz,,OLIMPIA,Normal Goal,1504997
25/02/2026,Copa de Primera,2026/2027,SPORTIVO TRINIDENSE,SPORTIVO LUQUENO,87,87,2P,N. Camacho,,SPORTIVO TRINIDENSE,Normal Goal,1505000
25/02/2026,Copa de Primera,2026/2027,SPORTIVO TRINIDENSE,SPORTIVO LUQUENO,90,90,2P,L. Gonzalez,,SPORTIVO LUQUENO,Own Goal,1505000
26/02/2026,Copa de Primera,2026/2027,RUBIO NU,CLUB SP. SAN LORENZO,12,12,1P,B. Blasi,R. Rojas,RUBIO NU,Normal Goal,1504999
26/02/2026,Copa de Primera,2026/2027,RUBIO NU,CLUB SP. SAN LORENZO,69,69,2P,A. Leguizamon,C. Gimenez,RUBIO NU,Normal Goal,1504999
26/02/2026,Copa de Primera,2026/2027,DEPORTIVO RECOLETA,NACIONAL ASUNCION,12,12,1P,K. Parzajuk,,DEPORTIVO RECOLETA,Normal Goal,1504998
26/02/2026,Copa de Primera,2026/2027,DEPORTIVO RECOLETA,NACIONAL ASUNCION,13,13,1P,A. Gonzalez,,DEPORTIVO RECOLETA,Normal Goal,1504998
26/02/2026,Copa de Primera,2026/2027,DEPORTIVO RECOLETA,NACIONAL ASUNCION,18,18,1P,A. Samudio,L. Caceres,NACIONAL ASUNCION,Normal Goal,1504998
26/02/2026,Copa de Primera,2026/2027,DEPORTIVO RECOLETA,NACIONAL ASUNCION,74,74,2P,O. Gaona Lugo,,NACIONAL ASUNCION,Normal Goal,1504998
28/02/2026,Copa de Primera,2026/2027,SPORTIVO AMELIANO,OLIMPIA,54,54,2P,R. Lezcano,A. F. Franco Zayas,OLIMPIA,Normal Goal,1505002
28/02/2026,Copa de Primera,2026/2027,2 DE MAYO,SPORTIVO TRINIDENSE,85,85,2P,F. M. Caceres Aguero,,2 DE MAYO,Normal Goal,1505001
01/03/2026,Copa de Primera,2026/2027,NACIONAL ASUNCION,CLUB GUARANI,54,54,2P,C. R. Santa,I. Valdez,NACIONAL ASUNCION,Normal Goal,1505004
01/03/2026,Copa de Primera,2026/2027,NACIONAL ASUNCION,CLUB GUARANI,83,83,2P,R. Torales,S. Zaracho,CLUB GUARANI,Normal Goal,1505004
01/03/2026,Copa de Primera,2026/2027,CERRO PORTENO,DEPORTIVO RECOLETA,60,60,2P,J. Iturbe,M. Chaparro,CERRO PORTENO,Normal Goal,1505003
01/03/2026,Copa de Primera,2026/2027,CERRO PORTENO,DEPORTIVO RECOLETA,83,83,2P,M. Perez,C. Dominguez,CERRO PORTENO,Normal Goal,1505003
02/03/2026,Copa de Primera,2026/2027,SPORTIVO LUQUENO,RUBIO NU,62,62,2P,E. Perez,C. Gimenez,RUBIO NU,Normal Goal,1505006
02/03/2026,Copa de Primera,2026/2027,CLUB SP. SAN LORENZO,LIBERTAD ASUNCION,6,6,1P,L. Melgarejo,,LIBERTAD ASUNCION,Penalty,1505005
02/03/2026,Copa de Primera,2026/2027,CLUB SP. SAN LORENZO,LIBERTAD ASUNCION,18,18,1P,N. Gimenez,A. Molinas,LIBERTAD ASUNCION,Normal Goal,1505005
02/03/2026,Copa de Primera,2026/2027,CLUB SP. SAN LORENZO,LIBERTAD ASUNCION,39,39,1P,L. Melgarejo,G. Aguilar,LIBERTAD ASUNCION,Normal Goal,1505005
02/03/2026,Copa de Primera,2026/2027,CLUB SP. SAN LORENZO,LIBERTAD ASUNCION,49,49,2P,M. D. Espinoza Acosta,N. Gimenez,LIBERTAD ASUNCION,Normal Goal,1505005
02/03/2026,Copa de Primera,2026/2027,CLUB SP. SAN LORENZO,LIBERTAD ASUNCION,63,63,2P,A. Benitez,L. Melgarejo,LIBERTAD ASUNCION,Normal Goal,1505005
02/03/2026,Copa de Primera,2026/2027,CLUB SP. SAN LORENZO,LIBERTAD ASUNCION,85,85,2P,I. Franco,A. Benitez,LIBERTAD ASUNCION,Normal Goal,1505005
02/03/2026,Copa de Primera,2026/2027,CLUB SP. SAN LORENZO,LIBERTAD ASUNCION,89,89,2P,F. Carrizo,A. Benitez,LIBERTAD ASUNCION,Normal Goal,1505005
07/03/2026,Copa de Primera,2026/2027,CLUB GUARANI,CERRO PORTENO,58,58,2P,C. Dominguez,J. Torres,CERRO PORTENO,Normal Goal,1505007
07/03/2026,Copa de Primera,2026/2027,CLUB GUARANI,CERRO PORTENO,88,88,2P,C. Dominguez,,CERRO PORTENO,Penalty,1505007
07/03/2026,Copa de Primera,2026/2027,LIBERTAD ASUNCION,SPORTIVO LUQUENO,60,60,2P,A. Molinas,N. Gimenez,LIBERTAD ASUNCION,Normal Goal,1505008
08/03/2026,Copa de Primera,2026/2027,OLIMPIA,CLUB SP. SAN LORENZO,65,65,2P,A. Silva,,OLIMPIA,Penalty,1505009
08/03/2026,Copa de Primera,2026/2027,OLIMPIA,CLUB SP. SAN LORENZO,87,87,2P,L. Caceres,H. Villamayor,CLUB SP. SAN LORENZO,Normal Goal,1505009
08/03/2026,Copa de Primera,2026/2027,RUBIO NU,2 DE MAYO,72,72,2P,D. Acosta,A. Farina,2 DE MAYO,Normal Goal,1505011
09/03/2026,Copa de Primera,2026/2027,SPORTIVO TRINIDENSE,NACIONAL ASUNCION,13,13,1P,R. Prieto,A. D. Canete Torres,NACIONAL ASUNCION,Normal Goal,1505012
09/03/2026,Copa de Primera,2026/2027,SPORTIVO TRINIDENSE,NACIONAL ASUNCION,35,35,1P,N. Camacho,R. Baez Mendoza,SPORTIVO TRINIDENSE,Normal Goal,1505012
09/03/2026,Copa de Primera,2026/2027,DEPORTIVO RECOLETA,SPORTIVO AMELIANO,65,65,2P,J. Gonzalez,,SPORTIVO AMELIANO,Normal Goal,1505010
09/03/2026,Copa de Primera,2026/2027,DEPORTIVO RECOLETA,SPORTIVO AMELIANO,90,90,2P,W. Baez,B. Ferreira,DEPORTIVO RECOLETA,Normal Goal,1505010
13/03/2026,Copa de Primera,2026/2027,SPORTIVO LUQUENO,CLUB SP. SAN LORENZO,21,21,1P,A. Galeano,,CLUB SP. SAN LORENZO,Normal Goal,1505018
13/03/2026,Copa de Primera,2026/2027,SPORTIVO LUQUENO,CLUB SP. SAN LORENZO,39,39,1P,I. Maggi,,SPORTIVO LUQUENO,Penalty,1505018
13/03/2026,Copa de Primera,2026/2027,2 DE MAYO,LIBERTAD ASUNCION,33,33,1P,F. Carrizo,M. D. Espinoza Acosta,LIBERTAD ASUNCION,Normal Goal,1505013
13/03/2026,Copa de Primera,2026/2027,2 DE MAYO,LIBERTAD ASUNCION,90,90,2P,L. Melgarejo,H. Martinez,LIBERTAD ASUNCION,Normal Goal,1505013
14/03/2026,Copa de Primera,2026/2027,DEPORTIVO RECOLETA,OLIMPIA,15,15,1P,A. Alcaraz,,OLIMPIA,Normal Goal,1505017
14/03/2026,Copa de Primera,2026/2027,DEPORTIVO RECOLETA,OLIMPIA,22,22,1P,Wilfrido Baez,,DEPORTIVO RECOLETA,Missed Penalty,1505017
14/03/2026,Copa de Primera,2026/2027,CERRO PORTENO,SPORTIVO TRINIDENSE,13,13,1P,N. Camacho,,SPORTIVO TRINIDENSE,Penalty,1505015
14/03/2026,Copa de Primera,2026/2027,CERRO PORTENO,SPORTIVO TRINIDENSE,60,60,2P,Cecilio Domínguez,,CERRO PORTENO,Missed Penalty,1505015
14/03/2026,Copa de Primera,2026/2027,CERRO PORTENO,SPORTIVO TRINIDENSE,60,60,2P,C. Dominguez,,CERRO PORTENO,Normal Goal,1505015
14/03/2026,Copa de Primera,2026/2027,CERRO PORTENO,SPORTIVO TRINIDENSE,89,89,2P,C. Benitez,,CERRO PORTENO,Own Goal,1505015
15/03/2026,Copa de Primera,2026/2027,NACIONAL ASUNCION,RUBIO NU,77,77,2P,J. Santacruz,A. D. Canete Torres,NACIONAL ASUNCION,Normal Goal,1505016
17/03/2026,Copa de Primera,2026/2027,CLUB SP. SAN LORENZO,2 DE MAYO,44,44,1P,A. Farina,D. Acosta,2 DE MAYO,Normal Goal,1505023
17/03/2026,Copa de Primera,2026/2027,CLUB SP. SAN LORENZO,2 DE MAYO,74,74,2P,V. Cespedes,J. Barrios,CLUB SP. SAN LORENZO,Normal Goal,1505023
17/03/2026,Copa de Primera,2026/2027,OLIMPIA,SPORTIVO LUQUENO,67,67,2P,R. Ortiz,R. Caceres,OLIMPIA,Normal Goal,1505021
18/03/2026,Copa de Primera,2026/2027,RUBIO NU,CERRO PORTENO,58,58,2P,W. Mendieta,,RUBIO NU,Penalty,1505022
18/03/2026,Copa de Primera,2026/2027,RUBIO NU,CERRO PORTENO,86,86,2P,E. Perez,,RUBIO NU,Normal Goal,1505022
18/03/2026,Copa de Primera,2026/2027,CLUB GUARANI,DEPORTIVO RECOLETA,41,41,1P,J. Espinola,P. Rios,DEPORTIVO RECOLETA,Normal Goal,1505019
18/03/2026,Copa de Primera,2026/2027,CLUB GUARANI,DEPORTIVO RECOLETA,50,50,2P,J. Llano,D. Rodriguez,CLUB GUARANI,Normal Goal,1505019
18/03/2026,Copa de Primera,2026/2027,CLUB GUARANI,DEPORTIVO RECOLETA,56,56,2P,F. Fernandez,D. Fernandez,CLUB GUARANI,Normal Goal,1505019
18/03/2026,Copa de Primera,2026/2027,CLUB GUARANI,DEPORTIVO RECOLETA,79,79,2P,A. Barbotte,,CLUB GUARANI,Normal Goal,1505019
18/03/2026,Copa de Primera,2026/2027,LIBERTAD ASUNCION,NACIONAL ASUNCION,38,38,1P,L. Melgarejo,A. Fretes,LIBERTAD ASUNCION,Normal Goal,1505020
18/03/2026,Copa de Primera,2026/2027,LIBERTAD ASUNCION,NACIONAL ASUNCION,63,63,2P,L. Melgarejo,,LIBERTAD ASUNCION,Penalty,1505020
18/03/2026,Copa de Primera,2026/2027,LIBERTAD ASUNCION,NACIONAL ASUNCION,90,90,2P,I. Valdez,J. Santacruz,NACIONAL ASUNCION,Normal Goal,1505020
19/03/2026,Copa de Primera,2026/2027,SPORTIVO TRINIDENSE,SPORTIVO AMELIANO,28,28,1P,E. Vera,R. Cabral,SPORTIVO AMELIANO,Normal Goal,1505024
19/03/2026,Copa de Primera,2026/2027,SPORTIVO TRINIDENSE,SPORTIVO AMELIANO,60,60,2P,N. Camacho,,SPORTIVO TRINIDENSE,Penalty,1505024
21/03/2026,Copa de Primera,2026/2027,CLUB GUARANI,OLIMPIA,22,22,1P,E. Delmas,R. Sanchez,OLIMPIA,Normal Goal,1505025
21/03/2026,Copa de Primera,2026/2027,CLUB GUARANI,OLIMPIA,88,88,2P,M. Gamarra,,OLIMPIA,Normal Goal,1505025
21/03/2026,Copa de Primera,2026/2027,LIBERTAD ASUNCION,CERRO PORTENO,3,3,1P,J. Morel,M. Klimowicz,CERRO PORTENO,Normal Goal,1505026
21/03/2026,Copa de Primera,2026/2027,LIBERTAD ASUNCION,CERRO PORTENO,43,43,1P,F. Carrizo,,LIBERTAD ASUNCION,Normal Goal,1505026
21/03/2026,Copa de Primera,2026/2027,LIBERTAD ASUNCION,CERRO PORTENO,64,64,2P,L. Melgarejo,F. Carrizo,LIBERTAD ASUNCION,Normal Goal,1505026
21/03/2026,Copa de Primera,2026/2027,LIBERTAD ASUNCION,CERRO PORTENO,81,81,2P,F. Dominguez,,CERRO PORTENO,Normal Goal,1505026
21/03/2026,Copa de Primera,2026/2027,LIBERTAD ASUNCION,CERRO PORTENO,90,90,2P,C. Dominguez,C. Bobadilla,CERRO PORTENO,Normal Goal,1505026
22/03/2026,Copa de Primera,2026/2027,SPORTIVO LUQUENO,2 DE MAYO,44,44,1P,F. M. Caceres Aguero,A. Farina,2 DE MAYO,Normal Goal,1505029
22/03/2026,Copa de Primera,2026/2027,SPORTIVO LUQUENO,2 DE MAYO,49,49,2P,M. Barreto,A. Gomez,2 DE MAYO,Normal Goal,1505029
23/03/2026,Copa de Primera,2026/2027,SPORTIVO TRINIDENSE,DEPORTIVO RECOLETA,20,20,1P,J. Espinola,,SPORTIVO TRINIDENSE,Own Goal,1505030
23/03/2026,Copa de Primera,2026/2027,SPORTIVO TRINIDENSE,DEPORTIVO RECOLETA,32,32,1P,L. Gonzalez,T. Rayer,SPORTIVO TRINIDENSE,Normal Goal,1505030
23/03/2026,Copa de Primera,2026/2027,SPORTIVO TRINIDENSE,DEPORTIVO RECOLETA,37,37,1P,A. Wlk,P. Rios,DEPORTIVO RECOLETA,Normal Goal,1505030
23/03/2026,Copa de Primera,2026/2027,SPORTIVO TRINIDENSE,DEPORTIVO RECOLETA,74,74,2P,R. Ortiz,,DEPORTIVO RECOLETA,Normal Goal,1505030
23/03/2026,Copa de Primera,2026/2027,SPORTIVO TRINIDENSE,DEPORTIVO RECOLETA,81,81,2P,B. Valdez,,SPORTIVO TRINIDENSE,Penalty,1505030
23/03/2026,Copa de Primera,2026/2027,RUBIO NU,SPORTIVO AMELIANO,7,7,1P,C. Ocampos,,SPORTIVO AMELIANO,Normal Goal,1505027
23/03/2026,Copa de Primera,2026/2027,RUBIO NU,SPORTIVO AMELIANO,63,63,2P,E. Perez,,RUBIO NU,Normal Goal,1505027
23/03/2026,Copa de Primera,2026/2027,RUBIO NU,SPORTIVO AMELIANO,90,90,2P,E. Vera,,SPORTIVO AMELIANO,Penalty,1505027
25/03/2026,Copa de Primera,2026/2027,CLUB GUARANI,2 DE MAYO,32,32,1P,I. Ramirez,D. Rodriguez,CLUB GUARANI,Normal Goal,1504996
25/03/2026,Copa de Primera,2026/2027,CLUB GUARANI,2 DE MAYO,67,67,2P,D. Acosta,R. Ruiz Diaz,2 DE MAYO,Normal Goal,1504996
26/03/2026,Copa de Primera,2026/2027,DEPORTIVO RECOLETA,RUBIO NU,55,55,2P,A. Gonzalez,,DEPORTIVO RECOLETA,Normal Goal,1505036
27/03/2026,Copa de Primera,2026/2027,NACIONAL ASUNCION,SPORTIVO LUQUENO,28,28,1P,I. Maggi,O. Ruiz,SPORTIVO LUQUENO,Normal Goal,1505034
27/03/2026,Copa de Primera,2026/2027,NACIONAL ASUNCION,SPORTIVO LUQUENO,42,42,1P,S. Quintana,,SPORTIVO LUQUENO,Normal Goal,1505034
27/03/2026,Copa de Primera,2026/2027,NACIONAL ASUNCION,SPORTIVO LUQUENO,45,45,1P,J. Santacruz,L. Gonzales,NACIONAL ASUNCION,Normal Goal,1505034
27/03/2026,Copa de Primera,2026/2027,NACIONAL ASUNCION,SPORTIVO LUQUENO,58,58,2P,I. Valdez,T. Gutierrez,NACIONAL ASUNCION,Normal Goal,1505034
27/03/2026,Copa de Primera,2026/2027,NACIONAL ASUNCION,SPORTIVO LUQUENO,65,65,2P,L. Gonzales,C. Arrua,NACIONAL ASUNCION,Normal Goal,1505034
27/03/2026,Copa de Primera,2026/2027,SPORTIVO AMELIANO,LIBERTAD ASUNCION,49,49,2P,A. Falabella,C. Ocampos,SPORTIVO AMELIANO,Normal Goal,1505031
27/03/2026,Copa de Primera,2026/2027,SPORTIVO AMELIANO,LIBERTAD ASUNCION,86,86,2P,A. Contrera,,SPORTIVO AMELIANO,Penalty,1505031
28/03/2026,Copa de Primera,2026/2027,OLIMPIA,2 DE MAYO,45,45,1P,A. Alcaraz,,OLIMPIA,Penalty,1505035
28/03/2026,Copa de Primera,2026/2027,OLIMPIA,2 DE MAYO,48,48,2P,H. Sandoval,,OLIMPIA,Normal Goal,1505035
28/03/2026,Copa de Primera,2026/2027,OLIMPIA,2 DE MAYO,55,55,2P,R. Ruiz Diaz,P. Delvalle,2 DE MAYO,Normal Goal,1505035
28/03/2026,Copa de Primera,2026/2027,OLIMPIA,2 DE MAYO,69,69,2P,I. Leguizamon,,OLIMPIA,Normal Goal,1505035
28/03/2026,Copa de Primera,2026/2027,OLIMPIA,2 DE MAYO,79,79,2P,R. Lezcano,H. Quintana,OLIMPIA,Normal Goal,1505035
28/03/2026,Copa de Primera,2026/2027,CERRO PORTENO,CLUB SP. SAN LORENZO,49,49,2P,P. Vegetti,C. Dominguez,CERRO PORTENO,Normal Goal,1505032
28/03/2026,Copa de Primera,2026/2027,CERRO PORTENO,CLUB SP. SAN LORENZO,90,90,2P,C. Dominguez,J. Morel,CERRO PORTENO,Normal Goal,1505032
30/03/2026,Copa de Primera,2026/2027,LIBERTAD ASUNCION,DEPORTIVO RECOLETA,86,86,2P,L. Melgarejo,G. Aguilar,LIBERTAD ASUNCION,Normal Goal,1505038
31/03/2026,Copa de Primera,2026/2027,2 DE MAYO,NACIONAL ASUNCION,38,38,1P,E. Alfonso,,2 DE MAYO,Penalty,1505037
31/03/2026,Copa de Primera,2026/2027,2 DE MAYO,NACIONAL ASUNCION,84,84,2P,I. Bailone,A. Samudio,NACIONAL ASUNCION,Normal Goal,1505037
31/03/2026,Copa de Primera,2026/2027,SPORTIVO LUQUENO,CERRO PORTENO,14,14,1P,C. Bobadilla,,CERRO PORTENO,Normal Goal,1505041
31/03/2026,Copa de Primera,2026/2027,SPORTIVO LUQUENO,CERRO PORTENO,20,20,1P,I. Aliseda,A. G. Benitez,CERRO PORTENO,Normal Goal,1505041
31/03/2026,Copa de Primera,2026/2027,SPORTIVO LUQUENO,CERRO PORTENO,28,28,1P,S. Diaz,,SPORTIVO LUQUENO,Normal Goal,1505041
31/03/2026,Copa de Primera,2026/2027,SPORTIVO LUQUENO,CERRO PORTENO,38,38,1P,J. Morel,P. Vegetti,CERRO PORTENO,Normal Goal,1505041
31/03/2026,Copa de Primera,2026/2027,SPORTIVO LUQUENO,CERRO PORTENO,45,45,1P,L. Comas,,SPORTIVO LUQUENO,Penalty,1505041
31/03/2026,Copa de Primera,2026/2027,CLUB SP. SAN LORENZO,SPORTIVO AMELIANO,8,8,1P,E. Vera,L. Ayala,SPORTIVO AMELIANO,Normal Goal,1505040
31/03/2026,Copa de Primera,2026/2027,CLUB SP. SAN LORENZO,SPORTIVO AMELIANO,13,13,1P,C. Ocampos,,SPORTIVO AMELIANO,Normal Goal,1505040
31/03/2026,Copa de Primera,2026/2027,CLUB SP. SAN LORENZO,SPORTIVO AMELIANO,45,45,1P,L. Caceres,A. Quinonez,CLUB SP. SAN LORENZO,Normal Goal,1505040
01/04/2026,Copa de Primera,2026/2027,RUBIO NU,CLUB GUARANI,42,42,1P,William Mendieta,,RUBIO NU,Missed Penalty,1505039
01/04/2026,Copa de Primera,2026/2027,RUBIO NU,CLUB GUARANI,61,61,2P,S. Zaracho,D. Fernandez,CLUB GUARANI,Normal Goal,1505039
01/04/2026,Copa de Primera,2026/2027,RUBIO NU,CLUB GUARANI,76,76,2P,D. Fernandez,F. Fernandez,CLUB GUARANI,Normal Goal,1505039
01/04/2026,Copa de Primera,2026/2027,SPORTIVO TRINIDENSE,OLIMPIA,15,15,1P,F. Romero,C. Gonzalez,SPORTIVO TRINIDENSE,Normal Goal,1505042
01/04/2026,Copa de Primera,2026/2027,SPORTIVO TRINIDENSE,OLIMPIA,67,67,2P,A. Morinigo,O. Gimenez,SPORTIVO TRINIDENSE,Normal Goal,1505042
01/04/2026,Copa de Primera,2026/2027,SPORTIVO TRINIDENSE,OLIMPIA,74,74,2P,A. Alcaraz,,OLIMPIA,Penalty,1505042
04/04/2026,Copa de Primera,2026/2027,OLIMPIA,NACIONAL ASUNCION,49,49,2P,A. Alcaraz,R. Caceres,OLIMPIA,Normal Goal,1505046
04/04/2026,Copa de Primera,2026/2027,OLIMPIA,NACIONAL ASUNCION,61,61,2P,G. Vargas,E. Delmas,OLIMPIA,Normal Goal,1505046
04/04/2026,Copa de Primera,2026/2027,OLIMPIA,NACIONAL ASUNCION,64,64,2P,R. Sanchez,,OLIMPIA,Normal Goal,1505046
04/04/2026,Copa de Primera,2026/2027,CERRO PORTENO,2 DE MAYO,12,12,1P,I. Aliseda,P. Vegetti,CERRO PORTENO,Normal Goal,1505044
04/04/2026,Copa de Primera,2026/2027,CERRO PORTENO,2 DE MAYO,35,35,1P,I. Aliseda,,CERRO PORTENO,Normal Goal,1505044
04/04/2026,Copa de Primera,2026/2027,CERRO PORTENO,2 DE MAYO,83,83,2P,J. Torres,M. Klimowicz,CERRO PORTENO,Normal Goal,1505044
04/04/2026,Copa de Primera,2026/2027,DEPORTIVO RECOLETA,CLUB SP. SAN LORENZO,11,11,1P,A. Alvarez,H. Gonzalez,CLUB SP. SAN LORENZO,Normal Goal,1505047
04/04/2026,Copa de Primera,2026/2027,DEPORTIVO RECOLETA,CLUB SP. SAN LORENZO,15,15,1P,A. Gonzalez,A. Franco,DEPORTIVO RECOLETA,Normal Goal,1505047
04/04/2026,Copa de Primera,2026/2027,DEPORTIVO RECOLETA,CLUB SP. SAN LORENZO,25,25,1P,A. Wlk,K. Parzajuk,DEPORTIVO RECOLETA,Normal Goal,1505047
04/04/2026,Copa de Primera,2026/2027,DEPORTIVO RECOLETA,CLUB SP. SAN LORENZO,51,51,2P,A. Wlk,J. Espinola,DEPORTIVO RECOLETA,Normal Goal,1505047
04/04/2026,Copa de Primera,2026/2027,DEPORTIVO RECOLETA,CLUB SP. SAN LORENZO,53,53,2P,A. Gonzalez,W. Baez,DEPORTIVO RECOLETA,Normal Goal,1505047
04/04/2026,Copa de Primera,2026/2027,DEPORTIVO RECOLETA,CLUB SP. SAN LORENZO,78,78,2P,A. Galeano,A. Paez,CLUB SP. SAN LORENZO,Normal Goal,1505047
05/04/2026,Copa de Primera,2026/2027,SPORTIVO AMELIANO,SPORTIVO LUQUENO,22,22,1P,T. Franco,S. Quintana,SPORTIVO LUQUENO,Normal Goal,1505043
05/04/2026,Copa de Primera,2026/2027,SPORTIVO AMELIANO,SPORTIVO LUQUENO,27,27,1P,R. Cabral,V. Larralde,SPORTIVO AMELIANO,Normal Goal,1505043
05/04/2026,Copa de Primera,2026/2027,SPORTIVO AMELIANO,SPORTIVO LUQUENO,48,48,2P,R. Cabral,,SPORTIVO AMELIANO,Normal Goal,1505043
05/04/2026,Copa de Primera,2026/2027,SPORTIVO AMELIANO,SPORTIVO LUQUENO,58,58,2P,I. Maggi,,SPORTIVO LUQUENO,Penalty,1505043
05/04/2026,Copa de Primera,2026/2027,SPORTIVO AMELIANO,SPORTIVO LUQUENO,88,88,2P,Lautaro Comas,,SPORTIVO LUQUENO,Missed Penalty,1505043
05/04/2026,Copa de Primera,2026/2027,CLUB GUARANI,LIBERTAD ASUNCION,39,39,1P,M. Lopez,T. Servin,CLUB GUARANI,Normal Goal,1505045
06/04/2026,Copa de Primera,2026/2027,SPORTIVO TRINIDENSE,RUBIO NU,11,11,1P,S. Mendoza,A. Morinigo,SPORTIVO TRINIDENSE,Normal Goal,1505048
06/04/2026,Copa de Primera,2026/2027,SPORTIVO TRINIDENSE,RUBIO NU,25,25,1P,F. Romero,B. Valdez,SPORTIVO TRINIDENSE,Normal Goal,1505048
06/04/2026,Copa de Primera,2026/2027,SPORTIVO TRINIDENSE,RUBIO NU,27,27,1P,A. Morinigo,V. Samudio,SPORTIVO TRINIDENSE,Normal Goal,1505048
06/04/2026,Copa de Primera,2026/2027,SPORTIVO TRINIDENSE,RUBIO NU,64,64,2P,N. Mana,,SPORTIVO TRINIDENSE,Normal Goal,1505048
10/04/2026,Copa de Primera,2026/2027,2 DE MAYO,SPORTIVO AMELIANO,17,17,1P,D. Acosta,A. Farina,2 DE MAYO,Normal Goal,1505049
10/04/2026,Copa de Primera,2026/2027,2 DE MAYO,SPORTIVO AMELIANO,61,61,2P,J. Sanguina,R. Cabral,SPORTIVO AMELIANO,Normal Goal,1505049
10/04/2026,Copa de Primera,2026/2027,2 DE MAYO,SPORTIVO AMELIANO,83,83,2P,L. Ayala,E. Vera,SPORTIVO AMELIANO,Normal Goal,1505049
10/04/2026,Copa de Primera,2026/2027,CLUB SP. SAN LORENZO,CLUB GUARANI,72,72,2P,M. Aguero,H. Villamayor,CLUB SP. SAN LORENZO,Normal Goal,1505053
11/04/2026,Copa de Primera,2026/2027,SPORTIVO LUQUENO,DEPORTIVO RECOLETA,12,12,1P,L. Comas,,SPORTIVO LUQUENO,Normal Goal,1505054
11/04/2026,Copa de Primera,2026/2027,SPORTIVO LUQUENO,DEPORTIVO RECOLETA,44,44,1P,K. Parzajuk,W. Baez,DEPORTIVO RECOLETA,Normal Goal,1505054
11/04/2026,Copa de Primera,2026/2027,SPORTIVO LUQUENO,DEPORTIVO RECOLETA,52,52,2P,A. Balbuena,I. Maggi,SPORTIVO LUQUENO,Normal Goal,1505054
12/04/2026,Copa de Primera,2026/2027,RUBIO NU,OLIMPIA,16,16,1P,S. Ferreira,R. Sanchez,OLIMPIA,Normal Goal,1505052
12/04/2026,Copa de Primera,2026/2027,RUBIO NU,OLIMPIA,56,56,2P,Sebastián Ferreira,,OLIMPIA,Missed Penalty,1505052
12/04/2026,Copa de Primera,2026/2027,RUBIO NU,OLIMPIA,56,56,2P,S. Ferreira,,OLIMPIA,Normal Goal,1505052
12/04/2026,Copa de Primera,2026/2027,RUBIO NU,OLIMPIA,90,90+8,2P,Estiven Pérez,,RUBIO NU,Missed Penalty,1505052
12/04/2026,Copa de Primera,2026/2027,LIBERTAD ASUNCION,SPORTIVO TRINIDENSE,49,49,2P,J. Recalde,F. Carrizo,LIBERTAD ASUNCION,Normal Goal,1505050
12/04/2026,Copa de Primera,2026/2027,LIBERTAD ASUNCION,SPORTIVO TRINIDENSE,70,70,2P,F. Romero,,SPORTIVO TRINIDENSE,Penalty,1505050
17/04/2026,Copa de Primera,2026/2027,SPORTIVO TRINIDENSE,CLUB SP. SAN LORENZO,11,11,1P,F. Romero,A. Morinigo,SPORTIVO TRINIDENSE,Normal Goal,1505060
17/04/2026,Copa de Primera,2026/2027,SPORTIVO TRINIDENSE,CLUB SP. SAN LORENZO,20,20,1P,A. Galeano,I. Torres,CLUB SP. SAN LORENZO,Normal Goal,1505060
17/04/2026,Copa de Primera,2026/2027,SPORTIVO TRINIDENSE,CLUB SP. SAN LORENZO,51,51,2P,N. Gauto,,SPORTIVO TRINIDENSE,Normal Goal,1505060
18/04/2026,Copa de Primera,2026/2027,CLUB GUARANI,SPORTIVO LUQUENO,37,37,1P,P. Tanda,N. Romero,CLUB GUARANI,Normal Goal,1505056
18/04/2026,Copa de Primera,2026/2027,CLUB GUARANI,SPORTIVO LUQUENO,58,58,2P,I. Maggi,L. Comas,SPORTIVO LUQUENO,Normal Goal,1505056
18/04/2026,Copa de Primera,2026/2027,CLUB GUARANI,SPORTIVO LUQUENO,90,90,2P,G. Servio,,CLUB GUARANI,Penalty,1505056
18/04/2026,Copa de Primera,2026/2027,DEPORTIVO RECOLETA,2 DE MAYO,39,39,1P,A. Wlk,,DEPORTIVO RECOLETA,Penalty,1505058
18/04/2026,Copa de Primera,2026/2027,DEPORTIVO RECOLETA,2 DE MAYO,50,50,2P,R. Ortiz,J. Noguera,DEPORTIVO RECOLETA,Normal Goal,1505058
18/04/2026,Copa de Primera,2026/2027,DEPORTIVO RECOLETA,2 DE MAYO,54,54,2P,R. Ortiz,W. Baez,DEPORTIVO RECOLETA,Normal Goal,1505058
18/04/2026,Copa de Primera,2026/2027,DEPORTIVO RECOLETA,2 DE MAYO,64,64,2P,W. Baez,R. Ortiz,DEPORTIVO RECOLETA,Normal Goal,1505058
18/04/2026,Copa de Primera,2026/2027,DEPORTIVO RECOLETA,2 DE MAYO,86,86,2P,N. Marotta,J. Noguera,DEPORTIVO RECOLETA,Normal Goal,1505058
20/04/2026,Copa de Primera,2026/2027,SPORTIVO AMELIANO,NACIONAL ASUNCION,11,11,1P,E. Vera,,SPORTIVO AMELIANO,Penalty,1505055
20/04/2026,Copa de Primera,2026/2027,SPORTIVO AMELIANO,NACIONAL ASUNCION,20,20,1P,H. A. Benitez,R. C. Ramirez Antunez,NACIONAL ASUNCION,Normal Goal,1505055
21/04/2026,Copa de Primera,2026/2027,RUBIO NU,LIBERTAD ASUNCION,22,22,1P,L. Montiel,F. Martinez,RUBIO NU,Normal Goal,1505059
21/04/2026,Copa de Primera,2026/2027,RUBIO NU,LIBERTAD ASUNCION,29,29,1P,E. Perez,,RUBIO NU,Penalty,1505059
21/04/2026,Copa de Primera,2026/2027,RUBIO NU,LIBERTAD ASUNCION,38,38,1P,C. Gimenez,,RUBIO NU,Normal Goal,1505059
24/04/2026,Copa de Primera,2026/2027,NACIONAL ASUNCION,DEPORTIVO RECOLETA,9,9,1P,A. Wlk,,DEPORTIVO RECOLETA,Penalty,1505064
24/04/2026,Copa de Primera,2026/2027,NACIONAL ASUNCION,DEPORTIVO RECOLETA,50,50,2P,C. R. Santa,F. Jara,NACIONAL ASUNCION,Normal Goal,1505064
24/04/2026,Copa de Primera,2026/2027,NACIONAL ASUNCION,DEPORTIVO RECOLETA,85,85,2P,I. Bailone,S. Vargas,NACIONAL ASUNCION,Normal Goal,1505064
24/04/2026,Copa de Primera,2026/2027,CERRO PORTENO,SPORTIVO AMELIANO,5,5,1P,M. Klimowicz,,CERRO PORTENO,Normal Goal,1505062
24/04/2026,Copa de Primera,2026/2027,CERRO PORTENO,SPORTIVO AMELIANO,56,56,2P,R. Cabral,J. Sanguina,SPORTIVO AMELIANO,Normal Goal,1505062
25/04/2026,Copa de Primera,2026/2027,SPORTIVO LUQUENO,SPORTIVO TRINIDENSE,6,6,1P,I. Maggi,J. Ramos,SPORTIVO LUQUENO,Normal Goal,1505066
25/04/2026,Copa de Primera,2026/2027,SPORTIVO LUQUENO,SPORTIVO TRINIDENSE,22,22,1P,C. Gonzalez,N. Mana,SPORTIVO TRINIDENSE,Normal Goal,1505066
25/04/2026,Copa de Primera,2026/2027,SPORTIVO LUQUENO,SPORTIVO TRINIDENSE,63,63,2P,I. Maggi,L. Comas,SPORTIVO LUQUENO,Normal Goal,1505066
25/04/2026,Copa de Primera,2026/2027,LIBERTAD ASUNCION,OLIMPIA,30,30,1P,F. Carrizo,N. Gimenez,LIBERTAD ASUNCION,Normal Goal,1505063
25/04/2026,Copa de Primera,2026/2027,LIBERTAD ASUNCION,OLIMPIA,38,38,1P,A. Fretes,,LIBERTAD ASUNCION,Normal Goal,1505063
25/04/2026,Copa de Primera,2026/2027,LIBERTAD ASUNCION,OLIMPIA,49,49,2P,G. Aguilar,L. Sanabria,LIBERTAD ASUNCION,Normal Goal,1505063
25/04/2026,Copa de Primera,2026/2027,LIBERTAD ASUNCION,OLIMPIA,66,66,2P,G. Vargas,H. Sandoval,OLIMPIA,Normal Goal,1505063
25/04/2026,Copa de Primera,2026/2027,LIBERTAD ASUNCION,OLIMPIA,70,70,2P,M. Gamarra,R. Benitez,OLIMPIA,Normal Goal,1505063
26/04/2026,Copa de Primera,2026/2027,2 DE MAYO,CLUB GUARANI,10,10,1P,D. Fernandez,N. Romero,CLUB GUARANI,Normal Goal,1505061
26/04/2026,Copa de Primera,2026/2027,2 DE MAYO,CLUB GUARANI,57,57,2P,F. M. Caceres Aguero,M. Acosta,2 DE MAYO,Normal Goal,1505061
26/04/2026,Copa de Primera,2026/2027,2 DE MAYO,CLUB GUARANI,62,62,2P,P. Coronel,D. Fernandez,CLUB GUARANI,Normal Goal,1505061
26/04/2026,Copa de Primera,2026/2027,2 DE MAYO,CLUB GUARANI,79,79,2P,D. Acosta,,2 DE MAYO,Normal Goal,1505061
26/04/2026,Copa de Primera,2026/2027,CLUB SP. SAN LORENZO,RUBIO NU,75,75,2P,A. Cardozo Lucena,W. Mendieta,RUBIO NU,Normal Goal,1505065
01/05/2026,Copa de Primera,2026/2027,SPORTIVO TRINIDENSE,2 DE MAYO,1,1,1P,M. Acosta,,2 DE MAYO,Normal Goal,1505072
01/05/2026,Copa de Primera,2026/2027,SPORTIVO TRINIDENSE,2 DE MAYO,65,65,2P,A. Da Silveira,N. Camacho,SPORTIVO TRINIDENSE,Normal Goal,1505072
01/05/2026,Copa de Primera,2026/2027,SPORTIVO TRINIDENSE,2 DE MAYO,77,77,2P,P. Delvalle,,2 DE MAYO,Normal Goal,1505072
01/05/2026,Copa de Primera,2026/2027,LIBERTAD ASUNCION,CLUB SP. SAN LORENZO,25,25,1P,A. Molinas,,LIBERTAD ASUNCION,Normal Goal,1505068
01/05/2026,Copa de Primera,2026/2027,LIBERTAD ASUNCION,CLUB SP. SAN LORENZO,29,29,1P,L. Melgarejo,A. Fretes,LIBERTAD ASUNCION,Normal Goal,1505068
01/05/2026,Copa de Primera,2026/2027,LIBERTAD ASUNCION,CLUB SP. SAN LORENZO,52,52,2P,L. Melgarejo,,LIBERTAD ASUNCION,Normal Goal,1505068
01/05/2026,Copa de Primera,2026/2027,LIBERTAD ASUNCION,CLUB SP. SAN LORENZO,66,66,2P,R. Villalba,,LIBERTAD ASUNCION,Normal Goal,1505068
01/05/2026,Copa de Primera,2026/2027,LIBERTAD ASUNCION,CLUB SP. SAN LORENZO,85,85,2P,J. Recalde,J. Bogarin,LIBERTAD ASUNCION,Normal Goal,1505068
03/05/2026,Copa de Primera,2026/2027,OLIMPIA,SPORTIVO AMELIANO,28,28,1P,E. Vera,J. Benitez,SPORTIVO AMELIANO,Normal Goal,1505069
03/05/2026,Copa de Primera,2026/2027,OLIMPIA,SPORTIVO AMELIANO,67,67,2P,A. Silva,,OLIMPIA,Penalty,1505069
03/05/2026,Copa de Primera,2026/2027,DEPORTIVO RECOLETA,CERRO PORTENO,14,14,1P,A. Wlk,R. Dominguez,DEPORTIVO RECOLETA,Normal Goal,1505070
03/05/2026,Copa de Primera,2026/2027,DEPORTIVO RECOLETA,CERRO PORTENO,21,21,1P,A. Sonora,,CERRO PORTENO,Penalty,1505070
03/05/2026,Copa de Primera,2026/2027,DEPORTIVO RECOLETA,CERRO PORTENO,51,51,2P,A. Wlk,,DEPORTIVO RECOLETA,Normal Goal,1505070
03/05/2026,Copa de Primera,2026/2027,CLUB GUARANI,NACIONAL ASUNCION,82,82,2P,H. A. Benitez,J. Feliu,NACIONAL ASUNCION,Normal Goal,1505067
09/05/2026,Copa de Primera,2026/2027,2 DE MAYO,RUBIO NU,21,21,1P,C. Castro,S. D. Fretes,2 DE MAYO,Normal Goal,1505073
09/05/2026,Copa de Primera,2026/2027,2 DE MAYO,RUBIO NU,80,80,2P,A. Gomez,W. Ibarrola,2 DE MAYO,Normal Goal,1505073
09/05/2026,Copa de Primera,2026/2027,NACIONAL ASUNCION,SPORTIVO TRINIDENSE,29,29,1P,N. Camacho,,SPORTIVO TRINIDENSE,Penalty,1505076
09/05/2026,Copa de Primera,2026/2027,NACIONAL ASUNCION,SPORTIVO TRINIDENSE,77,77,2P,I. Bailone,,NACIONAL ASUNCION,Penalty,1505076
09/05/2026,Copa de Primera,2026/2027,NACIONAL ASUNCION,SPORTIVO TRINIDENSE,90,90,2P,I. Bailone,,NACIONAL ASUNCION,Penalty,1505076
10/05/2026,Copa de Primera,2026/2027,CLUB SP. SAN LORENZO,OLIMPIA,80,80,2P,J. Barrios,,CLUB SP. SAN LORENZO,Penalty,1505077
10/05/2026,Copa de Primera,2026/2027,SPORTIVO LUQUENO,LIBERTAD ASUNCION,25,25,1P,S. Diaz,I. Maggi,SPORTIVO LUQUENO,Normal Goal,1505078
10/05/2026,Copa de Primera,2026/2027,SPORTIVO LUQUENO,LIBERTAD ASUNCION,29,29,1P,L. Melgarejo,A. Fretes,LIBERTAD ASUNCION,Normal Goal,1505078
10/05/2026,Copa de Primera,2026/2027,SPORTIVO LUQUENO,LIBERTAD ASUNCION,53,53,2P,L. Melgarejo,A. Fretes,LIBERTAD ASUNCION,Normal Goal,1505078
10/05/2026,Copa de Primera,2026/2027,SPORTIVO LUQUENO,LIBERTAD ASUNCION,61,61,2P,A. Fretes,,LIBERTAD ASUNCION,Normal Goal,1505078
10/05/2026,Copa de Primera,2026/2027,SPORTIVO LUQUENO,LIBERTAD ASUNCION,68,68,2P,S. Quintana,M. Ojeda,SPORTIVO LUQUENO,Normal Goal,1505078
11/05/2026,Copa de Primera,2026/2027,SPORTIVO AMELIANO,DEPORTIVO RECOLETA,21,21,1P,W. Baez,J. Falcon,DEPORTIVO RECOLETA,Normal Goal,1505074
11/05/2026,Copa de Primera,2026/2027,SPORTIVO AMELIANO,DEPORTIVO RECOLETA,35,35,1P,E. Vera,R. Cabral,SPORTIVO AMELIANO,Normal Goal,1505074
11/05/2026,Copa de Primera,2026/2027,SPORTIVO AMELIANO,DEPORTIVO RECOLETA,44,44,1P,C. Ocampos,,SPORTIVO AMELIANO,Normal Goal,1505074
11/05/2026,Copa de Primera,2026/2027,SPORTIVO AMELIANO,DEPORTIVO RECOLETA,81,81,2P,A. Wlk,J. Noguera,DEPORTIVO RECOLETA,Normal Goal,1505074
11/05/2026,Copa de Primera,2026/2027,SPORTIVO AMELIANO,DEPORTIVO RECOLETA,90,90,2P,J. Benitez,J. Gonzalez,SPORTIVO AMELIANO,Normal Goal,1505074
14/05/2026,Copa de Primera,2026/2027,LIBERTAD ASUNCION,2 DE MAYO,43,43,1P,Lorenzo Melgarejo,,LIBERTAD ASUNCION,Missed Penalty,1505080
15/05/2026,Copa de Primera,2026/2027,OLIMPIA,DEPORTIVO RECOLETA,38,38,1P,E. Delmas,R. Lezcano,OLIMPIA,Normal Goal,1505081
15/05/2026,Copa de Primera,2026/2027,OLIMPIA,DEPORTIVO RECOLETA,51,51,2P,G. Guggiari,K. Parzajuk,DEPORTIVO RECOLETA,Normal Goal,1505081
15/05/2026,Copa de Primera,2026/2027,OLIMPIA,DEPORTIVO RECOLETA,60,60,2P,A. Alcaraz,,OLIMPIA,Penalty,1505081
15/05/2026,Copa de Primera,2026/2027,OLIMPIA,DEPORTIVO RECOLETA,67,67,2P,A. Wlk,B. Ferreira,DEPORTIVO RECOLETA,Normal Goal,1505081
15/05/2026,Copa de Primera,2026/2027,OLIMPIA,DEPORTIVO RECOLETA,90,90,2P,H. Sandoval,F. Alfonso,OLIMPIA,Normal Goal,1505081
15/05/2026,Copa de Primera,2026/2027,RUBIO NU,NACIONAL ASUNCION,28,28,1P,M. Cabrera,F. Jara,NACIONAL ASUNCION,Normal Goal,1505082
15/05/2026,Copa de Primera,2026/2027,RUBIO NU,NACIONAL ASUNCION,52,52,2P,E. Perez,,RUBIO NU,Penalty,1505082
15/05/2026,Copa de Primera,2026/2027,SPORTIVO TRINIDENSE,CERRO PORTENO,18,18,1P,F. Romero,,SPORTIVO TRINIDENSE,Normal Goal,1505084
15/05/2026,Copa de Primera,2026/2027,SPORTIVO TRINIDENSE,CERRO PORTENO,49,49,2P,C. Gonzalez,,SPORTIVO TRINIDENSE,Normal Goal,1505084
15/05/2026,Copa de Primera,2026/2027,SPORTIVO TRINIDENSE,CERRO PORTENO,75,75,2P,P. Vegetti,,CERRO PORTENO,Normal Goal,1505084
15/05/2026,Copa de Primera,2026/2027,SPORTIVO TRINIDENSE,CERRO PORTENO,90,90,2P,N. Camacho,,SPORTIVO TRINIDENSE,Normal Goal,1505084
16/05/2026,Copa de Primera,2026/2027,CLUB GUARANI,SPORTIVO AMELIANO,33,33,1P,A. Falabella,,CLUB GUARANI,Own Goal,1505079
22/05/2026,Copa de Primera,2026/2027,2 DE MAYO,CLUB SP. SAN LORENZO,13,13,1P,C. Colman,A. Alvarez,CLUB SP. SAN LORENZO,Normal Goal,1505085
23/05/2026,Copa de Primera,2026/2027,SPORTIVO LUQUENO,OLIMPIA,34,34,1P,J. Ramos,,SPORTIVO LUQUENO,Normal Goal,1505090
23/05/2026,Copa de Primera,2026/2027,SPORTIVO LUQUENO,OLIMPIA,52,52,2P,J. Vera,,OLIMPIA,Normal Goal,1505090
23/05/2026,Copa de Primera,2026/2027,SPORTIVO LUQUENO,OLIMPIA,89,89,2P,F. Alfonso,R. Benitez,OLIMPIA,Normal Goal,1505090
23/05/2026,Copa de Primera,2026/2027,DEPORTIVO RECOLETA,CLUB GUARANI,14,14,1P,A. Wlk,M. Pereira,DEPORTIVO RECOLETA,Normal Goal,1505089
23/05/2026,Copa de Primera,2026/2027,DEPORTIVO RECOLETA,CLUB GUARANI,26,26,1P,S. Zaracho,J. Llano,CLUB GUARANI,Normal Goal,1505089
23/05/2026,Copa de Primera,2026/2027,DEPORTIVO RECOLETA,CLUB GUARANI,37,37,1P,W. Baez,A. Wlk,DEPORTIVO RECOLETA,Normal Goal,1505089
24/05/2026,Copa de Primera,2026/2027,NACIONAL ASUNCION,LIBERTAD ASUNCION,20,20,1P,M. D. Espinoza Acosta,L. Melgarejo,LIBERTAD ASUNCION,Normal Goal,1505088
24/05/2026,Copa de Primera,2026/2027,NACIONAL ASUNCION,LIBERTAD ASUNCION,29,29,1P,O. Gaona Lugo,I. Valdez,NACIONAL ASUNCION,Normal Goal,1505088
24/05/2026,Copa de Primera,2026/2027,NACIONAL ASUNCION,LIBERTAD ASUNCION,45,45,1P,D. J. Colman Escobar,,NACIONAL ASUNCION,Penalty,1505088
24/05/2026,Copa de Primera,2026/2027,CERRO PORTENO,RUBIO NU,45,45,1P,J. Iturbe,,CERRO PORTENO,Normal Goal,1505087
24/05/2026,Copa de Primera,2026/2027,CERRO PORTENO,RUBIO NU,90,90,2P,I. Aliseda,F. Peralta,CERRO PORTENO,Normal Goal,1505087
24/05/2026,Copa de Primera,2026/2027,SPORTIVO AMELIANO,SPORTIVO TRINIDENSE,20,20,1P,A. Paredes,,SPORTIVO AMELIANO,Normal Goal,1505086
24/05/2026,Copa de Primera,2026/2027,SPORTIVO AMELIANO,SPORTIVO TRINIDENSE,25,25,1P,F. Romero,,SPORTIVO TRINIDENSE,Penalty,1505086
24/05/2026,Copa de Primera,2026/2027,SPORTIVO AMELIANO,SPORTIVO TRINIDENSE,47,47,2P,L. De la Cruz,F. Romero,SPORTIVO TRINIDENSE,Normal Goal,1505086
24/05/2026,Copa de Primera,2026/2027,SPORTIVO AMELIANO,SPORTIVO TRINIDENSE,90,90,2P,Raúl Cabral,,SPORTIVO AMELIANO,Missed Penalty,1505086
07/08/2026,Liga Portugal,2026/2027,ESTORIL,FAMALICAO,32,32,1P,G. Koutsias,Gil Dias,FAMALICAO,Normal Goal,1575447
07/08/2026,Liga Portugal,2026/2027,ESTORIL,FAMALICAO,72,72,2P,Y. Begraoui,P. Carvalho,ESTORIL,Normal Goal,1575447
08/08/2026,Liga Portugal,2026/2027,MARITIMO,CASA PIA,61,61,2P,Raphael Guzzo,M. Tejon,MARITIMO,Normal Goal,1575451
08/08/2026,Liga Portugal,2026/2027,VITÓRIA SC,AROUCA,53,53,2P,I. Barbero,N. Djouahra,AROUCA,Normal Goal,1575454
08/08/2026,Liga Portugal,2026/2027,ESTRELA,SPORTING CP,46,46,2P,R. Zalazar,G. Catamo,SPORTING CP,Normal Goal,1575448
08/08/2026,Liga Portugal,2026/2027,ESTRELA,SPORTING CP,59,59,2P,F. Ioannidis,R. Zalazar,SPORTING CP,Normal Goal,1575448
08/08/2026,Liga Portugal,2026/2027,ESTRELA,SPORTING CP,72,72,2P,L. Antonetti,I. Stoica,ESTRELA,Normal Goal,1575448
08/08/2026,Liga Portugal,2026/2027,ESTRELA,SPORTING CP,84,84,2P,R. Silva,,ESTRELA,Own Goal,1575448
09/08/2026,Liga Portugal,2026/2027,FC PORTO,ALVERCA,9,9,1P,Andre Silva,,FC PORTO,Penalty,1575449
09/08/2026,Liga Portugal,2026/2027,FC PORTO,ALVERCA,44,44,1P,G. Veiga,,FC PORTO,Penalty,1575449
09/08/2026,Liga Portugal,2026/2027,BENFICA,ACADEMICO VISEU,10,10,1P,V. Pavlidis,G. Prestianni,BENFICA,Normal Goal,1575446
09/08/2026,Liga Portugal,2026/2027,BENFICA,ACADEMICO VISEU,55,55,2P,R. Pereira,C. Kahraman,ACADEMICO VISEU,Normal Goal,1575446
09/08/2026,Liga Portugal,2026/2027,BENFICA,ACADEMICO VISEU,58,58,2P,G. Prestianni,E. Barrenechea,BENFICA,Normal Goal,1575446
09/08/2026,Liga Portugal,2026/2027,BENFICA,ACADEMICO VISEU,67,67,2P,Andre Clovis,Robinho,ACADEMICO VISEU,Normal Goal,1575446
09/08/2026,Liga Portugal,2026/2027,MOREIRENSE,SC BRAGA,7,7,1P,F. Navarro,Vitor Carvalho,SC BRAGA,Normal Goal,1575452
09/08/2026,Liga Portugal,2026/2027,MOREIRENSE,SC BRAGA,8,8,1P,N. John,A. Duville-Parsemain,MOREIRENSE,Normal Goal,1575452
09/08/2026,Liga Portugal,2026/2027,MOREIRENSE,SC BRAGA,66,66,2P,P. Victor,D. E. Tiknaz,SC BRAGA,Normal Goal,1575452
09/08/2026,Liga Portugal,2026/2027,MOREIRENSE,SC BRAGA,90,90,2P,J. Veloso,,MOREIRENSE,Normal Goal,1575452
09/08/2026,Liga Portugal,2026/2027,GIL VICENTE,RIO AVE,87,87,2P,H. Hernandez,,GIL VICENTE,Penalty,1575450
10/08/2026,Liga Portugal,2026/2027,SANTA CLARA,NACIONAL,19,19,1P,G. Paciencia,,SANTA CLARA,Normal Goal,1575453
10/08/2026,Liga Portugal,2026/2027,SANTA CLARA,NACIONAL,21,21,1P,G. Paciencia,Diogo Calila,SANTA CLARA,Normal Goal,1575453
10/08/2026,Liga Portugal,2026/2027,SANTA CLARA,NACIONAL,36,36,1P,Liziero,,NACIONAL,Penalty,1575453
10/08/2026,Liga Portugal,2026/2027,SANTA CLARA,NACIONAL,45,45,1P,M. Baeza,,NACIONAL,Normal Goal,1575453
08/08/2026,Liga Portugal 2,2026/2027,CHAVES,ACADEMICA,7,7,1P,Marcos Paulo,,ACADEMICA,Normal Goal,1576442
08/08/2026,Liga Portugal 2,2026/2027,CHAVES,ACADEMICA,38,38,1P,A. Rodrigues,,ACADEMICA,Normal Goal,1576442
08/08/2026,Liga Portugal 2,2026/2027,CHAVES,ACADEMICA,63,63,2P,A. Coundoul,,ACADEMICA,Normal Goal,1576442
08/08/2026,Liga Portugal 2,2026/2027,CHAVES,ACADEMICA,79,79,2P,P. Texel,L. Silva,ACADEMICA,Normal Goal,1576442
08/08/2026,Liga Portugal 2,2026/2027,CHAVES,ACADEMICA,85,85,2P,W. Tavares,Roberto,CHAVES,Normal Goal,1576442
08/08/2026,Liga Portugal 2,2026/2027,PENAFIEL,PORTIMONENSE,56,56,2P,Mamede,D. Djassi,PORTIMONENSE,Normal Goal,1576445
08/08/2026,Liga Portugal 2,2026/2027,TONDELA,AMARANTE,18,18,1P,M. Costa,R. Beirao,AMARANTE,Normal Goal,1576447
08/08/2026,Liga Portugal 2,2026/2027,TONDELA,AMARANTE,21,21,1P,Cascavel,Carraca,TONDELA,Normal Goal,1576447
08/08/2026,Liga Portugal 2,2026/2027,TONDELA,AMARANTE,45,45,1P,Joao Lima,,TONDELA,Penalty,1576447
09/08/2026,Liga Portugal 2,2026/2027,FARENSE,TORREENSE,48,48,2P,G. Silva,N. Zolotic,FARENSE,Normal Goal,1576446
09/08/2026,Liga Portugal 2,2026/2027,FARENSE,TORREENSE,49,49,2P,A. Simoes,Stopira,TORREENSE,Normal Goal,1576446
09/08/2026,Liga Portugal 2,2026/2027,FARENSE,TORREENSE,57,57,2P,A. Candeias,,FARENSE,Normal Goal,1576446
09/08/2026,Liga Portugal 2,2026/2027,VIZELA,UNIÃO DE LEIRIA,44,44,1P,Thio,G. Bamba,VIZELA,Normal Goal,1576448
09/08/2026,Liga Portugal 2,2026/2027,AVS,SPORTING CP B,86,86,2P,S. Justo,M. Couto,SPORTING CP B,Normal Goal,1576440
10/08/2026,Liga Portugal 2,2026/2027,BENFICA B,LEIXOES,7,7,1P,F. Bernardes de Freitas Neto,T. Freitas,BENFICA B,Normal Goal,1576441
10/08/2026,Liga Portugal 2,2026/2027,LUSITÂNIA LOUROSA,FC PORTO B,21,21,1P,J. Santos,Paulite,LUSITÂNIA LOUROSA,Normal Goal,1576444
10/08/2026,Liga Portugal 2,2026/2027,LUSITÂNIA LOUROSA,FC PORTO B,90,90,2P,A. Ricardo,Danny,LUSITÂNIA LOUROSA,Normal Goal,1576444
07/08/2026,1. Lig,2026/2027,BOLUSPOR,MANISA F.K.,7,7,1P,F. E. Kacmaz,B. Ozyurek,BOLUSPOR,Normal Goal,1585692
07/08/2026,1. Lig,2026/2027,BOLUSPOR,MANISA F.K.,35,35,1P,J. Anziani,,MANISA F.K.,Penalty,1585692
07/08/2026,1. Lig,2026/2027,BOLUSPOR,MANISA F.K.,45,45,1P,J. Lindseth,C. Sylla,MANISA F.K.,Normal Goal,1585692
08/08/2026,1. Lig,2026/2027,BANDIRMASPOR,İSTANBULSPOR,2,2,1P,E. Ayhan,A. Badji,BANDIRMASPOR,Normal Goal,1585690
08/08/2026,1. Lig,2026/2027,BANDIRMASPOR,İSTANBULSPOR,15,15,1P,E. Ayhan,K. Donertas,BANDIRMASPOR,Normal Goal,1585690
08/08/2026,1. Lig,2026/2027,BANDIRMASPOR,İSTANBULSPOR,90,90,2P,G. Bruno,,BANDIRMASPOR,Penalty,1585690
08/08/2026,1. Lig,2026/2027,ANTALYASPOR,KEÇIÖRENGÜCÜ,41,41,1P,R. Safuri,,ANTALYASPOR,Normal Goal,1585689
08/08/2026,1. Lig,2026/2027,ANTALYASPOR,KEÇIÖRENGÜCÜ,48,48,2P,N. Storm,S. van de Streek,ANTALYASPOR,Normal Goal,1585689
08/08/2026,1. Lig,2026/2027,ANTALYASPOR,KEÇIÖRENGÜCÜ,51,51,2P,F. Ezeh,I. Akdag,KEÇIÖRENGÜCÜ,Normal Goal,1585689
08/08/2026,1. Lig,2026/2027,ANTALYASPOR,KEÇIÖRENGÜCÜ,68,68,2P,Y. Boli,,ANTALYASPOR,Normal Goal,1585689
08/08/2026,1. Lig,2026/2027,ANTALYASPOR,KEÇIÖRENGÜCÜ,80,80,2P,,,ANTALYASPOR,Normal Goal,1585689
08/08/2026,1. Lig,2026/2027,ANTALYASPOR,KEÇIÖRENGÜCÜ,82,82,2P,M. Diouf,,KEÇIÖRENGÜCÜ,Normal Goal,1585689
08/08/2026,1. Lig,2026/2027,ANTALYASPOR,KEÇIÖRENGÜCÜ,90,90,2P,I. Akdag,,KEÇIÖRENGÜCÜ,Penalty,1585689
09/08/2026,1. Lig,2026/2027,SARIYER,MUĞLASPOR,44,44,1P,E. Eze,,SARIYER,Penalty,1585695
09/08/2026,1. Lig,2026/2027,SARIYER,MUĞLASPOR,65,65,2P,C. Karayel,B. Alici,SARIYER,Normal Goal,1585695
09/08/2026,1. Lig,2026/2027,IĞDIR FK,FATIH KARAGÜMRÜK,13,13,1P,G. Crociata,L. Kouagba,IĞDIR FK,Normal Goal,1585693
09/08/2026,1. Lig,2026/2027,IĞDIR FK,FATIH KARAGÜMRÜK,85,85,2P,Douglas Tanque,H. Karabey,IĞDIR FK,Normal Goal,1585693
09/08/2026,1. Lig,2026/2027,BODRUM FK,BURSASPOR,27,27,1P,K. Iheanacho,R. Berisbek,BURSASPOR,Normal Goal,1585691
09/08/2026,1. Lig,2026/2027,BODRUM FK,BURSASPOR,45,45,1P,Lincoln,K. Iheanacho,BURSASPOR,Normal Goal,1585691
09/08/2026,1. Lig,2026/2027,VANSPOR FK,KAYSERISPOR,9,9,1P,T. Seferi,G. Saglam,KAYSERISPOR,Normal Goal,1585698
09/08/2026,1. Lig,2026/2027,VANSPOR FK,KAYSERISPOR,56,56,2P,T. Seferi,G. Saglam,KAYSERISPOR,Normal Goal,1585698
10/08/2026,1. Lig,2026/2027,PENDIKSPOR,BATMAN PETROLSPOR,32,32,1P,Sergio Córdova,,BATMAN PETROLSPOR,Missed Penalty,1585694
10/08/2026,1. Lig,2026/2027,PENDIKSPOR,BATMAN PETROLSPOR,32,32,1P,S. Cordova,,BATMAN PETROLSPOR,Normal Goal,1585694
10/08/2026,1. Lig,2026/2027,PENDIKSPOR,BATMAN PETROLSPOR,54,54,2P,Rogerio Thuram,Y. Sonmez,PENDIKSPOR,Normal Goal,1585694
10/08/2026,1. Lig,2026/2027,PENDIKSPOR,BATMAN PETROLSPOR,81,81,2P,O. Imeri,,BATMAN PETROLSPOR,Normal Goal,1585694
10/08/2026,1. Lig,2026/2027,PENDIKSPOR,BATMAN PETROLSPOR,90,90,2P,M. Ozdemir,Rogerio Thuram,PENDIKSPOR,Normal Goal,1585694
15/08/2025,V.League 1,2026/2027,CÔNG AN NHÂN DÂN,VIETTEL,3,3,1P,Lucao,,VIETTEL,Normal Goal,1405520
15/08/2025,V.League 1,2026/2027,CÔNG AN NHÂN DÂN,VIETTEL,22,22,1P,Alan Grafite,,CÔNG AN NHÂN DÂN,Normal Goal,1405520
16/08/2025,V.League 1,2026/2027,NAM DINH,HAI PHONG,32,32,1P,Luiz Antonio,,HAI PHONG,Normal Goal,1405521
16/08/2025,V.League 1,2026/2027,NAM DINH,HAI PHONG,68,68,2P,Ly Cong Hoang Anh,,NAM DINH,Normal Goal,1405521
16/08/2025,V.League 1,2026/2027,NAM DINH,HAI PHONG,88,88,2P,K. Pham Ba,,NAM DINH,Normal Goal,1405521
16/08/2025,V.League 1,2026/2027,HO CHI MINH,HA NOI,2,2,1P,Nguyen Tien Linh,,HO CHI MINH,Normal Goal,1405518
16/08/2025,V.League 1,2026/2027,HO CHI MINH,HA NOI,28,28,1P,Vo Huy Toan,,HO CHI MINH,Normal Goal,1405518
16/08/2025,V.League 1,2026/2027,HO CHI MINH,HA NOI,83,83,2P,Nguyen Van Tung,,HA NOI,Normal Goal,1405518
17/08/2025,V.League 1,2026/2027,HOANG ANH GIA LAI,BINH DUONG,42,42,1P,Minh Trong Vo,,BINH DUONG,Penalty,1405517
17/08/2025,V.League 1,2026/2027,HOANG ANH GIA LAI,BINH DUONG,72,72,2P,Nguyen Van Anh,,BINH DUONG,Normal Goal,1405517
17/08/2025,V.League 1,2026/2027,HOANG ANH GIA LAI,BINH DUONG,83,83,2P,I. Origbaajo,,BINH DUONG,Normal Goal,1405517
17/08/2025,V.League 1,2026/2027,THANH HÓA,DA NANG,63,63,2P,D. Henen,,DA NANG,Normal Goal,1405522
17/08/2025,V.League 1,2026/2027,THANH HÓA,DA NANG,65,65,2P,Nguyen Ngoc My,,THANH HÓA,Normal Goal,1405522
17/08/2025,V.League 1,2026/2027,PHO HIEN,SONG LAM NGHE AN,42,42,1P,Amarildo,,PHO HIEN,Normal Goal,1405519
17/08/2025,V.League 1,2026/2027,PHO HIEN,SONG LAM NGHE AN,59,59,2P,M. Olaha,,SONG LAM NGHE AN,Normal Goal,1405519
17/08/2025,V.League 1,2026/2027,PHO HIEN,SONG LAM NGHE AN,66,66,2P,J. Mpande,,PHO HIEN,Normal Goal,1405519
17/08/2025,V.League 1,2026/2027,HỒNG LĨNH HÀ TĨNH,PHU DONG,34,34,1P,S. H. Mai,,HỒNG LĨNH HÀ TĨNH,Normal Goal,1405516
17/08/2025,V.League 1,2026/2027,HỒNG LĨNH HÀ TĨNH,PHU DONG,41,41,1P,Nguyen Duc Chien,,PHU DONG,Normal Goal,1405516
17/08/2025,V.League 1,2026/2027,HỒNG LĨNH HÀ TĨNH,PHU DONG,90,90,2P,Dung Quang Nho,,PHU DONG,Normal Goal,1405516
17/08/2025,V.League 1,2026/2027,HỒNG LĨNH HÀ TĨNH,PHU DONG,90,90,2P,Pham Gia Hung,,PHU DONG,Normal Goal,1405516
22/08/2025,V.League 1,2026/2027,VIETTEL,HO CHI MINH,20,20,1P,Pedro Henrique,,VIETTEL,Penalty,1429333
22/08/2025,V.League 1,2026/2027,VIETTEL,HO CHI MINH,82,82,2P,D. Vu Thanh,,VIETTEL,Normal Goal,1429333
22/08/2025,V.League 1,2026/2027,VIETTEL,HO CHI MINH,90,90,2P,Lucao,,VIETTEL,Normal Goal,1429333
23/08/2025,V.League 1,2026/2027,DA NANG,HỒNG LĨNH HÀ TĨNH,90,90,2P,Helerson,,HỒNG LĨNH HÀ TĨNH,Normal Goal,1429337
23/08/2025,V.League 1,2026/2027,HAI PHONG,PHO HIEN,29,29,1P,A. Eyenga,,PHO HIEN,Normal Goal,1429335
23/08/2025,V.League 1,2026/2027,HAI PHONG,PHO HIEN,84,84,2P,F. Friday,,HAI PHONG,Normal Goal,1429335
23/08/2025,V.League 1,2026/2027,HAI PHONG,PHO HIEN,86,86,2P,Trieu Viet Hung,,HAI PHONG,Normal Goal,1429335
23/08/2025,V.League 1,2026/2027,HAI PHONG,PHO HIEN,90,90,2P,Nguyen Huu Nam,,HAI PHONG,Normal Goal,1429335
23/08/2025,V.League 1,2026/2027,SONG LAM NGHE AN,NAM DINH,9,9,1P,Lam Ti Phong,,NAM DINH,Normal Goal,1429336
23/08/2025,V.League 1,2026/2027,SONG LAM NGHE AN,NAM DINH,41,41,1P,Ngo Van Luong,,SONG LAM NGHE AN,Normal Goal,1429336
23/08/2025,V.League 1,2026/2027,SONG LAM NGHE AN,NAM DINH,81,81,2P,R. Moore,,SONG LAM NGHE AN,Normal Goal,1429336
23/08/2025,V.League 1,2026/2027,PHU DONG,THANH HÓA,31,31,1P,D. dos Anjos,,PHU DONG,Normal Goal,1429334
23/08/2025,V.League 1,2026/2027,PHU DONG,THANH HÓA,45,45,1P,Gustavo Henrique,,PHU DONG,Normal Goal,1429334
23/08/2025,V.League 1,2026/2027,PHU DONG,THANH HÓA,64,64,2P,Gustavo Henrique,,PHU DONG,Normal Goal,1429334
23/08/2025,V.League 1,2026/2027,PHU DONG,THANH HÓA,71,71,2P,D. dos Anjos,,PHU DONG,Normal Goal,1429334
24/08/2025,V.League 1,2026/2027,BINH DUONG,CÔNG AN NHÂN DÂN,3,3,1P,Alan Grafite,,CÔNG AN NHÂN DÂN,Normal Goal,1429338
24/08/2025,V.League 1,2026/2027,BINH DUONG,CÔNG AN NHÂN DÂN,62,62,2P,Nguyen Quang Hai,,CÔNG AN NHÂN DÂN,Normal Goal,1429338
24/08/2025,V.League 1,2026/2027,BINH DUONG,CÔNG AN NHÂN DÂN,71,71,2P,Leo Artur,,CÔNG AN NHÂN DÂN,Normal Goal,1429338
27/08/2025,V.League 1,2026/2027,DA NANG,PHU DONG,12,12,1P,D. Henen,,DA NANG,Normal Goal,1429343
27/08/2025,V.League 1,2026/2027,DA NANG,PHU DONG,29,29,1P,Gustavo Henrique,,PHU DONG,Normal Goal,1429343
27/08/2025,V.League 1,2026/2027,DA NANG,PHU DONG,33,33,1P,Gustavo Henrique,,PHU DONG,Normal Goal,1429343
27/08/2025,V.League 1,2026/2027,DA NANG,PHU DONG,65,65,2P,Geovane,,PHU DONG,Normal Goal,1429343
27/08/2025,V.League 1,2026/2027,HAI PHONG,SONG LAM NGHE AN,23,23,1P,F. Friday,,HAI PHONG,Normal Goal,1429340
27/08/2025,V.League 1,2026/2027,HAI PHONG,SONG LAM NGHE AN,63,63,2P,F. Friday,,HAI PHONG,Normal Goal,1429340
27/08/2025,V.League 1,2026/2027,NAM DINH,PHO HIEN,45,45,1P,Nguyen Thanh Nhan,,PHO HIEN,Normal Goal,1429341
27/08/2025,V.League 1,2026/2027,NAM DINH,PHO HIEN,52,52,2P,A. Eyenga,,NAM DINH,Own Goal,1429341
27/08/2025,V.League 1,2026/2027,NAM DINH,PHO HIEN,65,65,2P,Caio Cesar,,NAM DINH,Normal Goal,1429341
27/08/2025,V.League 1,2026/2027,HỒNG LĨNH HÀ TĨNH,THANH HÓA,44,44,1P,C. Atshimene,,HỒNG LĨNH HÀ TĨNH,Normal Goal,1429342
28/08/2025,V.League 1,2026/2027,HO CHI MINH,HOANG ANH GIA LAI,42,42,1P,Endrick,,HO CHI MINH,Normal Goal,1429344
28/08/2025,V.League 1,2026/2027,CÔNG AN NHÂN DÂN,HA NOI,31,31,1P,Leo Artur,,CÔNG AN NHÂN DÂN,Normal Goal,1429345
28/08/2025,V.League 1,2026/2027,CÔNG AN NHÂN DÂN,HA NOI,66,66,2P,Alan Grafite,,CÔNG AN NHÂN DÂN,Normal Goal,1429345
28/08/2025,V.League 1,2026/2027,CÔNG AN NHÂN DÂN,HA NOI,72,72,2P,Alan Grafite,,CÔNG AN NHÂN DÂN,Normal Goal,1429345
28/08/2025,V.League 1,2026/2027,CÔNG AN NHÂN DÂN,HA NOI,76,76,2P,Alan Grafite,,CÔNG AN NHÂN DÂN,Normal Goal,1429345
28/08/2025,V.League 1,2026/2027,CÔNG AN NHÂN DÂN,HA NOI,84,84,2P,Daniel Passira,,HA NOI,Normal Goal,1429345
28/08/2025,V.League 1,2026/2027,CÔNG AN NHÂN DÂN,HA NOI,90,90,2P,D. H. Vu,,HA NOI,Normal Goal,1429345
30/08/2025,V.League 1,2026/2027,VIETTEL,BINH DUONG,59,59,2P,Pedro Henrique,,VIETTEL,Normal Goal,1429346
30/08/2025,V.League 1,2026/2027,VIETTEL,BINH DUONG,64,64,2P,Bui Tien Dung,,VIETTEL,Normal Goal,1429346
13/09/2025,V.League 1,2026/2027,CÔNG AN NHÂN DÂN,HAI PHONG,64,64,2P,Nguyen Quang Hai,,CÔNG AN NHÂN DÂN,Normal Goal,1429348
13/09/2025,V.League 1,2026/2027,CÔNG AN NHÂN DÂN,HAI PHONG,70,70,2P,Leo Artur,,CÔNG AN NHÂN DÂN,Normal Goal,1429348
13/09/2025,V.League 1,2026/2027,CÔNG AN NHÂN DÂN,HAI PHONG,90,90,2P,Bui Tien Dung,,HAI PHONG,Normal Goal,1429348
20/09/2025,V.League 1,2026/2027,THANH HÓA,HAI PHONG,27,27,1P,Luiz Antonio,,HAI PHONG,Normal Goal,1429350
20/09/2025,V.League 1,2026/2027,THANH HÓA,HAI PHONG,42,42,1P,Le Manh Dung,,HAI PHONG,Normal Goal,1429350
20/09/2025,V.League 1,2026/2027,THANH HÓA,HAI PHONG,51,51,2P,Le Van Thuan,,THANH HÓA,Normal Goal,1429350
20/09/2025,V.League 1,2026/2027,THANH HÓA,HAI PHONG,78,78,2P,M. Mbodj,,THANH HÓA,Normal Goal,1429350
20/09/2025,V.League 1,2026/2027,PHO HIEN,DA NANG,30,30,1P,Phan Van Long,,DA NANG,Normal Goal,1429349
20/09/2025,V.League 1,2026/2027,PHO HIEN,DA NANG,37,37,1P,Thai Ba Dat,,PHO HIEN,Normal Goal,1429349
20/09/2025,V.League 1,2026/2027,PHO HIEN,DA NANG,45,45,1P,D. Henen,,DA NANG,Normal Goal,1429349
20/09/2025,V.League 1,2026/2027,PHO HIEN,DA NANG,86,86,2P,S. Olaleye,,PHO HIEN,Normal Goal,1429349
20/09/2025,V.League 1,2026/2027,HA NOI,VIETTEL,36,36,1P,Pham Tuan Hai,,HA NOI,Normal Goal,1429351
20/09/2025,V.League 1,2026/2027,HA NOI,VIETTEL,54,54,2P,Khuat Van Khang,,VIETTEL,Normal Goal,1429351
21/09/2025,V.League 1,2026/2027,BINH DUONG,HO CHI MINH,7,7,1P,Nguyen Tien Linh,,HO CHI MINH,Normal Goal,1429353
21/09/2025,V.League 1,2026/2027,BINH DUONG,HO CHI MINH,47,47,2P,Matheus Felipe,,BINH DUONG,Own Goal,1429353
21/09/2025,V.League 1,2026/2027,BINH DUONG,HO CHI MINH,59,59,2P,Q. C. Nguyen Thai,,HO CHI MINH,Normal Goal,1429353
21/09/2025,V.League 1,2026/2027,BINH DUONG,HO CHI MINH,83,83,2P,V. Bui,,HO CHI MINH,Normal Goal,1429353
21/09/2025,V.League 1,2026/2027,SONG LAM NGHE AN,HỒNG LĨNH HÀ TĨNH,7,7,1P,J. Garcia,,SONG LAM NGHE AN,Normal Goal,1429354
21/09/2025,V.League 1,2026/2027,SONG LAM NGHE AN,HỒNG LĨNH HÀ TĨNH,54,54,2P,Le Viktor,,HỒNG LĨNH HÀ TĨNH,Normal Goal,1429354
22/09/2025,V.League 1,2026/2027,PHU DONG,NAM DINH,30,30,1P,Nguyen Hoang Duc,,PHU DONG,Normal Goal,1429355
22/09/2025,V.League 1,2026/2027,PHU DONG,NAM DINH,34,34,1P,Do Thanh Thinh,,PHU DONG,Normal Goal,1429355
26/09/2025,V.League 1,2026/2027,HA NOI,THANH HÓA,2,2,1P,R. Gordon,,THANH HÓA,Normal Goal,1429356
26/09/2025,V.League 1,2026/2027,HA NOI,THANH HÓA,48,48,2P,Daniel Passira,,HA NOI,Normal Goal,1429356
26/09/2025,V.League 1,2026/2027,HA NOI,THANH HÓA,58,58,2P,Luiz Fernando,,HA NOI,Normal Goal,1429356
27/09/2025,V.League 1,2026/2027,BINH DUONG,DA NANG,4,4,1P,U. Oduenyi,,BINH DUONG,Normal Goal,1429359
27/09/2025,V.League 1,2026/2027,BINH DUONG,DA NANG,26,26,1P,M. Makaric,,DA NANG,Normal Goal,1429359
27/09/2025,V.League 1,2026/2027,BINH DUONG,DA NANG,90,90,2P,M. Makaric,,DA NANG,Normal Goal,1429359
27/09/2025,V.League 1,2026/2027,SONG LAM NGHE AN,HO CHI MINH,15,15,1P,Ngo Van Luong,,SONG LAM NGHE AN,Normal Goal,1429358
27/09/2025,V.League 1,2026/2027,SONG LAM NGHE AN,HO CHI MINH,21,21,1P,M. Olaha,,SONG LAM NGHE AN,Normal Goal,1429358
27/09/2025,V.League 1,2026/2027,SONG LAM NGHE AN,HO CHI MINH,45,45,1P,Nguyen Tien Linh,,HO CHI MINH,Normal Goal,1429358
27/09/2025,V.League 1,2026/2027,SONG LAM NGHE AN,HO CHI MINH,55,55,2P,P. Makrillos,,HO CHI MINH,Normal Goal,1429358
27/09/2025,V.League 1,2026/2027,SONG LAM NGHE AN,HO CHI MINH,64,64,2P,Q. C. Nguyen Thai,,HO CHI MINH,Normal Goal,1429358
28/09/2025,V.League 1,2026/2027,HAI PHONG,PHU DONG,16,16,1P,Nguyen Hoang Duc,,PHU DONG,Penalty,1429360
28/09/2025,V.League 1,2026/2027,HAI PHONG,PHU DONG,45,45,1P,B. Bissainthe,,HAI PHONG,Normal Goal,1429360
28/09/2025,V.League 1,2026/2027,HAI PHONG,PHU DONG,50,50,2P,Geovane,,PHU DONG,Normal Goal,1429360
28/09/2025,V.League 1,2026/2027,HAI PHONG,PHU DONG,63,63,2P,Nguyen Huu Nam,,HAI PHONG,Normal Goal,1429360
28/09/2025,V.League 1,2026/2027,NAM DINH,CÔNG AN NHÂN DÂN,37,37,1P,Leo Artur,,CÔNG AN NHÂN DÂN,Normal Goal,1429361
28/09/2025,V.League 1,2026/2027,NAM DINH,CÔNG AN NHÂN DÂN,68,68,2P,Alan Grafite,,CÔNG AN NHÂN DÂN,Normal Goal,1429361
