Date,League,Season,HomeTeam,AwayTeam,minuto,parte,goleador,asistente,jugador_tarjeta,equipo,tipo,fixture_id
07/08/2026,2. Bundesliga,2026/2027,VFL BOCHUM,HERTHA BSC,39,1P,S. Gronning,S. Gouram,,HERTHA BSC,Normal Goal,1576134.0
08/08/2026,2. Bundesliga,2026/2027,1. FC MAGDEBURG,EINTRACHT BRAUNSCHWEIG,15,1P,A. Opoku,M. Marie,,EINTRACHT BRAUNSCHWEIG,Normal Goal,1576139.0
08/08/2026,2. Bundesliga,2026/2027,1. FC MAGDEBURG,EINTRACHT BRAUNSCHWEIG,21,1P,J. Urbich,M. Marie,,EINTRACHT BRAUNSCHWEIG,Normal Goal,1576139.0
08/08/2026,2. Bundesliga,2026/2027,1. FC MAGDEBURG,EINTRACHT BRAUNSCHWEIG,26,1P,J. Urbich,S. Di Benedetto,,EINTRACHT BRAUNSCHWEIG,Normal Goal,1576139.0
08/08/2026,2. Bundesliga,2026/2027,1. FC MAGDEBURG,EINTRACHT BRAUNSCHWEIG,44,1P,M. Aydin,,,EINTRACHT BRAUNSCHWEIG,Penalty,1576139.0
08/08/2026,2. Bundesliga,2026/2027,1. FC MAGDEBURG,EINTRACHT BRAUNSCHWEIG,49,2P,M. Zukowski,B. Atik,,1. FC MAGDEBURG,Normal Goal,1576139.0
08/08/2026,2. Bundesliga,2026/2027,1. FC MAGDEBURG,EINTRACHT BRAUNSCHWEIG,50,2P,S. Di Benedetto,Y. Sturm,,EINTRACHT BRAUNSCHWEIG,Normal Goal,1576139.0
08/08/2026,2. Bundesliga,2026/2027,1. FC MAGDEBURG,EINTRACHT BRAUNSCHWEIG,61,2P,F. Flick,,,EINTRACHT BRAUNSCHWEIG,Normal Goal,1576139.0
08/08/2026,2. Bundesliga,2026/2027,1. FC HEIDENHEIM,VFL OSNABRUCK,10,1P,B. Zivzivadze,M. Costly,,1. FC HEIDENHEIM,Normal Goal,1576137.0
08/08/2026,2. Bundesliga,2026/2027,1. FC HEIDENHEIM,VFL OSNABRUCK,23,1P,N. Wiemann,K. Faber,,VFL OSNABRUCK,Normal Goal,1576137.0
08/08/2026,2. Bundesliga,2026/2027,1. FC HEIDENHEIM,VFL OSNABRUCK,29,1P,M. Costly,M. Honsak,,1. FC HEIDENHEIM,Normal Goal,1576137.0
08/08/2026,2. Bundesliga,2026/2027,1. FC HEIDENHEIM,VFL OSNABRUCK,34,1P,D. Kopacz,K. Faber,,VFL OSNABRUCK,Normal Goal,1576137.0
08/08/2026,2. Bundesliga,2026/2027,1. FC HEIDENHEIM,VFL OSNABRUCK,45,1P,J. Schoppner,J. Fohrenbach,,1. FC HEIDENHEIM,Normal Goal,1576137.0
08/08/2026,2. Bundesliga,2026/2027,1. FC HEIDENHEIM,VFL OSNABRUCK,89,2P,M. Pieringer,M. Costly,,1. FC HEIDENHEIM,Normal Goal,1576137.0
08/08/2026,2. Bundesliga,2026/2027,1. FC HEIDENHEIM,VFL OSNABRUCK,90,2P,R. Meissner,,,VFL OSNABRUCK,Penalty,1576137.0
08/08/2026,2. Bundesliga,2026/2027,SV DARMSTADT 98,HOLSTEIN KIEL,8,1P,G. Balzi,P. Harres,,HOLSTEIN KIEL,Normal Goal,1576136.0
08/08/2026,2. Bundesliga,2026/2027,SV DARMSTADT 98,HOLSTEIN KIEL,42,1P,P. Harres,A. Kapralik,,HOLSTEIN KIEL,Normal Goal,1576136.0
08/08/2026,2. Bundesliga,2026/2027,SV DARMSTADT 98,HOLSTEIN KIEL,76,2P,Lee Ho-Jae,K. Klefisch,,SV DARMSTADT 98,Normal Goal,1576136.0
08/08/2026,2. Bundesliga,2026/2027,SV DARMSTADT 98,HOLSTEIN KIEL,86,2P,A. Vukotic,L. Duijvestijn,,SV DARMSTADT 98,Normal Goal,1576136.0
08/08/2026,2. Bundesliga,2026/2027,KARLSRUHER SC,ARMINIA BIELEFELD,35,1P,M. Broschinski,M. Wanitzek,,KARLSRUHER SC,Normal Goal,1576138.0
08/08/2026,2. Bundesliga,2026/2027,KARLSRUHER SC,ARMINIA BIELEFELD,78,2P,M. Broschinski,M. Wanitzek,,KARLSRUHER SC,Normal Goal,1576138.0
08/08/2026,2. Bundesliga,2026/2027,KARLSRUHER SC,ARMINIA BIELEFELD,80,2P,M. Mehlem,I. Young,,ARMINIA BIELEFELD,Normal Goal,1576138.0
09/08/2026,2. Bundesliga,2026/2027,1. FC NURNBERG,DYNAMO DRESDEN,9,1P,M. A. Zoma,F. O. Becker,,1. FC NURNBERG,Normal Goal,1576140.0
09/08/2026,2. Bundesliga,2026/2027,1. FC NURNBERG,DYNAMO DRESDEN,45,1P,M. A. Zoma,,,1. FC NURNBERG,Normal Goal,1576140.0
09/08/2026,2. Bundesliga,2026/2027,1. FC NURNBERG,DYNAMO DRESDEN,75,2P,Mohamed Ali Zoma,,,1. FC NURNBERG,Missed Penalty,1576140.0
09/08/2026,2. Bundesliga,2026/2027,1. FC NURNBERG,DYNAMO DRESDEN,75,2P,M. A. Zoma,,,1. FC NURNBERG,Normal Goal,1576140.0
09/08/2026,2. Bundesliga,2026/2027,FC ST. PAULI,SPVGG GREUTHER FURTH,46,2P,M. Mathisen,B. Hrgota,,FC ST. PAULI,Normal Goal,1576141.0
09/08/2026,2. Bundesliga,2026/2027,FC ST. PAULI,SPVGG GREUTHER FURTH,51,2P,F. Klaus,J. Dehm,,SPVGG GREUTHER FURTH,Normal Goal,1576141.0
09/08/2026,2. Bundesliga,2026/2027,ENERGIE COTTBUS,HANNOVER 96,14,1P,T. Cigerci,,,ENERGIE COTTBUS,Normal Goal,1576135.0
09/08/2026,2. Bundesliga,2026/2027,ENERGIE COTTBUS,HANNOVER 96,28,1P,M. Neubauer,,,HANNOVER 96,Normal Goal,1576135.0
09/08/2026,2. Bundesliga,2026/2027,ENERGIE COTTBUS,HANNOVER 96,71,2P,T. Cigerci,,,ENERGIE COTTBUS,Penalty,1576135.0
09/08/2026,2. Bundesliga,2026/2027,ENERGIE COTTBUS,HANNOVER 96,76,2P,J. Butler,L. Erlein,,ENERGIE COTTBUS,Normal Goal,1576135.0
25/07/2026,2. Liga,2026/2027,LAUSANNE,GRASSHOPPERS,33,1P,I. Bah Mendes,O. Janneh,,LAUSANNE,Normal Goal,1555347.0
25/07/2026,2. Liga,2026/2027,LAUSANNE,GRASSHOPPERS,81,2P,S. Bengondo,D. Sahin,,GRASSHOPPERS,Normal Goal,1555347.0
25/07/2026,2. Liga,2026/2027,SERVETTE FC,FC BASEL 1893,78,2P,Z. Celar,,,FC BASEL 1893,Penalty,1555348.0
25/07/2026,2. Liga,2026/2027,FC LUZERN,FC THUN,2,1P,S. Knezevic,O. Kabwit,,FC LUZERN,Normal Goal,1555349.0
25/07/2026,2. Liga,2026/2027,FC LUZERN,FC THUN,8,1P,N. Maier,M. Gutbub,,FC THUN,Normal Goal,1555349.0
25/07/2026,2. Liga,2026/2027,FC LUZERN,FC THUN,51,2P,N. Burgy,,,FC THUN,Normal Goal,1555349.0
25/07/2026,2. Liga,2026/2027,FC LUZERN,FC THUN,84,2P,N. Burgy,L. Dahler,,FC THUN,Normal Goal,1555349.0
26/07/2026,2. Liga,2026/2027,BSC YOUNG BOYS,FC SION,22,1P,L. Blum,,,BSC YOUNG BOYS,Normal Goal,1555350.0
26/07/2026,2. Liga,2026/2027,BSC YOUNG BOYS,FC SION,40,1P,A. Sanches,K. Imeri,,BSC YOUNG BOYS,Normal Goal,1555350.0
26/07/2026,2. Liga,2026/2027,BSC YOUNG BOYS,FC SION,45,1P,J. Kronig,Baltazar,,FC SION,Normal Goal,1555350.0
26/07/2026,2. Liga,2026/2027,BSC YOUNG BOYS,FC SION,56,2P,W. Boteli,F. Surdez,,FC SION,Normal Goal,1555350.0
26/07/2026,2. Liga,2026/2027,BSC YOUNG BOYS,FC SION,66,2P,S. Essende,K. Imeri,,BSC YOUNG BOYS,Normal Goal,1555350.0
26/07/2026,2. Liga,2026/2027,BSC YOUNG BOYS,FC SION,73,2P,S. Essende,,,BSC YOUNG BOYS,Penalty,1555350.0
26/07/2026,2. Liga,2026/2027,FC LUGANO,FC VADUZ,29,1P,A. Papadopoulos,L. Mai,,FC LUGANO,Normal Goal,1555351.0
26/07/2026,2. Liga,2026/2027,FC LUGANO,FC VADUZ,37,1P,L. Mai,R. Steffen,,FC LUGANO,Normal Goal,1555351.0
26/07/2026,2. Liga,2026/2027,FC LUGANO,FC VADUZ,71,2P,L. Dalipi,D. Sorgic,,FC VADUZ,Normal Goal,1555351.0
26/07/2026,2. Liga,2026/2027,FC ST. GALLEN,FC ZURICH,50,2P,U. Emmanuel,V. Berisha,,FC ZURICH,Normal Goal,1555352.0
26/07/2026,2. Liga,2026/2027,FC ST. GALLEN,FC ZURICH,70,2P,L. Gortler,L. Daschner,,FC ST. GALLEN,Normal Goal,1555352.0
26/07/2026,2. Liga,2026/2027,FC ST. GALLEN,FC ZURICH,74,2P,A. Hunziker,L. Gortler,,FC ST. GALLEN,Normal Goal,1555352.0
01/08/2026,2. Liga,2026/2027,FC BASEL 1893,LAUSANNE,90,2P,F. Mollet,,,LAUSANNE,Normal Goal,1555353.0
01/08/2026,2. Liga,2026/2027,FC ZURICH,SERVETTE FC,35,1P,V. Berisha,,,FC ZURICH,Normal Goal,1555354.0
01/08/2026,2. Liga,2026/2027,FC ZURICH,SERVETTE FC,79,2P,M. Bangoura,P. P. Keny,,FC ZURICH,Normal Goal,1555354.0
01/08/2026,2. Liga,2026/2027,FC ZURICH,SERVETTE FC,90,2P,T. Ouattara,H. Mendes,,SERVETTE FC,Normal Goal,1555354.0
01/08/2026,2. Liga,2026/2027,FC THUN,BSC YOUNG BOYS,10,1P,J. Monteiro,A. Sanches,,BSC YOUNG BOYS,Normal Goal,1555355.0
01/08/2026,2. Liga,2026/2027,FC THUN,BSC YOUNG BOYS,24,1P,L. Blum,,,BSC YOUNG BOYS,Normal Goal,1555355.0
01/08/2026,2. Liga,2026/2027,FC THUN,BSC YOUNG BOYS,33,1P,E. Fernandes,L. Blum,,BSC YOUNG BOYS,Normal Goal,1555355.0
01/08/2026,2. Liga,2026/2027,FC THUN,BSC YOUNG BOYS,55,2P,S. Essende,,,BSC YOUNG BOYS,Penalty,1555355.0
01/08/2026,2. Liga,2026/2027,FC THUN,BSC YOUNG BOYS,68,2P,K. Imeri,S. Essende,,BSC YOUNG BOYS,Normal Goal,1555355.0
01/08/2026,2. Liga,2026/2027,FC THUN,BSC YOUNG BOYS,90,2P,S. Essende,S. Bukinac,,BSC YOUNG BOYS,Normal Goal,1555355.0
02/08/2026,2. Liga,2026/2027,FC VADUZ,FC ST. GALLEN,1,1P,A. Balde,,,FC ST. GALLEN,Normal Goal,1555356.0
02/08/2026,2. Liga,2026/2027,FC VADUZ,FC ST. GALLEN,11,1P,M. Monsberger,L. Dalipi,,FC VADUZ,Normal Goal,1555356.0
02/08/2026,2. Liga,2026/2027,FC VADUZ,FC ST. GALLEN,55,2P,J. Cabrera,,,FC VADUZ,Normal Goal,1555356.0
02/08/2026,2. Liga,2026/2027,FC VADUZ,FC ST. GALLEN,72,2P,E. Owusu,D. Besio,,FC ST. GALLEN,Normal Goal,1555356.0
02/08/2026,2. Liga,2026/2027,FC VADUZ,FC ST. GALLEN,87,2P,E. Owusu,B. Fazliji,,FC ST. GALLEN,Normal Goal,1555356.0
02/08/2026,2. Liga,2026/2027,FC SION,FC LUZERN,9,1P,D. Rrudhani,W. Boteli,,FC SION,Normal Goal,1555358.0
02/08/2026,2. Liga,2026/2027,FC SION,FC LUZERN,70,2P,T. Berdayes,J. Lukembila,,FC SION,Normal Goal,1555358.0
02/08/2026,2. Liga,2026/2027,FC SION,FC LUZERN,77,2P,J. Lukembila,F. Surdez,,FC SION,Normal Goal,1555358.0
02/08/2026,2. Liga,2026/2027,GRASSHOPPERS,FC LUGANO,22,1P,L. Plange,S. Stroscio,,GRASSHOPPERS,Normal Goal,1555357.0
02/08/2026,2. Liga,2026/2027,GRASSHOPPERS,FC LUGANO,52,2P,D. Moncada,A. Grgic,,FC LUGANO,Normal Goal,1555357.0
02/08/2026,2. Liga,2026/2027,GRASSHOPPERS,FC LUGANO,71,2P,Y. Cimignani,A. Grgic,,FC LUGANO,Normal Goal,1555357.0
02/08/2026,2. Liga,2026/2027,GRASSHOPPERS,FC LUGANO,78,2P,E. Pihlstrom,K. Behrens,,FC LUGANO,Normal Goal,1555357.0
02/08/2026,2. Liga,2026/2027,GRASSHOPPERS,FC LUGANO,90,2P,Y. Cimignani,A. Kendouci,,FC LUGANO,Normal Goal,1555357.0
08/08/2026,2. Liga,2026/2027,LAUSANNE,BSC YOUNG BOYS,48,2P,C. Zesiger,A. Sanches,,BSC YOUNG BOYS,Normal Goal,1555360.0
08/08/2026,2. Liga,2026/2027,LAUSANNE,BSC YOUNG BOYS,75,2P,D. Pech,S. Essende,,BSC YOUNG BOYS,Normal Goal,1555360.0
08/08/2026,2. Liga,2026/2027,LAUSANNE,BSC YOUNG BOYS,77,2P,F. Mollet,S. Kone,,LAUSANNE,Normal Goal,1555360.0
08/08/2026,2. Liga,2026/2027,LAUSANNE,BSC YOUNG BOYS,89,2P,N. Butler-Oyedeji,I. Despotovic,,LAUSANNE,Normal Goal,1555360.0
08/08/2026,2. Liga,2026/2027,SERVETTE FC,GRASSHOPPERS,12,1P,A. Abrashi,S. Krasniqi,,GRASSHOPPERS,Normal Goal,1555361.0
08/08/2026,2. Liga,2026/2027,SERVETTE FC,GRASSHOPPERS,29,1P,S. Mraz,,,SERVETTE FC,Normal Goal,1555361.0
08/08/2026,2. Liga,2026/2027,SERVETTE FC,GRASSHOPPERS,75,2P,M. Lambourde,T. Cognat,,SERVETTE FC,Normal Goal,1555361.0
09/08/2026,2. Liga,2026/2027,FC LUGANO,FC ZURICH,16,1P,K. Behrens,H. Delcroix,,FC LUGANO,Normal Goal,1555362.0
09/08/2026,2. Liga,2026/2027,FC LUGANO,FC ZURICH,34,1P,K. Behrens,A. Grgic,,FC LUGANO,Normal Goal,1555362.0
09/08/2026,2. Liga,2026/2027,FC LUGANO,FC ZURICH,52,2P,R. Steffen,D. von Ballmoos,,FC LUGANO,Normal Goal,1555362.0
09/08/2026,2. Liga,2026/2027,FC LUGANO,FC ZURICH,79,2P,D. Dos Santos,M. Zanotti,,FC LUGANO,Normal Goal,1555362.0
09/08/2026,2. Liga,2026/2027,FC LUGANO,FC ZURICH,89,2P,D. Moncada,,,FC LUGANO,Normal Goal,1555362.0
09/08/2026,2. Liga,2026/2027,FC BASEL 1893,FC THUN,4,1P,A. Sow,K. Olaigbe,,FC BASEL 1893,Normal Goal,1555359.0
09/08/2026,2. Liga,2026/2027,FC BASEL 1893,FC THUN,31,1P,A. Sow,L. Leroy,,FC BASEL 1893,Normal Goal,1555359.0
09/08/2026,2. Liga,2026/2027,FC BASEL 1893,FC THUN,53,2P,Z. Celar,A. Sow,,FC BASEL 1893,Normal Goal,1555359.0
09/08/2026,2. Liga,2026/2027,FC BASEL 1893,FC THUN,73,2P,L. Stewart,M. Gutbub,,FC THUN,Normal Goal,1555359.0
09/08/2026,2. Liga,2026/2027,FC BASEL 1893,FC THUN,75,2P,X. Shaqiri,A. Sow,,FC BASEL 1893,Normal Goal,1555359.0
09/08/2026,2. Liga,2026/2027,FC BASEL 1893,FC THUN,90,2P,B. Labeau,D. Derbaci,,FC THUN,Normal Goal,1555359.0
09/08/2026,2. Liga,2026/2027,FC SION,FC VADUZ,5,1P,J. Stark,M. Monsberger,,FC VADUZ,Normal Goal,1555363.0
09/08/2026,2. Liga,2026/2027,FC SION,FC VADUZ,21,1P,D. Rrudhani,,,FC SION,Normal Goal,1555363.0
09/08/2026,2. Liga,2026/2027,FC SION,FC VADUZ,36,1P,M. Monsberger,L. Dalipi,,FC VADUZ,Normal Goal,1555363.0
09/08/2026,2. Liga,2026/2027,FC SION,FC VADUZ,83,2P,W. Boteli,Marquinhos Cipriano,,FC SION,Normal Goal,1555363.0
09/08/2026,2. Liga,2026/2027,FC SION,FC VADUZ,90,2P,F. Surdez,I. Chouaref,,FC SION,Normal Goal,1555363.0
07/08/2026,Jupiler Pro League,2026/2027,CLUB BRUGGE KV,KORTRIJK,30,1P,H. Vetlesen,,,CLUB BRUGGE KV,Normal Goal,1558581.0
07/08/2026,Jupiler Pro League,2026/2027,CLUB BRUGGE KV,KORTRIJK,68,2P,C. Forbs,M. Diakhon,,CLUB BRUGGE KV,Normal Goal,1558581.0
07/08/2026,Jupiler Pro League,2026/2027,CLUB BRUGGE KV,KORTRIJK,74,2P,N. Tresoldi,,,CLUB BRUGGE KV,Penalty,1558581.0
08/08/2026,Jupiler Pro League,2026/2027,STANDARD LIEGE,CERCLE BRUGGE,88,2P,C. Ravych,,,CERCLE BRUGGE,Normal Goal,1558583.0
08/08/2026,Jupiler Pro League,2026/2027,KVC WESTERLO,UNION ST. GILLOISE,13,1P,N. Bassette,I. Sakamoto,,KVC WESTERLO,Normal Goal,1558585.0
08/08/2026,Jupiler Pro League,2026/2027,KVC WESTERLO,UNION ST. GILLOISE,28,1P,P. David,B. Zeneli,,UNION ST. GILLOISE,Normal Goal,1558585.0
08/08/2026,Jupiler Pro League,2026/2027,KVC WESTERLO,UNION ST. GILLOISE,57,2P,R. Florucz,P. David,,UNION ST. GILLOISE,Normal Goal,1558585.0
08/08/2026,Jupiler Pro League,2026/2027,KVC WESTERLO,UNION ST. GILLOISE,64,2P,R. Mofokeng,R. Schoofs,,UNION ST. GILLOISE,Normal Goal,1558585.0
08/08/2026,Jupiler Pro League,2026/2027,KVC WESTERLO,UNION ST. GILLOISE,81,2P,Guilherme Smith,M. Fuseini,,UNION ST. GILLOISE,Normal Goal,1558585.0
08/08/2026,Jupiler Pro League,2026/2027,KVC WESTERLO,UNION ST. GILLOISE,84,2P,D. Olaru,,,UNION ST. GILLOISE,Normal Goal,1558585.0
08/08/2026,Jupiler Pro League,2026/2027,ST. TRUIDEN,LOMMEL UNITED,24,1P,R. Seuntjens,,,LOMMEL UNITED,Penalty,1558584.0
08/08/2026,Jupiler Pro League,2026/2027,ST. TRUIDEN,LOMMEL UNITED,64,2P,I. Sebaoui,N. Ishiwatari,,ST. TRUIDEN,Normal Goal,1558584.0
09/08/2026,Jupiler Pro League,2026/2027,GENT,KV MECHELEN,37,1P,T. Araujo,,,GENT,Normal Goal,1558586.0
09/08/2026,Jupiler Pro League,2026/2027,GENT,KV MECHELEN,45,1P,J. Vergara,M. Sonko,,GENT,Normal Goal,1558586.0
09/08/2026,Jupiler Pro League,2026/2027,ZULTE WAREGEM,GENK,39,1P,R. Durosinmi,J. Ito,,GENK,Normal Goal,1558587.0
09/08/2026,Jupiler Pro League,2026/2027,ZULTE WAREGEM,GENK,82,2P,M. Ake,,,ZULTE WAREGEM,Normal Goal,1558587.0
09/08/2026,Jupiler Pro League,2026/2027,ZULTE WAREGEM,GENK,86,2P,S. Ujka,A. Ementa,,ZULTE WAREGEM,Normal Goal,1558587.0
09/08/2026,Jupiler Pro League,2026/2027,CHARLEROI,OH LEUVEN,24,1P,P. Guiagon,,,CHARLEROI,Penalty,1558582.0
09/08/2026,Jupiler Pro League,2026/2027,CHARLEROI,OH LEUVEN,59,2P,K. Van Den Kerkhof,,,CHARLEROI,Normal Goal,1558582.0
09/08/2026,Jupiler Pro League,2026/2027,ANDERLECHT,RAAL LA LOUVIERE,54,2P,M. Isah,,,RAAL LA LOUVIERE,Normal Goal,1558588.0
09/08/2026,Jupiler Pro League,2026/2027,ANDERLECHT,RAAL LA LOUVIERE,90,2P,A. Bertaccini,,,ANDERLECHT,Normal Goal,1558588.0
28/02/2026,K League 1,2026/2027,ULSAN HYUNDAI FC,GANGWON FC,19,1P,Yago Cariello,,,ULSAN HYUNDAI FC,Normal Goal,1506897.0
28/02/2026,K League 1,2026/2027,ULSAN HYUNDAI FC,GANGWON FC,45,1P,Yago Cariello,Choi Seok-Hyun,,ULSAN HYUNDAI FC,Normal Goal,1506897.0
28/02/2026,K League 1,2026/2027,ULSAN HYUNDAI FC,GANGWON FC,86,2P,H. Lee,Lee Dong-Gyeong,,ULSAN HYUNDAI FC,Normal Goal,1506897.0
28/02/2026,K League 1,2026/2027,ULSAN HYUNDAI FC,GANGWON FC,90,2P,A. Halaihal,Seo Min-Woo,,GANGWON FC,Normal Goal,1506897.0
28/02/2026,K League 1,2026/2027,GIMCHEON SANGMU FC,POHANG STEELERS,4,1P,Go Jae-Hyeon,G. Lee,,GIMCHEON SANGMU FC,Normal Goal,1506898.0
28/02/2026,K League 1,2026/2027,GIMCHEON SANGMU FC,POHANG STEELERS,55,2P,J. Tranziska,J. da Rocha Junior,,POHANG STEELERS,Normal Goal,1506898.0
15/03/2026,K League 1,2026/2027,GANGWON FC,FC ANYANG,6,1P,Park Sang-Hyeok,Mo Jae-Hyeon,,GANGWON FC,Normal Goal,1506912.0
15/03/2026,K League 1,2026/2027,GANGWON FC,FC ANYANG,18,1P,Choi Geon-Joo,,,FC ANYANG,Normal Goal,1506912.0
22/03/2026,K League 1,2026/2027,GANGWON FC,JEJU UNITED FC,15,1P,Jo In-jung,,,JEJU UNITED FC,Normal Goal,1506924.0
22/03/2026,K League 1,2026/2027,GANGWON FC,JEJU UNITED FC,58,2P,Mo Jae-hyeon,,,GANGWON FC,Missed Penalty,1506924.0
22/03/2026,K League 1,2026/2027,GANGWON FC,JEJU UNITED FC,90,2P,A. Halaihal,Y. Kang,,GANGWON FC,Normal Goal,1506924.0
22/03/2026,K League 1,2026/2027,FC ANYANG,INCHEON UNITED,67,2P,S. Mugosa,,,INCHEON UNITED,Normal Goal,1506923.0
04/04/2026,K League 1,2026/2027,JEJU UNITED FC,BUCHEON FC 1995,21,1P,J. Celestine,,,JEJU UNITED FC,Normal Goal,1506926.0
04/04/2026,K League 1,2026/2027,GANGWON FC,GWANGJU FC,10,1P,M. Tuci,,,GANGWON FC,Normal Goal,1506928.0
04/04/2026,K League 1,2026/2027,GANGWON FC,GWANGJU FC,13,1P,Mo Jae-Hyeon,,,GANGWON FC,Normal Goal,1506928.0
04/04/2026,K League 1,2026/2027,GANGWON FC,GWANGJU FC,54,2P,Lee You-Hyeon,Choe Byeong-Chan,,GANGWON FC,Normal Goal,1506928.0
04/04/2026,K League 1,2026/2027,POHANG STEELERS,DAEJEON CITIZEN,29,1P,Lee Ho-Jae,,,POHANG STEELERS,Penalty,1506929.0
05/04/2026,K League 1,2026/2027,INCHEON UNITED,GIMCHEON SANGMU FC,10,1P,S. Mugosa,Lee Myoung-Joo,,INCHEON UNITED,Normal Goal,1506931.0
05/04/2026,K League 1,2026/2027,INCHEON UNITED,GIMCHEON SANGMU FC,45,1P,S. Mugosa,,,INCHEON UNITED,Penalty,1506931.0
05/04/2026,K League 1,2026/2027,INCHEON UNITED,GIMCHEON SANGMU FC,56,2P,Go Jae-Hyeon,,,GIMCHEON SANGMU FC,Normal Goal,1506931.0
11/04/2026,K League 1,2026/2027,POHANG STEELERS,JEJU UNITED FC,17,1P,M. Jang,Kim Jun-ha,,JEJU UNITED FC,Normal Goal,1506932.0
11/04/2026,K League 1,2026/2027,POHANG STEELERS,JEJU UNITED FC,27,1P,Shin Sang-Eun,J. Celestine,,JEJU UNITED FC,Normal Goal,1506932.0
18/04/2026,K League 1,2026/2027,JEJU UNITED FC,GIMCHEON SANGMU FC,28,1P,T. Park,,,GIMCHEON SANGMU FC,Normal Goal,1506941.0
18/04/2026,K League 1,2026/2027,JEJU UNITED FC,GIMCHEON SANGMU FC,48,2P,Oh Jae-Hyeok,,,JEJU UNITED FC,Normal Goal,1506941.0
25/04/2026,K League 1,2026/2027,GANGWON FC,FC SEOUL,90,2P,A. Hleihel,,,GANGWON FC,Normal Goal,1506950.0
26/04/2026,K League 1,2026/2027,GWANGJU FC,FC ANYANG,20,1P,Breno Herculano,Park Jeong-hun,,FC ANYANG,Normal Goal,1506954.0
26/04/2026,K League 1,2026/2027,GWANGJU FC,FC ANYANG,41,1P,Kim Jung-Hyun,Kang Ji-hun,,FC ANYANG,Normal Goal,1506954.0
26/04/2026,K League 1,2026/2027,GWANGJU FC,FC ANYANG,45,1P,T. Oude Kotte,Breno Herculano,,FC ANYANG,Normal Goal,1506954.0
26/04/2026,K League 1,2026/2027,GWANGJU FC,FC ANYANG,54,2P,Moon Min-seo,H. Fridjonsson,,GWANGJU FC,Normal Goal,1506954.0
26/04/2026,K League 1,2026/2027,GWANGJU FC,FC ANYANG,58,2P,Moon Min-seo,H. Fridjonsson,,GWANGJU FC,Normal Goal,1506954.0
26/04/2026,K League 1,2026/2027,GWANGJU FC,FC ANYANG,85,2P,Kim Un,,,FC ANYANG,Normal Goal,1506954.0
26/04/2026,K League 1,2026/2027,GWANGJU FC,FC ANYANG,90,2P,Airton Moises,Kim Un,,FC ANYANG,Normal Goal,1506954.0
09/05/2026,K League 1,2026/2027,JEJU UNITED FC,FC SEOUL,18,1P,Park Chang-Jun,Emerson Negueba,,JEJU UNITED FC,Normal Goal,1506968.0
09/05/2026,K League 1,2026/2027,JEJU UNITED FC,FC SEOUL,53,2P,Kim Jun-ha,,,JEJU UNITED FC,Normal Goal,1506968.0
09/05/2026,K League 1,2026/2027,JEJU UNITED FC,FC SEOUL,57,2P,L. Ruiz,Lee Seung-Mo,,FC SEOUL,Normal Goal,1506968.0
10/05/2026,K League 1,2026/2027,ULSAN HYUNDAI FC,BUCHEON FC 1995,24,1P,Lee Dong-Gyeong,Marcao,,ULSAN HYUNDAI FC,Normal Goal,1506972.0
16/05/2026,K League 1,2026/2027,INCHEON UNITED,GWANGJU FC,19,1P,Ibiza,Lee Ju-Yong,,INCHEON UNITED,Normal Goal,1506981.0
16/05/2026,K League 1,2026/2027,INCHEON UNITED,GWANGJU FC,26,1P,M. Ferrier,Lee Chung-Yong,,INCHEON UNITED,Normal Goal,1506981.0
16/05/2026,K League 1,2026/2027,INCHEON UNITED,GWANGJU FC,55,2P,Gerso,Lee Dong-Ryul,,INCHEON UNITED,Normal Goal,1506981.0
16/05/2026,K League 1,2026/2027,INCHEON UNITED,GWANGJU FC,65,2P,Lee Chung-Yong,,,INCHEON UNITED,Penalty,1506981.0
17/05/2026,K League 1,2026/2027,GANGWON FC,ULSAN HYUNDAI FC,21,1P,Choe Byeong-Chan,Kang Joon-Hyuck,,GANGWON FC,Normal Goal,1506985.0
17/05/2026,K League 1,2026/2027,GANGWON FC,ULSAN HYUNDAI FC,45,1P,M. Tuci,Kim Dae-Won,,GANGWON FC,Normal Goal,1506985.0
11/07/2026,K League 1,2026/2027,ULSAN HYUNDAI FC,JEONBUK MOTORS,30,1P,Kim Jin-Gyu,Lee Dong-Jun,,JEONBUK MOTORS,Normal Goal,1506994.0
11/07/2026,K League 1,2026/2027,ULSAN HYUNDAI FC,JEONBUK MOTORS,60,2P,Lee Seung-Woo,Kim Tae-Hyeon,,JEONBUK MOTORS,Normal Goal,1506994.0
11/07/2026,K League 1,2026/2027,ULSAN HYUNDAI FC,JEONBUK MOTORS,78,2P,Kim Ye-geon,,,JEONBUK MOTORS,Normal Goal,1506994.0
11/07/2026,K League 1,2026/2027,ULSAN HYUNDAI FC,JEONBUK MOTORS,89,2P,Yago Cariello,Cho Hyun-Taek,,ULSAN HYUNDAI FC,Normal Goal,1506994.0
12/07/2026,K League 1,2026/2027,INCHEON UNITED,FC ANYANG,4,1P,Kwon Kyung-Won,Matheus Oliveira,,FC ANYANG,Normal Goal,1506995.0
21/07/2026,K League 1,2026/2027,JEONBUK MOTORS,DAEJEON CITIZEN,45,1P,Seung-Woo Lee,,,JEONBUK MOTORS,Missed Penalty,1507005.0
25/07/2026,K League 1,2026/2027,GIMCHEON SANGMU FC,DAEJEON CITIZEN,13,1P,Cho Sung-Gwon,Jeong Jae-Hee,,DAEJEON CITIZEN,Normal Goal,1507010.0
25/07/2026,K League 1,2026/2027,GIMCHEON SANGMU FC,DAEJEON CITIZEN,34,1P,G. Lee,,,GIMCHEON SANGMU FC,Normal Goal,1507010.0
25/07/2026,K League 1,2026/2027,GIMCHEON SANGMU FC,DAEJEON CITIZEN,42,1P,Hong Yun-Sang,Park Se-Jin,,GIMCHEON SANGMU FC,Normal Goal,1507010.0
25/07/2026,K League 1,2026/2027,GIMCHEON SANGMU FC,DAEJEON CITIZEN,87,2P,M. Ishida,Kim Moon-Hwan,,DAEJEON CITIZEN,Normal Goal,1507010.0
25/07/2026,K League 1,2026/2027,GIMCHEON SANGMU FC,DAEJEON CITIZEN,90,2P,Kim Yi-Seok,Go Jae-Hyeon,,GIMCHEON SANGMU FC,Normal Goal,1507010.0
08/08/2026,Ligue 2,2026/2027,METZ,GUINGAMP,30,1P,Pape Moussa Fall,,,METZ,Missed Penalty,1552426.0
08/08/2026,Ligue 2,2026/2027,SOCHAUX,SAINT ETIENNE,22,1P,J. Breum,A. Boakye,,SAINT ETIENNE,Normal Goal,1552431.0
08/08/2026,Ligue 2,2026/2027,SOCHAUX,SAINT ETIENNE,24,1P,I. Cardona,J. Breum,,SAINT ETIENNE,Normal Goal,1552431.0
08/08/2026,Ligue 2,2026/2027,SOCHAUX,SAINT ETIENNE,28,1P,I. Cardona,T. Ballo,,SAINT ETIENNE,Normal Goal,1552431.0
08/08/2026,Ligue 2,2026/2027,PAU,ANNECY,11,1P,A. Drouhin,C. Billemaz,,ANNECY,Normal Goal,1552429.0
08/08/2026,Ligue 2,2026/2027,RODEZ,LAVAL,52,2P,C. Issanchou Roubiou,,,RODEZ,Normal Goal,1552430.0
08/08/2026,Ligue 2,2026/2027,DUNKERQUE,GRENOBLE,45,1P,Y. Diaby,,,GRENOBLE,Normal Goal,1552425.0
25/07/2026,NB I.,2026/2027,KISVARDA FC,BUDAPEST HONVED,53,2P,C. Herc,M. Matanovic,,KISVARDA FC,Normal Goal,1560202.0
25/07/2026,NB I.,2026/2027,KISVARDA FC,BUDAPEST HONVED,88,2P,A. Baki,,,BUDAPEST HONVED,Normal Goal,1560202.0
26/07/2026,NB I.,2026/2027,VASAS,GYORI ETO FC,57,2P,Z. Gavric,,,GYORI ETO FC,Penalty,1560206.0
26/07/2026,NB I.,2026/2027,VASAS,GYORI ETO FC,71,2P,J. Urblik,,,VASAS,Normal Goal,1560206.0
26/07/2026,NB I.,2026/2027,VASAS,GYORI ETO FC,80,2P,M. Huszar,D. Stefulj,,GYORI ETO FC,Normal Goal,1560206.0
26/07/2026,NB I.,2026/2027,VASAS,GYORI ETO FC,89,2P,D. Csoka,J. Urblik,,VASAS,Normal Goal,1560206.0
26/07/2026,NB I.,2026/2027,DEBRECENI VSC,PUSKAS ACADEMY,12,1P,A. Nemeth,D. Lukacs,,PUSKAS ACADEMY,Normal Goal,1560201.0
26/07/2026,NB I.,2026/2027,DEBRECENI VSC,PUSKAS ACADEMY,29,1P,A. Nemeth,D. Lukacs,,PUSKAS ACADEMY,Normal Goal,1560201.0
26/07/2026,NB I.,2026/2027,PAKS,FERENCVAROSI TC,18,1P,Dele,O. Nagy,,FERENCVAROSI TC,Normal Goal,1560205.0
26/07/2026,NB I.,2026/2027,PAKS,FERENCVAROSI TC,23,1P,M. Peto,J. Szalai,,PAKS,Normal Goal,1560205.0
26/07/2026,NB I.,2026/2027,PAKS,FERENCVAROSI TC,32,1P,E. Botka,Z. Gruber,,FERENCVAROSI TC,Normal Goal,1560205.0
26/07/2026,NB I.,2026/2027,PAKS,FERENCVAROSI TC,41,1P,J. Szalai,Z. Haraszti,,PAKS,Normal Goal,1560205.0
26/07/2026,NB I.,2026/2027,PAKS,FERENCVAROSI TC,55,2P,J. Szalai,,,PAKS,Normal Goal,1560205.0
26/07/2026,NB I.,2026/2027,PAKS,FERENCVAROSI TC,59,2P,M. Peto,B. Vecsei,,PAKS,Normal Goal,1560205.0
27/07/2026,NB I.,2026/2027,MTK BUDAPEST,ZALAEGERSZEGI TE,12,1P,Z. Kerezsi,K. Hinora,,MTK BUDAPEST,Normal Goal,1560203.0
27/07/2026,NB I.,2026/2027,MTK BUDAPEST,ZALAEGERSZEGI TE,66,2P,Z. Kerezsi,G. Jurek,,MTK BUDAPEST,Normal Goal,1560203.0
27/07/2026,NB I.,2026/2027,MTK BUDAPEST,ZALAEGERSZEGI TE,71,2P,M. Klausz,G. Komaromi,,MTK BUDAPEST,Normal Goal,1560203.0
31/07/2026,NB I.,2026/2027,PUSKAS ACADEMY,KISVARDA FC,33,1P,A. Esik,D. Soltesz,,KISVARDA FC,Normal Goal,1560210.0
31/07/2026,NB I.,2026/2027,PUSKAS ACADEMY,KISVARDA FC,61,2P,C. Herc,,,KISVARDA FC,Penalty,1560210.0
01/08/2026,NB I.,2026/2027,BUDAPEST HONVED,MTK BUDAPEST,15,1P,A. Szamosi,A. Zuigeber,,BUDAPEST HONVED,Normal Goal,1560209.0
01/08/2026,NB I.,2026/2027,BUDAPEST HONVED,MTK BUDAPEST,44,1P,A. Somogyi,T. Somogyi,,BUDAPEST HONVED,Normal Goal,1560209.0
01/08/2026,NB I.,2026/2027,BUDAPEST HONVED,MTK BUDAPEST,45,1P,G. Jurek,Z. Kerezsi,,MTK BUDAPEST,Normal Goal,1560209.0
01/08/2026,NB I.,2026/2027,BUDAPEST HONVED,MTK BUDAPEST,53,2P,Z. Kerezsi,I. Bognar,,MTK BUDAPEST,Normal Goal,1560209.0
01/08/2026,NB I.,2026/2027,BUDAPEST HONVED,MTK BUDAPEST,87,2P,D. Csontos,,,BUDAPEST HONVED,Penalty,1560209.0
01/08/2026,NB I.,2026/2027,BUDAPEST HONVED,MTK BUDAPEST,90,2P,I. Bognar,,,MTK BUDAPEST,Normal Goal,1560209.0
02/08/2026,NB I.,2026/2027,UJPEST,DEBRECENI VSC,11,1P,A. Szendrei,,,DEBRECENI VSC,Normal Goal,1560211.0
02/08/2026,NB I.,2026/2027,UJPEST,DEBRECENI VSC,24,1P,E. Amenyido,G. Vlijter,,UJPEST,Normal Goal,1560211.0
02/08/2026,NB I.,2026/2027,UJPEST,DEBRECENI VSC,45,1P,K. Horvath,E. Amenyido,,UJPEST,Normal Goal,1560211.0
02/08/2026,NB I.,2026/2027,UJPEST,DEBRECENI VSC,61,2P,K. Horvath,E. Amenyido,,UJPEST,Normal Goal,1560211.0
02/08/2026,NB I.,2026/2027,UJPEST,DEBRECENI VSC,89,2P,B. Dzsudzsak,,,DEBRECENI VSC,Normal Goal,1560211.0
02/08/2026,NB I.,2026/2027,UJPEST,DEBRECENI VSC,90,2P,A. Matko,M. Tijani,,UJPEST,Normal Goal,1560211.0
03/08/2026,NB I.,2026/2027,ZALAEGERSZEGI TE,PAKS,2,1P,J. Calderon,B. Gundel-Takacs,,ZALAEGERSZEGI TE,Normal Goal,1560212.0
03/08/2026,NB I.,2026/2027,ZALAEGERSZEGI TE,PAKS,11,1P,J. Szalai,,,PAKS,Penalty,1560212.0
03/08/2026,NB I.,2026/2027,ZALAEGERSZEGI TE,PAKS,21,1P,J. Calderon,A. Skribek,,ZALAEGERSZEGI TE,Normal Goal,1560212.0
03/08/2026,NB I.,2026/2027,ZALAEGERSZEGI TE,PAKS,40,1P,A. Lapu,,,PAKS,Normal Goal,1560212.0
03/08/2026,NB I.,2026/2027,ZALAEGERSZEGI TE,PAKS,45,1P,Z. Garai,A. Skribek,,ZALAEGERSZEGI TE,Normal Goal,1560212.0
03/08/2026,NB I.,2026/2027,ZALAEGERSZEGI TE,PAKS,73,2P,Arthur Henrique,A. Skribek,,ZALAEGERSZEGI TE,Normal Goal,1560212.0
03/08/2026,NB I.,2026/2027,ZALAEGERSZEGI TE,PAKS,90,2P,B. Babos,A. Csonka,,ZALAEGERSZEGI TE,Normal Goal,1560212.0
07/08/2026,NB I.,2026/2027,MTK BUDAPEST,PUSKAS ACADEMY,18,1P,M. Kern,P. Dardai,,PUSKAS ACADEMY,Normal Goal,1560216.0
07/08/2026,NB I.,2026/2027,MTK BUDAPEST,PUSKAS ACADEMY,23,1P,G. Harutyunyan,,,PUSKAS ACADEMY,Normal Goal,1560216.0
07/08/2026,NB I.,2026/2027,MTK BUDAPEST,PUSKAS ACADEMY,52,2P,G. Jurek,Z. Kerezsi,,MTK BUDAPEST,Normal Goal,1560216.0
07/08/2026,NB I.,2026/2027,MTK BUDAPEST,PUSKAS ACADEMY,78,2P,Z. Kerezsi,I. Bognar,,MTK BUDAPEST,Normal Goal,1560216.0
07/08/2026,NB I.,2026/2027,MTK BUDAPEST,PUSKAS ACADEMY,90,2P,L. Colley,U. Nissila,,PUSKAS ACADEMY,Normal Goal,1560216.0
08/08/2026,NB I.,2026/2027,KISVARDA FC,UJPEST,5,1P,G. Vlijter,Heitor,,UJPEST,Normal Goal,1560215.0
08/08/2026,NB I.,2026/2027,KISVARDA FC,UJPEST,15,1P,C. Herc,J. Mesanovic,,KISVARDA FC,Normal Goal,1560215.0
08/08/2026,NB I.,2026/2027,KISVARDA FC,UJPEST,32,1P,Heitor,K. Horvath,,UJPEST,Normal Goal,1560215.0
08/08/2026,NB I.,2026/2027,KISVARDA FC,UJPEST,78,2P,E. Amenyido,,,UJPEST,Normal Goal,1560215.0
08/08/2026,NB I.,2026/2027,KISVARDA FC,UJPEST,85,2P,M. Matanovic,,,KISVARDA FC,Normal Goal,1560215.0
08/08/2026,NB I.,2026/2027,KISVARDA FC,UJPEST,90,2P,A. Matko,E. Amenyido,,UJPEST,Normal Goal,1560215.0
09/08/2026,NB I.,2026/2027,PAKS,BUDAPEST HONVED,59,2P,M. Peto,,,PAKS,Normal Goal,1560217.0
09/08/2026,NB I.,2026/2027,PAKS,BUDAPEST HONVED,68,2P,T. Somogyi,K. Kantor,,BUDAPEST HONVED,Normal Goal,1560217.0
09/08/2026,NB I.,2026/2027,PAKS,BUDAPEST HONVED,79,2P,J. Szalai,A. Lapu,,PAKS,Normal Goal,1560217.0
09/08/2026,NB I.,2026/2027,PAKS,BUDAPEST HONVED,90,2P,D. Csontos,,,BUDAPEST HONVED,Penalty,1560217.0
06/02/2026,J1 League,2026/2027,V-VAREN NAGASAKI,SANFRECCE HIROSHIMA,35,1P,S. Nakano,T. Shiotani,,SANFRECCE HIROSHIMA,Normal Goal,1501295.0
06/02/2026,J1 League,2026/2027,V-VAREN NAGASAKI,SANFRECCE HIROSHIMA,50,2P,A. Suzuki,,,SANFRECCE HIROSHIMA,Normal Goal,1501295.0
06/02/2026,J1 League,2026/2027,V-VAREN NAGASAKI,SANFRECCE HIROSHIMA,54,2P,H. Kawabe,S. Higashi,,SANFRECCE HIROSHIMA,Normal Goal,1501295.0
06/02/2026,J1 League,2026/2027,V-VAREN NAGASAKI,SANFRECCE HIROSHIMA,81,2P,Matheus Jesus,N. Campbell,,V-VAREN NAGASAKI,Normal Goal,1501295.0
06/02/2026,J1 League,2026/2027,YOKOHAMA F. MARINOS,MACHIDA ZELVIA,8,1P,Erik,N. Lavi,,MACHIDA ZELVIA,Normal Goal,1501296.0
06/02/2026,J1 League,2026/2027,YOKOHAMA F. MARINOS,MACHIDA ZELVIA,16,1P,D. Tono,,,YOKOHAMA F. MARINOS,Penalty,1501296.0
06/02/2026,J1 League,2026/2027,YOKOHAMA F. MARINOS,MACHIDA ZELVIA,17,1P,Erik,,,MACHIDA ZELVIA,Normal Goal,1501296.0
06/02/2026,J1 League,2026/2027,YOKOHAMA F. MARINOS,MACHIDA ZELVIA,45,1P,Y. Soma,,,MACHIDA ZELVIA,Normal Goal,1501296.0
06/02/2026,J1 League,2026/2027,YOKOHAMA F. MARINOS,MACHIDA ZELVIA,67,2P,J. Croux,D. David,,YOKOHAMA F. MARINOS,Normal Goal,1501296.0
07/02/2026,J1 League,2026/2027,JEF UNITED CHIBA,URAWA,5,1P,Y. Matsuo,,,URAWA,Penalty,1501297.0
07/02/2026,J1 League,2026/2027,JEF UNITED CHIBA,URAWA,12,1P,R. Hidano,,,URAWA,Normal Goal,1501297.0
07/02/2026,J1 League,2026/2027,FC TOKYO,KASHIMA,44,1P,K. Endo,,,FC TOKYO,Normal Goal,1501298.0
08/02/2026,J1 League,2026/2027,AVISPA FUKUOKA,FAGIANO OKAYAMA,78,2P,K. Maeda,,,AVISPA FUKUOKA,Normal Goal,1501300.0
08/02/2026,J1 League,2026/2027,KAWASAKI FRONTALE,KASHIWA REYSOL,6,1P,Erison,,,KAWASAKI FRONTALE,Penalty,1501302.0
08/02/2026,J1 League,2026/2027,KAWASAKI FRONTALE,KASHIWA REYSOL,11,1P,Erison,T. Ito,,KAWASAKI FRONTALE,Normal Goal,1501302.0
08/02/2026,J1 League,2026/2027,KAWASAKI FRONTALE,KASHIWA REYSOL,25,1P,Erison,Y. Wakizaka,,KAWASAKI FRONTALE,Normal Goal,1501302.0
08/02/2026,J1 League,2026/2027,KAWASAKI FRONTALE,KASHIWA REYSOL,38,1P,M. Hosoya,W. Harada,,KASHIWA REYSOL,Normal Goal,1501302.0
08/02/2026,J1 League,2026/2027,KAWASAKI FRONTALE,KASHIWA REYSOL,60,2P,Y. Segawa,Y. Konishi,,KASHIWA REYSOL,Normal Goal,1501302.0
08/02/2026,J1 League,2026/2027,KAWASAKI FRONTALE,KASHIWA REYSOL,68,2P,Y. Matsunagane,Y. Yamamoto,,KAWASAKI FRONTALE,Normal Goal,1501302.0
08/02/2026,J1 League,2026/2027,KAWASAKI FRONTALE,KASHIWA REYSOL,81,2P,H. Yamauchi,,,KASHIWA REYSOL,Normal Goal,1501302.0
08/02/2026,J1 League,2026/2027,KAWASAKI FRONTALE,KASHIWA REYSOL,90,2P,Y. Wakizaka,K. Tachibanada,,KAWASAKI FRONTALE,Normal Goal,1501302.0
08/02/2026,J1 League,2026/2027,TOKYO VERDY,MITO HOLLYHOCK,8,1P,H. Yamamoto,,,TOKYO VERDY,Own Goal,1501303.0
08/02/2026,J1 League,2026/2027,TOKYO VERDY,MITO HOLLYHOCK,21,1P,K. Saito,K. Morita,,TOKYO VERDY,Normal Goal,1501303.0
08/02/2026,J1 League,2026/2027,TOKYO VERDY,MITO HOLLYHOCK,49,2P,Y. Matsuhashi,K. Morita,,TOKYO VERDY,Normal Goal,1501303.0
08/02/2026,J1 League,2026/2027,TOKYO VERDY,MITO HOLLYHOCK,59,2P,C. Kato,K. Tada,,MITO HOLLYHOCK,Normal Goal,1501303.0
13/02/2026,J1 League,2026/2027,VISSEL KOBE,V-VAREN NAGASAKI,25,1P,G. Sakai,,,VISSEL KOBE,Normal Goal,1501304.0
14/02/2026,J1 League,2026/2027,SANFRECCE HIROSHIMA,FAGIANO OKAYAMA,10,1P,A. Esaka,,,FAGIANO OKAYAMA,Normal Goal,1501306.0
14/02/2026,J1 League,2026/2027,SANFRECCE HIROSHIMA,FAGIANO OKAYAMA,45,1P,R. Germain,A. Suzuki,,SANFRECCE HIROSHIMA,Normal Goal,1501306.0
14/02/2026,J1 League,2026/2027,SHIMIZU S-PULSE,KYOTO SANGA,46,2P,H. Appiah Tawiah,,,SHIMIZU S-PULSE,Own Goal,1501307.0
14/02/2026,J1 League,2026/2027,SHIMIZU S-PULSE,KYOTO SANGA,90,2P,Rafael Elias,F. Honda,,KYOTO SANGA,Normal Goal,1501307.0
14/02/2026,J1 League,2026/2027,MACHIDA ZELVIA,MITO HOLLYHOCK,39,1P,Erik,Y. Soma,,MACHIDA ZELVIA,Normal Goal,1501305.0
14/02/2026,J1 League,2026/2027,MACHIDA ZELVIA,MITO HOLLYHOCK,42,1P,T. Semba,T. Iida,,MITO HOLLYHOCK,Normal Goal,1501305.0
14/02/2026,J1 League,2026/2027,MACHIDA ZELVIA,MITO HOLLYHOCK,43,1P,Y. Torikai,C. Kato,,MITO HOLLYHOCK,Normal Goal,1501305.0
14/02/2026,J1 League,2026/2027,MACHIDA ZELVIA,MITO HOLLYHOCK,45,1P,G. Shoji,Na Sang-Ho,,MACHIDA ZELVIA,Normal Goal,1501305.0
14/02/2026,J1 League,2026/2027,FC TOKYO,URAWA,78,2P,R. Watanabe,,,URAWA,Normal Goal,1501308.0
15/02/2026,J1 League,2026/2027,KASHIWA REYSOL,TOKYO VERDY,33,1P,Y. Koizumi,,,KASHIWA REYSOL,Normal Goal,1501311.0
21/02/2026,J1 League,2026/2027,YOKOHAMA F. MARINOS,URAWA,55,2P,T. Sekine,,,URAWA,Normal Goal,1504670.0
21/02/2026,J1 League,2026/2027,TOKYO VERDY,MACHIDA ZELVIA,69,2P,Y. Soma,,,MACHIDA ZELVIA,Normal Goal,1504669.0
21/02/2026,J1 League,2026/2027,TOKYO VERDY,MACHIDA ZELVIA,80,2P,Y. Nakayama,H. Nakamura,,MACHIDA ZELVIA,Normal Goal,1504669.0
21/02/2026,J1 League,2026/2027,TOKYO VERDY,MACHIDA ZELVIA,89,2P,H. Yamami,R. Hirakawa,,TOKYO VERDY,Normal Goal,1504669.0
21/02/2026,J1 League,2026/2027,TOKYO VERDY,MACHIDA ZELVIA,90,2P,T. Yoshida,Y. Arai,,TOKYO VERDY,Normal Goal,1504669.0
21/02/2026,J1 League,2026/2027,SHIMIZU S-PULSE,VISSEL KOBE,55,2P,Oh Se-Hun,,,SHIMIZU S-PULSE,Penalty,1504671.0
21/02/2026,J1 League,2026/2027,NAGOYA GRAMPUS,V-VAREN NAGASAKI,90,2P,Y. Asano,,,NAGOYA GRAMPUS,Normal Goal,1504673.0
21/02/2026,J1 League,2026/2027,KAWASAKI FRONTALE,FC TOKYO,18,1P,Marcelo Ryan,,,FC TOKYO,Normal Goal,1504672.0
21/02/2026,J1 League,2026/2027,KAWASAKI FRONTALE,FC TOKYO,31,1P,R. Yamahara,Y. Wakizaka,,KAWASAKI FRONTALE,Normal Goal,1504672.0
21/02/2026,J1 League,2026/2027,KAWASAKI FRONTALE,FC TOKYO,37,1P,S. Muroya,K. Sato,,FC TOKYO,Normal Goal,1504672.0
22/02/2026,J1 League,2026/2027,KYOTO SANGA,AVISPA FUKUOKA,32,1P,Rafael Elias,,,KYOTO SANGA,Normal Goal,1504675.0
22/02/2026,J1 League,2026/2027,KYOTO SANGA,AVISPA FUKUOKA,77,2P,Marco Tulio,,,KYOTO SANGA,Normal Goal,1504675.0
22/02/2026,J1 League,2026/2027,MITO HOLLYHOCK,JEF UNITED CHIBA,31,1P,T. Tsukui,,,JEF UNITED CHIBA,Normal Goal,1504676.0
22/02/2026,J1 League,2026/2027,FAGIANO OKAYAMA,GAMBA OSAKA,14,1P,Lucao,,,FAGIANO OKAYAMA,Penalty,1504677.0
22/02/2026,J1 League,2026/2027,FAGIANO OKAYAMA,GAMBA OSAKA,76,2P,H. Minamino,,,GAMBA OSAKA,Normal Goal,1504677.0
22/02/2026,J1 League,2026/2027,CEREZO OSAKA,SANFRECCE HIROSHIMA,55,2P,R. Germain,,,SANFRECCE HIROSHIMA,Normal Goal,1504678.0
22/02/2026,J1 League,2026/2027,CEREZO OSAKA,SANFRECCE HIROSHIMA,90,2P,S. Sakuragawa,,,CEREZO OSAKA,Normal Goal,1504678.0
22/02/2026,J1 League,2026/2027,CEREZO OSAKA,SANFRECCE HIROSHIMA,90,2P,S. Higashi,S. Nakamura,,SANFRECCE HIROSHIMA,Normal Goal,1504678.0
27/02/2026,J1 League,2026/2027,VISSEL KOBE,AVISPA FUKUOKA,90,2P,Y. Hashimoto,,,AVISPA FUKUOKA,Normal Goal,1504681.0
27/02/2026,J1 League,2026/2027,MACHIDA ZELVIA,JEF UNITED CHIBA,5,1P,Y. Soma,,,MACHIDA ZELVIA,Normal Goal,1504679.0
27/02/2026,J1 League,2026/2027,MACHIDA ZELVIA,JEF UNITED CHIBA,59,2P,Erik,,,MACHIDA ZELVIA,Normal Goal,1504679.0
27/02/2026,J1 League,2026/2027,MACHIDA ZELVIA,JEF UNITED CHIBA,64,2P,D. Ishikawa,Z. Issaka,,JEF UNITED CHIBA,Normal Goal,1504679.0
28/02/2026,J1 League,2026/2027,YOKOHAMA F. MARINOS,TOKYO VERDY,90,2P,T. Yoshida,,,TOKYO VERDY,Normal Goal,1504682.0
28/02/2026,J1 League,2026/2027,URAWA,KASHIMA,14,1P,R. Hidano,T. Kaneko,,URAWA,Normal Goal,1504683.0
28/02/2026,J1 League,2026/2027,URAWA,KASHIMA,19,1P,R. Watanabe,K. Nemoto,,URAWA,Normal Goal,1504683.0
28/02/2026,J1 League,2026/2027,URAWA,KASHIMA,45,1P,Leo Ceara,,,KASHIMA,Penalty,1504683.0
28/02/2026,J1 League,2026/2027,URAWA,KASHIMA,55,2P,Y. Suzuki,Y. Higuchi,,KASHIMA,Normal Goal,1504683.0
28/02/2026,J1 League,2026/2027,URAWA,KASHIMA,90,2P,A. Cavric,G. Shibasaki,,KASHIMA,Normal Goal,1504683.0
28/02/2026,J1 League,2026/2027,FC TOKYO,KASHIWA REYSOL,82,2P,Y. Segawa,,,KASHIWA REYSOL,Normal Goal,1504684.0
28/02/2026,J1 League,2026/2027,GAMBA OSAKA,SHIMIZU S-PULSE,27,1P,R. Meshino,,,GAMBA OSAKA,Normal Goal,1504685.0
28/02/2026,J1 League,2026/2027,GAMBA OSAKA,SHIMIZU S-PULSE,41,1P,D. Hummet,S. Abe,,GAMBA OSAKA,Normal Goal,1504685.0
28/02/2026,J1 League,2026/2027,GAMBA OSAKA,SHIMIZU S-PULSE,83,2P,K. Kitagawa,Capixaba,,SHIMIZU S-PULSE,Normal Goal,1504685.0
28/02/2026,J1 League,2026/2027,GAMBA OSAKA,SHIMIZU S-PULSE,86,2P,Capixaba,Z. Uno,,SHIMIZU S-PULSE,Normal Goal,1504685.0
01/03/2026,J1 League,2026/2027,FAGIANO OKAYAMA,NAGOYA GRAMPUS,48,2P,Y. Yamagishi,K. Nakayama,,NAGOYA GRAMPUS,Normal Goal,1504687.0
01/03/2026,J1 League,2026/2027,FAGIANO OKAYAMA,NAGOYA GRAMPUS,79,2P,K. Kawano,Kamiya Yuta,,FAGIANO OKAYAMA,Normal Goal,1504687.0
07/03/2026,J1 League,2026/2027,JEF UNITED CHIBA,KASHIWA REYSOL,61,2P,D. Ishikawa,,,JEF UNITED CHIBA,Normal Goal,1504689.0
07/03/2026,J1 League,2026/2027,JEF UNITED CHIBA,KASHIWA REYSOL,88,2P,T. Kubo,,,KASHIWA REYSOL,Normal Goal,1504689.0
07/03/2026,J1 League,2026/2027,FC TOKYO,YOKOHAMA F. MARINOS,1,1P,M. Nagakura,K. Sato,,FC TOKYO,Normal Goal,1504690.0
07/03/2026,J1 League,2026/2027,FC TOKYO,YOKOHAMA F. MARINOS,16,1P,R. Sato,M. Nagakura,,FC TOKYO,Normal Goal,1504690.0
07/03/2026,J1 League,2026/2027,FC TOKYO,YOKOHAMA F. MARINOS,46,2P,Marcelo Ryan,,,FC TOKYO,Normal Goal,1504690.0
07/03/2026,J1 League,2026/2027,KASHIMA,TOKYO VERDY,26,1P,Y. Suzuki,G. Shibasaki,,KASHIMA,Normal Goal,1504695.0
07/03/2026,J1 League,2026/2027,KASHIMA,TOKYO VERDY,45,1P,Y. Suzuki,,,KASHIMA,Penalty,1504695.0
07/03/2026,J1 League,2026/2027,AVISPA FUKUOKA,NAGOYA GRAMPUS,12,1P,Y. Yamagishi,Marcus Vinicius,,NAGOYA GRAMPUS,Normal Goal,1504694.0
07/03/2026,J1 League,2026/2027,AVISPA FUKUOKA,NAGOYA GRAMPUS,25,1P,S. Inagaki,Marcus Vinicius,,NAGOYA GRAMPUS,Normal Goal,1504694.0
07/03/2026,J1 League,2026/2027,AVISPA FUKUOKA,NAGOYA GRAMPUS,39,1P,Y. Kimura,T. Hara,,NAGOYA GRAMPUS,Normal Goal,1504694.0
07/03/2026,J1 League,2026/2027,AVISPA FUKUOKA,NAGOYA GRAMPUS,64,2P,Y. Yamagishi,K. Nakayama,,NAGOYA GRAMPUS,Normal Goal,1504694.0
07/03/2026,J1 League,2026/2027,AVISPA FUKUOKA,NAGOYA GRAMPUS,89,2P,T. Oka,,,AVISPA FUKUOKA,Normal Goal,1504694.0
07/03/2026,J1 League,2026/2027,AVISPA FUKUOKA,NAGOYA GRAMPUS,90,2P,S. Mori,H. Fujii,,NAGOYA GRAMPUS,Normal Goal,1504694.0
08/03/2026,J1 League,2026/2027,GAMBA OSAKA,V-VAREN NAGASAKI,13,1P,D. Hummet,I. Jebali,,GAMBA OSAKA,Normal Goal,1504697.0
08/03/2026,J1 League,2026/2027,GAMBA OSAKA,V-VAREN NAGASAKI,21,1P,Matheus Jesus,,,V-VAREN NAGASAKI,Normal Goal,1504697.0
08/03/2026,J1 League,2026/2027,GAMBA OSAKA,V-VAREN NAGASAKI,27,1P,Matheus Jesus,N. Campbell,,V-VAREN NAGASAKI,Normal Goal,1504697.0
08/03/2026,J1 League,2026/2027,GAMBA OSAKA,V-VAREN NAGASAKI,51,2P,S. Nakatani,T. Suzuki,,GAMBA OSAKA,Normal Goal,1504697.0
08/03/2026,J1 League,2026/2027,GAMBA OSAKA,V-VAREN NAGASAKI,83,2P,H. Onaga,,,GAMBA OSAKA,Own Goal,1504697.0
14/03/2026,J1 League,2026/2027,YOKOHAMA F. MARINOS,JEF UNITED CHIBA,52,2P,D. Tono,,,YOKOHAMA F. MARINOS,Normal Goal,1504699.0
14/03/2026,J1 League,2026/2027,KASHIWA REYSOL,MACHIDA ZELVIA,29,1P,T. Yengi,,,MACHIDA ZELVIA,Normal Goal,1504700.0
14/03/2026,J1 League,2026/2027,NAGOYA GRAMPUS,VISSEL KOBE,12,1P,R. Komatsu,K. Nagato,,VISSEL KOBE,Normal Goal,1504703.0
14/03/2026,J1 League,2026/2027,NAGOYA GRAMPUS,VISSEL KOBE,58,2P,Y. Ideguchi,D. Sasaki,,VISSEL KOBE,Normal Goal,1504703.0
14/03/2026,J1 League,2026/2027,NAGOYA GRAMPUS,VISSEL KOBE,88,2P,K. Nagato,,,VISSEL KOBE,Normal Goal,1504703.0
14/03/2026,J1 League,2026/2027,KYOTO SANGA,CEREZO OSAKA,48,2P,Marco Tulio,,,KYOTO SANGA,Normal Goal,1504701.0
14/03/2026,J1 League,2026/2027,KYOTO SANGA,CEREZO OSAKA,71,2P,R. Sakata,,,CEREZO OSAKA,Normal Goal,1504701.0
14/03/2026,J1 League,2026/2027,KASHIMA,KAWASAKI FRONTALE,79,2P,Leo Ceara,Y. Suzuki,,KASHIMA,Normal Goal,1504705.0
14/03/2026,J1 League,2026/2027,TOKYO VERDY,URAWA,14,1P,I. Someno,K. Morita,,TOKYO VERDY,Normal Goal,1504707.0
15/03/2026,J1 League,2026/2027,V-VAREN NAGASAKI,AVISPA FUKUOKA,76,2P,Thiago,,,V-VAREN NAGASAKI,Penalty,1504708.0
18/03/2026,J1 League,2026/2027,CEREZO OSAKA,FAGIANO OKAYAMA,19,1P,S. Sakuragawa,Y. Yokoyama,,CEREZO OSAKA,Normal Goal,1504709.0
18/03/2026,J1 League,2026/2027,CEREZO OSAKA,FAGIANO OKAYAMA,45,1P,Werik Popo,T. Yamane,,FAGIANO OKAYAMA,Normal Goal,1504709.0
18/03/2026,J1 League,2026/2027,CEREZO OSAKA,FAGIANO OKAYAMA,69,2P,T. Yamane,K. Kudo,,FAGIANO OKAYAMA,Normal Goal,1504709.0
18/03/2026,J1 League,2026/2027,V-VAREN NAGASAKI,KYOTO SANGA,5,1P,Thiago,,,V-VAREN NAGASAKI,Normal Goal,1504716.0
18/03/2026,J1 League,2026/2027,V-VAREN NAGASAKI,KYOTO SANGA,42,1P,M. Okugawa,,,KYOTO SANGA,Normal Goal,1504716.0
18/03/2026,J1 League,2026/2027,V-VAREN NAGASAKI,KYOTO SANGA,75,2P,Henrique Trevisan,S. Yoon,,KYOTO SANGA,Normal Goal,1504716.0
18/03/2026,J1 League,2026/2027,NAGOYA GRAMPUS,SANFRECCE HIROSHIMA,4,1P,Y. Yamagishi,,,NAGOYA GRAMPUS,Normal Goal,1504713.0
18/03/2026,J1 League,2026/2027,NAGOYA GRAMPUS,SANFRECCE HIROSHIMA,50,2P,A. Suzuki,H. Kawabe,,SANFRECCE HIROSHIMA,Normal Goal,1504713.0
18/03/2026,J1 League,2026/2027,NAGOYA GRAMPUS,SANFRECCE HIROSHIMA,69,2P,Y. Kimura,T. Takamine,,NAGOYA GRAMPUS,Normal Goal,1504713.0
18/03/2026,J1 League,2026/2027,VISSEL KOBE,GAMBA OSAKA,6,1P,R. Komatsu,M. Thuler,,VISSEL KOBE,Normal Goal,1504715.0
18/03/2026,J1 League,2026/2027,VISSEL KOBE,GAMBA OSAKA,23,1P,D. Hummet,,,GAMBA OSAKA,Normal Goal,1504715.0
18/03/2026,J1 League,2026/2027,VISSEL KOBE,GAMBA OSAKA,83,2P,R. Yamashita,D. Hummet,,GAMBA OSAKA,Normal Goal,1504715.0
18/03/2026,J1 League,2026/2027,VISSEL KOBE,GAMBA OSAKA,90,2P,Jean Patric,K. Hamasaki,,VISSEL KOBE,Normal Goal,1504715.0
18/03/2026,J1 League,2026/2027,JEF UNITED CHIBA,FC TOKYO,31,1P,A. Scholz,,,FC TOKYO,Penalty,1504711.0
18/03/2026,J1 League,2026/2027,JEF UNITED CHIBA,FC TOKYO,78,2P,T. Yasui,,,JEF UNITED CHIBA,Normal Goal,1504711.0
18/03/2026,J1 League,2026/2027,JEF UNITED CHIBA,FC TOKYO,80,2P,R. Sato,L. Nozawa,,FC TOKYO,Normal Goal,1504711.0
18/03/2026,J1 League,2026/2027,MITO HOLLYHOCK,YOKOHAMA F. MARINOS,62,2P,K. Tada,,,MITO HOLLYHOCK,Normal Goal,1504712.0
18/03/2026,J1 League,2026/2027,TOKYO VERDY,KAWASAKI FRONTALE,9,1P,Y. Wakizaka,Marcinho,,KAWASAKI FRONTALE,Normal Goal,1504714.0
18/03/2026,J1 League,2026/2027,TOKYO VERDY,KAWASAKI FRONTALE,23,1P,Erison,,,KAWASAKI FRONTALE,Normal Goal,1504714.0
18/03/2026,J1 League,2026/2027,URAWA,KASHIWA REYSOL,49,2P,K. Yasui,,,URAWA,Normal Goal,1504718.0
18/03/2026,J1 League,2026/2027,MACHIDA ZELVIA,KASHIMA,5,1P,Y. Suzuki,,,KASHIMA,Normal Goal,1504717.0
18/03/2026,J1 League,2026/2027,MACHIDA ZELVIA,KASHIMA,44,1P,K. Misao,K. Tagawa,,KASHIMA,Normal Goal,1504717.0
18/03/2026,J1 League,2026/2027,MACHIDA ZELVIA,KASHIMA,90,2P,A. Cavric,Leo Ceara,,KASHIMA,Normal Goal,1504717.0
21/03/2026,J1 League,2026/2027,AVISPA FUKUOKA,GAMBA OSAKA,11,1P,D. Hummet,I. Jebali,,GAMBA OSAKA,Normal Goal,1504720.0
21/03/2026,J1 League,2026/2027,AVISPA FUKUOKA,GAMBA OSAKA,22,1P,G. Miura,,,AVISPA FUKUOKA,Own Goal,1504720.0
21/03/2026,J1 League,2026/2027,AVISPA FUKUOKA,GAMBA OSAKA,42,1P,Welton,,,GAMBA OSAKA,Normal Goal,1504720.0
21/03/2026,J1 League,2026/2027,AVISPA FUKUOKA,GAMBA OSAKA,90,2P,Y. Tsujioka,N. Ben Khalifa,,AVISPA FUKUOKA,Normal Goal,1504720.0
22/03/2026,J1 League,2026/2027,SHIMIZU S-PULSE,SANFRECCE HIROSHIMA,19,1P,Y. Yoshida,,,SHIMIZU S-PULSE,Normal Goal,1504721.0
22/03/2026,J1 League,2026/2027,SHIMIZU S-PULSE,SANFRECCE HIROSHIMA,21,1P,Oh Se-Hun,,,SHIMIZU S-PULSE,Normal Goal,1504721.0
22/03/2026,J1 League,2026/2027,SHIMIZU S-PULSE,SANFRECCE HIROSHIMA,66,2P,K. Kitagawa,Oh Se-Hun,,SHIMIZU S-PULSE,Normal Goal,1504721.0
22/03/2026,J1 League,2026/2027,SHIMIZU S-PULSE,SANFRECCE HIROSHIMA,84,2P,R. Germain,T. Matsumoto,,SANFRECCE HIROSHIMA,Normal Goal,1504721.0
22/03/2026,J1 League,2026/2027,KYOTO SANGA,NAGOYA GRAMPUS,19,1P,H. Koda,Y. Nogami,,NAGOYA GRAMPUS,Normal Goal,1504722.0
22/03/2026,J1 League,2026/2027,KYOTO SANGA,NAGOYA GRAMPUS,77,2P,Marco Tulio,T. Hirato,,KYOTO SANGA,Normal Goal,1504722.0
22/03/2026,J1 League,2026/2027,KASHIMA,JEF UNITED CHIBA,4,1P,Elber,R. Araki,,KASHIMA,Normal Goal,1504725.0
22/03/2026,J1 League,2026/2027,KASHIMA,JEF UNITED CHIBA,70,2P,Z. Issaka,,,JEF UNITED CHIBA,Normal Goal,1504725.0
22/03/2026,J1 League,2026/2027,KASHIMA,JEF UNITED CHIBA,84,2P,N. Ueda,K. Chinen,,KASHIMA,Normal Goal,1504725.0
22/03/2026,J1 League,2026/2027,CEREZO OSAKA,VISSEL KOBE,12,1P,R. Inoue,M. Shibayama,,CEREZO OSAKA,Normal Goal,1504724.0
22/03/2026,J1 League,2026/2027,CEREZO OSAKA,VISSEL KOBE,67,2P,M. Hidaka,R. Komatsu,,VISSEL KOBE,Normal Goal,1504724.0
22/03/2026,J1 League,2026/2027,KAWASAKI FRONTALE,YOKOHAMA F. MARINOS,30,1P,K. Tanimura,J. Croux,,YOKOHAMA F. MARINOS,Normal Goal,1504726.0
22/03/2026,J1 League,2026/2027,KAWASAKI FRONTALE,YOKOHAMA F. MARINOS,53,2P,J. Amano,,,YOKOHAMA F. MARINOS,Normal Goal,1504726.0
22/03/2026,J1 League,2026/2027,KAWASAKI FRONTALE,YOKOHAMA F. MARINOS,62,2P,J. Amano,K. Tanimura,,YOKOHAMA F. MARINOS,Normal Goal,1504726.0
22/03/2026,J1 League,2026/2027,KAWASAKI FRONTALE,YOKOHAMA F. MARINOS,72,2P,Yuri Araujo,,,YOKOHAMA F. MARINOS,Normal Goal,1504726.0
22/03/2026,J1 League,2026/2027,KAWASAKI FRONTALE,YOKOHAMA F. MARINOS,78,2P,J. Quinones,J. Amano,,YOKOHAMA F. MARINOS,Normal Goal,1504726.0
22/03/2026,J1 League,2026/2027,KASHIWA REYSOL,MITO HOLLYHOCK,15,1P,N. Nakagawa,H. Mitsumaru,,KASHIWA REYSOL,Normal Goal,1504727.0
22/03/2026,J1 League,2026/2027,KASHIWA REYSOL,MITO HOLLYHOCK,31,1P,K. Osaki,,,KASHIWA REYSOL,Own Goal,1504727.0
22/03/2026,J1 League,2026/2027,KASHIWA REYSOL,MITO HOLLYHOCK,83,2P,Y. Segawa,Y. Koizumi,,KASHIWA REYSOL,Normal Goal,1504727.0
22/03/2026,J1 League,2026/2027,URAWA,MACHIDA ZELVIA,81,2P,Y. Soma,,,MACHIDA ZELVIA,Penalty,1504728.0
27/03/2026,J1 League,2026/2027,VISSEL KOBE,SANFRECCE HIROSHIMA,49,2P,K. Kinoshita,,,SANFRECCE HIROSHIMA,Normal Goal,1504698.0
27/03/2026,J1 League,2026/2027,VISSEL KOBE,SANFRECCE HIROSHIMA,84,2P,T. Ogihara,,,VISSEL KOBE,Penalty,1504698.0
27/03/2026,J1 League,2026/2027,VISSEL KOBE,SANFRECCE HIROSHIMA,90,2P,Y. Osako,,,VISSEL KOBE,Normal Goal,1504698.0
28/03/2026,J1 League,2026/2027,MACHIDA ZELVIA,KAWASAKI FRONTALE,41,1P,Erik,Y. Soma,,MACHIDA ZELVIA,Normal Goal,1504691.0
28/03/2026,J1 League,2026/2027,MACHIDA ZELVIA,KAWASAKI FRONTALE,59,2P,Erison,,,KAWASAKI FRONTALE,Normal Goal,1504691.0
01/04/2026,J1 League,2026/2027,VISSEL KOBE,SHIMIZU S-PULSE,28,1P,K. Nagato,Y. Ideguchi,,VISSEL KOBE,Normal Goal,1504756.0
01/04/2026,J1 League,2026/2027,VISSEL KOBE,SHIMIZU S-PULSE,61,2P,T. Ogihara,,,VISSEL KOBE,Penalty,1504756.0
01/04/2026,J1 League,2026/2027,MACHIDA ZELVIA,FC TOKYO,64,2P,K. Sato,,,FC TOKYO,Normal Goal,1504751.0
01/04/2026,J1 League,2026/2027,MACHIDA ZELVIA,FC TOKYO,77,2P,K. Sato,,,FC TOKYO,Penalty,1504751.0
04/04/2026,J1 League,2026/2027,JEF UNITED CHIBA,TOKYO VERDY,19,1P,H. Goya,,,JEF UNITED CHIBA,Normal Goal,1504729.0
04/04/2026,J1 League,2026/2027,JEF UNITED CHIBA,TOKYO VERDY,40,1P,H. Goya,,,JEF UNITED CHIBA,Normal Goal,1504729.0
04/04/2026,J1 League,2026/2027,JEF UNITED CHIBA,TOKYO VERDY,46,2P,Y. Fukuda,,,TOKYO VERDY,Normal Goal,1504729.0
04/04/2026,J1 League,2026/2027,JEF UNITED CHIBA,TOKYO VERDY,62,2P,T. Yoshida,,,TOKYO VERDY,Normal Goal,1504729.0
04/04/2026,J1 League,2026/2027,JEF UNITED CHIBA,TOKYO VERDY,85,2P,M. Hidaka,I. Takahashi,,JEF UNITED CHIBA,Normal Goal,1504729.0
04/04/2026,J1 League,2026/2027,MITO HOLLYHOCK,KASHIMA,34,1P,A. Watanabe,,,MITO HOLLYHOCK,Normal Goal,1504730.0
04/04/2026,J1 League,2026/2027,MITO HOLLYHOCK,KASHIMA,90,2P,Leo Ceara,,,KASHIMA,Penalty,1504730.0
04/04/2026,J1 League,2026/2027,NAGOYA GRAMPUS,CEREZO OSAKA,46,2P,Y. Yamagishi,,,NAGOYA GRAMPUS,Normal Goal,1504731.0
04/04/2026,J1 League,2026/2027,NAGOYA GRAMPUS,CEREZO OSAKA,53,2P,Y. Yamagishi,K. Nakayama,,NAGOYA GRAMPUS,Normal Goal,1504731.0
04/04/2026,J1 League,2026/2027,NAGOYA GRAMPUS,CEREZO OSAKA,61,2P,R. Izumi,Y. Kimura,,NAGOYA GRAMPUS,Normal Goal,1504731.0
04/04/2026,J1 League,2026/2027,GAMBA OSAKA,KYOTO SANGA,13,1P,D. Hummet,,,GAMBA OSAKA,Normal Goal,1504732.0
05/04/2026,J1 League,2026/2027,V-VAREN NAGASAKI,SHIMIZU S-PULSE,1,1P,Oh Se-Hun,,,SHIMIZU S-PULSE,Normal Goal,1504733.0
05/04/2026,J1 League,2026/2027,V-VAREN NAGASAKI,SHIMIZU S-PULSE,4,1P,Y. Shimamoto,K. Inoue,,SHIMIZU S-PULSE,Normal Goal,1504733.0
05/04/2026,J1 League,2026/2027,V-VAREN NAGASAKI,SHIMIZU S-PULSE,45,1P,Oh Se-Hun,,,SHIMIZU S-PULSE,Penalty,1504733.0
05/04/2026,J1 League,2026/2027,KASHIWA REYSOL,YOKOHAMA F. MARINOS,18,1P,Y. Komi,,,KASHIWA REYSOL,Penalty,1504734.0
05/04/2026,J1 League,2026/2027,KASHIWA REYSOL,YOKOHAMA F. MARINOS,80,2P,T. Inoue,,,KASHIWA REYSOL,Own Goal,1504734.0
05/04/2026,J1 League,2026/2027,SANFRECCE HIROSHIMA,AVISPA FUKUOKA,16,1P,Y. Hashimoto,Y. Tsujioka,,AVISPA FUKUOKA,Normal Goal,1504736.0
05/04/2026,J1 League,2026/2027,FAGIANO OKAYAMA,VISSEL KOBE,8,1P,D. Tagami,,,VISSEL KOBE,Own Goal,1504735.0
05/04/2026,J1 League,2026/2027,FAGIANO OKAYAMA,VISSEL KOBE,45,1P,K. Nagato,,,VISSEL KOBE,Normal Goal,1504735.0
05/04/2026,J1 League,2026/2027,FAGIANO OKAYAMA,VISSEL KOBE,65,2P,T. Ogihara,,,VISSEL KOBE,Penalty,1504735.0
05/04/2026,J1 League,2026/2027,KAWASAKI FRONTALE,URAWA,2,1P,K. Nemoto,Matheus Savio,,URAWA,Normal Goal,1504738.0
05/04/2026,J1 League,2026/2027,KAWASAKI FRONTALE,URAWA,9,1P,Danilo Boza,,,KAWASAKI FRONTALE,Own Goal,1504738.0
05/04/2026,J1 League,2026/2027,KAWASAKI FRONTALE,URAWA,56,2P,T. Kaneko,A. Onaiwu,,URAWA,Normal Goal,1504738.0
05/04/2026,J1 League,2026/2027,KAWASAKI FRONTALE,URAWA,77,2P,L. Romanic,Y. Yamamoto,,KAWASAKI FRONTALE,Normal Goal,1504738.0
05/04/2026,J1 League,2026/2027,KAWASAKI FRONTALE,URAWA,90,2P,S. Kawahara,,,KAWASAKI FRONTALE,Normal Goal,1504738.0
11/04/2026,J1 League,2026/2027,JEF UNITED CHIBA,MITO HOLLYHOCK,45,1P,Matheus Leiria,,,MITO HOLLYHOCK,Normal Goal,1504739.0
11/04/2026,J1 League,2026/2027,JEF UNITED CHIBA,MITO HOLLYHOCK,75,2P,T. Yasui,H. Goya,,JEF UNITED CHIBA,Normal Goal,1504739.0
11/04/2026,J1 League,2026/2027,SANFRECCE HIROSHIMA,SHIMIZU S-PULSE,71,2P,Oh Se-Hun,K. Kitazume,,SHIMIZU S-PULSE,Normal Goal,1504742.0
11/04/2026,J1 League,2026/2027,SANFRECCE HIROSHIMA,SHIMIZU S-PULSE,74,2P,K. Kinoshita,,,SANFRECCE HIROSHIMA,Normal Goal,1504742.0
11/04/2026,J1 League,2026/2027,MACHIDA ZELVIA,KASHIWA REYSOL,75,2P,Na Sang-Ho,,,MACHIDA ZELVIA,Normal Goal,1504741.0
11/04/2026,J1 League,2026/2027,VISSEL KOBE,NAGOYA GRAMPUS,52,2P,T. Morishima,,,NAGOYA GRAMPUS,Normal Goal,1504743.0
11/04/2026,J1 League,2026/2027,VISSEL KOBE,NAGOYA GRAMPUS,68,2P,D. Sasaki,,,VISSEL KOBE,Penalty,1504743.0
11/04/2026,J1 League,2026/2027,YOKOHAMA F. MARINOS,FC TOKYO,45,1P,K. Sato,Marcelo Ryan,,FC TOKYO,Normal Goal,1504744.0
11/04/2026,J1 League,2026/2027,YOKOHAMA F. MARINOS,FC TOKYO,64,2P,Marcelo Ryan,S. Muroya,,FC TOKYO,Normal Goal,1504744.0
11/04/2026,J1 League,2026/2027,YOKOHAMA F. MARINOS,FC TOKYO,74,2P,R. Kato,R. Yamane,,YOKOHAMA F. MARINOS,Normal Goal,1504744.0
11/04/2026,J1 League,2026/2027,YOKOHAMA F. MARINOS,FC TOKYO,78,2P,H. Asada,,,FC TOKYO,Own Goal,1504744.0
11/04/2026,J1 League,2026/2027,KYOTO SANGA,FAGIANO OKAYAMA,12,1P,Souza Alex,F. Honda,,KYOTO SANGA,Normal Goal,1504746.0
11/04/2026,J1 League,2026/2027,KYOTO SANGA,FAGIANO OKAYAMA,31,1P,T. Kimura,A. Esaka,,FAGIANO OKAYAMA,Normal Goal,1504746.0
11/04/2026,J1 League,2026/2027,KYOTO SANGA,FAGIANO OKAYAMA,45,1P,K. Sato,Joao Pedro,,KYOTO SANGA,Normal Goal,1504746.0
11/04/2026,J1 League,2026/2027,KYOTO SANGA,FAGIANO OKAYAMA,45,1P,Joao Pedro,,,KYOTO SANGA,Normal Goal,1504746.0
11/04/2026,J1 League,2026/2027,KYOTO SANGA,FAGIANO OKAYAMA,56,2P,Y. Suzuki,F. Honda,,KYOTO SANGA,Normal Goal,1504746.0
11/04/2026,J1 League,2026/2027,KYOTO SANGA,FAGIANO OKAYAMA,90,2P,Joao Pedro,Henrique Trevisan,,KYOTO SANGA,Normal Goal,1504746.0
12/04/2026,J1 League,2026/2027,URAWA,TOKYO VERDY,74,2P,I. Someno,,,TOKYO VERDY,Penalty,1504747.0
12/04/2026,J1 League,2026/2027,KAWASAKI FRONTALE,KASHIMA,53,2P,Y. Suzuki,,,KASHIMA,Penalty,1504748.0
12/04/2026,J1 League,2026/2027,KAWASAKI FRONTALE,KASHIMA,64,2P,Leo Ceara,Y. Suzuki,,KASHIMA,Normal Goal,1504748.0
18/04/2026,J1 League,2026/2027,YOKOHAMA F. MARINOS,KAWASAKI FRONTALE,15,1P,L. Romanic,T. Ito,,KAWASAKI FRONTALE,Normal Goal,1504749.0
18/04/2026,J1 League,2026/2027,YOKOHAMA F. MARINOS,KAWASAKI FRONTALE,45,1P,J. Amano,K. Watanabe,,YOKOHAMA F. MARINOS,Normal Goal,1504749.0
18/04/2026,J1 League,2026/2027,YOKOHAMA F. MARINOS,KAWASAKI FRONTALE,90,2P,Erison,K. Tachibanada,,KAWASAKI FRONTALE,Normal Goal,1504749.0
18/04/2026,J1 League,2026/2027,SANFRECCE HIROSHIMA,V-VAREN NAGASAKI,10,1P,A. Suzuki,S. Higashi,,SANFRECCE HIROSHIMA,Normal Goal,1504752.0
18/04/2026,J1 League,2026/2027,SANFRECCE HIROSHIMA,V-VAREN NAGASAKI,52,2P,M. Kato,A. Suzuki,,SANFRECCE HIROSHIMA,Normal Goal,1504752.0
18/04/2026,J1 League,2026/2027,KASHIMA,URAWA,81,2P,K. Nono,,,KASHIMA,Normal Goal,1504750.0
18/04/2026,J1 League,2026/2027,TOKYO VERDY,JEF UNITED CHIBA,51,2P,S. Teranuma,,,TOKYO VERDY,Normal Goal,1504753.0
18/04/2026,J1 League,2026/2027,CEREZO OSAKA,KYOTO SANGA,90,2P,S. Sakuragawa,,,CEREZO OSAKA,Normal Goal,1504754.0
19/04/2026,J1 League,2026/2027,GAMBA OSAKA,FAGIANO OKAYAMA,5,1P,D. Hummet,,,FAGIANO OKAYAMA,Own Goal,1504757.0
19/04/2026,J1 League,2026/2027,GAMBA OSAKA,FAGIANO OKAYAMA,26,1P,T. Kishimoto,G. Miura,,GAMBA OSAKA,Normal Goal,1504757.0
19/04/2026,J1 League,2026/2027,GAMBA OSAKA,FAGIANO OKAYAMA,65,2P,I. Jebali,T. Usami,,GAMBA OSAKA,Normal Goal,1504757.0
19/04/2026,J1 League,2026/2027,GAMBA OSAKA,FAGIANO OKAYAMA,72,2P,A. Esaka,Werik Popo,,FAGIANO OKAYAMA,Normal Goal,1504757.0
19/04/2026,J1 League,2026/2027,NAGOYA GRAMPUS,AVISPA FUKUOKA,24,1P,S. Usui,Y. Kitajima,,AVISPA FUKUOKA,Normal Goal,1504758.0
19/04/2026,J1 League,2026/2027,NAGOYA GRAMPUS,AVISPA FUKUOKA,35,1P,M. Shigemi,T. Miki,,AVISPA FUKUOKA,Normal Goal,1504758.0
19/04/2026,J1 League,2026/2027,NAGOYA GRAMPUS,AVISPA FUKUOKA,83,2P,Y. Asano,Y. Kimura,,NAGOYA GRAMPUS,Normal Goal,1504758.0
19/04/2026,J1 League,2026/2027,NAGOYA GRAMPUS,AVISPA FUKUOKA,90,2P,Y. Kimura,M. Ono,,NAGOYA GRAMPUS,Normal Goal,1504758.0
22/04/2026,J1 League,2026/2027,GAMBA OSAKA,AVISPA FUKUOKA,9,1P,H. Minamino,R. Yamashita,,GAMBA OSAKA,Normal Goal,1504817.0
22/04/2026,J1 League,2026/2027,GAMBA OSAKA,AVISPA FUKUOKA,43,1P,Y. Michiwaki,,,AVISPA FUKUOKA,Normal Goal,1504817.0
22/04/2026,J1 League,2026/2027,GAMBA OSAKA,AVISPA FUKUOKA,45,1P,K. Fujimoto,Y. Hashimoto,,AVISPA FUKUOKA,Normal Goal,1504817.0
24/04/2026,J1 League,2026/2027,FC TOKYO,MITO HOLLYHOCK,17,1P,Danilo Cardoso,M. Arai,,MITO HOLLYHOCK,Normal Goal,1504759.0
24/04/2026,J1 League,2026/2027,FC TOKYO,MITO HOLLYHOCK,35,1P,Marcelo Ryan,A. Scholz,,FC TOKYO,Normal Goal,1504759.0
24/04/2026,J1 League,2026/2027,FC TOKYO,MITO HOLLYHOCK,43,1P,K. Sato,,,FC TOKYO,Normal Goal,1504759.0
24/04/2026,J1 League,2026/2027,FC TOKYO,MITO HOLLYHOCK,45,1P,Marcelo Ryan,,,FC TOKYO,Penalty,1504759.0
24/04/2026,J1 League,2026/2027,FC TOKYO,MITO HOLLYHOCK,68,2P,S. Muroya,,,FC TOKYO,Normal Goal,1504759.0
24/04/2026,J1 League,2026/2027,FC TOKYO,MITO HOLLYHOCK,70,2P,K. Ando,,,MITO HOLLYHOCK,Normal Goal,1504759.0
24/04/2026,J1 League,2026/2027,FC TOKYO,MITO HOLLYHOCK,74,2P,R. Sato,Marcelo Ryan,,FC TOKYO,Normal Goal,1504759.0
25/04/2026,J1 League,2026/2027,SHIMIZU S-PULSE,NAGOYA GRAMPUS,45,1P,Y. Kimura,T. Hara,,NAGOYA GRAMPUS,Normal Goal,1504763.0
25/04/2026,J1 League,2026/2027,SHIMIZU S-PULSE,NAGOYA GRAMPUS,88,2P,S. Sugiura,,,NAGOYA GRAMPUS,Normal Goal,1504763.0
25/04/2026,J1 League,2026/2027,URAWA,YOKOHAMA F. MARINOS,79,2P,J. Amano,,,YOKOHAMA F. MARINOS,Normal Goal,1504764.0
25/04/2026,J1 League,2026/2027,URAWA,YOKOHAMA F. MARINOS,90,2P,J. Quinones,,,URAWA,Own Goal,1504764.0
25/04/2026,J1 League,2026/2027,FAGIANO OKAYAMA,AVISPA FUKUOKA,27,1P,K. Shirai,,,FAGIANO OKAYAMA,Normal Goal,1504762.0
25/04/2026,J1 League,2026/2027,SANFRECCE HIROSHIMA,CEREZO OSAKA,12,1P,Thiago Andrade,,,CEREZO OSAKA,Normal Goal,1504766.0
25/04/2026,J1 League,2026/2027,SANFRECCE HIROSHIMA,CEREZO OSAKA,86,2P,D. Cools,,,SANFRECCE HIROSHIMA,Own Goal,1504766.0
25/04/2026,J1 League,2026/2027,SANFRECCE HIROSHIMA,CEREZO OSAKA,90,2P,K. Kinoshita,,,SANFRECCE HIROSHIMA,Penalty,1504766.0
25/04/2026,J1 League,2026/2027,V-VAREN NAGASAKI,GAMBA OSAKA,78,2P,Matheus Jesus,,,V-VAREN NAGASAKI,Penalty,1504767.0
25/04/2026,J1 League,2026/2027,V-VAREN NAGASAKI,GAMBA OSAKA,80,2P,D. Hummet,R. Yamashita,,GAMBA OSAKA,Normal Goal,1504767.0
29/04/2026,J1 League,2026/2027,SHIMIZU S-PULSE,V-VAREN NAGASAKI,21,1P,Y. Shimamoto,,,SHIMIZU S-PULSE,Normal Goal,1504769.0
29/04/2026,J1 League,2026/2027,TOKYO VERDY,KASHIMA,19,1P,K. Nono,Leo Ceara,,KASHIMA,Normal Goal,1504770.0
29/04/2026,J1 League,2026/2027,TOKYO VERDY,KASHIMA,34,1P,I. Kumatoriya,,,TOKYO VERDY,Normal Goal,1504770.0
29/04/2026,J1 League,2026/2027,TOKYO VERDY,KASHIMA,40,1P,T. Yoshida,Y. Matsuhashi,,TOKYO VERDY,Normal Goal,1504770.0
29/04/2026,J1 League,2026/2027,JEF UNITED CHIBA,YOKOHAMA F. MARINOS,18,1P,Carlinhos Junior,,,JEF UNITED CHIBA,Penalty,1504772.0
29/04/2026,J1 League,2026/2027,JEF UNITED CHIBA,YOKOHAMA F. MARINOS,48,2P,K. Tanimura,K. Watanabe,,YOKOHAMA F. MARINOS,Normal Goal,1504772.0
29/04/2026,J1 League,2026/2027,JEF UNITED CHIBA,YOKOHAMA F. MARINOS,58,2P,K. Tanimura,J. Croux,,YOKOHAMA F. MARINOS,Normal Goal,1504772.0
29/04/2026,J1 League,2026/2027,JEF UNITED CHIBA,YOKOHAMA F. MARINOS,63,2P,T. Inoue,,,YOKOHAMA F. MARINOS,Normal Goal,1504772.0
29/04/2026,J1 League,2026/2027,JEF UNITED CHIBA,YOKOHAMA F. MARINOS,90,2P,H. Goya,N. Sugiyama,,JEF UNITED CHIBA,Normal Goal,1504772.0
29/04/2026,J1 League,2026/2027,AVISPA FUKUOKA,SANFRECCE HIROSHIMA,4,1P,S. Nakano,,,SANFRECCE HIROSHIMA,Normal Goal,1504771.0
29/04/2026,J1 League,2026/2027,AVISPA FUKUOKA,SANFRECCE HIROSHIMA,10,1P,S. Higashi,M. Kato,,SANFRECCE HIROSHIMA,Normal Goal,1504771.0
29/04/2026,J1 League,2026/2027,AVISPA FUKUOKA,SANFRECCE HIROSHIMA,19,1P,S. Usui,,,AVISPA FUKUOKA,Normal Goal,1504771.0
29/04/2026,J1 League,2026/2027,AVISPA FUKUOKA,SANFRECCE HIROSHIMA,72,2P,T. Miki,Y. Maejima,,AVISPA FUKUOKA,Normal Goal,1504771.0
29/04/2026,J1 League,2026/2027,URAWA,KAWASAKI FRONTALE,54,2P,Matheus Savio,,,URAWA,Normal Goal,1504776.0
29/04/2026,J1 League,2026/2027,URAWA,KAWASAKI FRONTALE,71,2P,H. Komori,Matheus Savio,,URAWA,Normal Goal,1504776.0
29/04/2026,J1 League,2026/2027,NAGOYA GRAMPUS,FAGIANO OKAYAMA,65,2P,H. Koda,,,NAGOYA GRAMPUS,Normal Goal,1504775.0
29/04/2026,J1 League,2026/2027,KYOTO SANGA,GAMBA OSAKA,90,2P,H. Minamino,,,GAMBA OSAKA,Normal Goal,1504774.0
29/04/2026,J1 League,2026/2027,KASHIWA REYSOL,FC TOKYO,72,2P,N. Nakagawa,,,KASHIWA REYSOL,Normal Goal,1504777.0
29/04/2026,J1 League,2026/2027,KASHIWA REYSOL,FC TOKYO,89,2P,R. Sato,,,FC TOKYO,Penalty,1504777.0
29/04/2026,J1 League,2026/2027,MITO HOLLYHOCK,MACHIDA ZELVIA,17,1P,H. Shimoda,F. Tokumura,,MACHIDA ZELVIA,Normal Goal,1504778.0
29/04/2026,J1 League,2026/2027,MITO HOLLYHOCK,MACHIDA ZELVIA,48,2P,I. Dresevic,A. Masuyama,,MACHIDA ZELVIA,Normal Goal,1504778.0
29/04/2026,J1 League,2026/2027,MITO HOLLYHOCK,MACHIDA ZELVIA,67,2P,H. Mochizuki,,,MITO HOLLYHOCK,Own Goal,1504778.0
29/04/2026,J1 League,2026/2027,MITO HOLLYHOCK,MACHIDA ZELVIA,90,2P,K. Ando,T. Semba,,MITO HOLLYHOCK,Normal Goal,1504778.0
02/05/2026,J1 League,2026/2027,FC TOKYO,KAWASAKI FRONTALE,41,1P,K. Sato,,,FC TOKYO,Normal Goal,1504780.0
02/05/2026,J1 League,2026/2027,FC TOKYO,KAWASAKI FRONTALE,56,2P,L. Nozawa,T. Nakagawa,,FC TOKYO,Normal Goal,1504780.0
02/05/2026,J1 League,2026/2027,YOKOHAMA F. MARINOS,MITO HOLLYHOCK,5,1P,K. Tanimura,G. Onaiwu,,YOKOHAMA F. MARINOS,Normal Goal,1504782.0
02/05/2026,J1 League,2026/2027,YOKOHAMA F. MARINOS,MITO HOLLYHOCK,27,1P,A. Watanabe,,,MITO HOLLYHOCK,Normal Goal,1504782.0
02/05/2026,J1 League,2026/2027,GAMBA OSAKA,VISSEL KOBE,22,1P,H. Minamino,R. Hatsuse,,GAMBA OSAKA,Normal Goal,1504783.0
02/05/2026,J1 League,2026/2027,GAMBA OSAKA,VISSEL KOBE,36,1P,G. Miura,S. Nakatani,,GAMBA OSAKA,Normal Goal,1504783.0
02/05/2026,J1 League,2026/2027,GAMBA OSAKA,VISSEL KOBE,52,2P,H. Minamino,R. Hatsuse,,GAMBA OSAKA,Normal Goal,1504783.0
02/05/2026,J1 League,2026/2027,GAMBA OSAKA,VISSEL KOBE,80,2P,K. Okunuki,,,GAMBA OSAKA,Normal Goal,1504783.0
02/05/2026,J1 League,2026/2027,GAMBA OSAKA,VISSEL KOBE,82,2P,D. Hummet,R. Meshino,,GAMBA OSAKA,Normal Goal,1504783.0
03/05/2026,J1 League,2026/2027,CEREZO OSAKA,AVISPA FUKUOKA,11,1P,S. Usui,,,AVISPA FUKUOKA,Normal Goal,1504786.0
03/05/2026,J1 League,2026/2027,CEREZO OSAKA,AVISPA FUKUOKA,45,1P,R. Inoue,M. Shibayama,,CEREZO OSAKA,Normal Goal,1504786.0
03/05/2026,J1 League,2026/2027,V-VAREN NAGASAKI,NAGOYA GRAMPUS,29,1P,Thiago,M. Hasegawa,,V-VAREN NAGASAKI,Normal Goal,1504788.0
03/05/2026,J1 League,2026/2027,V-VAREN NAGASAKI,NAGOYA GRAMPUS,34,1P,K. Nagai,S. Sugiura,,NAGOYA GRAMPUS,Normal Goal,1504788.0
03/05/2026,J1 League,2026/2027,V-VAREN NAGASAKI,NAGOYA GRAMPUS,54,2P,K. Nagai,K. Mikuni,,NAGOYA GRAMPUS,Normal Goal,1504788.0
06/05/2026,J1 League,2026/2027,SHIMIZU S-PULSE,CEREZO OSAKA,19,1P,S. Tanaka,N. Ishiwatari,,CEREZO OSAKA,Normal Goal,1504789.0
06/05/2026,J1 League,2026/2027,SHIMIZU S-PULSE,CEREZO OSAKA,90,2P,Matheus Bueno,,,SHIMIZU S-PULSE,Penalty,1504789.0
06/05/2026,J1 League,2026/2027,V-VAREN NAGASAKI,FAGIANO OKAYAMA,19,1P,Y. Iwasaki,G. Hatano,,V-VAREN NAGASAKI,Normal Goal,1504790.0
06/05/2026,J1 League,2026/2027,V-VAREN NAGASAKI,FAGIANO OKAYAMA,43,1P,Thiago,R. Yamada,,V-VAREN NAGASAKI,Normal Goal,1504790.0
06/05/2026,J1 League,2026/2027,V-VAREN NAGASAKI,FAGIANO OKAYAMA,50,2P,Werik Popo,A. Esaka,,FAGIANO OKAYAMA,Normal Goal,1504790.0
06/05/2026,J1 League,2026/2027,NAGOYA GRAMPUS,GAMBA OSAKA,8,1P,S. Inagaki,K. Nakayama,,NAGOYA GRAMPUS,Normal Goal,1504792.0
06/05/2026,J1 League,2026/2027,NAGOYA GRAMPUS,GAMBA OSAKA,31,1P,Y. Kimura,T. Hara,,NAGOYA GRAMPUS,Normal Goal,1504792.0
06/05/2026,J1 League,2026/2027,NAGOYA GRAMPUS,GAMBA OSAKA,90,2P,R. Mito,,,GAMBA OSAKA,Normal Goal,1504792.0
06/05/2026,J1 League,2026/2027,SANFRECCE HIROSHIMA,VISSEL KOBE,42,1P,M. Kato,S. Higashi,,SANFRECCE HIROSHIMA,Normal Goal,1504794.0
06/05/2026,J1 League,2026/2027,SANFRECCE HIROSHIMA,VISSEL KOBE,63,2P,R. Komatsu,,,VISSEL KOBE,Normal Goal,1504794.0
06/05/2026,J1 League,2026/2027,FC TOKYO,JEF UNITED CHIBA,6,1P,Carlinhos Junior,Z. Issaka,,JEF UNITED CHIBA,Normal Goal,1504793.0
06/05/2026,J1 League,2026/2027,FC TOKYO,JEF UNITED CHIBA,73,2P,M. Himeno,,,JEF UNITED CHIBA,Normal Goal,1504793.0
06/05/2026,J1 League,2026/2027,FC TOKYO,JEF UNITED CHIBA,79,2P,M. Hidaka,,,JEF UNITED CHIBA,Normal Goal,1504793.0
06/05/2026,J1 League,2026/2027,KAWASAKI FRONTALE,TOKYO VERDY,73,2P,Y. Wakizaka,L. Romanic,,KAWASAKI FRONTALE,Normal Goal,1504797.0
06/05/2026,J1 League,2026/2027,KASHIWA REYSOL,URAWA,58,2P,R. Watanabe,S. Nakajima,,URAWA,Normal Goal,1504798.0
09/05/2026,J1 League,2026/2027,MITO HOLLYHOCK,URAWA,24,1P,K. Yasui,,,URAWA,Normal Goal,1504799.0
09/05/2026,J1 League,2026/2027,MITO HOLLYHOCK,URAWA,70,2P,H. Komori,Y. Naganuma,,URAWA,Normal Goal,1504799.0
09/05/2026,J1 League,2026/2027,MITO HOLLYHOCK,URAWA,77,2P,I. Kiese,J. Hayakawa,,URAWA,Normal Goal,1504799.0
09/05/2026,J1 League,2026/2027,MITO HOLLYHOCK,URAWA,79,2P,I. Kiese,J. Hayakawa,,URAWA,Normal Goal,1504799.0
09/05/2026,J1 League,2026/2027,MITO HOLLYHOCK,URAWA,84,2P,H. Yamamoto,,,MITO HOLLYHOCK,Normal Goal,1504799.0
09/05/2026,J1 League,2026/2027,CEREZO OSAKA,V-VAREN NAGASAKI,25,1P,R. Yamasaki,,,V-VAREN NAGASAKI,Penalty,1504800.0
09/05/2026,J1 League,2026/2027,CEREZO OSAKA,V-VAREN NAGASAKI,28,1P,Thiago Andrade,M. Nakajima,,CEREZO OSAKA,Normal Goal,1504800.0
09/05/2026,J1 League,2026/2027,CEREZO OSAKA,V-VAREN NAGASAKI,63,2P,S. Tanaka,M. Shibayama,,CEREZO OSAKA,Normal Goal,1504800.0
09/05/2026,J1 League,2026/2027,CEREZO OSAKA,V-VAREN NAGASAKI,72,2P,Matheus Jesus,,,V-VAREN NAGASAKI,Normal Goal,1504800.0
09/05/2026,J1 League,2026/2027,CEREZO OSAKA,V-VAREN NAGASAKI,90,2P,S. Kagawa,,,CEREZO OSAKA,Penalty,1504800.0
10/05/2026,J1 League,2026/2027,VISSEL KOBE,FAGIANO OKAYAMA,28,1P,Y. Suzuki,A. Esaka,,FAGIANO OKAYAMA,Normal Goal,1504802.0
10/05/2026,J1 League,2026/2027,VISSEL KOBE,FAGIANO OKAYAMA,43,1P,A. Esaka,K. Shirai,,FAGIANO OKAYAMA,Normal Goal,1504802.0
10/05/2026,J1 League,2026/2027,VISSEL KOBE,FAGIANO OKAYAMA,89,2P,T. Kimura,R. Sueyoshi,,FAGIANO OKAYAMA,Normal Goal,1504802.0
10/05/2026,J1 League,2026/2027,YOKOHAMA F. MARINOS,KASHIMA,58,2P,K. Tanimura,J. Amano,,YOKOHAMA F. MARINOS,Normal Goal,1504803.0
10/05/2026,J1 League,2026/2027,YOKOHAMA F. MARINOS,KASHIMA,90,2P,Leo Ceara,R. Araki,,KASHIMA,Normal Goal,1504803.0
10/05/2026,J1 League,2026/2027,KASHIWA REYSOL,KAWASAKI FRONTALE,73,2P,M. Hosoya,S. Baba,,KASHIWA REYSOL,Normal Goal,1504806.0
10/05/2026,J1 League,2026/2027,NAGOYA GRAMPUS,KYOTO SANGA,9,1P,Y. Yamagishi,K. Nakayama,,NAGOYA GRAMPUS,Normal Goal,1504807.0
10/05/2026,J1 League,2026/2027,NAGOYA GRAMPUS,KYOTO SANGA,29,1P,Y. Yamagishi,,,NAGOYA GRAMPUS,Normal Goal,1504807.0
10/05/2026,J1 League,2026/2027,NAGOYA GRAMPUS,KYOTO SANGA,90,2P,Y. Yamagishi,H. Koda,,NAGOYA GRAMPUS,Normal Goal,1504807.0
10/05/2026,J1 League,2026/2027,JEF UNITED CHIBA,MACHIDA ZELVIA,7,1P,Na Sang-Ho,,,MACHIDA ZELVIA,Normal Goal,1504808.0
10/05/2026,J1 League,2026/2027,JEF UNITED CHIBA,MACHIDA ZELVIA,36,1P,Na Sang-Ho,T. Yengi,,MACHIDA ZELVIA,Normal Goal,1504808.0
13/05/2026,J1 League,2026/2027,VISSEL KOBE,KYOTO SANGA,78,2P,Henrique Trevisan,,,VISSEL KOBE,Own Goal,1504768.0
16/05/2026,J1 League,2026/2027,YOKOHAMA F. MARINOS,KASHIWA REYSOL,41,1P,K. Yuruki,T. Kubo,,KASHIWA REYSOL,Normal Goal,1504811.0
17/05/2026,J1 League,2026/2027,V-VAREN NAGASAKI,VISSEL KOBE,21,1P,H. Yamaguchi,Matheus Jesus,,V-VAREN NAGASAKI,Normal Goal,1504812.0
17/05/2026,J1 League,2026/2027,V-VAREN NAGASAKI,VISSEL KOBE,27,1P,Y. Muto,N. Iino,,VISSEL KOBE,Normal Goal,1504812.0
17/05/2026,J1 League,2026/2027,V-VAREN NAGASAKI,VISSEL KOBE,32,1P,M. Thuler,,,VISSEL KOBE,Normal Goal,1504812.0
17/05/2026,J1 League,2026/2027,V-VAREN NAGASAKI,VISSEL KOBE,45,1P,Dudu Giusti,Matheus Jesus,,V-VAREN NAGASAKI,Normal Goal,1504812.0
17/05/2026,J1 League,2026/2027,JEF UNITED CHIBA,KASHIMA,43,1P,R. Araki,Y. Suzuki,,KASHIMA,Normal Goal,1504813.0
17/05/2026,J1 League,2026/2027,JEF UNITED CHIBA,KASHIMA,88,2P,S. Morooka,,,KASHIMA,Normal Goal,1504813.0
17/05/2026,J1 League,2026/2027,FAGIANO OKAYAMA,SHIMIZU S-PULSE,11,1P,K. Shirai,Werik Popo,,FAGIANO OKAYAMA,Normal Goal,1504814.0
17/05/2026,J1 League,2026/2027,FAGIANO OKAYAMA,SHIMIZU S-PULSE,79,2P,Leo Gaucho,Lucao,,FAGIANO OKAYAMA,Normal Goal,1504814.0
17/05/2026,J1 League,2026/2027,CEREZO OSAKA,NAGOYA GRAMPUS,12,1P,S. Tanaka,M. Shibayama,,CEREZO OSAKA,Normal Goal,1504815.0
17/05/2026,J1 League,2026/2027,CEREZO OSAKA,NAGOYA GRAMPUS,22,1P,Y. Yokoyama,M. Nakajima,,CEREZO OSAKA,Normal Goal,1504815.0
17/05/2026,J1 League,2026/2027,CEREZO OSAKA,NAGOYA GRAMPUS,39,1P,Y. Yokoyama,,,CEREZO OSAKA,Normal Goal,1504815.0
17/05/2026,J1 League,2026/2027,CEREZO OSAKA,NAGOYA GRAMPUS,42,1P,Y. Kimura,,,NAGOYA GRAMPUS,Normal Goal,1504815.0
17/05/2026,J1 League,2026/2027,CEREZO OSAKA,NAGOYA GRAMPUS,54,2P,Thiago Andrade,N. Ishiwatari,,CEREZO OSAKA,Normal Goal,1504815.0
17/05/2026,J1 League,2026/2027,CEREZO OSAKA,NAGOYA GRAMPUS,87,2P,S. Sakuragawa,S. Homma,,CEREZO OSAKA,Normal Goal,1504815.0
17/05/2026,J1 League,2026/2027,CEREZO OSAKA,NAGOYA GRAMPUS,89,2P,S. Sakuragawa,S. Homma,,CEREZO OSAKA,Normal Goal,1504815.0
17/05/2026,J1 League,2026/2027,KYOTO SANGA,SANFRECCE HIROSHIMA,29,1P,S. Nakamura,S. Higashi,,SANFRECCE HIROSHIMA,Normal Goal,1504816.0
17/05/2026,J1 League,2026/2027,KYOTO SANGA,SANFRECCE HIROSHIMA,49,2P,A. Suzuki,M. Kato,,SANFRECCE HIROSHIMA,Normal Goal,1504816.0
17/05/2026,J1 League,2026/2027,KYOTO SANGA,SANFRECCE HIROSHIMA,51,2P,M. Kato,S. Higashi,,SANFRECCE HIROSHIMA,Normal Goal,1504816.0
17/05/2026,J1 League,2026/2027,KYOTO SANGA,SANFRECCE HIROSHIMA,75,2P,T. Matsumoto,S. Nakamura,,SANFRECCE HIROSHIMA,Normal Goal,1504816.0
17/05/2026,J1 League,2026/2027,KAWASAKI FRONTALE,MACHIDA ZELVIA,89,2P,Y. Wakizaka,,,KAWASAKI FRONTALE,Penalty,1504818.0
22/05/2026,J1 League,2026/2027,MACHIDA ZELVIA,URAWA,10,1P,Erik,,,MACHIDA ZELVIA,Normal Goal,1504819.0
23/05/2026,J1 League,2026/2027,SANFRECCE HIROSHIMA,NAGOYA GRAMPUS,33,1P,S. Nakamura,H. Kawabe,,SANFRECCE HIROSHIMA,Normal Goal,1504821.0
23/05/2026,J1 League,2026/2027,SANFRECCE HIROSHIMA,NAGOYA GRAMPUS,45,1P,Y. Yamagishi,T. Takamine,,NAGOYA GRAMPUS,Normal Goal,1504821.0
23/05/2026,J1 League,2026/2027,SANFRECCE HIROSHIMA,NAGOYA GRAMPUS,45,1P,H. Kawabe,S. Nakano,,SANFRECCE HIROSHIMA,Normal Goal,1504821.0
23/05/2026,J1 League,2026/2027,SANFRECCE HIROSHIMA,NAGOYA GRAMPUS,46,2P,S. Nakano,S. Higashi,,SANFRECCE HIROSHIMA,Normal Goal,1504821.0
23/05/2026,J1 League,2026/2027,SANFRECCE HIROSHIMA,NAGOYA GRAMPUS,56,2P,A. Suzuki,S. Higashi,,SANFRECCE HIROSHIMA,Normal Goal,1504821.0
23/05/2026,J1 League,2026/2027,SANFRECCE HIROSHIMA,NAGOYA GRAMPUS,67,2P,T. Morishima,,,NAGOYA GRAMPUS,Normal Goal,1504821.0
23/05/2026,J1 League,2026/2027,KASHIWA REYSOL,JEF UNITED CHIBA,35,1P,Y. Kakita,Y. Koizumi,,KASHIWA REYSOL,Normal Goal,1504823.0
23/05/2026,J1 League,2026/2027,KASHIWA REYSOL,JEF UNITED CHIBA,39,1P,Y. Koizumi,Y. Kakita,,KASHIWA REYSOL,Normal Goal,1504823.0
23/05/2026,J1 League,2026/2027,KASHIWA REYSOL,JEF UNITED CHIBA,45,1P,R. Kuboniwa,,,JEF UNITED CHIBA,Normal Goal,1504823.0
23/05/2026,J1 League,2026/2027,KASHIWA REYSOL,JEF UNITED CHIBA,75,2P,M. Hosoya,N. Nakagawa,,KASHIWA REYSOL,Normal Goal,1504823.0
23/05/2026,J1 League,2026/2027,KASHIWA REYSOL,JEF UNITED CHIBA,85,2P,I. Takahashi,T. Tsukui,,JEF UNITED CHIBA,Normal Goal,1504823.0
23/05/2026,J1 League,2026/2027,KASHIWA REYSOL,JEF UNITED CHIBA,89,2P,T. Koga,,,KASHIWA REYSOL,Normal Goal,1504823.0
24/05/2026,J1 League,2026/2027,FAGIANO OKAYAMA,CEREZO OSAKA,8,1P,Y. Yokoyama,D. Cools,,CEREZO OSAKA,Normal Goal,1504825.0
24/05/2026,J1 League,2026/2027,FAGIANO OKAYAMA,CEREZO OSAKA,56,2P,Y. Yokoyama,M. Nakajima,,CEREZO OSAKA,Normal Goal,1504825.0
24/05/2026,J1 League,2026/2027,FAGIANO OKAYAMA,CEREZO OSAKA,71,2P,Leo Gaucho,Lucao,,FAGIANO OKAYAMA,Normal Goal,1504825.0
24/05/2026,J1 League,2026/2027,FAGIANO OKAYAMA,CEREZO OSAKA,81,2P,S. Uejo,S. Sakuragawa,,CEREZO OSAKA,Normal Goal,1504825.0
24/05/2026,J1 League,2026/2027,FAGIANO OKAYAMA,CEREZO OSAKA,90,2P,Leo Gaucho,,,FAGIANO OKAYAMA,Normal Goal,1504825.0
24/05/2026,J1 League,2026/2027,MITO HOLLYHOCK,KAWASAKI FRONTALE,58,2P,K. Mochiyama,S. Miura,,KAWASAKI FRONTALE,Normal Goal,1504826.0
24/05/2026,J1 League,2026/2027,MITO HOLLYHOCK,KAWASAKI FRONTALE,78,2P,K. Mochiyama,,,KAWASAKI FRONTALE,Normal Goal,1504826.0
24/05/2026,J1 League,2026/2027,MITO HOLLYHOCK,KAWASAKI FRONTALE,85,2P,K. Mochiyama,S. Kawahara,,KAWASAKI FRONTALE,Normal Goal,1504826.0
24/05/2026,J1 League,2026/2027,MITO HOLLYHOCK,KAWASAKI FRONTALE,90,2P,Patryck,Danilo Cardoso,,MITO HOLLYHOCK,Normal Goal,1504826.0
24/05/2026,J1 League,2026/2027,TOKYO VERDY,YOKOHAMA F. MARINOS,25,1P,T. Kondo,J. Amano,,YOKOHAMA F. MARINOS,Normal Goal,1504827.0
24/05/2026,J1 League,2026/2027,TOKYO VERDY,YOKOHAMA F. MARINOS,36,1P,K. Tanimura,T. Kondo,,YOKOHAMA F. MARINOS,Normal Goal,1504827.0
24/05/2026,J1 League,2026/2027,TOKYO VERDY,YOKOHAMA F. MARINOS,45,1P,Yuri Araujo,T. Kondo,,YOKOHAMA F. MARINOS,Normal Goal,1504827.0
24/05/2026,J1 League,2026/2027,TOKYO VERDY,YOKOHAMA F. MARINOS,46,2P,K. Tanimura,J. Amano,,YOKOHAMA F. MARINOS,Normal Goal,1504827.0
24/05/2026,J1 League,2026/2027,TOKYO VERDY,YOKOHAMA F. MARINOS,59,2P,Yuri Araujo,T. Kondo,,YOKOHAMA F. MARINOS,Normal Goal,1504827.0
24/05/2026,J1 League,2026/2027,TOKYO VERDY,YOKOHAMA F. MARINOS,90,2P,Tevis,A. Higuchi,,YOKOHAMA F. MARINOS,Normal Goal,1504827.0
24/05/2026,J1 League,2026/2027,SHIMIZU S-PULSE,GAMBA OSAKA,75,2P,Y. Yoshida,,,GAMBA OSAKA,Own Goal,1504828.0
30/05/2026,J1 League,2026/2027,SANFRECCE HIROSHIMA,KAWASAKI FRONTALE,11,1P,S. Nakamura,T. Matsumoto,,SANFRECCE HIROSHIMA,Normal Goal,1546393.0
30/05/2026,J1 League,2026/2027,SANFRECCE HIROSHIMA,KAWASAKI FRONTALE,20,1P,M. Kato,A. Suzuki,,SANFRECCE HIROSHIMA,Normal Goal,1546393.0
30/05/2026,J1 League,2026/2027,SANFRECCE HIROSHIMA,KAWASAKI FRONTALE,43,1P,T. Ito,,,KAWASAKI FRONTALE,Normal Goal,1546393.0
30/05/2026,J1 League,2026/2027,NAGOYA GRAMPUS,MACHIDA ZELVIA,6,1P,H. Nakamura,Y. Soma,,MACHIDA ZELVIA,Normal Goal,1546392.0
30/05/2026,J1 League,2026/2027,NAGOYA GRAMPUS,MACHIDA ZELVIA,10,1P,Y. Kimura,T. Morishima,,NAGOYA GRAMPUS,Normal Goal,1546392.0
30/05/2026,J1 League,2026/2027,NAGOYA GRAMPUS,MACHIDA ZELVIA,78,2P,Erik,K. Hayashi,,MACHIDA ZELVIA,Normal Goal,1546392.0
30/05/2026,J1 League,2026/2027,NAGOYA GRAMPUS,MACHIDA ZELVIA,90,2P,T. Takamine,H. Fujii,,NAGOYA GRAMPUS,Normal Goal,1546392.0
30/05/2026,J1 League,2026/2027,VISSEL KOBE,KASHIMA,28,1P,Y. Osako,,,VISSEL KOBE,Normal Goal,1546315.0
30/05/2026,J1 League,2026/2027,VISSEL KOBE,KASHIMA,50,2P,Y. Osako,Y. Muto,,VISSEL KOBE,Normal Goal,1546315.0
30/05/2026,J1 League,2026/2027,VISSEL KOBE,KASHIMA,69,2P,Diego,Y. Ideguchi,,VISSEL KOBE,Normal Goal,1546315.0
30/05/2026,J1 League,2026/2027,VISSEL KOBE,KASHIMA,89,2P,R. Komatsu,,,VISSEL KOBE,Penalty,1546315.0
30/05/2026,J1 League,2026/2027,VISSEL KOBE,KASHIMA,90,2P,Y. Osako,Jean Patric,,VISSEL KOBE,Normal Goal,1546315.0
30/05/2026,J1 League,2026/2027,CEREZO OSAKA,FC TOKYO,35,1P,A. Ohata,,,FC TOKYO,Own Goal,1546394.0
30/05/2026,J1 League,2026/2027,CEREZO OSAKA,FC TOKYO,45,1P,M. Shibayama,,,CEREZO OSAKA,Normal Goal,1546394.0
30/05/2026,J1 League,2026/2027,GAMBA OSAKA,TOKYO VERDY,42,1P,S. Sasaki,,,GAMBA OSAKA,Normal Goal,1546395.0
30/05/2026,J1 League,2026/2027,GAMBA OSAKA,TOKYO VERDY,47,2P,Y. Fukuda,R. Hirakawa,,TOKYO VERDY,Normal Goal,1546395.0
30/05/2026,J1 League,2026/2027,AVISPA FUKUOKA,JEF UNITED CHIBA,15,1P,D. Ishikawa,,,JEF UNITED CHIBA,Normal Goal,1546314.0
30/05/2026,J1 League,2026/2027,AVISPA FUKUOKA,JEF UNITED CHIBA,54,2P,S. Usui,,,AVISPA FUKUOKA,Normal Goal,1546314.0
30/05/2026,J1 League,2026/2027,AVISPA FUKUOKA,JEF UNITED CHIBA,66,2P,Y. Hashimoto,,,AVISPA FUKUOKA,Normal Goal,1546314.0
30/05/2026,J1 League,2026/2027,AVISPA FUKUOKA,JEF UNITED CHIBA,87,2P,H. Goya,D. Ishikawa,,JEF UNITED CHIBA,Normal Goal,1546314.0
30/05/2026,J1 League,2026/2027,V-VAREN NAGASAKI,MITO HOLLYHOCK,1,1P,Matheus Jesus,T. Kasayanagi,,V-VAREN NAGASAKI,Normal Goal,1546396.0
30/05/2026,J1 League,2026/2027,KYOTO SANGA,KASHIWA REYSOL,1,1P,Y. Koizumi,Y. Kakita,,KASHIWA REYSOL,Normal Goal,1546397.0
30/05/2026,J1 League,2026/2027,KYOTO SANGA,KASHIWA REYSOL,2,1P,H. Arai,Rafael Elias,,KYOTO SANGA,Normal Goal,1546397.0
30/05/2026,J1 League,2026/2027,KYOTO SANGA,KASHIWA REYSOL,39,1P,Y. Kakita,Y. Koizumi,,KASHIWA REYSOL,Normal Goal,1546397.0
30/05/2026,J1 League,2026/2027,KYOTO SANGA,KASHIWA REYSOL,45,1P,D. Sugioka,Y. Koizumi,,KASHIWA REYSOL,Normal Goal,1546397.0
30/05/2026,J1 League,2026/2027,KYOTO SANGA,KASHIWA REYSOL,67,2P,Rafael Elias,F. Honda,,KYOTO SANGA,Normal Goal,1546397.0
30/05/2026,J1 League,2026/2027,KYOTO SANGA,KASHIWA REYSOL,87,2P,Y. Komi,,,KASHIWA REYSOL,Normal Goal,1546397.0
30/05/2026,J1 League,2026/2027,KYOTO SANGA,KASHIWA REYSOL,90,2P,T. Kubo,M. Hosoya,,KASHIWA REYSOL,Normal Goal,1546397.0
30/05/2026,J1 League,2026/2027,KYOTO SANGA,KASHIWA REYSOL,90,2P,Y. Komi,S. Baba,,KASHIWA REYSOL,Normal Goal,1546397.0
31/05/2026,J1 League,2026/2027,SHIMIZU S-PULSE,YOKOHAMA F. MARINOS,56,2P,K. Kozuka,M. Yumiba,,SHIMIZU S-PULSE,Normal Goal,1546399.0
31/05/2026,J1 League,2026/2027,SHIMIZU S-PULSE,YOKOHAMA F. MARINOS,72,2P,K. Tanimura,,,YOKOHAMA F. MARINOS,Normal Goal,1546399.0
31/05/2026,J1 League,2026/2027,FAGIANO OKAYAMA,URAWA,48,2P,Lucao,H. Motoyama,,FAGIANO OKAYAMA,Normal Goal,1546398.0
31/05/2026,J1 League,2026/2027,FAGIANO OKAYAMA,URAWA,70,2P,Danilo Boza,S. Nakajima,,URAWA,Normal Goal,1546398.0
06/06/2026,J1 League,2026/2027,FC TOKYO,CEREZO OSAKA,10,1P,S. Homma,M. Shibayama,,CEREZO OSAKA,Normal Goal,1546400.0
06/06/2026,J1 League,2026/2027,FC TOKYO,CEREZO OSAKA,35,1P,S. Sakuragawa,,,CEREZO OSAKA,Penalty,1546400.0
06/06/2026,J1 League,2026/2027,FC TOKYO,CEREZO OSAKA,43,1P,S. Sakuragawa,M. Shibayama,,CEREZO OSAKA,Normal Goal,1546400.0
06/06/2026,J1 League,2026/2027,FC TOKYO,CEREZO OSAKA,62,2P,R. Sato,L. Nozawa,,FC TOKYO,Normal Goal,1546400.0
06/06/2026,J1 League,2026/2027,JEF UNITED CHIBA,AVISPA FUKUOKA,32,1P,H. Goya,,,JEF UNITED CHIBA,Penalty,1546316.0
06/06/2026,J1 League,2026/2027,JEF UNITED CHIBA,AVISPA FUKUOKA,57,2P,Y. Hashimoto,T. Miki,,AVISPA FUKUOKA,Normal Goal,1546316.0
06/06/2026,J1 League,2026/2027,JEF UNITED CHIBA,AVISPA FUKUOKA,68,2P,Y. Maejima,,,AVISPA FUKUOKA,Normal Goal,1546316.0
06/06/2026,J1 League,2026/2027,MITO HOLLYHOCK,V-VAREN NAGASAKI,15,1P,H. Nabeshima,,,V-VAREN NAGASAKI,Normal Goal,1546402.0
06/06/2026,J1 League,2026/2027,URAWA,FAGIANO OKAYAMA,18,1P,H. Omori,Kamiya Yuta,,FAGIANO OKAYAMA,Normal Goal,1546403.0
06/06/2026,J1 League,2026/2027,URAWA,FAGIANO OKAYAMA,90,2P,K. Kawano,T. Yamane,,FAGIANO OKAYAMA,Normal Goal,1546403.0
06/06/2026,J1 League,2026/2027,TOKYO VERDY,GAMBA OSAKA,45,1P,T. Kishimoto,,,TOKYO VERDY,Own Goal,1546404.0
06/06/2026,J1 League,2026/2027,TOKYO VERDY,GAMBA OSAKA,82,2P,G. Ikegaya,,,TOKYO VERDY,Own Goal,1546404.0
06/06/2026,J1 League,2026/2027,YOKOHAMA F. MARINOS,SHIMIZU S-PULSE,28,1P,J. Amano,,,YOKOHAMA F. MARINOS,Normal Goal,1546405.0
06/06/2026,J1 League,2026/2027,YOKOHAMA F. MARINOS,SHIMIZU S-PULSE,66,2P,J. Amano,,,YOKOHAMA F. MARINOS,Normal Goal,1546405.0
06/06/2026,J1 League,2026/2027,YOKOHAMA F. MARINOS,SHIMIZU S-PULSE,89,2P,T. Inoue,,,YOKOHAMA F. MARINOS,Normal Goal,1546405.0
07/08/2026,Eredivisie,2026/2027,CAMBUUR,EXCELSIOR,17,1P,I. Yegoian,G. de Regt,,EXCELSIOR,Normal Goal,1552117.0
07/08/2026,Eredivisie,2026/2027,CAMBUUR,EXCELSIOR,31,1P,N. Naujoks,I. Yegoian,,EXCELSIOR,Normal Goal,1552117.0
07/08/2026,Eredivisie,2026/2027,CAMBUUR,EXCELSIOR,42,1P,D. Garden,S. Janssen,,EXCELSIOR,Normal Goal,1552117.0
07/08/2026,Eredivisie,2026/2027,CAMBUUR,EXCELSIOR,69,2P,N. Naujoks,S. Janssen,,EXCELSIOR,Normal Goal,1552117.0
08/08/2026,Eredivisie,2026/2027,NEC NIJMEGEN,TELSTAR,1,1P,P. Brouwer,A. Soualhia,,TELSTAR,Normal Goal,1552118.0
08/08/2026,Eredivisie,2026/2027,NEC NIJMEGEN,TELSTAR,24,1P,R. Mendes,P. Brouwer,,TELSTAR,Normal Goal,1552118.0
08/08/2026,Eredivisie,2026/2027,NEC NIJMEGEN,TELSTAR,83,2P,K. Sierhuis,D. Tadic,,NEC NIJMEGEN,Normal Goal,1552118.0
08/08/2026,Eredivisie,2026/2027,GO AHEAD EAGLES,WILLEM II,13,1P,D. Haen,N. Tjoe a On,,WILLEM II,Normal Goal,1552119.0
08/08/2026,Eredivisie,2026/2027,GO AHEAD EAGLES,WILLEM II,30,1P,S. Tengstedt,M. Meulensteen,,GO AHEAD EAGLES,Normal Goal,1552119.0
08/08/2026,Eredivisie,2026/2027,GO AHEAD EAGLES,WILLEM II,61,2P,M. Meulensteen,M. Suray,,GO AHEAD EAGLES,Normal Goal,1552119.0
08/08/2026,Eredivisie,2026/2027,GO AHEAD EAGLES,WILLEM II,63,2P,E. Flataker,V. Edvardsen,,GO AHEAD EAGLES,Normal Goal,1552119.0
08/08/2026,Eredivisie,2026/2027,GO AHEAD EAGLES,WILLEM II,69,2P,J. Dirksen,M. Suray,,GO AHEAD EAGLES,Normal Goal,1552119.0
08/08/2026,Eredivisie,2026/2027,AZ ALKMAAR,ADO DEN HAAG,61,2P,R. Daal,,,AZ ALKMAAR,Normal Goal,1552121.0
08/08/2026,Eredivisie,2026/2027,AZ ALKMAAR,ADO DEN HAAG,68,2P,C. Stengs,K. Smit,,AZ ALKMAAR,Normal Goal,1552121.0
09/08/2026,Eredivisie,2026/2027,SPARTA ROTTERDAM,FEYENOORD,35,1P,L. Valente,G. Zechiel,,FEYENOORD,Normal Goal,1552122.0
09/08/2026,Eredivisie,2026/2027,GRONINGEN,UTRECHT,8,1P,B. Willumsson,,,GRONINGEN,Normal Goal,1552123.0
09/08/2026,Eredivisie,2026/2027,GRONINGEN,UTRECHT,48,2P,T. van Bergen,,,GRONINGEN,Normal Goal,1552123.0
09/08/2026,Eredivisie,2026/2027,GRONINGEN,UTRECHT,80,2P,A. Blake,D. van den Berg,,UTRECHT,Normal Goal,1552123.0
09/08/2026,Eredivisie,2026/2027,HEERENVEEN,TWENTE,52,2P,L. Oyen,J. Trenskow,,HEERENVEEN,Normal Goal,1552125.0
07/08/2026,Liga Portugal,2026/2027,ESTORIL,FAMALICAO,32,1P,G. Koutsias,Gil Dias,,FAMALICAO,Normal Goal,1575447.0
07/08/2026,Liga Portugal,2026/2027,ESTORIL,FAMALICAO,72,2P,Y. Begraoui,P. Carvalho,,ESTORIL,Normal Goal,1575447.0
08/08/2026,Liga Portugal,2026/2027,VITORIA SC,AROUCA,53,2P,I. Barbero,N. Djouahra,,AROUCA,Normal Goal,1575454.0
08/08/2026,Liga Portugal,2026/2027,ESTRELA,SPORTING CP,46,2P,R. Zalazar,G. Catamo,,SPORTING CP,Normal Goal,1575448.0
08/08/2026,Liga Portugal,2026/2027,ESTRELA,SPORTING CP,59,2P,F. Ioannidis,R. Zalazar,,SPORTING CP,Normal Goal,1575448.0
08/08/2026,Liga Portugal,2026/2027,ESTRELA,SPORTING CP,72,2P,L. Antonetti,I. Stoica,,ESTRELA,Normal Goal,1575448.0
08/08/2026,Liga Portugal,2026/2027,ESTRELA,SPORTING CP,84,2P,R. Silva,,,ESTRELA,Own Goal,1575448.0
09/08/2026,Liga Portugal,2026/2027,FC PORTO,ALVERCA,9,1P,Andre Silva,,,FC PORTO,Penalty,1575449.0
09/08/2026,Liga Portugal,2026/2027,FC PORTO,ALVERCA,44,1P,G. Veiga,,,FC PORTO,Penalty,1575449.0
09/08/2026,Liga Portugal,2026/2027,BENFICA,ACADEMICO VISEU,10,1P,V. Pavlidis,G. Prestianni,,BENFICA,Normal Goal,1575446.0
09/08/2026,Liga Portugal,2026/2027,BENFICA,ACADEMICO VISEU,55,2P,R. Pereira,C. Kahraman,,ACADEMICO VISEU,Normal Goal,1575446.0
09/08/2026,Liga Portugal,2026/2027,BENFICA,ACADEMICO VISEU,58,2P,G. Prestianni,E. Barrenechea,,BENFICA,Normal Goal,1575446.0
09/08/2026,Liga Portugal,2026/2027,BENFICA,ACADEMICO VISEU,67,2P,Andre Clovis,Robinho,,ACADEMICO VISEU,Normal Goal,1575446.0
09/08/2026,Liga Portugal,2026/2027,MOREIRENSE,SC BRAGA,7,1P,F. Navarro,Vitor Carvalho,,SC BRAGA,Normal Goal,1575452.0
09/08/2026,Liga Portugal,2026/2027,MOREIRENSE,SC BRAGA,8,1P,N. John,A. Duville-Parsemain,,MOREIRENSE,Normal Goal,1575452.0
09/08/2026,Liga Portugal,2026/2027,MOREIRENSE,SC BRAGA,66,2P,P. Victor,D. E. Tiknaz,,SC BRAGA,Normal Goal,1575452.0
09/08/2026,Liga Portugal,2026/2027,MOREIRENSE,SC BRAGA,90,2P,J. Veloso,,,MOREIRENSE,Normal Goal,1575452.0
09/08/2026,Liga Portugal,2026/2027,GIL VICENTE,RIO AVE,87,2P,H. Hernandez,,,GIL VICENTE,Penalty,1575450.0
10/08/2026,Liga Portugal,2026/2027,SANTA CLARA,NACIONAL,19,1P,G. Paciencia,,,SANTA CLARA,Normal Goal,1575453.0
10/08/2026,Liga Portugal,2026/2027,SANTA CLARA,NACIONAL,21,1P,G. Paciencia,Diogo Calila,,SANTA CLARA,Normal Goal,1575453.0
10/08/2026,Liga Portugal,2026/2027,SANTA CLARA,NACIONAL,36,1P,Liziero,,,NACIONAL,Penalty,1575453.0
10/08/2026,Liga Portugal,2026/2027,SANTA CLARA,NACIONAL,45,1P,M. Baeza,,,NACIONAL,Normal Goal,1575453.0
07/08/2026,1. Lig,2026/2027,BOLUSPOR,MANISA F.K.,7,1P,F. E. Kacmaz,B. Ozyurek,,BOLUSPOR,Normal Goal,1585692.0
07/08/2026,1. Lig,2026/2027,BOLUSPOR,MANISA F.K.,35,1P,J. Anziani,,,MANISA F.K.,Penalty,1585692.0
07/08/2026,1. Lig,2026/2027,BOLUSPOR,MANISA F.K.,45,1P,J. Lindseth,C. Sylla,,MANISA F.K.,Normal Goal,1585692.0
09/08/2026,1. Lig,2026/2027,VANSPOR FK,KAYSERISPOR,9,1P,T. Seferi,G. Saglam,,KAYSERISPOR,Normal Goal,1585698.0
09/08/2026,1. Lig,2026/2027,VANSPOR FK,KAYSERISPOR,56,2P,T. Seferi,G. Saglam,,KAYSERISPOR,Normal Goal,1585698.0
10/08/2026,1. Lig,2026/2027,PENDIKSPOR,BATMAN PETROLSPOR,32,1P,Sergio Córdova,,,BATMAN PETROLSPOR,Missed Penalty,1585694.0
10/08/2026,1. Lig,2026/2027,PENDIKSPOR,BATMAN PETROLSPOR,32,1P,S. Cordova,,,BATMAN PETROLSPOR,Normal Goal,1585694.0
10/08/2026,1. Lig,2026/2027,PENDIKSPOR,BATMAN PETROLSPOR,81,2P,O. Imeri,,,BATMAN PETROLSPOR,Normal Goal,1585694.0
15/08/2026,LaLiga EA Sports,2026/2027,ALAVES,GETAFE,90,2P,M. Diaz,,,ALAVES,Normal Goal,1570333.0
15/08/2026,LaLiga EA Sports,2026/2027,SEVILLA,RAYO VALLECANO,4,1P,A. Garcia,,,RAYO VALLECANO,Normal Goal,1570341.0
15/08/2026,LaLiga EA Sports,2026/2027,SEVILLA,RAYO VALLECANO,52,2P,J. Guridi,,,SEVILLA,Penalty,1570341.0
15/08/2026,LaLiga EA Sports,2026/2027,SEVILLA,RAYO VALLECANO,90,2P,Peque,,,SEVILLA,Penalty,1570341.0
16/08/2026,LaLiga EA Sports,2026/2027,RACING SANTANDER,VILLARREAL,21,1P,A. Martin,,,RACING SANTANDER,Penalty,1570339.0
16/08/2026,LaLiga EA Sports,2026/2027,RACING SANTANDER,VILLARREAL,34,1P,S. Martinez,,,RACING SANTANDER,Normal Goal,1570339.0
16/08/2026,LaLiga EA Sports,2026/2027,RACING SANTANDER,VILLARREAL,45,1P,P. Gueye,A. Moleiro,,VILLARREAL,Normal Goal,1570339.0
16/08/2026,LaLiga EA Sports,2026/2027,RACING SANTANDER,VILLARREAL,45,1P,N. Pepe,G. Mikautadze,,VILLARREAL,Normal Goal,1570339.0
16/08/2026,LaLiga EA Sports,2026/2027,ESPANYOL,LEVANTE,5,1P,R. Fernandez Jaen,,,ESPANYOL,Normal Goal,1570338.0
16/08/2026,LaLiga EA Sports,2026/2027,ESPANYOL,LEVANTE,40,1P,R. Fernandez Jaen,J. Hernandez,,ESPANYOL,Normal Goal,1570338.0
16/08/2026,LaLiga EA Sports,2026/2027,ESPANYOL,LEVANTE,80,2P,T. Dolan,R. Bauza,,ESPANYOL,Normal Goal,1570338.0
17/08/2026,LaLiga EA Sports,2026/2027,DEPORTIVO LA CORUNA,ELCHE,21,1P,P. Aubameyang,L. Amatucci,,DEPORTIVO LA CORUNA,Normal Goal,1570337.0
17/08/2026,LaLiga EA Sports,2026/2027,DEPORTIVO LA CORUNA,ELCHE,76,2P,M. Aguado,G. Villar,,ELCHE,Normal Goal,1570337.0
08/08/2026,Jupiler Pro League,2026/2027,STANDARD LIEGE,CERCLE BRUGGE,41,1P,L. Mondele,,,CERCLE BRUGGE,Normal Goal,1558583.0
08/08/2026,Jupiler Pro League,2026/2027,STANDARD LIEGE,CERCLE BRUGGE,45,1P,D. Eckert,,,STANDARD LIEGE,Normal Goal,1558583.0
08/08/2026,Jupiler Pro League,2026/2027,STANDARD LIEGE,CERCLE BRUGGE,48,2P,D. Eckert,,,STANDARD LIEGE,Normal Goal,1558583.0
09/08/2026,Jupiler Pro League,2026/2027,CHARLEROI,OH LEUVEN,39,1P,O. Gil,,,OH LEUVEN,Normal Goal,1558582.0
09/08/2026,Jupiler Pro League,2026/2027,CHARLEROI,OH LEUVEN,79,2P,F. Mbemba,,,CHARLEROI,Normal Goal,1558582.0
09/08/2026,Jupiler Pro League,2026/2027,ANDERLECHT,RAAL LA LOUVIERE,69,2P,K. Nga,,,ANDERLECHT,Normal Goal,1558588.0
09/08/2026,Jupiler Pro League,2026/2027,ANTWERP,SK BEVEREN,29,1P,C. Lokesa,,,SK BEVEREN,Normal Goal,1558589.0
09/08/2026,Jupiler Pro League,2026/2027,ANTWERP,SK BEVEREN,62,2P,M. Frey,,,ANTWERP,Normal Goal,1558589.0
09/08/2026,Jupiler Pro League,2026/2027,ANTWERP,SK BEVEREN,86,2P,M. Frey,,,ANTWERP,Normal Goal,1558589.0
14/08/2026,Jupiler Pro League,2026/2027,CERCLE BRUGGE,ST. TRUIDEN,1,1P,R. Merlen,I. Sebaoui,,ST. TRUIDEN,Normal Goal,1558590.0
14/08/2026,Jupiler Pro League,2026/2027,CERCLE BRUGGE,ST. TRUIDEN,28,1P,S. Ngoura,,,CERCLE BRUGGE,Normal Goal,1558590.0
14/08/2026,Jupiler Pro League,2026/2027,CERCLE BRUGGE,ST. TRUIDEN,37,1P,R. Merlen,R. Vanwesemael,,ST. TRUIDEN,Normal Goal,1558590.0
14/08/2026,Jupiler Pro League,2026/2027,CERCLE BRUGGE,ST. TRUIDEN,47,2P,N. Ishiwatari,I. Sebaoui,,ST. TRUIDEN,Normal Goal,1558590.0
14/08/2026,Jupiler Pro League,2026/2027,CERCLE BRUGGE,ST. TRUIDEN,82,2P,Erick Nunes,,,CERCLE BRUGGE,Normal Goal,1558590.0
14/08/2026,Jupiler Pro League,2026/2027,CERCLE BRUGGE,ST. TRUIDEN,90,2P,L. Mbe Soh,,,CERCLE BRUGGE,Own Goal,1558590.0
15/08/2026,Jupiler Pro League,2026/2027,KORTRIJK,ANTWERP,31,1P,A. Valencia,,,ANTWERP,Normal Goal,1558592.0
15/08/2026,Jupiler Pro League,2026/2027,KORTRIJK,ANTWERP,65,2P,A. Valencia,E. Tuypens,,ANTWERP,Normal Goal,1558592.0
15/08/2026,Jupiler Pro League,2026/2027,KORTRIJK,ANTWERP,80,2P,R. Van Helden,X. Dierckx,,ANTWERP,Normal Goal,1558592.0
15/08/2026,Jupiler Pro League,2026/2027,GENK,KVC WESTERLO,6,1P,D. Ourega,C. Congreve,,KVC WESTERLO,Normal Goal,1558593.0
15/08/2026,Jupiler Pro League,2026/2027,GENK,KVC WESTERLO,13,1P,M. Smets,,,KVC WESTERLO,Own Goal,1558593.0
15/08/2026,Jupiler Pro League,2026/2027,GENK,KVC WESTERLO,41,1P,R. Durosinmi,,,GENK,Penalty,1558593.0
15/08/2026,Jupiler Pro League,2026/2027,GENK,KVC WESTERLO,43,1P,B. Heynen,A. Yokoyama,,GENK,Normal Goal,1558593.0
15/08/2026,Jupiler Pro League,2026/2027,GENK,KVC WESTERLO,79,2P,A. Bibout,,,GENK,Normal Goal,1558593.0
16/08/2026,Jupiler Pro League,2026/2027,SK BEVEREN,ANDERLECHT,14,1P,Y. Gomis,F. Slegers,,SK BEVEREN,Normal Goal,1558595.0
16/08/2026,Jupiler Pro League,2026/2027,RAAL LA LOUVIERE,GENT,10,1P,M. Isah,M. Wade,,RAAL LA LOUVIERE,Normal Goal,1558596.0
16/08/2026,Jupiler Pro League,2026/2027,RAAL LA LOUVIERE,GENT,20,1P,M. Sonko,,,GENT,Normal Goal,1558596.0
16/08/2026,Jupiler Pro League,2026/2027,RAAL LA LOUVIERE,GENT,46,2P,I. Cisse,S. Van Der Heyden,,GENT,Normal Goal,1558596.0
16/08/2026,Jupiler Pro League,2026/2027,KV MECHELEN,STANDARD LIEGE,9,1P,B. Nguene,M. Fossey,,STANDARD LIEGE,Normal Goal,1558597.0
16/08/2026,Jupiler Pro League,2026/2027,KV MECHELEN,STANDARD LIEGE,24,1P,A. Abid,C. Nielsen,,STANDARD LIEGE,Normal Goal,1558597.0
16/08/2026,Jupiler Pro League,2026/2027,KV MECHELEN,STANDARD LIEGE,45,1P,T. Koudou,M. Lohunanu-Mbasi,,KV MECHELEN,Normal Goal,1558597.0
16/08/2026,Jupiler Pro League,2026/2027,KV MECHELEN,STANDARD LIEGE,65,2P,A. Abid,C. Nielsen,,STANDARD LIEGE,Normal Goal,1558597.0
16/08/2026,Jupiler Pro League,2026/2027,KV MECHELEN,STANDARD LIEGE,89,2P,M. van Brederode,,,KV MECHELEN,Penalty,1558597.0
16/08/2026,Jupiler Pro League,2026/2027,KV MECHELEN,STANDARD LIEGE,90,2P,M. van Brederode,,,KV MECHELEN,Penalty,1558597.0
16/08/2026,Jupiler Pro League,2026/2027,LOMMEL UNITED,CHARLEROI,63,2P,A. Boukamir,,,CHARLEROI,Normal Goal,1558598.0
21/08/2026,Jupiler Pro League,2026/2027,STANDARD LIEGE,RAAL LA LOUVIERE,68,2P,S. Drammeh,,,STANDARD LIEGE,Normal Goal,1558599.0
21/08/2026,Jupiler Pro League,2026/2027,STANDARD LIEGE,RAAL LA LOUVIERE,73,2P,S. Drammeh,,,STANDARD LIEGE,Normal Goal,1558599.0
22/08/2026,Jupiler Pro League,2026/2027,ZULTE WAREGEM,SK BEVEREN,21,1P,T. Claes,,,ZULTE WAREGEM,Normal Goal,1558600.0
22/08/2026,Jupiler Pro League,2026/2027,ZULTE WAREGEM,SK BEVEREN,35,1P,Z. Atrok,,,ZULTE WAREGEM,Normal Goal,1558600.0
22/08/2026,Jupiler Pro League,2026/2027,ZULTE WAREGEM,SK BEVEREN,55,2P,Z. Atrok,,,ZULTE WAREGEM,Normal Goal,1558600.0
22/08/2026,Jupiler Pro League,2026/2027,ZULTE WAREGEM,SK BEVEREN,60,2P,A. Ementa,,,ZULTE WAREGEM,Normal Goal,1558600.0
22/08/2026,Jupiler Pro League,2026/2027,ANTWERP,GENK,16,1P,A. Valencia,C. Scott,,ANTWERP,Normal Goal,1558602.0
22/08/2026,Jupiler Pro League,2026/2027,ANTWERP,GENK,31,1P,J. Kongolo,I. Bangoura,,GENK,Normal Goal,1558602.0
22/08/2026,Jupiler Pro League,2026/2027,ANTWERP,GENK,48,2P,R. Durosinmi,J. Erenbjerg,,GENK,Normal Goal,1558602.0
22/08/2026,Jupiler Pro League,2026/2027,ANTWERP,GENK,57,2P,A. Yokoyama,J. Erenbjerg,,GENK,Normal Goal,1558602.0
22/08/2026,Jupiler Pro League,2026/2027,ANTWERP,GENK,70,2P,A. Bibout,J. Afriyie,,GENK,Normal Goal,1558602.0
22/08/2026,Jupiler Pro League,2026/2027,ANTWERP,GENK,80,2P,E. Tuypens,T. Somers,,ANTWERP,Normal Goal,1558602.0
22/08/2026,Jupiler Pro League,2026/2027,ANTWERP,GENK,86,2P,M. Frey,,,ANTWERP,Penalty,1558602.0
22/08/2026,Jupiler Pro League,2026/2027,ANTWERP,GENK,88,2P,M. Frey,C. Mejia,,ANTWERP,Normal Goal,1558602.0
06/03/2026,Chinese Super League,2026/2027,CHENGDU BETTER CITY,SICHUAN JIUNIU,5,1P,A. Ademi,Ghojaehmet Shahzat,,SICHUAN JIUNIU,Normal Goal,1523059.0
06/03/2026,Chinese Super League,2026/2027,CHENGDU BETTER CITY,SICHUAN JIUNIU,20,1P,Wellington Silva,Felipe Silva,,CHENGDU BETTER CITY,Normal Goal,1523059.0
06/03/2026,Chinese Super League,2026/2027,CHENGDU BETTER CITY,SICHUAN JIUNIU,31,1P,Felipe Silva,,,CHENGDU BETTER CITY,Normal Goal,1523059.0
06/03/2026,Chinese Super League,2026/2027,CHENGDU BETTER CITY,SICHUAN JIUNIU,45,1P,H. Hu,Wang Dongsheng,,CHENGDU BETTER CITY,Normal Goal,1523059.0
06/03/2026,Chinese Super League,2026/2027,CHENGDU BETTER CITY,SICHUAN JIUNIU,63,2P,Wellington Silva,Wang Dongsheng,,CHENGDU BETTER CITY,Normal Goal,1523059.0
06/03/2026,Chinese Super League,2026/2027,CHENGDU BETTER CITY,SICHUAN JIUNIU,79,2P,Liao Rongxiang,Romulo,,CHENGDU BETTER CITY,Normal Goal,1523059.0
07/03/2026,Chinese Super League,2026/2027,SHANDONG LUNENG,SHENYANG URBAN,8,1P,Xie Wenneng,V. Qazaishvili,,SHANDONG LUNENG,Normal Goal,1523060.0
07/03/2026,Chinese Super League,2026/2027,SHANDONG LUNENG,SHENYANG URBAN,18,1P,Cryzan,,,SHANDONG LUNENG,Penalty,1523060.0
07/03/2026,Chinese Super League,2026/2027,SHANDONG LUNENG,SHENYANG URBAN,73,2P,Zeca,Y. Li,,SHANDONG LUNENG,Normal Goal,1523060.0
07/03/2026,Chinese Super League,2026/2027,SHANGHAI SHENHUA,DALIAN ZHIXING,5,1P,C. Malele,F. Acheampong,,DALIAN ZHIXING,Normal Goal,1523062.0
07/03/2026,Chinese Super League,2026/2027,SHANGHAI SHENHUA,DALIAN ZHIXING,8,1P,J. Teixeira,,,SHANGHAI SHENHUA,Normal Goal,1523062.0
07/03/2026,Chinese Super League,2026/2027,SHANGHAI SHENHUA,DALIAN ZHIXING,45,1P,M. Gueye,Gao Tianyi,,SHANGHAI SHENHUA,Normal Goal,1523062.0
07/03/2026,Chinese Super League,2026/2027,SHANGHAI SHENHUA,DALIAN ZHIXING,45,1P,Rafael Ratao,Wu Xi,,SHANGHAI SHENHUA,Normal Goal,1523062.0
07/03/2026,Chinese Super League,2026/2027,SHANGHAI SHENHUA,DALIAN ZHIXING,63,2P,M. Gueye,,,SHANGHAI SHENHUA,Normal Goal,1523062.0
07/03/2026,Chinese Super League,2026/2027,SHANGHAI SHENHUA,DALIAN ZHIXING,82,2P,F. Acheampong,C. Malele,,DALIAN ZHIXING,Normal Goal,1523062.0
07/03/2026,Chinese Super League,2026/2027,SHANGHAI SHENHUA,DALIAN ZHIXING,88,2P,Rafael Ratao,M. Gueye,,SHANGHAI SHENHUA,Normal Goal,1523062.0
07/03/2026,Chinese Super League,2026/2027,SHANGHAI SHENHUA,DALIAN ZHIXING,90,2P,Feng Jing,Liao Jintao,,DALIAN ZHIXING,Normal Goal,1523062.0
07/03/2026,Chinese Super League,2026/2027,SHANGHAI SIPG,HENAN JIANYE,1,1P,Zhong Yihao,,,HENAN JIANYE,Normal Goal,1523063.0
07/03/2026,Chinese Super League,2026/2027,SHANGHAI SIPG,HENAN JIANYE,16,1P,Iago Maidana,Wang Shangyuan,,HENAN JIANYE,Normal Goal,1523063.0
07/03/2026,Chinese Super League,2026/2027,SHANGHAI SIPG,HENAN JIANYE,45,1P,Gabrielzinho,A. Yang,,SHANGHAI SIPG,Normal Goal,1523063.0
07/03/2026,Chinese Super League,2026/2027,YUNNAN YUKUN,QINGDAO JONOON,12,1P,Cleber,Yang Zihao,,YUNNAN YUKUN,Normal Goal,1523064.0
07/03/2026,Chinese Super League,2026/2027,YUNNAN YUKUN,QINGDAO JONOON,16,1P,Yi Teng,A. Ionita II,,YUNNAN YUKUN,Normal Goal,1523064.0
07/03/2026,Chinese Super League,2026/2027,YUNNAN YUKUN,QINGDAO JONOON,45,1P,J. Saeter,Yi Teng,,YUNNAN YUKUN,Normal Goal,1523064.0
07/03/2026,Chinese Super League,2026/2027,YUNNAN YUKUN,QINGDAO JONOON,58,2P,Y. Yeboah,A. El Messaoudi,,QINGDAO JONOON,Normal Goal,1523064.0
08/03/2026,Chinese Super League,2026/2027,HANGZHOU GREENTOWN,QINGDAO YOUTH ISLAND,18,1P,S. Guarirapa,A. Mitrita,,HANGZHOU GREENTOWN,Normal Goal,1523065.0
08/03/2026,Chinese Super League,2026/2027,HANGZHOU GREENTOWN,QINGDAO YOUTH ISLAND,40,1P,A. Mitrita,Y. Wang,,HANGZHOU GREENTOWN,Normal Goal,1523065.0
08/03/2026,Chinese Super League,2026/2027,HANGZHOU GREENTOWN,QINGDAO YOUTH ISLAND,53,2P,Aziz,,,QINGDAO YOUTH ISLAND,Missed Penalty,1523065.0
08/03/2026,Chinese Super League,2026/2027,WUHAN THREE TOWNS,BEIJING GUOAN,45,1P,F. Abreu,,,BEIJING GUOAN,Normal Goal,1523066.0
08/03/2026,Chinese Super League,2026/2027,WUHAN THREE TOWNS,BEIJING GUOAN,52,2P,Zhang Yuning,,,BEIJING GUOAN,Normal Goal,1523066.0
13/03/2026,Chinese Super League,2026/2027,WUHAN THREE TOWNS,DALIAN ZHIXING,24,1P,J. Cadiz,,,WUHAN THREE TOWNS,Normal Goal,1523067.0
13/03/2026,Chinese Super League,2026/2027,WUHAN THREE TOWNS,DALIAN ZHIXING,31,1P,Gustavo Sauer,,,WUHAN THREE TOWNS,Normal Goal,1523067.0
13/03/2026,Chinese Super League,2026/2027,WUHAN THREE TOWNS,DALIAN ZHIXING,45,1P,N. Stanciu,,,DALIAN ZHIXING,Penalty,1523067.0
13/03/2026,Chinese Super League,2026/2027,WUHAN THREE TOWNS,DALIAN ZHIXING,47,2P,K. Bevis,,,WUHAN THREE TOWNS,Normal Goal,1523067.0
13/03/2026,Chinese Super League,2026/2027,WUHAN THREE TOWNS,DALIAN ZHIXING,73,2P,Wang Jinxian,,,WUHAN THREE TOWNS,Normal Goal,1523067.0
14/03/2026,Chinese Super League,2026/2027,SHANDONG LUNENG,BEIJING GUOAN,49,2P,Xie Wenneng,,,SHANDONG LUNENG,Normal Goal,1523068.0
14/03/2026,Chinese Super League,2026/2027,SHANDONG LUNENG,BEIJING GUOAN,86,2P,Zhang Yuning,,,BEIJING GUOAN,Normal Goal,1523068.0
14/03/2026,Chinese Super League,2026/2027,SHANDONG LUNENG,BEIJING GUOAN,88,2P,Cryzan,,,SHANDONG LUNENG,Normal Goal,1523068.0
14/03/2026,Chinese Super League,2026/2027,HANGZHOU GREENTOWN,SHANGHAI SHENHUA,10,1P,J. Teixeira,,,SHANGHAI SHENHUA,Normal Goal,1523069.0
14/03/2026,Chinese Super League,2026/2027,HANGZHOU GREENTOWN,SHANGHAI SHENHUA,66,2P,Y. Wang,Liu Haofan,,HANGZHOU GREENTOWN,Normal Goal,1523069.0
14/03/2026,Chinese Super League,2026/2027,CHONGQING TONGLIANG LONG,SHENYANG URBAN,58,2P,G. Cimpanu,,,CHONGQING TONGLIANG LONG,Normal Goal,1523070.0
14/03/2026,Chinese Super League,2026/2027,SICHUAN JIUNIU,TIANJIN TEDA,84,2P,Wesley Moraes,,,SICHUAN JIUNIU,Normal Goal,1523071.0
15/03/2026,Chinese Super League,2026/2027,HENAN JIANYE,YUNNAN YUKUN,30,1P,J. Mboula,Gustavo,,HENAN JIANYE,Normal Goal,1523072.0
15/03/2026,Chinese Super League,2026/2027,HENAN JIANYE,YUNNAN YUKUN,50,2P,O. Taty Maritu,A. Ionita II,,YUNNAN YUKUN,Normal Goal,1523072.0
15/03/2026,Chinese Super League,2026/2027,HENAN JIANYE,YUNNAN YUKUN,69,2P,Cleber,,,HENAN JIANYE,Own Goal,1523072.0
15/03/2026,Chinese Super League,2026/2027,SHANGHAI SIPG,QINGDAO YOUTH ISLAND,47,2P,Jean Claude,Li Shuai,,SHANGHAI SIPG,Normal Goal,1523073.0
15/03/2026,Chinese Super League,2026/2027,SHANGHAI SIPG,QINGDAO YOUTH ISLAND,61,2P,Leonardo,Kuai Jiwen,,SHANGHAI SIPG,Normal Goal,1523073.0
15/03/2026,Chinese Super League,2026/2027,SHANGHAI SIPG,QINGDAO YOUTH ISLAND,70,2P,Wu Lei,,,SHANGHAI SIPG,Normal Goal,1523073.0
15/03/2026,Chinese Super League,2026/2027,SHANGHAI SIPG,QINGDAO YOUTH ISLAND,78,2P,Wu Lei,P. O. Ampem,,SHANGHAI SIPG,Normal Goal,1523073.0
15/03/2026,Chinese Super League,2026/2027,SHANGHAI SIPG,QINGDAO YOUTH ISLAND,80,2P,S. Memisevic,Davidson,,QINGDAO YOUTH ISLAND,Normal Goal,1523073.0
15/03/2026,Chinese Super League,2026/2027,CHENGDU BETTER CITY,QINGDAO JONOON,79,2P,Romulo,,,CHENGDU BETTER CITY,Normal Goal,1523074.0
20/03/2026,Chinese Super League,2026/2027,DALIAN ZHIXING,SHANGHAI SIPG,47,2P,F. Acheampong,,,DALIAN ZHIXING,Normal Goal,1523075.0
20/03/2026,Chinese Super League,2026/2027,QINGDAO JONOON,HANGZHOU GREENTOWN,13,1P,M. Edjouma,Lin Chuangyi,,QINGDAO JONOON,Normal Goal,1523076.0
20/03/2026,Chinese Super League,2026/2027,QINGDAO JONOON,HANGZHOU GREENTOWN,54,2P,Y. Wang,A. Mitrita,,HANGZHOU GREENTOWN,Normal Goal,1523076.0
20/03/2026,Chinese Super League,2026/2027,QINGDAO JONOON,HANGZHOU GREENTOWN,55,2P,S. Guarirapa,M. Tolic,,HANGZHOU GREENTOWN,Normal Goal,1523076.0
20/03/2026,Chinese Super League,2026/2027,QINGDAO JONOON,HANGZHOU GREENTOWN,70,2P,Y. Wang,A. Mitrita,,HANGZHOU GREENTOWN,Normal Goal,1523076.0
20/03/2026,Chinese Super League,2026/2027,QINGDAO JONOON,HANGZHOU GREENTOWN,90,2P,Tao Qianglong,,,HANGZHOU GREENTOWN,Normal Goal,1523076.0
21/03/2026,Chinese Super League,2026/2027,BEIJING GUOAN,SHANGHAI SHENHUA,23,1P,Zhang Yuning,,,BEIJING GUOAN,Normal Goal,1523077.0
21/03/2026,Chinese Super League,2026/2027,BEIJING GUOAN,SHANGHAI SHENHUA,68,2P,Chan Shinichi,,,SHANGHAI SHENHUA,Normal Goal,1523077.0
21/03/2026,Chinese Super League,2026/2027,SHENYANG URBAN,TIANJIN TEDA,23,1P,G. Mbenza,,,SHENYANG URBAN,Normal Goal,1523078.0
21/03/2026,Chinese Super League,2026/2027,SHENYANG URBAN,TIANJIN TEDA,77,2P,A. Kouame,,,SHENYANG URBAN,Normal Goal,1523078.0
21/03/2026,Chinese Super League,2026/2027,SHENYANG URBAN,TIANJIN TEDA,90,2P,T. Kunimoto,,,SHENYANG URBAN,Penalty,1523078.0
21/03/2026,Chinese Super League,2026/2027,HENAN JIANYE,WUHAN THREE TOWNS,54,2P,Gustavo,,,HENAN JIANYE,Normal Goal,1523079.0
21/03/2026,Chinese Super League,2026/2027,HENAN JIANYE,WUHAN THREE TOWNS,66,2P,Gustavo Sauer,,,WUHAN THREE TOWNS,Normal Goal,1523079.0
21/03/2026,Chinese Super League,2026/2027,QINGDAO YOUTH ISLAND,SICHUAN JIUNIU,82,2P,Davidson,,,QINGDAO YOUTH ISLAND,Normal Goal,1523081.0
21/03/2026,Chinese Super League,2026/2027,CHONGQING TONGLIANG LONG,CHENGDU BETTER CITY,29,1P,Wei Shihao,,,CHENGDU BETTER CITY,Penalty,1523080.0
21/03/2026,Chinese Super League,2026/2027,CHONGQING TONGLIANG LONG,CHENGDU BETTER CITY,40,1P,Wellington Silva,,,CHENGDU BETTER CITY,Normal Goal,1523080.0
21/03/2026,Chinese Super League,2026/2027,CHONGQING TONGLIANG LONG,CHENGDU BETTER CITY,74,2P,G. Cimpanu,,,CHONGQING TONGLIANG LONG,Normal Goal,1523080.0
21/03/2026,Chinese Super League,2026/2027,CHONGQING TONGLIANG LONG,CHENGDU BETTER CITY,81,2P,L. Dimata,,,CHONGQING TONGLIANG LONG,Normal Goal,1523080.0
21/03/2026,Chinese Super League,2026/2027,CHONGQING TONGLIANG LONG,CHENGDU BETTER CITY,86,2P,L. Dimata,,,CHONGQING TONGLIANG LONG,Normal Goal,1523080.0
21/03/2026,Chinese Super League,2026/2027,CHONGQING TONGLIANG LONG,CHENGDU BETTER CITY,90,2P,Abduweli Behram,,,CHENGDU BETTER CITY,Normal Goal,1523080.0
21/03/2026,Chinese Super League,2026/2027,YUNNAN YUKUN,SHANDONG LUNENG,2,1P,Caio Vinicius,A. Ionita II,,YUNNAN YUKUN,Normal Goal,1523082.0
21/03/2026,Chinese Super League,2026/2027,YUNNAN YUKUN,SHANDONG LUNENG,28,1P,O. Taty Maritu,Cleber,,YUNNAN YUKUN,Normal Goal,1523082.0
21/03/2026,Chinese Super League,2026/2027,YUNNAN YUKUN,SHANDONG LUNENG,32,1P,O. Taty Maritu,A. Ionita II,,YUNNAN YUKUN,Normal Goal,1523082.0
21/03/2026,Chinese Super League,2026/2027,YUNNAN YUKUN,SHANDONG LUNENG,88,2P,A. Ionita II,O. Taty Maritu,,YUNNAN YUKUN,Normal Goal,1523082.0
03/04/2026,Chinese Super League,2026/2027,CHENGDU BETTER CITY,QINGDAO YOUTH ISLAND,7,1P,Wellington Silva,,,CHENGDU BETTER CITY,Normal Goal,1523083.0
03/04/2026,Chinese Super League,2026/2027,CHENGDU BETTER CITY,QINGDAO YOUTH ISLAND,40,1P,E. Sorokin,,,CHENGDU BETTER CITY,Normal Goal,1523083.0
03/04/2026,Chinese Super League,2026/2027,CHENGDU BETTER CITY,QINGDAO YOUTH ISLAND,82,2P,Felipe Silva,Wellington Silva,,CHENGDU BETTER CITY,Normal Goal,1523083.0
03/04/2026,Chinese Super League,2026/2027,CHENGDU BETTER CITY,QINGDAO YOUTH ISLAND,85,2P,Felipe Silva,,,CHENGDU BETTER CITY,Normal Goal,1523083.0
03/04/2026,Chinese Super League,2026/2027,CHENGDU BETTER CITY,QINGDAO YOUTH ISLAND,90,2P,A. Yakubu,Liu Xiaolong,,QINGDAO YOUTH ISLAND,Normal Goal,1523083.0
03/04/2026,Chinese Super League,2026/2027,CHENGDU BETTER CITY,QINGDAO YOUTH ISLAND,90,2P,Felipe Silva,,,CHENGDU BETTER CITY,Penalty,1523083.0
04/04/2026,Chinese Super League,2026/2027,QINGDAO JONOON,HENAN JIANYE,60,2P,Y. Yeboah,,,QINGDAO JONOON,Normal Goal,1523085.0
04/04/2026,Chinese Super League,2026/2027,SHENYANG URBAN,BEIJING GUOAN,17,1P,G. Mbenza,,,SHENYANG URBAN,Penalty,1523084.0
04/04/2026,Chinese Super League,2026/2027,SHENYANG URBAN,BEIJING GUOAN,45,1P,Jeffinho,,,SHENYANG URBAN,Normal Goal,1523084.0
04/04/2026,Chinese Super League,2026/2027,SHENYANG URBAN,BEIJING GUOAN,57,2P,F. Abreu,,,BEIJING GUOAN,Normal Goal,1523084.0
04/04/2026,Chinese Super League,2026/2027,SHANDONG LUNENG,DALIAN ZHIXING,27,1P,C. Malele,,,DALIAN ZHIXING,Normal Goal,1523086.0
04/04/2026,Chinese Super League,2026/2027,SHANDONG LUNENG,DALIAN ZHIXING,48,2P,C. Malele,,,DALIAN ZHIXING,Normal Goal,1523086.0
04/04/2026,Chinese Super League,2026/2027,SHANDONG LUNENG,DALIAN ZHIXING,73,2P,V. Qazaishvili,,,SHANDONG LUNENG,Normal Goal,1523086.0
04/04/2026,Chinese Super League,2026/2027,SHANGHAI SIPG,YUNNAN YUKUN,35,1P,Leonardo,,,SHANGHAI SIPG,Normal Goal,1523087.0
04/04/2026,Chinese Super League,2026/2027,SHANGHAI SIPG,YUNNAN YUKUN,61,2P,A. Burca,,,YUNNAN YUKUN,Normal Goal,1523087.0
04/04/2026,Chinese Super League,2026/2027,SHANGHAI SIPG,YUNNAN YUKUN,90,2P,Wang Shenchao,,,SHANGHAI SIPG,Normal Goal,1523087.0
05/04/2026,Chinese Super League,2026/2027,HANGZHOU GREENTOWN,CHONGQING TONGLIANG LONG,72,2P,Du Yuezheng,,,CHONGQING TONGLIANG LONG,Normal Goal,1523088.0
05/04/2026,Chinese Super League,2026/2027,SICHUAN JIUNIU,WUHAN THREE TOWNS,14,1P,Wesley Moraes,E. Kartsev,,SICHUAN JIUNIU,Normal Goal,1523089.0
05/04/2026,Chinese Super League,2026/2027,SICHUAN JIUNIU,WUHAN THREE TOWNS,38,1P,F. Benkovic,Dai Wai-Tsun,,SICHUAN JIUNIU,Normal Goal,1523089.0
05/04/2026,Chinese Super League,2026/2027,SICHUAN JIUNIU,WUHAN THREE TOWNS,44,1P,Wesley Moraes,Nan Song,,SICHUAN JIUNIU,Normal Goal,1523089.0
05/04/2026,Chinese Super League,2026/2027,SICHUAN JIUNIU,WUHAN THREE TOWNS,67,2P,F. Benkovic,Jiang Zhipeng,,SICHUAN JIUNIU,Normal Goal,1523089.0
05/04/2026,Chinese Super League,2026/2027,SICHUAN JIUNIU,WUHAN THREE TOWNS,71,2P,K. Bevis,J. Cadiz,,WUHAN THREE TOWNS,Normal Goal,1523089.0
05/04/2026,Chinese Super League,2026/2027,SICHUAN JIUNIU,WUHAN THREE TOWNS,90,2P,J. Cadiz,,,WUHAN THREE TOWNS,Penalty,1523089.0
05/04/2026,Chinese Super League,2026/2027,SICHUAN JIUNIU,WUHAN THREE TOWNS,90,2P,E. Kartsev,,,SICHUAN JIUNIU,Normal Goal,1523089.0
05/04/2026,Chinese Super League,2026/2027,TIANJIN TEDA,SHANGHAI SHENHUA,42,1P,Guilherme Schettine,,,TIANJIN TEDA,Penalty,1523090.0
05/04/2026,Chinese Super League,2026/2027,TIANJIN TEDA,SHANGHAI SHENHUA,45,1P,Zhu Chenjie,Gao Tianyi,,SHANGHAI SHENHUA,Normal Goal,1523090.0
05/04/2026,Chinese Super League,2026/2027,TIANJIN TEDA,SHANGHAI SHENHUA,56,2P,A. Quiles,,,TIANJIN TEDA,Normal Goal,1523090.0
05/04/2026,Chinese Super League,2026/2027,TIANJIN TEDA,SHANGHAI SHENHUA,81,2P,Rafael Ratao,Xie Pengfei,,SHANGHAI SHENHUA,Normal Goal,1523090.0
05/04/2026,Chinese Super League,2026/2027,TIANJIN TEDA,SHANGHAI SHENHUA,90,2P,Rafael Ratao,,,SHANGHAI SHENHUA,Penalty,1523090.0
10/04/2026,Chinese Super League,2026/2027,DALIAN ZHIXING,HANGZHOU GREENTOWN,27,1P,Liao Jintao,,,DALIAN ZHIXING,Normal Goal,1523091.0
10/04/2026,Chinese Super League,2026/2027,DALIAN ZHIXING,HANGZHOU GREENTOWN,62,2P,F. Acheampong,,,DALIAN ZHIXING,Normal Goal,1523091.0
10/04/2026,Chinese Super League,2026/2027,DALIAN ZHIXING,HANGZHOU GREENTOWN,66,2P,W. Mao,,,DALIAN ZHIXING,Normal Goal,1523091.0
11/04/2026,Chinese Super League,2026/2027,QINGDAO YOUTH ISLAND,SHENYANG URBAN,8,1P,Liu Xiaolong,A. Yakubu,,QINGDAO YOUTH ISLAND,Normal Goal,1523093.0
11/04/2026,Chinese Super League,2026/2027,QINGDAO YOUTH ISLAND,SHENYANG URBAN,90,2P,Li Haoran,Tian Yuda,,SHENYANG URBAN,Normal Goal,1523093.0
11/04/2026,Chinese Super League,2026/2027,CHONGQING TONGLIANG LONG,WUHAN THREE TOWNS,15,1P,Chen Chunxin,,,CHONGQING TONGLIANG LONG,Normal Goal,1523092.0
11/04/2026,Chinese Super League,2026/2027,CHONGQING TONGLIANG LONG,WUHAN THREE TOWNS,23,1P,Zhang Zhixiong,G. Cimpanu,,CHONGQING TONGLIANG LONG,Normal Goal,1523092.0
11/04/2026,Chinese Super League,2026/2027,CHONGQING TONGLIANG LONG,WUHAN THREE TOWNS,74,2P,J. Cadiz,Gustavo Sauer,,WUHAN THREE TOWNS,Normal Goal,1523092.0
11/04/2026,Chinese Super League,2026/2027,SHANGHAI SHENHUA,SHANGHAI SIPG,52,2P,Rafael Ratao,,,SHANGHAI SHENHUA,Normal Goal,1523095.0
11/04/2026,Chinese Super League,2026/2027,HENAN JIANYE,SHANDONG LUNENG,42,1P,V. Qazaishvili,,,SHANDONG LUNENG,Normal Goal,1523094.0
12/04/2026,Chinese Super League,2026/2027,TIANJIN TEDA,QINGDAO JONOON,77,2P,Guilherme Schettine,,,TIANJIN TEDA,Normal Goal,1523096.0
12/04/2026,Chinese Super League,2026/2027,TIANJIN TEDA,QINGDAO JONOON,90,2P,Yang Fan,,,QINGDAO JONOON,Own Goal,1523096.0
12/04/2026,Chinese Super League,2026/2027,BEIJING GUOAN,CHENGDU BETTER CITY,63,2P,Zhang Yuning,,,BEIJING GUOAN,Normal Goal,1523097.0
12/04/2026,Chinese Super League,2026/2027,BEIJING GUOAN,CHENGDU BETTER CITY,84,2P,Liao Lisheng,,,CHENGDU BETTER CITY,Normal Goal,1523097.0
12/04/2026,Chinese Super League,2026/2027,BEIJING GUOAN,CHENGDU BETTER CITY,90,2P,Wei Shihao,,,CHENGDU BETTER CITY,Normal Goal,1523097.0
12/04/2026,Chinese Super League,2026/2027,SICHUAN JIUNIU,YUNNAN YUKUN,20,1P,Xu Xin,Ye Chugui,,YUNNAN YUKUN,Normal Goal,1523098.0
12/04/2026,Chinese Super League,2026/2027,SICHUAN JIUNIU,YUNNAN YUKUN,26,1P,Caio Vinicius,A. Ionita II,,YUNNAN YUKUN,Normal Goal,1523098.0
12/04/2026,Chinese Super League,2026/2027,SICHUAN JIUNIU,YUNNAN YUKUN,34,1P,O. Taty Maritu,A. Ionita II,,YUNNAN YUKUN,Normal Goal,1523098.0
12/04/2026,Chinese Super League,2026/2027,SICHUAN JIUNIU,YUNNAN YUKUN,38,1P,E. Kartsev,Wesley Moraes,,SICHUAN JIUNIU,Normal Goal,1523098.0
12/04/2026,Chinese Super League,2026/2027,SICHUAN JIUNIU,YUNNAN YUKUN,45,1P,E. Kartsev,Wesley Moraes,,SICHUAN JIUNIU,Normal Goal,1523098.0
12/04/2026,Chinese Super League,2026/2027,SICHUAN JIUNIU,YUNNAN YUKUN,76,2P,O. Taty Maritu,Cleber,,YUNNAN YUKUN,Normal Goal,1523098.0
12/04/2026,Chinese Super League,2026/2027,SICHUAN JIUNIU,YUNNAN YUKUN,90,2P,Wesley Moraes,,,SICHUAN JIUNIU,Penalty,1523098.0
17/04/2026,Chinese Super League,2026/2027,SHANDONG LUNENG,SHANGHAI SIPG,37,1P,A. Yang,,,SHANGHAI SIPG,Normal Goal,1523101.0
17/04/2026,Chinese Super League,2026/2027,SHANDONG LUNENG,SHANGHAI SIPG,72,2P,Cryzan,,,SHANDONG LUNENG,Normal Goal,1523101.0
17/04/2026,Chinese Super League,2026/2027,CHONGQING TONGLIANG LONG,SICHUAN JIUNIU,47,2P,Chen Chunxin,,,CHONGQING TONGLIANG LONG,Normal Goal,1523100.0
17/04/2026,Chinese Super League,2026/2027,CHONGQING TONGLIANG LONG,SICHUAN JIUNIU,79,2P,Xiang Yuwang,,,CHONGQING TONGLIANG LONG,Normal Goal,1523100.0
17/04/2026,Chinese Super League,2026/2027,WUHAN THREE TOWNS,CHENGDU BETTER CITY,71,2P,Wellington Silva,,,CHENGDU BETTER CITY,Penalty,1523102.0
17/04/2026,Chinese Super League,2026/2027,YUNNAN YUKUN,TIANJIN TEDA,41,1P,A. Quiles,,,TIANJIN TEDA,Normal Goal,1523103.0
17/04/2026,Chinese Super League,2026/2027,YUNNAN YUKUN,TIANJIN TEDA,52,2P,Guilherme Schettine,,,TIANJIN TEDA,Normal Goal,1523103.0
17/04/2026,Chinese Super League,2026/2027,YUNNAN YUKUN,TIANJIN TEDA,81,2P,A. Quiles,,,TIANJIN TEDA,Normal Goal,1523103.0
18/04/2026,Chinese Super League,2026/2027,DALIAN ZHIXING,HENAN JIANYE,38,1P,Wang Shangyuan,,,HENAN JIANYE,Normal Goal,1523105.0
18/04/2026,Chinese Super League,2026/2027,DALIAN ZHIXING,HENAN JIANYE,85,2P,C. Malele,,,DALIAN ZHIXING,Normal Goal,1523105.0
18/04/2026,Chinese Super League,2026/2027,DALIAN ZHIXING,HENAN JIANYE,90,2P,Lu Zhuoyi,,,DALIAN ZHIXING,Normal Goal,1523105.0
18/04/2026,Chinese Super League,2026/2027,SHANGHAI SHENHUA,SHENYANG URBAN,9,1P,Rafael Ratao,,,SHANGHAI SHENHUA,Normal Goal,1523106.0
18/04/2026,Chinese Super League,2026/2027,SHANGHAI SHENHUA,SHENYANG URBAN,17,1P,Jin Shunkai,Wang Haijian,,SHANGHAI SHENHUA,Normal Goal,1523106.0
18/04/2026,Chinese Super League,2026/2027,SHANGHAI SHENHUA,SHENYANG URBAN,38,1P,Rafael Ratao,M. Gueye,,SHANGHAI SHENHUA,Normal Goal,1523106.0
18/04/2026,Chinese Super League,2026/2027,SHANGHAI SHENHUA,SHENYANG URBAN,87,2P,Tian Yuda,Chen Binbin,,SHENYANG URBAN,Normal Goal,1523106.0
21/04/2026,Chinese Super League,2026/2027,SICHUAN JIUNIU,BEIJING GUOAN,89,2P,Zhang Xizhe,,,BEIJING GUOAN,Normal Goal,1523107.0
21/04/2026,Chinese Super League,2026/2027,CHENGDU BETTER CITY,YUNNAN YUKUN,37,1P,Cleber,Yang Zihao,,YUNNAN YUKUN,Normal Goal,1523108.0
21/04/2026,Chinese Super League,2026/2027,CHENGDU BETTER CITY,YUNNAN YUKUN,53,2P,E. Sorokin,Romulo,,CHENGDU BETTER CITY,Normal Goal,1523108.0
21/04/2026,Chinese Super League,2026/2027,CHENGDU BETTER CITY,YUNNAN YUKUN,61,2P,Felipe Silva,Wellington Silva,,CHENGDU BETTER CITY,Normal Goal,1523108.0
21/04/2026,Chinese Super League,2026/2027,WUHAN THREE TOWNS,HANGZHOU GREENTOWN,41,1P,J. Cadiz,,,WUHAN THREE TOWNS,Normal Goal,1523109.0
21/04/2026,Chinese Super League,2026/2027,WUHAN THREE TOWNS,HANGZHOU GREENTOWN,78,2P,K. Bevis,,,WUHAN THREE TOWNS,Normal Goal,1523109.0
21/04/2026,Chinese Super League,2026/2027,SHANGHAI SIPG,CHONGQING TONGLIANG LONG,14,1P,M. Ngadeu,G. Cimpanu,,CHONGQING TONGLIANG LONG,Normal Goal,1523110.0
21/04/2026,Chinese Super League,2026/2027,SHANGHAI SIPG,CHONGQING TONGLIANG LONG,45,1P,Chen Chunxin,,,CHONGQING TONGLIANG LONG,Normal Goal,1523110.0
21/04/2026,Chinese Super League,2026/2027,SHANGHAI SIPG,CHONGQING TONGLIANG LONG,57,2P,X. Li,Wang Shenchao,,SHANGHAI SIPG,Normal Goal,1523110.0
21/04/2026,Chinese Super League,2026/2027,TIANJIN TEDA,SHANDONG LUNENG,13,1P,A. Quiles,Guilherme Schettine,,TIANJIN TEDA,Normal Goal,1523111.0
21/04/2026,Chinese Super League,2026/2027,TIANJIN TEDA,SHANDONG LUNENG,52,2P,Zeca,Chen Pu,,SHANDONG LUNENG,Normal Goal,1523111.0
21/04/2026,Chinese Super League,2026/2027,TIANJIN TEDA,SHANDONG LUNENG,68,2P,Guilherme Schettine,,,TIANJIN TEDA,Missed Penalty,1523111.0
21/04/2026,Chinese Super League,2026/2027,TIANJIN TEDA,SHANDONG LUNENG,82,2P,Chen Zeshi,V. Qazaishvili,,SHANDONG LUNENG,Normal Goal,1523111.0
22/04/2026,Chinese Super League,2026/2027,SHENYANG URBAN,DALIAN ZHIXING,84,2P,N. Stanciu,,,DALIAN ZHIXING,Normal Goal,1523112.0
22/04/2026,Chinese Super League,2026/2027,SHANGHAI SHENHUA,QINGDAO JONOON,46,2P,J. Teixeira,,,SHANGHAI SHENHUA,Normal Goal,1523114.0
22/04/2026,Chinese Super League,2026/2027,SHANGHAI SHENHUA,QINGDAO JONOON,52,2P,M. Gueye,,,SHANGHAI SHENHUA,Normal Goal,1523114.0
25/04/2026,Chinese Super League,2026/2027,CHENGDU BETTER CITY,HANGZHOU GREENTOWN,17,1P,Wellington Silva,,,CHENGDU BETTER CITY,Normal Goal,1523115.0
25/04/2026,Chinese Super League,2026/2027,CHENGDU BETTER CITY,HANGZHOU GREENTOWN,35,1P,Felipe Silva,Wellington Silva,,CHENGDU BETTER CITY,Normal Goal,1523115.0
25/04/2026,Chinese Super League,2026/2027,CHENGDU BETTER CITY,HANGZHOU GREENTOWN,39,1P,Wei Shihao,He Yiran,,CHENGDU BETTER CITY,Normal Goal,1523115.0
25/04/2026,Chinese Super League,2026/2027,CHENGDU BETTER CITY,HANGZHOU GREENTOWN,90,2P,Abduweli Behram,Wellington Silva,,CHENGDU BETTER CITY,Normal Goal,1523115.0
25/04/2026,Chinese Super League,2026/2027,BEIJING GUOAN,TIANJIN TEDA,43,1P,Guilherme Schettine,Wang Zhenghao,,TIANJIN TEDA,Normal Goal,1523116.0
25/04/2026,Chinese Super League,2026/2027,BEIJING GUOAN,TIANJIN TEDA,45,1P,Xadas,Ba Dun,,TIANJIN TEDA,Normal Goal,1523116.0
25/04/2026,Chinese Super League,2026/2027,BEIJING GUOAN,TIANJIN TEDA,66,2P,Zhang Yuning,Li Lei,,BEIJING GUOAN,Normal Goal,1523116.0
25/04/2026,Chinese Super League,2026/2027,BEIJING GUOAN,TIANJIN TEDA,68,2P,Lin Liangming,,,BEIJING GUOAN,Normal Goal,1523116.0
25/04/2026,Chinese Super League,2026/2027,BEIJING GUOAN,TIANJIN TEDA,70,2P,A. Quiles,Xadas,,TIANJIN TEDA,Normal Goal,1523116.0
25/04/2026,Chinese Super League,2026/2027,BEIJING GUOAN,TIANJIN TEDA,89,2P,A. Quiles,Xadas,,TIANJIN TEDA,Normal Goal,1523116.0
25/04/2026,Chinese Super League,2026/2027,SHANGHAI SIPG,WUHAN THREE TOWNS,15,1P,Wei Zhen,Mateus Vital,,SHANGHAI SIPG,Normal Goal,1523117.0
25/04/2026,Chinese Super League,2026/2027,SHANGHAI SIPG,WUHAN THREE TOWNS,46,2P,P. O. Ampem,Liu Zhurun,,SHANGHAI SIPG,Normal Goal,1523117.0
25/04/2026,Chinese Super League,2026/2027,SHANGHAI SIPG,WUHAN THREE TOWNS,58,2P,Browning Tyias,Mateus Vital,,SHANGHAI SIPG,Normal Goal,1523117.0
25/04/2026,Chinese Super League,2026/2027,SHANGHAI SIPG,WUHAN THREE TOWNS,77,2P,Liu Zhurun,Liu Ruofan,,SHANGHAI SIPG,Normal Goal,1523117.0
26/04/2026,Chinese Super League,2026/2027,QINGDAO JONOON,SHANDONG LUNENG,9,1P,Lin Chuangyi,Song Wenjie,,QINGDAO JONOON,Normal Goal,1523121.0
26/04/2026,Chinese Super League,2026/2027,QINGDAO JONOON,SHANDONG LUNENG,36,1P,M. Edjouma,,,QINGDAO JONOON,Normal Goal,1523121.0
26/04/2026,Chinese Super League,2026/2027,QINGDAO JONOON,SHANDONG LUNENG,80,2P,Jin Yonghao,Y. Yeboah,,QINGDAO JONOON,Normal Goal,1523121.0
26/04/2026,Chinese Super League,2026/2027,QINGDAO JONOON,SHANDONG LUNENG,90,2P,Cryzan,Chen Pu,,SHANDONG LUNENG,Normal Goal,1523121.0
26/04/2026,Chinese Super League,2026/2027,QINGDAO JONOON,SHANDONG LUNENG,90,2P,A. El Messaoudi,,,QINGDAO JONOON,Normal Goal,1523121.0
26/04/2026,Chinese Super League,2026/2027,SICHUAN JIUNIU,SHENYANG URBAN,6,1P,Wesley Moraes,Z. Xuan,,SICHUAN JIUNIU,Normal Goal,1523119.0
26/04/2026,Chinese Super League,2026/2027,CHONGQING TONGLIANG LONG,QINGDAO YOUTH ISLAND,23,1P,A. Yakubu,N. Da Luz,,QINGDAO YOUTH ISLAND,Normal Goal,1523118.0
26/04/2026,Chinese Super League,2026/2027,CHONGQING TONGLIANG LONG,QINGDAO YOUTH ISLAND,45,1P,Du Yuezheng,Chen Chunxin,,CHONGQING TONGLIANG LONG,Normal Goal,1523118.0
26/04/2026,Chinese Super League,2026/2027,DALIAN ZHIXING,YUNNAN YUKUN,1,1P,Deng Hanwen,A. Ionita II,,YUNNAN YUKUN,Normal Goal,1523120.0
26/04/2026,Chinese Super League,2026/2027,DALIAN ZHIXING,YUNNAN YUKUN,12,1P,O. Taty Maritu,,,YUNNAN YUKUN,Normal Goal,1523120.0
26/04/2026,Chinese Super League,2026/2027,DALIAN ZHIXING,YUNNAN YUKUN,36,1P,O. Taty Maritu,A. Ionita II,,YUNNAN YUKUN,Normal Goal,1523120.0
26/04/2026,Chinese Super League,2026/2027,DALIAN ZHIXING,YUNNAN YUKUN,86,2P,I. Alimi,,,DALIAN ZHIXING,Penalty,1523120.0
26/04/2026,Chinese Super League,2026/2027,HENAN JIANYE,SHANGHAI SHENHUA,39,1P,Wu Xi,,,SHANGHAI SHENHUA,Penalty,1523122.0
26/04/2026,Chinese Super League,2026/2027,HENAN JIANYE,SHANGHAI SHENHUA,63,2P,Chan Shinichi,,,SHANGHAI SHENHUA,Normal Goal,1523122.0
26/04/2026,Chinese Super League,2026/2027,HENAN JIANYE,SHANGHAI SHENHUA,69,2P,M. Gueye,,,SHANGHAI SHENHUA,Normal Goal,1523122.0
01/05/2026,Chinese Super League,2026/2027,HENAN JIANYE,SHENYANG URBAN,2,1P,Lucas Maia,Gustavo,,HENAN JIANYE,Normal Goal,1523124.0
01/05/2026,Chinese Super League,2026/2027,HENAN JIANYE,SHENYANG URBAN,20,1P,Bruno Nazario,Huang Ruifeng,,HENAN JIANYE,Normal Goal,1523124.0
01/05/2026,Chinese Super League,2026/2027,HENAN JIANYE,SHENYANG URBAN,53,2P,Gustavo,Wang Shangyuan,,HENAN JIANYE,Normal Goal,1523124.0
01/05/2026,Chinese Super League,2026/2027,HENAN JIANYE,SHENYANG URBAN,79,2P,Zhong Yihao,Gustavo,,HENAN JIANYE,Normal Goal,1523124.0
01/05/2026,Chinese Super League,2026/2027,DALIAN ZHIXING,CHONGQING TONGLIANG LONG,46,2P,Luo Jing,,,DALIAN ZHIXING,Normal Goal,1523123.0
01/05/2026,Chinese Super League,2026/2027,TIANJIN TEDA,WUHAN THREE TOWNS,52,2P,Chen Zhechao,,,WUHAN THREE TOWNS,Normal Goal,1523126.0
01/05/2026,Chinese Super League,2026/2027,TIANJIN TEDA,WUHAN THREE TOWNS,75,2P,J. Cadiz,,,WUHAN THREE TOWNS,Normal Goal,1523126.0
01/05/2026,Chinese Super League,2026/2027,TIANJIN TEDA,WUHAN THREE TOWNS,81,2P,Xadas,,,TIANJIN TEDA,Penalty,1523126.0
01/05/2026,Chinese Super League,2026/2027,TIANJIN TEDA,WUHAN THREE TOWNS,90,2P,Ji Shengpan,,,TIANJIN TEDA,Normal Goal,1523126.0
01/05/2026,Chinese Super League,2026/2027,SHANDONG LUNENG,QINGDAO YOUTH ISLAND,42,1P,S. Memisevic,,,QINGDAO YOUTH ISLAND,Normal Goal,1523125.0
01/05/2026,Chinese Super League,2026/2027,SHANDONG LUNENG,QINGDAO YOUTH ISLAND,74,2P,Zeca,,,SHANDONG LUNENG,Normal Goal,1523125.0
01/05/2026,Chinese Super League,2026/2027,SHANGHAI SHENHUA,CHENGDU BETTER CITY,16,1P,Chan Shinichi,J. Teixeira,,SHANGHAI SHENHUA,Normal Goal,1523127.0
01/05/2026,Chinese Super League,2026/2027,SHANGHAI SHENHUA,CHENGDU BETTER CITY,38,1P,M. Gueye,Wu Xi,,SHANGHAI SHENHUA,Normal Goal,1523127.0
01/05/2026,Chinese Super League,2026/2027,SHANGHAI SHENHUA,CHENGDU BETTER CITY,45,1P,Felipe Silva,Romulo,,CHENGDU BETTER CITY,Normal Goal,1523127.0
01/05/2026,Chinese Super League,2026/2027,SHANGHAI SHENHUA,CHENGDU BETTER CITY,90,2P,Felipe Silva,,,CHENGDU BETTER CITY,Normal Goal,1523127.0
01/05/2026,Chinese Super League,2026/2027,SHANGHAI SHENHUA,CHENGDU BETTER CITY,90,2P,Wellington Silva,,,CHENGDU BETTER CITY,Normal Goal,1523127.0
02/05/2026,Chinese Super League,2026/2027,QINGDAO JONOON,SHANGHAI SIPG,9,1P,Luo Senwen,,,QINGDAO JONOON,Normal Goal,1523128.0
02/05/2026,Chinese Super League,2026/2027,QINGDAO JONOON,SHANGHAI SIPG,47,2P,A. Yang,,,SHANGHAI SIPG,Normal Goal,1523128.0
02/05/2026,Chinese Super League,2026/2027,QINGDAO JONOON,SHANGHAI SIPG,68,2P,Y. Yeboah,,,QINGDAO JONOON,Normal Goal,1523128.0
02/05/2026,Chinese Super League,2026/2027,QINGDAO JONOON,SHANGHAI SIPG,75,2P,Jin Yonghao,,,QINGDAO JONOON,Normal Goal,1523128.0
02/05/2026,Chinese Super League,2026/2027,HANGZHOU GREENTOWN,SICHUAN JIUNIU,43,1P,D. Owusu-Sekyere,,,SICHUAN JIUNIU,Normal Goal,1523129.0
02/05/2026,Chinese Super League,2026/2027,HANGZHOU GREENTOWN,SICHUAN JIUNIU,45,1P,M. Tolic,,,HANGZHOU GREENTOWN,Penalty,1523129.0
02/05/2026,Chinese Super League,2026/2027,HANGZHOU GREENTOWN,SICHUAN JIUNIU,79,2P,Y. Wang,,,HANGZHOU GREENTOWN,Normal Goal,1523129.0
05/05/2026,Chinese Super League,2026/2027,QINGDAO YOUTH ISLAND,TIANJIN TEDA,7,1P,Davidson,,,QINGDAO YOUTH ISLAND,Missed Penalty,1523131.0
05/05/2026,Chinese Super League,2026/2027,QINGDAO YOUTH ISLAND,TIANJIN TEDA,40,1P,Huang Jiahui,Xadas,,TIANJIN TEDA,Normal Goal,1523131.0
05/05/2026,Chinese Super League,2026/2027,QINGDAO YOUTH ISLAND,TIANJIN TEDA,43,1P,N. Da Luz,Peng Xinli,,QINGDAO YOUTH ISLAND,Normal Goal,1523131.0
05/05/2026,Chinese Super League,2026/2027,SHANDONG LUNENG,SHANGHAI SHENHUA,24,1P,Zeca,Cryzan,,SHANDONG LUNENG,Normal Goal,1523133.0
05/05/2026,Chinese Super League,2026/2027,SHANDONG LUNENG,SHANGHAI SHENHUA,26,1P,Cryzan,V. Qazaishvili,,SHANDONG LUNENG,Normal Goal,1523133.0
05/05/2026,Chinese Super League,2026/2027,SHANDONG LUNENG,SHANGHAI SHENHUA,52,2P,Cryzan,Zeca,,SHANDONG LUNENG,Normal Goal,1523133.0
05/05/2026,Chinese Super League,2026/2027,SHANDONG LUNENG,SHANGHAI SHENHUA,63,2P,Rafael Ratao,Xie Pengfei,,SHANGHAI SHENHUA,Normal Goal,1523133.0
05/05/2026,Chinese Super League,2026/2027,SHANDONG LUNENG,SHANGHAI SHENHUA,72,2P,Cryzan,V. Qazaishvili,,SHANDONG LUNENG,Normal Goal,1523133.0
05/05/2026,Chinese Super League,2026/2027,SHENYANG URBAN,CHENGDU BETTER CITY,90,2P,Felipe Silva,,,CHENGDU BETTER CITY,Normal Goal,1523132.0
05/05/2026,Chinese Super League,2026/2027,CHONGQING TONGLIANG LONG,HENAN JIANYE,51,2P,Gustavo,,,HENAN JIANYE,Penalty,1523134.0
05/05/2026,Chinese Super League,2026/2027,CHONGQING TONGLIANG LONG,HENAN JIANYE,53,2P,Wu Yongqiang,,,CHONGQING TONGLIANG LONG,Normal Goal,1523134.0
06/05/2026,Chinese Super League,2026/2027,WUHAN THREE TOWNS,QINGDAO JONOON,45,1P,Jin Yonghao,Y. Yeboah,,QINGDAO JONOON,Normal Goal,1523135.0
06/05/2026,Chinese Super League,2026/2027,WUHAN THREE TOWNS,QINGDAO JONOON,59,2P,J. Cadiz,Wang Kang,,WUHAN THREE TOWNS,Normal Goal,1523135.0
06/05/2026,Chinese Super League,2026/2027,WUHAN THREE TOWNS,QINGDAO JONOON,71,2P,C. Strandberg,,,QINGDAO JONOON,Normal Goal,1523135.0
06/05/2026,Chinese Super League,2026/2027,WUHAN THREE TOWNS,QINGDAO JONOON,75,2P,Y. Yeboah,Lin Chuangyi,,QINGDAO JONOON,Normal Goal,1523135.0
06/05/2026,Chinese Super League,2026/2027,BEIJING GUOAN,DALIAN ZHIXING,54,2P,G. Ramos,,,BEIJING GUOAN,Normal Goal,1523136.0
06/05/2026,Chinese Super League,2026/2027,BEIJING GUOAN,DALIAN ZHIXING,58,2P,Huang Shan,,,BEIJING GUOAN,Own Goal,1523136.0
06/05/2026,Chinese Super League,2026/2027,BEIJING GUOAN,DALIAN ZHIXING,63,2P,Fabio Abreu,,,BEIJING GUOAN,Missed Penalty,1523136.0
06/05/2026,Chinese Super League,2026/2027,BEIJING GUOAN,DALIAN ZHIXING,65,2P,Lin Liangming,,,BEIJING GUOAN,Normal Goal,1523136.0
06/05/2026,Chinese Super League,2026/2027,SHANGHAI SIPG,SICHUAN JIUNIU,63,2P,T. Chow,,,SICHUAN JIUNIU,Normal Goal,1523137.0
06/05/2026,Chinese Super League,2026/2027,SHANGHAI SIPG,SICHUAN JIUNIU,87,2P,Liu Zhurun,,,SHANGHAI SIPG,Normal Goal,1523137.0
06/05/2026,Chinese Super League,2026/2027,YUNNAN YUKUN,HANGZHOU GREENTOWN,6,1P,Cleber,O. Taty Maritu,,YUNNAN YUKUN,Normal Goal,1523138.0
06/05/2026,Chinese Super League,2026/2027,YUNNAN YUKUN,HANGZHOU GREENTOWN,45,1P,Alexandru Mitriță,,,HANGZHOU GREENTOWN,Missed Penalty,1523138.0
06/05/2026,Chinese Super League,2026/2027,YUNNAN YUKUN,HANGZHOU GREENTOWN,58,2P,M. Tolic,,,HANGZHOU GREENTOWN,Penalty,1523138.0
06/05/2026,Chinese Super League,2026/2027,YUNNAN YUKUN,HANGZHOU GREENTOWN,90,2P,Gao Di,A. Mitrita,,HANGZHOU GREENTOWN,Normal Goal,1523138.0
09/05/2026,Chinese Super League,2026/2027,SHANGHAI SHENHUA,CHONGQING TONGLIANG LONG,8,1P,Nany Dimata,,,CHONGQING TONGLIANG LONG,Missed Penalty,1523139.0
09/05/2026,Chinese Super League,2026/2027,SHANGHAI SHENHUA,CHONGQING TONGLIANG LONG,9,1P,L. Dimata,Zhang Zhixiong,,CHONGQING TONGLIANG LONG,Normal Goal,1523139.0
09/05/2026,Chinese Super League,2026/2027,SHANGHAI SHENHUA,CHONGQING TONGLIANG LONG,30,1P,G. Cimpanu,L. Dimata,,CHONGQING TONGLIANG LONG,Normal Goal,1523139.0
09/05/2026,Chinese Super League,2026/2027,SHANGHAI SHENHUA,CHONGQING TONGLIANG LONG,66,2P,Zhu Chenjie,Gao Tianyi,,SHANGHAI SHENHUA,Normal Goal,1523139.0
09/05/2026,Chinese Super League,2026/2027,SHANGHAI SHENHUA,CHONGQING TONGLIANG LONG,74,2P,Zhu Chenjie,Xie Pengfei,,SHANGHAI SHENHUA,Normal Goal,1523139.0
09/05/2026,Chinese Super League,2026/2027,CHENGDU BETTER CITY,HENAN JIANYE,18,1P,E. Sorokin,Liao Lisheng,,CHENGDU BETTER CITY,Normal Goal,1523140.0
09/05/2026,Chinese Super League,2026/2027,CHENGDU BETTER CITY,HENAN JIANYE,53,2P,Gustavo,,,HENAN JIANYE,Missed Penalty,1523140.0
09/05/2026,Chinese Super League,2026/2027,CHENGDU BETTER CITY,HENAN JIANYE,74,2P,Wei Shihao,,,CHENGDU BETTER CITY,Normal Goal,1523140.0
09/05/2026,Chinese Super League,2026/2027,CHENGDU BETTER CITY,HENAN JIANYE,90,2P,Abduweli Behram,,,CHENGDU BETTER CITY,Normal Goal,1523140.0
10/05/2026,Chinese Super League,2026/2027,QINGDAO YOUTH ISLAND,WUHAN THREE TOWNS,23,1P,Yang Zhanpeng,N. Da Luz,,QINGDAO YOUTH ISLAND,Normal Goal,1523141.0
10/05/2026,Chinese Super League,2026/2027,QINGDAO YOUTH ISLAND,WUHAN THREE TOWNS,90,2P,J. Cadiz,,,WUHAN THREE TOWNS,Penalty,1523141.0
10/05/2026,Chinese Super League,2026/2027,SICHUAN JIUNIU,SHANDONG LUNENG,45,1P,Cryzan,,,SHANDONG LUNENG,Normal Goal,1523146.0
10/05/2026,Chinese Super League,2026/2027,SICHUAN JIUNIU,SHANDONG LUNENG,78,2P,Cryzan,,,SHANDONG LUNENG,Normal Goal,1523146.0
10/05/2026,Chinese Super League,2026/2027,SICHUAN JIUNIU,SHANDONG LUNENG,90,2P,Hu Ruibao,,,SICHUAN JIUNIU,Normal Goal,1523146.0
10/05/2026,Chinese Super League,2026/2027,SHENYANG URBAN,YUNNAN YUKUN,8,1P,Huang Zichang,Xu Xin,,YUNNAN YUKUN,Normal Goal,1523142.0
10/05/2026,Chinese Super League,2026/2027,SHENYANG URBAN,YUNNAN YUKUN,61,2P,O. Taty Maritu,Cleber,,YUNNAN YUKUN,Normal Goal,1523142.0
10/05/2026,Chinese Super League,2026/2027,SHENYANG URBAN,YUNNAN YUKUN,90,2P,G. Mbenza,,,SHENYANG URBAN,Normal Goal,1523142.0
10/05/2026,Chinese Super League,2026/2027,BEIJING GUOAN,SHANGHAI SIPG,45,1P,Mateus Vital,,,SHANGHAI SIPG,Penalty,1523144.0
10/05/2026,Chinese Super League,2026/2027,BEIJING GUOAN,SHANGHAI SIPG,49,2P,F. Abreu,,,BEIJING GUOAN,Normal Goal,1523144.0
10/05/2026,Chinese Super League,2026/2027,BEIJING GUOAN,SHANGHAI SIPG,62,2P,Leonardo,,,SHANGHAI SIPG,Normal Goal,1523144.0
10/05/2026,Chinese Super League,2026/2027,BEIJING GUOAN,SHANGHAI SIPG,86,2P,Zhang Xizhe,,,BEIJING GUOAN,Penalty,1523144.0
10/05/2026,Chinese Super League,2026/2027,HANGZHOU GREENTOWN,TIANJIN TEDA,81,2P,A. Mitrita,,,HANGZHOU GREENTOWN,Normal Goal,1523145.0
10/05/2026,Chinese Super League,2026/2027,HANGZHOU GREENTOWN,TIANJIN TEDA,90,2P,Xadas,,,TIANJIN TEDA,Penalty,1523145.0
10/05/2026,Chinese Super League,2026/2027,QINGDAO JONOON,DALIAN ZHIXING,14,1P,C. Strandberg,Lin Chuangyi,,QINGDAO JONOON,Normal Goal,1523143.0
10/05/2026,Chinese Super League,2026/2027,QINGDAO JONOON,DALIAN ZHIXING,18,1P,Y. Yeboah,,,QINGDAO JONOON,Normal Goal,1523143.0
10/05/2026,Chinese Super League,2026/2027,QINGDAO JONOON,DALIAN ZHIXING,51,2P,F. Acheampong,W. Mao,,DALIAN ZHIXING,Normal Goal,1523143.0
10/05/2026,Chinese Super League,2026/2027,QINGDAO JONOON,DALIAN ZHIXING,85,2P,C. Strandberg,Song Wenjie,,QINGDAO JONOON,Normal Goal,1523143.0
15/05/2026,Chinese Super League,2026/2027,SHANGHAI SIPG,HANGZHOU GREENTOWN,22,1P,Mateus Vital,,,SHANGHAI SIPG,Normal Goal,1523148.0
15/05/2026,Chinese Super League,2026/2027,SHANGHAI SIPG,HANGZHOU GREENTOWN,28,1P,Y. Wang,,,HANGZHOU GREENTOWN,Normal Goal,1523148.0
15/05/2026,Chinese Super League,2026/2027,SHANGHAI SIPG,HANGZHOU GREENTOWN,56,2P,Gao Di,,,HANGZHOU GREENTOWN,Normal Goal,1523148.0
15/05/2026,Chinese Super League,2026/2027,SHANGHAI SIPG,HANGZHOU GREENTOWN,81,2P,Zhang Yuan,,,SHANGHAI SIPG,Normal Goal,1523148.0
15/05/2026,Chinese Super League,2026/2027,TIANJIN TEDA,CHENGDU BETTER CITY,9,1P,Wang Xianjun,A. Cordoba,,TIANJIN TEDA,Normal Goal,1523149.0
15/05/2026,Chinese Super League,2026/2027,TIANJIN TEDA,CHENGDU BETTER CITY,16,1P,Wei Shihao,,,CHENGDU BETTER CITY,Normal Goal,1523149.0
15/05/2026,Chinese Super League,2026/2027,TIANJIN TEDA,CHENGDU BETTER CITY,56,2P,Wei Shihao,Wellington Silva,,CHENGDU BETTER CITY,Normal Goal,1523149.0
15/05/2026,Chinese Super League,2026/2027,HENAN JIANYE,SICHUAN JIUNIU,66,2P,Bruno Nazario,,,HENAN JIANYE,Normal Goal,1523147.0
15/05/2026,Chinese Super League,2026/2027,BEIJING GUOAN,QINGDAO JONOON,12,1P,Zhang Yuning,F. Abreu,,BEIJING GUOAN,Normal Goal,1523150.0
15/05/2026,Chinese Super League,2026/2027,BEIJING GUOAN,QINGDAO JONOON,24,1P,Yue Tze-Nam,,,BEIJING GUOAN,Normal Goal,1523150.0
15/05/2026,Chinese Super League,2026/2027,BEIJING GUOAN,QINGDAO JONOON,37,1P,Zhang Xizhe,,,BEIJING GUOAN,Penalty,1523150.0
15/05/2026,Chinese Super League,2026/2027,BEIJING GUOAN,QINGDAO JONOON,65,2P,Cao Yongjing,Zhang Yuning,,BEIJING GUOAN,Normal Goal,1523150.0
15/05/2026,Chinese Super League,2026/2027,BEIJING GUOAN,QINGDAO JONOON,67,2P,Song Wenjie,Song Long,,QINGDAO JONOON,Normal Goal,1523150.0
15/05/2026,Chinese Super League,2026/2027,BEIJING GUOAN,QINGDAO JONOON,90,2P,Ngan Cheuk-Pan,,,QINGDAO JONOON,Normal Goal,1523150.0
15/05/2026,Chinese Super League,2026/2027,DALIAN ZHIXING,QINGDAO YOUTH ISLAND,22,1P,A. Yakubu,,,QINGDAO YOUTH ISLAND,Penalty,1523151.0
15/05/2026,Chinese Super League,2026/2027,DALIAN ZHIXING,QINGDAO YOUTH ISLAND,52,2P,N. Stanciu,,,DALIAN ZHIXING,Normal Goal,1523151.0
15/05/2026,Chinese Super League,2026/2027,DALIAN ZHIXING,QINGDAO YOUTH ISLAND,69,2P,Davidson,He Longhai,,QINGDAO YOUTH ISLAND,Normal Goal,1523151.0
15/05/2026,Chinese Super League,2026/2027,DALIAN ZHIXING,QINGDAO YOUTH ISLAND,90,2P,N. Da Luz,,,QINGDAO YOUTH ISLAND,Penalty,1523151.0
15/05/2026,Chinese Super League,2026/2027,DALIAN ZHIXING,QINGDAO YOUTH ISLAND,90,2P,F. Acheampong,,,DALIAN ZHIXING,Normal Goal,1523151.0
16/05/2026,Chinese Super League,2026/2027,WUHAN THREE TOWNS,SHENYANG URBAN,10,1P,Gustavo Sauer,,,WUHAN THREE TOWNS,Normal Goal,1523152.0
16/05/2026,Chinese Super League,2026/2027,WUHAN THREE TOWNS,SHENYANG URBAN,27,1P,Yan Dinghao,,,SHENYANG URBAN,Normal Goal,1523152.0
16/05/2026,Chinese Super League,2026/2027,WUHAN THREE TOWNS,SHENYANG URBAN,38,1P,J. Cadiz,,,WUHAN THREE TOWNS,Normal Goal,1523152.0
16/05/2026,Chinese Super League,2026/2027,WUHAN THREE TOWNS,SHENYANG URBAN,85,2P,A. Kouame,,,SHENYANG URBAN,Normal Goal,1523152.0
16/05/2026,Chinese Super League,2026/2027,SHANDONG LUNENG,CHONGQING TONGLIANG LONG,35,1P,Guilherme Madruga,,,SHANDONG LUNENG,Normal Goal,1523153.0
16/05/2026,Chinese Super League,2026/2027,SHANDONG LUNENG,CHONGQING TONGLIANG LONG,38,1P,Guilherme Madruga,,,SHANDONG LUNENG,Normal Goal,1523153.0
16/05/2026,Chinese Super League,2026/2027,SHANDONG LUNENG,CHONGQING TONGLIANG LONG,69,2P,L. Dimata,,,CHONGQING TONGLIANG LONG,Normal Goal,1523153.0
16/05/2026,Chinese Super League,2026/2027,SHANDONG LUNENG,CHONGQING TONGLIANG LONG,90,2P,Xie Wenneng,,,SHANDONG LUNENG,Normal Goal,1523153.0
16/05/2026,Chinese Super League,2026/2027,YUNNAN YUKUN,SHANGHAI SHENHUA,66,2P,O. Taty Maritu,,,YUNNAN YUKUN,Normal Goal,1523154.0
19/05/2026,Chinese Super League,2026/2027,TIANJIN TEDA,HENAN JIANYE,26,1P,Gustavo,,,HENAN JIANYE,Normal Goal,1523156.0
19/05/2026,Chinese Super League,2026/2027,TIANJIN TEDA,HENAN JIANYE,60,2P,A. Quiles,,,TIANJIN TEDA,Normal Goal,1523156.0
19/05/2026,Chinese Super League,2026/2027,TIANJIN TEDA,HENAN JIANYE,86,2P,Bruno Nazario,,,HENAN JIANYE,Penalty,1523156.0
19/05/2026,Chinese Super League,2026/2027,SICHUAN JIUNIU,DALIAN ZHIXING,28,1P,C. Malele,,,DALIAN ZHIXING,Penalty,1523155.0
19/05/2026,Chinese Super League,2026/2027,SICHUAN JIUNIU,DALIAN ZHIXING,30,1P,M. Traore,,,SICHUAN JIUNIU,Own Goal,1523155.0
19/05/2026,Chinese Super League,2026/2027,CHENGDU BETTER CITY,SHANGHAI SIPG,70,2P,X. Li,,,SHANGHAI SIPG,Normal Goal,1523157.0
19/05/2026,Chinese Super League,2026/2027,QINGDAO YOUTH ISLAND,BEIJING GUOAN,73,2P,Davidson,,,QINGDAO YOUTH ISLAND,Normal Goal,1523158.0
19/05/2026,Chinese Super League,2026/2027,QINGDAO YOUTH ISLAND,BEIJING GUOAN,78,2P,Lin Liangming,,,BEIJING GUOAN,Normal Goal,1523158.0
20/05/2026,Chinese Super League,2026/2027,SHENYANG URBAN,QINGDAO JONOON,34,1P,G. Mbenza,T. Kunimoto,,SHENYANG URBAN,Normal Goal,1523159.0
20/05/2026,Chinese Super League,2026/2027,SHENYANG URBAN,QINGDAO JONOON,57,2P,Y. Yeboah,Jin Yonghao,,QINGDAO JONOON,Normal Goal,1523159.0
20/05/2026,Chinese Super League,2026/2027,SHENYANG URBAN,QINGDAO JONOON,81,2P,G. Mbenza,Chen Binbin,,SHENYANG URBAN,Normal Goal,1523159.0
20/05/2026,Chinese Super League,2026/2027,SHANGHAI SHENHUA,WUHAN THREE TOWNS,7,1P,Xu Haoyang,Zhu Chenjie,,SHANGHAI SHENHUA,Normal Goal,1523160.0
20/05/2026,Chinese Super League,2026/2027,SHANGHAI SHENHUA,WUHAN THREE TOWNS,37,1P,Rafael Ratao,Gao Tianyi,,SHANGHAI SHENHUA,Normal Goal,1523160.0
20/05/2026,Chinese Super League,2026/2027,SHANGHAI SHENHUA,WUHAN THREE TOWNS,44,1P,Gustavo Sauer,J. Cadiz,,WUHAN THREE TOWNS,Normal Goal,1523160.0
20/05/2026,Chinese Super League,2026/2027,SHANGHAI SHENHUA,WUHAN THREE TOWNS,74,2P,J. Cadiz,Long Wei,,WUHAN THREE TOWNS,Normal Goal,1523160.0
20/05/2026,Chinese Super League,2026/2027,HANGZHOU GREENTOWN,SHANDONG LUNENG,1,1P,R. Merkies,Xie Wenneng,,SHANDONG LUNENG,Normal Goal,1523162.0
20/05/2026,Chinese Super League,2026/2027,HANGZHOU GREENTOWN,SHANDONG LUNENG,60,2P,Cheng Jin,,,HANGZHOU GREENTOWN,Normal Goal,1523162.0
20/05/2026,Chinese Super League,2026/2027,HANGZHOU GREENTOWN,SHANDONG LUNENG,64,2P,Gao Di,A. Mitrita,,HANGZHOU GREENTOWN,Normal Goal,1523162.0
20/05/2026,Chinese Super League,2026/2027,HANGZHOU GREENTOWN,SHANDONG LUNENG,73,2P,M. Tolic,Y. Wang,,HANGZHOU GREENTOWN,Normal Goal,1523162.0
20/05/2026,Chinese Super League,2026/2027,HANGZHOU GREENTOWN,SHANDONG LUNENG,90,2P,Tao Qianglong,A. Mitrita,,HANGZHOU GREENTOWN,Normal Goal,1523162.0
23/05/2026,Chinese Super League,2026/2027,SHANGHAI SIPG,TIANJIN TEDA,52,2P,Leonardo,X. Li,,SHANGHAI SIPG,Normal Goal,1523163.0
23/05/2026,Chinese Super League,2026/2027,SHANGHAI SIPG,TIANJIN TEDA,77,2P,Xadas,,,TIANJIN TEDA,Penalty,1523163.0
23/05/2026,Chinese Super League,2026/2027,BEIJING GUOAN,HENAN JIANYE,27,1P,Dawhan,Serginho,,BEIJING GUOAN,Normal Goal,1523164.0
23/05/2026,Chinese Super League,2026/2027,BEIJING GUOAN,HENAN JIANYE,78,2P,F. Abreu,,,HENAN JIANYE,Own Goal,1523164.0
23/05/2026,Chinese Super League,2026/2027,BEIJING GUOAN,HENAN JIANYE,87,2P,Gustavo,Bruno Nazario,,HENAN JIANYE,Normal Goal,1523164.0
23/05/2026,Chinese Super League,2026/2027,DALIAN ZHIXING,CHENGDU BETTER CITY,76,2P,C. Malele,,,DALIAN ZHIXING,Normal Goal,1523165.0
23/05/2026,Chinese Super League,2026/2027,DALIAN ZHIXING,CHENGDU BETTER CITY,89,2P,M. Traore,,,DALIAN ZHIXING,Normal Goal,1523165.0
24/05/2026,Chinese Super League,2026/2027,QINGDAO JONOON,CHONGQING TONGLIANG LONG,63,2P,G. Cimpanu,,,CHONGQING TONGLIANG LONG,Normal Goal,1523166.0
24/05/2026,Chinese Super League,2026/2027,YUNNAN YUKUN,QINGDAO YOUTH ISLAND,13,1P,A. Ionita II,Cleber,,YUNNAN YUKUN,Normal Goal,1523167.0
24/05/2026,Chinese Super League,2026/2027,YUNNAN YUKUN,QINGDAO YOUTH ISLAND,45,1P,N. Da Luz,A. Yakubu,,QINGDAO YOUTH ISLAND,Normal Goal,1523167.0
24/05/2026,Chinese Super League,2026/2027,YUNNAN YUKUN,QINGDAO YOUTH ISLAND,52,2P,Peng Xinli,N. Da Luz,,QINGDAO YOUTH ISLAND,Normal Goal,1523167.0
24/05/2026,Chinese Super League,2026/2027,YUNNAN YUKUN,QINGDAO YOUTH ISLAND,68,2P,N. Da Luz,Peng Xinli,,QINGDAO YOUTH ISLAND,Normal Goal,1523167.0
24/05/2026,Chinese Super League,2026/2027,YUNNAN YUKUN,QINGDAO YOUTH ISLAND,85,2P,O. Taty Maritu,,,YUNNAN YUKUN,Penalty,1523167.0
24/05/2026,Chinese Super League,2026/2027,SHANDONG LUNENG,WUHAN THREE TOWNS,6,1P,Cryzan,,,SHANDONG LUNENG,Penalty,1523168.0
24/05/2026,Chinese Super League,2026/2027,SHANDONG LUNENG,WUHAN THREE TOWNS,13,1P,Gustavo Sauer,J. Cadiz,,WUHAN THREE TOWNS,Normal Goal,1523168.0
24/05/2026,Chinese Super League,2026/2027,SHANDONG LUNENG,WUHAN THREE TOWNS,30,1P,J. Cadiz,,,WUHAN THREE TOWNS,Penalty,1523168.0
24/05/2026,Chinese Super League,2026/2027,SHANDONG LUNENG,WUHAN THREE TOWNS,44,1P,Xie Wenneng,Liu Yang,,SHANDONG LUNENG,Normal Goal,1523168.0
24/05/2026,Chinese Super League,2026/2027,SHANDONG LUNENG,WUHAN THREE TOWNS,69,2P,Cryzan,Liu Yang,,SHANDONG LUNENG,Normal Goal,1523168.0
24/05/2026,Chinese Super League,2026/2027,SHANDONG LUNENG,WUHAN THREE TOWNS,88,2P,J. Cadiz,Gustavo Sauer,,WUHAN THREE TOWNS,Normal Goal,1523168.0
24/05/2026,Chinese Super League,2026/2027,HANGZHOU GREENTOWN,SHENYANG URBAN,11,1P,G. Mbenza,A. Kouame,,SHENYANG URBAN,Normal Goal,1523169.0
24/05/2026,Chinese Super League,2026/2027,HANGZHOU GREENTOWN,SHENYANG URBAN,27,1P,G. Mbenza,,,SHENYANG URBAN,Normal Goal,1523169.0
24/05/2026,Chinese Super League,2026/2027,HANGZHOU GREENTOWN,SHENYANG URBAN,60,2P,G. Mbenza,A. Kouame,,SHENYANG URBAN,Normal Goal,1523169.0
24/05/2026,Chinese Super League,2026/2027,HANGZHOU GREENTOWN,SHENYANG URBAN,80,2P,Jeffinho,,,SHENYANG URBAN,Normal Goal,1523169.0
24/05/2026,Chinese Super League,2026/2027,HANGZHOU GREENTOWN,SHENYANG URBAN,90,2P,Tian Yuda,Zang Yifeng,,SHENYANG URBAN,Normal Goal,1523169.0
24/05/2026,Chinese Super League,2026/2027,SHANGHAI SHENHUA,SICHUAN JIUNIU,5,1P,A. Ademi,,,SICHUAN JIUNIU,Normal Goal,1523170.0
24/05/2026,Chinese Super League,2026/2027,SHANGHAI SHENHUA,SICHUAN JIUNIU,17,1P,E. Kartsev,,,SICHUAN JIUNIU,Penalty,1523170.0
24/05/2026,Chinese Super League,2026/2027,SHANGHAI SHENHUA,SICHUAN JIUNIU,24,1P,Rafael Ratao,,,SHANGHAI SHENHUA,Penalty,1523170.0
29/05/2026,Chinese Super League,2026/2027,SHENYANG URBAN,SHANGHAI SIPG,9,1P,T. Kunimoto,,,SHENYANG URBAN,Normal Goal,1523171.0
29/05/2026,Chinese Super League,2026/2027,SHENYANG URBAN,SHANGHAI SIPG,20,1P,Li Shuai,,,SHANGHAI SIPG,Normal Goal,1523171.0
29/05/2026,Chinese Super League,2026/2027,SHENYANG URBAN,SHANGHAI SIPG,70,2P,G. Mbenza,,,SHENYANG URBAN,Normal Goal,1523171.0
29/05/2026,Chinese Super League,2026/2027,SHENYANG URBAN,SHANGHAI SIPG,84,2P,Leonardo,,,SHANGHAI SIPG,Normal Goal,1523171.0
29/05/2026,Chinese Super League,2026/2027,SHENYANG URBAN,SHANGHAI SIPG,85,2P,Jeffinho,,,SHENYANG URBAN,Normal Goal,1523171.0
30/05/2026,Chinese Super League,2026/2027,QINGDAO YOUTH ISLAND,SHANGHAI SHENHUA,2,1P,Wu Xi,Chan Shinichi,,SHANGHAI SHENHUA,Normal Goal,1523174.0
30/05/2026,Chinese Super League,2026/2027,QINGDAO YOUTH ISLAND,SHANGHAI SHENHUA,45,1P,A. Yakubu,,,QINGDAO YOUTH ISLAND,Penalty,1523174.0
30/05/2026,Chinese Super League,2026/2027,QINGDAO YOUTH ISLAND,SHANGHAI SHENHUA,49,2P,Davidson,,,QINGDAO YOUTH ISLAND,Normal Goal,1523174.0
30/05/2026,Chinese Super League,2026/2027,QINGDAO YOUTH ISLAND,SHANGHAI SHENHUA,73,2P,Zhu Chenjie,,,SHANGHAI SHENHUA,Normal Goal,1523174.0
30/05/2026,Chinese Super League,2026/2027,HENAN JIANYE,HANGZHOU GREENTOWN,31,1P,A. Mitrita,,,HANGZHOU GREENTOWN,Normal Goal,1523172.0
30/05/2026,Chinese Super League,2026/2027,HENAN JIANYE,HANGZHOU GREENTOWN,90,2P,Tao Qianglong,,,HANGZHOU GREENTOWN,Normal Goal,1523172.0
30/05/2026,Chinese Super League,2026/2027,CHENGDU BETTER CITY,SHANDONG LUNENG,14,1P,Matheus Jussa,Romulo,,CHENGDU BETTER CITY,Normal Goal,1523173.0
30/05/2026,Chinese Super League,2026/2027,SICHUAN JIUNIU,QINGDAO JONOON,13,1P,Wesley Moraes,,,SICHUAN JIUNIU,Normal Goal,1523176.0
30/05/2026,Chinese Super League,2026/2027,SICHUAN JIUNIU,QINGDAO JONOON,68,2P,Wesley Moraes,,,SICHUAN JIUNIU,Normal Goal,1523176.0
30/05/2026,Chinese Super League,2026/2027,SICHUAN JIUNIU,QINGDAO JONOON,80,2P,Yang Cong,,,QINGDAO JONOON,Normal Goal,1523176.0
30/05/2026,Chinese Super League,2026/2027,SICHUAN JIUNIU,QINGDAO JONOON,90,2P,Wesley Moraes,,,SICHUAN JIUNIU,Normal Goal,1523176.0
30/05/2026,Chinese Super League,2026/2027,SICHUAN JIUNIU,QINGDAO JONOON,90,2P,M. Edjouma,,,QINGDAO JONOON,Penalty,1523176.0
30/05/2026,Chinese Super League,2026/2027,CHONGQING TONGLIANG LONG,BEIJING GUOAN,34,1P,F. Abreu,Zhang Xizhe,,BEIJING GUOAN,Normal Goal,1523175.0
30/05/2026,Chinese Super League,2026/2027,CHONGQING TONGLIANG LONG,BEIJING GUOAN,53,2P,L. Dimata,G. Cimpanu,,CHONGQING TONGLIANG LONG,Normal Goal,1523175.0
30/05/2026,Chinese Super League,2026/2027,CHONGQING TONGLIANG LONG,BEIJING GUOAN,68,2P,Lucao,G. Cimpanu,,CHONGQING TONGLIANG LONG,Normal Goal,1523175.0
30/05/2026,Chinese Super League,2026/2027,CHONGQING TONGLIANG LONG,BEIJING GUOAN,82,2P,Serginho,Zhang Yuning,,BEIJING GUOAN,Normal Goal,1523175.0
30/05/2026,Chinese Super League,2026/2027,CHONGQING TONGLIANG LONG,BEIJING GUOAN,85,2P,F. Abreu,,,BEIJING GUOAN,Normal Goal,1523175.0
31/05/2026,Chinese Super League,2026/2027,TIANJIN TEDA,DALIAN ZHIXING,10,1P,A. Cordoba,Yang Fan,,TIANJIN TEDA,Normal Goal,1523177.0
31/05/2026,Chinese Super League,2026/2027,WUHAN THREE TOWNS,YUNNAN YUKUN,57,2P,J. Cadiz,,,WUHAN THREE TOWNS,Normal Goal,1523178.0
31/05/2026,Chinese Super League,2026/2027,WUHAN THREE TOWNS,YUNNAN YUKUN,74,2P,Huang Zichang,,,YUNNAN YUKUN,Normal Goal,1523178.0
26/06/2026,Chinese Super League,2026/2027,QINGDAO JONOON,YUNNAN YUKUN,13,1P,Song Wenjie,Jin Yonghao,,QINGDAO JONOON,Normal Goal,1523179.0
26/06/2026,Chinese Super League,2026/2027,QINGDAO JONOON,YUNNAN YUKUN,19,1P,O. Taty Maritu,Ye Chugui,,YUNNAN YUKUN,Normal Goal,1523179.0
26/06/2026,Chinese Super League,2026/2027,QINGDAO JONOON,YUNNAN YUKUN,26,1P,Lin Chuangyi,Song Wenjie,,QINGDAO JONOON,Normal Goal,1523179.0
26/06/2026,Chinese Super League,2026/2027,QINGDAO JONOON,YUNNAN YUKUN,30,1P,Cleber,Caio Vinicius,,YUNNAN YUKUN,Normal Goal,1523179.0
26/06/2026,Chinese Super League,2026/2027,QINGDAO JONOON,YUNNAN YUKUN,40,1P,M. Edjouma,,,QINGDAO JONOON,Normal Goal,1523179.0
26/06/2026,Chinese Super League,2026/2027,QINGDAO JONOON,YUNNAN YUKUN,45,1P,A. El Messaoudi,Song Wenjie,,QINGDAO JONOON,Normal Goal,1523179.0
27/06/2026,Chinese Super League,2026/2027,SHENYANG URBAN,SHANDONG LUNENG,14,1P,Zeca,Xie Wenneng,,SHANDONG LUNENG,Normal Goal,1523180.0
27/06/2026,Chinese Super League,2026/2027,SHENYANG URBAN,SHANDONG LUNENG,25,1P,Zeca,,,SHANDONG LUNENG,Penalty,1523180.0
27/06/2026,Chinese Super League,2026/2027,SHENYANG URBAN,SHANDONG LUNENG,52,2P,V. Qazaishvili,,,SHANDONG LUNENG,Penalty,1523180.0
27/06/2026,Chinese Super League,2026/2027,SHENYANG URBAN,SHANDONG LUNENG,55,2P,Guilherme Madruga,Zeca,,SHANDONG LUNENG,Normal Goal,1523180.0
27/06/2026,Chinese Super League,2026/2027,SHENYANG URBAN,SHANDONG LUNENG,69,2P,T. Kunimoto,Zang Yifeng,,SHENYANG URBAN,Normal Goal,1523180.0
27/06/2026,Chinese Super League,2026/2027,SHENYANG URBAN,SHANDONG LUNENG,88,2P,V. Qazaishvili,,,SHANDONG LUNENG,Normal Goal,1523180.0
27/06/2026,Chinese Super League,2026/2027,HENAN JIANYE,SHANGHAI SIPG,7,1P,Bruno Nazario,Gustavo,,HENAN JIANYE,Normal Goal,1523181.0
27/06/2026,Chinese Super League,2026/2027,HENAN JIANYE,SHANGHAI SIPG,16,1P,X. Li,O. Melendo,,SHANGHAI SIPG,Normal Goal,1523181.0
27/06/2026,Chinese Super League,2026/2027,HENAN JIANYE,SHANGHAI SIPG,56,2P,Jean Claude,Mateus Vital,,SHANGHAI SIPG,Normal Goal,1523181.0
27/06/2026,Chinese Super League,2026/2027,SICHUAN JIUNIU,CHENGDU BETTER CITY,5,1P,Wei Shihao,,,CHENGDU BETTER CITY,Penalty,1523182.0
27/06/2026,Chinese Super League,2026/2027,SICHUAN JIUNIU,CHENGDU BETTER CITY,54,2P,He Yiran,,,CHENGDU BETTER CITY,Normal Goal,1523182.0
27/06/2026,Chinese Super League,2026/2027,SICHUAN JIUNIU,CHENGDU BETTER CITY,73,2P,D. Owusu-Sekyere,Yang Yiming,,SICHUAN JIUNIU,Normal Goal,1523182.0
27/06/2026,Chinese Super League,2026/2027,SICHUAN JIUNIU,CHENGDU BETTER CITY,89,2P,T. Chow,,,SICHUAN JIUNIU,Normal Goal,1523182.0
27/06/2026,Chinese Super League,2026/2027,SICHUAN JIUNIU,CHENGDU BETTER CITY,90,2P,Wei Shihao,Felipe Silva,,CHENGDU BETTER CITY,Normal Goal,1523182.0
27/06/2026,Chinese Super League,2026/2027,BEIJING GUOAN,WUHAN THREE TOWNS,66,2P,G. Ramos,,,BEIJING GUOAN,Normal Goal,1523183.0
27/06/2026,Chinese Super League,2026/2027,CHONGQING TONGLIANG LONG,TIANJIN TEDA,49,2P,G. Cimpanu,,,CHONGQING TONGLIANG LONG,Normal Goal,1523184.0
28/06/2026,Chinese Super League,2026/2027,QINGDAO YOUTH ISLAND,HANGZHOU GREENTOWN,7,1P,A. Zhang,Cheng Jin,,HANGZHOU GREENTOWN,Normal Goal,1523185.0
28/06/2026,Chinese Super League,2026/2027,QINGDAO YOUTH ISLAND,HANGZHOU GREENTOWN,20,1P,Peng Xinli,A. Yakubu,,QINGDAO YOUTH ISLAND,Normal Goal,1523185.0
28/06/2026,Chinese Super League,2026/2027,QINGDAO YOUTH ISLAND,HANGZHOU GREENTOWN,49,2P,N. Da Luz,Davidson,,QINGDAO YOUTH ISLAND,Normal Goal,1523185.0
28/06/2026,Chinese Super League,2026/2027,QINGDAO YOUTH ISLAND,HANGZHOU GREENTOWN,66,2P,N. Da Luz,Peng Xinli,,QINGDAO YOUTH ISLAND,Normal Goal,1523185.0
28/06/2026,Chinese Super League,2026/2027,DALIAN ZHIXING,SHANGHAI SHENHUA,9,1P,N. Stanciu,,,DALIAN ZHIXING,Normal Goal,1523186.0
28/06/2026,Chinese Super League,2026/2027,DALIAN ZHIXING,SHANGHAI SHENHUA,25,1P,Wu Xi,,,SHANGHAI SHENHUA,Penalty,1523186.0
28/06/2026,Chinese Super League,2026/2027,DALIAN ZHIXING,SHANGHAI SHENHUA,32,1P,L. Asue,,,SHANGHAI SHENHUA,Normal Goal,1523186.0
28/06/2026,Chinese Super League,2026/2027,DALIAN ZHIXING,SHANGHAI SHENHUA,59,2P,Rafael Ratao,,,SHANGHAI SHENHUA,Normal Goal,1523186.0
28/06/2026,Chinese Super League,2026/2027,DALIAN ZHIXING,SHANGHAI SHENHUA,90,2P,Rafael Ratao,,,SHANGHAI SHENHUA,Normal Goal,1523186.0
03/07/2026,Chinese Super League,2026/2027,YUNNAN YUKUN,HENAN JIANYE,36,1P,Bruno Nazario,Wang Shangyuan,,HENAN JIANYE,Normal Goal,1523187.0
03/07/2026,Chinese Super League,2026/2027,YUNNAN YUKUN,HENAN JIANYE,64,2P,Abdusalam Bunyamin,O. Taty Maritu,,YUNNAN YUKUN,Normal Goal,1523187.0
03/07/2026,Chinese Super League,2026/2027,YUNNAN YUKUN,HENAN JIANYE,75,2P,Cleber,,,YUNNAN YUKUN,Normal Goal,1523187.0
04/07/2026,Chinese Super League,2026/2027,SHENYANG URBAN,CHONGQING TONGLIANG LONG,21,1P,Xiang Yuwang,,,CHONGQING TONGLIANG LONG,Normal Goal,1523188.0
04/07/2026,Chinese Super League,2026/2027,SHENYANG URBAN,CHONGQING TONGLIANG LONG,47,2P,A. Kouame,,,SHENYANG URBAN,Normal Goal,1523188.0
04/07/2026,Chinese Super League,2026/2027,SHENYANG URBAN,CHONGQING TONGLIANG LONG,74,2P,Jeffinho,,,SHENYANG URBAN,Normal Goal,1523188.0
04/07/2026,Chinese Super League,2026/2027,SHENYANG URBAN,CHONGQING TONGLIANG LONG,83,2P,Jeffinho,,,SHENYANG URBAN,Normal Goal,1523188.0
04/07/2026,Chinese Super League,2026/2027,QINGDAO YOUTH ISLAND,SHANGHAI SIPG,84,2P,N. Da Luz,,,QINGDAO YOUTH ISLAND,Normal Goal,1523189.0
04/07/2026,Chinese Super League,2026/2027,QINGDAO YOUTH ISLAND,SHANGHAI SIPG,90,2P,Davidson,,,QINGDAO YOUTH ISLAND,Normal Goal,1523189.0
04/07/2026,Chinese Super League,2026/2027,QINGDAO YOUTH ISLAND,SHANGHAI SIPG,90,2P,M. Orr,,,SHANGHAI SIPG,Normal Goal,1523189.0
04/07/2026,Chinese Super League,2026/2027,BEIJING GUOAN,SHANDONG LUNENG,74,2P,Serginho,,,BEIJING GUOAN,Normal Goal,1523190.0
04/07/2026,Chinese Super League,2026/2027,BEIJING GUOAN,SHANDONG LUNENG,81,2P,Lin Liangming,,,BEIJING GUOAN,Normal Goal,1523190.0
04/07/2026,Chinese Super League,2026/2027,DALIAN ZHIXING,WUHAN THREE TOWNS,2,1P,K. Bevis,J. Cadiz,,WUHAN THREE TOWNS,Normal Goal,1523191.0
04/07/2026,Chinese Super League,2026/2027,DALIAN ZHIXING,WUHAN THREE TOWNS,44,1P,N. Stanciu,F. Acheampong,,DALIAN ZHIXING,Normal Goal,1523191.0
04/07/2026,Chinese Super League,2026/2027,DALIAN ZHIXING,WUHAN THREE TOWNS,45,1P,J. Cadiz,,,WUHAN THREE TOWNS,Penalty,1523191.0
04/07/2026,Chinese Super League,2026/2027,DALIAN ZHIXING,WUHAN THREE TOWNS,55,2P,Luo Jing,,,DALIAN ZHIXING,Normal Goal,1523191.0
04/07/2026,Chinese Super League,2026/2027,DALIAN ZHIXING,WUHAN THREE TOWNS,90,2P,C. Malele,Luo Jing,,DALIAN ZHIXING,Normal Goal,1523191.0
04/07/2026,Chinese Super League,2026/2027,TIANJIN TEDA,SICHUAN JIUNIU,26,1P,Guilherme Schettine,Ba Dun,,TIANJIN TEDA,Normal Goal,1523192.0
04/07/2026,Chinese Super League,2026/2027,TIANJIN TEDA,SICHUAN JIUNIU,90,2P,Xadas,A. Quiles,,TIANJIN TEDA,Normal Goal,1523192.0
04/07/2026,Chinese Super League,2026/2027,TIANJIN TEDA,SICHUAN JIUNIU,90,2P,Ji Shengpan,A. Quiles,,TIANJIN TEDA,Normal Goal,1523192.0
05/07/2026,Chinese Super League,2026/2027,QINGDAO JONOON,CHENGDU BETTER CITY,55,2P,Yang Ming-Yang,Felipe Silva,,CHENGDU BETTER CITY,Normal Goal,1523193.0
05/07/2026,Chinese Super League,2026/2027,QINGDAO JONOON,CHENGDU BETTER CITY,84,2P,Yang Cong,,,QINGDAO JONOON,Normal Goal,1523193.0
05/07/2026,Chinese Super League,2026/2027,SHANGHAI SHENHUA,HANGZHOU GREENTOWN,19,1P,Wu Xi,L. Asue,,SHANGHAI SHENHUA,Normal Goal,1523194.0
05/07/2026,Chinese Super League,2026/2027,SHANGHAI SHENHUA,HANGZHOU GREENTOWN,51,2P,Wu Xi,Zhu Chenjie,,SHANGHAI SHENHUA,Normal Goal,1523194.0
05/07/2026,Chinese Super League,2026/2027,SHANGHAI SHENHUA,HANGZHOU GREENTOWN,66,2P,Y. Wang,A. Mitrita,,HANGZHOU GREENTOWN,Normal Goal,1523194.0
05/07/2026,Chinese Super League,2026/2027,SHANGHAI SHENHUA,HANGZHOU GREENTOWN,79,2P,M. Tolic,Xu Junchi,,HANGZHOU GREENTOWN,Normal Goal,1523194.0
05/07/2026,Chinese Super League,2026/2027,SHANGHAI SHENHUA,HANGZHOU GREENTOWN,86,2P,Rafael Ratao,,,SHANGHAI SHENHUA,Penalty,1523194.0
10/07/2026,Chinese Super League,2026/2027,SHANDONG LUNENG,YUNNAN YUKUN,10,1P,Mijit Mewlan,Zeca,,SHANDONG LUNENG,Normal Goal,1523195.0
10/07/2026,Chinese Super League,2026/2027,SHANDONG LUNENG,YUNNAN YUKUN,16,1P,Zeca,Liu Yang,,SHANDONG LUNENG,Normal Goal,1523195.0
10/07/2026,Chinese Super League,2026/2027,SHANDONG LUNENG,YUNNAN YUKUN,26,1P,Zeca,Mijit Mewlan,,SHANDONG LUNENG,Normal Goal,1523195.0
10/07/2026,Chinese Super League,2026/2027,SHANDONG LUNENG,YUNNAN YUKUN,42,1P,A. Ionita II,O. Taty Maritu,,YUNNAN YUKUN,Normal Goal,1523195.0
10/07/2026,Chinese Super League,2026/2027,SHANDONG LUNENG,YUNNAN YUKUN,54,2P,Chen Pu,Zeca,,SHANDONG LUNENG,Normal Goal,1523195.0
10/07/2026,Chinese Super League,2026/2027,SHANDONG LUNENG,YUNNAN YUKUN,76,2P,Cleber,,,YUNNAN YUKUN,Penalty,1523195.0
10/07/2026,Chinese Super League,2026/2027,SHANDONG LUNENG,YUNNAN YUKUN,90,2P,Cleber,O. Taty Maritu,,YUNNAN YUKUN,Normal Goal,1523195.0
11/07/2026,Chinese Super League,2026/2027,SICHUAN JIUNIU,QINGDAO YOUTH ISLAND,30,1P,Yao Junsheng,Wesley Moraes,,SICHUAN JIUNIU,Normal Goal,1523199.0
11/07/2026,Chinese Super League,2026/2027,SICHUAN JIUNIU,QINGDAO YOUTH ISLAND,43,1P,Yang Yiming,,,SICHUAN JIUNIU,Normal Goal,1523199.0
11/07/2026,Chinese Super League,2026/2027,SICHUAN JIUNIU,QINGDAO YOUTH ISLAND,54,2P,Gabriel Xavier,,,SICHUAN JIUNIU,Normal Goal,1523199.0
11/07/2026,Chinese Super League,2026/2027,CHENGDU BETTER CITY,CHONGQING TONGLIANG LONG,35,1P,Felipe Silva,,,CHENGDU BETTER CITY,Normal Goal,1523200.0
11/07/2026,Chinese Super League,2026/2027,CHENGDU BETTER CITY,CHONGQING TONGLIANG LONG,49,2P,L. Dimata,,,CHONGQING TONGLIANG LONG,Normal Goal,1523200.0
14/07/2026,Chinese Super League,2026/2027,HANGZHOU GREENTOWN,QINGDAO JONOON,24,1P,A. Mitrita,,,HANGZHOU GREENTOWN,Normal Goal,1523197.0
14/07/2026,Chinese Super League,2026/2027,HANGZHOU GREENTOWN,QINGDAO JONOON,50,2P,M. Tolic,,,HANGZHOU GREENTOWN,Normal Goal,1523197.0
14/07/2026,Chinese Super League,2026/2027,HANGZHOU GREENTOWN,QINGDAO JONOON,58,2P,N. Andjelkovic,,,QINGDAO JONOON,Normal Goal,1523197.0
14/07/2026,Chinese Super League,2026/2027,HANGZHOU GREENTOWN,QINGDAO JONOON,71,2P,M. Edjouma,,,QINGDAO JONOON,Penalty,1523197.0
14/07/2026,Chinese Super League,2026/2027,HANGZHOU GREENTOWN,QINGDAO JONOON,90,2P,Tao Qianglong,,,HANGZHOU GREENTOWN,Normal Goal,1523197.0
17/07/2026,Chinese Super League,2026/2027,QINGDAO YOUTH ISLAND,CHENGDU BETTER CITY,23,1P,N. Da Luz,,,QINGDAO YOUTH ISLAND,Normal Goal,1523207.0
17/07/2026,Chinese Super League,2026/2027,QINGDAO YOUTH ISLAND,CHENGDU BETTER CITY,76,2P,Felipe Silva,,,CHENGDU BETTER CITY,Normal Goal,1523207.0
17/07/2026,Chinese Super League,2026/2027,BEIJING GUOAN,SHENYANG URBAN,24,1P,Serginho,A. Konte,,BEIJING GUOAN,Normal Goal,1523203.0
17/07/2026,Chinese Super League,2026/2027,BEIJING GUOAN,SHENYANG URBAN,56,2P,T. Kunimoto,Chen Binbin,,SHENYANG URBAN,Normal Goal,1523203.0
17/07/2026,Chinese Super League,2026/2027,HENAN JIANYE,QINGDAO JONOON,19,1P,Iago Maidana,Bruno Nazario,,HENAN JIANYE,Normal Goal,1523204.0
17/07/2026,Chinese Super League,2026/2027,HENAN JIANYE,QINGDAO JONOON,24,1P,Bruno Nazario,Haliq Ablahan,,HENAN JIANYE,Normal Goal,1523204.0
17/07/2026,Chinese Super League,2026/2027,HENAN JIANYE,QINGDAO JONOON,50,2P,Gustavo,,,HENAN JIANYE,Normal Goal,1523204.0
17/07/2026,Chinese Super League,2026/2027,HENAN JIANYE,QINGDAO JONOON,60,2P,Bruno Nazario,,,HENAN JIANYE,Penalty,1523204.0
17/07/2026,Chinese Super League,2026/2027,HENAN JIANYE,QINGDAO JONOON,67,2P,M. Edjouma,Luo Senwen,,QINGDAO JONOON,Normal Goal,1523204.0
17/07/2026,Chinese Super League,2026/2027,HENAN JIANYE,QINGDAO JONOON,70,2P,Gustavo,Pedro Maranhao,,HENAN JIANYE,Normal Goal,1523204.0
17/07/2026,Chinese Super League,2026/2027,YUNNAN YUKUN,SHANGHAI SIPG,36,1P,Wei Zhen,,,SHANGHAI SIPG,Normal Goal,1523205.0
17/07/2026,Chinese Super League,2026/2027,YUNNAN YUKUN,SHANGHAI SIPG,40,1P,Yue Xin,,,SHANGHAI SIPG,Normal Goal,1523205.0
17/07/2026,Chinese Super League,2026/2027,YUNNAN YUKUN,SHANGHAI SIPG,49,2P,O. Taty Maritu,,,YUNNAN YUKUN,Normal Goal,1523205.0
17/07/2026,Chinese Super League,2026/2027,YUNNAN YUKUN,SHANGHAI SIPG,53,2P,Abdusalam Bunyamin,,,YUNNAN YUKUN,Normal Goal,1523205.0
18/07/2026,Chinese Super League,2026/2027,CHONGQING TONGLIANG LONG,HANGZHOU GREENTOWN,21,1P,Y. Wang,A. Mitrita,,HANGZHOU GREENTOWN,Normal Goal,1523206.0
18/07/2026,Chinese Super League,2026/2027,CHONGQING TONGLIANG LONG,HANGZHOU GREENTOWN,81,2P,L. Dimata,G. Cimpanu,,CHONGQING TONGLIANG LONG,Normal Goal,1523206.0
18/07/2026,Chinese Super League,2026/2027,SHANGHAI SHENHUA,TIANJIN TEDA,75,2P,Xadas,,,TIANJIN TEDA,Normal Goal,1523209.0
18/07/2026,Chinese Super League,2026/2027,SHANGHAI SHENHUA,TIANJIN TEDA,81,2P,A. Quiles,,,TIANJIN TEDA,Normal Goal,1523209.0
18/07/2026,Chinese Super League,2026/2027,DALIAN ZHIXING,SHANDONG LUNENG,16,1P,F. Acheampong,C. Malele,,DALIAN ZHIXING,Normal Goal,1523208.0
18/07/2026,Chinese Super League,2026/2027,DALIAN ZHIXING,SHANDONG LUNENG,22,1P,C. Malele,,,DALIAN ZHIXING,Normal Goal,1523208.0
18/07/2026,Chinese Super League,2026/2027,DALIAN ZHIXING,SHANDONG LUNENG,36,1P,V. Qazaishvili,Chen Pu,,SHANDONG LUNENG,Normal Goal,1523208.0
18/07/2026,Chinese Super League,2026/2027,DALIAN ZHIXING,SHANDONG LUNENG,56,2P,N. Stanciu,F. Acheampong,,DALIAN ZHIXING,Normal Goal,1523208.0
18/07/2026,Chinese Super League,2026/2027,WUHAN THREE TOWNS,SICHUAN JIUNIU,35,1P,J. Xiong,,,WUHAN THREE TOWNS,Normal Goal,1523210.0
18/07/2026,Chinese Super League,2026/2027,WUHAN THREE TOWNS,SICHUAN JIUNIU,45,1P,Wang Jinxian,,,WUHAN THREE TOWNS,Normal Goal,1523210.0
25/07/2026,Chinese Super League,2026/2027,QINGDAO JONOON,TIANJIN TEDA,33,1P,Guilherme Schettine,,,TIANJIN TEDA,Normal Goal,1523211.0
25/07/2026,Chinese Super League,2026/2027,QINGDAO JONOON,TIANJIN TEDA,90,2P,A. Quiles,,,TIANJIN TEDA,Normal Goal,1523211.0
25/07/2026,Chinese Super League,2026/2027,SHANGHAI SIPG,SHANGHAI SHENHUA,28,1P,Leonardo,,,SHANGHAI SIPG,Normal Goal,1523213.0
25/07/2026,Chinese Super League,2026/2027,SHANGHAI SIPG,SHANGHAI SHENHUA,36,1P,X. Li,,,SHANGHAI SIPG,Normal Goal,1523213.0
25/07/2026,Chinese Super League,2026/2027,SHENYANG URBAN,QINGDAO YOUTH ISLAND,73,2P,Yang Zhanpeng,,,QINGDAO YOUTH ISLAND,Normal Goal,1523212.0
25/07/2026,Chinese Super League,2026/2027,WUHAN THREE TOWNS,CHONGQING TONGLIANG LONG,40,1P,Gustavo Sauer,,,WUHAN THREE TOWNS,Normal Goal,1523214.0
26/07/2026,Chinese Super League,2026/2027,YUNNAN YUKUN,SICHUAN JIUNIU,17,1P,T. Chow,Wesley Moraes,,SICHUAN JIUNIU,Normal Goal,1523215.0
26/07/2026,Chinese Super League,2026/2027,YUNNAN YUKUN,SICHUAN JIUNIU,23,1P,Caio Vinicius,Shi Ke,,YUNNAN YUKUN,Normal Goal,1523215.0
26/07/2026,Chinese Super League,2026/2027,YUNNAN YUKUN,SICHUAN JIUNIU,37,1P,O. Taty Maritu,Abdusalam Bunyamin,,YUNNAN YUKUN,Normal Goal,1523215.0
26/07/2026,Chinese Super League,2026/2027,YUNNAN YUKUN,SICHUAN JIUNIU,56,2P,Abdusalam Bunyamin,O. Taty Maritu,,YUNNAN YUKUN,Normal Goal,1523215.0
26/07/2026,Chinese Super League,2026/2027,YUNNAN YUKUN,SICHUAN JIUNIU,90,2P,Wesley Moraes,,,SICHUAN JIUNIU,Penalty,1523215.0
26/07/2026,Chinese Super League,2026/2027,YUNNAN YUKUN,SICHUAN JIUNIU,90,2P,J. Saeter,,,SICHUAN JIUNIU,Own Goal,1523215.0
26/07/2026,Chinese Super League,2026/2027,YUNNAN YUKUN,SICHUAN JIUNIU,90,2P,Caio Vinicius,,,YUNNAN YUKUN,Normal Goal,1523215.0
26/07/2026,Chinese Super League,2026/2027,SHANDONG LUNENG,HENAN JIANYE,30,1P,Bruno Nazario,Pedro Maranhao,,HENAN JIANYE,Normal Goal,1523217.0
26/07/2026,Chinese Super League,2026/2027,SHANDONG LUNENG,HENAN JIANYE,45,1P,Lucas Maia,Bruno Nazario,,HENAN JIANYE,Normal Goal,1523217.0
26/07/2026,Chinese Super League,2026/2027,SHANDONG LUNENG,HENAN JIANYE,57,2P,Cryzan,Shi Songchen,,SHANDONG LUNENG,Normal Goal,1523217.0
26/07/2026,Chinese Super League,2026/2027,CHENGDU BETTER CITY,BEIJING GUOAN,52,2P,Zhang Yuning,F. Abreu,,BEIJING GUOAN,Normal Goal,1523216.0
26/07/2026,Chinese Super League,2026/2027,CHENGDU BETTER CITY,BEIJING GUOAN,70,2P,Zhang Yuning,Jia Feifan,,BEIJING GUOAN,Normal Goal,1523216.0
26/07/2026,Chinese Super League,2026/2027,CHENGDU BETTER CITY,BEIJING GUOAN,87,2P,Felipe Silva,Wellington Silva,,CHENGDU BETTER CITY,Normal Goal,1523216.0
26/07/2026,Chinese Super League,2026/2027,CHENGDU BETTER CITY,BEIJING GUOAN,90,2P,E. Sorokin,Wei Shihao,,CHENGDU BETTER CITY,Normal Goal,1523216.0
26/07/2026,Chinese Super League,2026/2027,HANGZHOU GREENTOWN,DALIAN ZHIXING,37,1P,Y. Wang,Cheng Jin,,HANGZHOU GREENTOWN,Normal Goal,1523218.0
26/07/2026,Chinese Super League,2026/2027,HANGZHOU GREENTOWN,DALIAN ZHIXING,54,2P,M. Tolic,A. Mitrita,,HANGZHOU GREENTOWN,Normal Goal,1523218.0
26/07/2026,Chinese Super League,2026/2027,HANGZHOU GREENTOWN,DALIAN ZHIXING,56,2P,I. Alimi,C. Malele,,DALIAN ZHIXING,Normal Goal,1523218.0
26/07/2026,Chinese Super League,2026/2027,HANGZHOU GREENTOWN,DALIAN ZHIXING,75,2P,W. Mao,Yang Mingrui,,DALIAN ZHIXING,Normal Goal,1523218.0
26/07/2026,Chinese Super League,2026/2027,HANGZHOU GREENTOWN,DALIAN ZHIXING,77,2P,Felippe Cardoso,Tao Qianglong,,HANGZHOU GREENTOWN,Normal Goal,1523218.0
31/07/2026,Chinese Super League,2026/2027,HENAN JIANYE,DALIAN ZHIXING,27,1P,Gustavo,Zhong Yihao,,HENAN JIANYE,Normal Goal,1523219.0
31/07/2026,Chinese Super League,2026/2027,HENAN JIANYE,DALIAN ZHIXING,53,2P,Yang Mingrui,N. Stanciu,,DALIAN ZHIXING,Normal Goal,1523219.0
01/08/2026,Chinese Super League,2026/2027,TIANJIN TEDA,YUNNAN YUKUN,32,1P,Caio Vinicius,Abdusalam Bunyamin,,YUNNAN YUKUN,Normal Goal,1523220.0
01/08/2026,Chinese Super League,2026/2027,TIANJIN TEDA,YUNNAN YUKUN,61,2P,O. Taty Maritu,A. Ionita II,,YUNNAN YUKUN,Normal Goal,1523220.0
01/08/2026,Chinese Super League,2026/2027,TIANJIN TEDA,YUNNAN YUKUN,84,2P,Ji Shengpan,,,TIANJIN TEDA,Normal Goal,1523220.0
01/08/2026,Chinese Super League,2026/2027,TIANJIN TEDA,YUNNAN YUKUN,90,2P,C. Salvador,Xadas,,TIANJIN TEDA,Normal Goal,1523220.0
01/08/2026,Chinese Super League,2026/2027,TIANJIN TEDA,YUNNAN YUKUN,90,2P,A. Quiles,J. Liu,,TIANJIN TEDA,Normal Goal,1523220.0
01/08/2026,Chinese Super League,2026/2027,BEIJING GUOAN,HANGZHOU GREENTOWN,8,1P,F. Abreu,,,BEIJING GUOAN,Penalty,1523221.0
01/08/2026,Chinese Super League,2026/2027,BEIJING GUOAN,HANGZHOU GREENTOWN,12,1P,Cheng Jin,Y. Wang,,HANGZHOU GREENTOWN,Normal Goal,1523221.0
01/08/2026,Chinese Super League,2026/2027,BEIJING GUOAN,HANGZHOU GREENTOWN,82,2P,Zhang Xizhe,Serginho,,BEIJING GUOAN,Normal Goal,1523221.0
01/08/2026,Chinese Super League,2026/2027,SHANGHAI SIPG,SHANDONG LUNENG,5,1P,Zeca,Mijit Mewlan,,SHANDONG LUNENG,Normal Goal,1523222.0
01/08/2026,Chinese Super League,2026/2027,SHANGHAI SIPG,SHANDONG LUNENG,78,2P,Mateus Vital,,,SHANGHAI SIPG,Missed Penalty,1523222.0
01/08/2026,Chinese Super League,2026/2027,CHENGDU BETTER CITY,WUHAN THREE TOWNS,49,2P,Li Ang,,,WUHAN THREE TOWNS,Normal Goal,1523223.0
01/08/2026,Chinese Super League,2026/2027,CHENGDU BETTER CITY,WUHAN THREE TOWNS,89,2P,Wei Shihao,,,CHENGDU BETTER CITY,Penalty,1523223.0
02/08/2026,Chinese Super League,2026/2027,QINGDAO YOUTH ISLAND,QINGDAO JONOON,40,1P,Peng Xinli,Dong Yu,,QINGDAO YOUTH ISLAND,Normal Goal,1523225.0
02/08/2026,Chinese Super League,2026/2027,QINGDAO YOUTH ISLAND,QINGDAO JONOON,64,2P,S. Memisevic,Davidson,,QINGDAO YOUTH ISLAND,Normal Goal,1523225.0
02/08/2026,Chinese Super League,2026/2027,SHENYANG URBAN,SHANGHAI SHENHUA,9,1P,Jeffinho,Yan Dinghao,,SHENYANG URBAN,Normal Goal,1523226.0
02/08/2026,Chinese Super League,2026/2027,SHENYANG URBAN,SHANGHAI SHENHUA,32,1P,T. Kunimoto,,,SHENYANG URBAN,Penalty,1523226.0
02/08/2026,Chinese Super League,2026/2027,SHENYANG URBAN,SHANGHAI SHENHUA,71,2P,Saulo Mineiro,,,SHANGHAI SHENHUA,Penalty,1523226.0
02/08/2026,Chinese Super League,2026/2027,SHENYANG URBAN,SHANGHAI SHENHUA,86,2P,Jeffinho,T. Kunimoto,,SHENYANG URBAN,Normal Goal,1523226.0
02/08/2026,Chinese Super League,2026/2027,SICHUAN JIUNIU,CHONGQING TONGLIANG LONG,63,2P,Jiang Zhipeng,Li Ning,,SICHUAN JIUNIU,Normal Goal,1523224.0
02/08/2026,Chinese Super League,2026/2027,SICHUAN JIUNIU,CHONGQING TONGLIANG LONG,68,2P,Wesley Moraes,,,SICHUAN JIUNIU,Missed Penalty,1523224.0
02/08/2026,Chinese Super League,2026/2027,SICHUAN JIUNIU,CHONGQING TONGLIANG LONG,76,2P,Wesley Moraes,A. Ademi,,SICHUAN JIUNIU,Normal Goal,1523224.0
07/08/2026,Chinese Super League,2026/2027,BEIJING GUOAN,SICHUAN JIUNIU,16,1P,Zhang Yuning,,,BEIJING GUOAN,Normal Goal,1523227.0
07/08/2026,Chinese Super League,2026/2027,BEIJING GUOAN,SICHUAN JIUNIU,26,1P,T. Chow,,,BEIJING GUOAN,Own Goal,1523227.0
07/08/2026,Chinese Super League,2026/2027,BEIJING GUOAN,SICHUAN JIUNIU,51,2P,Dawhan,Zhang Yuning,,BEIJING GUOAN,Normal Goal,1523227.0
07/08/2026,Chinese Super League,2026/2027,BEIJING GUOAN,SICHUAN JIUNIU,79,2P,F. Abreu,,,BEIJING GUOAN,Normal Goal,1523227.0
08/08/2026,Chinese Super League,2026/2027,QINGDAO JONOON,SHANGHAI SHENHUA,54,2P,Xu Haoyang,L. Asue,,SHANGHAI SHENHUA,Normal Goal,1523228.0
08/08/2026,Chinese Super League,2026/2027,DALIAN ZHIXING,SHENYANG URBAN,15,1P,N. Stanciu,Lu Zhuoyi,,DALIAN ZHIXING,Normal Goal,1523229.0
08/08/2026,Chinese Super League,2026/2027,YUNNAN YUKUN,CHENGDU BETTER CITY,48,2P,O. Taty Maritu,A. Ionita II,,YUNNAN YUKUN,Normal Goal,1523231.0
09/08/2026,Chinese Super League,2026/2027,CHONGQING TONGLIANG LONG,SHANGHAI SIPG,19,1P,Xiang Yuwang,,,CHONGQING TONGLIANG LONG,Penalty,1523233.0
09/08/2026,Chinese Super League,2026/2027,CHONGQING TONGLIANG LONG,SHANGHAI SIPG,29,1P,Leonardo,A. Yang,,SHANGHAI SIPG,Normal Goal,1523233.0
09/08/2026,Chinese Super League,2026/2027,CHONGQING TONGLIANG LONG,SHANGHAI SIPG,39,1P,Wei Zhen,,,SHANGHAI SIPG,Penalty,1523233.0
09/08/2026,Chinese Super League,2026/2027,CHONGQING TONGLIANG LONG,SHANGHAI SIPG,45,1P,M. Ngadeu,Zhang Zhixiong,,CHONGQING TONGLIANG LONG,Normal Goal,1523233.0
09/08/2026,Chinese Super League,2026/2027,CHONGQING TONGLIANG LONG,SHANGHAI SIPG,51,2P,Leonardo,Yue Xin,,SHANGHAI SIPG,Normal Goal,1523233.0
09/08/2026,Chinese Super League,2026/2027,SHANDONG LUNENG,TIANJIN TEDA,79,2P,Xadas,,,TIANJIN TEDA,Normal Goal,1523234.0
09/08/2026,Chinese Super League,2026/2027,SHANDONG LUNENG,TIANJIN TEDA,84,2P,Liu Yang,,,SHANDONG LUNENG,Normal Goal,1523234.0
09/08/2026,Chinese Super League,2026/2027,SHANDONG LUNENG,TIANJIN TEDA,90,2P,Cryzan,,,SHANDONG LUNENG,Normal Goal,1523234.0
14/08/2026,Chinese Super League,2026/2027,SHANDONG LUNENG,QINGDAO JONOON,8,1P,Cryzan,V. Qazaishvili,,SHANDONG LUNENG,Normal Goal,1523235.0
14/08/2026,Chinese Super League,2026/2027,SHANDONG LUNENG,QINGDAO JONOON,12,1P,Liu Yang,,,SHANDONG LUNENG,Normal Goal,1523235.0
14/08/2026,Chinese Super League,2026/2027,SHANDONG LUNENG,QINGDAO JONOON,13,1P,Jin Yonghao,Lin Chuangyi,,QINGDAO JONOON,Normal Goal,1523235.0
14/08/2026,Chinese Super League,2026/2027,SHANDONG LUNENG,QINGDAO JONOON,65,2P,R. Merkies,,,SHANDONG LUNENG,Normal Goal,1523235.0
14/08/2026,Chinese Super League,2026/2027,WUHAN THREE TOWNS,SHANGHAI SIPG,3,1P,J. Cadiz,K. Bevis,,WUHAN THREE TOWNS,Normal Goal,1523236.0
14/08/2026,Chinese Super League,2026/2027,WUHAN THREE TOWNS,SHANGHAI SIPG,50,2P,Wei Zhen,Mateus Vital,,SHANGHAI SIPG,Normal Goal,1523236.0
14/08/2026,Chinese Super League,2026/2027,WUHAN THREE TOWNS,SHANGHAI SIPG,55,2P,P. O. Ampem,,,SHANGHAI SIPG,Normal Goal,1523236.0
14/08/2026,Chinese Super League,2026/2027,WUHAN THREE TOWNS,SHANGHAI SIPG,59,2P,P. O. Ampem,O. Melendo,,SHANGHAI SIPG,Normal Goal,1523236.0
14/08/2026,Chinese Super League,2026/2027,WUHAN THREE TOWNS,SHANGHAI SIPG,75,2P,A. Leautey,Long Wei,,WUHAN THREE TOWNS,Normal Goal,1523236.0
15/08/2026,Chinese Super League,2026/2027,SHENYANG URBAN,SICHUAN JIUNIU,11,1P,Jeffinho,,,SHENYANG URBAN,Penalty,1523238.0
15/08/2026,Chinese Super League,2026/2027,SHENYANG URBAN,SICHUAN JIUNIU,31,1P,A. Ademi,Wesley Moraes,,SICHUAN JIUNIU,Normal Goal,1523238.0
15/08/2026,Chinese Super League,2026/2027,SHENYANG URBAN,SICHUAN JIUNIU,90,2P,Jiang Zhipeng,,,SICHUAN JIUNIU,Normal Goal,1523238.0
15/08/2026,Chinese Super League,2026/2027,TIANJIN TEDA,BEIJING GUOAN,16,1P,F. Abreu,Yue Tze-Nam,,BEIJING GUOAN,Normal Goal,1523239.0
15/08/2026,Chinese Super League,2026/2027,TIANJIN TEDA,BEIJING GUOAN,45,1P,Dawhan,F. Abreu,,BEIJING GUOAN,Normal Goal,1523239.0
15/08/2026,Chinese Super League,2026/2027,TIANJIN TEDA,BEIJING GUOAN,49,2P,Cao Yongjing,,,BEIJING GUOAN,Normal Goal,1523239.0
15/08/2026,Chinese Super League,2026/2027,TIANJIN TEDA,BEIJING GUOAN,53,2P,F. Abreu,Serginho,,BEIJING GUOAN,Normal Goal,1523239.0
15/08/2026,Chinese Super League,2026/2027,TIANJIN TEDA,BEIJING GUOAN,70,2P,J. Liu,,,TIANJIN TEDA,Normal Goal,1523239.0
15/08/2026,Chinese Super League,2026/2027,TIANJIN TEDA,BEIJING GUOAN,87,2P,A. Quiles,Xadas,,TIANJIN TEDA,Normal Goal,1523239.0
15/08/2026,Chinese Super League,2026/2027,HANGZHOU GREENTOWN,CHENGDU BETTER CITY,4,1P,Park Jin-Seob,Cheng Jin,,HANGZHOU GREENTOWN,Normal Goal,1523240.0
15/08/2026,Chinese Super League,2026/2027,HANGZHOU GREENTOWN,CHENGDU BETTER CITY,21,1P,A. Mitrita,,,HANGZHOU GREENTOWN,Penalty,1523240.0
15/08/2026,Chinese Super League,2026/2027,HANGZHOU GREENTOWN,CHENGDU BETTER CITY,42,1P,Felipe Silva,Wang Ziming,,CHENGDU BETTER CITY,Normal Goal,1523240.0
15/08/2026,Chinese Super League,2026/2027,HANGZHOU GREENTOWN,CHENGDU BETTER CITY,69,2P,Felipe Silva,H. Hu,,CHENGDU BETTER CITY,Normal Goal,1523240.0
15/08/2026,Chinese Super League,2026/2027,HANGZHOU GREENTOWN,CHENGDU BETTER CITY,90,2P,Abduweli Behram,Wei Shihao,,CHENGDU BETTER CITY,Normal Goal,1523240.0
15/08/2026,Chinese Super League,2026/2027,SHANGHAI SHENHUA,HENAN JIANYE,5,1P,Zhong Yihao,,,HENAN JIANYE,Normal Goal,1523241.0
15/08/2026,Chinese Super League,2026/2027,SHANGHAI SHENHUA,HENAN JIANYE,45,1P,Rafael Ratao,J. Teixeira,,SHANGHAI SHENHUA,Normal Goal,1523241.0
15/08/2026,Chinese Super League,2026/2027,SHANGHAI SHENHUA,HENAN JIANYE,56,2P,L. Asue,Rafael Ratao,,SHANGHAI SHENHUA,Normal Goal,1523241.0
15/08/2026,Chinese Super League,2026/2027,SHANGHAI SHENHUA,HENAN JIANYE,71,2P,Gao Tianyi,Xie Pengfei,,SHANGHAI SHENHUA,Normal Goal,1523241.0
15/08/2026,Chinese Super League,2026/2027,SHANGHAI SHENHUA,HENAN JIANYE,83,2P,Saulo Mineiro,Gao Tianyi,,SHANGHAI SHENHUA,Normal Goal,1523241.0
15/08/2026,Chinese Super League,2026/2027,YUNNAN YUKUN,DALIAN ZHIXING,13,1P,F. Acheampong,N. Stanciu,,DALIAN ZHIXING,Normal Goal,1523242.0
15/08/2026,Chinese Super League,2026/2027,YUNNAN YUKUN,DALIAN ZHIXING,72,2P,Cleber,,,YUNNAN YUKUN,Normal Goal,1523242.0
15/08/2026,Chinese Super League,2026/2027,YUNNAN YUKUN,DALIAN ZHIXING,81,2P,O. Taty Maritu,Duan Liuyu,,YUNNAN YUKUN,Normal Goal,1523242.0
15/08/2026,Chinese Super League,2026/2027,YUNNAN YUKUN,DALIAN ZHIXING,90,2P,O. Taty Maritu,Duan Liuyu,,YUNNAN YUKUN,Normal Goal,1523242.0
18/08/2026,Chinese Super League,2026/2027,SHANGHAI SHENHUA,BEIJING GUOAN,42,1P,G. Ramos,,,BEIJING GUOAN,Normal Goal,1523198.0
18/08/2026,Chinese Super League,2026/2027,SHANGHAI SHENHUA,BEIJING GUOAN,73,2P,Cao Yongjing,,,BEIJING GUOAN,Normal Goal,1523198.0
18/08/2026,Chinese Super League,2026/2027,SHANGHAI SHENHUA,BEIJING GUOAN,86,2P,Zhang Xizhe,,,BEIJING GUOAN,Normal Goal,1523198.0
19/08/2026,Chinese Super League,2026/2027,SHANGHAI SIPG,DALIAN ZHIXING,22,1P,N. Stanciu,,,DALIAN ZHIXING,Penalty,1523202.0
19/08/2026,Chinese Super League,2026/2027,SHANGHAI SIPG,DALIAN ZHIXING,86,2P,Zhen Wei,,,SHANGHAI SIPG,Missed Penalty,1523202.0
19/08/2026,Chinese Super League,2026/2027,SHANGHAI SIPG,DALIAN ZHIXING,90,2P,X. Li,,,SHANGHAI SIPG,Normal Goal,1523202.0
22/08/2026,Chinese Super League,2026/2027,CHENGDU BETTER CITY,SHANGHAI SHENHUA,2,1P,He Yiran,,,CHENGDU BETTER CITY,Normal Goal,1523244.0
22/08/2026,Chinese Super League,2026/2027,CHENGDU BETTER CITY,SHANGHAI SHENHUA,21,1P,Luís Asué,João Carlos Teixeira,,SHANGHAI SHENHUA,Normal Goal,1523244.0
22/08/2026,Chinese Super League,2026/2027,CHENGDU BETTER CITY,SHANGHAI SHENHUA,35,1P,Wellington Silva,Wang Ziming,,CHENGDU BETTER CITY,Normal Goal,1523244.0
22/08/2026,Chinese Super League,2026/2027,CHENGDU BETTER CITY,SHANGHAI SHENHUA,51,2P,Luís Asué,,,SHANGHAI SHENHUA,Normal Goal,1523244.0
22/08/2026,Chinese Super League,2026/2027,CHENGDU BETTER CITY,SHANGHAI SHENHUA,53,2P,Rafael Ratão,Luís Asué,,SHANGHAI SHENHUA,Normal Goal,1523244.0
22/08/2026,Chinese Super League,2026/2027,CHENGDU BETTER CITY,SHANGHAI SHENHUA,67,2P,Luís Asué,Wu Xi,,SHANGHAI SHENHUA,Normal Goal,1523244.0
22/08/2026,Chinese Super League,2026/2027,CHENGDU BETTER CITY,SHANGHAI SHENHUA,74,2P,Xie Pengfei,Shinichi Chan,,SHANGHAI SHENHUA,Normal Goal,1523244.0
22/08/2026,Chinese Super League,2026/2027,CHENGDU BETTER CITY,SHANGHAI SHENHUA,82,2P,Felipe Silva,,,CHENGDU BETTER CITY,Penalty,1523244.0
22/08/2026,Chinese Super League,2026/2027,CHENGDU BETTER CITY,SHANGHAI SHENHUA,90,2P,Felipe Silva,,,CHENGDU BETTER CITY,Penalty,1523244.0
22/08/2026,Chinese Super League,2026/2027,SICHUAN JIUNIU,HANGZHOU GREENTOWN,58,2P,Dalong Xia,,,SICHUAN JIUNIU,Normal Goal,1523245.0
22/08/2026,Chinese Super League,2026/2027,SICHUAN JIUNIU,HANGZHOU GREENTOWN,83,2P,Felippe Cardoso,,,HANGZHOU GREENTOWN,Normal Goal,1523245.0
22/08/2026,Chinese Super League,2026/2027,BEIJING GUOAN,YUNNAN YUKUN,36,1P,Dawhan,,,BEIJING GUOAN,Normal Goal,1523246.0
22/08/2026,Chinese Super League,2026/2027,BEIJING GUOAN,YUNNAN YUKUN,50,2P,Zhang Yuning,,,BEIJING GUOAN,Normal Goal,1523246.0
22/08/2026,Chinese Super League,2026/2027,BEIJING GUOAN,YUNNAN YUKUN,58,2P,Bunyamin Abdusalam,,,YUNNAN YUKUN,Normal Goal,1523246.0
22/08/2026,Chinese Super League,2026/2027,BEIJING GUOAN,YUNNAN YUKUN,65,2P,Oscar Taty Maritu,,,YUNNAN YUKUN,Normal Goal,1523246.0
22/08/2026,Chinese Super League,2026/2027,BEIJING GUOAN,YUNNAN YUKUN,69,2P,Sai Erjini'ao,,,BEIJING GUOAN,Normal Goal,1523246.0
22/08/2026,Chinese Super League,2026/2027,BEIJING GUOAN,YUNNAN YUKUN,90,2P,Alexandru Ioniță,,,YUNNAN YUKUN,Normal Goal,1523246.0
22/08/2026,Chinese Super League,2026/2027,QINGDAO YOUTH ISLAND,SHANDONG LUNENG,5,1P,Aziz,,,QINGDAO YOUTH ISLAND,Normal Goal,1523247.0
22/08/2026,Chinese Super League,2026/2027,QINGDAO YOUTH ISLAND,SHANDONG LUNENG,82,2P,Davidson,,,QINGDAO YOUTH ISLAND,Normal Goal,1523247.0
23/08/2026,Chinese Super League,2026/2027,SHENYANG URBAN,HENAN JIANYE,39,1P,Lucas Maia,,,HENAN JIANYE,Normal Goal,1523248.0
23/08/2026,Chinese Super League,2026/2027,SHENYANG URBAN,HENAN JIANYE,44,1P,Gustavo,,,HENAN JIANYE,Normal Goal,1523248.0
23/08/2026,Chinese Super League,2026/2027,SHENYANG URBAN,HENAN JIANYE,46,2P,Jeffinho,,,SHENYANG URBAN,Normal Goal,1523248.0
23/08/2026,Chinese Super League,2026/2027,SHENYANG URBAN,HENAN JIANYE,57,2P,Gustavo,,,HENAN JIANYE,Normal Goal,1523248.0
23/08/2026,Chinese Super League,2026/2027,SHENYANG URBAN,HENAN JIANYE,60,2P,Gustavo,,,HENAN JIANYE,Normal Goal,1523248.0
23/08/2026,Chinese Super League,2026/2027,SHENYANG URBAN,HENAN JIANYE,63,2P,Zang Yifeng,,,SHENYANG URBAN,Normal Goal,1523248.0
23/08/2026,Chinese Super League,2026/2027,SHENYANG URBAN,HENAN JIANYE,69,2P,H. Zhang,,,SHENYANG URBAN,Normal Goal,1523248.0
23/08/2026,Chinese Super League,2026/2027,SHENYANG URBAN,HENAN JIANYE,89,2P,T. Kunimoto,,,SHENYANG URBAN,Penalty,1523248.0
23/08/2026,Chinese Super League,2026/2027,SHANGHAI SIPG,QINGDAO JONOON,17,1P,C. Strandberg,,,QINGDAO JONOON,Normal Goal,1523249.0
23/08/2026,Chinese Super League,2026/2027,SHANGHAI SIPG,QINGDAO JONOON,44,1P,Wu Lei,A. Yang,,SHANGHAI SIPG,Normal Goal,1523249.0
23/08/2026,Chinese Super League,2026/2027,SHANGHAI SIPG,QINGDAO JONOON,67,2P,Wu Lei,,,SHANGHAI SIPG,Penalty,1523249.0
14/03/2026,K League 1,2026/2027,DAEJEON CITIZEN,GIMCHEON SANGMU FC,41,1P,G. Lee,,,GIMCHEON SANGMU FC,Normal Goal,1506909.0
14/03/2026,K League 1,2026/2027,DAEJEON CITIZEN,GIMCHEON SANGMU FC,68,2P,Ha Chang-Rae,,,DAEJEON CITIZEN,Normal Goal,1506909.0
21/03/2026,K League 1,2026/2027,DAEJEON CITIZEN,JEONBUK MOTORS,45,1P,Lee Dong-Jun,,,JEONBUK MOTORS,Normal Goal,1506920.0
11/04/2026,K League 1,2026/2027,GWANGJU FC,BUCHEON FC 1995,54,2P,Galego,,,BUCHEON FC 1995,Normal Goal,1506934.0
11/04/2026,K League 1,2026/2027,INCHEON UNITED,ULSAN HYUNDAI FC,23,1P,Yago Cariello,,,ULSAN HYUNDAI FC,Normal Goal,1506935.0
11/04/2026,K League 1,2026/2027,INCHEON UNITED,ULSAN HYUNDAI FC,71,2P,S. Mugosa,,,INCHEON UNITED,Normal Goal,1506935.0
11/04/2026,K League 1,2026/2027,INCHEON UNITED,ULSAN HYUNDAI FC,90,2P,Marcao,,,ULSAN HYUNDAI FC,Normal Goal,1506935.0
18/04/2026,K League 1,2026/2027,FC SEOUL,DAEJEON CITIZEN,16,1P,Yu Kang-Hyun,,,DAEJEON CITIZEN,Normal Goal,1506939.0
25/04/2026,K League 1,2026/2027,GANGWON FC,FC SEOUL,42,1P,H. Babec,,,FC SEOUL,Normal Goal,1506950.0
25/04/2026,K League 1,2026/2027,GANGWON FC,FC SEOUL,81,2P,Lee Seung-Mo,,,FC SEOUL,Normal Goal,1506950.0
09/05/2026,K League 1,2026/2027,DAEJEON CITIZEN,POHANG STEELERS,68,2P,J. da Rocha Junior,,,POHANG STEELERS,Normal Goal,1506971.0
09/05/2026,K League 1,2026/2027,DAEJEON CITIZEN,POHANG STEELERS,90,2P,J. da Rocha Junior,,,POHANG STEELERS,Normal Goal,1506971.0
17/05/2026,K League 1,2026/2027,JEJU UNITED FC,FC ANYANG,35,1P,Kim Dong-Jin,,,FC ANYANG,Normal Goal,1506982.0
17/05/2026,K League 1,2026/2027,JEJU UNITED FC,FC ANYANG,46,2P,Matheus Oliveira,,,FC ANYANG,Normal Goal,1506982.0
17/05/2026,K League 1,2026/2027,JEJU UNITED FC,FC ANYANG,64,2P,Kim Ryun-sung,,,JEJU UNITED FC,Normal Goal,1506982.0
17/05/2026,K League 1,2026/2027,BUCHEON FC 1995,POHANG STEELERS,61,2P,Thiaguinho Santos,,,BUCHEON FC 1995,Normal Goal,1506984.0
17/05/2026,K League 1,2026/2027,BUCHEON FC 1995,POHANG STEELERS,85,2P,Lee Eui-Hyeong,,,BUCHEON FC 1995,Normal Goal,1506984.0
21/07/2026,K League 1,2026/2027,JEJU UNITED FC,GANGWON FC,21,1P,Kim Shin-Jin,,,JEJU UNITED FC,Normal Goal,1507004.0
21/07/2026,K League 1,2026/2027,JEJU UNITED FC,GANGWON FC,28,1P,Goh Young-Jun,,,GANGWON FC,Normal Goal,1507004.0
25/07/2026,K League 1,2026/2027,POHANG STEELERS,JEONBUK MOTORS,43,1P,G. Paulauskas,,,JEONBUK MOTORS,Normal Goal,1507011.0
25/07/2026,K League 1,2026/2027,POHANG STEELERS,JEONBUK MOTORS,90,2P,Kim Young-Bin,,,JEONBUK MOTORS,Normal Goal,1507011.0
01/08/2026,K League 1,2026/2027,POHANG STEELERS,GIMCHEON SANGMU FC,66,2P,Lee Jung-Taek,,,GIMCHEON SANGMU FC,Normal Goal,1507018.0
31/07/2026,Premiership Escocia,2026/2027,DUNDEE UTD,RANGERS,38,1P,L. Rose,J. Randall,,DUNDEE UTD,Normal Goal,1556628.0
31/07/2026,Premiership Escocia,2026/2027,DUNDEE UTD,RANGERS,56,2P,T. Aasgaard,,,RANGERS,Normal Goal,1556628.0
01/08/2026,Premiership Escocia,2026/2027,FALKIRK,ST MIRREN,11,1P,K. Phillips,H. Fieldson,,ST MIRREN,Normal Goal,1556629.0
01/08/2026,Premiership Escocia,2026/2027,FALKIRK,ST MIRREN,87,2P,K. Phillips,R. Idowu,,ST MIRREN,Normal Goal,1556629.0
01/08/2026,Premiership Escocia,2026/2027,ABERDEEN,HEART OF MIDLOTHIAN,35,1P,O. McEntee,,,HEART OF MIDLOTHIAN,Normal Goal,1556630.0
01/08/2026,Premiership Escocia,2026/2027,ABERDEEN,HEART OF MIDLOTHIAN,90,2P,L. Mayo,,,ABERDEEN,Normal Goal,1556630.0
01/08/2026,Premiership Escocia,2026/2027,ABERDEEN,HEART OF MIDLOTHIAN,90,2P,K. Nisbet,,,ABERDEEN,Penalty,1556630.0
02/08/2026,Premiership Escocia,2026/2027,ST JOHNSTONE,KILMARNOCK,16,1P,J. Fowler,J. Gullan,,ST JOHNSTONE,Normal Goal,1556631.0
02/08/2026,Premiership Escocia,2026/2027,ST JOHNSTONE,KILMARNOCK,37,1P,G. Kiltie,T. Lowery,,KILMARNOCK,Normal Goal,1556631.0
02/08/2026,Premiership Escocia,2026/2027,ST JOHNSTONE,KILMARNOCK,47,2P,C. Diabate,J. Gullan,,ST JOHNSTONE,Normal Goal,1556631.0
02/08/2026,Premiership Escocia,2026/2027,ST JOHNSTONE,KILMARNOCK,49,2P,J. Hugill,,,KILMARNOCK,Normal Goal,1556631.0
02/08/2026,Premiership Escocia,2026/2027,ST JOHNSTONE,KILMARNOCK,53,2P,J. Holt,,,KILMARNOCK,Own Goal,1556631.0
02/08/2026,Premiership Escocia,2026/2027,ST JOHNSTONE,KILMARNOCK,69,2P,M. Schjonning-Larsen,,,ST JOHNSTONE,Own Goal,1556631.0
02/08/2026,Premiership Escocia,2026/2027,ST JOHNSTONE,KILMARNOCK,80,2P,K. Fotheringham,J. Fowler,,ST JOHNSTONE,Normal Goal,1556631.0
02/08/2026,Premiership Escocia,2026/2027,HIBERNIAN,MOTHERWELL,40,1P,L. Fadinger,,,MOTHERWELL,Penalty,1556632.0
02/08/2026,Premiership Escocia,2026/2027,HIBERNIAN,MOTHERWELL,56,2P,M. Boyle,,,HIBERNIAN,Penalty,1556632.0
02/08/2026,Premiership Escocia,2026/2027,HIBERNIAN,MOTHERWELL,85,2P,I. Said,D. Williams,,MOTHERWELL,Normal Goal,1556632.0
03/08/2026,Premiership Escocia,2026/2027,CELTIC,DUNDEE,52,2P,B. Nygren,K. Tierney,,CELTIC,Normal Goal,1556633.0
08/08/2026,Premiership Escocia,2026/2027,ST MIRREN,ST JOHNSTONE,49,2P,Jamie Gullan,,,ST JOHNSTONE,Missed Penalty,1556637.0
08/08/2026,Premiership Escocia,2026/2027,ST MIRREN,ST JOHNSTONE,73,2P,K. Phillips,,,ST MIRREN,Penalty,1556637.0
08/08/2026,Premiership Escocia,2026/2027,DUNDEE,ABERDEEN,9,1P,J. Westley,J. Bevan,,DUNDEE,Normal Goal,1556634.0
08/08/2026,Premiership Escocia,2026/2027,DUNDEE,ABERDEEN,56,2P,J. Bevan,,,DUNDEE,Normal Goal,1556634.0
09/08/2026,Premiership Escocia,2026/2027,KILMARNOCK,CELTIC,2,1P,K. Hogh,A. Engels,,CELTIC,Normal Goal,1556638.0
09/08/2026,Premiership Escocia,2026/2027,KILMARNOCK,CELTIC,33,1P,K. Hogh,B. Nygren,,CELTIC,Normal Goal,1556638.0
09/08/2026,Premiership Escocia,2026/2027,KILMARNOCK,CELTIC,35,1P,K. Hogh,C. Duran,,CELTIC,Normal Goal,1556638.0
09/08/2026,Premiership Escocia,2026/2027,KILMARNOCK,CELTIC,47,2P,B. Nygren,,,CELTIC,Normal Goal,1556638.0
09/08/2026,Premiership Escocia,2026/2027,KILMARNOCK,CELTIC,56,2P,M. Schjonning-Larsen,T. Lowery,,KILMARNOCK,Normal Goal,1556638.0
09/08/2026,Premiership Escocia,2026/2027,KILMARNOCK,CELTIC,75,2P,L. McCowan,,,CELTIC,Normal Goal,1556638.0
09/08/2026,Premiership Escocia,2026/2027,HEART OF MIDLOTHIAN,DUNDEE UTD,4,1P,T. Renaud,C. Braga,,HEART OF MIDLOTHIAN,Normal Goal,1556635.0
09/08/2026,Premiership Escocia,2026/2027,HEART OF MIDLOTHIAN,DUNDEE UTD,12,1P,C. Miller,,,HEART OF MIDLOTHIAN,Penalty,1556635.0
09/08/2026,Premiership Escocia,2026/2027,HEART OF MIDLOTHIAN,DUNDEE UTD,56,2P,C. Braga,S. Kerjota,,HEART OF MIDLOTHIAN,Normal Goal,1556635.0
09/08/2026,Premiership Escocia,2026/2027,HEART OF MIDLOTHIAN,DUNDEE UTD,67,2P,J. McPake,C. Braga,,HEART OF MIDLOTHIAN,Normal Goal,1556635.0
09/08/2026,Premiership Escocia,2026/2027,RANGERS,HIBERNIAN,12,1P,J. Campbell,,,HIBERNIAN,Penalty,1556639.0
09/08/2026,Premiership Escocia,2026/2027,RANGERS,HIBERNIAN,85,2P,M. Chaiwa,,,RANGERS,Own Goal,1556639.0
09/08/2026,Premiership Escocia,2026/2027,RANGERS,HIBERNIAN,90,2P,C. Wright,,,HIBERNIAN,Normal Goal,1556639.0
22/08/2026,Premiership Escocia,2026/2027,DUNDEE UTD,DUNDEE,43,1P,D. Wright,,,DUNDEE,Normal Goal,1556640.0
22/08/2026,Premiership Escocia,2026/2027,DUNDEE UTD,DUNDEE,57,2P,O. Bevan,A. Forrest,,DUNDEE,Normal Goal,1556640.0
15/08/2026,LaLiga EA Sports,2026/2027,ALAVES,GETAFE,73,2P,N. Tenaglia,,,ALAVES,Normal Goal,1570333.0
15/08/2026,LaLiga EA Sports,2026/2027,ALAVES,GETAFE,90,2P,M. Rodriguez,,,ALAVES,Normal Goal,1570333.0
19/08/2026,LaLiga EA Sports,2026/2027,ATLETICO MADRID,MALAGA,70,2P,Lee Kang-In,,,ATLETICO MADRID,Normal Goal,1570334.0
19/08/2026,LaLiga EA Sports,2026/2027,ATLETICO MADRID,MALAGA,85,2P,A. Baena,,,ATLETICO MADRID,Normal Goal,1570334.0
20/08/2026,LaLiga EA Sports,2026/2027,RAYO VALLECANO,ALAVES,48,2P,S. Camello,,,RAYO VALLECANO,Normal Goal,1570351.0
20/08/2026,LaLiga EA Sports,2026/2027,RAYO VALLECANO,ALAVES,84,2P,M. Diaz,,,ALAVES,Normal Goal,1570351.0
21/08/2026,LaLiga EA Sports,2026/2027,REAL BETIS,REAL SOCIEDAD,63,2P,R. Riquelme,,,REAL BETIS,Normal Goal,1570345.0
22/08/2026,LaLiga EA Sports,2026/2027,ATHLETIC CLUB,SEVILLA,15,1P,Oso,,,SEVILLA,Normal Goal,1570343.0
22/08/2026,LaLiga EA Sports,2026/2027,ATHLETIC CLUB,SEVILLA,50,2P,C. Ejuke,,,SEVILLA,Normal Goal,1570343.0
22/08/2026,LaLiga EA Sports,2026/2027,ATHLETIC CLUB,SEVILLA,57,2P,I. Romero,,,SEVILLA,Normal Goal,1570343.0
22/08/2026,LaLiga EA Sports,2026/2027,ATHLETIC CLUB,SEVILLA,70,2P,A. Paredes,,,ATHLETIC CLUB,Normal Goal,1570343.0
22/08/2026,LaLiga EA Sports,2026/2027,ESPANYOL,REAL MADRID,9,1P,J. Bellingham,A. Guler,,REAL MADRID,Normal Goal,1570347.0
22/08/2026,LaLiga EA Sports,2026/2027,ESPANYOL,REAL MADRID,30,1P,A. Calatrava,J. Hernandez,,ESPANYOL,Normal Goal,1570347.0
22/08/2026,LaLiga EA Sports,2026/2027,ESPANYOL,REAL MADRID,90,2P,C. Espi,,,REAL MADRID,Normal Goal,1570347.0
14/08/2026,LaLiga Hypermotion,2026/2027,REAL SOCIEDAD II,CASTELLON,7,1P,O. Camara,,,CASTELLON,Normal Goal,1569881.0
15/08/2026,LaLiga Hypermotion,2026/2027,FC ANDORRA,AD CEUTA FC,33,1P,J. Cano,T. Carrique,,FC ANDORRA,Normal Goal,1569872.0
15/08/2026,LaLiga Hypermotion,2026/2027,FC ANDORRA,AD CEUTA FC,62,2P,T. Carrique,J. Cano,,FC ANDORRA,Normal Goal,1569872.0
15/08/2026,LaLiga Hypermotion,2026/2027,FC ANDORRA,AD CEUTA FC,69,2P,Quintana Nacho,,,FC ANDORRA,Normal Goal,1569872.0
15/08/2026,LaLiga Hypermotion,2026/2027,FC ANDORRA,AD CEUTA FC,84,2P,Quintana Nacho,A. Calvo,,FC ANDORRA,Normal Goal,1569872.0
15/08/2026,LaLiga Hypermotion,2026/2027,FC ANDORRA,AD CEUTA FC,87,2P,J. Escobar,K. Kone,,AD CEUTA FC,Normal Goal,1569872.0
15/08/2026,LaLiga Hypermotion,2026/2027,FC ANDORRA,AD CEUTA FC,90,2P,A. Calvo,E. Akman,,FC ANDORRA,Normal Goal,1569872.0
15/08/2026,LaLiga EA Sports,2026/2027,MALLORCA,VALLADOLID,62,2P,P. Torre,,,MALLORCA,Normal Goal,1569879.0
15/08/2026,LaLiga EA Sports,2026/2027,MALLORCA,VALLADOLID,72,2P,A. Raillo,,,MALLORCA,Normal Goal,1569879.0
16/08/2026,LaLiga Hypermotion,2026/2027,EIBAR,TENERIFE,7,1P,Enric,N. Gil,,TENERIFE,Normal Goal,1569875.0
16/08/2026,LaLiga Hypermotion,2026/2027,EIBAR,TENERIFE,35,1P,J. Bautista,J. Magunazelaia Argoitia,,EIBAR,Normal Goal,1569875.0
16/08/2026,LaLiga Hypermotion,2026/2027,EIBAR,TENERIFE,44,1P,J. Alvarez,,,TENERIFE,Normal Goal,1569875.0
16/08/2026,LaLiga Hypermotion,2026/2027,EIBAR,TENERIFE,74,2P,I. Chapela,A. Krdzalic,,TENERIFE,Normal Goal,1569875.0
16/08/2026,LaLiga EA Sports,2026/2027,GIRONA,LEGANES,48,2P,N. Garcia,,,LEGANES,Normal Goal,1569877.0
16/08/2026,LaLiga EA Sports,2026/2027,GIRONA,LEGANES,90,2P,A. Ruiz,,,GIRONA,Normal Goal,1569877.0
16/08/2026,LaLiga Hypermotion,2026/2027,BURGOS,CORDOBA,11,1P,Y. Diarra,C. Carracedo,,CORDOBA,Normal Goal,1569873.0
16/08/2026,LaLiga Hypermotion,2026/2027,BURGOS,CORDOBA,24,1P,A. Fores,Curro,,BURGOS,Normal Goal,1569873.0
16/08/2026,LaLiga Hypermotion,2026/2027,BURGOS,CORDOBA,37,1P,J. Llabres,,,BURGOS,Normal Goal,1569873.0
16/08/2026,LaLiga Hypermotion,2026/2027,BURGOS,CORDOBA,45,1P,E. Garcia,J. Gutierrez,,CORDOBA,Normal Goal,1569873.0
16/08/2026,LaLiga Hypermotion,2026/2027,BURGOS,CORDOBA,90,2P,D. Gonzalez Ballesteros,V. Mollejo,,BURGOS,Normal Goal,1569873.0
16/08/2026,LaLiga EA Sports,2026/2027,LAS PALMAS,ALBACETE,21,1P,Jese,,,LAS PALMAS,Normal Goal,1569878.0
16/08/2026,LaLiga EA Sports,2026/2027,LAS PALMAS,ALBACETE,85,2P,V. San Bartolome,,,ALBACETE,Normal Goal,1569878.0
16/08/2026,LaLiga EA Sports,2026/2027,LAS PALMAS,ALBACETE,90,2P,S. Ramirez,,,LAS PALMAS,Normal Goal,1569878.0
17/08/2026,LaLiga Hypermotion,2026/2027,ALMERIA,ELDENSE,15,1P,F. Bonini,,,ALMERIA,Normal Goal,1569871.0
17/08/2026,LaLiga Hypermotion,2026/2027,ALMERIA,ELDENSE,45,1P,S. Dzodic,,,ALMERIA,Normal Goal,1569871.0
17/08/2026,LaLiga Hypermotion,2026/2027,ALMERIA,ELDENSE,45,1P,N. Melamed,,,ALMERIA,Normal Goal,1569871.0
17/08/2026,LaLiga Hypermotion,2026/2027,ALMERIA,ELDENSE,90,2P,Léo Baptistão,,,ALMERIA,Missed Penalty,1569871.0
21/08/2026,LaLiga EA Sports,2026/2027,CORDOBA,GIRONA,12,1P,V. Sanchez,D. Bri,,CORDOBA,Normal Goal,1569886.0
21/08/2026,LaLiga EA Sports,2026/2027,CORDOBA,GIRONA,37,1P,D. Bri,,,CORDOBA,Normal Goal,1569886.0
21/08/2026,LaLiga EA Sports,2026/2027,CORDOBA,GIRONA,85,2P,Y. Asprilla,A. Martinez,,GIRONA,Normal Goal,1569886.0
22/08/2026,LaLiga EA Sports,2026/2027,OVIEDO,LEGANES,19,1P,I. Gharbi,N. Garcia,,LEGANES,Normal Goal,1569891.0
22/08/2026,LaLiga Hypermotion,2026/2027,ALBACETE,REAL SOCIEDAD II,6,1P,A. Mariezkurrena,,,REAL SOCIEDAD II,Normal Goal,1569882.0
22/08/2026,LaLiga Hypermotion,2026/2027,ALBACETE,REAL SOCIEDAD II,45,1P,G. Gorosabel,,,REAL SOCIEDAD II,Normal Goal,1569882.0
22/08/2026,LaLiga Hypermotion,2026/2027,ALBACETE,REAL SOCIEDAD II,80,2P,D. Bernabeu,,,ALBACETE,Normal Goal,1569882.0
22/08/2026,LaLiga EA Sports,2026/2027,AD CEUTA FC,LAS PALMAS,29,1P,T. Miyashiro,,,LAS PALMAS,Normal Goal,1569885.0
22/08/2026,LaLiga EA Sports,2026/2027,AD CEUTA FC,LAS PALMAS,69,2P,M. Fuster,T. Miyashiro,,LAS PALMAS,Normal Goal,1569885.0
22/08/2026,LaLiga Hypermotion,2026/2027,ELDENSE,CADIZ,49,2P,M. Carmona,,,ELDENSE,Normal Goal,1569888.0
22/08/2026,LaLiga Hypermotion,2026/2027,ELDENSE,CADIZ,54,2P,I. Sanchez,,,CADIZ,Normal Goal,1569888.0
22/08/2026,LaLiga Hypermotion,2026/2027,ELDENSE,CADIZ,70,2P,G. Macho,,,ELDENSE,Normal Goal,1569888.0
22/08/2026,LaLiga Hypermotion,2026/2027,ELDENSE,CADIZ,74,2P,A. Cordero,,,CADIZ,Normal Goal,1569888.0
21/08/2026,Ligue 1,2026/2027,MARSEILLE,STRASBOURG,46,2P,A. Gouiri,A. Gomes,,MARSEILLE,Normal Goal,1552733.0
21/08/2026,Ligue 1,2026/2027,MARSEILLE,STRASBOURG,68,2P,A. Gouiri,,,MARSEILLE,Penalty,1552733.0
21/08/2026,Ligue 1,2026/2027,MARSEILLE,STRASBOURG,89,2P,K. Abdallah,,,MARSEILLE,Normal Goal,1552733.0
21/08/2026,Ligue 1,2026/2027,MARSEILLE,STRASBOURG,90,2P,P. Hojbjerg,,,MARSEILLE,Normal Goal,1552733.0
22/08/2026,Ligue 1,2026/2027,LENS,AUXERRE,12,1P,F. Thauvin,,,LENS,Penalty,1552732.0
22/08/2026,Ligue 1,2026/2027,LENS,AUXERRE,49,2P,F. Ivanovic,A. Sima,,LENS,Normal Goal,1552732.0
22/08/2026,Ligue 1,2026/2027,LENS,AUXERRE,54,2P,S. Abdulhamid,F. Thauvin,,LENS,Normal Goal,1552732.0
22/08/2026,Ligue 1,2026/2027,LENS,AUXERRE,61,2P,D. Namaso,,,AUXERRE,Penalty,1552732.0
22/08/2026,Ligue 1,2026/2027,LENS,AUXERRE,66,2P,I. Ganiou,M. Skoras,,LENS,Normal Goal,1552732.0
22/08/2026,Ligue 1,2026/2027,LENS,AUXERRE,69,2P,L. Sy,R. Mandengue,,AUXERRE,Normal Goal,1552732.0
22/08/2026,Ligue 1,2026/2027,LENS,AUXERRE,88,2P,F. Thauvin,,,LENS,Penalty,1552732.0
22/08/2026,Ligue 1,2026/2027,TOULOUSE,LYON,68,2P,N. Nartey,,,LYON,Normal Goal,1552736.0
22/08/2026,Ligue 1,2026/2027,TOULOUSE,LYON,85,2P,M. Fofana,,,LYON,Normal Goal,1552736.0
22/08/2026,Ligue 1,2026/2027,LE MANS,STADE BRESTOIS 29,31,1P,R. Del Castillo,K. Doumbia,,STADE BRESTOIS 29,Normal Goal,1552731.0
22/08/2026,Ligue 1,2026/2027,LE MANS,STADE BRESTOIS 29,45,1P,D. Gueye,L. Mafouta,,LE MANS,Normal Goal,1552731.0
22/08/2026,Ligue 1,2026/2027,LE MANS,STADE BRESTOIS 29,55,2P,L. Mafouta,A. Bourabaa,,LE MANS,Normal Goal,1552731.0
22/08/2026,Ligue 1,2026/2027,LE MANS,STADE BRESTOIS 29,62,2P,K. Doumbia,,,STADE BRESTOIS 29,Normal Goal,1552731.0
23/08/2026,Ligue 1,2026/2027,ANGERS,LILLE,11,1P,O. Giroud,N. Bentaleb,,LILLE,Normal Goal,1552729.0
23/08/2026,Ligue 1,2026/2027,ANGERS,LILLE,31,1P,T. Santos,,,LILLE,Normal Goal,1552729.0
08/08/2026,Ligue 2,2026/2027,NANTES,RED STAR FC 93,67,2P,K. Cabral,,,RED STAR FC 93,Normal Goal,1552428.0
08/08/2026,Ligue 2,2026/2027,METZ,GUINGAMP,51,2P,A. Demouchy,,,GUINGAMP,Normal Goal,1552426.0
08/08/2026,Ligue 2,2026/2027,METZ,GUINGAMP,58,2P,P. M. Fall,,,METZ,Normal Goal,1552426.0
08/08/2026,Ligue 2,2026/2027,METZ,GUINGAMP,60,2P,G. Abuashvili,,,METZ,Normal Goal,1552426.0
08/08/2026,Ligue 2,2026/2027,RODEZ,LAVAL,68,2P,E. Clavreul,,,LAVAL,Normal Goal,1552430.0
08/08/2026,Ligue 2,2026/2027,RODEZ,LAVAL,89,2P,I. Balde,,,RODEZ,Normal Goal,1552430.0
08/08/2026,Ligue 2,2026/2027,RODEZ,LAVAL,90,2P,O. Joly,,,RODEZ,Normal Goal,1552430.0
08/08/2026,Ligue 2,2026/2027,DUNKERQUE,GRENOBLE,21,1P,V. Mayela,,,DUNKERQUE,Normal Goal,1552425.0
08/08/2026,Ligue 2,2026/2027,DUNKERQUE,GRENOBLE,52,2P,M. Decherf,,,DUNKERQUE,Normal Goal,1552425.0
08/08/2026,Ligue 2,2026/2027,DUNKERQUE,GRENOBLE,57,2P,E. Prutsev,,,DUNKERQUE,Normal Goal,1552425.0
08/08/2026,Ligue 2,2026/2027,DUNKERQUE,GRENOBLE,64,2P,E. Prutsev,,,DUNKERQUE,Normal Goal,1552425.0
08/08/2026,Ligue 2,2026/2027,DUNKERQUE,GRENOBLE,76,2P,Y. Diaby,,,GRENOBLE,Normal Goal,1552425.0
14/08/2026,Ligue 2,2026/2027,DIJON,PAU,61,2P,B. Leye,L. Rajot,,PAU,Normal Goal,1552433.0
14/08/2026,Ligue 2,2026/2027,GUINGAMP,BOULOGNE,86,2P,S. Kielt,,,GUINGAMP,Normal Goal,1552435.0
14/08/2026,Ligue 2,2026/2027,REIMS,DUNKERQUE,36,1P,A. Lebeau,M. Decherf,,DUNKERQUE,Normal Goal,1552439.0
14/08/2026,Ligue 2,2026/2027,REIMS,DUNKERQUE,42,1P,M. Tia,D. Guindo,,REIMS,Normal Goal,1552439.0
14/08/2026,Ligue 2,2026/2027,REIMS,DUNKERQUE,49,2P,Y. Fofana,A. Kashi,,REIMS,Normal Goal,1552439.0
14/08/2026,Ligue 2,2026/2027,REIMS,DUNKERQUE,55,2P,Y. Fofana,A. Gadou,,REIMS,Normal Goal,1552439.0
14/08/2026,Ligue 2,2026/2027,REIMS,DUNKERQUE,72,2P,S. Keita,T. Robinet,,DUNKERQUE,Normal Goal,1552439.0
14/08/2026,Ligue 2,2026/2027,REIMS,DUNKERQUE,90,2P,T. Robinet,,,DUNKERQUE,Penalty,1552439.0
14/08/2026,Ligue 2,2026/2027,NANCY,MONTPELLIER,72,2P,Y. Issoufou,,,MONTPELLIER,Normal Goal,1552437.0
14/08/2026,Ligue 2,2026/2027,LAVAL,NANTES,17,1P,T. Dago,,,LAVAL,Normal Goal,1552436.0
14/08/2026,Ligue 2,2026/2027,LAVAL,NANTES,44,1P,H. Guirassy,,,NANTES,Normal Goal,1552436.0
14/08/2026,Ligue 2,2026/2027,LAVAL,NANTES,90,2P,M. Houdayer,,,LAVAL,Normal Goal,1552436.0
14/08/2026,Ligue 2,2026/2027,SAINT ETIENNE,CLERMONT FOOT,41,1P,I. Cardona,T. Ballo,,SAINT ETIENNE,Normal Goal,1552440.0
14/08/2026,Ligue 2,2026/2027,SAINT ETIENNE,CLERMONT FOOT,54,2P,T. Ballo,,,SAINT ETIENNE,Normal Goal,1552440.0
14/08/2026,Ligue 2,2026/2027,SAINT ETIENNE,CLERMONT FOOT,71,2P,J. Breum,A. Csongvai,,SAINT ETIENNE,Normal Goal,1552440.0
14/08/2026,Ligue 2,2026/2027,SAINT ETIENNE,CLERMONT FOOT,89,2P,O. Diop,J. Sambia,,CLERMONT FOOT,Normal Goal,1552440.0
14/08/2026,Ligue 2,2026/2027,ANNECY,RODEZ,34,1P,A. Larose,,,ANNECY,Normal Goal,1552432.0
14/08/2026,Ligue 2,2026/2027,ANNECY,RODEZ,71,2P,M. Dion,,,ANNECY,Normal Goal,1552432.0
21/08/2026,Ligue 2,2026/2027,CLERMONT FOOT,DIJON,90,2P,J. Marie,,,DIJON,Normal Goal,1552442.0
21/08/2026,Ligue 2,2026/2027,CLERMONT FOOT,DIJON,90,2P,J. Nyindong Tsamouna,,,CLERMONT FOOT,Normal Goal,1552442.0
21/08/2026,Ligue 2,2026/2027,SOCHAUX,GUINGAMP,14,1P,B. Fofana,S. Agouzoul,,SOCHAUX,Normal Goal,1552448.0
21/08/2026,Ligue 2,2026/2027,SOCHAUX,GUINGAMP,20,1P,Samy Baghdadi,,,SOCHAUX,Missed Penalty,1552448.0
21/08/2026,Ligue 2,2026/2027,PAU,NANCY,87,2P,B. Bokangu,,,NANCY,Normal Goal,1552446.0
21/08/2026,Ligue 2,2026/2027,BOULOGNE,RED STAR FC 93,3,1P,D. Durand,K. Cabral,,RED STAR FC 93,Normal Goal,1552441.0
21/08/2026,Ligue 2,2026/2027,BOULOGNE,RED STAR FC 93,52,2P,A. Hbouch,,,BOULOGNE,Normal Goal,1552441.0
21/08/2026,Ligue 2,2026/2027,DUNKERQUE,MONTPELLIER,54,2P,N. Pays,,,MONTPELLIER,Normal Goal,1552443.0
22/08/2026,Ligue 2,2026/2027,NANTES,RODEZ,4,1P,K. Corredor,M. Cafaro,,NANTES,Normal Goal,1552445.0
22/08/2026,Ligue 2,2026/2027,NANTES,RODEZ,15,1P,I. Balde,R. Ponti,,RODEZ,Normal Goal,1552445.0
22/08/2026,Ligue 2,2026/2027,NANTES,RODEZ,24,1P,K. Corredor,W. Younoussa,,NANTES,Normal Goal,1552445.0
22/08/2026,Ligue 2,2026/2027,NANTES,RODEZ,47,2P,R. Ponti,,,RODEZ,Normal Goal,1552445.0
22/08/2026,Ligue 2,2026/2027,NANTES,RODEZ,71,2P,I. Balde,R. Lipinski,,RODEZ,Normal Goal,1552445.0
22/08/2026,Ligue 2,2026/2027,NANTES,RODEZ,72,2P,I. Balde,R. Lipinski,,RODEZ,Normal Goal,1552445.0
22/08/2026,Ligue 2,2026/2027,NANTES,RODEZ,90,2P,S. Sow,,,RODEZ,Own Goal,1552445.0
22/08/2026,Ligue 2,2026/2027,METZ,LAVAL,49,2P,J. Maggiotti,,,LAVAL,Penalty,1552444.0
22/08/2026,Ligue 2,2026/2027,METZ,LAVAL,78,2P,P. M. Fall,,,METZ,Normal Goal,1552444.0
22/08/2026,Ligue 2,2026/2027,SAINT ETIENNE,GRENOBLE,13,1P,A. Csongvai,,,SAINT ETIENNE,Normal Goal,1552449.0
22/08/2026,Ligue 2,2026/2027,SAINT ETIENNE,GRENOBLE,19,1P,T. Ballo,,,SAINT ETIENNE,Normal Goal,1552449.0
22/08/2026,Ligue 2,2026/2027,SAINT ETIENNE,GRENOBLE,45,1P,I. Cardona,,,SAINT ETIENNE,Normal Goal,1552449.0
22/08/2026,Ligue 2,2026/2027,SAINT ETIENNE,GRENOBLE,82,2P,Z. Davitashvili,,,SAINT ETIENNE,Normal Goal,1552449.0
22/08/2026,Super League Grecia,2026/2027,OLYMPIAKOS PIRAEUS,ATROMITOS,80,2P,Ayoub El Kaabi,,,OLYMPIAKOS PIRAEUS,Missed Penalty,1593292.0
22/08/2026,Super League Grecia,2026/2027,OLYMPIAKOS PIRAEUS,ATROMITOS,82,2P,D. Carmo,,,OLYMPIAKOS PIRAEUS,Normal Goal,1593292.0
21/08/2026,Premier League,2026/2027,ARSENAL,COVENTRY,15,1P,K. Havertz,R. Calafiori,,ARSENAL,Normal Goal,1557367.0
21/08/2026,Premier League,2026/2027,ARSENAL,COVENTRY,23,1P,B. Saka,,,ARSENAL,Normal Goal,1557367.0
21/08/2026,Premier League,2026/2027,ARSENAL,COVENTRY,49,2P,M. Odegaard,B. White,,ARSENAL,Normal Goal,1557367.0
22/08/2026,Premier League,2026/2027,HULL CITY,MANCHESTER UNITED,17,1P,S. Ajayi,,,HULL CITY,Normal Goal,1557368.0
22/08/2026,Premier League,2026/2027,HULL CITY,MANCHESTER UNITED,38,1P,N. Mendy,R. Slater,,HULL CITY,Normal Goal,1557368.0
22/08/2026,Premier League,2026/2027,EVERTON,CRYSTAL PALACE,42,1P,K. Dewsbury-Hall,,,EVERTON,Normal Goal,1557369.0
22/08/2026,Premier League,2026/2027,EVERTON,CRYSTAL PALACE,53,2P,T. Barry,,,EVERTON,Normal Goal,1557369.0
22/08/2026,Premier League,2026/2027,IPSWICH,SUNDERLAND,24,1P,Emersonn,J. Enciso,,IPSWICH,Normal Goal,1557370.0
22/08/2026,Premier League,2026/2027,IPSWICH,SUNDERLAND,39,1P,N. Angulo,,,SUNDERLAND,Normal Goal,1557370.0
22/08/2026,Premier League,2026/2027,IPSWICH,SUNDERLAND,90,2P,J. Clarke,S. Lukic,,IPSWICH,Normal Goal,1557370.0
22/08/2026,Premier League,2026/2027,NOTTINGHAM FOREST,LEEDS,88,2P,A. Stach,,,LEEDS,Normal Goal,1557371.0
22/08/2026,Premier League,2026/2027,BRENTFORD,TOTTENHAM,12,1P,K. Lewis-Potter,M. Sangare,,BRENTFORD,Normal Goal,1557372.0
22/08/2026,Premier League,2026/2027,BRENTFORD,TOTTENHAM,33,1P,V. Janelt,,,BRENTFORD,Normal Goal,1557372.0
22/08/2026,Premier League,2026/2027,BRENTFORD,TOTTENHAM,49,2P,M. Kayode,,,BRENTFORD,Normal Goal,1557372.0
22/08/2026,Premier League,2026/2027,BRENTFORD,TOTTENHAM,55,2P,Igor Thiago,,,BRENTFORD,Missed Penalty,1557372.0
23/08/2026,Premier League,2026/2027,MANCHESTER CITY,BOURNEMOUTH,26,1P,M. Tavernier,Evanilson,,BOURNEMOUTH,Normal Goal,1557374.0
23/08/2026,Premier League,2026/2027,MANCHESTER CITY,BOURNEMOUTH,84,2P,M. Guehi,R. Cherki,,MANCHESTER CITY,Normal Goal,1557374.0
23/08/2026,Premier League,2026/2027,MANCHESTER CITY,BOURNEMOUTH,90,2P,J. Gvardiol,R. Cherki,,MANCHESTER CITY,Normal Goal,1557374.0
23/08/2026,Premier League,2026/2027,BRIGHTON,ASTON VILLA,8,1P,V. Lindelof,,,BRIGHTON,Own Goal,1557373.0
23/08/2026,Premier League,2026/2027,BRIGHTON,ASTON VILLA,18,1P,M. De Cuyper,G. Rutter,,BRIGHTON,Normal Goal,1557373.0
23/08/2026,Premier League,2026/2027,BRIGHTON,ASTON VILLA,30,1P,J. Hinshelwood,D. Gomez,,BRIGHTON,Normal Goal,1557373.0
23/08/2026,Premier League,2026/2027,BRIGHTON,ASTON VILLA,31,1P,J. Hinshelwood,,,BRIGHTON,Normal Goal,1557373.0
14/08/2026,Championship,2026/2027,WOLVES,BLACKBURN,18,1P,M. Munetsi,F. Lopez,,WOLVES,Normal Goal,1563083.0
14/08/2026,Championship,2026/2027,WOLVES,BLACKBURN,27,1P,S. McLoughlin,R. Morishita,,BLACKBURN,Normal Goal,1563083.0
14/08/2026,Championship,2026/2027,WOLVES,BLACKBURN,48,2P,A. Gudjohnsen,O. Afolayan,,BLACKBURN,Normal Goal,1563083.0
14/08/2026,Championship,2026/2027,WOLVES,BLACKBURN,90,2P,R. Jimenez,,,WOLVES,Penalty,1563083.0
15/08/2026,Championship,2026/2027,BOLTON,PRESTON,14,1P,S. Dalby,,,BOLTON,Normal Goal,1563084.0
15/08/2026,Championship,2026/2027,BOLTON,PRESTON,25,1P,T. Gale,,,BOLTON,Normal Goal,1563084.0
15/08/2026,Championship,2026/2027,BOLTON,PRESTON,86,2P,J. Erabi,,,PRESTON,Normal Goal,1563084.0
15/08/2026,Championship,2026/2027,BRISTOL CITY,MILLWALL,41,1P,J. Coburn,,,MILLWALL,Normal Goal,1563085.0
15/08/2026,Championship,2026/2027,BRISTOL CITY,MILLWALL,50,2P,J. Coburn,,,MILLWALL,Normal Goal,1563085.0
15/08/2026,Championship,2026/2027,MIDDLESBROUGH,LINCOLN,12,1P,A. Reach,T. Darikwa,,LINCOLN,Normal Goal,1563087.0
15/08/2026,Championship,2026/2027,MIDDLESBROUGH,LINCOLN,62,2P,W. Lankshear,,,MIDDLESBROUGH,Normal Goal,1563087.0
15/08/2026,Championship,2026/2027,MIDDLESBROUGH,LINCOLN,90,2P,W. Lankshear,R. McGree,,MIDDLESBROUGH,Normal Goal,1563087.0
15/08/2026,Championship,2026/2027,NORWICH,WEST BROM,75,2P,A. Heggebo,,,WEST BROM,Normal Goal,1563088.0
15/08/2026,Championship,2026/2027,NORWICH,WEST BROM,87,2P,J. Morgan,,,WEST BROM,Normal Goal,1563088.0
15/08/2026,Championship,2026/2027,NORWICH,WEST BROM,90,2P,M. Kvistgaarden,,,NORWICH,Normal Goal,1563088.0
15/08/2026,Championship,2026/2027,STOKE CITY,SWANSEA,10,1P,E. Bocat,T. Rigo,,STOKE CITY,Normal Goal,1563090.0
15/08/2026,Championship,2026/2027,STOKE CITY,SWANSEA,22,1P,J. Opoku,Z. Vipotnik,,SWANSEA,Normal Goal,1563090.0
15/08/2026,Championship,2026/2027,STOKE CITY,SWANSEA,66,2P,A. Idah,J. Tymon,,SWANSEA,Normal Goal,1563090.0
15/08/2026,Championship,2026/2027,CHARLTON,DERBY,23,1P,S. Szmodics,C. Morris,,DERBY,Normal Goal,1563086.0
15/08/2026,Championship,2026/2027,CHARLTON,DERBY,61,2P,L. Jones,K. Grant,,CHARLTON,Normal Goal,1563086.0
15/08/2026,Championship,2026/2027,CHARLTON,DERBY,80,2P,T. Campbell,,,CHARLTON,Normal Goal,1563086.0
15/08/2026,Championship,2026/2027,PORTSMOUTH,QPR,15,1P,T. Devlin,E. Adams,,PORTSMOUTH,Normal Goal,1563089.0
15/08/2026,Championship,2026/2027,PORTSMOUTH,QPR,33,1P,I. Chair,H. Vale,,QPR,Normal Goal,1563089.0
15/08/2026,Championship,2026/2027,PORTSMOUTH,QPR,40,1P,K. Saito,I. Chair,,QPR,Normal Goal,1563089.0
15/08/2026,Championship,2026/2027,PORTSMOUTH,QPR,45,1P,I. Chair,A. S. Mbengue,,QPR,Normal Goal,1563089.0
16/08/2026,Championship,2026/2027,WATFORD,SOUTHAMPTON,12,1P,I. Bravo,,,WATFORD,Normal Goal,1563092.0
16/08/2026,Championship,2026/2027,WATFORD,SOUTHAMPTON,29,1P,A. Nabizada,,,WATFORD,Normal Goal,1563092.0
16/08/2026,Championship,2026/2027,WATFORD,SOUTHAMPTON,56,2P,C. Larin,,,SOUTHAMPTON,Normal Goal,1563092.0
16/08/2026,Championship,2026/2027,BURNLEY,WEST HAM,10,1P,M. Kilman,J. Bowen,,WEST HAM,Normal Goal,1563093.0
16/08/2026,Championship,2026/2027,BURNLEY,WEST HAM,72,2P,M. Solomon,,,WEST HAM,Normal Goal,1563093.0
16/08/2026,Championship,2026/2027,BURNLEY,WEST HAM,83,2P,Z. Flemming,,,BURNLEY,Penalty,1563093.0
16/08/2026,Championship,2026/2027,BURNLEY,WEST HAM,90,2P,Z. Flemming,M. Alleyne,,BURNLEY,Normal Goal,1563093.0
22/08/2026,Championship,2026/2027,BIRMINGHAM,BRISTOL CITY,33,1P,Scott Twine,,,BRISTOL CITY,Normal Goal,1563095.0
22/08/2026,Championship,2026/2027,BIRMINGHAM,BRISTOL CITY,42,1P,Sam Tickle,,,BIRMINGHAM,Own Goal,1563095.0
22/08/2026,Championship,2026/2027,BIRMINGHAM,BRISTOL CITY,85,2P,Dominic Ballard,,,BRISTOL CITY,Normal Goal,1563095.0
22/08/2026,Championship,2026/2027,BIRMINGHAM,BRISTOL CITY,90,2P,Demarai Gray,,,BIRMINGHAM,Penalty,1563095.0
23/08/2026,Championship,2026/2027,WEST BROM,BURNLEY,8,1P,C. Styles,,,BURNLEY,Own Goal,1563104.0
23/08/2026,Championship,2026/2027,WEST BROM,BURNLEY,18,1P,H. Whitwell,J. Morgan,,WEST BROM,Normal Goal,1563104.0
23/08/2026,Championship,2026/2027,WEST BROM,BURNLEY,46,2P,I. Price,,,WEST BROM,Normal Goal,1563104.0
23/08/2026,Championship,2026/2027,WEST BROM,BURNLEY,65,2P,I. Price,,,WEST BROM,Penalty,1563104.0
22/08/2026,Serie A Italia,2026/2027,UDINESE,COMO,29,1P,H. Kamara,,,UDINESE,Normal Goal,1550095.0
22/08/2026,Serie A Italia,2026/2027,UDINESE,COMO,54,2P,A. Douvikas,,,COMO,Normal Goal,1550095.0
22/08/2026,Serie A Italia,2026/2027,INTER,MONZA,6,1P,H. Calhanoglu,A. Diouf,,INTER,Normal Goal,1550092.0
22/08/2026,Serie A Italia,2026/2027,INTER,MONZA,29,1P,G. Varela,M. Mout,,MONZA,Normal Goal,1550092.0
22/08/2026,Serie A Italia,2026/2027,INTER,MONZA,48,2P,P. Zielinski,,,INTER,Normal Goal,1550092.0
22/08/2026,Serie A Italia,2026/2027,INTER,MONZA,55,2P,F. Esposito,A. Diouf,,INTER,Normal Goal,1550092.0
22/08/2026,Serie A Italia,2026/2027,INTER,MONZA,63,2P,Y. Bisseck,F. Esposito,,INTER,Normal Goal,1550092.0
22/08/2026,Serie A Italia,2026/2027,GENOA,NAPOLI,82,2P,K. De Bruyne,,,NAPOLI,Normal Goal,1550091.0
22/08/2026,Serie A Italia,2026/2027,GENOA,NAPOLI,87,2P,A. Vergara,,,NAPOLI,Normal Goal,1550091.0
22/08/2026,Serie A Italia,2026/2027,PARMA,CAGLIARI,79,2P,A. Romano,,,CAGLIARI,Normal Goal,1550093.0
21/08/2026,Serie B Italia,2026/2027,VICENZA VIRTUS,CATANZARO,17,1P,M. D'Alessandro,G. Alesi,,CATANZARO,Normal Goal,1601498.0
21/08/2026,Serie B Italia,2026/2027,VICENZA VIRTUS,CATANZARO,39,1P,G. Cuomo,F. Costa,,VICENZA VIRTUS,Normal Goal,1601498.0
21/08/2026,Serie B Italia,2026/2027,VICENZA VIRTUS,CATANZARO,51,2P,B. Verrengia,Matias Antonini,,CATANZARO,Normal Goal,1601498.0
21/08/2026,Serie B Italia,2026/2027,VICENZA VIRTUS,CATANZARO,80,2P,A. Pietrelli,T. Corazza,,VICENZA VIRTUS,Normal Goal,1601498.0
21/08/2026,Serie B Italia,2026/2027,VICENZA VIRTUS,CATANZARO,89,2P,C. Morra,N. Rauti,,VICENZA VIRTUS,Normal Goal,1601498.0
22/08/2026,Serie B Italia,2026/2027,SUDTIROL,VIRTUS ENTELLA,90,2P,S. Davi,,,SUDTIROL,Normal Goal,1601501.0
22/08/2026,Serie B Italia,2026/2027,CARRARESE,MANTOVA,22,1P,F. Ruocco,,,MANTOVA,Normal Goal,1601495.0
22/08/2026,Serie B Italia,2026/2027,CARRARESE,MANTOVA,61,2P,R. Ilie,,,MANTOVA,Normal Goal,1601495.0
22/08/2026,Serie B Italia,2026/2027,CARRARESE,MANTOVA,80,2P,P. Pinelli,,,CARRARESE,Normal Goal,1601495.0
22/08/2026,Serie B Italia,2026/2027,EMPOLI,CREMONESE,21,1P,S. Shpendi,,,EMPOLI,Normal Goal,1601497.0
22/08/2026,Serie B Italia,2026/2027,AVELLINO,AREZZO,15,1P,R. Russo,,,AVELLINO,Normal Goal,1601493.0
22/08/2026,Serie B Italia,2026/2027,AVELLINO,AREZZO,56,2P,P. Cianci,,,AREZZO,Penalty,1601493.0
22/08/2026,Serie B Italia,2026/2027,AVELLINO,AREZZO,90,2P,A. Ionita,,,AREZZO,Normal Goal,1601493.0
06/02/2026,J1 League,2026/2027,KYOTO SANGA,VISSEL KOBE,37,1P,Y. Muto,,,VISSEL KOBE,Normal Goal,1501294.0
06/02/2026,J1 League,2026/2027,KYOTO SANGA,VISSEL KOBE,53,2P,Marco Tulio,,,KYOTO SANGA,Normal Goal,1501294.0
07/02/2026,J1 League,2026/2027,FC TOKYO,KASHIMA,45,1P,Kim Tae-Hyeon,,,KASHIMA,Normal Goal,1501298.0
08/02/2026,J1 League,2026/2027,AVISPA FUKUOKA,FAGIANO OKAYAMA,44,1P,M. Matsumoto,,,FAGIANO OKAYAMA,Normal Goal,1501300.0
08/02/2026,J1 League,2026/2027,NAGOYA GRAMPUS,SHIMIZU S-PULSE,58,2P,Y. Kimura,,,NAGOYA GRAMPUS,Normal Goal,1501301.0
13/02/2026,J1 League,2026/2027,VISSEL KOBE,V-VAREN NAGASAKI,42,1P,D. Sasaki,,,VISSEL KOBE,Normal Goal,1501304.0
14/02/2026,J1 League,2026/2027,KASHIMA,YOKOHAMA F. MARINOS,76,2P,Leo Ceara,,,KASHIMA,Normal Goal,1501309.0
14/02/2026,J1 League,2026/2027,FC TOKYO,URAWA,90,2P,F. Yamada,,,FC TOKYO,Normal Goal,1501308.0
15/02/2026,J1 League,2026/2027,KASHIWA REYSOL,TOKYO VERDY,63,2P,I. Someno,,,TOKYO VERDY,Normal Goal,1501311.0
15/02/2026,J1 League,2026/2027,KASHIWA REYSOL,TOKYO VERDY,90,2P,Y. Fukuda,,,TOKYO VERDY,Normal Goal,1501311.0
15/02/2026,J1 League,2026/2027,AVISPA FUKUOKA,CEREZO OSAKA,19,1P,S. Sakuragawa,,,CEREZO OSAKA,Normal Goal,1501312.0
15/02/2026,J1 League,2026/2027,AVISPA FUKUOKA,CEREZO OSAKA,44,1P,Thiago Andrade,,,CEREZO OSAKA,Normal Goal,1501312.0
21/02/2026,J1 League,2026/2027,YOKOHAMA F. MARINOS,URAWA,84,2P,J. Hayakawa,,,URAWA,Normal Goal,1504670.0
21/02/2026,J1 League,2026/2027,NAGOYA GRAMPUS,V-VAREN NAGASAKI,58,2P,Thiago,,,V-VAREN NAGASAKI,Normal Goal,1504673.0
21/02/2026,J1 League,2026/2027,NAGOYA GRAMPUS,V-VAREN NAGASAKI,79,2P,N. Campbell,,,V-VAREN NAGASAKI,Normal Goal,1504673.0
21/02/2026,J1 League,2026/2027,NAGOYA GRAMPUS,V-VAREN NAGASAKI,90,2P,N. Campbell,,,V-VAREN NAGASAKI,Normal Goal,1504673.0
21/02/2026,J1 League,2026/2027,KASHIMA,KASHIWA REYSOL,36,1P,Leo Ceara,,,KASHIMA,Normal Goal,1504674.0
21/02/2026,J1 League,2026/2027,KASHIMA,KASHIWA REYSOL,53,2P,N. Ueda,,,KASHIMA,Normal Goal,1504674.0
22/02/2026,J1 League,2026/2027,MITO HOLLYHOCK,JEF UNITED CHIBA,23,1P,Y. Torikai,,,MITO HOLLYHOCK,Normal Goal,1504676.0
22/02/2026,J1 League,2026/2027,FAGIANO OKAYAMA,GAMBA OSAKA,32,1P,D. Hummet,,,GAMBA OSAKA,Normal Goal,1504677.0
27/02/2026,J1 League,2026/2027,SANFRECCE HIROSHIMA,KYOTO SANGA,39,1P,H. Araki,,,SANFRECCE HIROSHIMA,Normal Goal,1504680.0
27/02/2026,J1 League,2026/2027,SANFRECCE HIROSHIMA,KYOTO SANGA,81,2P,Rafael Elias,,,KYOTO SANGA,Normal Goal,1504680.0
27/02/2026,J1 League,2026/2027,SANFRECCE HIROSHIMA,KYOTO SANGA,90,2P,Henrique Trevisan,,,KYOTO SANGA,Normal Goal,1504680.0
27/02/2026,J1 League,2026/2027,VISSEL KOBE,AVISPA FUKUOKA,53,2P,Y. Muto,,,VISSEL KOBE,Normal Goal,1504681.0
27/02/2026,J1 League,2026/2027,VISSEL KOBE,AVISPA FUKUOKA,60,2P,R. Komatsu,,,VISSEL KOBE,Normal Goal,1504681.0
28/02/2026,J1 League,2026/2027,YOKOHAMA F. MARINOS,TOKYO VERDY,45,1P,K. Tanimura,,,YOKOHAMA F. MARINOS,Normal Goal,1504682.0
28/02/2026,J1 League,2026/2027,YOKOHAMA F. MARINOS,TOKYO VERDY,47,2P,D. Tono,,,YOKOHAMA F. MARINOS,Normal Goal,1504682.0
28/02/2026,J1 League,2026/2027,YOKOHAMA F. MARINOS,TOKYO VERDY,49,2P,R. Yamane,,,YOKOHAMA F. MARINOS,Normal Goal,1504682.0
28/02/2026,J1 League,2026/2027,YOKOHAMA F. MARINOS,TOKYO VERDY,69,2P,I. Someno,,,TOKYO VERDY,Normal Goal,1504682.0
28/02/2026,J1 League,2026/2027,FC TOKYO,KASHIWA REYSOL,54,2P,Y. Kakita,,,KASHIWA REYSOL,Normal Goal,1504684.0
28/02/2026,J1 League,2026/2027,V-VAREN NAGASAKI,CEREZO OSAKA,38,1P,Matheus Jesus,,,V-VAREN NAGASAKI,Normal Goal,1504686.0
07/03/2026,J1 League,2026/2027,JEF UNITED CHIBA,KASHIWA REYSOL,48,2P,T. Tsukui,,,JEF UNITED CHIBA,Normal Goal,1504689.0
07/03/2026,J1 League,2026/2027,URAWA,MITO HOLLYHOCK,41,1P,R. Hidano,,,URAWA,Normal Goal,1504693.0
07/03/2026,J1 League,2026/2027,URAWA,MITO HOLLYHOCK,90,2P,T. Teruuchi,,,URAWA,Normal Goal,1504693.0
08/03/2026,J1 League,2026/2027,FAGIANO OKAYAMA,KYOTO SANGA,84,2P,M. Matsumoto,,,FAGIANO OKAYAMA,Normal Goal,1504696.0
14/03/2026,J1 League,2026/2027,YOKOHAMA F. MARINOS,JEF UNITED CHIBA,74,2P,K. Tanimura,,,YOKOHAMA F. MARINOS,Normal Goal,1504699.0
14/03/2026,J1 League,2026/2027,SHIMIZU S-PULSE,FAGIANO OKAYAMA,58,2P,Oh Se-Hun,,,SHIMIZU S-PULSE,Normal Goal,1504704.0
14/03/2026,J1 League,2026/2027,SHIMIZU S-PULSE,FAGIANO OKAYAMA,80,2P,Werik Popo,,,FAGIANO OKAYAMA,Normal Goal,1504704.0
14/03/2026,J1 League,2026/2027,KYOTO SANGA,CEREZO OSAKA,90,2P,S. Tanaka,,,CEREZO OSAKA,Normal Goal,1504701.0
14/03/2026,J1 League,2026/2027,MITO HOLLYHOCK,FC TOKYO,59,2P,S. Muroya,,,FC TOKYO,Normal Goal,1504702.0
14/03/2026,J1 League,2026/2027,MITO HOLLYHOCK,FC TOKYO,61,2P,A. Watanabe,,,MITO HOLLYHOCK,Normal Goal,1504702.0
14/03/2026,J1 League,2026/2027,SANFRECCE HIROSHIMA,GAMBA OSAKA,41,1P,N. Arai,,,SANFRECCE HIROSHIMA,Normal Goal,1504706.0
14/03/2026,J1 League,2026/2027,SANFRECCE HIROSHIMA,GAMBA OSAKA,67,2P,S. Nakamura,,,SANFRECCE HIROSHIMA,Normal Goal,1504706.0
18/03/2026,J1 League,2026/2027,AVISPA FUKUOKA,SHIMIZU S-PULSE,59,2P,K. Kitazume,,,SHIMIZU S-PULSE,Normal Goal,1504710.0
18/03/2026,J1 League,2026/2027,AVISPA FUKUOKA,SHIMIZU S-PULSE,85,2P,S. Zahedi,,,AVISPA FUKUOKA,Normal Goal,1504710.0
18/03/2026,J1 League,2026/2027,URAWA,KASHIWA REYSOL,66,2P,Y. Segawa,,,KASHIWA REYSOL,Normal Goal,1504718.0
21/03/2026,J1 League,2026/2027,FAGIANO OKAYAMA,V-VAREN NAGASAKI,90,2P,R. Yamasaki,,,V-VAREN NAGASAKI,Normal Goal,1504719.0
22/03/2026,J1 League,2026/2027,URAWA,MACHIDA ZELVIA,26,1P,H. Mochizuki,,,MACHIDA ZELVIA,Normal Goal,1504728.0
22/03/2026,J1 League,2026/2027,URAWA,MACHIDA ZELVIA,55,2P,Matheus Savio,,,URAWA,Normal Goal,1504728.0
01/04/2026,J1 League,2026/2027,MACHIDA ZELVIA,FC TOKYO,32,1P,K. Endo,,,FC TOKYO,Normal Goal,1504751.0
04/04/2026,J1 League,2026/2027,GAMBA OSAKA,KYOTO SANGA,75,2P,R. Meshino,,,GAMBA OSAKA,Normal Goal,1504732.0
05/04/2026,J1 League,2026/2027,KASHIWA REYSOL,YOKOHAMA F. MARINOS,82,2P,H. Nakama,,,KASHIWA REYSOL,Normal Goal,1504734.0
05/04/2026,J1 League,2026/2027,FAGIANO OKAYAMA,VISSEL KOBE,62,2P,T. Kimura,,,FAGIANO OKAYAMA,Normal Goal,1504735.0
05/04/2026,J1 League,2026/2027,FAGIANO OKAYAMA,VISSEL KOBE,88,2P,Y. Goke,,,VISSEL KOBE,Normal Goal,1504735.0
11/04/2026,J1 League,2026/2027,AVISPA FUKUOKA,V-VAREN NAGASAKI,62,2P,T. Miki,,,AVISPA FUKUOKA,Normal Goal,1504740.0
11/04/2026,J1 League,2026/2027,VISSEL KOBE,NAGOYA GRAMPUS,27,1P,G. Sakai,,,VISSEL KOBE,Normal Goal,1504743.0
11/04/2026,J1 League,2026/2027,VISSEL KOBE,NAGOYA GRAMPUS,29,1P,Y. Kimura,,,NAGOYA GRAMPUS,Normal Goal,1504743.0
11/04/2026,J1 League,2026/2027,VISSEL KOBE,NAGOYA GRAMPUS,81,2P,Y. Muto,,,VISSEL KOBE,Normal Goal,1504743.0
11/04/2026,J1 League,2026/2027,GAMBA OSAKA,CEREZO OSAKA,40,1P,Thiago Andrade,,,CEREZO OSAKA,Normal Goal,1504745.0
12/04/2026,J1 League,2026/2027,URAWA,TOKYO VERDY,46,2P,R. Hidano,,,URAWA,Normal Goal,1504747.0
18/04/2026,J1 League,2026/2027,CEREZO OSAKA,KYOTO SANGA,18,1P,Thiago Andrade,,,CEREZO OSAKA,Normal Goal,1504754.0
18/04/2026,J1 League,2026/2027,CEREZO OSAKA,KYOTO SANGA,66,2P,S. Homma,,,CEREZO OSAKA,Normal Goal,1504754.0
19/04/2026,J1 League,2026/2027,MITO HOLLYHOCK,KASHIWA REYSOL,60,2P,K. Tada,,,MITO HOLLYHOCK,Normal Goal,1504755.0
19/04/2026,J1 League,2026/2027,MITO HOLLYHOCK,KASHIWA REYSOL,65,2P,A. Watanabe,,,MITO HOLLYHOCK,Normal Goal,1504755.0
24/04/2026,J1 League,2026/2027,KASHIWA REYSOL,KASHIMA,45,1P,Y. Suzuki,,,KASHIMA,Normal Goal,1504760.0
25/04/2026,J1 League,2026/2027,URAWA,YOKOHAMA F. MARINOS,21,1P,R. Yamane,,,YOKOHAMA F. MARINOS,Normal Goal,1504764.0
25/04/2026,J1 League,2026/2027,URAWA,YOKOHAMA F. MARINOS,28,1P,T. Kaneko,,,URAWA,Normal Goal,1504764.0
25/04/2026,J1 League,2026/2027,URAWA,YOKOHAMA F. MARINOS,62,2P,K. Watanabe,,,YOKOHAMA F. MARINOS,Normal Goal,1504764.0
25/04/2026,J1 League,2026/2027,FAGIANO OKAYAMA,AVISPA FUKUOKA,61,2P,T. Yamane,,,FAGIANO OKAYAMA,Normal Goal,1504762.0
25/04/2026,J1 League,2026/2027,KAWASAKI FRONTALE,JEF UNITED CHIBA,5,1P,Y. Yamamoto,,,KAWASAKI FRONTALE,Normal Goal,1504765.0
25/04/2026,J1 League,2026/2027,KAWASAKI FRONTALE,JEF UNITED CHIBA,85,2P,R. Ishio,,,JEF UNITED CHIBA,Normal Goal,1504765.0
25/04/2026,J1 League,2026/2027,KAWASAKI FRONTALE,JEF UNITED CHIBA,89,2P,Marcinho,,,KAWASAKI FRONTALE,Normal Goal,1504765.0
29/04/2026,J1 League,2026/2027,SHIMIZU S-PULSE,V-VAREN NAGASAKI,33,1P,Thiago,,,V-VAREN NAGASAKI,Normal Goal,1504769.0
29/04/2026,J1 League,2026/2027,SHIMIZU S-PULSE,V-VAREN NAGASAKI,46,2P,M. Hasegawa,,,V-VAREN NAGASAKI,Normal Goal,1504769.0
29/04/2026,J1 League,2026/2027,NAGOYA GRAMPUS,FAGIANO OKAYAMA,89,2P,D. Tagami,,,FAGIANO OKAYAMA,Normal Goal,1504775.0
29/04/2026,J1 League,2026/2027,KYOTO SANGA,GAMBA OSAKA,89,2P,H. Arai,,,KYOTO SANGA,Normal Goal,1504774.0
29/04/2026,J1 League,2026/2027,KASHIWA REYSOL,FC TOKYO,43,1P,K. Endo,,,FC TOKYO,Normal Goal,1504777.0
29/04/2026,J1 League,2026/2027,KASHIWA REYSOL,FC TOKYO,60,2P,R. Sato,,,FC TOKYO,Normal Goal,1504777.0
02/05/2026,J1 League,2026/2027,FAGIANO OKAYAMA,SANFRECCE HIROSHIMA,83,2P,Leo Gaucho,,,FAGIANO OKAYAMA,Normal Goal,1504779.0
02/05/2026,J1 League,2026/2027,KYOTO SANGA,SHIMIZU S-PULSE,16,1P,Marco Tulio,,,KYOTO SANGA,Normal Goal,1504781.0
02/05/2026,J1 League,2026/2027,KYOTO SANGA,SHIMIZU S-PULSE,64,2P,Z. Uno,,,SHIMIZU S-PULSE,Normal Goal,1504781.0
02/05/2026,J1 League,2026/2027,KYOTO SANGA,SHIMIZU S-PULSE,68,2P,Y. Shimamoto,,,SHIMIZU S-PULSE,Normal Goal,1504781.0
02/05/2026,J1 League,2026/2027,URAWA,JEF UNITED CHIBA,41,1P,K. Nemoto,,,URAWA,Normal Goal,1504784.0
02/05/2026,J1 League,2026/2027,URAWA,JEF UNITED CHIBA,64,2P,H. Komori,,,URAWA,Normal Goal,1504784.0
03/05/2026,J1 League,2026/2027,TOKYO VERDY,KASHIWA REYSOL,90,2P,Y. Arai,,,TOKYO VERDY,Normal Goal,1504785.0
03/05/2026,J1 League,2026/2027,KASHIMA,MACHIDA ZELVIA,50,2P,Leo Ceara,,,KASHIMA,Normal Goal,1504787.0
03/05/2026,J1 League,2026/2027,KASHIMA,MACHIDA ZELVIA,53,2P,T. Yengi,,,MACHIDA ZELVIA,Normal Goal,1504787.0
06/05/2026,J1 League,2026/2027,AVISPA FUKUOKA,KYOTO SANGA,28,1P,Rafael Elias,,,KYOTO SANGA,Normal Goal,1504791.0
06/05/2026,J1 League,2026/2027,AVISPA FUKUOKA,KYOTO SANGA,74,2P,A. Sani Brown,,,AVISPA FUKUOKA,Normal Goal,1504791.0
06/05/2026,J1 League,2026/2027,KASHIMA,MITO HOLLYHOCK,58,2P,S. Morooka,,,KASHIMA,Normal Goal,1504795.0
06/05/2026,J1 League,2026/2027,KASHIMA,MITO HOLLYHOCK,71,2P,Leo Ceara,,,KASHIMA,Normal Goal,1504795.0
06/05/2026,J1 League,2026/2027,KASHIMA,MITO HOLLYHOCK,79,2P,Leo Ceara,,,KASHIMA,Normal Goal,1504795.0
06/05/2026,J1 League,2026/2027,MACHIDA ZELVIA,YOKOHAMA F. MARINOS,53,2P,Erik,,,MACHIDA ZELVIA,Normal Goal,1504796.0
06/05/2026,J1 League,2026/2027,MACHIDA ZELVIA,YOKOHAMA F. MARINOS,66,2P,S. Fujio,,,MACHIDA ZELVIA,Normal Goal,1504796.0
10/05/2026,J1 League,2026/2027,SHIMIZU S-PULSE,AVISPA FUKUOKA,70,2P,S. Usui,,,AVISPA FUKUOKA,Normal Goal,1504801.0
10/05/2026,J1 League,2026/2027,SHIMIZU S-PULSE,AVISPA FUKUOKA,75,2P,Oh Se-Hun,,,SHIMIZU S-PULSE,Normal Goal,1504801.0
10/05/2026,J1 League,2026/2027,FC TOKYO,TOKYO VERDY,29,1P,K. Morita,,,TOKYO VERDY,Normal Goal,1504804.0
10/05/2026,J1 League,2026/2027,FC TOKYO,TOKYO VERDY,41,1P,S. Muroya,,,FC TOKYO,Normal Goal,1504804.0
10/05/2026,J1 League,2026/2027,FC TOKYO,TOKYO VERDY,90,2P,M. Nagakura,,,FC TOKYO,Normal Goal,1504804.0
10/05/2026,J1 League,2026/2027,GAMBA OSAKA,SANFRECCE HIROSHIMA,68,2P,S. Higashi,,,SANFRECCE HIROSHIMA,Normal Goal,1504805.0
16/05/2026,J1 League,2026/2027,MITO HOLLYHOCK,TOKYO VERDY,54,2P,R. Shirai,,,TOKYO VERDY,Normal Goal,1504809.0
17/05/2026,J1 League,2026/2027,KAWASAKI FRONTALE,MACHIDA ZELVIA,40,1P,T. Yengi,,,MACHIDA ZELVIA,Normal Goal,1504818.0
23/05/2026,J1 League,2026/2027,AVISPA FUKUOKA,VISSEL KOBE,45,1P,M. Thuler,,,VISSEL KOBE,Normal Goal,1504820.0
23/05/2026,J1 League,2026/2027,KASHIMA,FC TOKYO,79,2P,S. Morooka,,,KASHIMA,Normal Goal,1504822.0
23/05/2026,J1 League,2026/2027,KYOTO SANGA,V-VAREN NAGASAKI,51,2P,Rafael Elias,,,KYOTO SANGA,Normal Goal,1504824.0
24/05/2026,J1 League,2026/2027,SHIMIZU S-PULSE,GAMBA OSAKA,58,2P,M. Yumiba,,,SHIMIZU S-PULSE,Normal Goal,1504828.0
24/05/2026,J1 League,2026/2027,SHIMIZU S-PULSE,GAMBA OSAKA,61,2P,H. Minamino,,,GAMBA OSAKA,Normal Goal,1504828.0
30/05/2026,J1 League,2026/2027,CEREZO OSAKA,FC TOKYO,49,2P,Marcelo Ryan,,,FC TOKYO,Normal Goal,1546394.0
30/05/2026,J1 League,2026/2027,CEREZO OSAKA,FC TOKYO,79,2P,K. Noborizato,,,CEREZO OSAKA,Normal Goal,1546394.0
06/06/2026,J1 League,2026/2027,KASHIMA,VISSEL KOBE,68,2P,H. Hayashu,,,KASHIMA,Normal Goal,1546317.0
06/06/2026,J1 League,2026/2027,KASHIMA,VISSEL KOBE,70,2P,K. Anzai,,,KASHIMA,Normal Goal,1546317.0
06/06/2026,J1 League,2026/2027,MACHIDA ZELVIA,NAGOYA GRAMPUS,93,2P,K. Nagai,,,NAGOYA GRAMPUS,Normal Goal,1546401.0
06/06/2026,J1 League,2026/2027,MACHIDA ZELVIA,NAGOYA GRAMPUS,100,2P,Y. Nakayama,,,MACHIDA ZELVIA,Normal Goal,1546401.0
06/06/2026,J1 League,2026/2027,MACHIDA ZELVIA,NAGOYA GRAMPUS,113,2P,H. Shimoda,,,MACHIDA ZELVIA,Normal Goal,1546401.0
06/06/2026,J1 League,2026/2027,TOKYO VERDY,GAMBA OSAKA,16,1P,G. Nawata,,,GAMBA OSAKA,Normal Goal,1546404.0
06/06/2026,J1 League,2026/2027,TOKYO VERDY,GAMBA OSAKA,49,2P,S. Nakano,,,GAMBA OSAKA,Normal Goal,1546404.0
06/06/2026,J1 League,2026/2027,TOKYO VERDY,GAMBA OSAKA,88,2P,G. Nawata,,,GAMBA OSAKA,Normal Goal,1546404.0
06/06/2026,J1 League,2026/2027,TOKYO VERDY,GAMBA OSAKA,90,2P,S. Toyama,,,GAMBA OSAKA,Normal Goal,1546404.0
06/06/2026,J1 League,2026/2027,KASHIWA REYSOL,KYOTO SANGA,57,2P,Joao Pedro,,,KYOTO SANGA,Normal Goal,1546406.0
06/06/2026,J1 League,2026/2027,KAWASAKI FRONTALE,SANFRECCE HIROSHIMA,44,1P,S. Nakamura,,,SANFRECCE HIROSHIMA,Normal Goal,1546407.0
09/08/2026,Eredivisie,2026/2027,PEC ZWOLLE,AJAX,76,2P,J. Mokio,,,AJAX,Normal Goal,1552124.0
09/08/2026,Eredivisie,2026/2027,PEC ZWOLLE,AJAX,90,2P,J. Brandt,,,AJAX,Normal Goal,1552124.0
14/08/2026,Eredivisie,2026/2027,TELSTAR,SPARTA ROTTERDAM,6,1P,M. Young,N. Thorisson,,SPARTA ROTTERDAM,Normal Goal,1552126.0
14/08/2026,Eredivisie,2026/2027,TELSTAR,SPARTA ROTTERDAM,53,2P,N. Thorisson,S. Mito,,SPARTA ROTTERDAM,Normal Goal,1552126.0
14/08/2026,Eredivisie,2026/2027,TELSTAR,SPARTA ROTTERDAM,90,2P,A. Soualhia,,,TELSTAR,Normal Goal,1552126.0
14/08/2026,Eredivisie,2026/2027,TELSTAR,SPARTA ROTTERDAM,90,2P,R. van Cruijsen,B. Kuipers,,SPARTA ROTTERDAM,Normal Goal,1552126.0
15/08/2026,Eredivisie,2026/2027,WILLEM II,NEC NIJMEGEN,45,1P,A. Tahaui,,,NEC NIJMEGEN,Normal Goal,1552127.0
15/08/2026,Eredivisie,2026/2027,WILLEM II,NEC NIJMEGEN,54,2P,T. Chery,,,NEC NIJMEGEN,Normal Goal,1552127.0
15/08/2026,Eredivisie,2026/2027,WILLEM II,NEC NIJMEGEN,64,2P,B. Linssen,,,NEC NIJMEGEN,Normal Goal,1552127.0
15/08/2026,Eredivisie,2026/2027,WILLEM II,NEC NIJMEGEN,67,2P,K. Sierhuis,,,NEC NIJMEGEN,Normal Goal,1552127.0
15/08/2026,Eredivisie,2026/2027,WILLEM II,NEC NIJMEGEN,77,2P,T. Verheydt,,,WILLEM II,Normal Goal,1552127.0
15/08/2026,Eredivisie,2026/2027,UTRECHT,AZ ALKMAAR,45,1P,P. Koopmeiners,,,AZ ALKMAAR,Normal Goal,1552128.0
15/08/2026,Eredivisie,2026/2027,UTRECHT,AZ ALKMAAR,47,2P,Weslley Patati,,,AZ ALKMAAR,Normal Goal,1552128.0
15/08/2026,Eredivisie,2026/2027,UTRECHT,AZ ALKMAAR,49,2P,M. Meerdink,,,AZ ALKMAAR,Normal Goal,1552128.0
15/08/2026,Eredivisie,2026/2027,UTRECHT,AZ ALKMAAR,62,2P,A. Stepanov,,,UTRECHT,Normal Goal,1552128.0
15/08/2026,Eredivisie,2026/2027,UTRECHT,AZ ALKMAAR,84,2P,A. Oufkir,,,AZ ALKMAAR,Normal Goal,1552128.0
15/08/2026,Eredivisie,2026/2027,EXCELSIOR,PSV EINDHOVEN,5,1P,R. van Bommel,,,PSV EINDHOVEN,Normal Goal,1552129.0
15/08/2026,Eredivisie,2026/2027,EXCELSIOR,PSV EINDHOVEN,54,2P,C. Widell,I. Yegoian,,EXCELSIOR,Normal Goal,1552129.0
15/08/2026,Eredivisie,2026/2027,EXCELSIOR,PSV EINDHOVEN,56,2P,R. Pepi,S. Dest,,PSV EINDHOVEN,Normal Goal,1552129.0
15/08/2026,Eredivisie,2026/2027,FORTUNA SITTARD,CAMBUUR,6,1P,P. Brittijn,M. Ihattaren,,FORTUNA SITTARD,Normal Goal,1552130.0
15/08/2026,Eredivisie,2026/2027,FORTUNA SITTARD,CAMBUUR,15,1P,L. Zeefuik,J. Dahlhaus,,FORTUNA SITTARD,Normal Goal,1552130.0
15/08/2026,Eredivisie,2026/2027,FORTUNA SITTARD,CAMBUUR,22,1P,R. El Arguioui,N. Souren,,CAMBUUR,Normal Goal,1552130.0
15/08/2026,Eredivisie,2026/2027,FORTUNA SITTARD,CAMBUUR,90,2P,S. Zand,I. Pinto,,FORTUNA SITTARD,Normal Goal,1552130.0
16/08/2026,Eredivisie,2026/2027,ADO DEN HAAG,GRONINGEN,15,1P,T. van Bergen,,,GRONINGEN,Normal Goal,1552131.0
16/08/2026,Eredivisie,2026/2027,ADO DEN HAAG,GRONINGEN,30,1P,B. Willumsson,E. Vaessen,,GRONINGEN,Normal Goal,1552131.0
16/08/2026,Eredivisie,2026/2027,ADO DEN HAAG,GRONINGEN,45,1P,D. van der Werff,T. Land,,GRONINGEN,Normal Goal,1552131.0
16/08/2026,Eredivisie,2026/2027,ADO DEN HAAG,GRONINGEN,55,2P,Y. Eduardo,F. de Bruin,,ADO DEN HAAG,Normal Goal,1552131.0
16/08/2026,Eredivisie,2026/2027,ADO DEN HAAG,GRONINGEN,81,2P,N. Eggens,T. van Bergen,,GRONINGEN,Normal Goal,1552131.0
16/08/2026,Eredivisie,2026/2027,AJAX,HEERENVEEN,7,1P,B. Klaverboer,,,AJAX,Own Goal,1552134.0
16/08/2026,Eredivisie,2026/2027,AJAX,HEERENVEEN,33,1P,A. Ouazane,Caio Henrique,,AJAX,Normal Goal,1552134.0
16/08/2026,Eredivisie,2026/2027,AJAX,HEERENVEEN,45,1P,J. Trenskow,S. Kersten,,HEERENVEEN,Normal Goal,1552134.0
16/08/2026,Eredivisie,2026/2027,AJAX,HEERENVEEN,82,2P,M. Rivera,,,HEERENVEEN,Normal Goal,1552134.0
22/08/2026,Eredivisie,2026/2027,FORTUNA SITTARD,AZ ALKMAAR,58,2P,J. Hornkamp,,,AZ ALKMAAR,Normal Goal,1552135.0
22/08/2026,Eredivisie,2026/2027,FORTUNA SITTARD,AZ ALKMAAR,90,2P,J. Hornkamp,,,AZ ALKMAAR,Normal Goal,1552135.0
22/08/2026,Eredivisie,2026/2027,HEERENVEEN,PEC ZWOLLE,50,2P,N. Viergever,,,PEC ZWOLLE,Normal Goal,1552138.0
22/08/2026,Eredivisie,2026/2027,HEERENVEEN,PEC ZWOLLE,61,2P,K. Kostons,,,PEC ZWOLLE,Normal Goal,1552138.0
23/08/2026,Eredivisie,2026/2027,GO AHEAD EAGLES,ADO DEN HAAG,38,1P,S. Tengstedt,A. Sampsted,,GO AHEAD EAGLES,Normal Goal,1552139.0
23/08/2026,Eredivisie,2026/2027,GO AHEAD EAGLES,ADO DEN HAAG,64,2P,V. Edvardsen,S. Tengstedt,,GO AHEAD EAGLES,Normal Goal,1552139.0
23/08/2026,Eredivisie,2026/2027,GO AHEAD EAGLES,ADO DEN HAAG,78,2P,E. Rottier,M. Hokke,,ADO DEN HAAG,Normal Goal,1552139.0
23/08/2026,Eredivisie,2026/2027,GO AHEAD EAGLES,ADO DEN HAAG,90,2P,S. I. Sigurdarson,D. James,,GO AHEAD EAGLES,Normal Goal,1552139.0
23/08/2026,Eredivisie,2026/2027,PSV EINDHOVEN,GRONINGEN,9,1P,B. Willumsson,T. van Bergen,,GRONINGEN,Normal Goal,1552140.0
23/08/2026,Eredivisie,2026/2027,PSV EINDHOVEN,GRONINGEN,11,1P,T. Blokzijl,,,PSV EINDHOVEN,Own Goal,1552140.0
23/08/2026,Eredivisie,2026/2027,PSV EINDHOVEN,GRONINGEN,35,1P,I. Perisic,,,PSV EINDHOVEN,Normal Goal,1552140.0
23/08/2026,Eredivisie,2026/2027,PSV EINDHOVEN,GRONINGEN,45,1P,R. Pepi,,,PSV EINDHOVEN,Penalty,1552140.0
23/08/2026,Eredivisie,2026/2027,PSV EINDHOVEN,GRONINGEN,53,2P,I. Perisic,Mauro Junior,,PSV EINDHOVEN,Normal Goal,1552140.0
23/08/2026,Eredivisie,2026/2027,PSV EINDHOVEN,GRONINGEN,56,2P,S. Dest,R. van Bommel,,PSV EINDHOVEN,Normal Goal,1552140.0
23/08/2026,Eredivisie,2026/2027,CAMBUUR,FEYENOORD,17,1P,G. Zechiel,,,FEYENOORD,Normal Goal,1552141.0
23/08/2026,Eredivisie,2026/2027,CAMBUUR,FEYENOORD,26,1P,L. Valente,G. Diarra,,FEYENOORD,Normal Goal,1552141.0
23/08/2026,Eredivisie,2026/2027,CAMBUUR,FEYENOORD,42,1P,T. Jansen,,,FEYENOORD,Own Goal,1552141.0
23/08/2026,Eredivisie,2026/2027,CAMBUUR,FEYENOORD,45,1P,A. Ueda,,,FEYENOORD,Penalty,1552141.0
23/08/2026,Eredivisie,2026/2027,CAMBUUR,FEYENOORD,70,2P,R. El Arguioui,N. Binder,,CAMBUUR,Normal Goal,1552141.0
23/08/2026,Eredivisie,2026/2027,CAMBUUR,FEYENOORD,80,2P,R. El Arguioui,,,CAMBUUR,Normal Goal,1552141.0
23/08/2026,Eredivisie,2026/2027,CAMBUUR,FEYENOORD,83,2P,G. Zechiel,J. Lotomba,,FEYENOORD,Normal Goal,1552141.0
07/08/2026,Eerste Divisie,2026/2027,VITESSE,WAALWIJK,38,1P,N. Bannis,,,VITESSE,Normal Goal,1551741.0
07/08/2026,Eerste Divisie,2026/2027,VITESSE,WAALWIJK,87,2P,F. Stokkers,,,WAALWIJK,Penalty,1551741.0
07/08/2026,Eerste Divisie,2026/2027,VVV VENLO,HERACLES,38,1P,T. van Gilst,,,HERACLES,Penalty,1551740.0
07/08/2026,Eerste Divisie,2026/2027,VVV VENLO,HERACLES,45,1P,D. Vicente,,,HERACLES,Normal Goal,1551740.0
07/08/2026,Eerste Divisie,2026/2027,VVV VENLO,HERACLES,71,2P,J. N'djoli,,,HERACLES,Normal Goal,1551740.0
07/08/2026,Eerste Divisie,2026/2027,VVV VENLO,HERACLES,78,2P,D. Zandbergen,,,VVV VENLO,Normal Goal,1551740.0
07/08/2026,Eerste Divisie,2026/2027,VVV VENLO,HERACLES,83,2P,D. Zandbergen,,,VVV VENLO,Normal Goal,1551740.0
07/08/2026,Eerste Divisie,2026/2027,VVV VENLO,HERACLES,86,2P,D. Hendrix,,,VVV VENLO,Normal Goal,1551740.0
07/08/2026,Eerste Divisie,2026/2027,VVV VENLO,HERACLES,88,2P,J. N'djoli,,,HERACLES,Normal Goal,1551740.0
07/08/2026,Eerste Divisie,2026/2027,EMMEN,RODA,68,2P,F. Quispel,,,EMMEN,Normal Goal,1551738.0
07/08/2026,Eerste Divisie,2026/2027,DORDRECHT,JONG AJAX,4,1P,P. Nash,M. Abdalla,,JONG AJAX,Normal Goal,1551737.0
07/08/2026,Eerste Divisie,2026/2027,DORDRECHT,JONG AJAX,6,1P,M. Vetkal,D. Sits,,DORDRECHT,Normal Goal,1551737.0
07/08/2026,Eerste Divisie,2026/2027,DORDRECHT,JONG AJAX,14,1P,A. Ouarghi,,,DORDRECHT,Normal Goal,1551737.0
07/08/2026,Eerste Divisie,2026/2027,FC OSS,NAC BREDA,18,1P,F. Nsingi,,,FC OSS,Normal Goal,1551739.0
07/08/2026,Eerste Divisie,2026/2027,FC OSS,NAC BREDA,69,2P,M. Soumano,,,NAC BREDA,Normal Goal,1551739.0
07/08/2026,Eerste Divisie,2026/2027,FC OSS,NAC BREDA,90,2P,P. Reulen,B. Lucassen,,NAC BREDA,Normal Goal,1551739.0
08/08/2026,Eerste Divisie,2026/2027,DEN BOSCH,ALMERE CITY FC,60,2P,I. Boumassaoudi,K. Monzialo,,DEN BOSCH,Normal Goal,1551742.0
08/08/2026,Eerste Divisie,2026/2027,DEN BOSCH,ALMERE CITY FC,63,2P,F. Druijf,M. Dors,,ALMERE CITY FC,Normal Goal,1551742.0
09/08/2026,Eerste Divisie,2026/2027,HELMOND SPORT,DE GRAAFSCHAP,9,1P,D. Huiberts,L. Cicero,,HELMOND SPORT,Normal Goal,1551744.0
09/08/2026,Eerste Divisie,2026/2027,HELMOND SPORT,DE GRAAFSCHAP,45,1P,F. de Jong,N. Ahmeti,,DE GRAAFSCHAP,Normal Goal,1551744.0
09/08/2026,Eerste Divisie,2026/2027,MVV,JONG UTRECHT,2,1P,I. Breugelmans,L. Daneels,,MVV,Normal Goal,1551743.0
09/08/2026,Eerste Divisie,2026/2027,MVV,JONG UTRECHT,6,1P,B. Menzo,M. Ghaddari,,JONG UTRECHT,Normal Goal,1551743.0
09/08/2026,Eerste Divisie,2026/2027,MVV,JONG UTRECHT,46,2P,E. Sierra,D. Asante,,MVV,Normal Goal,1551743.0
10/08/2026,Eerste Divisie,2026/2027,JONG PSV U21,FC VOLENDAM,19,1P,F. Kluit,J. Koller,,JONG PSV U21,Normal Goal,1551746.0
10/08/2026,Eerste Divisie,2026/2027,JONG PSV U21,FC VOLENDAM,38,1P,H. Veerman,N. Doodeman,,FC VOLENDAM,Normal Goal,1551746.0
10/08/2026,Eerste Divisie,2026/2027,JONG PSV U21,FC VOLENDAM,61,2P,H. Veerman,M. Belfqih,,FC VOLENDAM,Normal Goal,1551746.0
10/08/2026,Eerste Divisie,2026/2027,JONG PSV U21,FC VOLENDAM,82,2P,J. van den Berg,,,JONG PSV U21,Normal Goal,1551746.0
10/08/2026,Eerste Divisie,2026/2027,JONG PSV U21,FC VOLENDAM,90,2P,S. Cornecion,M. Bresser,,JONG PSV U21,Normal Goal,1551746.0
10/08/2026,Eerste Divisie,2026/2027,JONG AZ,FC EINDHOVEN,82,2P,O. Renfrum,,,FC EINDHOVEN,Normal Goal,1551745.0
14/08/2026,Eerste Divisie,2026/2027,NAC BREDA,VVV VENLO,4,1P,E. Zuliani,,,VVV VENLO,Normal Goal,1551750.0
14/08/2026,Eerste Divisie,2026/2027,NAC BREDA,VVV VENLO,50,2P,E. Zuliani,L. de Blok,,VVV VENLO,Normal Goal,1551750.0
14/08/2026,Eerste Divisie,2026/2027,HERACLES,DEN BOSCH,45,1P,J. N'djoli,,,HERACLES,Normal Goal,1551749.0
14/08/2026,Eerste Divisie,2026/2027,HERACLES,DEN BOSCH,62,2P,S. Karlsson Grach,,,DEN BOSCH,Normal Goal,1551749.0
14/08/2026,Eerste Divisie,2026/2027,HERACLES,DEN BOSCH,74,2P,J. N'djoli,,,HERACLES,Normal Goal,1551749.0
14/08/2026,Eerste Divisie,2026/2027,HERACLES,DEN BOSCH,87,2P,S. Karlsson Grach,,,DEN BOSCH,Normal Goal,1551749.0
14/08/2026,Eerste Divisie,2026/2027,HERACLES,DEN BOSCH,89,2P,T. van Gilst,,,HERACLES,Normal Goal,1551749.0
14/08/2026,Eerste Divisie,2026/2027,RODA,HELMOND SPORT,33,1P,K. Jansen,,,HELMOND SPORT,Own Goal,1551751.0
14/08/2026,Eerste Divisie,2026/2027,RODA,HELMOND SPORT,37,1P,M. Tol,,,RODA,Normal Goal,1551751.0
14/08/2026,Eerste Divisie,2026/2027,RODA,HELMOND SPORT,53,2P,L. Beerten,,,RODA,Normal Goal,1551751.0
14/08/2026,Eerste Divisie,2026/2027,WAALWIJK,DORDRECHT,12,1P,D. Sits,A. Ouarghi,,DORDRECHT,Normal Goal,1551752.0
14/08/2026,Eerste Divisie,2026/2027,WAALWIJK,DORDRECHT,50,2P,K. Varela,J. Nap,,WAALWIJK,Normal Goal,1551752.0
14/08/2026,Eerste Divisie,2026/2027,WAALWIJK,DORDRECHT,73,2P,N. Rossi,A. Ouarghi,,DORDRECHT,Normal Goal,1551752.0
14/08/2026,Eerste Divisie,2026/2027,WAALWIJK,DORDRECHT,90,2P,H. van Gemert,,,WAALWIJK,Normal Goal,1551752.0
14/08/2026,Eerste Divisie,2026/2027,ALMERE CITY FC,JONG PSV U21,2,1P,B. Burgering,M. Hoedemakers,,ALMERE CITY FC,Normal Goal,1551747.0
14/08/2026,Eerste Divisie,2026/2027,ALMERE CITY FC,JONG PSV U21,9,1P,F. Kluit,,,JONG PSV U21,Normal Goal,1551747.0
14/08/2026,Eerste Divisie,2026/2027,ALMERE CITY FC,JONG PSV U21,49,2P,E. Poku,B. Burgering,,ALMERE CITY FC,Normal Goal,1551747.0
14/08/2026,Eerste Divisie,2026/2027,ALMERE CITY FC,JONG PSV U21,90,2P,F. Druijf,I. Ghogli,,ALMERE CITY FC,Normal Goal,1551747.0
14/08/2026,Eerste Divisie,2026/2027,FC EINDHOVEN,MVV,15,1P,M. Hofland,,,FC EINDHOVEN,Own Goal,1551748.0
14/08/2026,Eerste Divisie,2026/2027,FC EINDHOVEN,MVV,45,1P,S. Van Dessel,,,MVV,Penalty,1551748.0
14/08/2026,Eerste Divisie,2026/2027,FC EINDHOVEN,MVV,51,2P,M. de Jonge,G. Beaumont,,FC EINDHOVEN,Normal Goal,1551748.0
14/08/2026,Eerste Divisie,2026/2027,FC EINDHOVEN,MVV,90,2P,O. Dumont,F. Dicke,,MVV,Normal Goal,1551748.0
14/08/2026,Eerste Divisie,2026/2027,FC EINDHOVEN,MVV,90,2P,J. Pawirodihardjo,,,MVV,Normal Goal,1551748.0
15/08/2026,Eerste Divisie,2026/2027,FC VOLENDAM,FC OSS,21,1P,N. Bukala,,,FC VOLENDAM,Normal Goal,1551753.0
15/08/2026,Eerste Divisie,2026/2027,FC VOLENDAM,FC OSS,72,2P,A. Plat,,,FC VOLENDAM,Normal Goal,1551753.0
15/08/2026,Eerste Divisie,2026/2027,FC VOLENDAM,FC OSS,81,2P,A. Plat,,,FC VOLENDAM,Normal Goal,1551753.0
17/08/2026,Eerste Divisie,2026/2027,DE GRAAFSCHAP,JONG AZ,11,1P,J. Oerip,B. Kovacs,,JONG AZ,Normal Goal,1551754.0
17/08/2026,Eerste Divisie,2026/2027,DE GRAAFSCHAP,JONG AZ,30,1P,D. Warmerdam,,,DE GRAAFSCHAP,Normal Goal,1551754.0
17/08/2026,Eerste Divisie,2026/2027,DE GRAAFSCHAP,JONG AZ,52,2P,B. Kovacs,,,JONG AZ,Penalty,1551754.0
17/08/2026,Eerste Divisie,2026/2027,DE GRAAFSCHAP,JONG AZ,75,2P,R. Robbemond,,,JONG AZ,Normal Goal,1551754.0
17/08/2026,Eerste Divisie,2026/2027,DE GRAAFSCHAP,JONG AZ,84,2P,B. van Zijl,T. Mero,,DE GRAAFSCHAP,Normal Goal,1551754.0
17/08/2026,Eerste Divisie,2026/2027,DE GRAAFSCHAP,JONG AZ,87,2P,A. Oufkir,Y. van den Ban,,JONG AZ,Normal Goal,1551754.0
17/08/2026,Eerste Divisie,2026/2027,DE GRAAFSCHAP,JONG AZ,90,2P,A. Oufkir,R. Robbemond,,JONG AZ,Normal Goal,1551754.0
17/08/2026,Eerste Divisie,2026/2027,JONG AJAX,EMMEN,1,1P,D. Pugno,P. Nash,,JONG AJAX,Normal Goal,1551755.0
17/08/2026,Eerste Divisie,2026/2027,JONG AJAX,EMMEN,3,1P,F. Quispel,Y. Dede-Lhomme,,EMMEN,Normal Goal,1551755.0
17/08/2026,Eerste Divisie,2026/2027,JONG AJAX,EMMEN,19,1P,E. Unuvar,D. Janse,,JONG AJAX,Normal Goal,1551755.0
17/08/2026,Eerste Divisie,2026/2027,JONG AJAX,EMMEN,22,1P,D. Pugno,,,JONG AJAX,Normal Goal,1551755.0
17/08/2026,Eerste Divisie,2026/2027,JONG AJAX,EMMEN,35,1P,J. Cooper-Love,,,EMMEN,Penalty,1551755.0
17/08/2026,Eerste Divisie,2026/2027,JONG AJAX,EMMEN,45,1P,N. Amadin,J. Cooper-Love,,EMMEN,Normal Goal,1551755.0
17/08/2026,Eerste Divisie,2026/2027,JONG AJAX,EMMEN,51,2P,F. Quispel,M. Breij,,EMMEN,Normal Goal,1551755.0
17/08/2026,Eerste Divisie,2026/2027,JONG AJAX,EMMEN,61,2P,J. Cooper-Love,L. Everink,,EMMEN,Normal Goal,1551755.0
17/08/2026,Eerste Divisie,2026/2027,JONG AJAX,EMMEN,70,2P,E. Unuvar,L. Acheampong,,JONG AJAX,Normal Goal,1551755.0
17/08/2026,Eerste Divisie,2026/2027,JONG AJAX,EMMEN,83,2P,J. Cooper-Love,S. Karssies,,EMMEN,Normal Goal,1551755.0
17/08/2026,Eerste Divisie,2026/2027,JONG UTRECHT,VITESSE,30,1P,N. Bannis,,,VITESSE,Normal Goal,1551756.0
17/08/2026,Eerste Divisie,2026/2027,JONG UTRECHT,VITESSE,45,1P,E. C. Owen,,,JONG UTRECHT,Normal Goal,1551756.0
17/08/2026,Eerste Divisie,2026/2027,JONG UTRECHT,VITESSE,52,2P,A. Sellouf,,,VITESSE,Normal Goal,1551756.0
17/08/2026,Eerste Divisie,2026/2027,JONG UTRECHT,VITESSE,73,2P,N. Bannis,,,VITESSE,Normal Goal,1551756.0
17/08/2026,Eerste Divisie,2026/2027,JONG UTRECHT,VITESSE,89,2P,Alexander Büttner,,,VITESSE,Missed Penalty,1551756.0
21/08/2026,Eerste Divisie,2026/2027,VITESSE,ALMERE CITY FC,53,2P,F. Druijf,,,ALMERE CITY FC,Normal Goal,1551762.0
21/08/2026,Eerste Divisie,2026/2027,VITESSE,ALMERE CITY FC,75,2P,M. Dors,,,ALMERE CITY FC,Normal Goal,1551762.0
21/08/2026,Eerste Divisie,2026/2027,VITESSE,ALMERE CITY FC,79,2P,E. Poku,,,ALMERE CITY FC,Normal Goal,1551762.0
21/08/2026,Eerste Divisie,2026/2027,EMMEN,JONG AZ,48,2P,N. Amadin,,,EMMEN,Normal Goal,1551759.0
21/08/2026,Eerste Divisie,2026/2027,EMMEN,JONG AZ,58,2P,F. Quispel,,,EMMEN,Normal Goal,1551759.0
21/08/2026,Eerste Divisie,2026/2027,EMMEN,JONG AZ,71,2P,M. Breij,,,EMMEN,Normal Goal,1551759.0
21/08/2026,Eerste Divisie,2026/2027,EMMEN,JONG AZ,84,2P,Y. van den Ban,,,JONG AZ,Normal Goal,1551759.0
21/08/2026,Eerste Divisie,2026/2027,DORDRECHT,RODA,22,1P,J. Nisbet,,,RODA,Normal Goal,1551758.0
21/08/2026,Eerste Divisie,2026/2027,MVV,FC VOLENDAM,53,2P,E. Schouten,,,MVV,Own Goal,1551761.0
21/08/2026,Eerste Divisie,2026/2027,DEN BOSCH,FC EINDHOVEN,8,1P,K. van Veen,M. de Jonge,,FC EINDHOVEN,Normal Goal,1551757.0
21/08/2026,Eerste Divisie,2026/2027,DEN BOSCH,FC EINDHOVEN,13,1P,S. Karlsson Grach,K. Monzialo,,DEN BOSCH,Normal Goal,1551757.0
21/08/2026,Eerste Divisie,2026/2027,DEN BOSCH,FC EINDHOVEN,23,1P,S. Karlsson Grach,M. Laros,,DEN BOSCH,Normal Goal,1551757.0
21/08/2026,Eerste Divisie,2026/2027,DEN BOSCH,FC EINDHOVEN,39,1P,K. Monzialo,D. De Corte,,DEN BOSCH,Normal Goal,1551757.0
21/08/2026,Eerste Divisie,2026/2027,DEN BOSCH,FC EINDHOVEN,53,2P,D. De Corte,,,DEN BOSCH,Normal Goal,1551757.0
21/08/2026,Eerste Divisie,2026/2027,DEN BOSCH,FC EINDHOVEN,84,2P,H. Ali,,,FC EINDHOVEN,Normal Goal,1551757.0
21/08/2026,Eerste Divisie,2026/2027,DEN BOSCH,FC EINDHOVEN,90,2P,S. Barglan,,,DEN BOSCH,Normal Goal,1551757.0
21/08/2026,Eerste Divisie,2026/2027,HELMOND SPORT,WAALWIJK,18,1P,M. Lenaerts,H. Ingason,,HELMOND SPORT,Normal Goal,1551760.0
21/08/2026,Eerste Divisie,2026/2027,HELMOND SPORT,WAALWIJK,79,2P,Y. van der Veen,F. Al Mazyani,,WAALWIJK,Normal Goal,1551760.0
22/08/2026,Eerste Divisie,2026/2027,NAC BREDA,JONG AJAX,10,1P,Marvyn Muzungu,,,NAC BREDA,Own Goal,1551763.0
22/08/2026,Eerste Divisie,2026/2027,NAC BREDA,JONG AJAX,59,2P,Diego Pugno,,,JONG AJAX,Normal Goal,1551763.0
22/08/2026,Eerste Divisie,2026/2027,NAC BREDA,JONG AJAX,71,2P,Paul Gladon,Mats Seuntjens,,NAC BREDA,Normal Goal,1551763.0
22/08/2026,Eerste Divisie,2026/2027,NAC BREDA,JONG AJAX,80,2P,Emre Ünüvar,,,JONG AJAX,Normal Goal,1551763.0
22/08/2026,Eerste Divisie,2026/2027,NAC BREDA,JONG AJAX,88,2P,Pepijn Reulen,,,NAC BREDA,Normal Goal,1551763.0
23/08/2026,Eerste Divisie,2026/2027,VVV VENLO,DE GRAAFSCHAP,10,1P,J. Kania,T. Mero,,DE GRAAFSCHAP,Normal Goal,1551764.0
23/08/2026,Eerste Divisie,2026/2027,VVV VENLO,DE GRAAFSCHAP,42,1P,N. Ait Mouhou,L. de Blok,,VVV VENLO,Normal Goal,1551764.0
23/08/2026,Eerste Divisie,2026/2027,VVV VENLO,DE GRAAFSCHAP,45,1P,R. Vullers,,,VVV VENLO,Normal Goal,1551764.0
08/08/2026,Liga Portugal,2026/2027,MARITIMO,CASA PIA,61,2P,Raphael Guzzo,,,MARITIMO,Normal Goal,1575451.0
14/08/2026,Liga Portugal,2026/2027,SPORTING CP,VITORIA SC,9,1P,F. Goncalves,F. Ioannidis,,SPORTING CP,Normal Goal,1575463.0
14/08/2026,Liga Portugal,2026/2027,SPORTING CP,VITORIA SC,22,1P,F. Ioannidis,G. Catamo,,SPORTING CP,Normal Goal,1575463.0
14/08/2026,Liga Portugal,2026/2027,SPORTING CP,VITORIA SC,41,1P,S. Altimira,F. Ioannidis,,SPORTING CP,Normal Goal,1575463.0
14/08/2026,Liga Portugal,2026/2027,SPORTING CP,VITORIA SC,66,2P,Samu,M. Nogueira,,VITORIA SC,Normal Goal,1575463.0
14/08/2026,Liga Portugal,2026/2027,SPORTING CP,VITORIA SC,68,2P,A. Ndoye,T. Strata,,VITORIA SC,Normal Goal,1575463.0
15/08/2026,Liga Portugal,2026/2027,ALVERCA,ESTRELA,51,2P,L. Antonetti,,,ESTRELA,Normal Goal,1575456.0
15/08/2026,Liga Portugal,2026/2027,ALVERCA,ESTRELA,58,2P,Ian Luccas,,,ALVERCA,Normal Goal,1575456.0
15/08/2026,Liga Portugal,2026/2027,ALVERCA,ESTRELA,62,2P,V. Semedo,,,ALVERCA,Normal Goal,1575456.0
15/08/2026,Liga Portugal,2026/2027,ALVERCA,ESTRELA,69,2P,A. Marcus,,,ESTRELA,Normal Goal,1575456.0
15/08/2026,Liga Portugal,2026/2027,ACADEMICO VISEU,SANTA CLARA,14,1P,G. Paciencia,,,SANTA CLARA,Penalty,1575455.0
16/08/2026,Liga Portugal,2026/2027,NACIONAL,ESTORIL,68,2P,Ze Vitor,,,NACIONAL,Normal Goal,1575461.0
16/08/2026,Liga Portugal,2026/2027,NACIONAL,ESTORIL,77,2P,Leo Santos,,,NACIONAL,Normal Goal,1575461.0
16/08/2026,Liga Portugal,2026/2027,AROUCA,MOREIRENSE,23,1P,Maracas,,,AROUCA,Own Goal,1575457.0
16/08/2026,Liga Portugal,2026/2027,AROUCA,MOREIRENSE,30,1P,J. Fontan,,,AROUCA,Normal Goal,1575457.0
16/08/2026,Liga Portugal,2026/2027,AROUCA,MOREIRENSE,45,1P,I. Barbero,,,AROUCA,Normal Goal,1575457.0
16/08/2026,Liga Portugal,2026/2027,AROUCA,MOREIRENSE,90,2P,D. Nandin,,,AROUCA,Normal Goal,1575457.0
16/08/2026,Liga Portugal,2026/2027,FAMALICAO,MARITIMO,8,1P,F. van Breemen,O. Aranda,,FAMALICAO,Normal Goal,1575460.0
16/08/2026,Liga Portugal,2026/2027,FAMALICAO,MARITIMO,21,1P,S. Bouzaidi,,,MARITIMO,Normal Goal,1575460.0
16/08/2026,Liga Portugal,2026/2027,FAMALICAO,MARITIMO,90,2P,M. Boakye,,,MARITIMO,Normal Goal,1575460.0
17/08/2026,Liga Portugal,2026/2027,CASA PIA,BENFICA,3,1P,G. Prestianni,,,BENFICA,Normal Goal,1575459.0
17/08/2026,Liga Portugal,2026/2027,CASA PIA,BENFICA,14,1P,Rafa Silva,V. Pavlidis,,BENFICA,Normal Goal,1575459.0
17/08/2026,Liga Portugal,2026/2027,CASA PIA,BENFICA,47,2P,V. Pavlidis,,,BENFICA,Normal Goal,1575459.0
17/08/2026,Liga Portugal,2026/2027,CASA PIA,BENFICA,49,2P,V. Pavlidis,,,BENFICA,Normal Goal,1575459.0
17/08/2026,Liga Portugal,2026/2027,CASA PIA,BENFICA,54,2P,V. Pavlidis,L. Barreiro,,BENFICA,Normal Goal,1575459.0
17/08/2026,Liga Portugal,2026/2027,CASA PIA,BENFICA,58,2P,L. Ofori,,,BENFICA,Own Goal,1575459.0
17/08/2026,Liga Portugal,2026/2027,CASA PIA,BENFICA,61,2P,J. Duran,A. Bah,,BENFICA,Normal Goal,1575459.0
22/08/2026,Liga Portugal,2026/2027,MARITIMO,ACADEMICO VISEU,25,1P,Andre Clovis,A. Correia,,ACADEMICO VISEU,Normal Goal,1575468.0
22/08/2026,Liga Portugal,2026/2027,MARITIMO,ACADEMICO VISEU,45,1P,S. Messeguem,,,ACADEMICO VISEU,Normal Goal,1575468.0
22/08/2026,Liga Portugal,2026/2027,MARITIMO,ACADEMICO VISEU,70,2P,P. Henrique,,,MARITIMO,Normal Goal,1575468.0
22/08/2026,Liga Portugal,2026/2027,MARITIMO,ACADEMICO VISEU,88,2P,A. Butzke,,,MARITIMO,Penalty,1575468.0
22/08/2026,Liga Portugal,2026/2027,ESTORIL,RIO AVE,15,1P,J. Blesa,Diogo Bezerra,,RIO AVE,Normal Goal,1575464.0
22/08/2026,Liga Portugal,2026/2027,ESTORIL,RIO AVE,72,2P,Tamble,J. Blesa,,RIO AVE,Normal Goal,1575464.0
22/08/2026,Liga Portugal,2026/2027,SPORTING CP,ALVERCA,2,1P,M. Araujo,,,SPORTING CP,Normal Goal,1575471.0
22/08/2026,Liga Portugal,2026/2027,SPORTING CP,ALVERCA,55,2P,Matheus Mendes,,,SPORTING CP,Own Goal,1575471.0
22/08/2026,Liga Portugal,2026/2027,SPORTING CP,ALVERCA,60,2P,L. Suarez,G. Catamo,,SPORTING CP,Normal Goal,1575471.0
22/08/2026,Liga Portugal,2026/2027,SPORTING CP,ALVERCA,88,2P,Figueiredo,V. Moreira,,ALVERCA,Normal Goal,1575471.0
23/08/2026,Liga Portugal,2026/2027,VITORIA SC,NACIONAL,4,1P,Gustavo,M. Nogueira,,VITORIA SC,Normal Goal,1575472.0
23/08/2026,Liga Portugal,2026/2027,VITORIA SC,NACIONAL,49,2P,Samu,Samu,,VITORIA SC,Missed Penalty,1575472.0
14/08/2026,Süper Lig,2026/2027,GALATASARAY,CORUM FK,53,2P,V. Osimhen,,,GALATASARAY,Normal Goal,1584370.0
14/08/2026,Süper Lig,2026/2027,GALATASARAY,CORUM FK,59,2P,A. Kyziridis,,,CORUM FK,Normal Goal,1584370.0
14/08/2026,Süper Lig,2026/2027,GALATASARAY,CORUM FK,61,2P,J. Ramirez,,,CORUM FK,Normal Goal,1584370.0
14/08/2026,Süper Lig,2026/2027,GALATASARAY,CORUM FK,90,2P,V. Osimhen,,,GALATASARAY,Normal Goal,1584370.0
15/08/2026,Süper Lig,2026/2027,KONYASPOR,RIZESPOR,90,2P,Q. Laci,,,RIZESPOR,Penalty,1584374.0
15/08/2026,Süper Lig,2026/2027,KASMPASA,TRABZONSPOR,43,1P,N. Saviolo,,,TRABZONSPOR,Normal Goal,1584373.0
15/08/2026,Süper Lig,2026/2027,KASMPASA,TRABZONSPOR,55,2P,A. Benedyczak,,,KASMPASA,Penalty,1584373.0
15/08/2026,Süper Lig,2026/2027,GENCLERBIRLIGI S.K.,FENERBAHCE,13,1P,Talisca,,,FENERBAHCE,Normal Goal,1584372.0
15/08/2026,Süper Lig,2026/2027,GENCLERBIRLIGI S.K.,FENERBAHCE,37,1P,F. Tongya,,,GENCLERBIRLIGI S.K.,Normal Goal,1584372.0
15/08/2026,Süper Lig,2026/2027,GENCLERBIRLIGI S.K.,FENERBAHCE,56,2P,O. Ulgun,,,GENCLERBIRLIGI S.K.,Normal Goal,1584372.0
15/08/2026,Süper Lig,2026/2027,GAZIANTEP FK,ALANYASPOR,20,1P,Ruan,,,ALANYASPOR,Normal Goal,1584371.0
15/08/2026,Süper Lig,2026/2027,GAZIANTEP FK,ALANYASPOR,61,2P,D. Sorescu,J. Bacuna,,GAZIANTEP FK,Normal Goal,1584371.0
16/08/2026,Süper Lig,2026/2027,BASAKSEHIR,KOCAELISPOR,14,1P,C. Operi,A. Fayzullaev,,BASAKSEHIR,Normal Goal,1584368.0
16/08/2026,Süper Lig,2026/2027,BASAKSEHIR,KOCAELISPOR,72,2P,E. Shomurodov,A. Skov Olsen,,BASAKSEHIR,Normal Goal,1584368.0
16/08/2026,Süper Lig,2026/2027,BESIKTAS,EYUPSPOR,25,1P,V. Cerny,J. Olaitan,,BESIKTAS,Normal Goal,1584369.0
16/08/2026,Süper Lig,2026/2027,AMED,ERZURUMSPOR FK,53,2P,D. Saba,L. Dellova,,AMED,Normal Goal,1584367.0
16/08/2026,Süper Lig,2026/2027,AMED,ERZURUMSPOR FK,62,2P,D. Saba,G. Orban,,AMED,Normal Goal,1584367.0
16/08/2026,Süper Lig,2026/2027,AMED,ERZURUMSPOR FK,70,2P,G. Gul,S. Ballet,,AMED,Normal Goal,1584367.0
17/08/2026,Süper Lig,2026/2027,SAMSUNSPOR,GOZTEPE,3,1P,A. Matos,,,GOZTEPE,Normal Goal,1584375.0
17/08/2026,Süper Lig,2026/2027,SAMSUNSPOR,GOZTEPE,30,1P,Marius,,,SAMSUNSPOR,Penalty,1584375.0
17/08/2026,Süper Lig,2026/2027,SAMSUNSPOR,GOZTEPE,43,1P,E. Kilinc,,,SAMSUNSPOR,Normal Goal,1584375.0
17/08/2026,Süper Lig,2026/2027,SAMSUNSPOR,GOZTEPE,46,2P,S. Armstrong,,,GOZTEPE,Normal Goal,1584375.0
17/08/2026,Süper Lig,2026/2027,SAMSUNSPOR,GOZTEPE,58,2P,Marius Mouandilmadji,,,SAMSUNSPOR,Missed Penalty,1584375.0
17/08/2026,Süper Lig,2026/2027,SAMSUNSPOR,GOZTEPE,65,2P,E. Bekiroglu,,,GOZTEPE,Normal Goal,1584375.0
17/08/2026,Süper Lig,2026/2027,SAMSUNSPOR,GOZTEPE,90,2P,C. Yuksel,,,SAMSUNSPOR,Normal Goal,1584375.0
21/08/2026,Süper Lig,2026/2027,ERZURUMSPOR FK,GALATASARAY,12,1P,R. Sallai,,,GALATASARAY,Normal Goal,1584378.0
21/08/2026,Süper Lig,2026/2027,ERZURUMSPOR FK,GALATASARAY,20,1P,Y. Akgun,V. Osimhen,,GALATASARAY,Normal Goal,1584378.0
21/08/2026,Süper Lig,2026/2027,ERZURUMSPOR FK,GALATASARAY,45,1P,V. Osimhen,,,GALATASARAY,Normal Goal,1584378.0
21/08/2026,Süper Lig,2026/2027,ERZURUMSPOR FK,GALATASARAY,80,2P,V. Osimhen,Gabriel Sara,,GALATASARAY,Normal Goal,1584378.0
22/08/2026,Süper Lig,2026/2027,RIZESPOR,SAMSUNSPOR,33,1P,J. Mendes,,,SAMSUNSPOR,Normal Goal,1584383.0
22/08/2026,Süper Lig,2026/2027,RIZESPOR,SAMSUNSPOR,63,2P,F. Kaya,,,SAMSUNSPOR,Normal Goal,1584383.0
22/08/2026,Süper Lig,2026/2027,CORUM FK,KASMPASA,6,1P,A. Benedyczak,C. Winck,,KASMPASA,Normal Goal,1584377.0
22/08/2026,Süper Lig,2026/2027,FENERBAHCE,KONYASPOR,7,1P,V. Muriqi,,,FENERBAHCE,Normal Goal,1584380.0
22/08/2026,Süper Lig,2026/2027,FENERBAHCE,KONYASPOR,10,1P,E. Colley,Y. Andzouana,,KONYASPOR,Normal Goal,1584380.0
22/08/2026,Süper Lig,2026/2027,FENERBAHCE,KONYASPOR,20,1P,Mason Greenwood,,,FENERBAHCE,Missed Penalty,1584380.0
22/08/2026,Süper Lig,2026/2027,FENERBAHCE,KONYASPOR,20,1P,M. Greenwood,,,FENERBAHCE,Normal Goal,1584380.0
22/08/2026,Süper Lig,2026/2027,FENERBAHCE,KONYASPOR,33,1P,M. Asensio,M. Greenwood,,FENERBAHCE,Normal Goal,1584380.0
22/08/2026,Süper Lig,2026/2027,FENERBAHCE,KONYASPOR,49,2P,M. Greenwood,V. Muriqi,,FENERBAHCE,Normal Goal,1584380.0
22/08/2026,Süper Lig,2026/2027,FENERBAHCE,KONYASPOR,90,2P,D. Turuc,,,KONYASPOR,Normal Goal,1584380.0
08/08/2026,1. Lig,2026/2027,BANDRMASPOR,ISTANBULSPOR,2,1P,E. Ayhan,A. Badji,,BANDRMASPOR,Normal Goal,1585690.0
08/08/2026,1. Lig,2026/2027,BANDRMASPOR,ISTANBULSPOR,15,1P,E. Ayhan,K. Donertas,,BANDRMASPOR,Normal Goal,1585690.0
08/08/2026,1. Lig,2026/2027,BANDRMASPOR,ISTANBULSPOR,90,2P,G. Bruno,,,BANDRMASPOR,Penalty,1585690.0
09/08/2026,1. Lig,2026/2027,IGDR FK,FATIH KARAGUMRUK,13,1P,G. Crociata,L. Kouagba,,IGDR FK,Normal Goal,1585693.0
09/08/2026,1. Lig,2026/2027,IGDR FK,FATIH KARAGUMRUK,85,2P,Douglas Tanque,H. Karabey,,IGDR FK,Normal Goal,1585693.0
09/08/2026,1. Lig,2026/2027,BODRUM FK,BURSASPOR,27,1P,K. Iheanacho,,,BURSASPOR,Normal Goal,1585691.0
09/08/2026,1. Lig,2026/2027,BODRUM FK,BURSASPOR,45,1P,Lincoln,,,BURSASPOR,Normal Goal,1585691.0
10/08/2026,1. Lig,2026/2027,PENDIKSPOR,BATMAN PETROLSPOR,54,2P,Rogerio Thuram,,,PENDIKSPOR,Normal Goal,1585694.0
10/08/2026,1. Lig,2026/2027,PENDIKSPOR,BATMAN PETROLSPOR,90,2P,M. Ozdemir,,,PENDIKSPOR,Normal Goal,1585694.0
14/08/2026,1. Lig,2026/2027,ESENLER EROKSPOR,SARYER,87,2P,B. Kor,,,SARYER,Normal Goal,1585701.0
14/08/2026,1. Lig,2026/2027,ESENLER EROKSPOR,SARYER,90,2P,M. Buljubasic,,,ESENLER EROKSPOR,Normal Goal,1585701.0
15/08/2026,1. Lig,2026/2027,ISTANBULSPOR,BODRUM FK,3,1P,I. Iliev,Phellipe,,ISTANBULSPOR,Normal Goal,1585702.0
15/08/2026,1. Lig,2026/2027,ISTANBULSPOR,BODRUM FK,21,1P,Y. Ozer,O. Duymaz,,ISTANBULSPOR,Normal Goal,1585702.0
15/08/2026,1. Lig,2026/2027,ISTANBULSPOR,BODRUM FK,77,2P,F. Loshaj,M. Erdilman,,BODRUM FK,Normal Goal,1585702.0
15/08/2026,1. Lig,2026/2027,ISTANBULSPOR,BODRUM FK,79,2P,E. Bilsel,A. Turk,,BODRUM FK,Normal Goal,1585702.0
15/08/2026,1. Lig,2026/2027,FATIH KARAGUMRUK,UMRANIYESPOR,60,2P,A. Pesic,,,FATIH KARAGUMRUK,Normal Goal,1585703.0
15/08/2026,1. Lig,2026/2027,FATIH KARAGUMRUK,UMRANIYESPOR,71,2P,C. Soukou,,,UMRANIYESPOR,Normal Goal,1585703.0
15/08/2026,1. Lig,2026/2027,FATIH KARAGUMRUK,UMRANIYESPOR,76,2P,A. Pesic,,,FATIH KARAGUMRUK,Normal Goal,1585703.0
15/08/2026,1. Lig,2026/2027,BURSASPOR,IGDR FK,16,1P,K. Iheanacho,J. Elitim,,BURSASPOR,Normal Goal,1585700.0
15/08/2026,1. Lig,2026/2027,MANISA F.K.,VANSPOR FK,1,1P,C. Sylla,Y. Benrahou,,MANISA F.K.,Normal Goal,1585706.0
15/08/2026,1. Lig,2026/2027,MANISA F.K.,VANSPOR FK,20,1P,J. Anziani,,,MANISA F.K.,Normal Goal,1585706.0
15/08/2026,1. Lig,2026/2027,MANISA F.K.,VANSPOR FK,25,1P,J. Lindseth,C. Sylla,,MANISA F.K.,Normal Goal,1585706.0
15/08/2026,1. Lig,2026/2027,MANISA F.K.,VANSPOR FK,51,2P,J. Anziani,Y. Benrahou,,MANISA F.K.,Normal Goal,1585706.0
15/08/2026,1. Lig,2026/2027,MANISA F.K.,VANSPOR FK,69,2P,O. Kokcu,,,VANSPOR FK,Normal Goal,1585706.0
15/08/2026,1. Lig,2026/2027,MANISA F.K.,VANSPOR FK,90,2P,Cheikne Sylla,,,MANISA F.K.,Missed Penalty,1585706.0
16/08/2026,1. Lig,2026/2027,KAYSERISPOR,SIVASSPOR,3,1P,B. Keser,J. Tabidze,,KAYSERISPOR,Normal Goal,1585704.0
16/08/2026,1. Lig,2026/2027,KAYSERISPOR,SIVASSPOR,45,1P,T. Seferi,S. Kurt,,KAYSERISPOR,Normal Goal,1585704.0
16/08/2026,1. Lig,2026/2027,KECIORENGUCU,PENDIKSPOR,15,1P,S. Lus,Jefferson,,KECIORENGUCU,Normal Goal,1585705.0
16/08/2026,1. Lig,2026/2027,KECIORENGUCU,PENDIKSPOR,34,1P,M. Diouf,,,KECIORENGUCU,Normal Goal,1585705.0
16/08/2026,1. Lig,2026/2027,KECIORENGUCU,PENDIKSPOR,39,1P,G. Bitin,B. Sulungoz,,PENDIKSPOR,Normal Goal,1585705.0
16/08/2026,1. Lig,2026/2027,KECIORENGUCU,PENDIKSPOR,70,2P,H. Ayan,Y. Bahadir,,KECIORENGUCU,Normal Goal,1585705.0
16/08/2026,1. Lig,2026/2027,KECIORENGUCU,PENDIKSPOR,82,2P,I. Karaogul,H. Ayan,,KECIORENGUCU,Normal Goal,1585705.0
16/08/2026,1. Lig,2026/2027,MARDIN 1969,ANTALYASPOR,25,1P,Z. Dimitrov,B. Balat,,MARDIN 1969,Normal Goal,1585707.0
16/08/2026,1. Lig,2026/2027,MARDIN 1969,ANTALYASPOR,51,2P,O. Kayode,,,MARDIN 1969,Normal Goal,1585707.0
16/08/2026,1. Lig,2026/2027,MUGLASPOR,BANDRMASPOR,90,2P,Gianni Bruno,,,BANDRMASPOR,Missed Penalty,1585708.0
17/08/2026,1. Lig,2026/2027,BATMAN PETROLSPOR,BOLUSPOR,34,1P,Pedrinho,,,BATMAN PETROLSPOR,Penalty,1585699.0
17/08/2026,1. Lig,2026/2027,BATMAN PETROLSPOR,BOLUSPOR,90,2P,M. Biron,,,BATMAN PETROLSPOR,Normal Goal,1585699.0
21/08/2026,1. Lig,2026/2027,FATIH KARAGUMRUK,BURSASPOR,8,1P,A. Pesic,T. Cukur,,FATIH KARAGUMRUK,Normal Goal,1585714.0
21/08/2026,1. Lig,2026/2027,FATIH KARAGUMRUK,BURSASPOR,44,1P,D. Verde,A. Pesic,,FATIH KARAGUMRUK,Normal Goal,1585714.0
21/08/2026,1. Lig,2026/2027,FATIH KARAGUMRUK,BURSASPOR,86,2P,K. Iheanacho,Lincoln,,BURSASPOR,Normal Goal,1585714.0
14/08/2026,2. Bundesliga,2026/2027,HOLSTEIN KIEL,FC ST. PAULI,32,1P,M. Kaars,,,FC ST. PAULI,Normal Goal,1576148.0
14/08/2026,2. Bundesliga,2026/2027,HOLSTEIN KIEL,FC ST. PAULI,45,1P,T. Hara,A. Pyrka,,FC ST. PAULI,Normal Goal,1576148.0
14/08/2026,2. Bundesliga,2026/2027,HOLSTEIN KIEL,FC ST. PAULI,56,2P,P. Harres,A. Bernhardsson,,HOLSTEIN KIEL,Normal Goal,1576148.0
14/08/2026,2. Bundesliga,2026/2027,HOLSTEIN KIEL,FC ST. PAULI,88,2P,J. Therkelsen,P. Harres,,HOLSTEIN KIEL,Normal Goal,1576148.0
14/08/2026,2. Bundesliga,2026/2027,EINTRACHT BRAUNSCHWEIG,VFL BOCHUM,18,1P,P. Hofmann,K. Miyoshi,,VFL BOCHUM,Normal Goal,1576144.0
15/08/2026,2. Bundesliga,2026/2027,HERTHA BSC,1. FC HEIDENHEIM,2,1P,S. Gronning,M. Winkler,,HERTHA BSC,Normal Goal,1576147.0
15/08/2026,2. Bundesliga,2026/2027,HERTHA BSC,1. FC HEIDENHEIM,26,1P,M. Winkler,,,HERTHA BSC,Normal Goal,1576147.0
15/08/2026,2. Bundesliga,2026/2027,HERTHA BSC,1. FC HEIDENHEIM,35,1P,D. Zeefuik,M. Winkler,,HERTHA BSC,Normal Goal,1576147.0
15/08/2026,2. Bundesliga,2026/2027,HERTHA BSC,1. FC HEIDENHEIM,49,2P,J. Schoppner,M. Kaufmann,,1. FC HEIDENHEIM,Normal Goal,1576147.0
15/08/2026,2. Bundesliga,2026/2027,HERTHA BSC,1. FC HEIDENHEIM,90,2P,O. Adewumi,J. Brekalo,,HERTHA BSC,Normal Goal,1576147.0
15/08/2026,2. Bundesliga,2026/2027,SPVGG GREUTHER FURTH,1. FC NURNBERG,22,1P,F. Klaus,,,SPVGG GREUTHER FURTH,Penalty,1576145.0
15/08/2026,2. Bundesliga,2026/2027,SPVGG GREUTHER FURTH,1. FC NURNBERG,26,1P,P. Scobel,J. Justvan,,1. FC NURNBERG,Normal Goal,1576145.0
15/08/2026,2. Bundesliga,2026/2027,SPVGG GREUTHER FURTH,1. FC NURNBERG,41,1P,F. Klaus,D. Srbeny,,SPVGG GREUTHER FURTH,Normal Goal,1576145.0
15/08/2026,2. Bundesliga,2026/2027,SPVGG GREUTHER FURTH,1. FC NURNBERG,45,1P,J. Justvan,P. Scobel,,1. FC NURNBERG,Normal Goal,1576145.0
15/08/2026,2. Bundesliga,2026/2027,SPVGG GREUTHER FURTH,1. FC NURNBERG,54,2P,J. Justvan,F. Otto,,1. FC NURNBERG,Normal Goal,1576145.0
15/08/2026,2. Bundesliga,2026/2027,SPVGG GREUTHER FURTH,1. FC NURNBERG,63,2P,Felix Klaus,,,SPVGG GREUTHER FURTH,Missed Penalty,1576145.0
15/08/2026,2. Bundesliga,2026/2027,SPVGG GREUTHER FURTH,1. FC NURNBERG,74,2P,P. Scobel,,,1. FC NURNBERG,Normal Goal,1576145.0
15/08/2026,2. Bundesliga,2026/2027,VFL OSNABRUCK,1. FC MAGDEBURG,24,1P,A. Nollenberger,T. Muller,,1. FC MAGDEBURG,Normal Goal,1576151.0
15/08/2026,2. Bundesliga,2026/2027,VFL OSNABRUCK,1. FC MAGDEBURG,35,1P,A. Nollenberger,B. Atik,,1. FC MAGDEBURG,Normal Goal,1576151.0
15/08/2026,2. Bundesliga,2026/2027,VFL OSNABRUCK,1. FC MAGDEBURG,69,2P,E. Iyoha,L. Hyrylainen,,1. FC MAGDEBURG,Normal Goal,1576151.0
16/08/2026,2. Bundesliga,2026/2027,HANNOVER 96,VFL WOLFSBURG,87,2P,F. Reese,,,VFL WOLFSBURG,Penalty,1576146.0
16/08/2026,2. Bundesliga,2026/2027,DYNAMO DRESDEN,SV DARMSTADT 98,12,1P,J. Sterner,V. Vermeij,,DYNAMO DRESDEN,Normal Goal,1576150.0
16/08/2026,2. Bundesliga,2026/2027,ARMINIA BIELEFELD,ENERGIE COTTBUS,26,1P,J. Grodowski,H. Koudossou,,ARMINIA BIELEFELD,Normal Goal,1576143.0
16/08/2026,2. Bundesliga,2026/2027,ARMINIA BIELEFELD,ENERGIE COTTBUS,37,1P,J. Grodowski,,,ARMINIA BIELEFELD,Normal Goal,1576143.0
16/08/2026,2. Bundesliga,2026/2027,ARMINIA BIELEFELD,ENERGIE COTTBUS,76,2P,J. Grodowski,,,ARMINIA BIELEFELD,Penalty,1576143.0
31/07/2026,Bundesliga Austria,2026/2027,LASK LINZ,GRAZER AK,20,1P,S. Adeniran,K. P. Molgaard Jorgensen,,LASK LINZ,Normal Goal,1561894.0
31/07/2026,Bundesliga Austria,2026/2027,LASK LINZ,GRAZER AK,29,1P,S. Adeniran,,,LASK LINZ,Penalty,1561894.0
31/07/2026,Bundesliga Austria,2026/2027,LASK LINZ,GRAZER AK,79,2P,C. Lang,M. Bogarde,,LASK LINZ,Normal Goal,1561894.0
01/08/2026,Bundesliga Austria,2026/2027,WSG WATTENS,STURM GRAZ,29,1P,S. Wlodarczyk,E. Soglo,,STURM GRAZ,Normal Goal,1561895.0
01/08/2026,Bundesliga Austria,2026/2027,WSG WATTENS,STURM GRAZ,42,1P,M. Olakigbe,R. Gschosser,,WSG WATTENS,Normal Goal,1561895.0
01/08/2026,Bundesliga Austria,2026/2027,RED BULL SALZBURG,TSV HARTBERG,89,2P,K. Konate,D. Schmid,,RED BULL SALZBURG,Normal Goal,1561896.0
02/08/2026,Bundesliga Austria,2026/2027,WOLFSBERGER AC,AUSTRIA VIENNA,18,1P,G. Vrioni,,,WOLFSBERGER AC,Penalty,1561898.0
02/08/2026,Bundesliga Austria,2026/2027,WOLFSBERGER AC,AUSTRIA VIENNA,49,2P,A. Schwarz,D. Avdijaj,,WOLFSBERGER AC,Normal Goal,1561898.0
02/08/2026,Bundesliga Austria,2026/2027,WOLFSBERGER AC,AUSTRIA VIENNA,63,2P,G. Vrioni,,,WOLFSBERGER AC,Penalty,1561898.0
02/08/2026,Bundesliga Austria,2026/2027,AUSTRIA LUSTENAU,RIED,26,1P,D. Weixelbraun,Danilo Soares,,AUSTRIA LUSTENAU,Normal Goal,1561897.0
02/08/2026,Bundesliga Austria,2026/2027,AUSTRIA LUSTENAU,RIED,34,1P,J. Nasrawe,A. Bajic,,RIED,Normal Goal,1561897.0
02/08/2026,Bundesliga Austria,2026/2027,RAPID VIENNA,SCR ALTACH,4,1P,P. Dahl,M. Seidl,,RAPID VIENNA,Normal Goal,1561899.0
07/08/2026,Bundesliga Austria,2026/2027,SCR ALTACH,WSG WATTENS,13,1P,H. Balic,M. Boras,,WSG WATTENS,Normal Goal,1561900.0
07/08/2026,Bundesliga Austria,2026/2027,SCR ALTACH,WSG WATTENS,19,1P,P. Greil,N. Niehoff,,SCR ALTACH,Normal Goal,1561900.0
07/08/2026,Bundesliga Austria,2026/2027,SCR ALTACH,WSG WATTENS,56,2P,Y. Massombo,B. Bockle,,SCR ALTACH,Normal Goal,1561900.0
07/08/2026,Bundesliga Austria,2026/2027,SCR ALTACH,WSG WATTENS,86,2P,P. Greil,S. Hrstic,,SCR ALTACH,Normal Goal,1561900.0
08/08/2026,Bundesliga Austria,2026/2027,GRAZER AK,AUSTRIA LUSTENAU,18,1P,D. Pines,C. Lichtenberger,,GRAZER AK,Normal Goal,1561901.0
08/08/2026,Bundesliga Austria,2026/2027,GRAZER AK,AUSTRIA LUSTENAU,51,2P,D. Kacuri,A. Verinac,,AUSTRIA LUSTENAU,Normal Goal,1561901.0
08/08/2026,Bundesliga Austria,2026/2027,GRAZER AK,AUSTRIA LUSTENAU,66,2P,A. Hofleitner,P. Michorl,,GRAZER AK,Normal Goal,1561901.0
08/08/2026,Bundesliga Austria,2026/2027,TSV HARTBERG,STURM GRAZ,69,2P,N. Weiper,S. Seidl,,STURM GRAZ,Normal Goal,1561902.0
08/08/2026,Bundesliga Austria,2026/2027,TSV HARTBERG,STURM GRAZ,81,2P,N. Weiper,S. Seidl,,STURM GRAZ,Normal Goal,1561902.0
09/08/2026,Bundesliga Austria,2026/2027,WOLFSBERGER AC,RED BULL SALZBURG,67,2P,G. Vrioni,F. Wohlmuth,,WOLFSBERGER AC,Normal Goal,1561904.0
09/08/2026,Bundesliga Austria,2026/2027,WOLFSBERGER AC,RED BULL SALZBURG,79,2P,Y. Vertessen,K. Boma,,RED BULL SALZBURG,Normal Goal,1561904.0
09/08/2026,Bundesliga Austria,2026/2027,RIED,RAPID VIENNA,8,1P,J. Horn,,,RAPID VIENNA,Normal Goal,1561903.0
09/08/2026,Bundesliga Austria,2026/2027,RIED,RAPID VIENNA,75,2P,S. Schwab,A. Bajic,,RIED,Normal Goal,1561903.0
09/08/2026,Bundesliga Austria,2026/2027,RIED,RAPID VIENNA,77,2P,M. Haidara,N. Hedl,,RAPID VIENNA,Normal Goal,1561903.0
09/08/2026,Bundesliga Austria,2026/2027,AUSTRIA VIENNA,LASK LINZ,54,2P,A. Andrade,S. Adeniran,,LASK LINZ,Normal Goal,1561905.0
09/08/2026,Bundesliga Austria,2026/2027,AUSTRIA VIENNA,LASK LINZ,83,2P,Moses Usor,,,LASK LINZ,Missed Penalty,1561905.0
09/08/2026,Bundesliga Austria,2026/2027,AUSTRIA VIENNA,LASK LINZ,83,2P,M. Usor,,,LASK LINZ,Normal Goal,1561905.0
14/08/2026,Bundesliga Austria,2026/2027,LASK LINZ,RIED,8,1P,P. Sissoko,S. Schwab,,RIED,Normal Goal,1561906.0
14/08/2026,Bundesliga Austria,2026/2027,LASK LINZ,RIED,10,1P,S. Adeniran,M. Usor,,LASK LINZ,Normal Goal,1561906.0
14/08/2026,Bundesliga Austria,2026/2027,LASK LINZ,RIED,18,1P,M. Usor,A. Andrade,,LASK LINZ,Normal Goal,1561906.0
14/08/2026,Bundesliga Austria,2026/2027,LASK LINZ,RIED,27,1P,S. Adeniran,M. Bogarde,,LASK LINZ,Normal Goal,1561906.0
14/08/2026,Bundesliga Austria,2026/2027,LASK LINZ,RIED,57,2P,C. Lang,M. Usor,,LASK LINZ,Normal Goal,1561906.0
15/08/2026,Bundesliga Austria,2026/2027,AUSTRIA LUSTENAU,WOLFSBERGER AC,23,1P,A. Verinac,D. Weixelbraun,,AUSTRIA LUSTENAU,Normal Goal,1561907.0
15/08/2026,Bundesliga Austria,2026/2027,AUSTRIA LUSTENAU,WOLFSBERGER AC,32,1P,A. Verinac,,,AUSTRIA LUSTENAU,Normal Goal,1561907.0
15/08/2026,Bundesliga Austria,2026/2027,AUSTRIA LUSTENAU,WOLFSBERGER AC,45,1P,G. Vrioni,D. Avdijaj,,WOLFSBERGER AC,Normal Goal,1561907.0
15/08/2026,Bundesliga Austria,2026/2027,STURM GRAZ,SCR ALTACH,78,2P,S. Jatta,S. Seidl,,STURM GRAZ,Normal Goal,1561908.0
16/08/2026,Bundesliga Austria,2026/2027,TSV HARTBERG,AUSTRIA VIENNA,33,1P,D. Nnodim,Lee Tae-Seok,,AUSTRIA VIENNA,Normal Goal,1561909.0
16/08/2026,Bundesliga Austria,2026/2027,TSV HARTBERG,AUSTRIA VIENNA,76,2P,J. Hettwer,M. Fischer,,AUSTRIA VIENNA,Normal Goal,1561909.0
16/08/2026,Bundesliga Austria,2026/2027,WSG WATTENS,RED BULL SALZBURG,15,1P,K. Konate,F. Kratzig,,RED BULL SALZBURG,Normal Goal,1561910.0
16/08/2026,Bundesliga Austria,2026/2027,WSG WATTENS,RED BULL SALZBURG,17,1P,F. Kratzig,Y. Vertessen,,RED BULL SALZBURG,Normal Goal,1561910.0
16/08/2026,Bundesliga Austria,2026/2027,WSG WATTENS,RED BULL SALZBURG,45,1P,Lukas Hinterseer,,,WSG WATTENS,Missed Penalty,1561910.0
16/08/2026,Bundesliga Austria,2026/2027,WSG WATTENS,RED BULL SALZBURG,70,2P,S. Kitano,A. Barry,,RED BULL SALZBURG,Normal Goal,1561910.0
16/08/2026,Bundesliga Austria,2026/2027,RAPID VIENNA,GRAZER AK,5,1P,E. Kara,,,RAPID VIENNA,Normal Goal,1561911.0
16/08/2026,Bundesliga Austria,2026/2027,RAPID VIENNA,GRAZER AK,12,1P,E. Kara,J. Horn,,RAPID VIENNA,Normal Goal,1561911.0
16/08/2026,Bundesliga Austria,2026/2027,RAPID VIENNA,GRAZER AK,14,1P,T. Adamsen,,,RAPID VIENNA,Normal Goal,1561911.0
16/08/2026,Bundesliga Austria,2026/2027,RAPID VIENNA,GRAZER AK,42,1P,N. Cvetkovic,M. Seidl,,RAPID VIENNA,Normal Goal,1561911.0
16/08/2026,Bundesliga Austria,2026/2027,RAPID VIENNA,GRAZER AK,45,1P,T. Adamsen,,,RAPID VIENNA,Normal Goal,1561911.0
16/08/2026,Bundesliga Austria,2026/2027,RAPID VIENNA,GRAZER AK,56,2P,Y. Demir,R. Amane,,RAPID VIENNA,Normal Goal,1561911.0
16/08/2026,Bundesliga Austria,2026/2027,RAPID VIENNA,GRAZER AK,74,2P,T. Adamsen,,,RAPID VIENNA,Normal Goal,1561911.0
16/08/2026,Bundesliga Austria,2026/2027,RAPID VIENNA,GRAZER AK,86,2P,T. Adamsen,M. Tilio,,RAPID VIENNA,Normal Goal,1561911.0
15/08/2026,Jupiler Pro League,2026/2027,OH LEUVEN,CLUB BRUGGE KV,26,1P,M. Diakhon,C. Forbs,,CLUB BRUGGE KV,Normal Goal,1558594.0
15/08/2026,Jupiler Pro League,2026/2027,OH LEUVEN,CLUB BRUGGE KV,60,2P,B. Mechele,M. Diakhon,,CLUB BRUGGE KV,Normal Goal,1558594.0
15/08/2026,Jupiler Pro League,2026/2027,OH LEUVEN,CLUB BRUGGE KV,83,2P,N. Tresoldi,F. Lemarechal,,CLUB BRUGGE KV,Normal Goal,1558594.0
22/08/2026,Jupiler Pro League,2026/2027,CHARLEROI,KV MECHELEN,35,1P,A. Ousou,P. Pflucke,,CHARLEROI,Normal Goal,1558601.0
22/08/2026,Jupiler Pro League,2026/2027,CHARLEROI,KV MECHELEN,77,2P,K. Van Den Kerkhof,A. Colassin,,CHARLEROI,Normal Goal,1558601.0
23/08/2026,Jupiler Pro League,2026/2027,LOMMEL UNITED,KVC WESTERLO,30,1P,T. Reyners,J. van Duiven,,LOMMEL UNITED,Normal Goal,1558605.0
23/08/2026,Jupiler Pro League,2026/2027,LOMMEL UNITED,KVC WESTERLO,45,1P,L. Schoofs,J. van Duiven,,LOMMEL UNITED,Normal Goal,1558605.0
23/08/2026,Jupiler Pro League,2026/2027,LOMMEL UNITED,KVC WESTERLO,51,2P,D. Konadu,S. Appuah,,LOMMEL UNITED,Normal Goal,1558605.0
23/08/2026,Jupiler Pro League,2026/2027,LOMMEL UNITED,KVC WESTERLO,89,2P,T. Reyners,J. van Duiven,,LOMMEL UNITED,Normal Goal,1558605.0
23/08/2026,Ligue 1,2026/2027,RENNES,PARIS SAINT GERMAIN,9,1P,S. Szymanski,A. Thomasson,,RENNES,Normal Goal,1552735.0
23/08/2026,Ligue 1,2026/2027,RENNES,PARIS SAINT GERMAIN,38,1P,E. Lepaul,P. Frankowski,,RENNES,Normal Goal,1552735.0
23/08/2026,Ligue 1,2026/2027,RENNES,PARIS SAINT GERMAIN,71,2P,F. Torres,F. Ruiz,,PARIS SAINT GERMAIN,Normal Goal,1552735.0
23/08/2026,Ligue 1,2026/2027,RENNES,PARIS SAINT GERMAIN,82,2P,F. Torres,F. Ruiz,,PARIS SAINT GERMAIN,Normal Goal,1552735.0
24/08/2026,Ligue 2,2026/2027,REIMS,ANNECY,32,1P,M. Veillon,M. Kone,,ANNECY,Normal Goal,1552447.0
24/08/2026,Ligue 2,2026/2027,REIMS,ANNECY,53,2P,F. Escales,,,REIMS,Own Goal,1552447.0
24/08/2026,Ligue 2,2026/2027,REIMS,ANNECY,64,2P,C. Kouranfal,D. Guindo,,REIMS,Normal Goal,1552447.0
24/08/2026,Ligue 2,2026/2027,REIMS,ANNECY,68,2P,Q. Paris,,,REIMS,Normal Goal,1552447.0
23/08/2026,Super League Grecia,2026/2027,PAOK,LEVADIAKOS,36,1P,S. Shoretire,A. Zivkovic,,PAOK,Normal Goal,1593295.0
23/08/2026,Super League Grecia,2026/2027,PAOK,LEVADIAKOS,41,1P,D. Pelkas,A. Zivkovic,,PAOK,Normal Goal,1593295.0
23/08/2026,Super League Grecia,2026/2027,PAOK,LEVADIAKOS,72,2P,A. Mythou,,,PAOK,Normal Goal,1593295.0
23/08/2026,Super League Grecia,2026/2027,PAOK,LEVADIAKOS,89,2P,A. Zivkovic,,,PAOK,Penalty,1593295.0
23/08/2026,Super League Grecia,2026/2027,PANETOLIKOS,ASTERAS TRIPOLIS,6,1P,G. Granath,C. Manrique,,PANETOLIKOS,Normal Goal,1593294.0
23/08/2026,Super League Grecia,2026/2027,PANETOLIKOS,ASTERAS TRIPOLIS,58,2P,C. Mavrias,G. Satsias,,PANETOLIKOS,Normal Goal,1593294.0
23/08/2026,Super League Grecia,2026/2027,PANETOLIKOS,ASTERAS TRIPOLIS,78,2P,F. Macheda,Ricardinho,,ASTERAS TRIPOLIS,Normal Goal,1593294.0
23/08/2026,Super League Grecia,2026/2027,PANETOLIKOS,ASTERAS TRIPOLIS,80,2P,K. Aleksic,Esteban Diego,,PANETOLIKOS,Normal Goal,1593294.0
23/08/2026,Serie A Italia,2026/2027,ATALANTA,SASSUOLO,6,1P,G. Raspadori,G. Gaetano,,ATALANTA,Normal Goal,1550088.0
23/08/2026,Serie A Italia,2026/2027,ATALANTA,SASSUOLO,55,2P,C. Odenthal,,,SASSUOLO,Normal Goal,1550088.0
23/08/2026,Serie A Italia,2026/2027,ATALANTA,SASSUOLO,65,2P,N. Krstovic,,,ATALANTA,Normal Goal,1550088.0
22/08/2026,Serie B Italia,2026/2027,BENEVENTO,MODENA,26,1P,F. Salvemini,,,BENEVENTO,Normal Goal,1601494.0
22/08/2026,Serie B Italia,2026/2027,BENEVENTO,MODENA,65,2P,S. Santoro,,,MODENA,Normal Goal,1601494.0
22/08/2026,Serie B Italia,2026/2027,BENEVENTO,MODENA,76,2P,G. Caso,,,MODENA,Normal Goal,1601494.0
23/08/2026,Serie B Italia,2026/2027,CESENA,SAMPDORIA,17,1P,C. Shpendi,M. Guidi,,CESENA,Normal Goal,1601496.0
23/08/2026,Serie B Italia,2026/2027,CESENA,SAMPDORIA,83,2P,L. Henderson,S. Gartenmann,,SAMPDORIA,Normal Goal,1601496.0
16/08/2026,Eredivisie,2026/2027,FEYENOORD,GO AHEAD EAGLES,32,1P,G. Zechiel,A. Ueda,,FEYENOORD,Normal Goal,1552132.0
16/08/2026,Eredivisie,2026/2027,FEYENOORD,GO AHEAD EAGLES,38,1P,A. Ueda,A. Hadj Moussa,,FEYENOORD,Normal Goal,1552132.0
16/08/2026,Eredivisie,2026/2027,FEYENOORD,GO AHEAD EAGLES,63,2P,S. Tengstedt,E. Linthorst,,GO AHEAD EAGLES,Normal Goal,1552132.0
16/08/2026,Eredivisie,2026/2027,FEYENOORD,GO AHEAD EAGLES,80,2P,S. I. Sigurdarson,,,GO AHEAD EAGLES,Normal Goal,1552132.0
16/08/2026,Eredivisie,2026/2027,TWENTE,PEC ZWOLLE,21,1P,E. Sorensen,T. Oosting,,PEC ZWOLLE,Normal Goal,1552133.0
16/08/2026,Eredivisie,2026/2027,TWENTE,PEC ZWOLLE,38,1P,D. Weidmann,S. Orjasaeter,,TWENTE,Normal Goal,1552133.0
16/08/2026,Eredivisie,2026/2027,TWENTE,PEC ZWOLLE,59,2P,D. Mbayo,,,TWENTE,Own Goal,1552133.0
16/08/2026,Eredivisie,2026/2027,TWENTE,PEC ZWOLLE,69,2P,D. Rots,R. Zerrouki,,TWENTE,Normal Goal,1552133.0
22/08/2026,Eredivisie,2026/2027,SPARTA ROTTERDAM,UTRECHT,16,1P,M. Didden,Y. Cathline,,UTRECHT,Normal Goal,1552137.0
22/08/2026,Eredivisie,2026/2027,SPARTA ROTTERDAM,UTRECHT,45,1P,M. Young,B. Kuipers,,SPARTA ROTTERDAM,Normal Goal,1552137.0
22/08/2026,Eredivisie,2026/2027,SPARTA ROTTERDAM,UTRECHT,46,2P,A. Stepanov,N. Vesterlund,,UTRECHT,Normal Goal,1552137.0
22/08/2026,Eredivisie,2026/2027,SPARTA ROTTERDAM,UTRECHT,67,2P,M. Zonneveld,S. Mito,,SPARTA ROTTERDAM,Normal Goal,1552137.0
22/08/2026,Eredivisie,2026/2027,SPARTA ROTTERDAM,UTRECHT,76,2P,A. Blake,,,UTRECHT,Normal Goal,1552137.0
22/08/2026,Eredivisie,2026/2027,SPARTA ROTTERDAM,UTRECHT,90,2P,N. Verschuren,J. Ideho,,SPARTA ROTTERDAM,Normal Goal,1552137.0
15/08/2026,Liga Portugal,2026/2027,RIO AVE,FC PORTO,11,1P,N. Perez,G. Veiga,,FC PORTO,Normal Goal,1575462.0
15/08/2026,Liga Portugal,2026/2027,RIO AVE,FC PORTO,82,2P,B. Sainz,Hwang In-Beom,,FC PORTO,Normal Goal,1575462.0
23/08/2026,Süper Lig,2026/2027,ALANYASPOR,BESIKTAS,73,2P,N. Lima,F. Hadergjonaj,,ALANYASPOR,Normal Goal,1584376.0
09/08/2026,1. Lig,2026/2027,SARYER,MUGLASPOR,44,1P,E. Eze,,,SARYER,Penalty,1585695.0
09/08/2026,1. Lig,2026/2027,SARYER,MUGLASPOR,65,2P,C. Karayel,B. Alici,,SARYER,Normal Goal,1585695.0
23/08/2026,1. Lig,2026/2027,BOLUSPOR,MARDIN 1969,14,1P,D. Taskan,E. Tasdemir,,MARDIN 1969,Normal Goal,1585712.0
23/08/2026,1. Lig,2026/2027,BOLUSPOR,MARDIN 1969,21,1P,M. Sengul,,,MARDIN 1969,Normal Goal,1585712.0
23/08/2026,1. Lig,2026/2027,BOLUSPOR,MARDIN 1969,76,2P,A. Uluk,T. Teklic,,MARDIN 1969,Normal Goal,1585712.0
16/08/2026,NB I Hungria,2026/2027,DEBRECENI VSC,GYORI ETO FC,41,1P,Z. Gavric,D. Stefulj,,GYORI ETO FC,Normal Goal,1560219.0
16/08/2026,NB I Hungria,2026/2027,DEBRECENI VSC,GYORI ETO FC,50,2P,A. Guerrero,A. Szendrei,,DEBRECENI VSC,Normal Goal,1560219.0
16/08/2026,NB I Hungria,2026/2027,PUSKAS ACADEMY,PAKS,7,1P,D. Lukacs,,,PUSKAS ACADEMY,Penalty,1560222.0
16/08/2026,NB I Hungria,2026/2027,PUSKAS ACADEMY,PAKS,30,1P,J. Szalai,Z. Haraszti,,PAKS,Normal Goal,1560222.0
16/08/2026,NB I Hungria,2026/2027,PUSKAS ACADEMY,PAKS,41,1P,P. Dardai,A. Nemeth,,PUSKAS ACADEMY,Normal Goal,1560222.0
16/08/2026,NB I Hungria,2026/2027,PUSKAS ACADEMY,PAKS,59,2P,J. Windecker,K. Papp,,PAKS,Normal Goal,1560222.0
16/08/2026,NB I Hungria,2026/2027,PUSKAS ACADEMY,PAKS,90,2P,L. Colley,R. Szolnoki,,PUSKAS ACADEMY,Normal Goal,1560222.0
17/08/2026,NB I Hungria,2026/2027,ZALAEGERSZEGI TE,FERENCVAROSI TC,38,1P,M. Corbu,Cadu,,FERENCVAROSI TC,Normal Goal,1560224.0
17/08/2026,NB I Hungria,2026/2027,ZALAEGERSZEGI TE,FERENCVAROSI TC,69,2P,Marius Corbu,,,FERENCVAROSI TC,Missed Penalty,1560224.0
02/05/2026,Chinese Super League,2026,YUNNAN YUKUN,BEIJING GUOAN,22,1P,Zhang Yuning,Zhang Xizhe,,BEIJING GUOAN,Normal Goal,1523130.0
02/05/2026,Chinese Super League,2026,YUNNAN YUKUN,BEIJING GUOAN,45,1P,A. Ionita II,,,YUNNAN YUKUN,Normal Goal,1523130.0
02/05/2026,Chinese Super League,2026,YUNNAN YUKUN,BEIJING GUOAN,60,2P,Zhang Xizhe,,,BEIJING GUOAN,Penalty,1523130.0
02/05/2026,Chinese Super League,2026,YUNNAN YUKUN,BEIJING GUOAN,77,2P,Cleber,J. Saeter,,YUNNAN YUKUN,Normal Goal,1523130.0
02/05/2026,Chinese Super League,2026,YUNNAN YUKUN,BEIJING GUOAN,81,2P,Serginho,Feng Boxuan,,BEIJING GUOAN,Normal Goal,1523130.0
02/05/2026,Chinese Super League,2026,YUNNAN YUKUN,BEIJING GUOAN,90,2P,O. Taty Maritu,Huang Zichang,,YUNNAN YUKUN,Normal Goal,1523130.0
23/08/2026,Chinese Super League,2026,CHONGQING TONGLIANG LONG,DALIAN ZHIXING,63,2P,Lu Zhuoyi,I. Alimi,,DALIAN ZHIXING,Normal Goal,1523250.0
28/08/2026,2. Bundesliga Alemania,2026/2027,EINTRACHT BRAUNSCHWEIG,HERTHA BSC,9,1P,Y. Sturm,,,EINTRACHT BRAUNSCHWEIG,Normal Goal,1576153.0
28/08/2026,2. Bundesliga Alemania,2026/2027,EINTRACHT BRAUNSCHWEIG,HERTHA BSC,33,1P,K. Ehlers,A. Opoku,,EINTRACHT BRAUNSCHWEIG,Normal Goal,1576153.0
28/08/2026,2. Bundesliga Alemania,2026/2027,EINTRACHT BRAUNSCHWEIG,HERTHA BSC,43,1P,J. Thorsteinsson,J. Brekalo,,HERTHA BSC,Normal Goal,1576153.0
28/08/2026,2. Bundesliga Alemania,2026/2027,EINTRACHT BRAUNSCHWEIG,HERTHA BSC,45,1P,J. Brekalo,,,HERTHA BSC,Normal Goal,1576153.0
28/08/2026,2. Bundesliga Alemania,2026/2027,EINTRACHT BRAUNSCHWEIG,HERTHA BSC,53,2P,K. Ehlers,,,HERTHA BSC,Own Goal,1576153.0
28/08/2026,2. Bundesliga Alemania,2026/2027,EINTRACHT BRAUNSCHWEIG,HERTHA BSC,69,2P,J. Brekalo,,,HERTHA BSC,Penalty,1576153.0
28/08/2026,2. Bundesliga Alemania,2026/2027,EINTRACHT BRAUNSCHWEIG,HERTHA BSC,87,2P,O. Adewumi,L. Schuler,,HERTHA BSC,Normal Goal,1576153.0
28/08/2026,2. Bundesliga Alemania,2026/2027,EINTRACHT BRAUNSCHWEIG,HERTHA BSC,88,2P,J. Urbich,,,EINTRACHT BRAUNSCHWEIG,Normal Goal,1576153.0
23/08/2026,Premier League,2026/2027,NEWCASTLE,LIVERPOOL,5,1P,A. Elanga,W. Osula,,NEWCASTLE,Normal Goal,1557375.0
23/08/2026,Premier League,2026/2027,NEWCASTLE,LIVERPOOL,55,2P,C. Gakpo,R. Gravenberch,,LIVERPOOL,Normal Goal,1557375.0
23/08/2026,Premier League,2026/2027,NEWCASTLE,LIVERPOOL,57,2P,J. Willock,Y. Wissa,,NEWCASTLE,Normal Goal,1557375.0
23/08/2026,Premier League,2026/2027,NEWCASTLE,LIVERPOOL,90,2P,D. Szoboszlai,,,LIVERPOOL,Penalty,1557375.0
24/08/2026,Premier League,2026/2027,FULHAM,CHELSEA,1,1P,Joao Pedro,C. Palmer,,CHELSEA,Normal Goal,1557376.0
24/08/2026,Premier League,2026/2027,FULHAM,CHELSEA,23,1P,J. King,T. Castagne,,FULHAM,Normal Goal,1557376.0
24/08/2026,Premier League,2026/2027,FULHAM,CHELSEA,41,1P,M. Rogers,M. Lacroix,,CHELSEA,Normal Goal,1557376.0
24/08/2026,Premier League,2026/2027,FULHAM,CHELSEA,49,2P,C. Palmer,Joao Pedro,,CHELSEA,Normal Goal,1557376.0
24/08/2026,Premier League,2026/2027,FULHAM,CHELSEA,54,2P,G. Garcia,,,FULHAM,Normal Goal,1557376.0
28/08/2026,Premier League,2026/2027,CRYSTAL PALACE,MANCHESTER CITY,17,1P,E. Haaland,A. Semenyo,,MANCHESTER CITY,Normal Goal,1557381.0
28/08/2026,Premier League,2026/2027,CRYSTAL PALACE,MANCHESTER CITY,54,2P,R. Cherki,P. Foden,,MANCHESTER CITY,Normal Goal,1557381.0
28/08/2026,Premier League,2026/2027,CRYSTAL PALACE,MANCHESTER CITY,56,2P,G. Donnarumma,,,CRYSTAL PALACE,Own Goal,1557381.0
28/08/2026,Premier League,2026/2027,CRYSTAL PALACE,MANCHESTER CITY,59,2P,R. Cherki,J. Gvardiol,,MANCHESTER CITY,Normal Goal,1557381.0
28/08/2026,Premier League,2026/2027,CRYSTAL PALACE,MANCHESTER CITY,84,2P,E. Haaland,P. Foden,,MANCHESTER CITY,Normal Goal,1557381.0
23/08/2026,LaLiga EA Sports,2026/2027,ATLETICO MADRID,VILLARREAL,59,2P,M. Pubill,G. Simeone,,ATLETICO MADRID,Normal Goal,1570344.0
23/08/2026,LaLiga EA Sports,2026/2027,ATLETICO MADRID,VILLARREAL,66,2P,G. Moreno,,,VILLARREAL,Penalty,1570344.0
23/08/2026,LaLiga EA Sports,2026/2027,ATLETICO MADRID,VILLARREAL,78,2P,G. Mikautadze,,,VILLARREAL,Penalty,1570344.0
23/08/2026,LaLiga EA Sports,2026/2027,ATLETICO MADRID,VILLARREAL,85,2P,G. Simeone,A. Baena,,ATLETICO MADRID,Normal Goal,1570344.0
23/08/2026,LaLiga EA Sports,2026/2027,GETAFE,RACING SANTANDER,77,2P,Andrés Martín,,,RACING SANTANDER,Missed Penalty,1570348.0
23/08/2026,LaLiga EA Sports,2026/2027,GETAFE,RACING SANTANDER,81,2P,E. Unal,,,GETAFE,Normal Goal,1570348.0
23/08/2026,LaLiga EA Sports,2026/2027,ELCHE,BARCELONA,14,1P,Raphinha,,,BARCELONA,Penalty,1570346.0
23/08/2026,LaLiga EA Sports,2026/2027,ELCHE,BARCELONA,45,1P,K. Adeyemi,Raphinha,,BARCELONA,Normal Goal,1570346.0
23/08/2026,LaLiga EA Sports,2026/2027,ELCHE,BARCELONA,67,2P,Raphinha,A. Gordon,,BARCELONA,Normal Goal,1570346.0
23/08/2026,LaLiga EA Sports,2026/2027,ELCHE,BARCELONA,71,2P,Fermin,A. Gordon,,BARCELONA,Normal Goal,1570346.0
23/08/2026,LaLiga EA Sports,2026/2027,ELCHE,BARCELONA,79,2P,Fermin,X. Espart,,BARCELONA,Normal Goal,1570346.0
24/08/2026,LaLiga EA Sports,2026/2027,MALAGA,DEPORTIVO LA CORUNA,21,1P,P. Aubameyang,Cruz Luismi,,DEPORTIVO LA CORUNA,Normal Goal,1570349.0
24/08/2026,LaLiga EA Sports,2026/2027,MALAGA,DEPORTIVO LA CORUNA,34,1P,Chupe,,,MALAGA,Penalty,1570349.0
25/08/2026,LaLiga EA Sports,2026/2027,VALENCIA,REAL BETIS,83,2P,P. Garcia,F. Garcia,,REAL BETIS,Normal Goal,1570342.0
26/08/2026,LaLiga EA Sports,2026/2027,REAL MADRID,REAL SOCIEDAD,40,1P,K. Mbappe,F. Valverde,,REAL MADRID,Normal Goal,1570340.0
26/08/2026,LaLiga EA Sports,2026/2027,REAL MADRID,REAL SOCIEDAD,44,1P,L. Sucic,,,REAL SOCIEDAD,Normal Goal,1570340.0
26/08/2026,LaLiga EA Sports,2026/2027,REAL MADRID,REAL SOCIEDAD,60,2P,K. Mbappe,J. Bellingham,,REAL MADRID,Normal Goal,1570340.0
26/08/2026,LaLiga EA Sports,2026/2027,REAL MADRID,REAL SOCIEDAD,68,2P,Vinicius Junior,J. Bellingham,,REAL MADRID,Normal Goal,1570340.0
26/08/2026,LaLiga EA Sports,2026/2027,REAL MADRID,REAL SOCIEDAD,80,2P,K. Mbappe,Vinicius Junior,,REAL MADRID,Normal Goal,1570340.0
27/08/2026,LaLiga EA Sports,2026/2027,CELTA VIGO,OSASUNA,14,1P,I. Aspas,M. Roman,,CELTA VIGO,Normal Goal,1570336.0
27/08/2026,LaLiga EA Sports,2026/2027,CELTA VIGO,OSASUNA,54,2P,K. Barja,R. Garcia,,OSASUNA,Normal Goal,1570336.0
27/08/2026,LaLiga EA Sports,2026/2027,CELTA VIGO,OSASUNA,64,2P,A. Budimir,,,OSASUNA,Penalty,1570336.0
27/08/2026,LaLiga EA Sports,2026/2027,BARCELONA,ATHLETIC CLUB,37,1P,Raphinha,Pedri,,BARCELONA,Normal Goal,1570335.0
27/08/2026,LaLiga EA Sports,2026/2027,BARCELONA,ATHLETIC CLUB,82,2P,Fermin,,,BARCELONA,Normal Goal,1570335.0
28/08/2026,LaLiga EA Sports,2026/2027,RACING SANTANDER,ELCHE,15,1P,Y. Zabiri,,,RACING SANTANDER,Normal Goal,1570359.0
28/08/2026,LaLiga EA Sports,2026/2027,RACING SANTANDER,ELCHE,21,1P,Y. Zabiri,,,RACING SANTANDER,Normal Goal,1570359.0
28/08/2026,LaLiga EA Sports,2026/2027,RACING SANTANDER,ELCHE,36,1P,Y. Zabiri,I. Vicente,,RACING SANTANDER,Normal Goal,1570359.0
28/08/2026,LaLiga EA Sports,2026/2027,RACING SANTANDER,ELCHE,78,2P,Buba Sangare,L. Cepeda,,ELCHE,Normal Goal,1570359.0
28/08/2026,LaLiga EA Sports,2026/2027,RACING SANTANDER,ELCHE,79,2P,F. Nino,Tete Morente,,ELCHE,Normal Goal,1570359.0
28/08/2026,Bundesliga,2026/2027,BAYERN MUNCHEN,VFB STUTTGART,21,1P,D. Upamecano,J. Kimmich,,BAYERN MUNCHEN,Normal Goal,1575140.0
28/08/2026,Bundesliga,2026/2027,BAYERN MUNCHEN,VFB STUTTGART,52,2P,J. Vagnoman,,,VFB STUTTGART,Normal Goal,1575140.0
28/08/2026,Bundesliga,2026/2027,BAYERN MUNCHEN,VFB STUTTGART,55,2P,M. Olise,J. Kimmich,,BAYERN MUNCHEN,Normal Goal,1575140.0
28/08/2026,Bundesliga,2026/2027,BAYERN MUNCHEN,VFB STUTTGART,57,2P,J. Vagnoman,,,BAYERN MUNCHEN,Own Goal,1575140.0
28/08/2026,Bundesliga,2026/2027,BAYERN MUNCHEN,VFB STUTTGART,82,2P,A. Pavlovic,I. Saibari,,BAYERN MUNCHEN,Normal Goal,1575140.0
28/08/2026,Bundesliga,2026/2027,BAYERN MUNCHEN,VFB STUTTGART,90,2P,L. Diaz,I. Saibari,,BAYERN MUNCHEN,Normal Goal,1575140.0
23/08/2026,Serie A Italia,2026/2027,FROSINONE,JUVENTUS,22,1P,Bremer,F. Conceicao,,JUVENTUS,Normal Goal,1550090.0
23/08/2026,Serie A Italia,2026/2027,VENEZIA,LECCE,46,2P,O. Gorter,L. Coulibaly,,LECCE,Normal Goal,1550096.0
23/08/2026,Serie A Italia,2026/2027,VENEZIA,LECCE,80,2P,Tiago Gabriel,,,LECCE,Normal Goal,1550096.0
23/08/2026,Serie A Italia,2026/2027,TORINO,AC MILAN,64,2P,A. Cisse,A. Rabiot,,AC MILAN,Normal Goal,1550094.0
23/08/2026,Serie A Italia,2026/2027,TORINO,AC MILAN,66,2P,A. Rabiot,S. Chukwueze,,AC MILAN,Normal Goal,1550094.0
23/08/2026,Serie A Italia,2026/2027,TORINO,AC MILAN,90,2P,C. Adams,G. Gineitis,,TORINO,Normal Goal,1550094.0
24/08/2026,Serie A Italia,2026/2027,BOLOGNA,LAZIO,59,2P,D. Frattesi,B. Dia,,LAZIO,Normal Goal,1550089.0
24/08/2026,Serie A Italia,2026/2027,AS ROMA,FIORENTINA,27,1P,D. Malen,P. Dybala,,AS ROMA,Normal Goal,1550087.0
24/08/2026,Serie A Italia,2026/2027,AS ROMA,FIORENTINA,52,2P,D. Malen,P. Dybala,,AS ROMA,Normal Goal,1550087.0
24/08/2026,Serie A Italia,2026/2027,AS ROMA,FIORENTINA,60,2P,D. Malen,P. Dybala,,AS ROMA,Normal Goal,1550087.0
24/08/2026,Serie A Italia,2026/2027,AS ROMA,FIORENTINA,86,2P,N. Pisilli,,,AS ROMA,Normal Goal,1550087.0
28/08/2026,Serie A Italia,2026/2027,AC MILAN,VENEZIA,69,2P,G. Ramos,A. Saelemaekers,,AC MILAN,Normal Goal,1550097.0
28/08/2026,Serie A Italia,2026/2027,AC MILAN,VENEZIA,89,2P,R. Halhal,,,AC MILAN,Own Goal,1550097.0
23/08/2026,Ligue 1,2026/2027,LE HAVRE,MONACO,14,1P,E. Dier,Nazinho,,MONACO,Normal Goal,1552730.0
28/08/2026,Ligue 1,2026/2027,LILLE,PARIS SAINT GERMAIN,21,1P,H. Haraldsson,O. Giroud,,LILLE,Normal Goal,1552746.0
28/08/2026,Ligue 1,2026/2027,LILLE,PARIS SAINT GERMAIN,84,2P,D. Bakwa,O. Giroud,,LILLE,Normal Goal,1552746.0
28/08/2026,Ligue 1,2026/2027,LILLE,PARIS SAINT GERMAIN,90,2P,Vitinha,M. Godts,,PARIS SAINT GERMAIN,Normal Goal,1552746.0
28/08/2026,Ligue 1,2026/2027,LILLE,PARIS SAINT GERMAIN,90,2P,Marquinhos,Vitinha,,PARIS SAINT GERMAIN,Normal Goal,1552746.0
28/08/2026,Eredivisie,2026/2027,GRONINGEN,FORTUNA SITTARD,12,1P,M. Ihattaren,L. Zeefuik,,FORTUNA SITTARD,Normal Goal,1552144.0
28/08/2026,Eredivisie,2026/2027,GRONINGEN,FORTUNA SITTARD,19,1P,D. van der Werff,J. Schreuders,,GRONINGEN,Normal Goal,1552144.0
28/08/2026,Eredivisie,2026/2027,GRONINGEN,FORTUNA SITTARD,28,1P,L. Zeefuik,E. Michut,,FORTUNA SITTARD,Normal Goal,1552144.0
28/08/2026,Eredivisie,2026/2027,GRONINGEN,FORTUNA SITTARD,72,2P,A. Descotte,E. Michut,,FORTUNA SITTARD,Normal Goal,1552144.0
28/08/2026,Eredivisie,2026/2027,GRONINGEN,FORTUNA SITTARD,87,2P,J. Hubner,,,GRONINGEN,Own Goal,1552144.0
23/08/2026,Liga Portugal,2026/2027,SANTA CLARA,FAMALICAO,22,1P,G. Paciencia,Sorriso,,SANTA CLARA,Normal Goal,1575470.0
23/08/2026,Liga Portugal,2026/2027,FC PORTO,AROUCA,67,2P,G. Veiga,William Gomes,,FC PORTO,Normal Goal,1575466.0
23/08/2026,Liga Portugal,2026/2027,FC PORTO,AROUCA,86,2P,B. Sainz,Pepe,,FC PORTO,Normal Goal,1575466.0
24/08/2026,Liga Portugal,2026/2027,GIL VICENTE,CASA PIA,20,1P,G. Pinto Martins,H. Hernandez,,GIL VICENTE,Normal Goal,1575467.0
24/08/2026,Liga Portugal,2026/2027,GIL VICENTE,CASA PIA,45,1P,H. Hernandez,,,GIL VICENTE,Penalty,1575467.0
28/08/2026,Liga Portugal,2026/2027,RIO AVE,SPORTING CP,5,1P,F. Goncalves,I. Doumbia,,SPORTING CP,Normal Goal,1575481.0
28/08/2026,Liga Portugal,2026/2027,RIO AVE,SPORTING CP,19,1P,G. Catamo,F. Goncalves,,SPORTING CP,Normal Goal,1575481.0
28/08/2026,Liga Portugal,2026/2027,RIO AVE,SPORTING CP,26,1P,L. Suarez,,,SPORTING CP,Normal Goal,1575481.0
28/08/2026,Liga Portugal,2026/2027,RIO AVE,SPORTING CP,37,1P,L. Suarez,M. Araujo,,SPORTING CP,Normal Goal,1575481.0
23/08/2026,Jupiler Pro League,2026/2027,CLUB BRUGGE KV,CERCLE BRUGGE,38,1P,N. Tresoldi,C. Forbs,,CLUB BRUGGE KV,Normal Goal,1558606.0
28/08/2026,Jupiler Pro League,2026/2027,GENK,SK BEVEREN,9,1P,R. Durosinmi,,,GENK,Penalty,1558608.0
28/08/2026,Jupiler Pro League,2026/2027,GENK,SK BEVEREN,19,1P,J. Ito,,,GENK,Normal Goal,1558608.0
28/08/2026,Jupiler Pro League,2026/2027,GENK,SK BEVEREN,43,1P,J. Kongolo,J. Erenbjerg,,GENK,Normal Goal,1558608.0
28/08/2026,Jupiler Pro League,2026/2027,GENK,SK BEVEREN,74,2P,J. Kayembe,N. Adedeji-Sternberg,,GENK,Normal Goal,1558608.0
23/08/2026,Süper Lig,2026/2027,TRABZONSPOR,BASAKSEHIR,8,1P,M. Salah,,,TRABZONSPOR,Normal Goal,1584384.0
23/08/2026,Süper Lig,2026/2027,TRABZONSPOR,BASAKSEHIR,19,1P,E. Shomurodov,,,BASAKSEHIR,Penalty,1584384.0
23/08/2026,Süper Lig,2026/2027,TRABZONSPOR,BASAKSEHIR,48,2P,M. Salah,E. Muci,,TRABZONSPOR,Normal Goal,1584384.0
23/08/2026,Süper Lig,2026/2027,EYUPSPOR,GAZIANTEP FK,60,2P,D. Sorescu,,,GAZIANTEP FK,Normal Goal,1584379.0
23/08/2026,Süper Lig,2026/2027,GOZTEPE,GENCLERBIRLIGI S.K.,50,2P,Malcom Bokele,,,GOZTEPE,Missed Penalty,1584381.0
23/08/2026,Süper Lig,2026/2027,GOZTEPE,GENCLERBIRLIGI S.K.,51,2P,S. Koita,O. Ulgun,,GENCLERBIRLIGI S.K.,Normal Goal,1584381.0
24/08/2026,Süper Lig,2026/2027,KOCAELISPOR,AMED,16,1P,B. Kutlu,A. Dijksteel,,KOCAELISPOR,Normal Goal,1584382.0
24/08/2026,Süper Lig,2026/2027,KOCAELISPOR,AMED,87,2P,M. Maglica,U. Yildiz,,KOCAELISPOR,Normal Goal,1584382.0
28/08/2026,Süper Lig,2026/2027,GENCLERBIRLIGI S.K.,ERZURUMSPOR FK,55,2P,E. Tozlu,,,ERZURUMSPOR FK,Normal Goal,1584391.0
28/08/2026,Süper Lig,2026/2027,GENCLERBIRLIGI S.K.,ERZURUMSPOR FK,66,2P,A. Traore,O. Diabate,,GENCLERBIRLIGI S.K.,Normal Goal,1584391.0
22/08/2026,Super League,2026/2027,FC LUZERN,LAUSANNE,3,1P,M. Di Giusto,,,FC LUZERN,Normal Goal,1555365.0
22/08/2026,Super League,2026/2027,FC ZURICH,FC BASEL 1893,8,1P,P. P. Keny,,,FC ZURICH,Penalty,1555366.0
22/08/2026,Super League,2026/2027,FC ZURICH,FC BASEL 1893,62,2P,K. Olaigbe,Z. Celar,,FC BASEL 1893,Normal Goal,1555366.0
22/08/2026,Super League,2026/2027,FC ZURICH,FC BASEL 1893,85,2P,Z. Celar,,,FC BASEL 1893,Penalty,1555366.0
23/08/2026,Super League,2026/2027,BSC YOUNG BOYS,FC VADUZ,4,1P,J. Monteiro,M. K. Sene,,BSC YOUNG BOYS,Normal Goal,1555367.0
23/08/2026,Super League,2026/2027,BSC YOUNG BOYS,FC VADUZ,25,1P,M. Cocic,N. Hasler,,FC VADUZ,Normal Goal,1555367.0
23/08/2026,Super League,2026/2027,BSC YOUNG BOYS,FC VADUZ,37,1P,M. K. Sene,L. Blum,,BSC YOUNG BOYS,Normal Goal,1555367.0
23/08/2026,Super League,2026/2027,BSC YOUNG BOYS,FC VADUZ,43,1P,M. Cocic,,,FC VADUZ,Normal Goal,1555367.0
23/08/2026,Super League,2026/2027,BSC YOUNG BOYS,FC VADUZ,57,2P,A. Sanches,D. Pech,,BSC YOUNG BOYS,Normal Goal,1555367.0
23/08/2026,Super League,2026/2027,BSC YOUNG BOYS,FC VADUZ,87,2P,A. Gigovic,S. Bukinac,,BSC YOUNG BOYS,Normal Goal,1555367.0
21/08/2026,Bundesliga Austria,2026/2027,RIED,GRAZER AK,45,1P,P. Sissoko,,,RIED,Penalty,1561912.0
22/08/2026,Bundesliga Austria,2026/2027,SCR ALTACH,TSV HARTBERG,16,1P,A. Gattermayer,,,TSV HARTBERG,Normal Goal,1561913.0
22/08/2026,Bundesliga Austria,2026/2027,SCR ALTACH,TSV HARTBERG,53,2P,O. Diawara,N. Niehoff,,SCR ALTACH,Normal Goal,1561913.0
22/08/2026,Bundesliga Austria,2026/2027,SCR ALTACH,TSV HARTBERG,90,2P,B. Markus,M. Hoffmann,,TSV HARTBERG,Normal Goal,1561913.0
22/08/2026,Bundesliga Austria,2026/2027,STURM GRAZ,AUSTRIA LUSTENAU,10,1P,D. Weixelbraun,Danilo Soares,,AUSTRIA LUSTENAU,Normal Goal,1561914.0
22/08/2026,Bundesliga Austria,2026/2027,STURM GRAZ,AUSTRIA LUSTENAU,65,2P,S. Jatta,,,STURM GRAZ,Penalty,1561914.0
28/08/2026,Bundesliga Austria,2026/2027,AUSTRIA LUSTENAU,WSG WATTENS,42,1P,M. Olakigbe,,,WSG WATTENS,Normal Goal,1561918.0
28/08/2026,Bundesliga Austria,2026/2027,AUSTRIA LUSTENAU,WSG WATTENS,52,2P,N. Baden Frederiksen,M. Olakigbe,,WSG WATTENS,Normal Goal,1561918.0
28/08/2026,Bundesliga Austria,2026/2027,AUSTRIA LUSTENAU,WSG WATTENS,60,2P,M. Striednig,T. Goiginger,,WSG WATTENS,Normal Goal,1561918.0
28/08/2026,Bundesliga Austria,2026/2027,AUSTRIA LUSTENAU,WSG WATTENS,66,2P,N. Baden Frederiksen,,,WSG WATTENS,Penalty,1561918.0
22/08/2026,Super League Grecia,2026/2027,AEK ATHENS FC,IRAKLIS 1908,11,1P,B. Varga,R. Marin,,AEK ATHENS FC,Normal Goal,1593289.0
22/08/2026,Super League Grecia,2026/2027,AEK ATHENS FC,IRAKLIS 1908,19,1P,L. Jovic,S. Pilios,,AEK ATHENS FC,Normal Goal,1593289.0
22/08/2026,Super League Grecia,2026/2027,AEK ATHENS FC,IRAKLIS 1908,49,2P,L. Jovic,R. Marin,,AEK ATHENS FC,Normal Goal,1593289.0
22/08/2026,Super League Grecia,2026/2027,AEK ATHENS FC,IRAKLIS 1908,75,2P,Zini,,,AEK ATHENS FC,Normal Goal,1593289.0
22/08/2026,Super League Grecia,2026/2027,KALAMATA,ARIS THESSALONIKIS,41,1P,J. Bolivar,A. Mendes Moreira,,KALAMATA,Normal Goal,1593290.0
22/08/2026,Super League Grecia,2026/2027,KALAMATA,ARIS THESSALONIKIS,45,1P,U. Racic,,,ARIS THESSALONIKIS,Penalty,1593290.0
22/08/2026,Super League Grecia,2026/2027,KALAMATA,ARIS THESSALONIKIS,60,2P,K. Vargas,J. Cataldi,,KALAMATA,Normal Goal,1593290.0
22/08/2026,Super League Grecia,2026/2027,KALAMATA,ARIS THESSALONIKIS,88,2P,Fabiano,B. Garre,,ARIS THESSALONIKIS,Normal Goal,1593290.0
22/08/2026,Super League Grecia,2026/2027,KALAMATA,ARIS THESSALONIKIS,90,2P,Fabiano,O. Boussaid,,ARIS THESSALONIKIS,Normal Goal,1593290.0
23/08/2026,Super League Grecia,2026/2027,OFI,VOLOS NFC,6,1P,M. Siampanis,,,OFI,Own Goal,1593291.0
23/08/2026,Super League Grecia,2026/2027,OFI,VOLOS NFC,33,1P,T. Nuss,,,OFI,Penalty,1593291.0
28/08/2026,Championship Inglaterra,2026/2027,WREXHAM,BIRMINGHAM,13,1P,P. Neumann,A. Cochrane,,BIRMINGHAM,Normal Goal,1563118.0
28/08/2026,Championship Inglaterra,2026/2027,WREXHAM,BIRMINGHAM,54,2P,C. Doyle,L. O'Brien,,WREXHAM,Normal Goal,1563118.0
28/08/2026,Championship Inglaterra,2026/2027,WREXHAM,BIRMINGHAM,63,2P,P. Neumann,A. Priske,,BIRMINGHAM,Normal Goal,1563118.0
28/08/2026,2. Bundesliga Alemania,2026/2027,VFL BOCHUM,VFL OSNABRUCK,4,1P,I. Badjie,L. Munst,,VFL OSNABRUCK,Normal Goal,1576152.0
29/08/2026,2. Bundesliga Alemania,2026/2027,1. FC HEIDENHEIM,DYNAMO DRESDEN,30,1P,Vincent Vermeij,Jonas Sterner,,DYNAMO DRESDEN,Normal Goal,1576156.0
29/08/2026,2. Bundesliga Alemania,2026/2027,1. FC HEIDENHEIM,DYNAMO DRESDEN,67,2P,Jan Schoppner,Michael Heule,,1. FC HEIDENHEIM,Normal Goal,1576156.0
29/08/2026,2. Bundesliga Alemania,2026/2027,1. FC HEIDENHEIM,DYNAMO DRESDEN,73,2P,Robert Wagner,Ben Bobzien,,DYNAMO DRESDEN,Normal Goal,1576156.0
29/08/2026,2. Bundesliga Alemania,2026/2027,1. FC HEIDENHEIM,DYNAMO DRESDEN,77,2P,Friedrich Müller,,,1. FC HEIDENHEIM,Own Goal,1576156.0
29/08/2026,2. Bundesliga Alemania,2026/2027,1. FC HEIDENHEIM,DYNAMO DRESDEN,87,2P,Oualid Mhamdi,,,1. FC HEIDENHEIM,Normal Goal,1576156.0
29/08/2026,2. Bundesliga Alemania,2026/2027,1. FC HEIDENHEIM,DYNAMO DRESDEN,89,2P,Julian niehues,Paul Hennrich,,1. FC HEIDENHEIM,Normal Goal,1576156.0
29/08/2026,2. Bundesliga Alemania,2026/2027,1. FC HEIDENHEIM,DYNAMO DRESDEN,90,2P,Maximilian Breunig,,,1. FC HEIDENHEIM,Normal Goal,1576156.0
29/08/2026,2. Bundesliga Alemania,2026/2027,1. FC HEIDENHEIM,DYNAMO DRESDEN,90,2P,Jonas Sterner,Tobias Raschl,,DYNAMO DRESDEN,Normal Goal,1576156.0
29/08/2026,2. Bundesliga Alemania,2026/2027,KARLSRUHER SC,VFL WOLFSBURG,7,1P,Shio Fukuda,Marcel Franke,,KARLSRUHER SC,Normal Goal,1576157.0
29/08/2026,2. Bundesliga Alemania,2026/2027,KARLSRUHER SC,VFL WOLFSBURG,10,1P,Alexander Bernhardsson,Fabian Reese,,VFL WOLFSBURG,Normal Goal,1576157.0
29/08/2026,2. Bundesliga Alemania,2026/2027,KARLSRUHER SC,VFL WOLFSBURG,12,1P,Marvin Wanitzek,Louey Ben Farhat,,KARLSRUHER SC,Normal Goal,1576157.0
29/08/2026,2. Bundesliga Alemania,2026/2027,KARLSRUHER SC,VFL WOLFSBURG,28,1P,Fabian Reese,,,VFL WOLFSBURG,Normal Goal,1576157.0
29/08/2026,2. Bundesliga Alemania,2026/2027,KARLSRUHER SC,VFL WOLFSBURG,45,1P,Vinicius de Souza Costa,Joakim Maehle,,VFL WOLFSBURG,Normal Goal,1576157.0
29/08/2026,2. Bundesliga Alemania,2026/2027,KARLSRUHER SC,VFL WOLFSBURG,88,2P,Hauke Wahl,Robert Glatzel,,VFL WOLFSBURG,Normal Goal,1576157.0
29/08/2026,2. Bundesliga Alemania,2026/2027,KARLSRUHER SC,VFL WOLFSBURG,90,2P,Fabian Reese,Alessio Besio,,VFL WOLFSBURG,Normal Goal,1576157.0
29/08/2026,2. Bundesliga Alemania,2026/2027,ENERGIE COTTBUS,SPVGG GREUTHER FÜRTH,6,1P,Lucas Copado,Leonardo Bittencourt,,ENERGIE COTTBUS,Normal Goal,1576154.0
29/08/2026,2. Bundesliga Alemania,2026/2027,ENERGIE COTTBUS,SPVGG GREUTHER FÜRTH,45,1P,Felix Klaus,,,SPVGG GREUTHER FÜRTH,Penalty,1576154.0
29/08/2026,2. Bundesliga Alemania,2026/2027,ENERGIE COTTBUS,SPVGG GREUTHER FÜRTH,46,2P,fousseny doumbia,,,SPVGG GREUTHER FÜRTH,Own Goal,1576154.0
29/08/2026,2. Bundesliga Alemania,2026/2027,ENERGIE COTTBUS,SPVGG GREUTHER FÜRTH,70,2P,Tolcay Cigerci,Leonardo Bittencourt,,ENERGIE COTTBUS,Normal Goal,1576154.0
29/08/2026,2. Bundesliga Alemania,2026/2027,ENERGIE COTTBUS,SPVGG GREUTHER FÜRTH,72,2P,Ole Pohlmann,,,SPVGG GREUTHER FÜRTH,Normal Goal,1576154.0
29/08/2026,2. Bundesliga Alemania,2026/2027,ENERGIE COTTBUS,SPVGG GREUTHER FÜRTH,80,2P,Felix Klaus,Omar Sillah,,SPVGG GREUTHER FÜRTH,Normal Goal,1576154.0
29/08/2026,2. Bundesliga Alemania,2026/2027,ENERGIE COTTBUS,SPVGG GREUTHER FÜRTH,90,2P,Dmytro Bogdanov,Justin Butler,,ENERGIE COTTBUS,Normal Goal,1576154.0
29/08/2026,Chinese Super League,2026/2027,QINGDAO JONOON,WUHAN THREE TOWNS,28,1P,Gustavo Sauer,,,WUHAN THREE TOWNS,Normal Goal,1523258.0
29/08/2026,Chinese Super League,2026/2027,QINGDAO JONOON,WUHAN THREE TOWNS,40,1P,Jhonder Cadiz,Gustavo Sauer,,WUHAN THREE TOWNS,Normal Goal,1523258.0
29/08/2026,Chinese Super League,2026/2027,QINGDAO JONOON,WUHAN THREE TOWNS,61,2P,Gustavo Sauer,Adriano Firmino,,WUHAN THREE TOWNS,Normal Goal,1523258.0
29/08/2026,Chinese Super League,2026/2027,QINGDAO JONOON,WUHAN THREE TOWNS,78,2P,Kilian Bevis,,,WUHAN THREE TOWNS,Normal Goal,1523258.0
29/08/2026,Chinese Super League,2026/2027,QINGDAO JONOON,WUHAN THREE TOWNS,79,2P,Jhonder Cadiz,Adriano Firmino,,WUHAN THREE TOWNS,Normal Goal,1523258.0
29/08/2026,Chinese Super League,2026/2027,QINGDAO JONOON,WUHAN THREE TOWNS,90,2P,Song Wenjie,Liu Guobao,,QINGDAO JONOON,Normal Goal,1523258.0
29/08/2026,Chinese Super League,2026/2027,TIANJIN TEDA,QINGDAO YOUTH ISLAND,34,1P,Davidson da Luz Pereira,,,QINGDAO YOUTH ISLAND,Penalty,1523253.0
29/08/2026,Chinese Super League,2026/2027,TIANJIN TEDA,QINGDAO YOUTH ISLAND,81,2P,Wu Xinghan,Ji Shengpan,,TIANJIN TEDA,Normal Goal,1523253.0
29/08/2026,Chinese Super League,2026/2027,HANGZHOU GREENTOWN,YUNNAN YUKUN,2,1P,Marko Tolić,Alexandru Mitriță,,HANGZHOU GREENTOWN,Normal Goal,1523254.0
29/08/2026,Chinese Super League,2026/2027,HANGZHOU GREENTOWN,YUNNAN YUKUN,4,1P,Alexandru Mitriță,Marko Tolić,,HANGZHOU GREENTOWN,Normal Goal,1523254.0
29/08/2026,Chinese Super League,2026/2027,HANGZHOU GREENTOWN,YUNNAN YUKUN,29,1P,Alexandru Mitriță,Marko Tolić,,HANGZHOU GREENTOWN,Normal Goal,1523254.0
29/08/2026,Chinese Super League,2026/2027,HANGZHOU GREENTOWN,YUNNAN YUKUN,39,1P,Alexandru Mitriță,,,HANGZHOU GREENTOWN,Penalty,1523254.0
29/08/2026,Chinese Super League,2026/2027,HANGZHOU GREENTOWN,YUNNAN YUKUN,45,1P,Park Jin-seob,Marko Tolić,,HANGZHOU GREENTOWN,Normal Goal,1523254.0
29/08/2026,Chinese Super League,2026/2027,HANGZHOU GREENTOWN,YUNNAN YUKUN,46,2P,Tao Qianglong,Marko Tolić,,HANGZHOU GREENTOWN,Normal Goal,1523254.0
29/08/2026,Chinese Super League,2026/2027,CHENGDU BETTER CITY,SHENYANG URBAN,26,1P,Felipe Sousa,Wang Ziming ,,CHENGDU BETTER CITY,Normal Goal,1523255.0
29/08/2026,Chinese Super League,2026/2027,CHENGDU BETTER CITY,SHENYANG URBAN,46,2P,Wellington Alves da Silva,Matheus Jussa,,CHENGDU BETTER CITY,Normal Goal,1523255.0
29/08/2026,Chinese Super League,2026/2027,CHENGDU BETTER CITY,SHENYANG URBAN,72,2P,Jefferson Ruan Pereira dos Santos,,,SHENYANG URBAN,Normal Goal,1523255.0
29/08/2026,Championship Inglaterra,2026/2027,WOLVES,STOKE CITY,2,1P,Sam Gallagher,,,STOKE CITY,Normal Goal,1563117.0
29/08/2026,Championship Inglaterra,2026/2027,WOLVES,STOKE CITY,19,1P,Rodrigo Gomes,,,WOLVES,Normal Goal,1563117.0
29/08/2026,Championship Inglaterra,2026/2027,WOLVES,STOKE CITY,22,1P,Rodrigo Gomes,,,WOLVES,Normal Goal,1563117.0
29/08/2026,Championship Inglaterra,2026/2027,WOLVES,STOKE CITY,55,2P,Raúl Jiménez,,,WOLVES,Penalty,1563117.0
29/08/2026,Championship Inglaterra,2026/2027,WOLVES,STOKE CITY,84,2P,Jordan James,Fer López,,WOLVES,Normal Goal,1563117.0
29/08/2026,Championship Inglaterra,2026/2027,DERBY,SWANSEA,2,1P,Joseph Amankwaah Opoku,Eom Ji-Sung,,SWANSEA,Normal Goal,1563112.0
29/08/2026,Championship Inglaterra,2026/2027,DERBY,SWANSEA,44,1P,Eom Ji-Sung,,,SWANSEA,Normal Goal,1563112.0
29/08/2026,Championship Inglaterra,2026/2027,DERBY,SWANSEA,90,2P,Ronald Pereira Martins,Stephen Eustáquio,,SWANSEA,Normal Goal,1563112.0
29/08/2026,Championship Inglaterra,2026/2027,MIDDLESBROUGH,WEST BROM,48,2P,will lankshear,,,MIDDLESBROUGH,Normal Goal,1563113.0
29/08/2026,Championship Inglaterra,2026/2027,MIDDLESBROUGH,WEST BROM,65,2P,J. Morgan,Isaac Price,,WEST BROM,Normal Goal,1563113.0
29/08/2026,Championship Inglaterra,2026/2027,MIDDLESBROUGH,WEST BROM,73,2P,will lankshear,,,MIDDLESBROUGH,Normal Goal,1563113.0
29/08/2026,Championship Inglaterra,2026/2027,MIDDLESBROUGH,WEST BROM,87,2P,Alfie Jones,Luke Ayling,,MIDDLESBROUGH,Normal Goal,1563113.0
29/08/2026,Premier League,2026/2027,LIVERPOOL,NOTTINGHAM FOREST,24,1P,Dan Ndoye,Morgan Gibbs-White,,NOTTINGHAM FOREST,Normal Goal,1557383.0
29/08/2026,Premier League,2026/2027,LIVERPOOL,NOTTINGHAM FOREST,60,2P,Alexander Isak,Cody Gakpo,,LIVERPOOL,Normal Goal,1557383.0
29/08/2026,Premier League,2026/2027,LIVERPOOL,NOTTINGHAM FOREST,70,2P,Morgan Gibbs-White,,,NOTTINGHAM FOREST,Penalty,1557383.0
29/08/2026,Premier League,2026/2027,LIVERPOOL,NOTTINGHAM FOREST,82,2P,Víctor Muñoz,Florian Wirtz,,LIVERPOOL,Normal Goal,1557383.0
29/08/2026,Liga Portugal 2,2026/2027,PORTIMONENSE,LEIXOES,39,1P,Bryan Rochez,Claudio Vtor Rodrigues Araujo,,LEIXOES,Normal Goal,1576473.0
29/08/2026,Liga Portugal 2,2026/2027,PORTIMONENSE,LEIXOES,76,2P,Bryan Rochez,,,LEIXOES,Penalty,1576473.0
01/03/2026,K League 1,2026/2027,JEONBUK MOTORS,BUCHEON FC 1995,13,1P,Lee Dong-Jun,,,JEONBUK MOTORS,Normal Goal,1506899.0
01/03/2026,K League 1,2026/2027,JEONBUK MOTORS,BUCHEON FC 1995,26,1P,Galego,,,BUCHEON FC 1995,Normal Goal,1506899.0
01/03/2026,K League 1,2026/2027,JEONBUK MOTORS,BUCHEON FC 1995,54,2P,Lee Dong-Jun,,,JEONBUK MOTORS,Normal Goal,1506899.0
01/03/2026,K League 1,2026/2027,JEONBUK MOTORS,BUCHEON FC 1995,83,2P,J. Montano,Galego,,BUCHEON FC 1995,Normal Goal,1506899.0
01/03/2026,K League 1,2026/2027,JEONBUK MOTORS,BUCHEON FC 1995,90,2P,Galego,,,BUCHEON FC 1995,Penalty,1506899.0
02/03/2026,K League 1,2026/2027,DAEJEON CITIZEN,FC ANYANG,54,2P,Seo Jin-Su,Joo Min-Kyu,,DAEJEON CITIZEN,Normal Goal,1506901.0
02/03/2026,K League 1,2026/2027,DAEJEON CITIZEN,FC ANYANG,63,2P,Matheus Oliveira,,,FC ANYANG,Penalty,1506901.0
02/03/2026,K League 1,2026/2027,DAEJEON CITIZEN,FC ANYANG,90,2P,Kim Hyeon-uk,,,DAEJEON CITIZEN,Missed Penalty,1506901.0
07/03/2026,K League 1,2026/2027,BUCHEON FC 1995,DAEJEON CITIZEN,72,2P,Galego,,,BUCHEON FC 1995,Penalty,1506904.0
07/03/2026,K League 1,2026/2027,BUCHEON FC 1995,DAEJEON CITIZEN,90,2P,Seo Jin-Su,Ha Chang-Rae,,DAEJEON CITIZEN,Normal Goal,1506904.0
07/03/2026,K League 1,2026/2027,GWANGJU FC,INCHEON UNITED,38,1P,Choi Kyoung-Rok,Ju Se-Jong,,GWANGJU FC,Normal Goal,1506905.0
07/03/2026,K League 1,2026/2027,GWANGJU FC,INCHEON UNITED,45,1P,H. Oh,Kim Myung-soon,,INCHEON UNITED,Normal Goal,1506905.0
07/03/2026,K League 1,2026/2027,GWANGJU FC,INCHEON UNITED,58,2P,Shin Chang-Moo,,,GWANGJU FC,Penalty,1506905.0
07/03/2026,K League 1,2026/2027,GWANGJU FC,INCHEON UNITED,72,2P,Shin Chang-Moo,Ha Seung-Un,,GWANGJU FC,Normal Goal,1506905.0
07/03/2026,K League 1,2026/2027,GWANGJU FC,INCHEON UNITED,90,2P,Stefan Mugoša,,,INCHEON UNITED,Missed Penalty,1506905.0
07/03/2026,K League 1,2026/2027,GWANGJU FC,INCHEON UNITED,90,2P,Seo Jae-Min,S. Mugosa,,INCHEON UNITED,Normal Goal,1506905.0
08/03/2026,K League 1,2026/2027,GIMCHEON SANGMU FC,JEONBUK MOTORS,50,2P,Hong Yun-Sang,Lee Jung-Taek,,GIMCHEON SANGMU FC,Normal Goal,1506906.0
08/03/2026,K League 1,2026/2027,GIMCHEON SANGMU FC,JEONBUK MOTORS,90,2P,Bruno Mota,Tiago Orobo,,JEONBUK MOTORS,Normal Goal,1506906.0
08/03/2026,K League 1,2026/2027,FC ANYANG,JEJU UNITED FC,87,2P,Matheus Oliveira,,,FC ANYANG,Penalty,1506907.0
08/03/2026,K League 1,2026/2027,FC ANYANG,JEJU UNITED FC,90,2P,Emerson Negueba,,,JEJU UNITED FC,Penalty,1506907.0
08/03/2026,K League 1,2026/2027,FC ANYANG,JEJU UNITED FC,90,2P,Matheus Oliveira,Breno Herculano,,FC ANYANG,Normal Goal,1506907.0
15/03/2026,K League 1,2026/2027,BUCHEON FC 1995,ULSAN HYUNDAI FC,9,1P,Kim Min-Jun,Thiaguinho Santos,,BUCHEON FC 1995,Normal Goal,1506910.0
15/03/2026,K League 1,2026/2027,BUCHEON FC 1995,ULSAN HYUNDAI FC,39,1P,Yago Cariello,,,ULSAN HYUNDAI FC,Normal Goal,1506910.0
15/03/2026,K League 1,2026/2027,BUCHEON FC 1995,ULSAN HYUNDAI FC,70,2P,Lee Dong-Gyeong,,,ULSAN HYUNDAI FC,Penalty,1506910.0
17/03/2026,K League 1,2026/2027,GIMCHEON SANGMU FC,GWANGJU FC,69,2P,H. Fridjonsson,,,GWANGJU FC,Penalty,1506914.0
17/03/2026,K League 1,2026/2027,GIMCHEON SANGMU FC,GWANGJU FC,90,2P,Go Jae-Hyeon,M. Kang,,GIMCHEON SANGMU FC,Normal Goal,1506914.0
18/03/2026,K League 1,2026/2027,JEJU UNITED FC,ULSAN HYUNDAI FC,47,2P,Jung Seung-Hyun,Lee Dong-Gyeong,,ULSAN HYUNDAI FC,Normal Goal,1506917.0
18/03/2026,K League 1,2026/2027,JEJU UNITED FC,ULSAN HYUNDAI FC,63,2P,Yago Cariello,,,ULSAN HYUNDAI FC,Normal Goal,1506917.0
18/03/2026,K League 1,2026/2027,JEONBUK MOTORS,FC ANYANG,10,1P,Kim Jeong-Hoon,,,JEONBUK MOTORS,Own Goal,1506918.0
18/03/2026,K League 1,2026/2027,JEONBUK MOTORS,FC ANYANG,26,1P,Kim Un,Kim Bo-Kyung,,FC ANYANG,Normal Goal,1506918.0
18/03/2026,K League 1,2026/2027,JEONBUK MOTORS,FC ANYANG,86,2P,Bruno Mota,,,JEONBUK MOTORS,Normal Goal,1506918.0
18/03/2026,K League 1,2026/2027,INCHEON UNITED,DAEJEON CITIZEN,9,1P,M. Ishida,Seo Jin-Su,,DAEJEON CITIZEN,Normal Goal,1506916.0
18/03/2026,K League 1,2026/2027,INCHEON UNITED,DAEJEON CITIZEN,36,1P,S. Mugosa,Lee Ju-Yong,,INCHEON UNITED,Normal Goal,1506916.0
18/03/2026,K League 1,2026/2027,INCHEON UNITED,DAEJEON CITIZEN,85,2P,Diogo Oliveira,Um Won-Sang,,DAEJEON CITIZEN,Normal Goal,1506916.0
18/03/2026,K League 1,2026/2027,INCHEON UNITED,DAEJEON CITIZEN,90,2P,Um Won-Sang,Diogo Oliveira,,DAEJEON CITIZEN,Normal Goal,1506916.0
18/03/2026,K League 1,2026/2027,POHANG STEELERS,FC SEOUL,4,1P,Cho Young-Wook,J. Son,,FC SEOUL,Normal Goal,1506919.0
28/03/2026,K League 1,2026/2027,POHANG STEELERS,GANGWON FC,71,2P,Lee Ho-Jae,,,POHANG STEELERS,Normal Goal,1506902.0
12/04/2026,K League 1,2026/2027,DAEJEON CITIZEN,GANGWON FC,34,1P,Kim Dae-Won,Goh Young-Jun,,GANGWON FC,Normal Goal,1506936.0
12/04/2026,K League 1,2026/2027,DAEJEON CITIZEN,GANGWON FC,90,2P,Kim Moon-Hwan,,,GANGWON FC,Own Goal,1506936.0
12/04/2026,K League 1,2026/2027,GIMCHEON SANGMU FC,FC ANYANG,58,2P,Kim Young-Chan,Matheus Oliveira,,FC ANYANG,Normal Goal,1506937.0
12/04/2026,K League 1,2026/2027,GIMCHEON SANGMU FC,FC ANYANG,90,2P,Park Cheol-Woo,,,GIMCHEON SANGMU FC,Normal Goal,1506937.0
15/04/2026,K League 1,2026/2027,ULSAN HYUNDAI FC,FC SEOUL,4,1P,L. Ruiz,Song Min-Kyu,,FC SEOUL,Normal Goal,1506903.0
15/04/2026,K League 1,2026/2027,ULSAN HYUNDAI FC,FC SEOUL,10,1P,B. Michel,,,FC SEOUL,Own Goal,1506903.0
15/04/2026,K League 1,2026/2027,ULSAN HYUNDAI FC,FC SEOUL,30,1P,Song Min-Kyu,H. Babec,,FC SEOUL,Normal Goal,1506903.0
15/04/2026,K League 1,2026/2027,ULSAN HYUNDAI FC,FC SEOUL,53,2P,Song Min-Kyu,,,FC SEOUL,Normal Goal,1506903.0
15/04/2026,K League 1,2026/2027,ULSAN HYUNDAI FC,FC SEOUL,68,2P,Marcao,Jang Si-Young,,ULSAN HYUNDAI FC,Normal Goal,1506903.0
19/04/2026,K League 1,2026/2027,ULSAN HYUNDAI FC,GWANGJU FC,18,1P,Jung Seung-Hyun,Marcao,,ULSAN HYUNDAI FC,Normal Goal,1506942.0
19/04/2026,K League 1,2026/2027,ULSAN HYUNDAI FC,GWANGJU FC,20,1P,Shin Chang-Moo,Ahn Hyeok-Ju,,GWANGJU FC,Normal Goal,1506942.0
19/04/2026,K League 1,2026/2027,ULSAN HYUNDAI FC,GWANGJU FC,27,1P,Marcao,Lee Gyu-Seong,,ULSAN HYUNDAI FC,Normal Goal,1506942.0
19/04/2026,K League 1,2026/2027,ULSAN HYUNDAI FC,GWANGJU FC,57,2P,Marcao,,,ULSAN HYUNDAI FC,Penalty,1506942.0
19/04/2026,K League 1,2026/2027,ULSAN HYUNDAI FC,GWANGJU FC,90,2P,Heo Yool,Lee Min-Hyuk,,ULSAN HYUNDAI FC,Normal Goal,1506942.0
19/04/2026,K League 1,2026/2027,ULSAN HYUNDAI FC,GWANGJU FC,90,2P,Lee Dong-Gyeong,,,ULSAN HYUNDAI FC,Penalty,1506942.0
19/04/2026,K League 1,2026/2027,POHANG STEELERS,FC ANYANG,68,2P,Choi Geon-Joo,Kim Un,,FC ANYANG,Normal Goal,1506943.0
21/04/2026,K League 1,2026/2027,JEONBUK MOTORS,INCHEON UNITED,13,1P,Cho Wi-Je,Kang Sang-Yoon,,JEONBUK MOTORS,Normal Goal,1506945.0
21/04/2026,K League 1,2026/2027,JEONBUK MOTORS,INCHEON UNITED,40,1P,Lee Myoung-Joo,,,INCHEON UNITED,Penalty,1506945.0
21/04/2026,K League 1,2026/2027,JEONBUK MOTORS,INCHEON UNITED,59,2P,Lee Dong-Ryul,Choi Seung-gu,,INCHEON UNITED,Normal Goal,1506945.0
21/04/2026,K League 1,2026/2027,FC SEOUL,BUCHEON FC 1995,31,1P,P. Klimala,,,FC SEOUL,Penalty,1506946.0
21/04/2026,K League 1,2026/2027,FC SEOUL,BUCHEON FC 1995,45,1P,Moon Seon-Min,Hwang Do-Yun,,FC SEOUL,Normal Goal,1506946.0
21/04/2026,K League 1,2026/2027,FC SEOUL,BUCHEON FC 1995,68,2P,Hwang Do-Yun,,,FC SEOUL,Normal Goal,1506946.0
21/04/2026,K League 1,2026/2027,GIMCHEON SANGMU FC,GANGWON FC,36,1P,Kim Dae-Won,,,GANGWON FC,Normal Goal,1506944.0
21/04/2026,K League 1,2026/2027,GIMCHEON SANGMU FC,GANGWON FC,45,1P,Kim Dae-Won,,,GANGWON FC,Penalty,1506944.0
21/04/2026,K League 1,2026/2027,GIMCHEON SANGMU FC,GANGWON FC,83,2P,A. Hleihel,Kim Dae-Won,,GANGWON FC,Normal Goal,1506944.0
22/04/2026,K League 1,2026/2027,FC ANYANG,ULSAN HYUNDAI FC,4,1P,Airton Moises,Matheus Oliveira,,FC ANYANG,Normal Goal,1506947.0
22/04/2026,K League 1,2026/2027,FC ANYANG,ULSAN HYUNDAI FC,82,2P,Heo Yool,Lee Jin-Hyun,,ULSAN HYUNDAI FC,Normal Goal,1506947.0
22/04/2026,K League 1,2026/2027,DAEJEON CITIZEN,JEJU UNITED FC,44,1P,Park Chang-Jun,Kwon Chang-Hoon,,JEJU UNITED FC,Normal Goal,1506948.0
22/04/2026,K League 1,2026/2027,POHANG STEELERS,GWANGJU FC,4,1P,Lee Ho-Jae,,,POHANG STEELERS,Normal Goal,1506949.0
02/05/2026,K League 1,2026/2027,FC SEOUL,GIMCHEON SANGMU FC,30,1P,Go Jae-Hyeon,M. Kang,,GIMCHEON SANGMU FC,Normal Goal,1506956.0
02/05/2026,K League 1,2026/2027,FC SEOUL,GIMCHEON SANGMU FC,37,1P,Y. Al Arab,Kim Jin-Su,,FC SEOUL,Normal Goal,1506956.0
02/05/2026,K League 1,2026/2027,FC SEOUL,GIMCHEON SANGMU FC,60,2P,H. Babec,,,FC SEOUL,Normal Goal,1506956.0
02/05/2026,K League 1,2026/2027,FC SEOUL,GIMCHEON SANGMU FC,71,2P,T. Park,,,GIMCHEON SANGMU FC,Normal Goal,1506956.0
02/05/2026,K League 1,2026/2027,FC SEOUL,GIMCHEON SANGMU FC,80,2P,Kim In-Gyun,Lee Jung-Taek,,GIMCHEON SANGMU FC,Normal Goal,1506956.0
02/05/2026,K League 1,2026/2027,ULSAN HYUNDAI FC,POHANG STEELERS,90,2P,Cho Sang-Hyeok,Eo Jeong-Won,,POHANG STEELERS,Normal Goal,1506957.0
02/05/2026,K League 1,2026/2027,JEJU UNITED FC,JEONBUK MOTORS,37,1P,Kim Jin-gyu,Lee Dong-Jun,,JEONBUK MOTORS,Normal Goal,1506959.0
02/05/2026,K League 1,2026/2027,JEJU UNITED FC,JEONBUK MOTORS,90,2P,Tiago Orobo,Kang Sang-Yoon,,JEONBUK MOTORS,Normal Goal,1506959.0
02/05/2026,K League 1,2026/2027,INCHEON UNITED,GANGWON FC,44,1P,Kim Dae-Won,Kang Joon-Hyuck,,GANGWON FC,Normal Goal,1506958.0
02/05/2026,K League 1,2026/2027,FC ANYANG,BUCHEON FC 1995,71,2P,Vitor Gabriel,Rodrigo Bassani,,BUCHEON FC 1995,Normal Goal,1506960.0
02/05/2026,K League 1,2026/2027,GWANGJU FC,DAEJEON CITIZEN,7,1P,Diogo Oliveira,G. Ludwigson,,DAEJEON CITIZEN,Normal Goal,1506961.0
02/05/2026,K League 1,2026/2027,GWANGJU FC,DAEJEON CITIZEN,32,1P,Jeong Jae-Hee,,,DAEJEON CITIZEN,Normal Goal,1506961.0
02/05/2026,K League 1,2026/2027,GWANGJU FC,DAEJEON CITIZEN,52,2P,Kim Jun-Beom,,,DAEJEON CITIZEN,Normal Goal,1506961.0
02/05/2026,K League 1,2026/2027,GWANGJU FC,DAEJEON CITIZEN,54,2P,Jeong Jae-Hee,,,DAEJEON CITIZEN,Normal Goal,1506961.0
02/05/2026,K League 1,2026/2027,GWANGJU FC,DAEJEON CITIZEN,61,2P,Joo Min-Kyu,Seo Jin-Su,,DAEJEON CITIZEN,Normal Goal,1506961.0
05/05/2026,K League 1,2026/2027,BUCHEON FC 1995,JEJU UNITED FC,75,2P,Nam Tae-Hee,Kim Ryun-sung,,JEJU UNITED FC,Normal Goal,1506962.0
05/05/2026,K League 1,2026/2027,JEONBUK MOTORS,GWANGJU FC,43,1P,Oberdan,,,JEONBUK MOTORS,Normal Goal,1506963.0
05/05/2026,K League 1,2026/2027,JEONBUK MOTORS,GWANGJU FC,50,2P,Kim Seung-Sub,Oberdan,,JEONBUK MOTORS,Normal Goal,1506963.0
05/05/2026,K League 1,2026/2027,JEONBUK MOTORS,GWANGJU FC,87,2P,Tiago Orobo,Lee Yeong-Jae,,JEONBUK MOTORS,Normal Goal,1506963.0
05/05/2026,K League 1,2026/2027,JEONBUK MOTORS,GWANGJU FC,90,2P,Lee Seung-Woo,,,JEONBUK MOTORS,Penalty,1506963.0
05/05/2026,K League 1,2026/2027,GANGWON FC,POHANG STEELERS,19,1P,Jeong-won Eo,,,POHANG STEELERS,Missed Penalty,1506965.0
05/05/2026,K League 1,2026/2027,GANGWON FC,POHANG STEELERS,69,2P,A. Hleihel,Mo Jae-Hyeon,,GANGWON FC,Normal Goal,1506965.0
05/05/2026,K League 1,2026/2027,GANGWON FC,POHANG STEELERS,81,2P,Cho Sang-Hyeok,Ki Sung-Yueng,,POHANG STEELERS,Normal Goal,1506965.0
05/05/2026,K League 1,2026/2027,GIMCHEON SANGMU FC,ULSAN HYUNDAI FC,40,1P,Marcao,Kang Sang-Woo,,ULSAN HYUNDAI FC,Normal Goal,1506966.0
05/05/2026,K League 1,2026/2027,GIMCHEON SANGMU FC,ULSAN HYUNDAI FC,62,2P,Yago Cariello,Seo Myung-Guan,,ULSAN HYUNDAI FC,Normal Goal,1506966.0
05/05/2026,K League 1,2026/2027,GIMCHEON SANGMU FC,ULSAN HYUNDAI FC,75,2P,G. Lee,Lee Sang-Heon,,GIMCHEON SANGMU FC,Normal Goal,1506966.0
09/05/2026,K League 1,2026/2027,GWANGJU FC,GANGWON FC,22,1P,Kim Gun-hee,,,GANGWON FC,Missed Penalty,1506970.0
09/05/2026,K League 1,2026/2027,GIMCHEON SANGMU FC,INCHEON UNITED,27,1P,Baek Jong-beom,,,INCHEON UNITED,Own Goal,1506969.0
09/05/2026,K League 1,2026/2027,GIMCHEON SANGMU FC,INCHEON UNITED,45,1P,Lee Dong-Ryul,,,INCHEON UNITED,Normal Goal,1506969.0
09/05/2026,K League 1,2026/2027,GIMCHEON SANGMU FC,INCHEON UNITED,52,2P,M. Ferrier,,,INCHEON UNITED,Normal Goal,1506969.0
12/05/2026,K League 1,2026/2027,GANGWON FC,DAEJEON CITIZEN,87,2P,A. Hleihel,Mo Jae-Hyeon,,GANGWON FC,Normal Goal,1506974.0
12/05/2026,K League 1,2026/2027,GANGWON FC,DAEJEON CITIZEN,89,2P,Kim Dae-Won,Kim Gun-Hee,,GANGWON FC,Normal Goal,1506974.0
12/05/2026,K League 1,2026/2027,GWANGJU FC,FC SEOUL,49,2P,L. Ruiz,Song Min-Kyu,,FC SEOUL,Normal Goal,1506975.0
12/05/2026,K League 1,2026/2027,INCHEON UNITED,POHANG STEELERS,42,1P,Lee Ho-Jae,,,POHANG STEELERS,Penalty,1506976.0
13/05/2026,K League 1,2026/2027,FC ANYANG,GIMCHEON SANGMU FC,1,1P,Choi Geon-Joo,,,FC ANYANG,Normal Goal,1506977.0
13/05/2026,K League 1,2026/2027,FC ANYANG,GIMCHEON SANGMU FC,64,2P,G. Lee,,,GIMCHEON SANGMU FC,Normal Goal,1506977.0
13/05/2026,K League 1,2026/2027,FC ANYANG,GIMCHEON SANGMU FC,70,2P,Kim Joo-Chan,Park Cheol-Woo,,GIMCHEON SANGMU FC,Normal Goal,1506977.0
13/05/2026,K League 1,2026/2027,FC ANYANG,GIMCHEON SANGMU FC,76,2P,Airton Moises,,,FC ANYANG,Normal Goal,1506977.0
13/05/2026,K League 1,2026/2027,ULSAN HYUNDAI FC,JEJU UNITED FC,17,1P,Lee Dong-Gyeong,D. Bojanic,,ULSAN HYUNDAI FC,Normal Goal,1506979.0
13/05/2026,K League 1,2026/2027,ULSAN HYUNDAI FC,JEJU UNITED FC,32,1P,M. Trojak,,,ULSAN HYUNDAI FC,Normal Goal,1506979.0
13/05/2026,K League 1,2026/2027,ULSAN HYUNDAI FC,JEJU UNITED FC,88,2P,Emerson Negueba,,,JEJU UNITED FC,Normal Goal,1506979.0
04/07/2026,K League 1,2026/2027,FC ANYANG,POHANG STEELERS,2,1P,Wanderson,Kim Dong-Jin,,POHANG STEELERS,Normal Goal,1506986.0
04/07/2026,K League 1,2026/2027,FC ANYANG,POHANG STEELERS,45,1P,Matheus Oliveira,,,FC ANYANG,Normal Goal,1506986.0
04/07/2026,K League 1,2026/2027,FC ANYANG,POHANG STEELERS,71,2P,Wanderson,Kim Dong-Jin,,POHANG STEELERS,Normal Goal,1506986.0
04/07/2026,K League 1,2026/2027,FC ANYANG,POHANG STEELERS,75,2P,Lee Tae-Hee,Kim Un,,FC ANYANG,Normal Goal,1506986.0
04/07/2026,K League 1,2026/2027,FC ANYANG,POHANG STEELERS,76,2P,Lee Ho-Jae,Wanderson,,POHANG STEELERS,Normal Goal,1506986.0
04/07/2026,K League 1,2026/2027,DAEJEON CITIZEN,BUCHEON FC 1995,51,2P,Joo Min-Kyu,G. Ludwigson,,DAEJEON CITIZEN,Normal Goal,1506987.0
04/07/2026,K League 1,2026/2027,DAEJEON CITIZEN,BUCHEON FC 1995,54,2P,An Tae-Hyun,,,BUCHEON FC 1995,Normal Goal,1506987.0
04/07/2026,K League 1,2026/2027,DAEJEON CITIZEN,BUCHEON FC 1995,59,2P,Vitor Gabriel,K. Takahashi,,BUCHEON FC 1995,Normal Goal,1506987.0
04/07/2026,K League 1,2026/2027,DAEJEON CITIZEN,BUCHEON FC 1995,82,2P,Seo Jin-Su,Diogo Oliveira,,DAEJEON CITIZEN,Normal Goal,1506987.0
04/07/2026,K League 1,2026/2027,JEONBUK MOTORS,GANGWON FC,25,1P,Song Jun-Seok,,,GANGWON FC,Normal Goal,1506988.0
04/07/2026,K League 1,2026/2027,JEONBUK MOTORS,GANGWON FC,53,2P,Lee You-Hyeon,Mo Jae-Hyeon,,GANGWON FC,Normal Goal,1506988.0
04/07/2026,K League 1,2026/2027,JEONBUK MOTORS,GANGWON FC,74,2P,Lee Seung-Woo,,,JEONBUK MOTORS,Normal Goal,1506988.0
05/07/2026,K League 1,2026/2027,GWANGJU FC,ULSAN HYUNDAI FC,54,2P,Yago Cariello,,,ULSAN HYUNDAI FC,Normal Goal,1506990.0
05/07/2026,K League 1,2026/2027,GWANGJU FC,ULSAN HYUNDAI FC,64,2P,Moon Min-seo,Joung Ji-hun,,GWANGJU FC,Normal Goal,1506990.0
05/07/2026,K League 1,2026/2027,FC SEOUL,INCHEON UNITED,81,2P,Jeong Seung-Won,J. Son,,FC SEOUL,Normal Goal,1506991.0
05/07/2026,K League 1,2026/2027,GIMCHEON SANGMU FC,JEJU UNITED FC,69,2P,Park Cheol-Woo,,,GIMCHEON SANGMU FC,Normal Goal,1506989.0
05/07/2026,K League 1,2026/2027,GIMCHEON SANGMU FC,JEJU UNITED FC,73,2P,T. Figueiredo,Oh Jae-Hyeok,,JEJU UNITED FC,Normal Goal,1506989.0
18/07/2026,K League 1,2026/2027,GANGWON FC,GIMCHEON SANGMU FC,22,1P,Kim Dae-Won,,,GANGWON FC,Normal Goal,1506999.0
18/07/2026,K League 1,2026/2027,GANGWON FC,GIMCHEON SANGMU FC,42,1P,Kim Dae-Won,Lee You-Hyeon,,GANGWON FC,Normal Goal,1506999.0
18/07/2026,K League 1,2026/2027,DAEJEON CITIZEN,ULSAN HYUNDAI FC,11,1P,Ha Chang-Rae,Lee Myung-Jae,,DAEJEON CITIZEN,Normal Goal,1506998.0
18/07/2026,K League 1,2026/2027,DAEJEON CITIZEN,ULSAN HYUNDAI FC,24,1P,Seo Jin-Su,Kang Yun-Sung,,DAEJEON CITIZEN,Normal Goal,1506998.0
18/07/2026,K League 1,2026/2027,DAEJEON CITIZEN,ULSAN HYUNDAI FC,44,1P,Choi Seok-Hyun,Lee Dong-Gyeong,,ULSAN HYUNDAI FC,Normal Goal,1506998.0
18/07/2026,K League 1,2026/2027,DAEJEON CITIZEN,ULSAN HYUNDAI FC,67,2P,Choi Seok-Hyun,,,ULSAN HYUNDAI FC,Normal Goal,1506998.0
18/07/2026,K League 1,2026/2027,JEJU UNITED FC,POHANG STEELERS,38,1P,J. Tranziska,,,POHANG STEELERS,Normal Goal,1507001.0
18/07/2026,K League 1,2026/2027,JEJU UNITED FC,POHANG STEELERS,78,2P,Kim Shin-Jin,Yu In-Soo,,JEJU UNITED FC,Normal Goal,1507001.0
18/07/2026,K League 1,2026/2027,JEJU UNITED FC,POHANG STEELERS,82,2P,Italo,Lee Chang-Min,,JEJU UNITED FC,Normal Goal,1507001.0
18/07/2026,K League 1,2026/2027,INCHEON UNITED,JEONBUK MOTORS,44,1P,Gerso,,,INCHEON UNITED,Normal Goal,1507000.0
19/07/2026,K League 1,2026/2027,BUCHEON FC 1995,FC SEOUL,42,1P,Cho Young-Wook,,,FC SEOUL,Normal Goal,1507003.0
19/07/2026,K League 1,2026/2027,BUCHEON FC 1995,FC SEOUL,54,2P,Jeong Seung-Won,P. Klimala,,FC SEOUL,Normal Goal,1507003.0
19/07/2026,K League 1,2026/2027,BUCHEON FC 1995,FC SEOUL,63,2P,Kim Sang-Jun,Rodrigo Bassani,,BUCHEON FC 1995,Normal Goal,1507003.0
19/07/2026,K League 1,2026/2027,BUCHEON FC 1995,FC SEOUL,90,2P,P. Klimala,Anderson Oliveira,,FC SEOUL,Normal Goal,1507003.0
19/07/2026,K League 1,2026/2027,FC ANYANG,GWANGJU FC,57,2P,Matheus Oliveira,,,FC ANYANG,Penalty,1507002.0
19/07/2026,K League 1,2026/2027,FC ANYANG,GWANGJU FC,90,2P,Moon Min-seo,J. Iredale,,GWANGJU FC,Normal Goal,1507002.0
22/07/2026,K League 1,2026/2027,BUCHEON FC 1995,FC ANYANG,20,1P,Choi Geon-Joo,Breno Herculano,,FC ANYANG,Normal Goal,1507007.0
22/07/2026,K League 1,2026/2027,BUCHEON FC 1995,FC ANYANG,41,1P,Vitor Gabriel,Rodrigo Bassani,,BUCHEON FC 1995,Normal Goal,1507007.0
22/07/2026,K League 1,2026/2027,BUCHEON FC 1995,FC ANYANG,51,2P,Matheus Oliveira,,,FC ANYANG,Normal Goal,1507007.0
22/07/2026,K League 1,2026/2027,BUCHEON FC 1995,FC ANYANG,60,2P,Kang Ji-hun,Matheus Oliveira,,FC ANYANG,Normal Goal,1507007.0
22/07/2026,K League 1,2026/2027,BUCHEON FC 1995,FC ANYANG,70,2P,Galego,J. Lee,,BUCHEON FC 1995,Normal Goal,1507007.0
22/07/2026,K League 1,2026/2027,GWANGJU FC,GIMCHEON SANGMU FC,5,1P,J. Iredale,Moon Min-seo,,GWANGJU FC,Normal Goal,1507008.0
22/07/2026,K League 1,2026/2027,GWANGJU FC,GIMCHEON SANGMU FC,7,1P,Go Jae-Hyeon,Jung Jae-Min,,GIMCHEON SANGMU FC,Normal Goal,1507008.0
22/07/2026,K League 1,2026/2027,FC SEOUL,POHANG STEELERS,36,1P,P. Klimala,Anderson Oliveira,,FC SEOUL,Normal Goal,1507009.0
22/07/2026,K League 1,2026/2027,FC SEOUL,POHANG STEELERS,56,2P,J. Ros,,,POHANG STEELERS,Own Goal,1507009.0
22/07/2026,K League 1,2026/2027,FC SEOUL,POHANG STEELERS,69,2P,Jeong Seung-Won,Moon Seon-Min,,FC SEOUL,Normal Goal,1507009.0
22/07/2026,K League 1,2026/2027,FC SEOUL,POHANG STEELERS,88,2P,Jeong Seung-Won,Lee Seung-Mo,,FC SEOUL,Normal Goal,1507009.0
26/07/2026,K League 1,2026/2027,FC ANYANG,GANGWON FC,3,1P,Choi Geon-Joo,I. Jukic,,FC ANYANG,Normal Goal,1507012.0
26/07/2026,K League 1,2026/2027,FC ANYANG,GANGWON FC,36,1P,Breno Herculano,I. Jukic,,FC ANYANG,Normal Goal,1507012.0
26/07/2026,K League 1,2026/2027,FC ANYANG,GANGWON FC,90,2P,A. Hleihel,Kim Dae-Won,,GANGWON FC,Normal Goal,1507012.0
26/07/2026,K League 1,2026/2027,GWANGJU FC,JEJU UNITED FC,10,1P,Joung Ji-hun,,,GWANGJU FC,Normal Goal,1507013.0
26/07/2026,K League 1,2026/2027,GWANGJU FC,JEJU UNITED FC,40,1P,Oh Jae-Hyeok,Italo,,JEJU UNITED FC,Normal Goal,1507013.0
26/07/2026,K League 1,2026/2027,GWANGJU FC,JEJU UNITED FC,90,2P,Kwon Gi-min,Choi Byung-wook,,JEJU UNITED FC,Normal Goal,1507013.0
26/07/2026,K League 1,2026/2027,INCHEON UNITED,BUCHEON FC 1995,45,1P,Ibiza,,,BUCHEON FC 1995,Own Goal,1507014.0
26/07/2026,K League 1,2026/2027,INCHEON UNITED,BUCHEON FC 1995,84,2P,M. Ferrier,Jeong Chi-In,,INCHEON UNITED,Normal Goal,1507014.0
26/07/2026,K League 1,2026/2027,FC SEOUL,ULSAN HYUNDAI FC,5,1P,Erick Farias,Lee Dong-Gyeong,,ULSAN HYUNDAI FC,Normal Goal,1507015.0
26/07/2026,K League 1,2026/2027,FC SEOUL,ULSAN HYUNDAI FC,13,1P,Lee Dong-Gyeong,Erick Farias,,ULSAN HYUNDAI FC,Normal Goal,1507015.0
26/07/2026,K League 1,2026/2027,FC SEOUL,ULSAN HYUNDAI FC,61,2P,Jeong Seung-Won,Moon Seon-Min,,FC SEOUL,Normal Goal,1507015.0
26/07/2026,K League 1,2026/2027,FC SEOUL,ULSAN HYUNDAI FC,90,2P,Yago Cariello,Jo Hyeon-Woo,,ULSAN HYUNDAI FC,Normal Goal,1507015.0
02/08/2026,K League 1,2026/2027,DAEJEON CITIZEN,GWANGJU FC,75,2P,G. Ludwigson,,,DAEJEON CITIZEN,Normal Goal,1507019.0
02/08/2026,K League 1,2026/2027,DAEJEON CITIZEN,GWANGJU FC,90,2P,Um Won-Sang,Diogo Oliveira,,DAEJEON CITIZEN,Normal Goal,1507019.0
02/08/2026,K League 1,2026/2027,JEJU UNITED FC,INCHEON UNITED,12,1P,Kim Shin-Jin,Emerson Negueba,,JEJU UNITED FC,Normal Goal,1507020.0
02/08/2026,K League 1,2026/2027,JEJU UNITED FC,INCHEON UNITED,34,1P,Kim Gun-Hee,Lee Ju-Yong,,INCHEON UNITED,Normal Goal,1507020.0
02/08/2026,K League 1,2026/2027,JEJU UNITED FC,INCHEON UNITED,37,1P,Kim Gun-Hee,Lee Ju-Yong,,INCHEON UNITED,Normal Goal,1507020.0
02/08/2026,K League 1,2026/2027,JEJU UNITED FC,INCHEON UNITED,45,1P,T. Figueiredo,Oh Jae-Hyeok,,JEJU UNITED FC,Normal Goal,1507020.0
02/08/2026,K League 1,2026/2027,JEJU UNITED FC,INCHEON UNITED,56,2P,Matheus Aias,Kim Jun-ha,,JEJU UNITED FC,Normal Goal,1507020.0
02/08/2026,K League 1,2026/2027,JEJU UNITED FC,INCHEON UNITED,62,2P,Lee Ju-Yong,Lee Chung-Yong,,INCHEON UNITED,Normal Goal,1507020.0
02/08/2026,K League 1,2026/2027,ULSAN HYUNDAI FC,FC ANYANG,56,2P,Matheus Oliveira,I. Jukic,,FC ANYANG,Normal Goal,1507021.0
02/08/2026,K League 1,2026/2027,ULSAN HYUNDAI FC,FC ANYANG,63,2P,Yago Cariello,,,ULSAN HYUNDAI FC,Penalty,1507021.0
02/08/2026,K League 1,2026/2027,ULSAN HYUNDAI FC,FC ANYANG,73,2P,Lee Dong-Gyeong,,,ULSAN HYUNDAI FC,Normal Goal,1507021.0
02/08/2026,K League 1,2026/2027,ULSAN HYUNDAI FC,FC ANYANG,77,2P,Lee Dong-Gyeong,,,ULSAN HYUNDAI FC,Normal Goal,1507021.0
02/08/2026,K League 1,2026/2027,ULSAN HYUNDAI FC,FC ANYANG,90,2P,Matheus Oliveira,,,FC ANYANG,Missed Penalty,1507021.0
08/08/2026,K League 1,2026/2027,FC ANYANG,DAEJEON CITIZEN,17,1P,Joo Min-Kyu,,,DAEJEON CITIZEN,Normal Goal,1507022.0
08/08/2026,K League 1,2026/2027,FC ANYANG,DAEJEON CITIZEN,40,1P,A. Krivotsyuk,Lee Myung-Jae,,DAEJEON CITIZEN,Normal Goal,1507022.0
08/08/2026,K League 1,2026/2027,FC ANYANG,DAEJEON CITIZEN,61,2P,Lee Chang-Yong,I. Jukic,,FC ANYANG,Normal Goal,1507022.0
08/08/2026,K League 1,2026/2027,JEONBUK MOTORS,JEJU UNITED FC,23,1P,Emerson Negueba,,,JEJU UNITED FC,Penalty,1507026.0
08/08/2026,K League 1,2026/2027,JEONBUK MOTORS,JEJU UNITED FC,58,2P,Lee Seung-Woo,Lee Dong-Jun,,JEONBUK MOTORS,Normal Goal,1507026.0
08/08/2026,K League 1,2026/2027,JEONBUK MOTORS,JEJU UNITED FC,70,2P,Emerson Negueba,Matheus Aias,,JEJU UNITED FC,Normal Goal,1507026.0
08/08/2026,K League 1,2026/2027,JEONBUK MOTORS,JEJU UNITED FC,90,2P,Emerson Negueba,Matheus Aias,,JEJU UNITED FC,Normal Goal,1507026.0
08/08/2026,K League 1,2026/2027,POHANG STEELERS,ULSAN HYUNDAI FC,65,2P,Seo Myung-Guan,Lee Dong-Gyeong,,ULSAN HYUNDAI FC,Normal Goal,1507027.0
08/08/2026,K League 1,2026/2027,POHANG STEELERS,ULSAN HYUNDAI FC,67,2P,Yago Cariello,Lee Gyu-Seong,,ULSAN HYUNDAI FC,Normal Goal,1507027.0
15/08/2026,K League 1,2026/2027,GWANGJU FC,POHANG STEELERS,38,1P,J. Tranziska,Park Chan-Yong,,POHANG STEELERS,Normal Goal,1507028.0
15/08/2026,K League 1,2026/2027,GWANGJU FC,POHANG STEELERS,84,2P,J. Iredale,Kim Woo-jin,,GWANGJU FC,Normal Goal,1507028.0
15/08/2026,K League 1,2026/2027,GWANGJU FC,POHANG STEELERS,90,2P,Wanderson,Won Ki-Jong,,POHANG STEELERS,Normal Goal,1507028.0
15/08/2026,K League 1,2026/2027,JEJU UNITED FC,FC ANYANG,45,1P,Shin Sang-Eun,Italo,,JEJU UNITED FC,Normal Goal,1507029.0
15/08/2026,K League 1,2026/2027,JEJU UNITED FC,FC ANYANG,51,2P,Yu In-Soo,,,JEJU UNITED FC,Normal Goal,1507029.0
15/08/2026,K League 1,2026/2027,FC SEOUL,DAEJEON CITIZEN,38,1P,Joo Min-Kyu,Kang Yun-Sung,,DAEJEON CITIZEN,Normal Goal,1507030.0
15/08/2026,K League 1,2026/2027,FC SEOUL,DAEJEON CITIZEN,48,2P,P. Klimala,,,FC SEOUL,Normal Goal,1507030.0
15/08/2026,K League 1,2026/2027,FC SEOUL,DAEJEON CITIZEN,62,2P,Kim Jin-Su,,,DAEJEON CITIZEN,Own Goal,1507030.0
15/08/2026,K League 1,2026/2027,FC SEOUL,DAEJEON CITIZEN,81,2P,Song Min-Kyu,,,FC SEOUL,Normal Goal,1507030.0
15/08/2026,K League 1,2026/2027,FC SEOUL,DAEJEON CITIZEN,83,2P,Song Min-Kyu,Moon Seon-Min,,FC SEOUL,Normal Goal,1507030.0
15/08/2026,K League 1,2026/2027,FC SEOUL,DAEJEON CITIZEN,90,2P,Jeong Seung-Won,Song Min-Kyu,,FC SEOUL,Normal Goal,1507030.0
16/08/2026,K League 1,2026/2027,BUCHEON FC 1995,JEONBUK MOTORS,9,1P,S. Ye-Geon,Galego,,BUCHEON FC 1995,Normal Goal,1507031.0
16/08/2026,K League 1,2026/2027,BUCHEON FC 1995,JEONBUK MOTORS,14,1P,Kim Jong-Woo,Thiaguinho Santos,,BUCHEON FC 1995,Normal Goal,1507031.0
16/08/2026,K League 1,2026/2027,BUCHEON FC 1995,JEONBUK MOTORS,55,2P,Galego,Gustavo Nescau,,BUCHEON FC 1995,Normal Goal,1507031.0
16/08/2026,K League 1,2026/2027,BUCHEON FC 1995,JEONBUK MOTORS,59,2P,Choi Woo-Jin,,,JEONBUK MOTORS,Normal Goal,1507031.0
16/08/2026,K League 1,2026/2027,BUCHEON FC 1995,JEONBUK MOTORS,79,2P,Park Ji-Su,Lee Yeong-Jae,,JEONBUK MOTORS,Normal Goal,1507031.0
16/08/2026,K League 1,2026/2027,INCHEON UNITED,GIMCHEON SANGMU FC,66,2P,S. Mugosa,M. Ferrier,,INCHEON UNITED,Normal Goal,1507032.0
16/08/2026,K League 1,2026/2027,INCHEON UNITED,GIMCHEON SANGMU FC,87,2P,Park Se-Jin,Park Cheol-Woo,,GIMCHEON SANGMU FC,Normal Goal,1507032.0
16/08/2026,K League 1,2026/2027,ULSAN HYUNDAI FC,GANGWON FC,15,1P,Kim Young-Gwon,Lee Dong-Gyeong,,ULSAN HYUNDAI FC,Normal Goal,1507033.0
16/08/2026,K League 1,2026/2027,ULSAN HYUNDAI FC,GANGWON FC,35,1P,J. Sekidika,Lee You-Hyeon,,GANGWON FC,Normal Goal,1507033.0
16/08/2026,K League 1,2026/2027,ULSAN HYUNDAI FC,GANGWON FC,43,1P,Kim Young-Gwon,,,GANGWON FC,Own Goal,1507033.0
16/08/2026,K League 1,2026/2027,ULSAN HYUNDAI FC,GANGWON FC,55,2P,Jung Seung-Hyun,,,ULSAN HYUNDAI FC,Normal Goal,1507033.0
16/08/2026,K League 1,2026/2027,ULSAN HYUNDAI FC,GANGWON FC,82,2P,Kim Dong-Hyun,Kim Dae-Won,,GANGWON FC,Normal Goal,1507033.0
22/08/2026,K League 1,2026/2027,BUCHEON FC 1995,POHANG STEELERS,16,1P,Galego,Vitor Gabriel,,BUCHEON FC 1995,Normal Goal,1507037.0
22/08/2026,K League 1,2026/2027,BUCHEON FC 1995,POHANG STEELERS,32,1P,Kim Dong-Jin,,,BUCHEON FC 1995,Own Goal,1507037.0
22/08/2026,K League 1,2026/2027,BUCHEON FC 1995,POHANG STEELERS,89,2P,Kim Sang-Jun,An Tae-Hyun,,BUCHEON FC 1995,Normal Goal,1507037.0
22/08/2026,K League 1,2026/2027,FC ANYANG,FC SEOUL,7,1P,Moon Seon-Min,Jeong Seung-Won,,FC SEOUL,Normal Goal,1507034.0
22/08/2026,K League 1,2026/2027,FC ANYANG,FC SEOUL,13,1P,H. Babec,Jeong Seung-Won,,FC SEOUL,Normal Goal,1507034.0
22/08/2026,K League 1,2026/2027,FC ANYANG,FC SEOUL,31,1P,Moon Seon-Min,,,FC SEOUL,Normal Goal,1507034.0
22/08/2026,K League 1,2026/2027,FC ANYANG,FC SEOUL,35,1P,P. Klimala,Anderson Oliveira,,FC SEOUL,Normal Goal,1507034.0
22/08/2026,K League 1,2026/2027,FC ANYANG,FC SEOUL,44,1P,Anderson Oliveira,P. Klimala,,FC SEOUL,Normal Goal,1507034.0
22/08/2026,K League 1,2026/2027,FC ANYANG,FC SEOUL,53,2P,Jeong Seung-Won,,,FC SEOUL,Normal Goal,1507034.0
22/08/2026,K League 1,2026/2027,FC ANYANG,FC SEOUL,58,2P,Lee Seung-Mo,Kim Jin-Su,,FC SEOUL,Normal Goal,1507034.0
22/08/2026,K League 1,2026/2027,JEONBUK MOTORS,ULSAN HYUNDAI FC,55,2P,Bruno Mota,,,JEONBUK MOTORS,Normal Goal,1507036.0
23/08/2026,K League 1,2026/2027,DAEJEON CITIZEN,GANGWON FC,47,2P,G. Ludwigson,M. Ishida,,DAEJEON CITIZEN,Normal Goal,1507038.0
23/08/2026,K League 1,2026/2027,DAEJEON CITIZEN,GANGWON FC,56,2P,Joo Min-Kyu,G. Ludwigson,,DAEJEON CITIZEN,Normal Goal,1507038.0
23/08/2026,K League 1,2026/2027,DAEJEON CITIZEN,GANGWON FC,66,2P,Jeong Jae-Hee,Lee Myung-Jae,,DAEJEON CITIZEN,Normal Goal,1507038.0
23/08/2026,K League 1,2026/2027,GWANGJU FC,INCHEON UNITED,90,2P,S. Mugosa,,,INCHEON UNITED,Penalty,1507039.0
25/08/2026,K League 1,2026/2027,JEJU UNITED FC,POHANG STEELERS,15,1P,Won Ki-Jong,Hwang Seo-Woong,,POHANG STEELERS,Normal Goal,1507041.0
25/08/2026,K League 1,2026/2027,JEJU UNITED FC,POHANG STEELERS,49,2P,K. Nishiya,Kim Dong-Jin,,POHANG STEELERS,Normal Goal,1507041.0
25/08/2026,K League 1,2026/2027,JEJU UNITED FC,POHANG STEELERS,90,2P,J. Celestine,Park Min-jae,,JEJU UNITED FC,Normal Goal,1507041.0
25/08/2026,K League 1,2026/2027,FC SEOUL,BUCHEON FC 1995,49,2P,P. Klimala,,,FC SEOUL,Normal Goal,1507042.0
26/08/2026,K League 1,2026/2027,GANGWON FC,GWANGJU FC,5,1P,Moon Min-seo,A. Ba Loua,,GWANGJU FC,Normal Goal,1507045.0
26/08/2026,K League 1,2026/2027,GANGWON FC,GWANGJU FC,45,1P,Moon Min-seo,,,GWANGJU FC,Penalty,1507045.0
26/08/2026,K League 1,2026/2027,GANGWON FC,GWANGJU FC,88,2P,M. Tuci,Kim Dae-Won,,GANGWON FC,Normal Goal,1507045.0
26/08/2026,K League 1,2026/2027,GANGWON FC,GWANGJU FC,89,2P,Kim Dong-Hyun,H. Park,,GANGWON FC,Normal Goal,1507045.0
26/08/2026,K League 1,2026/2027,FC ANYANG,INCHEON UNITED,40,1P,Lee Dong-Ryul,Kim Young-whan,,INCHEON UNITED,Normal Goal,1507043.0
26/08/2026,K League 1,2026/2027,FC ANYANG,INCHEON UNITED,45,1P,Matheus Oliveira,,,FC ANYANG,Normal Goal,1507043.0
26/08/2026,K League 1,2026/2027,FC ANYANG,INCHEON UNITED,84,2P,Matheus Oliveira,,,FC ANYANG,Normal Goal,1507043.0
26/08/2026,K League 1,2026/2027,DAEJEON CITIZEN,ULSAN HYUNDAI FC,49,2P,Lee Jin-Hyun,,,ULSAN HYUNDAI FC,Normal Goal,1507044.0
26/08/2026,K League 1,2026/2027,DAEJEON CITIZEN,ULSAN HYUNDAI FC,90,2P,Jeong Jae-Hee,G. Ludwigson,,DAEJEON CITIZEN,Normal Goal,1507044.0
26/08/2026,K League 1,2026/2027,DAEJEON CITIZEN,ULSAN HYUNDAI FC,90,2P,G. Ludwigson,Jeong Jae-Hee,,DAEJEON CITIZEN,Normal Goal,1507044.0
29/08/2026,K League 1,2026/2027,BUCHEON FC 1995,FC ANYANG,53,2P,Kim Jong-Woo,Rodrigo Bassani,,BUCHEON FC 1995,Normal Goal,1507046.0
29/08/2026,K League 1,2026/2027,BUCHEON FC 1995,FC ANYANG,70,2P,Airton,,,FC ANYANG,Normal Goal,1507046.0
29/08/2026,K League 1,2026/2027,ULSAN HYUNDAI FC,GIMCHEON SANGMU FC,14,1P,Lee Kun-hee,Hong Yun-sang,,GIMCHEON SANGMU FC,Normal Goal,1507047.0
29/08/2026,K League 1,2026/2027,ULSAN HYUNDAI FC,GIMCHEON SANGMU FC,44,1P,Yago Cariello Ribeiro,,,ULSAN HYUNDAI FC,Normal Goal,1507047.0
29/08/2026,K League 1,2026/2027,ULSAN HYUNDAI FC,GIMCHEON SANGMU FC,56,2P,Yago Cariello Ribeiro,,,ULSAN HYUNDAI FC,Missed Penalty,1507047.0
29/08/2026,K League 1,2026/2027,ULSAN HYUNDAI FC,GIMCHEON SANGMU FC,62,2P,Kang Sang-Woo,Lee Dong-gyeong,,ULSAN HYUNDAI FC,Normal Goal,1507047.0
29/08/2026,K League 1,2026/2027,ULSAN HYUNDAI FC,GIMCHEON SANGMU FC,75,2P,Yago Cariello Ribeiro,Thomas Oude Kotte,,ULSAN HYUNDAI FC,Normal Goal,1507047.0
29/08/2026,K League 1,2026/2027,ULSAN HYUNDAI FC,GIMCHEON SANGMU FC,90,2P,Kang Sang-Woo,,,ULSAN HYUNDAI FC,Missed Penalty,1507047.0
28/02/2026,K League 2,2026/2027,GIMHAE CITY,ANSAN GREENERS,42,1P,Lee Rae-Jun,,,GIMHAE CITY,Normal Goal,1510243.0
28/02/2026,K League 2,2026/2027,GIMHAE CITY,ANSAN GREENERS,68,2P,M. Obradovic,Kang Dong-Hyun,,ANSAN GREENERS,Normal Goal,1510243.0
28/02/2026,K League 2,2026/2027,GIMHAE CITY,ANSAN GREENERS,69,2P,Marlon,,,ANSAN GREENERS,Normal Goal,1510243.0
28/02/2026,K League 2,2026/2027,GIMHAE CITY,ANSAN GREENERS,88,2P,Jeong Hyun-woo,Park Jun-hyeok,,ANSAN GREENERS,Normal Goal,1510243.0
28/02/2026,K League 2,2026/2027,GIMHAE CITY,ANSAN GREENERS,90,2P,Jeong Hyun-woo,,,ANSAN GREENERS,Normal Goal,1510243.0
28/02/2026,K League 2,2026/2027,SUWON BLUEWINGS,SEOUL E-LAND FC,19,1P,Bak Jae-Yong,Gabriel Santos,,SEOUL E-LAND FC,Normal Goal,1510244.0
28/02/2026,K League 2,2026/2027,SUWON BLUEWINGS,SEOUL E-LAND FC,41,1P,Park Hyun-Bin,S. Ilyuchenko,,SUWON BLUEWINGS,Normal Goal,1510244.0
28/02/2026,K League 2,2026/2027,SUWON BLUEWINGS,SEOUL E-LAND FC,73,2P,Kang Hyun-Muk,Lee Geon-hee,,SUWON BLUEWINGS,Normal Goal,1510244.0
01/03/2026,K League 2,2026/2027,DAEGU FC,HWASEONG,9,1P,Park Dae-Hun,,,DAEGU FC,Normal Goal,1510246.0
01/03/2026,K League 2,2026/2027,CHEONGJU,SUWON CITY FC,4,1P,M. Garcia,,,CHEONGJU,Penalty,1510245.0
01/03/2026,K League 2,2026/2027,CHEONGJU,SUWON CITY FC,11,1P,Ha Jeong-woo,Matheus Frizzo,,SUWON CITY FC,Normal Goal,1510245.0
01/03/2026,K League 2,2026/2027,CHEONGJU,SUWON CITY FC,65,2P,Willyan,S. Lee,,SUWON CITY FC,Normal Goal,1510245.0
01/03/2026,K League 2,2026/2027,CHEONGJU,SUWON CITY FC,74,2P,Matheus Frizzo,,,SUWON CITY FC,Normal Goal,1510245.0
01/03/2026,K League 2,2026/2027,CHEONGJU,SUWON CITY FC,85,2P,Matheus Frizzo,S. Lee,,SUWON CITY FC,Normal Goal,1510245.0
01/03/2026,K League 2,2026/2027,YONGIN CITY,CHEONAN CITY,28,1P,Lee Dong-Hyeop,,,CHEONAN CITY,Normal Goal,1510247.0
01/03/2026,K League 2,2026/2027,YONGIN CITY,CHEONAN CITY,36,1P,Gabriel Tigrao,,,YONGIN CITY,Penalty,1510247.0
01/03/2026,K League 2,2026/2027,YONGIN CITY,CHEONAN CITY,50,2P,Bruno Lamas,,,CHEONAN CITY,Normal Goal,1510247.0
01/03/2026,K League 2,2026/2027,YONGIN CITY,CHEONAN CITY,82,2P,Gabriel Tigrao,,,YONGIN CITY,Penalty,1510247.0
01/03/2026,K League 2,2026/2027,GYEONGNAM FC,JEONNAM DRAGONS,39,1P,Ronan,Valdivia,,JEONNAM DRAGONS,Normal Goal,1510248.0
01/03/2026,K League 2,2026/2027,GYEONGNAM FC,JEONNAM DRAGONS,45,1P,Jeong Ji-Yong,Yoon Min-ho,,JEONNAM DRAGONS,Normal Goal,1510248.0
01/03/2026,K League 2,2026/2027,GYEONGNAM FC,JEONNAM DRAGONS,52,2P,Yoon Min-ho,Valdivia,,JEONNAM DRAGONS,Normal Goal,1510248.0
01/03/2026,K League 2,2026/2027,GYEONGNAM FC,JEONNAM DRAGONS,67,2P,Valdivia,,,JEONNAM DRAGONS,Penalty,1510248.0
01/03/2026,K League 2,2026/2027,GYEONGNAM FC,JEONNAM DRAGONS,85,2P,Cho Jin-Hyuk,Park Min-Seo,,GYEONGNAM FC,Normal Goal,1510248.0
02/03/2026,K League 2,2026/2027,ASAN MUGUNGHWA,PAJU CITIZEN,14,1P,Lee Joon-Suk,,,PAJU CITIZEN,Normal Goal,1510249.0
02/03/2026,K League 2,2026/2027,ASAN MUGUNGHWA,PAJU CITIZEN,45,1P,Kim Hye-seong,Son Jun-Ho,,ASAN MUGUNGHWA,Normal Goal,1510249.0
02/03/2026,K League 2,2026/2027,ASAN MUGUNGHWA,PAJU CITIZEN,57,2P,Kim Ju-Sung,,,ASAN MUGUNGHWA,Normal Goal,1510249.0
02/03/2026,K League 2,2026/2027,ASAN MUGUNGHWA,PAJU CITIZEN,70,2P,C. Lokolingoy,,,ASAN MUGUNGHWA,Penalty,1510249.0
02/03/2026,K League 2,2026/2027,ASAN MUGUNGHWA,PAJU CITIZEN,73,2P,D. Lee,Lee Jea-Ho,,PAJU CITIZEN,Normal Goal,1510249.0
02/03/2026,K League 2,2026/2027,BUSAN I PARK,SEONGNAM FC,34,1P,Cristian Renato,Gabriel Honorio,,BUSAN I PARK,Normal Goal,1510250.0
02/03/2026,K League 2,2026/2027,BUSAN I PARK,SEONGNAM FC,45,1P,Kim Min-Hyeok,,,SEONGNAM FC,Own Goal,1510250.0
07/03/2026,K League 2,2026/2027,SEOUL E-LAND FC,GYEONGNAM FC,43,1P,Lee Chan-Dong,,,SEOUL E-LAND FC,Own Goal,1510252.0
07/03/2026,K League 2,2026/2027,PAJU CITIZEN,SUWON BLUEWINGS,71,2P,Kim Ji-Hyun,Kang Hyun-Muk,,SUWON BLUEWINGS,Normal Goal,1510251.0
07/03/2026,K League 2,2026/2027,DAEGU FC,JEONNAM DRAGONS,14,1P,Cesinha,,,DAEGU FC,Normal Goal,1510253.0
07/03/2026,K League 2,2026/2027,DAEGU FC,JEONNAM DRAGONS,19,1P,Jeong Ji-Yong,Ronan,,JEONNAM DRAGONS,Normal Goal,1510253.0
07/03/2026,K League 2,2026/2027,DAEGU FC,JEONNAM DRAGONS,43,1P,Kang Sin-Myeong,Valdivia,,JEONNAM DRAGONS,Normal Goal,1510253.0
07/03/2026,K League 2,2026/2027,DAEGU FC,JEONNAM DRAGONS,45,1P,Matheus Serafim,,,DAEGU FC,Penalty,1510253.0
07/03/2026,K League 2,2026/2027,DAEGU FC,JEONNAM DRAGONS,71,2P,Edgar,Cesinha,,DAEGU FC,Normal Goal,1510253.0
07/03/2026,K League 2,2026/2027,DAEGU FC,JEONNAM DRAGONS,77,2P,Edgar,Matheus Serafim,,DAEGU FC,Normal Goal,1510253.0
07/03/2026,K League 2,2026/2027,SUWON CITY FC,YONGIN CITY,9,1P,Ha Jeong-woo,,,SUWON CITY FC,Normal Goal,1510254.0
07/03/2026,K League 2,2026/2027,SUWON CITY FC,YONGIN CITY,64,2P,Willyan,,,SUWON CITY FC,Penalty,1510254.0
07/03/2026,K League 2,2026/2027,SUWON CITY FC,YONGIN CITY,84,2P,Gabriel Tigrao,Cha Seung-Hyeon,,YONGIN CITY,Normal Goal,1510254.0
07/03/2026,K League 2,2026/2027,SUWON CITY FC,YONGIN CITY,90,2P,Matheus Frizzo,,,SUWON CITY FC,Normal Goal,1510254.0
08/03/2026,K League 2,2026/2027,SEONGNAM FC,CHEONGJU,17,1P,Lee Sang-Min,Park Sang-Hyeok,,SEONGNAM FC,Normal Goal,1510256.0
08/03/2026,K League 2,2026/2027,SEONGNAM FC,CHEONGJU,32,1P,Lee Kwang-Yeon,,,CHEONGJU,Own Goal,1510256.0
08/03/2026,K League 2,2026/2027,SEONGNAM FC,CHEONGJU,45,1P,Yun Min-Ho,You Ju-An,,SEONGNAM FC,Normal Goal,1510256.0
08/03/2026,K League 2,2026/2027,SEONGNAM FC,CHEONGJU,54,2P,M. Garcia,,,CHEONGJU,Penalty,1510256.0
08/03/2026,K League 2,2026/2027,ANSAN GREENERS,BUSAN I PARK,35,1P,Kim Chan,,,BUSAN I PARK,Normal Goal,1510255.0
08/03/2026,K League 2,2026/2027,ANSAN GREENERS,BUSAN I PARK,46,2P,M. Chol,Cho Ji-Hun,,ANSAN GREENERS,Normal Goal,1510255.0
08/03/2026,K League 2,2026/2027,ANSAN GREENERS,BUSAN I PARK,90,2P,Cristian Renato,J. Kim,,BUSAN I PARK,Normal Goal,1510255.0
08/03/2026,K League 2,2026/2027,ANSAN GREENERS,BUSAN I PARK,90,2P,Gabriel Honorio,,,BUSAN I PARK,Penalty,1510255.0
08/03/2026,K League 2,2026/2027,CHEONAN CITY,GIMPO CITIZEN,80,2P,L. Mina,Yoon Jae-Woon,,GIMPO CITIZEN,Normal Goal,1510257.0
08/03/2026,K League 2,2026/2027,HWASEONG,GIMHAE CITY,17,1P,S. Petrov,D. Kim,,HWASEONG,Normal Goal,1510258.0
08/03/2026,K League 2,2026/2027,HWASEONG,GIMHAE CITY,65,2P,S. Petrov,Y. Jeong,,HWASEONG,Normal Goal,1510258.0
14/03/2026,K League 2,2026/2027,SEOUL E-LAND FC,BUSAN I PARK,45,1P,Bak Jae-Yong,Euller,,SEOUL E-LAND FC,Normal Goal,1510260.0
14/03/2026,K League 2,2026/2027,SEOUL E-LAND FC,BUSAN I PARK,61,2P,Kim Min-Hyeok,Cristian Renato,,BUSAN I PARK,Normal Goal,1510260.0
14/03/2026,K League 2,2026/2027,SEOUL E-LAND FC,BUSAN I PARK,67,2P,J. Iredale,Euller,,SEOUL E-LAND FC,Normal Goal,1510260.0
14/03/2026,K League 2,2026/2027,SEOUL E-LAND FC,BUSAN I PARK,77,2P,Kim Chan,Gabriel Honorio,,BUSAN I PARK,Normal Goal,1510260.0
14/03/2026,K League 2,2026/2027,SEOUL E-LAND FC,BUSAN I PARK,90,2P,Baek Ga-On,Cristian Renato,,BUSAN I PARK,Normal Goal,1510260.0
14/03/2026,K League 2,2026/2027,SUWON BLUEWINGS,JEONNAM DRAGONS,35,1P,Jung Ho-yeon,Park Dae-Won,,SUWON BLUEWINGS,Normal Goal,1510261.0
14/03/2026,K League 2,2026/2027,SUWON BLUEWINGS,JEONNAM DRAGONS,71,2P,Reis,Kim Min-Woo,,SUWON BLUEWINGS,Normal Goal,1510261.0
14/03/2026,K League 2,2026/2027,GIMHAE CITY,SUWON CITY FC,19,1P,Lee Jae-Won,Matheus Frizzo,,SUWON CITY FC,Normal Goal,1510259.0
14/03/2026,K League 2,2026/2027,GIMHAE CITY,SUWON CITY FC,50,2P,B. Mikeltadze,Lee Seung-Jae,,GIMHAE CITY,Normal Goal,1510259.0
14/03/2026,K League 2,2026/2027,GIMHAE CITY,SUWON CITY FC,90,2P,Lee Hyeon-yong,Jung Seung-Bae,,SUWON CITY FC,Normal Goal,1510259.0
14/03/2026,K League 2,2026/2027,GYEONGNAM FC,CHEONGJU,15,1P,Kwon Gi-Pyo,Won Ki-Jong,,GYEONGNAM FC,Normal Goal,1510262.0
14/03/2026,K League 2,2026/2027,GYEONGNAM FC,CHEONGJU,60,2P,Son Ho-Jun,Kim Jung-Hyeon,,GYEONGNAM FC,Normal Goal,1510262.0
14/03/2026,K League 2,2026/2027,GYEONGNAM FC,CHEONGJU,71,2P,Kim Seon-Min,,,CHEONGJU,Normal Goal,1510262.0
14/03/2026,K League 2,2026/2027,GYEONGNAM FC,CHEONGJU,89,2P,Song Chang-Seok,I. Bughridze,,CHEONGJU,Normal Goal,1510262.0
14/03/2026,K League 2,2026/2027,YONGIN CITY,GIMPO CITIZEN,29,1P,Djalma,,,GIMPO CITIZEN,Normal Goal,1510263.0
14/03/2026,K League 2,2026/2027,YONGIN CITY,GIMPO CITIZEN,34,1P,Park Dong-Jin,L. Mina,,GIMPO CITIZEN,Normal Goal,1510263.0
14/03/2026,K League 2,2026/2027,YONGIN CITY,GIMPO CITIZEN,45,1P,Lee Seung-Joon,,,YONGIN CITY,Normal Goal,1510263.0
14/03/2026,K League 2,2026/2027,YONGIN CITY,GIMPO CITIZEN,72,2P,Luan Dias,,,GIMPO CITIZEN,Normal Goal,1510263.0
15/03/2026,K League 2,2026/2027,ASAN MUGUNGHWA,DAEGU FC,36,1P,Park Gi-Hyun,Matheus Serafim,,DAEGU FC,Normal Goal,1510265.0
15/03/2026,K League 2,2026/2027,ASAN MUGUNGHWA,DAEGU FC,42,1P,Matheus Serafim,Kim Ju-Gong,,DAEGU FC,Normal Goal,1510265.0
15/03/2026,K League 2,2026/2027,ASAN MUGUNGHWA,DAEGU FC,45,1P,C. Lokolingoy,,,ASAN MUGUNGHWA,Penalty,1510265.0
15/03/2026,K League 2,2026/2027,ASAN MUGUNGHWA,DAEGU FC,84,2P,C. Lokolingoy,Kim Ju-Sung,,ASAN MUGUNGHWA,Normal Goal,1510265.0
15/03/2026,K League 2,2026/2027,ASAN MUGUNGHWA,DAEGU FC,87,2P,Edgar,Jeong Heon-taek,,DAEGU FC,Normal Goal,1510265.0
15/03/2026,K League 2,2026/2027,ANSAN GREENERS,PAJU CITIZEN,2,1P,Kim Hyun-Tae,Lee Joon-Suk,,PAJU CITIZEN,Normal Goal,1510264.0
15/03/2026,K League 2,2026/2027,ANSAN GREENERS,PAJU CITIZEN,13,1P,J. Lee,M. Chol,,ANSAN GREENERS,Normal Goal,1510264.0
15/03/2026,K League 2,2026/2027,ANSAN GREENERS,PAJU CITIZEN,20,1P,B. Baston,,,PAJU CITIZEN,Penalty,1510264.0
15/03/2026,K League 2,2026/2027,HWASEONG,CHEONAN CITY,45,1P,Bruno Lamas,,,CHEONAN CITY,Penalty,1510266.0
15/03/2026,K League 2,2026/2027,HWASEONG,CHEONAN CITY,52,2P,D. Kim,Demethryus,,HWASEONG,Normal Goal,1510266.0
15/03/2026,K League 2,2026/2027,HWASEONG,CHEONAN CITY,57,2P,S. Petrov,L. Pllana,,HWASEONG,Normal Goal,1510266.0
15/03/2026,K League 2,2026/2027,HWASEONG,CHEONAN CITY,90,2P,Bruno Lamas,,,CHEONAN CITY,Normal Goal,1510266.0
21/03/2026,K League 2,2026/2027,SEONGNAM FC,ASAN MUGUNGHWA,27,1P,Yun Min-Ho,Park Sang-Hyeok,,SEONGNAM FC,Normal Goal,1510269.0
21/03/2026,K League 2,2026/2027,SEONGNAM FC,ASAN MUGUNGHWA,60,2P,Choi Chi-Won,Han Kyo-Won,,ASAN MUGUNGHWA,Normal Goal,1510269.0
21/03/2026,K League 2,2026/2027,SEONGNAM FC,ASAN MUGUNGHWA,82,2P,Hwang Seok-Ki,Park Su-bin,,SEONGNAM FC,Normal Goal,1510269.0
21/03/2026,K League 2,2026/2027,GIMHAE CITY,SUWON BLUEWINGS,6,1P,Kim Ji-Hyun,Park Hyun-Bin,,SUWON BLUEWINGS,Normal Goal,1510267.0
21/03/2026,K League 2,2026/2027,GIMHAE CITY,SUWON BLUEWINGS,66,2P,Reis,Bruno Costa,,SUWON BLUEWINGS,Normal Goal,1510267.0
21/03/2026,K League 2,2026/2027,GIMHAE CITY,SUWON BLUEWINGS,90,2P,Park Hyun-Bin,S. Ilyuchenko,,SUWON BLUEWINGS,Normal Goal,1510267.0
21/03/2026,K League 2,2026/2027,PAJU CITIZEN,JEONNAM DRAGONS,22,1P,J. Bonilla,You Jae-jun,,PAJU CITIZEN,Normal Goal,1510268.0
21/03/2026,K League 2,2026/2027,PAJU CITIZEN,JEONNAM DRAGONS,80,2P,B. Baston,,,PAJU CITIZEN,Penalty,1510268.0
21/03/2026,K League 2,2026/2027,CHEONGJU,ANSAN GREENERS,39,1P,Gabriel Lima,,,ANSAN GREENERS,Normal Goal,1510271.0
21/03/2026,K League 2,2026/2027,CHEONGJU,ANSAN GREENERS,45,1P,M. Garcia,Kim Seon-Min,,CHEONGJU,Normal Goal,1510271.0
22/03/2026,K League 2,2026/2027,BUSAN I PARK,DAEGU FC,15,1P,Choi Ye-Hoon,Kim Chan,,BUSAN I PARK,Normal Goal,1510272.0
22/03/2026,K League 2,2026/2027,BUSAN I PARK,DAEGU FC,68,2P,Cristian Renato,Kim Chan,,BUSAN I PARK,Normal Goal,1510272.0
22/03/2026,K League 2,2026/2027,BUSAN I PARK,DAEGU FC,83,2P,Baek Ga-On,Cristian Renato,,BUSAN I PARK,Normal Goal,1510272.0
22/03/2026,K League 2,2026/2027,BUSAN I PARK,DAEGU FC,90,2P,Jang Ho-Ik,,,DAEGU FC,Own Goal,1510272.0
22/03/2026,K League 2,2026/2027,GYEONGNAM FC,GIMPO CITIZEN,62,2P,Kim Hyeon-oh,,,GYEONGNAM FC,Normal Goal,1510274.0
28/03/2026,K League 2,2026/2027,ASAN MUGUNGHWA,HWASEONG,42,1P,Jang Jun-Yeong,C. Lokolingoy,,ASAN MUGUNGHWA,Normal Goal,1510275.0
28/03/2026,K League 2,2026/2027,YONGIN CITY,SUWON BLUEWINGS,3,1P,Fessin,Bruno Costa,,SUWON BLUEWINGS,Normal Goal,1510276.0
28/03/2026,K League 2,2026/2027,ANSAN GREENERS,GYEONGNAM FC,20,1P,Won Ki-Jong,,,GYEONGNAM FC,Normal Goal,1510277.0
28/03/2026,K League 2,2026/2027,ANSAN GREENERS,GYEONGNAM FC,37,1P,M. Chol,Kang Dong-Hyun,,ANSAN GREENERS,Normal Goal,1510277.0
28/03/2026,K League 2,2026/2027,CHEONAN CITY,JEONNAM DRAGONS,45,1P,J. Wu,Lee Dong-Hyeop,,CHEONAN CITY,Normal Goal,1510278.0
29/03/2026,K League 2,2026/2027,SUWON CITY FC,PAJU CITIZEN,6,1P,Willyan,,,SUWON CITY FC,Penalty,1510281.0
29/03/2026,K League 2,2026/2027,SUWON CITY FC,PAJU CITIZEN,22,1P,B. Baston,,,PAJU CITIZEN,Penalty,1510281.0
29/03/2026,K League 2,2026/2027,SUWON CITY FC,PAJU CITIZEN,34,1P,Willyan,,,SUWON CITY FC,Penalty,1510281.0
29/03/2026,K League 2,2026/2027,CHEONGJU,BUSAN I PARK,43,1P,Gabriel Honorio,Kim Chan,,BUSAN I PARK,Normal Goal,1510280.0
29/03/2026,K League 2,2026/2027,CHEONGJU,BUSAN I PARK,82,2P,I. Bughridze,Heo Seung-Chan,,CHEONGJU,Normal Goal,1510280.0
29/03/2026,K League 2,2026/2027,CHEONGJU,BUSAN I PARK,88,2P,Baek Ga-On,,,BUSAN I PARK,Normal Goal,1510280.0
29/03/2026,K League 2,2026/2027,DAEGU FC,SEOUL E-LAND FC,14,1P,Kang Hyeon-Je,Kim Oh-Kyu,,SEOUL E-LAND FC,Normal Goal,1510282.0
29/03/2026,K League 2,2026/2027,DAEGU FC,SEOUL E-LAND FC,22,1P,Kim Ju-Gong,Kim Dae-Woo,,DAEGU FC,Normal Goal,1510282.0
29/03/2026,K League 2,2026/2027,DAEGU FC,SEOUL E-LAND FC,29,1P,J. Iredale,Kang Hyeon-Je,,SEOUL E-LAND FC,Normal Goal,1510282.0
29/03/2026,K League 2,2026/2027,DAEGU FC,SEOUL E-LAND FC,90,2P,Baek Ji-Ung,,,SEOUL E-LAND FC,Normal Goal,1510282.0
04/04/2026,K League 2,2026/2027,SEOUL E-LAND FC,SUWON CITY FC,16,1P,Lee Joo-hyuk,Oh In-Pyo,,SEOUL E-LAND FC,Normal Goal,1510283.0
04/04/2026,K League 2,2026/2027,SEOUL E-LAND FC,SUWON CITY FC,49,2P,Osmar,,,SEOUL E-LAND FC,Normal Goal,1510283.0
04/04/2026,K League 2,2026/2027,SEOUL E-LAND FC,SUWON CITY FC,66,2P,Bak Jae-Yong,,,SEOUL E-LAND FC,Normal Goal,1510283.0
04/04/2026,K League 2,2026/2027,YONGIN CITY,JEONNAM DRAGONS,41,1P,Yu Dong-Gyu,,,YONGIN CITY,Normal Goal,1510284.0
04/04/2026,K League 2,2026/2027,YONGIN CITY,JEONNAM DRAGONS,49,2P,K. Lebon,Ha Nam,,JEONNAM DRAGONS,Normal Goal,1510284.0
04/04/2026,K League 2,2026/2027,YONGIN CITY,JEONNAM DRAGONS,87,2P,K. Lebon,Kim Beom-Su,,JEONNAM DRAGONS,Normal Goal,1510284.0
04/04/2026,K League 2,2026/2027,YONGIN CITY,JEONNAM DRAGONS,90,2P,Cha Seung-Hyeon,Kim Bo-Sub,,YONGIN CITY,Normal Goal,1510284.0
04/04/2026,K League 2,2026/2027,GYEONGNAM FC,BUSAN I PARK,7,1P,Cristian Renato,Gabriel Honorio,,BUSAN I PARK,Normal Goal,1510285.0
04/04/2026,K League 2,2026/2027,GYEONGNAM FC,BUSAN I PARK,35,1P,Son Ho-Jun,Won Ki-Jong,,GYEONGNAM FC,Normal Goal,1510285.0
04/04/2026,K League 2,2026/2027,GYEONGNAM FC,BUSAN I PARK,39,1P,Son Hwi,Woo Ju-Seong,,BUSAN I PARK,Normal Goal,1510285.0
04/04/2026,K League 2,2026/2027,HWASEONG,SEONGNAM FC,3,1P,Lee Jun-Sang,Rodrigo Angelotti,,SEONGNAM FC,Normal Goal,1510286.0
04/04/2026,K League 2,2026/2027,HWASEONG,SEONGNAM FC,21,1P,Rodrigo Angelotti,,,SEONGNAM FC,Penalty,1510286.0
04/04/2026,K League 2,2026/2027,HWASEONG,SEONGNAM FC,48,2P,L. Pllana,Demethryus,,HWASEONG,Normal Goal,1510286.0
04/04/2026,K League 2,2026/2027,HWASEONG,SEONGNAM FC,69,2P,P. Villero,Jung Seung-Yong,,SEONGNAM FC,Normal Goal,1510286.0
05/04/2026,K League 2,2026/2027,DAEGU FC,GIMPO CITIZEN,10,1P,Djalma,Kim Do-Hyeok,,GIMPO CITIZEN,Normal Goal,1510287.0
05/04/2026,K League 2,2026/2027,DAEGU FC,GIMPO CITIZEN,23,1P,Kim Kang-San,Park Gi-Hyun,,DAEGU FC,Normal Goal,1510287.0
05/04/2026,K League 2,2026/2027,DAEGU FC,GIMPO CITIZEN,49,2P,Matheus Serafim,Han Tae-Hui,,DAEGU FC,Normal Goal,1510287.0
05/04/2026,K League 2,2026/2027,DAEGU FC,GIMPO CITIZEN,70,2P,L. Mina,,,GIMPO CITIZEN,Penalty,1510287.0
05/04/2026,K League 2,2026/2027,DAEGU FC,GIMPO CITIZEN,79,2P,Edgar,Hwang Jae-Won,,DAEGU FC,Normal Goal,1510287.0
05/04/2026,K League 2,2026/2027,DAEGU FC,GIMPO CITIZEN,90,2P,L. Mina,,,GIMPO CITIZEN,Normal Goal,1510287.0
05/04/2026,K League 2,2026/2027,ANSAN GREENERS,ASAN MUGUNGHWA,22,1P,Im Ji-min,Yeon Eung-bin,,ANSAN GREENERS,Normal Goal,1510289.0
05/04/2026,K League 2,2026/2027,ANSAN GREENERS,ASAN MUGUNGHWA,77,2P,Kim Jong-Min,Kim Hye-seong,,ASAN MUGUNGHWA,Normal Goal,1510289.0
05/04/2026,K League 2,2026/2027,ANSAN GREENERS,ASAN MUGUNGHWA,83,2P,N. Mohammed,,,ASAN MUGUNGHWA,Normal Goal,1510289.0
05/04/2026,K League 2,2026/2027,ANSAN GREENERS,ASAN MUGUNGHWA,90,2P,Kim Jong-Min,Park Seong-Woo,,ASAN MUGUNGHWA,Normal Goal,1510289.0
05/04/2026,K League 2,2026/2027,PAJU CITIZEN,GIMHAE CITY,41,1P,B. Baston,Kim Hyun-Tae,,PAJU CITIZEN,Normal Goal,1510290.0
05/04/2026,K League 2,2026/2027,PAJU CITIZEN,GIMHAE CITY,57,2P,Lee Joon-Suk,You Jae-jun,,PAJU CITIZEN,Normal Goal,1510290.0
05/04/2026,K League 2,2026/2027,PAJU CITIZEN,GIMHAE CITY,81,2P,Choi Bum-Kyung,,,PAJU CITIZEN,Normal Goal,1510290.0
05/04/2026,K League 2,2026/2027,PAJU CITIZEN,GIMHAE CITY,88,2P,Lee Seung-Jae,,,GIMHAE CITY,Normal Goal,1510290.0
11/04/2026,K League 2,2026/2027,BUSAN I PARK,YONGIN CITY,69,2P,Woo Ju-Seong,J. Son,,BUSAN I PARK,Normal Goal,1510291.0
11/04/2026,K League 2,2026/2027,BUSAN I PARK,YONGIN CITY,79,2P,Baek Ga-On,Cristian Renato,,BUSAN I PARK,Normal Goal,1510291.0
11/04/2026,K League 2,2026/2027,SUWON CITY FC,DAEGU FC,2,1P,Ha Jeong-woo,,,SUWON CITY FC,Normal Goal,1510292.0
11/04/2026,K League 2,2026/2027,SUWON CITY FC,DAEGU FC,19,1P,Matheus Frizzo,,,SUWON CITY FC,Penalty,1510292.0
11/04/2026,K League 2,2026/2027,SUWON CITY FC,DAEGU FC,42,1P,Park Gi-Hyun,,,DAEGU FC,Normal Goal,1510292.0
11/04/2026,K League 2,2026/2027,SUWON CITY FC,DAEGU FC,88,2P,Edgar,Matheus Serafim,,DAEGU FC,Normal Goal,1510292.0
11/04/2026,K League 2,2026/2027,HWASEONG,JEONNAM DRAGONS,45,1P,S. Petrov,S. Jeon,,HWASEONG,Normal Goal,1510293.0
11/04/2026,K League 2,2026/2027,PAJU CITIZEN,SEOUL E-LAND FC,19,1P,You Jae-jun,,,PAJU CITIZEN,Normal Goal,1510294.0
11/04/2026,K League 2,2026/2027,PAJU CITIZEN,SEOUL E-LAND FC,42,1P,Baek Ji-Ung,Osmar,,SEOUL E-LAND FC,Normal Goal,1510294.0
11/04/2026,K League 2,2026/2027,PAJU CITIZEN,SEOUL E-LAND FC,79,2P,Byeon Gyung-Jun,Euller,,SEOUL E-LAND FC,Normal Goal,1510294.0
11/04/2026,K League 2,2026/2027,PAJU CITIZEN,SEOUL E-LAND FC,84,2P,Byeon Gyung-Jun,Oh In-Pyo,,SEOUL E-LAND FC,Normal Goal,1510294.0
12/04/2026,K League 2,2026/2027,SUWON BLUEWINGS,GIMPO CITIZEN,88,2P,Lee Si-Heon,Kim Min-Seog,,GIMPO CITIZEN,Normal Goal,1510296.0
12/04/2026,K League 2,2026/2027,CHEONAN CITY,CHEONGJU,45,1P,J. Lee,,,CHEONGJU,Normal Goal,1510295.0
12/04/2026,K League 2,2026/2027,CHEONAN CITY,CHEONGJU,54,2P,Gustavo Sarjani,,,CHEONAN CITY,Normal Goal,1510295.0
12/04/2026,K League 2,2026/2027,CHEONAN CITY,CHEONGJU,57,2P,J. Lee,,,CHEONGJU,Normal Goal,1510295.0
12/04/2026,K League 2,2026/2027,CHEONAN CITY,CHEONGJU,84,2P,Lee Joon-Ho,Gustavo Sarjani,,CHEONAN CITY,Normal Goal,1510295.0
12/04/2026,K League 2,2026/2027,ASAN MUGUNGHWA,GIMHAE CITY,20,1P,C. Lokolingoy,N. Mohammed,,ASAN MUGUNGHWA,Normal Goal,1510297.0
12/04/2026,K League 2,2026/2027,ASAN MUGUNGHWA,GIMHAE CITY,77,2P,Lee Seung-Jae,Kim Kyung-Soo,,GIMHAE CITY,Normal Goal,1510297.0
12/04/2026,K League 2,2026/2027,SEONGNAM FC,ANSAN GREENERS,39,1P,Ryu Seung-Woo,J. Lee,,ANSAN GREENERS,Normal Goal,1510298.0
18/04/2026,K League 2,2026/2027,GYEONGNAM FC,SUWON BLUEWINGS,80,2P,Park Ji-Won,S. Ilyuchenko,,SUWON BLUEWINGS,Normal Goal,1510300.0
18/04/2026,K League 2,2026/2027,BUSAN I PARK,SUWON CITY FC,6,1P,Xavier,,,BUSAN I PARK,Normal Goal,1510299.0
18/04/2026,K League 2,2026/2027,BUSAN I PARK,SUWON CITY FC,34,1P,Kim Se-Hoon,Xavier,,BUSAN I PARK,Normal Goal,1510299.0
18/04/2026,K League 2,2026/2027,BUSAN I PARK,SUWON CITY FC,53,2P,Matheus Frizzo,,,SUWON CITY FC,Penalty,1510299.0
18/04/2026,K League 2,2026/2027,DAEGU FC,CHEONAN CITY,30,1P,Park Gi-Hyun,Cesinha,,DAEGU FC,Normal Goal,1510302.0
18/04/2026,K League 2,2026/2027,DAEGU FC,CHEONAN CITY,90,2P,Lee Joon-Ho,Kim Seong-Ju,,CHEONAN CITY,Normal Goal,1510302.0
18/04/2026,K League 2,2026/2027,DAEGU FC,CHEONAN CITY,90,2P,Gustavo Sarjani,J. Koo,,CHEONAN CITY,Normal Goal,1510302.0
18/04/2026,K League 2,2026/2027,CHEONGJU,GIMHAE CITY,79,2P,M. Garcia,,,CHEONGJU,Penalty,1510301.0
18/04/2026,K League 2,2026/2027,CHEONGJU,GIMHAE CITY,90,2P,B. Mikeltadze,,,GIMHAE CITY,Normal Goal,1510301.0
19/04/2026,K League 2,2026/2027,SEONGNAM FC,PAJU CITIZEN,85,2P,Choi Bum-Kyung,,,PAJU CITIZEN,Normal Goal,1510304.0
19/04/2026,K League 2,2026/2027,ANSAN GREENERS,SEOUL E-LAND FC,60,2P,Im Ji-min,,,SEOUL E-LAND FC,Own Goal,1510303.0
19/04/2026,K League 2,2026/2027,ANSAN GREENERS,SEOUL E-LAND FC,72,2P,Byeon Gyung-Jun,Bak Jae-Yong,,SEOUL E-LAND FC,Normal Goal,1510303.0
19/04/2026,K League 2,2026/2027,ASAN MUGUNGHWA,JEONNAM DRAGONS,7,1P,Ronan,Kim Beom-Su,,JEONNAM DRAGONS,Normal Goal,1510305.0
19/04/2026,K League 2,2026/2027,ASAN MUGUNGHWA,JEONNAM DRAGONS,29,1P,Denisson Silva,Han Kyo-Won,,ASAN MUGUNGHWA,Normal Goal,1510305.0
19/04/2026,K League 2,2026/2027,ASAN MUGUNGHWA,JEONNAM DRAGONS,37,1P,Valdivia,K. Lebon,,JEONNAM DRAGONS,Normal Goal,1510305.0
19/04/2026,K League 2,2026/2027,ASAN MUGUNGHWA,JEONNAM DRAGONS,77,2P,N. Mohammed,Kim Jong-Min,,ASAN MUGUNGHWA,Normal Goal,1510305.0
19/04/2026,K League 2,2026/2027,HWASEONG,GIMPO CITIZEN,38,1P,Park Dong-Jin,,,GIMPO CITIZEN,Normal Goal,1510306.0
19/04/2026,K League 2,2026/2027,HWASEONG,GIMPO CITIZEN,52,2P,Jang Min-jun,L. Pllana,,HWASEONG,Normal Goal,1510306.0
19/04/2026,K League 2,2026/2027,HWASEONG,GIMPO CITIZEN,67,2P,D. Kim,L. Pllana,,HWASEONG,Normal Goal,1510306.0
19/04/2026,K League 2,2026/2027,HWASEONG,GIMPO CITIZEN,90,2P,L. Mina,,,GIMPO CITIZEN,Penalty,1510306.0
25/04/2026,K League 2,2026/2027,SUWON BLUEWINGS,BUSAN I PARK,34,1P,Kim Do-yeon,,,SUWON BLUEWINGS,Penalty,1510308.0
25/04/2026,K League 2,2026/2027,SUWON BLUEWINGS,BUSAN I PARK,56,2P,Kang Hyun-Muk,,,SUWON BLUEWINGS,Normal Goal,1510308.0
25/04/2026,K League 2,2026/2027,SUWON BLUEWINGS,BUSAN I PARK,72,2P,Kim Hee-Seung,Jeon Seung-Jin,,BUSAN I PARK,Normal Goal,1510308.0
25/04/2026,K League 2,2026/2027,SUWON BLUEWINGS,BUSAN I PARK,75,2P,J. Kim,,,BUSAN I PARK,Own Goal,1510308.0
25/04/2026,K League 2,2026/2027,SUWON BLUEWINGS,BUSAN I PARK,90,2P,Reis,,,SUWON BLUEWINGS,Penalty,1510308.0
25/04/2026,K League 2,2026/2027,PAJU CITIZEN,GYEONGNAM FC,14,1P,Kim Jung-Hyeon,,,GYEONGNAM FC,Normal Goal,1510307.0
25/04/2026,K League 2,2026/2027,PAJU CITIZEN,GYEONGNAM FC,44,1P,Choi Bum-Kyung,,,PAJU CITIZEN,Normal Goal,1510307.0
25/04/2026,K League 2,2026/2027,PAJU CITIZEN,GYEONGNAM FC,45,1P,B. Baston,S. Roh,,PAJU CITIZEN,Normal Goal,1510307.0
25/04/2026,K League 2,2026/2027,PAJU CITIZEN,GYEONGNAM FC,81,2P,Darnlei,Cho Sang-Jun,,GYEONGNAM FC,Normal Goal,1510307.0
25/04/2026,K League 2,2026/2027,PAJU CITIZEN,GYEONGNAM FC,83,2P,Darnlei,Cho Jin-Hyuk,,GYEONGNAM FC,Normal Goal,1510307.0
25/04/2026,K League 2,2026/2027,ANSAN GREENERS,JEONNAM DRAGONS,3,1P,Valdivia,,,JEONNAM DRAGONS,Penalty,1510309.0
25/04/2026,K League 2,2026/2027,ANSAN GREENERS,JEONNAM DRAGONS,51,2P,Gabriel Lima,M. Chol,,ANSAN GREENERS,Normal Goal,1510309.0
25/04/2026,K League 2,2026/2027,ANSAN GREENERS,JEONNAM DRAGONS,90,2P,Kang Dong-Hyun,Im Ji-min,,ANSAN GREENERS,Normal Goal,1510309.0
25/04/2026,K League 2,2026/2027,CHEONAN CITY,SEONGNAM FC,44,1P,Yun Min-Ho,Hwang Seok-Ki,,SEONGNAM FC,Normal Goal,1510310.0
25/04/2026,K League 2,2026/2027,CHEONAN CITY,SEONGNAM FC,90,2P,Lee Sang-Jun,Park Chang-Woo,,CHEONAN CITY,Normal Goal,1510310.0
26/04/2026,K League 2,2026/2027,SEOUL E-LAND FC,HWASEONG,21,1P,L. Pllana,,,HWASEONG,Normal Goal,1510311.0
26/04/2026,K League 2,2026/2027,SEOUL E-LAND FC,HWASEONG,79,2P,Demethryus,L. Pllana,,HWASEONG,Normal Goal,1510311.0
26/04/2026,K League 2,2026/2027,SEOUL E-LAND FC,HWASEONG,85,2P,Bak Jae-Yong,,,SEOUL E-LAND FC,Normal Goal,1510311.0
26/04/2026,K League 2,2026/2027,SUWON CITY FC,GIMPO CITIZEN,10,1P,Willyan,Kim Jeong-Hwan,,SUWON CITY FC,Normal Goal,1510312.0
26/04/2026,K League 2,2026/2027,SUWON CITY FC,GIMPO CITIZEN,72,2P,Luan Dias,,,GIMPO CITIZEN,Normal Goal,1510312.0
26/04/2026,K League 2,2026/2027,YONGIN CITY,GIMHAE CITY,2,1P,Gabriel Tigrao,,,YONGIN CITY,Normal Goal,1510314.0
26/04/2026,K League 2,2026/2027,YONGIN CITY,GIMHAE CITY,17,1P,Suk Hyun-Jun,Kim Min-Woo,,YONGIN CITY,Normal Goal,1510314.0
26/04/2026,K League 2,2026/2027,YONGIN CITY,GIMHAE CITY,36,1P,Kim Min-Woo,Kim Han-Seo,,YONGIN CITY,Normal Goal,1510314.0
26/04/2026,K League 2,2026/2027,YONGIN CITY,GIMHAE CITY,49,2P,Suk Hyun-Jun,Kim Min-Woo,,YONGIN CITY,Normal Goal,1510314.0
26/04/2026,K League 2,2026/2027,YONGIN CITY,GIMHAE CITY,55,2P,Lee Seung-Jae,,,GIMHAE CITY,Normal Goal,1510314.0
03/05/2026,K League 2,2026/2027,DAEGU FC,GYEONGNAM FC,52,2P,Kim Ju-Gong,Kim Dae-Woo,,DAEGU FC,Normal Goal,1510315.0
03/05/2026,K League 2,2026/2027,DAEGU FC,GYEONGNAM FC,72,2P,Cesinha,,,DAEGU FC,Penalty,1510315.0
03/05/2026,K League 2,2026/2027,SEOUL E-LAND FC,GIMPO CITIZEN,14,1P,Park Chang-Hwan,Kang Hyeon-Je,,SEOUL E-LAND FC,Normal Goal,1510317.0
03/05/2026,K League 2,2026/2027,SEOUL E-LAND FC,GIMPO CITIZEN,39,1P,Luan Dias,Djalma,,GIMPO CITIZEN,Normal Goal,1510317.0
03/05/2026,K League 2,2026/2027,SEOUL E-LAND FC,GIMPO CITIZEN,86,2P,Euller,,,SEOUL E-LAND FC,Penalty,1510317.0
03/05/2026,K League 2,2026/2027,HWASEONG,ANSAN GREENERS,51,2P,Kim Byung-Oh,D. Kim,,HWASEONG,Normal Goal,1510316.0
03/05/2026,K League 2,2026/2027,HWASEONG,ANSAN GREENERS,90,2P,J. Woo,Jegal Jae-Min,,HWASEONG,Normal Goal,1510316.0
03/05/2026,K League 2,2026/2027,CHEONAN CITY,ASAN MUGUNGHWA,43,1P,Bruno Lamas,,,CHEONAN CITY,Normal Goal,1510318.0
03/05/2026,K League 2,2026/2027,GIMHAE CITY,BUSAN I PARK,40,1P,Kim Min-Hyeok,Woo Ju-Seong,,BUSAN I PARK,Normal Goal,1510319.0
03/05/2026,K League 2,2026/2027,YONGIN CITY,SEONGNAM FC,52,2P,You Ju-An,Lee Jun-Sang,,SEONGNAM FC,Normal Goal,1510321.0
03/05/2026,K League 2,2026/2027,YONGIN CITY,SEONGNAM FC,55,2P,Kim Han-Seo,,,SEONGNAM FC,Own Goal,1510321.0
03/05/2026,K League 2,2026/2027,YONGIN CITY,SEONGNAM FC,59,2P,Lee Seung-Joon,Choi Young-Jun,,YONGIN CITY,Normal Goal,1510321.0
03/05/2026,K League 2,2026/2027,SUWON CITY FC,SUWON BLUEWINGS,17,1P,Ko Seung-Beom,Reis,,SUWON BLUEWINGS,Normal Goal,1510322.0
03/05/2026,K League 2,2026/2027,SUWON CITY FC,SUWON BLUEWINGS,49,2P,Ha Jeong-woo,Matheus Frizzo,,SUWON CITY FC,Normal Goal,1510322.0
03/05/2026,K League 2,2026/2027,SUWON CITY FC,SUWON BLUEWINGS,70,2P,Choi Gi-Yun,S. Lee,,SUWON CITY FC,Normal Goal,1510322.0
03/05/2026,K League 2,2026/2027,SUWON CITY FC,SUWON BLUEWINGS,84,2P,Ha Jeong-woo,,,SUWON CITY FC,Normal Goal,1510322.0
09/05/2026,K League 2,2026/2027,ASAN MUGUNGHWA,SEOUL E-LAND FC,29,1P,Kim Jong-Min,Son Jun-Ho,,ASAN MUGUNGHWA,Normal Goal,1510323.0
09/05/2026,K League 2,2026/2027,ASAN MUGUNGHWA,SEOUL E-LAND FC,59,2P,Kim Jong-Min,Kim Ju-Sung,,ASAN MUGUNGHWA,Normal Goal,1510323.0
09/05/2026,K League 2,2026/2027,ASAN MUGUNGHWA,SEOUL E-LAND FC,71,2P,Kim Jong-Min,,,ASAN MUGUNGHWA,Penalty,1510323.0
09/05/2026,K League 2,2026/2027,HWASEONG,SUWON CITY FC,30,1P,Park Jae-Seong,,,HWASEONG,Normal Goal,1510324.0
09/05/2026,K League 2,2026/2027,HWASEONG,SUWON CITY FC,89,2P,Matheus Frizzo,,,SUWON CITY FC,Penalty,1510324.0
09/05/2026,K League 2,2026/2027,CHEONGJU,GIMPO CITIZEN,24,1P,J. Lee,Bandeira,,CHEONGJU,Normal Goal,1510325.0
09/05/2026,K League 2,2026/2027,CHEONGJU,GIMPO CITIZEN,90,2P,Kim Min-Seog,Jang Bu-seong,,GIMPO CITIZEN,Normal Goal,1510325.0
10/05/2026,K League 2,2026/2027,BUSAN I PARK,CHEONAN CITY,20,1P,Kim Hyun-Min,,,BUSAN I PARK,Normal Goal,1510329.0
10/05/2026,K League 2,2026/2027,ANSAN GREENERS,YONGIN CITY,35,1P,M. Obradovic,Yeon Eung-bin,,ANSAN GREENERS,Normal Goal,1510328.0
10/05/2026,K League 2,2026/2027,ANSAN GREENERS,YONGIN CITY,45,1P,Lee Jin-Seop,Kim Hyeon-jun,,YONGIN CITY,Normal Goal,1510328.0
10/05/2026,K League 2,2026/2027,ANSAN GREENERS,YONGIN CITY,90,2P,Yu Dong-Gyu,,,YONGIN CITY,Normal Goal,1510328.0
10/05/2026,K League 2,2026/2027,GYEONGNAM FC,GIMHAE CITY,13,1P,Darnlei,,,GYEONGNAM FC,Penalty,1510330.0
10/05/2026,K League 2,2026/2027,GYEONGNAM FC,GIMHAE CITY,69,2P,Darnlei,,,GYEONGNAM FC,Penalty,1510330.0
10/05/2026,K League 2,2026/2027,GYEONGNAM FC,GIMHAE CITY,84,2P,Lee Rae-Jun,M. Lee,,GIMHAE CITY,Normal Goal,1510330.0
16/05/2026,K League 2,2026/2027,SEOUL E-LAND FC,YONGIN CITY,12,1P,Choi Chi-Ung,Kim Han-Gil,,YONGIN CITY,Normal Goal,1510332.0
16/05/2026,K League 2,2026/2027,SEOUL E-LAND FC,YONGIN CITY,67,2P,Euller,Park Chang-Hwan,,SEOUL E-LAND FC,Normal Goal,1510332.0
16/05/2026,K League 2,2026/2027,SEOUL E-LAND FC,YONGIN CITY,90,2P,Suk Hyun-Jun,Kim Bo-Sub,,YONGIN CITY,Normal Goal,1510332.0
16/05/2026,K League 2,2026/2027,SEOUL E-LAND FC,YONGIN CITY,90,2P,Baek Ji-Ung,Euller,,SEOUL E-LAND FC,Normal Goal,1510332.0
16/05/2026,K League 2,2026/2027,JEONNAM DRAGONS,CHEONGJU,20,1P,J. Lee,Bandeira,,CHEONGJU,Normal Goal,1510331.0
16/05/2026,K League 2,2026/2027,JEONNAM DRAGONS,CHEONGJU,52,2P,M. Garcia,Seo Jae-Won,,CHEONGJU,Normal Goal,1510331.0
16/05/2026,K League 2,2026/2027,JEONNAM DRAGONS,CHEONGJU,58,2P,Ha Nam,Valdivia,,JEONNAM DRAGONS,Normal Goal,1510331.0
16/05/2026,K League 2,2026/2027,JEONNAM DRAGONS,CHEONGJU,64,2P,Ha Nam,Valdivia,,JEONNAM DRAGONS,Normal Goal,1510331.0
16/05/2026,K League 2,2026/2027,ANSAN GREENERS,GIMPO CITIZEN,5,1P,L. Mina,,,GIMPO CITIZEN,Normal Goal,1510333.0
17/05/2026,K League 2,2026/2027,SEONGNAM FC,GYEONGNAM FC,90,2P,Choi Jung-Won,,,GYEONGNAM FC,Normal Goal,1510337.0
17/05/2026,K League 2,2026/2027,SEONGNAM FC,GYEONGNAM FC,90,2P,Park Byeong-gyu,Yun Min-Ho,,SEONGNAM FC,Normal Goal,1510337.0
17/05/2026,K League 2,2026/2027,GIMHAE CITY,DAEGU FC,25,1P,M. Dackers,,,DAEGU FC,Normal Goal,1510335.0
17/05/2026,K League 2,2026/2027,GIMHAE CITY,DAEGU FC,54,2P,M. Fall,,,GIMHAE CITY,Normal Goal,1510335.0
17/05/2026,K League 2,2026/2027,GIMHAE CITY,DAEGU FC,80,2P,Park Gi-Hyun,Cesinha,,DAEGU FC,Normal Goal,1510335.0
17/05/2026,K League 2,2026/2027,GIMHAE CITY,DAEGU FC,84,2P,Edgar,,,DAEGU FC,Normal Goal,1510335.0
17/05/2026,K League 2,2026/2027,GIMHAE CITY,DAEGU FC,90,2P,Matheus Serafim,Han Jong-Mu,,DAEGU FC,Normal Goal,1510335.0
17/05/2026,K League 2,2026/2027,HWASEONG,BUSAN I PARK,15,1P,Lee Dong-Su,,,HWASEONG,Own Goal,1510336.0
17/05/2026,K League 2,2026/2027,HWASEONG,BUSAN I PARK,21,1P,Jegal Jae-Min,D. Kim,,HWASEONG,Normal Goal,1510336.0
17/05/2026,K League 2,2026/2027,HWASEONG,BUSAN I PARK,30,1P,Gabriel Honorio,Lee Dong-Su,,BUSAN I PARK,Normal Goal,1510336.0
17/05/2026,K League 2,2026/2027,HWASEONG,BUSAN I PARK,36,1P,Cristian Renato,,,BUSAN I PARK,Normal Goal,1510336.0
17/05/2026,K League 2,2026/2027,HWASEONG,BUSAN I PARK,73,2P,S. Petrov,Park Jae-Seong,,HWASEONG,Normal Goal,1510336.0
17/05/2026,K League 2,2026/2027,ASAN MUGUNGHWA,SUWON CITY FC,13,1P,Jung Seung-Bae,S. Lee,,SUWON CITY FC,Normal Goal,1510338.0
17/05/2026,K League 2,2026/2027,ASAN MUGUNGHWA,SUWON CITY FC,40,1P,Matheus Frizzo,,,SUWON CITY FC,Normal Goal,1510338.0
17/05/2026,K League 2,2026/2027,ASAN MUGUNGHWA,SUWON CITY FC,52,2P,Choi Hee-Won,Jang Jun-Yeong,,ASAN MUGUNGHWA,Normal Goal,1510338.0
17/05/2026,K League 2,2026/2027,ASAN MUGUNGHWA,SUWON CITY FC,85,2P,Choi Gi-Yun,Ha Jeong-woo,,SUWON CITY FC,Normal Goal,1510338.0
23/05/2026,K League 2,2026/2027,GYEONGNAM FC,SUWON CITY FC,28,1P,Jung Seung-Bae,Choi Gi-Yun,,SUWON CITY FC,Normal Goal,1510339.0
23/05/2026,K League 2,2026/2027,GYEONGNAM FC,SUWON CITY FC,38,1P,Han Chan-Hee,Matheus Frizzo,,SUWON CITY FC,Normal Goal,1510339.0
23/05/2026,K League 2,2026/2027,GYEONGNAM FC,SUWON CITY FC,39,1P,Jo Jin-Woo,,,GYEONGNAM FC,Own Goal,1510339.0
23/05/2026,K League 2,2026/2027,GYEONGNAM FC,SUWON CITY FC,83,2P,Darnlei,Son Ho-Jun,,GYEONGNAM FC,Normal Goal,1510339.0
23/05/2026,K League 2,2026/2027,GYEONGNAM FC,SUWON CITY FC,90,2P,Kim Hyeong-Won,Lucao,,GYEONGNAM FC,Normal Goal,1510339.0
23/05/2026,K League 2,2026/2027,JEONNAM DRAGONS,GIMHAE CITY,71,2P,B. Mikeltadze,,,GIMHAE CITY,Normal Goal,1510340.0
23/05/2026,K League 2,2026/2027,CHEONGJU,HWASEONG,27,1P,Jeong Jin-Woo,Seo Jae-Won,,CHEONGJU,Normal Goal,1510341.0
23/05/2026,K League 2,2026/2027,CHEONGJU,HWASEONG,33,1P,L. Pllana,Jegal Jae-Min,,HWASEONG,Normal Goal,1510341.0
23/05/2026,K League 2,2026/2027,CHEONGJU,HWASEONG,54,2P,Seo Jae-Won,,,CHEONGJU,Normal Goal,1510341.0
23/05/2026,K League 2,2026/2027,CHEONGJU,HWASEONG,80,2P,S. Petrov,Demethryus,,HWASEONG,Normal Goal,1510341.0
23/05/2026,K League 2,2026/2027,CHEONGJU,HWASEONG,90,2P,S. Petrov,Demethryus,,HWASEONG,Normal Goal,1510341.0
24/05/2026,K League 2,2026/2027,DAEGU FC,ANSAN GREENERS,50,2P,Kim Kang-San,Ryu Jae-Moon,,DAEGU FC,Normal Goal,1510343.0
24/05/2026,K League 2,2026/2027,DAEGU FC,ANSAN GREENERS,72,2P,Choi Kang-Min,,,DAEGU FC,Normal Goal,1510343.0
24/05/2026,K League 2,2026/2027,DAEGU FC,ANSAN GREENERS,76,2P,Park Gi-Hyun,Matheus Serafim,,DAEGU FC,Normal Goal,1510343.0
24/05/2026,K League 2,2026/2027,SEOUL E-LAND FC,SEONGNAM FC,23,1P,Bak Jae-Yong,,,SEOUL E-LAND FC,Normal Goal,1510344.0
24/05/2026,K League 2,2026/2027,SEOUL E-LAND FC,SEONGNAM FC,35,1P,Euller,,,SEOUL E-LAND FC,Normal Goal,1510344.0
24/05/2026,K League 2,2026/2027,SEOUL E-LAND FC,SEONGNAM FC,62,2P,Kim Min-jae,Yun Min-Ho,,SEONGNAM FC,Normal Goal,1510344.0
24/05/2026,K League 2,2026/2027,SEOUL E-LAND FC,SEONGNAM FC,84,2P,Park Chang-Hwan,Oh In-Pyo,,SEOUL E-LAND FC,Normal Goal,1510344.0
25/05/2026,K League 2,2026/2027,SUWON BLUEWINGS,CHEONAN CITY,22,1P,Song Ju-Hun,Kim Do-yeon,,SUWON BLUEWINGS,Normal Goal,1510346.0
25/05/2026,K League 2,2026/2027,SUWON BLUEWINGS,CHEONAN CITY,57,2P,Lee Sang-Jun,,,CHEONAN CITY,Normal Goal,1510346.0
25/05/2026,K League 2,2026/2027,SUWON BLUEWINGS,CHEONAN CITY,73,2P,S. Ilyuchenko,Kang Hyun-Muk,,SUWON BLUEWINGS,Normal Goal,1510346.0
25/05/2026,K League 2,2026/2027,SUWON BLUEWINGS,CHEONAN CITY,86,2P,Lee Joon-Ho,Park Chang-Woo,,CHEONAN CITY,Normal Goal,1510346.0
25/05/2026,K League 2,2026/2027,SUWON BLUEWINGS,CHEONAN CITY,90,2P,Paulo Henrique,,,SUWON BLUEWINGS,Normal Goal,1510346.0
25/05/2026,K League 2,2026/2027,PAJU CITIZEN,GIMPO CITIZEN,90,2P,Kim Sung-Joon,,,GIMPO CITIZEN,Normal Goal,1510345.0
30/05/2026,K League 2,2026/2027,BUSAN I PARK,PAJU CITIZEN,45,1P,Gabriel Honorio,Kim Hyun-Min,,BUSAN I PARK,Normal Goal,1510348.0
30/05/2026,K League 2,2026/2027,BUSAN I PARK,PAJU CITIZEN,65,2P,Gabriel Honorio,,,BUSAN I PARK,Normal Goal,1510348.0
30/05/2026,K League 2,2026/2027,BUSAN I PARK,PAJU CITIZEN,78,2P,You Jae-jun,J. Baez,,PAJU CITIZEN,Normal Goal,1510348.0
30/05/2026,K League 2,2026/2027,BUSAN I PARK,PAJU CITIZEN,86,2P,Kim Se-Hoon,Baek Ga-On,,BUSAN I PARK,Normal Goal,1510348.0
30/05/2026,K League 2,2026/2027,BUSAN I PARK,PAJU CITIZEN,90,2P,J. Kim,Kim Se-Hoon,,BUSAN I PARK,Normal Goal,1510348.0
30/05/2026,K League 2,2026/2027,ASAN MUGUNGHWA,SUWON BLUEWINGS,53,2P,S. Park,Denisson Silva,,ASAN MUGUNGHWA,Normal Goal,1510347.0
30/05/2026,K League 2,2026/2027,ASAN MUGUNGHWA,SUWON BLUEWINGS,58,2P,Denisson Silva,C. Lokolingoy,,ASAN MUGUNGHWA,Normal Goal,1510347.0
30/05/2026,K League 2,2026/2027,ASAN MUGUNGHWA,SUWON BLUEWINGS,81,2P,Reis,Lee Geon-hee,,SUWON BLUEWINGS,Normal Goal,1510347.0
30/05/2026,K League 2,2026/2027,YONGIN CITY,DAEGU FC,78,2P,Edgar,Kim Ju-Gong,,DAEGU FC,Normal Goal,1510349.0
30/05/2026,K League 2,2026/2027,YONGIN CITY,DAEGU FC,90,2P,Lee Seung-Joon,,,YONGIN CITY,Normal Goal,1510349.0
30/05/2026,K League 2,2026/2027,GIMHAE CITY,GIMPO CITIZEN,13,1P,L. Mina,C. Lim,,GIMPO CITIZEN,Normal Goal,1510350.0
30/05/2026,K League 2,2026/2027,GIMHAE CITY,GIMPO CITIZEN,29,1P,M. Fall,Pyo Geon-Hee,,GIMHAE CITY,Normal Goal,1510350.0
30/05/2026,K League 2,2026/2027,GIMHAE CITY,GIMPO CITIZEN,80,2P,Luan Dias,C. Lim,,GIMPO CITIZEN,Normal Goal,1510350.0
31/05/2026,K League 2,2026/2027,JEONNAM DRAGONS,SEOUL E-LAND FC,88,2P,Alan Carius,,,SEOUL E-LAND FC,Normal Goal,1510353.0
31/05/2026,K League 2,2026/2027,HWASEONG,GYEONGNAM FC,25,1P,Park Kyung-Min,L. Pllana,,HWASEONG,Normal Goal,1510352.0
31/05/2026,K League 2,2026/2027,HWASEONG,GYEONGNAM FC,81,2P,Demethryus,L. Pllana,,HWASEONG,Normal Goal,1510352.0
31/05/2026,K League 2,2026/2027,ANSAN GREENERS,CHEONAN CITY,16,1P,A. Toungara,,,CHEONAN CITY,Penalty,1510354.0
31/05/2026,K League 2,2026/2027,ANSAN GREENERS,CHEONAN CITY,30,1P,Gabriel Lima,,,ANSAN GREENERS,Penalty,1510354.0
31/05/2026,K League 2,2026/2027,ANSAN GREENERS,CHEONAN CITY,60,2P,Jin Ui-jun,Lee Joon-Ho,,CHEONAN CITY,Normal Goal,1510354.0
31/05/2026,K League 2,2026/2027,ANSAN GREENERS,CHEONAN CITY,90,2P,Lee Ji-Hoon,Lee Joon-Ho,,CHEONAN CITY,Normal Goal,1510354.0
05/06/2026,K League 2,2026/2027,DAEGU FC,PAJU CITIZEN,67,2P,Edgar,Matheus Serafim,,DAEGU FC,Normal Goal,1510356.0
05/06/2026,K League 2,2026/2027,BUSAN I PARK,ASAN MUGUNGHWA,4,1P,Kim Min-Hyeok,Son Hwi,,BUSAN I PARK,Normal Goal,1510355.0
05/06/2026,K League 2,2026/2027,BUSAN I PARK,ASAN MUGUNGHWA,12,1P,Son Hwi,,,BUSAN I PARK,Normal Goal,1510355.0
05/06/2026,K League 2,2026/2027,BUSAN I PARK,ASAN MUGUNGHWA,26,1P,Denisson Silva,Son Jun-Ho,,ASAN MUGUNGHWA,Normal Goal,1510355.0
05/06/2026,K League 2,2026/2027,BUSAN I PARK,ASAN MUGUNGHWA,29,1P,Denisson Silva,Son Jun-Ho,,ASAN MUGUNGHWA,Normal Goal,1510355.0
05/06/2026,K League 2,2026/2027,SEONGNAM FC,GIMHAE CITY,57,2P,Bruno Costa,,,GIMHAE CITY,Penalty,1510357.0
05/06/2026,K League 2,2026/2027,SEONGNAM FC,GIMHAE CITY,63,2P,Rodrigo Angelotti,,,SEONGNAM FC,Penalty,1510357.0
06/06/2026,K League 2,2026/2027,GYEONGNAM FC,YONGIN CITY,53,2P,Cho Sang-Jun,,,GYEONGNAM FC,Normal Goal,1510358.0
06/06/2026,K League 2,2026/2027,GYEONGNAM FC,YONGIN CITY,61,2P,Cho Sang-Jun,Darnlei,,GYEONGNAM FC,Normal Goal,1510358.0
06/06/2026,K League 2,2026/2027,GYEONGNAM FC,YONGIN CITY,83,2P,Suk Hyun-Jun,Kim Bo-Sub,,YONGIN CITY,Normal Goal,1510358.0
06/06/2026,K League 2,2026/2027,GYEONGNAM FC,YONGIN CITY,85,2P,Choi Chi-Ung,Kim Bo-Sub,,YONGIN CITY,Normal Goal,1510358.0
06/06/2026,K League 2,2026/2027,HWASEONG,SUWON BLUEWINGS,42,1P,Jang Min-jun,L. Pllana,,HWASEONG,Normal Goal,1510359.0
06/06/2026,K League 2,2026/2027,HWASEONG,SUWON BLUEWINGS,68,2P,Kang Hyun-Muk,,,SUWON BLUEWINGS,Normal Goal,1510359.0
06/06/2026,K League 2,2026/2027,HWASEONG,SUWON BLUEWINGS,90,2P,S. Ilyuchenko,Song Ju-Hun,,SUWON BLUEWINGS,Normal Goal,1510359.0
07/06/2026,K League 2,2026/2027,SEOUL E-LAND FC,CHEONGJU,33,1P,Kim Hyun,,,SEOUL E-LAND FC,Normal Goal,1510362.0
07/06/2026,K League 2,2026/2027,SEOUL E-LAND FC,CHEONGJU,85,2P,J. Lee,,,CHEONGJU,Normal Goal,1510362.0
07/06/2026,K League 2,2026/2027,SEOUL E-LAND FC,CHEONGJU,90,2P,M. Garcia,Bandeira,,CHEONGJU,Normal Goal,1510362.0
07/06/2026,K League 2,2026/2027,CHEONAN CITY,SUWON CITY FC,24,1P,Bruno Lamas,,,CHEONAN CITY,Normal Goal,1510360.0
07/06/2026,K League 2,2026/2027,CHEONAN CITY,SUWON CITY FC,51,2P,Jung Seung-Bae,,,SUWON CITY FC,Normal Goal,1510360.0
07/06/2026,K League 2,2026/2027,CHEONAN CITY,SUWON CITY FC,90,2P,Ahn Chang-Min,Lee Seung-Kyu,,CHEONAN CITY,Normal Goal,1510360.0
07/06/2026,K League 2,2026/2027,CHEONAN CITY,SUWON CITY FC,90,2P,Lee Hyeon-yong,,,SUWON CITY FC,Normal Goal,1510360.0
07/06/2026,K League 2,2026/2027,GIMPO CITIZEN,JEONNAM DRAGONS,6,1P,Yoon Min-ho,,,JEONNAM DRAGONS,Normal Goal,1510361.0
07/06/2026,K League 2,2026/2027,GIMPO CITIZEN,JEONNAM DRAGONS,25,1P,Min Jun-Yeong,,,GIMPO CITIZEN,Own Goal,1510361.0
07/06/2026,K League 2,2026/2027,GIMPO CITIZEN,JEONNAM DRAGONS,45,1P,L. Mina,,,GIMPO CITIZEN,Penalty,1510361.0
07/06/2026,K League 2,2026/2027,GIMPO CITIZEN,JEONNAM DRAGONS,88,2P,Choi Han-Sol,Valdivia,,JEONNAM DRAGONS,Normal Goal,1510361.0
04/07/2026,K League 2,2026/2027,ANSAN GREENERS,SUWON CITY FC,6,1P,Gabriel Lima,M. Chol,,ANSAN GREENERS,Normal Goal,1510363.0
04/07/2026,K League 2,2026/2027,ANSAN GREENERS,SUWON CITY FC,47,2P,Matheus Babi,Matheus Frizzo,,SUWON CITY FC,Normal Goal,1510363.0
04/07/2026,K League 2,2026/2027,ANSAN GREENERS,SUWON CITY FC,52,2P,Kim Jeong-Hwan,Lee Jae-Won,,SUWON CITY FC,Normal Goal,1510363.0
04/07/2026,K League 2,2026/2027,ANSAN GREENERS,SUWON CITY FC,87,2P,Ha Jung-woo,K. Kim,,SUWON CITY FC,Normal Goal,1510363.0
04/07/2026,K League 2,2026/2027,SUWON BLUEWINGS,SEONGNAM FC,21,1P,Kang Hyun-Muk,Reis,,SUWON BLUEWINGS,Normal Goal,1510366.0
04/07/2026,K League 2,2026/2027,CHEONGJU,DAEGU FC,27,1P,Cesinha,,,DAEGU FC,Normal Goal,1510364.0
04/07/2026,K League 2,2026/2027,CHEONGJU,DAEGU FC,44,1P,Lee Rim,Hwang Jae-Won,,DAEGU FC,Normal Goal,1510364.0
04/07/2026,K League 2,2026/2027,CHEONGJU,DAEGU FC,55,2P,Hwang Jae-Won,Park In-Hyeok,,DAEGU FC,Normal Goal,1510364.0
04/07/2026,K League 2,2026/2027,CHEONGJU,DAEGU FC,71,2P,Han Jong-Mu,Kim Ju-Gong,,DAEGU FC,Normal Goal,1510364.0
04/07/2026,K League 2,2026/2027,CHEONGJU,DAEGU FC,73,2P,Kim Ju-Gong,Matheus Serafim,,DAEGU FC,Normal Goal,1510364.0
04/07/2026,K League 2,2026/2027,CHEONGJU,DAEGU FC,80,2P,M. Garcia,J. Lee,,CHEONGJU,Normal Goal,1510364.0
04/07/2026,K League 2,2026/2027,PAJU CITIZEN,YONGIN CITY,82,2P,Suk Hyun-Jun,Kim Bo-Sub,,YONGIN CITY,Normal Goal,1510365.0
05/07/2026,K League 2,2026/2027,GYEONGNAM FC,CHEONAN CITY,81,2P,Cho Sang-Jun,Kim Jung-Hyeon,,GYEONGNAM FC,Normal Goal,1510369.0
05/07/2026,K League 2,2026/2027,GYEONGNAM FC,CHEONAN CITY,84,2P,Bruno Lamas,,,CHEONAN CITY,Normal Goal,1510369.0
05/07/2026,K League 2,2026/2027,GYEONGNAM FC,CHEONAN CITY,90,2P,Won Ki-Jong,Son Ho-Jun,,GYEONGNAM FC,Normal Goal,1510369.0
05/07/2026,K League 2,2026/2027,JEONNAM DRAGONS,BUSAN I PARK,17,1P,Woo Ju-Seong,,,JEONNAM DRAGONS,Own Goal,1510370.0
05/07/2026,K League 2,2026/2027,JEONNAM DRAGONS,BUSAN I PARK,45,1P,Yoon Min-ho,Kim Beom-Su,,JEONNAM DRAGONS,Normal Goal,1510370.0
05/07/2026,K League 2,2026/2027,JEONNAM DRAGONS,BUSAN I PARK,54,2P,Gabriel Honorio,,,BUSAN I PARK,Normal Goal,1510370.0
05/07/2026,K League 2,2026/2027,JEONNAM DRAGONS,BUSAN I PARK,81,2P,Valdivia,Yoon Young-seok,,JEONNAM DRAGONS,Normal Goal,1510370.0
05/07/2026,K League 2,2026/2027,JEONNAM DRAGONS,BUSAN I PARK,85,2P,J. Kim,,,BUSAN I PARK,Normal Goal,1510370.0
05/07/2026,K League 2,2026/2027,JEONNAM DRAGONS,BUSAN I PARK,90,2P,J. Kim,Cristian Renato,,BUSAN I PARK,Normal Goal,1510370.0
05/07/2026,K League 2,2026/2027,GIMHAE CITY,SEOUL E-LAND FC,73,2P,Bak Jae-Yong,,,SEOUL E-LAND FC,Normal Goal,1510367.0
05/07/2026,K League 2,2026/2027,GIMHAE CITY,SEOUL E-LAND FC,80,2P,Euller,Bak Jae-Yong,,SEOUL E-LAND FC,Normal Goal,1510367.0
05/07/2026,K League 2,2026/2027,GIMHAE CITY,SEOUL E-LAND FC,85,2P,Sung Ho-Yeung,Lee Seung-Jae,,GIMHAE CITY,Normal Goal,1510367.0
05/07/2026,K League 2,2026/2027,GIMHAE CITY,SEOUL E-LAND FC,90,2P,Oh In-Pyo,,,SEOUL E-LAND FC,Normal Goal,1510367.0
05/07/2026,K League 2,2026/2027,GIMPO CITIZEN,ASAN MUGUNGHWA,79,2P,C. Lokolingoy,Kim Ju-Sung,,ASAN MUGUNGHWA,Normal Goal,1510368.0
05/07/2026,K League 2,2026/2027,GIMPO CITIZEN,ASAN MUGUNGHWA,86,2P,Kim Jong-Min,Han Kyo-Won,,ASAN MUGUNGHWA,Normal Goal,1510368.0
10/07/2026,K League 2,2026/2027,SUWON CITY FC,JEONNAM DRAGONS,12,1P,Kim Jeong-Hwan,Jang Young-Woo,,SUWON CITY FC,Normal Goal,1510372.0
10/07/2026,K League 2,2026/2027,SUWON CITY FC,JEONNAM DRAGONS,40,1P,Matheus Babi,Matheus Frizzo,,SUWON CITY FC,Normal Goal,1510372.0
10/07/2026,K League 2,2026/2027,SUWON CITY FC,JEONNAM DRAGONS,51,2P,Matheus Frizzo,Seo Jae-Min,,SUWON CITY FC,Normal Goal,1510372.0
10/07/2026,K League 2,2026/2027,SUWON CITY FC,JEONNAM DRAGONS,59,2P,Matheus Frizzo,Matheus Babi,,SUWON CITY FC,Normal Goal,1510372.0
10/07/2026,K League 2,2026/2027,SUWON CITY FC,JEONNAM DRAGONS,90,2P,Ha Jung-woo,Jung Seung-Bae,,SUWON CITY FC,Normal Goal,1510372.0
10/07/2026,K League 2,2026/2027,CHEONAN CITY,GIMHAE CITY,9,1P,B. Mikeltadze,Lee Kang-Uk,,GIMHAE CITY,Normal Goal,1510371.0
11/07/2026,K League 2,2026/2027,DAEGU FC,SEONGNAM FC,18,1P,Venicio,Ryu Jun-sun,,SEONGNAM FC,Normal Goal,1510374.0
11/07/2026,K League 2,2026/2027,DAEGU FC,SEONGNAM FC,25,1P,Kim Ju-Gong,,,DAEGU FC,Penalty,1510374.0
11/07/2026,K League 2,2026/2027,DAEGU FC,SEONGNAM FC,49,2P,Lee Jeong-Bin,P. Villero,,SEONGNAM FC,Normal Goal,1510374.0
11/07/2026,K League 2,2026/2027,DAEGU FC,SEONGNAM FC,57,2P,Ryu Jae-Moon,Choi Kang-Min,,DAEGU FC,Normal Goal,1510374.0
11/07/2026,K League 2,2026/2027,DAEGU FC,SEONGNAM FC,90,2P,G. Reis,M. Dackers,,DAEGU FC,Normal Goal,1510374.0
11/07/2026,K League 2,2026/2027,ANSAN GREENERS,SUWON BLUEWINGS,31,1P,Kang Seong-Jin,,,SUWON BLUEWINGS,Normal Goal,1510373.0
11/07/2026,K League 2,2026/2027,ANSAN GREENERS,SUWON BLUEWINGS,63,2P,Gabriel Lima,D. Kim,,ANSAN GREENERS,Normal Goal,1510373.0
11/07/2026,K League 2,2026/2027,ANSAN GREENERS,SUWON BLUEWINGS,83,2P,Kim In-Sung,Kim Jung-Hyun,,ANSAN GREENERS,Normal Goal,1510373.0
11/07/2026,K League 2,2026/2027,HWASEONG,PAJU CITIZEN,15,1P,J. Arias,Ryu Won-Woo,,PAJU CITIZEN,Normal Goal,1510375.0
11/07/2026,K League 2,2026/2027,HWASEONG,PAJU CITIZEN,77,2P,B. Baston,Lee Joon-Suk,,PAJU CITIZEN,Normal Goal,1510375.0
11/07/2026,K League 2,2026/2027,HWASEONG,PAJU CITIZEN,83,2P,Choi Myung-Hee,,,HWASEONG,Normal Goal,1510375.0
11/07/2026,K League 2,2026/2027,YONGIN CITY,CHEONGJU,38,1P,M. Garcia,Bandeira,,CHEONGJU,Normal Goal,1510376.0
11/07/2026,K League 2,2026/2027,YONGIN CITY,CHEONGJU,69,2P,Choi Young-Jun,,,YONGIN CITY,Normal Goal,1510376.0
12/07/2026,K League 2,2026/2027,BUSAN I PARK,GIMPO CITIZEN,45,1P,Kim Min-Hyeok,,,BUSAN I PARK,Normal Goal,1510378.0
12/07/2026,K League 2,2026/2027,BUSAN I PARK,GIMPO CITIZEN,90,2P,Cristian Renato,Park Hye-seong,,BUSAN I PARK,Normal Goal,1510378.0
12/07/2026,K League 2,2026/2027,ASAN MUGUNGHWA,GYEONGNAM FC,12,1P,Son Jun-Ho,Kim Ju-Sung,,ASAN MUGUNGHWA,Normal Goal,1510377.0
12/07/2026,K League 2,2026/2027,ASAN MUGUNGHWA,GYEONGNAM FC,45,1P,Kim Hyeon-oh,Yun Il-Lok,,GYEONGNAM FC,Normal Goal,1510377.0
18/07/2026,K League 2,2026/2027,SUWON CITY FC,SEOUL E-LAND FC,45,1P,Baek Ji-Ung,,,SUWON CITY FC,Own Goal,1510382.0
18/07/2026,K League 2,2026/2027,SUWON CITY FC,SEOUL E-LAND FC,52,2P,Euller,Bak Jae-Yong,,SEOUL E-LAND FC,Normal Goal,1510382.0
18/07/2026,K League 2,2026/2027,SUWON CITY FC,SEOUL E-LAND FC,55,2P,Oh In-Pyo,Lee Joo-hyuk,,SEOUL E-LAND FC,Normal Goal,1510382.0
18/07/2026,K League 2,2026/2027,SUWON CITY FC,SEOUL E-LAND FC,90,2P,Matheus Frizzo,,,SUWON CITY FC,Penalty,1510382.0
18/07/2026,K League 2,2026/2027,SEONGNAM FC,BUSAN I PARK,39,1P,Yang Tae-yang,Lee Jun-Sang,,SEONGNAM FC,Normal Goal,1510381.0
18/07/2026,K League 2,2026/2027,JEONNAM DRAGONS,ASAN MUGUNGHWA,53,2P,Valdivia,,,JEONNAM DRAGONS,Normal Goal,1510380.0
18/07/2026,K League 2,2026/2027,JEONNAM DRAGONS,ASAN MUGUNGHWA,90,2P,C. Lokolingoy,C. Lokolingoy,,ASAN MUGUNGHWA,Missed Penalty,1510380.0
18/07/2026,K League 2,2026/2027,GIMPO CITIZEN,DAEGU FC,10,1P,Park In-Hyeok,Matheus Serafim,,DAEGU FC,Normal Goal,1510379.0
18/07/2026,K League 2,2026/2027,GIMPO CITIZEN,DAEGU FC,90,2P,L. Mina,Paulo Henrique,,GIMPO CITIZEN,Normal Goal,1510379.0
19/07/2026,K League 2,2026/2027,GYEONGNAM FC,ANSAN GREENERS,10,1P,Cho Sang-Jun,Kim Hyeon-oh,,GYEONGNAM FC,Normal Goal,1510384.0
19/07/2026,K League 2,2026/2027,GYEONGNAM FC,ANSAN GREENERS,36,1P,Bae Hyun-Seo,Yun Il-Lok,,GYEONGNAM FC,Normal Goal,1510384.0
19/07/2026,K League 2,2026/2027,GYEONGNAM FC,ANSAN GREENERS,39,1P,Kim Hyeon-oh,Bae Hyun-Seo,,GYEONGNAM FC,Normal Goal,1510384.0
19/07/2026,K League 2,2026/2027,GYEONGNAM FC,ANSAN GREENERS,63,2P,Yun Il-Lok,,,GYEONGNAM FC,Penalty,1510384.0
19/07/2026,K League 2,2026/2027,GYEONGNAM FC,ANSAN GREENERS,90,2P,Kim Hyeon-oh,Lee Chan-Dong,,GYEONGNAM FC,Normal Goal,1510384.0
19/07/2026,K League 2,2026/2027,CHEONGJU,CHEONAN CITY,42,1P,Choi Kyu-Baek,,,CHEONGJU,Own Goal,1510383.0
19/07/2026,K League 2,2026/2027,YONGIN CITY,HWASEONG,38,1P,L. Pllana,Jegal Jae-Min,,HWASEONG,Normal Goal,1510386.0
19/07/2026,K League 2,2026/2027,YONGIN CITY,HWASEONG,45,1P,L. Pllana,,,HWASEONG,Penalty,1510386.0
19/07/2026,K League 2,2026/2027,YONGIN CITY,HWASEONG,49,2P,Jegal Jae-Min,L. Pllana,,HWASEONG,Normal Goal,1510386.0
24/07/2026,K League 2,2026/2027,SEOUL E-LAND FC,CHEONAN CITY,13,1P,Bruno Lamas,Lee Ji-Hoon,,CHEONAN CITY,Normal Goal,1510388.0
24/07/2026,K League 2,2026/2027,SEOUL E-LAND FC,CHEONAN CITY,17,1P,Alan Carius,Bae Seo-Joon,,SEOUL E-LAND FC,Normal Goal,1510388.0
24/07/2026,K League 2,2026/2027,SEOUL E-LAND FC,CHEONAN CITY,56,2P,Osmar,Alan Carius,,SEOUL E-LAND FC,Normal Goal,1510388.0
24/07/2026,K League 2,2026/2027,SEOUL E-LAND FC,CHEONAN CITY,64,2P,An Joo-wan,Park Chang-Hwan,,SEOUL E-LAND FC,Normal Goal,1510388.0
24/07/2026,K League 2,2026/2027,SEOUL E-LAND FC,CHEONAN CITY,73,2P,Bak Jae-Yong,Alan Carius,,SEOUL E-LAND FC,Normal Goal,1510388.0
24/07/2026,K League 2,2026/2027,SEOUL E-LAND FC,CHEONAN CITY,85,2P,A. Toungara,Bruno Lamas,,CHEONAN CITY,Normal Goal,1510388.0
24/07/2026,K League 2,2026/2027,SEOUL E-LAND FC,CHEONAN CITY,90,2P,Lee Sang-Jun,Park Chang-Woo,,CHEONAN CITY,Normal Goal,1510388.0
24/07/2026,K League 2,2026/2027,GIMHAE CITY,CHEONGJU,77,2P,M. Garcia,,,CHEONGJU,Normal Goal,1510387.0
24/07/2026,K League 2,2026/2027,GIMHAE CITY,CHEONGJU,90,2P,J. Woo,Gwak Seong-Uk,,GIMHAE CITY,Normal Goal,1510387.0
25/07/2026,K League 2,2026/2027,DAEGU FC,SUWON CITY FC,10,1P,Jo Jin-Woo,Matheus Frizzo,,SUWON CITY FC,Normal Goal,1510390.0
25/07/2026,K League 2,2026/2027,DAEGU FC,SUWON CITY FC,31,1P,Matheus Babi,Goo Bon-Cheul,,SUWON CITY FC,Normal Goal,1510390.0
25/07/2026,K League 2,2026/2027,DAEGU FC,SUWON CITY FC,90,2P,Matheus Serafim,,,DAEGU FC,Penalty,1510390.0
25/07/2026,K League 2,2026/2027,BUSAN I PARK,SUWON BLUEWINGS,36,1P,Park Hye-seong,,,BUSAN I PARK,Normal Goal,1510389.0
25/07/2026,K League 2,2026/2027,BUSAN I PARK,SUWON BLUEWINGS,45,1P,Kim Do-yeon,Fessin,,SUWON BLUEWINGS,Normal Goal,1510389.0
25/07/2026,K League 2,2026/2027,BUSAN I PARK,SUWON BLUEWINGS,53,2P,S. Ilyuchenko,Lee Geon-hee,,SUWON BLUEWINGS,Normal Goal,1510389.0
25/07/2026,K League 2,2026/2027,BUSAN I PARK,SUWON BLUEWINGS,77,2P,Park Hyun-Bin,Kang Seong-Jin,,SUWON BLUEWINGS,Normal Goal,1510389.0
25/07/2026,K League 2,2026/2027,BUSAN I PARK,SUWON BLUEWINGS,90,2P,Kang Hyun-Muk,,,SUWON BLUEWINGS,Normal Goal,1510389.0
25/07/2026,K League 2,2026/2027,JEONNAM DRAGONS,GYEONGNAM FC,6,1P,Valdivia,Kim Beom-Su,,JEONNAM DRAGONS,Normal Goal,1510392.0
25/07/2026,K League 2,2026/2027,JEONNAM DRAGONS,GYEONGNAM FC,65,2P,Won Ki-Jong,Son Ho-Jun,,GYEONGNAM FC,Normal Goal,1510392.0
25/07/2026,K League 2,2026/2027,HWASEONG,ASAN MUGUNGHWA,19,1P,Park Jae-Seong,Kim Byung-Oh,,HWASEONG,Normal Goal,1510391.0
25/07/2026,K League 2,2026/2027,HWASEONG,ASAN MUGUNGHWA,40,1P,Kim Byung-Oh,,,HWASEONG,Normal Goal,1510391.0
25/07/2026,K League 2,2026/2027,HWASEONG,ASAN MUGUNGHWA,63,2P,Jegal Jae-Min,,,HWASEONG,Normal Goal,1510391.0
25/07/2026,K League 2,2026/2027,HWASEONG,ASAN MUGUNGHWA,82,2P,P. Ju-Young,,,ASAN MUGUNGHWA,Normal Goal,1510391.0
25/07/2026,K League 2,2026/2027,HWASEONG,ASAN MUGUNGHWA,90,2P,P. Ju-Young,Denisson Silva,,ASAN MUGUNGHWA,Normal Goal,1510391.0
26/07/2026,K League 2,2026/2027,GIMPO CITIZEN,YONGIN CITY,76,2P,Choi Chi-Ung,Kim Bo-Sub,,YONGIN CITY,Normal Goal,1510393.0
26/07/2026,K League 2,2026/2027,GIMPO CITIZEN,YONGIN CITY,80,2P,Luan Dias,C. Lim,,GIMPO CITIZEN,Normal Goal,1510393.0
26/07/2026,K League 2,2026/2027,PAJU CITIZEN,ANSAN GREENERS,57,2P,Kim In-Sung,M. Chol,,ANSAN GREENERS,Normal Goal,1510394.0
01/08/2026,K League 2,2026/2027,ASAN MUGUNGHWA,SEONGNAM FC,50,2P,Denisson Silva,Han Kyo-Won,,ASAN MUGUNGHWA,Normal Goal,1510395.0
01/08/2026,K League 2,2026/2027,ASAN MUGUNGHWA,SEONGNAM FC,76,2P,Denisson Silva,Vitinho Lopes,,ASAN MUGUNGHWA,Normal Goal,1510395.0
01/08/2026,K League 2,2026/2027,CHEONAN CITY,YONGIN CITY,14,1P,Gabriel Tigrao,,,YONGIN CITY,Normal Goal,1510396.0
01/08/2026,K League 2,2026/2027,CHEONAN CITY,YONGIN CITY,22,1P,Hwang Seong-Min,,,CHEONAN CITY,Own Goal,1510396.0
01/08/2026,K League 2,2026/2027,CHEONAN CITY,YONGIN CITY,53,2P,A. Toungara,Lee Joon-Ho,,CHEONAN CITY,Normal Goal,1510396.0
01/08/2026,K League 2,2026/2027,CHEONAN CITY,YONGIN CITY,90,2P,Yu Dong-Gyu,Jin Tae-Ho,,YONGIN CITY,Normal Goal,1510396.0
01/08/2026,K League 2,2026/2027,CHEONGJU,SUWON BLUEWINGS,28,1P,M. Garcia,,,CHEONGJU,Normal Goal,1510397.0
01/08/2026,K League 2,2026/2027,CHEONGJU,SUWON BLUEWINGS,52,2P,Jeong Jin-Woo,Bandeira,,CHEONGJU,Normal Goal,1510397.0
01/08/2026,K League 2,2026/2027,CHEONGJU,SUWON BLUEWINGS,77,2P,Reis,Kang Seong-Jin,,SUWON BLUEWINGS,Normal Goal,1510397.0
01/08/2026,K League 2,2026/2027,CHEONGJU,SUWON BLUEWINGS,90,2P,Reis,Lee Geon-hee,,SUWON BLUEWINGS,Normal Goal,1510397.0
01/08/2026,K League 2,2026/2027,HWASEONG,DAEGU FC,15,1P,L. Pllana,Jegal Jae-Min,,HWASEONG,Normal Goal,1510398.0
01/08/2026,K League 2,2026/2027,HWASEONG,DAEGU FC,40,1P,L. Pllana,Kim Byung-Oh,,HWASEONG,Normal Goal,1510398.0
01/08/2026,K League 2,2026/2027,HWASEONG,DAEGU FC,45,1P,Jegal Jae-Min,,,HWASEONG,Normal Goal,1510398.0
01/08/2026,K League 2,2026/2027,HWASEONG,DAEGU FC,60,2P,L. Pllana,D. Kim,,HWASEONG,Normal Goal,1510398.0
01/08/2026,K League 2,2026/2027,HWASEONG,DAEGU FC,62,2P,Park In-Hyeok,Kim Ju-Gong,,DAEGU FC,Normal Goal,1510398.0
01/08/2026,K League 2,2026/2027,HWASEONG,DAEGU FC,65,2P,L. Pllana,,,HWASEONG,Penalty,1510398.0
02/08/2026,K League 2,2026/2027,BUSAN I PARK,SEOUL E-LAND FC,52,2P,Cristian Renato,Gabriel Honorio,,BUSAN I PARK,Normal Goal,1510400.0
02/08/2026,K League 2,2026/2027,BUSAN I PARK,SEOUL E-LAND FC,72,2P,Baek Ji-Ung,,,SEOUL E-LAND FC,Normal Goal,1510400.0
02/08/2026,K League 2,2026/2027,BUSAN I PARK,SEOUL E-LAND FC,84,2P,Bak Jae-Yong,Byeon Gyung-Jun,,SEOUL E-LAND FC,Normal Goal,1510400.0
02/08/2026,K League 2,2026/2027,ANSAN GREENERS,GIMHAE CITY,9,1P,Jang Hyun-Soo,,,ANSAN GREENERS,Normal Goal,1510399.0
02/08/2026,K League 2,2026/2027,ANSAN GREENERS,GIMHAE CITY,15,1P,J. Woo,W. Hong,,GIMHAE CITY,Normal Goal,1510399.0
02/08/2026,K League 2,2026/2027,ANSAN GREENERS,GIMHAE CITY,45,1P,J. Woo,,,GIMHAE CITY,Normal Goal,1510399.0
02/08/2026,K League 2,2026/2027,ANSAN GREENERS,GIMHAE CITY,90,2P,Ryu Seung-Woo,Kim In-Sung,,ANSAN GREENERS,Normal Goal,1510399.0
02/08/2026,K League 2,2026/2027,JEONNAM DRAGONS,PAJU CITIZEN,66,2P,B. Baston,Lee Min-Ki,,PAJU CITIZEN,Normal Goal,1510402.0
02/08/2026,K League 2,2026/2027,JEONNAM DRAGONS,PAJU CITIZEN,72,2P,Kim Beom-Su,,,PAJU CITIZEN,Own Goal,1510402.0
02/08/2026,K League 2,2026/2027,JEONNAM DRAGONS,PAJU CITIZEN,89,2P,Ha Nam,,,JEONNAM DRAGONS,Normal Goal,1510402.0
02/08/2026,K League 2,2026/2027,GIMPO CITIZEN,GYEONGNAM FC,3,1P,L. Mina,,,GIMPO CITIZEN,Normal Goal,1510401.0
02/08/2026,K League 2,2026/2027,GIMPO CITIZEN,GYEONGNAM FC,38,1P,Kim Hyeon-oh,Cho Sang-Jun,,GYEONGNAM FC,Normal Goal,1510401.0
07/08/2026,K League 2,2026/2027,GYEONGNAM FC,DAEGU FC,90,2P,M. Dackers,Cesinha,,DAEGU FC,Normal Goal,1510405.0
07/08/2026,K League 2,2026/2027,ASAN MUGUNGHWA,ANSAN GREENERS,21,1P,Yeon Jei-Min,,,ASAN MUGUNGHWA,Own Goal,1510403.0
07/08/2026,K League 2,2026/2027,ASAN MUGUNGHWA,ANSAN GREENERS,79,2P,M. Chol,Yeon Eung-bin,,ANSAN GREENERS,Normal Goal,1510403.0
07/08/2026,K League 2,2026/2027,SUWON BLUEWINGS,GIMHAE CITY,57,2P,Ko Jong-hyun,Jung Ho-yeon,,SUWON BLUEWINGS,Normal Goal,1510407.0
07/08/2026,K League 2,2026/2027,GIMPO CITIZEN,CHEONGJU,9,1P,L. Mina,Luan Dias,,GIMPO CITIZEN,Normal Goal,1510404.0
07/08/2026,K League 2,2026/2027,GIMPO CITIZEN,CHEONGJU,45,1P,Djalma,Luan Dias,,GIMPO CITIZEN,Normal Goal,1510404.0
07/08/2026,K League 2,2026/2027,GIMPO CITIZEN,CHEONGJU,55,2P,Paulo Henrique,Jang Bu-seong,,GIMPO CITIZEN,Normal Goal,1510404.0
07/08/2026,K League 2,2026/2027,YONGIN CITY,BUSAN I PARK,67,2P,Kim Bo-Sub,Kim Hyeon-jun,,YONGIN CITY,Normal Goal,1510408.0
07/08/2026,K League 2,2026/2027,YONGIN CITY,BUSAN I PARK,90,2P,Kang Sin-Myeong,Lee Jin-Seop,,YONGIN CITY,Normal Goal,1510408.0
08/08/2026,K League 2,2026/2027,SEONGNAM FC,CHEONAN CITY,6,1P,A. Toungara,Park Chang-Woo,,CHEONAN CITY,Normal Goal,1510410.0
08/08/2026,K League 2,2026/2027,SEONGNAM FC,CHEONAN CITY,12,1P,Lee Jeong-Bin,,,SEONGNAM FC,Penalty,1510410.0
08/08/2026,K League 2,2026/2027,SEONGNAM FC,CHEONAN CITY,45,1P,Choi Jun-Hyeok,,,SEONGNAM FC,Own Goal,1510410.0
08/08/2026,K League 2,2026/2027,SEONGNAM FC,CHEONAN CITY,58,2P,Kwon Yong-seung,,,CHEONAN CITY,Normal Goal,1510410.0
08/08/2026,K League 2,2026/2027,SEONGNAM FC,CHEONAN CITY,90,2P,Yang Tae-yang,Lee Sang-Min,,SEONGNAM FC,Normal Goal,1510410.0
08/08/2026,K League 2,2026/2027,PAJU CITIZEN,SUWON CITY FC,63,2P,Matheus Frizzo,,,SUWON CITY FC,Normal Goal,1510409.0
15/08/2026,K League 2,2026/2027,SUWON BLUEWINGS,SUWON CITY FC,5,1P,Fessin,Reis,,SUWON BLUEWINGS,Normal Goal,1510414.0
15/08/2026,K League 2,2026/2027,SUWON BLUEWINGS,SUWON CITY FC,45,1P,Jung Seung-Bae,,,SUWON CITY FC,Normal Goal,1510414.0
15/08/2026,K League 2,2026/2027,SUWON BLUEWINGS,SUWON CITY FC,49,2P,Goo Bon-Cheul,Jung Seung-Bae,,SUWON CITY FC,Normal Goal,1510414.0
15/08/2026,K League 2,2026/2027,SUWON BLUEWINGS,SUWON CITY FC,62,2P,Ko Seung-Beom,,,SUWON BLUEWINGS,Normal Goal,1510414.0
15/08/2026,K League 2,2026/2027,SUWON BLUEWINGS,SUWON CITY FC,85,2P,Matheus Babi,Matheus Babi,,SUWON CITY FC,Missed Penalty,1510414.0
15/08/2026,K League 2,2026/2027,CHEONGJU,JEONNAM DRAGONS,85,2P,M. Garcia,Bandeira,,CHEONGJU,Normal Goal,1510412.0
15/08/2026,K League 2,2026/2027,CHEONGJU,JEONNAM DRAGONS,90,2P,Min Ji-Hoon,,,CHEONGJU,Penalty,1510412.0
15/08/2026,K League 2,2026/2027,CHEONGJU,JEONNAM DRAGONS,90,2P,Chu Sang-Hoon,Jang Sun-Hyuk,,JEONNAM DRAGONS,Normal Goal,1510412.0
15/08/2026,K League 2,2026/2027,GIMHAE CITY,GYEONGNAM FC,53,2P,Kim Hyeon-oh,Lee Chan-Dong,,GYEONGNAM FC,Normal Goal,1510413.0
15/08/2026,K League 2,2026/2027,GIMHAE CITY,GYEONGNAM FC,58,2P,Lee Kang-Uk,Sung Ho-Yeung,,GIMHAE CITY,Normal Goal,1510413.0
16/08/2026,K League 2,2026/2027,DAEGU FC,ASAN MUGUNGHWA,62,2P,Matheus Serafim,Kim Dae-Woo,,DAEGU FC,Normal Goal,1510415.0
16/08/2026,K League 2,2026/2027,DAEGU FC,ASAN MUGUNGHWA,75,2P,Matheus Serafim,Cesinha,,DAEGU FC,Normal Goal,1510415.0
16/08/2026,K League 2,2026/2027,SEOUL E-LAND FC,ANSAN GREENERS,6,1P,M. Chol,Gabriel Lima,,ANSAN GREENERS,Normal Goal,1510418.0
16/08/2026,K League 2,2026/2027,SEOUL E-LAND FC,ANSAN GREENERS,13,1P,Euller,Oh In-Pyo,,SEOUL E-LAND FC,Normal Goal,1510418.0
16/08/2026,K League 2,2026/2027,SEOUL E-LAND FC,ANSAN GREENERS,59,2P,Euller,,,SEOUL E-LAND FC,Normal Goal,1510418.0
16/08/2026,K League 2,2026/2027,SEOUL E-LAND FC,ANSAN GREENERS,67,2P,Euller,,,SEOUL E-LAND FC,Penalty,1510418.0
16/08/2026,K League 2,2026/2027,GIMPO CITIZEN,CHEONAN CITY,26,1P,Kim Sung-Joon,Paulo Henrique,,GIMPO CITIZEN,Normal Goal,1510416.0
16/08/2026,K League 2,2026/2027,GIMPO CITIZEN,CHEONAN CITY,39,1P,A. Toungara,Ko Tae-Won,,CHEONAN CITY,Normal Goal,1510416.0
16/08/2026,K League 2,2026/2027,PAJU CITIZEN,SEONGNAM FC,19,1P,Lee Jeong-Bin,,,SEONGNAM FC,Penalty,1510417.0
16/08/2026,K League 2,2026/2027,PAJU CITIZEN,SEONGNAM FC,49,2P,Lee Jea-Ho,You Jae-jun,,PAJU CITIZEN,Normal Goal,1510417.0
16/08/2026,K League 2,2026/2027,PAJU CITIZEN,SEONGNAM FC,57,2P,Lee Jea-Ho,Lee Min-Ki,,PAJU CITIZEN,Normal Goal,1510417.0
22/08/2026,K League 2,2026/2027,DAEGU FC,BUSAN I PARK,66,2P,Cristian Renato,,,BUSAN I PARK,Normal Goal,1510421.0
22/08/2026,K League 2,2026/2027,DAEGU FC,BUSAN I PARK,90,2P,M. Dackers,,,DAEGU FC,Normal Goal,1510421.0
22/08/2026,K League 2,2026/2027,SUWON CITY FC,GIMHAE CITY,44,1P,Matheus Frizzo,Matheus Babi,,SUWON CITY FC,Normal Goal,1510422.0
22/08/2026,K League 2,2026/2027,SUWON CITY FC,GIMHAE CITY,88,2P,Ha Jung-woo,,,SUWON CITY FC,Normal Goal,1510422.0
22/08/2026,K League 2,2026/2027,ANSAN GREENERS,SEONGNAM FC,40,1P,Kim Jung-Hyun,,,ANSAN GREENERS,Normal Goal,1510419.0
22/08/2026,K League 2,2026/2027,ANSAN GREENERS,SEONGNAM FC,77,2P,Rodrigo Angelotti,P. Villero,,SEONGNAM FC,Normal Goal,1510419.0
22/08/2026,K League 2,2026/2027,ANSAN GREENERS,SEONGNAM FC,90,2P,M. Jeon,P. Villero,,SEONGNAM FC,Normal Goal,1510419.0
22/08/2026,K League 2,2026/2027,CHEONAN CITY,SUWON BLUEWINGS,56,2P,L. Mina,,,SUWON BLUEWINGS,Normal Goal,1510420.0
23/08/2026,K League 2,2026/2027,SEOUL E-LAND FC,PAJU CITIZEN,46,2P,Lee Jea-Ho,B. Baston,,PAJU CITIZEN,Normal Goal,1510426.0
23/08/2026,K League 2,2026/2027,SEOUL E-LAND FC,PAJU CITIZEN,59,2P,Bak Jae-Yong,,,SEOUL E-LAND FC,Normal Goal,1510426.0
23/08/2026,K League 2,2026/2027,ASAN MUGUNGHWA,YONGIN CITY,43,1P,Han Kyo-Won,,,ASAN MUGUNGHWA,Normal Goal,1510423.0
23/08/2026,K League 2,2026/2027,ASAN MUGUNGHWA,YONGIN CITY,63,2P,Gabriel Tigrao,Kim Han-Gil,,YONGIN CITY,Normal Goal,1510423.0
23/08/2026,K League 2,2026/2027,ASAN MUGUNGHWA,YONGIN CITY,73,2P,Kim Hye-seong,Son Jun-Ho,,ASAN MUGUNGHWA,Normal Goal,1510423.0
23/08/2026,K League 2,2026/2027,JEONNAM DRAGONS,HWASEONG,36,1P,Park Tae-Yong,Kim Beom-Su,,JEONNAM DRAGONS,Normal Goal,1510425.0
23/08/2026,K League 2,2026/2027,CHEONGJU,GYEONGNAM FC,8,1P,C. Mbah,Kim Ha-min,,GYEONGNAM FC,Normal Goal,1510424.0
23/08/2026,K League 2,2026/2027,CHEONGJU,GYEONGNAM FC,31,1P,Choi Jung-Won,,,CHEONGJU,Own Goal,1510424.0
28/08/2026,K League 2,2026/2027,ANSAN GREENERS,DAEGU FC,24,1P,M. Chol,Kim Jung-Hyun,,ANSAN GREENERS,Normal Goal,1510427.0
28/08/2026,K League 2,2026/2027,ANSAN GREENERS,DAEGU FC,51,2P,Cesinha,Matheus Serafim,,DAEGU FC,Normal Goal,1510427.0
28/08/2026,K League 2,2026/2027,ANSAN GREENERS,DAEGU FC,60,2P,Cesinha,Park In-Hyeok,,DAEGU FC,Normal Goal,1510427.0
28/08/2026,K League 2,2026/2027,ANSAN GREENERS,DAEGU FC,70,2P,Cesinha,Cesinha,,DAEGU FC,Missed Penalty,1510427.0
28/08/2026,K League 2,2026/2027,JEONNAM DRAGONS,CHEONAN CITY,62,2P,Chu Sang-Hoon,Ha Nam,,JEONNAM DRAGONS,Normal Goal,1510428.0
29/08/2026,K League 2,2026/2027,GYEONGNAM FC,PAJU CITIZEN,87,2P,Kim Hyeon-oh,Felipe Guilherme·Santos Fonseca,,GYEONGNAM FC,Normal Goal,1510430.0
29/08/2026,K League 2,2026/2027,SEONGNAM FC,SEOUL E-LAND FC,60,2P,Min-Gyu Jeon,,,SEONGNAM FC,Normal Goal,1510432.0
29/08/2026,K League 2,2026/2027,SEONGNAM FC,SEOUL E-LAND FC,83,2P,Gabriel dos Santos Francisco,Yoon Seok-Joo,,SEOUL E-LAND FC,Normal Goal,1510432.0
29/08/2026,K League 2,2026/2027,GIMPO CITIZEN,SUWON BLUEWINGS,6,1P,Kang Seong-Jin,Kang Hyun-muk,,SUWON BLUEWINGS,Normal Goal,1510429.0
29/08/2026,K League 2,2026/2027,GIMPO CITIZEN,SUWON BLUEWINGS,34,1P,Kang Hyun-muk,,,SUWON BLUEWINGS,Missed Penalty,1510429.0
29/08/2026,K League 2,2026/2027,GIMPO CITIZEN,SUWON BLUEWINGS,52,2P,Bruno da Silva Costa,Kim Min-woo,,SUWON BLUEWINGS,Normal Goal,1510429.0
29/08/2026,K League 2,2026/2027,GIMPO CITIZEN,SUWON BLUEWINGS,66,2P,Paulo Henrique do Pilar Silva,Choi Sung-Bum,,GIMPO CITIZEN,Normal Goal,1510429.0
29/08/2026,K League 2,2026/2027,GIMPO CITIZEN,SUWON BLUEWINGS,80,2P,Edgaras Dubickas,,,SUWON BLUEWINGS,Normal Goal,1510429.0
29/08/2026,K League 2,2026/2027,GIMPO CITIZEN,SUWON BLUEWINGS,90,2P,Kang Seong-Jin,Bruno da Silva Costa,,SUWON BLUEWINGS,Normal Goal,1510429.0
29/08/2026,K League 2,2026/2027,HWASEONG,CHEONGJU,52,2P,Park Jae-Seong,Stanislav Ilyuchenko,,HWASEONG,Normal Goal,1510431.0
29/08/2026,K League 2,2026/2027,HWASEONG,CHEONGJU,65,2P,Mender García,Bandeira,,CHEONGJU,Normal Goal,1510431.0
29/08/2026,K League 2,2026/2027,HWASEONG,CHEONGJU,90,2P,Leonard Pllana,Sava Petrov,,HWASEONG,Normal Goal,1510431.0
17/08/2026,Championship,2026/2027,CARDIFF,WREXHAM,3,1P,Kieffer Moore,Daniel Imray,,WREXHAM,Normal Goal,1563094.0
17/08/2026,Championship,2026/2027,CARDIFF,WREXHAM,90,2P,Rubin Colwill,,,CARDIFF,Normal Goal,1563094.0
22/08/2026,Championship,2026/2027,MILLWALL,NORWICH,18,1P,T. Arconte,,,MILLWALL,Normal Goal,1563099.0
22/08/2026,Championship,2026/2027,MILLWALL,NORWICH,58,2P,T. Arconte,J. Cooper,,MILLWALL,Normal Goal,1563099.0
22/08/2026,Championship,2026/2027,MILLWALL,NORWICH,84,2P,L. Cundle,C. Neghli,,MILLWALL,Normal Goal,1563099.0
22/08/2026,Championship,2026/2027,LINCOLN,PORTSMOUTH,7,1P,Ryan Kavuma-McQueen,Abu Kamara,,PORTSMOUTH,Normal Goal,1563098.0
22/08/2026,Championship,2026/2027,LINCOLN,PORTSMOUTH,16,1P,Adrian Segečić,,,PORTSMOUTH,Normal Goal,1563098.0
22/08/2026,Championship,2026/2027,LINCOLN,PORTSMOUTH,32,1P,Reeco Hackett-Fairchild,,,LINCOLN,Penalty,1563098.0
22/08/2026,Championship,2026/2027,LINCOLN,PORTSMOUTH,69,2P,Ebou Adams,,,PORTSMOUTH,Normal Goal,1563098.0
22/08/2026,Championship,2026/2027,SOUTHAMPTON,STOKE CITY,8,1P,Cyle Larin,Flynn Downes,,SOUTHAMPTON,Normal Goal,1563102.0
22/08/2026,Championship,2026/2027,SOUTHAMPTON,STOKE CITY,26,1P,Ethan Galbraith,Sam Gallagher,,STOKE CITY,Normal Goal,1563102.0
22/08/2026,Championship,2026/2027,SOUTHAMPTON,STOKE CITY,89,2P,Divin Mubama,Finn Azaz,,SOUTHAMPTON,Normal Goal,1563102.0
22/08/2026,Championship,2026/2027,SOUTHAMPTON,STOKE CITY,90,2P,Ryan Manning,,,SOUTHAMPTON,Penalty,1563102.0
22/08/2026,Championship,2026/2027,WEST HAM,CHARLTON,7,1P,Lloyd Jones,Sonny Carey,,CHARLTON,Normal Goal,1563105.0
22/08/2026,Championship,2026/2027,WEST HAM,CHARLTON,56,2P,Tyreece Campbell,,,CHARLTON,Normal Goal,1563105.0
22/08/2026,Championship,2026/2027,WEST HAM,CHARLTON,74,2P,Joël Piroe,,,WEST HAM,Normal Goal,1563105.0
22/08/2026,Championship,2026/2027,WEST HAM,CHARLTON,90,2P,Valentín Castellanos,,,WEST HAM,Missed Penalty,1563105.0
22/08/2026,Championship,2026/2027,PRESTON,WOLVES,8,1P,F. Lopez,Andre,,WOLVES,Normal Goal,1563100.0
22/08/2026,Championship,2026/2027,PRESTON,WOLVES,71,2P,A. Armstrong,R. Jimenez,,WOLVES,Normal Goal,1563100.0
22/08/2026,Championship,2026/2027,PRESTON,WOLVES,82,2P,F. Lopez,T. Doyle,,WOLVES,Normal Goal,1563100.0
22/08/2026,Championship,2026/2027,PRESTON,WOLVES,90,2P,J. Thompson,D. Burgzorg,,PRESTON,Normal Goal,1563100.0
22/08/2026,Championship,2026/2027,BLACKBURN,MIDDLESBROUGH,12,1P,Jeremy Sarmiento,Morgan Whittaker,,MIDDLESBROUGH,Normal Goal,1563096.0
22/08/2026,Championship,2026/2027,BLACKBURN,MIDDLESBROUGH,49,2P,Andri Guðjohnsen,Harry Pickering,,BLACKBURN,Normal Goal,1563096.0
22/08/2026,Championship,2026/2027,BLACKBURN,MIDDLESBROUGH,55,2P,Todd Cantwell,,,BLACKBURN,Normal Goal,1563096.0
22/08/2026,Championship,2026/2027,DERBY,CARDIFF,19,1P,Cian Ashford,Ronan Kpakio,,CARDIFF,Normal Goal,1563097.0
22/08/2026,Championship,2026/2027,DERBY,CARDIFF,26,1P,Carlton Morris,Bobby Clark,,DERBY,Normal Goal,1563097.0
22/08/2026,Championship,2026/2027,DERBY,CARDIFF,39,1P,Yousef Salech,Rubin Colwill,,CARDIFF,Normal Goal,1563097.0
22/08/2026,Championship,2026/2027,DERBY,CARDIFF,49,2P,Bobby Clark,,,DERBY,Normal Goal,1563097.0
22/08/2026,Championship,2026/2027,WREXHAM,WATFORD,14,1P,Luca Kjerrumgaard,Omar Haktab Traore,,WATFORD,Normal Goal,1563106.0
22/08/2026,Championship,2026/2027,WREXHAM,WATFORD,22,1P,Daniel Imray,,,WREXHAM,Normal Goal,1563106.0
23/08/2026,LaLiga Hypermotion,2026/2027,EIBAR,VALLADOLID,64,2P,A. Rodriguez,A. Madariaga,,EIBAR,Normal Goal,1569887.0
23/08/2026,LaLiga Hypermotion,2026/2027,SPORTING GIJON,BURGOS,6,1P,J. Otero,A. Cuenca,,SPORTING GIJON,Normal Goal,1569889.0
23/08/2026,LaLiga Hypermotion,2026/2027,TENERIFE,ALMERIA,32,1P,Enric,N. Gil,,TENERIFE,Normal Goal,1569892.0
24/08/2026,LaLiga Hypermotion,2026/2027,CELTA DE VIGO II,FC ANDORRA,49,2P,H. Lopez,H. Solozabal,,FC ANDORRA,Normal Goal,1569884.0
24/08/2026,LaLiga Hypermotion,2026/2027,CELTA DE VIGO II,FC ANDORRA,52,2P,H. Lopez,M. Sidibe,,FC ANDORRA,Normal Goal,1569884.0
24/08/2026,LaLiga Hypermotion,2026/2027,CELTA DE VIGO II,FC ANDORRA,55,2P,B. Somuah,G. Milla,,CELTA DE VIGO II,Normal Goal,1569884.0
24/08/2026,LaLiga Hypermotion,2026/2027,CELTA DE VIGO II,FC ANDORRA,87,2P,A. Marin,G. Milla,,CELTA DE VIGO II,Normal Goal,1569884.0
24/08/2026,LaLiga Hypermotion,2026/2027,CELTA DE VIGO II,FC ANDORRA,90,2P,A. Marin,K. Ribes,,CELTA DE VIGO II,Normal Goal,1569884.0
24/08/2026,LaLiga Hypermotion,2026/2027,CELTA DE VIGO II,FC ANDORRA,90,2P,A. Antanon,A. Kibet,,CELTA DE VIGO II,Normal Goal,1569884.0
24/08/2026,LaLiga Hypermotion,2026/2027,GRANADA CF,MALLORCA,20,1P,P. Aleman,S. Lopez,,GRANADA CF,Normal Goal,1569890.0
24/08/2026,LaLiga Hypermotion,2026/2027,GRANADA CF,MALLORCA,81,2P,A. Puigmal,,,GRANADA CF,Own Goal,1569890.0
23/08/2026,Serie B Italia,2026/2027,HELLAS VERONA,ASCOLI,21,1P,S. Mulattieri,A. Le Borgne,,HELLAS VERONA,Normal Goal,1601502.0
23/08/2026,Serie B Italia,2026/2027,HELLAS VERONA,ASCOLI,53,2P,A. Silipo,M. A. Chakir,,ASCOLI,Normal Goal,1601502.0
23/08/2026,Serie B Italia,2026/2027,HELLAS VERONA,ASCOLI,56,2P,S. D'Uffizi,S. Damiani,,ASCOLI,Normal Goal,1601502.0
23/08/2026,Serie B Italia,2026/2027,PISA,PADOVA,63,2P,P. Fusi,,,PADOVA,Normal Goal,1601500.0
23/08/2026,Serie B Italia,2026/2027,PALERMO,JUVE STABIA,4,1P,D. Johnsen,J. Pohjanpalo,,PALERMO,Normal Goal,1601499.0
08/08/2026,Ligue 2,2026/2027,MONTPELLIER,DIJON,90,2P,L. Megnan-Pave,,,MONTPELLIER,Normal Goal,1552427.0
08/08/2026,Ligue 2,2026/2027,MONTPELLIER,DIJON,90,2P,A. Lembezat,,,DIJON,Normal Goal,1552427.0
08/08/2026,Eredivisie,2026/2027,PSV EINDHOVEN,FORTUNA SITTARD,42,1P,O. Romeny,,,FORTUNA SITTARD,Normal Goal,1552120.0
08/08/2026,Eredivisie,2026/2027,PSV EINDHOVEN,FORTUNA SITTARD,55,2P,R. Flamingo,I. Perisic,,PSV EINDHOVEN,Normal Goal,1552120.0
08/08/2026,Eredivisie,2026/2027,PSV EINDHOVEN,FORTUNA SITTARD,74,2P,N. Fernandez,A. Plea,,PSV EINDHOVEN,Normal Goal,1552120.0
08/08/2026,Eredivisie,2026/2027,PSV EINDHOVEN,FORTUNA SITTARD,90,2P,E. Michut,,,FORTUNA SITTARD,Normal Goal,1552120.0
24/08/2026,Eerste Divisie Holanda 2da,2026/2027,JONG PSV U21,FC OSS,45,1P,J. van den Berg,S. Cornecion,,JONG PSV U21,Normal Goal,1551765.0
24/08/2026,Eerste Divisie Holanda 2da,2026/2027,JONG UTRECHT,HERACLES,3,1P,T. van Gilst,,,HERACLES,Penalty,1551766.0
24/08/2026,Eerste Divisie Holanda 2da,2026/2027,JONG UTRECHT,HERACLES,7,1P,S. Scheperman,,,HERACLES,Normal Goal,1551766.0
24/08/2026,Eerste Divisie Holanda 2da,2026/2027,JONG UTRECHT,HERACLES,37,1P,J. N'djoli,,,HERACLES,Normal Goal,1551766.0
24/08/2026,Eerste Divisie Holanda 2da,2026/2027,JONG UTRECHT,HERACLES,39,1P,T. van Gilst,D. van der Kust,,HERACLES,Normal Goal,1551766.0
24/08/2026,Eerste Divisie Holanda 2da,2026/2027,JONG UTRECHT,HERACLES,45,1P,M. Borac,C. Abbas,,HERACLES,Normal Goal,1551766.0
24/08/2026,Eerste Divisie Holanda 2da,2026/2027,JONG UTRECHT,HERACLES,51,2P,B. Menzo,,,JONG UTRECHT,Normal Goal,1551766.0
24/08/2026,Eerste Divisie Holanda 2da,2026/2027,JONG UTRECHT,HERACLES,59,2P,J. N'djoli,T. Bruns,,HERACLES,Normal Goal,1551766.0
21/08/2026,Challenger Pro League Belgica 2da,2026/2027,RSC ANDERLECHT II,EXCELSIOR VIRTON,45,1P,A. Hachem,P. Wade,,EXCELSIOR VIRTON,Normal Goal,1559134.0
09/08/2026,Super League Suiza,2026/2027,FC ST. GALLEN,FC LUZERN,45,1P,L. Daschner,,,FC ST. GALLEN,Normal Goal,1555364.0
09/08/2026,Super League Suiza,2026/2027,FC ST. GALLEN,FC LUZERN,47,2P,D. Mikolajewski,M. Di Giusto,,FC LUZERN,Normal Goal,1555364.0
09/08/2026,Super League Suiza,2026/2027,FC ST. GALLEN,FC LUZERN,89,2P,M. Di Giusto,A. Oehlers,,FC LUZERN,Normal Goal,1555364.0
09/08/2026,Super League Suiza,2026/2027,FC ST. GALLEN,FC LUZERN,90,2P,L. Gortler,,,FC ST. GALLEN,Penalty,1555364.0
21/08/2026,NB I Hungria,2026/2027,PAKS,UJPEST,21,1P,J. Windecker,A. Lapu,,PAKS,Normal Goal,1560229.0
21/08/2026,NB I Hungria,2026/2027,PAKS,UJPEST,36,1P,J. Szalai,K. Papp,,PAKS,Normal Goal,1560229.0
23/08/2026,NB I Hungria,2026/2027,GYORI ETO FC,ZALAEGERSZEGI TE,25,1P,N. Urblik,Z. Gavric,,GYORI ETO FC,Normal Goal,1560226.0
23/08/2026,NB I Hungria,2026/2027,GYORI ETO FC,ZALAEGERSZEGI TE,82,2P,V. Djukanovic,D. Stefulj,,GYORI ETO FC,Normal Goal,1560226.0
23/08/2026,NB I Hungria,2026/2027,GYORI ETO FC,ZALAEGERSZEGI TE,90,2P,M. Huszar,D. Stefulj,,GYORI ETO FC,Normal Goal,1560226.0
08/08/2026,TFF 1. Lig,2026/2027,ANTALYASPOR,KEÇIÖRENGÜCÜ,41,1P,R. Safuri,,,ANTALYASPOR,Normal Goal,1585689.0
08/08/2026,TFF 1. Lig,2026/2027,ANTALYASPOR,KEÇIÖRENGÜCÜ,48,2P,N. Storm,S. van de Streek,,ANTALYASPOR,Normal Goal,1585689.0
08/08/2026,TFF 1. Lig,2026/2027,ANTALYASPOR,KEÇIÖRENGÜCÜ,51,2P,F. Ezeh,I. Akdag,,KEÇIÖRENGÜCÜ,Normal Goal,1585689.0
08/08/2026,TFF 1. Lig,2026/2027,ANTALYASPOR,KEÇIÖRENGÜCÜ,68,2P,M. Simsek,Y. Boli,,ANTALYASPOR,Normal Goal,1585689.0
08/08/2026,TFF 1. Lig,2026/2027,ANTALYASPOR,KEÇIÖRENGÜCÜ,80,2P,M. Simsek,,,ANTALYASPOR,Normal Goal,1585689.0
08/08/2026,TFF 1. Lig,2026/2027,ANTALYASPOR,KEÇIÖRENGÜCÜ,82,2P,M. Diouf,,,KEÇIÖRENGÜCÜ,Normal Goal,1585689.0
08/08/2026,TFF 1. Lig,2026/2027,ANTALYASPOR,KEÇIÖRENGÜCÜ,90,2P,I. Akdag,,,KEÇIÖRENGÜCÜ,Penalty,1585689.0
22/08/2026,TFF 1. Lig,2026/2027,ÜMRANIYESPOR,ESENLER EROKSPOR,70,2P,C. Soukou,T. Tasci,,ÜMRANIYESPOR,Normal Goal,1585717.0
22/08/2026,TFF 1. Lig,2026/2027,ÜMRANIYESPOR,ESENLER EROKSPOR,90,2P,M. Kartal,,,ESENLER EROKSPOR,Own Goal,1585717.0
22/08/2026,TFF 1. Lig,2026/2027,IĞDIR FK,KAYSERISPOR,65,2P,B. Keser,G. Saglam,,KAYSERISPOR,Normal Goal,1585713.0
22/08/2026,TFF 1. Lig,2026/2027,ANTALYASPOR,PENDIKSPOR,16,1P,Rogerio Thuram,M. Ozdemir,,PENDIKSPOR,Normal Goal,1585709.0
22/08/2026,TFF 1. Lig,2026/2027,ANTALYASPOR,PENDIKSPOR,40,1P,Rogerio Thuram,H. Yesil,,PENDIKSPOR,Normal Goal,1585709.0
22/08/2026,TFF 1. Lig,2026/2027,ANTALYASPOR,PENDIKSPOR,62,2P,A. Sagat,D. Sinik,,ANTALYASPOR,Normal Goal,1585709.0
22/08/2026,TFF 1. Lig,2026/2027,ANTALYASPOR,PENDIKSPOR,71,2P,S. van de Streek,N. Storm,,ANTALYASPOR,Normal Goal,1585709.0
22/08/2026,TFF 1. Lig,2026/2027,ANTALYASPOR,PENDIKSPOR,73,2P,I. Manga,Y. Sonmez,,PENDIKSPOR,Normal Goal,1585709.0
23/08/2026,TFF 1. Lig,2026/2027,BANDIRMASPOR,KEÇIÖRENGÜCÜ,42,1P,G. Bruno,A. Badji,,BANDIRMASPOR,Normal Goal,1585710.0
23/08/2026,TFF 1. Lig,2026/2027,BANDIRMASPOR,KEÇIÖRENGÜCÜ,85,2P,I. Akdag,,,KEÇIÖRENGÜCÜ,Penalty,1585710.0
23/08/2026,TFF 1. Lig,2026/2027,SARIYER,BATMAN PETROLSPOR,37,1P,O. Imeri,Jo Jin-ho,,BATMAN PETROLSPOR,Normal Goal,1585715.0
23/08/2026,TFF 1. Lig,2026/2027,SARIYER,BATMAN PETROLSPOR,54,2P,B. Kor,E. Korkmazoglu,,SARIYER,Normal Goal,1585715.0
23/08/2026,TFF 1. Lig,2026/2027,SARIYER,BATMAN PETROLSPOR,74,2P,P. Yaldir,Jo Jin-ho,,BATMAN PETROLSPOR,Normal Goal,1585715.0
23/08/2026,TFF 1. Lig,2026/2027,VANSPOR FK,İSTANBULSPOR,23,1P,M. Ologo Inainfe,I. Iliev,,İSTANBULSPOR,Normal Goal,1585718.0
23/08/2026,TFF 1. Lig,2026/2027,VANSPOR FK,İSTANBULSPOR,31,1P,A. Cham,Phellipe,,İSTANBULSPOR,Normal Goal,1585718.0
23/08/2026,TFF 1. Lig,2026/2027,VANSPOR FK,İSTANBULSPOR,36,1P,F. Ozhan,,,VANSPOR FK,Normal Goal,1585718.0
23/08/2026,TFF 1. Lig,2026/2027,VANSPOR FK,İSTANBULSPOR,38,1P,J. Bardhi,F. Ozhan,,VANSPOR FK,Normal Goal,1585718.0
23/08/2026,TFF 1. Lig,2026/2027,VANSPOR FK,İSTANBULSPOR,48,2P,R. Zivkovic,M. Manis,,VANSPOR FK,Normal Goal,1585718.0
23/08/2026,TFF 1. Lig,2026/2027,VANSPOR FK,İSTANBULSPOR,65,2P,Phellipe Cardoso Araujo,,,İSTANBULSPOR,Missed Penalty,1585718.0
24/08/2026,TFF 1. Lig,2026/2027,SIVASSPOR,MANISA F.K.,17,1P,R. Manaj,U. Ciftci,,SIVASSPOR,Normal Goal,1585716.0
24/08/2026,TFF 1. Lig,2026/2027,SIVASSPOR,MANISA F.K.,33,1P,O. Erdogan,,,MANISA F.K.,Own Goal,1585716.0
24/08/2026,TFF 1. Lig,2026/2027,SIVASSPOR,MANISA F.K.,37,1P,R. Manaj,,,SIVASSPOR,Penalty,1585716.0
24/08/2026,TFF 1. Lig,2026/2027,SIVASSPOR,MANISA F.K.,65,2P,C. Sylla,Y. Talum,,MANISA F.K.,Normal Goal,1585716.0
29/08/2026,Premier League,2026/2027,BOURNEMOUTH,EVERTON,41,1P,A. Scott,Evanilson,,BOURNEMOUTH,Normal Goal,1557378.0
29/08/2026,Premier League,2026/2027,BOURNEMOUTH,EVERTON,90,2P,J. Tarkowski,,,EVERTON,Normal Goal,1557378.0
29/08/2026,Premier League,2026/2027,COVENTRY,HULL CITY,82,2P,L. Millar,M. Belloumi,,HULL CITY,Normal Goal,1557380.0
29/08/2026,Premier League,2026/2027,TOTTENHAM,NEWCASTLE,62,2P,A. Elanga,A. Dedic,,NEWCASTLE,Normal Goal,1557386.0
29/08/2026,Premier League,2026/2027,TOTTENHAM,NEWCASTLE,72,2P,Y. Wissa,N. Woltemade,,NEWCASTLE,Normal Goal,1557386.0
30/08/2026,Premier League,2026/2027,CHELSEA,BRIGHTON,4,1P,R. Lavia,,,CHELSEA,Normal Goal,1557379.0
30/08/2026,Premier League,2026/2027,CHELSEA,BRIGHTON,14,1P,P. Neto,M. Rogers,,CHELSEA,Normal Goal,1557379.0
30/08/2026,Premier League,2026/2027,CHELSEA,BRIGHTON,32,1P,Joao Pedro,J. Hato,,CHELSEA,Normal Goal,1557379.0
30/08/2026,Premier League,2026/2027,CHELSEA,BRIGHTON,35,1P,M. Yalcouye,,,BRIGHTON,Normal Goal,1557379.0
30/08/2026,Premier League,2026/2027,CHELSEA,BRIGHTON,63,2P,Joao Pedro,,,BRIGHTON,Own Goal,1557379.0
30/08/2026,Premier League,2026/2027,CHELSEA,BRIGHTON,74,2P,C. Palmer,Joao Pedro,,CHELSEA,Normal Goal,1557379.0
30/08/2026,Premier League,2026/2027,CHELSEA,BRIGHTON,90,2P,P. Gross,,,BRIGHTON,Normal Goal,1557379.0
30/08/2026,Premier League,2026/2027,LEEDS,BRENTFORD,41,1P,K. Schade,K. Lewis-Potter,,BRENTFORD,Normal Goal,1557382.0
30/08/2026,Premier League,2026/2027,LEEDS,BRENTFORD,79,2P,D. Calvert-Lewin,L. Nmecha,,LEEDS,Normal Goal,1557382.0
30/08/2026,Premier League,2026/2027,SUNDERLAND,FULHAM,75,2P,W. Isidor,H. Diarra,,SUNDERLAND,Normal Goal,1557385.0
30/08/2026,Premier League,2026/2027,MANCHESTER UNITED,IPSWICH,29,1P,L. Davis,I. Fatawu,,IPSWICH,Normal Goal,1557384.0
30/08/2026,Premier League,2026/2027,MANCHESTER UNITED,IPSWICH,40,1P,B. Fernandes,M. Cunha,,MANCHESTER UNITED,Normal Goal,1557384.0
30/08/2026,Premier League,2026/2027,MANCHESTER UNITED,IPSWICH,56,2P,J. Greaves,,,MANCHESTER UNITED,Own Goal,1557384.0
30/08/2026,Premier League,2026/2027,MANCHESTER UNITED,IPSWICH,61,2P,B. Fernandes,,,MANCHESTER UNITED,Penalty,1557384.0
30/08/2026,Premier League,2026/2027,MANCHESTER UNITED,IPSWICH,68,2P,B. Fernandes,,,MANCHESTER UNITED,Normal Goal,1557384.0
30/08/2026,Premier League,2026/2027,MANCHESTER UNITED,IPSWICH,82,2P,B. Mbeumo,B. Fernandes,,MANCHESTER UNITED,Normal Goal,1557384.0
30/08/2026,Premier League,2026/2027,MANCHESTER UNITED,IPSWICH,90,2P,C. Akpom,J. Enciso,,IPSWICH,Normal Goal,1557384.0
31/08/2026,Premier League,2026/2027,ASTON VILLA,ARSENAL,55,2P,,,,ARSENAL,Normal Goal,1557377.0
31/08/2026,Premier League,2026/2027,ASTON VILLA,ARSENAL,59,2P,B. Saka,R. Calafiori,,ARSENAL,Normal Goal,1557377.0
29/08/2026,Championship,2026/2027,WATFORD,WEST HAM,19,1P,Amin Nabizada,,,WATFORD,Normal Goal,1563116.0
29/08/2026,Championship,2026/2027,WATFORD,WEST HAM,27,1P,Matthew Pollock,,,WEST HAM,Own Goal,1563116.0
29/08/2026,Championship,2026/2027,SOUTHAMPTON,MILLWALL,15,1P,Mark Sykes,,,MILLWALL,Normal Goal,1563115.0
29/08/2026,Championship,2026/2027,SOUTHAMPTON,MILLWALL,25,1P,Cyle Larin,Ryan Manning,,SOUTHAMPTON,Normal Goal,1563115.0
29/08/2026,Championship,2026/2027,SOUTHAMPTON,MILLWALL,38,1P,Finn Azaz,Leo Scienza,,SOUTHAMPTON,Normal Goal,1563115.0
29/08/2026,Championship,2026/2027,SOUTHAMPTON,MILLWALL,55,2P,Leo Scienza,,,SOUTHAMPTON,Penalty,1563115.0
29/08/2026,Championship,2026/2027,SOUTHAMPTON,MILLWALL,62,2P,Cyle Larin,Finn Azaz,,SOUTHAMPTON,Normal Goal,1563115.0
29/08/2026,Championship,2026/2027,SOUTHAMPTON,MILLWALL,86,2P,Tom Fellows,,,SOUTHAMPTON,Normal Goal,1563115.0
29/08/2026,Championship,2026/2027,CARDIFF,SHEFFIELD UTD,2,1P,Jack Moylan,Cian Ashford,,CARDIFF,Normal Goal,1563110.0
29/08/2026,Championship,2026/2027,CARDIFF,SHEFFIELD UTD,4,1P,Thomas Cannon,,,SHEFFIELD UTD,Penalty,1563110.0
29/08/2026,Championship,2026/2027,CARDIFF,SHEFFIELD UTD,7,1P,Callum O'Hare,Patrick Bamford,,SHEFFIELD UTD,Normal Goal,1563110.0
29/08/2026,Championship,2026/2027,CARDIFF,SHEFFIELD UTD,38,1P,Cian Ashford,,,CARDIFF,Normal Goal,1563110.0
29/08/2026,Championship,2026/2027,BRISTOL CITY,PORTSMOUTH,31,1P,L. Tolaj,J. Wallace,,BRISTOL CITY,Normal Goal,1563109.0
29/08/2026,Championship,2026/2027,BRISTOL CITY,PORTSMOUTH,56,2P,J. Knight,R. Cardines,,BRISTOL CITY,Normal Goal,1563109.0
29/08/2026,Championship,2026/2027,BRISTOL CITY,PORTSMOUTH,90,2P,Marezi,,,PORTSMOUTH,Penalty,1563109.0
29/08/2026,Championship,2026/2027,BLACKBURN,QPR,49,2P,Ryoya Morishita,Andri Guðjohnsen,,BLACKBURN,Normal Goal,1563107.0
29/08/2026,Championship,2026/2027,BLACKBURN,QPR,51,2P,Paul Smyth,Rumarn Burrell,,QPR,Normal Goal,1563107.0
29/08/2026,Championship,2026/2027,BLACKBURN,QPR,74,2P,Jimmy Dunne,Tariq Lamptey,,QPR,Normal Goal,1563107.0
29/08/2026,Championship,2026/2027,BOLTON,LINCOLN,66,2P,Ben House,Callum Elder,,LINCOLN,Normal Goal,1563108.0
29/08/2026,Championship,2026/2027,NORWICH,BURNLEY,2,1P,Mohamed Touré,José Córdoba,,NORWICH,Normal Goal,1563114.0
29/08/2026,Championship,2026/2027,NORWICH,BURNLEY,5,1P,Andre Brooks,Anthony Musaba,,NORWICH,Normal Goal,1563114.0
29/08/2026,Championship,2026/2027,NORWICH,BURNLEY,21,1P,Mohamed Touré,,,NORWICH,Normal Goal,1563114.0
29/08/2026,Championship,2026/2027,NORWICH,BURNLEY,27,1P,Josh Laurent,Jacob Bruun Larsen,,BURNLEY,Normal Goal,1563114.0
29/08/2026,Championship,2026/2027,NORWICH,BURNLEY,67,2P,Andre Brooks,Jack Stacey,,NORWICH,Normal Goal,1563114.0
29/08/2026,Championship,2026/2027,CHARLTON,PRESTON,56,2P,Karlan Grant,Millenic Alli,,CHARLTON,Normal Goal,1563111.0
28/08/2026,LaLiga EA Sports,2026/2027,ALAVES,VILLARREAL,31,1P,L. Boye,A. Perez,,ALAVES,Normal Goal,1570353.0
29/08/2026,LaLiga EA Sports,2026/2027,LEVANTE,REAL BETIS,24,1P,Dela,J. A. Olasagasti,,LEVANTE,Normal Goal,1570357.0
29/08/2026,LaLiga EA Sports,2026/2027,LEVANTE,REAL BETIS,34,1P,M. Bartra,,,REAL BETIS,Normal Goal,1570357.0
29/08/2026,LaLiga EA Sports,2026/2027,LEVANTE,REAL BETIS,45,1P,E. Bardeli,,,LEVANTE,Normal Goal,1570357.0
29/08/2026,LaLiga EA Sports,2026/2027,LEVANTE,REAL BETIS,45,1P,R. Riquelme,M. Roca,,REAL BETIS,Normal Goal,1570357.0
29/08/2026,LaLiga EA Sports,2026/2027,LEVANTE,REAL BETIS,56,2P,R. Brugue,E. Bardeli,,LEVANTE,Normal Goal,1570357.0
29/08/2026,LaLiga EA Sports,2026/2027,LEVANTE,REAL BETIS,70,2P,R. Brugue,,,LEVANTE,Normal Goal,1570357.0
29/08/2026,LaLiga EA Sports,2026/2027,LEVANTE,REAL BETIS,90,2P,J. A. Olasagasti,K. Etta Eyong,,LEVANTE,Normal Goal,1570357.0
29/08/2026,LaLiga EA Sports,2026/2027,REAL SOCIEDAD,ESPANYOL,4,1P,A. Barrenetxea,M. Oyarzabal,,REAL SOCIEDAD,Normal Goal,1570361.0
29/08/2026,LaLiga EA Sports,2026/2027,REAL SOCIEDAD,ESPANYOL,45,1P,R. Fernandez Jaen,J. Hernandez,,ESPANYOL,Normal Goal,1570361.0
29/08/2026,LaLiga EA Sports,2026/2027,REAL SOCIEDAD,ESPANYOL,61,2P,O. Oskarsson,M. Oyarzabal,,REAL SOCIEDAD,Normal Goal,1570361.0
29/08/2026,LaLiga EA Sports,2026/2027,SEVILLA,ATLETICO MADRID,4,1P,A. Baena,Lee Kang-In,,ATLETICO MADRID,Normal Goal,1570362.0
29/08/2026,LaLiga EA Sports,2026/2027,SEVILLA,ATLETICO MADRID,26,1P,A. Lookman,P. Barrios,,ATLETICO MADRID,Normal Goal,1570362.0
29/08/2026,LaLiga EA Sports,2026/2027,SEVILLA,ATLETICO MADRID,33,1P,A. Baena,M. Llorente,,ATLETICO MADRID,Normal Goal,1570362.0
29/08/2026,LaLiga EA Sports,2026/2027,SEVILLA,ATLETICO MADRID,66,2P,M. Sierra,R. Ure,,SEVILLA,Normal Goal,1570362.0
30/08/2026,LaLiga EA Sports,2026/2027,REAL MADRID,MALAGA,19,1P,J. Bellingham,,,REAL MADRID,Normal Goal,1570360.0
30/08/2026,LaLiga EA Sports,2026/2027,REAL MADRID,MALAGA,26,1P,A. Herrero,,,REAL MADRID,Own Goal,1570360.0
30/08/2026,LaLiga EA Sports,2026/2027,REAL MADRID,MALAGA,30,1P,K. Mbappe,T. Alexander-Arnold,,REAL MADRID,Normal Goal,1570360.0
30/08/2026,LaLiga EA Sports,2026/2027,REAL MADRID,MALAGA,90,2P,A. Guler,Vinicius Junior,,REAL MADRID,Normal Goal,1570360.0
30/08/2026,LaLiga EA Sports,2026/2027,DEPORTIVO LA CORUNA,VALENCIA,13,1P,C. Tarrega,,,DEPORTIVO LA CORUNA,Own Goal,1570356.0
30/08/2026,LaLiga EA Sports,2026/2027,DEPORTIVO LA CORUNA,VALENCIA,17,1P,P. Aubameyang,M. Soriano,,DEPORTIVO LA CORUNA,Normal Goal,1570356.0
30/08/2026,LaLiga EA Sports,2026/2027,DEPORTIVO LA CORUNA,VALENCIA,26,1P,U. Sadiq,,,VALENCIA,Normal Goal,1570356.0
30/08/2026,LaLiga EA Sports,2026/2027,DEPORTIVO LA CORUNA,VALENCIA,59,2P,M. Diakhaby,,,DEPORTIVO LA CORUNA,Own Goal,1570356.0
30/08/2026,LaLiga EA Sports,2026/2027,CELTA VIGO,ATHLETIC CLUB,20,1P,A. Berenguer,I. Williams,,ATHLETIC CLUB,Normal Goal,1570355.0
30/08/2026,LaLiga EA Sports,2026/2027,CELTA VIGO,ATHLETIC CLUB,22,1P,R. Navarro,I. Ruiz de Galarreta,,ATHLETIC CLUB,Normal Goal,1570355.0
31/08/2026,LaLiga EA Sports,2026/2027,OSASUNA,GETAFE,45,1P,A. Budimir,,,OSASUNA,Penalty,1570358.0
31/08/2026,LaLiga EA Sports,2026/2027,BARCELONA,RAYO VALLECANO,12,1P,S. Camello,A. Garcia,,RAYO VALLECANO,Normal Goal,1570354.0
31/08/2026,LaLiga EA Sports,2026/2027,BARCELONA,RAYO VALLECANO,19,1P,Raphinha,X. Espart,,BARCELONA,Normal Goal,1570354.0
31/08/2026,LaLiga EA Sports,2026/2027,BARCELONA,RAYO VALLECANO,21,1P,Lamine Yamal,M. Bernal,,BARCELONA,Normal Goal,1570354.0
31/08/2026,LaLiga EA Sports,2026/2027,BARCELONA,RAYO VALLECANO,51,2P,F. Lejeune,,,BARCELONA,Own Goal,1570354.0
31/08/2026,LaLiga EA Sports,2026/2027,BARCELONA,RAYO VALLECANO,59,2P,S. Camello,U. Lopez,,RAYO VALLECANO,Normal Goal,1570354.0
31/08/2026,LaLiga EA Sports,2026/2027,BARCELONA,RAYO VALLECANO,71,2P,Raphinha,A. Gordon,,BARCELONA,Normal Goal,1570354.0
31/08/2026,LaLiga EA Sports,2026/2027,BARCELONA,RAYO VALLECANO,90,2P,Lamine Yamal,K. Adeyemi,,BARCELONA,Normal Goal,1570354.0
28/08/2026,LaLiga Hypermotion,2026/2027,TENERIFE,SPORTING GIJON,69,2P,A. Sarco,N. Iosifov,,SPORTING GIJON,Normal Goal,1569903.0
29/08/2026,LaLiga Hypermotion,2026/2027,SABADELL,ALMERIA,53,2P,N. Gioacchini,T. Ripoll,,SABADELL,Normal Goal,1569902.0
29/08/2026,LaLiga Hypermotion,2026/2027,LEGANES,ELDENSE,90,2P,M. Atienza,Sule,,LEGANES,Normal Goal,1569900.0
29/08/2026,LaLiga Hypermotion,2026/2027,ALBACETE,OVIEDO,42,1P,P. Saenz,A. Isfan,,OVIEDO,Normal Goal,1569893.0
29/08/2026,LaLiga Hypermotion,2026/2027,GIRONA,LAS PALMAS,22,1P,J. Garcia,F. Beltran,,GIRONA,Normal Goal,1569899.0
29/08/2026,LaLiga Hypermotion,2026/2027,GIRONA,LAS PALMAS,48,2P,Ivan Jaime,,,LAS PALMAS,Normal Goal,1569899.0
29/08/2026,LaLiga Hypermotion,2026/2027,GIRONA,LAS PALMAS,55,2P,F. Beltran,,,GIRONA,Normal Goal,1569899.0
29/08/2026,LaLiga Hypermotion,2026/2027,GIRONA,LAS PALMAS,60,2P,Y. Asprilla,V. Vanat,,GIRONA,Normal Goal,1569899.0
29/08/2026,LaLiga Hypermotion,2026/2027,GIRONA,LAS PALMAS,72,2P,Y. Asprilla,A. Ruiz,,GIRONA,Normal Goal,1569899.0
29/08/2026,LaLiga Hypermotion,2026/2027,GIRONA,LAS PALMAS,85,2P,T. Miyashiro,I. Gonzalez,,LAS PALMAS,Normal Goal,1569899.0
29/08/2026,LaLiga Hypermotion,2026/2027,GIRONA,LAS PALMAS,90,2P,I. Gonzalez,,,GIRONA,Normal Goal,1569899.0
30/08/2026,LaLiga Hypermotion,2026/2027,FC ANDORRA,EIBAR,47,2P,A. Garrido,I. Gil,,EIBAR,Normal Goal,1569894.0
30/08/2026,LaLiga Hypermotion,2026/2027,CADIZ,VALLADOLID,17,1P,Izeta,,,CADIZ,Penalty,1569896.0
30/08/2026,LaLiga Hypermotion,2026/2027,CADIZ,VALLADOLID,43,1P,L. Chacon,,,VALLADOLID,Normal Goal,1569896.0
30/08/2026,LaLiga Hypermotion,2026/2027,MALLORCA,AD CEUTA FC,20,1P,A. Sala,,,MALLORCA,Normal Goal,1569901.0
30/08/2026,LaLiga Hypermotion,2026/2027,MALLORCA,AD CEUTA FC,50,2P,A. Fuentes,Z. Luvumbo,,MALLORCA,Normal Goal,1569901.0
30/08/2026,LaLiga Hypermotion,2026/2027,MALLORCA,AD CEUTA FC,89,2P,A. Buksa,A. Sala,,MALLORCA,Normal Goal,1569901.0
30/08/2026,LaLiga Hypermotion,2026/2027,CORDOBA,GRANADA CF,2,1P,Percan,E. Garcia,,CORDOBA,Normal Goal,1569898.0
30/08/2026,LaLiga Hypermotion,2026/2027,CORDOBA,GRANADA CF,65,2P,B. Dembele,M. Lama,,GRANADA CF,Normal Goal,1569898.0
30/08/2026,LaLiga Hypermotion,2026/2027,CORDOBA,GRANADA CF,89,2P,J. Pascual,B. Diallo,,GRANADA CF,Normal Goal,1569898.0
30/08/2026,LaLiga Hypermotion,2026/2027,CORDOBA,GRANADA CF,90,2P,A. Marques,,,GRANADA CF,Normal Goal,1569898.0
31/08/2026,LaLiga Hypermotion,2026/2027,BURGOS,REAL SOCIEDAD II,13,1P,C. Sanchez,,,BURGOS,Penalty,1569895.0
31/08/2026,LaLiga Hypermotion,2026/2027,BURGOS,REAL SOCIEDAD II,38,1P,G. Carrera,D. Diaz,,REAL SOCIEDAD II,Normal Goal,1569895.0
31/08/2026,LaLiga Hypermotion,2026/2027,BURGOS,REAL SOCIEDAD II,57,2P,A. Fores,,,BURGOS,Normal Goal,1569895.0
31/08/2026,LaLiga Hypermotion,2026/2027,BURGOS,REAL SOCIEDAD II,63,2P,G. Gorosabel,,,REAL SOCIEDAD II,Normal Goal,1569895.0
31/08/2026,LaLiga Hypermotion,2026/2027,CELTA DE VIGO II,CASTELLÓN,9,1P,F. Castillo,,,CASTELLÓN,Normal Goal,1569897.0
31/08/2026,LaLiga Hypermotion,2026/2027,CELTA DE VIGO II,CASTELLÓN,48,2P,P. Santiago,F. Castillo,,CASTELLÓN,Normal Goal,1569897.0
31/08/2026,LaLiga Hypermotion,2026/2027,CELTA DE VIGO II,CASTELLÓN,79,2P,O. Marcos,H. F. Cuenca Martinez,,CELTA DE VIGO II,Normal Goal,1569897.0
29/08/2026,Bundesliga,2026/2027,RB LEIPZIG,BORUSSIA MÖNCHENGLADBACH,25,1P,R. Baku,T. Gomis,,RB LEIPZIG,Normal Goal,1575147.0
29/08/2026,Bundesliga,2026/2027,RB LEIPZIG,BORUSSIA MÖNCHENGLADBACH,49,2P,A. Nusa,T. Gomis,,RB LEIPZIG,Normal Goal,1575147.0
29/08/2026,Bundesliga,2026/2027,RB LEIPZIG,BORUSSIA MÖNCHENGLADBACH,66,2P,R. Reitz,C. Nkunku,,RB LEIPZIG,Normal Goal,1575147.0
29/08/2026,Bundesliga,2026/2027,UNION BERLIN,EINTRACHT FRANKFURT,3,1P,E. Latte Lath,J. Juranovic,,UNION BERLIN,Normal Goal,1575148.0
29/08/2026,Bundesliga,2026/2027,UNION BERLIN,EINTRACHT FRANKFURT,10,1P,Y. Ebnoutalib,,,EINTRACHT FRANKFURT,Normal Goal,1575148.0
29/08/2026,Bundesliga,2026/2027,UNION BERLIN,EINTRACHT FRANKFURT,11,1P,Y. Ebnoutalib,,,EINTRACHT FRANKFURT,Normal Goal,1575148.0
29/08/2026,Bundesliga,2026/2027,UNION BERLIN,EINTRACHT FRANKFURT,67,2P,Y. Ebnoutalib,E. Baum,,EINTRACHT FRANKFURT,Normal Goal,1575148.0
29/08/2026,Bundesliga,2026/2027,UNION BERLIN,EINTRACHT FRANKFURT,79,2P,L. Querfeld,J. Juranovic,,UNION BERLIN,Normal Goal,1575148.0
29/08/2026,Bundesliga,2026/2027,UNION BERLIN,EINTRACHT FRANKFURT,90,2P,T. Skarke,L. Querfeld,,UNION BERLIN,Normal Goal,1575148.0
29/08/2026,Bundesliga,2026/2027,1. FC KÖLN,1899 HOFFENHEIM,27,1P,A. Daghim,B. Conte,,1899 HOFFENHEIM,Normal Goal,1575144.0
29/08/2026,Bundesliga,2026/2027,1. FC KÖLN,1899 HOFFENHEIM,51,2P,S. El Mala,,,1. FC KÖLN,Normal Goal,1575144.0
29/08/2026,Bundesliga,2026/2027,1. FC KÖLN,1899 HOFFENHEIM,57,2P,Max Moerstedt,,,1899 HOFFENHEIM,Missed Penalty,1575144.0
29/08/2026,Bundesliga,2026/2027,1. FC KÖLN,1899 HOFFENHEIM,67,2P,O. Kabak,V. Coufal,,1899 HOFFENHEIM,Normal Goal,1575144.0
29/08/2026,Bundesliga,2026/2027,1. FC KÖLN,1899 HOFFENHEIM,72,2P,T. Dallinga,L. Maina,,1. FC KÖLN,Normal Goal,1575144.0
29/08/2026,Bundesliga,2026/2027,1. FC KÖLN,1899 HOFFENHEIM,82,2P,T. Dallinga,,,1. FC KÖLN,Normal Goal,1575144.0
29/08/2026,Bundesliga,2026/2027,SV ELVERSBERG,BAYER LEVERKUSEN,8,1P,L. Petkov,F. Onyeka,,SV ELVERSBERG,Normal Goal,1575143.0
29/08/2026,Bundesliga,2026/2027,SV ELVERSBERG,BAYER LEVERKUSEN,9,1P,C. Campbell,,,SV ELVERSBERG,Normal Goal,1575143.0
29/08/2026,Bundesliga,2026/2027,SV ELVERSBERG,BAYER LEVERKUSEN,46,2P,D. Mokwa Ntusu,L. Petkov,,SV ELVERSBERG,Normal Goal,1575143.0
29/08/2026,Bundesliga,2026/2027,SV ELVERSBERG,BAYER LEVERKUSEN,77,2P,P. Schick,I. Maza,,BAYER LEVERKUSEN,Normal Goal,1575143.0
29/08/2026,Bundesliga,2026/2027,SV ELVERSBERG,BAYER LEVERKUSEN,90,2P,C. Kofane,,,BAYER LEVERKUSEN,Normal Goal,1575143.0
29/08/2026,Bundesliga,2026/2027,BORUSSIA DORTMUND,HAMBURGER SV,9,1P,S. Guirassy,K. Karetsas,,BORUSSIA DORTMUND,Normal Goal,1575142.0
29/08/2026,Bundesliga,2026/2027,BORUSSIA DORTMUND,HAMBURGER SV,45,1P,G. Konstantelias,M. Beier,,BORUSSIA DORTMUND,Normal Goal,1575142.0
30/08/2026,Bundesliga,2026/2027,SC FREIBURG,WERDER BREMEN,29,1P,Y. Suzuki,J. Beste,,SC FREIBURG,Normal Goal,1575145.0
30/08/2026,Bundesliga,2026/2027,SC FREIBURG,WERDER BREMEN,45,1P,I. Matanovic,M. Ginter,,SC FREIBURG,Normal Goal,1575145.0
30/08/2026,Bundesliga,2026/2027,SC FREIBURG,WERDER BREMEN,48,2P,Y. Suzuki,,,SC FREIBURG,Normal Goal,1575145.0
30/08/2026,Bundesliga,2026/2027,SC FREIBURG,WERDER BREMEN,55,2P,Y. Suzuki,I. Matanovic,,SC FREIBURG,Normal Goal,1575145.0
30/08/2026,Bundesliga,2026/2027,SC FREIBURG,WERDER BREMEN,76,2P,D. Stalmach,M. Grull,,WERDER BREMEN,Normal Goal,1575145.0
30/08/2026,Bundesliga,2026/2027,FC AUGSBURG,FC SCHALKE 04,18,1P,M. Gregoritsch,A. Kade,,FC AUGSBURG,Normal Goal,1575141.0
30/08/2026,Bundesliga,2026/2027,FC AUGSBURG,FC SCHALKE 04,79,2P,A. Kade,F. Rieder,,FC AUGSBURG,Normal Goal,1575141.0
30/08/2026,Bundesliga,2026/2027,FC AUGSBURG,FC SCHALKE 04,90,2P,R. Ribeiro,Seol Young-Woo,,FC AUGSBURG,Normal Goal,1575141.0
29/08/2026,2. Bundesliga,2026/2027,1. FC NÜRNBERG,ARMINIA BIELEFELD,11,1P,M. A. Zoma,,,1. FC NÜRNBERG,Normal Goal,1576159.0
29/08/2026,2. Bundesliga,2026/2027,1. FC NÜRNBERG,ARMINIA BIELEFELD,22,1P,T. Janisch,F. Becker,,1. FC NÜRNBERG,Normal Goal,1576159.0
29/08/2026,2. Bundesliga,2026/2027,1. FC NÜRNBERG,ARMINIA BIELEFELD,38,1P,A. Markhiev,E. Porstner,,1. FC NÜRNBERG,Normal Goal,1576159.0
29/08/2026,2. Bundesliga,2026/2027,1. FC NÜRNBERG,ARMINIA BIELEFELD,67,2P,A. Markhiev,,,1. FC NÜRNBERG,Normal Goal,1576159.0
29/08/2026,2. Bundesliga,2026/2027,1. FC NÜRNBERG,ARMINIA BIELEFELD,76,2P,M. Worl,,,ARMINIA BIELEFELD,Normal Goal,1576159.0
30/08/2026,2. Bundesliga,2026/2027,1. FC MAGDEBURG,HOLSTEIN KIEL,72,2P,M. Zukowski,B. Atik,,1. FC MAGDEBURG,Normal Goal,1576158.0
30/08/2026,2. Bundesliga,2026/2027,1. FC MAGDEBURG,HOLSTEIN KIEL,81,2P,L. Hyrylainen,A. Nollenberger,,1. FC MAGDEBURG,Normal Goal,1576158.0
30/08/2026,2. Bundesliga,2026/2027,SV DARMSTADT 98,HANNOVER 96,57,2P,L. Gindorf,,,HANNOVER 96,Penalty,1576155.0
30/08/2026,2. Bundesliga,2026/2027,FC ST. PAULI,1. FC KAISERSLAUTERN,29,1P,E. Yardimci,S. Sahin,,1. FC KAISERSLAUTERN,Normal Goal,1576160.0
30/08/2026,2. Bundesliga,2026/2027,FC ST. PAULI,1. FC KAISERSLAUTERN,46,2P,T. Tazemeta,,,1. FC KAISERSLAUTERN,Normal Goal,1576160.0
30/08/2026,2. Bundesliga,2026/2027,FC ST. PAULI,1. FC KAISERSLAUTERN,56,2P,A. Ceesay,T. Hara,,FC ST. PAULI,Normal Goal,1576160.0
29/08/2026,Bundesliga Austria,2026/2027,LASK LINZ,SCR ALTACH,3,1P,C. Lang,S. Horvath,,LASK LINZ,Normal Goal,1561920.0
29/08/2026,Bundesliga Austria,2026/2027,LASK LINZ,SCR ALTACH,19,1P,C. Lang,J. Tornich,,LASK LINZ,Normal Goal,1561920.0
29/08/2026,Bundesliga Austria,2026/2027,LASK LINZ,SCR ALTACH,89,2P,F. Flecker,K. Danek,,LASK LINZ,Normal Goal,1561920.0
30/08/2026,Bundesliga Austria,2026/2027,RAPID VIENNA,STURM GRAZ,7,1P,Y. Demir,,,RAPID VIENNA,Penalty,1561922.0
30/08/2026,Bundesliga Austria,2026/2027,RAPID VIENNA,STURM GRAZ,10,1P,B. Beganovic,S. Seidl,,STURM GRAZ,Normal Goal,1561922.0
30/08/2026,Bundesliga Austria,2026/2027,RAPID VIENNA,STURM GRAZ,17,1P,M. Tilio,T. Adamsen,,RAPID VIENNA,Normal Goal,1561922.0
30/08/2026,Bundesliga Austria,2026/2027,RAPID VIENNA,STURM GRAZ,86,2P,P. Dahl,Y. Demir,,RAPID VIENNA,Normal Goal,1561922.0
30/08/2026,Bundesliga Austria,2026/2027,TSV HARTBERG,RIED,6,1P,M. Hoffmann,,,TSV HARTBERG,Penalty,1561921.0
30/08/2026,Bundesliga Austria,2026/2027,TSV HARTBERG,RIED,11,1P,S. Chukwudi,,,RIED,Normal Goal,1561921.0
30/08/2026,Bundesliga Austria,2026/2027,TSV HARTBERG,RIED,38,1P,M. Hoffmann,F. Wilfinger,,TSV HARTBERG,Normal Goal,1561921.0
30/08/2026,Bundesliga Austria,2026/2027,TSV HARTBERG,RIED,64,2P,E. E. Aisowieren,J. Nasrawe,,RIED,Normal Goal,1561921.0
30/08/2026,Bundesliga Austria,2026/2027,TSV HARTBERG,RIED,71,2P,J. Karner,T. Kainz,,TSV HARTBERG,Normal Goal,1561921.0
30/08/2026,Bundesliga Austria,2026/2027,RED BULL SALZBURG,AUSTRIA VIENNA,13,1P,Lee Kang-Hee,,,RED BULL SALZBURG,Own Goal,1561923.0
30/08/2026,Bundesliga Austria,2026/2027,RED BULL SALZBURG,AUSTRIA VIENNA,19,1P,H. Tabakovic,N. Veratschnig,,RED BULL SALZBURG,Normal Goal,1561923.0
30/08/2026,Bundesliga Austria,2026/2027,RED BULL SALZBURG,AUSTRIA VIENNA,31,1P,B. Mazurek,A. Barry,,RED BULL SALZBURG,Normal Goal,1561923.0
30/08/2026,Bundesliga Austria,2026/2027,RED BULL SALZBURG,AUSTRIA VIENNA,47,2P,M. Fischer,F. Wustinger,,AUSTRIA VIENNA,Normal Goal,1561923.0
30/08/2026,Bundesliga Austria,2026/2027,RED BULL SALZBURG,AUSTRIA VIENNA,55,2P,Y. Vertessen,A. Camara,,RED BULL SALZBURG,Normal Goal,1561923.0
31/07/2026,2. Liga Austria 2da,2026/2027,ADMIRA WACKER,RAPID WIEN II,29,1P,D. Djezic,E. Music,,RAPID WIEN II,Normal Goal,1567860.0
31/07/2026,2. Liga Austria 2da,2026/2027,WACKER INNSBRUCK,SCHWARZ-WEISS BREGENZ,25,1P,F. Kopp,Q. Rackl,,WACKER INNSBRUCK,Normal Goal,1567867.0
31/07/2026,2. Liga Austria 2da,2026/2027,WACKER INNSBRUCK,SCHWARZ-WEISS BREGENZ,32,1P,C. Weinzierl,A. Lechl,,WACKER INNSBRUCK,Normal Goal,1567867.0
31/07/2026,2. Liga Austria 2da,2026/2027,WACKER INNSBRUCK,SCHWARZ-WEISS BREGENZ,37,1P,M. Sy,A. Rodriguez,,WACKER INNSBRUCK,Normal Goal,1567867.0
31/07/2026,2. Liga Austria 2da,2026/2027,WACKER INNSBRUCK,SCHWARZ-WEISS BREGENZ,44,1P,A. Joppich,,,WACKER INNSBRUCK,Normal Goal,1567867.0
31/07/2026,2. Liga Austria 2da,2026/2027,WACKER INNSBRUCK,SCHWARZ-WEISS BREGENZ,72,2P,P. Kunze,Q. Rackl,,WACKER INNSBRUCK,Normal Goal,1567867.0
31/07/2026,2. Liga Austria 2da,2026/2027,SV KAPFENBERG,FC LIEFERING,21,1P,Y. Sulbaran,I. Ivanschitz,,FC LIEFERING,Normal Goal,1567866.0
31/07/2026,2. Liga Austria 2da,2026/2027,SV KAPFENBERG,FC LIEFERING,28,1P,I. Ivanschitz,O. Adejenughure,,FC LIEFERING,Normal Goal,1567866.0
31/07/2026,2. Liga Austria 2da,2026/2027,SV KAPFENBERG,FC LIEFERING,71,2P,Yuri Leles,J. Winklhofer,,FC LIEFERING,Normal Goal,1567866.0
31/07/2026,2. Liga Austria 2da,2026/2027,SV KAPFENBERG,FC LIEFERING,83,2P,J. Werner,S. Nisic,,FC LIEFERING,Normal Goal,1567866.0
31/07/2026,2. Liga Austria 2da,2026/2027,AUSTRIA VIENNA (AM),FC BW LINZ,30,1P,Ronivaldo,,,FC BW LINZ,Normal Goal,1567862.0
31/07/2026,2. Liga Austria 2da,2026/2027,AUSTRIA VIENNA (AM),FC BW LINZ,71,2P,R. Vucic,A. Pasic,,FC BW LINZ,Normal Goal,1567862.0
31/07/2026,2. Liga Austria 2da,2026/2027,AUSTRIA VIENNA (AM),FC BW LINZ,89,2P,R. Vucic,N. Grimbs,,FC BW LINZ,Normal Goal,1567862.0
31/07/2026,2. Liga Austria 2da,2026/2027,VOITSBERG,SKU AMSTETTEN,42,1P,F. Schubert,,,VOITSBERG,Penalty,1567861.0
31/07/2026,2. Liga Austria 2da,2026/2027,VOITSBERG,SKU AMSTETTEN,90,2P,N. Zellhofer,T. Mayer,,SKU AMSTETTEN,Normal Goal,1567861.0
31/07/2026,2. Liga Austria 2da,2026/2027,FLORIDSDORFER AC,SKN ST. POLTEN,8,1P,L. Piskule,J. Richards,,FLORIDSDORFER AC,Normal Goal,1567864.0
01/08/2026,2. Liga Austria 2da,2026/2027,FIRST VIENNA,STURM GRAZ II,22,1P,B. Zimmermann,,,FIRST VIENNA,Normal Goal,1567863.0
01/08/2026,2. Liga Austria 2da,2026/2027,FIRST VIENNA,STURM GRAZ II,37,1P,M. Fillafer,R. Marte,,FIRST VIENNA,Normal Goal,1567863.0
01/08/2026,2. Liga Austria 2da,2026/2027,FIRST VIENNA,STURM GRAZ II,67,2P,M. Winter,F. Prohart,,FIRST VIENNA,Normal Goal,1567863.0
01/08/2026,2. Liga Austria 2da,2026/2027,FIRST VIENNA,STURM GRAZ II,79,2P,C. Monschein,Y. Soukouna,,FIRST VIENNA,Normal Goal,1567863.0
02/08/2026,2. Liga Austria 2da,2026/2027,WSPG WELS,AUSTRIA SALZBURG,59,2P,T. Crnkic,R. Hofer,,AUSTRIA SALZBURG,Normal Goal,1567865.0
02/08/2026,2. Liga Austria 2da,2026/2027,WSPG WELS,AUSTRIA SALZBURG,72,2P,C. Gebauer,T. Crnkic,,AUSTRIA SALZBURG,Normal Goal,1567865.0
07/08/2026,2. Liga Austria 2da,2026/2027,SKN ST. POLTEN,AUSTRIA VIENNA (AM),40,1P,Bruno Jerabek,Tomy Baotic,,AUSTRIA VIENNA (AM),Normal Goal,1567874.0
07/08/2026,2. Liga Austria 2da,2026/2027,FC LIEFERING,WSPG WELS,14,1P,T. Sahin,O. Kregar,,WSPG WELS,Normal Goal,1567872.0
07/08/2026,2. Liga Austria 2da,2026/2027,FC LIEFERING,WSPG WELS,31,1P,J. Werner,M. Matjasec,,FC LIEFERING,Normal Goal,1567872.0
07/08/2026,2. Liga Austria 2da,2026/2027,FC LIEFERING,WSPG WELS,50,2P,S. Malinowski,C. Wernitznig,,WSPG WELS,Normal Goal,1567872.0
07/08/2026,2. Liga Austria 2da,2026/2027,FC LIEFERING,WSPG WELS,79,2P,I. Drammeh,T. Sahin,,WSPG WELS,Normal Goal,1567872.0
07/08/2026,2. Liga Austria 2da,2026/2027,FC LIEFERING,WSPG WELS,84,2P,J. Hussauf,L. Traore,,FC LIEFERING,Normal Goal,1567872.0
07/08/2026,2. Liga Austria 2da,2026/2027,FC BW LINZ,WACKER INNSBRUCK,37,1P,D. Kreiker,E. Weinhauer,,FC BW LINZ,Normal Goal,1567871.0
07/08/2026,2. Liga Austria 2da,2026/2027,FC BW LINZ,WACKER INNSBRUCK,45,1P,F. Strauss,R. Vucic,,FC BW LINZ,Normal Goal,1567871.0
07/08/2026,2. Liga Austria 2da,2026/2027,FC BW LINZ,WACKER INNSBRUCK,79,2P,N. Grimbs,D. Frieser,,FC BW LINZ,Normal Goal,1567871.0
08/08/2026,2. Liga Austria 2da,2026/2027,RAPID WIEN II,VOITSBERG,1,1P,F. Schubert,,,VOITSBERG,Normal Goal,1567873.0
08/08/2026,2. Liga Austria 2da,2026/2027,RAPID WIEN II,VOITSBERG,21,1P,P. Jager,F. Schubert,,VOITSBERG,Normal Goal,1567873.0
08/08/2026,2. Liga Austria 2da,2026/2027,RAPID WIEN II,VOITSBERG,84,2P,E. Stehrer,D. Djezic,,RAPID WIEN II,Normal Goal,1567873.0
08/08/2026,2. Liga Austria 2da,2026/2027,RAPID WIEN II,VOITSBERG,88,2P,C. Wolbl,,,VOITSBERG,Normal Goal,1567873.0
08/08/2026,2. Liga Austria 2da,2026/2027,AUSTRIA SALZBURG,FIRST VIENNA,4,1P,Bernhard Zimmermann,Youssouf Soukouna,,FIRST VIENNA,Normal Goal,1567869.0
08/08/2026,2. Liga Austria 2da,2026/2027,AUSTRIA SALZBURG,FIRST VIENNA,41,1P,Florian Rieder,,,AUSTRIA SALZBURG,Normal Goal,1567869.0
08/08/2026,2. Liga Austria 2da,2026/2027,AUSTRIA SALZBURG,FIRST VIENNA,46,2P,Denis Kahrimanovic,Christoph Gruber,,AUSTRIA SALZBURG,Normal Goal,1567869.0
08/08/2026,2. Liga Austria 2da,2026/2027,AUSTRIA SALZBURG,FIRST VIENNA,51,2P,Christian Gebauer,Tamar Crnkic,,AUSTRIA SALZBURG,Normal Goal,1567869.0
08/08/2026,2. Liga Austria 2da,2026/2027,AUSTRIA SALZBURG,FIRST VIENNA,62,2P,Christian Huetz,Moritz Eder,,AUSTRIA SALZBURG,Normal Goal,1567869.0
08/08/2026,2. Liga Austria 2da,2026/2027,STURM GRAZ II,FLORIDSDORFER AC,4,1P,B. Maierhofer,E. Roche,,STURM GRAZ II,Normal Goal,1567875.0
08/08/2026,2. Liga Austria 2da,2026/2027,STURM GRAZ II,FLORIDSDORFER AC,20,1P,L. Piskule,,,FLORIDSDORFER AC,Penalty,1567875.0
08/08/2026,2. Liga Austria 2da,2026/2027,STURM GRAZ II,FLORIDSDORFER AC,24,1P,L. Piskule,,,FLORIDSDORFER AC,Penalty,1567875.0
08/08/2026,2. Liga Austria 2da,2026/2027,STURM GRAZ II,FLORIDSDORFER AC,45,1P,B. Maierhofer,J. Locker,,STURM GRAZ II,Normal Goal,1567875.0
08/08/2026,2. Liga Austria 2da,2026/2027,STURM GRAZ II,FLORIDSDORFER AC,62,2P,J. Halwachs,,,STURM GRAZ II,Normal Goal,1567875.0
08/08/2026,2. Liga Austria 2da,2026/2027,STURM GRAZ II,FLORIDSDORFER AC,88,2P,B. Pernot,E. Roche,,STURM GRAZ II,Normal Goal,1567875.0
08/08/2026,2. Liga Austria 2da,2026/2027,SCHWARZ-WEISS BREGENZ,SV KAPFENBERG,19,1P,Henrique Cayres,L. Nussbaumer,,SCHWARZ-WEISS BREGENZ,Normal Goal,1567870.0
08/08/2026,2. Liga Austria 2da,2026/2027,SCHWARZ-WEISS BREGENZ,SV KAPFENBERG,54,2P,J. Rostas,,,SV KAPFENBERG,Normal Goal,1567870.0
08/08/2026,2. Liga Austria 2da,2026/2027,SCHWARZ-WEISS BREGENZ,SV KAPFENBERG,83,2P,T. de Sousa Oliveira,A. Fetahu,,SCHWARZ-WEISS BREGENZ,Normal Goal,1567870.0
08/08/2026,2. Liga Austria 2da,2026/2027,SCHWARZ-WEISS BREGENZ,SV KAPFENBERG,86,2P,T. de Sousa Oliveira,A. Fetahu,,SCHWARZ-WEISS BREGENZ,Normal Goal,1567870.0
08/08/2026,2. Liga Austria 2da,2026/2027,SCHWARZ-WEISS BREGENZ,SV KAPFENBERG,90,2P,Y. Shima,,,SV KAPFENBERG,Own Goal,1567870.0
09/08/2026,2. Liga Austria 2da,2026/2027,SKU AMSTETTEN,ADMIRA WACKER,37,1P,D. Peham,A. Haider,,SKU AMSTETTEN,Normal Goal,1567868.0
09/08/2026,2. Liga Austria 2da,2026/2027,SKU AMSTETTEN,ADMIRA WACKER,67,2P,A. Haider,T. Mayer,,SKU AMSTETTEN,Normal Goal,1567868.0
09/08/2026,2. Liga Austria 2da,2026/2027,SKU AMSTETTEN,ADMIRA WACKER,85,2P,S. Savic,T. Gemicibasi,,ADMIRA WACKER,Normal Goal,1567868.0
14/08/2026,2. Liga Austria 2da,2026/2027,WSPG WELS,RAPID WIEN II,41,1P,D. Djezic,E. Music,,RAPID WIEN II,Normal Goal,1567880.0
14/08/2026,2. Liga Austria 2da,2026/2027,WSPG WELS,RAPID WIEN II,55,2P,N. Keckeisen,T. Sahin,,WSPG WELS,Normal Goal,1567880.0
14/08/2026,2. Liga Austria 2da,2026/2027,WSPG WELS,RAPID WIEN II,81,2P,R. Kerschbaum,,,RAPID WIEN II,Normal Goal,1567880.0
14/08/2026,2. Liga Austria 2da,2026/2027,SKN ST. POLTEN,FC BW LINZ,90,2P,N. Grimbs,R. Vucic,,FC BW LINZ,Normal Goal,1567882.0
15/08/2026,2. Liga Austria 2da,2026/2027,FLORIDSDORFER AC,SKU AMSTETTEN,5,1P,P. Offenthaler,D. Peham,,SKU AMSTETTEN,Normal Goal,1567879.0
15/08/2026,2. Liga Austria 2da,2026/2027,FLORIDSDORFER AC,SKU AMSTETTEN,14,1P,T. Glavan,M. Vucenovic,,FLORIDSDORFER AC,Normal Goal,1567879.0
15/08/2026,2. Liga Austria 2da,2026/2027,FLORIDSDORFER AC,SKU AMSTETTEN,40,1P,M. Vucenovic,,,FLORIDSDORFER AC,Normal Goal,1567879.0
15/08/2026,2. Liga Austria 2da,2026/2027,FLORIDSDORFER AC,SKU AMSTETTEN,46,2P,J. Steiger,A. Haider,,SKU AMSTETTEN,Normal Goal,1567879.0
15/08/2026,2. Liga Austria 2da,2026/2027,STURM GRAZ II,ADMIRA WACKER,14,1P,J. Forst,F. Holzhacker,,ADMIRA WACKER,Normal Goal,1567883.0
15/08/2026,2. Liga Austria 2da,2026/2027,STURM GRAZ II,ADMIRA WACKER,90,2P,T. Gemicibasi,,,ADMIRA WACKER,Normal Goal,1567883.0
15/08/2026,2. Liga Austria 2da,2026/2027,SV KAPFENBERG,WACKER INNSBRUCK,71,2P,M. Sy,M. Evans,,WACKER INNSBRUCK,Normal Goal,1567881.0
15/08/2026,2. Liga Austria 2da,2026/2027,AUSTRIA VIENNA (AM),AUSTRIA SALZBURG,10,1P,N. Polonkai,,,AUSTRIA VIENNA (AM),Normal Goal,1567877.0
15/08/2026,2. Liga Austria 2da,2026/2027,AUSTRIA VIENNA (AM),AUSTRIA SALZBURG,27,1P,V. Toifl,,,AUSTRIA VIENNA (AM),Normal Goal,1567877.0
15/08/2026,2. Liga Austria 2da,2026/2027,AUSTRIA VIENNA (AM),AUSTRIA SALZBURG,45,1P,M. Osterreicher,M. Hausjell,,AUSTRIA VIENNA (AM),Normal Goal,1567877.0
15/08/2026,2. Liga Austria 2da,2026/2027,AUSTRIA VIENNA (AM),AUSTRIA SALZBURG,62,2P,M. Mahmoud,T. Crnkic,,AUSTRIA SALZBURG,Normal Goal,1567877.0
16/08/2026,2. Liga Austria 2da,2026/2027,FIRST VIENNA,FC LIEFERING,34,1P,Nico Masching,Ilia Ivanschitz,,FC LIEFERING,Normal Goal,1567878.0
16/08/2026,2. Liga Austria 2da,2026/2027,FIRST VIENNA,FC LIEFERING,62,2P,Oghenetejiri Adejenughure,,,FC LIEFERING,Normal Goal,1567878.0
16/08/2026,2. Liga Austria 2da,2026/2027,FIRST VIENNA,FC LIEFERING,90,2P,Youssouf Soukouna,Raul Peter Marte,,FIRST VIENNA,Normal Goal,1567878.0
16/08/2026,2. Liga Austria 2da,2026/2027,FIRST VIENNA,FC LIEFERING,90,2P,Benjamin Rosenberger,,,FIRST VIENNA,Normal Goal,1567878.0
21/08/2026,2. Liga Austria 2da,2026/2027,WACKER INNSBRUCK,SKN ST. POLTEN,87,2P,O. Yilmaz,,,WACKER INNSBRUCK,Penalty,1567891.0
21/08/2026,2. Liga Austria 2da,2026/2027,FC LIEFERING,AUSTRIA VIENNA (AM),45,1P,Riquelme,Yuri Leles,,FC LIEFERING,Normal Goal,1567889.0
21/08/2026,2. Liga Austria 2da,2026/2027,FC LIEFERING,AUSTRIA VIENNA (AM),49,2P,O. Adejenughure,M. Matjasec,,FC LIEFERING,Normal Goal,1567889.0
21/08/2026,2. Liga Austria 2da,2026/2027,FC LIEFERING,AUSTRIA VIENNA (AM),86,2P,M. Hausjell,B. Jerabek,,AUSTRIA VIENNA (AM),Normal Goal,1567889.0
21/08/2026,2. Liga Austria 2da,2026/2027,SKU AMSTETTEN,WSPG WELS,59,2P,S. Wimmer,F. Kochl,,SKU AMSTETTEN,Normal Goal,1567885.0
21/08/2026,2. Liga Austria 2da,2026/2027,SKU AMSTETTEN,WSPG WELS,87,2P,S. Malinowski,C. Wernitznig,,WSPG WELS,Normal Goal,1567885.0
21/08/2026,2. Liga Austria 2da,2026/2027,AUSTRIA SALZBURG,SV KAPFENBERG,15,1P,R. Zlibanovic,J. Rostas,,SV KAPFENBERG,Normal Goal,1567886.0
21/08/2026,2. Liga Austria 2da,2026/2027,AUSTRIA SALZBURG,SV KAPFENBERG,38,1P,C. Gebauer,C. Huetz,,AUSTRIA SALZBURG,Normal Goal,1567886.0
21/08/2026,2. Liga Austria 2da,2026/2027,AUSTRIA SALZBURG,SV KAPFENBERG,42,1P,T. Crnkic,C. Gebauer,,AUSTRIA SALZBURG,Normal Goal,1567886.0
21/08/2026,2. Liga Austria 2da,2026/2027,AUSTRIA SALZBURG,SV KAPFENBERG,65,2P,B. Heuser,M. Bagrationi,,SV KAPFENBERG,Normal Goal,1567886.0
21/08/2026,2. Liga Austria 2da,2026/2027,AUSTRIA SALZBURG,SV KAPFENBERG,77,2P,S. Spitali,N. Lukasser Weitlaner,,AUSTRIA SALZBURG,Normal Goal,1567886.0
21/08/2026,2. Liga Austria 2da,2026/2027,ADMIRA WACKER,FIRST VIENNA,67,2P,B. Zimmermann,R. Marte,,FIRST VIENNA,Normal Goal,1567884.0
22/08/2026,2. Liga Austria 2da,2026/2027,RAPID WIEN II,FLORIDSDORFER AC,46,2P,Mirnes Bećirović,Mario Vucenovic,,FLORIDSDORFER AC,Normal Goal,1567890.0
22/08/2026,2. Liga Austria 2da,2026/2027,RAPID WIEN II,FLORIDSDORFER AC,90,2P,Tobias Lerchbacher,Fabian Hafenscher,,FLORIDSDORFER AC,Normal Goal,1567890.0
22/08/2026,2. Liga Austria 2da,2026/2027,SCHWARZ-WEISS BREGENZ,STURM GRAZ II,3,1P,L. Sealey,A. Zaizen,,SCHWARZ-WEISS BREGENZ,Normal Goal,1567887.0
22/08/2026,2. Liga Austria 2da,2026/2027,SCHWARZ-WEISS BREGENZ,STURM GRAZ II,24,1P,N. Lang,,,STURM GRAZ II,Penalty,1567887.0
22/08/2026,2. Liga Austria 2da,2026/2027,SCHWARZ-WEISS BREGENZ,STURM GRAZ II,31,1P,N. Rossi,D. Au Yeong,,SCHWARZ-WEISS BREGENZ,Normal Goal,1567887.0
22/08/2026,2. Liga Austria 2da,2026/2027,SCHWARZ-WEISS BREGENZ,STURM GRAZ II,52,2P,A. Fetahu,,,SCHWARZ-WEISS BREGENZ,Normal Goal,1567887.0
23/08/2026,2. Liga Austria 2da,2026/2027,FC BW LINZ,VOITSBERG,12,1P,Nico Grimbs,,,FC BW LINZ,Normal Goal,1567888.0
23/08/2026,2. Liga Austria 2da,2026/2027,FC BW LINZ,VOITSBERG,54,2P,Romeo Vučić,,,FC BW LINZ,Penalty,1567888.0
23/08/2026,2. Liga Austria 2da,2026/2027,FC BW LINZ,VOITSBERG,56,2P,Anton Tsarenko,Dominik Frieser,,FC BW LINZ,Normal Goal,1567888.0
23/08/2026,2. Liga Austria 2da,2026/2027,FC BW LINZ,VOITSBERG,61,2P,Fabio Strauss,Erik Weinhauer,,FC BW LINZ,Normal Goal,1567888.0
23/08/2026,2. Liga Austria 2da,2026/2027,FC BW LINZ,VOITSBERG,76,2P,Andreas Radics,Luka Živanović,,VOITSBERG,Normal Goal,1567888.0
23/08/2026,2. Liga Austria 2da,2026/2027,FC BW LINZ,VOITSBERG,90,2P,Erik Weinhauer,,,FC BW LINZ,Normal Goal,1567888.0
28/08/2026,2. Liga Austria 2da,2026/2027,SKN ST. POLTEN,AUSTRIA SALZBURG,58,2P,J. Amon,E. H. Mane,,SKN ST. POLTEN,Normal Goal,1567898.0
28/08/2026,2. Liga Austria 2da,2026/2027,SV KAPFENBERG,FC BW LINZ,32,1P,M. Miskovic,M. Miskovic,,SV KAPFENBERG,Missed Penalty,1567897.0
28/08/2026,2. Liga Austria 2da,2026/2027,SV KAPFENBERG,FC BW LINZ,33,1P,V. Oelz,,,SV KAPFENBERG,Own Goal,1567897.0
28/08/2026,2. Liga Austria 2da,2026/2027,SV KAPFENBERG,FC BW LINZ,59,2P,R. Vucic,D. Kreiker,,FC BW LINZ,Normal Goal,1567897.0
28/08/2026,2. Liga Austria 2da,2026/2027,SV KAPFENBERG,FC BW LINZ,64,2P,M. Miskovic,,,SV KAPFENBERG,Normal Goal,1567897.0
28/08/2026,2. Liga Austria 2da,2026/2027,FIRST VIENNA,SKU AMSTETTEN,41,1P,Y. Soukouna,P. Breit,,FIRST VIENNA,Normal Goal,1567894.0
28/08/2026,2. Liga Austria 2da,2026/2027,VOITSBERG,FC LIEFERING,9,1P,F. Schubert,P. Jager,,VOITSBERG,Normal Goal,1567892.0
28/08/2026,2. Liga Austria 2da,2026/2027,VOITSBERG,FC LIEFERING,24,1P,I. Ivanschitz,,,FC LIEFERING,Penalty,1567892.0
28/08/2026,2. Liga Austria 2da,2026/2027,VOITSBERG,FC LIEFERING,52,2P,E. Neubauer,P. Jager,,VOITSBERG,Normal Goal,1567892.0
28/08/2026,2. Liga Austria 2da,2026/2027,VOITSBERG,FC LIEFERING,81,2P,J. Zangerl,D. Grudzinskas,,FC LIEFERING,Normal Goal,1567892.0
28/08/2026,2. Liga Austria 2da,2026/2027,VOITSBERG,FC LIEFERING,90,2P,O. Adejenughure,I. Ivanschitz,,FC LIEFERING,Normal Goal,1567892.0
28/08/2026,2. Liga Austria 2da,2026/2027,WSPG WELS,ADMIRA WACKER,14,1P,B. Nyarko,F. Holzhacker,,ADMIRA WACKER,Normal Goal,1567896.0
28/08/2026,2. Liga Austria 2da,2026/2027,WSPG WELS,ADMIRA WACKER,19,1P,T. Gemicibasi,,,ADMIRA WACKER,Penalty,1567896.0
28/08/2026,2. Liga Austria 2da,2026/2027,WSPG WELS,ADMIRA WACKER,60,2P,B. Glitia,N. Ajanovic,,ADMIRA WACKER,Normal Goal,1567896.0
28/08/2026,2. Liga Austria 2da,2026/2027,WSPG WELS,ADMIRA WACKER,62,2P,I. Drammeh,S. Malinowski,,WSPG WELS,Normal Goal,1567896.0
29/08/2026,2. Liga Austria 2da,2026/2027,FLORIDSDORFER AC,WACKER INNSBRUCK,25,1P,M. Vucenovic,,,FLORIDSDORFER AC,Normal Goal,1567895.0
29/08/2026,2. Liga Austria 2da,2026/2027,FLORIDSDORFER AC,WACKER INNSBRUCK,40,1P,T. Osmani,T. Geris,,FLORIDSDORFER AC,Normal Goal,1567895.0
29/08/2026,2. Liga Austria 2da,2026/2027,AUSTRIA VIENNA (AM),SCHWARZ-WEISS BREGENZ,44,1P,M. Hausjell,,,AUSTRIA VIENNA (AM),Penalty,1567893.0
29/08/2026,2. Liga Austria 2da,2026/2027,AUSTRIA VIENNA (AM),SCHWARZ-WEISS BREGENZ,88,2P,R. Morth,I. Menshykov,,AUSTRIA VIENNA (AM),Normal Goal,1567893.0
30/08/2026,2. Liga Austria 2da,2026/2027,STURM GRAZ II,RAPID WIEN II,8,1P,N. Jozepovic,E. Music,,RAPID WIEN II,Normal Goal,1567899.0
30/08/2026,2. Liga Austria 2da,2026/2027,STURM GRAZ II,RAPID WIEN II,41,1P,J. Halwachs,J. Locker,,STURM GRAZ II,Normal Goal,1567899.0
30/08/2026,2. Liga Austria 2da,2026/2027,STURM GRAZ II,RAPID WIEN II,45,1P,W. Lazarre,K. Nnamdi,,STURM GRAZ II,Normal Goal,1567899.0
30/08/2026,2. Liga Austria 2da,2026/2027,STURM GRAZ II,RAPID WIEN II,71,2P,N. Lang,J. Halwachs,,STURM GRAZ II,Normal Goal,1567899.0
30/08/2026,2. Liga Austria 2da,2026/2027,STURM GRAZ II,RAPID WIEN II,80,2P,M. Grgic,J. Peinhart,,STURM GRAZ II,Normal Goal,1567899.0
30/08/2026,2. Liga Austria 2da,2026/2027,STURM GRAZ II,RAPID WIEN II,85,2P,K. Nnamdi,,,STURM GRAZ II,Normal Goal,1567899.0
30/08/2026,2. Liga Austria 2da,2026/2027,STURM GRAZ II,RAPID WIEN II,90,2P,N. Jozepovic,O. Thiero,,RAPID WIEN II,Normal Goal,1567899.0
29/08/2026,Serie A Italia,2026/2027,SASSUOLO,TORINO,32,1P,C. Volpato,V. Adzic,,SASSUOLO,Normal Goal,1550106.0
29/08/2026,Serie A Italia,2026/2027,SASSUOLO,TORINO,45,1P,P. Comuzzo,A. Cacciamani,,TORINO,Normal Goal,1550106.0
29/08/2026,Serie A Italia,2026/2027,SASSUOLO,TORINO,78,2P,D. Berardi,F. Leysen,,SASSUOLO,Normal Goal,1550106.0
29/08/2026,Serie A Italia,2026/2027,FIORENTINA,FROSINONE,26,1P,A. Raimondo,G. Kvernadze,,FROSINONE,Normal Goal,1550100.0
29/08/2026,Serie A Italia,2026/2027,FIORENTINA,FROSINONE,38,1P,G. Bracaglia,G. Calo,,FROSINONE,Normal Goal,1550100.0
29/08/2026,Serie A Italia,2026/2027,FIORENTINA,FROSINONE,68,2P,A. Raimondo,G. Bracaglia,,FROSINONE,Normal Goal,1550100.0
29/08/2026,Serie A Italia,2026/2027,MONZA,UDINESE,32,1P,J. Piotrowski,H. Kamara,,UDINESE,Normal Goal,1550104.0
29/08/2026,Serie A Italia,2026/2027,MONZA,UDINESE,37,1P,A. Colpani,R. Mangas,,MONZA,Normal Goal,1550104.0
29/08/2026,Serie A Italia,2026/2027,MONZA,UDINESE,45,1P,H. Kamara,,,UDINESE,Normal Goal,1550104.0
29/08/2026,Serie A Italia,2026/2027,MONZA,UDINESE,45,1P,J. Ekkelenkamp,,,UDINESE,Normal Goal,1550104.0
29/08/2026,Serie A Italia,2026/2027,MONZA,UDINESE,63,2P,G. Varela,E. Akinsanmiro,,MONZA,Normal Goal,1550104.0
29/08/2026,Serie A Italia,2026/2027,JUVENTUS,PARMA,62,2P,N. Gonzalez,,,JUVENTUS,Normal Goal,1550101.0
29/08/2026,Serie A Italia,2026/2027,JUVENTUS,PARMA,88,2P,T. Koopmeiners,M. Locatelli,,JUVENTUS,Normal Goal,1550101.0
30/08/2026,Serie A Italia,2026/2027,NAPOLI,COMO,17,1P,M. Baturina,A. Diao,,COMO,Normal Goal,1550105.0
30/08/2026,Serie A Italia,2026/2027,NAPOLI,COMO,30,1P,R. Hojlund,A. Rrahmani,,NAPOLI,Normal Goal,1550105.0
30/08/2026,Serie A Italia,2026/2027,NAPOLI,COMO,34,1P,A. Douvikas,M. Baturina,,COMO,Normal Goal,1550105.0
30/08/2026,Serie A Italia,2026/2027,LAZIO,GENOA,25,1P,D. Frattesi,N. Tavares,,LAZIO,Normal Goal,1550102.0
30/08/2026,Serie A Italia,2026/2027,CAGLIARI,INTER,9,1P,H. Calhanoglu,N. Barella,,INTER,Normal Goal,1550099.0
31/08/2026,Serie A Italia,2026/2027,LECCE,AS ROMA,4,1P,D. Malen,,,AS ROMA,Normal Goal,1550103.0
31/08/2026,Serie A Italia,2026/2027,LECCE,AS ROMA,23,1P,D. Malen,Wesley Franca,,AS ROMA,Normal Goal,1550103.0
31/08/2026,Serie A Italia,2026/2027,LECCE,AS ROMA,25,1P,M. Soule,,,AS ROMA,Normal Goal,1550103.0
31/08/2026,Serie A Italia,2026/2027,LECCE,AS ROMA,65,2P,R. Mora,G. Mancini,,AS ROMA,Normal Goal,1550103.0
31/08/2026,Serie A Italia,2026/2027,ATALANTA,BOLOGNA,90,2P,L. Samardzic,N. Zalewski,,ATALANTA,Normal Goal,1550098.0
28/08/2026,Serie B Italia,2026/2027,CREMONESE,MODENA,31,1P,G. Olzer,G. Brugman,,MODENA,Normal Goal,1601507.0
28/08/2026,Serie B Italia,2026/2027,CREMONESE,MODENA,45,1P,G. Olzer,G. Ambrosino,,MODENA,Normal Goal,1601507.0
28/08/2026,Serie B Italia,2026/2027,CREMONESE,MODENA,55,2P,G. Caso,G. Ambrosino,,MODENA,Normal Goal,1601507.0
29/08/2026,Serie B Italia,2026/2027,SAMPDORIA,JUVE STABIA,45,1P,G. Tutino,Y. Verschaeren,,SAMPDORIA,Normal Goal,1601512.0
29/08/2026,Serie B Italia,2026/2027,SAMPDORIA,JUVE STABIA,73,2P,M. Bellich,F. Artioli,,JUVE STABIA,Normal Goal,1601512.0
29/08/2026,Serie B Italia,2026/2027,SAMPDORIA,JUVE STABIA,82,2P,A. Di Nardo,T. Battistella,,JUVE STABIA,Normal Goal,1601512.0
29/08/2026,Serie B Italia,2026/2027,VIRTUS ENTELLA,CESENA,25,1P,A. Fiori,,,CESENA,Normal Goal,1601508.0
29/08/2026,Serie B Italia,2026/2027,VIRTUS ENTELLA,CESENA,36,1P,C. Shpendi,X. Druiventak,,CESENA,Normal Goal,1601508.0
29/08/2026,Serie B Italia,2026/2027,VIRTUS ENTELLA,CESENA,42,1P,A. Tiritiello,L. Vignali,,VIRTUS ENTELLA,Normal Goal,1601508.0
29/08/2026,Serie B Italia,2026/2027,ASCOLI,CARRARESE,51,2P,F. Abiuso,J. Rouhi,,CARRARESE,Normal Goal,1601504.0
29/08/2026,Serie B Italia,2026/2027,ASCOLI,CARRARESE,82,2P,G. Gori,G. De Pieri,,ASCOLI,Normal Goal,1601504.0
29/08/2026,Serie B Italia,2026/2027,AVELLINO,VICENZA VIRTUS,11,1P,M. Besaggio,A. Favilli,,AVELLINO,Normal Goal,1601505.0
29/08/2026,Serie B Italia,2026/2027,AVELLINO,VICENZA VIRTUS,16,1P,R. Russo,A. Favilli,,AVELLINO,Normal Goal,1601505.0
29/08/2026,Serie B Italia,2026/2027,AVELLINO,VICENZA VIRTUS,46,2P,B. Moruzzi,A. Favilli,,AVELLINO,Normal Goal,1601505.0
29/08/2026,Serie B Italia,2026/2027,PADOVA,HELLAS VERONA,25,1P,A. Edmundsson,,,PADOVA,Own Goal,1601510.0
29/08/2026,Serie B Italia,2026/2027,PADOVA,HELLAS VERONA,67,2P,A. Sarr,,,HELLAS VERONA,Penalty,1601510.0
30/08/2026,Serie B Italia,2026/2027,AREZZO,PALERMO,21,1P,D. Johnsen,Hernani,,PALERMO,Normal Goal,1601503.0
30/08/2026,Serie B Italia,2026/2027,AREZZO,PALERMO,55,2P,F. Ranocchia,D. Johnsen,,PALERMO,Normal Goal,1601503.0
30/08/2026,Serie B Italia,2026/2027,AREZZO,PALERMO,60,2P,P. Cianci,C. Tavernelli,,AREZZO,Normal Goal,1601503.0
30/08/2026,Serie B Italia,2026/2027,AREZZO,PALERMO,74,2P,C. Tavernelli,P. Cianci,,AREZZO,Normal Goal,1601503.0
30/08/2026,Serie B Italia,2026/2027,AREZZO,PALERMO,90,2P,T. Augello,,,PALERMO,Normal Goal,1601503.0
30/08/2026,Serie B Italia,2026/2027,MANTOVA,EMPOLI,51,2P,E. Saporiti,M. Egan,,EMPOLI,Normal Goal,1601509.0
30/08/2026,Serie B Italia,2026/2027,MANTOVA,EMPOLI,58,2P,F. Ruocco,A. Castellini,,MANTOVA,Normal Goal,1601509.0
30/08/2026,Serie B Italia,2026/2027,MANTOVA,EMPOLI,61,2P,V. Vlahovic,S. Cella,,MANTOVA,Normal Goal,1601509.0
30/08/2026,Serie B Italia,2026/2027,MANTOVA,EMPOLI,90,2P,F. Benaissa-Yahia,V. Vlahovic,,MANTOVA,Normal Goal,1601509.0
30/08/2026,Serie B Italia,2026/2027,BENEVENTO,SUDTIROL,69,2P,S. Merkaj,A. Vasic,,SUDTIROL,Normal Goal,1601506.0
30/08/2026,Serie B Italia,2026/2027,BENEVENTO,SUDTIROL,90,2P,F. Salvemini,,,BENEVENTO,Penalty,1601506.0
30/08/2026,Serie B Italia,2026/2027,PISA,CATANZARO,22,1P,P. Iemmello,A. Candela,,CATANZARO,Normal Goal,1601511.0
30/08/2026,Serie B Italia,2026/2027,PISA,CATANZARO,28,1P,S. Canestrelli,M. Tramoni,,PISA,Normal Goal,1601511.0
30/08/2026,Serie B Italia,2026/2027,PISA,CATANZARO,30,1P,G. Leone,O. Correia,,PISA,Normal Goal,1601511.0
29/08/2026,Ligue 1,2026/2027,STRASBOURG,LENS,38,1P,F. Thauvin,,,LENS,Penalty,1552745.0
29/08/2026,Ligue 1,2026/2027,STRASBOURG,LENS,48,2P,G. Yassine,S. Nanasi,,STRASBOURG,Normal Goal,1552745.0
29/08/2026,Ligue 1,2026/2027,STRASBOURG,LENS,85,2P,G. Yassine,S. Nanasi,,STRASBOURG,Normal Goal,1552745.0
29/08/2026,Ligue 1,2026/2027,LYON,LE HAVRE,74,2P,A. Samatta,F. Doucoure,,LE HAVRE,Normal Goal,1552741.0
29/08/2026,Ligue 1,2026/2027,LYON,LE HAVRE,87,2P,L. Openda,Z. Athekame,,LYON,Normal Goal,1552741.0
29/08/2026,Ligue 1,2026/2027,LORIENT,ESTAC TROYES,29,1P,R. Ripart,,,ESTAC TROYES,Penalty,1552740.0
29/08/2026,Ligue 1,2026/2027,LORIENT,ESTAC TROYES,38,1P,L. Maronnier,A. Mille,,ESTAC TROYES,Normal Goal,1552740.0
29/08/2026,Ligue 1,2026/2027,LORIENT,ESTAC TROYES,51,2P,J. Makengo,,,LORIENT,Normal Goal,1552740.0
29/08/2026,Ligue 1,2026/2027,STADE BRESTOIS 29,TOULOUSE,9,1P,J. Russell-Rowe,Y. Gboho,,TOULOUSE,Normal Goal,1552739.0
29/08/2026,Ligue 1,2026/2027,STADE BRESTOIS 29,TOULOUSE,18,1P,K. Doumbia,M. Diambou,,STADE BRESTOIS 29,Normal Goal,1552739.0
29/08/2026,Ligue 1,2026/2027,STADE BRESTOIS 29,TOULOUSE,62,2P,C. Tape,C. Casseres,,TOULOUSE,Normal Goal,1552739.0
29/08/2026,Ligue 1,2026/2027,STADE BRESTOIS 29,TOULOUSE,90,2P,L. Ajorque,H. Magnetti,,STADE BRESTOIS 29,Normal Goal,1552739.0
29/08/2026,Ligue 1,2026/2027,AUXERRE,ANGERS,5,1P,B. van den Boomen,,,ANGERS,Normal Goal,1552738.0
29/08/2026,Ligue 1,2026/2027,AUXERRE,ANGERS,35,1P,R. Labeau Lascary,R. Faivre,,AUXERRE,Normal Goal,1552738.0
29/08/2026,Ligue 1,2026/2027,AUXERRE,ANGERS,70,2P,H. Djibirin,A. El Ouazzani,,ANGERS,Normal Goal,1552738.0
29/08/2026,Ligue 1,2026/2027,AUXERRE,ANGERS,78,2P,A. El Ouazzani,O. Camara,,ANGERS,Normal Goal,1552738.0
30/08/2026,Ligue 1,2026/2027,PARIS FC,NICE,21,1P,L. Sinayoko,,,PARIS FC,Penalty,1552743.0
30/08/2026,Ligue 1,2026/2027,PARIS FC,NICE,51,2P,S. Chergui,I. Kebbal,,PARIS FC,Normal Goal,1552743.0
30/08/2026,Ligue 1,2026/2027,PARIS FC,NICE,89,2P,V. Marchetti,P. Zabi,,PARIS FC,Normal Goal,1552743.0
30/08/2026,Ligue 1,2026/2027,RENNES,LE MANS,5,1P,E. Lepaul,A. Thomasson,,RENNES,Normal Goal,1552744.0
30/08/2026,Ligue 1,2026/2027,RENNES,LE MANS,26,1P,V. Rongier,I. Soumare,,RENNES,Normal Goal,1552744.0
30/08/2026,Ligue 1,2026/2027,RENNES,LE MANS,30,1P,L. Mafouta,L. Calodat,,LE MANS,Normal Goal,1552744.0
30/08/2026,Ligue 1,2026/2027,RENNES,LE MANS,54,2P,L. Mafouta,,,LE MANS,Penalty,1552744.0
30/08/2026,Ligue 1,2026/2027,RENNES,LE MANS,90,2P,E. Lepaul,,,RENNES,Penalty,1552744.0
30/08/2026,Ligue 1,2026/2027,RENNES,LE MANS,90,2P,,,,LE MANS,Normal Goal,1552744.0
30/08/2026,Ligue 1,2026/2027,MONACO,MARSEILLE,13,1P,P. Brunner,A. Golovin,,MONACO,Normal Goal,1552742.0
30/08/2026,Ligue 1,2026/2027,MONACO,MARSEILLE,53,2P,P. Brunner,E. Dier,,MONACO,Normal Goal,1552742.0
28/08/2026,Ligue 2,2026/2027,NANCY,DUNKERQUE,45,1P,N. Fernandez,I. Housni,,NANCY,Normal Goal,1552456.0
28/08/2026,Ligue 2,2026/2027,NANCY,DUNKERQUE,62,2P,B. Bokangu,Z. Fdaouch,,NANCY,Normal Goal,1552456.0
28/08/2026,Ligue 2,2026/2027,LAVAL,GRENOBLE,19,1P,S. Diba,,,GRENOBLE,Normal Goal,1552454.0
28/08/2026,Ligue 2,2026/2027,LAVAL,GRENOBLE,40,1P,B. Mouazan,,,GRENOBLE,Normal Goal,1552454.0
28/08/2026,Ligue 2,2026/2027,LAVAL,GRENOBLE,71,2P,K. Fofana,Y. Magnin,,GRENOBLE,Normal Goal,1552454.0
28/08/2026,Ligue 2,2026/2027,RODEZ,PAU,2,1P,B. Leye,J. Benet,,PAU,Normal Goal,1552458.0
28/08/2026,Ligue 2,2026/2027,RODEZ,PAU,28,1P,I. Balde,R. Lipinski,,RODEZ,Normal Goal,1552458.0
28/08/2026,Ligue 2,2026/2027,RODEZ,PAU,37,1P,B. Leye,A. Briancon,,PAU,Normal Goal,1552458.0
28/08/2026,Ligue 2,2026/2027,RODEZ,PAU,83,2P,O. Joly,M. Magnin,,RODEZ,Normal Goal,1552458.0
29/08/2026,Ligue 2,2026/2027,RED STAR FC 93,REIMS,5,1P,Damien Durand,,,RED STAR FC 93,Missed Penalty,1552457.0
29/08/2026,Ligue 2,2026/2027,RED STAR FC 93,REIMS,10,1P,S. Khaoui,T. Magnin,,RED STAR FC 93,Normal Goal,1552457.0
29/08/2026,Ligue 2,2026/2027,RED STAR FC 93,REIMS,13,1P,S. Kotto,D. Guindo,,REIMS,Normal Goal,1552457.0
29/08/2026,Ligue 2,2026/2027,RED STAR FC 93,REIMS,33,1P,Y. El Kachati,,,REIMS,Normal Goal,1552457.0
29/08/2026,Ligue 2,2026/2027,RED STAR FC 93,REIMS,53,2P,Y. El Kachati,,,REIMS,Normal Goal,1552457.0
29/08/2026,Ligue 2,2026/2027,RED STAR FC 93,REIMS,78,2P,S. Soumano,,,REIMS,Penalty,1552457.0
29/08/2026,Ligue 2,2026/2027,ANNECY,METZ,24,1P,T. Savanier,,,METZ,Normal Goal,1552450.0
29/08/2026,Ligue 2,2026/2027,ANNECY,METZ,33,1P,K. Young,K. Jusseron-Veniere,,ANNECY,Normal Goal,1552450.0
29/08/2026,Ligue 2,2026/2027,GUINGAMP,NANTES,9,1P,S. Ben Brahim,J. Matumona,,GUINGAMP,Normal Goal,1552453.0
29/08/2026,Ligue 2,2026/2027,GUINGAMP,NANTES,15,1P,D. Gomis,T. Averlant,,GUINGAMP,Normal Goal,1552453.0
29/08/2026,Ligue 2,2026/2027,GUINGAMP,NANTES,22,1P,W. Younoussa,H. Guirassy,,NANTES,Normal Goal,1552453.0
29/08/2026,Ligue 2,2026/2027,GUINGAMP,NANTES,49,2P,W. Younoussa,,,NANTES,Normal Goal,1552453.0
29/08/2026,Ligue 2,2026/2027,GUINGAMP,NANTES,85,2P,A. Joujou,L. Perrin,,NANTES,Normal Goal,1552453.0
29/08/2026,Ligue 2,2026/2027,GUINGAMP,NANTES,90,2P,Dylan Louiserre,,,GUINGAMP,Missed Penalty,1552453.0
29/08/2026,Ligue 2,2026/2027,GUINGAMP,NANTES,90,2P,D. Gomis,,,GUINGAMP,Normal Goal,1552453.0
31/08/2026,Ligue 2,2026/2027,DIJON,SAINT ETIENNE,21,1P,T. Ballo,I. Cardona,,SAINT ETIENNE,Normal Goal,1552452.0
31/08/2026,Ligue 2,2026/2027,DIJON,SAINT ETIENNE,39,1P,S. Chouchane,P. Bellon,,DIJON,Normal Goal,1552452.0
31/08/2026,Ligue 2,2026/2027,DIJON,SAINT ETIENNE,55,2P,S. Chouchane,,,DIJON,Normal Goal,1552452.0
31/08/2026,Ligue 2,2026/2027,DIJON,SAINT ETIENNE,64,2P,T. Ballo,,,SAINT ETIENNE,Normal Goal,1552452.0
31/08/2026,Ligue 2,2026/2027,DIJON,SAINT ETIENNE,80,2P,A. Boakye,Z. Davitashvili,,SAINT ETIENNE,Normal Goal,1552452.0
29/08/2026,Eredivisie,2026/2027,EXCELSIOR,SPARTA ROTTERDAM,24,1P,A. Sliti,,,EXCELSIOR,Normal Goal,1552145.0
29/08/2026,Eredivisie,2026/2027,EXCELSIOR,SPARTA ROTTERDAM,48,2P,M. Zonneveld,M. van Bergen,,SPARTA ROTTERDAM,Normal Goal,1552145.0
29/08/2026,Eredivisie,2026/2027,EXCELSIOR,SPARTA ROTTERDAM,90,2P,N. Groen,I. Silva Timas,,EXCELSIOR,Normal Goal,1552145.0
29/08/2026,Eredivisie,2026/2027,AZ ALKMAAR,GO AHEAD EAGLES,7,1P,D. Kwakman,,,AZ ALKMAAR,Normal Goal,1552146.0
29/08/2026,Eredivisie,2026/2027,AZ ALKMAAR,GO AHEAD EAGLES,22,1P,V. Edvardsen,,,GO AHEAD EAGLES,Normal Goal,1552146.0
29/08/2026,Eredivisie,2026/2027,AZ ALKMAAR,GO AHEAD EAGLES,35,1P,R. Daal,D. Kwakman,,AZ ALKMAAR,Normal Goal,1552146.0
29/08/2026,Eredivisie,2026/2027,AZ ALKMAAR,GO AHEAD EAGLES,49,2P,L. Schouten,M. Chavez Garcia,,AZ ALKMAAR,Normal Goal,1552146.0
29/08/2026,Eredivisie,2026/2027,AZ ALKMAAR,GO AHEAD EAGLES,68,2P,M. Chavez Garcia,,,AZ ALKMAAR,Normal Goal,1552146.0
29/08/2026,Eredivisie,2026/2027,AZ ALKMAAR,GO AHEAD EAGLES,86,2P,R. Daal,C. Stengs,,AZ ALKMAAR,Normal Goal,1552146.0
29/08/2026,Eredivisie,2026/2027,AZ ALKMAAR,GO AHEAD EAGLES,90,2P,M. Suray,,,GO AHEAD EAGLES,Normal Goal,1552146.0
29/08/2026,Eredivisie,2026/2027,PEC ZWOLLE,NEC NIJMEGEN,5,1P,T. Chery,,,NEC NIJMEGEN,Penalty,1552147.0
29/08/2026,Eredivisie,2026/2027,PEC ZWOLLE,NEC NIJMEGEN,23,1P,T. Chery,,,NEC NIJMEGEN,Penalty,1552147.0
29/08/2026,Eredivisie,2026/2027,PEC ZWOLLE,NEC NIJMEGEN,45,1P,K. Kostons,,,PEC ZWOLLE,Penalty,1552147.0
29/08/2026,Eredivisie,2026/2027,PEC ZWOLLE,NEC NIJMEGEN,72,2P,Koen Kostons,,,PEC ZWOLLE,Missed Penalty,1552147.0
29/08/2026,Eredivisie,2026/2027,PEC ZWOLLE,NEC NIJMEGEN,83,2P,P. Schuurs,E. Mor,,NEC NIJMEGEN,Normal Goal,1552147.0
30/08/2026,Eredivisie,2026/2027,UTRECHT,PSV EINDHOVEN,6,1P,A. Stepanov,N. Vesterlund,,UTRECHT,Normal Goal,1552148.0
30/08/2026,Eredivisie,2026/2027,UTRECHT,PSV EINDHOVEN,11,1P,R. van Bommel,,,PSV EINDHOVEN,Normal Goal,1552148.0
30/08/2026,Eredivisie,2026/2027,UTRECHT,PSV EINDHOVEN,45,1P,G. Til,S. Dest,,PSV EINDHOVEN,Normal Goal,1552148.0
30/08/2026,Eredivisie,2026/2027,UTRECHT,PSV EINDHOVEN,76,2P,Mauro Junior,,,PSV EINDHOVEN,Normal Goal,1552148.0
30/08/2026,Eredivisie,2026/2027,UTRECHT,PSV EINDHOVEN,86,2P,Sven Mijnans,,,PSV EINDHOVEN,Missed Penalty,1552148.0
30/08/2026,Eredivisie,2026/2027,UTRECHT,PSV EINDHOVEN,86,2P,S. Mijnans,P. Wanner,,PSV EINDHOVEN,Normal Goal,1552148.0
30/08/2026,Eredivisie,2026/2027,UTRECHT,PSV EINDHOVEN,88,2P,G. Til,A. Bouhamdi,,PSV EINDHOVEN,Normal Goal,1552148.0
30/08/2026,Eredivisie,2026/2027,UTRECHT,PSV EINDHOVEN,90,2P,S. Dest,A. Bouhamdi,,PSV EINDHOVEN,Normal Goal,1552148.0
30/08/2026,Eredivisie,2026/2027,WILLEM II,HEERENVEEN,61,2P,U. van Aalst,N. Tjoe a On,,WILLEM II,Normal Goal,1552150.0
30/08/2026,Eredivisie,2026/2027,WILLEM II,HEERENVEEN,64,2P,J. Trenskow,D. Vente,,HEERENVEEN,Normal Goal,1552150.0
30/08/2026,Eredivisie,2026/2027,WILLEM II,HEERENVEEN,77,2P,O. Braude,L. Smans,,HEERENVEEN,Normal Goal,1552150.0
30/08/2026,Eredivisie,2026/2027,WILLEM II,HEERENVEEN,82,2P,D. Haen,C. Twigt,,WILLEM II,Normal Goal,1552150.0
30/08/2026,Eredivisie,2026/2027,FEYENOORD,ADO DEN HAAG,12,1P,N. Thomas,E. Rottier,,ADO DEN HAAG,Normal Goal,1552149.0
30/08/2026,Eredivisie,2026/2027,FEYENOORD,ADO DEN HAAG,53,2P,S. Sylla,N. Thomas,,ADO DEN HAAG,Normal Goal,1552149.0
30/08/2026,Eredivisie,2026/2027,FEYENOORD,ADO DEN HAAG,62,2P,A. Ueda,O. Targhalline,,FEYENOORD,Normal Goal,1552149.0
30/08/2026,Eredivisie,2026/2027,FEYENOORD,ADO DEN HAAG,72,2P,A. Hadj Moussa,S. Steijn,,FEYENOORD,Normal Goal,1552149.0
30/08/2026,Eredivisie,2026/2027,TELSTAR,AJAX,37,1P,D. Klaassen,S. Berghuis,,AJAX,Normal Goal,1552151.0
30/08/2026,Eredivisie,2026/2027,TELSTAR,AJAX,56,2P,S. Berghuis,O. Gloukh,,AJAX,Normal Goal,1552151.0
30/08/2026,Eredivisie,2026/2027,TELSTAR,AJAX,60,2P,T. Arokodare,S. Berghuis,,AJAX,Normal Goal,1552151.0
30/08/2026,Eredivisie,2026/2027,TELSTAR,AJAX,78,2P,Marcos Leonardo,,,AJAX,Normal Goal,1552151.0
30/08/2026,Eredivisie,2026/2027,CAMBUUR,TWENTE,22,1P,R. Nijstad,B. van Rooij,,TWENTE,Normal Goal,1552152.0
30/08/2026,Eredivisie,2026/2027,CAMBUUR,TWENTE,26,1P,W. Weghorst,J. Drommel,,TWENTE,Normal Goal,1552152.0
30/08/2026,Eredivisie,2026/2027,CAMBUUR,TWENTE,47,2P,M. Pjaca,S. Orjasaeter,,TWENTE,Normal Goal,1552152.0
30/08/2026,Eredivisie,2026/2027,CAMBUUR,TWENTE,82,2P,Y. Taha,,,TWENTE,Normal Goal,1552152.0
30/08/2026,Eredivisie,2026/2027,CAMBUUR,TWENTE,88,2P,I. Hamache,,,CAMBUUR,Normal Goal,1552152.0
28/08/2026,Eerste Divisie Holanda 2da,2026/2027,RODA,NAC BREDA,33,1P,M. Tol,M. Paulissen,,RODA,Normal Goal,1551772.0
28/08/2026,Eerste Divisie Holanda 2da,2026/2027,RODA,NAC BREDA,40,1P,M. Soumano,J. Van Hecke,,NAC BREDA,Normal Goal,1551772.0
28/08/2026,Eerste Divisie Holanda 2da,2026/2027,RODA,NAC BREDA,54,2P,A. van den Hurk,,,RODA,Penalty,1551772.0
28/08/2026,Eerste Divisie Holanda 2da,2026/2027,RODA,NAC BREDA,79,2P,P. Gladon,,,NAC BREDA,Normal Goal,1551772.0
28/08/2026,Eerste Divisie Holanda 2da,2026/2027,FC VOLENDAM,DORDRECHT,5,1P,H. Veerman,R. Niemeijer,,FC VOLENDAM,Normal Goal,1551768.0
28/08/2026,Eerste Divisie Holanda 2da,2026/2027,FC VOLENDAM,DORDRECHT,15,1P,H. Veerman,,,FC VOLENDAM,Normal Goal,1551768.0
28/08/2026,Eerste Divisie Holanda 2da,2026/2027,FC VOLENDAM,DORDRECHT,27,1P,M. Vetkal,D. Sits,,DORDRECHT,Normal Goal,1551768.0
28/08/2026,Eerste Divisie Holanda 2da,2026/2027,FC VOLENDAM,DORDRECHT,42,1P,R. Niemeijer,N. Doodeman,,FC VOLENDAM,Normal Goal,1551768.0
28/08/2026,Eerste Divisie Holanda 2da,2026/2027,FC VOLENDAM,DORDRECHT,52,2P,H. Veerman,,,FC VOLENDAM,Normal Goal,1551768.0
28/08/2026,Eerste Divisie Holanda 2da,2026/2027,FC VOLENDAM,DORDRECHT,63,2P,Precious Ugwu,,,FC VOLENDAM,Missed Penalty,1551768.0
28/08/2026,Eerste Divisie Holanda 2da,2026/2027,FC VOLENDAM,DORDRECHT,76,2P,H. Veerman,N. Doodeman,,FC VOLENDAM,Normal Goal,1551768.0
28/08/2026,Eerste Divisie Holanda 2da,2026/2027,FC VOLENDAM,DORDRECHT,77,2P,N. Doodeman,A. Plat,,FC VOLENDAM,Normal Goal,1551768.0
28/08/2026,Eerste Divisie Holanda 2da,2026/2027,WAALWIJK,JONG PSV U21,6,1P,K. Varela,,,WAALWIJK,Normal Goal,1551773.0
28/08/2026,Eerste Divisie Holanda 2da,2026/2027,WAALWIJK,JONG PSV U21,19,1P,K. Varela,J. van de Haar,,WAALWIJK,Normal Goal,1551773.0
28/08/2026,Eerste Divisie Holanda 2da,2026/2027,WAALWIJK,JONG PSV U21,28,1P,S. Sidibe,F. Kluit,,JONG PSV U21,Normal Goal,1551773.0
28/08/2026,Eerste Divisie Holanda 2da,2026/2027,WAALWIJK,JONG PSV U21,46,2P,A. Jones,J. Koller,,JONG PSV U21,Normal Goal,1551773.0
28/08/2026,Eerste Divisie Holanda 2da,2026/2027,JONG AZ,MVV,36,1P,O. Dumont,M. Hofland,,MVV,Normal Goal,1551770.0
28/08/2026,Eerste Divisie Holanda 2da,2026/2027,JONG AZ,MVV,74,2P,N. El Hamdaoui,O. Dumont,,MVV,Normal Goal,1551770.0
28/08/2026,Eerste Divisie Holanda 2da,2026/2027,JONG AZ,MVV,84,2P,J. Oerip,A. Natali,,JONG AZ,Normal Goal,1551770.0
28/08/2026,Eerste Divisie Holanda 2da,2026/2027,DEN BOSCH,VITESSE,5,1P,Kévin Monzialo,,,DEN BOSCH,Missed Penalty,1551767.0
28/08/2026,Eerste Divisie Holanda 2da,2026/2027,DEN BOSCH,VITESSE,28,1P,N. Bannis,C. van den Berg,,VITESSE,Normal Goal,1551767.0
28/08/2026,Eerste Divisie Holanda 2da,2026/2027,DEN BOSCH,VITESSE,33,1P,F. de Carvalho,N. Bannis,,VITESSE,Normal Goal,1551767.0
28/08/2026,Eerste Divisie Holanda 2da,2026/2027,DEN BOSCH,VITESSE,35,1P,N. Bannis,F. de Carvalho,,VITESSE,Normal Goal,1551767.0
28/08/2026,Eerste Divisie Holanda 2da,2026/2027,DEN BOSCH,VITESSE,72,2P,P. van de Merbel,,,VITESSE,Own Goal,1551767.0
28/08/2026,Eerste Divisie Holanda 2da,2026/2027,DEN BOSCH,VITESSE,84,2P,L. Hoffman,,,DEN BOSCH,Normal Goal,1551767.0
28/08/2026,Eerste Divisie Holanda 2da,2026/2027,FC OSS,JONG UTRECHT,15,1P,M. Esajas,M. Erkan,,FC OSS,Normal Goal,1551771.0
28/08/2026,Eerste Divisie Holanda 2da,2026/2027,FC OSS,JONG UTRECHT,65,2P,M. de Lannoy,M. Esajas,,FC OSS,Normal Goal,1551771.0
28/08/2026,Eerste Divisie Holanda 2da,2026/2027,FC OSS,JONG UTRECHT,88,2P,J. Hunte,,,JONG UTRECHT,Normal Goal,1551771.0
28/08/2026,Eerste Divisie Holanda 2da,2026/2027,JONG AJAX,HELMOND SPORT,12,1P,P. Nash,D. Pugno,,JONG AJAX,Normal Goal,1551769.0
28/08/2026,Eerste Divisie Holanda 2da,2026/2027,JONG AJAX,HELMOND SPORT,14,1P,E. Unuvar,D. Pugno,,JONG AJAX,Normal Goal,1551769.0
28/08/2026,Eerste Divisie Holanda 2da,2026/2027,JONG AJAX,HELMOND SPORT,18,1P,B. Koglin,W. Lantaki,,HELMOND SPORT,Normal Goal,1551769.0
28/08/2026,Eerste Divisie Holanda 2da,2026/2027,JONG AJAX,HELMOND SPORT,56,2P,S. Dekkers,,,HELMOND SPORT,Normal Goal,1551769.0
28/08/2026,Eerste Divisie Holanda 2da,2026/2027,JONG AJAX,HELMOND SPORT,64,2P,D. Pugno,J. Monserrate,,JONG AJAX,Normal Goal,1551769.0
29/08/2026,Eerste Divisie Holanda 2da,2026/2027,DE GRAAFSCHAP,ALMERE CITY FC,28,1P,F. Druijf,E. Cornelisse,,ALMERE CITY FC,Normal Goal,1551774.0
29/08/2026,Eerste Divisie Holanda 2da,2026/2027,DE GRAAFSCHAP,ALMERE CITY FC,45,1P,J. Kania,,,DE GRAAFSCHAP,Normal Goal,1551774.0
29/08/2026,Eerste Divisie Holanda 2da,2026/2027,DE GRAAFSCHAP,ALMERE CITY FC,70,2P,F. Druijf,E. Poku,,ALMERE CITY FC,Normal Goal,1551774.0
29/08/2026,Eerste Divisie Holanda 2da,2026/2027,DE GRAAFSCHAP,ALMERE CITY FC,80,2P,E. Cornelisse,O. de Nijs,,ALMERE CITY FC,Normal Goal,1551774.0
29/08/2026,Eerste Divisie Holanda 2da,2026/2027,DE GRAAFSCHAP,ALMERE CITY FC,86,2P,O. de Nijs,F. Druijf,,ALMERE CITY FC,Normal Goal,1551774.0
30/08/2026,Eerste Divisie Holanda 2da,2026/2027,FC EINDHOVEN,HERACLES,40,1P,D. van der Kust,J. N'djoli,,HERACLES,Normal Goal,1551775.0
30/08/2026,Eerste Divisie Holanda 2da,2026/2027,FC EINDHOVEN,HERACLES,59,2P,S. Baartmans,G. Beaumont,,FC EINDHOVEN,Normal Goal,1551775.0
30/08/2026,Eerste Divisie Holanda 2da,2026/2027,FC EINDHOVEN,HERACLES,63,2P,D. Mirani,M. Hauswirth,,HERACLES,Normal Goal,1551775.0
30/08/2026,Eerste Divisie Holanda 2da,2026/2027,FC EINDHOVEN,HERACLES,67,2P,T. van Gilst,,,HERACLES,Penalty,1551775.0
30/08/2026,Eerste Divisie Holanda 2da,2026/2027,VVV VENLO,EMMEN,16,1P,D. Zandbergen,L. de Blok,,VVV VENLO,Normal Goal,1551776.0
30/08/2026,Eerste Divisie Holanda 2da,2026/2027,VVV VENLO,EMMEN,43,1P,D. Zandbergen,A. Schalk,,VVV VENLO,Normal Goal,1551776.0
30/08/2026,Eerste Divisie Holanda 2da,2026/2027,VVV VENLO,EMMEN,63,2P,E. Zuliani,M. Odriss,,VVV VENLO,Normal Goal,1551776.0
30/08/2026,Eerste Divisie Holanda 2da,2026/2027,VVV VENLO,EMMEN,90,2P,L. Gorlich,E. Zuliani,,VVV VENLO,Normal Goal,1551776.0
31/08/2026,Eerste Divisie Holanda 2da,2026/2027,JONG PSV U21,JONG AJAX,15,1P,Emre Ünüvar,Levi Acheampong,,JONG AJAX,Normal Goal,1551808.0
31/08/2026,Eerste Divisie Holanda 2da,2026/2027,JONG PSV U21,JONG AJAX,65,2P,Austyn Jones,,,JONG PSV U21,Penalty,1551808.0
31/08/2026,Eerste Divisie Holanda 2da,2026/2027,JONG AZ,JONG UTRECHT,1,1P,Emmanuel Owen,Bjorn Menzo,,JONG UTRECHT,Normal Goal,1551807.0
31/08/2026,Eerste Divisie Holanda 2da,2026/2027,JONG AZ,JONG UTRECHT,22,1P,Ayoub Oufkir,Julian Oerip,,JONG AZ,Normal Goal,1551807.0
31/08/2026,Eerste Divisie Holanda 2da,2026/2027,JONG AZ,JONG UTRECHT,46,2P,Tycho de Wit,,,JONG AZ,Normal Goal,1551807.0
29/08/2026,Jupiler Pro League,2026/2027,RAAL LA LOUVIÈRE,KV MECHELEN,6,1P,M. van Brederode,K. Vanrafelghem,,KV MECHELEN,Normal Goal,1558609.0
29/08/2026,Jupiler Pro League,2026/2027,RAAL LA LOUVIÈRE,KV MECHELEN,13,1P,E. Filet,M. Courcoul,,RAAL LA LOUVIÈRE,Normal Goal,1558609.0
29/08/2026,Jupiler Pro League,2026/2027,RAAL LA LOUVIÈRE,KV MECHELEN,45,1P,M. Isah,Z. Gruber,,RAAL LA LOUVIÈRE,Normal Goal,1558609.0
29/08/2026,Jupiler Pro League,2026/2027,RAAL LA LOUVIÈRE,KV MECHELEN,47,2P,S. Ayodele,,,KV MECHELEN,Normal Goal,1558609.0
29/08/2026,Jupiler Pro League,2026/2027,KORTRIJK,CHARLEROI,34,1P,A. Scheidler,K. Van Den Kerkhof,,CHARLEROI,Normal Goal,1558610.0
29/08/2026,Jupiler Pro League,2026/2027,KORTRIJK,CHARLEROI,41,1P,S. Campbell,T. Ambrose,,KORTRIJK,Normal Goal,1558610.0
29/08/2026,Jupiler Pro League,2026/2027,KORTRIJK,CHARLEROI,66,2P,C. Keita,J. Romsaas,,CHARLEROI,Normal Goal,1558610.0
29/08/2026,Jupiler Pro League,2026/2027,KORTRIJK,CHARLEROI,90,2P,A. Colassin,A. Bojang,,CHARLEROI,Normal Goal,1558610.0
29/08/2026,Jupiler Pro League,2026/2027,OH LEUVEN,STANDARD LIEGE,9,1P,C. Nielsen,,,STANDARD LIEGE,Penalty,1558612.0
29/08/2026,Jupiler Pro League,2026/2027,OH LEUVEN,STANDARD LIEGE,66,2P,W. George,C. Ikwuemesi,,OH LEUVEN,Normal Goal,1558612.0
29/08/2026,Jupiler Pro League,2026/2027,OH LEUVEN,STANDARD LIEGE,68,2P,D. Eckert,A. Abid,,STANDARD LIEGE,Normal Goal,1558612.0
29/08/2026,Jupiler Pro League,2026/2027,CERCLE BRUGGE,LOMMEL UNITED,61,2P,T. Reyners,J. Talvitie,,LOMMEL UNITED,Normal Goal,1558611.0
30/08/2026,Jupiler Pro League,2026/2027,GENT,CLUB BRUGGE KV,38,1P,J. Vergara,T. Araujo,,GENT,Normal Goal,1558613.0
30/08/2026,Jupiler Pro League,2026/2027,GENT,CLUB BRUGGE KV,40,1P,H. Vanaken,C. Forbs,,CLUB BRUGGE KV,Normal Goal,1558613.0
30/08/2026,Jupiler Pro League,2026/2027,GENT,CLUB BRUGGE KV,85,2P,I. Cisse,M. Volckaert,,GENT,Normal Goal,1558613.0
30/08/2026,Jupiler Pro League,2026/2027,ANTWERP,ST. TRUIDEN,9,1P,R. Araki,,,ST. TRUIDEN,Normal Goal,1558614.0
30/08/2026,Jupiler Pro League,2026/2027,ANTWERP,ST. TRUIDEN,58,2P,S. Porozo,,,ANTWERP,Normal Goal,1558614.0
30/08/2026,Jupiler Pro League,2026/2027,ANTWERP,ST. TRUIDEN,73,2P,S. Bazdar,R. Merlen,,ST. TRUIDEN,Normal Goal,1558614.0
30/08/2026,Jupiler Pro League,2026/2027,ANTWERP,ST. TRUIDEN,76,2P,K. Matsuzawa,R. Merlen,,ST. TRUIDEN,Normal Goal,1558614.0
30/08/2026,Jupiler Pro League,2026/2027,ANTWERP,ST. TRUIDEN,90,2P,S. Bazdar,I. Sebaoui,,ST. TRUIDEN,Normal Goal,1558614.0
30/08/2026,Jupiler Pro League,2026/2027,UNION ST. GILLOISE,ANDERLECHT,38,1P,B. Zeneli,Guilherme Smith,,UNION ST. GILLOISE,Normal Goal,1558615.0
30/08/2026,Jupiler Pro League,2026/2027,UNION ST. GILLOISE,ANDERLECHT,45,1P,M. Biondic,B. Zeneli,,UNION ST. GILLOISE,Normal Goal,1558615.0
30/08/2026,Jupiler Pro League,2026/2027,UNION ST. GILLOISE,ANDERLECHT,81,2P,R. Florucz,R. Schoofs,,UNION ST. GILLOISE,Normal Goal,1558615.0
30/08/2026,Jupiler Pro League,2026/2027,KVC WESTERLO,ZULTE WAREGEM,8,1P,S. Saito,,,KVC WESTERLO,Normal Goal,1558616.0
30/08/2026,Jupiler Pro League,2026/2027,KVC WESTERLO,ZULTE WAREGEM,25,1P,T. Hedl,A. Ementa,,ZULTE WAREGEM,Normal Goal,1558616.0
30/08/2026,Jupiler Pro League,2026/2027,KVC WESTERLO,ZULTE WAREGEM,48,2P,N. Bassette,,,KVC WESTERLO,Penalty,1558616.0
30/08/2026,Jupiler Pro League,2026/2027,KVC WESTERLO,ZULTE WAREGEM,63,2P,T. Hedl,A. Ementa,,ZULTE WAREGEM,Normal Goal,1558616.0
14/08/2026,Challenger Pro League Belgica 2da,2026/2027,SPORTING HASSELT,DENDER,7,1P,S. Van Keymolen,,,SPORTING HASSELT,Normal Goal,1559127.0
14/08/2026,Challenger Pro League Belgica 2da,2026/2027,SERAING UNITED,LOKEREN-TEMSE,20,1P,O. Kebe,,,LOKEREN-TEMSE,Own Goal,1559128.0
14/08/2026,Challenger Pro League Belgica 2da,2026/2027,SERAING UNITED,LOKEREN-TEMSE,32,1P,V. Mabanza,M. Lloci,,LOKEREN-TEMSE,Normal Goal,1559128.0
15/08/2026,Challenger Pro League Belgica 2da,2026/2027,AS EUPEN,KRC GENK II,3,1P,I. Plastun,L. Delaurier-Chaubet,,AS EUPEN,Normal Goal,1559129.0
15/08/2026,Challenger Pro League Belgica 2da,2026/2027,AS EUPEN,KRC GENK II,14,1P,M. Kim,D. Nzoko,,KRC GENK II,Normal Goal,1559129.0
15/08/2026,Challenger Pro League Belgica 2da,2026/2027,AS EUPEN,KRC GENK II,62,2P,Y. Van Genechten,Kikas,,AS EUPEN,Normal Goal,1559129.0
15/08/2026,Challenger Pro League Belgica 2da,2026/2027,AS EUPEN,KRC GENK II,66,2P,C. Nadje,L. Delaurier-Chaubet,,AS EUPEN,Normal Goal,1559129.0
15/08/2026,Challenger Pro League Belgica 2da,2026/2027,AS EUPEN,KRC GENK II,83,2P,S. Vidigal,M. Muller,,AS EUPEN,Normal Goal,1559129.0
15/08/2026,Challenger Pro League Belgica 2da,2026/2027,PATRO EISDEN,RSC ANDERLECHT II,42,1P,P. N'Dao,A. de Ridder,,RSC ANDERLECHT II,Normal Goal,1559130.0
15/08/2026,Challenger Pro League Belgica 2da,2026/2027,PATRO EISDEN,RSC ANDERLECHT II,78,2P,Hong Seok-ju,,,PATRO EISDEN,Penalty,1559130.0
15/08/2026,Challenger Pro League Belgica 2da,2026/2027,PATRO EISDEN,RSC ANDERLECHT II,88,2P,S. Peeters,,,PATRO EISDEN,Penalty,1559130.0
15/08/2026,Challenger Pro League Belgica 2da,2026/2027,EXCELSIOR VIRTON,K. LIERSE S.K.,45,1P,A. Hachem,G. Arib,,EXCELSIOR VIRTON,Normal Goal,1559131.0
15/08/2026,Challenger Pro League Belgica 2da,2026/2027,EXCELSIOR VIRTON,K. LIERSE S.K.,86,2P,A. Hachem,,,EXCELSIOR VIRTON,Penalty,1559131.0
15/08/2026,Challenger Pro League Belgica 2da,2026/2027,EXCELSIOR VIRTON,K. LIERSE S.K.,90,2P,A. Hachem,T. Tormin,,EXCELSIOR VIRTON,Normal Goal,1559131.0
16/08/2026,Challenger Pro League Belgica 2da,2026/2027,BEERSCHOT VA,KAA GENT II,31,1P,L. Van Eenoo,G. Claes,,BEERSCHOT VA,Normal Goal,1559132.0
16/08/2026,Challenger Pro League Belgica 2da,2026/2027,BEERSCHOT VA,KAA GENT II,63,2P,D. Wright-Phillips,,,BEERSCHOT VA,Normal Goal,1559132.0
16/08/2026,Challenger Pro League Belgica 2da,2026/2027,BEERSCHOT VA,KAA GENT II,81,2P,A. Vula,A. Haj Mohamed,,BEERSCHOT VA,Normal Goal,1559132.0
16/08/2026,Challenger Pro League Belgica 2da,2026/2027,BEERSCHOT VA,KAA GENT II,89,2P,L. Van Eenoo,A. Vula,,BEERSCHOT VA,Normal Goal,1559132.0
17/08/2026,Challenger Pro League Belgica 2da,2026/2027,LIÈGE,FRANCS BORAINS,47,2P,M. Bastian,,,FRANCS BORAINS,Normal Goal,1559133.0
17/08/2026,Challenger Pro League Belgica 2da,2026/2027,LIÈGE,FRANCS BORAINS,64,2P,K. Ruiz Atil,,,LIÈGE,Normal Goal,1559133.0
17/08/2026,Challenger Pro League Belgica 2da,2026/2027,LIÈGE,FRANCS BORAINS,90,2P,C. Lavie,A. Ali,,FRANCS BORAINS,Normal Goal,1559133.0
21/08/2026,Challenger Pro League Belgica 2da,2026/2027,LOKEREN-TEMSE,AS EUPEN,42,1P,Matias Lloci,Jassim Mazouz,,LOKEREN-TEMSE,Normal Goal,1559135.0
21/08/2026,Challenger Pro League Belgica 2da,2026/2027,LOKEREN-TEMSE,AS EUPEN,56,2P,Rune Van Den Bergh,Jarno Vervaque,,LOKEREN-TEMSE,Normal Goal,1559135.0
21/08/2026,Challenger Pro League Belgica 2da,2026/2027,LOKEREN-TEMSE,AS EUPEN,79,2P,Sandro Vidigal,Lorenzo Youndje,,AS EUPEN,Normal Goal,1559135.0
22/08/2026,Challenger Pro League Belgica 2da,2026/2027,DENDER,BEERSCHOT VA,12,1P,B. De Kerf,K. Cools,,DENDER,Normal Goal,1559137.0
22/08/2026,Challenger Pro League Belgica 2da,2026/2027,DENDER,BEERSCHOT VA,79,2P,B. De Kerf,,,DENDER,Normal Goal,1559137.0
22/08/2026,Challenger Pro League Belgica 2da,2026/2027,CLUB BRUGGE II,SERAING UNITED,6,1P,J. Van Britsom,M. Robberechts,,CLUB BRUGGE II,Normal Goal,1559136.0
22/08/2026,Challenger Pro League Belgica 2da,2026/2027,CLUB BRUGGE II,SERAING UNITED,45,1P,M. Muland,M. Muland,,SERAING UNITED,Missed Penalty,1559136.0
22/08/2026,Challenger Pro League Belgica 2da,2026/2027,CLUB BRUGGE II,SERAING UNITED,50,2P,N. Amengai,,,CLUB BRUGGE II,Normal Goal,1559136.0
22/08/2026,Challenger Pro League Belgica 2da,2026/2027,CLUB BRUGGE II,SERAING UNITED,55,2P,A. H. Kamara,J. Da Silva,,CLUB BRUGGE II,Normal Goal,1559136.0
22/08/2026,Challenger Pro League Belgica 2da,2026/2027,CLUB BRUGGE II,SERAING UNITED,87,2P,M. Muland,R. Aamer,,SERAING UNITED,Normal Goal,1559136.0
22/08/2026,Challenger Pro League Belgica 2da,2026/2027,CLUB BRUGGE II,SERAING UNITED,90,2P,M. Muland,M. Bisarre,,SERAING UNITED,Normal Goal,1559136.0
22/08/2026,Challenger Pro League Belgica 2da,2026/2027,K. LIERSE S.K.,PATRO EISDEN,52,2P,R. Nainggolan,,,PATRO EISDEN,Penalty,1559138.0
22/08/2026,Challenger Pro League Belgica 2da,2026/2027,K. LIERSE S.K.,PATRO EISDEN,67,2P,C. Makate Bokoya,S. El Touile,,K. LIERSE S.K.,Normal Goal,1559138.0
22/08/2026,Challenger Pro League Belgica 2da,2026/2027,K. LIERSE S.K.,PATRO EISDEN,83,2P,D. De Peuter,M. Mitrovic,,K. LIERSE S.K.,Normal Goal,1559138.0
23/08/2026,Challenger Pro League Belgica 2da,2026/2027,KRC GENK II,LIÈGE,12,1P,S. Paulet,,,LIÈGE,Penalty,1559139.0
23/08/2026,Challenger Pro League Belgica 2da,2026/2027,KRC GENK II,LIÈGE,30,1P,R. Mirisola,Y. Medina,,KRC GENK II,Normal Goal,1559139.0
23/08/2026,Challenger Pro League Belgica 2da,2026/2027,KRC GENK II,LIÈGE,42,1P,S. Paulet,B. Bruggeman,,LIÈGE,Normal Goal,1559139.0
23/08/2026,Challenger Pro League Belgica 2da,2026/2027,KRC GENK II,LIÈGE,56,2P,R. Mirisola,,,KRC GENK II,Penalty,1559139.0
23/08/2026,Challenger Pro League Belgica 2da,2026/2027,KRC GENK II,LIÈGE,58,2P,E. Doucoure,,,LIÈGE,Own Goal,1559139.0
23/08/2026,Challenger Pro League Belgica 2da,2026/2027,FRANCS BORAINS,SPORTING HASSELT,55,2P,L. Milts,M. Bounou,,SPORTING HASSELT,Normal Goal,1559140.0
28/08/2026,Challenger Pro League Belgica 2da,2026/2027,SPORTING HASSELT,KAA GENT II,22,1P,A. D. Sylla,V. Vandenbroucke,,KAA GENT II,Normal Goal,1559141.0
28/08/2026,Challenger Pro League Belgica 2da,2026/2027,SPORTING HASSELT,KAA GENT II,51,2P,R. Vydysh,M. Diop,,KAA GENT II,Normal Goal,1559141.0
28/08/2026,Challenger Pro League Belgica 2da,2026/2027,LOKEREN-TEMSE,KRC GENK II,2,1P,M. Kim,K. Pierre,,KRC GENK II,Normal Goal,1559142.0
28/08/2026,Challenger Pro League Belgica 2da,2026/2027,LOKEREN-TEMSE,KRC GENK II,25,1P,J. Coenen,,,KRC GENK II,Penalty,1559142.0
28/08/2026,Challenger Pro League Belgica 2da,2026/2027,LOKEREN-TEMSE,KRC GENK II,31,1P,V. Mabanza,,,LOKEREN-TEMSE,Penalty,1559142.0
28/08/2026,Challenger Pro League Belgica 2da,2026/2027,LOKEREN-TEMSE,KRC GENK II,63,2P,Y. Yoshinaga,K. Achahbar,,KRC GENK II,Normal Goal,1559142.0
28/08/2026,Challenger Pro League Belgica 2da,2026/2027,LOKEREN-TEMSE,KRC GENK II,68,2P,M. Kim,D. Nzoko,,KRC GENK II,Normal Goal,1559142.0
28/08/2026,Challenger Pro League Belgica 2da,2026/2027,LOKEREN-TEMSE,KRC GENK II,85,2P,M. Pau,J. Palacios,,LOKEREN-TEMSE,Normal Goal,1559142.0
29/08/2026,Challenger Pro League Belgica 2da,2026/2027,LIÈGE,DENDER,43,1P,S. Paulet,,,LIÈGE,Penalty,1559144.0
29/08/2026,Challenger Pro League Belgica 2da,2026/2027,LIÈGE,DENDER,45,1P,M. Viltard,N. Rodes,,DENDER,Normal Goal,1559144.0
29/08/2026,Challenger Pro League Belgica 2da,2026/2027,LIÈGE,DENDER,84,2P,M. Viltard,,,DENDER,Penalty,1559144.0
29/08/2026,Challenger Pro League Belgica 2da,2026/2027,RSC ANDERLECHT II,BEERSCHOT VA,8,1P,T. Lake,,,BEERSCHOT VA,Normal Goal,1559143.0
29/08/2026,Challenger Pro League Belgica 2da,2026/2027,PATRO EISDEN,CLUB BRUGGE II,26,1P,N. Amengai,,,CLUB BRUGGE II,Normal Goal,1559145.0
29/08/2026,Challenger Pro League Belgica 2da,2026/2027,PATRO EISDEN,CLUB BRUGGE II,66,2P,R. Nainggolan,,,PATRO EISDEN,Penalty,1559145.0
29/08/2026,Challenger Pro League Belgica 2da,2026/2027,PATRO EISDEN,CLUB BRUGGE II,88,2P,M. Soria,N. Amengai,,CLUB BRUGGE II,Normal Goal,1559145.0
30/08/2026,Challenger Pro League Belgica 2da,2026/2027,EXCELSIOR VIRTON,FRANCS BORAINS,67,2P,M. Bastian,M. Francotte,,FRANCS BORAINS,Normal Goal,1559146.0
30/08/2026,Challenger Pro League Belgica 2da,2026/2027,SERAING UNITED,K. LIERSE S.K.,15,1P,M. Diop,A. Namri,,SERAING UNITED,Normal Goal,1559147.0
30/08/2026,Challenger Pro League Belgica 2da,2026/2027,SERAING UNITED,K. LIERSE S.K.,49,2P,A. Stanic,S. El Touile,,K. LIERSE S.K.,Normal Goal,1559147.0
29/08/2026,Super League Suiza,2026/2027,LAUSANNE,FC ZURICH,31,1P,E. Molebe,,,LAUSANNE,Normal Goal,1555371.0
29/08/2026,Super League Suiza,2026/2027,LAUSANNE,FC ZURICH,47,2P,B. Krasniqi,U. Emmanuel,,FC ZURICH,Normal Goal,1555371.0
29/08/2026,Super League Suiza,2026/2027,LAUSANNE,FC ZURICH,58,2P,L. Kamberi,S. Hodza,,FC ZURICH,Normal Goal,1555371.0
29/08/2026,Super League Suiza,2026/2027,LAUSANNE,FC ZURICH,73,2P,O. Janneh,S. Traore,,LAUSANNE,Normal Goal,1555371.0
29/08/2026,Super League Suiza,2026/2027,LAUSANNE,FC ZURICH,81,2P,U. Emmanuel,M. Reichmuth,,FC ZURICH,Normal Goal,1555371.0
29/08/2026,Super League Suiza,2026/2027,SERVETTE FC,FC LUZERN,14,1P,M. Stevanovic,T. Cognat,,SERVETTE FC,Normal Goal,1555372.0
29/08/2026,Super League Suiza,2026/2027,SERVETTE FC,FC LUZERN,31,1P,A. Ciganiks,D. Mikolajewski,,FC LUZERN,Normal Goal,1555372.0
29/08/2026,Super League Suiza,2026/2027,BSC YOUNG BOYS,FC BASEL 1893,7,1P,J. Monteiro,,,BSC YOUNG BOYS,Normal Goal,1555373.0
29/08/2026,Super League Suiza,2026/2027,BSC YOUNG BOYS,FC BASEL 1893,14,1P,S. Essende,L. Blum,,BSC YOUNG BOYS,Normal Goal,1555373.0
29/08/2026,Super League Suiza,2026/2027,BSC YOUNG BOYS,FC BASEL 1893,32,1P,K. Olaigbe,A. Victory,,FC BASEL 1893,Normal Goal,1555373.0
29/08/2026,Super League Suiza,2026/2027,BSC YOUNG BOYS,FC BASEL 1893,37,1P,A. Sow,Metinho,,FC BASEL 1893,Normal Goal,1555373.0
29/08/2026,Super League Suiza,2026/2027,BSC YOUNG BOYS,FC BASEL 1893,45,1P,A. Sanches,J. Monteiro,,BSC YOUNG BOYS,Normal Goal,1555373.0
29/08/2026,Super League Suiza,2026/2027,BSC YOUNG BOYS,FC BASEL 1893,71,2P,A. Victory,F. Daniliuc,,FC BASEL 1893,Normal Goal,1555373.0
30/08/2026,Super League Suiza,2026/2027,FC SION,FC LUGANO,3,1P,D. Moncada,A. Grgic,,FC LUGANO,Normal Goal,1555374.0
30/08/2026,Super League Suiza,2026/2027,FC SION,FC LUGANO,55,2P,W. Boteli,Baltazar,,FC SION,Normal Goal,1555374.0
30/08/2026,Super League Suiza,2026/2027,FC SION,FC LUGANO,79,2P,B. D. Castro Espinosa,A. Kendouci,,FC LUGANO,Normal Goal,1555374.0
30/08/2026,Super League Suiza,2026/2027,FC VADUZ,GRASSHOPPERS,12,1P,L. Dalipi,,,FC VADUZ,Normal Goal,1555376.0
30/08/2026,Super League Suiza,2026/2027,FC VADUZ,GRASSHOPPERS,35,1P,Lee Young-Jun,N. Muci,,GRASSHOPPERS,Normal Goal,1555376.0
30/08/2026,Super League Suiza,2026/2027,FC VADUZ,GRASSHOPPERS,43,1P,D. Schwizer,N. Hasler,,FC VADUZ,Normal Goal,1555376.0
30/08/2026,Super League Suiza,2026/2027,FC VADUZ,GRASSHOPPERS,45,1P,N. Muci,A. Abrashi,,GRASSHOPPERS,Normal Goal,1555376.0
30/08/2026,Super League Suiza,2026/2027,FC VADUZ,GRASSHOPPERS,55,2P,D. Schwizer,,,FC VADUZ,Penalty,1555376.0
30/08/2026,Super League Suiza,2026/2027,FC VADUZ,GRASSHOPPERS,58,2P,J. Cabrera,L. Dalipi,,FC VADUZ,Normal Goal,1555376.0
30/08/2026,Super League Suiza,2026/2027,FC VADUZ,GRASSHOPPERS,76,2P,J. Cabrera,L. Dalipi,,FC VADUZ,Normal Goal,1555376.0
30/08/2026,Super League Suiza,2026/2027,FC ST. GALLEN,FC THUN,9,1P,B. Labeau,,,FC THUN,Normal Goal,1555375.0
30/08/2026,Super League Suiza,2026/2027,FC ST. GALLEN,FC THUN,47,2P,N. Reichmuth,F. Dursun,,FC THUN,Normal Goal,1555375.0
30/08/2026,Super League Suiza,2026/2027,FC ST. GALLEN,FC THUN,48,2P,L. Frokaj,A. Balde,,FC ST. GALLEN,Normal Goal,1555375.0
30/08/2026,Super League Suiza,2026/2027,FC ST. GALLEN,FC THUN,53,2P,B. Labeau,F. Dursun,,FC THUN,Normal Goal,1555375.0
30/08/2026,Super League Suiza,2026/2027,FC ST. GALLEN,FC THUN,58,2P,F. Dursun,F. Saiz,,FC THUN,Normal Goal,1555375.0
30/08/2026,Super League Suiza,2026/2027,FC ST. GALLEN,FC THUN,75,2P,N. Scherrer,C. Okoroji,,FC ST. GALLEN,Normal Goal,1555375.0
30/08/2026,Super League Suiza,2026/2027,FC ST. GALLEN,FC THUN,90,2P,L. Daschner,E. Owusu,,FC ST. GALLEN,Normal Goal,1555375.0
24/07/2026,Challenge League Suiza 2da,2026/2027,NEUCHATEL XAMAX FC,SC KRIENS,2,1P,L. Mulaj,R. Bayard,,NEUCHATEL XAMAX FC,Normal Goal,1555019.0
24/07/2026,Challenge League Suiza 2da,2026/2027,NEUCHATEL XAMAX FC,SC KRIENS,16,1P,B. Diomande,,,NEUCHATEL XAMAX FC,Normal Goal,1555019.0
24/07/2026,Challenge League Suiza 2da,2026/2027,NEUCHATEL XAMAX FC,SC KRIENS,38,1P,E. Rufener,,,SC KRIENS,Normal Goal,1555019.0
24/07/2026,Challenge League Suiza 2da,2026/2027,NEUCHATEL XAMAX FC,SC KRIENS,45,1P,M. Camara,B. Diomande,,NEUCHATEL XAMAX FC,Normal Goal,1555019.0
24/07/2026,Challenge League Suiza 2da,2026/2027,NEUCHATEL XAMAX FC,SC KRIENS,64,2P,E. Rufener,M. Ishuayed,,SC KRIENS,Normal Goal,1555019.0
24/07/2026,Challenge League Suiza 2da,2026/2027,RAPPERSWIL,FC WIL 1900,3,1P,A. Bakayoko,,,RAPPERSWIL,Normal Goal,1555018.0
24/07/2026,Challenge League Suiza 2da,2026/2027,RAPPERSWIL,FC WIL 1900,5,1P,N. Rupp,,,FC WIL 1900,Normal Goal,1555018.0
24/07/2026,Challenge League Suiza 2da,2026/2027,RAPPERSWIL,FC WIL 1900,13,1P,Y. Schmid,,,RAPPERSWIL,Own Goal,1555018.0
24/07/2026,Challenge League Suiza 2da,2026/2027,RAPPERSWIL,FC WIL 1900,14,1P,B. Keita,,,FC WIL 1900,Normal Goal,1555018.0
24/07/2026,Challenge League Suiza 2da,2026/2027,RAPPERSWIL,FC WIL 1900,40,1P,D. Jacovic,P. Weber,,FC WIL 1900,Normal Goal,1555018.0
24/07/2026,Challenge League Suiza 2da,2026/2027,RAPPERSWIL,FC WIL 1900,52,2P,A. Rexhaj,D. Jacovic,,FC WIL 1900,Normal Goal,1555018.0
24/07/2026,Challenge League Suiza 2da,2026/2027,RAPPERSWIL,FC WIL 1900,79,2P,T. Staubli,X. Aliu,,FC WIL 1900,Normal Goal,1555018.0
24/07/2026,Challenge League Suiza 2da,2026/2027,RAPPERSWIL,FC WIL 1900,81,2P,R. Pousa,W. Le Pogam,,RAPPERSWIL,Normal Goal,1555018.0
24/07/2026,Challenge League Suiza 2da,2026/2027,RAPPERSWIL,FC WIL 1900,84,2P,A. Charveys,L. Emini,,RAPPERSWIL,Normal Goal,1555018.0
24/07/2026,Challenge League Suiza 2da,2026/2027,STADE LAUSANNE-OUCHY,STADE NYONNAIS,24,1P,T. Bouchlarhem,K. Bah,,STADE LAUSANNE-OUCHY,Normal Goal,1555017.0
24/07/2026,Challenge League Suiza 2da,2026/2027,STADE LAUSANNE-OUCHY,STADE NYONNAIS,77,2P,K. Bah,,,STADE LAUSANNE-OUCHY,Penalty,1555017.0
24/07/2026,Challenge League Suiza 2da,2026/2027,FC WINTERTHUR,YVERDON SPORT,48,2P,Y. Odin,S. Diaby,,FC WINTERTHUR,Normal Goal,1555021.0
24/07/2026,Challenge League Suiza 2da,2026/2027,FC WINTERTHUR,YVERDON SPORT,71,2P,M. Kanoute,H. Sessolo,,YVERDON SPORT,Normal Goal,1555021.0
24/07/2026,Challenge League Suiza 2da,2026/2027,FC WINTERTHUR,YVERDON SPORT,78,2P,H. Sessolo,V. Kongsro,,YVERDON SPORT,Normal Goal,1555021.0
24/07/2026,Challenge League Suiza 2da,2026/2027,FC WINTERTHUR,YVERDON SPORT,87,2P,E. Kehrer,A. Jankewitz,,FC WINTERTHUR,Normal Goal,1555021.0
24/07/2026,Challenge League Suiza 2da,2026/2027,ÉTOILE CAROUGE,FC AARAU,52,2P,S. Camara,O. Sene,,ÉTOILE CAROUGE,Normal Goal,1555020.0
24/07/2026,Challenge League Suiza 2da,2026/2027,ÉTOILE CAROUGE,FC AARAU,67,2P,O. Correia,L. Essiena,,ÉTOILE CAROUGE,Normal Goal,1555020.0
24/07/2026,Challenge League Suiza 2da,2026/2027,ÉTOILE CAROUGE,FC AARAU,78,2P,R. Guzzo,,,ÉTOILE CAROUGE,Own Goal,1555020.0
31/07/2026,Challenge League Suiza 2da,2026/2027,FC WIL 1900,NEUCHATEL XAMAX FC,2,1P,V. Nvendo,L. Mulaj,,NEUCHATEL XAMAX FC,Normal Goal,1555023.0
31/07/2026,Challenge League Suiza 2da,2026/2027,FC WIL 1900,NEUCHATEL XAMAX FC,28,1P,P. Weber,,,FC WIL 1900,Normal Goal,1555023.0
31/07/2026,Challenge League Suiza 2da,2026/2027,FC WIL 1900,NEUCHATEL XAMAX FC,89,2P,E. Abedini,,,NEUCHATEL XAMAX FC,Penalty,1555023.0
31/07/2026,Challenge League Suiza 2da,2026/2027,STADE NYONNAIS,RAPPERSWIL,7,1P,Y. Ryter,,,RAPPERSWIL,Normal Goal,1555022.0
31/07/2026,Challenge League Suiza 2da,2026/2027,STADE NYONNAIS,RAPPERSWIL,54,2P,S. Fankhauser,M. Ishuayed,,STADE NYONNAIS,Normal Goal,1555022.0
31/07/2026,Challenge League Suiza 2da,2026/2027,STADE NYONNAIS,RAPPERSWIL,56,2P,Y. Ryter,A. Charveys,,RAPPERSWIL,Normal Goal,1555022.0
31/07/2026,Challenge League Suiza 2da,2026/2027,YVERDON SPORT,ÉTOILE CAROUGE,15,1P,V. Tasar,V. Kongsro,,YVERDON SPORT,Normal Goal,1555024.0
31/07/2026,Challenge League Suiza 2da,2026/2027,YVERDON SPORT,ÉTOILE CAROUGE,42,1P,T. Escorza,S. Camara,,ÉTOILE CAROUGE,Normal Goal,1555024.0
31/07/2026,Challenge League Suiza 2da,2026/2027,SC KRIENS,FC WINTERTHUR,45,1P,M. Francois,,,SC KRIENS,Normal Goal,1555025.0
31/07/2026,Challenge League Suiza 2da,2026/2027,SC KRIENS,FC WINTERTHUR,65,2P,L. Sliskovic,E. Rufener,,SC KRIENS,Normal Goal,1555025.0
01/08/2026,Challenge League Suiza 2da,2026/2027,FC AARAU,STADE LAUSANNE-OUCHY,8,1P,K. Ndau,,,FC AARAU,Normal Goal,1555026.0
01/08/2026,Challenge League Suiza 2da,2026/2027,FC AARAU,STADE LAUSANNE-OUCHY,54,2P,M. Sartoretti,C. Sow,,STADE LAUSANNE-OUCHY,Normal Goal,1555026.0
07/08/2026,Challenge League Suiza 2da,2026/2027,FC WINTERTHUR,FC WIL 1900,2,1P,T. Seferovic,,,FC WINTERTHUR,Own Goal,1555029.0
07/08/2026,Challenge League Suiza 2da,2026/2027,FC WINTERTHUR,FC WIL 1900,9,1P,S. Ottiger,R. Arnold,,FC WINTERTHUR,Normal Goal,1555029.0
07/08/2026,Challenge League Suiza 2da,2026/2027,FC WINTERTHUR,FC WIL 1900,18,1P,A. Marchesano,,,FC WINTERTHUR,Penalty,1555029.0
07/08/2026,Challenge League Suiza 2da,2026/2027,FC WINTERTHUR,FC WIL 1900,49,2P,E. Kehrer,,,FC WINTERTHUR,Normal Goal,1555029.0
07/08/2026,Challenge League Suiza 2da,2026/2027,FC WINTERTHUR,FC WIL 1900,84,2P,B. Beyer,T. Golliard,,FC WINTERTHUR,Normal Goal,1555029.0
07/08/2026,Challenge League Suiza 2da,2026/2027,SC KRIENS,YVERDON SPORT,38,1P,Y. B. Diet,,,YVERDON SPORT,Own Goal,1555027.0
07/08/2026,Challenge League Suiza 2da,2026/2027,SC KRIENS,YVERDON SPORT,67,2P,V. Kongsro,V. Fazliu,,YVERDON SPORT,Normal Goal,1555027.0
07/08/2026,Challenge League Suiza 2da,2026/2027,STADE LAUSANNE-OUCHY,RAPPERSWIL,6,1P,K. Bah,,,STADE LAUSANNE-OUCHY,Normal Goal,1555028.0
07/08/2026,Challenge League Suiza 2da,2026/2027,STADE LAUSANNE-OUCHY,RAPPERSWIL,89,2P,K. Bah,J. A. Tur,,STADE LAUSANNE-OUCHY,Normal Goal,1555028.0
07/08/2026,Challenge League Suiza 2da,2026/2027,FC AARAU,STADE NYONNAIS,36,1P,H. Koide,K. Ndau,,FC AARAU,Normal Goal,1555030.0
07/08/2026,Challenge League Suiza 2da,2026/2027,FC AARAU,STADE NYONNAIS,76,2P,R. Baturina,K. Ndau,,FC AARAU,Normal Goal,1555030.0
07/08/2026,Challenge League Suiza 2da,2026/2027,FC AARAU,STADE NYONNAIS,89,2P,M. Regillo,,,STADE NYONNAIS,Penalty,1555030.0
07/08/2026,Challenge League Suiza 2da,2026/2027,ÉTOILE CAROUGE,NEUCHATEL XAMAX FC,18,1P,M. Camara,M. Facchinetti,,NEUCHATEL XAMAX FC,Normal Goal,1555031.0
21/08/2026,Challenge League Suiza 2da,2026/2027,NEUCHATEL XAMAX FC,STADE LAUSANNE-OUCHY,4,1P,C. Sow,T. Bouchlarhem,,STADE LAUSANNE-OUCHY,Normal Goal,1555033.0
21/08/2026,Challenge League Suiza 2da,2026/2027,NEUCHATEL XAMAX FC,STADE LAUSANNE-OUCHY,27,1P,K. Bah,T. Bouchlarhem,,STADE LAUSANNE-OUCHY,Normal Goal,1555033.0
21/08/2026,Challenge League Suiza 2da,2026/2027,NEUCHATEL XAMAX FC,STADE LAUSANNE-OUCHY,50,2P,L. Mulaj,,,NEUCHATEL XAMAX FC,Penalty,1555033.0
21/08/2026,Challenge League Suiza 2da,2026/2027,RAPPERSWIL,FC WINTERTHUR,45,1P,E. Kehrer,A. Marchesano,,FC WINTERTHUR,Normal Goal,1555034.0
21/08/2026,Challenge League Suiza 2da,2026/2027,RAPPERSWIL,FC WINTERTHUR,66,2P,A. Marchesano,,,FC WINTERTHUR,Penalty,1555034.0
22/08/2026,Challenge League Suiza 2da,2026/2027,FC WIL 1900,SC KRIENS,34,1P,N. Siegrist,M. Ishuayed,,SC KRIENS,Normal Goal,1555035.0
22/08/2026,Challenge League Suiza 2da,2026/2027,FC WIL 1900,SC KRIENS,90,2P,L. Riedmann,M. Willimann,,SC KRIENS,Normal Goal,1555035.0
23/08/2026,Challenge League Suiza 2da,2026/2027,YVERDON SPORT,FC AARAU,3,1P,R. Golliard,,,YVERDON SPORT,Normal Goal,1555036.0
23/08/2026,Challenge League Suiza 2da,2026/2027,YVERDON SPORT,FC AARAU,41,1P,S. Demhasaj,V. Fazliu,,YVERDON SPORT,Normal Goal,1555036.0
23/08/2026,Challenge League Suiza 2da,2026/2027,YVERDON SPORT,FC AARAU,62,2P,V. Petit-Viretti,D. Afriyie,,FC AARAU,Normal Goal,1555036.0
28/08/2026,Challenge League Suiza 2da,2026/2027,FC WINTERTHUR,STADE LAUSANNE-OUCHY,10,1P,M. Sartoretti,,,STADE LAUSANNE-OUCHY,Penalty,1555038.0
28/08/2026,Challenge League Suiza 2da,2026/2027,FC WINTERTHUR,STADE LAUSANNE-OUCHY,90,2P,F. Rohner,T. Golliard,,FC WINTERTHUR,Normal Goal,1555038.0
28/08/2026,Challenge League Suiza 2da,2026/2027,SC KRIENS,STADE NYONNAIS,38,1P,E. Rufener,M. Francois,,SC KRIENS,Normal Goal,1555037.0
28/08/2026,Challenge League Suiza 2da,2026/2027,SC KRIENS,STADE NYONNAIS,47,2P,A. Krasniqi,N. Siegrist,,SC KRIENS,Normal Goal,1555037.0
28/08/2026,Challenge League Suiza 2da,2026/2027,SC KRIENS,STADE NYONNAIS,73,2P,E. Rufener,,,SC KRIENS,Normal Goal,1555037.0
28/08/2026,Challenge League Suiza 2da,2026/2027,YVERDON SPORT,FC WIL 1900,9,1P,A. Rexhaj,,,FC WIL 1900,Normal Goal,1555039.0
28/08/2026,Challenge League Suiza 2da,2026/2027,YVERDON SPORT,FC WIL 1900,41,1P,L. Pos,H. Sessolo,,YVERDON SPORT,Normal Goal,1555039.0
28/08/2026,Challenge League Suiza 2da,2026/2027,FC AARAU,NEUCHATEL XAMAX FC,45,1P,S. Muller,S. Muller,,FC AARAU,Missed Penalty,1555040.0
28/08/2026,Challenge League Suiza 2da,2026/2027,FC AARAU,NEUCHATEL XAMAX FC,65,2P,M. Guindo,M. Dickenmann,,FC AARAU,Normal Goal,1555040.0
28/08/2026,Challenge League Suiza 2da,2026/2027,FC AARAU,NEUCHATEL XAMAX FC,69,2P,A. Beka Beka,M. Guindo,,FC AARAU,Normal Goal,1555040.0
28/08/2026,Challenge League Suiza 2da,2026/2027,FC AARAU,NEUCHATEL XAMAX FC,90,2P,L. Mulaj,N. Garcia,,NEUCHATEL XAMAX FC,Normal Goal,1555040.0
28/08/2026,Challenge League Suiza 2da,2026/2027,ÉTOILE CAROUGE,RAPPERSWIL,26,1P,S. Diarrassouba,Y. Ryter,,RAPPERSWIL,Normal Goal,1555041.0
28/08/2026,Challenge League Suiza 2da,2026/2027,ÉTOILE CAROUGE,RAPPERSWIL,41,1P,L. Essiena,Itaitinga,,ÉTOILE CAROUGE,Normal Goal,1555041.0
28/08/2026,Challenge League Suiza 2da,2026/2027,ÉTOILE CAROUGE,RAPPERSWIL,60,2P,T. Escorza,F. Hoxha,,ÉTOILE CAROUGE,Normal Goal,1555041.0
31/08/2026,Challenge League Suiza 2da,2026/2027,FC WIL 1900,FC AARAU,5,1P,M. Dickenmann,I. Aliu,,FC AARAU,Normal Goal,1555042.0
31/08/2026,Challenge League Suiza 2da,2026/2027,FC WIL 1900,FC AARAU,11,1P,S. Muller,,,FC AARAU,Penalty,1555042.0
31/08/2026,Challenge League Suiza 2da,2026/2027,FC WIL 1900,FC AARAU,54,2P,Y. Allou,,,FC WIL 1900,Normal Goal,1555042.0
31/08/2026,Challenge League Suiza 2da,2026/2027,FC WIL 1900,FC AARAU,58,2P,P. Weber,,,FC WIL 1900,Penalty,1555042.0
24/07/2026,NB I Hungria,2026/2027,NYIREGYHAZA,UJPEST,14,1P,G. Bodnar,A. Matko,,UJPEST,Normal Goal,1560204.0
24/07/2026,NB I Hungria,2026/2027,NYIREGYHAZA,UJPEST,50,2P,E. Amenyido,,,NYIREGYHAZA,Own Goal,1560204.0
24/07/2026,NB I Hungria,2026/2027,NYIREGYHAZA,UJPEST,86,2P,M. Kvasina,,,NYIREGYHAZA,Normal Goal,1560204.0
02/08/2026,NB I Hungria,2026/2027,GYORI ETO FC,NYIREGYHAZA,22,1P,N. Urblik,D. Stefulj,,GYORI ETO FC,Normal Goal,1560208.0
02/08/2026,NB I Hungria,2026/2027,GYORI ETO FC,NYIREGYHAZA,48,2P,N. Njie,,,GYORI ETO FC,Normal Goal,1560208.0
02/08/2026,NB I Hungria,2026/2027,GYORI ETO FC,NYIREGYHAZA,82,2P,V. Djukanovic,M. Huszar,,GYORI ETO FC,Normal Goal,1560208.0
02/08/2026,NB I Hungria,2026/2027,GYORI ETO FC,NYIREGYHAZA,86,2P,K. Banati,,,GYORI ETO FC,Normal Goal,1560208.0
08/08/2026,NB I Hungria,2026/2027,VASAS,ZALAEGERSZEGI TE,1,1P,M. Koszta,J. Urblik,,VASAS,Normal Goal,1560218.0
08/08/2026,NB I Hungria,2026/2027,VASAS,ZALAEGERSZEGI TE,7,1P,J. Urblik,B. Rab,,VASAS,Normal Goal,1560218.0
08/08/2026,NB I Hungria,2026/2027,VASAS,ZALAEGERSZEGI TE,56,2P,M. Koszta,M. Kovacsreti,,VASAS,Normal Goal,1560218.0
08/08/2026,NB I Hungria,2026/2027,VASAS,ZALAEGERSZEGI TE,79,2P,R. Horvath,,,VASAS,Normal Goal,1560218.0
08/08/2026,NB I Hungria,2026/2027,VASAS,ZALAEGERSZEGI TE,86,2P,J. Urblik,A. Doktorics,,VASAS,Normal Goal,1560218.0
09/08/2026,NB I Hungria,2026/2027,DEBRECENI VSC,NYIREGYHAZA,55,2P,B. Dzsudzsak,C. Denes,,DEBRECENI VSC,Normal Goal,1560213.0
14/08/2026,NB I Hungria,2026/2027,BUDAPEST HONVED,VASAS,27,1P,A. Alic,S. Hangya,,BUDAPEST HONVED,Normal Goal,1560220.0
14/08/2026,NB I Hungria,2026/2027,BUDAPEST HONVED,VASAS,78,2P,M. Toth,,,VASAS,Normal Goal,1560220.0
14/08/2026,NB I Hungria,2026/2027,BUDAPEST HONVED,VASAS,90,2P,D. Csoka,,,VASAS,Normal Goal,1560220.0
15/08/2026,NB I Hungria,2026/2027,UJPEST,MTK BUDAPEST,12,1P,G. Jurek,Z. Kerezsi,,MTK BUDAPEST,Normal Goal,1560223.0
15/08/2026,NB I Hungria,2026/2027,UJPEST,MTK BUDAPEST,39,1P,M. Ljujic,,,UJPEST,Normal Goal,1560223.0
15/08/2026,NB I Hungria,2026/2027,UJPEST,MTK BUDAPEST,61,2P,M. Kata,M. Kata,,MTK BUDAPEST,Missed Penalty,1560223.0
15/08/2026,NB I Hungria,2026/2027,NYIREGYHAZA,KISVARDA FC,45,1P,J. Batoum,M. Kovacs,,NYIREGYHAZA,Normal Goal,1560221.0
15/08/2026,NB I Hungria,2026/2027,NYIREGYHAZA,KISVARDA FC,82,2P,A. Nuriyev,M. Matanovic,,KISVARDA FC,Normal Goal,1560221.0
15/08/2026,NB I Hungria,2026/2027,NYIREGYHAZA,KISVARDA FC,90,2P,M. Kvasina,M. Kovacs,,NYIREGYHAZA,Normal Goal,1560221.0
22/08/2026,NB I Hungria,2026/2027,VASAS,PUSKAS ACADEMY,85,2P,A. Nemeth,R. Orjan,,PUSKAS ACADEMY,Normal Goal,1560230.0
22/08/2026,NB I Hungria,2026/2027,MTK BUDAPEST,NYIREGYHAZA,3,1P,G. Jurek,,,MTK BUDAPEST,Normal Goal,1560228.0
22/08/2026,NB I Hungria,2026/2027,MTK BUDAPEST,NYIREGYHAZA,23,1P,M. Kvasina,M. Kvasina,,NYIREGYHAZA,Missed Penalty,1560228.0
22/08/2026,NB I Hungria,2026/2027,MTK BUDAPEST,NYIREGYHAZA,36,1P,M. Kvasina,V. Jovanov,,NYIREGYHAZA,Normal Goal,1560228.0
22/08/2026,NB I Hungria,2026/2027,MTK BUDAPEST,NYIREGYHAZA,69,2P,G. Jurek,I. Bognar,,MTK BUDAPEST,Normal Goal,1560228.0
28/08/2026,NB I Hungria,2026/2027,DEBRECENI VSC,MTK BUDAPEST,19,1P,G. Jurek,,,MTK BUDAPEST,Penalty,1560231.0
28/08/2026,NB I Hungria,2026/2027,DEBRECENI VSC,MTK BUDAPEST,30,1P,C. Denes,A. Szendrei,,DEBRECENI VSC,Normal Goal,1560231.0
28/08/2026,NB I Hungria,2026/2027,DEBRECENI VSC,MTK BUDAPEST,34,1P,G. Jurek,I. Bognar,,MTK BUDAPEST,Normal Goal,1560231.0
28/08/2026,NB I Hungria,2026/2027,DEBRECENI VSC,MTK BUDAPEST,47,2P,B. Dzsudzsak,,,DEBRECENI VSC,Normal Goal,1560231.0
29/08/2026,NB I Hungria,2026/2027,NYIREGYHAZA,PAKS,50,2P,Z. Haraszti,,,PAKS,Normal Goal,1560234.0
29/08/2026,NB I Hungria,2026/2027,NYIREGYHAZA,PAKS,88,2P,J. Batoum,Z. Medved,,NYIREGYHAZA,Normal Goal,1560234.0
29/08/2026,NB I Hungria,2026/2027,BUDAPEST HONVED,ZALAEGERSZEGI TE,18,1P,A. Szamosi,D. Csontos,,BUDAPEST HONVED,Normal Goal,1560232.0
29/08/2026,NB I Hungria,2026/2027,UJPEST,VASAS,48,2P,P. Iyinbor,J. Urblik,,VASAS,Normal Goal,1560236.0
29/08/2026,NB I Hungria,2026/2027,UJPEST,VASAS,71,2P,E. Amenyido,A. Matko,,UJPEST,Normal Goal,1560236.0
29/08/2026,NB I Hungria,2026/2027,UJPEST,VASAS,75,2P,A. Matko,,,UJPEST,Penalty,1560236.0
29/08/2026,NB I Hungria,2026/2027,UJPEST,VASAS,82,2P,G. Vlijter,A. Matko,,UJPEST,Normal Goal,1560236.0
30/08/2026,NB I Hungria,2026/2027,KISVARDA FC,GYORI ETO FC,17,1P,N. Njie,,,GYORI ETO FC,Normal Goal,1560233.0
30/08/2026,NB I Hungria,2026/2027,KISVARDA FC,GYORI ETO FC,30,1P,T. Lippai,D. Soltesz,,KISVARDA FC,Normal Goal,1560233.0
30/08/2026,NB I Hungria,2026/2027,PUSKAS ACADEMY,FERENCVAROSI TC,53,2P,K. Zachariassen,D. Arzani,,FERENCVAROSI TC,Normal Goal,1560235.0
30/08/2026,NB I Hungria,2026/2027,PUSKAS ACADEMY,FERENCVAROSI TC,58,2P,G. Harutyunyan,,,PUSKAS ACADEMY,Normal Goal,1560235.0
30/08/2026,NB I Hungria,2026/2027,PUSKAS ACADEMY,FERENCVAROSI TC,63,2P,K. Lisztes,Dele,,FERENCVAROSI TC,Normal Goal,1560235.0
30/08/2026,NB I Hungria,2026/2027,PUSKAS ACADEMY,FERENCVAROSI TC,78,2P,Toon Raemaekers,,,FERENCVAROSI TC,Missed Penalty,1560235.0
17/07/2026,Liga I Rumania,2026/2027,FC VOLUNTARI,FC BOTOSANI,15,1P,M. Diarra,,,FC VOLUNTARI,Own Goal,1565186.0
17/07/2026,Liga I Rumania,2026/2027,FC VOLUNTARI,FC BOTOSANI,19,1P,A. Dumiter,E. Papa,,FC BOTOSANI,Normal Goal,1565186.0
17/07/2026,Liga I Rumania,2026/2027,FC VOLUNTARI,FC BOTOSANI,47,2P,Z. Mitrov,S. Mailat,,FC BOTOSANI,Normal Goal,1565186.0
17/07/2026,Liga I Rumania,2026/2027,FC VOLUNTARI,FC BOTOSANI,88,2P,G. Merloi,,,FC VOLUNTARI,Normal Goal,1565186.0
17/07/2026,Liga I Rumania,2026/2027,FCSB,ARGES PITESTI,19,1P,D. Birligea,O. Popescu,,FCSB,Normal Goal,1565185.0
17/07/2026,Liga I Rumania,2026/2027,FCSB,ARGES PITESTI,45,1P,F. Tanase,,,FCSB,Penalty,1565185.0
18/07/2026,Liga I Rumania,2026/2027,OŢELUL,CFR 1907 CLUJ,4,1P,J. Lameira,N. Pedro,,OŢELUL,Normal Goal,1565187.0
18/07/2026,Liga I Rumania,2026/2027,OŢELUL,CFR 1907 CLUJ,58,2P,A. Cordea,A. Sfait,,CFR 1907 CLUJ,Normal Goal,1565187.0
18/07/2026,Liga I Rumania,2026/2027,OŢELUL,CFR 1907 CLUJ,86,2P,Patrick,N. Pedro,,OŢELUL,Normal Goal,1565187.0
18/07/2026,Liga I Rumania,2026/2027,UNIVERSITATEA CRAIOVA,UTA ARAD,62,2P,Teles,S. Baiaram,,UNIVERSITATEA CRAIOVA,Normal Goal,1565190.0
18/07/2026,Liga I Rumania,2026/2027,UNIVERSITATEA CRAIOVA,UTA ARAD,87,2P,S. Baiaram,C. Mora,,UNIVERSITATEA CRAIOVA,Normal Goal,1565190.0
18/07/2026,Liga I Rumania,2026/2027,UNIVERSITATEA CRAIOVA,UTA ARAD,89,2P,S. Elisor,C. Mora,,UNIVERSITATEA CRAIOVA,Normal Goal,1565190.0
18/07/2026,Liga I Rumania,2026/2027,UNIVERSITATEA CRAIOVA,UTA ARAD,90,2P,D. Alomerovic,,,UNIVERSITATEA CRAIOVA,Own Goal,1565190.0
19/07/2026,Liga I Rumania,2026/2027,UNIVERSITATEA CLUJ,FARUL CONSTANTA,44,1P,A. Aliev,D. Nistor,,UNIVERSITATEA CLUJ,Normal Goal,1565189.0
19/07/2026,Liga I Rumania,2026/2027,UNIVERSITATEA CLUJ,FARUL CONSTANTA,49,2P,M. Drammeh,A. Aliev,,UNIVERSITATEA CLUJ,Normal Goal,1565189.0
19/07/2026,Liga I Rumania,2026/2027,UNIVERSITATEA CLUJ,FARUL CONSTANTA,54,2P,I. Doicaru,T. Njike,,FARUL CONSTANTA,Normal Goal,1565189.0
19/07/2026,Liga I Rumania,2026/2027,PETROLUL PLOIESTI,DINAMO BUCURESTI,39,1P,R. Martins,,,PETROLUL PLOIESTI,Penalty,1565188.0
20/07/2026,Liga I Rumania,2026/2027,CORVINUL HUNEDOARA,CSIKSZEREDA,57,2P,A. Fabry,,,CORVINUL HUNEDOARA,Penalty,1565183.0
20/07/2026,Liga I Rumania,2026/2027,CORVINUL HUNEDOARA,CSIKSZEREDA,62,2P,D. N. Pirvulescu,A. Gillard,,CORVINUL HUNEDOARA,Normal Goal,1565183.0
20/07/2026,Liga I Rumania,2026/2027,CORVINUL HUNEDOARA,CSIKSZEREDA,65,2P,S. Ribeiro,,,CORVINUL HUNEDOARA,Normal Goal,1565183.0
20/07/2026,Liga I Rumania,2026/2027,RAPID,SEPSI OSK SFANTU GHEORGHE,88,2P,A. Pascanu,,,RAPID,Normal Goal,1565184.0
24/07/2026,Liga I Rumania,2026/2027,UTA ARAD,OŢELUL,21,1P,Andrezinho,N. Pedro,,OŢELUL,Normal Goal,1565198.0
24/07/2026,Liga I Rumania,2026/2027,UTA ARAD,OŢELUL,45,1P,Patrick,N. Pedro,,OŢELUL,Normal Goal,1565198.0
24/07/2026,Liga I Rumania,2026/2027,UTA ARAD,OŢELUL,73,2P,I. Sinani,A. Roman,,UTA ARAD,Normal Goal,1565198.0
24/07/2026,Liga I Rumania,2026/2027,UTA ARAD,OŢELUL,90,2P,J. Papeau,D. Pospelov,,UTA ARAD,Normal Goal,1565198.0
24/07/2026,Liga I Rumania,2026/2027,ARGES PITESTI,PETROLUL PLOIESTI,17,1P,R. Moldoveanu,X. Emmers,,ARGES PITESTI,Normal Goal,1565195.0
25/07/2026,Liga I Rumania,2026/2027,FARUL CONSTANTA,CORVINUL HUNEDOARA,60,2P,Eduard Radaslavescu,,,FARUL CONSTANTA,Missed Penalty,1565194.0
25/07/2026,Liga I Rumania,2026/2027,FARUL CONSTANTA,CORVINUL HUNEDOARA,83,2P,M. Ahlinvi,I. Doicaru,,FARUL CONSTANTA,Normal Goal,1565194.0
25/07/2026,Liga I Rumania,2026/2027,FARUL CONSTANTA,CORVINUL HUNEDOARA,90,2P,A. Goncear,,,FARUL CONSTANTA,Normal Goal,1565194.0
25/07/2026,Liga I Rumania,2026/2027,DINAMO BUCURESTI,UNIVERSITATEA CRAIOVA,8,1P,A. Soro,A. Pop,,DINAMO BUCURESTI,Normal Goal,1565193.0
25/07/2026,Liga I Rumania,2026/2027,DINAMO BUCURESTI,UNIVERSITATEA CRAIOVA,29,1P,A. Musi,D. Armstrong,,DINAMO BUCURESTI,Normal Goal,1565193.0
25/07/2026,Liga I Rumania,2026/2027,DINAMO BUCURESTI,UNIVERSITATEA CRAIOVA,50,2P,S. Nsimba,N. Bancu,,UNIVERSITATEA CRAIOVA,Normal Goal,1565193.0
25/07/2026,Liga I Rumania,2026/2027,DINAMO BUCURESTI,UNIVERSITATEA CRAIOVA,59,2P,A. Pop,D. Armstrong,,DINAMO BUCURESTI,Normal Goal,1565193.0
25/07/2026,Liga I Rumania,2026/2027,DINAMO BUCURESTI,UNIVERSITATEA CRAIOVA,76,2P,C. Cirjan,,,DINAMO BUCURESTI,Penalty,1565193.0
25/07/2026,Liga I Rumania,2026/2027,DINAMO BUCURESTI,UNIVERSITATEA CRAIOVA,90,2P,M. Pascual,A. Soro,,DINAMO BUCURESTI,Normal Goal,1565193.0
26/07/2026,Liga I Rumania,2026/2027,SEPSI OSK SFANTU GHEORGHE,UNIVERSITATEA CLUJ,22,1P,D. Andrei,F. Bamgboye,,SEPSI OSK SFANTU GHEORGHE,Normal Goal,1565197.0
26/07/2026,Liga I Rumania,2026/2027,CSIKSZEREDA,FCSB,3,1P,R. Radunovic,M. Toma,,FCSB,Normal Goal,1565192.0
26/07/2026,Liga I Rumania,2026/2027,CSIKSZEREDA,FCSB,16,1P,D. Politic,,,FCSB,Normal Goal,1565192.0
27/07/2026,Liga I Rumania,2026/2027,CFR 1907 CLUJ,FC VOLUNTARI,26,1P,A. Cordea,A. Abeid,,CFR 1907 CLUJ,Normal Goal,1565191.0
27/07/2026,Liga I Rumania,2026/2027,CFR 1907 CLUJ,FC VOLUNTARI,39,1P,S. Drazic,S. Rocha,,CFR 1907 CLUJ,Normal Goal,1565191.0
27/07/2026,Liga I Rumania,2026/2027,CFR 1907 CLUJ,FC VOLUNTARI,43,1P,S. Drazic,,,CFR 1907 CLUJ,Normal Goal,1565191.0
27/07/2026,Liga I Rumania,2026/2027,CFR 1907 CLUJ,FC VOLUNTARI,49,2P,A. Cordea,S. Drazic,,CFR 1907 CLUJ,Normal Goal,1565191.0
27/07/2026,Liga I Rumania,2026/2027,CFR 1907 CLUJ,FC VOLUNTARI,86,2P,M. Camora,A. Sfait,,CFR 1907 CLUJ,Normal Goal,1565191.0
27/07/2026,Liga I Rumania,2026/2027,FC BOTOSANI,RAPID,45,1P,C. Petrila,T. Jambor,,RAPID,Normal Goal,1565196.0
27/07/2026,Liga I Rumania,2026/2027,FC BOTOSANI,RAPID,90,2P,S. Mailat,,,FC BOTOSANI,Penalty,1565196.0
31/07/2026,Liga I Rumania,2026/2027,ARGES PITESTI,CSIKSZEREDA,79,2P,R. Moldoveanu,,,ARGES PITESTI,Penalty,1565200.0
31/07/2026,Liga I Rumania,2026/2027,OŢELUL,DINAMO BUCURESTI,42,1P,A. Soro,D. Armstrong,,DINAMO BUCURESTI,Normal Goal,1565204.0
31/07/2026,Liga I Rumania,2026/2027,OŢELUL,DINAMO BUCURESTI,66,2P,Patrick,N. Pedro,,OŢELUL,Normal Goal,1565204.0
01/08/2026,Liga I Rumania,2026/2027,FC VOLUNTARI,UTA ARAD,47,2P,M. Schieb,G. Merloi,,FC VOLUNTARI,Normal Goal,1565203.0
01/08/2026,Liga I Rumania,2026/2027,UNIVERSITATEA CRAIOVA,PETROLUL PLOIESTI,1,1P,S. Nsimba,C. Mora,,UNIVERSITATEA CRAIOVA,Normal Goal,1565206.0
01/08/2026,Liga I Rumania,2026/2027,UNIVERSITATEA CRAIOVA,PETROLUL PLOIESTI,18,1P,S. Nsimba,S. Baiaram,,UNIVERSITATEA CRAIOVA,Normal Goal,1565206.0
01/08/2026,Liga I Rumania,2026/2027,UNIVERSITATEA CRAIOVA,PETROLUL PLOIESTI,48,2P,S. Baiaram,C. Mora,,UNIVERSITATEA CRAIOVA,Normal Goal,1565206.0
01/08/2026,Liga I Rumania,2026/2027,UNIVERSITATEA CRAIOVA,PETROLUL PLOIESTI,65,2P,S. Elisor,A. Mekvabishvili,,UNIVERSITATEA CRAIOVA,Normal Goal,1565206.0
02/08/2026,Liga I Rumania,2026/2027,CORVINUL HUNEDOARA,SEPSI OSK SFANTU GHEORGHE,32,1P,M. Bratu,A. Fabry,,CORVINUL HUNEDOARA,Normal Goal,1565199.0
02/08/2026,Liga I Rumania,2026/2027,CORVINUL HUNEDOARA,SEPSI OSK SFANTU GHEORGHE,34,1P,C. Matei,Gustavo Cascardo,,SEPSI OSK SFANTU GHEORGHE,Normal Goal,1565199.0
02/08/2026,Liga I Rumania,2026/2027,RAPID,CFR 1907 CLUJ,28,1P,A. Dobre,C. Grameni,,RAPID,Normal Goal,1565201.0
02/08/2026,Liga I Rumania,2026/2027,RAPID,CFR 1907 CLUJ,33,1P,A. Dobre,C. Grameni,,RAPID,Normal Goal,1565201.0
02/08/2026,Liga I Rumania,2026/2027,RAPID,CFR 1907 CLUJ,42,1P,O. Morutan,V. Bubanja,,RAPID,Normal Goal,1565201.0
02/08/2026,Liga I Rumania,2026/2027,RAPID,CFR 1907 CLUJ,51,2P,S. Drazic,Bruno Costa,,CFR 1907 CLUJ,Normal Goal,1565201.0
03/08/2026,Liga I Rumania,2026/2027,UNIVERSITATEA CLUJ,FC BOTOSANI,38,1P,A. Dumiter,H. Ongenda,,FC BOTOSANI,Normal Goal,1565205.0
03/08/2026,Liga I Rumania,2026/2027,UNIVERSITATEA CLUJ,FC BOTOSANI,50,2P,A. Aliev,,,UNIVERSITATEA CLUJ,Penalty,1565205.0
03/08/2026,Liga I Rumania,2026/2027,UNIVERSITATEA CLUJ,FC BOTOSANI,74,2P,O. Mendy,A. Aliev,,UNIVERSITATEA CLUJ,Normal Goal,1565205.0
03/08/2026,Liga I Rumania,2026/2027,FCSB,FARUL CONSTANTA,21,1P,I. Doicaru,E. Radaslavescu,,FARUL CONSTANTA,Normal Goal,1565202.0
03/08/2026,Liga I Rumania,2026/2027,FCSB,FARUL CONSTANTA,45,1P,E. Radaslavescu,M. Ahlinvi,,FARUL CONSTANTA,Normal Goal,1565202.0
03/08/2026,Liga I Rumania,2026/2027,FCSB,FARUL CONSTANTA,57,2P,J. Dawa,,,FCSB,Normal Goal,1565202.0
03/08/2026,Liga I Rumania,2026/2027,FCSB,FARUL CONSTANTA,69,2P,Florin Tănase,,,FCSB,Missed Penalty,1565202.0
03/08/2026,Liga I Rumania,2026/2027,FCSB,FARUL CONSTANTA,86,2P,Joao Paulo,,,FCSB,Normal Goal,1565202.0
08/08/2026,Liga I Rumania,2026/2027,FARUL CONSTANTA,CSIKSZEREDA,24,1P,I. Doicaru,,,FARUL CONSTANTA,Normal Goal,1565209.0
08/08/2026,Liga I Rumania,2026/2027,FARUL CONSTANTA,CSIKSZEREDA,28,1P,E. Radaslavescu,,,FARUL CONSTANTA,Normal Goal,1565209.0
08/08/2026,Liga I Rumania,2026/2027,FARUL CONSTANTA,CSIKSZEREDA,35,1P,A. Czekus,J. Hegedus,,CSIKSZEREDA,Normal Goal,1565209.0
08/08/2026,Liga I Rumania,2026/2027,FARUL CONSTANTA,CSIKSZEREDA,40,1P,M. Ahlinvi,E. Radaslavescu,,FARUL CONSTANTA,Normal Goal,1565209.0
08/08/2026,Liga I Rumania,2026/2027,FARUL CONSTANTA,CSIKSZEREDA,69,2P,A. Czekus,E. Toth-Pal,,CSIKSZEREDA,Normal Goal,1565209.0
08/08/2026,Liga I Rumania,2026/2027,DINAMO BUCURESTI,FC VOLUNTARI,40,1P,D. Armstrong,,,DINAMO BUCURESTI,Penalty,1565208.0
08/08/2026,Liga I Rumania,2026/2027,DINAMO BUCURESTI,FC VOLUNTARI,73,2P,A. Musi,D. Armstrong,,DINAMO BUCURESTI,Normal Goal,1565208.0
08/08/2026,Liga I Rumania,2026/2027,DINAMO BUCURESTI,FC VOLUNTARI,90,2P,O. Hintsa,I. Tarba,,DINAMO BUCURESTI,Normal Goal,1565208.0
08/08/2026,Liga I Rumania,2026/2027,DINAMO BUCURESTI,FC VOLUNTARI,90,2P,A. Mazilu,C. Cirjan,,DINAMO BUCURESTI,Normal Goal,1565208.0
09/08/2026,Liga I Rumania,2026/2027,PETROLUL PLOIESTI,OŢELUL,34,1P,D. N'Lundulu,,,PETROLUL PLOIESTI,Penalty,1565211.0
09/08/2026,Liga I Rumania,2026/2027,PETROLUL PLOIESTI,OŢELUL,63,2P,Pedro Nuno,,,OŢELUL,Missed Penalty,1565211.0
09/08/2026,Liga I Rumania,2026/2027,UNIVERSITATEA CRAIOVA,ARGES PITESTI,7,1P,Y. Pirvu,T. Luvambo,,ARGES PITESTI,Normal Goal,1565213.0
14/08/2026,Liga I Rumania,2026/2027,FC VOLUNTARI,PETROLUL PLOIESTI,9,1P,A. J. Bran Flores,,,PETROLUL PLOIESTI,Penalty,1565220.0
14/08/2026,Liga I Rumania,2026/2027,FC VOLUNTARI,PETROLUL PLOIESTI,19,1P,M. Roman,I. Gheorghe,,FC VOLUNTARI,Normal Goal,1565220.0
14/08/2026,Liga I Rumania,2026/2027,FC VOLUNTARI,PETROLUL PLOIESTI,71,2P,B. Malula,L. Santos Teixeira,,PETROLUL PLOIESTI,Normal Goal,1565220.0
14/08/2026,Liga I Rumania,2026/2027,ARGES PITESTI,FARUL CONSTANTA,18,1P,R. Moldoveanu,D. Oancea,,ARGES PITESTI,Normal Goal,1565217.0
14/08/2026,Liga I Rumania,2026/2027,ARGES PITESTI,FARUL CONSTANTA,22,1P,E. Radaslavescu,E. Sylvestre,,FARUL CONSTANTA,Normal Goal,1565217.0
15/08/2026,Liga I Rumania,2026/2027,RAPID,DINAMO BUCURESTI,72,2P,M. Karamoko,O. Hintsa,,DINAMO BUCURESTI,Normal Goal,1565218.0
16/08/2026,Liga I Rumania,2026/2027,OŢELUL,UNIVERSITATEA CRAIOVA,56,2P,M. Etim,T. Baluta,,UNIVERSITATEA CRAIOVA,Normal Goal,1565221.0
16/08/2026,Liga I Rumania,2026/2027,OŢELUL,UNIVERSITATEA CRAIOVA,87,2P,T. Lungu,Andrezinho,,OŢELUL,Normal Goal,1565221.0
16/08/2026,Liga I Rumania,2026/2027,CORVINUL HUNEDOARA,CFR 1907 CLUJ,43,1P,A. Manolache,,,CORVINUL HUNEDOARA,Normal Goal,1565215.0
16/08/2026,Liga I Rumania,2026/2027,CORVINUL HUNEDOARA,CFR 1907 CLUJ,71,2P,M. Ivancevic,,,CORVINUL HUNEDOARA,Normal Goal,1565215.0
16/08/2026,Liga I Rumania,2026/2027,CORVINUL HUNEDOARA,CFR 1907 CLUJ,89,2P,G. Uche Goodlad,,,CORVINUL HUNEDOARA,Normal Goal,1565215.0
17/08/2026,Liga I Rumania,2026/2027,UNIVERSITATEA CLUJ,UTA ARAD,45,1P,A. Aliev,A. Friday,,UNIVERSITATEA CLUJ,Normal Goal,1565222.0
17/08/2026,Liga I Rumania,2026/2027,UNIVERSITATEA CLUJ,UTA ARAD,74,2P,A. Aliev,,,UNIVERSITATEA CLUJ,Penalty,1565222.0
17/08/2026,Liga I Rumania,2026/2027,UNIVERSITATEA CLUJ,UTA ARAD,85,2P,A. Dorobantu,J. Papeau,,UTA ARAD,Normal Goal,1565222.0
17/08/2026,Liga I Rumania,2026/2027,FCSB,FC BOTOSANI,10,1P,Joao Paulo,J. Cisotti,,FCSB,Normal Goal,1565219.0
17/08/2026,Liga I Rumania,2026/2027,FCSB,FC BOTOSANI,36,1P,A. Dumiter,E. Papa,,FC BOTOSANI,Normal Goal,1565219.0
17/08/2026,Liga I Rumania,2026/2027,FCSB,FC BOTOSANI,62,2P,A. Dumiter,,,FC BOTOSANI,Normal Goal,1565219.0
17/08/2026,Liga I Rumania,2026/2027,FCSB,FC BOTOSANI,63,2P,D. Birligea,J. Cisotti,,FCSB,Normal Goal,1565219.0
17/08/2026,Liga I Rumania,2026/2027,FCSB,FC BOTOSANI,90,2P,D. Birligea,O. Popescu,,FCSB,Normal Goal,1565219.0
21/08/2026,Liga I Rumania,2026/2027,PETROLUL PLOIESTI,RAPID,55,2P,A. Dobre,O. Morutan,,RAPID,Normal Goal,1565227.0
21/08/2026,Liga I Rumania,2026/2027,PETROLUL PLOIESTI,RAPID,90,2P,O. Morutan,O. El Sawy,,RAPID,Normal Goal,1565227.0
22/08/2026,Liga I Rumania,2026/2027,DINAMO BUCURESTI,UNIVERSITATEA CLUJ,34,1P,D. Armstrong,M. Karamoko,,DINAMO BUCURESTI,Normal Goal,1565224.0
22/08/2026,Liga I Rumania,2026/2027,DINAMO BUCURESTI,UNIVERSITATEA CLUJ,49,2P,D. Armstrong,A. Soro,,DINAMO BUCURESTI,Normal Goal,1565224.0
22/08/2026,Liga I Rumania,2026/2027,DINAMO BUCURESTI,UNIVERSITATEA CLUJ,77,2P,M. Drammeh,J. Lukic,,UNIVERSITATEA CLUJ,Normal Goal,1565224.0
23/08/2026,Liga I Rumania,2026/2027,SEPSI OSK SFANTU GHEORGHE,FARUL CONSTANTA,50,2P,H. Batzula,N. Heras,,SEPSI OSK SFANTU GHEORGHE,Normal Goal,1565228.0
23/08/2026,Liga I Rumania,2026/2027,SEPSI OSK SFANTU GHEORGHE,FARUL CONSTANTA,53,2P,C. Sima,D. Alibec,,FARUL CONSTANTA,Normal Goal,1565228.0
23/08/2026,Liga I Rumania,2026/2027,UNIVERSITATEA CRAIOVA,FC VOLUNTARI,45,1P,S. Nsimba,,,UNIVERSITATEA CRAIOVA,Penalty,1565229.0
23/08/2026,Liga I Rumania,2026/2027,UNIVERSITATEA CRAIOVA,FC VOLUNTARI,57,2P,O. Romanchuk,M. Etim,,UNIVERSITATEA CRAIOVA,Normal Goal,1565229.0
23/08/2026,Liga I Rumania,2026/2027,UNIVERSITATEA CRAIOVA,FC VOLUNTARI,78,2P,Monday Etim,,,UNIVERSITATEA CRAIOVA,Missed Penalty,1565229.0
23/08/2026,Liga I Rumania,2026/2027,UNIVERSITATEA CRAIOVA,FC VOLUNTARI,79,2P,M. Etim,,,UNIVERSITATEA CRAIOVA,Normal Goal,1565229.0
23/08/2026,Liga I Rumania,2026/2027,UNIVERSITATEA CRAIOVA,FC VOLUNTARI,90,2P,R. Gutea,,,FC VOLUNTARI,Penalty,1565229.0
23/08/2026,Liga I Rumania,2026/2027,CFR 1907 CLUJ,FCSB,77,2P,A. Cordea,,,CFR 1907 CLUJ,Penalty,1565223.0
24/08/2026,Liga I Rumania,2026/2027,FC BOTOSANI,CSIKSZEREDA,69,2P,A. Dumiter,Z. Mitrov,,FC BOTOSANI,Normal Goal,1565225.0
24/08/2026,Liga I Rumania,2026/2027,OŢELUL,ARGES PITESTI,51,2P,J. Lameira,A. Ciobanu,,OŢELUL,Normal Goal,1565226.0
28/08/2026,Liga I Rumania,2026/2027,FC VOLUNTARI,OŢELUL,3,1P,R. Gutea,M. Mamic,,FC VOLUNTARI,Normal Goal,1565237.0
28/08/2026,Liga I Rumania,2026/2027,FC VOLUNTARI,OŢELUL,6,1P,Patrick,N. Pedro,,OŢELUL,Normal Goal,1565237.0
28/08/2026,Liga I Rumania,2026/2027,FC VOLUNTARI,OŢELUL,14,1P,R. Gutea,,,FC VOLUNTARI,Normal Goal,1565237.0
28/08/2026,Liga I Rumania,2026/2027,FC VOLUNTARI,OŢELUL,72,2P,N. Pedro,,,OŢELUL,Penalty,1565237.0
28/08/2026,Liga I Rumania,2026/2027,UNIVERSITATEA CLUJ,PETROLUL PLOIESTI,3,1P,A. J. Bran Flores,R. Martins,,PETROLUL PLOIESTI,Normal Goal,1565238.0
28/08/2026,Liga I Rumania,2026/2027,UNIVERSITATEA CLUJ,PETROLUL PLOIESTI,11,1P,J. Lukic,,,UNIVERSITATEA CLUJ,Normal Goal,1565238.0
28/08/2026,Liga I Rumania,2026/2027,UNIVERSITATEA CLUJ,PETROLUL PLOIESTI,34,1P,R. Jerdea,,,PETROLUL PLOIESTI,Normal Goal,1565238.0
28/08/2026,Liga I Rumania,2026/2027,UNIVERSITATEA CLUJ,PETROLUL PLOIESTI,49,2P,D. N'Lundulu,,,PETROLUL PLOIESTI,Normal Goal,1565238.0
28/08/2026,Liga I Rumania,2026/2027,UNIVERSITATEA CLUJ,PETROLUL PLOIESTI,55,2P,J. Lukic,D. Nistor,,UNIVERSITATEA CLUJ,Normal Goal,1565238.0
29/08/2026,Liga I Rumania,2026/2027,CSIKSZEREDA,CFR 1907 CLUJ,28,1P,L. Biliboc,M. Korenica,,CFR 1907 CLUJ,Normal Goal,1565232.0
29/08/2026,Liga I Rumania,2026/2027,CSIKSZEREDA,CFR 1907 CLUJ,33,1P,M. Eppel,L. Paszka,,CSIKSZEREDA,Normal Goal,1565232.0
29/08/2026,Liga I Rumania,2026/2027,CSIKSZEREDA,CFR 1907 CLUJ,45,1P,O. Perianu,A. Abeid,,CFR 1907 CLUJ,Normal Goal,1565232.0
29/08/2026,Liga I Rumania,2026/2027,CSIKSZEREDA,CFR 1907 CLUJ,50,2P,M. Eppel,,,CSIKSZEREDA,Normal Goal,1565232.0
29/08/2026,Liga I Rumania,2026/2027,CSIKSZEREDA,CFR 1907 CLUJ,83,2P,S. Drazic,,,CFR 1907 CLUJ,Normal Goal,1565232.0
29/08/2026,Liga I Rumania,2026/2027,ARGES PITESTI,SEPSI OSK SFANTU GHEORGHE,89,2P,B. Otelita,C. Davordzie,,SEPSI OSK SFANTU GHEORGHE,Normal Goal,1565234.0
29/08/2026,Liga I Rumania,2026/2027,CORVINUL HUNEDOARA,DINAMO BUCURESTI,15,1P,R. Espinosa,D. N. Pirvulescu,,CORVINUL HUNEDOARA,Normal Goal,1565231.0
29/08/2026,Liga I Rumania,2026/2027,CORVINUL HUNEDOARA,DINAMO BUCURESTI,51,2P,M. Karamoko,C. Cirjan,,DINAMO BUCURESTI,Normal Goal,1565231.0
30/08/2026,Liga I Rumania,2026/2027,FCSB,UTA ARAD,26,1P,M. Coman,J. Papeau,,UTA ARAD,Normal Goal,1565236.0
30/08/2026,Liga I Rumania,2026/2027,FCSB,UTA ARAD,49,2P,A. Stoian,D. Miculescu,,FCSB,Normal Goal,1565236.0
30/08/2026,Liga I Rumania,2026/2027,FCSB,UTA ARAD,54,2P,H. Abdallah,A. Roman,,UTA ARAD,Normal Goal,1565236.0
30/08/2026,Liga I Rumania,2026/2027,FCSB,UTA ARAD,78,2P,M. Coman,A. Roman,,UTA ARAD,Normal Goal,1565236.0
31/08/2026,Liga I Rumania,2026/2027,RAPID,UNIVERSITATEA CRAIOVA,29,1P,Nikola Stevanović,David Matei,,UNIVERSITATEA CRAIOVA,Normal Goal,1565235.0
31/08/2026,Liga I Rumania,2026/2027,RAPID,UNIVERSITATEA CRAIOVA,67,2P,Filip Stojilković,Olimpiu Moruțan,,RAPID,Normal Goal,1565235.0
29/08/2026,Premiership Escocia,2026/2027,CELTIC,FALKIRK,4,1P,C. Duran,,,CELTIC,Normal Goal,1556647.0
29/08/2026,Premiership Escocia,2026/2027,CELTIC,FALKIRK,29,1P,C. Duran,K. Tierney,,CELTIC,Normal Goal,1556647.0
29/08/2026,Premiership Escocia,2026/2027,CELTIC,FALKIRK,72,2P,C. Donovan,,,FALKIRK,Own Goal,1556647.0
29/08/2026,Premiership Escocia,2026/2027,KILMARNOCK,DUNDEE UTD,12,1P,E. Agyei,M. Merghem,,DUNDEE UTD,Normal Goal,1556650.0
29/08/2026,Premiership Escocia,2026/2027,KILMARNOCK,DUNDEE UTD,36,1P,Z. Sapsford,,,DUNDEE UTD,Penalty,1556650.0
29/08/2026,Premiership Escocia,2026/2027,KILMARNOCK,DUNDEE UTD,41,1P,W. Ferry,M. Merghem,,DUNDEE UTD,Normal Goal,1556650.0
29/08/2026,Premiership Escocia,2026/2027,KILMARNOCK,DUNDEE UTD,77,2P,J. Randall,W. Ferry,,DUNDEE UTD,Normal Goal,1556650.0
29/08/2026,Premiership Escocia,2026/2027,HEART OF MIDLOTHIAN,ST JOHNSTONE,9,1P,J. Wilson,J. McPake,,HEART OF MIDLOTHIAN,Normal Goal,1556649.0
29/08/2026,Premiership Escocia,2026/2027,HEART OF MIDLOTHIAN,ST JOHNSTONE,39,1P,E. Alic,,,HEART OF MIDLOTHIAN,Own Goal,1556649.0
29/08/2026,Premiership Escocia,2026/2027,HEART OF MIDLOTHIAN,ST JOHNSTONE,48,2P,R. Paton,S. Stanton,,ST JOHNSTONE,Normal Goal,1556649.0
30/08/2026,Premiership Escocia,2026/2027,ABERDEEN,RANGERS,69,2P,L. Shankland,,,RANGERS,Penalty,1556646.0
30/08/2026,Premiership Escocia,2026/2027,ST MIRREN,MOTHERWELL,2,1P,T. Maswanhise,A. Lowry,,MOTHERWELL,Normal Goal,1556651.0
30/08/2026,Premiership Escocia,2026/2027,ST MIRREN,MOTHERWELL,15,1P,Tawanda Maswanhise,,,MOTHERWELL,Missed Penalty,1556651.0
30/08/2026,Premiership Escocia,2026/2027,ST MIRREN,MOTHERWELL,24,1P,R. Charles-Cook,,,MOTHERWELL,Normal Goal,1556651.0
30/08/2026,Premiership Escocia,2026/2027,ST MIRREN,MOTHERWELL,39,1P,P. Nsio,S. Ramos,,ST MIRREN,Normal Goal,1556651.0
30/08/2026,Premiership Escocia,2026/2027,ST MIRREN,MOTHERWELL,44,1P,D. John,S. Ramos,,ST MIRREN,Normal Goal,1556651.0
30/08/2026,Premiership Escocia,2026/2027,ST MIRREN,MOTHERWELL,45,1P,S. Ramos,A. Gogic,,ST MIRREN,Normal Goal,1556651.0
30/08/2026,Premiership Escocia,2026/2027,ST MIRREN,MOTHERWELL,90,2P,J. Kanga,,,MOTHERWELL,Normal Goal,1556651.0
30/08/2026,Premiership Escocia,2026/2027,DUNDEE,HIBERNIAN,25,1P,M. Boyle,G. Hanley,,HIBERNIAN,Normal Goal,1556648.0
30/08/2026,Premiership Escocia,2026/2027,DUNDEE,HIBERNIAN,61,2P,C. Wright,F. Passlack,,HIBERNIAN,Normal Goal,1556648.0
30/08/2026,Premiership Escocia,2026/2027,DUNDEE,HIBERNIAN,83,2P,J. Westley,,,DUNDEE,Normal Goal,1556648.0
01/08/2026,Championship Escocia,2026/2027,LIVINGSTON,QUEEN'S PARK,50,2P,R. Muirhead,T. Sinclair,,LIVINGSTON,Normal Goal,1556828.0
01/08/2026,Championship Escocia,2026/2027,LIVINGSTON,QUEEN'S PARK,77,2P,R. Muirhead,S. Pittman,,LIVINGSTON,Normal Goal,1556828.0
01/08/2026,Championship Escocia,2026/2027,MORTON,PARTICK,82,2P,T. Letsosa,,,PARTICK,Normal Goal,1556829.0
01/08/2026,Championship Escocia,2026/2027,RAITH ROVERS,STENHOUSEMUIR,19,1P,P. McMullan,D. Easton,,RAITH ROVERS,Normal Goal,1556830.0
01/08/2026,Championship Escocia,2026/2027,RAITH ROVERS,STENHOUSEMUIR,30,1P,L. Hodgkiss,,,STENHOUSEMUIR,Normal Goal,1556830.0
01/08/2026,Championship Escocia,2026/2027,AYR UTD,ARBROATH,44,1P,B. Summers,K. Mitchell,,AYR UTD,Normal Goal,1556826.0
01/08/2026,Championship Escocia,2026/2027,AYR UTD,ARBROATH,79,2P,R. Taylor,R. Lyon,,AYR UTD,Normal Goal,1556826.0
07/08/2026,Championship Escocia,2026/2027,PARTICK,LIVINGSTON,4,1P,R. Crawford,B. McPherson,,PARTICK,Normal Goal,1556831.0
07/08/2026,Championship Escocia,2026/2027,PARTICK,LIVINGSTON,44,1P,C. MacPherson,,,PARTICK,Own Goal,1556831.0
08/08/2026,Championship Escocia,2026/2027,DUNFERMLINE,AYR UTD,14,1P,A. Tod,S. Kearney,,DUNFERMLINE,Normal Goal,1556833.0
08/08/2026,Championship Escocia,2026/2027,DUNFERMLINE,AYR UTD,45,1P,L. McBeth,R. Taylor,,AYR UTD,Normal Goal,1556833.0
08/08/2026,Championship Escocia,2026/2027,QUEEN'S PARK,RAITH ROVERS,39,1P,C. Telfer,,,RAITH ROVERS,Normal Goal,1556834.0
08/08/2026,Championship Escocia,2026/2027,QUEEN'S PARK,RAITH ROVERS,58,2P,A. Dowds,,,RAITH ROVERS,Penalty,1556834.0
08/08/2026,Championship Escocia,2026/2027,QUEEN'S PARK,RAITH ROVERS,77,2P,R. McLean,E. Murray,,QUEEN'S PARK,Normal Goal,1556834.0
08/08/2026,Championship Escocia,2026/2027,STENHOUSEMUIR,MORTON,57,2P,M. Anderson,L. O'Donnell,,STENHOUSEMUIR,Normal Goal,1556835.0
08/08/2026,Championship Escocia,2026/2027,STENHOUSEMUIR,MORTON,90,2P,G. Stevenson,C. Penman,,STENHOUSEMUIR,Normal Goal,1556835.0
21/08/2026,Championship Escocia,2026/2027,INVERNESS CT,PARTICK,17,1P,S. Drozd,A. Fitzpatrick,,PARTICK,Normal Goal,1556836.0
21/08/2026,Championship Escocia,2026/2027,INVERNESS CT,PARTICK,89,2P,A. Bavidge,P. Allan,,INVERNESS CT,Normal Goal,1556836.0
22/08/2026,Championship Escocia,2026/2027,LIVINGSTON,DUNFERMLINE,45,1P,B. van Hoeven,R. Muirhead,,LIVINGSTON,Normal Goal,1556837.0
22/08/2026,Championship Escocia,2026/2027,LIVINGSTON,DUNFERMLINE,90,2P,R. Muirhead,S. May,,LIVINGSTON,Normal Goal,1556837.0
22/08/2026,Championship Escocia,2026/2027,MORTON,ARBROATH,20,1P,J. Bonnar,S. Mackie,,ARBROATH,Normal Goal,1556838.0
22/08/2026,Championship Escocia,2026/2027,MORTON,ARBROATH,48,2P,D. Black,M. Garrity,,MORTON,Normal Goal,1556838.0
22/08/2026,Championship Escocia,2026/2027,MORTON,ARBROATH,90,2P,T. O'Brien,,,ARBROATH,Normal Goal,1556838.0
22/08/2026,Championship Escocia,2026/2027,RAITH ROVERS,AYR UTD,9,1P,A. Dowds,Z. Delaney,,RAITH ROVERS,Normal Goal,1556840.0
22/08/2026,Championship Escocia,2026/2027,RAITH ROVERS,AYR UTD,15,1P,A. Dowds,P. McMullan,,RAITH ROVERS,Normal Goal,1556840.0
22/08/2026,Championship Escocia,2026/2027,QUEEN'S PARK,STENHOUSEMUIR,49,2P,E. O'Reilly,F. Robson,,STENHOUSEMUIR,Normal Goal,1556839.0
22/08/2026,Championship Escocia,2026/2027,QUEEN'S PARK,STENHOUSEMUIR,84,2P,G. Buchanan,S. Bright,,STENHOUSEMUIR,Normal Goal,1556839.0
28/08/2026,Championship Escocia,2026/2027,DUNFERMLINE,RAITH ROVERS,88,2P,J. Cooper,,,DUNFERMLINE,Normal Goal,1556843.0
29/08/2026,Championship Escocia,2026/2027,AYR UTD,MORTON,44,1P,J. Murphy,,,AYR UTD,Penalty,1556842.0
29/08/2026,Championship Escocia,2026/2027,AYR UTD,MORTON,63,2P,E. Brophy,C. Sandilands,,MORTON,Normal Goal,1556842.0
29/08/2026,Championship Escocia,2026/2027,ARBROATH,LIVINGSTON,48,2P,G. Reilly,,,ARBROATH,Penalty,1556841.0
29/08/2026,Championship Escocia,2026/2027,STENHOUSEMUIR,INVERNESS CT,23,1P,L. O'Donnell,D. Carrick,,STENHOUSEMUIR,Normal Goal,1556845.0
29/08/2026,Championship Escocia,2026/2027,STENHOUSEMUIR,INVERNESS CT,50,2P,L. O'Donnell,,,STENHOUSEMUIR,Normal Goal,1556845.0
29/08/2026,Championship Escocia,2026/2027,STENHOUSEMUIR,INVERNESS CT,52,2P,L. Sole,R. Duncan,,INVERNESS CT,Normal Goal,1556845.0
29/08/2026,Championship Escocia,2026/2027,STENHOUSEMUIR,INVERNESS CT,57,2P,S. Young,L. O'Donnell,,STENHOUSEMUIR,Normal Goal,1556845.0
29/08/2026,Super League Grecia,2026/2027,VOLOS NFC,IRAKLIS 1908,27,1P,Nanu,,,IRAKLIS 1908,Normal Goal,1593302.0
29/08/2026,Super League Grecia,2026/2027,VOLOS NFC,IRAKLIS 1908,84,2P,M. Gonzalez,,,VOLOS NFC,Normal Goal,1593302.0
29/08/2026,Super League Grecia,2026/2027,PANETOLIKOS,KALAMATA,26,1P,G. Granath,C. Manrique,,PANETOLIKOS,Normal Goal,1593301.0
29/08/2026,Super League Grecia,2026/2027,PANETOLIKOS,KALAMATA,90,2P,S. Soumah,Y. Kucherenko,,PANETOLIKOS,Normal Goal,1593301.0
30/08/2026,Super League Grecia,2026/2027,ARIS THESSALONIKIS,OFI,3,1P,M. Garcia,U. Racic,,ARIS THESSALONIKIS,Normal Goal,1593296.0
30/08/2026,Super League Grecia,2026/2027,ARIS THESSALONIKIS,OFI,68,2P,C. Kouame,,,ARIS THESSALONIKIS,Normal Goal,1593296.0
30/08/2026,Super League Grecia,2026/2027,ARIS THESSALONIKIS,OFI,88,2P,Uroš Račić,,,ARIS THESSALONIKIS,Missed Penalty,1593296.0
30/08/2026,Super League Grecia,2026/2027,ARIS THESSALONIKIS,OFI,90,2P,K. Kodro,N. Athanasiou,,OFI,Normal Goal,1593296.0
30/08/2026,Super League Grecia,2026/2027,ATROMITOS,PAOK,19,1P,C. Nunez,A. Karamanis,,ATROMITOS,Normal Goal,1593298.0
30/08/2026,Super League Grecia,2026/2027,ATROMITOS,PAOK,43,1P,D. Pelkas,T. Ali,,PAOK,Normal Goal,1593298.0
30/08/2026,Super League Grecia,2026/2027,ATROMITOS,PAOK,64,2P,D. Pelkas,,,PAOK,Normal Goal,1593298.0
30/08/2026,Super League Grecia,2026/2027,ASTERAS TRIPOLIS,OLYMPIAKOS PIRAEUS,31,1P,Jota Silva,M. Saliakas,,OLYMPIAKOS PIRAEUS,Normal Goal,1593297.0
30/08/2026,Super League Grecia,2026/2027,KIFISIA,AEK ATHENS FC,63,2P,B. Varga,R. Marin,,AEK ATHENS FC,Normal Goal,1593299.0
30/08/2026,Super League Grecia,2026/2027,KIFISIA,AEK ATHENS FC,90,2P,Bernardo,C. Jolibois,,KIFISIA,Normal Goal,1593299.0
31/08/2026,Super League Grecia,2026/2027,LEVADIAKOS,PANATHINAIKOS,3,1P,I. Kosti,,,PANATHINAIKOS,Own Goal,1593300.0
31/08/2026,Super League Grecia,2026/2027,LEVADIAKOS,PANATHINAIKOS,77,2P,C. Dessers,V. Taborda,,PANATHINAIKOS,Normal Goal,1593300.0
17/07/2026,First League Bulgaria,2026/2027,SPARTAK VARNA,CSKA 1948,13,1P,G. Stojanovski,,,SPARTAK VARNA,Normal Goal,1551053.0
17/07/2026,First League Bulgaria,2026/2027,SPARTAK VARNA,CSKA 1948,44,1P,J. Tshitoku,G. Stojanovski,,SPARTAK VARNA,Normal Goal,1551053.0
17/07/2026,First League Bulgaria,2026/2027,SPARTAK VARNA,CSKA 1948,51,2P,M. Diallo,,,CSKA 1948,Penalty,1551053.0
17/07/2026,First League Bulgaria,2026/2027,SPARTAK VARNA,CSKA 1948,77,2P,Frederic,M. Diallo,,CSKA 1948,Normal Goal,1551053.0
17/07/2026,First League Bulgaria,2026/2027,LEVSKI SOFIA,DUNAV RUSE,22,1P,K. Dimitrov,D. Kusso,,LEVSKI SOFIA,Normal Goal,1551049.0
17/07/2026,First League Bulgaria,2026/2027,LEVSKI SOFIA,DUNAV RUSE,70,2P,A. Bouras,Everton Bala,,LEVSKI SOFIA,Normal Goal,1551049.0
17/07/2026,First League Bulgaria,2026/2027,LEVSKI SOFIA,DUNAV RUSE,84,2P,D. Minchev,R. Apostolov,,DUNAV RUSE,Normal Goal,1551049.0
18/07/2026,First League Bulgaria,2026/2027,SEPTEMVRI SOFIA,ARDA KARDZHALI,17,1P,B. Karagaren,,,ARDA KARDZHALI,Normal Goal,1551051.0
18/07/2026,First League Bulgaria,2026/2027,SEPTEMVRI SOFIA,ARDA KARDZHALI,53,2P,S. Wade,,,SEPTEMVRI SOFIA,Normal Goal,1551051.0
18/07/2026,First League Bulgaria,2026/2027,LUDOGORETS,LOKOMOTIV PLOVDIV,45,1P,I. Chochev,S. Shishkov,,LUDOGORETS,Normal Goal,1551050.0
19/07/2026,First League Bulgaria,2026/2027,BOTEV VRATSA,CHERNO MORE VARNA,70,2P,V. Panayotov,,,CHERNO MORE VARNA,Normal Goal,1551048.0
19/07/2026,First League Bulgaria,2026/2027,BOTEV VRATSA,CHERNO MORE VARNA,90,2P,M. Petkov,,,BOTEV VRATSA,Normal Goal,1551048.0
21/07/2026,First League Bulgaria,2026/2027,BOTEV PLOVDIV,LOKOMOTIV SOFIA,49,2P,D. Kostadinov,A. Lyaskov,,LOKOMOTIV SOFIA,Normal Goal,1551047.0
21/07/2026,First League Bulgaria,2026/2027,BOTEV PLOVDIV,LOKOMOTIV SOFIA,79,2P,C. Meotti,S. Kalu,,BOTEV PLOVDIV,Normal Goal,1551047.0
24/07/2026,First League Bulgaria,2026/2027,ARDA KARDZHALI,SLAVIA SOFIA,90,2P,A. Kabov,B. Karagaren,,ARDA KARDZHALI,Normal Goal,1551054.0
25/07/2026,First League Bulgaria,2026/2027,CSKA 1948,BOTEV VRATSA,19,1P,F. Krebs,A. Iliev,,CSKA 1948,Normal Goal,1551056.0
25/07/2026,First League Bulgaria,2026/2027,CSKA 1948,BOTEV VRATSA,63,2P,M. Petkov,K. Hadji,,BOTEV VRATSA,Normal Goal,1551056.0
25/07/2026,First League Bulgaria,2026/2027,CSKA 1948,BOTEV VRATSA,78,2P,A. Iliev,D. Grivic,,CSKA 1948,Normal Goal,1551056.0
25/07/2026,First League Bulgaria,2026/2027,LOKOMOTIV SOFIA,LEVSKI SOFIA,63,2P,S. Delev,D. Kostadinov,,LOKOMOTIV SOFIA,Normal Goal,1551060.0
25/07/2026,First League Bulgaria,2026/2027,LOKOMOTIV SOFIA,LEVSKI SOFIA,77,2P,Reinaldo,A. Centelles,,LEVSKI SOFIA,Normal Goal,1551060.0
25/07/2026,First League Bulgaria,2026/2027,LOKOMOTIV SOFIA,LEVSKI SOFIA,82,2P,Serginho,Reinaldo,,LEVSKI SOFIA,Normal Goal,1551060.0
26/07/2026,First League Bulgaria,2026/2027,CHERNO MORE VARNA,SPARTAK VARNA,33,1P,A. Granchov,,,SPARTAK VARNA,Normal Goal,1551055.0
26/07/2026,First League Bulgaria,2026/2027,CHERNO MORE VARNA,SPARTAK VARNA,88,2P,G. Stojanovski,D. Valverde,,SPARTAK VARNA,Normal Goal,1551055.0
26/07/2026,First League Bulgaria,2026/2027,CHERNO MORE VARNA,SPARTAK VARNA,90,2P,R. Sousa,T. Chunchukov,,SPARTAK VARNA,Normal Goal,1551055.0
26/07/2026,First League Bulgaria,2026/2027,LOKOMOTIV PLOVDIV,SEPTEMVRI SOFIA,5,1P,J. Lamy,,,LOKOMOTIV PLOVDIV,Normal Goal,1551059.0
26/07/2026,First League Bulgaria,2026/2027,LOKOMOTIV PLOVDIV,SEPTEMVRI SOFIA,45,1P,A. Dzhamov,F. Herard,,SEPTEMVRI SOFIA,Normal Goal,1551059.0
26/07/2026,First League Bulgaria,2026/2027,LOKOMOTIV PLOVDIV,SEPTEMVRI SOFIA,88,2P,K. Onasci,,,LOKOMOTIV PLOVDIV,Own Goal,1551059.0
27/07/2026,First League Bulgaria,2026/2027,DUNAV RUSE,LUDOGORETS,14,1P,B. Tekpetey,A. Salido Tajero,,LUDOGORETS,Normal Goal,1551058.0
27/07/2026,First League Bulgaria,2026/2027,DUNAV RUSE,LUDOGORETS,47,2P,Rwan Cruz,B. Tekpetey,,LUDOGORETS,Normal Goal,1551058.0
27/07/2026,First League Bulgaria,2026/2027,CSKA SOFIA,BOTEV PLOVDIV,38,1P,C. Algarra,,,BOTEV PLOVDIV,Normal Goal,1551057.0
27/07/2026,First League Bulgaria,2026/2027,CSKA SOFIA,BOTEV PLOVDIV,41,1P,J. Zwarts,,,CSKA SOFIA,Normal Goal,1551057.0
27/07/2026,First League Bulgaria,2026/2027,CSKA SOFIA,BOTEV PLOVDIV,89,2P,J. Zwarts,I. Pittas,,CSKA SOFIA,Normal Goal,1551057.0
27/07/2026,First League Bulgaria,2026/2027,CSKA SOFIA,BOTEV PLOVDIV,90,2P,I. Pittas,F. Lapoukhov,,CSKA SOFIA,Normal Goal,1551057.0
27/07/2026,First League Bulgaria,2026/2027,CSKA SOFIA,BOTEV PLOVDIV,90,2P,A. Chandarov,G. Milanov,,BOTEV PLOVDIV,Normal Goal,1551057.0
31/07/2026,First League Bulgaria,2026/2027,SLAVIA SOFIA,LOKOMOTIV SOFIA,36,1P,N. Penev,,,LOKOMOTIV SOFIA,Normal Goal,1551066.0
31/07/2026,First League Bulgaria,2026/2027,SLAVIA SOFIA,LOKOMOTIV SOFIA,42,1P,I. Minchev,I. Stefanov,,SLAVIA SOFIA,Normal Goal,1551066.0
31/07/2026,First League Bulgaria,2026/2027,CSKA 1948,ARDA KARDZHALI,6,1P,M. Diallo,G. Rusev,,CSKA 1948,Normal Goal,1551062.0
31/07/2026,First League Bulgaria,2026/2027,CSKA 1948,ARDA KARDZHALI,22,1P,B. Karagaren,,,ARDA KARDZHALI,Normal Goal,1551062.0
31/07/2026,First League Bulgaria,2026/2027,CSKA 1948,ARDA KARDZHALI,57,2P,M. Diallo,D. Grivic,,CSKA 1948,Normal Goal,1551062.0
01/08/2026,First League Bulgaria,2026/2027,LEVSKI SOFIA,SEPTEMVRI SOFIA,34,1P,A. Bouras,,,LEVSKI SOFIA,Normal Goal,1551064.0
01/08/2026,First League Bulgaria,2026/2027,LEVSKI SOFIA,SEPTEMVRI SOFIA,76,2P,A. Oko-Flex,Everton Bala,,LEVSKI SOFIA,Normal Goal,1551064.0
01/08/2026,First League Bulgaria,2026/2027,LEVSKI SOFIA,SEPTEMVRI SOFIA,79,2P,Serginho,S. Hevertton,,LEVSKI SOFIA,Normal Goal,1551064.0
01/08/2026,First League Bulgaria,2026/2027,BOTEV PLOVDIV,CHERNO MORE VARNA,23,1P,A. Chandarov,,,BOTEV PLOVDIV,Penalty,1551061.0
02/08/2026,First League Bulgaria,2026/2027,LUDOGORETS,BOTEV VRATSA,22,1P,B. Tekpetey,Rwan Cruz,,LUDOGORETS,Normal Goal,1551065.0
02/08/2026,First League Bulgaria,2026/2027,LUDOGORETS,BOTEV VRATSA,45,1P,Rwan Cruz,B. Tekpetey,,LUDOGORETS,Normal Goal,1551065.0
02/08/2026,First League Bulgaria,2026/2027,LUDOGORETS,BOTEV VRATSA,72,2P,P. Borukov,M. Smolenski,,BOTEV VRATSA,Normal Goal,1551065.0
02/08/2026,First League Bulgaria,2026/2027,CSKA SOFIA,DUNAV RUSE,10,1P,R. Apostolov,V. Vidakovic,,DUNAV RUSE,Normal Goal,1551063.0
02/08/2026,First League Bulgaria,2026/2027,CSKA SOFIA,DUNAV RUSE,17,1P,J. Zwarts,M. Brahimi,,CSKA SOFIA,Normal Goal,1551063.0
02/08/2026,First League Bulgaria,2026/2027,CSKA SOFIA,DUNAV RUSE,79,2P,F. Rodriguez,,,CSKA SOFIA,Normal Goal,1551063.0
03/08/2026,First League Bulgaria,2026/2027,SPARTAK VARNA,LOKOMOTIV PLOVDIV,8,1P,D. Valverde,,,SPARTAK VARNA,Normal Goal,1551067.0
07/08/2026,First League Bulgaria,2026/2027,LEVSKI SOFIA,LOKOMOTIV PLOVDIV,5,1P,D. Kusso,M. Soula,,LEVSKI SOFIA,Normal Goal,1551072.0
07/08/2026,First League Bulgaria,2026/2027,LEVSKI SOFIA,LOKOMOTIV PLOVDIV,90,2P,Reinaldo,M. Moubarik,,LEVSKI SOFIA,Normal Goal,1551072.0
08/08/2026,First League Bulgaria,2026/2027,LOKOMOTIV SOFIA,CSKA 1948,53,2P,E. Franco,P. Vitanov,,CSKA 1948,Normal Goal,1551073.0
08/08/2026,First League Bulgaria,2026/2027,LOKOMOTIV SOFIA,CSKA 1948,73,2P,Frederic,,,CSKA 1948,Normal Goal,1551073.0
08/08/2026,First League Bulgaria,2026/2027,LOKOMOTIV SOFIA,CSKA 1948,77,2P,S. Delev,A. Taoui,,LOKOMOTIV SOFIA,Normal Goal,1551073.0
08/08/2026,First League Bulgaria,2026/2027,LOKOMOTIV SOFIA,CSKA 1948,87,2P,Frederic,G. Rusev,,CSKA 1948,Normal Goal,1551073.0
08/08/2026,First League Bulgaria,2026/2027,DUNAV RUSE,ARDA KARDZHALI,16,1P,B. Karagaren,D. Yankov,,ARDA KARDZHALI,Normal Goal,1551071.0
08/08/2026,First League Bulgaria,2026/2027,DUNAV RUSE,ARDA KARDZHALI,59,2P,S. Kovachev,,,ARDA KARDZHALI,Normal Goal,1551071.0
09/08/2026,First League Bulgaria,2026/2027,CHERNO MORE VARNA,LUDOGORETS,30,1P,G. Lazarov,E. Tombak,,CHERNO MORE VARNA,Normal Goal,1551070.0
09/08/2026,First League Bulgaria,2026/2027,CHERNO MORE VARNA,LUDOGORETS,47,2P,Rwan Cruz,,,LUDOGORETS,Normal Goal,1551070.0
09/08/2026,First League Bulgaria,2026/2027,CHERNO MORE VARNA,LUDOGORETS,50,2P,Rwan Cruz,,,LUDOGORETS,Normal Goal,1551070.0
09/08/2026,First League Bulgaria,2026/2027,CHERNO MORE VARNA,LUDOGORETS,53,2P,I. Chochev,S. Shishkov,,LUDOGORETS,Normal Goal,1551070.0
09/08/2026,First League Bulgaria,2026/2027,CHERNO MORE VARNA,LUDOGORETS,84,2P,N. Zlatev,B. Beyhan,,CHERNO MORE VARNA,Normal Goal,1551070.0
09/08/2026,First League Bulgaria,2026/2027,SEPTEMVRI SOFIA,CSKA SOFIA,45,1P,I. Pittas,,,CSKA SOFIA,Penalty,1551074.0
09/08/2026,First League Bulgaria,2026/2027,SEPTEMVRI SOFIA,CSKA SOFIA,72,2P,L. Godoy,M. Brahimi,,CSKA SOFIA,Normal Goal,1551074.0
09/08/2026,First League Bulgaria,2026/2027,SEPTEMVRI SOFIA,CSKA SOFIA,81,2P,I. Solet,A. Yordanov,,CSKA SOFIA,Normal Goal,1551074.0
10/08/2026,First League Bulgaria,2026/2027,BOTEV VRATSA,SLAVIA SOFIA,56,2P,R. Raychev,E. Stoev,,SLAVIA SOFIA,Normal Goal,1551069.0
10/08/2026,First League Bulgaria,2026/2027,BOTEV VRATSA,SLAVIA SOFIA,82,2P,V. Kazaldzhiev,V. Nikolov,,SLAVIA SOFIA,Normal Goal,1551069.0
10/08/2026,First League Bulgaria,2026/2027,BOTEV VRATSA,SLAVIA SOFIA,90,2P,V. Kazaldzhiev,Y. Bornosuzov,,SLAVIA SOFIA,Normal Goal,1551069.0
10/08/2026,First League Bulgaria,2026/2027,BOTEV PLOVDIV,SPARTAK VARNA,4,1P,Mascote,V. Mendes,,BOTEV PLOVDIV,Normal Goal,1551068.0
10/08/2026,First League Bulgaria,2026/2027,BOTEV PLOVDIV,SPARTAK VARNA,28,1P,A. Chandarov,C. Meotti,,BOTEV PLOVDIV,Normal Goal,1551068.0
10/08/2026,First League Bulgaria,2026/2027,BOTEV PLOVDIV,SPARTAK VARNA,39,1P,S. Kalu,C. Meotti,,BOTEV PLOVDIV,Normal Goal,1551068.0
10/08/2026,First League Bulgaria,2026/2027,BOTEV PLOVDIV,SPARTAK VARNA,58,2P,S. Petrov,,,SPARTAK VARNA,Own Goal,1551068.0
10/08/2026,First League Bulgaria,2026/2027,BOTEV PLOVDIV,SPARTAK VARNA,90,2P,A. Ahmedov,A. Ivanov,,SPARTAK VARNA,Normal Goal,1551068.0
14/08/2026,First League Bulgaria,2026/2027,CSKA 1948,CHERNO MORE VARNA,10,1P,M. Achi,Joao Bandaro,,CHERNO MORE VARNA,Normal Goal,1551076.0
14/08/2026,First League Bulgaria,2026/2027,CSKA 1948,CHERNO MORE VARNA,40,1P,Frederic,,,CSKA 1948,Normal Goal,1551076.0
14/08/2026,First League Bulgaria,2026/2027,CSKA 1948,CHERNO MORE VARNA,52,2P,A. Iliev,,,CSKA 1948,Normal Goal,1551076.0
14/08/2026,First League Bulgaria,2026/2027,CSKA 1948,CHERNO MORE VARNA,63,2P,Frederic,A. Iliev,,CSKA 1948,Normal Goal,1551076.0
14/08/2026,First League Bulgaria,2026/2027,CSKA 1948,CHERNO MORE VARNA,82,2P,E. Franco,B. Benamar,,CSKA 1948,Normal Goal,1551076.0
15/08/2026,First League Bulgaria,2026/2027,LUDOGORETS,BOTEV PLOVDIV,32,1P,T. Awany,,,LUDOGORETS,Own Goal,1551079.0
15/08/2026,First League Bulgaria,2026/2027,LUDOGORETS,BOTEV PLOVDIV,34,1P,Rwan Cruz,B. Tekpetey,,LUDOGORETS,Normal Goal,1551079.0
16/08/2026,First League Bulgaria,2026/2027,CSKA SOFIA,BOTEV VRATSA,12,1P,J. Zwarts,C. Itu,,CSKA SOFIA,Normal Goal,1551077.0
16/08/2026,First League Bulgaria,2026/2027,CSKA SOFIA,BOTEV VRATSA,38,1P,P. Panayotov,C. Itu,,CSKA SOFIA,Normal Goal,1551077.0
16/08/2026,First League Bulgaria,2026/2027,CSKA SOFIA,BOTEV VRATSA,65,2P,T. Ivanov,J. Zwarts,,CSKA SOFIA,Normal Goal,1551077.0
16/08/2026,First League Bulgaria,2026/2027,CSKA SOFIA,BOTEV VRATSA,72,2P,J. Zwarts,A. Yordanov,,CSKA SOFIA,Normal Goal,1551077.0
16/08/2026,First League Bulgaria,2026/2027,CSKA SOFIA,BOTEV VRATSA,79,2P,L. Godoy,F. Lapoukhov,,CSKA SOFIA,Normal Goal,1551077.0
16/08/2026,First League Bulgaria,2026/2027,LOKOMOTIV PLOVDIV,DUNAV RUSE,4,1P,C. Longville,Lucas Ryan,,LOKOMOTIV PLOVDIV,Normal Goal,1551078.0
16/08/2026,First League Bulgaria,2026/2027,LOKOMOTIV PLOVDIV,DUNAV RUSE,71,2P,A. Valino,,,DUNAV RUSE,Penalty,1551078.0
16/08/2026,First League Bulgaria,2026/2027,LOKOMOTIV PLOVDIV,DUNAV RUSE,77,2P,K. Boychev,,,DUNAV RUSE,Normal Goal,1551078.0
17/08/2026,First League Bulgaria,2026/2027,SPARTAK VARNA,SEPTEMVRI SOFIA,61,2P,A. Liberal,,,SEPTEMVRI SOFIA,Normal Goal,1551081.0
17/08/2026,First League Bulgaria,2026/2027,ARDA KARDZHALI,LOKOMOTIV SOFIA,31,1P,S. Ivanov,S. Kovachev,,ARDA KARDZHALI,Normal Goal,1551075.0
17/08/2026,First League Bulgaria,2026/2027,ARDA KARDZHALI,LOKOMOTIV SOFIA,35,1P,S. Ivanov,B. Karagaren,,ARDA KARDZHALI,Normal Goal,1551075.0
17/08/2026,First League Bulgaria,2026/2027,ARDA KARDZHALI,LOKOMOTIV SOFIA,75,2P,Caue Caruzo,M. Medfai,,LOKOMOTIV SOFIA,Normal Goal,1551075.0
17/08/2026,First League Bulgaria,2026/2027,ARDA KARDZHALI,LOKOMOTIV SOFIA,88,2P,S. Kovachev,,,ARDA KARDZHALI,Normal Goal,1551075.0
21/08/2026,First League Bulgaria,2026/2027,CHERNO MORE VARNA,DUNAV RUSE,55,2P,D. Teles,,,CHERNO MORE VARNA,Normal Goal,1551083.0
21/08/2026,First League Bulgaria,2026/2027,CHERNO MORE VARNA,DUNAV RUSE,70,2P,I. Keita,,,DUNAV RUSE,Normal Goal,1551083.0
21/08/2026,First League Bulgaria,2026/2027,CHERNO MORE VARNA,DUNAV RUSE,90,2P,L. Squadrone,,,CHERNO MORE VARNA,Normal Goal,1551083.0
21/08/2026,First League Bulgaria,2026/2027,CHERNO MORE VARNA,DUNAV RUSE,90,2P,P. Andreev,,,CHERNO MORE VARNA,Normal Goal,1551083.0
22/08/2026,First League Bulgaria,2026/2027,LUDOGORETS,SLAVIA SOFIA,7,1P,N. Savic,,,SLAVIA SOFIA,Normal Goal,1551087.0
22/08/2026,First League Bulgaria,2026/2027,LUDOGORETS,SLAVIA SOFIA,41,1P,K. Duah,,,LUDOGORETS,Normal Goal,1551087.0
22/08/2026,First League Bulgaria,2026/2027,LEVSKI SOFIA,SPARTAK VARNA,8,1P,A. Oko-Flex,,,LEVSKI SOFIA,Normal Goal,1551084.0
22/08/2026,First League Bulgaria,2026/2027,LEVSKI SOFIA,SPARTAK VARNA,15,1P,J. Perea,,,LEVSKI SOFIA,Normal Goal,1551084.0
22/08/2026,First League Bulgaria,2026/2027,LEVSKI SOFIA,SPARTAK VARNA,60,2P,D. Kusso,,,LEVSKI SOFIA,Normal Goal,1551084.0
22/08/2026,First League Bulgaria,2026/2027,LEVSKI SOFIA,SPARTAK VARNA,64,2P,A. Oko-Flex,M. Soula,,LEVSKI SOFIA,Normal Goal,1551084.0
22/08/2026,First League Bulgaria,2026/2027,LEVSKI SOFIA,SPARTAK VARNA,87,2P,S. Stoyanchov,,,LEVSKI SOFIA,Normal Goal,1551084.0
22/08/2026,First League Bulgaria,2026/2027,LEVSKI SOFIA,SPARTAK VARNA,90,2P,A. Raychev,,,LEVSKI SOFIA,Normal Goal,1551084.0
23/08/2026,First League Bulgaria,2026/2027,SEPTEMVRI SOFIA,CSKA 1948,59,2P,F. Herard,Y. Baurenski,,SEPTEMVRI SOFIA,Normal Goal,1551088.0
24/08/2026,First League Bulgaria,2026/2027,BOTEV VRATSA,BOTEV PLOVDIV,23,1P,P. Borukov,M. Smolenski,,BOTEV VRATSA,Normal Goal,1551082.0
24/08/2026,First League Bulgaria,2026/2027,LOKOMOTIV PLOVDIV,ARDA KARDZHALI,66,2P,D. Yankov,S. Ivanov,,ARDA KARDZHALI,Normal Goal,1551085.0
28/08/2026,First League Bulgaria,2026/2027,SLAVIA SOFIA,SEPTEMVRI SOFIA,46,2P,E. Stoev,,,SLAVIA SOFIA,Normal Goal,1551094.0
28/08/2026,First League Bulgaria,2026/2027,SLAVIA SOFIA,SEPTEMVRI SOFIA,54,2P,D. Malembana,,,SEPTEMVRI SOFIA,Own Goal,1551094.0
28/08/2026,First League Bulgaria,2026/2027,CSKA 1948,LOKOMOTIV PLOVDIV,45,1P,B. Tsonev,H. Cuellar,,CSKA 1948,Normal Goal,1551091.0
28/08/2026,First League Bulgaria,2026/2027,CSKA 1948,LOKOMOTIV PLOVDIV,90,2P,E. Franco,G. Rusev,,CSKA 1948,Normal Goal,1551091.0
30/08/2026,First League Bulgaria,2026/2027,BOTEV PLOVDIV,LEVSKI SOFIA,51,2P,M. Grujic,A. Neves,,LEVSKI SOFIA,Normal Goal,1551090.0
30/08/2026,First League Bulgaria,2026/2027,BOTEV PLOVDIV,LEVSKI SOFIA,59,2P,A. Neves,Serginho,,LEVSKI SOFIA,Normal Goal,1551090.0
30/08/2026,First League Bulgaria,2026/2027,BOTEV PLOVDIV,LEVSKI SOFIA,64,2P,A. Chandarov,C. Meotti,,BOTEV PLOVDIV,Normal Goal,1551090.0
30/08/2026,First League Bulgaria,2026/2027,BOTEV PLOVDIV,LEVSKI SOFIA,90,2P,Reinaldo,Serginho,,LEVSKI SOFIA,Normal Goal,1551090.0
30/08/2026,First League Bulgaria,2026/2027,SPARTAK VARNA,LUDOGORETS,65,2P,S. Major,,,SPARTAK VARNA,Normal Goal,1551095.0
30/08/2026,First League Bulgaria,2026/2027,SPARTAK VARNA,LUDOGORETS,68,2P,S. Shishkov,,,LUDOGORETS,Normal Goal,1551095.0
30/08/2026,First League Bulgaria,2026/2027,CSKA SOFIA,CHERNO MORE VARNA,20,1P,S. Sensi,,,CSKA SOFIA,Normal Goal,1551092.0
30/08/2026,First League Bulgaria,2026/2027,CSKA SOFIA,CHERNO MORE VARNA,30,1P,J. Zwarts,,,CSKA SOFIA,Normal Goal,1551092.0
30/08/2026,First League Bulgaria,2026/2027,CSKA SOFIA,CHERNO MORE VARNA,39,1P,C. Sidney,,,CHERNO MORE VARNA,Normal Goal,1551092.0
30/08/2026,First League Bulgaria,2026/2027,CSKA SOFIA,CHERNO MORE VARNA,86,2P,L. Godoy,,,CSKA SOFIA,Normal Goal,1551092.0
31/08/2026,First League Bulgaria,2026/2027,DUNAV RUSE,LOKOMOTIV SOFIA,39,1P,Radoslav Apostolov,,,DUNAV RUSE,Penalty,1551093.0
31/08/2026,First League Bulgaria,2026/2027,DUNAV RUSE,LOKOMOTIV SOFIA,57,2P,Georgi Minchev,,,LOKOMOTIV SOFIA,Penalty,1551093.0
31/08/2026,First League Bulgaria,2026/2027,DUNAV RUSE,LOKOMOTIV SOFIA,64,2P,Alexander Valino Navasal,,,DUNAV RUSE,Normal Goal,1551093.0
31/08/2026,First League Bulgaria,2026/2027,DUNAV RUSE,LOKOMOTIV SOFIA,69,2P,Caue Caruzo Alves,,,LOKOMOTIV SOFIA,Normal Goal,1551093.0
31/08/2026,First League Bulgaria,2026/2027,ARDA KARDZHALI,BOTEV VRATSA,61,2P,Dominik Yankov,,,ARDA KARDZHALI,Normal Goal,1551089.0
31/08/2026,First League Bulgaria,2026/2027,ARDA KARDZHALI,BOTEV VRATSA,85,2P,Antonio Vutov,,,ARDA KARDZHALI,Penalty,1551089.0
28/08/2026,TFF 1. Lig,2026/2027,KEÇIÖRENGÜCÜ,ÜMRANIYESPOR,2,1P,O. Caliskan,,,ÜMRANIYESPOR,Own Goal,1585724.0
28/08/2026,TFF 1. Lig,2026/2027,KEÇIÖRENGÜCÜ,ÜMRANIYESPOR,11,1P,A. Blanco,S. Goksu,,ÜMRANIYESPOR,Normal Goal,1585724.0
28/08/2026,TFF 1. Lig,2026/2027,KEÇIÖRENGÜCÜ,ÜMRANIYESPOR,34,1P,O. Caliskan,,,KEÇIÖRENGÜCÜ,Normal Goal,1585724.0
28/08/2026,TFF 1. Lig,2026/2027,KEÇIÖRENGÜCÜ,ÜMRANIYESPOR,71,2P,M. Diouf,,,KEÇIÖRENGÜCÜ,Normal Goal,1585724.0
28/08/2026,TFF 1. Lig,2026/2027,PENDIKSPOR,BANDIRMASPOR,8,1P,A. Badji,M. Gumuskaya,,BANDIRMASPOR,Normal Goal,1585728.0
28/08/2026,TFF 1. Lig,2026/2027,PENDIKSPOR,BANDIRMASPOR,22,1P,S. Abifade,,,PENDIKSPOR,Normal Goal,1585728.0
28/08/2026,TFF 1. Lig,2026/2027,ANTALYASPOR,SARIYER,45,1P,E. B. Tivsiz,G. Vural,,ANTALYASPOR,Normal Goal,1585719.0
28/08/2026,TFF 1. Lig,2026/2027,ANTALYASPOR,SARIYER,60,2P,B. Kor,,,SARIYER,Penalty,1585719.0
28/08/2026,TFF 1. Lig,2026/2027,ANTALYASPOR,SARIYER,81,2P,F. Gedik,M. Silva,,SARIYER,Normal Goal,1585719.0
28/08/2026,TFF 1. Lig,2026/2027,MUĞLASPOR,BOLUSPOR,6,1P,Y. Uzunoglu,D. Avramovski,,MUĞLASPOR,Normal Goal,1585727.0
28/08/2026,TFF 1. Lig,2026/2027,MUĞLASPOR,BOLUSPOR,46,2P,Y. Uzunoglu,P. Yildirim,,MUĞLASPOR,Normal Goal,1585727.0
29/08/2026,TFF 1. Lig,2026/2027,KAYSERISPOR,BURSASPOR,31,1P,F. Hasani,,,KAYSERISPOR,Penalty,1585723.0
29/08/2026,TFF 1. Lig,2026/2027,KAYSERISPOR,BURSASPOR,58,2P,K. Iheanacho,,,BURSASPOR,Penalty,1585723.0
29/08/2026,TFF 1. Lig,2026/2027,KAYSERISPOR,BURSASPOR,77,2P,A. Babacan,K. Iheanacho,,BURSASPOR,Normal Goal,1585723.0
29/08/2026,TFF 1. Lig,2026/2027,İSTANBULSPOR,FATIH KARAGÜMRÜK,7,1P,A. Cham,B. Nizam,,İSTANBULSPOR,Normal Goal,1585722.0
29/08/2026,TFF 1. Lig,2026/2027,İSTANBULSPOR,FATIH KARAGÜMRÜK,13,1P,E. Akbaba,A. Pesic,,FATIH KARAGÜMRÜK,Normal Goal,1585722.0
29/08/2026,TFF 1. Lig,2026/2027,MARDIN 1969,VANSPOR FK,60,2P,O. Kayode,,,MARDIN 1969,Normal Goal,1585726.0
29/08/2026,TFF 1. Lig,2026/2027,MARDIN 1969,VANSPOR FK,90,2P,M. Manis,,,VANSPOR FK,Normal Goal,1585726.0
29/08/2026,TFF 1. Lig,2026/2027,BATMAN PETROLSPOR,SIVASSPOR,32,1P,R. Manaj,,,SIVASSPOR,Normal Goal,1585720.0
29/08/2026,TFF 1. Lig,2026/2027,BATMAN PETROLSPOR,SIVASSPOR,90,2P,G. Karadeniz,B. Cagiran,,BATMAN PETROLSPOR,Normal Goal,1585720.0
29/08/2026,TFF 1. Lig,2026/2027,BATMAN PETROLSPOR,SIVASSPOR,90,2P,Benny,S. Cordova,,BATMAN PETROLSPOR,Normal Goal,1585720.0
30/08/2026,TFF 1. Lig,2026/2027,ESENLER EROKSPOR,IĞDIR FK,43,1P,G. Kaya,M. Camara,,IĞDIR FK,Normal Goal,1585721.0
30/08/2026,TFF 1. Lig,2026/2027,ESENLER EROKSPOR,IĞDIR FK,56,2P,Yusuf Erdoğan,,,ESENLER EROKSPOR,Missed Penalty,1585721.0
29/08/2026,Super Lig,2026/2027,KONYASPOR,KOCAELISPOR,39,1P,T. Zoukrou,,,KONYASPOR,Own Goal,1584392.0
29/08/2026,Super Lig,2026/2027,KONYASPOR,KOCAELISPOR,72,2P,M. Haidara,G. Sousa,,KOCAELISPOR,Normal Goal,1584392.0
29/08/2026,Super Lig,2026/2027,KONYASPOR,KOCAELISPOR,86,2P,M. Altunbas,Show,,KOCAELISPOR,Normal Goal,1584392.0
29/08/2026,Super Lig,2026/2027,GALATASARAY,GÖZTEPE,16,1P,N. Miroshi,Andre Henrique,,GÖZTEPE,Normal Goal,1584389.0
29/08/2026,Super Lig,2026/2027,GALATASARAY,GÖZTEPE,33,1P,D. Sanchez,,,GALATASARAY,Normal Goal,1584389.0
29/08/2026,Super Lig,2026/2027,GALATASARAY,GÖZTEPE,55,2P,Gabriel Sara,V. Osimhen,,GALATASARAY,Normal Goal,1584389.0
29/08/2026,Super Lig,2026/2027,GALATASARAY,GÖZTEPE,63,2P,V. Osimhen,,,GALATASARAY,Penalty,1584389.0
29/08/2026,Super Lig,2026/2027,GALATASARAY,GÖZTEPE,65,2P,Juan,,,GÖZTEPE,Normal Goal,1584389.0
29/08/2026,Super Lig,2026/2027,GAZIANTEP FK,RIZESPOR,12,1P,E. Bulut,M. Pala,,RIZESPOR,Normal Goal,1584390.0
29/08/2026,Super Lig,2026/2027,GAZIANTEP FK,RIZESPOR,35,1P,A. Sowe,E. Bulut,,RIZESPOR,Normal Goal,1584390.0
29/08/2026,Super Lig,2026/2027,GAZIANTEP FK,RIZESPOR,90,2P,Z. Ariss,,,GAZIANTEP FK,Own Goal,1584390.0
30/08/2026,Super Lig,2026/2027,EYÜPSPOR,ALANYASPOR,1,1P,A. Usluoglu,,,ALANYASPOR,Normal Goal,1584388.0
30/08/2026,Super Lig,2026/2027,EYÜPSPOR,ALANYASPOR,39,1P,A. Abdullahi,Z. Jules,,EYÜPSPOR,Normal Goal,1584388.0
30/08/2026,Super Lig,2026/2027,EYÜPSPOR,ALANYASPOR,90,2P,Z. Jules,,,EYÜPSPOR,Normal Goal,1584388.0
30/08/2026,Super Lig,2026/2027,BAŞAKŞEHIR,KASIMPAŞA,18,1P,E. Shomurodov,U. Bozok,,BAŞAKŞEHIR,Normal Goal,1584386.0
30/08/2026,Super Lig,2026/2027,BAŞAKŞEHIR,KASIMPAŞA,81,2P,F. Diabate,A. Benedyczak,,KASIMPAŞA,Normal Goal,1584386.0
30/08/2026,Super Lig,2026/2027,SAMSUNSPOR,FENERBAHÇE,3,1P,V. Muriqi,O. Aydin,,FENERBAHÇE,Normal Goal,1584393.0
30/08/2026,Super Lig,2026/2027,SAMSUNSPOR,FENERBAHÇE,49,2P,O. Aydin,I. Kahveci,,FENERBAHÇE,Normal Goal,1584393.0
31/08/2026,Super Lig,2026/2027,BEŞIKTAŞ,ÇORUM FK,9,1P,V. Cerny,E. Agbadou,,BEŞIKTAŞ,Normal Goal,1584387.0
31/08/2026,Super Lig,2026/2027,BEŞIKTAŞ,ÇORUM FK,43,1P,D. Vlahovic,,,BEŞIKTAŞ,Penalty,1584387.0
31/08/2026,Super Lig,2026/2027,BEŞIKTAŞ,ÇORUM FK,52,2P,M. Diomande,A. Borza,,ÇORUM FK,Normal Goal,1584387.0
31/08/2026,Super Lig,2026/2027,BEŞIKTAŞ,ÇORUM FK,59,2P,D. Vlahovic,,,BEŞIKTAŞ,Normal Goal,1584387.0
31/08/2026,Super Lig,2026/2027,BEŞIKTAŞ,ÇORUM FK,66,2P,D. Vlahovic,,,BEŞIKTAŞ,Normal Goal,1584387.0
31/08/2026,Super Lig,2026/2027,BEŞIKTAŞ,ÇORUM FK,73,2P,I. Fakili,J. Olaitan,,BEŞIKTAŞ,Normal Goal,1584387.0
31/08/2026,Super Lig,2026/2027,BEŞIKTAŞ,ÇORUM FK,77,2P,E. Mahmic,C. Under,,ÇORUM FK,Normal Goal,1584387.0
31/08/2026,Super Lig,2026/2027,BEŞIKTAŞ,ÇORUM FK,83,2P,M. Murillo,I. Fakili,,BEŞIKTAŞ,Normal Goal,1584387.0
31/08/2026,Super Lig,2026/2027,AMED,TRABZONSPOR,11,1P,M. Salah,E. Muci,,TRABZONSPOR,Normal Goal,1584385.0
31/08/2026,Super Lig,2026/2027,AMED,TRABZONSPOR,45,1P,Mbaye Diagne,,,AMED,Missed Penalty,1584385.0
31/08/2026,Super Lig,2026/2027,AMED,TRABZONSPOR,45,1P,Y. Sor,,,AMED,Normal Goal,1584385.0
31/08/2026,Super Lig,2026/2027,AMED,TRABZONSPOR,90,2P,G. Orban,M. Yesil,,AMED,Normal Goal,1584385.0
28/08/2026,Chinese Super League,2026,SHANGHAI SHENHUA,SHANDONG LUNENG,1,1P,Maiwulang Mijiti,Cryzan,,SHANDONG LUNENG,Normal Goal,1523256.0
28/08/2026,Chinese Super League,2026,SHANGHAI SHENHUA,SHANDONG LUNENG,41,1P,Rafael Ratão,Tianyi Gao,,SHANGHAI SHENHUA,Normal Goal,1523256.0
28/08/2026,Chinese Super League,2026,SHANGHAI SHENHUA,SHANDONG LUNENG,45,1P,Luís Asué,Tianyi Gao,,SHANGHAI SHENHUA,Normal Goal,1523256.0
28/08/2026,Chinese Super League,2026,SHANGHAI SHENHUA,SHANDONG LUNENG,79,2P,Cryzan,,,SHANDONG LUNENG,Penalty,1523256.0
28/08/2026,Chinese Super League,2026,SHANGHAI SHENHUA,SHANDONG LUNENG,83,2P,Raphaël Merkies,Yuanyi Li,,SHANDONG LUNENG,Normal Goal,1523256.0
28/08/2026,Chinese Super League,2026,DALIAN ZHIXING,BEIJING GUOAN,43,1P,Zhang Yuning,Tze-Nam Yue,,BEIJING GUOAN,Normal Goal,1523251.0
28/08/2026,Chinese Super League,2026,DALIAN ZHIXING,BEIJING GUOAN,48,2P,Pedro Delgado,,,DALIAN ZHIXING,Normal Goal,1523251.0
28/08/2026,Chinese Super League,2026,SICHUAN JIUNIU,SHANGHAI SIPG,81,2P,Kuai Jiwen,Wu Lei,,SHANGHAI SIPG,Normal Goal,1523252.0
29/08/2026,Chinese Super League,2026,HENAN JIANYE,CHONGQING TONGLIANG LONG,17,1P,Gustavo,Bruno Nazário,,HENAN JIANYE,Normal Goal,1523257.0
29/08/2026,Chinese Super League,2026,HENAN JIANYE,CHONGQING TONGLIANG LONG,58,2P,Qilong Ruan,Alexandru Cîmpanu,,CHONGQING TONGLIANG LONG,Normal Goal,1523257.0
08/08/2026,J2 League,2026,CONSADOLE SAPPORO,TOKUSHIMA VORTIS,15,1P,Vini Peixoto,T. Pruetong,,CONSADOLE SAPPORO,Normal Goal,1606596.0
08/08/2026,J2 League,2026,CONSADOLE SAPPORO,TOKUSHIMA VORTIS,58,2P,H. Shirai,Vini Peixoto,,CONSADOLE SAPPORO,Normal Goal,1606596.0
08/08/2026,J2 League,2026,FUJIEDA MYFC,VEGALTA SENDAI,12,1P,S. Suzuki,M. Kitahara,,FUJIEDA MYFC,Normal Goal,1606597.0
08/08/2026,J2 League,2026,FUJIEDA MYFC,VEGALTA SENDAI,52,2P,M. Nakajima,M. Nakajima,,VEGALTA SENDAI,Missed Penalty,1606597.0
08/08/2026,J2 League,2026,FUJIEDA MYFC,VEGALTA SENDAI,73,2P,W. Kanemoto,K. Matsuda,,FUJIEDA MYFC,Normal Goal,1606597.0
08/08/2026,J2 League,2026,VANRAURE HACHINOHE,KATALLER TOYAMA,6,1P,Y. Sato,,,VANRAURE HACHINOHE,Normal Goal,1606598.0
08/08/2026,J2 League,2026,VANRAURE HACHINOHE,KATALLER TOYAMA,47,2P,Y. Sato,,,VANRAURE HACHINOHE,Normal Goal,1606598.0
08/08/2026,J2 League,2026,JUBILO IWATA,BLAUBLITZ AKITA,1,1P,R. Ota,,,JUBILO IWATA,Normal Goal,1606602.0
08/08/2026,J2 League,2026,JUBILO IWATA,BLAUBLITZ AKITA,61,2P,K. Handa,,,BLAUBLITZ AKITA,Normal Goal,1606602.0
08/08/2026,J2 League,2026,OITA TRINITA,SHONAN BELLMARE,43,1P,H. Yamada,S. Takeda,,SHONAN BELLMARE,Normal Goal,1606599.0
08/08/2026,J2 League,2026,OMIYA ARDIJA,ALBIREX NIIGATA,5,1P,O. Yamamoto,Caprini,,OMIYA ARDIJA,Normal Goal,1606601.0
08/08/2026,J2 League,2026,TEGEVAJARO MIYAZAKI,YOKOHAMA FC,76,2P,Adailton,Joao Paulo,,YOKOHAMA FC,Normal Goal,1606600.0
08/08/2026,J2 League,2026,SAGAN TOSU,VENTFORET KOFU,42,1P,T. Takahashi,S. Nagasawa,,SAGAN TOSU,Normal Goal,1606603.0
08/08/2026,J2 League,2026,SAGAN TOSU,VENTFORET KOFU,87,2P,Y. Tanaka,,,SAGAN TOSU,Penalty,1606603.0
09/08/2026,J2 League,2026,IWAKI,IMABARI,48,2P,N. Kumata,,,IWAKI,Normal Goal,1606604.0
09/08/2026,J2 League,2026,IWAKI,IMABARI,51,2P,N. Kumata,,,IWAKI,Normal Goal,1606604.0
09/08/2026,J2 League,2026,IWAKI,IMABARI,55,2P,E. Junio,,,IMABARI,Penalty,1606604.0
09/08/2026,J2 League,2026,MONTEDIO YAMAGATA,TOCHIGI CITY,20,1P,A. S. Disaro,,,MONTEDIO YAMAGATA,Penalty,1606605.0
09/08/2026,J2 League,2026,MONTEDIO YAMAGATA,TOCHIGI CITY,90,2P,R. Kawana,K. Yanagimachi,,MONTEDIO YAMAGATA,Normal Goal,1606605.0
15/08/2026,J2 League,2026,BLAUBLITZ AKITA,KATALLER TOYAMA,21,1P,Y. Takahashi,,,KATALLER TOYAMA,Normal Goal,1606606.0
15/08/2026,J2 League,2026,BLAUBLITZ AKITA,KATALLER TOYAMA,25,1P,Kang Min-Woo,Jung Woo-Young,,KATALLER TOYAMA,Normal Goal,1606606.0
15/08/2026,J2 League,2026,BLAUBLITZ AKITA,KATALLER TOYAMA,55,2P,T. Kim,T. Yoshihira,,KATALLER TOYAMA,Normal Goal,1606606.0
15/08/2026,J2 League,2026,BLAUBLITZ AKITA,KATALLER TOYAMA,80,2P,T. Yoshihira,Y. Kunitake,,KATALLER TOYAMA,Normal Goal,1606606.0
15/08/2026,J2 League,2026,TOCHIGI CITY,VANRAURE HACHINOHE,10,1P,H. Teruyama,,,TOCHIGI CITY,Normal Goal,1606607.0
15/08/2026,J2 League,2026,TOCHIGI CITY,VANRAURE HACHINOHE,30,1P,A. Yoshida,Y. Koike,,TOCHIGI CITY,Normal Goal,1606607.0
15/08/2026,J2 League,2026,TOCHIGI CITY,VANRAURE HACHINOHE,49,2P,Pedro Augusto,R. Okui,,TOCHIGI CITY,Normal Goal,1606607.0
15/08/2026,J2 League,2026,TOCHIGI CITY,VANRAURE HACHINOHE,64,2P,Y. Koike,A. Yoshida,,TOCHIGI CITY,Normal Goal,1606607.0
15/08/2026,J2 League,2026,TOCHIGI CITY,VANRAURE HACHINOHE,83,2P,K. Yamashita,Y. Masukake,,TOCHIGI CITY,Normal Goal,1606607.0
15/08/2026,J2 League,2026,FUJIEDA MYFC,IWAKI,12,1P,Y. Mori,,,FUJIEDA MYFC,Normal Goal,1606608.0
15/08/2026,J2 League,2026,FUJIEDA MYFC,IWAKI,44,1P,K. Shota,D. Yamaguchi,,IWAKI,Normal Goal,1606608.0
15/08/2026,J2 League,2026,FUJIEDA MYFC,IWAKI,59,2P,K. Shota,,,FUJIEDA MYFC,Own Goal,1606608.0
15/08/2026,J2 League,2026,FUJIEDA MYFC,IWAKI,83,2P,W. Kanemoto,,,FUJIEDA MYFC,Penalty,1606608.0
15/08/2026,J2 League,2026,SHONAN BELLMARE,MONTEDIO YAMAGATA,75,2P,Y. Hakamata,K. Dohana,,SHONAN BELLMARE,Normal Goal,1606613.0
15/08/2026,J2 League,2026,VENTFORET KOFU,TEGEVAJARO MIYAZAKI,6,1P,Y. Toshida,S. Tsutsumi,,TEGEVAJARO MIYAZAKI,Normal Goal,1606612.0
15/08/2026,J2 League,2026,VENTFORET KOFU,TEGEVAJARO MIYAZAKI,16,1P,Y. Naito,S. Araki,,VENTFORET KOFU,Normal Goal,1606612.0
15/08/2026,J2 League,2026,ALBIREX NIIGATA,CONSADOLE SAPPORO,19,1P,Y. Wakatsuki,Y. Wakatsuki,,ALBIREX NIIGATA,Missed Penalty,1606609.0
15/08/2026,J2 League,2026,ALBIREX NIIGATA,CONSADOLE SAPPORO,19,1P,J. Okumura,,,ALBIREX NIIGATA,Normal Goal,1606609.0
15/08/2026,J2 League,2026,ALBIREX NIIGATA,CONSADOLE SAPPORO,36,1P,Y. Horigome,Vini Peixoto,,CONSADOLE SAPPORO,Normal Goal,1606609.0
15/08/2026,J2 League,2026,ALBIREX NIIGATA,CONSADOLE SAPPORO,46,2P,K. Shimabuku,E. Shirai,,ALBIREX NIIGATA,Normal Goal,1606609.0
15/08/2026,J2 League,2026,IMABARI,OMIYA ARDIJA,6,1P,K. Mori,,,IMABARI,Normal Goal,1606611.0
15/08/2026,J2 League,2026,IMABARI,OMIYA ARDIJA,12,1P,Caprini,T. Izumi,,OMIYA ARDIJA,Normal Goal,1606611.0
15/08/2026,J2 League,2026,IMABARI,OMIYA ARDIJA,27,1P,Carlinhos Junior,H. Kato,,OMIYA ARDIJA,Normal Goal,1606611.0
15/08/2026,J2 League,2026,IMABARI,OMIYA ARDIJA,68,2P,K. Mochii,,,IMABARI,Normal Goal,1606611.0
15/08/2026,J2 League,2026,IMABARI,OMIYA ARDIJA,90,2P,M. Kojima,,,OMIYA ARDIJA,Normal Goal,1606611.0
16/08/2026,J2 League,2026,YOKOHAMA FC,JUBILO IWATA,28,1P,L. Takae,,,YOKOHAMA FC,Normal Goal,1606614.0
16/08/2026,J2 League,2026,YOKOHAMA FC,JUBILO IWATA,51,2P,Lukian,,,YOKOHAMA FC,Penalty,1606614.0
16/08/2026,J2 League,2026,YOKOHAMA FC,JUBILO IWATA,62,2P,T. Shimamura,T. Murata,,YOKOHAMA FC,Normal Goal,1606614.0
16/08/2026,J2 League,2026,YOKOHAMA FC,JUBILO IWATA,70,2P,J. Victor,,,JUBILO IWATA,Penalty,1606614.0
22/08/2026,J2 League,2026,CONSADOLE SAPPORO,OMIYA ARDIJA,9,1P,Carlinhos Junior,Caprini,,OMIYA ARDIJA,Normal Goal,1606616.0
22/08/2026,J2 League,2026,CONSADOLE SAPPORO,OMIYA ARDIJA,31,1P,Y. Toyokawa,Caprini,,OMIYA ARDIJA,Normal Goal,1606616.0
22/08/2026,J2 League,2026,CONSADOLE SAPPORO,OMIYA ARDIJA,49,2P,Carlinhos Junior,,,OMIYA ARDIJA,Normal Goal,1606616.0
22/08/2026,J2 League,2026,CONSADOLE SAPPORO,OMIYA ARDIJA,78,2P,T. Izumi,S. Mueanta,,OMIYA ARDIJA,Normal Goal,1606616.0
22/08/2026,J2 League,2026,CONSADOLE SAPPORO,OMIYA ARDIJA,90,2P,Vini Peixoto,S. Omori,,CONSADOLE SAPPORO,Normal Goal,1606616.0
22/08/2026,J2 League,2026,VANRAURE HACHINOHE,VEGALTA SENDAI,10,1P,T. Umeki,R. Takada,,VEGALTA SENDAI,Normal Goal,1606617.0
22/08/2026,J2 League,2026,VANRAURE HACHINOHE,VEGALTA SENDAI,90,2P,H. Takeda,M. Nakajima,,VEGALTA SENDAI,Normal Goal,1606617.0
22/08/2026,J2 League,2026,BLAUBLITZ AKITA,VENTFORET KOFU,39,1P,H. Morooka,,,BLAUBLITZ AKITA,Normal Goal,1606618.0
22/08/2026,J2 League,2026,BLAUBLITZ AKITA,VENTFORET KOFU,43,1P,R. Saito,K. Nagai,,BLAUBLITZ AKITA,Normal Goal,1606618.0
22/08/2026,J2 League,2026,BLAUBLITZ AKITA,VENTFORET KOFU,65,2P,S. Suzuki,T. Iwai,,BLAUBLITZ AKITA,Normal Goal,1606618.0
22/08/2026,J2 League,2026,KATALLER TOYAMA,IMABARI,17,1P,M. Furukawa,S. Fuseya,,KATALLER TOYAMA,Normal Goal,1606619.0
22/08/2026,J2 League,2026,KATALLER TOYAMA,IMABARI,46,2P,K. Kushibiki,,,KATALLER TOYAMA,Own Goal,1606619.0
22/08/2026,J2 League,2026,KATALLER TOYAMA,IMABARI,76,2P,Y. Kunitake,,,KATALLER TOYAMA,Normal Goal,1606619.0
22/08/2026,J2 League,2026,KATALLER TOYAMA,IMABARI,83,2P,T. Yoshihira,,,KATALLER TOYAMA,Normal Goal,1606619.0
22/08/2026,J2 League,2026,JUBILO IWATA,TOKUSHIMA VORTIS,13,1P,Iago Teles,,,JUBILO IWATA,Normal Goal,1606623.0
22/08/2026,J2 League,2026,JUBILO IWATA,TOKUSHIMA VORTIS,43,1P,K. Yamakoshi,S. Kodama,,TOKUSHIMA VORTIS,Normal Goal,1606623.0
22/08/2026,J2 League,2026,JUBILO IWATA,TOKUSHIMA VORTIS,90,2P,R. Ota,S. Inoue,,JUBILO IWATA,Normal Goal,1606623.0
22/08/2026,J2 League,2026,SAGAN TOSU,TOCHIGI CITY,14,1P,K. Abe,K. Nishizawa,,SAGAN TOSU,Normal Goal,1606624.0
22/08/2026,J2 League,2026,SAGAN TOSU,TOCHIGI CITY,56,2P,T. Nguen,,,TOCHIGI CITY,Normal Goal,1606624.0
22/08/2026,J2 League,2026,SAGAN TOSU,TOCHIGI CITY,60,2P,T. Nguen,,,TOCHIGI CITY,Normal Goal,1606624.0
22/08/2026,J2 League,2026,SAGAN TOSU,TOCHIGI CITY,85,2P,Y. Koike,A. Yoshida,,TOCHIGI CITY,Normal Goal,1606624.0
22/08/2026,J2 League,2026,OITA TRINITA,IWAKI,15,1P,S. Utsumoto,A. Miyakawa,,OITA TRINITA,Normal Goal,1606621.0
22/08/2026,J2 League,2026,OITA TRINITA,IWAKI,29,1P,A. Yamanaka,D. Yamaguchi,,IWAKI,Normal Goal,1606621.0
22/08/2026,J2 League,2026,OITA TRINITA,IWAKI,33,1P,Y. Nishimura,,,OITA TRINITA,Normal Goal,1606621.0
22/08/2026,J2 League,2026,OITA TRINITA,IWAKI,45,1P,Y. Nishimura,K. Sakakibara,,OITA TRINITA,Normal Goal,1606621.0
22/08/2026,J2 League,2026,OITA TRINITA,IWAKI,68,2P,M. Kimoto,Y. Misao,,OITA TRINITA,Normal Goal,1606621.0
22/08/2026,J2 League,2026,ALBIREX NIIGATA,FUJIEDA MYFC,82,2P,S. Suzuki,,,ALBIREX NIIGATA,Own Goal,1606620.0
22/08/2026,J2 League,2026,MONTEDIO YAMAGATA,YOKOHAMA FC,80,2P,K. Enomoto,K. Mori,,MONTEDIO YAMAGATA,Normal Goal,1606622.0
22/08/2026,J2 League,2026,MONTEDIO YAMAGATA,YOKOHAMA FC,88,2P,J. Takahashi,K. Enomoto,,MONTEDIO YAMAGATA,Normal Goal,1606622.0
29/08/2026,J2 League,2026,IWAKI,ALBIREX NIIGATA,9,1P,Y. Michiwaki,T. Kato,,IWAKI,Normal Goal,1606627.0
29/08/2026,J2 League,2026,IWAKI,ALBIREX NIIGATA,14,1P,Y. Wakatsuki,,,ALBIREX NIIGATA,Normal Goal,1606627.0
29/08/2026,J2 League,2026,IWAKI,ALBIREX NIIGATA,54,2P,Y. Takahashi,T. Kato,,IWAKI,Normal Goal,1606627.0
29/08/2026,J2 League,2026,IWAKI,ALBIREX NIIGATA,61,2P,K. Kuwayama,,,ALBIREX NIIGATA,Normal Goal,1606627.0
29/08/2026,J2 League,2026,IWAKI,ALBIREX NIIGATA,63,2P,M. Moraes,K. Shimabuku,,ALBIREX NIIGATA,Normal Goal,1606627.0
29/08/2026,J2 League,2026,TOCHIGI CITY,JUBILO IWATA,2,1P,Iago Teles,J. Victor,,JUBILO IWATA,Normal Goal,1606626.0
29/08/2026,J2 League,2026,TOCHIGI CITY,JUBILO IWATA,5,1P,Iago Teles,T. Inui,,JUBILO IWATA,Normal Goal,1606626.0
29/08/2026,J2 League,2026,TOCHIGI CITY,JUBILO IWATA,43,1P,J. Victor,R. Yoshimura,,JUBILO IWATA,Normal Goal,1606626.0
29/08/2026,J2 League,2026,TOCHIGI CITY,JUBILO IWATA,57,2P,R. Okui,K. Nishiya,,TOCHIGI CITY,Normal Goal,1606626.0
29/08/2026,J2 League,2026,KATALLER TOYAMA,FUJIEDA MYFC,24,1P,R. Kawamoto,T. Numata,,FUJIEDA MYFC,Normal Goal,1606629.0
29/08/2026,J2 League,2026,KATALLER TOYAMA,FUJIEDA MYFC,31,1P,W. Kanemoto,Y. Nagao,,FUJIEDA MYFC,Normal Goal,1606629.0
29/08/2026,J2 League,2026,KATALLER TOYAMA,FUJIEDA MYFC,45,1P,Y. Kikui,Y. Nagao,,FUJIEDA MYFC,Normal Goal,1606629.0
29/08/2026,J2 League,2026,KATALLER TOYAMA,FUJIEDA MYFC,45,1P,M. Furukawa,S. Fukazawa,,KATALLER TOYAMA,Normal Goal,1606629.0
29/08/2026,J2 League,2026,KATALLER TOYAMA,FUJIEDA MYFC,63,2P,T. Kim,A. Kameda,,KATALLER TOYAMA,Normal Goal,1606629.0
29/08/2026,J2 League,2026,VANRAURE HACHINOHE,BLAUBLITZ AKITA,78,2P,W. Owie,R. Takao,,VANRAURE HACHINOHE,Normal Goal,1606628.0
29/08/2026,J2 League,2026,VEGALTA SENDAI,TEGEVAJARO MIYAZAKI,9,1P,T. Umeki,,,VEGALTA SENDAI,Normal Goal,1606633.0
29/08/2026,J2 League,2026,VEGALTA SENDAI,TEGEVAJARO MIYAZAKI,15,1P,K. Murakoshi,Y. Shimokawa,,TEGEVAJARO MIYAZAKI,Normal Goal,1606633.0
29/08/2026,J2 League,2026,VEGALTA SENDAI,TEGEVAJARO MIYAZAKI,22,1P,M. Nakajima,T. Umeki,,VEGALTA SENDAI,Normal Goal,1606633.0
29/08/2026,J2 League,2026,VEGALTA SENDAI,TEGEVAJARO MIYAZAKI,27,1P,M. Nakajima,,,VEGALTA SENDAI,Normal Goal,1606633.0
29/08/2026,J2 League,2026,VEGALTA SENDAI,TEGEVAJARO MIYAZAKI,67,2P,E. Watanabe,Y. Shimokawa,,TEGEVAJARO MIYAZAKI,Normal Goal,1606633.0
29/08/2026,J2 League,2026,VEGALTA SENDAI,TEGEVAJARO MIYAZAKI,90,2P,R. Asakura,M. Nakajima,,VEGALTA SENDAI,Normal Goal,1606633.0
29/08/2026,J2 League,2026,TOKUSHIMA VORTIS,OITA TRINITA,10,1P,K. Arima,K. Arima,,OITA TRINITA,Missed Penalty,1606630.0
29/08/2026,J2 League,2026,TOKUSHIMA VORTIS,OITA TRINITA,62,2P,Y. Takagi,D. Watari,,TOKUSHIMA VORTIS,Normal Goal,1606630.0
29/08/2026,J2 League,2026,YOKOHAMA FC,SAGAN TOSU,12,1P,T. Takahashi,M. Yoshida,,SAGAN TOSU,Normal Goal,1606635.0
29/08/2026,J2 League,2026,YOKOHAMA FC,SAGAN TOSU,45,1P,K. Iwatake,K. Hosoi,,YOKOHAMA FC,Normal Goal,1606635.0
29/08/2026,J2 League,2026,YOKOHAMA FC,SAGAN TOSU,77,2P,K. Yoshino,M. Yoshida,,SAGAN TOSU,Normal Goal,1606635.0
29/08/2026,J2 League,2026,YOKOHAMA FC,SAGAN TOSU,87,2P,T. Shimamura,Adailton,,YOKOHAMA FC,Normal Goal,1606635.0
29/08/2026,J2 League,2026,VENTFORET KOFU,CONSADOLE SAPPORO,3,1P,S. Sarachat,S. Toyama,,CONSADOLE SAPPORO,Normal Goal,1606631.0
29/08/2026,J2 League,2026,VENTFORET KOFU,CONSADOLE SAPPORO,55,2P,Y. Naito,Y. Koide,,VENTFORET KOFU,Normal Goal,1606631.0
29/08/2026,J2 League,2026,VENTFORET KOFU,CONSADOLE SAPPORO,64,2P,K. Fujii,S. Takei,,VENTFORET KOFU,Normal Goal,1606631.0
29/08/2026,J2 League,2026,OMIYA ARDIJA,SHONAN BELLMARE,31,1P,H. Yamada,N. Kase,,SHONAN BELLMARE,Normal Goal,1606634.0
29/08/2026,J2 League,2026,OMIYA ARDIJA,SHONAN BELLMARE,37,1P,T. Nishino,H. Yamada,,SHONAN BELLMARE,Normal Goal,1606634.0
29/08/2026,J2 League,2026,OMIYA ARDIJA,SHONAN BELLMARE,74,2P,Carlinhos Junior,,,OMIYA ARDIJA,Penalty,1606634.0
29/08/2026,J2 League,2026,OMIYA ARDIJA,SHONAN BELLMARE,90,2P,S. Mueanta,H. Kato,,OMIYA ARDIJA,Normal Goal,1606634.0
29/08/2026,J2 League,2026,IMABARI,MONTEDIO YAMAGATA,59,2P,J. Takahashi,H. Sugii,,MONTEDIO YAMAGATA,Normal Goal,1606632.0
29/08/2026,J2 League,2026,IMABARI,MONTEDIO YAMAGATA,80,2P,J. Takahashi,H. Sugii,,MONTEDIO YAMAGATA,Normal Goal,1606632.0
29/08/2026,J2 League,2026,IMABARI,MONTEDIO YAMAGATA,90,2P,A. S. Disaro,,,MONTEDIO YAMAGATA,Normal Goal,1606632.0
28/02/2026,K League 1,2026,INCHEON UNITED,FC SEOUL,47,2P,Song Min-Kyu,,,FC SEOUL,Normal Goal,1506896.0
28/02/2026,K League 1,2026,INCHEON UNITED,FC SEOUL,61,2P,Cho Young-Wook,Anderson Oliveira,,FC SEOUL,Normal Goal,1506896.0
28/02/2026,K League 1,2026,INCHEON UNITED,FC SEOUL,90,2P,S. Mugosa,,,INCHEON UNITED,Penalty,1506896.0
15/03/2026,K League 1,2026,JEJU UNITED FC,FC SEOUL,53,2P,J. Ros,,,FC SEOUL,Normal Goal,1506911.0
15/03/2026,K League 1,2026,JEJU UNITED FC,FC SEOUL,88,2P,Choi Byung-wook,G. Paulauskas,,JEJU UNITED FC,Normal Goal,1506911.0
15/03/2026,K League 1,2026,JEJU UNITED FC,FC SEOUL,90,2P,Lee Seung-Mo,Song Min-Kyu,,FC SEOUL,Normal Goal,1506911.0
15/03/2026,K League 1,2026,POHANG STEELERS,INCHEON UNITED,43,1P,S. Mugosa,,,INCHEON UNITED,Normal Goal,1506913.0
15/03/2026,K League 1,2026,POHANG STEELERS,INCHEON UNITED,46,2P,Lee Ho-Jae,Jorge Teixeira,,POHANG STEELERS,Normal Goal,1506913.0
22/03/2026,K League 1,2026,FC SEOUL,GWANGJU FC,9,1P,J. Son,H. Babec,,FC SEOUL,Normal Goal,1506921.0
22/03/2026,K League 1,2026,FC SEOUL,GWANGJU FC,47,2P,P. Klimala,,,FC SEOUL,Normal Goal,1506921.0
22/03/2026,K League 1,2026,FC SEOUL,GWANGJU FC,59,2P,J. Ros,Kim Jin-Su,,FC SEOUL,Normal Goal,1506921.0
22/03/2026,K League 1,2026,FC SEOUL,GWANGJU FC,73,2P,P. Klimala,Moon Seon-Min,,FC SEOUL,Normal Goal,1506921.0
22/03/2026,K League 1,2026,FC SEOUL,GWANGJU FC,82,2P,Lee Seung-Mo,Moon Seon-Min,,FC SEOUL,Normal Goal,1506921.0
04/04/2026,K League 1,2026,JEONBUK MOTORS,ULSAN HYUNDAI FC,9,1P,Cho Wi-Je,,,JEONBUK MOTORS,Normal Goal,1506927.0
04/04/2026,K League 1,2026,JEONBUK MOTORS,ULSAN HYUNDAI FC,90,2P,Lee Seung-Woo,Lee Yeong-Jae,,JEONBUK MOTORS,Normal Goal,1506927.0
05/04/2026,K League 1,2026,FC ANYANG,FC SEOUL,45,1P,P. Klimala,,,FC SEOUL,Normal Goal,1506930.0
05/04/2026,K League 1,2026,FC ANYANG,FC SEOUL,78,2P,Airton Moises,Matheus Oliveira,,FC ANYANG,Normal Goal,1506930.0
11/04/2026,K League 1,2026,FC SEOUL,JEONBUK MOTORS,90,2P,P. Klimala,Y. Al Arab,,FC SEOUL,Normal Goal,1506933.0
18/04/2026,K League 1,2026,GANGWON FC,JEONBUK MOTORS,33,1P,Tiago Orobo,,,JEONBUK MOTORS,Normal Goal,1506938.0
18/04/2026,K League 1,2026,GANGWON FC,JEONBUK MOTORS,56,2P,Mo Jae-Hyeon,Kim Dae-Won,,GANGWON FC,Normal Goal,1506938.0
18/04/2026,K League 1,2026,BUCHEON FC 1995,INCHEON UNITED,12,1P,M. Ferrier,Kim Myung-soon,,INCHEON UNITED,Normal Goal,1506940.0
18/04/2026,K League 1,2026,BUCHEON FC 1995,INCHEON UNITED,22,1P,Gerso,,,INCHEON UNITED,Normal Goal,1506940.0
18/04/2026,K League 1,2026,BUCHEON FC 1995,INCHEON UNITED,64,2P,Shin Jae-Won,J. Montano,,BUCHEON FC 1995,Normal Goal,1506940.0
18/04/2026,K League 1,2026,BUCHEON FC 1995,INCHEON UNITED,80,2P,Vitor Gabriel,Galego,,BUCHEON FC 1995,Normal Goal,1506940.0
25/04/2026,K League 1,2026,BUCHEON FC 1995,GIMCHEON SANGMU FC,30,1P,Kim Joo-Chan,,,GIMCHEON SANGMU FC,Normal Goal,1506951.0
25/04/2026,K League 1,2026,BUCHEON FC 1995,GIMCHEON SANGMU FC,83,2P,Byeon Jun-Soo,Go Jae-Hyeon,,GIMCHEON SANGMU FC,Normal Goal,1506951.0
25/04/2026,K League 1,2026,INCHEON UNITED,JEJU UNITED FC,70,2P,M. Ferrier,Lee Dong-Ryul,,INCHEON UNITED,Normal Goal,1506952.0
26/04/2026,K League 1,2026,JEONBUK MOTORS,POHANG STEELERS,26,1P,Kim Young-Bin,Kim Jin-gyu,,JEONBUK MOTORS,Normal Goal,1506953.0
26/04/2026,K League 1,2026,JEONBUK MOTORS,POHANG STEELERS,40,1P,Lee Ho-Jae,,,POHANG STEELERS,Penalty,1506953.0
26/04/2026,K League 1,2026,JEONBUK MOTORS,POHANG STEELERS,44,1P,Kim Ha-jun,Lee Seung-Woo,,JEONBUK MOTORS,Normal Goal,1506953.0
26/04/2026,K League 1,2026,JEONBUK MOTORS,POHANG STEELERS,66,2P,Lee Ho-Jae,,,POHANG STEELERS,Penalty,1506953.0
26/04/2026,K League 1,2026,JEONBUK MOTORS,POHANG STEELERS,90,2P,Kang Sang-Yoon,,,JEONBUK MOTORS,Normal Goal,1506953.0
26/04/2026,K League 1,2026,ULSAN HYUNDAI FC,DAEJEON CITIZEN,16,1P,G. Ludwigson,M. Ishida,,DAEJEON CITIZEN,Normal Goal,1506955.0
26/04/2026,K League 1,2026,ULSAN HYUNDAI FC,DAEJEON CITIZEN,42,1P,Jeong Jae-Hee,Diogo Oliveira,,DAEJEON CITIZEN,Normal Goal,1506955.0
26/04/2026,K League 1,2026,ULSAN HYUNDAI FC,DAEJEON CITIZEN,45,1P,Diogo Oliveira,,,DAEJEON CITIZEN,Normal Goal,1506955.0
26/04/2026,K League 1,2026,ULSAN HYUNDAI FC,DAEJEON CITIZEN,52,2P,M. Ishida,Kim Bong-Soo,,DAEJEON CITIZEN,Normal Goal,1506955.0
26/04/2026,K League 1,2026,ULSAN HYUNDAI FC,DAEJEON CITIZEN,89,2P,Lee Dong-Gyeong,Lee Gyu-Seong,,ULSAN HYUNDAI FC,Normal Goal,1506955.0
10/05/2026,K League 1,2026,FC ANYANG,JEONBUK MOTORS,54,2P,Airton Moises,,,FC ANYANG,Normal Goal,1506973.0
10/05/2026,K League 1,2026,FC ANYANG,JEONBUK MOTORS,76,2P,Lee Seung-Woo,Kim Tae-Hyeon,,JEONBUK MOTORS,Normal Goal,1506973.0
16/05/2026,K League 1,2026,DAEJEON CITIZEN,FC SEOUL,24,1P,Anderson Oliveira,L. Ruiz,,FC SEOUL,Normal Goal,1506980.0
16/05/2026,K League 1,2026,DAEJEON CITIZEN,FC SEOUL,70,2P,Jeong Jae-Hee,Seo Jin-Su,,DAEJEON CITIZEN,Normal Goal,1506980.0
16/05/2026,K League 1,2026,DAEJEON CITIZEN,FC SEOUL,88,2P,Lee Seung-Mo,Jeong Seung-Won,,FC SEOUL,Normal Goal,1506980.0
17/05/2026,K League 1,2026,JEONBUK MOTORS,GIMCHEON SANGMU FC,90,2P,Tiago Orobo,Kim Young-Bin,,JEONBUK MOTORS,Normal Goal,1506983.0
11/07/2026,K League 1,2026,GWANGJU FC,POHANG STEELERS,21,1P,K. Nishiya,J. Tranziska,,POHANG STEELERS,Normal Goal,1506993.0
11/07/2026,K League 1,2026,GWANGJU FC,POHANG STEELERS,50,2P,J. Tranziska,Eo Jeong-Won,,POHANG STEELERS,Normal Goal,1506993.0
11/07/2026,K League 1,2026,GWANGJU FC,POHANG STEELERS,72,2P,Jung Han-Min,Wanderson,,POHANG STEELERS,Normal Goal,1506993.0
11/07/2026,K League 1,2026,GIMCHEON SANGMU FC,BUCHEON FC 1995,29,1P,Go Jae-Hyeon,Jung Jae-Min,,GIMCHEON SANGMU FC,Normal Goal,1506992.0
11/07/2026,K League 1,2026,GIMCHEON SANGMU FC,BUCHEON FC 1995,32,1P,Baek Dong-Gyu,Patrick William,,BUCHEON FC 1995,Normal Goal,1506992.0
21/07/2026,K League 1,2026,ULSAN HYUNDAI FC,INCHEON UNITED,40,1P,M. Ferrier,Kim Seong-Min,,INCHEON UNITED,Normal Goal,1507006.0
21/07/2026,K League 1,2026,ULSAN HYUNDAI FC,INCHEON UNITED,42,1P,Lee Dong-Gyeong,D. Bojanic,,ULSAN HYUNDAI FC,Normal Goal,1507006.0
21/07/2026,K League 1,2026,ULSAN HYUNDAI FC,INCHEON UNITED,90,2P,S. Mugosa,,,INCHEON UNITED,Penalty,1507006.0
01/08/2026,K League 1,2026,GANGWON FC,BUCHEON FC 1995,19,1P,Galego,,,BUCHEON FC 1995,Normal Goal,1507016.0
01/08/2026,K League 1,2026,GANGWON FC,BUCHEON FC 1995,60,2P,S. Ye-Geon,Kim Seung-Bin,,BUCHEON FC 1995,Normal Goal,1507016.0
01/08/2026,K League 1,2026,GANGWON FC,BUCHEON FC 1995,69,2P,Vitor Gabriel,Rodrigo Bassani,,BUCHEON FC 1995,Normal Goal,1507016.0
30/08/2026,K League 1,2026,GWANGJU FC,FC SEOUL,15,1P,J. Son,Choi Jun,,FC SEOUL,Normal Goal,1507048.0
30/08/2026,K League 1,2026,GWANGJU FC,FC SEOUL,22,1P,Kim Jin-Su,,,FC SEOUL,Normal Goal,1507048.0
30/08/2026,K League 1,2026,GWANGJU FC,FC SEOUL,34,1P,Choi Kyoung-Rok,Kwon Sung-Yun,,GWANGJU FC,Normal Goal,1507048.0
30/08/2026,K League 1,2026,GWANGJU FC,FC SEOUL,45,1P,Lee Seung-Mo,Jeong Seung-Won,,FC SEOUL,Normal Goal,1507048.0
30/08/2026,K League 1,2026,GWANGJU FC,FC SEOUL,47,2P,Shin Chang-Moo,J. Iredale,,GWANGJU FC,Normal Goal,1507048.0
30/08/2026,K League 1,2026,GWANGJU FC,FC SEOUL,52,2P,Jeong Seung-Won,Anderson Oliveira,,FC SEOUL,Normal Goal,1507048.0
30/08/2026,K League 1,2026,GWANGJU FC,FC SEOUL,60,2P,Anderson Oliveira,,,FC SEOUL,Normal Goal,1507048.0
30/08/2026,K League 1,2026,JEJU UNITED FC,DAEJEON CITIZEN,30,1P,Matheus Aias,E. Cinari,,JEJU UNITED FC,Normal Goal,1507050.0
30/08/2026,K League 1,2026,JEJU UNITED FC,DAEJEON CITIZEN,52,2P,Matheus Aias,Emerson Negueba,,JEJU UNITED FC,Normal Goal,1507050.0
30/08/2026,K League 1,2026,JEJU UNITED FC,DAEJEON CITIZEN,76,2P,Seo Jin-Su,Lee Myung-Jae,,DAEJEON CITIZEN,Normal Goal,1507050.0
30/08/2026,K League 1,2026,JEJU UNITED FC,DAEJEON CITIZEN,90,2P,Emerson Negueba,,,JEJU UNITED FC,Normal Goal,1507050.0
30/08/2026,K League 1,2026,INCHEON UNITED,JEONBUK MOTORS,83,2P,Lee Seung-Woo,Kim Jin-Gyu,,JEONBUK MOTORS,Normal Goal,1507049.0
30/08/2026,K League 1,2026,INCHEON UNITED,JEONBUK MOTORS,88,2P,Gerso,,,INCHEON UNITED,Normal Goal,1507049.0
30/08/2026,K League 2,2026,SUWON CITY FC,BUSAN I PARK,10,1P,Kim Hee-Seung,Son Hwi,,BUSAN I PARK,Normal Goal,1510434.0
30/08/2026,K League 2,2026,SUWON CITY FC,BUSAN I PARK,23,1P,Derlan,Goo Bon-Cheul,,SUWON CITY FC,Normal Goal,1510434.0
30/08/2026,K League 2,2026,SUWON CITY FC,BUSAN I PARK,54,2P,Matheus Frizzo,,,SUWON CITY FC,Penalty,1510434.0
30/08/2026,K League 2,2026,GIMHAE CITY,YONGIN CITY,7,1P,Vitinho,Suk Hyun-Jun,,YONGIN CITY,Normal Goal,1510433.0
30/08/2026,K League 2,2026,GIMHAE CITY,YONGIN CITY,23,1P,Suk Hyun-Jun,Vitinho,,YONGIN CITY,Normal Goal,1510433.0
30/08/2026,K League 2,2026,GIMHAE CITY,YONGIN CITY,25,1P,Kim Han-Seo,,,YONGIN CITY,Normal Goal,1510433.0
01/03/2026,J1 League,2026,KAWASAKI FRONTALE,MITO HOLLYHOCK,45,1P,C. Kato,,,MITO HOLLYHOCK,Normal Goal,1504688.0
01/03/2026,J1 League,2026,KAWASAKI FRONTALE,MITO HOLLYHOCK,84,2P,Erison,,,KAWASAKI FRONTALE,Penalty,1504688.0
01/03/2026,J1 League,2026,KAWASAKI FRONTALE,MITO HOLLYHOCK,90,2P,Y. Wakizaka,,,KAWASAKI FRONTALE,Normal Goal,1504688.0
24/07/2026,Superliga Dinamarca,2026/2027,VIBORG,ODENSE,56,2P,T. Jorgensen,O. Bundgaard,,VIBORG,Normal Goal,1548974.0
25/07/2026,Superliga Dinamarca,2026/2027,AARHUS,BRONDBY,52,2P,B. Slisz,L. Binks,,BRONDBY,Normal Goal,1548975.0
25/07/2026,Superliga Dinamarca,2026/2027,AARHUS,BRONDBY,84,2P,K. Arnstad,,,AARHUS,Penalty,1548975.0
26/07/2026,Superliga Dinamarca,2026/2027,SONDERJYSKE,FC MIDTJYLLAND,26,1P,M. B. Sorensen,V. Byskov,,FC MIDTJYLLAND,Normal Goal,1548976.0
26/07/2026,Superliga Dinamarca,2026/2027,SONDERJYSKE,FC MIDTJYLLAND,27,1P,M. Jensen,O. Hyseni,,SONDERJYSKE,Normal Goal,1548976.0
26/07/2026,Superliga Dinamarca,2026/2027,SONDERJYSKE,FC MIDTJYLLAND,35,1P,V. Byskov,D. Osorio,,FC MIDTJYLLAND,Normal Goal,1548976.0
26/07/2026,Superliga Dinamarca,2026/2027,SONDERJYSKE,FC MIDTJYLLAND,45,1P,M. Haidara,O. Hyseni,,SONDERJYSKE,Normal Goal,1548976.0
26/07/2026,Superliga Dinamarca,2026/2027,SONDERJYSKE,FC MIDTJYLLAND,66,2P,J. Emefile,P. Billing,,FC MIDTJYLLAND,Normal Goal,1548976.0
26/07/2026,Superliga Dinamarca,2026/2027,FC COPENHAGEN,LYNGBY,27,1P,B. Meling,,,FC COPENHAGEN,Normal Goal,1548979.0
26/07/2026,Superliga Dinamarca,2026/2027,FC COPENHAGEN,LYNGBY,36,1P,R. Tytens,,,LYNGBY,Normal Goal,1548979.0
26/07/2026,Superliga Dinamarca,2026/2027,FC COPENHAGEN,LYNGBY,39,1P,S. Colyn,,,LYNGBY,Normal Goal,1548979.0
26/07/2026,Superliga Dinamarca,2026/2027,FC COPENHAGEN,LYNGBY,49,2P,B. Meling,,,FC COPENHAGEN,Normal Goal,1548979.0
26/07/2026,Superliga Dinamarca,2026/2027,FC COPENHAGEN,LYNGBY,75,2P,M. Elyounoussi,M. Madsen,,FC COPENHAGEN,Normal Goal,1548979.0
26/07/2026,Superliga Dinamarca,2026/2027,AC HORSENS,FC NORDSJAELLAND,33,1P,N. Rojkjaer,,,FC NORDSJAELLAND,Normal Goal,1548978.0
26/07/2026,Superliga Dinamarca,2026/2027,AC HORSENS,FC NORDSJAELLAND,43,1P,A. Justinussen,,,AC HORSENS,Penalty,1548978.0
27/07/2026,Superliga Dinamarca,2026/2027,RANDERS FC,SILKEBORG,10,1P,M. Themsen,M. Sjolstad,,RANDERS FC,Normal Goal,1548977.0
27/07/2026,Superliga Dinamarca,2026/2027,RANDERS FC,SILKEBORG,45,1P,O. Ross,C. McCowatt,,SILKEBORG,Normal Goal,1548977.0
01/08/2026,Superliga Dinamarca,2026/2027,LYNGBY,AARHUS,33,1P,K. Arnstad,,,AARHUS,Penalty,1548980.0
01/08/2026,Superliga Dinamarca,2026/2027,LYNGBY,AARHUS,67,2P,Dani,,,LYNGBY,Normal Goal,1548980.0
01/08/2026,Superliga Dinamarca,2026/2027,LYNGBY,AARHUS,88,2P,F. Gytkjaer,,,LYNGBY,Penalty,1548980.0
01/08/2026,Superliga Dinamarca,2026/2027,LYNGBY,AARHUS,90,2P,J. Jonsson,F. Emmery,,AARHUS,Normal Goal,1548980.0
02/08/2026,Superliga Dinamarca,2026/2027,FC MIDTJYLLAND,AC HORSENS,33,1P,Franculino,V. Byskov,,FC MIDTJYLLAND,Normal Goal,1548981.0
02/08/2026,Superliga Dinamarca,2026/2027,FC MIDTJYLLAND,AC HORSENS,45,1P,F. Etim,D. Osorio,,FC MIDTJYLLAND,Normal Goal,1548981.0
02/08/2026,Superliga Dinamarca,2026/2027,FC MIDTJYLLAND,AC HORSENS,78,2P,K. Ehibhatiomhan,J. Tauriainen,,AC HORSENS,Normal Goal,1548981.0
02/08/2026,Superliga Dinamarca,2026/2027,FC NORDSJAELLAND,RANDERS FC,90,2P,R. Norheim,T. Salquist,,FC NORDSJAELLAND,Normal Goal,1548982.0
02/08/2026,Superliga Dinamarca,2026/2027,BRONDBY,VIBORG,80,2P,O. Hyseni,S. Fukuda,,BRONDBY,Normal Goal,1548983.0
02/08/2026,Superliga Dinamarca,2026/2027,SILKEBORG,FC COPENHAGEN,25,1P,O. Ross,C. McCowatt,,SILKEBORG,Normal Goal,1548984.0
02/08/2026,Superliga Dinamarca,2026/2027,SILKEBORG,FC COPENHAGEN,42,1P,M. Elyounoussi,J. Larsson,,FC COPENHAGEN,Normal Goal,1548984.0
02/08/2026,Superliga Dinamarca,2026/2027,SILKEBORG,FC COPENHAGEN,45,1P,M. Elyounoussi,W. Clem,,FC COPENHAGEN,Normal Goal,1548984.0
02/08/2026,Superliga Dinamarca,2026/2027,SILKEBORG,FC COPENHAGEN,62,2P,M. Elyounoussi,M. Lopez,,FC COPENHAGEN,Normal Goal,1548984.0
03/08/2026,Superliga Dinamarca,2026/2027,ODENSE,SONDERJYSKE,81,2P,N. Ganaus,,,ODENSE,Normal Goal,1548985.0
09/08/2026,Superliga Dinamarca,2026/2027,RANDERS FC,LYNGBY,15,1P,M. Sankoh,,,RANDERS FC,Normal Goal,1548987.0
09/08/2026,Superliga Dinamarca,2026/2027,RANDERS FC,LYNGBY,49,2P,K. Junker,S. Hansen,,RANDERS FC,Normal Goal,1548987.0
09/08/2026,Superliga Dinamarca,2026/2027,AC HORSENS,BRONDBY,12,1P,M. Younis,M. Kohlert,,BRONDBY,Normal Goal,1548988.0
09/08/2026,Superliga Dinamarca,2026/2027,AC HORSENS,BRONDBY,60,2P,M. Kupijbida,,,BRONDBY,Own Goal,1548988.0
10/08/2026,Superliga Dinamarca,2026/2027,SILKEBORG,ODENSE,51,2P,C. McCowatt,O. Ross,,SILKEBORG,Normal Goal,1548989.0
14/08/2026,Superliga Dinamarca,2026/2027,VIBORG,AARHUS,11,1P,M. Sondergaard,Z. Zaletel,,VIBORG,Normal Goal,1548990.0
14/08/2026,Superliga Dinamarca,2026/2027,VIBORG,AARHUS,31,1P,F. Emmery,M. Solbakken,,AARHUS,Normal Goal,1548990.0
14/08/2026,Superliga Dinamarca,2026/2027,VIBORG,AARHUS,60,2P,M. Sondergaard,O. Bundgaard,,VIBORG,Normal Goal,1548990.0
16/08/2026,Superliga Dinamarca,2026/2027,FC NORDSJAELLAND,SILKEBORG,80,2P,I. Adel,P. Ankersen,,FC NORDSJAELLAND,Normal Goal,1548992.0
16/08/2026,Superliga Dinamarca,2026/2027,ODENSE,AC HORSENS,3,1P,A. Moro,,,ODENSE,Own Goal,1548991.0
16/08/2026,Superliga Dinamarca,2026/2027,ODENSE,AC HORSENS,38,1P,Y. Ouorou,J. Madsen,,AC HORSENS,Normal Goal,1548991.0
16/08/2026,Superliga Dinamarca,2026/2027,ODENSE,AC HORSENS,65,2P,K. Kirkegaard,Y. Ouorou,,AC HORSENS,Normal Goal,1548991.0
16/08/2026,Superliga Dinamarca,2026/2027,LYNGBY,FC MIDTJYLLAND,50,2P,S. Iheanacho,D. Beni,,FC MIDTJYLLAND,Normal Goal,1548993.0
16/08/2026,Superliga Dinamarca,2026/2027,LYNGBY,FC MIDTJYLLAND,59,2P,G. Fraulo,I. Thorvaldsson,,LYNGBY,Normal Goal,1548993.0
16/08/2026,Superliga Dinamarca,2026/2027,RANDERS FC,FC COPENHAGEN,2,1P,B. Meling,,,FC COPENHAGEN,Normal Goal,1548994.0
16/08/2026,Superliga Dinamarca,2026/2027,RANDERS FC,FC COPENHAGEN,14,1P,B. Meling,,,FC COPENHAGEN,Normal Goal,1548994.0
16/08/2026,Superliga Dinamarca,2026/2027,RANDERS FC,FC COPENHAGEN,45,1P,M. Madsen,,,FC COPENHAGEN,Normal Goal,1548994.0
16/08/2026,Superliga Dinamarca,2026/2027,RANDERS FC,FC COPENHAGEN,77,2P,M. Lopez,A. Kral,,FC COPENHAGEN,Normal Goal,1548994.0
17/08/2026,Superliga Dinamarca,2026/2027,BRONDBY,SONDERJYSKE,18,1P,M. Frokjaer-Jensen,M. Ejdum,,BRONDBY,Normal Goal,1548995.0
17/08/2026,Superliga Dinamarca,2026/2027,BRONDBY,SONDERJYSKE,30,1P,M. Frokjaer-Jensen,M. Ejdum,,BRONDBY,Normal Goal,1548995.0
17/08/2026,Superliga Dinamarca,2026/2027,BRONDBY,SONDERJYSKE,45,1P,O. Hyseni,O. Fenger,,BRONDBY,Normal Goal,1548995.0
17/08/2026,Superliga Dinamarca,2026/2027,BRONDBY,SONDERJYSKE,58,2P,B. Tambedou,M. Soulas,,SONDERJYSKE,Normal Goal,1548995.0
17/08/2026,Superliga Dinamarca,2026/2027,BRONDBY,SONDERJYSKE,64,2P,M. Haidara,S. Emini,,SONDERJYSKE,Normal Goal,1548995.0
23/08/2026,Superliga Dinamarca,2026/2027,SONDERJYSKE,FC NORDSJAELLAND,44,1P,M. Walker,M. Brink,,FC NORDSJAELLAND,Normal Goal,1548997.0
23/08/2026,Superliga Dinamarca,2026/2027,SONDERJYSKE,FC NORDSJAELLAND,60,2P,M. Walker,I. Adel,,FC NORDSJAELLAND,Normal Goal,1548997.0
23/08/2026,Superliga Dinamarca,2026/2027,SONDERJYSKE,FC NORDSJAELLAND,87,2P,V. Berthelsen,H. Rasmussen,,FC NORDSJAELLAND,Normal Goal,1548997.0
23/08/2026,Superliga Dinamarca,2026/2027,FC MIDTJYLLAND,RANDERS FC,28,1P,D. Osorio,,,FC MIDTJYLLAND,Normal Goal,1548998.0
23/08/2026,Superliga Dinamarca,2026/2027,AARHUS,ODENSE,21,1P,J. Bogere,S. Jorgensen,,AARHUS,Normal Goal,1548996.0
23/08/2026,Superliga Dinamarca,2026/2027,AARHUS,ODENSE,26,1P,F. Arp,,,ODENSE,Normal Goal,1548996.0
23/08/2026,Superliga Dinamarca,2026/2027,AARHUS,ODENSE,42,1P,F. Arp,,,ODENSE,Normal Goal,1548996.0
23/08/2026,Superliga Dinamarca,2026/2027,AARHUS,ODENSE,75,2P,R. Carstensen,M. Knudsen,,AARHUS,Normal Goal,1548996.0
23/08/2026,Superliga Dinamarca,2026/2027,AC HORSENS,LYNGBY,15,1P,K. Ehibhatiomhan,K. Kirkegaard,,AC HORSENS,Normal Goal,1548999.0
23/08/2026,Superliga Dinamarca,2026/2027,AC HORSENS,LYNGBY,66,2P,I. Thorvaldsson,S. Colyn,,LYNGBY,Normal Goal,1548999.0
23/08/2026,Superliga Dinamarca,2026/2027,AC HORSENS,LYNGBY,72,2P,Ísak Snær Þorvaldsson,,,LYNGBY,Missed Penalty,1548999.0
23/08/2026,Superliga Dinamarca,2026/2027,AC HORSENS,LYNGBY,90,2P,A. Justinussen,,,AC HORSENS,Normal Goal,1548999.0
23/08/2026,Superliga Dinamarca,2026/2027,VIBORG,FC COPENHAGEN,1,1P,B. Meling,,,VIBORG,Own Goal,1549000.0
23/08/2026,Superliga Dinamarca,2026/2027,VIBORG,FC COPENHAGEN,8,1P,D. Hanza,M. Sondergaard,,VIBORG,Normal Goal,1549000.0
23/08/2026,Superliga Dinamarca,2026/2027,VIBORG,FC COPENHAGEN,16,1P,A. Beck,,,VIBORG,Normal Goal,1549000.0
23/08/2026,Superliga Dinamarca,2026/2027,VIBORG,FC COPENHAGEN,68,2P,C. Nouck,D. Hanza,,VIBORG,Normal Goal,1549000.0
24/08/2026,Superliga Dinamarca,2026/2027,BRONDBY,SILKEBORG,44,1P,C. McCowatt,,,SILKEBORG,Normal Goal,1549001.0
24/08/2026,Superliga Dinamarca,2026/2027,BRONDBY,SILKEBORG,51,2P,J. Vanlerberghe,L. Binks,,BRONDBY,Normal Goal,1549001.0
24/08/2026,Superliga Dinamarca,2026/2027,BRONDBY,SILKEBORG,54,2P,O. Fenger,M. Younis,,BRONDBY,Normal Goal,1549001.0
24/08/2026,Superliga Dinamarca,2026/2027,BRONDBY,SILKEBORG,87,2P,L. Binks,M. Divkovic,,BRONDBY,Normal Goal,1549001.0
28/08/2026,Superliga Dinamarca,2026/2027,AC HORSENS,VIBORG,34,1P,D. Hanza,C. Nouck,,VIBORG,Normal Goal,1549002.0
28/08/2026,Superliga Dinamarca,2026/2027,AC HORSENS,VIBORG,45,1P,C. Nouck,M. Sondergaard,,VIBORG,Normal Goal,1549002.0
28/08/2026,Superliga Dinamarca,2026/2027,AC HORSENS,VIBORG,47,2P,K. Ehibhatiomhan,J. Tauriainen,,AC HORSENS,Normal Goal,1549002.0
28/08/2026,Superliga Dinamarca,2026/2027,AC HORSENS,VIBORG,55,2P,A. Beck,,,VIBORG,Normal Goal,1549002.0
28/08/2026,Superliga Dinamarca,2026/2027,AC HORSENS,VIBORG,71,2P,I. Milicevic,J. Tauriainen,,AC HORSENS,Normal Goal,1549002.0
30/08/2026,Superliga Dinamarca,2026/2027,LYNGBY,ODENSE,53,2P,I. Thorvaldsson,O. Buur,,LYNGBY,Normal Goal,1549003.0
30/08/2026,Superliga Dinamarca,2026/2027,LYNGBY,ODENSE,90,2P,J. Bonde,A. Holmstrom,,ODENSE,Normal Goal,1549003.0
30/08/2026,Superliga Dinamarca,2026/2027,SILKEBORG,FC MIDTJYLLAND,13,1P,W. Kirk,,,SILKEBORG,Normal Goal,1549004.0
30/08/2026,Superliga Dinamarca,2026/2027,SILKEBORG,FC MIDTJYLLAND,66,2P,S. Iheanacho,F. Etim,,FC MIDTJYLLAND,Normal Goal,1549004.0
30/08/2026,Superliga Dinamarca,2026/2027,RANDERS FC,AARHUS,21,1P,E. Mahmoud,M. Themsen,,RANDERS FC,Normal Goal,1549005.0
30/08/2026,Superliga Dinamarca,2026/2027,RANDERS FC,AARHUS,28,1P,M. Themsen,K. Junker,,RANDERS FC,Normal Goal,1549005.0
30/08/2026,Superliga Dinamarca,2026/2027,RANDERS FC,AARHUS,63,2P,J. Serra,S. Jorgensen,,AARHUS,Normal Goal,1549005.0
30/08/2026,Superliga Dinamarca,2026/2027,FC NORDSJAELLAND,BRONDBY,12,1P,A. Lind,J. Lahteenmaki,,FC NORDSJAELLAND,Normal Goal,1549006.0
30/08/2026,Superliga Dinamarca,2026/2027,FC NORDSJAELLAND,BRONDBY,22,1P,J. Janssen,R. Norheim,,FC NORDSJAELLAND,Normal Goal,1549006.0
30/08/2026,Superliga Dinamarca,2026/2027,FC NORDSJAELLAND,BRONDBY,83,2P,H. Rasmussen,M. Brink,,FC NORDSJAELLAND,Normal Goal,1549006.0
30/08/2026,Superliga Dinamarca,2026/2027,FC NORDSJAELLAND,BRONDBY,90,2P,P. Mortensen,B. Slisz,,BRONDBY,Normal Goal,1549006.0
31/08/2026,Superliga Dinamarca,2026/2027,FC COPENHAGEN,SONDERJYSKE,7,1P,A. Munksgaard,I. Seydi,,SONDERJYSKE,Normal Goal,1549007.0
31/08/2026,Superliga Dinamarca,2026/2027,FC COPENHAGEN,SONDERJYSKE,30,1P,M. Elyounoussi,,,FC COPENHAGEN,Normal Goal,1549007.0
31/08/2026,Superliga Dinamarca,2026/2027,FC COPENHAGEN,SONDERJYSKE,45,1P,M. Madsen,M. Elyounoussi,,FC COPENHAGEN,Normal Goal,1549007.0
31/08/2026,Superliga Dinamarca,2026/2027,FC COPENHAGEN,SONDERJYSKE,64,2P,M. Elyounoussi,,,FC COPENHAGEN,Normal Goal,1549007.0
04/04/2026,Allsvenskan Suecia 1a,2026,HAMMARBY FF,MJALLBY AIF,42,1P,P. Abraham,,,HAMMARBY FF,Normal Goal,1494118.0
04/04/2026,Allsvenskan Suecia 1a,2026,HAMMARBY FF,MJALLBY AIF,44,1P,P. Abraham,N. Besara,,HAMMARBY FF,Normal Goal,1494118.0
04/04/2026,Allsvenskan Suecia 1a,2026,HAMMARBY FF,MJALLBY AIF,48,2P,P. Abraham,N. Besara,,HAMMARBY FF,Normal Goal,1494118.0
04/04/2026,Allsvenskan Suecia 1a,2026,DEGERFORS IF,SIRIUS,46,2P,N. O. Jonsson,I. Bjerkebo,,SIRIUS,Normal Goal,1494114.0
04/04/2026,Allsvenskan Suecia 1a,2026,DEGERFORS IF,SIRIUS,78,2P,I. Bjerkebo,,,SIRIUS,Penalty,1494114.0
04/04/2026,Allsvenskan Suecia 1a,2026,DEGERFORS IF,SIRIUS,82,2P,R. Ure,V. Svensson,,SIRIUS,Normal Goal,1494114.0
05/04/2026,Allsvenskan Suecia 1a,2026,KALMAR FF,VASTERAS SK FK,11,1P,Z. Ravik,,,VASTERAS SK FK,Own Goal,1494119.0
05/04/2026,Allsvenskan Suecia 1a,2026,AIK STOCKHOLM,HALMSTAD,21,1P,I. Cisse,,,AIK STOCKHOLM,Normal Goal,1494113.0
05/04/2026,Allsvenskan Suecia 1a,2026,AIK STOCKHOLM,HALMSTAD,64,2P,O. Liimatta,M. Persson,,HALMSTAD,Normal Goal,1494113.0
05/04/2026,Allsvenskan Suecia 1a,2026,AIK STOCKHOLM,HALMSTAD,83,2P,Z. Yohanna,S. Wilson,,AIK STOCKHOLM,Normal Goal,1494113.0
05/04/2026,Allsvenskan Suecia 1a,2026,ORGRYTE IS,MALMO FF,51,2P,A. Andreasson,M. Dyrestam,,ORGRYTE IS,Normal Goal,1494120.0
05/04/2026,Allsvenskan Suecia 1a,2026,ORGRYTE IS,MALMO FF,73,2P,E. Botheim,,,MALMO FF,Normal Goal,1494120.0
06/04/2026,Allsvenskan Suecia 1a,2026,BK HACKEN,IF BROMMAPOJKARNA,8,1P,L. Bjorklund,M. Hansen,,IF BROMMAPOJKARNA,Normal Goal,1494117.0
06/04/2026,Allsvenskan Suecia 1a,2026,BK HACKEN,IF BROMMAPOJKARNA,47,2P,A. Svanback,A. Layouni,,BK HACKEN,Normal Goal,1494117.0
06/04/2026,Allsvenskan Suecia 1a,2026,BK HACKEN,IF BROMMAPOJKARNA,70,2P,J. Simpson,,,BK HACKEN,Own Goal,1494117.0
06/04/2026,Allsvenskan Suecia 1a,2026,BK HACKEN,IF BROMMAPOJKARNA,89,2P,A. Troelsen,O. Zanden,,IF BROMMAPOJKARNA,Normal Goal,1494117.0
06/04/2026,Allsvenskan Suecia 1a,2026,IF ELFSBORG,IFK GOTEBORG,59,2P,T. Silverholt,S. Olsson,,IF ELFSBORG,Normal Goal,1494115.0
06/04/2026,Allsvenskan Suecia 1a,2026,IF ELFSBORG,IFK GOTEBORG,65,2P,J. Magnusson,S. Olsson,,IF ELFSBORG,Normal Goal,1494115.0
06/04/2026,Allsvenskan Suecia 1a,2026,GAIS,DJURGARDENS IF,65,2P,P. Aslund,O. Fallenius,,DJURGARDENS IF,Normal Goal,1494116.0
11/04/2026,Allsvenskan Suecia 1a,2026,IFK GOTEBORG,BK HACKEN,17,1P,G. Lindgren,J. Lindberg,,BK HACKEN,Normal Goal,1494123.0
11/04/2026,Allsvenskan Suecia 1a,2026,IFK GOTEBORG,BK HACKEN,25,1P,Tobias Heintz,,,IFK GOTEBORG,Missed Penalty,1494123.0
11/04/2026,Allsvenskan Suecia 1a,2026,IFK GOTEBORG,BK HACKEN,84,2P,M. Rygaard,A. Layouni,,BK HACKEN,Normal Goal,1494123.0
11/04/2026,Allsvenskan Suecia 1a,2026,MJALLBY AIF,ORGRYTE IS,21,1P,A. Andreasson,T. Sana,,ORGRYTE IS,Normal Goal,1494126.0
11/04/2026,Allsvenskan Suecia 1a,2026,MJALLBY AIF,ORGRYTE IS,26,1P,J. Tibbling,M. Dyrestam,,ORGRYTE IS,Normal Goal,1494126.0
11/04/2026,Allsvenskan Suecia 1a,2026,VASTERAS SK FK,IF ELFSBORG,49,2P,N. Hult,R. Mohammed,,IF ELFSBORG,Normal Goal,1494128.0
11/04/2026,Allsvenskan Suecia 1a,2026,VASTERAS SK FK,IF ELFSBORG,74,2P,M. Ladefoged,M. Baggesen,,VASTERAS SK FK,Normal Goal,1494128.0
11/04/2026,Allsvenskan Suecia 1a,2026,VASTERAS SK FK,IF ELFSBORG,81,2P,M. Ladefoged,M. Diagne,,VASTERAS SK FK,Normal Goal,1494128.0
11/04/2026,Allsvenskan Suecia 1a,2026,VASTERAS SK FK,IF ELFSBORG,90,2P,A. Sigurpalsson,T. Isherwood,,IF ELFSBORG,Normal Goal,1494128.0
12/04/2026,Allsvenskan Suecia 1a,2026,DJURGARDENS IF,KALMAR FF,2,1P,B. Hegland,M. Marques,,DJURGARDENS IF,Normal Goal,1494122.0
12/04/2026,Allsvenskan Suecia 1a,2026,DJURGARDENS IF,KALMAR FF,7,1P,K. Lien,,,DJURGARDENS IF,Normal Goal,1494122.0
12/04/2026,Allsvenskan Suecia 1a,2026,DJURGARDENS IF,KALMAR FF,16,1P,C. Rosenqvist,R. Gojani,,KALMAR FF,Normal Goal,1494122.0
12/04/2026,Allsvenskan Suecia 1a,2026,DJURGARDENS IF,KALMAR FF,29,1P,A. Dari,M. Hallberg,,KALMAR FF,Normal Goal,1494122.0
12/04/2026,Allsvenskan Suecia 1a,2026,DJURGARDENS IF,KALMAR FF,85,2P,K. Lien,M. Siltanen,,DJURGARDENS IF,Normal Goal,1494122.0
12/04/2026,Allsvenskan Suecia 1a,2026,DJURGARDENS IF,KALMAR FF,90,2P,Kristian Stromland Lien,,,DJURGARDENS IF,Missed Penalty,1494122.0
12/04/2026,Allsvenskan Suecia 1a,2026,HALMSTAD,DEGERFORS IF,44,1P,D. Sundgren,,,DEGERFORS IF,Normal Goal,1494124.0
12/04/2026,Allsvenskan Suecia 1a,2026,HALMSTAD,DEGERFORS IF,56,2P,S. Ohlsson,J. Pikkarainen,,DEGERFORS IF,Normal Goal,1494124.0
12/04/2026,Allsvenskan Suecia 1a,2026,HALMSTAD,DEGERFORS IF,90,2P,M. Rafferty,N. Girmai,,DEGERFORS IF,Normal Goal,1494124.0
12/04/2026,Allsvenskan Suecia 1a,2026,MALMO FF,GAIS,21,1P,P. Jansson,J. Stryger,,MALMO FF,Normal Goal,1494125.0
12/04/2026,Allsvenskan Suecia 1a,2026,MALMO FF,GAIS,37,1P,O. Sjostrand,,,MALMO FF,Normal Goal,1494125.0
12/04/2026,Allsvenskan Suecia 1a,2026,MALMO FF,GAIS,42,1P,O. Rosengren,C. Rosler,,MALMO FF,Normal Goal,1494125.0
12/04/2026,Allsvenskan Suecia 1a,2026,MALMO FF,GAIS,87,2P,S. Ekong,W. Milovanovic,,GAIS,Normal Goal,1494125.0
13/04/2026,Allsvenskan Suecia 1a,2026,SIRIUS,HAMMARBY FF,9,1P,I. Bjerkebo,O. Krusnell,,SIRIUS,Normal Goal,1494127.0
13/04/2026,Allsvenskan Suecia 1a,2026,SIRIUS,HAMMARBY FF,70,2P,R. Ure,,,SIRIUS,Normal Goal,1494127.0
13/04/2026,Allsvenskan Suecia 1a,2026,IF BROMMAPOJKARNA,AIK STOCKHOLM,59,2P,B. Celina,Z. Yohanna,,AIK STOCKHOLM,Normal Goal,1494121.0
13/04/2026,Allsvenskan Suecia 1a,2026,IF BROMMAPOJKARNA,AIK STOCKHOLM,62,2P,M. Hansen,,,IF BROMMAPOJKARNA,Normal Goal,1494121.0
13/04/2026,Allsvenskan Suecia 1a,2026,IF BROMMAPOJKARNA,AIK STOCKHOLM,78,2P,V. Andersson,J. Hove,,AIK STOCKHOLM,Normal Goal,1494121.0
13/04/2026,Allsvenskan Suecia 1a,2026,IF BROMMAPOJKARNA,AIK STOCKHOLM,90,2P,A. Timossi,,,IF BROMMAPOJKARNA,Normal Goal,1494121.0
17/04/2026,Allsvenskan Suecia 1a,2026,DJURGARDENS IF,MALMO FF,61,2P,S. Haksabanovic,O. Rosengren,,MALMO FF,Normal Goal,1494131.0
17/04/2026,Allsvenskan Suecia 1a,2026,DEGERFORS IF,IF ELFSBORG,52,2P,J. Magnusson,,,IF ELFSBORG,Normal Goal,1494130.0
18/04/2026,Allsvenskan Suecia 1a,2026,HAMMARBY FF,ORGRYTE IS,11,1P,N. Persson,M. Karlsson,,HAMMARBY FF,Normal Goal,1494134.0
18/04/2026,Allsvenskan Suecia 1a,2026,HAMMARBY FF,ORGRYTE IS,18,1P,N. Besara,N. Persson,,HAMMARBY FF,Normal Goal,1494134.0
18/04/2026,Allsvenskan Suecia 1a,2026,HAMMARBY FF,ORGRYTE IS,22,1P,P. Abraham,,,HAMMARBY FF,Normal Goal,1494134.0
18/04/2026,Allsvenskan Suecia 1a,2026,HAMMARBY FF,ORGRYTE IS,32,1P,C. Styffe,,,ORGRYTE IS,Normal Goal,1494134.0
18/04/2026,Allsvenskan Suecia 1a,2026,HAMMARBY FF,ORGRYTE IS,33,1P,V. Lind,N. Besara,,HAMMARBY FF,Normal Goal,1494134.0
18/04/2026,Allsvenskan Suecia 1a,2026,HAMMARBY FF,ORGRYTE IS,57,2P,M. Madjed,N. Besara,,HAMMARBY FF,Normal Goal,1494134.0
18/04/2026,Allsvenskan Suecia 1a,2026,HAMMARBY FF,ORGRYTE IS,70,2P,N. Vasic,F. Adjei,,HAMMARBY FF,Normal Goal,1494134.0
18/04/2026,Allsvenskan Suecia 1a,2026,HAMMARBY FF,ORGRYTE IS,79,2P,N. Vasic,V. Lind,,HAMMARBY FF,Normal Goal,1494134.0
18/04/2026,Allsvenskan Suecia 1a,2026,HAMMARBY FF,ORGRYTE IS,86,2P,N. Vasic,V. Lind,,HAMMARBY FF,Normal Goal,1494134.0
18/04/2026,Allsvenskan Suecia 1a,2026,SIRIUS,VASTERAS SK FK,8,1P,I. Bjerkebo,,,SIRIUS,Penalty,1494136.0
18/04/2026,Allsvenskan Suecia 1a,2026,SIRIUS,VASTERAS SK FK,31,1P,I. Bjerkebo,,,SIRIUS,Penalty,1494136.0
18/04/2026,Allsvenskan Suecia 1a,2026,SIRIUS,VASTERAS SK FK,45,1P,T. Anker,R. Ure,,SIRIUS,Normal Goal,1494136.0
18/04/2026,Allsvenskan Suecia 1a,2026,SIRIUS,VASTERAS SK FK,53,2P,F. Nsabiyumva,M. Baggesen,,VASTERAS SK FK,Normal Goal,1494136.0
18/04/2026,Allsvenskan Suecia 1a,2026,SIRIUS,VASTERAS SK FK,62,2P,H. Castegren,T. Anker,,SIRIUS,Normal Goal,1494136.0
18/04/2026,Allsvenskan Suecia 1a,2026,HALMSTAD,IFK GOTEBORG,62,2P,O. Faraj,L. Arvidsson,,HALMSTAD,Normal Goal,1494133.0
18/04/2026,Allsvenskan Suecia 1a,2026,HALMSTAD,IFK GOTEBORG,64,2P,T. Heintz,S. Alioum,,IFK GOTEBORG,Normal Goal,1494133.0
18/04/2026,Allsvenskan Suecia 1a,2026,MJALLBY AIF,IF BROMMAPOJKARNA,5,1P,L. Thorell,A. Manneh,,MJALLBY AIF,Normal Goal,1494135.0
18/04/2026,Allsvenskan Suecia 1a,2026,MJALLBY AIF,IF BROMMAPOJKARNA,28,1P,J. Bergstrom,E. Stroud,,MJALLBY AIF,Normal Goal,1494135.0
18/04/2026,Allsvenskan Suecia 1a,2026,MJALLBY AIF,IF BROMMAPOJKARNA,33,1P,A. Manneh,J. Gustavsson,,MJALLBY AIF,Normal Goal,1494135.0
19/04/2026,Allsvenskan Suecia 1a,2026,AIK STOCKHOLM,KALMAR FF,26,1P,J. Hove,,,AIK STOCKHOLM,Penalty,1494129.0
19/04/2026,Allsvenskan Suecia 1a,2026,BK HACKEN,GAIS,51,2P,A. Doumbia,,,BK HACKEN,Normal Goal,1494132.0
19/04/2026,Allsvenskan Suecia 1a,2026,BK HACKEN,GAIS,57,2P,R. Thorkelsson,S. Salter,,GAIS,Normal Goal,1494132.0
19/04/2026,Allsvenskan Suecia 1a,2026,BK HACKEN,GAIS,80,2P,G. Lindgren,M. Rygaard,,BK HACKEN,Normal Goal,1494132.0
22/04/2026,Allsvenskan Suecia 1a,2026,HAMMARBY FF,HALMSTAD,10,1P,O. Liimatta,,,HALMSTAD,Normal Goal,1494140.0
22/04/2026,Allsvenskan Suecia 1a,2026,HAMMARBY FF,HALMSTAD,58,2P,F. Adjei,,,HAMMARBY FF,Normal Goal,1494140.0
22/04/2026,Allsvenskan Suecia 1a,2026,IF ELFSBORG,DJURGARDENS IF,19,1P,P. Johansson,B. Hegland,,DJURGARDENS IF,Normal Goal,1494138.0
22/04/2026,Allsvenskan Suecia 1a,2026,IF ELFSBORG,DJURGARDENS IF,25,1P,F. Ihler,,,IF ELFSBORG,Penalty,1494138.0
22/04/2026,Allsvenskan Suecia 1a,2026,IF ELFSBORG,DJURGARDENS IF,88,2P,J. Rinne,,,IF ELFSBORG,Own Goal,1494138.0
22/04/2026,Allsvenskan Suecia 1a,2026,ORGRYTE IS,IF BROMMAPOJKARNA,39,1P,D. Isso,M. Hansen,,IF BROMMAPOJKARNA,Normal Goal,1494143.0
22/04/2026,Allsvenskan Suecia 1a,2026,ORGRYTE IS,IF BROMMAPOJKARNA,67,2P,C. Styffe,T. Sana,,ORGRYTE IS,Normal Goal,1494143.0
22/04/2026,Allsvenskan Suecia 1a,2026,ORGRYTE IS,IF BROMMAPOJKARNA,72,2P,L. Bjorklund,R. Orqvist,,IF BROMMAPOJKARNA,Normal Goal,1494143.0
22/04/2026,Allsvenskan Suecia 1a,2026,VASTERAS SK FK,BK HACKEN,4,1P,M. Ladefoged,I. Lushaku,,VASTERAS SK FK,Normal Goal,1494144.0
22/04/2026,Allsvenskan Suecia 1a,2026,VASTERAS SK FK,BK HACKEN,12,1P,J. Agbonifo,A. Svanback,,BK HACKEN,Normal Goal,1494144.0
22/04/2026,Allsvenskan Suecia 1a,2026,VASTERAS SK FK,BK HACKEN,45,1P,M. Ladefoged,A. Boudah,,VASTERAS SK FK,Normal Goal,1494144.0
22/04/2026,Allsvenskan Suecia 1a,2026,VASTERAS SK FK,BK HACKEN,58,2P,M. Ladefoged,J. Ring,,VASTERAS SK FK,Normal Goal,1494144.0
22/04/2026,Allsvenskan Suecia 1a,2026,VASTERAS SK FK,BK HACKEN,64,2P,A. Svanback,M. Rygaard,,BK HACKEN,Normal Goal,1494144.0
22/04/2026,Allsvenskan Suecia 1a,2026,VASTERAS SK FK,BK HACKEN,83,2P,F. Helander,A. Layouni,,BK HACKEN,Normal Goal,1494144.0
23/04/2026,Allsvenskan Suecia 1a,2026,KALMAR FF,IFK GOTEBORG,29,1P,C. Rosenqvist,R. Jansson,,KALMAR FF,Normal Goal,1494141.0
23/04/2026,Allsvenskan Suecia 1a,2026,KALMAR FF,IFK GOTEBORG,45,1P,T. Heintz,A. Bergmark-Wiberg,,IFK GOTEBORG,Normal Goal,1494141.0
23/04/2026,Allsvenskan Suecia 1a,2026,MALMO FF,SIRIUS,13,1P,M. Soumah,,,SIRIUS,Normal Goal,1494142.0
23/04/2026,Allsvenskan Suecia 1a,2026,MALMO FF,SIRIUS,55,2P,S. Haksabanovic,,,MALMO FF,Normal Goal,1494142.0
23/04/2026,Allsvenskan Suecia 1a,2026,MALMO FF,SIRIUS,60,2P,I. Bjerkebo,M. Lindberg,,SIRIUS,Normal Goal,1494142.0
23/04/2026,Allsvenskan Suecia 1a,2026,MALMO FF,SIRIUS,65,2P,R. Ure,N. Jonsson,,SIRIUS,Normal Goal,1494142.0
23/04/2026,Allsvenskan Suecia 1a,2026,MALMO FF,SIRIUS,77,2P,A. Skogmar,J. Stryger,,MALMO FF,Normal Goal,1494142.0
23/04/2026,Allsvenskan Suecia 1a,2026,DEGERFORS IF,AIK STOCKHOLM,15,1P,S. Wilson,,,DEGERFORS IF,Own Goal,1494137.0
23/04/2026,Allsvenskan Suecia 1a,2026,DEGERFORS IF,AIK STOCKHOLM,45,1P,J. Hove,E. Flataker,,AIK STOCKHOLM,Normal Goal,1494137.0
23/04/2026,Allsvenskan Suecia 1a,2026,DEGERFORS IF,AIK STOCKHOLM,85,2P,A. Taranis,D. Vukojevic,,DEGERFORS IF,Normal Goal,1494137.0
26/04/2026,Allsvenskan Suecia 1a,2026,DJURGARDENS IF,HAMMARBY FF,9,1P,K. Lien,H. Finndell,,DJURGARDENS IF,Normal Goal,1494147.0
26/04/2026,Allsvenskan Suecia 1a,2026,DJURGARDENS IF,HAMMARBY FF,64,2P,N. Besara,O. Johansson,,HAMMARBY FF,Normal Goal,1494147.0
26/04/2026,Allsvenskan Suecia 1a,2026,IFK GOTEBORG,GAIS,25,1P,R. Yeboah,D. Kruse,,IFK GOTEBORG,Normal Goal,1494148.0
26/04/2026,Allsvenskan Suecia 1a,2026,IFK GOTEBORG,GAIS,63,2P,M. Andersson,,,GAIS,Normal Goal,1494148.0
26/04/2026,Allsvenskan Suecia 1a,2026,IFK GOTEBORG,GAIS,69,2P,W. Milovanovic,J. Fagerjord,,GAIS,Normal Goal,1494148.0
26/04/2026,Allsvenskan Suecia 1a,2026,IFK GOTEBORG,GAIS,72,2P,D. Kruse,A. Bergmark-Wiberg,,IFK GOTEBORG,Normal Goal,1494148.0
26/04/2026,Allsvenskan Suecia 1a,2026,IF BROMMAPOJKARNA,VASTERAS SK FK,3,1P,P. Bonde,I. Lushaku,,VASTERAS SK FK,Normal Goal,1494146.0
26/04/2026,Allsvenskan Suecia 1a,2026,IF BROMMAPOJKARNA,VASTERAS SK FK,7,1P,O. Berg,,,IF BROMMAPOJKARNA,Normal Goal,1494146.0
26/04/2026,Allsvenskan Suecia 1a,2026,IF BROMMAPOJKARNA,VASTERAS SK FK,58,2P,P. Bonde,I. Lushaku,,VASTERAS SK FK,Normal Goal,1494146.0
26/04/2026,Allsvenskan Suecia 1a,2026,IF BROMMAPOJKARNA,VASTERAS SK FK,76,2P,Oliver Berg,,,IF BROMMAPOJKARNA,Missed Penalty,1494146.0
27/04/2026,Allsvenskan Suecia 1a,2026,BK HACKEN,SIRIUS,25,1P,M. Rygaard,A. Svanback,,BK HACKEN,Normal Goal,1494149.0
27/04/2026,Allsvenskan Suecia 1a,2026,BK HACKEN,SIRIUS,37,1P,G. Lindgren,B. Wembangomo,,BK HACKEN,Normal Goal,1494149.0
27/04/2026,Allsvenskan Suecia 1a,2026,BK HACKEN,SIRIUS,40,1P,R. Ure,,,SIRIUS,Normal Goal,1494149.0
27/04/2026,Allsvenskan Suecia 1a,2026,BK HACKEN,SIRIUS,86,2P,M. Soumah,N. Jonsson,,SIRIUS,Normal Goal,1494149.0
27/04/2026,Allsvenskan Suecia 1a,2026,KALMAR FF,IF ELFSBORG,5,1P,F. Ihler,T. Silverholt,,IF ELFSBORG,Normal Goal,1494150.0
27/04/2026,Allsvenskan Suecia 1a,2026,KALMAR FF,IF ELFSBORG,13,1P,C. Rosenqvist,C. Sagoe Jr,,KALMAR FF,Normal Goal,1494150.0
27/04/2026,Allsvenskan Suecia 1a,2026,KALMAR FF,IF ELFSBORG,57,2P,A. Olusanya,C. Sagoe Jr,,KALMAR FF,Normal Goal,1494150.0
27/04/2026,Allsvenskan Suecia 1a,2026,AIK STOCKHOLM,MALMO FF,25,1P,E. Botheim,S. Haksabanovic,,MALMO FF,Normal Goal,1494145.0
27/04/2026,Allsvenskan Suecia 1a,2026,ORGRYTE IS,DEGERFORS IF,68,2P,G. Yiriyon,N. Girmai,,DEGERFORS IF,Normal Goal,1494152.0
27/04/2026,Allsvenskan Suecia 1a,2026,ORGRYTE IS,DEGERFORS IF,85,2P,T. Sana,,,ORGRYTE IS,Penalty,1494152.0
27/04/2026,Allsvenskan Suecia 1a,2026,MJALLBY AIF,HALMSTAD,56,2P,J. Bergstrom,,,MJALLBY AIF,Normal Goal,1494151.0
27/04/2026,Allsvenskan Suecia 1a,2026,MJALLBY AIF,HALMSTAD,84,2P,V. Granath,O. Lindberg,,MJALLBY AIF,Normal Goal,1494151.0
02/05/2026,Allsvenskan Suecia 1a,2026,SIRIUS,KALMAR FF,38,1P,C. Rosenqvist,C. Sagoe Jr,,KALMAR FF,Normal Goal,1494160.0
02/05/2026,Allsvenskan Suecia 1a,2026,SIRIUS,KALMAR FF,45,1P,R. Jansson,C. Sagoe Jr,,KALMAR FF,Normal Goal,1494160.0
02/05/2026,Allsvenskan Suecia 1a,2026,SIRIUS,KALMAR FF,64,2P,V. Svensson,M. Lindberg,,SIRIUS,Normal Goal,1494160.0
02/05/2026,Allsvenskan Suecia 1a,2026,SIRIUS,KALMAR FF,74,2P,I. Bjerkebo,,,SIRIUS,Penalty,1494160.0
02/05/2026,Allsvenskan Suecia 1a,2026,SIRIUS,KALMAR FF,90,2P,O. Adindu,J. Persson,,SIRIUS,Normal Goal,1494160.0
02/05/2026,Allsvenskan Suecia 1a,2026,DEGERFORS IF,BK HACKEN,19,1P,S. Andersen,,,BK HACKEN,Penalty,1494153.0
02/05/2026,Allsvenskan Suecia 1a,2026,DEGERFORS IF,BK HACKEN,71,2P,A. Taranis,D. Sundgren,,DEGERFORS IF,Normal Goal,1494153.0
03/05/2026,Allsvenskan Suecia 1a,2026,HAMMARBY FF,VASTERAS SK FK,67,2P,V. Lind,H. Skoglund,,HAMMARBY FF,Normal Goal,1494158.0
03/05/2026,Allsvenskan Suecia 1a,2026,HAMMARBY FF,VASTERAS SK FK,73,2P,P. Abraham,I. Fofana,,HAMMARBY FF,Normal Goal,1494158.0
03/05/2026,Allsvenskan Suecia 1a,2026,HAMMARBY FF,VASTERAS SK FK,86,2P,M. Madjed,N. Persson,,HAMMARBY FF,Normal Goal,1494158.0
03/05/2026,Allsvenskan Suecia 1a,2026,MALMO FF,MJALLBY AIF,2,1P,J. Bergstrom,V. Granath,,MJALLBY AIF,Normal Goal,1494159.0
03/05/2026,Allsvenskan Suecia 1a,2026,MALMO FF,MJALLBY AIF,49,2P,E. Stroud,A. Manneh,,MJALLBY AIF,Normal Goal,1494159.0
03/05/2026,Allsvenskan Suecia 1a,2026,MALMO FF,MJALLBY AIF,57,2P,T. Ali,S. Haksabanovic,,MALMO FF,Normal Goal,1494159.0
03/05/2026,Allsvenskan Suecia 1a,2026,MALMO FF,MJALLBY AIF,70,2P,J. Bergstrom,J. Kjaer,,MJALLBY AIF,Normal Goal,1494159.0
03/05/2026,Allsvenskan Suecia 1a,2026,MALMO FF,MJALLBY AIF,81,2P,S. Haksabanovic,T. Ali,,MALMO FF,Normal Goal,1494159.0
03/05/2026,Allsvenskan Suecia 1a,2026,IF ELFSBORG,AIK STOCKHOLM,8,1P,A. Sigurpalsson,F. Ihler,,IF ELFSBORG,Normal Goal,1494155.0
03/05/2026,Allsvenskan Suecia 1a,2026,IF ELFSBORG,AIK STOCKHOLM,9,1P,Z. Yohanna,B. Celina,,AIK STOCKHOLM,Normal Goal,1494155.0
03/05/2026,Allsvenskan Suecia 1a,2026,GAIS,ORGRYTE IS,33,1P,M. Andersson,W. Milovanovic,,GAIS,Normal Goal,1494156.0
03/05/2026,Allsvenskan Suecia 1a,2026,GAIS,ORGRYTE IS,46,2P,S. Salter,M. Andersson,,GAIS,Normal Goal,1494156.0
03/05/2026,Allsvenskan Suecia 1a,2026,GAIS,ORGRYTE IS,52,2P,J. Fagerjord,,,GAIS,Penalty,1494156.0
03/05/2026,Allsvenskan Suecia 1a,2026,GAIS,ORGRYTE IS,90,2P,O. Pettersson,W. Milovanovic,,GAIS,Normal Goal,1494156.0
04/05/2026,Allsvenskan Suecia 1a,2026,DJURGARDENS IF,IFK GOTEBORG,15,1P,J. Okkels,B. Hegland,,DJURGARDENS IF,Normal Goal,1494154.0
04/05/2026,Allsvenskan Suecia 1a,2026,DJURGARDENS IF,IFK GOTEBORG,31,1P,P. Aslund,,,DJURGARDENS IF,Normal Goal,1494154.0
04/05/2026,Allsvenskan Suecia 1a,2026,DJURGARDENS IF,IFK GOTEBORG,34,1P,K. Lien,P. Johansson,,DJURGARDENS IF,Normal Goal,1494154.0
04/05/2026,Allsvenskan Suecia 1a,2026,DJURGARDENS IF,IFK GOTEBORG,62,2P,P. Aslund,B. Hegland,,DJURGARDENS IF,Normal Goal,1494154.0
04/05/2026,Allsvenskan Suecia 1a,2026,DJURGARDENS IF,IFK GOTEBORG,81,2P,J. Asoro,M. Anderson,,DJURGARDENS IF,Normal Goal,1494154.0
04/05/2026,Allsvenskan Suecia 1a,2026,DJURGARDENS IF,IFK GOTEBORG,90,2P,J. Asoro,B. Hegland,,DJURGARDENS IF,Normal Goal,1494154.0
04/05/2026,Allsvenskan Suecia 1a,2026,HALMSTAD,IF BROMMAPOJKARNA,59,2P,S. Oppong,D. Isso,,IF BROMMAPOJKARNA,Normal Goal,1494157.0
04/05/2026,Allsvenskan Suecia 1a,2026,HALMSTAD,IF BROMMAPOJKARNA,69,2P,K. Barslund,M. Hansen,,IF BROMMAPOJKARNA,Normal Goal,1494157.0
04/05/2026,Allsvenskan Suecia 1a,2026,HALMSTAD,IF BROMMAPOJKARNA,82,2P,M. Hansen,O. Berg,,IF BROMMAPOJKARNA,Normal Goal,1494157.0
04/05/2026,Allsvenskan Suecia 1a,2026,HALMSTAD,IF BROMMAPOJKARNA,90,2P,L. Cavallius,,,HALMSTAD,Own Goal,1494157.0
08/05/2026,Allsvenskan Suecia 1a,2026,IF ELFSBORG,IF BROMMAPOJKARNA,72,2P,L. Ostman,J. Magnusson,,IF ELFSBORG,Normal Goal,1494163.0
08/05/2026,Allsvenskan Suecia 1a,2026,IF ELFSBORG,IF BROMMAPOJKARNA,90,2P,L. Ostman,A. Zeneli,,IF ELFSBORG,Normal Goal,1494163.0
09/05/2026,Allsvenskan Suecia 1a,2026,IFK GOTEBORG,HAMMARBY FF,90,2P,V. Eriksson,O. Johansson,,HAMMARBY FF,Normal Goal,1494164.0
09/05/2026,Allsvenskan Suecia 1a,2026,DEGERFORS IF,MJALLBY AIF,4,1P,J. Kjaer,L. Thorell,,MJALLBY AIF,Normal Goal,1494162.0
09/05/2026,Allsvenskan Suecia 1a,2026,DEGERFORS IF,MJALLBY AIF,30,1P,T. Pettersson,A. Iqbal,,MJALLBY AIF,Normal Goal,1494162.0
09/05/2026,Allsvenskan Suecia 1a,2026,DEGERFORS IF,MJALLBY AIF,37,1P,A. Manneh,T. Miettinen,,MJALLBY AIF,Normal Goal,1494162.0
09/05/2026,Allsvenskan Suecia 1a,2026,DEGERFORS IF,MJALLBY AIF,51,2P,N. Moro,D. Sundgren,,DEGERFORS IF,Normal Goal,1494162.0
09/05/2026,Allsvenskan Suecia 1a,2026,DEGERFORS IF,MJALLBY AIF,84,2P,E. Stroud,J. Gustavsson,,MJALLBY AIF,Normal Goal,1494162.0
09/05/2026,Allsvenskan Suecia 1a,2026,VASTERAS SK FK,GAIS,56,2P,R. Thorkelsson,R. Niklasson,,GAIS,Normal Goal,1494168.0
10/05/2026,Allsvenskan Suecia 1a,2026,KALMAR FF,HALMSTAD,52,2P,C. Sagoe Jr,C. Rosenqvist,,KALMAR FF,Normal Goal,1494166.0
10/05/2026,Allsvenskan Suecia 1a,2026,KALMAR FF,HALMSTAD,60,2P,A. Olusanya,M. Soderback,,KALMAR FF,Normal Goal,1494166.0
10/05/2026,Allsvenskan Suecia 1a,2026,AIK STOCKHOLM,DJURGARDENS IF,10,1P,H. Finndell,,,DJURGARDENS IF,Normal Goal,1494161.0
10/05/2026,Allsvenskan Suecia 1a,2026,AIK STOCKHOLM,DJURGARDENS IF,16,1P,M. Tenho,B. Hegland,,DJURGARDENS IF,Normal Goal,1494161.0
10/05/2026,Allsvenskan Suecia 1a,2026,AIK STOCKHOLM,DJURGARDENS IF,22,1P,K. Filling,Z. Yohanna,,AIK STOCKHOLM,Normal Goal,1494161.0
10/05/2026,Allsvenskan Suecia 1a,2026,AIK STOCKHOLM,DJURGARDENS IF,45,1P,M. Marques,B. Hegland,,DJURGARDENS IF,Normal Goal,1494161.0
10/05/2026,Allsvenskan Suecia 1a,2026,AIK STOCKHOLM,DJURGARDENS IF,64,2P,D. Besirovic,A. Csongvai,,AIK STOCKHOLM,Normal Goal,1494161.0
10/05/2026,Allsvenskan Suecia 1a,2026,AIK STOCKHOLM,DJURGARDENS IF,86,2P,B. Hegland,K. Lien,,DJURGARDENS IF,Normal Goal,1494161.0
10/05/2026,Allsvenskan Suecia 1a,2026,BK HACKEN,MALMO FF,4,1P,G. Lindgren,A. Svanback,,BK HACKEN,Normal Goal,1494165.0
10/05/2026,Allsvenskan Suecia 1a,2026,BK HACKEN,MALMO FF,20,1P,J. Stryger,,,BK HACKEN,Own Goal,1494165.0
10/05/2026,Allsvenskan Suecia 1a,2026,BK HACKEN,MALMO FF,24,1P,Busanello,O. Rosengren,,MALMO FF,Normal Goal,1494165.0
10/05/2026,Allsvenskan Suecia 1a,2026,BK HACKEN,MALMO FF,37,1P,G. Lindgren,A. Lundkvist,,BK HACKEN,Normal Goal,1494165.0
10/05/2026,Allsvenskan Suecia 1a,2026,BK HACKEN,MALMO FF,39,1P,E. Botheim,S. Haksabanovic,,MALMO FF,Normal Goal,1494165.0
11/05/2026,Allsvenskan Suecia 1a,2026,SIRIUS,ORGRYTE IS,39,1P,I. Bjerkebo,,,SIRIUS,Normal Goal,1494167.0
11/05/2026,Allsvenskan Suecia 1a,2026,SIRIUS,ORGRYTE IS,73,2P,I. Bjerkebo,J. Persson,,SIRIUS,Normal Goal,1494167.0
16/05/2026,Allsvenskan Suecia 1a,2026,HALMSTAD,IF ELFSBORG,24,1P,H. Carneil,A. Boman,,HALMSTAD,Normal Goal,1494172.0
16/05/2026,Allsvenskan Suecia 1a,2026,HALMSTAD,IF ELFSBORG,81,2P,A. Zeneli,M. Kamara,,IF ELFSBORG,Normal Goal,1494172.0
16/05/2026,Allsvenskan Suecia 1a,2026,GAIS,DEGERFORS IF,13,1P,W. Milovanovic,M. de Brienne,,GAIS,Normal Goal,1494171.0
16/05/2026,Allsvenskan Suecia 1a,2026,GAIS,DEGERFORS IF,82,2P,E. Lindell,E. Barsoum,,DEGERFORS IF,Normal Goal,1494171.0
17/05/2026,Allsvenskan Suecia 1a,2026,HAMMARBY FF,MALMO FF,13,1P,N. Besara,,,HAMMARBY FF,Penalty,1494173.0
17/05/2026,Allsvenskan Suecia 1a,2026,HAMMARBY FF,MALMO FF,29,1P,N. Besara,P. Abraham,,HAMMARBY FF,Normal Goal,1494173.0
17/05/2026,Allsvenskan Suecia 1a,2026,HAMMARBY FF,MALMO FF,38,1P,K. Busuladzic,E. Botheim,,MALMO FF,Normal Goal,1494173.0
17/05/2026,Allsvenskan Suecia 1a,2026,HAMMARBY FF,MALMO FF,44,1P,N. Besara,,,HAMMARBY FF,Normal Goal,1494173.0
17/05/2026,Allsvenskan Suecia 1a,2026,HAMMARBY FF,MALMO FF,73,2P,V. Lind,N. Besara,,HAMMARBY FF,Normal Goal,1494173.0
17/05/2026,Allsvenskan Suecia 1a,2026,IF BROMMAPOJKARNA,KALMAR FF,25,1P,S. Oppong,O. Berg,,IF BROMMAPOJKARNA,Normal Goal,1494169.0
17/05/2026,Allsvenskan Suecia 1a,2026,MJALLBY AIF,BK HACKEN,75,2P,J. Lindberg,J. Agbonifo,,BK HACKEN,Normal Goal,1494174.0
17/05/2026,Allsvenskan Suecia 1a,2026,VASTERAS SK FK,AIK STOCKHOLM,45,1P,M. Baggesen,K. Gunnarsson,,VASTERAS SK FK,Normal Goal,1494176.0
17/05/2026,Allsvenskan Suecia 1a,2026,VASTERAS SK FK,AIK STOCKHOLM,45,1P,A. Csongvai,,,AIK STOCKHOLM,Normal Goal,1494176.0
18/05/2026,Allsvenskan Suecia 1a,2026,DJURGARDENS IF,SIRIUS,13,1P,M. Anderson,B. Hegland,,DJURGARDENS IF,Normal Goal,1494170.0
18/05/2026,Allsvenskan Suecia 1a,2026,DJURGARDENS IF,SIRIUS,38,1P,M. Lindberg,M. Heier,,SIRIUS,Normal Goal,1494170.0
18/05/2026,Allsvenskan Suecia 1a,2026,DJURGARDENS IF,SIRIUS,43,1P,R. Ure,I. Bjerkebo,,SIRIUS,Normal Goal,1494170.0
18/05/2026,Allsvenskan Suecia 1a,2026,DJURGARDENS IF,SIRIUS,51,2P,T. Anker,,,DJURGARDENS IF,Own Goal,1494170.0
18/05/2026,Allsvenskan Suecia 1a,2026,DJURGARDENS IF,SIRIUS,57,2P,N. Jonsson,R. Ure,,SIRIUS,Normal Goal,1494170.0
19/05/2026,Allsvenskan Suecia 1a,2026,ORGRYTE IS,IFK GOTEBORG,21,1P,A. Erlingmark,S. Clemmensen,,IFK GOTEBORG,Normal Goal,1494175.0
19/05/2026,Allsvenskan Suecia 1a,2026,ORGRYTE IS,IFK GOTEBORG,28,1P,B. Brantlind,S. Clemmensen,,IFK GOTEBORG,Normal Goal,1494175.0
19/05/2026,Allsvenskan Suecia 1a,2026,ORGRYTE IS,IFK GOTEBORG,37,1P,W. Hofvander,T. Sana,,ORGRYTE IS,Normal Goal,1494175.0
19/05/2026,Allsvenskan Suecia 1a,2026,ORGRYTE IS,IFK GOTEBORG,87,2P,D. Paulson,T. Sana,,ORGRYTE IS,Normal Goal,1494175.0
19/05/2026,Allsvenskan Suecia 1a,2026,ORGRYTE IS,IFK GOTEBORG,90,2P,F. Eriksson,M. Fenger,,IFK GOTEBORG,Normal Goal,1494175.0
20/05/2026,Allsvenskan Suecia 1a,2026,GAIS,HAMMARBY FF,26,1P,R. Niklasson,,,GAIS,Normal Goal,1494229.0
20/05/2026,Allsvenskan Suecia 1a,2026,GAIS,HAMMARBY FF,81,2P,S. Salter,,,GAIS,Normal Goal,1494229.0
21/05/2026,Allsvenskan Suecia 1a,2026,IF ELFSBORG,MJALLBY AIF,7,1P,L. Ostman,S. Hedlund,,IF ELFSBORG,Normal Goal,1494228.0
21/05/2026,Allsvenskan Suecia 1a,2026,IF ELFSBORG,MJALLBY AIF,49,2P,J. Kjaer,L. Thorell,,MJALLBY AIF,Normal Goal,1494228.0
22/05/2026,Allsvenskan Suecia 1a,2026,DJURGARDENS IF,IF BROMMAPOJKARNA,24,1P,M. Hansen,O. Berg,,IF BROMMAPOJKARNA,Normal Goal,1494177.0
22/05/2026,Allsvenskan Suecia 1a,2026,DJURGARDENS IF,IF BROMMAPOJKARNA,28,1P,M. Anderson,A. Stahl,,DJURGARDENS IF,Normal Goal,1494177.0
22/05/2026,Allsvenskan Suecia 1a,2026,DJURGARDENS IF,IF BROMMAPOJKARNA,63,2P,S. Strand,,,IF BROMMAPOJKARNA,Normal Goal,1494177.0
23/05/2026,Allsvenskan Suecia 1a,2026,KALMAR FF,DEGERFORS IF,43,1P,R. Jansson,C. Sagoe Jr,,KALMAR FF,Normal Goal,1494182.0
23/05/2026,Allsvenskan Suecia 1a,2026,KALMAR FF,DEGERFORS IF,67,2P,C. Rosenqvist,R. Jansson,,KALMAR FF,Normal Goal,1494182.0
23/05/2026,Allsvenskan Suecia 1a,2026,KALMAR FF,DEGERFORS IF,90,2P,J. Pikkarainen,D. Sundgren,,DEGERFORS IF,Normal Goal,1494182.0
23/05/2026,Allsvenskan Suecia 1a,2026,HALMSTAD,ORGRYTE IS,32,1P,R. Ascone,,,HALMSTAD,Normal Goal,1494180.0
23/05/2026,Allsvenskan Suecia 1a,2026,HALMSTAD,ORGRYTE IS,54,2P,L. Arvidsson,H. Carneil,,HALMSTAD,Normal Goal,1494180.0
24/05/2026,Allsvenskan Suecia 1a,2026,HAMMARBY FF,AIK STOCKHOLM,48,2P,I. Fofana,,,HAMMARBY FF,Normal Goal,1494181.0
24/05/2026,Allsvenskan Suecia 1a,2026,HAMMARBY FF,AIK STOCKHOLM,58,2P,J. Hove,,,AIK STOCKHOLM,Normal Goal,1494181.0
24/05/2026,Allsvenskan Suecia 1a,2026,HAMMARBY FF,AIK STOCKHOLM,84,2P,B. Celina,S. Wilson,,AIK STOCKHOLM,Normal Goal,1494181.0
24/05/2026,Allsvenskan Suecia 1a,2026,SIRIUS,GAIS,6,1P,I. Bjerkebo,,,SIRIUS,Normal Goal,1494184.0
24/05/2026,Allsvenskan Suecia 1a,2026,SIRIUS,GAIS,16,1P,R. Niklasson,S. Salter,,GAIS,Normal Goal,1494184.0
24/05/2026,Allsvenskan Suecia 1a,2026,SIRIUS,GAIS,44,1P,V. Ekstrom,V. Svensson,,SIRIUS,Normal Goal,1494184.0
24/05/2026,Allsvenskan Suecia 1a,2026,MALMO FF,VASTERAS SK FK,15,1P,A. Skogmar,T. Lundbergh,,MALMO FF,Normal Goal,1494183.0
24/05/2026,Allsvenskan Suecia 1a,2026,MALMO FF,VASTERAS SK FK,36,1P,J. Magnusson,S. Gefvert,,VASTERAS SK FK,Normal Goal,1494183.0
24/05/2026,Allsvenskan Suecia 1a,2026,MALMO FF,VASTERAS SK FK,45,1P,H. Magnusson,,,VASTERAS SK FK,Normal Goal,1494183.0
24/05/2026,Allsvenskan Suecia 1a,2026,MALMO FF,VASTERAS SK FK,74,2P,E. Botheim,D. T. Gudjohnsen,,MALMO FF,Normal Goal,1494183.0
24/05/2026,Allsvenskan Suecia 1a,2026,MALMO FF,VASTERAS SK FK,90,2P,M. Ladefoged,S. Gefvert,,VASTERAS SK FK,Normal Goal,1494183.0
25/05/2026,Allsvenskan Suecia 1a,2026,IFK GOTEBORG,MJALLBY AIF,51,2P,S. Clemmensen,,,IFK GOTEBORG,Normal Goal,1494179.0
25/05/2026,Allsvenskan Suecia 1a,2026,IFK GOTEBORG,MJALLBY AIF,58,2P,J. Bergstrom,,,MJALLBY AIF,Penalty,1494179.0
25/05/2026,Allsvenskan Suecia 1a,2026,IF ELFSBORG,BK HACKEN,42,1P,S. Andersen,A. Layouni,,BK HACKEN,Normal Goal,1494178.0
25/05/2026,Allsvenskan Suecia 1a,2026,IF ELFSBORG,BK HACKEN,67,2P,L. Ostman,,,IF ELFSBORG,Normal Goal,1494178.0
29/05/2026,Allsvenskan Suecia 1a,2026,ORGRYTE IS,IF ELFSBORG,37,1P,A. Zeneli,,,IF ELFSBORG,Penalty,1494191.0
29/05/2026,Allsvenskan Suecia 1a,2026,ORGRYTE IS,IF ELFSBORG,67,2P,A. Zeneli,J. Beck,,IF ELFSBORG,Normal Goal,1494191.0
29/05/2026,Allsvenskan Suecia 1a,2026,ORGRYTE IS,IF ELFSBORG,70,2P,N. Christoffersson,C. Styffe,,ORGRYTE IS,Normal Goal,1494191.0
29/05/2026,Allsvenskan Suecia 1a,2026,ORGRYTE IS,IF ELFSBORG,77,2P,N. Christoffersson,W. Hofvander,,ORGRYTE IS,Normal Goal,1494191.0
30/05/2026,Allsvenskan Suecia 1a,2026,MALMO FF,HALMSTAD,4,1P,A. Skogmar,,,MALMO FF,Normal Goal,1494189.0
30/05/2026,Allsvenskan Suecia 1a,2026,MALMO FF,HALMSTAD,7,1P,O. Faraj,R. Kaib,,HALMSTAD,Normal Goal,1494189.0
30/05/2026,Allsvenskan Suecia 1a,2026,MALMO FF,HALMSTAD,26,1P,O. Faraj,M. Illary,,HALMSTAD,Normal Goal,1494189.0
30/05/2026,Allsvenskan Suecia 1a,2026,MALMO FF,HALMSTAD,30,1P,K. Busuladzic,,,MALMO FF,Normal Goal,1494189.0
30/05/2026,Allsvenskan Suecia 1a,2026,MALMO FF,HALMSTAD,60,2P,E. Botheim,S. Haksabanovic,,MALMO FF,Normal Goal,1494189.0
30/05/2026,Allsvenskan Suecia 1a,2026,MALMO FF,HALMSTAD,62,2P,E. Botheim,K. Busuladzic,,MALMO FF,Normal Goal,1494189.0
30/05/2026,Allsvenskan Suecia 1a,2026,MALMO FF,HALMSTAD,68,2P,E. Botheim,,,MALMO FF,Normal Goal,1494189.0
30/05/2026,Allsvenskan Suecia 1a,2026,AIK STOCKHOLM,SIRIUS,19,1P,R. Ure,V. Svensson,,SIRIUS,Normal Goal,1494185.0
30/05/2026,Allsvenskan Suecia 1a,2026,AIK STOCKHOLM,SIRIUS,37,1P,R. Ure,O. Krusnell,,SIRIUS,Normal Goal,1494185.0
30/05/2026,Allsvenskan Suecia 1a,2026,AIK STOCKHOLM,SIRIUS,90,2P,H. Castegren,,,SIRIUS,Normal Goal,1494185.0
30/05/2026,Allsvenskan Suecia 1a,2026,GAIS,KALMAR FF,6,1P,S. Salter,W. Milovanovic,,GAIS,Normal Goal,1494187.0
30/05/2026,Allsvenskan Suecia 1a,2026,GAIS,KALMAR FF,81,2P,M. Hallberg,,,GAIS,Own Goal,1494187.0
30/05/2026,Allsvenskan Suecia 1a,2026,GAIS,KALMAR FF,84,2P,A. Cardaklija,J. Lindberg,,GAIS,Normal Goal,1494187.0
31/05/2026,Allsvenskan Suecia 1a,2026,BK HACKEN,HAMMARBY FF,9,1P,V. Lind,P. Abraham,,HAMMARBY FF,Normal Goal,1494188.0
31/05/2026,Allsvenskan Suecia 1a,2026,BK HACKEN,HAMMARBY FF,39,1P,V. Lind,,,HAMMARBY FF,Normal Goal,1494188.0
31/05/2026,Allsvenskan Suecia 1a,2026,BK HACKEN,HAMMARBY FF,47,2P,A. Layouni,,,BK HACKEN,Penalty,1494188.0
31/05/2026,Allsvenskan Suecia 1a,2026,BK HACKEN,HAMMARBY FF,55,2P,S. Andersen,A. Lundkvist,,BK HACKEN,Normal Goal,1494188.0
31/05/2026,Allsvenskan Suecia 1a,2026,BK HACKEN,HAMMARBY FF,79,2P,A. Svanback,J. Lindberg,,BK HACKEN,Normal Goal,1494188.0
31/05/2026,Allsvenskan Suecia 1a,2026,DEGERFORS IF,IF BROMMAPOJKARNA,2,1P,M. Hansen,S. Oppong,,IF BROMMAPOJKARNA,Normal Goal,1494186.0
31/05/2026,Allsvenskan Suecia 1a,2026,DEGERFORS IF,IF BROMMAPOJKARNA,51,2P,S. Strand,O. Berg,,IF BROMMAPOJKARNA,Normal Goal,1494186.0
31/05/2026,Allsvenskan Suecia 1a,2026,DEGERFORS IF,IF BROMMAPOJKARNA,55,2P,S. Strand,,,DEGERFORS IF,Own Goal,1494186.0
31/05/2026,Allsvenskan Suecia 1a,2026,DEGERFORS IF,IF BROMMAPOJKARNA,63,2P,M. Rafferty,,,DEGERFORS IF,Normal Goal,1494186.0
31/05/2026,Allsvenskan Suecia 1a,2026,VASTERAS SK FK,IFK GOTEBORG,1,1P,T. Heintz,N. Tolf,,IFK GOTEBORG,Normal Goal,1494192.0
31/05/2026,Allsvenskan Suecia 1a,2026,VASTERAS SK FK,IFK GOTEBORG,8,1P,T. Heintz,S. Clemmensen,,IFK GOTEBORG,Normal Goal,1494192.0
31/05/2026,Allsvenskan Suecia 1a,2026,VASTERAS SK FK,IFK GOTEBORG,9,1P,A. Bergmark-Wiberg,R. Yeboah,,IFK GOTEBORG,Normal Goal,1494192.0
31/05/2026,Allsvenskan Suecia 1a,2026,VASTERAS SK FK,IFK GOTEBORG,27,1P,K. Gunnarsson,S. Gefvert,,VASTERAS SK FK,Normal Goal,1494192.0
31/05/2026,Allsvenskan Suecia 1a,2026,VASTERAS SK FK,IFK GOTEBORG,30,1P,M. Ladefoged,M. Baggesen,,VASTERAS SK FK,Normal Goal,1494192.0
31/05/2026,Allsvenskan Suecia 1a,2026,VASTERAS SK FK,IFK GOTEBORG,37,1P,T. Heintz,A. Bergmark-Wiberg,,IFK GOTEBORG,Normal Goal,1494192.0
31/05/2026,Allsvenskan Suecia 1a,2026,VASTERAS SK FK,IFK GOTEBORG,53,2P,T. Axel,K. Gunnarsson,,VASTERAS SK FK,Normal Goal,1494192.0
31/05/2026,Allsvenskan Suecia 1a,2026,VASTERAS SK FK,IFK GOTEBORG,66,2P,T. Axel,J. Magnusson,,VASTERAS SK FK,Normal Goal,1494192.0
31/05/2026,Allsvenskan Suecia 1a,2026,VASTERAS SK FK,IFK GOTEBORG,79,2P,T. Heintz,,,IFK GOTEBORG,Normal Goal,1494192.0
03/07/2026,Allsvenskan Suecia 1a,2026,SIRIUS,MJALLBY AIF,14,1P,R. Ure,M. Lindberg,,SIRIUS,Normal Goal,1494200.0
03/07/2026,Allsvenskan Suecia 1a,2026,SIRIUS,MJALLBY AIF,46,2P,R. Ure,I. Bjerkebo,,SIRIUS,Normal Goal,1494200.0
03/07/2026,Allsvenskan Suecia 1a,2026,SIRIUS,MJALLBY AIF,50,2P,R. Ure,O. Adindu,,SIRIUS,Normal Goal,1494200.0
03/07/2026,Allsvenskan Suecia 1a,2026,SIRIUS,MJALLBY AIF,56,2P,A. Samuelsen,A. Manneh,,MJALLBY AIF,Normal Goal,1494200.0
03/07/2026,Allsvenskan Suecia 1a,2026,SIRIUS,MJALLBY AIF,65,2P,A. Samuelsen,M. Nielsen,,MJALLBY AIF,Normal Goal,1494200.0
03/07/2026,Allsvenskan Suecia 1a,2026,SIRIUS,MJALLBY AIF,69,2P,R. Ure,O. Adindu,,SIRIUS,Normal Goal,1494200.0
03/07/2026,Allsvenskan Suecia 1a,2026,SIRIUS,MJALLBY AIF,81,2P,L. Svanberg,,,MJALLBY AIF,Normal Goal,1494200.0
03/07/2026,Allsvenskan Suecia 1a,2026,SIRIUS,MJALLBY AIF,90,2P,T. Pettersson,T. Miettinen,,MJALLBY AIF,Normal Goal,1494200.0
04/07/2026,Allsvenskan Suecia 1a,2026,HALMSTAD,VASTERAS SK FK,1,1P,H. Carneil,J. Allansson,,HALMSTAD,Normal Goal,1494198.0
04/07/2026,Allsvenskan Suecia 1a,2026,HALMSTAD,VASTERAS SK FK,4,1P,M. Ladefoged,I. Lushaku,,VASTERAS SK FK,Normal Goal,1494198.0
04/07/2026,Allsvenskan Suecia 1a,2026,HALMSTAD,VASTERAS SK FK,26,1P,T. Axel,M. Ladefoged,,VASTERAS SK FK,Normal Goal,1494198.0
04/07/2026,Allsvenskan Suecia 1a,2026,HALMSTAD,VASTERAS SK FK,63,2P,T. Axel,M. Ladefoged,,VASTERAS SK FK,Normal Goal,1494198.0
04/07/2026,Allsvenskan Suecia 1a,2026,HALMSTAD,VASTERAS SK FK,67,2P,Mikkel Ladefoged,,,VASTERAS SK FK,Missed Penalty,1494198.0
04/07/2026,Allsvenskan Suecia 1a,2026,DEGERFORS IF,MALMO FF,52,2P,E. Botheim,K. Busuladzic,,MALMO FF,Normal Goal,1494194.0
05/07/2026,Allsvenskan Suecia 1a,2026,IFK GOTEBORG,AIK STOCKHOLM,30,1P,S. Clemmensen,F. Eriksson,,IFK GOTEBORG,Normal Goal,1494196.0
05/07/2026,Allsvenskan Suecia 1a,2026,IFK GOTEBORG,AIK STOCKHOLM,34,1P,J. Hove,T. Ayari,,AIK STOCKHOLM,Normal Goal,1494196.0
05/07/2026,Allsvenskan Suecia 1a,2026,IFK GOTEBORG,AIK STOCKHOLM,76,2P,A. Kouame,T. Ayari,,AIK STOCKHOLM,Normal Goal,1494196.0
05/07/2026,Allsvenskan Suecia 1a,2026,KALMAR FF,ORGRYTE IS,3,1P,C. Gustafsson,C. Sagoe Jr,,KALMAR FF,Normal Goal,1494199.0
05/07/2026,Allsvenskan Suecia 1a,2026,KALMAR FF,ORGRYTE IS,47,2P,A. Magashy,C. Sagoe Jr,,KALMAR FF,Normal Goal,1494199.0
05/07/2026,Allsvenskan Suecia 1a,2026,KALMAR FF,ORGRYTE IS,84,2P,R. Jansson,M. Soderback,,KALMAR FF,Normal Goal,1494199.0
05/07/2026,Allsvenskan Suecia 1a,2026,IF ELFSBORG,HAMMARBY FF,50,2P,P. Abraham,V. Lind,,HAMMARBY FF,Normal Goal,1494195.0
05/07/2026,Allsvenskan Suecia 1a,2026,IF ELFSBORG,HAMMARBY FF,74,2P,M. Madjed,,,HAMMARBY FF,Normal Goal,1494195.0
05/07/2026,Allsvenskan Suecia 1a,2026,IF ELFSBORG,HAMMARBY FF,77,2P,A. Sigurpalsson,J. Magnusson,,IF ELFSBORG,Normal Goal,1494195.0
06/07/2026,Allsvenskan Suecia 1a,2026,BK HACKEN,DJURGARDENS IF,4,1P,O. Fallenius,,,DJURGARDENS IF,Normal Goal,1494197.0
06/07/2026,Allsvenskan Suecia 1a,2026,BK HACKEN,DJURGARDENS IF,29,1P,J. Lindberg,A. Svanback,,BK HACKEN,Normal Goal,1494197.0
06/07/2026,Allsvenskan Suecia 1a,2026,BK HACKEN,DJURGARDENS IF,41,1P,K. Lien,M. Larsson,,DJURGARDENS IF,Normal Goal,1494197.0
06/07/2026,Allsvenskan Suecia 1a,2026,BK HACKEN,DJURGARDENS IF,73,2P,K. Lien,,,DJURGARDENS IF,Normal Goal,1494197.0
06/07/2026,Allsvenskan Suecia 1a,2026,BK HACKEN,DJURGARDENS IF,83,2P,B. Sadiku,,,BK HACKEN,Normal Goal,1494197.0
06/07/2026,Allsvenskan Suecia 1a,2026,BK HACKEN,DJURGARDENS IF,86,2P,N. Zugelj,B. Hegland,,DJURGARDENS IF,Normal Goal,1494197.0
06/07/2026,Allsvenskan Suecia 1a,2026,IF BROMMAPOJKARNA,GAIS,20,1P,O. Berg,M. Hansen,,IF BROMMAPOJKARNA,Normal Goal,1494193.0
06/07/2026,Allsvenskan Suecia 1a,2026,IF BROMMAPOJKARNA,GAIS,36,1P,H. Sletsjoe,,,GAIS,Normal Goal,1494193.0
11/07/2026,Allsvenskan Suecia 1a,2026,MJALLBY AIF,AIK STOCKHOLM,74,2P,V. Andersson,A. Kouame,,AIK STOCKHOLM,Normal Goal,1494206.0
11/07/2026,Allsvenskan Suecia 1a,2026,MJALLBY AIF,AIK STOCKHOLM,90,2P,A. Helm,V. Andersson,,AIK STOCKHOLM,Normal Goal,1494206.0
11/07/2026,Allsvenskan Suecia 1a,2026,MJALLBY AIF,AIK STOCKHOLM,90,2P,A. Youssef,,,MJALLBY AIF,Normal Goal,1494206.0
11/07/2026,Allsvenskan Suecia 1a,2026,ORGRYTE IS,BK HACKEN,5,1P,A. Andersson,O. Parker-Price,,ORGRYTE IS,Normal Goal,1494207.0
11/07/2026,Allsvenskan Suecia 1a,2026,ORGRYTE IS,BK HACKEN,12,1P,J. Lindberg,A. Lundkvist,,BK HACKEN,Normal Goal,1494207.0
11/07/2026,Allsvenskan Suecia 1a,2026,ORGRYTE IS,BK HACKEN,41,1P,A. Svanback,J. Lindberg,,BK HACKEN,Normal Goal,1494207.0
11/07/2026,Allsvenskan Suecia 1a,2026,ORGRYTE IS,BK HACKEN,70,2P,N. Christoffersson,J. Tibbling,,ORGRYTE IS,Normal Goal,1494207.0
11/07/2026,Allsvenskan Suecia 1a,2026,ORGRYTE IS,BK HACKEN,75,2P,J. Tibbling,A. Andersson,,ORGRYTE IS,Normal Goal,1494207.0
11/07/2026,Allsvenskan Suecia 1a,2026,ORGRYTE IS,BK HACKEN,77,2P,A. Doumbia,J. Lindberg,,BK HACKEN,Normal Goal,1494207.0
11/07/2026,Allsvenskan Suecia 1a,2026,ORGRYTE IS,BK HACKEN,87,2P,N. Christoffersson,O. Parker-Price,,ORGRYTE IS,Normal Goal,1494207.0
12/07/2026,Allsvenskan Suecia 1a,2026,HAMMARBY FF,KALMAR FF,10,1P,P. Abraham,,,HAMMARBY FF,Normal Goal,1494204.0
12/07/2026,Allsvenskan Suecia 1a,2026,HAMMARBY FF,KALMAR FF,51,2P,A. Keita,,,HAMMARBY FF,Own Goal,1494204.0
12/07/2026,Allsvenskan Suecia 1a,2026,MALMO FF,IFK GOTEBORG,9,1P,A. Djuric,O. Rosengren,,MALMO FF,Normal Goal,1494205.0
12/07/2026,Allsvenskan Suecia 1a,2026,MALMO FF,IFK GOTEBORG,23,1P,E. Botheim,,,MALMO FF,Normal Goal,1494205.0
12/07/2026,Allsvenskan Suecia 1a,2026,MALMO FF,IFK GOTEBORG,45,1P,E. Botheim,O. Sjostrand,,MALMO FF,Normal Goal,1494205.0
12/07/2026,Allsvenskan Suecia 1a,2026,MALMO FF,IFK GOTEBORG,48,2P,A. Hoog,E. Botheim,,MALMO FF,Normal Goal,1494205.0
12/07/2026,Allsvenskan Suecia 1a,2026,VASTERAS SK FK,DEGERFORS IF,8,1P,M. Ladefoged,,,VASTERAS SK FK,Penalty,1494208.0
12/07/2026,Allsvenskan Suecia 1a,2026,VASTERAS SK FK,DEGERFORS IF,54,2P,K. Gunnarsson,M. Baggesen,,VASTERAS SK FK,Normal Goal,1494208.0
12/07/2026,Allsvenskan Suecia 1a,2026,IF BROMMAPOJKARNA,SIRIUS,18,1P,I. Bjerkebo,,,SIRIUS,Normal Goal,1494201.0
12/07/2026,Allsvenskan Suecia 1a,2026,IF BROMMAPOJKARNA,SIRIUS,40,1P,R. Ure,O. Krusnell,,SIRIUS,Normal Goal,1494201.0
12/07/2026,Allsvenskan Suecia 1a,2026,IF BROMMAPOJKARNA,SIRIUS,47,2P,A. Troelsen,M. Hansen,,IF BROMMAPOJKARNA,Normal Goal,1494201.0
12/07/2026,Allsvenskan Suecia 1a,2026,GAIS,IF ELFSBORG,51,2P,R. Thorkelsson,R. Niklasson,,GAIS,Normal Goal,1494203.0
13/07/2026,Allsvenskan Suecia 1a,2026,DJURGARDENS IF,HALMSTAD,28,1P,B. Hegland,,,DJURGARDENS IF,Normal Goal,1494202.0
13/07/2026,Allsvenskan Suecia 1a,2026,DJURGARDENS IF,HALMSTAD,45,1P,B. Hegland,P. Johansson,,DJURGARDENS IF,Normal Goal,1494202.0
13/07/2026,Allsvenskan Suecia 1a,2026,DJURGARDENS IF,HALMSTAD,57,2P,K. Lien,O. Fallenius,,DJURGARDENS IF,Normal Goal,1494202.0
17/07/2026,Allsvenskan Suecia 1a,2026,IFK GOTEBORG,IF BROMMAPOJKARNA,54,2P,R. Yeboah,T. Heintz,,IFK GOTEBORG,Normal Goal,1494211.0
17/07/2026,Allsvenskan Suecia 1a,2026,IFK GOTEBORG,IF BROMMAPOJKARNA,67,2P,O. Berg,O. Cotton,,IF BROMMAPOJKARNA,Normal Goal,1494211.0
17/07/2026,Allsvenskan Suecia 1a,2026,IFK GOTEBORG,IF BROMMAPOJKARNA,79,2P,S. Clemmensen,,,IFK GOTEBORG,Normal Goal,1494211.0
18/07/2026,Allsvenskan Suecia 1a,2026,AIK STOCKHOLM,GAIS,49,2P,T. Ayari,K. Filling,,AIK STOCKHOLM,Normal Goal,1494209.0
18/07/2026,Allsvenskan Suecia 1a,2026,AIK STOCKHOLM,GAIS,58,2P,K. Filling,L. Bergquist,,AIK STOCKHOLM,Normal Goal,1494209.0
19/07/2026,Allsvenskan Suecia 1a,2026,HAMMARBY FF,DEGERFORS IF,40,1P,P. Abraham,,,HAMMARBY FF,Normal Goal,1494213.0
19/07/2026,Allsvenskan Suecia 1a,2026,HAMMARBY FF,DEGERFORS IF,69,2P,M. Madjed,V. Lind,,HAMMARBY FF,Normal Goal,1494213.0
19/07/2026,Allsvenskan Suecia 1a,2026,HAMMARBY FF,DEGERFORS IF,73,2P,T. Tekie,M. Karlsson,,HAMMARBY FF,Normal Goal,1494213.0
19/07/2026,Allsvenskan Suecia 1a,2026,HAMMARBY FF,DEGERFORS IF,75,2P,M. Madjed,P. Abraham,,HAMMARBY FF,Normal Goal,1494213.0
19/07/2026,Allsvenskan Suecia 1a,2026,IF ELFSBORG,SIRIUS,21,1P,Isak Bjerkebo,,,SIRIUS,Missed Penalty,1494210.0
19/07/2026,Allsvenskan Suecia 1a,2026,IF ELFSBORG,SIRIUS,82,2P,M. Soumah,I. Bjerkebo,,SIRIUS,Normal Goal,1494210.0
19/07/2026,Allsvenskan Suecia 1a,2026,IF ELFSBORG,SIRIUS,84,2P,R. Ure,,,SIRIUS,Normal Goal,1494210.0
19/07/2026,Allsvenskan Suecia 1a,2026,IF ELFSBORG,SIRIUS,88,2P,O. Krusnell,,,IF ELFSBORG,Own Goal,1494210.0
19/07/2026,Allsvenskan Suecia 1a,2026,IF ELFSBORG,SIRIUS,90,2P,R. Ure,,,SIRIUS,Normal Goal,1494210.0
19/07/2026,Allsvenskan Suecia 1a,2026,HALMSTAD,BK HACKEN,50,2P,G. Lindgren,M. Rygaard,,BK HACKEN,Normal Goal,1494212.0
19/07/2026,Allsvenskan Suecia 1a,2026,HALMSTAD,BK HACKEN,57,2P,G. Lindgren,B. Wembangomo,,BK HACKEN,Normal Goal,1494212.0
20/07/2026,Allsvenskan Suecia 1a,2026,KALMAR FF,MALMO FF,13,1P,C. Gustafsson,C. Sagoe Jr,,KALMAR FF,Normal Goal,1494214.0
20/07/2026,Allsvenskan Suecia 1a,2026,KALMAR FF,MALMO FF,29,1P,L. Saetra,,,MALMO FF,Own Goal,1494214.0
20/07/2026,Allsvenskan Suecia 1a,2026,KALMAR FF,MALMO FF,33,1P,C. Rosenqvist,R. Gojani,,KALMAR FF,Normal Goal,1494214.0
20/07/2026,Allsvenskan Suecia 1a,2026,KALMAR FF,MALMO FF,64,2P,A. Skogmar,S. Haksabanovic,,MALMO FF,Normal Goal,1494214.0
24/07/2026,Allsvenskan Suecia 1a,2026,VASTERAS SK FK,ORGRYTE IS,13,1P,T. Axel,,,VASTERAS SK FK,Normal Goal,1494224.0
24/07/2026,Allsvenskan Suecia 1a,2026,VASTERAS SK FK,ORGRYTE IS,59,2P,T. Axel,K. Gunnarsson,,VASTERAS SK FK,Normal Goal,1494224.0
25/07/2026,Allsvenskan Suecia 1a,2026,DEGERFORS IF,DJURGARDENS IF,43,1P,B. Hegland,K. Lien,,DJURGARDENS IF,Normal Goal,1494218.0
25/07/2026,Allsvenskan Suecia 1a,2026,KALMAR FF,MJALLBY AIF,3,1P,E. Stroud,V. Granath,,MJALLBY AIF,Normal Goal,1494221.0
25/07/2026,Allsvenskan Suecia 1a,2026,KALMAR FF,MJALLBY AIF,17,1P,A. Keita,M. Hallberg,,KALMAR FF,Normal Goal,1494221.0
25/07/2026,Allsvenskan Suecia 1a,2026,KALMAR FF,MJALLBY AIF,69,2P,C. Sagoe Jr,,,KALMAR FF,Normal Goal,1494221.0
26/07/2026,Allsvenskan Suecia 1a,2026,SIRIUS,IFK GOTEBORG,6,1P,M. Soumah,,,SIRIUS,Normal Goal,1494223.0
26/07/2026,Allsvenskan Suecia 1a,2026,SIRIUS,IFK GOTEBORG,23,1P,R. Ure,,,SIRIUS,Normal Goal,1494223.0
26/07/2026,Allsvenskan Suecia 1a,2026,SIRIUS,IFK GOTEBORG,45,1P,S. Larsson,,,IFK GOTEBORG,Penalty,1494223.0
26/07/2026,Allsvenskan Suecia 1a,2026,SIRIUS,IFK GOTEBORG,71,2P,M. Lindberg,I. Bjerkebo,,SIRIUS,Normal Goal,1494223.0
26/07/2026,Allsvenskan Suecia 1a,2026,SIRIUS,IFK GOTEBORG,83,2P,A. Ljungberg,,,SIRIUS,Normal Goal,1494223.0
26/07/2026,Allsvenskan Suecia 1a,2026,IF BROMMAPOJKARNA,HAMMARBY FF,79,2P,V. Lind,,,HAMMARBY FF,Normal Goal,1494217.0
26/07/2026,Allsvenskan Suecia 1a,2026,IF BROMMAPOJKARNA,HAMMARBY FF,90,2P,A. Troelsen,A. Kurochkin,,IF BROMMAPOJKARNA,Normal Goal,1494217.0
26/07/2026,Allsvenskan Suecia 1a,2026,MALMO FF,IF ELFSBORG,5,1P,A. Zeneli,J. Magnusson,,IF ELFSBORG,Normal Goal,1494222.0
26/07/2026,Allsvenskan Suecia 1a,2026,MALMO FF,IF ELFSBORG,22,1P,J. Stryger,N. John,,MALMO FF,Normal Goal,1494222.0
26/07/2026,Allsvenskan Suecia 1a,2026,MALMO FF,IF ELFSBORG,34,1P,M. Kamara,A. Zeneli,,IF ELFSBORG,Normal Goal,1494222.0
26/07/2026,Allsvenskan Suecia 1a,2026,GAIS,HALMSTAD,52,2P,H. Sletsjoe,,,GAIS,Normal Goal,1494219.0
26/07/2026,Allsvenskan Suecia 1a,2026,GAIS,HALMSTAD,90,2P,R. Ascone,,,HALMSTAD,Penalty,1494219.0
01/08/2026,Allsvenskan Suecia 1a,2026,BK HACKEN,KALMAR FF,12,1P,A. Keita,,,KALMAR FF,Normal Goal,1494231.0
01/08/2026,Allsvenskan Suecia 1a,2026,BK HACKEN,KALMAR FF,24,1P,H. Hilvenius,M. Rygaard,,BK HACKEN,Normal Goal,1494231.0
02/08/2026,Allsvenskan Suecia 1a,2026,IFK GOTEBORG,DEGERFORS IF,25,1P,S. Larsson,,,IFK GOTEBORG,Penalty,1494230.0
02/08/2026,Allsvenskan Suecia 1a,2026,IFK GOTEBORG,DEGERFORS IF,90,2P,F. Ottosson,,,IFK GOTEBORG,Normal Goal,1494230.0
02/08/2026,Allsvenskan Suecia 1a,2026,IF BROMMAPOJKARNA,MALMO FF,9,1P,Erik Botheim,,,MALMO FF,Missed Penalty,1494226.0
02/08/2026,Allsvenskan Suecia 1a,2026,IF BROMMAPOJKARNA,MALMO FF,51,2P,S. Haksabanovic,A. Hoog,,MALMO FF,Normal Goal,1494226.0
02/08/2026,Allsvenskan Suecia 1a,2026,IF BROMMAPOJKARNA,MALMO FF,77,2P,K. Sever,A. Kurochkin,,IF BROMMAPOJKARNA,Normal Goal,1494226.0
02/08/2026,Allsvenskan Suecia 1a,2026,IF BROMMAPOJKARNA,MALMO FF,86,2P,D. Garcia,S. Haksabanovic,,MALMO FF,Normal Goal,1494226.0
02/08/2026,Allsvenskan Suecia 1a,2026,AIK STOCKHOLM,ORGRYTE IS,2,1P,N. Christoffersson,O. Parker-Price,,ORGRYTE IS,Normal Goal,1494225.0
02/08/2026,Allsvenskan Suecia 1a,2026,AIK STOCKHOLM,ORGRYTE IS,23,1P,N. Christoffersson,W. Hofvander,,ORGRYTE IS,Normal Goal,1494225.0
02/08/2026,Allsvenskan Suecia 1a,2026,AIK STOCKHOLM,ORGRYTE IS,68,2P,N. Christoffersson,O. Parker-Price,,ORGRYTE IS,Normal Goal,1494225.0
03/08/2026,Allsvenskan Suecia 1a,2026,DJURGARDENS IF,VASTERAS SK FK,5,1P,P. Aslund,,,DJURGARDENS IF,Normal Goal,1494227.0
03/08/2026,Allsvenskan Suecia 1a,2026,DJURGARDENS IF,VASTERAS SK FK,12,1P,K. Lien,,,DJURGARDENS IF,Normal Goal,1494227.0
03/08/2026,Allsvenskan Suecia 1a,2026,DJURGARDENS IF,VASTERAS SK FK,28,1P,A. Stahl,M. Larsson,,DJURGARDENS IF,Normal Goal,1494227.0
03/08/2026,Allsvenskan Suecia 1a,2026,DJURGARDENS IF,VASTERAS SK FK,53,2P,K. Lien,B. Hegland,,DJURGARDENS IF,Normal Goal,1494227.0
03/08/2026,Allsvenskan Suecia 1a,2026,DJURGARDENS IF,VASTERAS SK FK,55,2P,K. Lien,P. Aslund,,DJURGARDENS IF,Normal Goal,1494227.0
03/08/2026,Allsvenskan Suecia 1a,2026,DJURGARDENS IF,VASTERAS SK FK,60,2P,M. Tenho,B. Hegland,,DJURGARDENS IF,Normal Goal,1494227.0
03/08/2026,Allsvenskan Suecia 1a,2026,HALMSTAD,SIRIUS,14,1P,T. Anker,,,SIRIUS,Normal Goal,1494232.0
03/08/2026,Allsvenskan Suecia 1a,2026,HALMSTAD,SIRIUS,16,1P,I. Bjerkebo,,,SIRIUS,Penalty,1494232.0
08/08/2026,Allsvenskan Suecia 1a,2026,ORGRYTE IS,AIK STOCKHOLM,13,1P,N. Christoffersson,T. Sana,,ORGRYTE IS,Normal Goal,1494238.0
08/08/2026,Allsvenskan Suecia 1a,2026,ORGRYTE IS,AIK STOCKHOLM,30,1P,L. Carlstrand,D. Besirovic,,AIK STOCKHOLM,Normal Goal,1494238.0
08/08/2026,Allsvenskan Suecia 1a,2026,ORGRYTE IS,AIK STOCKHOLM,32,1P,A. Andreasson,,,ORGRYTE IS,Normal Goal,1494238.0
08/08/2026,Allsvenskan Suecia 1a,2026,ORGRYTE IS,AIK STOCKHOLM,74,2P,S. Gustafsson,,,AIK STOCKHOLM,Normal Goal,1494238.0
08/08/2026,Allsvenskan Suecia 1a,2026,ORGRYTE IS,AIK STOCKHOLM,84,2P,L. Carlstrand,K. Filling,,AIK STOCKHOLM,Normal Goal,1494238.0
08/08/2026,Allsvenskan Suecia 1a,2026,ORGRYTE IS,AIK STOCKHOLM,87,2P,Y. Geiger,L. Carlstrand,,AIK STOCKHOLM,Normal Goal,1494238.0
08/08/2026,Allsvenskan Suecia 1a,2026,ORGRYTE IS,AIK STOCKHOLM,90,2P,J. Tibbling,C. Vindehall,,ORGRYTE IS,Normal Goal,1494238.0
08/08/2026,Allsvenskan Suecia 1a,2026,MJALLBY AIF,IF ELFSBORG,22,1P,S. Olsson,M. Kamara,,IF ELFSBORG,Normal Goal,1494237.0
09/08/2026,Allsvenskan Suecia 1a,2026,HAMMARBY FF,BK HACKEN,29,1P,W. Renecke,V. Lind,,HAMMARBY FF,Normal Goal,1494235.0
09/08/2026,Allsvenskan Suecia 1a,2026,HAMMARBY FF,BK HACKEN,38,1P,V. Lind,,,HAMMARBY FF,Normal Goal,1494235.0
09/08/2026,Allsvenskan Suecia 1a,2026,HAMMARBY FF,BK HACKEN,56,2P,P. Abraham,,,HAMMARBY FF,Normal Goal,1494235.0
09/08/2026,Allsvenskan Suecia 1a,2026,MALMO FF,DEGERFORS IF,18,1P,D. Vukojevic,N. Girmai,,DEGERFORS IF,Normal Goal,1494236.0
09/08/2026,Allsvenskan Suecia 1a,2026,MALMO FF,DEGERFORS IF,48,2P,D. Garcia,,,MALMO FF,Normal Goal,1494236.0
09/08/2026,Allsvenskan Suecia 1a,2026,MALMO FF,DEGERFORS IF,70,2P,D. Vukojevic,S. Diatara,,DEGERFORS IF,Normal Goal,1494236.0
09/08/2026,Allsvenskan Suecia 1a,2026,IFK GOTEBORG,KALMAR FF,9,1P,C. Rosenqvist,A. Magashy,,KALMAR FF,Normal Goal,1494233.0
09/08/2026,Allsvenskan Suecia 1a,2026,IFK GOTEBORG,KALMAR FF,13,1P,D. Kruse,T. Heintz,,IFK GOTEBORG,Normal Goal,1494233.0
09/08/2026,Allsvenskan Suecia 1a,2026,IFK GOTEBORG,KALMAR FF,77,2P,S. Larsson,,,IFK GOTEBORG,Penalty,1494233.0
09/08/2026,Allsvenskan Suecia 1a,2026,IFK GOTEBORG,KALMAR FF,81,2P,A. Boren,S. Larsson,,IFK GOTEBORG,Normal Goal,1494233.0
09/08/2026,Allsvenskan Suecia 1a,2026,IFK GOTEBORG,KALMAR FF,84,2P,C. Sagoe Jr,,,KALMAR FF,Normal Goal,1494233.0
09/08/2026,Allsvenskan Suecia 1a,2026,HALMSTAD,GAIS,65,2P,S. Salter,M. de Brienne,,GAIS,Normal Goal,1494234.0
09/08/2026,Allsvenskan Suecia 1a,2026,HALMSTAD,GAIS,77,2P,S. Salter,A. Wangberg,,GAIS,Normal Goal,1494234.0
10/08/2026,Allsvenskan Suecia 1a,2026,SIRIUS,IF BROMMAPOJKARNA,17,1P,V. Svensson,A. Ljungberg,,SIRIUS,Normal Goal,1494239.0
10/08/2026,Allsvenskan Suecia 1a,2026,SIRIUS,IF BROMMAPOJKARNA,23,1P,I. Bjerkebo,M. Heier,,SIRIUS,Normal Goal,1494239.0
10/08/2026,Allsvenskan Suecia 1a,2026,SIRIUS,IF BROMMAPOJKARNA,25,1P,O. Zanden,,,IF BROMMAPOJKARNA,Normal Goal,1494239.0
10/08/2026,Allsvenskan Suecia 1a,2026,SIRIUS,IF BROMMAPOJKARNA,28,1P,O. Okeke,K. Sever,,IF BROMMAPOJKARNA,Normal Goal,1494239.0
10/08/2026,Allsvenskan Suecia 1a,2026,VASTERAS SK FK,DJURGARDENS IF,24,1P,B. Lendambi,M. Hellisdal,,VASTERAS SK FK,Normal Goal,1494240.0
14/08/2026,Allsvenskan Suecia 1a,2026,IF ELFSBORG,VASTERAS SK FK,18,1P,J. Magnusson,M. Kamara,,IF ELFSBORG,Normal Goal,1494244.0
14/08/2026,Allsvenskan Suecia 1a,2026,IF ELFSBORG,VASTERAS SK FK,71,2P,M. Kamara,N. Hult,,IF ELFSBORG,Normal Goal,1494244.0
14/08/2026,Allsvenskan Suecia 1a,2026,IF ELFSBORG,VASTERAS SK FK,77,2P,M. Kamara,J. Beck,,IF ELFSBORG,Normal Goal,1494244.0
15/08/2026,Allsvenskan Suecia 1a,2026,MJALLBY AIF,SIRIUS,6,1P,O. Liimatta,,,SIRIUS,Normal Goal,1494248.0
15/08/2026,Allsvenskan Suecia 1a,2026,MJALLBY AIF,SIRIUS,24,1P,O. Liimatta,,,SIRIUS,Normal Goal,1494248.0
15/08/2026,Allsvenskan Suecia 1a,2026,MJALLBY AIF,SIRIUS,34,1P,I. Bjerkebo,,,SIRIUS,Normal Goal,1494248.0
15/08/2026,Allsvenskan Suecia 1a,2026,MJALLBY AIF,SIRIUS,46,2P,O. Lindberg,M. Nielsen,,MJALLBY AIF,Normal Goal,1494248.0
15/08/2026,Allsvenskan Suecia 1a,2026,MJALLBY AIF,SIRIUS,54,2P,J. Bergstrom,A. Samuelsen,,MJALLBY AIF,Normal Goal,1494248.0
15/08/2026,Allsvenskan Suecia 1a,2026,MJALLBY AIF,SIRIUS,77,2P,J. Bergstrom,A. Samuelsen,,MJALLBY AIF,Normal Goal,1494248.0
15/08/2026,Allsvenskan Suecia 1a,2026,MJALLBY AIF,SIRIUS,87,2P,O. Lindberg,M. Nielsen,,MJALLBY AIF,Normal Goal,1494248.0
16/08/2026,Allsvenskan Suecia 1a,2026,DJURGARDENS IF,AIK STOCKHOLM,10,1P,L. Carlstrand,D. Besirovic,,AIK STOCKHOLM,Normal Goal,1494243.0
16/08/2026,Allsvenskan Suecia 1a,2026,DJURGARDENS IF,AIK STOCKHOLM,25,1P,L. Carlstrand,A. Helm,,AIK STOCKHOLM,Normal Goal,1494243.0
16/08/2026,Allsvenskan Suecia 1a,2026,DJURGARDENS IF,AIK STOCKHOLM,39,1P,J. Hove,,,AIK STOCKHOLM,Normal Goal,1494243.0
16/08/2026,Allsvenskan Suecia 1a,2026,DJURGARDENS IF,AIK STOCKHOLM,50,2P,B. Hegland,,,DJURGARDENS IF,Normal Goal,1494243.0
16/08/2026,Allsvenskan Suecia 1a,2026,IF BROMMAPOJKARNA,ORGRYTE IS,28,1P,M. Hansen,O. Berg,,IF BROMMAPOJKARNA,Normal Goal,1494241.0
16/08/2026,Allsvenskan Suecia 1a,2026,IF BROMMAPOJKARNA,ORGRYTE IS,59,2P,B. Laturnus,,,ORGRYTE IS,Normal Goal,1494241.0
16/08/2026,Allsvenskan Suecia 1a,2026,IF BROMMAPOJKARNA,ORGRYTE IS,63,2P,H. Gustafsson,,,IF BROMMAPOJKARNA,Own Goal,1494241.0
16/08/2026,Allsvenskan Suecia 1a,2026,IF BROMMAPOJKARNA,ORGRYTE IS,87,2P,L. Bjorklund,M. Hansen,,IF BROMMAPOJKARNA,Normal Goal,1494241.0
16/08/2026,Allsvenskan Suecia 1a,2026,DEGERFORS IF,IFK GOTEBORG,18,1P,D. Vukojevic,M. Igonen,,DEGERFORS IF,Normal Goal,1494242.0
16/08/2026,Allsvenskan Suecia 1a,2026,DEGERFORS IF,IFK GOTEBORG,25,1P,D. Vukojevic,R. Dzabic,,DEGERFORS IF,Normal Goal,1494242.0
16/08/2026,Allsvenskan Suecia 1a,2026,DEGERFORS IF,IFK GOTEBORG,30,1P,S. Diatara,N. Skuseth,,DEGERFORS IF,Normal Goal,1494242.0
16/08/2026,Allsvenskan Suecia 1a,2026,KALMAR FF,HAMMARBY FF,43,1P,F. Adjei,A. Boudri,,HAMMARBY FF,Normal Goal,1494247.0
16/08/2026,Allsvenskan Suecia 1a,2026,KALMAR FF,HAMMARBY FF,48,2P,F. Winther,V. Lind,,HAMMARBY FF,Normal Goal,1494247.0
16/08/2026,Allsvenskan Suecia 1a,2026,KALMAR FF,HAMMARBY FF,54,2P,N. Persson,A. Boudri,,HAMMARBY FF,Normal Goal,1494247.0
16/08/2026,Allsvenskan Suecia 1a,2026,KALMAR FF,HAMMARBY FF,61,2P,P. Abraham,V. Lind,,HAMMARBY FF,Normal Goal,1494247.0
16/08/2026,Allsvenskan Suecia 1a,2026,GAIS,MALMO FF,53,2P,F. Beckman,,,MALMO FF,Own Goal,1494245.0
17/08/2026,Allsvenskan Suecia 1a,2026,BK HACKEN,HALMSTAD,36,1P,J. Lindberg,A. Doumbia,,BK HACKEN,Normal Goal,1494246.0
21/08/2026,Allsvenskan Suecia 1a,2026,SIRIUS,BK HACKEN,28,1P,J. Lindberg,M. Rygaard,,BK HACKEN,Normal Goal,1494255.0
21/08/2026,Allsvenskan Suecia 1a,2026,SIRIUS,BK HACKEN,62,2P,G. Lindgren,J. Lindberg,,BK HACKEN,Normal Goal,1494255.0
21/08/2026,Allsvenskan Suecia 1a,2026,SIRIUS,BK HACKEN,80,2P,G. Lindgren,A. Svanback,,BK HACKEN,Normal Goal,1494255.0
22/08/2026,Allsvenskan Suecia 1a,2026,ORGRYTE IS,HALMSTAD,24,1P,T. Sana,N. Christoffersson,,ORGRYTE IS,Normal Goal,1494254.0
22/08/2026,Allsvenskan Suecia 1a,2026,ORGRYTE IS,HALMSTAD,38,1P,R. Ascone,H. Carneil,,HALMSTAD,Normal Goal,1494254.0
23/08/2026,Allsvenskan Suecia 1a,2026,IFK GOTEBORG,IF ELFSBORG,63,2P,S. Larsson,,,IFK GOTEBORG,Penalty,1494251.0
23/08/2026,Allsvenskan Suecia 1a,2026,IFK GOTEBORG,IF ELFSBORG,90,2P,L. Ostman,,,IF ELFSBORG,Normal Goal,1494251.0
23/08/2026,Allsvenskan Suecia 1a,2026,HAMMARBY FF,GAIS,6,1P,V. Lind,,,HAMMARBY FF,Normal Goal,1494252.0
23/08/2026,Allsvenskan Suecia 1a,2026,HAMMARBY FF,GAIS,11,1P,P. Abraham,V. Lind,,HAMMARBY FF,Normal Goal,1494252.0
23/08/2026,Allsvenskan Suecia 1a,2026,IF BROMMAPOJKARNA,DEGERFORS IF,81,2P,M. Hansen,,,IF BROMMAPOJKARNA,Penalty,1494250.0
23/08/2026,Allsvenskan Suecia 1a,2026,IF BROMMAPOJKARNA,DEGERFORS IF,88,2P,A. Kurochkin,O. Zanden,,IF BROMMAPOJKARNA,Normal Goal,1494250.0
24/08/2026,Allsvenskan Suecia 1a,2026,MALMO FF,DJURGARDENS IF,35,1P,K. Lien,P. Johansson,,DJURGARDENS IF,Normal Goal,1494253.0
24/08/2026,Allsvenskan Suecia 1a,2026,MALMO FF,DJURGARDENS IF,58,2P,J. Okkels,B. Hegland,,DJURGARDENS IF,Normal Goal,1494253.0
24/08/2026,Allsvenskan Suecia 1a,2026,MALMO FF,DJURGARDENS IF,82,2P,P. Aslund,O. Fallenius,,DJURGARDENS IF,Normal Goal,1494253.0
29/08/2026,Allsvenskan Suecia 1a,2026,BK HACKEN,VASTERAS SK FK,34,1P,S. Gefvert,,,VASTERAS SK FK,Normal Goal,1494262.0
29/08/2026,Allsvenskan Suecia 1a,2026,BK HACKEN,VASTERAS SK FK,38,1P,B. Lendambi,M. Hellisdal,,VASTERAS SK FK,Normal Goal,1494262.0
29/08/2026,Allsvenskan Suecia 1a,2026,BK HACKEN,VASTERAS SK FK,61,2P,M. Hellisdal,,,VASTERAS SK FK,Normal Goal,1494262.0
29/08/2026,Allsvenskan Suecia 1a,2026,BK HACKEN,VASTERAS SK FK,78,2P,C. Wawa,A. Doumbia,,BK HACKEN,Normal Goal,1494262.0
29/08/2026,Allsvenskan Suecia 1a,2026,IF ELFSBORG,DEGERFORS IF,13,1P,L. Ostman,N. Hult,,IF ELFSBORG,Normal Goal,1494259.0
29/08/2026,Allsvenskan Suecia 1a,2026,IF ELFSBORG,DEGERFORS IF,87,2P,A. Sigurpalsson,T. Silverholt,,IF ELFSBORG,Normal Goal,1494259.0
29/08/2026,Allsvenskan Suecia 1a,2026,HALMSTAD,KALMAR FF,90,2P,L. Arvidsson,,,HALMSTAD,Normal Goal,1494263.0
30/08/2026,Allsvenskan Suecia 1a,2026,AIK STOCKHOLM,HAMMARBY FF,14,1P,F. Adjei,,,HAMMARBY FF,Normal Goal,1494257.0
30/08/2026,Allsvenskan Suecia 1a,2026,AIK STOCKHOLM,HAMMARBY FF,15,1P,L. Carlstrand,K. Filling,,AIK STOCKHOLM,Normal Goal,1494257.0
30/08/2026,Allsvenskan Suecia 1a,2026,AIK STOCKHOLM,HAMMARBY FF,26,1P,Paulos Abraham,,,HAMMARBY FF,Missed Penalty,1494257.0
30/08/2026,Allsvenskan Suecia 1a,2026,AIK STOCKHOLM,HAMMARBY FF,45,1P,P. Abraham,V. Lind,,HAMMARBY FF,Normal Goal,1494257.0
30/08/2026,Allsvenskan Suecia 1a,2026,AIK STOCKHOLM,HAMMARBY FF,72,2P,A. Kouame,K. Filling,,AIK STOCKHOLM,Normal Goal,1494257.0
30/08/2026,Allsvenskan Suecia 1a,2026,AIK STOCKHOLM,HAMMARBY FF,83,2P,S. Gustafsson,L. Camara,,AIK STOCKHOLM,Normal Goal,1494257.0
30/08/2026,Allsvenskan Suecia 1a,2026,IFK GOTEBORG,ORGRYTE IS,61,2P,H. Hermannsson,T. Heintz,,IFK GOTEBORG,Normal Goal,1494261.0
31/08/2026,Allsvenskan Suecia 1a,2026,DJURGARDENS IF,MJALLBY AIF,5,1P,K. Lien,B. Hegland,,DJURGARDENS IF,Normal Goal,1494258.0
31/08/2026,Allsvenskan Suecia 1a,2026,DJURGARDENS IF,MJALLBY AIF,14,1P,K. Lien,,,DJURGARDENS IF,Normal Goal,1494258.0
31/08/2026,Allsvenskan Suecia 1a,2026,DJURGARDENS IF,MJALLBY AIF,26,1P,P. Aslund,B. Hegland,,DJURGARDENS IF,Normal Goal,1494258.0
31/08/2026,Allsvenskan Suecia 1a,2026,DJURGARDENS IF,MJALLBY AIF,87,2P,O. Fallenius,A. Andersson,,DJURGARDENS IF,Normal Goal,1494258.0
31/08/2026,Allsvenskan Suecia 1a,2026,SIRIUS,MALMO FF,44,1P,D. Garcia,T. Lundbergh,,MALMO FF,Normal Goal,1494264.0
31/08/2026,Allsvenskan Suecia 1a,2026,GAIS,IF BROMMAPOJKARNA,22,1P,R. Niklasson,D. Collander,,GAIS,Normal Goal,1494260.0
31/08/2026,Allsvenskan Suecia 1a,2026,GAIS,IF BROMMAPOJKARNA,34,1P,R. Thorkelsson,A. Wangberg,,GAIS,Normal Goal,1494260.0
31/08/2026,Allsvenskan Suecia 1a,2026,GAIS,IF BROMMAPOJKARNA,67,2P,S. Salter,R. Niklasson,,GAIS,Normal Goal,1494260.0
31/08/2026,Allsvenskan Suecia 1a,2026,GAIS,IF BROMMAPOJKARNA,77,2P,M. Andersson,R. Frej,,GAIS,Normal Goal,1494260.0
08/08/2026,J1 League,2026,AVISPA FUKUOKA,VISSEL KOBE,23,1P,Y. Osako,M. Thuler,,VISSEL KOBE,Normal Goal,1554000.0
08/08/2026,J1 League,2026,CEREZO OSAKA,FAGIANO OKAYAMA,8,1P,N. Browne,Y. Suzuki,,FAGIANO OKAYAMA,Normal Goal,1554001.0
08/08/2026,J1 League,2026,CEREZO OSAKA,FAGIANO OKAYAMA,20,1P,S. Sakuragawa,K. Okazawa,,CEREZO OSAKA,Normal Goal,1554001.0
08/08/2026,J1 League,2026,CEREZO OSAKA,FAGIANO OKAYAMA,24,1P,Y. Yokoyama,S. Kagawa,,CEREZO OSAKA,Normal Goal,1554001.0
08/08/2026,J1 League,2026,FC TOKYO,MACHIDA ZELVIA,5,1P,Marcelo Ryan,K. Sato,,FC TOKYO,Normal Goal,1554002.0
08/08/2026,J1 League,2026,FC TOKYO,MACHIDA ZELVIA,27,1P,M. Duke,Y. Nakayama,,MACHIDA ZELVIA,Normal Goal,1554002.0
08/08/2026,J1 League,2026,FC TOKYO,MACHIDA ZELVIA,45,1P,T. Akimoto,,,MACHIDA ZELVIA,Normal Goal,1554002.0
08/08/2026,J1 League,2026,FC TOKYO,MACHIDA ZELVIA,51,2P,Y. Soma,,,MACHIDA ZELVIA,Normal Goal,1554002.0
08/08/2026,J1 League,2026,FC TOKYO,MACHIDA ZELVIA,65,2P,T. Yengi,Y. Nakayama,,MACHIDA ZELVIA,Normal Goal,1554002.0
08/08/2026,J1 League,2026,FC TOKYO,MACHIDA ZELVIA,80,2P,D. Okamura,,,MACHIDA ZELVIA,Normal Goal,1554002.0
07/08/2026,J1 League,2026,GAMBA OSAKA,URAWA,17,1P,H. Komori,T. Kaneko,,URAWA,Normal Goal,1554003.0
07/08/2026,J1 League,2026,GAMBA OSAKA,URAWA,36,1P,I. Jebali,S. Abe,,GAMBA OSAKA,Normal Goal,1554003.0
07/08/2026,J1 League,2026,GAMBA OSAKA,URAWA,45,1P,D. Hummet,T. Kishimoto,,GAMBA OSAKA,Normal Goal,1554003.0
07/08/2026,J1 League,2026,GAMBA OSAKA,URAWA,78,2P,T. Kaneko,R. Watanabe,,URAWA,Normal Goal,1554003.0
07/08/2026,J1 League,2026,GAMBA OSAKA,URAWA,80,2P,H. Minamino,R. Watanabe,,URAWA,Normal Goal,1554003.0
07/08/2026,J1 League,2026,GAMBA OSAKA,URAWA,84,2P,Welton,I. Jebali,,GAMBA OSAKA,Normal Goal,1554003.0
07/08/2026,J1 League,2026,GAMBA OSAKA,URAWA,86,2P,A. Uenaka,R. Yamashita,,GAMBA OSAKA,Normal Goal,1554003.0
08/08/2026,J1 League,2026,KASHIWA REYSOL,MITO HOLLYHOCK,5,1P,Y. Kakita,T. Kubo,,KASHIWA REYSOL,Normal Goal,1554004.0
08/08/2026,J1 League,2026,KASHIWA REYSOL,MITO HOLLYHOCK,36,1P,Y. Koizumi,N. Nakagawa,,KASHIWA REYSOL,Normal Goal,1554004.0
08/08/2026,J1 League,2026,KASHIWA REYSOL,MITO HOLLYHOCK,68,2P,K. Uchino,,,MITO HOLLYHOCK,Penalty,1554004.0
08/08/2026,J1 League,2026,NAGOYA GRAMPUS,SHIMIZU S-PULSE,38,1P,K. Kitagawa,T. Fujii,,SHIMIZU S-PULSE,Normal Goal,1554005.0
08/08/2026,J1 League,2026,SANFRECCE HIROSHIMA,JEF UNITED CHIBA,3,1P,S. Nakano,,,SANFRECCE HIROSHIMA,Normal Goal,1554006.0
08/08/2026,J1 League,2026,SANFRECCE HIROSHIMA,JEF UNITED CHIBA,79,2P,A. Suzuki,T. Matsumoto,,SANFRECCE HIROSHIMA,Normal Goal,1554006.0
08/08/2026,J1 League,2026,SANFRECCE HIROSHIMA,JEF UNITED CHIBA,88,2P,T. Kawamura,,,SANFRECCE HIROSHIMA,Normal Goal,1554006.0
09/08/2026,J1 League,2026/2027,TOKYO VERDY,KAWASAKI FRONTALE,46,2P,S. Mizoguchi,I. Someno,,TOKYO VERDY,Normal Goal,1554007.0
09/08/2026,J1 League,2026/2027,TOKYO VERDY,KAWASAKI FRONTALE,90,2P,L. Romanic,,,KAWASAKI FRONTALE,Normal Goal,1554007.0
09/08/2026,J1 League,2026/2027,V-VAREN NAGASAKI,KYOTO SANGA,11,1P,Thiago,,,V-VAREN NAGASAKI,Normal Goal,1554008.0
09/08/2026,J1 League,2026/2027,V-VAREN NAGASAKI,KYOTO SANGA,29,1P,Thiago,Y. Iwasaki,,V-VAREN NAGASAKI,Normal Goal,1554008.0
09/08/2026,J1 League,2026/2027,V-VAREN NAGASAKI,KYOTO SANGA,54,2P,Rafael Elias,R. Kato,,KYOTO SANGA,Normal Goal,1554008.0
15/08/2026,J1 League,2026/2027,JEF UNITED CHIBA,MACHIDA ZELVIA,17,1P,Y. Nakayama,,,MACHIDA ZELVIA,Normal Goal,1554009.0
15/08/2026,J1 League,2026/2027,JEF UNITED CHIBA,MACHIDA ZELVIA,34,1P,T. Yengi,M. Duke,,MACHIDA ZELVIA,Normal Goal,1554009.0
15/08/2026,J1 League,2026/2027,JEF UNITED CHIBA,MACHIDA ZELVIA,70,2P,T. Nishimura,,,MACHIDA ZELVIA,Normal Goal,1554009.0
15/08/2026,J1 League,2026/2027,JEF UNITED CHIBA,MACHIDA ZELVIA,82,2P,H. Nakamura,Y. Soma,,MACHIDA ZELVIA,Normal Goal,1554009.0
15/08/2026,J1 League,2026/2027,KASHIMA,NAGOYA GRAMPUS,22,1P,Leo Ceara,Yan,,KASHIMA,Normal Goal,1554010.0
15/08/2026,J1 League,2026/2027,KASHIMA,NAGOYA GRAMPUS,54,2P,N. Ueda,,,NAGOYA GRAMPUS,Own Goal,1554010.0
15/08/2026,J1 League,2026/2027,KASHIMA,NAGOYA GRAMPUS,90,2P,T. Uchida,,,KASHIMA,Own Goal,1554010.0
15/08/2026,J1 League,2026/2027,KAWASAKI FRONTALE,KYOTO SANGA,43,1P,L. Romanic,,,KAWASAKI FRONTALE,Normal Goal,1554011.0
15/08/2026,J1 League,2026/2027,KAWASAKI FRONTALE,KYOTO SANGA,54,2P,S. Fukuda,M. Okugawa,,KYOTO SANGA,Normal Goal,1554011.0
15/08/2026,J1 League,2026/2027,KAWASAKI FRONTALE,KYOTO SANGA,58,2P,Rafael Elias,S. Fukuda,,KYOTO SANGA,Normal Goal,1554011.0
15/08/2026,J1 League,2026/2027,KAWASAKI FRONTALE,KYOTO SANGA,64,2P,Marcinho,T. Ito,,KAWASAKI FRONTALE,Normal Goal,1554011.0
15/08/2026,J1 League,2026/2027,MITO HOLLYHOCK,GAMBA OSAKA,18,1P,Y. Torikai,K. Taniguchi,,MITO HOLLYHOCK,Normal Goal,1554012.0
15/08/2026,J1 League,2026/2027,MITO HOLLYHOCK,GAMBA OSAKA,74,2P,S. Nakatani,R. Hatsuse,,GAMBA OSAKA,Normal Goal,1554012.0
15/08/2026,J1 League,2026/2027,FAGIANO OKAYAMA,V-VAREN NAGASAKI,54,2P,Lucao,E. Miyamoto,,FAGIANO OKAYAMA,Normal Goal,1554013.0
15/08/2026,J1 League,2026/2027,SHIMIZU S-PULSE,YOKOHAMA F. MARINOS,79,2P,T. Inoue,T. Kondo,,YOKOHAMA F. MARINOS,Normal Goal,1554014.0
15/08/2026,J1 League,2026/2027,URAWA,SANFRECCE HIROSHIMA,16,1P,A. Suzuki,H. Kawabe,,SANFRECCE HIROSHIMA,Normal Goal,1554015.0
15/08/2026,J1 League,2026/2027,URAWA,SANFRECCE HIROSHIMA,22,1P,H. Araki,,,URAWA,Own Goal,1554015.0
15/08/2026,J1 League,2026/2027,URAWA,SANFRECCE HIROSHIMA,45,1P,T. Shiotani,Y. Nakajima,,SANFRECCE HIROSHIMA,Normal Goal,1554015.0
15/08/2026,J1 League,2026/2027,URAWA,SANFRECCE HIROSHIMA,61,2P,S. Haller,M. Kato,,SANFRECCE HIROSHIMA,Normal Goal,1554015.0
15/08/2026,J1 League,2026/2027,URAWA,SANFRECCE HIROSHIMA,75,2P,A. Suzuki,T. Shiotani,,SANFRECCE HIROSHIMA,Normal Goal,1554015.0
15/08/2026,J1 League,2026/2027,VISSEL KOBE,FC TOKYO,35,1P,M. Nagakura,K. Sato,,FC TOKYO,Normal Goal,1554016.0
15/08/2026,J1 League,2026/2027,VISSEL KOBE,FC TOKYO,40,1P,Y. Osako,,,VISSEL KOBE,Normal Goal,1554016.0
15/08/2026,J1 League,2026/2027,VISSEL KOBE,FC TOKYO,69,2P,M. Nagakura,T. Nakagawa,,FC TOKYO,Normal Goal,1554016.0
15/08/2026,J1 League,2026/2027,VISSEL KOBE,FC TOKYO,90,2P,Y. Muto,T. Yamakawa,,VISSEL KOBE,Normal Goal,1554016.0
22/08/2026,J1 League,2026/2027,KYOTO SANGA,MITO HOLLYHOCK,17,1P,T. Mase,Y. Funabashi,,MITO HOLLYHOCK,Normal Goal,1554017.0
22/08/2026,J1 League,2026/2027,KYOTO SANGA,MITO HOLLYHOCK,31,1P,Y. Kimoto,Y. Funabashi,,MITO HOLLYHOCK,Normal Goal,1554017.0
22/08/2026,J1 League,2026/2027,KYOTO SANGA,MITO HOLLYHOCK,68,2P,C. Kato,T. Semba,,MITO HOLLYHOCK,Normal Goal,1554017.0
22/08/2026,J1 League,2026/2027,KYOTO SANGA,MITO HOLLYHOCK,82,2P,R. Nakano,S. Nagasawa,,KYOTO SANGA,Normal Goal,1554017.0
23/08/2026,J1 League,2026/2027,MACHIDA ZELVIA,URAWA,8,1P,H. Nakamura,M. Duke,,MACHIDA ZELVIA,Normal Goal,1554018.0
23/08/2026,J1 League,2026/2027,MACHIDA ZELVIA,URAWA,45,1P,R. Watanabe,T. Kaneko,,URAWA,Normal Goal,1554018.0
23/08/2026,J1 League,2026/2027,MACHIDA ZELVIA,URAWA,54,2P,T. Nishimura,Y. Soma,,MACHIDA ZELVIA,Normal Goal,1554018.0
23/08/2026,J1 League,2026/2027,MACHIDA ZELVIA,URAWA,61,2P,N. Lavi,,,MACHIDA ZELVIA,Normal Goal,1554018.0
14/08/2026,J1 League,2026/2027,TOKYO VERDY,KASHIWA REYSOL,2,1P,N. Hayashi,S. Meshino,,TOKYO VERDY,Normal Goal,1556021.0
14/08/2026,J1 League,2026/2027,TOKYO VERDY,KASHIWA REYSOL,11,1P,K. Endo,N. Nakagawa,,KASHIWA REYSOL,Normal Goal,1556021.0
14/08/2026,J1 League,2026/2027,TOKYO VERDY,KASHIWA REYSOL,65,2P,Y. Segawa,M. Watai,,KASHIWA REYSOL,Normal Goal,1556021.0
14/08/2026,J1 League,2026/2027,TOKYO VERDY,KASHIWA REYSOL,82,2P,T. Kubo,K. Yuba,,KASHIWA REYSOL,Normal Goal,1556021.0
15/08/2026,J1 League,2026/2027,AVISPA FUKUOKA,CEREZO OSAKA,35,1P,K. Fujimoto,,,AVISPA FUKUOKA,Normal Goal,1556022.0
15/08/2026,J1 League,2026/2027,AVISPA FUKUOKA,CEREZO OSAKA,43,1P,Y. Tsujioka,,,AVISPA FUKUOKA,Normal Goal,1556022.0
15/08/2026,J1 League,2026/2027,AVISPA FUKUOKA,CEREZO OSAKA,74,2P,Werik Popo,D. Fukazawa,,AVISPA FUKUOKA,Normal Goal,1556022.0
21/08/2026,J1 League,2026/2027,FC TOKYO,JEF UNITED CHIBA,72,2P,T. Ko,,,FC TOKYO,Normal Goal,1556023.0
21/08/2026,J1 League,2026/2027,FC TOKYO,JEF UNITED CHIBA,85,2P,S. Anzai,T. Nakagawa,,FC TOKYO,Normal Goal,1556023.0
21/08/2026,J1 League,2026/2027,KASHIWA REYSOL,V-VAREN NAGASAKI,6,1P,T. Ominami,,,KASHIWA REYSOL,Own Goal,1556024.0
21/08/2026,J1 League,2026/2027,KASHIWA REYSOL,V-VAREN NAGASAKI,51,2P,T. Matsumoto,H. Yamaguchi,,V-VAREN NAGASAKI,Normal Goal,1556024.0
21/08/2026,J1 League,2026/2027,KASHIWA REYSOL,V-VAREN NAGASAKI,56,2P,Y. Iwasaki,,,V-VAREN NAGASAKI,Normal Goal,1556024.0
21/08/2026,J1 League,2026/2027,KASHIWA REYSOL,V-VAREN NAGASAKI,63,2P,Y. Koizumi,Y. Segawa,,KASHIWA REYSOL,Normal Goal,1556024.0
21/08/2026,J1 League,2026/2027,KASHIWA REYSOL,V-VAREN NAGASAKI,77,2P,Y. Segawa,N. Nakagawa,,KASHIWA REYSOL,Normal Goal,1556024.0
21/08/2026,J1 League,2026/2027,KASHIWA REYSOL,V-VAREN NAGASAKI,83,2P,M. Sekiguchi,,,KASHIWA REYSOL,Own Goal,1556024.0
22/08/2026,J1 League,2026/2027,CEREZO OSAKA,SHIMIZU S-PULSE,62,2P,Thiago Andrade,J. Irvine,,CEREZO OSAKA,Normal Goal,1556025.0
22/08/2026,J1 League,2026/2027,KASHIMA,AVISPA FUKUOKA,31,1P,T. Nara,,,KASHIMA,Own Goal,1556026.0
22/08/2026,J1 League,2026/2027,KASHIMA,AVISPA FUKUOKA,43,1P,S. Morooka,,,AVISPA FUKUOKA,Normal Goal,1556026.0
22/08/2026,J1 League,2026/2027,KASHIMA,AVISPA FUKUOKA,60,2P,Leo Ceara,Y. Matsumura,,KASHIMA,Normal Goal,1556026.0
22/08/2026,J1 League,2026/2027,KASHIMA,AVISPA FUKUOKA,64,2P,A. Cavric,Y. Suzuki,,KASHIMA,Normal Goal,1556026.0
22/08/2026,J1 League,2026/2027,KASHIMA,AVISPA FUKUOKA,76,2P,Leo Ceara,,,AVISPA FUKUOKA,Own Goal,1556026.0
22/08/2026,J1 League,2026/2027,NAGOYA GRAMPUS,GAMBA OSAKA,7,1P,Y. Kimura,R. Izumi,,NAGOYA GRAMPUS,Normal Goal,1556027.0
22/08/2026,J1 League,2026/2027,NAGOYA GRAMPUS,GAMBA OSAKA,11,1P,R. Meshino,R. Yamashita,,GAMBA OSAKA,Normal Goal,1556027.0
22/08/2026,J1 League,2026/2027,NAGOYA GRAMPUS,GAMBA OSAKA,83,2P,Y. Asano,,,NAGOYA GRAMPUS,Normal Goal,1556027.0
22/08/2026,J1 League,2026/2027,NAGOYA GRAMPUS,GAMBA OSAKA,90,2P,M. Ono,Y. Asano,,NAGOYA GRAMPUS,Normal Goal,1556027.0
22/08/2026,J1 League,2026/2027,SANFRECCE HIROSHIMA,KAWASAKI FRONTALE,28,1P,M. Kato,S. Higashi,,SANFRECCE HIROSHIMA,Normal Goal,1556029.0
22/08/2026,J1 League,2026/2027,SANFRECCE HIROSHIMA,KAWASAKI FRONTALE,58,2P,Y. Yamamoto,R. Yamahara,,KAWASAKI FRONTALE,Normal Goal,1556029.0
22/08/2026,J1 League,2026/2027,YOKOHAMA F. MARINOS,VISSEL KOBE,8,1P,S. Miidera,,,YOKOHAMA F. MARINOS,Normal Goal,1556030.0
29/08/2026,J1 League,2026/2027,KAWASAKI FRONTALE,JEF UNITED CHIBA,10,1P,Derik Lacerda,Y. Wakizaka,,KAWASAKI FRONTALE,Normal Goal,1556032.0
29/08/2026,J1 League,2026/2027,KAWASAKI FRONTALE,JEF UNITED CHIBA,26,1P,K. Tanaka,,,JEF UNITED CHIBA,Normal Goal,1556032.0
29/08/2026,J1 League,2026/2027,KAWASAKI FRONTALE,JEF UNITED CHIBA,37,1P,T. Ito,Marcinho,,KAWASAKI FRONTALE,Normal Goal,1556032.0
29/08/2026,J1 League,2026/2027,KAWASAKI FRONTALE,JEF UNITED CHIBA,38,1P,K. Tanaka,D. Ishikawa,,JEF UNITED CHIBA,Normal Goal,1556032.0
29/08/2026,J1 League,2026/2027,KAWASAKI FRONTALE,JEF UNITED CHIBA,42,1P,Marcinho,Derik Lacerda,,KAWASAKI FRONTALE,Normal Goal,1556032.0
29/08/2026,J1 League,2026/2027,KAWASAKI FRONTALE,JEF UNITED CHIBA,45,1P,Y. Wakizaka,Derik Lacerda,,KAWASAKI FRONTALE,Normal Goal,1556032.0
29/08/2026,J1 League,2026/2027,KYOTO SANGA,AVISPA FUKUOKA,8,1P,Rafael Elias,,,KYOTO SANGA,Normal Goal,1556033.0
29/08/2026,J1 League,2026/2027,KYOTO SANGA,AVISPA FUKUOKA,63,2P,H. Arai,Rafael Elias,,KYOTO SANGA,Normal Goal,1556033.0
29/08/2026,J1 League,2026/2027,KYOTO SANGA,AVISPA FUKUOKA,86,2P,Halls,,,AVISPA FUKUOKA,Own Goal,1556033.0
29/08/2026,J1 League,2026/2027,MITO HOLLYHOCK,MACHIDA ZELVIA,27,1P,A. Watanabe,,,MITO HOLLYHOCK,Normal Goal,1556034.0
29/08/2026,J1 League,2026/2027,MITO HOLLYHOCK,MACHIDA ZELVIA,33,1P,Y. Soma,,,MACHIDA ZELVIA,Normal Goal,1556034.0
29/08/2026,J1 League,2026/2027,NAGOYA GRAMPUS,FAGIANO OKAYAMA,38,1P,Y. Suzuki,Lucao,,FAGIANO OKAYAMA,Normal Goal,1556035.0
29/08/2026,J1 League,2026/2027,NAGOYA GRAMPUS,FAGIANO OKAYAMA,43,1P,S. Inagaki,,,NAGOYA GRAMPUS,Penalty,1556035.0
29/08/2026,J1 League,2026/2027,NAGOYA GRAMPUS,FAGIANO OKAYAMA,90,2P,K. Nakayama,,,NAGOYA GRAMPUS,Normal Goal,1556035.0
29/08/2026,J1 League,2026/2027,SHIMIZU S-PULSE,KASHIWA REYSOL,71,2P,J. Sumiyoshi,,,KASHIWA REYSOL,Own Goal,1556036.0
29/08/2026,J1 League,2026/2027,URAWA,YOKOHAMA F. MARINOS,38,1P,K. Tanimura,K. Matsumura,,YOKOHAMA F. MARINOS,Normal Goal,1556037.0
29/08/2026,J1 League,2026/2027,URAWA,YOKOHAMA F. MARINOS,40,1P,Matheus Savio,,,URAWA,Normal Goal,1556037.0
29/08/2026,J1 League,2026/2027,URAWA,YOKOHAMA F. MARINOS,57,2P,K. Tanimura,T. Inoue,,YOKOHAMA F. MARINOS,Normal Goal,1556037.0
29/08/2026,J1 League,2026/2027,URAWA,YOKOHAMA F. MARINOS,64,2P,K. Nemoto,R. Watanabe,,URAWA,Normal Goal,1556037.0
29/08/2026,J1 League,2026/2027,URAWA,YOKOHAMA F. MARINOS,71,2P,H. Minamino,,,URAWA,Normal Goal,1556037.0
29/08/2026,J1 League,2026/2027,TOKYO VERDY,KASHIMA,42,1P,Leo Ceara,Elber,,KASHIMA,Normal Goal,1556038.0
29/08/2026,J1 League,2026/2027,TOKYO VERDY,KASHIMA,50,2P,Leo Ceara,N. Ueda,,KASHIMA,Normal Goal,1556038.0
29/08/2026,J1 League,2026/2027,VISSEL KOBE,CEREZO OSAKA,71,2P,R. Komatsu,,,VISSEL KOBE,Penalty,1556039.0
29/08/2026,J1 League,2026/2027,V-VAREN NAGASAKI,FC TOKYO,37,1P,M. Nagakura,K. Bangnagande,,FC TOKYO,Normal Goal,1556040.0
29/08/2026,J1 League,2026/2027,V-VAREN NAGASAKI,FC TOKYO,45,1P,S. Homma,Marcelo Ryan,,FC TOKYO,Normal Goal,1556040.0
29/08/2026,J1 League,2026/2027,V-VAREN NAGASAKI,FC TOKYO,55,2P,Marcelo Ryan,M. Nagakura,,FC TOKYO,Normal Goal,1556040.0
07/08/2026,J1 League,2026,YOKOHAMA F. MARINOS,KASHIMA,7,1P,S. Miidera,,,YOKOHAMA F. MARINOS,Normal Goal,1553999.0
07/08/2026,J1 League,2026,YOKOHAMA F. MARINOS,KASHIMA,11,1P,Leo Ceara,R. Ogawa,,KASHIMA,Normal Goal,1553999.0
07/08/2026,J1 League,2026,YOKOHAMA F. MARINOS,KASHIMA,18,1P,K. Tanimura,J. Amano,,YOKOHAMA F. MARINOS,Normal Goal,1553999.0
07/08/2026,J1 League,2026,YOKOHAMA F. MARINOS,KASHIMA,58,2P,K. Tanimura,J. Amano,,YOKOHAMA F. MARINOS,Normal Goal,1553999.0
07/08/2026,J1 League,2026,YOKOHAMA F. MARINOS,KASHIMA,81,2P,Leo Ceara,,,KASHIMA,Normal Goal,1553999.0
07/08/2026,J1 League,2026,YOKOHAMA F. MARINOS,KASHIMA,90,2P,A. Cavric,G. Shibasaki,,KASHIMA,Normal Goal,1553999.0
