Date,League,Season,HomeTeam,AwayTeam,minuto,parte,goleador,asistente,jugador_tarjeta,equipo,tipo,fixture_id
28/01/2026,Serie A Brasil,2026,INTERNACIONAL,ATLETICO PARANAENSE,9,1P,S. Mendoza,K. Viveros,,ATLETICO PARANAENSE,Normal Goal,1492116
28/01/2026,Serie A Brasil,2026,VITORIA,REMO,58,2P,Renato Kayzer,Erick,,VITORIA,Normal Goal,1492119
28/01/2026,Serie A Brasil,2026,VITORIA,REMO,77,2P,Baralhas,Erick,,VITORIA,Normal Goal,1492119
28/01/2026,Serie A Brasil,2026,CORITIBA,RB BRAGANTINO,90,2P,Juninho Capixaba,Marcelinho,,RB BRAGANTINO,Normal Goal,1492114
28/01/2026,Serie A Brasil,2026,ATLETICO-MG,PALMEIRAS,27,1P,J. Lopez,Andreas Pereira,,PALMEIRAS,Normal Goal,1492110
28/01/2026,Serie A Brasil,2026,ATLETICO-MG,PALMEIRAS,44,1P,Victor Hugo,R. Lodi,,ATLETICO-MG,Normal Goal,1492110
28/01/2026,Serie A Brasil,2026,ATLETICO-MG,PALMEIRAS,74,2P,Khellven,,,ATLETICO-MG,Own Goal,1492110
28/01/2026,Serie A Brasil,2026,ATLETICO-MG,PALMEIRAS,84,2P,Vitor Roque,,,PALMEIRAS,Normal Goal,1492110
28/01/2026,Serie A Brasil,2026,FLUMINENSE,GREMIO,46,2P,Nonato,,,FLUMINENSE,Normal Goal,1492115
28/01/2026,Serie A Brasil,2026,FLUMINENSE,GREMIO,59,2P,L. Acosta,Rene,,FLUMINENSE,Normal Goal,1492115
28/01/2026,Serie A Brasil,2026,FLUMINENSE,GREMIO,75,2P,Carlos Vinicius,Gustavo Martins,,GREMIO,Normal Goal,1492115
28/01/2026,Serie A Brasil,2026,CORINTHIANS,BAHIA,12,1P,Breno Bidon,R. Garro,,CORINTHIANS,Normal Goal,1492113
28/01/2026,Serie A Brasil,2026,CORINTHIANS,BAHIA,32,1P,Jean Lucas,Gilberto,,BAHIA,Normal Goal,1492113
28/01/2026,Serie A Brasil,2026,CORINTHIANS,BAHIA,45,1P,Willian Jose,,,BAHIA,Penalty,1492113
28/01/2026,Serie A Brasil,2026,CHAPECOENSE-SC,SANTOS,16,1P,W. Clar,,,CHAPECOENSE-SC,Penalty,1492112
28/01/2026,Serie A Brasil,2026,CHAPECOENSE-SC,SANTOS,45,1P,Gabriel Menino,Igor Vinicius,,SANTOS,Normal Goal,1492112
28/01/2026,Serie A Brasil,2026,CHAPECOENSE-SC,SANTOS,67,2P,A. Barreal,Ze Rafael,,SANTOS,Normal Goal,1492112
28/01/2026,Serie A Brasil,2026,CHAPECOENSE-SC,SANTOS,73,2P,Higor Meritao,,,CHAPECOENSE-SC,Normal Goal,1492112
28/01/2026,Serie A Brasil,2026,CHAPECOENSE-SC,SANTOS,80,2P,Jean Carlos,,,CHAPECOENSE-SC,Normal Goal,1492112
28/01/2026,Serie A Brasil,2026,CHAPECOENSE-SC,SANTOS,90,2P,Rafael Carvalheira,Jean Carlos,,CHAPECOENSE-SC,Normal Goal,1492112
29/01/2026,Serie A Brasil,2026,SAO PAULO,FLAMENGO,54,2P,G. Plata,Pedro,,FLAMENGO,Normal Goal,1492118
29/01/2026,Serie A Brasil,2026,SAO PAULO,FLAMENGO,61,2P,Luciano,E. Diaz,,SAO PAULO,Normal Goal,1492118
29/01/2026,Serie A Brasil,2026,SAO PAULO,FLAMENGO,71,2P,Danielzinho,,,SAO PAULO,Normal Goal,1492118
29/01/2026,Serie A Brasil,2026,MIRASSOL,VASCO DA GAMA,21,1P,Coutinho,J. Rodriguez,,VASCO DA GAMA,Normal Goal,1492117
29/01/2026,Serie A Brasil,2026,MIRASSOL,VASCO DA GAMA,32,1P,C. Cuesta,,,MIRASSOL,Own Goal,1492117
29/01/2026,Serie A Brasil,2026,MIRASSOL,VASCO DA GAMA,54,2P,Eduardo,Alesson,,MIRASSOL,Normal Goal,1492117
30/01/2026,Serie A Brasil,2026,BOTAFOGO,CRUZEIRO,48,2P,Danilo,Arthur Cabral,,BOTAFOGO,Normal Goal,1492111
30/01/2026,Serie A Brasil,2026,BOTAFOGO,CRUZEIRO,76,2P,Matheus Martins,A. Montoro,,BOTAFOGO,Normal Goal,1492111
30/01/2026,Serie A Brasil,2026,BOTAFOGO,CRUZEIRO,85,2P,Danilo,Nathan Fernandes,,BOTAFOGO,Normal Goal,1492111
30/01/2026,Serie A Brasil,2026,BOTAFOGO,CRUZEIRO,90,2P,Artur,,,BOTAFOGO,Normal Goal,1492111
04/02/2026,Serie A Brasil,2026,FLAMENGO,INTERNACIONAL,45,1P,R. Borre,J. Carbonero,,INTERNACIONAL,Normal Goal,1492124
04/02/2026,Serie A Brasil,2026,FLAMENGO,INTERNACIONAL,68,2P,G. de Arrascaeta,,,FLAMENGO,Penalty,1492124
04/02/2026,Serie A Brasil,2026,RB BRAGANTINO,ATLETICO-MG,38,1P,Gustavo Neves,,,RB BRAGANTINO,Normal Goal,1492122
04/02/2026,Serie A Brasil,2026,SANTOS,SAO PAULO,45,1P,Ze Rafael,,,SANTOS,Normal Goal,1492128
04/02/2026,Serie A Brasil,2026,SANTOS,SAO PAULO,66,2P,Jonathan Calleri,Lucas Moura,,SAO PAULO,Normal Goal,1492128
04/02/2026,Serie A Brasil,2026,REMO,MIRASSOL,8,1P,Joao Pedro,Alef Manga,,REMO,Normal Goal,1492127
04/02/2026,Serie A Brasil,2026,REMO,MIRASSOL,39,1P,Alef Manga,,,REMO,Normal Goal,1492127
04/02/2026,Serie A Brasil,2026,REMO,MIRASSOL,81,2P,Igor Formiga,Jose Aldo,,MIRASSOL,Normal Goal,1492127
04/02/2026,Serie A Brasil,2026,REMO,MIRASSOL,89,2P,Nathan Fogaca,Joao Victor,,MIRASSOL,Normal Goal,1492127
05/02/2026,Serie A Brasil,2026,PALMEIRAS,VITORIA,24,1P,Murilo,Andreas Pereira,,PALMEIRAS,Normal Goal,1492126
05/02/2026,Serie A Brasil,2026,PALMEIRAS,VITORIA,28,1P,G. Gomez,Murilo,,PALMEIRAS,Normal Goal,1492126
05/02/2026,Serie A Brasil,2026,PALMEIRAS,VITORIA,45,1P,Mauricio,J. Piquerez,,PALMEIRAS,Normal Goal,1492126
05/02/2026,Serie A Brasil,2026,PALMEIRAS,VITORIA,56,2P,Dudu,Fabricio,,VITORIA,Normal Goal,1492126
05/02/2026,Serie A Brasil,2026,PALMEIRAS,VITORIA,63,2P,Allan Elias,Andreas Pereira,,PALMEIRAS,Normal Goal,1492126
05/02/2026,Serie A Brasil,2026,PALMEIRAS,VITORIA,80,2P,R. Sosa,Andreas Pereira,,PALMEIRAS,Normal Goal,1492126
05/02/2026,Serie A Brasil,2026,GREMIO,BOTAFOGO,17,1P,Arthur Cabral,A. Barboza,,BOTAFOGO,Normal Goal,1492125
05/02/2026,Serie A Brasil,2026,GREMIO,BOTAFOGO,26,1P,Carlos Vinicius,,,GREMIO,Normal Goal,1492125
05/02/2026,Serie A Brasil,2026,GREMIO,BOTAFOGO,36,1P,Danilo,A. Montoro,,BOTAFOGO,Normal Goal,1492125
05/02/2026,Serie A Brasil,2026,GREMIO,BOTAFOGO,50,2P,Carlos Vinicius,F. Amuzu,,GREMIO,Normal Goal,1492125
05/02/2026,Serie A Brasil,2026,GREMIO,BOTAFOGO,57,2P,Carlos Vinicius,,,GREMIO,Penalty,1492125
05/02/2026,Serie A Brasil,2026,GREMIO,BOTAFOGO,60,2P,Tete,F. Amuzu,,GREMIO,Normal Goal,1492125
05/02/2026,Serie A Brasil,2026,GREMIO,BOTAFOGO,79,2P,Edenilson,,,GREMIO,Normal Goal,1492125
05/02/2026,Serie A Brasil,2026,GREMIO,BOTAFOGO,86,2P,Danilo,A. Barboza,,BOTAFOGO,Normal Goal,1492125
05/02/2026,Serie A Brasil,2026,BAHIA,FLUMINENSE,20,1P,John Kennedy,Nonato,,FLUMINENSE,Normal Goal,1492121
05/02/2026,Serie A Brasil,2026,BAHIA,FLUMINENSE,78,2P,C. Olivera,,,BAHIA,Normal Goal,1492121
05/02/2026,Serie A Brasil,2026,VASCO DA GAMA,CHAPECOENSE-SC,55,2P,J. Rodriguez,Andres Gomez,,VASCO DA GAMA,Normal Goal,1492129
05/02/2026,Serie A Brasil,2026,VASCO DA GAMA,CHAPECOENSE-SC,90,2P,Jean Carlos,,,CHAPECOENSE-SC,Normal Goal,1492129
06/02/2026,Serie A Brasil,2026,CRUZEIRO,CORITIBA,19,1P,Matheus Pereira,L. Romero,,CRUZEIRO,Normal Goal,1492123
06/02/2026,Serie A Brasil,2026,CRUZEIRO,CORITIBA,45,1P,J. Lavega,Bruno Melo,,CORITIBA,Normal Goal,1492123
06/02/2026,Serie A Brasil,2026,CRUZEIRO,CORITIBA,53,2P,Breno Lopes,,,CORITIBA,Normal Goal,1492123
11/02/2026,Serie A Brasil,2026,VITORIA,FLAMENGO,15,1P,E. Pulgar,Everton,,FLAMENGO,Normal Goal,1492139
11/02/2026,Serie A Brasil,2026,VITORIA,FLAMENGO,45,1P,Everton,Leo Ortiz,,FLAMENGO,Normal Goal,1492139
11/02/2026,Serie A Brasil,2026,VITORIA,FLAMENGO,51,2P,Matheuzinho,Baralhas,,VITORIA,Normal Goal,1492139
11/02/2026,Serie A Brasil,2026,CHAPECOENSE-SC,CORITIBA,41,1P,Breno Lopes,Lucas Ronier,,CORITIBA,Normal Goal,1492132
11/02/2026,Serie A Brasil,2026,CHAPECOENSE-SC,CORITIBA,45,1P,W. Clar,Everton,,CHAPECOENSE-SC,Normal Goal,1492132
11/02/2026,Serie A Brasil,2026,CHAPECOENSE-SC,CORITIBA,57,2P,Breno Lopes,,,CORITIBA,Normal Goal,1492132
11/02/2026,Serie A Brasil,2026,CHAPECOENSE-SC,CORITIBA,59,2P,Pedro Rocha,Lucas Ronier,,CORITIBA,Normal Goal,1492132
11/02/2026,Serie A Brasil,2026,CHAPECOENSE-SC,CORITIBA,71,2P,Eduardo Doma,Jean Carlos,,CHAPECOENSE-SC,Normal Goal,1492132
11/02/2026,Serie A Brasil,2026,CHAPECOENSE-SC,CORITIBA,90,2P,Rubens Ricoldi,W. Clar,,CHAPECOENSE-SC,Normal Goal,1492132
11/02/2026,Serie A Brasil,2026,MIRASSOL,CRUZEIRO,23,1P,Wanderson,L. Romero,,CRUZEIRO,Normal Goal,1492136
11/02/2026,Serie A Brasil,2026,MIRASSOL,CRUZEIRO,38,1P,Nathan Fogaca,,,MIRASSOL,Normal Goal,1492136
11/02/2026,Serie A Brasil,2026,MIRASSOL,CRUZEIRO,53,2P,Negueba,,,MIRASSOL,Normal Goal,1492136
11/02/2026,Serie A Brasil,2026,MIRASSOL,CRUZEIRO,85,2P,Kaio Jorge,,,CRUZEIRO,Penalty,1492136
11/02/2026,Serie A Brasil,2026,ATLETICO-MG,REMO,22,1P,Hulk,Victor Hugo,,ATLETICO-MG,Normal Goal,1492131
11/02/2026,Serie A Brasil,2026,ATLETICO-MG,REMO,42,1P,Vitor Bueno,,,REMO,Normal Goal,1492131
11/02/2026,Serie A Brasil,2026,ATLETICO-MG,REMO,70,2P,Ruan Tressoldi,Hulk,,ATLETICO-MG,Normal Goal,1492131
11/02/2026,Serie A Brasil,2026,ATLETICO-MG,REMO,87,2P,Yago Pikachu,Patrick de Paula,,REMO,Normal Goal,1492131
11/02/2026,Serie A Brasil,2026,ATLETICO-MG,REMO,90,2P,Alef Manga,Patrick de Paula,,REMO,Normal Goal,1492131
11/02/2026,Serie A Brasil,2026,ATLETICO-MG,REMO,90,2P,Dudu,,,ATLETICO-MG,Normal Goal,1492131
12/02/2026,Serie A Brasil,2026,SAO PAULO,GREMIO,24,1P,Lucas Moura,,,SAO PAULO,Penalty,1492137
12/02/2026,Serie A Brasil,2026,SAO PAULO,GREMIO,59,2P,Jonathan Calleri,Luciano,,SAO PAULO,Normal Goal,1492137
12/02/2026,Serie A Brasil,2026,VASCO DA GAMA,BAHIA,22,1P,Luciano Juba,Everton Ribeiro,,BAHIA,Normal Goal,1492138
12/02/2026,Serie A Brasil,2026,ATLETICO PARANAENSE,SANTOS,6,1P,Julimar,,,ATLETICO PARANAENSE,Penalty,1492130
12/02/2026,Serie A Brasil,2026,ATLETICO PARANAENSE,SANTOS,17,1P,Thaciano,,,SANTOS,Normal Goal,1492130
12/02/2026,Serie A Brasil,2026,ATLETICO PARANAENSE,SANTOS,90,2P,K. Viveros,L. Esquivel,,ATLETICO PARANAENSE,Normal Goal,1492130
12/02/2026,Serie A Brasil,2026,FLUMINENSE,BOTAFOGO,55,2P,L. Acosta,,,FLUMINENSE,Normal Goal,1492134
12/02/2026,Serie A Brasil,2026,CORINTHIANS,RB BRAGANTINO,47,2P,Gabriel Paulista,R. Garro,,CORINTHIANS,Normal Goal,1492133
12/02/2026,Serie A Brasil,2026,CORINTHIANS,RB BRAGANTINO,59,2P,Isidro Pitta,,,RB BRAGANTINO,Missed Penalty,1492133
12/02/2026,Serie A Brasil,2026,CORINTHIANS,RB BRAGANTINO,74,2P,Matheus Bidu,,,CORINTHIANS,Normal Goal,1492133
13/02/2026,Serie A Brasil,2026,INTERNACIONAL,PALMEIRAS,23,1P,G. Gomez,Andreas Pereira,,PALMEIRAS,Normal Goal,1492135
13/02/2026,Serie A Brasil,2026,INTERNACIONAL,PALMEIRAS,36,1P,Ronaldo,,,INTERNACIONAL,Normal Goal,1492135
13/02/2026,Serie A Brasil,2026,INTERNACIONAL,PALMEIRAS,52,2P,Vitor Roque,,,PALMEIRAS,Normal Goal,1492135
13/02/2026,Serie A Brasil,2026,INTERNACIONAL,PALMEIRAS,82,2P,Andreas Pereira,Lucas Evangelista,,PALMEIRAS,Normal Goal,1492135
19/02/2026,Serie A Brasil,2026,ATLETICO PARANAENSE,CORINTHIANS,16,1P,Julimar,,,ATLETICO PARANAENSE,Missed Penalty,1492120
19/02/2026,Serie A Brasil,2026,ATLETICO PARANAENSE,CORINTHIANS,20,1P,R. Garro,,,CORINTHIANS,Normal Goal,1492120
25/02/2026,Serie A Brasil,2026,RB BRAGANTINO,ATLETICO PARANAENSE,44,1P,Juninho Capixaba,,,RB BRAGANTINO,Normal Goal,1492142
25/02/2026,Serie A Brasil,2026,RB BRAGANTINO,ATLETICO PARANAENSE,79,2P,Julimar,G. Benavidez,,ATLETICO PARANAENSE,Normal Goal,1492142
25/02/2026,Serie A Brasil,2026,REMO,INTERNACIONAL,4,1P,Alan Patrick,Vitinho,,INTERNACIONAL,Normal Goal,1492148
25/02/2026,Serie A Brasil,2026,REMO,INTERNACIONAL,14,1P,L. Picco,Alef Manga,,REMO,Normal Goal,1492148
25/02/2026,Serie A Brasil,2026,CORITIBA,SAO PAULO,57,2P,Cauly,,,SAO PAULO,Penalty,1492143
25/02/2026,Serie A Brasil,2026,CRUZEIRO,CORINTHIANS,9,1P,Matheus Pereira,,,CRUZEIRO,Normal Goal,1492144
25/02/2026,Serie A Brasil,2026,CRUZEIRO,CORINTHIANS,81,2P,Joao Pedro,R. Garro,,CORINTHIANS,Normal Goal,1492144
26/02/2026,Serie A Brasil,2026,PALMEIRAS,FLUMINENSE,9,1P,Vitor Roque,,,PALMEIRAS,Penalty,1492147
26/02/2026,Serie A Brasil,2026,PALMEIRAS,FLUMINENSE,13,1P,Allan Elias,J. Lopez,,PALMEIRAS,Normal Goal,1492147
26/02/2026,Serie A Brasil,2026,PALMEIRAS,FLUMINENSE,40,1P,L. Acosta,,,FLUMINENSE,Normal Goal,1492147
26/02/2026,Serie A Brasil,2026,GREMIO,ATLETICO-MG,51,2P,E. Noriega,Marlon,,GREMIO,Normal Goal,1492146
26/02/2026,Serie A Brasil,2026,GREMIO,ATLETICO-MG,56,2P,Victor Hugo,Everson,,ATLETICO-MG,Normal Goal,1492146
26/02/2026,Serie A Brasil,2026,GREMIO,ATLETICO-MG,66,2P,Marlon,E. Noriega,,GREMIO,Normal Goal,1492146
26/02/2026,Serie A Brasil,2026,SANTOS,VASCO DA GAMA,25,1P,Neymar,Moises,,SANTOS,Normal Goal,1492149
26/02/2026,Serie A Brasil,2026,SANTOS,VASCO DA GAMA,43,1P,Cauan Barros,,,VASCO DA GAMA,Normal Goal,1492149
26/02/2026,Serie A Brasil,2026,SANTOS,VASCO DA GAMA,61,2P,Neymar,,,SANTOS,Normal Goal,1492149
11/03/2026,Serie A Brasil,2026,MIRASSOL,SANTOS,21,1P,Igor Formiga,Alesson,,MIRASSOL,Normal Goal,1492156
11/03/2026,Serie A Brasil,2026,MIRASSOL,SANTOS,71,2P,Negueba,Shaylon,,MIRASSOL,Normal Goal,1492156
11/03/2026,Serie A Brasil,2026,MIRASSOL,SANTOS,80,2P,Gabriel Barbosa,,,SANTOS,Normal Goal,1492156
11/03/2026,Serie A Brasil,2026,MIRASSOL,SANTOS,88,2P,Gabriel Barbosa,,,SANTOS,Penalty,1492156
11/03/2026,Serie A Brasil,2026,ATLETICO-MG,INTERNACIONAL,2,1P,Cuello,Hulk,,ATLETICO-MG,Normal Goal,1492151
11/03/2026,Serie A Brasil,2026,BAHIA,VITORIA,5,1P,Willian José,,,BAHIA,Missed Penalty,1492152
11/03/2026,Serie A Brasil,2026,BAHIA,VITORIA,45,1P,Ramon,,,VITORIA,Normal Goal,1492152
11/03/2026,Serie A Brasil,2026,BAHIA,VITORIA,45,1P,Jean Lucas,Willian Jose,,BAHIA,Normal Goal,1492152
12/03/2026,Serie A Brasil,2026,FLAMENGO,CRUZEIRO,5,1P,Pedro,,,FLAMENGO,Normal Goal,1492154
12/03/2026,Serie A Brasil,2026,FLAMENGO,CRUZEIRO,90,2P,J. Carrascal,Samuel Lino,,FLAMENGO,Normal Goal,1492154
12/03/2026,Serie A Brasil,2026,CORINTHIANS,CORITIBA,37,1P,Jacy,Josue,,CORITIBA,Normal Goal,1492153
12/03/2026,Serie A Brasil,2026,CORINTHIANS,CORITIBA,53,2P,Lucas Ronier,Josue,,CORITIBA,Normal Goal,1492153
12/03/2026,Serie A Brasil,2026,REMO,FLUMINENSE,16,1P,John Kennedy,Rene,,FLUMINENSE,Normal Goal,1492157
12/03/2026,Serie A Brasil,2026,REMO,FLUMINENSE,63,2P,A. Canobbio,L. Acosta,,FLUMINENSE,Normal Goal,1492157
12/03/2026,Serie A Brasil,2026,VASCO DA GAMA,PALMEIRAS,40,1P,J. Lopez,Marlon Freitas,,PALMEIRAS,Normal Goal,1492159
12/03/2026,Serie A Brasil,2026,VASCO DA GAMA,PALMEIRAS,63,2P,Thiago Mendes,David,,VASCO DA GAMA,Normal Goal,1492159
12/03/2026,Serie A Brasil,2026,VASCO DA GAMA,PALMEIRAS,74,2P,Cuiabano,Paulo Henrique,,VASCO DA GAMA,Normal Goal,1492159
12/03/2026,Serie A Brasil,2026,SAO PAULO,CHAPECOENSE-SC,47,2P,Luciano,Marcos Antonio,,SAO PAULO,Normal Goal,1492158
12/03/2026,Serie A Brasil,2026,SAO PAULO,CHAPECOENSE-SC,60,2P,Jonathan Calleri,D. Bobadilla,,SAO PAULO,Normal Goal,1492158
13/03/2026,Serie A Brasil,2026,GREMIO,RB BRAGANTINO,7,1P,Carlos Vinicius,J. Enamorado,,GREMIO,Normal Goal,1492155
13/03/2026,Serie A Brasil,2026,GREMIO,RB BRAGANTINO,66,2P,Rodriguinho,Juninho Capixaba,,RB BRAGANTINO,Normal Goal,1492155
14/03/2026,Serie A Brasil,2026,VITORIA,ATLETICO-MG,20,1P,Renato Kayzer,,,VITORIA,Normal Goal,1492169
14/03/2026,Serie A Brasil,2026,VITORIA,ATLETICO-MG,68,2P,Erick,Baralhas,,VITORIA,Normal Goal,1492169
14/03/2026,Serie A Brasil,2026,BOTAFOGO,FLAMENGO,13,1P,Samuel Lino,G. Varela,,FLAMENGO,Normal Goal,1492160
14/03/2026,Serie A Brasil,2026,BOTAFOGO,FLAMENGO,45,1P,Leo Pereira,,,FLAMENGO,Normal Goal,1492160
14/03/2026,Serie A Brasil,2026,BOTAFOGO,FLAMENGO,49,2P,Pedro,G. Varela,,FLAMENGO,Normal Goal,1492160
15/03/2026,Serie A Brasil,2026,INTERNACIONAL,BAHIA,23,1P,Willian Jose,,,BAHIA,Normal Goal,1492166
15/03/2026,Serie A Brasil,2026,FLUMINENSE,ATLETICO PARANAENSE,5,1P,S. Mendoza,B. Zapelli,,ATLETICO PARANAENSE,Normal Goal,1492165
15/03/2026,Serie A Brasil,2026,FLUMINENSE,ATLETICO PARANAENSE,9,1P,Hercules,J. Savarino,,FLUMINENSE,Normal Goal,1492165
15/03/2026,Serie A Brasil,2026,FLUMINENSE,ATLETICO PARANAENSE,37,1P,A. Canobbio,J. Savarino,,FLUMINENSE,Normal Goal,1492165
15/03/2026,Serie A Brasil,2026,FLUMINENSE,ATLETICO PARANAENSE,75,2P,Luiz Gustavo,L. Esquivel,,ATLETICO PARANAENSE,Normal Goal,1492165
15/03/2026,Serie A Brasil,2026,FLUMINENSE,ATLETICO PARANAENSE,90,2P,Guilherme Arana,,,FLUMINENSE,Normal Goal,1492165
15/03/2026,Serie A Brasil,2026,SANTOS,CORINTHIANS,18,1P,M. Depay,Kaio Cesar,,CORINTHIANS,Normal Goal,1492168
15/03/2026,Serie A Brasil,2026,SANTOS,CORINTHIANS,21,1P,Gabriel Barbosa,Neymar,,SANTOS,Normal Goal,1492168
15/03/2026,Serie A Brasil,2026,PALMEIRAS,MIRASSOL,26,1P,J. Lopez,Mauricio,,PALMEIRAS,Normal Goal,1492167
15/03/2026,Serie A Brasil,2026,CORITIBA,REMO,24,1P,Pedro Rocha,Breno Lopes,,CORITIBA,Normal Goal,1492163
15/03/2026,Serie A Brasil,2026,CRUZEIRO,VASCO DA GAMA,8,1P,Christian,Kaiki,,CRUZEIRO,Normal Goal,1492164
15/03/2026,Serie A Brasil,2026,CRUZEIRO,VASCO DA GAMA,52,2P,Cauan Barros,Cuiabano,,VASCO DA GAMA,Normal Goal,1492164
15/03/2026,Serie A Brasil,2026,CRUZEIRO,VASCO DA GAMA,54,2P,Cauan Barros,,,VASCO DA GAMA,Normal Goal,1492164
15/03/2026,Serie A Brasil,2026,CRUZEIRO,VASCO DA GAMA,70,2P,N. Villarreal,Chico,,CRUZEIRO,Normal Goal,1492164
15/03/2026,Serie A Brasil,2026,CRUZEIRO,VASCO DA GAMA,86,2P,Brenner,J. Rodriguez,,VASCO DA GAMA,Normal Goal,1492164
15/03/2026,Serie A Brasil,2026,CRUZEIRO,VASCO DA GAMA,90,2P,Japa,Kaua Moraes,,CRUZEIRO,Normal Goal,1492164
15/03/2026,Serie A Brasil,2026,RB BRAGANTINO,SAO PAULO,36,1P,J. Herrera,,,RB BRAGANTINO,Normal Goal,1492161
15/03/2026,Serie A Brasil,2026,RB BRAGANTINO,SAO PAULO,53,2P,Sabino,Danielzinho,,SAO PAULO,Normal Goal,1492161
15/03/2026,Serie A Brasil,2026,RB BRAGANTINO,SAO PAULO,68,2P,Jonathan Calleri,Lucas Ramon,,SAO PAULO,Normal Goal,1492161
16/03/2026,Serie A Brasil,2026,CHAPECOENSE-SC,GREMIO,28,1P,W. Clar,,,CHAPECOENSE-SC,Penalty,1492162
16/03/2026,Serie A Brasil,2026,CHAPECOENSE-SC,GREMIO,45,1P,J. Nardoni,,,GREMIO,Normal Goal,1492162
18/03/2026,Serie A Brasil,2026,BAHIA,RB BRAGANTINO,17,1P,Luciano Juba,Jean Lucas,,BAHIA,Normal Goal,1492172
18/03/2026,Serie A Brasil,2026,BAHIA,RB BRAGANTINO,40,1P,Erick,,,BAHIA,Normal Goal,1492172
18/03/2026,Serie A Brasil,2026,PALMEIRAS,BOTAFOGO,9,1P,Allan Elias,Andreas Pereira,,PALMEIRAS,Normal Goal,1492177
18/03/2026,Serie A Brasil,2026,PALMEIRAS,BOTAFOGO,53,2P,J. Arias,Andreas Pereira,,PALMEIRAS,Normal Goal,1492177
18/03/2026,Serie A Brasil,2026,PALMEIRAS,BOTAFOGO,59,2P,Danilo,,,BOTAFOGO,Normal Goal,1492177
18/03/2026,Serie A Brasil,2026,ATLETICO PARANAENSE,CRUZEIRO,1,1P,S. Mendoza,,,ATLETICO PARANAENSE,Normal Goal,1492170
18/03/2026,Serie A Brasil,2026,ATLETICO PARANAENSE,CRUZEIRO,10,1P,K. Viveros,,,ATLETICO PARANAENSE,Penalty,1492170
18/03/2026,Serie A Brasil,2026,ATLETICO PARANAENSE,CRUZEIRO,58,2P,N. Villarreal,Kaiki,,CRUZEIRO,Normal Goal,1492170
18/03/2026,Serie A Brasil,2026,ATLETICO-MG,SAO PAULO,64,2P,I. Roman,A. Franco,,ATLETICO-MG,Normal Goal,1492171
18/03/2026,Serie A Brasil,2026,MIRASSOL,CORITIBA,64,2P,J. Lavega,,,CORITIBA,Normal Goal,1492176
19/03/2026,Serie A Brasil,2026,SANTOS,INTERNACIONAL,46,2P,Ze Ivaldo,,,INTERNACIONAL,Own Goal,1492178
19/03/2026,Serie A Brasil,2026,SANTOS,INTERNACIONAL,56,2P,Neymar,,,SANTOS,Penalty,1492178
19/03/2026,Serie A Brasil,2026,SANTOS,INTERNACIONAL,90,2P,J. Carbonero,,,INTERNACIONAL,Normal Goal,1492178
19/03/2026,Serie A Brasil,2026,VASCO DA GAMA,FLUMINENSE,1,1P,A. Canobbio,L. Acosta,,FLUMINENSE,Normal Goal,1492179
19/03/2026,Serie A Brasil,2026,VASCO DA GAMA,FLUMINENSE,54,2P,Hercules,L. Acosta,,FLUMINENSE,Normal Goal,1492179
19/03/2026,Serie A Brasil,2026,VASCO DA GAMA,FLUMINENSE,59,2P,N. Moreira,,,VASCO DA GAMA,Normal Goal,1492179
19/03/2026,Serie A Brasil,2026,VASCO DA GAMA,FLUMINENSE,88,2P,C. Spinelli,Cuiabano,,VASCO DA GAMA,Normal Goal,1492179
19/03/2026,Serie A Brasil,2026,VASCO DA GAMA,FLUMINENSE,90,2P,Thiago Mendes,J. Rojas,,VASCO DA GAMA,Normal Goal,1492179
19/03/2026,Serie A Brasil,2026,GREMIO,VITORIA,27,1P,Camutanga,,,GREMIO,Own Goal,1492175
19/03/2026,Serie A Brasil,2026,GREMIO,VITORIA,54,2P,F. Amuzu,Weverton,,GREMIO,Normal Goal,1492175
19/03/2026,Serie A Brasil,2026,FLAMENGO,REMO,19,1P,Leo Ortiz,G. de Arrascaeta,,FLAMENGO,Normal Goal,1492174
19/03/2026,Serie A Brasil,2026,FLAMENGO,REMO,48,2P,Samuel Lino,Luiz Araujo,,FLAMENGO,Normal Goal,1492174
19/03/2026,Serie A Brasil,2026,FLAMENGO,REMO,54,2P,Luiz Araujo,,,FLAMENGO,Normal Goal,1492174
21/03/2026,Serie A Brasil,2026,RB BRAGANTINO,BOTAFOGO,8,1P,Alex Telles,,,BOTAFOGO,Penalty,1492181
21/03/2026,Serie A Brasil,2026,RB BRAGANTINO,BOTAFOGO,15,1P,Lucas Barbosa,H. Mosquera,,RB BRAGANTINO,Normal Goal,1492181
21/03/2026,Serie A Brasil,2026,RB BRAGANTINO,BOTAFOGO,71,2P,A. Barboza,Danilo,,BOTAFOGO,Normal Goal,1492181
21/03/2026,Serie A Brasil,2026,FLUMINENSE,ATLETICO-MG,29,1P,R. Castillo,A. Canobbio,,FLUMINENSE,Normal Goal,1492184
22/03/2026,Serie A Brasil,2026,SAO PAULO,PALMEIRAS,6,1P,J. Arias,J. Lopez,,PALMEIRAS,Normal Goal,1492187
22/03/2026,Serie A Brasil,2026,VASCO DA GAMA,GREMIO,7,1P,Thiago Mendes,Cuiabano,,VASCO DA GAMA,Normal Goal,1492188
22/03/2026,Serie A Brasil,2026,VASCO DA GAMA,GREMIO,34,1P,David,Cuiabano,,VASCO DA GAMA,Normal Goal,1492188
22/03/2026,Serie A Brasil,2026,VASCO DA GAMA,GREMIO,38,1P,Carlos Vinicius,J. Nardoni,,GREMIO,Normal Goal,1492188
22/03/2026,Serie A Brasil,2026,ATLETICO PARANAENSE,CORITIBA,22,1P,Dudu Kogitzki,Julimar,,ATLETICO PARANAENSE,Normal Goal,1492180
22/03/2026,Serie A Brasil,2026,ATLETICO PARANAENSE,CORITIBA,56,2P,K. Viveros,G. Benavidez,,ATLETICO PARANAENSE,Normal Goal,1492180
22/03/2026,Serie A Brasil,2026,REMO,BAHIA,32,1P,Everaldo,C. Olivera,,BAHIA,Normal Goal,1492186
22/03/2026,Serie A Brasil,2026,REMO,BAHIA,45,1P,Vitor Bueno,,,REMO,Normal Goal,1492186
22/03/2026,Serie A Brasil,2026,REMO,BAHIA,49,2P,Gabriel Taliari,,,REMO,Normal Goal,1492186
22/03/2026,Serie A Brasil,2026,REMO,BAHIA,57,2P,Luciano Juba,,,BAHIA,Missed Penalty,1492186
22/03/2026,Serie A Brasil,2026,REMO,BAHIA,58,2P,Gabriel Taliari,Vitor Bueno,,REMO,Normal Goal,1492186
22/03/2026,Serie A Brasil,2026,REMO,BAHIA,83,2P,Jaja,Alef Manga,,REMO,Normal Goal,1492186
22/03/2026,Serie A Brasil,2026,INTERNACIONAL,CHAPECOENSE-SC,28,1P,G. Mercado,Vitinho,,INTERNACIONAL,Normal Goal,1492185
22/03/2026,Serie A Brasil,2026,INTERNACIONAL,CHAPECOENSE-SC,51,2P,Alan Patrick,,,INTERNACIONAL,Penalty,1492185
22/03/2026,Serie A Brasil,2026,VITORIA,MIRASSOL,28,1P,Baralhas,,,VITORIA,Normal Goal,1492189
22/03/2026,Serie A Brasil,2026,CORINTHIANS,FLAMENGO,3,1P,Lucas Paqueta,Pedro,,FLAMENGO,Normal Goal,1492182
22/03/2026,Serie A Brasil,2026,CORINTHIANS,FLAMENGO,19,1P,Yuri Alberto,Matheus Bidu,,CORINTHIANS,Normal Goal,1492182
29/03/2026,Serie A Brasil,2026,ATLETICO PARANAENSE,BOTAFOGO,4,1P,K. Viveros,Dudu Kogitzki,,ATLETICO PARANAENSE,Normal Goal,1492150
29/03/2026,Serie A Brasil,2026,ATLETICO PARANAENSE,BOTAFOGO,43,1P,Edenilson,,,BOTAFOGO,Normal Goal,1492150
29/03/2026,Serie A Brasil,2026,ATLETICO PARANAENSE,BOTAFOGO,45,1P,K. Viveros,G. Benavidez,,ATLETICO PARANAENSE,Normal Goal,1492150
29/03/2026,Serie A Brasil,2026,ATLETICO PARANAENSE,BOTAFOGO,49,2P,F. Aguirre,L. Esquivel,,ATLETICO PARANAENSE,Normal Goal,1492150
29/03/2026,Serie A Brasil,2026,ATLETICO PARANAENSE,BOTAFOGO,81,2P,L. Esquivel,,,ATLETICO PARANAENSE,Normal Goal,1492150
01/04/2026,Serie A Brasil,2026,INTERNACIONAL,SAO PAULO,23,1P,Alerrandro,B. Aguirre,,INTERNACIONAL,Normal Goal,1492197
01/04/2026,Serie A Brasil,2026,INTERNACIONAL,SAO PAULO,87,2P,Jonathan Calleri,Wendell,,SAO PAULO,Normal Goal,1492197
01/04/2026,Serie A Brasil,2026,BOTAFOGO,MIRASSOL,11,1P,Arthur Cabral,Edenilson,,BOTAFOGO,Normal Goal,1492191
01/04/2026,Serie A Brasil,2026,BOTAFOGO,MIRASSOL,21,1P,Shaylon,,,MIRASSOL,Normal Goal,1492191
01/04/2026,Serie A Brasil,2026,BOTAFOGO,MIRASSOL,43,1P,Alex Telles,,,BOTAFOGO,Penalty,1492191
01/04/2026,Serie A Brasil,2026,BOTAFOGO,MIRASSOL,66,2P,Junior Santos,,,BOTAFOGO,Normal Goal,1492191
01/04/2026,Serie A Brasil,2026,BOTAFOGO,MIRASSOL,90,2P,Igor Formiga,Gabriel Pires,,MIRASSOL,Normal Goal,1492191
01/04/2026,Serie A Brasil,2026,BAHIA,ATLETICO PARANAENSE,3,1P,Everaldo,Jean Lucas,,BAHIA,Normal Goal,1492190
01/04/2026,Serie A Brasil,2026,BAHIA,ATLETICO PARANAENSE,35,1P,Everaldo,Luciano Juba,,BAHIA,Normal Goal,1492190
01/04/2026,Serie A Brasil,2026,BAHIA,ATLETICO PARANAENSE,90,2P,Luciano Juba,,,BAHIA,Normal Goal,1492190
01/04/2026,Serie A Brasil,2026,CRUZEIRO,VITORIA,33,1P,Christian,Matheus Pereira,,CRUZEIRO,Normal Goal,1492195
01/04/2026,Serie A Brasil,2026,CRUZEIRO,VITORIA,36,1P,Kaua Moraes,Matheus Cunha,,CRUZEIRO,Normal Goal,1492195
01/04/2026,Serie A Brasil,2026,CRUZEIRO,VITORIA,39,1P,Kaio Jorge,Christian,,CRUZEIRO,Normal Goal,1492195
01/04/2026,Serie A Brasil,2026,CORITIBA,VASCO DA GAMA,24,1P,Tche Tche,Paulo Henrique,,VASCO DA GAMA,Normal Goal,1492194
01/04/2026,Serie A Brasil,2026,CORITIBA,VASCO DA GAMA,90,2P,A. Saldivia,,,CORITIBA,Own Goal,1492194
02/04/2026,Serie A Brasil,2026,FLUMINENSE,CORINTHIANS,20,1P,John Kennedy,K. Serna,,FLUMINENSE,Normal Goal,1492196
02/04/2026,Serie A Brasil,2026,FLUMINENSE,CORINTHIANS,45,1P,Hercules,,,FLUMINENSE,Normal Goal,1492196
02/04/2026,Serie A Brasil,2026,FLUMINENSE,CORINTHIANS,83,2P,R. Castillo,Martinelli,,FLUMINENSE,Normal Goal,1492196
02/04/2026,Serie A Brasil,2026,FLUMINENSE,CORINTHIANS,89,2P,Andre,,,CORINTHIANS,Normal Goal,1492196
02/04/2026,Serie A Brasil,2026,SANTOS,REMO,40,1P,Thaciano,Neymar,,SANTOS,Normal Goal,1492199
02/04/2026,Serie A Brasil,2026,SANTOS,REMO,82,2P,Moises,G. Escobar,,SANTOS,Normal Goal,1492199
02/04/2026,Serie A Brasil,2026,CHAPECOENSE-SC,ATLETICO-MG,23,1P,Bernard,,,ATLETICO-MG,Normal Goal,1492193
02/04/2026,Serie A Brasil,2026,CHAPECOENSE-SC,ATLETICO-MG,30,1P,Reinier,Hulk,,ATLETICO-MG,Normal Goal,1492193
02/04/2026,Serie A Brasil,2026,CHAPECOENSE-SC,ATLETICO-MG,35,1P,Cuello,Reinier,,ATLETICO-MG,Normal Goal,1492193
02/04/2026,Serie A Brasil,2026,CHAPECOENSE-SC,ATLETICO-MG,90,2P,Dudu,Cuello,,ATLETICO-MG,Normal Goal,1492193
03/04/2026,Serie A Brasil,2026,PALMEIRAS,GREMIO,44,1P,Marlon Freitas,Andreas Pereira,,PALMEIRAS,Normal Goal,1492198
03/04/2026,Serie A Brasil,2026,PALMEIRAS,GREMIO,54,2P,Carlos Vinicius,Gustavo Martins,,GREMIO,Normal Goal,1492198
03/04/2026,Serie A Brasil,2026,PALMEIRAS,GREMIO,72,2P,Marlon Freitas,,,PALMEIRAS,Normal Goal,1492198
03/04/2026,Serie A Brasil,2026,RB BRAGANTINO,FLAMENGO,17,1P,I. Pitta,Juninho Capixaba,,RB BRAGANTINO,Normal Goal,1492192
03/04/2026,Serie A Brasil,2026,RB BRAGANTINO,FLAMENGO,39,1P,Gabriel,H. Mosquera,,RB BRAGANTINO,Normal Goal,1492192
03/04/2026,Serie A Brasil,2026,RB BRAGANTINO,FLAMENGO,55,2P,Lucas Barbosa,A. Sant'Anna,,RB BRAGANTINO,Normal Goal,1492192
04/04/2026,Serie A Brasil,2026,SAO PAULO,CRUZEIRO,12,1P,Jonathan Calleri,,,SAO PAULO,Penalty,1492208
04/04/2026,Serie A Brasil,2026,SAO PAULO,CRUZEIRO,16,1P,Ferreira,Artur,,SAO PAULO,Normal Goal,1492208
04/04/2026,Serie A Brasil,2026,SAO PAULO,CRUZEIRO,47,2P,Christian,K. Arroyo,,CRUZEIRO,Normal Goal,1492208
04/04/2026,Serie A Brasil,2026,SAO PAULO,CRUZEIRO,62,2P,Ferreira,,,SAO PAULO,Normal Goal,1492208
04/04/2026,Serie A Brasil,2026,SAO PAULO,CRUZEIRO,90,2P,Ferreira,Marcos Antonio,,SAO PAULO,Normal Goal,1492208
04/04/2026,Serie A Brasil,2026,CORITIBA,FLUMINENSE,74,2P,Tiago Coser,Josue,,CORITIBA,Normal Goal,1492204
04/04/2026,Serie A Brasil,2026,CORITIBA,FLUMINENSE,81,2P,John Kennedy,Ignacio,,FLUMINENSE,Normal Goal,1492204
05/04/2026,Serie A Brasil,2026,VASCO DA GAMA,BOTAFOGO,61,2P,David,J. Rodriguez,,VASCO DA GAMA,Normal Goal,1492209
05/04/2026,Serie A Brasil,2026,VASCO DA GAMA,BOTAFOGO,66,2P,L. M. Villalba Jaume,,,BOTAFOGO,Normal Goal,1492209
05/04/2026,Serie A Brasil,2026,VASCO DA GAMA,BOTAFOGO,79,2P,Matheus Martins,A. Montoro,,BOTAFOGO,Normal Goal,1492209
05/04/2026,Serie A Brasil,2026,CHAPECOENSE-SC,VITORIA,87,2P,Neto Pessoa,Marcos Vinicius,,CHAPECOENSE-SC,Normal Goal,1492202
05/04/2026,Serie A Brasil,2026,CHAPECOENSE-SC,VITORIA,90,2P,Matheuzinho,,,VITORIA,Penalty,1492202
05/04/2026,Serie A Brasil,2026,FLAMENGO,SANTOS,48,2P,L. Diaz,C. Oliva,,SANTOS,Normal Goal,1492205
05/04/2026,Serie A Brasil,2026,FLAMENGO,SANTOS,64,2P,Pedro,J. Carrascal,,FLAMENGO,Normal Goal,1492205
05/04/2026,Serie A Brasil,2026,FLAMENGO,SANTOS,71,2P,Jorginho,,,FLAMENGO,Penalty,1492205
05/04/2026,Serie A Brasil,2026,FLAMENGO,SANTOS,89,2P,Lucas Paqueta,G. Plata,,FLAMENGO,Normal Goal,1492205
05/04/2026,Serie A Brasil,2026,ATLETICO-MG,ATLETICO PARANAENSE,6,1P,Victor Hugo,,,ATLETICO-MG,Normal Goal,1492200
05/04/2026,Serie A Brasil,2026,ATLETICO-MG,ATLETICO PARANAENSE,80,2P,Gustavo Scarpa,Natanael,,ATLETICO-MG,Normal Goal,1492200
05/04/2026,Serie A Brasil,2026,ATLETICO-MG,ATLETICO PARANAENSE,88,2P,Julimar,Joao Cruz,,ATLETICO PARANAENSE,Normal Goal,1492200
05/04/2026,Serie A Brasil,2026,BAHIA,PALMEIRAS,42,1P,J. Arias,J. Lopez,,PALMEIRAS,Normal Goal,1492201
05/04/2026,Serie A Brasil,2026,BAHIA,PALMEIRAS,58,2P,David Duarte,Everton Ribeiro,,BAHIA,Normal Goal,1492201
05/04/2026,Serie A Brasil,2026,BAHIA,PALMEIRAS,88,2P,S. Ramos,,,PALMEIRAS,Own Goal,1492201
05/04/2026,Serie A Brasil,2026,CORINTHIANS,INTERNACIONAL,78,2P,A. Bernabei,Vitinho,,INTERNACIONAL,Normal Goal,1492203
05/04/2026,Serie A Brasil,2026,MIRASSOL,RB BRAGANTINO,51,2P,I. Pitta,Lucas Barbosa,,RB BRAGANTINO,Normal Goal,1492207
11/04/2026,Serie A Brasil,2026,VITORIA,SAO PAULO,35,1P,Caca,Nathan Mendes,,VITORIA,Normal Goal,1492219
11/04/2026,Serie A Brasil,2026,VITORIA,SAO PAULO,83,2P,Ramon,Baralhas,,VITORIA,Normal Goal,1492219
11/04/2026,Serie A Brasil,2026,REMO,VASCO DA GAMA,54,2P,Andres Gomez,Thiago Mendes,,VASCO DA GAMA,Normal Goal,1492217
11/04/2026,Serie A Brasil,2026,REMO,VASCO DA GAMA,84,2P,Marllon,Diego Hernandez,,REMO,Normal Goal,1492217
11/04/2026,Serie A Brasil,2026,MIRASSOL,BAHIA,14,1P,David Duarte,,,MIRASSOL,Own Goal,1492216
11/04/2026,Serie A Brasil,2026,MIRASSOL,BAHIA,65,2P,Luciano Juba,,,BAHIA,Penalty,1492216
11/04/2026,Serie A Brasil,2026,MIRASSOL,BAHIA,89,2P,M. Sanabria,,,BAHIA,Normal Goal,1492216
11/04/2026,Serie A Brasil,2026,SANTOS,ATLETICO-MG,63,2P,Moises,Gabriel Barbosa,,SANTOS,Normal Goal,1492218
12/04/2026,Serie A Brasil,2026,ATLETICO PARANAENSE,CHAPECOENSE-SC,57,2P,S. Mendoza,,,ATLETICO PARANAENSE,Normal Goal,1492210
12/04/2026,Serie A Brasil,2026,ATLETICO PARANAENSE,CHAPECOENSE-SC,81,2P,K. Viveros,Joao Cruz,,ATLETICO PARANAENSE,Normal Goal,1492210
12/04/2026,Serie A Brasil,2026,BOTAFOGO,CORITIBA,33,1P,Breno Lopes,Josue,,CORITIBA,Normal Goal,1492211
12/04/2026,Serie A Brasil,2026,BOTAFOGO,CORITIBA,55,2P,Danilo,Vitinho,,BOTAFOGO,Normal Goal,1492211
12/04/2026,Serie A Brasil,2026,BOTAFOGO,CORITIBA,77,2P,Arthur Cabral,Edenilson,,BOTAFOGO,Normal Goal,1492211
12/04/2026,Serie A Brasil,2026,BOTAFOGO,CORITIBA,79,2P,J. Lavega,,,CORITIBA,Normal Goal,1492211
12/04/2026,Serie A Brasil,2026,FLUMINENSE,FLAMENGO,7,1P,Pedro,Samuel Lino,,FLAMENGO,Normal Goal,1492214
12/04/2026,Serie A Brasil,2026,FLUMINENSE,FLAMENGO,51,2P,Pedro,Samuel Lino,,FLAMENGO,Normal Goal,1492214
12/04/2026,Serie A Brasil,2026,FLUMINENSE,FLAMENGO,76,2P,J. Savarino,,,FLUMINENSE,Normal Goal,1492214
12/04/2026,Serie A Brasil,2026,CRUZEIRO,RB BRAGANTINO,6,1P,A. Hurtado,I. Pitta,,RB BRAGANTINO,Normal Goal,1492213
12/04/2026,Serie A Brasil,2026,CRUZEIRO,RB BRAGANTINO,18,1P,N. Villarreal,Fagner,,CRUZEIRO,Normal Goal,1492213
12/04/2026,Serie A Brasil,2026,CRUZEIRO,RB BRAGANTINO,49,2P,Christian,K. Arroyo,,CRUZEIRO,Normal Goal,1492213
18/04/2026,Serie A Brasil,2026,CHAPECOENSE-SC,BOTAFOGO,10,1P,Edenilson,Alex Telles,,BOTAFOGO,Normal Goal,1492221
18/04/2026,Serie A Brasil,2026,CHAPECOENSE-SC,BOTAFOGO,14,1P,Matheus Martins,Danilo,,BOTAFOGO,Normal Goal,1492221
18/04/2026,Serie A Brasil,2026,CHAPECOENSE-SC,BOTAFOGO,20,1P,Edenilson,Vitinho,,BOTAFOGO,Normal Goal,1492221
18/04/2026,Serie A Brasil,2026,CHAPECOENSE-SC,BOTAFOGO,45,1P,Marcinho,Y. Bolasie,,CHAPECOENSE-SC,Normal Goal,1492221
18/04/2026,Serie A Brasil,2026,CHAPECOENSE-SC,BOTAFOGO,80,2P,Matheus Martins,J. Correa,,BOTAFOGO,Normal Goal,1492221
18/04/2026,Serie A Brasil,2026,VASCO DA GAMA,SAO PAULO,10,1P,Luciano,,,SAO PAULO,Normal Goal,1492228
18/04/2026,Serie A Brasil,2026,VASCO DA GAMA,SAO PAULO,72,2P,J. Rodriguez,,,VASCO DA GAMA,Penalty,1492228
18/04/2026,Serie A Brasil,2026,VASCO DA GAMA,SAO PAULO,88,2P,Andres Gomez,Brenner,,VASCO DA GAMA,Normal Goal,1492228
18/04/2026,Serie A Brasil,2026,CRUZEIRO,GREMIO,51,2P,Christian,Gerson,,CRUZEIRO,Normal Goal,1492223
18/04/2026,Serie A Brasil,2026,CRUZEIRO,GREMIO,66,2P,L. Romero,Matheus Pereira,,CRUZEIRO,Normal Goal,1492223
19/04/2026,Serie A Brasil,2026,INTERNACIONAL,MIRASSOL,22,1P,Lucas Oliveira,Alesson,,MIRASSOL,Normal Goal,1492225
19/04/2026,Serie A Brasil,2026,INTERNACIONAL,MIRASSOL,45,1P,Andre Luis,Alesson,,MIRASSOL,Normal Goal,1492225
19/04/2026,Serie A Brasil,2026,INTERNACIONAL,MIRASSOL,90,2P,Alan Patrick,R. Borre,,INTERNACIONAL,Normal Goal,1492225
19/04/2026,Serie A Brasil,2026,SANTOS,FLUMINENSE,9,1P,Gabriel Barbosa,,,SANTOS,Normal Goal,1492227
19/04/2026,Serie A Brasil,2026,SANTOS,FLUMINENSE,24,1P,J. Savarino,R. Castillo,,FLUMINENSE,Normal Goal,1492227
19/04/2026,Serie A Brasil,2026,SANTOS,FLUMINENSE,57,2P,A. Barreal,Gabriel Barbosa,,SANTOS,Normal Goal,1492227
19/04/2026,Serie A Brasil,2026,SANTOS,FLUMINENSE,60,2P,R. Castillo,Guga,,FLUMINENSE,Normal Goal,1492227
19/04/2026,Serie A Brasil,2026,SANTOS,FLUMINENSE,86,2P,John Kennedy,Guga,,FLUMINENSE,Normal Goal,1492227
19/04/2026,Serie A Brasil,2026,CORITIBA,ATLETICO-MG,7,1P,Breno Lopes,,,CORITIBA,Normal Goal,1492222
19/04/2026,Serie A Brasil,2026,CORITIBA,ATLETICO-MG,58,2P,Pedro Rocha,,,CORITIBA,Normal Goal,1492222
19/04/2026,Serie A Brasil,2026,PALMEIRAS,ATLETICO PARANAENSE,15,1P,G. Gomez,,,PALMEIRAS,Normal Goal,1492226
19/04/2026,Serie A Brasil,2026,RB BRAGANTINO,REMO,19,1P,I. Pitta,,,RB BRAGANTINO,Normal Goal,1492220
19/04/2026,Serie A Brasil,2026,RB BRAGANTINO,REMO,28,1P,Gabriel Taliari,,,REMO,Normal Goal,1492220
19/04/2026,Serie A Brasil,2026,RB BRAGANTINO,REMO,37,1P,I. Pitta,Matheus Fernandes,,RB BRAGANTINO,Normal Goal,1492220
19/04/2026,Serie A Brasil,2026,RB BRAGANTINO,REMO,39,1P,Marcelinho,Jaja,,REMO,Normal Goal,1492220
19/04/2026,Serie A Brasil,2026,RB BRAGANTINO,REMO,47,2P,D. Tchamba,,,RB BRAGANTINO,Own Goal,1492220
19/04/2026,Serie A Brasil,2026,RB BRAGANTINO,REMO,51,2P,D. Tchamba,,,RB BRAGANTINO,Own Goal,1492220
19/04/2026,Serie A Brasil,2026,FLAMENGO,BAHIA,17,1P,G. de Arrascaeta,Pedro,,FLAMENGO,Normal Goal,1492224
19/04/2026,Serie A Brasil,2026,FLAMENGO,BAHIA,80,2P,Lucas Paqueta,S. Niguez,,FLAMENGO,Normal Goal,1492224
25/04/2026,Serie A Brasil,2026,BAHIA,SANTOS,22,1P,B. Rollheiser,,,SANTOS,Penalty,1492232
25/04/2026,Serie A Brasil,2026,BAHIA,SANTOS,45,1P,B. Rollheiser,,,SANTOS,Penalty,1492232
25/04/2026,Serie A Brasil,2026,BAHIA,SANTOS,76,2P,Luciano Juba,,,BAHIA,Normal Goal,1492232
25/04/2026,Serie A Brasil,2026,BAHIA,SANTOS,83,2P,Willian Jose,Erick Pulga,,BAHIA,Normal Goal,1492232
25/04/2026,Serie A Brasil,2026,BOTAFOGO,INTERNACIONAL,54,2P,Danilo,M. Ponte,,BOTAFOGO,Normal Goal,1492233
25/04/2026,Serie A Brasil,2026,BOTAFOGO,INTERNACIONAL,59,2P,J. Carbonero,Alerrandro,,INTERNACIONAL,Normal Goal,1492233
25/04/2026,Serie A Brasil,2026,BOTAFOGO,INTERNACIONAL,66,2P,C. Medina,,,BOTAFOGO,Normal Goal,1492233
25/04/2026,Serie A Brasil,2026,BOTAFOGO,INTERNACIONAL,74,2P,A. Bernabei,,,INTERNACIONAL,Normal Goal,1492233
25/04/2026,Serie A Brasil,2026,REMO,CRUZEIRO,34,1P,K. Arroyo,Bruno Rodrigues,,CRUZEIRO,Normal Goal,1492238
26/04/2026,Serie A Brasil,2026,SAO PAULO,MIRASSOL,76,2P,Luciano,Wendell,,SAO PAULO,Normal Goal,1492239
26/04/2026,Serie A Brasil,2026,GREMIO,CORITIBA,43,1P,Gabriel Mec,J. Enamorado,,GREMIO,Normal Goal,1492237
26/04/2026,Serie A Brasil,2026,CORINTHIANS,VASCO DA GAMA,38,1P,Matheus Bidu,R. Garro,,CORINTHIANS,Normal Goal,1492235
26/04/2026,Serie A Brasil,2026,ATLETICO PARANAENSE,VITORIA,22,1P,Rene,Matheuzinho,,VITORIA,Normal Goal,1492230
26/04/2026,Serie A Brasil,2026,ATLETICO PARANAENSE,VITORIA,34,1P,K. Viveros,,,ATLETICO PARANAENSE,Penalty,1492230
26/04/2026,Serie A Brasil,2026,ATLETICO PARANAENSE,VITORIA,90,2P,K. Viveros,,,ATLETICO PARANAENSE,Normal Goal,1492230
26/04/2026,Serie A Brasil,2026,ATLETICO PARANAENSE,VITORIA,90,2P,Luiz Gustavo,G. Benavidez,,ATLETICO PARANAENSE,Normal Goal,1492230
26/04/2026,Serie A Brasil,2026,RB BRAGANTINO,PALMEIRAS,21,1P,J. Lopez,R. Sosa,,PALMEIRAS,Normal Goal,1492234
26/04/2026,Serie A Brasil,2026,FLUMINENSE,CHAPECOENSE-SC,56,2P,J. Savarino,,,FLUMINENSE,Penalty,1492236
26/04/2026,Serie A Brasil,2026,FLUMINENSE,CHAPECOENSE-SC,78,2P,Enio,Marcinho,,CHAPECOENSE-SC,Normal Goal,1492236
26/04/2026,Serie A Brasil,2026,FLUMINENSE,CHAPECOENSE-SC,86,2P,John Kennedy,Alisson,,FLUMINENSE,Normal Goal,1492236
26/04/2026,Serie A Brasil,2026,ATLETICO-MG,FLAMENGO,8,1P,Pedro,Samuel Lino,,FLAMENGO,Normal Goal,1492231
26/04/2026,Serie A Brasil,2026,ATLETICO-MG,FLAMENGO,31,1P,G. Plata,Samuel Lino,,FLAMENGO,Normal Goal,1492231
26/04/2026,Serie A Brasil,2026,ATLETICO-MG,FLAMENGO,45,1P,G. de Arrascaeta,G. Varela,,FLAMENGO,Normal Goal,1492231
26/04/2026,Serie A Brasil,2026,ATLETICO-MG,FLAMENGO,84,2P,Pedro,Evertton Araujo,,FLAMENGO,Normal Goal,1492231
02/05/2026,Serie A Brasil,2026,BOTAFOGO,REMO,13,1P,N. Ferraresi,Alex Telles,,BOTAFOGO,Normal Goal,1492241
02/05/2026,Serie A Brasil,2026,BOTAFOGO,REMO,70,2P,Alef Manga,,,REMO,Normal Goal,1492241
02/05/2026,Serie A Brasil,2026,BOTAFOGO,REMO,90,2P,Jaja,,,REMO,Normal Goal,1492241
02/05/2026,Serie A Brasil,2026,PALMEIRAS,SANTOS,26,1P,B. Rollheiser,,,SANTOS,Normal Goal,1492247
02/05/2026,Serie A Brasil,2026,PALMEIRAS,SANTOS,64,2P,J. Lopez,Andreas Pereira,,PALMEIRAS,Normal Goal,1492247
02/05/2026,Serie A Brasil,2026,VITORIA,CORITIBA,15,1P,Rene,Luan Candido,,VITORIA,Normal Goal,1492249
02/05/2026,Serie A Brasil,2026,VITORIA,CORITIBA,28,1P,Ze Vitor,Erick,,VITORIA,Normal Goal,1492249
02/05/2026,Serie A Brasil,2026,VITORIA,CORITIBA,45,1P,Pedro Rocha,Tinga,,CORITIBA,Normal Goal,1492249
02/05/2026,Serie A Brasil,2026,VITORIA,CORITIBA,55,2P,D. Tarzia,Rene,,VITORIA,Normal Goal,1492249
02/05/2026,Serie A Brasil,2026,VITORIA,CORITIBA,61,2P,Erick,,,VITORIA,Penalty,1492249
03/05/2026,Serie A Brasil,2026,CRUZEIRO,ATLETICO-MG,12,1P,A. Minda,M. Cassierra,,ATLETICO-MG,Normal Goal,1492243
03/05/2026,Serie A Brasil,2026,CRUZEIRO,ATLETICO-MG,32,1P,Maycon,,,ATLETICO-MG,Penalty,1492243
03/05/2026,Serie A Brasil,2026,CRUZEIRO,ATLETICO-MG,72,2P,M. Cassierra,R. Lodi,,ATLETICO-MG,Normal Goal,1492243
03/05/2026,Serie A Brasil,2026,CRUZEIRO,ATLETICO-MG,86,2P,Kaio Jorge,,,CRUZEIRO,Penalty,1492243
03/05/2026,Serie A Brasil,2026,SAO PAULO,BAHIA,17,1P,Artur,Wendell,,SAO PAULO,Normal Goal,1492248
03/05/2026,Serie A Brasil,2026,SAO PAULO,BAHIA,62,2P,Luciano Juba,Everton Ribeiro,,BAHIA,Normal Goal,1492248
03/05/2026,Serie A Brasil,2026,SAO PAULO,BAHIA,73,2P,Ferreira,Jonathan Calleri,,SAO PAULO,Normal Goal,1492248
03/05/2026,Serie A Brasil,2026,SAO PAULO,BAHIA,90,2P,Erick,,,BAHIA,Normal Goal,1492248
03/05/2026,Serie A Brasil,2026,FLAMENGO,VASCO DA GAMA,8,1P,Pedro,G. Plata,,FLAMENGO,Normal Goal,1492244
03/05/2026,Serie A Brasil,2026,FLAMENGO,VASCO DA GAMA,60,2P,Jorginho,,,FLAMENGO,Penalty,1492244
03/05/2026,Serie A Brasil,2026,FLAMENGO,VASCO DA GAMA,84,2P,Robert Renan,N. Moreira,,VASCO DA GAMA,Normal Goal,1492244
03/05/2026,Serie A Brasil,2026,FLAMENGO,VASCO DA GAMA,90,2P,Hugo Moura,C. Cuesta,,VASCO DA GAMA,Normal Goal,1492244
03/05/2026,Serie A Brasil,2026,INTERNACIONAL,FLUMINENSE,39,1P,A. Bernabei,Alerrandro,,INTERNACIONAL,Normal Goal,1492245
03/05/2026,Serie A Brasil,2026,INTERNACIONAL,FLUMINENSE,49,2P,Alerrandro,,,INTERNACIONAL,Normal Goal,1492245
03/05/2026,Serie A Brasil,2026,CHAPECOENSE-SC,RB BRAGANTINO,23,1P,Y. Bolasie,Bruno Pacheco,,CHAPECOENSE-SC,Normal Goal,1492242
03/05/2026,Serie A Brasil,2026,CHAPECOENSE-SC,RB BRAGANTINO,41,1P,Gabriel,,,RB BRAGANTINO,Normal Goal,1492242
03/05/2026,Serie A Brasil,2026,CHAPECOENSE-SC,RB BRAGANTINO,73,2P,Lucas Barbosa,Gustavo Neves,,RB BRAGANTINO,Normal Goal,1492242
03/05/2026,Serie A Brasil,2026,MIRASSOL,CORINTHIANS,23,1P,Carlos Eduardo,,,MIRASSOL,Penalty,1492246
03/05/2026,Serie A Brasil,2026,MIRASSOL,CORINTHIANS,33,1P,Edson Carioca,Carlos Eduardo,,MIRASSOL,Normal Goal,1492246
03/05/2026,Serie A Brasil,2026,MIRASSOL,CORINTHIANS,80,2P,Dieguinho,Z. Labyad,,CORINTHIANS,Normal Goal,1492246
09/05/2026,Serie A Brasil,2026,CORITIBA,INTERNACIONAL,28,1P,J. Lavega,Josue,,CORITIBA,Normal Goal,1492253
09/05/2026,Serie A Brasil,2026,CORITIBA,INTERNACIONAL,69,2P,R. Borre,,,INTERNACIONAL,Normal Goal,1492253
09/05/2026,Serie A Brasil,2026,CORITIBA,INTERNACIONAL,84,2P,Rodrigo Moledo,Tinga,,CORITIBA,Normal Goal,1492253
09/05/2026,Serie A Brasil,2026,CORITIBA,INTERNACIONAL,90,2P,F. Torres,,,INTERNACIONAL,Normal Goal,1492253
09/05/2026,Serie A Brasil,2026,FLUMINENSE,VITORIA,36,1P,John Kennedy,,,FLUMINENSE,Normal Goal,1492254
09/05/2026,Serie A Brasil,2026,FLUMINENSE,VITORIA,63,2P,Renato Kayzer,,,VITORIA,Penalty,1492254
09/05/2026,Serie A Brasil,2026,FLUMINENSE,VITORIA,67,2P,Rene,Renato Kayzer,,VITORIA,Normal Goal,1492254
09/05/2026,Serie A Brasil,2026,FLUMINENSE,VITORIA,90,2P,K. Serna,John Kennedy,,FLUMINENSE,Normal Goal,1492254
10/05/2026,Serie A Brasil,2026,BAHIA,CRUZEIRO,27,1P,Luciano Juba,,,BAHIA,Penalty,1492251
10/05/2026,Serie A Brasil,2026,BAHIA,CRUZEIRO,41,1P,Kaua Moraes,N. Villarreal,,CRUZEIRO,Normal Goal,1492251
10/05/2026,Serie A Brasil,2026,BAHIA,CRUZEIRO,86,2P,Kenji,L. Romero,,CRUZEIRO,Normal Goal,1492251
10/05/2026,Serie A Brasil,2026,ATLETICO-MG,BOTAFOGO,23,1P,M. Cassierra,,,ATLETICO-MG,Normal Goal,1492250
10/05/2026,Serie A Brasil,2026,ATLETICO-MG,BOTAFOGO,90,2P,Arthur Cabral,,,BOTAFOGO,Normal Goal,1492250
10/05/2026,Serie A Brasil,2026,REMO,PALMEIRAS,2,1P,Alef Manga,Yago Pikachu,,REMO,Normal Goal,1492257
10/05/2026,Serie A Brasil,2026,REMO,PALMEIRAS,24,1P,R. Sosa,Allan Elias,,PALMEIRAS,Normal Goal,1492257
10/05/2026,Serie A Brasil,2026,SANTOS,RB BRAGANTINO,45,1P,Neymar,Gabriel Bontempo,,SANTOS,Normal Goal,1492258
10/05/2026,Serie A Brasil,2026,SANTOS,RB BRAGANTINO,76,2P,A. Frias,,,SANTOS,Normal Goal,1492258
10/05/2026,Serie A Brasil,2026,CORINTHIANS,SAO PAULO,17,1P,Raniele,R. Garro,,CORINTHIANS,Normal Goal,1492252
10/05/2026,Serie A Brasil,2026,CORINTHIANS,SAO PAULO,41,1P,Luciano,D. Bobadilla,,SAO PAULO,Normal Goal,1492252
10/05/2026,Serie A Brasil,2026,CORINTHIANS,SAO PAULO,52,2P,Matheuzinho,A. Carrillo,,CORINTHIANS,Normal Goal,1492252
10/05/2026,Serie A Brasil,2026,CORINTHIANS,SAO PAULO,57,2P,Breno Bidon,R. Garro,,CORINTHIANS,Normal Goal,1492252
10/05/2026,Serie A Brasil,2026,CORINTHIANS,SAO PAULO,89,2P,Matheuzinho,,,SAO PAULO,Own Goal,1492252
10/05/2026,Serie A Brasil,2026,MIRASSOL,CHAPECOENSE-SC,71,2P,Eduardo,Willian Machado,,MIRASSOL,Normal Goal,1492256
10/05/2026,Serie A Brasil,2026,MIRASSOL,CHAPECOENSE-SC,81,2P,Joao Victor,,,CHAPECOENSE-SC,Own Goal,1492256
10/05/2026,Serie A Brasil,2026,GREMIO,FLAMENGO,68,2P,J. Carrascal,Emerson Royal,,FLAMENGO,Normal Goal,1492255
10/05/2026,Serie A Brasil,2026,VASCO DA GAMA,ATLETICO PARANAENSE,37,1P,Thiago Mendes,J. Rodriguez,,VASCO DA GAMA,Normal Goal,1492259
16/05/2026,Serie A Brasil,2026,INTERNACIONAL,VASCO DA GAMA,21,1P,J. Carbonero,A. Bernabei,,INTERNACIONAL,Normal Goal,1492267
16/05/2026,Serie A Brasil,2026,INTERNACIONAL,VASCO DA GAMA,24,1P,Alerrandro,J. Carbonero,,INTERNACIONAL,Normal Goal,1492267
16/05/2026,Serie A Brasil,2026,INTERNACIONAL,VASCO DA GAMA,62,2P,A. Bernabei,J. Carbonero,,INTERNACIONAL,Normal Goal,1492267
16/05/2026,Serie A Brasil,2026,INTERNACIONAL,VASCO DA GAMA,71,2P,J. Carbonero,Alerrandro,,INTERNACIONAL,Normal Goal,1492267
16/05/2026,Serie A Brasil,2026,INTERNACIONAL,VASCO DA GAMA,85,2P,Andres Gomez,Ramon Rique,,VASCO DA GAMA,Normal Goal,1492267
16/05/2026,Serie A Brasil,2026,ATLETICO-MG,MIRASSOL,17,1P,A. Minda,Bernard,,ATLETICO-MG,Normal Goal,1492261
16/05/2026,Serie A Brasil,2026,ATLETICO-MG,MIRASSOL,40,1P,Willian Machado,Reinaldo,,MIRASSOL,Normal Goal,1492261
16/05/2026,Serie A Brasil,2026,ATLETICO-MG,MIRASSOL,61,2P,Maycon,,,ATLETICO-MG,Penalty,1492261
16/05/2026,Serie A Brasil,2026,ATLETICO-MG,MIRASSOL,82,2P,M. Cisse,,,ATLETICO-MG,Normal Goal,1492261
16/05/2026,Serie A Brasil,2026,FLUMINENSE,SAO PAULO,19,1P,John Kennedy,Guilherme Arana,,FLUMINENSE,Normal Goal,1492266
16/05/2026,Serie A Brasil,2026,FLUMINENSE,SAO PAULO,44,1P,A. Canobbio,L. Acosta,,FLUMINENSE,Normal Goal,1492266
16/05/2026,Serie A Brasil,2026,FLUMINENSE,SAO PAULO,79,2P,Matheus Doria,Sabino,,SAO PAULO,Normal Goal,1492266
17/05/2026,Serie A Brasil,2026,PALMEIRAS,CRUZEIRO,11,1P,K. Arroyo,Christian,,CRUZEIRO,Normal Goal,1492268
17/05/2026,Serie A Brasil,2026,PALMEIRAS,CRUZEIRO,20,1P,Felipe Anderson,,,PALMEIRAS,Normal Goal,1492268
17/05/2026,Serie A Brasil,2026,SANTOS,CORITIBA,6,1P,Breno Lopes,Josue,,CORITIBA,Normal Goal,1492269
17/05/2026,Serie A Brasil,2026,SANTOS,CORITIBA,20,1P,Breno Lopes,Pedro Rocha,,CORITIBA,Normal Goal,1492269
17/05/2026,Serie A Brasil,2026,SANTOS,CORITIBA,39,1P,Josue,,,CORITIBA,Penalty,1492269
17/05/2026,Serie A Brasil,2026,BAHIA,GREMIO,62,2P,Viery,Pedro Gabriel,,GREMIO,Normal Goal,1492262
17/05/2026,Serie A Brasil,2026,BAHIA,GREMIO,72,2P,M. Sanabria,,,BAHIA,Normal Goal,1492262
17/05/2026,Serie A Brasil,2026,BOTAFOGO,CORINTHIANS,7,1P,Arthur Cabral,L. M. Villalba Jaume,,BOTAFOGO,Normal Goal,1492263
17/05/2026,Serie A Brasil,2026,BOTAFOGO,CORINTHIANS,11,1P,R. Garro,J. Lingard,,CORINTHIANS,Normal Goal,1492263
17/05/2026,Serie A Brasil,2026,BOTAFOGO,CORINTHIANS,32,1P,Arthur Cabral,K. Barria,,BOTAFOGO,Normal Goal,1492263
17/05/2026,Serie A Brasil,2026,BOTAFOGO,CORINTHIANS,70,2P,Arthur Cabral,Kauan Toledo,,BOTAFOGO,Normal Goal,1492263
17/05/2026,Serie A Brasil,2026,CHAPECOENSE-SC,REMO,16,1P,Yago Pikachu,Vitor Bueno,,REMO,Normal Goal,1492265
17/05/2026,Serie A Brasil,2026,CHAPECOENSE-SC,REMO,24,1P,Neto Pessoa,Bruno Pacheco,,CHAPECOENSE-SC,Normal Goal,1492265
17/05/2026,Serie A Brasil,2026,CHAPECOENSE-SC,REMO,47,2P,Rafael Carvalheira,Neto Pessoa,,CHAPECOENSE-SC,Normal Goal,1492265
17/05/2026,Serie A Brasil,2026,CHAPECOENSE-SC,REMO,50,2P,Jaja,,,REMO,Normal Goal,1492265
17/05/2026,Serie A Brasil,2026,CHAPECOENSE-SC,REMO,87,2P,Bruno Leonardo,,,REMO,Own Goal,1492265
17/05/2026,Serie A Brasil,2026,RB BRAGANTINO,VITORIA,41,1P,Tiago Volpi,,,RB BRAGANTINO,Penalty,1492264
17/05/2026,Serie A Brasil,2026,RB BRAGANTINO,VITORIA,89,2P,Eduardo Sasha,,,RB BRAGANTINO,Missed Penalty,1492264
17/05/2026,Serie A Brasil,2026,RB BRAGANTINO,VITORIA,90,2P,Lucas Barbosa,Fernando Santos,,RB BRAGANTINO,Normal Goal,1492264
17/05/2026,Serie A Brasil,2026,ATLETICO PARANAENSE,FLAMENGO,11,1P,S. Mendoza,G. Benavidez,,ATLETICO PARANAENSE,Normal Goal,1492260
17/05/2026,Serie A Brasil,2026,ATLETICO PARANAENSE,FLAMENGO,84,2P,Pedro,Bruno Henrique,,FLAMENGO,Normal Goal,1492260
23/05/2026,Serie A Brasil,2026,SAO PAULO,BOTAFOGO,4,1P,Luciano,,,SAO PAULO,Normal Goal,1492277
23/05/2026,Serie A Brasil,2026,SAO PAULO,BOTAFOGO,90,2P,J. Barrera,,,BOTAFOGO,Normal Goal,1492277
23/05/2026,Serie A Brasil,2026,VITORIA,INTERNACIONAL,29,1P,Rene,Erick,,VITORIA,Normal Goal,1492279
23/05/2026,Serie A Brasil,2026,VITORIA,INTERNACIONAL,90,2P,D. Tarzia,Luan Candido,,VITORIA,Normal Goal,1492279
23/05/2026,Serie A Brasil,2026,GREMIO,SANTOS,32,1P,Gabriel Barbosa,Miguelito,,SANTOS,Normal Goal,1492274
23/05/2026,Serie A Brasil,2026,GREMIO,SANTOS,40,1P,Carlos Vinicius,F. Amuzu,,GREMIO,Normal Goal,1492274
23/05/2026,Serie A Brasil,2026,GREMIO,SANTOS,55,2P,Gabriel Barbosa,Gabriel Bontempo,,SANTOS,Normal Goal,1492274
23/05/2026,Serie A Brasil,2026,GREMIO,SANTOS,59,2P,Carlos Vinicius,C. Pavon,,GREMIO,Normal Goal,1492274
23/05/2026,Serie A Brasil,2026,GREMIO,SANTOS,63,2P,Tete,C. Pavon,,GREMIO,Normal Goal,1492274
23/05/2026,Serie A Brasil,2026,MIRASSOL,FLUMINENSE,36,1P,Denilson,,,MIRASSOL,Normal Goal,1492275
24/05/2026,Serie A Brasil,2026,FLAMENGO,PALMEIRAS,38,1P,J. Lopez,Allan Elias,,PALMEIRAS,Normal Goal,1492273
24/05/2026,Serie A Brasil,2026,FLAMENGO,PALMEIRAS,57,2P,Allan Elias,,,PALMEIRAS,Normal Goal,1492273
24/05/2026,Serie A Brasil,2026,FLAMENGO,PALMEIRAS,90,2P,Paulinho,Jefte,,PALMEIRAS,Normal Goal,1492273
24/05/2026,Serie A Brasil,2026,CRUZEIRO,CHAPECOENSE-SC,27,1P,Kaio Jorge,,,CRUZEIRO,Penalty,1492272
24/05/2026,Serie A Brasil,2026,CRUZEIRO,CHAPECOENSE-SC,73,2P,L. Sinisterra,Christian,,CRUZEIRO,Normal Goal,1492272
24/05/2026,Serie A Brasil,2026,CRUZEIRO,CHAPECOENSE-SC,79,2P,Joao Paulo,Bruno Pacheco,,CHAPECOENSE-SC,Normal Goal,1492272
24/05/2026,Serie A Brasil,2026,REMO,ATLETICO PARANAENSE,14,1P,Jaja,,,REMO,Normal Goal,1492276
24/05/2026,Serie A Brasil,2026,REMO,ATLETICO PARANAENSE,45,1P,K. Viveros,Claudinho,,ATLETICO PARANAENSE,Normal Goal,1492276
24/05/2026,Serie A Brasil,2026,REMO,ATLETICO PARANAENSE,53,2P,K. Viveros,Jadson,,ATLETICO PARANAENSE,Normal Goal,1492276
24/05/2026,Serie A Brasil,2026,CORINTHIANS,ATLETICO-MG,88,2P,Z. Labyad,Matheuzinho,,CORINTHIANS,Normal Goal,1492270
24/05/2026,Serie A Brasil,2026,VASCO DA GAMA,RB BRAGANTINO,45,1P,Rodriguinho,I. Pitta,,RB BRAGANTINO,Normal Goal,1492278
24/05/2026,Serie A Brasil,2026,VASCO DA GAMA,RB BRAGANTINO,60,2P,I. Pitta,H. Mosquera,,RB BRAGANTINO,Normal Goal,1492278
24/05/2026,Serie A Brasil,2026,VASCO DA GAMA,RB BRAGANTINO,77,2P,Fernando Santos,,,RB BRAGANTINO,Normal Goal,1492278
24/05/2026,Serie A Brasil,2026,VASCO DA GAMA,RB BRAGANTINO,87,2P,Eduardo Sasha,,,RB BRAGANTINO,Missed Penalty,1492278
25/05/2026,Serie A Brasil,2026,CORITIBA,BAHIA,26,1P,Tiago Coser,,,BAHIA,Own Goal,1492271
25/05/2026,Serie A Brasil,2026,CORITIBA,BAHIA,56,2P,Bruno Melo,Josue,,CORITIBA,Normal Goal,1492271
25/05/2026,Serie A Brasil,2026,CORITIBA,BAHIA,65,2P,J. Lavega,,,CORITIBA,Normal Goal,1492271
25/05/2026,Serie A Brasil,2026,CORITIBA,BAHIA,68,2P,Breno Lopes,J. Lavega,,CORITIBA,Normal Goal,1492271
25/05/2026,Serie A Brasil,2026,CORITIBA,BAHIA,90,2P,Everaldo,Everton Ribeiro,,BAHIA,Normal Goal,1492271
30/05/2026,Serie A Brasil,2026,FLAMENGO,CORITIBA,11,1P,Samuel Lino,Pedro,,FLAMENGO,Normal Goal,1492284
30/05/2026,Serie A Brasil,2026,FLAMENGO,CORITIBA,60,2P,Pedro,Samuel Lino,,FLAMENGO,Normal Goal,1492284
30/05/2026,Serie A Brasil,2026,FLAMENGO,CORITIBA,70,2P,Samuel Lino,Ayrton Lucas,,FLAMENGO,Normal Goal,1492284
30/05/2026,Serie A Brasil,2026,ATLETICO PARANAENSE,MIRASSOL,88,2P,K. Viveros,Joao Cruz,,ATLETICO PARANAENSE,Normal Goal,1492280
30/05/2026,Serie A Brasil,2026,BAHIA,BOTAFOGO,7,1P,Huguinho,,,BOTAFOGO,Normal Goal,1492281
30/05/2026,Serie A Brasil,2026,BAHIA,BOTAFOGO,57,2P,N. Ferraresi,,,BAHIA,Own Goal,1492281
30/05/2026,Serie A Brasil,2026,BAHIA,BOTAFOGO,90,2P,David Duarte,Ademir,,BAHIA,Normal Goal,1492281
30/05/2026,Serie A Brasil,2026,GREMIO,CORINTHIANS,7,1P,Gabriel Mec,,,GREMIO,Normal Goal,1492285
30/05/2026,Serie A Brasil,2026,GREMIO,CORINTHIANS,45,1P,Andre,,,CORINTHIANS,Normal Goal,1492285
30/05/2026,Serie A Brasil,2026,GREMIO,CORINTHIANS,65,2P,Andre,Yuri Alberto,,CORINTHIANS,Normal Goal,1492285
30/05/2026,Serie A Brasil,2026,GREMIO,CORINTHIANS,67,2P,Kaio Cesar,Yuri Alberto,,CORINTHIANS,Normal Goal,1492285
30/05/2026,Serie A Brasil,2026,SANTOS,VITORIA,19,1P,Miguelito,C. Oliva,,SANTOS,Normal Goal,1492288
30/05/2026,Serie A Brasil,2026,SANTOS,VITORIA,54,2P,A. Barreal,,,SANTOS,Normal Goal,1492288
30/05/2026,Serie A Brasil,2026,SANTOS,VITORIA,56,2P,Gabriel Barbosa,Miguelito,,SANTOS,Normal Goal,1492288
30/05/2026,Serie A Brasil,2026,SANTOS,VITORIA,74,2P,Rene,D. Tarzia,,VITORIA,Normal Goal,1492288
31/05/2026,Serie A Brasil,2026,RB BRAGANTINO,INTERNACIONAL,18,1P,Fernando Santos,Lucas Barbosa,,RB BRAGANTINO,Normal Goal,1492282
31/05/2026,Serie A Brasil,2026,RB BRAGANTINO,INTERNACIONAL,45,1P,Juninho Capixaba,,,RB BRAGANTINO,Normal Goal,1492282
31/05/2026,Serie A Brasil,2026,RB BRAGANTINO,INTERNACIONAL,52,2P,Tiago Volpi,,,RB BRAGANTINO,Penalty,1492282
31/05/2026,Serie A Brasil,2026,RB BRAGANTINO,INTERNACIONAL,79,2P,B. Aguirre,Bruno Henrique,,INTERNACIONAL,Normal Goal,1492282
31/05/2026,Serie A Brasil,2026,PALMEIRAS,CHAPECOENSE-SC,65,2P,Paulinho,Felipe Anderson,,PALMEIRAS,Normal Goal,1492286
31/05/2026,Serie A Brasil,2026,PALMEIRAS,CHAPECOENSE-SC,90,2P,Yannick Bolasie,,,CHAPECOENSE-SC,Missed Penalty,1492286
31/05/2026,Serie A Brasil,2026,VASCO DA GAMA,ATLETICO-MG,32,1P,Vitor Hugo,Bernard,,ATLETICO-MG,Normal Goal,1492289
31/05/2026,Serie A Brasil,2026,CRUZEIRO,FLUMINENSE,43,1P,John Kennedy,,,FLUMINENSE,Normal Goal,1492283
31/05/2026,Serie A Brasil,2026,CRUZEIRO,FLUMINENSE,75,2P,Matheus Pereira,,,CRUZEIRO,Normal Goal,1492283
31/05/2026,Serie A Brasil,2026,REMO,SAO PAULO,90,2P,Marcelinho,L. Picco,,REMO,Normal Goal,1492287
16/07/2026,Serie A Brasil,2026,BOTAFOGO,SANTOS,41,1P,L. E. Jales do Nascimento,Kauan Toledo,,BOTAFOGO,Normal Goal,1492291
16/07/2026,Serie A Brasil,2026,BOTAFOGO,SANTOS,57,2P,A. Barreal,,,SANTOS,Normal Goal,1492291
16/07/2026,Serie A Brasil,2026,BOTAFOGO,SANTOS,90,2P,K. Barria,,,BOTAFOGO,Normal Goal,1492291
16/07/2026,Serie A Brasil,2026,VITORIA,VASCO DA GAMA,69,2P,Renato Kayzer,D. Tarzia,,VITORIA,Normal Goal,1492299
17/07/2026,Serie A Brasil,2026,BAHIA,CHAPECOENSE-SC,12,1P,Rodrigo,,,BAHIA,Penalty,1492140
17/07/2026,Serie A Brasil,2026,BAHIA,CHAPECOENSE-SC,34,1P,R. Gomez,David Duarte,,BAHIA,Normal Goal,1492140
17/07/2026,Serie A Brasil,2026,FLUMINENSE,RB BRAGANTINO,27,1P,Eduardo Sasha,J. Herrera,,RB BRAGANTINO,Normal Goal,1492295
17/07/2026,Serie A Brasil,2026,FLUMINENSE,RB BRAGANTINO,90,2P,Ignacio,A. Canobbio,,FLUMINENSE,Normal Goal,1492295
17/07/2026,Serie A Brasil,2026,MIRASSOL,GREMIO,16,1P,Bruno Santos,Igor Formiga,,MIRASSOL,Normal Goal,1492297
17/07/2026,Serie A Brasil,2026,MIRASSOL,GREMIO,40,1P,Edson Carioca,Denilson,,MIRASSOL,Normal Goal,1492297
17/07/2026,Serie A Brasil,2026,MIRASSOL,GREMIO,77,2P,Carlos Vinicius,C. Pavon,,GREMIO,Normal Goal,1492297
21/07/2026,Serie A Brasil,2026,ATLETICO-MG,BAHIA,45,1P,Ruan Tressoldi,Bernard,,ATLETICO-MG,Normal Goal,1492290
21/07/2026,Serie A Brasil,2026,ATLETICO-MG,BAHIA,57,2P,Ademir,Rodrigo,,BAHIA,Normal Goal,1492290
22/07/2026,Serie A Brasil,2026,CORITIBA,PALMEIRAS,9,1P,Mauricio,R. Sosa,,PALMEIRAS,Normal Goal,1492294
22/07/2026,Serie A Brasil,2026,CORITIBA,PALMEIRAS,19,1P,Mauricio,,,PALMEIRAS,Normal Goal,1492294
22/07/2026,Serie A Brasil,2026,CORITIBA,PALMEIRAS,67,2P,R. Sosa,J. Piquerez,,PALMEIRAS,Normal Goal,1492294
22/07/2026,Serie A Brasil,2026,CORITIBA,PALMEIRAS,68,2P,Paulo Roberto,Josue,,CORITIBA,Normal Goal,1492294
23/07/2026,Serie A Brasil,2026,INTERNACIONAL,CRUZEIRO,11,1P,Kaio Jorge,Fagner,,CRUZEIRO,Normal Goal,1492296
23/07/2026,Serie A Brasil,2026,INTERNACIONAL,CRUZEIRO,64,2P,Matheus Pereira,Fagner,,CRUZEIRO,Normal Goal,1492296
23/07/2026,Serie A Brasil,2026,INTERNACIONAL,CRUZEIRO,83,2P,J. Carbonero,Matheus Bahia,,INTERNACIONAL,Normal Goal,1492296
23/07/2026,Serie A Brasil,2026,SAO PAULO,ATLETICO PARANAENSE,19,1P,Artur,,,SAO PAULO,Normal Goal,1492298
23/07/2026,Serie A Brasil,2026,SAO PAULO,ATLETICO PARANAENSE,46,2P,Leozinho,,,ATLETICO PARANAENSE,Normal Goal,1492298
23/07/2026,Serie A Brasil,2026,SAO PAULO,ATLETICO PARANAENSE,51,2P,Leozinho,L. Esquivel,,ATLETICO PARANAENSE,Normal Goal,1492298
23/07/2026,Serie A Brasil,2026,CHAPECOENSE-SC,FLAMENGO,26,1P,Pedro,Bruno Henrique,,FLAMENGO,Normal Goal,1492292
23/07/2026,Serie A Brasil,2026,CHAPECOENSE-SC,FLAMENGO,38,1P,Rafael Thyere,,,FLAMENGO,Own Goal,1492292
23/07/2026,Serie A Brasil,2026,CHAPECOENSE-SC,FLAMENGO,48,2P,Lorran,,,FLAMENGO,Normal Goal,1492292
23/07/2026,Serie A Brasil,2026,CHAPECOENSE-SC,FLAMENGO,87,2P,Pedro,Samuel Lino,,FLAMENGO,Normal Goal,1492292
23/07/2026,Serie A Brasil,2026,CORINTHIANS,REMO,26,1P,Yuri Alberto,Andre,,CORINTHIANS,Normal Goal,1492293
23/07/2026,Serie A Brasil,2026,CORINTHIANS,REMO,40,1P,Kaio Cesar,Breno Bidon,,CORINTHIANS,Normal Goal,1492293
23/07/2026,Serie A Brasil,2026,CORINTHIANS,REMO,45,1P,Yuri Alberto,Z. Labyad,,CORINTHIANS,Normal Goal,1492293
25/07/2026,Serie A Brasil,2026,SANTOS,CHAPECOENSE-SC,36,1P,Neymar,A. Barreal,,SANTOS,Normal Goal,1492308
25/07/2026,Serie A Brasil,2026,SANTOS,CHAPECOENSE-SC,51,2P,Marcinho,Giovanni Augusto,,CHAPECOENSE-SC,Normal Goal,1492308
25/07/2026,Serie A Brasil,2026,SANTOS,CHAPECOENSE-SC,62,2P,Joao Ananias,,,CHAPECOENSE-SC,Own Goal,1492308
25/07/2026,Serie A Brasil,2026,SANTOS,CHAPECOENSE-SC,89,2P,Neymar,,,SANTOS,Penalty,1492308
25/07/2026,Serie A Brasil,2026,ATLETICO PARANAENSE,INTERNACIONAL,45,1P,Leozinho,K. Viveros,,ATLETICO PARANAENSE,Normal Goal,1492300
25/07/2026,Serie A Brasil,2026,ATLETICO PARANAENSE,INTERNACIONAL,60,2P,K. Viveros,,,ATLETICO PARANAENSE,Normal Goal,1492300
25/07/2026,Serie A Brasil,2026,VASCO DA GAMA,MIRASSOL,30,1P,Igor Formiga,Reinaldo,,MIRASSOL,Normal Goal,1492309
25/07/2026,Serie A Brasil,2026,VASCO DA GAMA,MIRASSOL,80,2P,A. Gomez,,,VASCO DA GAMA,Normal Goal,1492309
26/07/2026,Serie A Brasil,2026,BAHIA,CORINTHIANS,8,1P,F. Angileri,Andre,,CORINTHIANS,Normal Goal,1492301
26/07/2026,Serie A Brasil,2026,BAHIA,CORINTHIANS,45,1P,David Duarte,Rodrigo,,BAHIA,Normal Goal,1492301
26/07/2026,Serie A Brasil,2026,CRUZEIRO,BOTAFOGO,41,1P,G. Justino,Alex Telles,,BOTAFOGO,Normal Goal,1492303
26/07/2026,Serie A Brasil,2026,FLAMENGO,SAO PAULO,57,2P,Leo Pereira,Jorginho,,FLAMENGO,Normal Goal,1492304
26/07/2026,Serie A Brasil,2026,FLAMENGO,SAO PAULO,70,2P,Jonathan Calleri,Luis Osorio,,SAO PAULO,Normal Goal,1492304
26/07/2026,Serie A Brasil,2026,GREMIO,FLUMINENSE,65,2P,Hulk,,,FLUMINENSE,Penalty,1492305
26/07/2026,Serie A Brasil,2026,GREMIO,FLUMINENSE,89,2P,Diego Caito,J. Cabral,,GREMIO,Normal Goal,1492305
26/07/2026,Serie A Brasil,2026,PALMEIRAS,ATLETICO-MG,54,2P,Victor Hugo,,,ATLETICO-MG,Normal Goal,1492306
26/07/2026,Serie A Brasil,2026,PALMEIRAS,ATLETICO-MG,75,2P,Felipe Anderson,J. Arias,,PALMEIRAS,Normal Goal,1492306
26/07/2026,Serie A Brasil,2026,PALMEIRAS,ATLETICO-MG,77,2P,Igor Gomes,A. Minda,,ATLETICO-MG,Normal Goal,1492306
26/07/2026,Serie A Brasil,2026,REMO,VITORIA,39,1P,Jaja,Mayk,,REMO,Normal Goal,1492307
26/07/2026,Serie A Brasil,2026,REMO,VITORIA,54,2P,Alef Manga,Ze Ricardo,,REMO,Normal Goal,1492307
29/07/2026,Serie A Brasil,2026,INTERNACIONAL,FLAMENGO,27,1P,Vitinho,,,INTERNACIONAL,Normal Goal,1492316
29/07/2026,Serie A Brasil,2026,INTERNACIONAL,FLAMENGO,79,2P,Samuel Lino,Bruno Henrique,,FLAMENGO,Normal Goal,1492316
29/07/2026,Serie A Brasil,2026,MIRASSOL,REMO,30,1P,Marllon,,,MIRASSOL,Own Goal,1492317
29/07/2026,Serie A Brasil,2026,MIRASSOL,REMO,45,1P,L. Picco,,,REMO,Normal Goal,1492317
29/07/2026,Serie A Brasil,2026,MIRASSOL,REMO,54,2P,Joao Victor,Reinaldo,,MIRASSOL,Normal Goal,1492317
30/07/2026,Serie A Brasil,2026,VITORIA,PALMEIRAS,45,1P,Mauricio,J. Arias,,PALMEIRAS,Normal Goal,1492319
30/07/2026,Serie A Brasil,2026,VITORIA,PALMEIRAS,45,1P,Fabiano,,,PALMEIRAS,Own Goal,1492319
30/07/2026,Serie A Brasil,2026,VITORIA,PALMEIRAS,70,2P,J. Arias,J. Piquerez,,PALMEIRAS,Normal Goal,1492319
30/07/2026,Serie A Brasil,2026,VITORIA,PALMEIRAS,84,2P,R. Sosa,,,PALMEIRAS,Normal Goal,1492319
31/07/2026,Serie A Brasil,2026,CORITIBA,CRUZEIRO,66,2P,Matheus Pereira,Gerson,,CRUZEIRO,Normal Goal,1492314
08/08/2026,Serie A Brasil,2026,GREMIO,SAO PAULO,45,1P,Gustavo Martins,,,SAO PAULO,Own Goal,1492326
08/08/2026,Serie A Brasil,2026,GREMIO,SAO PAULO,48,2P,Wallace,Carlos Vinicius,,GREMIO,Normal Goal,1492326
08/08/2026,Serie A Brasil,2026,GREMIO,SAO PAULO,86,2P,C. Pavon,,,GREMIO,Normal Goal,1492326
08/08/2026,Serie A Brasil,2026,REMO,ATLETICO-MG,3,1P,Jaja,Marllon,,REMO,Normal Goal,1492328
08/08/2026,Serie A Brasil,2026,REMO,ATLETICO-MG,34,1P,Reinier,A. Preciado,,ATLETICO-MG,Normal Goal,1492328
08/08/2026,Serie A Brasil,2026,REMO,ATLETICO-MG,38,1P,Bernard,A. Minda,,ATLETICO-MG,Normal Goal,1492328
08/08/2026,Serie A Brasil,2026,REMO,ATLETICO-MG,74,2P,Gabriel Taliari,Vitor Bueno,,REMO,Normal Goal,1492328
08/08/2026,Serie A Brasil,2026,CORITIBA,CHAPECOENSE-SC,31,1P,Tiago Coser,Josue,,CORITIBA,Normal Goal,1492323
08/08/2026,Serie A Brasil,2026,CORITIBA,CHAPECOENSE-SC,82,2P,Pedro Rocha,J. Lavega,,CORITIBA,Normal Goal,1492323
08/08/2026,Serie A Brasil,2026,CORITIBA,CHAPECOENSE-SC,90,2P,Tulio,K. Ramirez,,CHAPECOENSE-SC,Normal Goal,1492323
09/08/2026,Serie A Brasil,2026,BOTAFOGO,FLUMINENSE,44,1P,Alex Telles,,,BOTAFOGO,Normal Goal,1492321
09/08/2026,Serie A Brasil,2026,BOTAFOGO,FLUMINENSE,58,2P,Ignacio,K. Serna,,FLUMINENSE,Normal Goal,1492321
09/08/2026,Serie A Brasil,2026,CRUZEIRO,MIRASSOL,12,1P,Joao Marcelo,Bruno Rodrigues,,CRUZEIRO,Normal Goal,1492324
09/08/2026,Serie A Brasil,2026,CRUZEIRO,MIRASSOL,27,1P,Reinaldo,,,MIRASSOL,Penalty,1492324
09/08/2026,Serie A Brasil,2026,CRUZEIRO,MIRASSOL,76,2P,Kaio Jorge,Fagner,,CRUZEIRO,Normal Goal,1492324
09/08/2026,Serie A Brasil,2026,CRUZEIRO,MIRASSOL,84,2P,Wesley,L. Villalba,,CRUZEIRO,Normal Goal,1492324
09/08/2026,Serie A Brasil,2026,SANTOS,ATLETICO PARANAENSE,14,1P,K. Viveros,,,ATLETICO PARANAENSE,Normal Goal,1492329
09/08/2026,Serie A Brasil,2026,SANTOS,ATLETICO PARANAENSE,26,1P,K. Viveros,Joao Cruz,,ATLETICO PARANAENSE,Normal Goal,1492329
09/08/2026,Serie A Brasil,2026,RB BRAGANTINO,CORINTHIANS,59,2P,R. Garro,,,CORINTHIANS,Normal Goal,1492322
09/08/2026,Serie A Brasil,2026,RB BRAGANTINO,CORINTHIANS,87,2P,Pedro Raul,Matheuzinho,,CORINTHIANS,Normal Goal,1492322
09/08/2026,Serie A Brasil,2026,FLAMENGO,VITORIA,14,1P,E. Pulgar,Leo Pereira,,FLAMENGO,Normal Goal,1492325
09/08/2026,Serie A Brasil,2026,FLAMENGO,VITORIA,80,2P,Bruno Henrique,J. Carrascal,,FLAMENGO,Normal Goal,1492325
15/08/2026,Serie A Brasil,2026,FLUMINENSE,PALMEIRAS,10,1P,G. Gomez,J. Piquerez,,PALMEIRAS,Normal Goal,1492334
15/08/2026,Serie A Brasil,2026,FLUMINENSE,PALMEIRAS,42,1P,Hulk,A. Canobbio,,FLUMINENSE,Normal Goal,1492334
15/08/2026,Serie A Brasil,2026,FLUMINENSE,PALMEIRAS,82,2P,Mauricio,J. Lopez,,PALMEIRAS,Normal Goal,1492334
15/08/2026,Serie A Brasil,2026,FLUMINENSE,PALMEIRAS,85,2P,K. Serna,,,FLUMINENSE,Normal Goal,1492334
15/08/2026,Serie A Brasil,2026,FLUMINENSE,PALMEIRAS,90,2P,G. Cano,Martinelli,,FLUMINENSE,Normal Goal,1492334
15/08/2026,Serie A Brasil,2026,ATLETICO PARANAENSE,RB BRAGANTINO,67,2P,Pedro Henrique,A. Sant'Anna,,RB BRAGANTINO,Normal Goal,1492330
15/08/2026,Serie A Brasil,2026,ATLETICO PARANAENSE,RB BRAGANTINO,75,2P,K. A. Calderon Vargas,K. Viveros,,ATLETICO PARANAENSE,Normal Goal,1492330
16/08/2026,Serie A Brasil,2026,SAO PAULO,CORITIBA,43,1P,Pablo Maia,Victor Sa,,SAO PAULO,Normal Goal,1492337
16/08/2026,Serie A Brasil,2026,SAO PAULO,CORITIBA,57,2P,Tiago Coser,Breno Lopes,,CORITIBA,Normal Goal,1492337
16/08/2026,Serie A Brasil,2026,CHAPECOENSE-SC,BAHIA,13,1P,A. Veliz,,,BAHIA,Penalty,1492332
16/08/2026,Serie A Brasil,2026,CHAPECOENSE-SC,BAHIA,19,1P,Giovanni Augusto,Yago Felipe,,CHAPECOENSE-SC,Normal Goal,1492332
16/08/2026,Serie A Brasil,2026,CHAPECOENSE-SC,BAHIA,42,1P,Kauan,,,BAHIA,Own Goal,1492332
16/08/2026,Serie A Brasil,2026,CHAPECOENSE-SC,BAHIA,48,2P,Marcinho,Giovanni Augusto,,CHAPECOENSE-SC,Normal Goal,1492332
16/08/2026,Serie A Brasil,2026,CHAPECOENSE-SC,BAHIA,65,2P,Nicolas Acevedo,Jean Lucas,,BAHIA,Normal Goal,1492332
16/08/2026,Serie A Brasil,2026,CHAPECOENSE-SC,BAHIA,71,2P,Tulio,Giovanni Augusto,,CHAPECOENSE-SC,Normal Goal,1492332
16/08/2026,Serie A Brasil,2026,VASCO DA GAMA,SANTOS,68,2P,Gabriel Barbosa,B. Rollheiser,,SANTOS,Normal Goal,1492338
16/08/2026,Serie A Brasil,2026,VASCO DA GAMA,SANTOS,77,2P,Willian Arao,,,SANTOS,Normal Goal,1492338
16/08/2026,Serie A Brasil,2026,VASCO DA GAMA,SANTOS,81,2P,Luan Peres,,,SANTOS,Normal Goal,1492338
16/08/2026,Serie A Brasil,2026,ATLETICO-MG,GREMIO,19,1P,Vitor Hugo,Igor Gomes,,ATLETICO-MG,Normal Goal,1492331
16/08/2026,Serie A Brasil,2026,ATLETICO-MG,GREMIO,62,2P,Cuello,R. Lodi,,ATLETICO-MG,Normal Goal,1492331
16/08/2026,Serie A Brasil,2026,ATLETICO-MG,GREMIO,66,2P,Cuello,,,ATLETICO-MG,Normal Goal,1492331
16/08/2026,Serie A Brasil,2026,VITORIA,BOTAFOGO,27,1P,Matheuzinho,,,VITORIA,Penalty,1492339
16/08/2026,Serie A Brasil,2026,MIRASSOL,FLAMENGO,22,1P,J. Carrascal,G. Plata,,FLAMENGO,Normal Goal,1492336
16/08/2026,Serie A Brasil,2026,MIRASSOL,FLAMENGO,53,2P,Luiz Araujo,J. Carrascal,,FLAMENGO,Normal Goal,1492336
16/08/2026,Serie A Brasil,2026,MIRASSOL,FLAMENGO,56,2P,Pedro,Ayrton Lucas,,FLAMENGO,Normal Goal,1492336
16/08/2026,Serie A Brasil,2026,MIRASSOL,FLAMENGO,66,2P,Pedro,J. Carrascal,,FLAMENGO,Normal Goal,1492336
16/08/2026,Serie A Brasil,2026,MIRASSOL,FLAMENGO,74,2P,Samuel Lino,G. de Arrascaeta,,FLAMENGO,Normal Goal,1492336
16/08/2026,Serie A Brasil,2026,MIRASSOL,FLAMENGO,77,2P,Joao Victor,Reinaldo,,MIRASSOL,Normal Goal,1492336
16/08/2026,Serie A Brasil,2026,CORINTHIANS,CRUZEIRO,36,1P,Bruno Rodrigues,,,CRUZEIRO,Normal Goal,1492333
16/08/2026,Serie A Brasil,2026,CORINTHIANS,CRUZEIRO,58,2P,Gustavo Henrique,,,CORINTHIANS,Normal Goal,1492333
16/08/2026,Serie A Brasil,2026,CORINTHIANS,CRUZEIRO,82,2P,Wanderson,L. Rodriguez,,CRUZEIRO,Normal Goal,1492333
17/08/2026,Serie A Brasil,2026,INTERNACIONAL,REMO,3,1P,J. Carbonero,Matheus Bahia,,INTERNACIONAL,Normal Goal,1492335
17/08/2026,Serie A Brasil,2026,INTERNACIONAL,REMO,90,2P,Vitor Bueno,,,REMO,Normal Goal,1492335
22/08/2026,Serie A Brasil,2026,FLUMINENSE,REMO,31,1P,Jaja,Marcelinho,,REMO,Normal Goal,1492345
22/08/2026,Serie A Brasil,2026,FLUMINENSE,REMO,66,2P,Hulk,Y. Soteldo,,FLUMINENSE,Normal Goal,1492345
22/08/2026,Serie A Brasil,2026,FLUMINENSE,REMO,83,2P,K. Serna,Riquelme Felipe,,FLUMINENSE,Normal Goal,1492345
22/08/2026,Serie A Brasil,2026,CRUZEIRO,FLAMENGO,22,1P,Pedro,G. de Arrascaeta,,FLAMENGO,Normal Goal,1492344
22/08/2026,Serie A Brasil,2026,CRUZEIRO,FLAMENGO,55,2P,K. Arroyo,Matheus Henrique,,CRUZEIRO,Normal Goal,1492344
22/08/2026,Serie A Brasil,2026,CRUZEIRO,FLAMENGO,90,2P,Matheus Pereira,L. Villalba,,CRUZEIRO,Normal Goal,1492344
23/08/2026,Serie A Brasil,2026,PALMEIRAS,VASCO DA GAMA,47,2P,J. Lopez,Allan Elias,,PALMEIRAS,Normal Goal,1492347
23/08/2026,Serie A Brasil,2026,PALMEIRAS,VASCO DA GAMA,51,2P,Vitor Roque,,,PALMEIRAS,Penalty,1492347
23/08/2026,Serie A Brasil,2026,PALMEIRAS,VASCO DA GAMA,56,2P,Mauricio,Andreas Pereira,,PALMEIRAS,Normal Goal,1492347
23/08/2026,Serie A Brasil,2026,PALMEIRAS,VASCO DA GAMA,89,2P,J. Lopez,J. Arias,,PALMEIRAS,Normal Goal,1492347
23/08/2026,Serie A Brasil,2026,PALMEIRAS,VASCO DA GAMA,90,2P,F. Colidio,,,VASCO DA GAMA,Normal Goal,1492347
23/08/2026,Serie A Brasil,2026,VITORIA,BAHIA,67,2P,A. Veliz,Erick Pulga,,BAHIA,Normal Goal,1492349
23/08/2026,Serie A Brasil,2026,VITORIA,BAHIA,90,2P,Jean Lucas,Michel Araujo,,BAHIA,Normal Goal,1492349
23/08/2026,Serie A Brasil,2026,RB BRAGANTINO,GREMIO,90,2P,Gustavo Marques,Gustavo Neves,,RB BRAGANTINO,Normal Goal,1492341
23/08/2026,Serie A Brasil,2026,SANTOS,MIRASSOL,36,1P,Eduardo,,,MIRASSOL,Normal Goal,1492348
23/08/2026,Serie A Brasil,2026,SANTOS,MIRASSOL,68,2P,A. Barreal,Neymar,,SANTOS,Normal Goal,1492348
23/08/2026,Serie A Brasil,2026,CHAPECOENSE-SC,SAO PAULO,26,1P,Bruno Pacheco,Giovanni Augusto,,CHAPECOENSE-SC,Normal Goal,1492342
23/08/2026,Serie A Brasil,2026,CORITIBA,CORINTHIANS,40,1P,Pedro Rocha,Joao Pedro Chermont,,CORITIBA,Normal Goal,1492343
23/08/2026,Serie A Brasil,2026,CORITIBA,CORINTHIANS,75,2P,Paulo Roberto,Joao Pedro Chermont,,CORITIBA,Normal Goal,1492343
23/08/2026,Serie A Brasil,2026,CORITIBA,CORINTHIANS,90,2P,Raniele,Allan,,CORINTHIANS,Normal Goal,1492343
24/08/2026,Serie A Brasil,2026,BOTAFOGO,ATLETICO PARANAENSE,11,1P,Joao Cruz,,,ATLETICO PARANAENSE,Normal Goal,1492340
24/08/2026,Serie A Brasil,2026,BOTAFOGO,ATLETICO PARANAENSE,13,1P,K. Viveros,Dantas,,ATLETICO PARANAENSE,Normal Goal,1492340
24/08/2026,Serie A Brasil,2026,BOTAFOGO,ATLETICO PARANAENSE,78,2P,K. Viveros,K. A. Calderon Vargas,,ATLETICO PARANAENSE,Normal Goal,1492340
24/08/2026,Serie A Brasil,2026,BOTAFOGO,ATLETICO PARANAENSE,85,2P,S. Rodriguez,,,BOTAFOGO,Normal Goal,1492340
24/08/2026,Serie A Brasil,2026,BOTAFOGO,ATLETICO PARANAENSE,90,2P,S. Rodriguez,Danilo Pereira,,BOTAFOGO,Normal Goal,1492340
29/08/2026,Serie A Brasil,2026,ATLETICO-MG,VITORIA,25,1P,T. Borbas,Reinier,,ATLETICO-MG,Normal Goal,1492351
29/08/2026,Serie A Brasil,2026,ATLETICO-MG,VITORIA,63,2P,Reinier,,,ATLETICO-MG,Normal Goal,1492351
29/08/2026,Serie A Brasil,2026,ATLETICO-MG,VITORIA,87,2P,Erick,,,VITORIA,Normal Goal,1492351
29/08/2026,Serie A Brasil,2026,SAO PAULO,RB BRAGANTINO,14,1P,Luciano,,,SAO PAULO,Penalty,1492358
29/08/2026,Serie A Brasil,2026,SAO PAULO,RB BRAGANTINO,45,1P,G. Santana,,,SAO PAULO,Normal Goal,1492358
29/08/2026,Serie A Brasil,2026,SAO PAULO,RB BRAGANTINO,90,2P,Fernando Santos,H. Mosquera,,RB BRAGANTINO,Normal Goal,1492358
30/08/2026,Serie A Brasil,2026,VASCO DA GAMA,CRUZEIRO,33,1P,Tche Tche,,,VASCO DA GAMA,Normal Goal,1492359
30/08/2026,Serie A Brasil,2026,VASCO DA GAMA,CRUZEIRO,55,2P,Lucas Freitas,Lucas Piton,,VASCO DA GAMA,Normal Goal,1492359
30/08/2026,Serie A Brasil,2026,VASCO DA GAMA,CRUZEIRO,90,2P,David,Ramon Rique,,VASCO DA GAMA,Normal Goal,1492359
30/08/2026,Serie A Brasil,2026,VASCO DA GAMA,CRUZEIRO,90,2P,Felipe Morais,Matheus Pereira,,CRUZEIRO,Normal Goal,1492359
30/08/2026,Serie A Brasil,2026,ATLETICO PARANAENSE,FLUMINENSE,35,1P,Leozinho,S. Mendoza,,ATLETICO PARANAENSE,Normal Goal,1492350
30/08/2026,Serie A Brasil,2026,ATLETICO PARANAENSE,FLUMINENSE,38,1P,Hulk,,,FLUMINENSE,Normal Goal,1492350
30/08/2026,Serie A Brasil,2026,ATLETICO PARANAENSE,FLUMINENSE,48,2P,G. Benavidez,,,ATLETICO PARANAENSE,Normal Goal,1492350
30/08/2026,Serie A Brasil,2026,ATLETICO PARANAENSE,FLUMINENSE,64,2P,A. Canobbio,,,FLUMINENSE,Normal Goal,1492350
30/08/2026,Serie A Brasil,2026,ATLETICO PARANAENSE,FLUMINENSE,78,2P,Ignacio,Hulk,,FLUMINENSE,Normal Goal,1492350
30/08/2026,Serie A Brasil,2026,ATLETICO PARANAENSE,FLUMINENSE,90,2P,K. Viveros,,,ATLETICO PARANAENSE,Penalty,1492350
30/08/2026,Serie A Brasil,2026,FLAMENGO,BOTAFOGO,13,1P,Samuel Lino,Jorginho,,FLAMENGO,Normal Goal,1492354
30/08/2026,Serie A Brasil,2026,FLAMENGO,BOTAFOGO,86,2P,Samuel Lino,J. Carrascal,,FLAMENGO,Normal Goal,1492354
30/08/2026,Serie A Brasil,2026,FLAMENGO,BOTAFOGO,89,2P,J. Carrascal,Everton,,FLAMENGO,Normal Goal,1492354
30/08/2026,Serie A Brasil,2026,CORINTHIANS,SANTOS,33,1P,C. Oliva,,,SANTOS,Normal Goal,1492353
30/08/2026,Serie A Brasil,2026,GREMIO,CHAPECOENSE-SC,15,1P,Mauricio Garcez,Giovanni Augusto,,CHAPECOENSE-SC,Normal Goal,1492355
30/08/2026,Serie A Brasil,2026,GREMIO,CHAPECOENSE-SC,18,1P,Gustavo Martins,J. Enamorado,,GREMIO,Normal Goal,1492355
30/08/2026,Serie A Brasil,2026,GREMIO,CHAPECOENSE-SC,28,1P,C. Pavon,,,GREMIO,Normal Goal,1492355
30/08/2026,Serie A Brasil,2026,GREMIO,CHAPECOENSE-SC,56,2P,Gustavo Martins,C. Pavon,,GREMIO,Normal Goal,1492355
30/08/2026,Serie A Brasil,2026,MIRASSOL,PALMEIRAS,50,2P,Eduardo,Igor Formiga,,MIRASSOL,Normal Goal,1492356
30/08/2026,Serie A Brasil,2026,MIRASSOL,PALMEIRAS,75,2P,Mauricio,G. Gomez,,PALMEIRAS,Normal Goal,1492356
30/08/2026,Serie A Brasil,2026,MIRASSOL,PALMEIRAS,81,2P,,,,MIRASSOL,Normal Goal,1492356
30/08/2026,Serie A Brasil,2026,BAHIA,INTERNACIONAL,16,1P,Alan Patrick,Thiago Maia,,INTERNACIONAL,Normal Goal,1492352
30/08/2026,Serie A Brasil,2026,BAHIA,INTERNACIONAL,23,1P,Erick Pulga,Nicolas Acevedo,,BAHIA,Normal Goal,1492352
30/08/2026,Serie A Brasil,2026,BAHIA,INTERNACIONAL,42,1P,Erick Pulga,A. Veliz,,BAHIA,Normal Goal,1492352
30/08/2026,Serie A Brasil,2026,BAHIA,INTERNACIONAL,45,1P,Erick,,,BAHIA,Normal Goal,1492352
30/08/2026,Serie A Brasil,2026,BAHIA,INTERNACIONAL,52,2P,Vitinho,Alan Patrick,,INTERNACIONAL,Normal Goal,1492352
31/08/2026,Serie A Brasil,2026,REMO,CORITIBA,47,2P,Ze Welison,,,CORITIBA,Own Goal,1492357
31/08/2026,Serie A Brasil,2026,REMO,CORITIBA,61,2P,Ze Ricardo,D. Tchamba,,REMO,Normal Goal,1492357
31/08/2026,Serie A Brasil,2026,REMO,CORITIBA,64,2P,Yago Pikachu,Yago Pikachu,,REMO,Missed Penalty,1492357
31/08/2026,Serie A Brasil,2026,REMO,CORITIBA,64,2P,Yago Pikachu,,,REMO,Normal Goal,1492357
31/08/2026,Serie A Brasil,2026,REMO,CORITIBA,76,2P,Fabinho,Paulo Roberto,,CORITIBA,Normal Goal,1492357
31/08/2026,Serie A Brasil,2026,REMO,CORITIBA,90,2P,Pedro Rocha,S. Gomez,,CORITIBA,Normal Goal,1492357
21/03/2026,Serie B Brasil,2026,VILA NOVA,CRB,17,1P,Mikael,,,CRB,Normal Goal,1520609
21/03/2026,Serie B Brasil,2026,VILA NOVA,CRB,48,2P,Dellatorre,,,VILA NOVA,Normal Goal,1520609
21/03/2026,Serie B Brasil,2026,VILA NOVA,CRB,62,2P,Dudu,,,VILA NOVA,Normal Goal,1520609
21/03/2026,Serie B Brasil,2026,VILA NOVA,CRB,90,2P,João Neto,,,CRB,Normal Goal,1520609
21/03/2026,Serie B Brasil,2026,CEARA,SÃO BERNARDO,7,1P,Vinicius Zanocelo,,,CEARA,Penalty,1520603
21/03/2026,Serie B Brasil,2026,CEARA,SÃO BERNARDO,55,2P,Pará,Lucas Rian,,SÃO BERNARDO,Normal Goal,1520603
21/03/2026,Serie B Brasil,2026,OPERARIO-PR,ATLETICO GOIANIENSE,23,1P,Pablo,,,OPERARIO-PR,Normal Goal,1520608
22/03/2026,Serie B Brasil,2026,AVAI,JUVENTUDE,37,1P,Felipe Avenatti,Thayllon Roberth,,AVAI,Normal Goal,1520601
22/03/2026,Serie B Brasil,2026,AVAI,JUVENTUDE,75,2P,Walace dos Santos França,,,AVAI,Normal Goal,1520601
22/03/2026,Serie B Brasil,2026,NAUTICO RECIFE,CRICIUMA,6,1P,Waguininho,Marcelo Hermes,,CRICIUMA,Normal Goal,1520606
22/03/2026,Serie B Brasil,2026,GOIAS,AMERICA MINEIRO,9,1P,Anselmo Ramon,,,GOIAS,Penalty,1520605
22/03/2026,Serie B Brasil,2026,GOIAS,AMERICA MINEIRO,31,1P,Tadeu,,,GOIAS,Penalty,1520605
22/03/2026,Serie B Brasil,2026,GOIAS,AMERICA MINEIRO,86,2P,Gegê,Juninho,,GOIAS,Normal Goal,1520605
22/03/2026,Serie B Brasil,2026,GOIAS,AMERICA MINEIRO,90,2P,Gonzalo Mastriani,Willian Bigode,,AMERICA MINEIRO,Normal Goal,1520605
22/03/2026,Serie B Brasil,2026,ATHLETIC CLUB,PONTE PRETA,27,1P,Ian Luccas,,,ATHLETIC CLUB,Normal Goal,1520600
22/03/2026,Serie B Brasil,2026,ATHLETIC CLUB,PONTE PRETA,45,1P,Jota,,,ATHLETIC CLUB,Normal Goal,1520600
22/03/2026,Serie B Brasil,2026,ATHLETIC CLUB,PONTE PRETA,45,1P,Bryan Borges,Brandão,,PONTE PRETA,Normal Goal,1520600
22/03/2026,Serie B Brasil,2026,NOVORIZONTINO,LONDRINA,48,2P,Bruno Santos,Vitinho,,LONDRINA,Normal Goal,1520607
22/03/2026,Serie B Brasil,2026,NOVORIZONTINO,LONDRINA,57,2P,Lucas Marques,Iago,,LONDRINA,Normal Goal,1520607
22/03/2026,Serie B Brasil,2026,NOVORIZONTINO,LONDRINA,89,2P,André Luiz,,,LONDRINA,Normal Goal,1520607
22/03/2026,Serie B Brasil,2026,NOVORIZONTINO,LONDRINA,90,2P,Carlão,,,NOVORIZONTINO,Normal Goal,1520607
01/04/2026,Serie B Brasil,2026,AMERICA MINEIRO,BOTAFOGO SP,8,1P,Gonzalo Mastriani,Willian Bigode,,AMERICA MINEIRO,Normal Goal,1520610
01/04/2026,Serie B Brasil,2026,AMERICA MINEIRO,BOTAFOGO SP,32,1P,Everton Morelli,Rafael Gava,,BOTAFOGO SP,Normal Goal,1520610
01/04/2026,Serie B Brasil,2026,AMERICA MINEIRO,BOTAFOGO SP,59,2P,Zé Hugo,Patrick Brey,,BOTAFOGO SP,Normal Goal,1520610
01/04/2026,Serie B Brasil,2026,SPORT RECIFE,VILA NOVA,59,2P,Janderson,Ryan Lima,,VILA NOVA,Normal Goal,1520619
01/04/2026,Serie B Brasil,2026,SPORT RECIFE,VILA NOVA,78,2P,Perotti,Felipinho,,SPORT RECIFE,Normal Goal,1520619
01/04/2026,Serie B Brasil,2026,ATLETICO GOIANIENSE,NAUTICO RECIFE,41,1P,Leo Jacó,Guilherme Marques,,ATLETICO GOIANIENSE,Normal Goal,1520611
01/04/2026,Serie B Brasil,2026,ATLETICO GOIANIENSE,NAUTICO RECIFE,78,2P,Vinícius,Yuri,,NAUTICO RECIFE,Normal Goal,1520611
01/04/2026,Serie B Brasil,2026,ATLETICO GOIANIENSE,NAUTICO RECIFE,82,2P,Igor Fernandes,Dodô,,NAUTICO RECIFE,Normal Goal,1520611
01/04/2026,Serie B Brasil,2026,LONDRINA,GOIAS,33,1P,Bruno Santos,,,LONDRINA,Normal Goal,1520616
01/04/2026,Serie B Brasil,2026,LONDRINA,GOIAS,38,1P,Anselmo Ramon,,,GOIAS,Normal Goal,1520616
01/04/2026,Serie B Brasil,2026,LONDRINA,GOIAS,59,2P,Iago,Bruno Santos,,LONDRINA,Normal Goal,1520616
01/04/2026,Serie B Brasil,2026,LONDRINA,GOIAS,90,2P,Esli García,,,GOIAS,Normal Goal,1520616
02/04/2026,Serie B Brasil,2026,PONTE PRETA,CEARA,53,2P,Luis Phelipe,,,PONTE PRETA,Normal Goal,1520617
02/04/2026,Serie B Brasil,2026,PONTE PRETA,CEARA,81,2P,Sanchez,Giulio,,CEARA,Normal Goal,1520617
02/04/2026,Serie B Brasil,2026,CRICIUMA,ATHLETIC CLUB,2,1P,R. Tavares,,,ATHLETIC CLUB,Normal Goal,1520613
02/04/2026,Serie B Brasil,2026,CRICIUMA,ATHLETIC CLUB,61,2P,Jhonata Robert,,,CRICIUMA,Penalty,1520613
02/04/2026,Serie B Brasil,2026,CRB,AVAI,85,2P,Walace Franca,Allyson,,AVAI,Normal Goal,1520612
02/04/2026,Serie B Brasil,2026,SÃO BERNARDO,OPERARIO-PR,2,1P,Romisson,Fabrício Daniel,,SÃO BERNARDO,Normal Goal,1520618
02/04/2026,Serie B Brasil,2026,SÃO BERNARDO,OPERARIO-PR,41,1P,Pablo,Mikael Doka,,OPERARIO-PR,Normal Goal,1520618
02/04/2026,Serie B Brasil,2026,SÃO BERNARDO,OPERARIO-PR,84,2P,Gabriel Boschilia,Aylon,,OPERARIO-PR,Normal Goal,1520618
04/04/2026,Serie B Brasil,2026,FORTALEZA EC,JUVENTUDE,18,1P,Maílton,,,FORTALEZA EC,Penalty,1520624
04/04/2026,Serie B Brasil,2026,FORTALEZA EC,JUVENTUDE,45,1P,Luan Martins Gonçalves,,,FORTALEZA EC,Own Goal,1520624
04/04/2026,Serie B Brasil,2026,FORTALEZA EC,JUVENTUDE,50,2P,Alan Kardec,Manuel Castro,,JUVENTUDE,Normal Goal,1520624
04/04/2026,Serie B Brasil,2026,NAUTICO RECIFE,PONTE PRETA,78,2P,Vinícius,,,NAUTICO RECIFE,Penalty,1520627
04/04/2026,Serie B Brasil,2026,CUIABA,CEARA,61,2P,Rodrigo,,,CUIABA,Missed Penalty,1520623
04/04/2026,Serie B Brasil,2026,CUIABA,CEARA,71,2P,Juan Alano,Wendel Silva,,CEARA,Normal Goal,1520623
04/04/2026,Serie B Brasil,2026,CUIABA,CEARA,79,2P,Juan Alano,João Gabriel,,CEARA,Normal Goal,1520623
04/04/2026,Serie B Brasil,2026,CUIABA,CEARA,90,2P,Mateus Santos,,,CUIABA,Missed Penalty,1520623
04/04/2026,Serie B Brasil,2026,VILA NOVA,ATLETICO GOIANIENSE,33,1P,Marrony,Geovany Soares,,ATLETICO GOIANIENSE,Normal Goal,1520629
04/04/2026,Serie B Brasil,2026,VILA NOVA,ATLETICO GOIANIENSE,65,2P,Marquinhos Gabriel,,,VILA NOVA,Penalty,1520629
04/04/2026,Serie B Brasil,2026,VILA NOVA,ATLETICO GOIANIENSE,88,2P,Gustavo Puskas Pinheiro Lemos,,,VILA NOVA,Normal Goal,1520629
04/04/2026,Serie B Brasil,2026,LONDRINA,SPORT RECIFE,22,1P,Bruno Santos,,,LONDRINA,Normal Goal,1520626
04/04/2026,Serie B Brasil,2026,LONDRINA,SPORT RECIFE,67,2P,Chrystian Barletta,,,SPORT RECIFE,Penalty,1520626
04/04/2026,Serie B Brasil,2026,LONDRINA,SPORT RECIFE,87,2P,Perotti,Augusto Pucci,,SPORT RECIFE,Normal Goal,1520626
05/04/2026,Serie B Brasil,2026,NOVORIZONTINO,CRB,74,2P,Carlão,Rômulo,,NOVORIZONTINO,Normal Goal,1520628
05/04/2026,Serie B Brasil,2026,NOVORIZONTINO,CRB,90,2P,Dadá Belmonte,Diogo Hereda,,CRB,Normal Goal,1520628
05/04/2026,Serie B Brasil,2026,ATHLETIC CLUB,AMERICA MINEIRO,37,1P,Ronaldo Tavares,Ruan Lucas de Assis,,ATHLETIC CLUB,Normal Goal,1520620
05/04/2026,Serie B Brasil,2026,ATHLETIC CLUB,AMERICA MINEIRO,82,2P,Gonzalo Mastriani,,,AMERICA MINEIRO,Normal Goal,1520620
05/04/2026,Serie B Brasil,2026,BOTAFOGO SP,SÃO BERNARDO,4,1P,Hygor,,,BOTAFOGO SP,Normal Goal,1520622
05/04/2026,Serie B Brasil,2026,BOTAFOGO SP,SÃO BERNARDO,49,2P,Rodrigo Ferreira,Pedro Vitor,,SÃO BERNARDO,Normal Goal,1520622
05/04/2026,Serie B Brasil,2026,BOTAFOGO SP,SÃO BERNARDO,90,2P,Daniel Amorim,Echaporã,,SÃO BERNARDO,Normal Goal,1520622
07/04/2026,Serie B Brasil,2026,GOIAS,CRICIUMA,58,2P,Cadu,Anselmo Ramon,,GOIAS,Normal Goal,1520625
10/04/2026,Serie B Brasil,2026,CRICIUMA,BOTAFOGO SP,90,2P,Rómulo Otero,,,CRICIUMA,Normal Goal,1520634
11/04/2026,Serie B Brasil,2026,JUVENTUDE,GOIAS,39,1P,Luiz Felipe,,,JUVENTUDE,Own Goal,1520635
11/04/2026,Serie B Brasil,2026,JUVENTUDE,GOIAS,60,2P,Alan Kardec,Wadson,,JUVENTUDE,Normal Goal,1520635
11/04/2026,Serie B Brasil,2026,SPORT RECIFE,AVAI,19,1P,Luiz Henrique,,,AVAI,Penalty,1520639
11/04/2026,Serie B Brasil,2026,SPORT RECIFE,AVAI,45,1P,Chrystian Barletta,,,SPORT RECIFE,Penalty,1520639
11/04/2026,Serie B Brasil,2026,SPORT RECIFE,AVAI,89,2P,de Pena Carlos,Marlon Douglas,,SPORT RECIFE,Normal Goal,1520639
11/04/2026,Serie B Brasil,2026,SPORT RECIFE,AVAI,90,2P,Sorriso,Ze Ricardo,,AVAI,Normal Goal,1520639
11/04/2026,Serie B Brasil,2026,PONTE PRETA,VILA NOVA,38,1P,Ryan,Janderson,,VILA NOVA,Normal Goal,1520637
11/04/2026,Serie B Brasil,2026,CEARA,NAUTICO RECIFE,47,2P,Fernandinho,,,CEARA,Normal Goal,1520632
12/04/2026,Serie B Brasil,2026,AMERICA MINEIRO,NOVORIZONTINO,71,2P,Diego Galo,Juninho,,NOVORIZONTINO,Normal Goal,1520630
12/04/2026,Serie B Brasil,2026,AMERICA MINEIRO,NOVORIZONTINO,74,2P,Sander,,,NOVORIZONTINO,Normal Goal,1520630
12/04/2026,Serie B Brasil,2026,AMERICA MINEIRO,NOVORIZONTINO,90,2P,Tavinho,Juninho,,NOVORIZONTINO,Normal Goal,1520630
12/04/2026,Serie B Brasil,2026,SÃO BERNARDO,FORTALEZA EC,87,2P,J. B. Miritello,,,FORTALEZA EC,Normal Goal,1520638
12/04/2026,Serie B Brasil,2026,CRB,ATHLETIC CLUB,21,1P,Pedro Castro,Hereda,,CRB,Normal Goal,1520633
12/04/2026,Serie B Brasil,2026,CRB,ATHLETIC CLUB,45,1P,Douglas Baggio,,,CRB,Penalty,1520633
12/04/2026,Serie B Brasil,2026,CRB,ATHLETIC CLUB,49,2P,R. Tavares,Jota,,ATHLETIC CLUB,Normal Goal,1520633
12/04/2026,Serie B Brasil,2026,CRB,ATHLETIC CLUB,79,2P,R. Tavares,Zeca,,ATHLETIC CLUB,Normal Goal,1520633
12/04/2026,Serie B Brasil,2026,CRB,ATHLETIC CLUB,90,2P,R. Tavares,,,ATHLETIC CLUB,Penalty,1520633
12/04/2026,Serie B Brasil,2026,ATLETICO GOIANIENSE,LONDRINA,21,1P,Guilherme Lopes,Ewerthon,,ATLETICO GOIANIENSE,Normal Goal,1520631
12/04/2026,Serie B Brasil,2026,ATLETICO GOIANIENSE,LONDRINA,86,2P,Leo Jacó,Guilherme Marques,,ATLETICO GOIANIENSE,Normal Goal,1520631
12/04/2026,Serie B Brasil,2026,ATLETICO GOIANIENSE,LONDRINA,90,2P,Emiliano Rodriguez,Weverton,,LONDRINA,Normal Goal,1520631
18/04/2026,Serie B Brasil,2026,NAUTICO RECIFE,SÃO BERNARDO,3,1P,Vinícius,,,NAUTICO RECIFE,Missed Penalty,1520647
18/04/2026,Serie B Brasil,2026,NAUTICO RECIFE,SÃO BERNARDO,64,2P,Pedro Vitor,,,SÃO BERNARDO,Normal Goal,1520647
18/04/2026,Serie B Brasil,2026,NAUTICO RECIFE,SÃO BERNARDO,81,2P,Foguinho,Helder Maciel,,SÃO BERNARDO,Normal Goal,1520647
18/04/2026,Serie B Brasil,2026,NAUTICO RECIFE,SÃO BERNARDO,88,2P,Pablo Dyego,Echaporã,,SÃO BERNARDO,Normal Goal,1520647
18/04/2026,Serie B Brasil,2026,VILA NOVA,OPERARIO-PR,19,1P,Rafael Silva,,,VILA NOVA,Normal Goal,1520649
18/04/2026,Serie B Brasil,2026,VILA NOVA,OPERARIO-PR,43,1P,Vinícius Diniz,Gabriel Boschilia,,OPERARIO-PR,Normal Goal,1520649
18/04/2026,Serie B Brasil,2026,VILA NOVA,OPERARIO-PR,50,2P,Ryan Lima,Marquinhos Gabriel,,VILA NOVA,Normal Goal,1520649
18/04/2026,Serie B Brasil,2026,AVAI,PONTE PRETA,38,1P,Jean Lucas,Thayllon Roberth,,AVAI,Normal Goal,1520641
18/04/2026,Serie B Brasil,2026,AVAI,PONTE PRETA,45,1P,William Pottker,,,PONTE PRETA,Penalty,1520641
18/04/2026,Serie B Brasil,2026,AVAI,PONTE PRETA,60,2P,Diego Tavares,,,PONTE PRETA,Normal Goal,1520641
18/04/2026,Serie B Brasil,2026,AVAI,PONTE PRETA,60,2P,William Pottker,,,PONTE PRETA,Missed Penalty,1520641
18/04/2026,Serie B Brasil,2026,CRB,JUVENTUDE,40,1P,Allanzinho,Luan Martins,,JUVENTUDE,Normal Goal,1520643
19/04/2026,Serie B Brasil,2026,BOTAFOGO SP,ATLETICO GOIANIENSE,4,1P,Everton Morelli,,,BOTAFOGO SP,Normal Goal,1520642
19/04/2026,Serie B Brasil,2026,BOTAFOGO SP,ATLETICO GOIANIENSE,23,1P,Gustavo Coutinho,,,ATLETICO GOIANIENSE,Penalty,1520642
19/04/2026,Serie B Brasil,2026,GOIAS,CUIABA,75,2P,Hernades,Eliel,,CUIABA,Normal Goal,1520645
19/04/2026,Serie B Brasil,2026,GOIAS,CUIABA,82,2P,Hernades,Weverson,,CUIABA,Normal Goal,1520645
19/04/2026,Serie B Brasil,2026,FORTALEZA EC,CRICIUMA,8,1P,Luiz Fernando,,,FORTALEZA EC,Normal Goal,1520644
19/04/2026,Serie B Brasil,2026,FORTALEZA EC,CRICIUMA,13,1P,Fellipe Mateus,Nicolas,,CRICIUMA,Normal Goal,1520644
19/04/2026,Serie B Brasil,2026,FORTALEZA EC,CRICIUMA,29,1P,Ruan Rodrigues Carvalho,,,FORTALEZA EC,Own Goal,1520644
19/04/2026,Serie B Brasil,2026,FORTALEZA EC,CRICIUMA,50,2P,Bruno Alves,Romarinho,,CRICIUMA,Normal Goal,1520644
19/04/2026,Serie B Brasil,2026,FORTALEZA EC,CRICIUMA,77,2P,Bruno Alves,,,FORTALEZA EC,Own Goal,1520644
19/04/2026,Serie B Brasil,2026,NOVORIZONTINO,ATHLETIC CLUB,9,1P,Tavinho,Robson,,NOVORIZONTINO,Normal Goal,1520648
19/04/2026,Serie B Brasil,2026,NOVORIZONTINO,ATHLETIC CLUB,21,1P,Lucas Belezi,,,ATHLETIC CLUB,Normal Goal,1520648
19/04/2026,Serie B Brasil,2026,NOVORIZONTINO,ATHLETIC CLUB,64,2P,Robson,Rômulo,,NOVORIZONTINO,Normal Goal,1520648
23/04/2026,Serie B Brasil,2026,CUIABA,BOTAFOGO SP,64,2P,Eric Melo,Hernades,,CUIABA,Normal Goal,1520654
23/04/2026,Serie B Brasil,2026,CUIABA,BOTAFOGO SP,78,2P,Luizao,,,BOTAFOGO SP,Penalty,1520654
24/04/2026,Serie B Brasil,2026,PONTE PRETA,AMERICA MINEIRO,44,1P,William Pottker,Luis Phelipe,,PONTE PRETA,Normal Goal,1520657
25/04/2026,Serie B Brasil,2026,SPORT RECIFE,NOVORIZONTINO,52,2P,Pedro Perotti,de Pena Carlos,,SPORT RECIFE,Normal Goal,1520659
26/04/2026,Serie B Brasil,2026,JUVENTUDE,LONDRINA,45,1P,MP,Alan Kardec,,JUVENTUDE,Normal Goal,1520655
26/04/2026,Serie B Brasil,2026,CEARA,VILA NOVA,13,1P,Rafael Silva,Janderson,,VILA NOVA,Normal Goal,1520652
26/04/2026,Serie B Brasil,2026,CEARA,VILA NOVA,15,1P,Lucas Lima,,,CEARA,Normal Goal,1520652
26/04/2026,Serie B Brasil,2026,CEARA,VILA NOVA,44,1P,Matheus Araújo,Melk,,CEARA,Normal Goal,1520652
26/04/2026,Serie B Brasil,2026,CEARA,VILA NOVA,45,1P,Matheus Araújo,Lucca,,CEARA,Normal Goal,1520652
26/04/2026,Serie B Brasil,2026,CEARA,VILA NOVA,63,2P,João Vieira,,,VILA NOVA,Penalty,1520652
26/04/2026,Serie B Brasil,2026,CEARA,VILA NOVA,67,2P,Rafael Silva,,,VILA NOVA,Normal Goal,1520652
26/04/2026,Serie B Brasil,2026,CRICIUMA,CRB,9,1P,Bruno Alves,Romarinho,,CRICIUMA,Normal Goal,1520653
26/04/2026,Serie B Brasil,2026,CRICIUMA,CRB,37,1P,Nicolas,Ruan Rodrigues Carvalho,,CRICIUMA,Normal Goal,1520653
26/04/2026,Serie B Brasil,2026,CRICIUMA,CRB,49,2P,Mikael,Patrick De Lucca,,CRB,Normal Goal,1520653
26/04/2026,Serie B Brasil,2026,CRICIUMA,CRB,75,2P,Waguininho,,,CRICIUMA,Normal Goal,1520653
26/04/2026,Serie B Brasil,2026,ATLETICO GOIANIENSE,AVAI,22,1P,Gustavo Coutinho,,,ATLETICO GOIANIENSE,Penalty,1520651
26/04/2026,Serie B Brasil,2026,ATLETICO GOIANIENSE,AVAI,69,2P,Walace Franca,Jean Lucas,,AVAI,Normal Goal,1520651
26/04/2026,Serie B Brasil,2026,ATLETICO GOIANIENSE,AVAI,74,2P,Guilherme,,,ATLETICO GOIANIENSE,Normal Goal,1520651
27/04/2026,Serie B Brasil,2026,ATHLETIC CLUB,NAUTICO RECIFE,81,2P,Victor Andrade,Yuri,,NAUTICO RECIFE,Normal Goal,1520650
02/05/2026,Serie B Brasil,2026,BOTAFOGO SP,NAUTICO RECIFE,42,1P,Everton Morelli,Patrick Brey,,BOTAFOGO SP,Normal Goal,1520663
02/05/2026,Serie B Brasil,2026,BOTAFOGO SP,NAUTICO RECIFE,58,2P,Victor Andrade,,,NAUTICO RECIFE,Normal Goal,1520663
02/05/2026,Serie B Brasil,2026,CUIABA,CRICIUMA,21,1P,Joao Basso,Pepe,,CUIABA,Normal Goal,1520664
02/05/2026,Serie B Brasil,2026,CUIABA,CRICIUMA,90,2P,Caue Santos,,,CRICIUMA,Normal Goal,1520664
02/05/2026,Serie B Brasil,2026,FORTALEZA EC,GOIAS,24,1P,Gegê,,,GOIAS,Normal Goal,1520665
02/05/2026,Serie B Brasil,2026,FORTALEZA EC,GOIAS,54,2P,Vitinho,Maurício Júnior,,FORTALEZA EC,Normal Goal,1520665
02/05/2026,Serie B Brasil,2026,FORTALEZA EC,GOIAS,61,2P,Vitinho,Pierre,,FORTALEZA EC,Normal Goal,1520665
02/05/2026,Serie B Brasil,2026,FORTALEZA EC,GOIAS,78,2P,Juan Miritello,Emanuel Brítez,,FORTALEZA EC,Normal Goal,1520665
02/05/2026,Serie B Brasil,2026,FORTALEZA EC,GOIAS,90,2P,Juan Miritello,Maílton,,FORTALEZA EC,Normal Goal,1520665
03/05/2026,Serie B Brasil,2026,OPERARIO-PR,LONDRINA,5,1P,Boschilia,,,OPERARIO-PR,Normal Goal,1520666
03/05/2026,Serie B Brasil,2026,OPERARIO-PR,LONDRINA,29,1P,Aylon,,,OPERARIO-PR,Normal Goal,1520666
03/05/2026,Serie B Brasil,2026,OPERARIO-PR,LONDRINA,60,2P,Boschilia,Mikael Doka,,OPERARIO-PR,Normal Goal,1520666
03/05/2026,Serie B Brasil,2026,SÃO BERNARDO,PONTE PRETA,13,1P,Foguinho,Pedro Vitor,,SÃO BERNARDO,Normal Goal,1520667
03/05/2026,Serie B Brasil,2026,SÃO BERNARDO,PONTE PRETA,52,2P,Pará,Rodrigo Ferreira,,SÃO BERNARDO,Normal Goal,1520667
03/05/2026,Serie B Brasil,2026,SÃO BERNARDO,PONTE PRETA,79,2P,Fabrício Daniel,,,SÃO BERNARDO,Penalty,1520667
03/05/2026,Serie B Brasil,2026,SPORT RECIFE,CEARA,53,2P,Chrystian Barletta,,,SPORT RECIFE,Penalty,1520668
03/05/2026,Serie B Brasil,2026,SPORT RECIFE,CEARA,71,2P,Madson,Marlon,,SPORT RECIFE,Normal Goal,1520668
03/05/2026,Serie B Brasil,2026,AMERICA MINEIRO,CRB,10,1P,Emerson Santos,Paulinho,,AMERICA MINEIRO,Normal Goal,1520660
03/05/2026,Serie B Brasil,2026,AMERICA MINEIRO,CRB,41,1P,Dadá Belmonte,,,CRB,Normal Goal,1520660
03/05/2026,Serie B Brasil,2026,AMERICA MINEIRO,CRB,84,2P,Guilherme Pato,Guilherme Estrella,,CRB,Normal Goal,1520660
03/05/2026,Serie B Brasil,2026,AVAI,NOVORIZONTINO,23,1P,Luiz Henrique,,,AVAI,Normal Goal,1520662
03/05/2026,Serie B Brasil,2026,AVAI,NOVORIZONTINO,47,2P,Robson,Rômulo,,NOVORIZONTINO,Normal Goal,1520662
03/05/2026,Serie B Brasil,2026,AVAI,NOVORIZONTINO,74,2P,Rômulo,Juninho,,NOVORIZONTINO,Normal Goal,1520662
03/05/2026,Serie B Brasil,2026,AVAI,NOVORIZONTINO,90,2P,Paulo Vitor,,,AVAI,Normal Goal,1520662
03/05/2026,Serie B Brasil,2026,AVAI,NOVORIZONTINO,90,2P,Rafael Bilú,Wesley Gasolina,,AVAI,Normal Goal,1520662
03/05/2026,Serie B Brasil,2026,AVAI,NOVORIZONTINO,90,2P,Leo Naldi,,,NOVORIZONTINO,Penalty,1520662
04/05/2026,Serie B Brasil,2026,VILA NOVA,ATHLETIC CLUB,69,2P,Dellatorre,Marquinhos Gabriel,,VILA NOVA,Normal Goal,1520669
04/05/2026,Serie B Brasil,2026,VILA NOVA,ATHLETIC CLUB,87,2P,Bruninho,Belezi,,ATHLETIC CLUB,Normal Goal,1520669
09/05/2026,Serie B Brasil,2026,GOIAS,VILA NOVA,79,2P,Anselmo Ramon,Diego Caito,,GOIAS,Normal Goal,1520674
09/05/2026,Serie B Brasil,2026,PONTE PRETA,SPORT RECIFE,23,1P,Danilo Barcelos,Diego Tavares,,PONTE PRETA,Normal Goal,1520679
09/05/2026,Serie B Brasil,2026,PONTE PRETA,SPORT RECIFE,31,1P,Felipinho,Chrystian Barletta,,SPORT RECIFE,Normal Goal,1520679
09/05/2026,Serie B Brasil,2026,PONTE PRETA,SPORT RECIFE,45,1P,Chrystian Barletta,,,SPORT RECIFE,Penalty,1520679
09/05/2026,Serie B Brasil,2026,PONTE PRETA,SPORT RECIFE,59,2P,Perotti,Chrystian Barletta,,SPORT RECIFE,Normal Goal,1520679
09/05/2026,Serie B Brasil,2026,CEARA,ATLETICO GOIANIENSE,29,1P,Gustavo Coutinho,,,ATLETICO GOIANIENSE,Penalty,1520672
09/05/2026,Serie B Brasil,2026,CRB,OPERARIO-PR,11,1P,Pedro Castro,De Lucca,,CRB,Normal Goal,1520673
09/05/2026,Serie B Brasil,2026,CRB,OPERARIO-PR,27,1P,Pedro Castro,Mikael,,CRB,Normal Goal,1520673
09/05/2026,Serie B Brasil,2026,CRB,OPERARIO-PR,49,2P,Mikael,,,CRB,Normal Goal,1520673
10/05/2026,Serie B Brasil,2026,NAUTICO RECIFE,AMERICA MINEIRO,26,1P,Vinícius,Wenderson,,NAUTICO RECIFE,Normal Goal,1520677
10/05/2026,Serie B Brasil,2026,NAUTICO RECIFE,AMERICA MINEIRO,45,1P,Jhonny,,,NAUTICO RECIFE,Own Goal,1520677
10/05/2026,Serie B Brasil,2026,NAUTICO RECIFE,AMERICA MINEIRO,52,2P,Dodô,,,NAUTICO RECIFE,Normal Goal,1520677
10/05/2026,Serie B Brasil,2026,NAUTICO RECIFE,AMERICA MINEIRO,73,2P,Vinícius,Reginaldo,,NAUTICO RECIFE,Normal Goal,1520677
10/05/2026,Serie B Brasil,2026,NOVORIZONTINO,BOTAFOGO SP,57,2P,Robson,Vinicius Paiva,,NOVORIZONTINO,Normal Goal,1520678
12/05/2026,Serie B Brasil,2026,LONDRINA,SÃO BERNARDO,7,1P,Daniel Amorim,Romisson,,SÃO BERNARDO,Normal Goal,1520676
12/05/2026,Serie B Brasil,2026,LONDRINA,SÃO BERNARDO,21,1P,Dudu Miraíma,,,SÃO BERNARDO,Normal Goal,1520676
12/05/2026,Serie B Brasil,2026,LONDRINA,SÃO BERNARDO,59,2P,Dudu Miraíma,,,SÃO BERNARDO,Normal Goal,1520676
12/05/2026,Serie B Brasil,2026,LONDRINA,SÃO BERNARDO,85,2P,Paulinho Moccelin,Kauê Leonardo,,LONDRINA,Normal Goal,1520676
16/05/2026,Serie B Brasil,2026,OPERARIO-PR,NAUTICO RECIFE,7,1P,Pablo,Aylon,,OPERARIO-PR,Normal Goal,1520685
16/05/2026,Serie B Brasil,2026,OPERARIO-PR,NAUTICO RECIFE,27,1P,Derek,Vinicius,,NAUTICO RECIFE,Normal Goal,1520685
16/05/2026,Serie B Brasil,2026,OPERARIO-PR,NAUTICO RECIFE,45,1P,Reginaldo,Vinicius,,NAUTICO RECIFE,Normal Goal,1520685
16/05/2026,Serie B Brasil,2026,OPERARIO-PR,NAUTICO RECIFE,53,2P,Vinicius,Victor Andrade,,NAUTICO RECIFE,Normal Goal,1520685
16/05/2026,Serie B Brasil,2026,OPERARIO-PR,NAUTICO RECIFE,63,2P,Junior Todinho,Paulo Sergio,,NAUTICO RECIFE,Normal Goal,1520685
16/05/2026,Serie B Brasil,2026,OPERARIO-PR,NAUTICO RECIFE,67,2P,Boschilia,,,OPERARIO-PR,Penalty,1520685
16/05/2026,Serie B Brasil,2026,OPERARIO-PR,NAUTICO RECIFE,68,2P,Dodo,Wenderson,,NAUTICO RECIFE,Normal Goal,1520685
16/05/2026,Serie B Brasil,2026,OPERARIO-PR,NAUTICO RECIFE,90,2P,Paulo Sergio,Junior Todinho,,NAUTICO RECIFE,Normal Goal,1520685
16/05/2026,Serie B Brasil,2026,SÃO BERNARDO,AMERICA MINEIRO,19,1P,Fernando Elizari,Felipe Amaral,,AMERICA MINEIRO,Normal Goal,1520687
16/05/2026,Serie B Brasil,2026,SÃO BERNARDO,AMERICA MINEIRO,85,2P,Daniel Davi Simão Roque,,,SÃO BERNARDO,Normal Goal,1520687
16/05/2026,Serie B Brasil,2026,GOIAS,BOTAFOGO SP,73,2P,Kadu,E. Garcia,,GOIAS,Normal Goal,1520684
17/05/2026,Serie B Brasil,2026,ATHLETIC CLUB,JUVENTUDE,28,1P,D. Vera,Max,,ATHLETIC CLUB,Normal Goal,1520680
17/05/2026,Serie B Brasil,2026,ATHLETIC CLUB,JUVENTUDE,90,2P,Rai Silva,Alisson Safira,,JUVENTUDE,Normal Goal,1520680
17/05/2026,Serie B Brasil,2026,VILA NOVA,AVAI,33,1P,Bruno Xavier,,,VILA NOVA,Normal Goal,1520689
17/05/2026,Serie B Brasil,2026,VILA NOVA,AVAI,45,1P,Dudu Dos Santos,Marquinhos Gabriel,,VILA NOVA,Normal Goal,1520689
17/05/2026,Serie B Brasil,2026,CEARA,FORTALEZA EC,28,1P,Mailton,,,FORTALEZA EC,Penalty,1520681
17/05/2026,Serie B Brasil,2026,CEARA,FORTALEZA EC,58,2P,Melk,Enzo Lodovico,,CEARA,Normal Goal,1520681
17/05/2026,Serie B Brasil,2026,CEARA,FORTALEZA EC,68,2P,Julio Cesar,Melk,,CEARA,Normal Goal,1520681
17/05/2026,Serie B Brasil,2026,CRICIUMA,ATLETICO GOIANIENSE,59,2P,Nicolas,Rómulo Otero,,CRICIUMA,Normal Goal,1520682
17/05/2026,Serie B Brasil,2026,CRICIUMA,ATLETICO GOIANIENSE,61,2P,Ewerthon,Geovany Soares,,ATLETICO GOIANIENSE,Normal Goal,1520682
17/05/2026,Serie B Brasil,2026,SPORT RECIFE,CRB,39,1P,Mikael,,,CRB,Normal Goal,1520688
17/05/2026,Serie B Brasil,2026,SPORT RECIFE,CRB,59,2P,Danielzinho,,,CRB,Normal Goal,1520688
17/05/2026,Serie B Brasil,2026,SPORT RECIFE,CRB,78,2P,Perotti,Iury Castilho,,SPORT RECIFE,Normal Goal,1520688
18/05/2026,Serie B Brasil,2026,PONTE PRETA,LONDRINA,24,1P,Iago Teles,Bruno Santos,,LONDRINA,Normal Goal,1520686
18/05/2026,Serie B Brasil,2026,PONTE PRETA,LONDRINA,66,2P,Bruno Santos,Thalis,,LONDRINA,Normal Goal,1520686
18/05/2026,Serie B Brasil,2026,PONTE PRETA,LONDRINA,88,2P,Andre Cardoso,Bruno Santos,,LONDRINA,Normal Goal,1520686
18/05/2026,Serie B Brasil,2026,PONTE PRETA,LONDRINA,90,2P,Joao Tavares,Paulinho Moccelin,,LONDRINA,Normal Goal,1520686
18/05/2026,Serie B Brasil,2026,PONTE PRETA,LONDRINA,90,2P,Miguel Morais,Diego Tavares,,PONTE PRETA,Normal Goal,1520686
22/05/2026,Serie B Brasil,2026,NAUTICO RECIFE,CUIABA,37,1P,Dodô,,,NAUTICO RECIFE,Missed Penalty,1520697
22/05/2026,Serie B Brasil,2026,NAUTICO RECIFE,CUIABA,71,2P,Junior Todinho,Luiz Felipe,,NAUTICO RECIFE,Normal Goal,1520697
23/05/2026,Serie B Brasil,2026,NOVORIZONTINO,CEARA,7,1P,Matheus Bianqui,Romulo,,NOVORIZONTINO,Normal Goal,1520698
23/05/2026,Serie B Brasil,2026,NOVORIZONTINO,CEARA,44,1P,Melk,Fernandinho,,CEARA,Normal Goal,1520698
23/05/2026,Serie B Brasil,2026,NOVORIZONTINO,CEARA,87,2P,Juninho,,,NOVORIZONTINO,Normal Goal,1520698
23/05/2026,Serie B Brasil,2026,FORTALEZA EC,LONDRINA,36,1P,Vitinho,Matheus Rossetto,,FORTALEZA EC,Normal Goal,1520695
23/05/2026,Serie B Brasil,2026,FORTALEZA EC,LONDRINA,53,2P,Luiz Fernando,,,FORTALEZA EC,Penalty,1520695
23/05/2026,Serie B Brasil,2026,FORTALEZA EC,LONDRINA,90,2P,Lucca Prior,Kayke,,FORTALEZA EC,Normal Goal,1520695
23/05/2026,Serie B Brasil,2026,JUVENTUDE,SPORT RECIFE,82,2P,Iury Castilho,Chrystian Barletta,,SPORT RECIFE,Normal Goal,1520696
24/05/2026,Serie B Brasil,2026,ATLETICO GOIANIENSE,SÃO BERNARDO,81,2P,Pablo Dyego,,,SÃO BERNARDO,Normal Goal,1520691
24/05/2026,Serie B Brasil,2026,CRB,PONTE PRETA,28,1P,David da Hora,Elvis,,PONTE PRETA,Normal Goal,1520694
24/05/2026,Serie B Brasil,2026,CRB,PONTE PRETA,33,1P,Elvis,Diego Tavares,,PONTE PRETA,Normal Goal,1520694
24/05/2026,Serie B Brasil,2026,CRB,PONTE PRETA,45,1P,Mikael,Dada Belmonte,,CRB,Normal Goal,1520694
24/05/2026,Serie B Brasil,2026,CRB,PONTE PRETA,57,2P,Mikael,Hereda,,CRB,Normal Goal,1520694
24/05/2026,Serie B Brasil,2026,CRB,PONTE PRETA,80,2P,Luiz Phellype,Leo Campos,,CRB,Normal Goal,1520694
24/05/2026,Serie B Brasil,2026,CRB,PONTE PRETA,90,2P,Luiz Phellype,Douglas Baggio,,CRB,Normal Goal,1520694
24/05/2026,Serie B Brasil,2026,AMERICA MINEIRO,VILA NOVA,22,1P,Nathan Cardoso,Matías Segovia,,AMERICA MINEIRO,Normal Goal,1520690
24/05/2026,Serie B Brasil,2026,AMERICA MINEIRO,VILA NOVA,67,2P,Ryan Lima,Janderson,,VILA NOVA,Normal Goal,1520690
24/05/2026,Serie B Brasil,2026,AMERICA MINEIRO,VILA NOVA,76,2P,Janderson,Marquinhos Gabriel,,VILA NOVA,Normal Goal,1520690
24/05/2026,Serie B Brasil,2026,AVAI,GOIAS,71,2P,Bruno Savio,E. Garcia,,GOIAS,Normal Goal,1520692
24/05/2026,Serie B Brasil,2026,AVAI,GOIAS,78,2P,Anselmo Ramon,Diego Caito,,GOIAS,Normal Goal,1520692
24/05/2026,Serie B Brasil,2026,OPERARIO-PR,CRICIUMA,76,2P,Marcelo Hermes,,,CRICIUMA,Normal Goal,1520699
24/05/2026,Serie B Brasil,2026,OPERARIO-PR,CRICIUMA,87,2P,Matheus Trindade,,,OPERARIO-PR,Normal Goal,1520699
25/05/2026,Serie B Brasil,2026,BOTAFOGO SP,ATHLETIC CLUB,37,1P,Max,Ian Luccas,,ATHLETIC CLUB,Normal Goal,1520693
25/05/2026,Serie B Brasil,2026,BOTAFOGO SP,ATHLETIC CLUB,49,2P,Everton Morelli,Rafael Gava,,BOTAFOGO SP,Normal Goal,1520693
25/05/2026,Serie B Brasil,2026,BOTAFOGO SP,ATHLETIC CLUB,56,2P,Leandro Maciel,,,BOTAFOGO SP,Missed Penalty,1520693
25/05/2026,Serie B Brasil,2026,BOTAFOGO SP,ATHLETIC CLUB,69,2P,Diogo Batista,Ian Luccas,,ATHLETIC CLUB,Normal Goal,1520693
30/05/2026,Serie B Brasil,2026,JUVENTUDE,AMERICA MINEIRO,8,1P,Rai Silva,Fabio Lima,,JUVENTUDE,Normal Goal,1520705
30/05/2026,Serie B Brasil,2026,JUVENTUDE,AMERICA MINEIRO,67,2P,Alisson Safira,Aderlan,,JUVENTUDE,Normal Goal,1520705
30/05/2026,Serie B Brasil,2026,JUVENTUDE,AMERICA MINEIRO,90,2P,Wadson,,,JUVENTUDE,Normal Goal,1520705
30/05/2026,Serie B Brasil,2026,ATLETICO GOIANIENSE,GOIAS,47,2P,Anselmo Ramon,E. Garcia,,GOIAS,Normal Goal,1520701
30/05/2026,Serie B Brasil,2026,ATLETICO GOIANIENSE,GOIAS,73,2P,Guilherme,,,ATLETICO GOIANIENSE,Penalty,1520701
30/05/2026,Serie B Brasil,2026,AVAI,CRICIUMA,39,1P,Rómulo Otero,,,CRICIUMA,Normal Goal,1520702
30/05/2026,Serie B Brasil,2026,AVAI,CRICIUMA,46,2P,Fellipe Mateus,,,CRICIUMA,Normal Goal,1520702
30/05/2026,Serie B Brasil,2026,AVAI,CRICIUMA,49,2P,Paulo Vitor,Douglas Teixeira,,AVAI,Normal Goal,1520702
30/05/2026,Serie B Brasil,2026,ATHLETIC CLUB,FORTALEZA EC,55,2P,Ian Luccas,,,ATHLETIC CLUB,Normal Goal,1520700
30/05/2026,Serie B Brasil,2026,SPORT RECIFE,NAUTICO RECIFE,28,1P,Chrystian Barletta,,,SPORT RECIFE,Penalty,1520709
30/05/2026,Serie B Brasil,2026,SPORT RECIFE,NAUTICO RECIFE,83,2P,Chrystian Barletta,de Pena Carlos,,SPORT RECIFE,Normal Goal,1520709
31/05/2026,Serie B Brasil,2026,LONDRINA,VILA NOVA,65,2P,André Luís,Enzo,,VILA NOVA,Normal Goal,1520706
31/05/2026,Serie B Brasil,2026,SÃO BERNARDO,NOVORIZONTINO,6,1P,Rômulo,,,NOVORIZONTINO,Penalty,1520708
31/05/2026,Serie B Brasil,2026,SÃO BERNARDO,NOVORIZONTINO,17,1P,Pedro Vitor,,,SÃO BERNARDO,Normal Goal,1520708
31/05/2026,Serie B Brasil,2026,CEARA,OPERARIO-PR,39,1P,Melk,Julio Cesar,,CEARA,Normal Goal,1520703
31/05/2026,Serie B Brasil,2026,CEARA,OPERARIO-PR,54,2P,Boschilia,,,OPERARIO-PR,Normal Goal,1520703
31/05/2026,Serie B Brasil,2026,CEARA,OPERARIO-PR,59,2P,Gabriel Feliciano,Pablo,,OPERARIO-PR,Normal Goal,1520703
31/05/2026,Serie B Brasil,2026,CUIABA,CRB,34,1P,Vinicius Peixoto,João Basso,,CUIABA,Normal Goal,1520704
31/05/2026,Serie B Brasil,2026,CUIABA,CRB,38,1P,Pepê,,,CUIABA,Normal Goal,1520704
05/06/2026,Serie B Brasil,2026,OPERARIO-PR,JUVENTUDE,42,1P,Pablo,Mikael Doka,,OPERARIO-PR,Normal Goal,1520716
05/06/2026,Serie B Brasil,2026,OPERARIO-PR,JUVENTUDE,51,2P,Rai Silva,,,JUVENTUDE,Normal Goal,1520716
05/06/2026,Serie B Brasil,2026,OPERARIO-PR,JUVENTUDE,90,2P,Boschilia,,,OPERARIO-PR,Penalty,1520716
06/06/2026,Serie B Brasil,2026,CRICIUMA,LONDRINA,5,1P,Willean Lepo,Rómulo Otero,,CRICIUMA,Normal Goal,1520713
07/06/2026,Serie B Brasil,2026,CRB,SÃO BERNARDO,26,1P,Felipe Garcia,Hyoran,,SÃO BERNARDO,Normal Goal,1520712
07/06/2026,Serie B Brasil,2026,CRB,SÃO BERNARDO,29,1P,Dadá Belmonte,Mikael,,CRB,Normal Goal,1520712
07/06/2026,Serie B Brasil,2026,CRB,SÃO BERNARDO,48,2P,Mário Sergio,Dudu Miraíma,,SÃO BERNARDO,Normal Goal,1520712
07/06/2026,Serie B Brasil,2026,CRB,SÃO BERNARDO,55,2P,Mikael,Crystopher,,CRB,Normal Goal,1520712
07/06/2026,Serie B Brasil,2026,CRB,SÃO BERNARDO,74,2P,Rodrigo Ferreira,Dudu Miraíma,,SÃO BERNARDO,Normal Goal,1520712
08/06/2026,Serie B Brasil,2026,AMERICA MINEIRO,ATLETICO GOIANIENSE,31,1P,Felipe Amaral,Matías Segovia,,AMERICA MINEIRO,Normal Goal,1520710
08/06/2026,Serie B Brasil,2026,AMERICA MINEIRO,ATLETICO GOIANIENSE,33,1P,Marrony,Guilherme Marques,,ATLETICO GOIANIENSE,Normal Goal,1520710
08/06/2026,Serie B Brasil,2026,AMERICA MINEIRO,ATLETICO GOIANIENSE,73,2P,Gustavo Coutinho,Bruno José,,ATLETICO GOIANIENSE,Normal Goal,1520710
08/06/2026,Serie B Brasil,2026,VILA NOVA,BOTAFOGO SP,21,1P,Andre Luis,Janderson,,VILA NOVA,Normal Goal,1520719
09/06/2026,Serie B Brasil,2026,PONTE PRETA,CUIABA,36,1P,Joao Basso,Pepe,,CUIABA,Normal Goal,1520717
09/06/2026,Serie B Brasil,2026,PONTE PRETA,CUIABA,45,1P,Tarik,,,PONTE PRETA,Normal Goal,1520717
09/06/2026,Serie B Brasil,2026,PONTE PRETA,CUIABA,65,2P,Kauan Cristtyan,Rodrigo Rodrigues,,CUIABA,Normal Goal,1520717
09/06/2026,Serie B Brasil,2026,NAUTICO RECIFE,FORTALEZA EC,44,1P,Mateus Silva,,,FORTALEZA EC,Own Goal,1520715
10/06/2026,Serie B Brasil,2026,CEARA,AVAI,19,1P,Júlio César,Melk,,CEARA,Normal Goal,1520711
10/06/2026,Serie B Brasil,2026,CEARA,AVAI,45,1P,Melk,Rafael Ramos,,CEARA,Normal Goal,1520711
10/06/2026,Serie B Brasil,2026,CEARA,AVAI,60,2P,Sorriso,Jean Lucas,,AVAI,Normal Goal,1520711
10/06/2026,Serie B Brasil,2026,GOIAS,NOVORIZONTINO,32,1P,Robson,Romulo,,NOVORIZONTINO,Normal Goal,1520714
10/06/2026,Serie B Brasil,2026,GOIAS,NOVORIZONTINO,56,2P,Robson,N. Castrillon,,NOVORIZONTINO,Normal Goal,1520714
10/06/2026,Serie B Brasil,2026,GOIAS,NOVORIZONTINO,70,2P,Romulo,,,NOVORIZONTINO,Penalty,1520714
10/06/2026,Serie B Brasil,2026,GOIAS,NOVORIZONTINO,76,2P,Vinicius Paiva,Romulo,,NOVORIZONTINO,Normal Goal,1520714
11/06/2026,Serie B Brasil,2026,SPORT RECIFE,ATHLETIC CLUB,60,2P,Augusto,Biel Fonseca,,SPORT RECIFE,Normal Goal,1520718
11/06/2026,Serie B Brasil,2026,SPORT RECIFE,ATHLETIC CLUB,66,2P,Ian Luccas,Diogo Batista,,ATHLETIC CLUB,Normal Goal,1520718
12/06/2026,Serie B Brasil,2026,ATLETICO GOIANIENSE,CRB,1,1P,Mikael,Thiaguinho,,CRB,Normal Goal,1520721
12/06/2026,Serie B Brasil,2026,ATLETICO GOIANIENSE,CRB,7,1P,Thiaguinho,Crystopher Ribeiro,,CRB,Normal Goal,1520721
12/06/2026,Serie B Brasil,2026,ATLETICO GOIANIENSE,CRB,31,1P,Mikael,Dada Belmonte,,CRB,Normal Goal,1520721
12/06/2026,Serie B Brasil,2026,ATLETICO GOIANIENSE,CRB,54,2P,Gustavo Coutinho,Geovany Soares,,ATLETICO GOIANIENSE,Normal Goal,1520721
12/06/2026,Serie B Brasil,2026,ATLETICO GOIANIENSE,CRB,61,2P,Gustavo Coutinho,,,ATLETICO GOIANIENSE,Penalty,1520721
12/06/2026,Serie B Brasil,2026,ATLETICO GOIANIENSE,CRB,86,2P,Leo Jaco,Bruno Jose,,ATLETICO GOIANIENSE,Normal Goal,1520721
14/06/2026,Serie B Brasil,2026,JUVENTUDE,PONTE PRETA,14,1P,Marcos Paulo,,,JUVENTUDE,Normal Goal,1520726
14/06/2026,Serie B Brasil,2026,JUVENTUDE,PONTE PRETA,30,1P,Marcos Paulo,,,JUVENTUDE,Normal Goal,1520726
14/06/2026,Serie B Brasil,2026,JUVENTUDE,PONTE PRETA,45,1P,Alisson Safira,,,JUVENTUDE,Missed Penalty,1520726
14/06/2026,Serie B Brasil,2026,JUVENTUDE,PONTE PRETA,53,2P,Fábio Lima,,,JUVENTUDE,Normal Goal,1520726
14/06/2026,Serie B Brasil,2026,ATHLETIC CLUB,GOIAS,45,1P,E. Garcia,,,GOIAS,Normal Goal,1520720
14/06/2026,Serie B Brasil,2026,ATHLETIC CLUB,GOIAS,48,2P,Zeca,,,ATHLETIC CLUB,Missed Penalty,1520720
14/06/2026,Serie B Brasil,2026,ATHLETIC CLUB,GOIAS,67,2P,Kauan Rodrigues,Jota,,ATHLETIC CLUB,Normal Goal,1520720
14/06/2026,Serie B Brasil,2026,CUIABA,VILA NOVA,90,2P,Calebe Costa,,,CUIABA,Normal Goal,1520724
14/06/2026,Serie B Brasil,2026,BOTAFOGO SP,OPERARIO-PR,45,1P,Boschilia,,,OPERARIO-PR,Penalty,1520722
14/06/2026,Serie B Brasil,2026,BOTAFOGO SP,OPERARIO-PR,65,2P,Hygor,Wesley Santos,,BOTAFOGO SP,Normal Goal,1520722
14/06/2026,Serie B Brasil,2026,BOTAFOGO SP,OPERARIO-PR,81,2P,Hygor,Rafael Gava,,BOTAFOGO SP,Normal Goal,1520722
14/06/2026,Serie B Brasil,2026,NOVORIZONTINO,NAUTICO RECIFE,31,1P,Dodo,,,NAUTICO RECIFE,Normal Goal,1520728
14/06/2026,Serie B Brasil,2026,NOVORIZONTINO,NAUTICO RECIFE,67,2P,Juninho,Carlao,,NOVORIZONTINO,Normal Goal,1520728
14/06/2026,Serie B Brasil,2026,NOVORIZONTINO,NAUTICO RECIFE,76,2P,Dodo,,,NAUTICO RECIFE,Penalty,1520728
14/06/2026,Serie B Brasil,2026,NOVORIZONTINO,NAUTICO RECIFE,79,2P,Robson,,,NOVORIZONTINO,Normal Goal,1520728
16/06/2026,Serie B Brasil,2026,CRICIUMA,CEARA,25,1P,Fellipe Mateus,Waguininho,,CRICIUMA,Normal Goal,1520723
16/06/2026,Serie B Brasil,2026,CRICIUMA,CEARA,80,2P,Joao Gabriel,Matheusinho,,CEARA,Normal Goal,1520723
16/06/2026,Serie B Brasil,2026,LONDRINA,AVAI,32,1P,Andre Luiz,Lucas Marques,,LONDRINA,Normal Goal,1520727
16/06/2026,Serie B Brasil,2026,LONDRINA,AVAI,45,1P,Thayllon,,,AVAI,Normal Goal,1520727
16/06/2026,Serie B Brasil,2026,LONDRINA,AVAI,46,2P,Luiz Henrique,,,LONDRINA,Own Goal,1520727
16/06/2026,Serie B Brasil,2026,LONDRINA,AVAI,64,2P,Thayllon,,,AVAI,Normal Goal,1520727
16/06/2026,Serie B Brasil,2026,LONDRINA,AVAI,85,2P,Bruno Santos,Paulinho Moccelin,,LONDRINA,Normal Goal,1520727
16/06/2026,Serie B Brasil,2026,FORTALEZA EC,AMERICA MINEIRO,30,1P,M. Segovia,Gabriel Barros,,AMERICA MINEIRO,Normal Goal,1520725
16/06/2026,Serie B Brasil,2026,FORTALEZA EC,AMERICA MINEIRO,44,1P,Gabriel Barros,M. Segovia,,AMERICA MINEIRO,Normal Goal,1520725
16/06/2026,Serie B Brasil,2026,FORTALEZA EC,AMERICA MINEIRO,90,2P,Willian Bigode,,,AMERICA MINEIRO,Penalty,1520725
19/06/2026,Serie B Brasil,2026,SPORT RECIFE,ATLETICO GOIANIENSE,25,1P,Perotti,Felipinho,,SPORT RECIFE,Normal Goal,1520738
19/06/2026,Serie B Brasil,2026,SPORT RECIFE,ATLETICO GOIANIENSE,90,2P,Leo Jacó,Tito,,ATLETICO GOIANIENSE,Normal Goal,1520738
20/06/2026,Serie B Brasil,2026,LONDRINA,ATHLETIC CLUB,66,2P,Bruno Santos,Vitinho Mota,,LONDRINA,Normal Goal,1520735
20/06/2026,Serie B Brasil,2026,LONDRINA,ATHLETIC CLUB,90,2P,Bruno Santos,,,LONDRINA,Penalty,1520735
20/06/2026,Serie B Brasil,2026,CEARA,BOTAFOGO SP,77,2P,Rafael Gava,,,BOTAFOGO SP,Normal Goal,1520732
20/06/2026,Serie B Brasil,2026,VILA NOVA,NAUTICO RECIFE,4,1P,Janderson,Dodô,,VILA NOVA,Normal Goal,1520739
20/06/2026,Serie B Brasil,2026,VILA NOVA,NAUTICO RECIFE,8,1P,André Luís,Ryan Lima,,VILA NOVA,Normal Goal,1520739
20/06/2026,Serie B Brasil,2026,VILA NOVA,NAUTICO RECIFE,18,1P,Janderson,André Luís,,VILA NOVA,Normal Goal,1520739
20/06/2026,Serie B Brasil,2026,VILA NOVA,NAUTICO RECIFE,36,1P,Dodô,,,NAUTICO RECIFE,Normal Goal,1520739
20/06/2026,Serie B Brasil,2026,VILA NOVA,NAUTICO RECIFE,42,1P,Ryan Lima,,,VILA NOVA,Normal Goal,1520739
20/06/2026,Serie B Brasil,2026,VILA NOVA,NAUTICO RECIFE,65,2P,Vinícius,,,NAUTICO RECIFE,Normal Goal,1520739
20/06/2026,Serie B Brasil,2026,VILA NOVA,NAUTICO RECIFE,90,2P,Luiz Claudio,Dodô,,NAUTICO RECIFE,Normal Goal,1520739
21/06/2026,Serie B Brasil,2026,AVAI,CUIABA,31,1P,Jean Lucas,Sorriso,,AVAI,Normal Goal,1520731
21/06/2026,Serie B Brasil,2026,CRB,FORTALEZA EC,6,1P,Mikael,Dada Belmonte,,CRB,Normal Goal,1520733
21/06/2026,Serie B Brasil,2026,CRB,FORTALEZA EC,81,2P,J. B. Miritello,Paulo Baya,,FORTALEZA EC,Normal Goal,1520733
21/06/2026,Serie B Brasil,2026,SÃO BERNARDO,JUVENTUDE,66,2P,Alisson Safira,Mandaca,,JUVENTUDE,Normal Goal,1520737
21/06/2026,Serie B Brasil,2026,GOIAS,OPERARIO-PR,6,1P,Hildeberto Pereira,Mikael Doka,,OPERARIO-PR,Normal Goal,1520734
21/06/2026,Serie B Brasil,2026,GOIAS,OPERARIO-PR,41,1P,Vinicius Diniz Dall Antonia,Gabriel Feliciano,,OPERARIO-PR,Normal Goal,1520734
21/06/2026,Serie B Brasil,2026,GOIAS,OPERARIO-PR,45,1P,Hildeberto Pereira,Pablo,,OPERARIO-PR,Normal Goal,1520734
22/06/2026,Serie B Brasil,2026,PONTE PRETA,NOVORIZONTINO,32,1P,Robson,,,NOVORIZONTINO,Normal Goal,1520736
22/06/2026,Serie B Brasil,2026,PONTE PRETA,NOVORIZONTINO,59,2P,Robson,Maykon Jesus,,NOVORIZONTINO,Normal Goal,1520736
23/06/2026,Serie B Brasil,2026,AMERICA MINEIRO,CRICIUMA,31,1P,Cesar Martins,Gui Lobo,,CRICIUMA,Normal Goal,1520730
25/06/2026,Serie B Brasil,2026,CUIABA,LONDRINA,3,1P,Bruno Santos,,,LONDRINA,Penalty,1520744
25/06/2026,Serie B Brasil,2026,CUIABA,LONDRINA,45,1P,Bruno Santos,Vitinho Mota,,LONDRINA,Normal Goal,1520744
25/06/2026,Serie B Brasil,2026,CUIABA,LONDRINA,63,2P,Vinicius Peixoto,Kauan Cristtyan,,CUIABA,Normal Goal,1520744
25/06/2026,Serie B Brasil,2026,CUIABA,LONDRINA,77,2P,Vinicius Peixoto,,,CUIABA,Normal Goal,1520744
26/06/2026,Serie B Brasil,2026,NOVORIZONTINO,VILA NOVA,6,1P,Luís Oyama,Robson,,NOVORIZONTINO,Normal Goal,1520748
26/06/2026,Serie B Brasil,2026,NOVORIZONTINO,VILA NOVA,41,1P,Nathan Camargo,João Vieira,,VILA NOVA,Normal Goal,1520748
26/06/2026,Serie B Brasil,2026,NOVORIZONTINO,VILA NOVA,90,2P,Juninho,,,NOVORIZONTINO,Normal Goal,1520748
27/06/2026,Serie B Brasil,2026,OPERARIO-PR,AMERICA MINEIRO,64,2P,Moraes,Pablo,,OPERARIO-PR,Normal Goal,1520749
27/06/2026,Serie B Brasil,2026,CRICIUMA,SÃO BERNARDO,26,1P,Rómulo Otero,,,CRICIUMA,Penalty,1520743
28/06/2026,Serie B Brasil,2026,ATLETICO GOIANIENSE,PONTE PRETA,18,1P,Gustavo Coutinho,,,ATLETICO GOIANIENSE,Penalty,1520741
28/06/2026,Serie B Brasil,2026,ATLETICO GOIANIENSE,PONTE PRETA,20,1P,Gustavo Coutinho,Bruno Jose,,ATLETICO GOIANIENSE,Normal Goal,1520741
28/06/2026,Serie B Brasil,2026,JUVENTUDE,CEARA,26,1P,Alisson Safira,Marcos Paulo,,JUVENTUDE,Normal Goal,1520746
28/06/2026,Serie B Brasil,2026,JUVENTUDE,CEARA,34,1P,Gabriel Barbosa Pinheiro,Raí,,JUVENTUDE,Normal Goal,1520746
28/06/2026,Serie B Brasil,2026,ATHLETIC CLUB,AVAI,89,2P,Dixon Vera,Zeca,,ATHLETIC CLUB,Normal Goal,1520740
28/06/2026,Serie B Brasil,2026,FORTALEZA EC,SPORT RECIFE,28,1P,Rodrigo,Luan Freitas,,FORTALEZA EC,Normal Goal,1520745
28/06/2026,Serie B Brasil,2026,FORTALEZA EC,SPORT RECIFE,69,2P,Pedro Perotti,,,SPORT RECIFE,Normal Goal,1520745
28/06/2026,Serie B Brasil,2026,FORTALEZA EC,SPORT RECIFE,90,2P,Welliton,J. B. Miritello,,FORTALEZA EC,Normal Goal,1520745
28/06/2026,Serie B Brasil,2026,NAUTICO RECIFE,GOIAS,26,1P,Djalma Silva,Lucas Lima,,GOIAS,Normal Goal,1520747
30/06/2026,Serie B Brasil,2026,BOTAFOGO SP,CRB,17,1P,Dadá Belmonte,Lucas Lovat,,CRB,Normal Goal,1520742
02/07/2026,Serie B Brasil,2026,CUIABA,AMERICA MINEIRO,90,2P,Aiyran,,,CUIABA,Normal Goal,1520753
03/07/2026,Serie B Brasil,2026,FORTALEZA EC,PONTE PRETA,60,2P,Juan Miritello,Luiz Fernando,,FORTALEZA EC,Normal Goal,1520754
03/07/2026,Serie B Brasil,2026,FORTALEZA EC,PONTE PRETA,84,2P,Maílton,Lucas Sasha,,FORTALEZA EC,Normal Goal,1520754
04/07/2026,Serie B Brasil,2026,CRICIUMA,SPORT RECIFE,29,1P,Waguininho,,,CRICIUMA,Normal Goal,1520752
04/07/2026,Serie B Brasil,2026,LONDRINA,CRB,18,1P,Bruno Santos,,,LONDRINA,Penalty,1520756
04/07/2026,Serie B Brasil,2026,LONDRINA,CRB,32,1P,Iago Teles,Vitinho,,LONDRINA,Normal Goal,1520756
04/07/2026,Serie B Brasil,2026,LONDRINA,CRB,47,2P,Lucas Marques,Iago Teles,,LONDRINA,Normal Goal,1520756
04/07/2026,Serie B Brasil,2026,LONDRINA,CRB,77,2P,Bruno Santos,Iago Teles,,LONDRINA,Normal Goal,1520756
04/07/2026,Serie B Brasil,2026,LONDRINA,CRB,84,2P,Gilberto,João Tavares,,LONDRINA,Normal Goal,1520756
04/07/2026,Serie B Brasil,2026,NOVORIZONTINO,ATLETICO GOIANIENSE,34,1P,Luis Oyama,Reidiney,,NOVORIZONTINO,Normal Goal,1520758
04/07/2026,Serie B Brasil,2026,NOVORIZONTINO,ATLETICO GOIANIENSE,67,2P,Robson,Juninho,,NOVORIZONTINO,Normal Goal,1520758
04/07/2026,Serie B Brasil,2026,NOVORIZONTINO,ATLETICO GOIANIENSE,81,2P,Romulo,Robson,,NOVORIZONTINO,Normal Goal,1520758
04/07/2026,Serie B Brasil,2026,GOIAS,CEARA,11,1P,Kadu,Lucas Lima,,GOIAS,Normal Goal,1520755
04/07/2026,Serie B Brasil,2026,GOIAS,CEARA,80,2P,Juninho,Anselmo Ramon,,GOIAS,Normal Goal,1520755
06/07/2026,Serie B Brasil,2026,VILA NOVA,SÃO BERNARDO,23,1P,Marquinhos Gabriel,Higor,,VILA NOVA,Normal Goal,1520759
06/07/2026,Serie B Brasil,2026,VILA NOVA,SÃO BERNARDO,52,2P,Hyoran,,,SÃO BERNARDO,Normal Goal,1520759
06/07/2026,Serie B Brasil,2026,VILA NOVA,SÃO BERNARDO,90,2P,Janderson,,,VILA NOVA,Normal Goal,1520759
06/07/2026,Serie B Brasil,2026,BOTAFOGO SP,AVAI,28,1P,Everton Morelli,Ze Hugo,,BOTAFOGO SP,Normal Goal,1520751
06/07/2026,Serie B Brasil,2026,BOTAFOGO SP,AVAI,54,2P,Hygor,Ze Hugo,,BOTAFOGO SP,Normal Goal,1520751
06/07/2026,Serie B Brasil,2026,BOTAFOGO SP,AVAI,58,2P,Wallison,Thayllon,,AVAI,Normal Goal,1520751
06/07/2026,Serie B Brasil,2026,BOTAFOGO SP,AVAI,79,2P,Patrick Brey,,,BOTAFOGO SP,Normal Goal,1520751
07/07/2026,Serie B Brasil,2026,ATHLETIC CLUB,OPERARIO-PR,54,2P,G. Cabezas,,,OPERARIO-PR,Own Goal,1520750
08/07/2026,Serie B Brasil,2026,PONTE PRETA,CRICIUMA,12,1P,Marcelo Hermes,Willean Lepo,,CRICIUMA,Normal Goal,1520767
08/07/2026,Serie B Brasil,2026,PONTE PRETA,CRICIUMA,62,2P,Baianinho,,,PONTE PRETA,Normal Goal,1520767
08/07/2026,Serie B Brasil,2026,PONTE PRETA,CRICIUMA,90,2P,Marcelo Hermes,Luciano Castan,,CRICIUMA,Normal Goal,1520767
10/07/2026,Serie B Brasil,2026,JUVENTUDE,VILA NOVA,45,1P,Messias,Rai Silva,,JUVENTUDE,Normal Goal,1520765
10/07/2026,Serie B Brasil,2026,SPORT RECIFE,BOTAFOGO SP,25,1P,Zé Hugo,Everton Morelli,,BOTAFOGO SP,Normal Goal,1520769
10/07/2026,Serie B Brasil,2026,SPORT RECIFE,BOTAFOGO SP,42,1P,Rafael Gava,,,BOTAFOGO SP,Penalty,1520769
10/07/2026,Serie B Brasil,2026,SPORT RECIFE,BOTAFOGO SP,47,2P,Chrystian Barletta,,,SPORT RECIFE,Normal Goal,1520769
10/07/2026,Serie B Brasil,2026,SPORT RECIFE,BOTAFOGO SP,64,2P,Marcelo Benevenuto,Clayson,,SPORT RECIFE,Normal Goal,1520769
10/07/2026,Serie B Brasil,2026,SPORT RECIFE,BOTAFOGO SP,76,2P,Patrick Brey,Rafael Gava,,BOTAFOGO SP,Normal Goal,1520769
10/07/2026,Serie B Brasil,2026,SPORT RECIFE,BOTAFOGO SP,90,2P,Chrystian Barletta,,,SPORT RECIFE,Penalty,1520769
12/07/2026,Serie B Brasil,2026,OPERARIO-PR,NOVORIZONTINO,23,1P,Gabriel Boschilia,,,OPERARIO-PR,Normal Goal,1520766
12/07/2026,Serie B Brasil,2026,OPERARIO-PR,NOVORIZONTINO,35,1P,Robson,Rômulo,,NOVORIZONTINO,Normal Goal,1520766
12/07/2026,Serie B Brasil,2026,OPERARIO-PR,NOVORIZONTINO,61,2P,Gabriel Boschilia,,,OPERARIO-PR,Normal Goal,1520766
12/07/2026,Serie B Brasil,2026,AVAI,NAUTICO RECIFE,7,1P,Douglas Teixeira,Wallison,,AVAI,Normal Goal,1520762
12/07/2026,Serie B Brasil,2026,AVAI,NAUTICO RECIFE,90,2P,Daniel Penha,Juan Sousa Rocha Leandro,,AVAI,Normal Goal,1520762
12/07/2026,Serie B Brasil,2026,SÃO BERNARDO,CUIABA,7,1P,Lucas Rian,Dudu Miraima,,SÃO BERNARDO,Normal Goal,1520768
12/07/2026,Serie B Brasil,2026,SÃO BERNARDO,CUIABA,12,1P,Marlon,Pepe,,CUIABA,Normal Goal,1520768
12/07/2026,Serie B Brasil,2026,SÃO BERNARDO,CUIABA,29,1P,Alex Alves,,,CUIABA,Own Goal,1520768
12/07/2026,Serie B Brasil,2026,SÃO BERNARDO,CUIABA,45,1P,Rodrigo Ferreira,Daniel Amorim,,SÃO BERNARDO,Normal Goal,1520768
12/07/2026,Serie B Brasil,2026,ATLETICO GOIANIENSE,FORTALEZA EC,42,1P,Klebert,,,ATLETICO GOIANIENSE,Normal Goal,1520761
12/07/2026,Serie B Brasil,2026,CRB,GOIAS,39,1P,Kadu,Rodrigo Soares,,GOIAS,Normal Goal,1520764
12/07/2026,Serie B Brasil,2026,CRB,GOIAS,45,1P,Cadu,,,GOIAS,Penalty,1520764
12/07/2026,Serie B Brasil,2026,CRB,GOIAS,70,2P,Rodrigo Soares,,,CRB,Own Goal,1520764
12/07/2026,Serie B Brasil,2026,CRB,GOIAS,74,2P,Mikael,,,CRB,Penalty,1520764
13/07/2026,Serie B Brasil,2026,AMERICA MINEIRO,LONDRINA,45,1P,M. Segovia,Dalbert,,AMERICA MINEIRO,Normal Goal,1520760
13/07/2026,Serie B Brasil,2026,AMERICA MINEIRO,LONDRINA,57,2P,Yago Lincoln,Joao Vitor,,LONDRINA,Normal Goal,1520760
16/07/2026,Serie B Brasil,2026,CRB,NAUTICO RECIFE,34,1P,Mikael,,,CRB,Penalty,1520772
16/07/2026,Serie B Brasil,2026,CRB,NAUTICO RECIFE,81,2P,Kauan Maranhao,Jean Carlos,,NAUTICO RECIFE,Normal Goal,1520772
16/07/2026,Serie B Brasil,2026,CRB,NAUTICO RECIFE,83,2P,Crystopher Ribeiro,Dada Belmonte,,CRB,Normal Goal,1520772
17/07/2026,Serie B Brasil,2026,AMERICA MINEIRO,CEARA,67,2P,Matías Segovia,Paulo Victor,,AMERICA MINEIRO,Normal Goal,1520770
17/07/2026,Serie B Brasil,2026,AMERICA MINEIRO,CEARA,89,2P,Vina,,,CEARA,Normal Goal,1520770
17/07/2026,Serie B Brasil,2026,JUVENTUDE,CUIABA,32,1P,Alisson Safira,Raí,,JUVENTUDE,Normal Goal,1520775
17/07/2026,Serie B Brasil,2026,JUVENTUDE,CUIABA,71,2P,Raí,Luan Martins Gonçalves,,JUVENTUDE,Normal Goal,1520775
17/07/2026,Serie B Brasil,2026,SÃO BERNARDO,AVAI,35,1P,Jemerson,Felipe Garcia,,SÃO BERNARDO,Normal Goal,1520778
17/07/2026,Serie B Brasil,2026,SÃO BERNARDO,AVAI,62,2P,Daniel Penha,Jean Lucas,,AVAI,Normal Goal,1520778
18/07/2026,Serie B Brasil,2026,FORTALEZA EC,NOVORIZONTINO,3,1P,Vitinho,,,FORTALEZA EC,Normal Goal,1520774
18/07/2026,Serie B Brasil,2026,SPORT RECIFE,OPERARIO-PR,6,1P,Aylon,Hildeberto Pereira,,OPERARIO-PR,Normal Goal,1520779
18/07/2026,Serie B Brasil,2026,SPORT RECIFE,OPERARIO-PR,17,1P,Biel Fonseca,,,SPORT RECIFE,Normal Goal,1520779
18/07/2026,Serie B Brasil,2026,SPORT RECIFE,OPERARIO-PR,48,2P,Fabio Matheus,Biel Fonseca,,SPORT RECIFE,Normal Goal,1520779
18/07/2026,Serie B Brasil,2026,SPORT RECIFE,OPERARIO-PR,86,2P,Vinicius Diniz,Gabriel Feliciano,,OPERARIO-PR,Normal Goal,1520779
18/07/2026,Serie B Brasil,2026,PONTE PRETA,GOIAS,7,1P,Kadu,Cadu,,GOIAS,Normal Goal,1520777
18/07/2026,Serie B Brasil,2026,PONTE PRETA,GOIAS,45,1P,Elvis,,,PONTE PRETA,Penalty,1520777
18/07/2026,Serie B Brasil,2026,PONTE PRETA,GOIAS,45,1P,Kadu,Lucas Lima,,GOIAS,Normal Goal,1520777
18/07/2026,Serie B Brasil,2026,PONTE PRETA,GOIAS,66,2P,Cadu,,,GOIAS,Missed Penalty,1520777
18/07/2026,Serie B Brasil,2026,CRICIUMA,VILA NOVA,9,1P,Fellipe Mateus,Guilherme Lobo,,CRICIUMA,Normal Goal,1520773
18/07/2026,Serie B Brasil,2026,CRICIUMA,VILA NOVA,85,2P,Marcelo Hermes,Ronald,,CRICIUMA,Normal Goal,1520773
21/07/2026,Serie B Brasil,2026,AVAI,AMERICA MINEIRO,39,1P,Paulo Victor,,,AMERICA MINEIRO,Normal Goal,1520781
21/07/2026,Serie B Brasil,2026,AVAI,AMERICA MINEIRO,87,2P,Daniel Penha,,,AVAI,Penalty,1520781
21/07/2026,Serie B Brasil,2026,AVAI,AMERICA MINEIRO,88,2P,Thayllon,Daniel Penha,,AVAI,Normal Goal,1520781
21/07/2026,Serie B Brasil,2026,NOVORIZONTINO,CRICIUMA,82,2P,Diego Gonçalves,César Martins,,CRICIUMA,Normal Goal,1520787
22/07/2026,Serie B Brasil,2026,VILA NOVA,FORTALEZA EC,14,1P,Douglas Mendes,Marquinhos Gabriel,,VILA NOVA,Normal Goal,1520789
22/07/2026,Serie B Brasil,2026,VILA NOVA,FORTALEZA EC,32,1P,Joao Vieira,,,VILA NOVA,Normal Goal,1520789
22/07/2026,Serie B Brasil,2026,VILA NOVA,FORTALEZA EC,78,2P,Pedro Henrique,,,FORTALEZA EC,Normal Goal,1520789
22/07/2026,Serie B Brasil,2026,CEARA,CRB,45,1P,Mikael,,,CRB,Penalty,1520783
22/07/2026,Serie B Brasil,2026,OPERARIO-PR,PONTE PRETA,7,1P,Brandão,Marcio Silva,,PONTE PRETA,Normal Goal,1520788
22/07/2026,Serie B Brasil,2026,OPERARIO-PR,PONTE PRETA,31,1P,Pablo,,,OPERARIO-PR,Normal Goal,1520788
22/07/2026,Serie B Brasil,2026,OPERARIO-PR,PONTE PRETA,49,2P,Brandão,Elvis,,PONTE PRETA,Normal Goal,1520788
22/07/2026,Serie B Brasil,2026,OPERARIO-PR,PONTE PRETA,53,2P,Hildeberto Pereira,Gabriel Feliciano,,OPERARIO-PR,Normal Goal,1520788
22/07/2026,Serie B Brasil,2026,OPERARIO-PR,PONTE PRETA,90,2P,Caio Dantas,,,OPERARIO-PR,Normal Goal,1520788
22/07/2026,Serie B Brasil,2026,GOIAS,SPORT RECIFE,22,1P,Pedro Perotti,Biel Fonseca,,SPORT RECIFE,Normal Goal,1520785
22/07/2026,Serie B Brasil,2026,GOIAS,SPORT RECIFE,88,2P,Djalma Silva,Luiz Felipe,,GOIAS,Normal Goal,1520785
23/07/2026,Serie B Brasil,2026,NAUTICO RECIFE,LONDRINA,35,1P,Kauan Maranhao,Jean Carlos,,NAUTICO RECIFE,Normal Goal,1520786
23/07/2026,Serie B Brasil,2026,NAUTICO RECIFE,LONDRINA,74,2P,Jean Carlos,,,NAUTICO RECIFE,Penalty,1520786
23/07/2026,Serie B Brasil,2026,NAUTICO RECIFE,LONDRINA,82,2P,Gabriel Lacerda,Joao Vitor,,LONDRINA,Normal Goal,1520786
23/07/2026,Serie B Brasil,2026,ATHLETIC CLUB,SÃO BERNARDO,2,1P,Max,Lucas Belezi,,ATHLETIC CLUB,Normal Goal,1520780
23/07/2026,Serie B Brasil,2026,ATHLETIC CLUB,SÃO BERNARDO,26,1P,Lucas Rian,Lucas Lima,,SÃO BERNARDO,Normal Goal,1520780
23/07/2026,Serie B Brasil,2026,ATHLETIC CLUB,SÃO BERNARDO,63,2P,Felipe Negrucci,Diogo Batista de Souza,,ATHLETIC CLUB,Normal Goal,1520780
23/07/2026,Serie B Brasil,2026,CUIABA,ATLETICO GOIANIENSE,61,2P,Bruno Jose,Guilherme,,ATLETICO GOIANIENSE,Normal Goal,1520784
24/07/2026,Serie B Brasil,2026,BOTAFOGO SP,JUVENTUDE,16,1P,Vilar,,,BOTAFOGO SP,Normal Goal,1520782
24/07/2026,Serie B Brasil,2026,BOTAFOGO SP,JUVENTUDE,32,1P,Wesley Pinheiro,,,BOTAFOGO SP,Normal Goal,1520782
24/07/2026,Serie B Brasil,2026,BOTAFOGO SP,JUVENTUDE,49,2P,Arthur Caíke,,,BOTAFOGO SP,Normal Goal,1520782
24/07/2026,Serie B Brasil,2026,BOTAFOGO SP,JUVENTUDE,55,2P,Patryck,Marcos Paulo,,JUVENTUDE,Normal Goal,1520782
24/07/2026,Serie B Brasil,2026,BOTAFOGO SP,JUVENTUDE,58,2P,Wesley Pinheiro,Rafael Gava,,BOTAFOGO SP,Normal Goal,1520782
24/07/2026,Serie B Brasil,2026,BOTAFOGO SP,JUVENTUDE,70,2P,Pablo,,,JUVENTUDE,Normal Goal,1520782
26/07/2026,Serie B Brasil,2026,SÃO BERNARDO,CEARA,23,1P,Helder Maciel,Mário Sergio,,SÃO BERNARDO,Normal Goal,1520798
26/07/2026,Serie B Brasil,2026,SÃO BERNARDO,CEARA,47,2P,Nicolás Ferreira,Giulio,,CEARA,Normal Goal,1520798
26/07/2026,Serie B Brasil,2026,SÃO BERNARDO,CEARA,59,2P,Hugo,,,SÃO BERNARDO,Normal Goal,1520798
26/07/2026,Serie B Brasil,2026,SÃO BERNARDO,CEARA,62,2P,Vina,Nicolás Ferreira,,CEARA,Normal Goal,1520798
26/07/2026,Serie B Brasil,2026,SÃO BERNARDO,CEARA,74,2P,João Gabriel,Giulio,,CEARA,Normal Goal,1520798
26/07/2026,Serie B Brasil,2026,SÃO BERNARDO,CEARA,81,2P,Pedrinho,Mário Sergio,,SÃO BERNARDO,Normal Goal,1520798
26/07/2026,Serie B Brasil,2026,SÃO BERNARDO,CEARA,90,2P,Enzo Valentim Lodovico,,,CEARA,Normal Goal,1520798
26/07/2026,Serie B Brasil,2026,AMERICA MINEIRO,GOIAS,45,1P,Lucas Lima,,,GOIAS,Missed Penalty,1520790
26/07/2026,Serie B Brasil,2026,AMERICA MINEIRO,GOIAS,61,2P,Paulo Victor,Gonzalo Mastriani,,AMERICA MINEIRO,Normal Goal,1520790
26/07/2026,Serie B Brasil,2026,LONDRINA,NOVORIZONTINO,16,1P,Paulinho Moccelin,Heron,,LONDRINA,Normal Goal,1520796
26/07/2026,Serie B Brasil,2026,LONDRINA,NOVORIZONTINO,20,1P,Romulo,,,NOVORIZONTINO,Normal Goal,1520796
26/07/2026,Serie B Brasil,2026,LONDRINA,NOVORIZONTINO,40,1P,Robson,Romulo,,NOVORIZONTINO,Normal Goal,1520796
26/07/2026,Serie B Brasil,2026,LONDRINA,NOVORIZONTINO,45,1P,Reidiney,Robson,,NOVORIZONTINO,Normal Goal,1520796
26/07/2026,Serie B Brasil,2026,LONDRINA,NOVORIZONTINO,80,2P,Carlao,Nicolas Careca,,NOVORIZONTINO,Normal Goal,1520796
27/07/2026,Serie B Brasil,2026,SPORT RECIFE,CUIABA,53,2P,Pedro Perotti,,,SPORT RECIFE,Normal Goal,1520799
27/07/2026,Serie B Brasil,2026,SPORT RECIFE,CUIABA,75,2P,Fabio Gomes,Kauan Cristtyan,,CUIABA,Normal Goal,1520799
27/07/2026,Serie B Brasil,2026,ATLETICO GOIANIENSE,OPERARIO-PR,3,1P,Gustavo Coutinho,Marrony,,ATLETICO GOIANIENSE,Normal Goal,1520791
27/07/2026,Serie B Brasil,2026,ATLETICO GOIANIENSE,OPERARIO-PR,31,1P,Geovany Soares,Marrony,,ATLETICO GOIANIENSE,Normal Goal,1520791
27/07/2026,Serie B Brasil,2026,ATLETICO GOIANIENSE,OPERARIO-PR,45,1P,Gabriel Boschilia,,,OPERARIO-PR,Penalty,1520791
27/07/2026,Serie B Brasil,2026,ATLETICO GOIANIENSE,OPERARIO-PR,83,2P,Marrony,Geovany Soares,,ATLETICO GOIANIENSE,Normal Goal,1520791
27/07/2026,Serie B Brasil,2026,CRB,VILA NOVA,13,1P,Bressan,Dada Belmonte,,CRB,Normal Goal,1520792
27/07/2026,Serie B Brasil,2026,CRB,VILA NOVA,18,1P,Mikael,Thiaguinho,,CRB,Normal Goal,1520792
28/07/2026,Serie B Brasil,2026,PONTE PRETA,ATHLETIC CLUB,21,1P,Leo Gomes,Elvis,,PONTE PRETA,Normal Goal,1520797
28/07/2026,Serie B Brasil,2026,PONTE PRETA,ATHLETIC CLUB,67,2P,Ian Luccas,,,ATHLETIC CLUB,Penalty,1520797
28/07/2026,Serie B Brasil,2026,JUVENTUDE,AVAI,90,2P,Lucas Alves,Rodrigo Sam,,JUVENTUDE,Normal Goal,1520795
29/07/2026,Serie B Brasil,2026,FORTALEZA EC,BOTAFOGO SP,57,2P,Ronald,,,FORTALEZA EC,Normal Goal,1520794
07/08/2026,Serie B Brasil,2026,OPERARIO-PR,SÃO BERNARDO,30,1P,Pedrinho,Romisson,,SÃO BERNARDO,Normal Goal,1520808
07/08/2026,Serie B Brasil,2026,OPERARIO-PR,SÃO BERNARDO,67,2P,Vinicius Diniz,,,OPERARIO-PR,Normal Goal,1520808
07/08/2026,Serie B Brasil,2026,OPERARIO-PR,SÃO BERNARDO,87,2P,Lucas Lima,Romisson,,SÃO BERNARDO,Normal Goal,1520808
07/08/2026,Serie B Brasil,2026,OPERARIO-PR,SÃO BERNARDO,90,2P,Pedro Vitor,Romisson,,SÃO BERNARDO,Normal Goal,1520808
07/08/2026,Serie B Brasil,2026,CEARA,PONTE PRETA,29,1P,Lucca,Giovanni Pavani,,CEARA,Normal Goal,1520803
07/08/2026,Serie B Brasil,2026,CEARA,PONTE PRETA,78,2P,Giulio,Gabriel Rocha,,CEARA,Normal Goal,1520803
08/08/2026,Serie B Brasil,2026,VILA NOVA,SPORT RECIFE,6,1P,Chrystian Barletta,,,SPORT RECIFE,Normal Goal,1520809
08/08/2026,Serie B Brasil,2026,BOTAFOGO SP,AMERICA MINEIRO,55,2P,F. Elizari,,,AMERICA MINEIRO,Normal Goal,1520802
08/08/2026,Serie B Brasil,2026,BOTAFOGO SP,AMERICA MINEIRO,61,2P,Hebert,Rafael Gava,,BOTAFOGO SP,Normal Goal,1520802
08/08/2026,Serie B Brasil,2026,BOTAFOGO SP,AMERICA MINEIRO,70,2P,Filipe Dahora,,,BOTAFOGO SP,Own Goal,1520802
09/08/2026,Serie B Brasil,2026,ATHLETIC CLUB,CRICIUMA,5,1P,Pedro Oliveira,,,ATHLETIC CLUB,Normal Goal,1520800
09/08/2026,Serie B Brasil,2026,ATHLETIC CLUB,CRICIUMA,55,2P,Wilinton Aponzá,Dixon Vera,,ATHLETIC CLUB,Normal Goal,1520800
09/08/2026,Serie B Brasil,2026,NAUTICO RECIFE,ATLETICO GOIANIENSE,6,1P,Kauan Maranhao,Igor Fernandes,,NAUTICO RECIFE,Normal Goal,1520806
09/08/2026,Serie B Brasil,2026,NAUTICO RECIFE,ATLETICO GOIANIENSE,56,2P,Geovany Soares,Henrique Freitas,,ATLETICO GOIANIENSE,Normal Goal,1520806
09/08/2026,Serie B Brasil,2026,NOVORIZONTINO,JUVENTUDE,54,2P,Raí,,,JUVENTUDE,Normal Goal,1520807
09/08/2026,Serie B Brasil,2026,CUIABA,FORTALEZA EC,9,1P,Jean Dias,Eliel,,CUIABA,Normal Goal,1520804
09/08/2026,Serie B Brasil,2026,CUIABA,FORTALEZA EC,54,2P,Mailton,,,FORTALEZA EC,Penalty,1520804
10/08/2026,Serie B Brasil,2026,GOIAS,LONDRINA,19,1P,Kadu,,,GOIAS,Normal Goal,1520805
11/08/2026,Serie B Brasil,2026,AVAI,CRB,34,1P,Bressan,Thiaguinho,,CRB,Normal Goal,1520801
14/08/2026,Serie B Brasil,2026,PONTE PRETA,NAUTICO RECIFE,40,1P,Brandao,David da Hora,,PONTE PRETA,Normal Goal,1520817
14/08/2026,Serie B Brasil,2026,PONTE PRETA,NAUTICO RECIFE,65,2P,B. Borasi,,,NAUTICO RECIFE,Normal Goal,1520817
14/08/2026,Serie B Brasil,2026,SÃO BERNARDO,BOTAFOGO SP,72,2P,Patrick Brey,Zé Hugo,,BOTAFOGO SP,Normal Goal,1520818
14/08/2026,Serie B Brasil,2026,SPORT RECIFE,LONDRINA,11,1P,Diego Hernandez,Clayson,,SPORT RECIFE,Normal Goal,1520819
14/08/2026,Serie B Brasil,2026,SPORT RECIFE,LONDRINA,30,1P,Joao Vitor,Kaue Leonardo,,LONDRINA,Normal Goal,1520819
14/08/2026,Serie B Brasil,2026,SPORT RECIFE,LONDRINA,43,1P,Diego Hernandez,Clayson,,SPORT RECIFE,Normal Goal,1520819
15/08/2026,Serie B Brasil,2026,CEARA,CUIABA,41,1P,Jean Dias,Eliel,,CUIABA,Normal Goal,1520812
15/08/2026,Serie B Brasil,2026,CEARA,CUIABA,54,2P,Calebe Costa,,,CUIABA,Normal Goal,1520812
15/08/2026,Serie B Brasil,2026,CEARA,CUIABA,70,2P,Enzo Valentim Lodovico,Lucca,,CEARA,Normal Goal,1520812
15/08/2026,Serie B Brasil,2026,CEARA,CUIABA,90,2P,Kauan Cristtyan,Rodrigo Rodrigues,,CUIABA,Normal Goal,1520812
15/08/2026,Serie B Brasil,2026,CRICIUMA,GOIAS,5,1P,Luciano Castan,,,CRICIUMA,Normal Goal,1520814
15/08/2026,Serie B Brasil,2026,ATLETICO GOIANIENSE,VILA NOVA,45,1P,Joao Vieira,Marquinhos Gabriel,,VILA NOVA,Normal Goal,1520811
15/08/2026,Serie B Brasil,2026,ATLETICO GOIANIENSE,VILA NOVA,73,2P,Dudu,,,VILA NOVA,Normal Goal,1520811
16/08/2026,Serie B Brasil,2026,OPERARIO-PR,AVAI,7,1P,Felipe Vizeu,,,AVAI,Missed Penalty,1520816
16/08/2026,Serie B Brasil,2026,OPERARIO-PR,AVAI,90,2P,Vinicius Mingotti,A. Torres,,OPERARIO-PR,Normal Goal,1520816
16/08/2026,Serie B Brasil,2026,OPERARIO-PR,AVAI,90,2P,Jefferson Maciel,,,AVAI,Normal Goal,1520816
16/08/2026,Serie B Brasil,2026,OPERARIO-PR,AVAI,90,2P,Vagner,,,AVAI,Own Goal,1520816
16/08/2026,Serie B Brasil,2026,AMERICA MINEIRO,ATHLETIC CLUB,45,1P,Kauan Rodrigues,Max,,ATHLETIC CLUB,Normal Goal,1520810
16/08/2026,Serie B Brasil,2026,AMERICA MINEIRO,ATHLETIC CLUB,52,2P,L. Sosa,,,ATHLETIC CLUB,Own Goal,1520810
16/08/2026,Serie B Brasil,2026,AMERICA MINEIRO,ATHLETIC CLUB,66,2P,Carlinhos,Jota,,ATHLETIC CLUB,Normal Goal,1520810
16/08/2026,Serie B Brasil,2026,AMERICA MINEIRO,ATHLETIC CLUB,86,2P,Gonzalo Mastriani,Guilherme Parede,,AMERICA MINEIRO,Normal Goal,1520810
19/08/2026,Serie B Brasil,2026,NAUTICO RECIFE,CEARA,45,1P,Léo Índio,Jean Carlos,,NAUTICO RECIFE,Normal Goal,1520827
19/08/2026,Serie B Brasil,2026,GOIAS,JUVENTUDE,88,2P,Fabio Lima,Alan Kardec,,JUVENTUDE,Normal Goal,1520825
19/08/2026,Serie B Brasil,2026,AVAI,SPORT RECIFE,66,2P,Diego Hernandez,Edson Lucas,,SPORT RECIFE,Normal Goal,1520821
19/08/2026,Serie B Brasil,2026,AVAI,SPORT RECIFE,73,2P,Romildo Del Piage,,,AVAI,Normal Goal,1520821
19/08/2026,Serie B Brasil,2026,AVAI,SPORT RECIFE,90,2P,Leo Gamalho,,,AVAI,Normal Goal,1520821
19/08/2026,Serie B Brasil,2026,FORTALEZA EC,SÃO BERNARDO,32,1P,Lucas Sasha,,,FORTALEZA EC,Normal Goal,1520824
19/08/2026,Serie B Brasil,2026,FORTALEZA EC,SÃO BERNARDO,43,1P,Pedrinho,Dudu Miraima,,SÃO BERNARDO,Normal Goal,1520824
19/08/2026,Serie B Brasil,2026,VILA NOVA,PONTE PRETA,9,1P,Janderson,Andre Luis,,VILA NOVA,Normal Goal,1520829
19/08/2026,Serie B Brasil,2026,VILA NOVA,PONTE PRETA,13,1P,Andre Luis,Dellatorre,,VILA NOVA,Normal Goal,1520829
19/08/2026,Serie B Brasil,2026,VILA NOVA,PONTE PRETA,40,1P,Marquinhos Gabriel,Higor,,VILA NOVA,Normal Goal,1520829
19/08/2026,Serie B Brasil,2026,VILA NOVA,PONTE PRETA,64,2P,Dudu,Janderson,,VILA NOVA,Normal Goal,1520829
19/08/2026,Serie B Brasil,2026,VILA NOVA,PONTE PRETA,66,2P,Everton Galdino,Janderson,,VILA NOVA,Normal Goal,1520829
19/08/2026,Serie B Brasil,2026,VILA NOVA,PONTE PRETA,80,2P,Willian Formiga,Dodo,,VILA NOVA,Normal Goal,1520829
19/08/2026,Serie B Brasil,2026,CUIABA,OPERARIO-PR,74,2P,Wesley Dias,Fabio Gomes,,CUIABA,Normal Goal,1520823
20/08/2026,Serie B Brasil,2026,BOTAFOGO SP,CRICIUMA,70,2P,Waguininho,Marcelo Hermes,,CRICIUMA,Normal Goal,1520822
20/08/2026,Serie B Brasil,2026,BOTAFOGO SP,CRICIUMA,90,2P,Vilar,Kelvin,,BOTAFOGO SP,Normal Goal,1520822
20/08/2026,Serie B Brasil,2026,ATHLETIC CLUB,CRB,33,1P,Dada Belmonte,Crystopher Ribeiro,,CRB,Normal Goal,1520820
20/08/2026,Serie B Brasil,2026,ATHLETIC CLUB,CRB,56,2P,Mikael,Danielzinho,,CRB,Normal Goal,1520820
20/08/2026,Serie B Brasil,2026,NOVORIZONTINO,AMERICA MINEIRO,23,1P,Patrick,Diego Mathias,,NOVORIZONTINO,Normal Goal,1520828
20/08/2026,Serie B Brasil,2026,NOVORIZONTINO,AMERICA MINEIRO,39,1P,Rômulo,,,NOVORIZONTINO,Missed Penalty,1520828
20/08/2026,Serie B Brasil,2026,NOVORIZONTINO,AMERICA MINEIRO,81,2P,Robson,,,NOVORIZONTINO,Normal Goal,1520828
20/08/2026,Serie B Brasil,2026,NOVORIZONTINO,AMERICA MINEIRO,90,2P,Carlao,Luis Oyama,,NOVORIZONTINO,Normal Goal,1520828
22/08/2026,Serie B Brasil,2026,CEARA,LONDRINA,4,1P,João Vitor,,,LONDRINA,Penalty,1520832
22/08/2026,Serie B Brasil,2026,CEARA,LONDRINA,40,1P,Gabriel Silva Rocha,,,CEARA,Normal Goal,1520832
22/08/2026,Serie B Brasil,2026,CEARA,LONDRINA,62,2P,Luiz Otávio,Lucas Mugni,,CEARA,Normal Goal,1520832
22/08/2026,Serie B Brasil,2026,CUIABA,GOIAS,28,1P,Jean Carlos,Anselmo Ramon,,GOIAS,Normal Goal,1520834
22/08/2026,Serie B Brasil,2026,CUIABA,GOIAS,73,2P,Vinicius Peixoto,,,CUIABA,Normal Goal,1520834
23/08/2026,Serie B Brasil,2026,PONTE PRETA,AVAI,46,2P,Jean Lucas,Joao Vitor,,AVAI,Normal Goal,1520837
23/08/2026,Serie B Brasil,2026,PONTE PRETA,AVAI,90,2P,Wenderson,Leo Chu,,AVAI,Normal Goal,1520837
23/08/2026,Serie B Brasil,2026,SÃO BERNARDO,NAUTICO RECIFE,54,2P,Lucas Lima,,,SÃO BERNARDO,Normal Goal,1520838
23/08/2026,Serie B Brasil,2026,SÃO BERNARDO,NAUTICO RECIFE,86,2P,Derek Freitas,Wendell Miranda Azevedo,,NAUTICO RECIFE,Normal Goal,1520838
23/08/2026,Serie B Brasil,2026,CRICIUMA,FORTALEZA EC,43,1P,Pedro Henrique,Luiz Fernando,,FORTALEZA EC,Normal Goal,1520833
23/08/2026,Serie B Brasil,2026,CRICIUMA,FORTALEZA EC,87,2P,Paulo Baya,Lucas Sasha,,FORTALEZA EC,Normal Goal,1520833
24/08/2026,Serie B Brasil,2026,SPORT RECIFE,AMERICA MINEIRO,13,1P,Claudinho,Juan Alano,,SPORT RECIFE,Normal Goal,1520839
24/08/2026,Serie B Brasil,2026,SPORT RECIFE,AMERICA MINEIRO,45,1P,Clayson,Juan Alano,,SPORT RECIFE,Normal Goal,1520839
24/08/2026,Serie B Brasil,2026,SPORT RECIFE,AMERICA MINEIRO,90,2P,Pedro Perotti,,,SPORT RECIFE,Penalty,1520839
24/08/2026,Serie B Brasil,2026,ATHLETIC CLUB,NOVORIZONTINO,19,1P,Nicolas Careca,Romulo,,NOVORIZONTINO,Normal Goal,1520830
24/08/2026,Serie B Brasil,2026,ATHLETIC CLUB,NOVORIZONTINO,59,2P,Robson,,,NOVORIZONTINO,Normal Goal,1520830
24/08/2026,Serie B Brasil,2026,ATHLETIC CLUB,NOVORIZONTINO,77,2P,Matheus Bianqui,Diego Galo,,NOVORIZONTINO,Normal Goal,1520830
24/08/2026,Serie B Brasil,2026,ATHLETIC CLUB,NOVORIZONTINO,81,2P,W. Aponza,Assis,,ATHLETIC CLUB,Normal Goal,1520830
24/08/2026,Serie B Brasil,2026,ATHLETIC CLUB,NOVORIZONTINO,90,2P,Luis Oyama,Juninho,,NOVORIZONTINO,Normal Goal,1520830
25/08/2026,Serie B Brasil,2026,ATLETICO GOIANIENSE,BOTAFOGO SP,4,1P,Marrony,Peixoto,,ATLETICO GOIANIENSE,Normal Goal,1520831
25/08/2026,Serie B Brasil,2026,ATLETICO GOIANIENSE,BOTAFOGO SP,25,1P,João Pedro Silva,Warley,,ATLETICO GOIANIENSE,Normal Goal,1520831
25/08/2026,Serie B Brasil,2026,ATLETICO GOIANIENSE,BOTAFOGO SP,79,2P,Adriano Martins,Warley,,ATLETICO GOIANIENSE,Normal Goal,1520831
25/08/2026,Serie B Brasil,2026,JUVENTUDE,CRB,45,1P,Thiaguinho,Danielzinho,,CRB,Normal Goal,1520835
25/08/2026,Serie B Brasil,2026,JUVENTUDE,CRB,67,2P,Alisson Safira,,,JUVENTUDE,Penalty,1520835
25/08/2026,Serie B Brasil,2026,JUVENTUDE,CRB,80,2P,Alan Kardec,Gabriel Pires,,JUVENTUDE,Normal Goal,1520835
28/08/2026,Serie B Brasil,2026,GOIAS,SÃO BERNARDO,13,1P,Lucas Rodrigues,Djalma,,GOIAS,Normal Goal,1520845
28/08/2026,Serie B Brasil,2026,GOIAS,SÃO BERNARDO,59,2P,Pedrinho,Pará,,SÃO BERNARDO,Normal Goal,1520845
28/08/2026,Serie B Brasil,2026,GOIAS,SÃO BERNARDO,67,2P,Kadu,,,GOIAS,Normal Goal,1520845
28/08/2026,Serie B Brasil,2026,NAUTICO RECIFE,ATHLETIC CLUB,6,1P,D. Vera,Max,,ATHLETIC CLUB,Normal Goal,1520847
28/08/2026,Serie B Brasil,2026,NAUTICO RECIFE,ATHLETIC CLUB,71,2P,Derek,,,NAUTICO RECIFE,Normal Goal,1520847
28/08/2026,Serie B Brasil,2026,NAUTICO RECIFE,ATHLETIC CLUB,90,2P,Luiz Claudio,Betao,,NAUTICO RECIFE,Normal Goal,1520847
28/08/2026,Serie B Brasil,2026,NOVORIZONTINO,SPORT RECIFE,41,1P,Romulo,Luis Oyama,,NOVORIZONTINO,Normal Goal,1520848
28/08/2026,Serie B Brasil,2026,NOVORIZONTINO,SPORT RECIFE,77,2P,Matheus Bianqui,Diego Galo,,NOVORIZONTINO,Normal Goal,1520848
28/08/2026,Serie B Brasil,2026,NOVORIZONTINO,SPORT RECIFE,90,2P,Pedro Perotti,,,SPORT RECIFE,Normal Goal,1520848
29/08/2026,Serie B Brasil,2026,BOTAFOGO SP,CUIABA,62,2P,Vitor Mendes,,,CUIABA,Normal Goal,1520842
29/08/2026,Serie B Brasil,2026,BOTAFOGO SP,CUIABA,80,2P,Everton Morelli,Kelvin,,BOTAFOGO SP,Normal Goal,1520842
29/08/2026,Serie B Brasil,2026,BOTAFOGO SP,CUIABA,87,2P,Kauan Cristtyan,Rodrigo Rodrigues,,CUIABA,Normal Goal,1520842
30/08/2026,Serie B Brasil,2026,AMERICA MINEIRO,PONTE PRETA,47,2P,Willian Bigode,F. Elizari,,AMERICA MINEIRO,Normal Goal,1520840
30/08/2026,Serie B Brasil,2026,AMERICA MINEIRO,PONTE PRETA,59,2P,R. Pineiro,T. Ostchega,,AMERICA MINEIRO,Normal Goal,1520840
30/08/2026,Serie B Brasil,2026,AVAI,ATLETICO GOIANIENSE,90,2P,Bruno Jose,Netinho,,ATLETICO GOIANIENSE,Normal Goal,1520841
30/08/2026,Serie B Brasil,2026,CRB,CRICIUMA,43,1P,Crystopher,,,CRB,Normal Goal,1520843
30/08/2026,Serie B Brasil,2026,CRB,CRICIUMA,45,1P,Diego Gonçalves,Willean Lepo,,CRICIUMA,Normal Goal,1520843
30/08/2026,Serie B Brasil,2026,CRB,CRICIUMA,58,2P,Danielzinho,,,CRB,Normal Goal,1520843
30/08/2026,Serie B Brasil,2026,VILA NOVA,CEARA,16,1P,Breno Augusto,Tiago Pagnussat,,VILA NOVA,Normal Goal,1520849
30/08/2026,Serie B Brasil,2026,VILA NOVA,CEARA,75,2P,Andre Luis,Janderson,,VILA NOVA,Normal Goal,1520849
31/08/2026,Serie B Brasil,2026,FORTALEZA EC,OPERARIO-PR,30,1P,Maílton,João Ricardo,,FORTALEZA EC,Normal Goal,1520844
31/08/2026,Serie B Brasil,2026,FORTALEZA EC,OPERARIO-PR,33,1P,Ángel Torres,Gabriel Boschilia,,OPERARIO-PR,Normal Goal,1520844
31/01/2026,Primera Division Chile,2026,DEPORTES LIMACHE,COLO COLO,7,1P,Jean Meneses,Yerko González,,DEPORTES LIMACHE,Normal Goal,1505351
31/01/2026,Primera Division Chile,2026,DEPORTES LIMACHE,COLO COLO,14,1P,Jean Meneses,Daniel Castro,,DEPORTES LIMACHE,Normal Goal,1505351
31/01/2026,Primera Division Chile,2026,DEPORTES LIMACHE,COLO COLO,27,1P,Daniel Castro,Jean Meneses,,DEPORTES LIMACHE,Normal Goal,1505351
31/01/2026,Primera Division Chile,2026,DEPORTES LIMACHE,COLO COLO,83,2P,Maximiliano Romero,Claudio Aquino,,COLO COLO,Normal Goal,1505351
31/01/2026,Primera Division Chile,2026,UNIVERSIDAD DE CONCEPCION,COQUIMBO UNIDO,53,2P,Luis Rojas,Antonio Díaz,,UNIVERSIDAD DE CONCEPCION,Normal Goal,1505354
31/01/2026,Primera Division Chile,2026,COBRESAL,HUACHIPATO,45,1P,Steffan Pino,,,COBRESAL,Penalty,1505347
01/02/2026,Primera Division Chile,2026,D. LA SERENA,U. CATOLICA,33,1P,Felipe Chamorro,Jeisson Vargas,,D. LA SERENA,Normal Goal,1505350
01/02/2026,Primera Division Chile,2026,D. LA SERENA,U. CATOLICA,38,1P,Felipe Chamorro,,,D. LA SERENA,Normal Goal,1505350
01/02/2026,Primera Division Chile,2026,D. LA SERENA,U. CATOLICA,45,1P,Justo Giani,Clemente Montes,,U. CATOLICA,Normal Goal,1505350
01/02/2026,Primera Division Chile,2026,D. LA SERENA,U. CATOLICA,85,2P,Fernando Zampedri,Cristián Cuevas,,U. CATOLICA,Normal Goal,1505350
01/02/2026,Primera Division Chile,2026,PALESTINO,NUBLENSE,29,1P,Ronnie Fernández,Joe Abrigo,,PALESTINO,Normal Goal,1505352
01/02/2026,Primera Division Chile,2026,PALESTINO,NUBLENSE,35,1P,Bryan Carrasco,,,PALESTINO,Missed Penalty,1505352
01/02/2026,Primera Division Chile,2026,PALESTINO,NUBLENSE,74,2P,Ignacio Jeraldino,,,NUBLENSE,Penalty,1505352
02/02/2026,Primera Division Chile,2026,EVERTON DE VINA,UNION LA CALERA,24,1P,Rodrigo Caseres,Kevin Méndez,,UNION LA CALERA,Normal Goal,1505349
02/02/2026,Primera Division Chile,2026,O'HIGGINS,CONCEPCIÓN,29,1P,Arnaldo Castillo,Francisco González,,O'HIGGINS,Normal Goal,1505348
02/02/2026,Primera Division Chile,2026,O'HIGGINS,CONCEPCIÓN,84,2P,Miguel Brizuela,Bryan Rabello,,O'HIGGINS,Normal Goal,1505348
02/02/2026,Primera Division Chile,2026,O'HIGGINS,CONCEPCIÓN,90,2P,Fausto Grillo,Leonardo Valencia,,CONCEPCIÓN,Normal Goal,1505348
06/02/2026,Primera Division Chile,2026,A. ITALIANO,UNIVERSIDAD DE CONCEPCION,8,1P,Diego Coelho,Esteban Matus,,A. ITALIANO,Normal Goal,1505355
06/02/2026,Primera Division Chile,2026,A. ITALIANO,UNIVERSIDAD DE CONCEPCION,42,1P,Federico Mateos,Esteban Matus,,A. ITALIANO,Normal Goal,1505355
06/02/2026,Primera Division Chile,2026,A. ITALIANO,UNIVERSIDAD DE CONCEPCION,90,2P,Franco Troyansky,Giovani Chiaverano,,A. ITALIANO,Normal Goal,1505355
07/02/2026,Primera Division Chile,2026,COQUIMBO UNIDO,PALESTINO,19,1P,Guido Vadalá,,,COQUIMBO UNIDO,Normal Goal,1505357
07/02/2026,Primera Division Chile,2026,COQUIMBO UNIDO,PALESTINO,33,1P,Luis Riveros,Juan Cornejo,,COQUIMBO UNIDO,Normal Goal,1505357
07/02/2026,Primera Division Chile,2026,COQUIMBO UNIDO,PALESTINO,73,2P,Nelson Da Silva,Ian Alegría,,PALESTINO,Normal Goal,1505357
07/02/2026,Primera Division Chile,2026,COQUIMBO UNIDO,PALESTINO,76,2P,Manuel Fernández,Juan Cornejo,,COQUIMBO UNIDO,Normal Goal,1505357
07/02/2026,Primera Division Chile,2026,O'HIGGINS,D. LA SERENA,88,2P,Francisco González,,,O'HIGGINS,Normal Goal,1505360
07/02/2026,Primera Division Chile,2026,COLO COLO,EVERTON DE VINA,90,2P,Javier Correa,Leandro Hernández,,COLO COLO,Normal Goal,1505356
07/02/2026,Primera Division Chile,2026,COLO COLO,EVERTON DE VINA,90,2P,Yastin Cuevas,Víctor Felipe Méndez,,COLO COLO,Normal Goal,1505356
08/02/2026,Primera Division Chile,2026,HUACHIPATO,UNIVERSIDAD DE CHILE,13,1P,Eduardo Vargas,,,UNIVERSIDAD DE CHILE,Normal Goal,1505358
08/02/2026,Primera Division Chile,2026,HUACHIPATO,UNIVERSIDAD DE CHILE,35,1P,Maximiliano Gutiérrez,,,HUACHIPATO,Normal Goal,1505358
08/02/2026,Primera Division Chile,2026,HUACHIPATO,UNIVERSIDAD DE CHILE,76,2P,Lionel Altamirano,,,HUACHIPATO,Missed Penalty,1505358
08/02/2026,Primera Division Chile,2026,HUACHIPATO,UNIVERSIDAD DE CHILE,81,2P,Renzo Malanca,,,HUACHIPATO,Normal Goal,1505358
08/02/2026,Primera Division Chile,2026,NUBLENSE,DEPORTES LIMACHE,19,1P,Gonzalo Sosa,Daniel Castro,,DEPORTES LIMACHE,Normal Goal,1505359
08/02/2026,Primera Division Chile,2026,NUBLENSE,DEPORTES LIMACHE,56,2P,Ignacio Jeraldino,,,NUBLENSE,Normal Goal,1505359
08/02/2026,Primera Division Chile,2026,U. CATOLICA,CONCEPCIÓN,51,2P,Fernando Zampedri,Matías Palavecino,,U. CATOLICA,Normal Goal,1505361
08/02/2026,Primera Division Chile,2026,U. CATOLICA,CONCEPCIÓN,71,2P,Justo Giani,Fernando Zampedri,,U. CATOLICA,Normal Goal,1505361
09/02/2026,Primera Division Chile,2026,UNION LA CALERA,COBRESAL,8,1P,Kevin Méndez,Daniel Gutiérrez,,UNION LA CALERA,Normal Goal,1505362
09/02/2026,Primera Division Chile,2026,UNION LA CALERA,COBRESAL,29,1P,Francisco Jose Pozzo,Kevin Méndez,,UNION LA CALERA,Normal Goal,1505362
09/02/2026,Primera Division Chile,2026,UNION LA CALERA,COBRESAL,35,1P,Sebastián Sáez,Kevin Méndez,,UNION LA CALERA,Normal Goal,1505362
09/02/2026,Primera Division Chile,2026,UNION LA CALERA,COBRESAL,45,1P,Agustin Nadruz,Bryan Carvallo,,COBRESAL,Normal Goal,1505362
13/02/2026,Primera Division Chile,2026,EVERTON DE VINA,HUACHIPATO,51,2P,Maximiliano Gutiérrez,Maicol León,,HUACHIPATO,Normal Goal,1505365
13/02/2026,Primera Division Chile,2026,EVERTON DE VINA,HUACHIPATO,56,2P,Maximiliano Gutiérrez,Maximiliano Rodríguez,,HUACHIPATO,Normal Goal,1505365
13/02/2026,Primera Division Chile,2026,EVERTON DE VINA,HUACHIPATO,89,2P,Mario Briceño,Ezequiel Cañete,,HUACHIPATO,Normal Goal,1505365
14/02/2026,Primera Division Chile,2026,D. LA SERENA,COQUIMBO UNIDO,75,2P,Alejandro Camargo,Benjamín Chandía,,COQUIMBO UNIDO,Normal Goal,1505366
14/02/2026,Primera Division Chile,2026,DEPORTES LIMACHE,O'HIGGINS,14,1P,Jean Meneses,Joaquín Montecinos,,DEPORTES LIMACHE,Normal Goal,1505367
14/02/2026,Primera Division Chile,2026,DEPORTES LIMACHE,O'HIGGINS,19,1P,Bryan Rabello,Felipe Ogaz,,O'HIGGINS,Normal Goal,1505367
14/02/2026,Primera Division Chile,2026,DEPORTES LIMACHE,O'HIGGINS,52,2P,Daniel Castro,Marcelo Flores,,DEPORTES LIMACHE,Normal Goal,1505367
14/02/2026,Primera Division Chile,2026,COBRESAL,U. CATOLICA,3,1P,A. Nadruz,C. Yanis,,COBRESAL,Normal Goal,1505363
14/02/2026,Primera Division Chile,2026,COBRESAL,U. CATOLICA,14,1P,B. A. Carvallo U.,J. Brea,,COBRESAL,Normal Goal,1505363
14/02/2026,Primera Division Chile,2026,COBRESAL,U. CATOLICA,44,1P,F. Zampedri,,,U. CATOLICA,Penalty,1505363
14/02/2026,Primera Division Chile,2026,COBRESAL,U. CATOLICA,50,2P,S. Pino,G. Pacheco,,COBRESAL,Normal Goal,1505363
14/02/2026,Primera Division Chile,2026,COBRESAL,U. CATOLICA,90,2P,F. Zampedri,D. Valencia,,U. CATOLICA,Normal Goal,1505363
15/02/2026,Primera Division Chile,2026,UNIVERSIDAD DE CONCEPCION,CONCEPCIÓN,22,1P,Joaquín Larrivey,,,CONCEPCIÓN,Penalty,1505370
15/02/2026,Primera Division Chile,2026,UNIVERSIDAD DE CONCEPCION,CONCEPCIÓN,50,2P,Cristhofer Mesías,Yerco Oyanedel,,UNIVERSIDAD DE CONCEPCION,Normal Goal,1505370
15/02/2026,Primera Division Chile,2026,UNIVERSIDAD DE CONCEPCION,CONCEPCIÓN,71,2P,Cecilio Waterman,Pablo Parra,,UNIVERSIDAD DE CONCEPCION,Normal Goal,1505370
15/02/2026,Primera Division Chile,2026,NUBLENSE,A. ITALIANO,45,1P,Ignacio Tapia,,,NUBLENSE,Normal Goal,1505368
15/02/2026,Primera Division Chile,2026,COLO COLO,UNION LA CALERA,90,2P,Maximiliano Romero,Yastin Cuevas,,COLO COLO,Normal Goal,1505364
20/02/2026,Primera Division Chile,2026,UNION LA CALERA,NUBLENSE,90,2P,Lucas Molina,,,NUBLENSE,Normal Goal,1505378
20/02/2026,Primera Division Chile,2026,CONCEPCIÓN,COBRESAL,45,1P,Carlos Escobar,,,CONCEPCIÓN,Missed Penalty,1505372
20/02/2026,Primera Division Chile,2026,CONCEPCIÓN,COBRESAL,81,2P,Steffan Pino,Guillermo Pacheco,,COBRESAL,Normal Goal,1505372
20/02/2026,Primera Division Chile,2026,CONCEPCIÓN,COBRESAL,90,2P,Jorge Henríquez,,,CONCEPCIÓN,Normal Goal,1505372
21/02/2026,Primera Division Chile,2026,HUACHIPATO,PALESTINO,18,1P,Nelson Da Silva,Julián Fernández,,PALESTINO,Normal Goal,1505373
21/02/2026,Primera Division Chile,2026,HUACHIPATO,PALESTINO,62,2P,Cris Martínez,,,HUACHIPATO,Penalty,1505373
21/02/2026,Primera Division Chile,2026,HUACHIPATO,PALESTINO,81,2P,Lionel Altamirano,,,HUACHIPATO,Normal Goal,1505373
21/02/2026,Primera Division Chile,2026,O'HIGGINS,COLO COLO,55,2P,Claudio Aquino,,,COLO COLO,Normal Goal,1505375
21/02/2026,Primera Division Chile,2026,U. CATOLICA,COQUIMBO UNIDO,19,1P,Alejandro Camargo,,,COQUIMBO UNIDO,Normal Goal,1505376
21/02/2026,Primera Division Chile,2026,U. CATOLICA,COQUIMBO UNIDO,35,1P,Justo Giani,Diego Corral,,U. CATOLICA,Normal Goal,1505376
21/02/2026,Primera Division Chile,2026,U. CATOLICA,COQUIMBO UNIDO,48,2P,Fernando Zampedri,Cristián Cuevas,,U. CATOLICA,Normal Goal,1505376
21/02/2026,Primera Division Chile,2026,U. CATOLICA,COQUIMBO UNIDO,70,2P,Fernando Zampedri,,,U. CATOLICA,Penalty,1505376
22/02/2026,Primera Division Chile,2026,D. LA SERENA,UNIVERSIDAD DE CONCEPCION,30,1P,Sebastián Díaz,,,D. LA SERENA,Normal Goal,1505374
22/02/2026,Primera Division Chile,2026,D. LA SERENA,UNIVERSIDAD DE CONCEPCION,38,1P,Esteban Páez,Agustín Urzi,,UNIVERSIDAD DE CONCEPCION,Normal Goal,1505374
22/02/2026,Primera Division Chile,2026,A. ITALIANO,EVERTON DE VINA,45,1P,Diego Coelho,,,A. ITALIANO,Missed Penalty,1505371
22/02/2026,Primera Division Chile,2026,A. ITALIANO,EVERTON DE VINA,67,2P,Rodrigo Cabral,,,A. ITALIANO,Penalty,1505371
22/02/2026,Primera Division Chile,2026,UNIVERSIDAD DE CHILE,DEPORTES LIMACHE,5,1P,Daniel Castro,Jean Meneses,,DEPORTES LIMACHE,Normal Goal,1505377
22/02/2026,Primera Division Chile,2026,UNIVERSIDAD DE CHILE,DEPORTES LIMACHE,27,1P,Javier Altamirano,Eduardo Vargas,,UNIVERSIDAD DE CHILE,Normal Goal,1505377
22/02/2026,Primera Division Chile,2026,UNIVERSIDAD DE CHILE,DEPORTES LIMACHE,54,2P,Nicolás Ramírez,Felipe Salomoni,,UNIVERSIDAD DE CHILE,Normal Goal,1505377
22/02/2026,Primera Division Chile,2026,UNIVERSIDAD DE CHILE,DEPORTES LIMACHE,84,2P,Yerko González,,,DEPORTES LIMACHE,Normal Goal,1505377
27/02/2026,Primera Division Chile,2026,COBRESAL,D. LA SERENA,1,1P,Jeisson Vargas,Diego Rubio,,D. LA SERENA,Normal Goal,1505379
27/02/2026,Primera Division Chile,2026,UNION LA CALERA,A. ITALIANO,23,1P,Sebastián Sáez,Kevin Méndez,,UNION LA CALERA,Normal Goal,1505386
27/02/2026,Primera Division Chile,2026,UNION LA CALERA,A. ITALIANO,72,2P,Sebastián Sáez,,,UNION LA CALERA,Penalty,1505386
27/02/2026,Primera Division Chile,2026,UNION LA CALERA,A. ITALIANO,90,2P,Kevin Méndez,Joan Cruz,,UNION LA CALERA,Normal Goal,1505386
28/02/2026,Primera Division Chile,2026,COQUIMBO UNIDO,CONCEPCIÓN,14,1P,Leonardo Valencia,,,CONCEPCIÓN,Penalty,1505381
28/02/2026,Primera Division Chile,2026,DEPORTES LIMACHE,HUACHIPATO,16,1P,Jean Meneses,Flavio Moya,,DEPORTES LIMACHE,Normal Goal,1505382
28/02/2026,Primera Division Chile,2026,DEPORTES LIMACHE,HUACHIPATO,52,2P,Yerko González,,,DEPORTES LIMACHE,Normal Goal,1505382
28/02/2026,Primera Division Chile,2026,DEPORTES LIMACHE,HUACHIPATO,86,2P,Vicente Álvarez,Marcos Arturia,,DEPORTES LIMACHE,Normal Goal,1505382
28/02/2026,Primera Division Chile,2026,PALESTINO,O'HIGGINS,34,1P,Ian Garguez,Martín Araya,,PALESTINO,Normal Goal,1505384
28/02/2026,Primera Division Chile,2026,PALESTINO,O'HIGGINS,45,1P,Thiago Vecino,,,O'HIGGINS,Penalty,1505384
28/02/2026,Primera Division Chile,2026,PALESTINO,O'HIGGINS,46,2P,Sebastián Gallegos,Julián Fernández,,PALESTINO,Normal Goal,1505384
28/02/2026,Primera Division Chile,2026,PALESTINO,O'HIGGINS,69,2P,Francisco Montes,Ian Garguez,,PALESTINO,Normal Goal,1505384
28/02/2026,Primera Division Chile,2026,PALESTINO,O'HIGGINS,76,2P,Nelson Da Silva,Sebastián Gallegos,,PALESTINO,Normal Goal,1505384
28/02/2026,Primera Division Chile,2026,PALESTINO,O'HIGGINS,90,2P,Arnaldo Castillo,,,O'HIGGINS,Normal Goal,1505384
01/03/2026,Primera Division Chile,2026,UNIVERSIDAD DE CONCEPCION,EVERTON DE VINA,10,1P,Alan Medina,,,EVERTON DE VINA,Normal Goal,1505385
01/03/2026,Primera Division Chile,2026,UNIVERSIDAD DE CONCEPCION,EVERTON DE VINA,16,1P,Alan Medina,Vicente Fernández,,EVERTON DE VINA,Normal Goal,1505385
01/03/2026,Primera Division Chile,2026,UNIVERSIDAD DE CONCEPCION,EVERTON DE VINA,58,2P,Lucas Soto,Alan Medina,,EVERTON DE VINA,Normal Goal,1505385
01/03/2026,Primera Division Chile,2026,COLO COLO,UNIVERSIDAD DE CHILE,70,2P,Matías Zaldivia,Juan Martín Lucero,,UNIVERSIDAD DE CHILE,Normal Goal,1505380
01/03/2026,Primera Division Chile,2026,NUBLENSE,U. CATOLICA,26,1P,Ignacio Jeraldino,,,NUBLENSE,Penalty,1505383
01/03/2026,Primera Division Chile,2026,NUBLENSE,U. CATOLICA,45,1P,Fernando Zampedri,,,U. CATOLICA,Penalty,1505383
01/03/2026,Primera Division Chile,2026,NUBLENSE,U. CATOLICA,90,2P,Fernando Zampedri,Matías Palavecino,,U. CATOLICA,Normal Goal,1505383
06/03/2026,Primera Division Chile,2026,D. LA SERENA,UNION LA CALERA,38,1P,Gonzalo Escalante,Jeisson Vargas,,D. LA SERENA,Normal Goal,1505391
06/03/2026,Primera Division Chile,2026,D. LA SERENA,UNION LA CALERA,41,1P,Diego Rubio,,,D. LA SERENA,Normal Goal,1505391
06/03/2026,Primera Division Chile,2026,D. LA SERENA,UNION LA CALERA,90,2P,Matías Marín,,,D. LA SERENA,Normal Goal,1505391
06/03/2026,Primera Division Chile,2026,CONCEPCIÓN,NUBLENSE,29,1P,Gabriel Graciani,,,NUBLENSE,Normal Goal,1505388
06/03/2026,Primera Division Chile,2026,CONCEPCIÓN,NUBLENSE,88,2P,Diego Sanhueza,,,NUBLENSE,Normal Goal,1505388
07/03/2026,Primera Division Chile,2026,EVERTON DE VINA,DEPORTES LIMACHE,67,2P,Cristian Palacios,Emiliano Ramos,,EVERTON DE VINA,Normal Goal,1505389
07/03/2026,Primera Division Chile,2026,EVERTON DE VINA,DEPORTES LIMACHE,90,2P,Gonzalo Sosa,,,DEPORTES LIMACHE,Missed Penalty,1505389
07/03/2026,Primera Division Chile,2026,HUACHIPATO,COQUIMBO UNIDO,5,1P,Martín Mundaca,,,COQUIMBO UNIDO,Normal Goal,1505390
07/03/2026,Primera Division Chile,2026,HUACHIPATO,COQUIMBO UNIDO,72,2P,Alejandro Azócar,Luis Riveros,,COQUIMBO UNIDO,Normal Goal,1505390
07/03/2026,Primera Division Chile,2026,HUACHIPATO,COQUIMBO UNIDO,90,2P,Lionel Altamirano,,,HUACHIPATO,Penalty,1505390
07/03/2026,Primera Division Chile,2026,HUACHIPATO,COQUIMBO UNIDO,90,2P,Cristián Zavala,Luis Riveros,,COQUIMBO UNIDO,Normal Goal,1505390
07/03/2026,Primera Division Chile,2026,A. ITALIANO,COLO COLO,5,1P,M. Romero,L. Pastran,,COLO COLO,Normal Goal,1505387
07/03/2026,Primera Division Chile,2026,O'HIGGINS,U. CATOLICA,38,1P,Bastián Yáñez,Francisco González,,O'HIGGINS,Normal Goal,1505392
08/03/2026,Primera Division Chile,2026,PALESTINO,COBRESAL,33,1P,M. Araya,J. Fernandez,,PALESTINO,Normal Goal,1505393
08/03/2026,Primera Division Chile,2026,PALESTINO,COBRESAL,67,2P,G. Pacheco,A. Astudillo,,COBRESAL,Normal Goal,1505393
08/03/2026,Primera Division Chile,2026,PALESTINO,COBRESAL,69,2P,V. A. Espinoza Hevia,D. Zuniga,,PALESTINO,Normal Goal,1505393
08/03/2026,Primera Division Chile,2026,PALESTINO,COBRESAL,77,2P,J. Fernandez,,,PALESTINO,Normal Goal,1505393
08/03/2026,Primera Division Chile,2026,PALESTINO,COBRESAL,86,2P,F. Frias,B. A. Carvallo U.,,COBRESAL,Normal Goal,1505393
08/03/2026,Primera Division Chile,2026,PALESTINO,COBRESAL,87,2P,N. Da Silva,J. Leon,,PALESTINO,Normal Goal,1505393
09/03/2026,Primera Division Chile,2026,UNIVERSIDAD DE CHILE,UNIVERSIDAD DE CONCEPCION,38,1P,D. Barrea,,,UNIVERSIDAD DE CONCEPCION,Normal Goal,1505394
09/03/2026,Primera Division Chile,2026,UNIVERSIDAD DE CHILE,UNIVERSIDAD DE CONCEPCION,55,2P,Eduardo Vargas,F. Hormazabal,,UNIVERSIDAD DE CHILE,Normal Goal,1505394
13/03/2026,Primera Division Chile,2026,A. ITALIANO,CONCEPCIÓN,3,1P,Enzo Ferrario,Nicolás Aedo,,A. ITALIANO,Normal Goal,1505395
13/03/2026,Primera Division Chile,2026,A. ITALIANO,CONCEPCIÓN,9,1P,Giovani Chiaverano,Paolo Guajardo,,A. ITALIANO,Normal Goal,1505395
13/03/2026,Primera Division Chile,2026,A. ITALIANO,CONCEPCIÓN,32,1P,Franco Troyansky,Marcelo Ortíz,,A. ITALIANO,Normal Goal,1505395
14/03/2026,Primera Division Chile,2026,COQUIMBO UNIDO,UNIVERSIDAD DE CHILE,76,2P,M. G. Guerrero Pena,A. Arce,,UNIVERSIDAD DE CHILE,Normal Goal,1505398
14/03/2026,Primera Division Chile,2026,U. CATOLICA,EVERTON DE VINA,4,1P,C. Palacios,E. M. Ramos Aviles,,EVERTON DE VINA,Normal Goal,1505400
14/03/2026,Primera Division Chile,2026,U. CATOLICA,EVERTON DE VINA,7,1P,L. Soto,,,EVERTON DE VINA,Normal Goal,1505400
14/03/2026,Primera Division Chile,2026,U. CATOLICA,EVERTON DE VINA,45,1P,F. Zampedri,M. Palavecino,,U. CATOLICA,Normal Goal,1505400
14/03/2026,Primera Division Chile,2026,U. CATOLICA,EVERTON DE VINA,73,2P,J. A. Martinez,J. Giani,,U. CATOLICA,Normal Goal,1505400
15/03/2026,Primera Division Chile,2026,UNIVERSIDAD DE CONCEPCION,PALESTINO,90,2P,Antonio Díaz,Facundo Mater,,UNIVERSIDAD DE CONCEPCION,Normal Goal,1505401
15/03/2026,Primera Division Chile,2026,COBRESAL,DEPORTES LIMACHE,17,1P,V. Alvarez,D. Castro,,DEPORTES LIMACHE,Normal Goal,1505396
15/03/2026,Primera Division Chile,2026,COBRESAL,DEPORTES LIMACHE,33,1P,D. Castro,Jean David,,DEPORTES LIMACHE,Normal Goal,1505396
15/03/2026,Primera Division Chile,2026,COBRESAL,DEPORTES LIMACHE,36,1P,D. Castro,,,DEPORTES LIMACHE,Normal Goal,1505396
15/03/2026,Primera Division Chile,2026,COBRESAL,DEPORTES LIMACHE,67,2P,G. Sosa,A. Aguirre,,DEPORTES LIMACHE,Normal Goal,1505396
15/03/2026,Primera Division Chile,2026,COBRESAL,DEPORTES LIMACHE,74,2P,C. Pinares,,,DEPORTES LIMACHE,Penalty,1505396
15/03/2026,Primera Division Chile,2026,COBRESAL,DEPORTES LIMACHE,88,2P,S. Pino,E. Valencia,,COBRESAL,Normal Goal,1505396
15/03/2026,Primera Division Chile,2026,COBRESAL,DEPORTES LIMACHE,90,2P,Steffan Pino,,,COBRESAL,Missed Penalty,1505396
15/03/2026,Primera Division Chile,2026,COBRESAL,DEPORTES LIMACHE,90,2P,F. Frias,,,COBRESAL,Normal Goal,1505396
15/03/2026,Primera Division Chile,2026,NUBLENSE,D. LA SERENA,32,1P,G. Avalos,G. Graciani,,NUBLENSE,Normal Goal,1505399
15/03/2026,Primera Division Chile,2026,NUBLENSE,D. LA SERENA,54,2P,L. Alarcon,D. Rubio,,D. LA SERENA,Normal Goal,1505399
15/03/2026,Primera Division Chile,2026,NUBLENSE,D. LA SERENA,57,2P,J. Vargas,D. Rubio,,D. LA SERENA,Normal Goal,1505399
15/03/2026,Primera Division Chile,2026,NUBLENSE,D. LA SERENA,88,2P,F. Rami,,,NUBLENSE,Normal Goal,1505399
16/03/2026,Primera Division Chile,2026,UNION LA CALERA,O'HIGGINS,1,1P,Martin Sarrafiore,F. Gonzalez,,O'HIGGINS,Normal Goal,1505402
16/03/2026,Primera Division Chile,2026,UNION LA CALERA,O'HIGGINS,23,1P,Martin Sarrafiore,,,O'HIGGINS,Normal Goal,1505402
16/03/2026,Primera Division Chile,2026,UNION LA CALERA,O'HIGGINS,56,2P,Felipe Ogaz,,,O'HIGGINS,Normal Goal,1505402
16/03/2026,Primera Division Chile,2026,UNION LA CALERA,O'HIGGINS,79,2P,S. Saez,,,UNION LA CALERA,Normal Goal,1505402
16/03/2026,Primera Division Chile,2026,UNION LA CALERA,O'HIGGINS,85,2P,S. Saez,,,UNION LA CALERA,Penalty,1505402
16/03/2026,Primera Division Chile,2026,UNION LA CALERA,O'HIGGINS,90,2P,M. Campos,S. Saez,,UNION LA CALERA,Normal Goal,1505402
16/03/2026,Primera Division Chile,2026,COLO COLO,HUACHIPATO,43,1P,A. Madrid,M. Romero,,COLO COLO,Normal Goal,1505397
16/03/2026,Primera Division Chile,2026,COLO COLO,HUACHIPATO,84,2P,C. Aquino,,,COLO COLO,Penalty,1505397
02/04/2026,Primera Division Chile,2026,U. CATOLICA,PALESTINO,9,1P,Justo Giani,,,U. CATOLICA,Normal Goal,1505409
02/04/2026,Primera Division Chile,2026,U. CATOLICA,PALESTINO,22,1P,César Munder,Nelson Da Silva,,PALESTINO,Normal Goal,1505409
02/04/2026,Primera Division Chile,2026,U. CATOLICA,PALESTINO,32,1P,Matías Palavecino,Clemente Montes,,U. CATOLICA,Normal Goal,1505409
02/04/2026,Primera Division Chile,2026,U. CATOLICA,PALESTINO,63,2P,Justo Giani,,,U. CATOLICA,Normal Goal,1505409
02/04/2026,Primera Division Chile,2026,U. CATOLICA,PALESTINO,66,2P,Fernando Zampedri,Matías Palavecino,,U. CATOLICA,Normal Goal,1505409
02/04/2026,Primera Division Chile,2026,U. CATOLICA,PALESTINO,72,2P,Clemente Montes,Cristián Cuevas,,U. CATOLICA,Normal Goal,1505409
02/04/2026,Primera Division Chile,2026,U. CATOLICA,PALESTINO,90,2P,Fernando Zampedri,Cristián Cuevas,,U. CATOLICA,Normal Goal,1505409
03/04/2026,Primera Division Chile,2026,COQUIMBO UNIDO,COBRESAL,36,1P,A. E. Azocar Machuca,C. Zavala,,COQUIMBO UNIDO,Normal Goal,1505403
03/04/2026,Primera Division Chile,2026,COQUIMBO UNIDO,COBRESAL,57,2P,J. Brea,B. A. Carvallo U.,,COBRESAL,Normal Goal,1505403
03/04/2026,Primera Division Chile,2026,COQUIMBO UNIDO,COBRESAL,61,2P,N. Johansen,J. Cornejo,,COQUIMBO UNIDO,Normal Goal,1505403
03/04/2026,Primera Division Chile,2026,COQUIMBO UNIDO,COBRESAL,73,2P,C. Zavala,B. Chandia,,COQUIMBO UNIDO,Normal Goal,1505403
03/04/2026,Primera Division Chile,2026,COQUIMBO UNIDO,COBRESAL,75,2P,B. Valenzuela,,,COBRESAL,Normal Goal,1505403
03/04/2026,Primera Division Chile,2026,O'HIGGINS,A. ITALIANO,12,1P,Martín Maturana,,,O'HIGGINS,Normal Goal,1505408
03/04/2026,Primera Division Chile,2026,O'HIGGINS,A. ITALIANO,17,1P,Giovani Chiaverano,Nicolás Aedo,,A. ITALIANO,Normal Goal,1505408
03/04/2026,Primera Division Chile,2026,O'HIGGINS,A. ITALIANO,49,2P,Francisco González,Martín Maturana,,O'HIGGINS,Normal Goal,1505408
04/04/2026,Primera Division Chile,2026,DEPORTES LIMACHE,UNION LA CALERA,17,1P,Daniel Castro,,,DEPORTES LIMACHE,Normal Goal,1505407
04/04/2026,Primera Division Chile,2026,DEPORTES LIMACHE,UNION LA CALERA,54,2P,Joaquín Montecinos,Jean Meneses,,DEPORTES LIMACHE,Normal Goal,1505407
04/04/2026,Primera Division Chile,2026,DEPORTES LIMACHE,UNION LA CALERA,77,2P,Marcos Arturia,Jean Meneses,,DEPORTES LIMACHE,Normal Goal,1505407
04/04/2026,Primera Division Chile,2026,DEPORTES LIMACHE,UNION LA CALERA,87,2P,Flavio Moya,,,DEPORTES LIMACHE,Normal Goal,1505407
05/04/2026,Primera Division Chile,2026,CONCEPCIÓN,COLO COLO,68,2P,Álvaro Madrid,Jonathan Villagra,,COLO COLO,Normal Goal,1505404
05/04/2026,Primera Division Chile,2026,UNIVERSIDAD DE CHILE,D. LA SERENA,50,2P,F. Hormazabal,I. A. Vasquez Gonzalez,,UNIVERSIDAD DE CHILE,Normal Goal,1505410
05/04/2026,Primera Division Chile,2026,UNIVERSIDAD DE CHILE,D. LA SERENA,55,2P,M. G. Guerrero Pena,I. E. Poblete Zuniga,,UNIVERSIDAD DE CHILE,Normal Goal,1505410
05/04/2026,Primera Division Chile,2026,UNIVERSIDAD DE CHILE,D. LA SERENA,68,2P,J. Altamirano,M. G. Guerrero Pena,,UNIVERSIDAD DE CHILE,Normal Goal,1505410
05/04/2026,Primera Division Chile,2026,UNIVERSIDAD DE CHILE,D. LA SERENA,90,2P,A. Arce,L. Assadi,,UNIVERSIDAD DE CHILE,Normal Goal,1505410
07/04/2026,Primera Division Chile,2026,HUACHIPATO,UNIVERSIDAD DE CONCEPCION,6,1P,A. Urzi,C. Waterman,,UNIVERSIDAD DE CONCEPCION,Normal Goal,1505406
07/04/2026,Primera Division Chile,2026,HUACHIPATO,UNIVERSIDAD DE CONCEPCION,37,1P,S. Silva,M. Rodriguez,,HUACHIPATO,Normal Goal,1505406
07/04/2026,Primera Division Chile,2026,HUACHIPATO,UNIVERSIDAD DE CONCEPCION,67,2P,N. Vargas,C. Sepulveda,,HUACHIPATO,Normal Goal,1505406
07/04/2026,Primera Division Chile,2026,HUACHIPATO,UNIVERSIDAD DE CONCEPCION,70,2P,C. Martinez,L. Altamirano,,HUACHIPATO,Normal Goal,1505406
07/04/2026,Primera Division Chile,2026,HUACHIPATO,UNIVERSIDAD DE CONCEPCION,79,2P,M. Rodriguez,,,HUACHIPATO,Normal Goal,1505406
07/04/2026,Primera Division Chile,2026,HUACHIPATO,UNIVERSIDAD DE CONCEPCION,83,2P,C. Sepulveda,,,HUACHIPATO,Normal Goal,1505406
11/04/2026,Primera Division Chile,2026,O'HIGGINS,HUACHIPATO,1,1P,Cris Martínez,Nelson Guillermo Guaiquil,,HUACHIPATO,Normal Goal,1505415
11/04/2026,Primera Division Chile,2026,O'HIGGINS,HUACHIPATO,85,2P,Mario Briceño,,,HUACHIPATO,Normal Goal,1505415
11/04/2026,Primera Division Chile,2026,D. LA SERENA,EVERTON DE VINA,15,1P,Jeisson Vargas,,,D. LA SERENA,Normal Goal,1505413
11/04/2026,Primera Division Chile,2026,A. ITALIANO,U. CATOLICA,4,1P,Giovani Chiaverano,,,A. ITALIANO,Normal Goal,1505411
11/04/2026,Primera Division Chile,2026,A. ITALIANO,U. CATOLICA,11,1P,Clemente Montes,Fernando Zuqui,,U. CATOLICA,Normal Goal,1505411
11/04/2026,Primera Division Chile,2026,A. ITALIANO,U. CATOLICA,28,1P,Franco Troyansky,Esteban Matus,,A. ITALIANO,Normal Goal,1505411
11/04/2026,Primera Division Chile,2026,A. ITALIANO,U. CATOLICA,33,1P,Justo Giani,,,U. CATOLICA,Normal Goal,1505411
11/04/2026,Primera Division Chile,2026,A. ITALIANO,U. CATOLICA,41,1P,Matías Palavecino,Justo Giani,,U. CATOLICA,Normal Goal,1505411
11/04/2026,Primera Division Chile,2026,A. ITALIANO,U. CATOLICA,53,2P,Marco Collao,,,A. ITALIANO,Normal Goal,1505411
11/04/2026,Primera Division Chile,2026,A. ITALIANO,U. CATOLICA,89,2P,Juan Ignacio Díaz,Jimmy Martínez,,U. CATOLICA,Normal Goal,1505411
12/04/2026,Primera Division Chile,2026,PALESTINO,DEPORTES LIMACHE,63,2P,N. Da Silva,,,PALESTINO,Penalty,1505416
12/04/2026,Primera Division Chile,2026,NUBLENSE,UNIVERSIDAD DE CHILE,90,2P,Diego Céspedes,,,NUBLENSE,Normal Goal,1505414
13/04/2026,Primera Division Chile,2026,UNIVERSIDAD DE CONCEPCION,COBRESAL,30,1P,J. Fuentealba,B. Ogaz,,UNIVERSIDAD DE CONCEPCION,Normal Goal,1505417
14/04/2026,Primera Division Chile,2026,UNION LA CALERA,CONCEPCIÓN,54,2P,Kevin Méndez,Christopher Díaz,,UNION LA CALERA,Normal Goal,1505418
18/04/2026,Primera Division Chile,2026,DEPORTES LIMACHE,UNIVERSIDAD DE CONCEPCION,7,1P,Gonzalo Sosa,Daniel Castro,,DEPORTES LIMACHE,Normal Goal,1505425
18/04/2026,Primera Division Chile,2026,DEPORTES LIMACHE,UNIVERSIDAD DE CONCEPCION,72,2P,Cesar Fuentes,Daniel Castro,,DEPORTES LIMACHE,Normal Goal,1505425
18/04/2026,Primera Division Chile,2026,DEPORTES LIMACHE,UNIVERSIDAD DE CONCEPCION,83,2P,Daniel Castro,Jean Meneses,,DEPORTES LIMACHE,Normal Goal,1505425
19/04/2026,Primera Division Chile,2026,CONCEPCIÓN,D. LA SERENA,11,1P,I. S. Mesias Gonzalez,N. Rodriguez,,CONCEPCIÓN,Normal Goal,1505422
19/04/2026,Primera Division Chile,2026,CONCEPCIÓN,D. LA SERENA,24,1P,J. Vargas,,,D. LA SERENA,Penalty,1505422
19/04/2026,Primera Division Chile,2026,CONCEPCIÓN,D. LA SERENA,31,1P,J. Vargas,,,D. LA SERENA,Penalty,1505422
19/04/2026,Primera Division Chile,2026,CONCEPCIÓN,D. LA SERENA,41,1P,N. Stefanelli,,,D. LA SERENA,Normal Goal,1505422
19/04/2026,Primera Division Chile,2026,CONCEPCIÓN,D. LA SERENA,46,2P,I. S. Mesias Gonzalez,J. Larrivey,,CONCEPCIÓN,Normal Goal,1505422
19/04/2026,Primera Division Chile,2026,CONCEPCIÓN,D. LA SERENA,67,2P,J. Larrivey,,,CONCEPCIÓN,Penalty,1505422
19/04/2026,Primera Division Chile,2026,COQUIMBO UNIDO,NUBLENSE,17,1P,Nicolás Johansen,,,COQUIMBO UNIDO,Normal Goal,1505421
19/04/2026,Primera Division Chile,2026,COQUIMBO UNIDO,NUBLENSE,68,2P,Franco Rami,,,NUBLENSE,Normal Goal,1505421
19/04/2026,Primera Division Chile,2026,COBRESAL,O'HIGGINS,7,1P,Julián Brea,Bryan Carvallo,,COBRESAL,Normal Goal,1505419
19/04/2026,Primera Division Chile,2026,COBRESAL,O'HIGGINS,48,2P,Arnaldo Castillo,,,O'HIGGINS,Normal Goal,1505419
19/04/2026,Primera Division Chile,2026,COBRESAL,O'HIGGINS,69,2P,José Tiznado,Bryan Carvallo,,COBRESAL,Normal Goal,1505419
19/04/2026,Primera Division Chile,2026,COBRESAL,O'HIGGINS,74,2P,Thiago Vecino,Leandro Díaz,,O'HIGGINS,Normal Goal,1505419
19/04/2026,Primera Division Chile,2026,COBRESAL,O'HIGGINS,78,2P,Thiago Vecino,Francisco González,,O'HIGGINS,Normal Goal,1505419
19/04/2026,Primera Division Chile,2026,COLO COLO,PALESTINO,33,1P,Dilan Zuniga,Ronnie Fernández,,PALESTINO,Normal Goal,1505420
20/04/2026,Primera Division Chile,2026,HUACHIPATO,A. ITALIANO,45,1P,E. Matus,,,A. ITALIANO,Normal Goal,1505424
20/04/2026,Primera Division Chile,2026,HUACHIPATO,A. ITALIANO,55,2P,M. Fuentes,F. Mateos,,A. ITALIANO,Normal Goal,1505424
20/04/2026,Primera Division Chile,2026,HUACHIPATO,A. ITALIANO,58,2P,L. Altamirano,M. Rodriguez,,HUACHIPATO,Normal Goal,1505424
20/04/2026,Primera Division Chile,2026,HUACHIPATO,A. ITALIANO,66,2P,L. Altamirano,G. Guaiquil,,HUACHIPATO,Normal Goal,1505424
20/04/2026,Primera Division Chile,2026,HUACHIPATO,A. ITALIANO,90,2P,O. J. Rojas Munoz,,,HUACHIPATO,Own Goal,1505424
21/04/2026,Primera Division Chile,2026,U. CATOLICA,UNION LA CALERA,44,1P,Branco Ampuero,,,U. CATOLICA,Normal Goal,1505426
21/04/2026,Primera Division Chile,2026,U. CATOLICA,UNION LA CALERA,52,2P,Rodrigo Caseres,Joaquín Soto,,UNION LA CALERA,Normal Goal,1505426
21/04/2026,Primera Division Chile,2026,U. CATOLICA,UNION LA CALERA,83,2P,Sebastián Sáez,Kevin Méndez,,UNION LA CALERA,Normal Goal,1505426
24/04/2026,Primera Division Chile,2026,PALESTINO,CONCEPCIÓN,17,1P,Joaquín Larrivey,,,CONCEPCIÓN,Penalty,1505431
24/04/2026,Primera Division Chile,2026,UNION LA CALERA,COQUIMBO UNIDO,63,2P,P. Rodriguez,C. Zavala,,COQUIMBO UNIDO,Normal Goal,1505434
24/04/2026,Primera Division Chile,2026,UNION LA CALERA,COQUIMBO UNIDO,90,2P,S. Saez,,,UNION LA CALERA,Normal Goal,1505434
24/04/2026,Primera Division Chile,2026,UNION LA CALERA,COQUIMBO UNIDO,90,2P,L. Pratto,,,COQUIMBO UNIDO,Normal Goal,1505434
25/04/2026,Primera Division Chile,2026,A. ITALIANO,DEPORTES LIMACHE,37,1P,Vicente Zenteno,,,A. ITALIANO,Normal Goal,1505427
25/04/2026,Primera Division Chile,2026,A. ITALIANO,DEPORTES LIMACHE,45,1P,Daniel Castro,,,DEPORTES LIMACHE,Penalty,1505427
25/04/2026,Primera Division Chile,2026,A. ITALIANO,DEPORTES LIMACHE,55,2P,Augusto Aguirre,,,A. ITALIANO,Own Goal,1505427
25/04/2026,Primera Division Chile,2026,A. ITALIANO,DEPORTES LIMACHE,65,2P,Ramón Martínez,Jean Meneses,,DEPORTES LIMACHE,Normal Goal,1505427
25/04/2026,Primera Division Chile,2026,NUBLENSE,O'HIGGINS,13,1P,Thiago Vecino,Felipe Faúndez,,O'HIGGINS,Normal Goal,1505430
25/04/2026,Primera Division Chile,2026,NUBLENSE,O'HIGGINS,34,1P,Francisco González,Bryan Rabello,,O'HIGGINS,Normal Goal,1505430
25/04/2026,Primera Division Chile,2026,UNIVERSIDAD DE CHILE,U. CATOLICA,16,1P,Juan Martin Lucero,Lucas Barrera,,UNIVERSIDAD DE CHILE,Normal Goal,1505432
26/04/2026,Primera Division Chile,2026,UNIVERSIDAD DE CONCEPCION,COLO COLO,30,1P,M. Romero,,,COLO COLO,Penalty,1505433
26/04/2026,Primera Division Chile,2026,UNIVERSIDAD DE CONCEPCION,COLO COLO,76,2P,O. Gonzalez,,,UNIVERSIDAD DE CONCEPCION,Normal Goal,1505433
26/04/2026,Primera Division Chile,2026,UNIVERSIDAD DE CONCEPCION,COLO COLO,90,2P,J. Correa,C. Aquino,,COLO COLO,Normal Goal,1505433
02/09/2026,Serie A Brasil,2026,FLAMENGO,MIRASSOL,14,1P,Jorge Carrascal,Pedro,,FLAMENGO,Normal Goal,1492145
02/09/2026,Serie A Brasil,2026,FLAMENGO,MIRASSOL,43,1P,Lucas Paquetá,Jorge Carrascal,,FLAMENGO,Normal Goal,1492145
26/04/2026,Primera Division Chile,2026,EVERTON DE VINA,COBRESAL,12,1P,S. Pino,B. Valenzuela,,COBRESAL,Normal Goal,1505428
26/04/2026,Primera Division Chile,2026,EVERTON DE VINA,COBRESAL,21,1P,N. Baeza,,,EVERTON DE VINA,Normal Goal,1505428
26/04/2026,Primera Division Chile,2026,EVERTON DE VINA,COBRESAL,33,1P,C. Palacios,B. Martinez,,EVERTON DE VINA,Normal Goal,1505428
26/04/2026,Primera Division Chile,2026,EVERTON DE VINA,COBRESAL,78,2P,A. Medina,,,EVERTON DE VINA,Penalty,1505428
03/05/2026,Primera Division Chile,2026,COLO COLO,COQUIMBO UNIDO,45,1P,M. Romero,,,COLO COLO,Penalty,1505412
03/05/2026,Primera Division Chile,2026,COLO COLO,COQUIMBO UNIDO,56,2P,G. Vadala,L. Riveros,,COQUIMBO UNIDO,Normal Goal,1505412
03/05/2026,Primera Division Chile,2026,COLO COLO,COQUIMBO UNIDO,84,2P,J. Correa,C. Aquino,,COLO COLO,Normal Goal,1505412
03/05/2026,Primera Division Chile,2026,COLO COLO,COQUIMBO UNIDO,86,2P,J. Correa,F. Marchant,,COLO COLO,Normal Goal,1505412
16/05/2026,Primera Division Chile,2026,PALESTINO,D. LA SERENA,7,1P,B. Carrasco,I. A. Garguez Gomez,,PALESTINO,Normal Goal,1505442
16/05/2026,Primera Division Chile,2026,PALESTINO,D. LA SERENA,24,1P,F. T. Montes Romero,,,PALESTINO,Normal Goal,1505442
16/05/2026,Primera Division Chile,2026,PALESTINO,D. LA SERENA,39,1P,N. Da Silva,,,PALESTINO,Normal Goal,1505442
16/05/2026,Primera Division Chile,2026,PALESTINO,D. LA SERENA,76,2P,César Munder,,,PALESTINO,Missed Penalty,1505442
16/05/2026,Primera Division Chile,2026,PALESTINO,D. LA SERENA,76,2P,C. Munder,,,PALESTINO,Normal Goal,1505442
16/05/2026,Primera Division Chile,2026,PALESTINO,D. LA SERENA,83,2P,J. Leon,N. Meza,,PALESTINO,Normal Goal,1505442
16/05/2026,Primera Division Chile,2026,PALESTINO,D. LA SERENA,86,2P,A. Henriquez,,,D. LA SERENA,Normal Goal,1505442
16/05/2026,Primera Division Chile,2026,COQUIMBO UNIDO,A. ITALIANO,30,1P,G. Vadala,C. Zavala,,COQUIMBO UNIDO,Normal Goal,1505437
16/05/2026,Primera Division Chile,2026,COQUIMBO UNIDO,A. ITALIANO,45,1P,N. Johansen,J. Cornejo,,COQUIMBO UNIDO,Normal Goal,1505437
16/05/2026,Primera Division Chile,2026,COQUIMBO UNIDO,A. ITALIANO,86,2P,S. Galani,A. E. Azocar Machuca,,COQUIMBO UNIDO,Normal Goal,1505437
16/05/2026,Primera Division Chile,2026,O'HIGGINS,UNIVERSIDAD DE CONCEPCION,26,1P,Cecilio Waterman,Agustín Urzi,,UNIVERSIDAD DE CONCEPCION,Normal Goal,1505441
17/05/2026,Primera Division Chile,2026,DEPORTES LIMACHE,U. CATOLICA,6,1P,Fernando Zampedri,Clemente Montes,,U. CATOLICA,Normal Goal,1505440
17/05/2026,Primera Division Chile,2026,DEPORTES LIMACHE,U. CATOLICA,38,1P,Juan Francisco Rossel,Clemente Montes,,U. CATOLICA,Normal Goal,1505440
17/05/2026,Primera Division Chile,2026,HUACHIPATO,UNION LA CALERA,14,1P,B. Oyarzo Munoz,N. Avellaneda,,UNION LA CALERA,Normal Goal,1505439
17/05/2026,Primera Division Chile,2026,HUACHIPATO,UNION LA CALERA,46,2P,M. A. Leon Munoz,,,HUACHIPATO,Normal Goal,1505439
17/05/2026,Primera Division Chile,2026,HUACHIPATO,UNION LA CALERA,71,2P,L. Altamirano,N. Vargas,,HUACHIPATO,Normal Goal,1505439
17/05/2026,Primera Division Chile,2026,HUACHIPATO,UNION LA CALERA,90,2P,G. Guaiquil,M. Briceno,,HUACHIPATO,Normal Goal,1505439
17/05/2026,Primera Division Chile,2026,COBRESAL,UNIVERSIDAD DE CHILE,76,2P,S. Pino,,,COBRESAL,Normal Goal,1505435
17/05/2026,Primera Division Chile,2026,COLO COLO,NUBLENSE,14,1P,Leandro Hernández,,,COLO COLO,Normal Goal,1505436
17/05/2026,Primera Division Chile,2026,COLO COLO,NUBLENSE,31,1P,Joaquín Sosa,Tomás Alarcón,,COLO COLO,Normal Goal,1505436
17/05/2026,Primera Division Chile,2026,COLO COLO,NUBLENSE,36,1P,Diego Sanhueza,Matías Plaza,,NUBLENSE,Normal Goal,1505436
17/05/2026,Primera Division Chile,2026,COLO COLO,NUBLENSE,46,2P,Javier Correa,Diego Ulloa,,COLO COLO,Normal Goal,1505436
17/05/2026,Primera Division Chile,2026,COLO COLO,NUBLENSE,50,2P,Arturo Vidal,,,NUBLENSE,Own Goal,1505436
17/05/2026,Primera Division Chile,2026,COLO COLO,NUBLENSE,57,2P,Arturo Vidal,Jeyson Rojas,,COLO COLO,Normal Goal,1505436
17/05/2026,Primera Division Chile,2026,COLO COLO,NUBLENSE,62,2P,Javier Correa,,,COLO COLO,Penalty,1505436
17/05/2026,Primera Division Chile,2026,COLO COLO,NUBLENSE,76,2P,Lautaro Pastrán,Erick Wiemberg,,COLO COLO,Normal Goal,1505436
18/05/2026,Primera Division Chile,2026,CONCEPCIÓN,EVERTON DE VINA,36,1P,Joaquín Larrivey,,,CONCEPCIÓN,Missed Penalty,1505438
18/05/2026,Primera Division Chile,2026,CONCEPCIÓN,EVERTON DE VINA,58,2P,S. Londono,L. Soto,,EVERTON DE VINA,Normal Goal,1505438
18/05/2026,Primera Division Chile,2026,CONCEPCIÓN,EVERTON DE VINA,76,2P,B. Martinez,J. Alfaro,,EVERTON DE VINA,Normal Goal,1505438
22/05/2026,Primera Division Chile,2026,EVERTON DE VINA,COQUIMBO UNIDO,57,2P,N. Johansen,F. Salinas,,COQUIMBO UNIDO,Normal Goal,1505445
22/05/2026,Primera Division Chile,2026,EVERTON DE VINA,COQUIMBO UNIDO,90,2P,N. Montiel,,,EVERTON DE VINA,Normal Goal,1505445
23/05/2026,Primera Division Chile,2026,A. ITALIANO,COBRESAL,13,1P,Julián Brea,César Yanis,,COBRESAL,Normal Goal,1505443
23/05/2026,Primera Division Chile,2026,A. ITALIANO,COBRESAL,45,1P,Michael Vadulli,,,A. ITALIANO,Penalty,1505443
23/05/2026,Primera Division Chile,2026,A. ITALIANO,COBRESAL,49,2P,Diego Coelho,,,A. ITALIANO,Normal Goal,1505443
23/05/2026,Primera Division Chile,2026,NUBLENSE,UNIVERSIDAD DE CONCEPCION,25,1P,L. Reyes,G. Graciani,,NUBLENSE,Normal Goal,1505447
23/05/2026,Primera Division Chile,2026,NUBLENSE,UNIVERSIDAD DE CONCEPCION,31,1P,M. Plaza,,,NUBLENSE,Penalty,1505447
23/05/2026,Primera Division Chile,2026,NUBLENSE,UNIVERSIDAD DE CONCEPCION,66,2P,C. Waterman,A. Urzi,,UNIVERSIDAD DE CONCEPCION,Normal Goal,1505447
23/05/2026,Primera Division Chile,2026,NUBLENSE,UNIVERSIDAD DE CONCEPCION,74,2P,L. Rojas,Y. A. Oyanedel Hernandez,,UNIVERSIDAD DE CONCEPCION,Normal Goal,1505447
24/05/2026,Primera Division Chile,2026,UNION LA CALERA,PALESTINO,8,1P,G. Tapia Paez,B. Carrasco,,PALESTINO,Normal Goal,1505450
24/05/2026,Primera Division Chile,2026,UNION LA CALERA,PALESTINO,32,1P,G. Tapia Paez,N. Da Silva,,PALESTINO,Normal Goal,1505450
24/05/2026,Primera Division Chile,2026,UNION LA CALERA,PALESTINO,45,1P,K. Mendez,,,UNION LA CALERA,Normal Goal,1505450
24/05/2026,Primera Division Chile,2026,CONCEPCIÓN,HUACHIPATO,32,1P,Ethan Espinoza,,,CONCEPCIÓN,Normal Goal,1505444
24/05/2026,Primera Division Chile,2026,CONCEPCIÓN,HUACHIPATO,70,2P,Joaquín Larrivey,,,CONCEPCIÓN,Penalty,1505444
24/05/2026,Primera Division Chile,2026,D. LA SERENA,DEPORTES LIMACHE,19,1P,Nicolás Stefanelli,Ángelo Henríquez,,D. LA SERENA,Normal Goal,1505446
24/05/2026,Primera Division Chile,2026,D. LA SERENA,DEPORTES LIMACHE,54,2P,Felipe Chamorro,Jeisson Vargas,,D. LA SERENA,Normal Goal,1505446
24/05/2026,Primera Division Chile,2026,D. LA SERENA,DEPORTES LIMACHE,56,2P,Diego Rubio,Jeisson Vargas,,D. LA SERENA,Normal Goal,1505446
24/05/2026,Primera Division Chile,2026,D. LA SERENA,DEPORTES LIMACHE,58,2P,Rafael Delgado,,,DEPORTES LIMACHE,Own Goal,1505446
24/05/2026,Primera Division Chile,2026,D. LA SERENA,DEPORTES LIMACHE,84,2P,Felipe Chamorro,,,D. LA SERENA,Normal Goal,1505446
24/05/2026,Primera Division Chile,2026,U. CATOLICA,COLO COLO,8,1P,Arturo Vidal,,,U. CATOLICA,Own Goal,1505448
24/05/2026,Primera Division Chile,2026,U. CATOLICA,COLO COLO,42,1P,Javier Correa,Tomás Alarcón,,COLO COLO,Normal Goal,1505448
24/05/2026,Primera Division Chile,2026,U. CATOLICA,COLO COLO,45,1P,Javier Correa,Leandro Hernández,,COLO COLO,Normal Goal,1505448
29/05/2026,Primera Division Chile,2026,COBRESAL,NUBLENSE,14,1P,Ignacio Jeraldino,,,NUBLENSE,Penalty,1505451
30/05/2026,Primera Division Chile,2026,D. LA SERENA,COLO COLO,44,1P,V. Mendez,,,COLO COLO,Penalty,1505453
30/05/2026,Primera Division Chile,2026,D. LA SERENA,COLO COLO,45,1P,B. Gutierrez,,,D. LA SERENA,Normal Goal,1505453
30/05/2026,Primera Division Chile,2026,D. LA SERENA,COLO COLO,47,2P,L. Hernandez,,,COLO COLO,Normal Goal,1505453
30/05/2026,Primera Division Chile,2026,D. LA SERENA,COLO COLO,51,2P,D. Rubio,B. Gutierrez,,D. LA SERENA,Normal Goal,1505453
30/05/2026,Primera Division Chile,2026,D. LA SERENA,COLO COLO,64,2P,L. Pastran,A. Vidal,,COLO COLO,Normal Goal,1505453
30/05/2026,Primera Division Chile,2026,D. LA SERENA,COLO COLO,90,2P,F. Marchant,J. Correa,,COLO COLO,Normal Goal,1505453
30/05/2026,Primera Division Chile,2026,UNIVERSIDAD DE CHILE,CONCEPCIÓN,24,1P,Eduardo Vargas,,,UNIVERSIDAD DE CHILE,Penalty,1505457
30/05/2026,Primera Division Chile,2026,UNIVERSIDAD DE CHILE,CONCEPCIÓN,59,2P,M. Sandoval,,,CONCEPCIÓN,Normal Goal,1505457
30/05/2026,Primera Division Chile,2026,UNIVERSIDAD DE CHILE,CONCEPCIÓN,84,2P,Eduardo Vargas,F. Hormazabal,,UNIVERSIDAD DE CHILE,Normal Goal,1505457
31/05/2026,Primera Division Chile,2026,DEPORTES LIMACHE,COQUIMBO UNIDO,10,1P,V. Alvarez,M. Arturia,,DEPORTES LIMACHE,Normal Goal,1505454
31/05/2026,Primera Division Chile,2026,DEPORTES LIMACHE,COQUIMBO UNIDO,39,1P,A. Parot,,,COQUIMBO UNIDO,Own Goal,1505454
31/05/2026,Primera Division Chile,2026,DEPORTES LIMACHE,COQUIMBO UNIDO,49,2P,A. Camargo,J. Cornejo,,COQUIMBO UNIDO,Normal Goal,1505454
31/05/2026,Primera Division Chile,2026,DEPORTES LIMACHE,COQUIMBO UNIDO,54,2P,G. Sosa,Jean David,,DEPORTES LIMACHE,Normal Goal,1505454
31/05/2026,Primera Division Chile,2026,DEPORTES LIMACHE,COQUIMBO UNIDO,62,2P,N. Johansen,J. Cornejo,,COQUIMBO UNIDO,Normal Goal,1505454
31/05/2026,Primera Division Chile,2026,HUACHIPATO,U. CATOLICA,51,2P,C. Montes,M. Palavecino,,U. CATOLICA,Normal Goal,1505452
31/05/2026,Primera Division Chile,2026,HUACHIPATO,U. CATOLICA,77,2P,J. Giani,D. Gonzalez,,U. CATOLICA,Normal Goal,1505452
31/05/2026,Primera Division Chile,2026,HUACHIPATO,U. CATOLICA,90,2P,D. Corral,M. Gomez,,U. CATOLICA,Normal Goal,1505452
31/05/2026,Primera Division Chile,2026,O'HIGGINS,EVERTON DE VINA,10,1P,Lucas Soto,Nicolás Baeza,,EVERTON DE VINA,Normal Goal,1505455
31/05/2026,Primera Division Chile,2026,O'HIGGINS,EVERTON DE VINA,32,1P,Francisco González,Thiago Vecino,,O'HIGGINS,Normal Goal,1505455
31/05/2026,Primera Division Chile,2026,O'HIGGINS,EVERTON DE VINA,45,1P,Thiago Vecino,,,EVERTON DE VINA,Own Goal,1505455
31/05/2026,Primera Division Chile,2026,O'HIGGINS,EVERTON DE VINA,90,2P,Francisco González,Martín Sarrafiore,,O'HIGGINS,Normal Goal,1505455
31/05/2026,Primera Division Chile,2026,O'HIGGINS,EVERTON DE VINA,90,2P,Julián Alfaro,Braian Martínez,,EVERTON DE VINA,Normal Goal,1505455
13/06/2026,Primera Division Chile,2026,A. ITALIANO,D. LA SERENA,74,2P,G. Escalante,J. Vargas,,D. LA SERENA,Normal Goal,1505459
13/06/2026,Primera Division Chile,2026,A. ITALIANO,D. LA SERENA,82,2P,D. Coelho,G. Chiaverano,,A. ITALIANO,Normal Goal,1505459
13/06/2026,Primera Division Chile,2026,EVERTON DE VINA,PALESTINO,20,1P,B. Carrasco,C. Munder,,PALESTINO,Normal Goal,1505463
13/06/2026,Primera Division Chile,2026,EVERTON DE VINA,PALESTINO,22,1P,N. Da Silva,C. Munder,,PALESTINO,Normal Goal,1505463
13/06/2026,Primera Division Chile,2026,EVERTON DE VINA,PALESTINO,48,2P,N. Montiel,,,EVERTON DE VINA,Normal Goal,1505463
13/06/2026,Primera Division Chile,2026,COLO COLO,COBRESAL,5,1P,L. Pastran,J. Correa,,COLO COLO,Normal Goal,1505460
13/06/2026,Primera Division Chile,2026,COLO COLO,COBRESAL,11,1P,V. Mendez,L. Pastran,,COLO COLO,Normal Goal,1505460
13/06/2026,Primera Division Chile,2026,COLO COLO,COBRESAL,36,1P,J. Rojas,J. Correa,,COLO COLO,Normal Goal,1505460
14/06/2026,Primera Division Chile,2026,NUBLENSE,HUACHIPATO,8,1P,L. Altamirano,M. Briceno,,HUACHIPATO,Normal Goal,1505464
14/06/2026,Primera Division Chile,2026,NUBLENSE,HUACHIPATO,9,1P,K. Altez,M. A. Leon Munoz,,HUACHIPATO,Normal Goal,1505464
14/06/2026,Primera Division Chile,2026,NUBLENSE,HUACHIPATO,43,1P,G. Graciani,I. Tapia,,NUBLENSE,Normal Goal,1505464
14/06/2026,Primera Division Chile,2026,NUBLENSE,HUACHIPATO,90,2P,F. Rami,A. Valdes,,NUBLENSE,Normal Goal,1505464
14/06/2026,Primera Division Chile,2026,CONCEPCIÓN,DEPORTES LIMACHE,13,1P,J. Henriquez,M. Cavalleri,,CONCEPCIÓN,Normal Goal,1505462
14/06/2026,Primera Division Chile,2026,CONCEPCIÓN,DEPORTES LIMACHE,53,2P,M. Llanten,,,DEPORTES LIMACHE,Normal Goal,1505462
14/06/2026,Primera Division Chile,2026,CONCEPCIÓN,DEPORTES LIMACHE,81,2P,A. Caceres,M. Davila Carvajal,,CONCEPCIÓN,Normal Goal,1505462
14/06/2026,Primera Division Chile,2026,CONCEPCIÓN,DEPORTES LIMACHE,90,2P,A. Jara,J. Larrivey,,CONCEPCIÓN,Normal Goal,1505462
14/06/2026,Primera Division Chile,2026,CONCEPCIÓN,DEPORTES LIMACHE,90,2P,Jean David,,,DEPORTES LIMACHE,Normal Goal,1505462
14/06/2026,Primera Division Chile,2026,UNION LA CALERA,UNIVERSIDAD DE CHILE,6,1P,N. Ramirez,M. Morales,,UNIVERSIDAD DE CHILE,Normal Goal,1505466
14/06/2026,Primera Division Chile,2026,UNION LA CALERA,UNIVERSIDAD DE CHILE,16,1P,Eduardo Vargas,M. G. Guerrero Pena,,UNIVERSIDAD DE CHILE,Normal Goal,1505466
14/06/2026,Primera Division Chile,2026,UNION LA CALERA,UNIVERSIDAD DE CHILE,44,1P,M. Campos,K. Mendez,,UNION LA CALERA,Normal Goal,1505466
14/06/2026,Primera Division Chile,2026,UNION LA CALERA,UNIVERSIDAD DE CHILE,58,2P,S. Saez,,,UNION LA CALERA,Penalty,1505466
14/06/2026,Primera Division Chile,2026,U. CATOLICA,UNIVERSIDAD DE CONCEPCION,24,1P,F. Zampedri,J. A. Martinez,,U. CATOLICA,Normal Goal,1505465
14/06/2026,Primera Division Chile,2026,U. CATOLICA,UNIVERSIDAD DE CONCEPCION,40,1P,F. Zampedri,D. Corral,,U. CATOLICA,Normal Goal,1505465
14/06/2026,Primera Division Chile,2026,U. CATOLICA,UNIVERSIDAD DE CONCEPCION,45,1P,J. Fuentealba,,,UNIVERSIDAD DE CONCEPCION,Penalty,1505465
14/06/2026,Primera Division Chile,2026,U. CATOLICA,UNIVERSIDAD DE CONCEPCION,60,2P,F. Zampedri,C. Cuevas,,U. CATOLICA,Normal Goal,1505465
14/06/2026,Primera Division Chile,2026,U. CATOLICA,UNIVERSIDAD DE CONCEPCION,68,2P,C. Cuevas,J. Giani,,U. CATOLICA,Normal Goal,1505465
14/06/2026,Primera Division Chile,2026,U. CATOLICA,UNIVERSIDAD DE CONCEPCION,80,2P,J. Giani,F. Zampedri,,U. CATOLICA,Normal Goal,1505465
19/06/2026,Primera Division Chile,2026,UNIVERSIDAD DE CHILE,O'HIGGINS,36,1P,B. Tamayo,M. Morales,,UNIVERSIDAD DE CHILE,Normal Goal,1505449
19/06/2026,Primera Division Chile,2026,UNIVERSIDAD DE CHILE,O'HIGGINS,84,2P,I. A. Vasquez Gonzalez,I. E. Poblete Zuniga,,UNIVERSIDAD DE CHILE,Normal Goal,1505449
25/07/2026,Primera Division Chile,2026,COLO COLO,DEPORTES LIMACHE,47,2P,A. Madrid,,,COLO COLO,Normal Goal,1505468
25/07/2026,Primera Division Chile,2026,COLO COLO,DEPORTES LIMACHE,56,2P,J. Rojas,L. Hernandez,,COLO COLO,Normal Goal,1505468
25/07/2026,Primera Division Chile,2026,COLO COLO,DEPORTES LIMACHE,74,2P,D. Castro,,,DEPORTES LIMACHE,Penalty,1505468
25/07/2026,Primera Division Chile,2026,COLO COLO,DEPORTES LIMACHE,88,2P,F. Raipan,,,COLO COLO,Normal Goal,1505468
25/07/2026,Primera Division Chile,2026,HUACHIPATO,COBRESAL,14,1P,R. Caroca,E. Canete,,HUACHIPATO,Normal Goal,1505470
25/07/2026,Primera Division Chile,2026,HUACHIPATO,COBRESAL,49,2P,S. Pino,,,COBRESAL,Normal Goal,1505470
25/07/2026,Primera Division Chile,2026,HUACHIPATO,COBRESAL,56,2P,J. Brea,A. Castillo,,COBRESAL,Normal Goal,1505470
25/07/2026,Primera Division Chile,2026,HUACHIPATO,COBRESAL,70,2P,N. Vargas,,,COBRESAL,Own Goal,1505470
25/07/2026,Primera Division Chile,2026,HUACHIPATO,COBRESAL,81,2P,M. Rodriguez,,,HUACHIPATO,Normal Goal,1505470
25/07/2026,Primera Division Chile,2026,HUACHIPATO,COBRESAL,90,2P,L. Altamirano,,,HUACHIPATO,Normal Goal,1505470
26/07/2026,Primera Division Chile,2026,U. CATOLICA,D. LA SERENA,28,1P,F. Zampedri,,,U. CATOLICA,Penalty,1505473
26/07/2026,Primera Division Chile,2026,U. CATOLICA,D. LA SERENA,40,1P,E. Mena,J. Diaz,,U. CATOLICA,Normal Goal,1505473
26/07/2026,Primera Division Chile,2026,U. CATOLICA,D. LA SERENA,72,2P,G. Figueroa,J. Vargas,,D. LA SERENA,Normal Goal,1505473
26/07/2026,Primera Division Chile,2026,U. CATOLICA,D. LA SERENA,81,2P,M. Marin,G. Figueroa,,D. LA SERENA,Normal Goal,1505473
26/07/2026,Primera Division Chile,2026,U. CATOLICA,D. LA SERENA,86,2P,G. Figueroa,L. Alarcon,,D. LA SERENA,Normal Goal,1505473
26/07/2026,Primera Division Chile,2026,U. CATOLICA,D. LA SERENA,90,2P,F. Zampedri,,,U. CATOLICA,Normal Goal,1505473
26/07/2026,Primera Division Chile,2026,NUBLENSE,PALESTINO,23,1P,Sebastián Valencia,Matías Plaza,,NUBLENSE,Normal Goal,1505471
26/07/2026,Primera Division Chile,2026,NUBLENSE,PALESTINO,44,1P,Lucas Molina,Matías Plaza,,NUBLENSE,Normal Goal,1505471
26/07/2026,Primera Division Chile,2026,A. ITALIANO,UNIVERSIDAD DE CHILE,22,1P,A. Arce,Eduardo Vargas,,UNIVERSIDAD DE CHILE,Normal Goal,1505467
26/07/2026,Primera Division Chile,2026,A. ITALIANO,UNIVERSIDAD DE CHILE,57,2P,F. Mateos,E. Matus,,A. ITALIANO,Normal Goal,1505467
26/07/2026,Primera Division Chile,2026,A. ITALIANO,UNIVERSIDAD DE CHILE,77,2P,Eduardo Vargas,,,UNIVERSIDAD DE CHILE,Normal Goal,1505467
27/07/2026,Primera Division Chile,2026,CONCEPCIÓN,O'HIGGINS,45,1P,J. Larrivey,,,CONCEPCIÓN,Penalty,1505472
27/07/2026,Primera Division Chile,2026,CONCEPCIÓN,O'HIGGINS,75,2P,M. Sandoval,,,CONCEPCIÓN,Normal Goal,1505472
27/07/2026,Primera Division Chile,2026,CONCEPCIÓN,O'HIGGINS,84,2P,J. Larrivey,J. Larrivey,,CONCEPCIÓN,Missed Penalty,1505472
27/07/2026,Primera Division Chile,2026,UNION LA CALERA,EVERTON DE VINA,52,2P,Nicolás Montiel,,,EVERTON DE VINA,Normal Goal,1505474
27/07/2026,Primera Division Chile,2026,UNION LA CALERA,EVERTON DE VINA,90,2P,Francisco Jose Pozzo,Christopher Díaz,,UNION LA CALERA,Normal Goal,1505474
01/08/2026,Primera Division Chile,2026,UNIVERSIDAD DE CONCEPCION,A. ITALIANO,14,1P,G. Chiaverano,P. Guajardo,,A. ITALIANO,Normal Goal,1505482
01/08/2026,Primera Division Chile,2026,COBRESAL,UNION LA CALERA,13,1P,J. Morales,,,COBRESAL,Normal Goal,1505475
01/08/2026,Primera Division Chile,2026,COBRESAL,UNION LA CALERA,48,2P,J. Brea,J. Morales,,COBRESAL,Normal Goal,1505475
01/08/2026,Primera Division Chile,2026,COBRESAL,UNION LA CALERA,69,2P,C. Yanis,,,COBRESAL,Normal Goal,1505475
01/08/2026,Primera Division Chile,2026,COBRESAL,UNION LA CALERA,90,2P,F. Frias,M. Olguin,,COBRESAL,Normal Goal,1505475
01/08/2026,Primera Division Chile,2026,EVERTON DE VINA,COLO COLO,24,1P,Alan Medina,,,EVERTON DE VINA,Normal Goal,1505477
01/08/2026,Primera Division Chile,2026,EVERTON DE VINA,COLO COLO,32,1P,Maximiliano Romero,Álvaro Madrid,,COLO COLO,Normal Goal,1505477
01/08/2026,Primera Division Chile,2026,EVERTON DE VINA,COLO COLO,42,1P,Álvaro Madrid,Víctor Felipe Méndez,,COLO COLO,Normal Goal,1505477
01/08/2026,Primera Division Chile,2026,EVERTON DE VINA,COLO COLO,45,1P,Alan Medina,,,EVERTON DE VINA,Penalty,1505477
01/08/2026,Primera Division Chile,2026,EVERTON DE VINA,COLO COLO,53,2P,Leandro Hernández,Álvaro Madrid,,COLO COLO,Normal Goal,1505477
01/08/2026,Primera Division Chile,2026,EVERTON DE VINA,COLO COLO,55,2P,Julián Alfaro,,,EVERTON DE VINA,Normal Goal,1505477
01/08/2026,Primera Division Chile,2026,EVERTON DE VINA,COLO COLO,62,2P,Maximiliano Romero,Leandro Hernández,,COLO COLO,Normal Goal,1505477
01/08/2026,Primera Division Chile,2026,PALESTINO,COQUIMBO UNIDO,16,1P,Marcelo Eggel,Nicolás Meza,,PALESTINO,Normal Goal,1505480
01/08/2026,Primera Division Chile,2026,PALESTINO,COQUIMBO UNIDO,20,1P,Nicolás Johansen,,,COQUIMBO UNIDO,Penalty,1505480
01/08/2026,Primera Division Chile,2026,PALESTINO,COQUIMBO UNIDO,80,2P,Nelson Da Silva,Sebastián Gallegos,,PALESTINO,Normal Goal,1505480
02/08/2026,Primera Division Chile,2026,CONCEPCIÓN,U. CATOLICA,10,1P,J. Montecinos,,,CONCEPCIÓN,Normal Goal,1505476
02/08/2026,Primera Division Chile,2026,CONCEPCIÓN,U. CATOLICA,31,1P,J. Larrivey,J. Montecinos,,CONCEPCIÓN,Normal Goal,1505476
02/08/2026,Primera Division Chile,2026,CONCEPCIÓN,U. CATOLICA,69,2P,N. Rodriguez,J. Henriquez,,CONCEPCIÓN,Normal Goal,1505476
02/08/2026,Primera Division Chile,2026,D. LA SERENA,O'HIGGINS,22,1P,J. Vargas,F. Chamorro,,D. LA SERENA,Normal Goal,1505478
02/08/2026,Primera Division Chile,2026,D. LA SERENA,O'HIGGINS,66,2P,A. Castillo,J. Tapia,,O'HIGGINS,Normal Goal,1505478
02/08/2026,Primera Division Chile,2026,D. LA SERENA,O'HIGGINS,90,2P,A. Castillo,B. Yanez,,O'HIGGINS,Normal Goal,1505478
02/08/2026,Primera Division Chile,2026,UNIVERSIDAD DE CHILE,HUACHIPATO,54,2P,Eduardo Vargas,Lucas Assadi,,UNIVERSIDAD DE CHILE,Normal Goal,1505481
02/08/2026,Primera Division Chile,2026,UNIVERSIDAD DE CHILE,HUACHIPATO,65,2P,Marcelo Morales,Lucas Assadi,,UNIVERSIDAD DE CHILE,Normal Goal,1505481
08/08/2026,Primera Division Chile,2026,U. CATOLICA,COBRESAL,60,2P,G. Pacheco,,,U. CATOLICA,Own Goal,1505488
08/08/2026,Primera Division Chile,2026,U. CATOLICA,COBRESAL,90,2P,F. Zampedri,V. Bernedo,,U. CATOLICA,Normal Goal,1505488
08/08/2026,Primera Division Chile,2026,HUACHIPATO,EVERTON DE VINA,21,1P,J. Alfaro,B. Berrios,,EVERTON DE VINA,Normal Goal,1505486
08/08/2026,Primera Division Chile,2026,HUACHIPATO,EVERTON DE VINA,34,1P,A. Medina,L. Soto,,EVERTON DE VINA,Normal Goal,1505486
08/08/2026,Primera Division Chile,2026,HUACHIPATO,EVERTON DE VINA,40,1P,A. Medina,,,EVERTON DE VINA,Penalty,1505486
08/08/2026,Primera Division Chile,2026,HUACHIPATO,EVERTON DE VINA,45,1P,L. Altamirano,M. Briceno,,HUACHIPATO,Normal Goal,1505486
08/08/2026,Primera Division Chile,2026,HUACHIPATO,EVERTON DE VINA,51,2P,N. Montiel,D. Oyarzun,,EVERTON DE VINA,Normal Goal,1505486
08/08/2026,Primera Division Chile,2026,COQUIMBO UNIDO,D. LA SERENA,66,2P,Felipe Chamorro,Bruno Gutiérrez,,D. LA SERENA,Normal Goal,1505484
08/08/2026,Primera Division Chile,2026,COQUIMBO UNIDO,D. LA SERENA,90,2P,Pablo Rodríguez,,,COQUIMBO UNIDO,Normal Goal,1505484
09/08/2026,Primera Division Chile,2026,CONCEPCIÓN,UNIVERSIDAD DE CONCEPCION,45,1P,J. Larrivey,,,CONCEPCIÓN,Penalty,1505485
09/08/2026,Primera Division Chile,2026,O'HIGGINS,DEPORTES LIMACHE,8,1P,D. Escobar,L. Valencia Rossel,,DEPORTES LIMACHE,Normal Goal,1505487
09/08/2026,Primera Division Chile,2026,O'HIGGINS,DEPORTES LIMACHE,20,1P,Jean David,D. Castro,,DEPORTES LIMACHE,Normal Goal,1505487
09/08/2026,Primera Division Chile,2026,O'HIGGINS,DEPORTES LIMACHE,62,2P,L. Pavez,F. Faundez,,O'HIGGINS,Normal Goal,1505487
09/08/2026,Primera Division Chile,2026,O'HIGGINS,DEPORTES LIMACHE,76,2P,G. Sosa,J. Rojas,,DEPORTES LIMACHE,Normal Goal,1505487
09/08/2026,Primera Division Chile,2026,UNION LA CALERA,COLO COLO,7,1P,Matías Campos López,Christopher Díaz,,UNION LA CALERA,Normal Goal,1505490
09/08/2026,Primera Division Chile,2026,UNION LA CALERA,COLO COLO,60,2P,Maximiliano Romero,Jonathan Villagra,,COLO COLO,Normal Goal,1505490
09/08/2026,Primera Division Chile,2026,UNION LA CALERA,COLO COLO,72,2P,Leandro Hernández,Álvaro Madrid,,COLO COLO,Normal Goal,1505490
10/08/2026,Primera Division Chile,2026,UNIVERSIDAD DE CHILE,PALESTINO,18,1P,A. Arce,L. Assadi,,UNIVERSIDAD DE CHILE,Normal Goal,1505489
10/08/2026,Primera Division Chile,2026,UNIVERSIDAD DE CHILE,PALESTINO,26,1P,Eduardo Vargas,C. Aranguiz,,UNIVERSIDAD DE CHILE,Normal Goal,1505489
10/08/2026,Primera Division Chile,2026,UNIVERSIDAD DE CHILE,PALESTINO,78,2P,N. Da Silva,,,PALESTINO,Penalty,1505489
11/08/2026,Primera Division Chile,2026,A. ITALIANO,NUBLENSE,9,1P,M. Rivera,J. Campusano,,NUBLENSE,Normal Goal,1505483
11/08/2026,Primera Division Chile,2026,A. ITALIANO,NUBLENSE,33,1P,M. Fuentes,C. Pinares,,A. ITALIANO,Normal Goal,1505483
11/08/2026,Primera Division Chile,2026,A. ITALIANO,NUBLENSE,90,2P,M. Plaza,,,NUBLENSE,Penalty,1505483
11/08/2026,Primera Division Chile,2026,A. ITALIANO,NUBLENSE,90,2P,C. Pinares,,,A. ITALIANO,Penalty,1505483
14/08/2026,Primera Division Chile,2026,UNIVERSIDAD DE CONCEPCION,D. LA SERENA,25,1P,Ángelo Henríquez,Matías Pinto,,D. LA SERENA,Normal Goal,1505498
14/08/2026,Primera Division Chile,2026,UNIVERSIDAD DE CONCEPCION,D. LA SERENA,60,2P,Rafael Delgado,Felipe Chamorro,,D. LA SERENA,Normal Goal,1505498
15/08/2026,Primera Division Chile,2026,DEPORTES LIMACHE,UNIVERSIDAD DE CHILE,2,1P,D. Castro,,,DEPORTES LIMACHE,Normal Goal,1505495
15/08/2026,Primera Division Chile,2026,DEPORTES LIMACHE,UNIVERSIDAD DE CHILE,45,1P,F. Hormazabal,M. G. Guerrero Pena,,UNIVERSIDAD DE CHILE,Normal Goal,1505495
15/08/2026,Primera Division Chile,2026,DEPORTES LIMACHE,UNIVERSIDAD DE CHILE,76,2P,A. Arce,Eduardo Vargas,,UNIVERSIDAD DE CHILE,Normal Goal,1505495
15/08/2026,Primera Division Chile,2026,DEPORTES LIMACHE,UNIVERSIDAD DE CHILE,90,2P,G. Reyna,,,UNIVERSIDAD DE CHILE,Normal Goal,1505495
16/08/2026,Primera Division Chile,2026,NUBLENSE,UNION LA CALERA,22,1P,S. Valencia,M. Plaza,,NUBLENSE,Normal Goal,1505496
16/08/2026,Primera Division Chile,2026,NUBLENSE,UNION LA CALERA,44,1P,S. Valencia,M. Rivera,,NUBLENSE,Normal Goal,1505496
16/08/2026,Primera Division Chile,2026,NUBLENSE,UNION LA CALERA,77,2P,C. Diaz,K. Mendez,,UNION LA CALERA,Normal Goal,1505496
16/08/2026,Primera Division Chile,2026,COBRESAL,CONCEPCIÓN,45,1P,N. Rodriguez,J. Henriquez,,CONCEPCIÓN,Normal Goal,1505491
16/08/2026,Primera Division Chile,2026,COBRESAL,CONCEPCIÓN,90,2P,A. Jara,M. Davila Carvajal,,CONCEPCIÓN,Normal Goal,1505491
16/08/2026,Primera Division Chile,2026,COLO COLO,O'HIGGINS,46,2P,Bastián Yáñez,Bryan Rabello,,O'HIGGINS,Normal Goal,1505492
16/08/2026,Primera Division Chile,2026,COLO COLO,O'HIGGINS,50,2P,Leandro Hernández,Jonathan Villagra,,COLO COLO,Normal Goal,1505492
16/08/2026,Primera Division Chile,2026,COLO COLO,O'HIGGINS,59,2P,Arturo Vidal,,,COLO COLO,Missed Penalty,1505492
16/08/2026,Primera Division Chile,2026,COLO COLO,O'HIGGINS,77,2P,Javier Correa,Jeyson Rojas,,COLO COLO,Normal Goal,1505492
16/08/2026,Primera Division Chile,2026,COLO COLO,O'HIGGINS,90,2P,Arnaldo Castillo,Santiago Toloza,,O'HIGGINS,Normal Goal,1505492
18/08/2026,Primera Division Chile,2026,PALESTINO,HUACHIPATO,40,1P,L. Altamirano,M. Briceno,,HUACHIPATO,Normal Goal,1505497
18/08/2026,Primera Division Chile,2026,PALESTINO,HUACHIPATO,45,1P,S. Gallegos,V. A. Espinoza Hevia,,PALESTINO,Normal Goal,1505497
18/08/2026,Primera Division Chile,2026,PALESTINO,HUACHIPATO,47,2P,R. Fernandez,D. Zuniga,,PALESTINO,Normal Goal,1505497
18/08/2026,Primera Division Chile,2026,PALESTINO,HUACHIPATO,50,2P,I. Alegria,,,PALESTINO,Normal Goal,1505497
18/08/2026,Primera Division Chile,2026,PALESTINO,HUACHIPATO,87,2P,F. T. Montes Romero,D. Zuniga,,PALESTINO,Normal Goal,1505497
18/08/2026,Primera Division Chile,2026,PALESTINO,HUACHIPATO,90,2P,G. Tapia Paez,,,PALESTINO,Penalty,1505497
22/08/2026,Primera Division Chile,2026,HUACHIPATO,DEPORTES LIMACHE,9,1P,Sebastián Mella,,,DEPORTES LIMACHE,Own Goal,1505502
22/08/2026,Primera Division Chile,2026,HUACHIPATO,DEPORTES LIMACHE,42,1P,Gonzalo Sosa,,,DEPORTES LIMACHE,Normal Goal,1505502
22/08/2026,Primera Division Chile,2026,HUACHIPATO,DEPORTES LIMACHE,45,1P,Tiago Galletto,Alfonso Parot,,DEPORTES LIMACHE,Normal Goal,1505502
22/08/2026,Primera Division Chile,2026,HUACHIPATO,DEPORTES LIMACHE,79,2P,Maximiliano Rodríguez,,,HUACHIPATO,Normal Goal,1505502
23/08/2026,Primera Division Chile,2026,U. CATOLICA,NUBLENSE,48,2P,E. Calderon,L. Molina Canto,,NUBLENSE,Normal Goal,1505505
23/08/2026,Primera Division Chile,2026,U. CATOLICA,NUBLENSE,75,2P,F. Zampedri,,,U. CATOLICA,Penalty,1505505
23/08/2026,Primera Division Chile,2026,U. CATOLICA,NUBLENSE,88,2P,I. Jeraldino,F. Ovelar,,NUBLENSE,Normal Goal,1505505
23/08/2026,Primera Division Chile,2026,D. LA SERENA,COBRESAL,6,1P,A. Henriquez,J. Vargas,,D. LA SERENA,Normal Goal,1505503
23/08/2026,Primera Division Chile,2026,D. LA SERENA,COBRESAL,29,1P,J. Brea,Villagran,,COBRESAL,Normal Goal,1505503
23/08/2026,Primera Division Chile,2026,D. LA SERENA,COBRESAL,64,2P,C. Moreno,,,D. LA SERENA,Own Goal,1505503
23/08/2026,Primera Division Chile,2026,D. LA SERENA,COBRESAL,66,2P,M. Marin,F. Chamorro,,D. LA SERENA,Normal Goal,1505503
23/08/2026,Primera Division Chile,2026,D. LA SERENA,COBRESAL,80,2P,F. Frias,,,COBRESAL,Normal Goal,1505503
23/08/2026,Primera Division Chile,2026,D. LA SERENA,COBRESAL,90,2P,R. Delgado,,,COBRESAL,Own Goal,1505503
23/08/2026,Primera Division Chile,2026,CONCEPCIÓN,COQUIMBO UNIDO,7,1P,Alejandro Camargo,,,COQUIMBO UNIDO,Normal Goal,1505500
23/08/2026,Primera Division Chile,2026,CONCEPCIÓN,COQUIMBO UNIDO,62,2P,Ariel Cáceres,Matías Cavalleri,,CONCEPCIÓN,Normal Goal,1505500
23/08/2026,Primera Division Chile,2026,UNIVERSIDAD DE CHILE,COLO COLO,29,1P,Álvaro Madrid,Javier Correa,,COLO COLO,Normal Goal,1505506
23/08/2026,Primera Division Chile,2026,UNIVERSIDAD DE CHILE,COLO COLO,45,1P,Charles Aránguiz,,,UNIVERSIDAD DE CHILE,Penalty,1505506
23/08/2026,Primera Division Chile,2026,UNIVERSIDAD DE CHILE,COLO COLO,53,2P,Javier Correa,Víctor Felipe Méndez,,COLO COLO,Normal Goal,1505506
23/08/2026,Primera Division Chile,2026,O'HIGGINS,PALESTINO,90,2P,Gonzalo Tapia,César Munder,,PALESTINO,Normal Goal,1505504
24/08/2026,Primera Division Chile,2026,EVERTON DE VINA,UNIVERSIDAD DE CONCEPCION,3,1P,Alan Medina,Nicolás Montiel,,EVERTON DE VINA,Normal Goal,1505501
24/08/2026,Primera Division Chile,2026,EVERTON DE VINA,UNIVERSIDAD DE CONCEPCION,10,1P,Luis Rojas,,,UNIVERSIDAD DE CONCEPCION,Normal Goal,1505501
24/08/2026,Primera Division Chile,2026,EVERTON DE VINA,UNIVERSIDAD DE CONCEPCION,23,1P,Nicolás Montiel,Emiliano Ramos,,EVERTON DE VINA,Normal Goal,1505501
24/08/2026,Primera Division Chile,2026,EVERTON DE VINA,UNIVERSIDAD DE CONCEPCION,32,1P,Nicolás Baeza,,,EVERTON DE VINA,Normal Goal,1505501
26/08/2026,Primera Division Chile,2026,COQUIMBO UNIDO,U. CATOLICA,40,1P,Nicolás Johansen,Francisco Salinas,,COQUIMBO UNIDO,Normal Goal,1505493
26/08/2026,Primera Division Chile,2026,COQUIMBO UNIDO,U. CATOLICA,69,2P,Fernando Zampedri,Diego Corral,,U. CATOLICA,Normal Goal,1505493
26/08/2026,Primera Division Chile,2026,COQUIMBO UNIDO,U. CATOLICA,79,2P,Martín Gómez,Fernando Zampedri,,U. CATOLICA,Normal Goal,1505493
28/08/2026,Primera Division Chile,2026,COBRESAL,PALESTINO,17,1P,Janpol Morales,Martín Espinoza,,COBRESAL,Normal Goal,1505507
28/08/2026,Primera Division Chile,2026,COBRESAL,PALESTINO,90,2P,Renato Huerta,Steffan Pino,,COBRESAL,Normal Goal,1505507
29/08/2026,Primera Division Chile,2026,DEPORTES LIMACHE,EVERTON DE VINA,38,1P,Alan Medina,,,EVERTON DE VINA,Penalty,1505510
29/08/2026,Primera Division Chile,2026,DEPORTES LIMACHE,EVERTON DE VINA,44,1P,nicolas montiel,Alan Medina,,EVERTON DE VINA,Normal Goal,1505510
29/08/2026,Primera Division Chile,2026,DEPORTES LIMACHE,EVERTON DE VINA,83,2P,nicolas montiel,Alan Medina,,EVERTON DE VINA,Normal Goal,1505510
30/08/2026,Primera Division Chile,2026,NUBLENSE,CONCEPCIÓN,30,1P,J. Henriquez,,,CONCEPCIÓN,Penalty,1505511
30/08/2026,Primera Division Chile,2026,UNIVERSIDAD DE CONCEPCION,UNIVERSIDAD DE CHILE,4,1P,Jeison Fuentealba,,,UNIVERSIDAD DE CONCEPCION,Penalty,1505513
30/08/2026,Primera Division Chile,2026,UNIVERSIDAD DE CONCEPCION,UNIVERSIDAD DE CHILE,17,1P,Cecilio Waterman,Rogelio Funes Mori,,UNIVERSIDAD DE CONCEPCION,Normal Goal,1505513
30/08/2026,Primera Division Chile,2026,UNIVERSIDAD DE CONCEPCION,UNIVERSIDAD DE CHILE,90,2P,Matías Zaldivia,,,UNIVERSIDAD DE CHILE,Normal Goal,1505513
30/08/2026,Primera Division Chile,2026,COLO COLO,A. ITALIANO,15,1P,Marcelo Correa,Víctor Méndez,,COLO COLO,Normal Goal,1505508
30/08/2026,Primera Division Chile,2026,COLO COLO,A. ITALIANO,31,1P,Lautaro Pastrán,,,COLO COLO,Normal Goal,1505508
30/08/2026,Primera Division Chile,2026,COLO COLO,A. ITALIANO,34,1P,Giovani Chiaverano Meroi,,,A. ITALIANO,Normal Goal,1505508
30/08/2026,Primera Division Chile,2026,COLO COLO,A. ITALIANO,61,2P,Leandro Hernández,Álvaro Madrid,,COLO COLO,Normal Goal,1505508
30/08/2026,Primera Division Chile,2026,COLO COLO,A. ITALIANO,79,2P,Marcelo Correa,Tomás Alarcón,,COLO COLO,Normal Goal,1505508
30/08/2026,Primera Division Chile,2026,COLO COLO,A. ITALIANO,82,2P,Leandro Hernández,Marcelo Correa,,COLO COLO,Normal Goal,1505508
31/08/2026,Primera Division Chile,2026,UNION LA CALERA,D. LA SERENA,43,1P,J. Vargas,M. Pinto,,D. LA SERENA,Normal Goal,1505514
01/09/2026,Primera Division Chile,2026,U. CATOLICA,O'HIGGINS,13,1P,C. Morales,S. Toloza,,O'HIGGINS,Normal Goal,1505512
01/09/2026,Primera Division Chile,2026,U. CATOLICA,O'HIGGINS,26,1P,F. Zampedri,,,U. CATOLICA,Normal Goal,1505512
01/09/2026,Primera Division Chile,2026,U. CATOLICA,O'HIGGINS,40,1P,F. Zampedri,,,U. CATOLICA,Penalty,1505512
01/09/2026,Primera Division Chile,2026,U. CATOLICA,O'HIGGINS,70,2P,A. Castillo,S. Toloza,,O'HIGGINS,Normal Goal,1505512
01/09/2026,Primera Division Chile,2026,U. CATOLICA,O'HIGGINS,87,2P,M. Gomez,J. Giani,,U. CATOLICA,Normal Goal,1505512
02/09/2026,Primera Division Chile,2026,COQUIMBO UNIDO,UNIVERSIDAD DE CONCEPCION,85,2P,Luis Riveros,Cristian Zavala,,COQUIMBO UNIDO,Normal Goal,1505469
