fixture_id,League,Season,Date,Home,Away,FTHG,FTAG,Result,Round
828193,K League 1 Korea,2022/2023,2022-02-19,Jeonbuk Motors,Suwon City FC,1,0,1-0,Regular Season - 1
828194,K League 1 Korea,2022/2023,2022-02-19,Daegu FC,FC Seoul,0,2,0-2,Regular Season - 1
828195,K League 1 Korea,2022/2023,2022-02-19,Incheon United,Suwon Bluewings,1,0,1-0,Regular Season - 1
828197,K League 1 Korea,2022/2023,2022-02-20,Gangwon FC,Seongnam FC,2,0,2-0,Regular Season - 1
828196,K League 1 Korea,2022/2023,2022-02-20,Jeju United FC,Pohang Steelers,0,3,0-3,Regular Season - 1
828198,K League 1 Korea,2022/2023,2022-02-20,Ulsan Hyundai FC,Sangju Sangmu FC,0,0,0-0,Regular Season - 1
828200,K League 1 Korea,2022/2023,2022-02-26,Incheon United,FC Seoul,1,1,1-1,Regular Season - 2
828199,K League 1 Korea,2022/2023,2022-02-26,Suwon Bluewings,Suwon City FC,1,0,1-0,Regular Season - 2
828202,K League 1 Korea,2022/2023,2022-02-26,Seongnam FC,Ulsan Hyundai FC,0,2,0-2,Regular Season - 2
828201,K League 1 Korea,2022/2023,2022-02-26,Jeju United FC,Gangwon FC,0,0,0-0,Regular Season - 2
828203,K League 1 Korea,2022/2023,2022-02-27,Sangju Sangmu FC,Pohang Steelers,3,2,3-2,Regular Season - 2
828204,K League 1 Korea,2022/2023,2022-02-27,Daegu FC,Jeonbuk Motors,1,1,1-1,Regular Season - 2
828206,K League 1 Korea,2022/2023,2022-03-01,Suwon Bluewings,Jeju United FC,0,1,0-1,Regular Season - 3
828205,K League 1 Korea,2022/2023,2022-03-01,Ulsan Hyundai FC,Suwon City FC,2,1,2-1,Regular Season - 3
828208,K League 1 Korea,2022/2023,2022-03-01,Gangwon FC,Incheon United,0,1,0-1,Regular Season - 3
828207,K League 1 Korea,2022/2023,2022-03-01,Seongnam FC,FC Seoul,0,0,0-0,Regular Season - 3
828209,K League 1 Korea,2022/2023,2022-03-02,Jeonbuk Motors,Pohang Steelers,0,1,0-1,Regular Season - 3
828210,K League 1 Korea,2022/2023,2022-03-02,Daegu FC,Sangju Sangmu FC,1,0,1-0,Regular Season - 3
828211,K League 1 Korea,2022/2023,2022-03-05,Seongnam FC,Suwon Bluewings,2,2,2-2,Regular Season - 4
828212,K League 1 Korea,2022/2023,2022-03-05,Gangwon FC,Daegu FC,2,0,2-0,Regular Season - 4
828213,K League 1 Korea,2022/2023,2022-03-05,Incheon United,Pohang Steelers,0,1,0-1,Regular Season - 4
828214,K League 1 Korea,2022/2023,2022-03-06,Sangju Sangmu FC,FC Seoul,2,0,2-0,Regular Season - 4
828216,K League 1 Korea,2022/2023,2022-03-06,Jeju United FC,Suwon City FC,0,0,0-0,Regular Season - 4
828215,K League 1 Korea,2022/2023,2022-03-06,Jeonbuk Motors,Ulsan Hyundai FC,0,1,0-1,Regular Season - 4
828218,K League 1 Korea,2022/2023,2022-03-11,Daegu FC,Seongnam FC,3,1,3-1,Regular Season - 5
828217,K League 1 Korea,2022/2023,2022-03-11,Ulsan Hyundai FC,FC Seoul,2,1,2-1,Regular Season - 5
828219,K League 1 Korea,2022/2023,2022-03-12,Jeju United FC,Jeonbuk Motors,2,0,2-0,Regular Season - 5
828220,K League 1 Korea,2022/2023,2022-03-12,Suwon Bluewings,Pohang Steelers,1,1,1-1,Regular Season - 5
828221,K League 1 Korea,2022/2023,2022-03-13,Incheon United,Sangju Sangmu FC,1,0,1-0,Regular Season - 5
828222,K League 1 Korea,2022/2023,2022-03-13,Gangwon FC,Suwon City FC,0,2,0-2,Regular Season - 5
828223,K League 1 Korea,2022/2023,2022-03-19,Suwon Bluewings,Gangwon FC,2,2,2-2,Regular Season - 6
828224,K League 1 Korea,2022/2023,2022-03-19,FC Seoul,Jeju United FC,1,2,1-2,Regular Season - 6
828225,K League 1 Korea,2022/2023,2022-03-19,Jeonbuk Motors,Sangju Sangmu FC,1,1,1-1,Regular Season - 6
828226,K League 1 Korea,2022/2023,2022-03-20,Suwon City FC,Daegu FC,4,3,4-3,Regular Season - 6
828228,K League 1 Korea,2022/2023,2022-03-20,Seongnam FC,Incheon United,0,1,0-1,Regular Season - 6
828227,K League 1 Korea,2022/2023,2022-03-27,Ulsan Hyundai FC,Pohang Steelers,2,0,2-0,Regular Season - 6
828229,K League 1 Korea,2022/2023,2022-04-02,Jeju United FC,Daegu FC,0,0,0-0,Regular Season - 7
828230,K League 1 Korea,2022/2023,2022-04-02,Incheon United,Ulsan Hyundai FC,1,1,1-1,Regular Season - 7
828231,K League 1 Korea,2022/2023,2022-04-02,Sangju Sangmu FC,Suwon Bluewings,1,1,1-1,Regular Season - 7
828232,K League 1 Korea,2022/2023,2022-04-02,Gangwon FC,Jeonbuk Motors,1,2,1-2,Regular Season - 7
828233,K League 1 Korea,2022/2023,2022-04-03,Suwon City FC,Seongnam FC,3,4,3-4,Regular Season - 7
828234,K League 1 Korea,2022/2023,2022-04-03,Pohang Steelers,FC Seoul,1,1,1-1,Regular Season - 7
828235,K League 1 Korea,2022/2023,2022-04-05,Suwon Bluewings,Jeonbuk Motors,0,1,0-1,Regular Season - 8
828236,K League 1 Korea,2022/2023,2022-04-05,Daegu FC,Incheon United,1,2,1-2,Regular Season - 8
828237,K League 1 Korea,2022/2023,2022-04-05,Jeju United FC,Ulsan Hyundai FC,1,2,1-2,Regular Season - 8
828238,K League 1 Korea,2022/2023,2022-04-06,Seongnam FC,Sangju Sangmu FC,0,3,0-3,Regular Season - 8
828240,K League 1 Korea,2022/2023,2022-04-06,Pohang Steelers,Suwon City FC,2,0,2-0,Regular Season - 8
828239,K League 1 Korea,2022/2023,2022-04-06,FC Seoul,Gangwon FC,2,2,2-2,Regular Season - 8
828241,K League 1 Korea,2022/2023,2022-04-09,Seongnam FC,Jeonbuk Motors,0,4,0-4,Regular Season - 9
828243,K League 1 Korea,2022/2023,2022-04-09,Ulsan Hyundai FC,Daegu FC,3,1,3-1,Regular Season - 9
828242,K League 1 Korea,2022/2023,2022-04-10,Gangwon FC,Pohang Steelers,1,1,1-1,Regular Season - 9
828244,K League 1 Korea,2022/2023,2022-04-10,Suwon City FC,Sangju Sangmu FC,3,2,3-2,Regular Season - 9
828245,K League 1 Korea,2022/2023,2022-04-10,Incheon United,Jeju United FC,2,2,2-2,Regular Season - 9
828246,K League 1 Korea,2022/2023,2022-04-10,FC Seoul,Suwon Bluewings,2,0,2-0,Regular Season - 9
828248,K League 1 Korea,2022/2023,2022-05-05,Seongnam FC,Jeju United FC,1,2,1-2,Regular Season - 10
828247,K League 1 Korea,2022/2023,2022-05-05,Jeonbuk Motors,FC Seoul,1,1,1-1,Regular Season - 10
828250,K League 1 Korea,2022/2023,2022-05-05,Pohang Steelers,Daegu FC,1,1,1-1,Regular Season - 10
828249,K League 1 Korea,2022/2023,2022-05-05,Suwon Bluewings,Ulsan Hyundai FC,1,0,1-0,Regular Season - 10
828251,K League 1 Korea,2022/2023,2022-05-05,Suwon City FC,Incheon United,2,2,2-2,Regular Season - 10
828252,K League 1 Korea,2022/2023,2022-05-05,Sangju Sangmu FC,Gangwon FC,1,0,1-0,Regular Season - 10
828254,K League 1 Korea,2022/2023,2022-05-08,Gangwon FC,Ulsan Hyundai FC,1,3,1-3,Regular Season - 11
828253,K League 1 Korea,2022/2023,2022-05-08,Daegu FC,Suwon Bluewings,3,0,3-0,Regular Season - 11
828256,K League 1 Korea,2022/2023,2022-05-08,Incheon United,Jeonbuk Motors,0,1,0-1,Regular Season - 11
828255,K League 1 Korea,2022/2023,2022-05-08,FC Seoul,Suwon City FC,3,1,3-1,Regular Season - 11
828257,K League 1 Korea,2022/2023,2022-05-08,Jeju United FC,Sangju Sangmu FC,3,1,3-1,Regular Season - 11
828258,K League 1 Korea,2022/2023,2022-05-08,Pohang Steelers,Seongnam FC,1,0,1-0,Regular Season - 11
828259,K League 1 Korea,2022/2023,2022-05-14,Sangju Sangmu FC,Daegu FC,1,1,1-1,Regular Season - 12
828261,K League 1 Korea,2022/2023,2022-05-14,Suwon Bluewings,Seongnam FC,1,0,1-0,Regular Season - 12
828260,K League 1 Korea,2022/2023,2022-05-14,Ulsan Hyundai FC,Incheon United,2,2,2-2,Regular Season - 12
828262,K League 1 Korea,2022/2023,2022-05-15,Suwon City FC,Jeju United FC,1,3,1-3,Regular Season - 12
828263,K League 1 Korea,2022/2023,2022-05-15,Jeonbuk Motors,Gangwon FC,1,1,1-1,Regular Season - 12
828264,K League 1 Korea,2022/2023,2022-05-15,FC Seoul,Pohang Steelers,1,0,1-0,Regular Season - 12
828265,K League 1 Korea,2022/2023,2022-05-17,Suwon Bluewings,Sangju Sangmu FC,2,1,2-1,Regular Season - 13
828266,K League 1 Korea,2022/2023,2022-05-17,Incheon United,Daegu FC,2,2,2-2,Regular Season - 13
828268,K League 1 Korea,2022/2023,2022-05-18,Pohang Steelers,Jeonbuk Motors,0,1,0-1,Regular Season - 13
828267,K League 1 Korea,2022/2023,2022-05-18,Ulsan Hyundai FC,Jeju United FC,1,0,1-0,Regular Season - 13
828270,K League 1 Korea,2022/2023,2022-05-18,Gangwon FC,FC Seoul,1,0,1-0,Regular Season - 13
828269,K League 1 Korea,2022/2023,2022-05-18,Seongnam FC,Suwon City FC,2,2,2-2,Regular Season - 13
828271,K League 1 Korea,2022/2023,2022-05-21,FC Seoul,Seongnam FC,0,1,0-1,Regular Season - 14
828272,K League 1 Korea,2022/2023,2022-05-21,Pohang Steelers,Incheon United,2,0,2-0,Regular Season - 14
828273,K League 1 Korea,2022/2023,2022-05-21,Sangju Sangmu FC,Ulsan Hyundai FC,0,2,0-2,Regular Season - 14
828274,K League 1 Korea,2022/2023,2022-05-22,Daegu FC,Gangwon FC,3,0,3-0,Regular Season - 14
828275,K League 1 Korea,2022/2023,2022-05-22,Jeju United FC,Suwon Bluewings,0,0,0-0,Regular Season - 14
828276,K League 1 Korea,2022/2023,2022-05-22,Suwon City FC,Jeonbuk Motors,0,1,0-1,Regular Season - 14
828277,K League 1 Korea,2022/2023,2022-05-28,FC Seoul,Sangju Sangmu FC,2,2,2-2,Regular Season - 15
828279,K League 1 Korea,2022/2023,2022-05-28,Suwon City FC,Ulsan Hyundai FC,1,2,1-2,Regular Season - 15
828278,K League 1 Korea,2022/2023,2022-05-28,Jeonbuk Motors,Jeju United FC,0,2,0-2,Regular Season - 15
828280,K League 1 Korea,2022/2023,2022-05-29,Incheon United,Seongnam FC,1,0,1-0,Regular Season - 15
828282,K League 1 Korea,2022/2023,2022-05-29,Gangwon FC,Suwon Bluewings,1,1,1-1,Regular Season - 15
828281,K League 1 Korea,2022/2023,2022-05-29,Daegu FC,Pohang Steelers,2,2,2-2,Regular Season - 15
828283,K League 1 Korea,2022/2023,2022-06-17,Sangju Sangmu FC,Suwon City FC,0,1,0-1,Regular Season - 16
828284,K League 1 Korea,2022/2023,2022-06-17,Pohang Steelers,Gangwon FC,3,1,3-1,Regular Season - 16
828285,K League 1 Korea,2022/2023,2022-06-18,Jeju United FC,Incheon United,2,1,2-1,Regular Season - 16
828286,K League 1 Korea,2022/2023,2022-06-18,Seongnam FC,Daegu FC,1,1,1-1,Regular Season - 16
828287,K League 1 Korea,2022/2023,2022-06-19,Ulsan Hyundai FC,Jeonbuk Motors,1,3,1-3,Regular Season - 16
828288,K League 1 Korea,2022/2023,2022-06-19,Suwon Bluewings,FC Seoul,0,1,0-1,Regular Season - 16
828289,K League 1 Korea,2022/2023,2022-06-21,Sangju Sangmu FC,Seongnam FC,1,1,1-1,Regular Season - 17
828290,K League 1 Korea,2022/2023,2022-06-21,Daegu FC,Jeju United FC,1,0,1-0,Regular Season - 17
828291,K League 1 Korea,2022/2023,2022-06-21,Suwon City FC,Pohang Steelers,2,1,2-1,Regular Season - 17
828292,K League 1 Korea,2022/2023,2022-06-22,Jeonbuk Motors,Suwon Bluewings,2,1,2-1,Regular Season - 17
828294,K League 1 Korea,2022/2023,2022-06-22,Incheon United,Gangwon FC,4,1,4-1,Regular Season - 17
828293,K League 1 Korea,2022/2023,2022-06-22,FC Seoul,Ulsan Hyundai FC,1,2,1-2,Regular Season - 17
828295,K League 1 Korea,2022/2023,2022-06-25,Jeonbuk Motors,Daegu FC,1,1,1-1,Regular Season - 18
828296,K League 1 Korea,2022/2023,2022-06-25,Suwon City FC,Suwon Bluewings,3,0,3-0,Regular Season - 18
828297,K League 1 Korea,2022/2023,2022-06-25,FC Seoul,Incheon United,1,1,1-1,Regular Season - 18
828298,K League 1 Korea,2022/2023,2022-06-26,Ulsan Hyundai FC,Seongnam FC,0,0,0-0,Regular Season - 18
828299,K League 1 Korea,2022/2023,2022-06-26,Pohang Steelers,Sangju Sangmu FC,1,1,1-1,Regular Season - 18
828300,K League 1 Korea,2022/2023,2022-06-26,Gangwon FC,Jeju United FC,4,2,4-2,Regular Season - 18
828301,K League 1 Korea,2022/2023,2022-07-02,Jeju United FC,FC Seoul,2,2,2-2,Regular Season - 19
828302,K League 1 Korea,2022/2023,2022-07-02,Pohang Steelers,Ulsan Hyundai FC,2,0,2-0,Regular Season - 19
828303,K League 1 Korea,2022/2023,2022-07-02,Sangju Sangmu FC,Jeonbuk Motors,1,2,1-2,Regular Season - 19
828304,K League 1 Korea,2022/2023,2022-07-02,Seongnam FC,Gangwon FC,0,2,0-2,Regular Season - 19
828305,K League 1 Korea,2022/2023,2022-07-03,Daegu FC,Suwon City FC,0,0,0-0,Regular Season - 19
828306,K League 1 Korea,2022/2023,2022-07-03,Suwon Bluewings,Incheon United,0,0,0-0,Regular Season - 19
828307,K League 1 Korea,2022/2023,2022-07-05,Seongnam FC,Pohang Steelers,1,4,1-4,Regular Season - 20
828308,K League 1 Korea,2022/2023,2022-07-05,Sangju Sangmu FC,Jeju United FC,4,0,4-0,Regular Season - 20
828309,K League 1 Korea,2022/2023,2022-07-05,Ulsan Hyundai FC,Gangwon FC,2,1,2-1,Regular Season - 20
828311,K League 1 Korea,2022/2023,2022-07-06,Incheon United,Suwon City FC,0,1,0-1,Regular Season - 20
828310,K League 1 Korea,2022/2023,2022-07-06,Suwon Bluewings,Daegu FC,1,1,1-1,Regular Season - 20
828312,K League 1 Korea,2022/2023,2022-07-06,FC Seoul,Jeonbuk Motors,0,1,0-1,Regular Season - 20
828314,K League 1 Korea,2022/2023,2022-07-08,Gangwon FC,Sangju Sangmu FC,3,2,3-2,Regular Season - 21
828313,K League 1 Korea,2022/2023,2022-07-08,Jeju United FC,Seongnam FC,3,2,3-2,Regular Season - 21
828315,K League 1 Korea,2022/2023,2022-07-09,Jeonbuk Motors,Incheon United,2,2,2-2,Regular Season - 21
828316,K League 1 Korea,2022/2023,2022-07-09,Daegu FC,Ulsan Hyundai FC,1,1,1-1,Regular Season - 21
828317,K League 1 Korea,2022/2023,2022-07-10,Suwon City FC,FC Seoul,4,3,4-3,Regular Season - 21
828318,K League 1 Korea,2022/2023,2022-07-10,Pohang Steelers,Suwon Bluewings,1,0,1-0,Regular Season - 21
828319,K League 1 Korea,2022/2023,2022-07-16,Jeonbuk Motors,Seongnam FC,3,2,3-2,Regular Season - 22
828320,K League 1 Korea,2022/2023,2022-07-16,Ulsan Hyundai FC,Suwon Bluewings,2,1,2-1,Regular Season - 22
828321,K League 1 Korea,2022/2023,2022-07-16,Sangju Sangmu FC,Incheon United,0,1,0-1,Regular Season - 22
828322,K League 1 Korea,2022/2023,2022-07-16,Suwon City FC,Gangwon FC,2,4,2-4,Regular Season - 22
828324,K League 1 Korea,2022/2023,2022-07-16,Pohang Steelers,Jeju United FC,1,1,1-1,Regular Season - 22
828323,K League 1 Korea,2022/2023,2022-07-16,FC Seoul,Daegu FC,2,1,2-1,Regular Season - 22
828337,K League 1 Korea,2022/2023,2022-07-30,Jeonbuk Motors,Jeju United FC,1,0,1-0,Regular Season - 25
828339,K League 1 Korea,2022/2023,2022-07-30,Suwon Bluewings,Sangju Sangmu FC,0,0,0-0,Regular Season - 25
828338,K League 1 Korea,2022/2023,2022-07-30,Ulsan Hyundai FC,Gangwon FC,2,1,2-1,Regular Season - 25
828340,K League 1 Korea,2022/2023,2022-07-30,Pohang Steelers,FC Seoul,1,2,1-2,Regular Season - 25
828341,K League 1 Korea,2022/2023,2022-07-30,Seongnam FC,Incheon United,3,1,3-1,Regular Season - 25
828342,K League 1 Korea,2022/2023,2022-07-31,Suwon City FC,Daegu FC,2,2,2-2,Regular Season - 25
828343,K League 1 Korea,2022/2023,2022-08-02,Sangju Sangmu FC,Pohang Steelers,0,1,0-1,Regular Season - 26
828344,K League 1 Korea,2022/2023,2022-08-02,Jeju United FC,Seongnam FC,1,2,1-2,Regular Season - 26
828345,K League 1 Korea,2022/2023,2022-08-02,Ulsan Hyundai FC,FC Seoul,1,1,1-1,Regular Season - 26
828346,K League 1 Korea,2022/2023,2022-08-03,Incheon United,Suwon City FC,1,1,1-1,Regular Season - 26
828348,K League 1 Korea,2022/2023,2022-08-03,Gangwon FC,Jeonbuk Motors,2,1,2-1,Regular Season - 26
828347,K League 1 Korea,2022/2023,2022-08-03,Daegu FC,Suwon Bluewings,1,2,1-2,Regular Season - 26
828349,K League 1 Korea,2022/2023,2022-08-05,Seongnam FC,Sangju Sangmu FC,1,4,1-4,Regular Season - 27
828350,K League 1 Korea,2022/2023,2022-08-05,FC Seoul,Jeju United FC,0,2,0-2,Regular Season - 27
828351,K League 1 Korea,2022/2023,2022-08-06,Pohang Steelers,Gangwon FC,2,1,2-1,Regular Season - 27
828352,K League 1 Korea,2022/2023,2022-08-06,Suwon City FC,Suwon Bluewings,4,2,4-2,Regular Season - 27
828353,K League 1 Korea,2022/2023,2022-08-07,Jeonbuk Motors,Ulsan Hyundai FC,1,1,1-1,Regular Season - 27
828354,K League 1 Korea,2022/2023,2022-08-07,Daegu FC,Incheon United,2,3,2-3,Regular Season - 27
828332,K League 1 Korea,2022/2023,2022-08-10,Suwon City FC,Jeonbuk Motors,0,1,0-1,Regular Season - 24
828333,K League 1 Korea,2022/2023,2022-08-10,Gangwon FC,Daegu FC,1,0,1-0,Regular Season - 24
828355,K League 1 Korea,2022/2023,2022-08-13,Ulsan Hyundai FC,Daegu FC,4,0,4-0,Regular Season - 28
828356,K League 1 Korea,2022/2023,2022-08-13,Incheon United,Jeonbuk Motors,3,1,3-1,Regular Season - 28
828357,K League 1 Korea,2022/2023,2022-08-14,Jeju United FC,Pohang Steelers,5,0,5-0,Regular Season - 28
828358,K League 1 Korea,2022/2023,2022-08-14,Suwon Bluewings,Seongnam FC,4,1,4-1,Regular Season - 28
828359,K League 1 Korea,2022/2023,2022-08-15,Gangwon FC,Suwon City FC,2,3,2-3,Regular Season - 28
828360,K League 1 Korea,2022/2023,2022-08-15,Sangju Sangmu FC,FC Seoul,1,2,1-2,Regular Season - 28
828336,K League 1 Korea,2022/2023,2022-08-20,Pohang Steelers,Incheon United,1,1,1-1,Regular Season - 24
828331,K League 1 Korea,2022/2023,2022-08-20,Jeju United FC,Suwon Bluewings,1,2,1-2,Regular Season - 24
828335,K League 1 Korea,2022/2023,2022-08-21,FC Seoul,Seongnam FC,2,0,2-0,Regular Season - 24
828334,K League 1 Korea,2022/2023,2022-08-21,Sangju Sangmu FC,Ulsan Hyundai FC,1,2,1-2,Regular Season - 24
828325,K League 1 Korea,2022/2023,2022-08-27,Suwon Bluewings,Gangwon FC,2,3,2-3,Regular Season - 23
828327,K League 1 Korea,2022/2023,2022-08-27,Jeju United FC,Ulsan Hyundai FC,1,1,1-1,Regular Season - 23
828330,K League 1 Korea,2022/2023,2022-08-27,Incheon United,FC Seoul,2,0,2-0,Regular Season - 23
828326,K League 1 Korea,2022/2023,2022-08-28,Daegu FC,Sangju Sangmu FC,0,0,0-0,Regular Season - 23
828329,K League 1 Korea,2022/2023,2022-08-28,Seongnam FC,Suwon City FC,2,1,2-1,Regular Season - 23
828328,K League 1 Korea,2022/2023,2022-08-29,Jeonbuk Motors,Pohang Steelers,2,2,2-2,Regular Season - 23
828361,K League 1 Korea,2022/2023,2022-09-02,Suwon City FC,Jeju United FC,2,2,2-2,Regular Season - 29
828362,K League 1 Korea,2022/2023,2022-09-02,Incheon United,Gangwon FC,0,1,0-1,Regular Season - 29
828363,K League 1 Korea,2022/2023,2022-09-03,Pohang Steelers,Daegu FC,4,1,4-1,Regular Season - 29
828364,K League 1 Korea,2022/2023,2022-09-03,Sangju Sangmu FC,Jeonbuk Motors,2,2,2-2,Regular Season - 29
828365,K League 1 Korea,2022/2023,2022-09-04,FC Seoul,Suwon Bluewings,1,3,1-3,Regular Season - 29
828366,K League 1 Korea,2022/2023,2022-09-04,Seongnam FC,Ulsan Hyundai FC,3,0,3-0,Regular Season - 29
828367,K League 1 Korea,2022/2023,2022-09-06,Jeju United FC,Incheon United,0,1,0-1,Regular Season - 30
828368,K League 1 Korea,2022/2023,2022-09-06,Gangwon FC,Sangju Sangmu FC,0,1,0-1,Regular Season - 30
828369,K League 1 Korea,2022/2023,2022-09-06,Suwon City FC,Pohang Steelers,1,0,1-0,Regular Season - 30
828370,K League 1 Korea,2022/2023,2022-09-07,Jeonbuk Motors,FC Seoul,0,0,0-0,Regular Season - 30
828372,K League 1 Korea,2022/2023,2022-09-07,Daegu FC,Seongnam FC,1,0,1-0,Regular Season - 30
828371,K League 1 Korea,2022/2023,2022-09-07,Ulsan Hyundai FC,Suwon Bluewings,1,0,1-0,Regular Season - 30
828373,K League 1 Korea,2022/2023,2022-09-10,Daegu FC,Jeonbuk Motors,0,5,0-5,Regular Season - 31
828374,K League 1 Korea,2022/2023,2022-09-10,Sangju Sangmu FC,Jeju United FC,1,2,1-2,Regular Season - 31
828375,K League 1 Korea,2022/2023,2022-09-10,Seongnam FC,Gangwon FC,0,4,0-4,Regular Season - 31
828376,K League 1 Korea,2022/2023,2022-09-10,FC Seoul,Suwon City FC,2,2,2-2,Regular Season - 31
828377,K League 1 Korea,2022/2023,2022-09-11,Ulsan Hyundai FC,Pohang Steelers,1,2,1-2,Regular Season - 31
828378,K League 1 Korea,2022/2023,2022-09-11,Suwon Bluewings,Incheon United,3,3,3-3,Regular Season - 31
828379,K League 1 Korea,2022/2023,2022-09-13,Suwon City FC,Sangju Sangmu FC,2,1,2-1,Regular Season - 32
828380,K League 1 Korea,2022/2023,2022-09-13,Jeju United FC,Daegu FC,2,2,2-2,Regular Season - 32
828381,K League 1 Korea,2022/2023,2022-09-13,FC Seoul,Gangwon FC,1,0,1-0,Regular Season - 32
828382,K League 1 Korea,2022/2023,2022-09-14,Jeonbuk Motors,Seongnam FC,1,0,1-0,Regular Season - 32
828383,K League 1 Korea,2022/2023,2022-09-14,Incheon United,Ulsan Hyundai FC,0,0,0-0,Regular Season - 32
828384,K League 1 Korea,2022/2023,2022-09-14,Suwon Bluewings,Pohang Steelers,0,2,0-2,Regular Season - 32
828389,K League 1 Korea,2022/2023,2022-09-18,Gangwon FC,Jeju United FC,2,1,2-1,Regular Season - 33
828386,K League 1 Korea,2022/2023,2022-09-18,Daegu FC,FC Seoul,3,0,3-0,Regular Season - 33
828388,K League 1 Korea,2022/2023,2022-09-18,Seongnam FC,Pohang Steelers,1,1,1-1,Regular Season - 33
828387,K League 1 Korea,2022/2023,2022-09-18,Suwon Bluewings,Jeonbuk Motors,2,3,2-3,Regular Season - 33
828385,K League 1 Korea,2022/2023,2022-09-18,Ulsan Hyundai FC,Suwon City FC,2,0,2-0,Regular Season - 33
828390,K League 1 Korea,2022/2023,2022-09-18,Sangju Sangmu FC,Incheon United,1,0,1-0,Regular Season - 33
962349,K League 1 Korea,2022/2023,2022-10-01,FC Seoul,Daegu FC,2,3,2-3,Relegation Round - 1
962334,K League 1 Korea,2022/2023,2022-10-01,Incheon United,Ulsan Hyundai FC,0,3,0-3,Championship Round - 1
962335,K League 1 Korea,2022/2023,2022-10-01,Jeonbuk Motors,Pohang Steelers,3,1,3-1,Championship Round - 1
962336,K League 1 Korea,2022/2023,2022-10-02,Jeju United FC,Gangwon FC,1,2,1-2,Championship Round - 1
962350,K League 1 Korea,2022/2023,2022-10-02,Suwon City FC,Gimcheon Sangmu FC,2,2,2-2,Relegation Round - 1
962351,K League 1 Korea,2022/2023,2022-10-03,Seongnam FC,Suwon Bluewings,0,2,0-2,Relegation Round - 1
962337,K League 1 Korea,2022/2023,2022-10-08,Pohang Steelers,Jeju United FC,1,2,1-2,Championship Round - 2
962338,K League 1 Korea,2022/2023,2022-10-08,Ulsan Hyundai FC,Jeonbuk Motors,2,1,2-1,Championship Round - 2
962339,K League 1 Korea,2022/2023,2022-10-08,Gangwon FC,Incheon United,0,0,0-0,Championship Round - 2
962352,K League 1 Korea,2022/2023,2022-10-09,Suwon Bluewings,FC Seoul,0,0,0-0,Relegation Round - 2
962353,K League 1 Korea,2022/2023,2022-10-09,Gimcheon Sangmu FC,Seongnam FC,1,1,1-1,Relegation Round - 2
962354,K League 1 Korea,2022/2023,2022-10-09,Daegu FC,Suwon City FC,2,1,2-1,Relegation Round - 2
962340,K League 1 Korea,2022/2023,2022-10-11,Pohang Steelers,Ulsan Hyundai FC,1,1,1-1,Championship Round - 3
962341,K League 1 Korea,2022/2023,2022-10-11,Jeonbuk Motors,Gangwon FC,1,0,1-0,Championship Round - 3
962342,K League 1 Korea,2022/2023,2022-10-11,Incheon United,Jeju United FC,3,1,3-1,Championship Round - 3
962357,K League 1 Korea,2022/2023,2022-10-12,Suwon City FC,Seongnam FC,2,1,2-1,Relegation Round - 3
962355,K League 1 Korea,2022/2023,2022-10-12,Suwon Bluewings,Daegu FC,1,2,1-2,Relegation Round - 3
962356,K League 1 Korea,2022/2023,2022-10-12,FC Seoul,Gimcheon Sangmu FC,1,1,1-1,Relegation Round - 3
962343,K League 1 Korea,2022/2023,2022-10-16,Gangwon FC,Ulsan Hyundai FC,1,2,1-2,Championship Round - 4
962358,K League 1 Korea,2022/2023,2022-10-16,Suwon Bluewings,Suwon City FC,3,0,3-0,Relegation Round - 4
962359,K League 1 Korea,2022/2023,2022-10-16,Daegu FC,Gimcheon Sangmu FC,1,1,1-1,Relegation Round - 4
962344,K League 1 Korea,2022/2023,2022-10-16,Jeju United FC,Jeonbuk Motors,1,2,1-2,Championship Round - 4
962345,K League 1 Korea,2022/2023,2022-10-16,Incheon United,Pohang Steelers,1,1,1-1,Championship Round - 4
962360,K League 1 Korea,2022/2023,2022-10-16,FC Seoul,Seongnam FC,0,1,0-1,Relegation Round - 4
962361,K League 1 Korea,2022/2023,2022-10-22,Suwon City FC,FC Seoul,0,2,0-2,Relegation Round - 5
962363,K League 1 Korea,2022/2023,2022-10-22,Seongnam FC,Daegu FC,4,4,4-4,Relegation Round - 5
962362,K League 1 Korea,2022/2023,2022-10-22,Gimcheon Sangmu FC,Suwon Bluewings,1,3,1-3,Relegation Round - 5
962347,K League 1 Korea,2022/2023,2022-10-23,Jeonbuk Motors,Incheon United,2,1,2-1,Championship Round - 5
962348,K League 1 Korea,2022/2023,2022-10-23,Pohang Steelers,Gangwon FC,1,0,1-0,Championship Round - 5
962346,K League 1 Korea,2022/2023,2022-10-23,Ulsan Hyundai FC,Jeju United FC,1,2,1-2,Championship Round - 5
968581,K League 1 Korea,2022/2023,2022-10-26,FC Anyang,Suwon Bluewings,0,0,0-0,Relegation Round
968583,K League 1 Korea,2022/2023,2022-10-26,Daejeon Citizen,Gimcheon Sangmu FC,2,1,2-1,Relegation Round
968584,K League 1 Korea,2022/2023,2022-10-29,Gimcheon Sangmu FC,Daejeon Citizen,0,4,0-4,Relegation Round
1002707,K League 1 Korea,2023/2024,2023-02-25,Ulsan Hyundai FC,Jeonbuk Motors,2,1,2-1,Regular Season - 1
1002709,K League 1 Korea,2023/2024,2023-02-25,Suwon Bluewings,Gwangju FC,0,1,0-1,Regular Season - 1
1002708,K League 1 Korea,2023/2024,2023-02-25,FC Seoul,Incheon United,2,1,2-1,Regular Season - 1
1002711,K League 1 Korea,2023/2024,2023-02-26,Jeju United FC,Suwon City FC,0,0,0-0,Regular Season - 1
1002710,K League 1 Korea,2023/2024,2023-02-26,Pohang Steelers,Daegu FC,3,2,3-2,Regular Season - 1
1002712,K League 1 Korea,2023/2024,2023-02-26,Daejeon Citizen,Gangwon FC,2,0,2-0,Regular Season - 1
1002714,K League 1 Korea,2023/2024,2023-03-04,Suwon City FC,Pohang Steelers,1,2,1-2,Regular Season - 2
1002713,K League 1 Korea,2023/2024,2023-03-04,Incheon United,Daejeon Citizen,3,3,3-3,Regular Season - 2
1002715,K League 1 Korea,2023/2024,2023-03-04,Daegu FC,Jeju United FC,1,1,1-1,Regular Season - 2
1002717,K League 1 Korea,2023/2024,2023-03-05,Gangwon FC,Ulsan Hyundai FC,0,1,0-1,Regular Season - 2
1002716,K League 1 Korea,2023/2024,2023-03-05,Jeonbuk Motors,Suwon Bluewings,1,1,1-1,Regular Season - 2
1002718,K League 1 Korea,2023/2024,2023-03-05,Gwangju FC,FC Seoul,0,2,0-2,Regular Season - 2
1002720,K League 1 Korea,2023/2024,2023-03-11,Daejeon Citizen,Pohang Steelers,0,0,0-0,Regular Season - 3
1002719,K League 1 Korea,2023/2024,2023-03-11,Suwon City FC,Suwon Bluewings,2,1,2-1,Regular Season - 3
1002721,K League 1 Korea,2023/2024,2023-03-11,Gangwon FC,Daegu FC,1,1,1-1,Regular Season - 3
1002722,K League 1 Korea,2023/2024,2023-03-12,FC Seoul,Ulsan Hyundai FC,1,2,1-2,Regular Season - 3
1002723,K League 1 Korea,2023/2024,2023-03-12,Jeonbuk Motors,Gwangju FC,2,0,2-0,Regular Season - 3
1002724,K League 1 Korea,2023/2024,2023-03-12,Incheon United,Jeju United FC,1,0,1-0,Regular Season - 3
1002726,K League 1 Korea,2023/2024,2023-03-18,Gwangju FC,Incheon United,5,0,5-0,Regular Season - 4
1002725,K League 1 Korea,2023/2024,2023-03-18,Pohang Steelers,Gangwon FC,1,1,1-1,Regular Season - 4
1002727,K League 1 Korea,2023/2024,2023-03-18,Jeju United FC,FC Seoul,1,2,1-2,Regular Season - 4
1002728,K League 1 Korea,2023/2024,2023-03-19,Daegu FC,Jeonbuk Motors,2,0,2-0,Regular Season - 4
1002729,K League 1 Korea,2023/2024,2023-03-19,Suwon Bluewings,Daejeon Citizen,1,3,1-3,Regular Season - 4
1002730,K League 1 Korea,2023/2024,2023-03-19,Ulsan Hyundai FC,Suwon City FC,3,0,3-0,Regular Season - 4
1002731,K League 1 Korea,2023/2024,2023-04-01,Jeonbuk Motors,Pohang Steelers,1,2,1-2,Regular Season - 5
1002733,K League 1 Korea,2023/2024,2023-04-01,Gwangju FC,Suwon City FC,2,0,2-0,Regular Season - 5
1002732,K League 1 Korea,2023/2024,2023-04-01,Incheon United,Daegu FC,0,0,0-0,Regular Season - 5
1002734,K League 1 Korea,2023/2024,2023-04-01,Daejeon Citizen,FC Seoul,3,2,3-2,Regular Season - 5
1002735,K League 1 Korea,2023/2024,2023-04-02,Jeju United FC,Ulsan Hyundai FC,1,3,1-3,Regular Season - 5
1002736,K League 1 Korea,2023/2024,2023-04-02,Suwon Bluewings,Gangwon FC,1,1,1-1,Regular Season - 5
1002737,K League 1 Korea,2023/2024,2023-04-08,Ulsan Hyundai FC,Suwon Bluewings,2,1,2-1,Regular Season - 6
1002738,K League 1 Korea,2023/2024,2023-04-08,FC Seoul,Daegu FC,3,0,3-0,Regular Season - 6
1002739,K League 1 Korea,2023/2024,2023-04-08,Pohang Steelers,Gwangju FC,2,0,2-0,Regular Season - 6
1002742,K League 1 Korea,2023/2024,2023-04-09,Suwon City FC,Daejeon Citizen,5,3,5-3,Regular Season - 6
1002740,K League 1 Korea,2023/2024,2023-04-09,Jeonbuk Motors,Incheon United,2,0,2-0,Regular Season - 6
1002741,K League 1 Korea,2023/2024,2023-04-09,Gangwon FC,Jeju United FC,0,1,0-1,Regular Season - 6
1002743,K League 1 Korea,2023/2024,2023-04-15,Suwon Bluewings,Jeju United FC,2,3,2-3,Regular Season - 7
1002744,K League 1 Korea,2023/2024,2023-04-15,Pohang Steelers,FC Seoul,1,1,1-1,Regular Season - 7
1002745,K League 1 Korea,2023/2024,2023-04-15,Suwon City FC,Jeonbuk Motors,1,0,1-0,Regular Season - 7
1002746,K League 1 Korea,2023/2024,2023-04-16,Gangwon FC,Incheon United,0,2,0-2,Regular Season - 7
1002747,K League 1 Korea,2023/2024,2023-04-16,Daejeon Citizen,Ulsan Hyundai FC,2,1,2-1,Regular Season - 7
1002748,K League 1 Korea,2023/2024,2023-04-16,Daegu FC,Gwangju FC,3,4,3-4,Regular Season - 7
1002749,K League 1 Korea,2023/2024,2023-04-22,FC Seoul,Suwon Bluewings,3,1,3-1,Regular Season - 8
1002750,K League 1 Korea,2023/2024,2023-04-22,Daegu FC,Daejeon Citizen,1,0,1-0,Regular Season - 8
1002751,K League 1 Korea,2023/2024,2023-04-22,Ulsan Hyundai FC,Pohang Steelers,2,2,2-2,Regular Season - 8
1002752,K League 1 Korea,2023/2024,2023-04-22,Incheon United,Suwon City FC,2,2,2-2,Regular Season - 8
1002753,K League 1 Korea,2023/2024,2023-04-23,Gwangju FC,Gangwon FC,0,0,0-0,Regular Season - 8
1002754,K League 1 Korea,2023/2024,2023-04-23,Jeju United FC,Jeonbuk Motors,0,2,0-2,Regular Season - 8
1002756,K League 1 Korea,2023/2024,2023-04-25,Incheon United,Ulsan Hyundai FC,0,1,0-1,Regular Season - 9
1002755,K League 1 Korea,2023/2024,2023-04-25,Pohang Steelers,Suwon Bluewings,1,0,1-0,Regular Season - 9
1002758,K League 1 Korea,2023/2024,2023-04-26,Gangwon FC,FC Seoul,3,2,3-2,Regular Season - 9
1002757,K League 1 Korea,2023/2024,2023-04-26,Gwangju FC,Jeju United FC,0,1,0-1,Regular Season - 9
1002760,K League 1 Korea,2023/2024,2023-04-26,Suwon City FC,Daegu FC,1,1,1-1,Regular Season - 9
1002759,K League 1 Korea,2023/2024,2023-04-26,Jeonbuk Motors,Daejeon Citizen,1,2,1-2,Regular Season - 9
1002761,K League 1 Korea,2023/2024,2023-04-29,Suwon City FC,FC Seoul,0,3,0-3,Regular Season - 10
1002762,K League 1 Korea,2023/2024,2023-04-29,Jeonbuk Motors,Gangwon FC,0,1,0-1,Regular Season - 10
1002763,K League 1 Korea,2023/2024,2023-04-30,Daejeon Citizen,Jeju United FC,0,3,0-3,Regular Season - 10
1002764,K League 1 Korea,2023/2024,2023-04-30,Pohang Steelers,Incheon United,0,2,0-2,Regular Season - 10
1002765,K League 1 Korea,2023/2024,2023-04-30,Suwon Bluewings,Daegu FC,0,1,0-1,Regular Season - 10
1002766,K League 1 Korea,2023/2024,2023-04-30,Ulsan Hyundai FC,Gwangju FC,2,1,2-1,Regular Season - 10
1002768,K League 1 Korea,2023/2024,2023-05-05,Daegu FC,Ulsan Hyundai FC,0,3,0-3,Regular Season - 11
1002767,K League 1 Korea,2023/2024,2023-05-05,FC Seoul,Jeonbuk Motors,1,1,1-1,Regular Season - 11
1002769,K League 1 Korea,2023/2024,2023-05-05,Incheon United,Suwon Bluewings,0,1,0-1,Regular Season - 11
1002770,K League 1 Korea,2023/2024,2023-05-06,Jeju United FC,Pohang Steelers,2,1,2-1,Regular Season - 11
1002771,K League 1 Korea,2023/2024,2023-05-06,Suwon City FC,Gangwon FC,2,0,2-0,Regular Season - 11
1002772,K League 1 Korea,2023/2024,2023-05-06,Gwangju FC,Daejeon Citizen,0,0,0-0,Regular Season - 11
1002773,K League 1 Korea,2023/2024,2023-05-09,Ulsan Hyundai FC,Gangwon FC,1,0,1-0,Regular Season - 12
1002774,K League 1 Korea,2023/2024,2023-05-09,Daegu FC,Pohang Steelers,1,1,1-1,Regular Season - 12
1002775,K League 1 Korea,2023/2024,2023-05-09,FC Seoul,Gwangju FC,3,1,3-1,Regular Season - 12
1002778,K League 1 Korea,2023/2024,2023-05-10,Daejeon Citizen,Suwon City FC,2,1,2-1,Regular Season - 12
1002776,K League 1 Korea,2023/2024,2023-05-10,Jeju United FC,Incheon United,2,0,2-0,Regular Season - 12
1002777,K League 1 Korea,2023/2024,2023-05-10,Suwon Bluewings,Jeonbuk Motors,0,3,0-3,Regular Season - 12
1002779,K League 1 Korea,2023/2024,2023-05-13,Pohang Steelers,Daejeon Citizen,3,2,3-2,Regular Season - 13
1002780,K League 1 Korea,2023/2024,2023-05-13,Gwangju FC,Daegu FC,0,2,0-2,Regular Season - 13
1002781,K League 1 Korea,2023/2024,2023-05-13,Gangwon FC,Suwon Bluewings,0,2,0-2,Regular Season - 13
1002782,K League 1 Korea,2023/2024,2023-05-14,Ulsan Hyundai FC,FC Seoul,3,2,3-2,Regular Season - 13
1002783,K League 1 Korea,2023/2024,2023-05-14,Incheon United,Jeonbuk Motors,0,0,0-0,Regular Season - 13
1002784,K League 1 Korea,2023/2024,2023-05-14,Suwon City FC,Jeju United FC,0,5,0-5,Regular Season - 13
1002785,K League 1 Korea,2023/2024,2023-05-20,Incheon United,Gwangju FC,1,1,1-1,Regular Season - 14
1002786,K League 1 Korea,2023/2024,2023-05-20,FC Seoul,Jeju United FC,1,1,1-1,Regular Season - 14
1002787,K League 1 Korea,2023/2024,2023-05-20,Daejeon Citizen,Daegu FC,0,1,0-1,Regular Season - 14
1002788,K League 1 Korea,2023/2024,2023-05-21,Gangwon FC,Pohang Steelers,0,0,0-0,Regular Season - 14
1002789,K League 1 Korea,2023/2024,2023-05-21,Suwon Bluewings,Ulsan Hyundai FC,2,3,2-3,Regular Season - 14
1002790,K League 1 Korea,2023/2024,2023-05-21,Jeonbuk Motors,Suwon City FC,3,1,3-1,Regular Season - 14
1002791,K League 1 Korea,2023/2024,2023-05-27,Jeju United FC,Suwon Bluewings,2,1,2-1,Regular Season - 15
1002792,K League 1 Korea,2023/2024,2023-05-27,Daegu FC,Incheon United,2,2,2-2,Regular Season - 15
1002793,K League 1 Korea,2023/2024,2023-05-28,FC Seoul,Gangwon FC,1,0,1-0,Regular Season - 15
1002795,K League 1 Korea,2023/2024,2023-05-28,Suwon City FC,Gwangju FC,0,2,0-2,Regular Season - 15
1002796,K League 1 Korea,2023/2024,2023-05-28,Ulsan Hyundai FC,Daejeon Citizen,3,3,3-3,Regular Season - 15
1002794,K League 1 Korea,2023/2024,2023-05-29,Pohang Steelers,Jeonbuk Motors,1,0,1-0,Regular Season - 15
1002797,K League 1 Korea,2023/2024,2023-06-03,Jeonbuk Motors,Ulsan Hyundai FC,2,0,2-0,Regular Season - 16
1002798,K League 1 Korea,2023/2024,2023-06-03,Suwon Bluewings,Suwon City FC,1,2,1-2,Regular Season - 16
1002799,K League 1 Korea,2023/2024,2023-06-03,Jeju United FC,Gangwon FC,2,2,2-2,Regular Season - 16
1002800,K League 1 Korea,2023/2024,2023-06-03,Gwangju FC,Pohang Steelers,4,2,4-2,Regular Season - 16
1002801,K League 1 Korea,2023/2024,2023-06-04,Daejeon Citizen,Incheon United,1,3,1-3,Regular Season - 16
1002802,K League 1 Korea,2023/2024,2023-06-04,Daegu FC,FC Seoul,1,0,1-0,Regular Season - 16
1002803,K League 1 Korea,2023/2024,2023-06-06,Suwon City FC,Ulsan Hyundai FC,1,3,1-3,Regular Season - 17
1002804,K League 1 Korea,2023/2024,2023-06-06,Pohang Steelers,Jeju United FC,2,1,2-1,Regular Season - 17
1002806,K League 1 Korea,2023/2024,2023-06-07,Gwangju FC,Suwon Bluewings,2,1,2-1,Regular Season - 17
1002805,K League 1 Korea,2023/2024,2023-06-07,Jeonbuk Motors,Daegu FC,1,0,1-0,Regular Season - 17
1002808,K League 1 Korea,2023/2024,2023-06-07,Gangwon FC,Daejeon Citizen,1,2,1-2,Regular Season - 17
1002807,K League 1 Korea,2023/2024,2023-06-07,Incheon United,FC Seoul,1,1,1-1,Regular Season - 17
1002809,K League 1 Korea,2023/2024,2023-06-10,Daegu FC,Suwon City FC,3,1,3-1,Regular Season - 18
1002810,K League 1 Korea,2023/2024,2023-06-10,Ulsan Hyundai FC,Jeju United FC,5,1,5-1,Regular Season - 18
1002811,K League 1 Korea,2023/2024,2023-06-10,Daejeon Citizen,Gwangju FC,1,1,1-1,Regular Season - 18
1002812,K League 1 Korea,2023/2024,2023-06-11,Gangwon FC,Jeonbuk Motors,1,2,1-2,Regular Season - 18
1002813,K League 1 Korea,2023/2024,2023-06-11,FC Seoul,Pohang Steelers,1,1,1-1,Regular Season - 18
1002814,K League 1 Korea,2023/2024,2023-06-11,Suwon Bluewings,Incheon United,0,0,0-0,Regular Season - 18
1002815,K League 1 Korea,2023/2024,2023-06-24,Suwon Bluewings,FC Seoul,0,1,0-1,Regular Season - 19
1002816,K League 1 Korea,2023/2024,2023-06-24,Jeju United FC,Daejeon Citizen,1,1,1-1,Regular Season - 19
1002817,K League 1 Korea,2023/2024,2023-06-24,Gwangju FC,Jeonbuk Motors,2,0,2-0,Regular Season - 19
1002818,K League 1 Korea,2023/2024,2023-06-24,Ulsan Hyundai FC,Daegu FC,3,1,3-1,Regular Season - 19
1002819,K League 1 Korea,2023/2024,2023-06-25,Incheon United,Pohang Steelers,0,1,0-1,Regular Season - 19
1002820,K League 1 Korea,2023/2024,2023-06-25,Suwon City FC,Gangwon FC,1,1,1-1,Regular Season - 19
1002821,K League 1 Korea,2023/2024,2023-07-01,Jeonbuk Motors,Jeju United FC,2,0,2-0,Regular Season - 20
1002822,K League 1 Korea,2023/2024,2023-07-01,Daegu FC,Suwon Bluewings,1,1,1-1,Regular Season - 20
1002823,K League 1 Korea,2023/2024,2023-07-01,FC Seoul,Daejeon Citizen,0,0,0-0,Regular Season - 20
1002824,K League 1 Korea,2023/2024,2023-07-02,Gwangju FC,Ulsan Hyundai FC,0,1,0-1,Regular Season - 20
1002825,K League 1 Korea,2023/2024,2023-07-02,Pohang Steelers,Suwon City FC,3,1,3-1,Regular Season - 20
1002826,K League 1 Korea,2023/2024,2023-07-02,Incheon United,Gangwon FC,1,0,1-0,Regular Season - 20
1002828,K League 1 Korea,2023/2024,2023-07-07,Gangwon FC,Gwangju FC,1,1,1-1,Regular Season - 21
1002827,K League 1 Korea,2023/2024,2023-07-07,Jeju United FC,Daegu FC,1,2,1-2,Regular Season - 21
1002829,K League 1 Korea,2023/2024,2023-07-08,Pohang Steelers,Ulsan Hyundai FC,0,1,0-1,Regular Season - 21
1002830,K League 1 Korea,2023/2024,2023-07-08,Suwon City FC,Incheon United,2,2,2-2,Regular Season - 21
1002831,K League 1 Korea,2023/2024,2023-07-08,Jeonbuk Motors,FC Seoul,2,1,2-1,Regular Season - 21
1002832,K League 1 Korea,2023/2024,2023-07-09,Daejeon Citizen,Suwon Bluewings,2,2,2-2,Regular Season - 21
1002833,K League 1 Korea,2023/2024,2023-07-11,Daegu FC,Gangwon FC,0,0,0-0,Regular Season - 22
1002834,K League 1 Korea,2023/2024,2023-07-11,Jeju United FC,Gwangju FC,0,0,0-0,Regular Season - 22
1002835,K League 1 Korea,2023/2024,2023-07-12,Ulsan Hyundai FC,Incheon United,1,2,1-2,Regular Season - 22
1002838,K League 1 Korea,2023/2024,2023-07-12,Daejeon Citizen,Jeonbuk Motors,2,2,2-2,Regular Season - 22
1002836,K League 1 Korea,2023/2024,2023-07-12,Suwon Bluewings,Pohang Steelers,1,1,1-1,Regular Season - 22
1002837,K League 1 Korea,2023/2024,2023-07-12,FC Seoul,Suwon City FC,7,2,7-2,Regular Season - 22
1002839,K League 1 Korea,2023/2024,2023-07-15,Suwon Bluewings,Ulsan Hyundai FC,3,1,3-1,Regular Season - 23
1002840,K League 1 Korea,2023/2024,2023-07-15,Gangwon FC,FC Seoul,1,1,1-1,Regular Season - 23
1002841,K League 1 Korea,2023/2024,2023-07-15,Gwangju FC,Daegu FC,1,1,1-1,Regular Season - 23
1002842,K League 1 Korea,2023/2024,2023-07-16,Jeonbuk Motors,Suwon City FC,1,0,1-0,Regular Season - 23
1002843,K League 1 Korea,2023/2024,2023-07-16,Pohang Steelers,Jeju United FC,4,2,4-2,Regular Season - 23
1002844,K League 1 Korea,2023/2024,2023-07-16,Incheon United,Daejeon Citizen,2,0,2-0,Regular Season - 23
1002846,K League 1 Korea,2023/2024,2023-07-21,Pohang Steelers,Jeonbuk Motors,2,1,2-1,Regular Season - 24
1002845,K League 1 Korea,2023/2024,2023-07-21,Ulsan Hyundai FC,Jeju United FC,2,1,2-1,Regular Season - 24
1002847,K League 1 Korea,2023/2024,2023-07-22,Suwon City FC,Gwangju FC,0,1,0-1,Regular Season - 24
1002848,K League 1 Korea,2023/2024,2023-07-22,Gangwon FC,Suwon Bluewings,1,2,1-2,Regular Season - 24
1002849,K League 1 Korea,2023/2024,2023-07-22,FC Seoul,Incheon United,0,1,0-1,Regular Season - 24
1002850,K League 1 Korea,2023/2024,2023-07-22,Daejeon Citizen,Daegu FC,1,0,1-0,Regular Season - 24
1002851,K League 1 Korea,2023/2024,2023-08-04,Gwangju FC,Daejeon Citizen,3,0,3-0,Regular Season - 25
1002852,K League 1 Korea,2023/2024,2023-08-04,FC Seoul,Pohang Steelers,2,2,2-2,Regular Season - 25
1002853,K League 1 Korea,2023/2024,2023-08-05,Suwon Bluewings,Suwon City FC,0,2,0-2,Regular Season - 25
1002854,K League 1 Korea,2023/2024,2023-08-05,Daegu FC,Ulsan Hyundai FC,0,0,0-0,Regular Season - 25
1002855,K League 1 Korea,2023/2024,2023-08-06,Jeonbuk Motors,Incheon United,2,0,2-0,Regular Season - 25
1002856,K League 1 Korea,2023/2024,2023-08-06,Jeju United FC,Gangwon FC,1,1,1-1,Regular Season - 25
1002857,K League 1 Korea,2023/2024,2023-08-12,Jeonbuk Motors,Suwon Bluewings,1,1,1-1,Regular Season - 26
1002858,K League 1 Korea,2023/2024,2023-08-12,Gangwon FC,Ulsan Hyundai FC,2,0,2-0,Regular Season - 26
1002859,K League 1 Korea,2023/2024,2023-08-12,Jeju United FC,Suwon City FC,3,0,3-0,Regular Season - 26
1002860,K League 1 Korea,2023/2024,2023-08-13,Daejeon Citizen,FC Seoul,4,3,4-3,Regular Season - 26
1002861,K League 1 Korea,2023/2024,2023-08-13,Incheon United,Daegu FC,3,1,3-1,Regular Season - 26
1002862,K League 1 Korea,2023/2024,2023-08-13,Pohang Steelers,Gwangju FC,1,1,1-1,Regular Season - 26
1002864,K League 1 Korea,2023/2024,2023-08-18,Incheon United,Gwangju FC,2,2,2-2,Regular Season - 27
1002863,K League 1 Korea,2023/2024,2023-08-18,Suwon Bluewings,Jeju United FC,1,0,1-0,Regular Season - 27
1002866,K League 1 Korea,2023/2024,2023-08-19,Gangwon FC,Suwon City FC,1,2,1-2,Regular Season - 27
1002865,K League 1 Korea,2023/2024,2023-08-19,Ulsan Hyundai FC,Jeonbuk Motors,1,0,1-0,Regular Season - 27
1002867,K League 1 Korea,2023/2024,2023-08-19,FC Seoul,Daegu FC,2,2,2-2,Regular Season - 27
1002868,K League 1 Korea,2023/2024,2023-08-20,Pohang Steelers,Daejeon Citizen,4,3,4-3,Regular Season - 27
1002869,K League 1 Korea,2023/2024,2023-08-25,Suwon City FC,Incheon United,1,2,1-2,Regular Season - 28
1002870,K League 1 Korea,2023/2024,2023-08-25,Jeonbuk Motors,Daejeon Citizen,1,1,1-1,Regular Season - 28
1002871,K League 1 Korea,2023/2024,2023-08-26,Daegu FC,Jeju United FC,1,0,1-0,Regular Season - 28
1002872,K League 1 Korea,2023/2024,2023-08-26,Gangwon FC,Pohang Steelers,1,1,1-1,Regular Season - 28
1002873,K League 1 Korea,2023/2024,2023-08-27,FC Seoul,Ulsan Hyundai FC,2,2,2-2,Regular Season - 28
1002874,K League 1 Korea,2023/2024,2023-08-27,Gwangju FC,Suwon Bluewings,4,0,4-0,Regular Season - 28
1002875,K League 1 Korea,2023/2024,2023-09-01,Daejeon Citizen,Suwon City FC,0,1,0-1,Regular Season - 29
1002876,K League 1 Korea,2023/2024,2023-09-01,Daegu FC,Gangwon FC,1,0,1-0,Regular Season - 29
1002877,K League 1 Korea,2023/2024,2023-09-02,Suwon Bluewings,FC Seoul,0,1,0-1,Regular Season - 29
1002878,K League 1 Korea,2023/2024,2023-09-02,Incheon United,Pohang Steelers,0,2,0-2,Regular Season - 29
1002879,K League 1 Korea,2023/2024,2023-09-03,Ulsan Hyundai FC,Gwangju FC,0,2,0-2,Regular Season - 29
1002880,K League 1 Korea,2023/2024,2023-09-03,Jeju United FC,Jeonbuk Motors,0,0,0-0,Regular Season - 29
1002881,K League 1 Korea,2023/2024,2023-09-16,Jeonbuk Motors,Gangwon FC,1,3,1-3,Regular Season - 30
1002882,K League 1 Korea,2023/2024,2023-09-16,Incheon United,Jeju United FC,2,1,2-1,Regular Season - 30
1002883,K League 1 Korea,2023/2024,2023-09-16,Pohang Steelers,Suwon City FC,2,0,2-0,Regular Season - 30
1002884,K League 1 Korea,2023/2024,2023-09-16,Ulsan Hyundai FC,Daejeon Citizen,1,1,1-1,Regular Season - 30
1002885,K League 1 Korea,2023/2024,2023-09-17,FC Seoul,Gwangju FC,0,1,0-1,Regular Season - 30
1002886,K League 1 Korea,2023/2024,2023-09-17,Suwon Bluewings,Daegu FC,0,1,0-1,Regular Season - 30
1002887,K League 1 Korea,2023/2024,2023-09-23,Daejeon Citizen,Suwon Bluewings,3,1,3-1,Regular Season - 31
1002888,K League 1 Korea,2023/2024,2023-09-23,Jeju United FC,FC Seoul,1,3,1-3,Regular Season - 31
1002889,K League 1 Korea,2023/2024,2023-09-24,Suwon City FC,Ulsan Hyundai FC,2,3,2-3,Regular Season - 31
1002890,K League 1 Korea,2023/2024,2023-09-24,Gwangju FC,Jeonbuk Motors,0,1,0-1,Regular Season - 31
1002891,K League 1 Korea,2023/2024,2023-09-24,Gangwon FC,Incheon United,1,1,1-1,Regular Season - 31
1002892,K League 1 Korea,2023/2024,2023-09-24,Daegu FC,Pohang Steelers,0,0,0-0,Regular Season - 31
1002894,K League 1 Korea,2023/2024,2023-09-30,Suwon City FC,FC Seoul,1,1,1-1,Regular Season - 32
1002893,K League 1 Korea,2023/2024,2023-09-30,Pohang Steelers,Ulsan Hyundai FC,0,0,0-0,Regular Season - 32
1002895,K League 1 Korea,2023/2024,2023-09-30,Jeonbuk Motors,Daegu FC,1,3,1-3,Regular Season - 32
1002896,K League 1 Korea,2023/2024,2023-09-30,Incheon United,Suwon Bluewings,2,0,2-0,Regular Season - 32
1002897,K League 1 Korea,2023/2024,2023-10-01,Gangwon FC,Daejeon Citizen,1,1,1-1,Regular Season - 32
1002898,K League 1 Korea,2023/2024,2023-10-01,Jeju United FC,Gwangju FC,1,2,1-2,Regular Season - 32
1002900,K League 1 Korea,2023/2024,2023-10-08,Daegu FC,Suwon City FC,2,2,2-2,Regular Season - 33
1002904,K League 1 Korea,2023/2024,2023-10-08,Daejeon Citizen,Jeju United FC,1,0,1-0,Regular Season - 33
1002903,K League 1 Korea,2023/2024,2023-10-08,Gwangju FC,Gangwon FC,1,0,1-0,Regular Season - 33
1002902,K League 1 Korea,2023/2024,2023-10-08,Suwon Bluewings,Pohang Steelers,1,0,1-0,Regular Season - 33
1002901,K League 1 Korea,2023/2024,2023-10-08,FC Seoul,Jeonbuk Motors,0,2,0-2,Regular Season - 33
1002899,K League 1 Korea,2023/2024,2023-10-08,Ulsan Hyundai FC,Incheon United,0,0,0-0,Regular Season - 33
1138384,K League 1 Korea,2023/2024,2023-10-20,Pohang Steelers,Incheon United,1,1,1-1,Championship Round - 1
1138385,K League 1 Korea,2023/2024,2023-10-21,Gwangju FC,Ulsan Hyundai FC,1,0,1-0,Championship Round - 1
1138386,K League 1 Korea,2023/2024,2023-10-21,Daegu FC,Jeonbuk Motors,1,2,1-2,Championship Round - 1
1138370,K League 1 Korea,2023/2024,2023-10-22,Jeju United FC,Suwon Bluewings,2,0,2-0,Relegation Round - 1
1138369,K League 1 Korea,2023/2024,2023-10-22,FC Seoul,Gangwon FC,2,1,2-1,Relegation Round - 1
1138371,K League 1 Korea,2023/2024,2023-10-22,Daejeon Citizen,Suwon City FC,1,1,1-1,Relegation Round - 1
1138387,K League 1 Korea,2023/2024,2023-10-28,Jeonbuk Motors,Pohang Steelers,1,1,1-1,Championship Round - 2
1138372,K League 1 Korea,2023/2024,2023-10-28,Gangwon FC,Jeju United FC,1,1,1-1,Relegation Round - 2
1138388,K League 1 Korea,2023/2024,2023-10-28,Gwangju FC,Incheon United,0,2,0-2,Championship Round - 2
1138373,K League 1 Korea,2023/2024,2023-10-29,Suwon Bluewings,Daejeon Citizen,2,2,2-2,Relegation Round - 2
1138389,K League 1 Korea,2023/2024,2023-10-29,Ulsan Hyundai FC,Daegu FC,2,0,2-0,Championship Round - 2
1138374,K League 1 Korea,2023/2024,2023-10-29,Suwon City FC,FC Seoul,3,4,3-4,Relegation Round - 2
1138375,K League 1 Korea,2023/2024,2023-11-11,Daejeon Citizen,Gangwon FC,0,1,0-1,Relegation Round - 3
1138390,K League 1 Korea,2023/2024,2023-11-11,Daegu FC,Gwangju FC,1,1,1-1,Championship Round - 3
1138376,K League 1 Korea,2023/2024,2023-11-11,Jeju United FC,FC Seoul,0,0,0-0,Relegation Round - 3
1138377,K League 1 Korea,2023/2024,2023-11-12,Suwon City FC,Suwon Bluewings,2,3,2-3,Relegation Round - 3
1138391,K League 1 Korea,2023/2024,2023-11-12,Incheon United,Jeonbuk Motors,1,1,1-1,Championship Round - 3
1138392,K League 1 Korea,2023/2024,2023-11-12,Ulsan Hyundai FC,Pohang Steelers,3,2,3-2,Championship Round - 3
1138393,K League 1 Korea,2023/2024,2023-11-24,Incheon United,Ulsan Hyundai FC,3,1,3-1,Championship Round - 4
1138378,K League 1 Korea,2023/2024,2023-11-25,Jeju United FC,Daejeon Citizen,0,2,0-2,Relegation Round - 4
1138394,K League 1 Korea,2023/2024,2023-11-25,Jeonbuk Motors,Gwangju FC,2,0,2-0,Championship Round - 4
1138380,K League 1 Korea,2023/2024,2023-11-25,Gangwon FC,Suwon City FC,2,0,2-0,Relegation Round - 4
1138395,K League 1 Korea,2023/2024,2023-11-25,Pohang Steelers,Daegu FC,1,0,1-0,Championship Round - 4
1138379,K League 1 Korea,2023/2024,2023-11-25,FC Seoul,Suwon Bluewings,0,1,0-1,Relegation Round - 4
1138381,K League 1 Korea,2023/2024,2023-12-02,Daejeon Citizen,FC Seoul,2,2,2-2,Relegation Round - 5
1138382,K League 1 Korea,2023/2024,2023-12-02,Suwon City FC,Jeju United FC,1,1,1-1,Relegation Round - 5
1138383,K League 1 Korea,2023/2024,2023-12-02,Suwon Bluewings,Gangwon FC,0,0,0-0,Relegation Round - 5
1138398,K League 1 Korea,2023/2024,2023-12-03,Daegu FC,Incheon United,2,1,2-1,Championship Round - 5
1138397,K League 1 Korea,2023/2024,2023-12-03,Gwangju FC,Pohang Steelers,0,0,0-0,Championship Round - 5
1138396,K League 1 Korea,2023/2024,2023-12-03,Ulsan Hyundai FC,Jeonbuk Motors,1,0,1-0,Championship Round - 5
1145745,K League 1 Korea,2023/2024,2023-12-06,Busan I Park,Suwon City FC,2,1,2-1,Relegation Round
1145747,K League 1 Korea,2023/2024,2023-12-06,Gimpo Citizen,Gangwon FC,0,0,0-0,Relegation Round
1145748,K League 1 Korea,2023/2024,2023-12-09,Gangwon FC,Gimpo Citizen,2,1,2-1,Relegation Round
1162902,K League 1 Korea,2024/2025,2024-03-01,Ulsan Hyundai FC,Pohang Steelers,1,0,1-0,Regular Season - 1
1162903,K League 1 Korea,2024/2025,2024-03-01,Jeonbuk Motors,Daejeon Citizen,1,1,1-1,Regular Season - 1
1162904,K League 1 Korea,2024/2025,2024-03-02,Gwangju FC,FC Seoul,2,0,2-0,Regular Season - 1
1162906,K League 1 Korea,2024/2025,2024-03-02,Gangwon FC,Jeju United FC,1,1,1-1,Regular Season - 1
1162905,K League 1 Korea,2024/2025,2024-03-02,Incheon United,Suwon City FC,0,1,0-1,Regular Season - 1
1162907,K League 1 Korea,2024/2025,2024-03-03,Daegu FC,Gimcheon Sangmu FC,0,1,0-1,Regular Season - 1
1162908,K League 1 Korea,2024/2025,2024-03-09,Suwon City FC,Jeonbuk Motors,1,1,1-1,Regular Season - 2
1162909,K League 1 Korea,2024/2025,2024-03-09,Pohang Steelers,Daegu FC,3,1,3-1,Regular Season - 2
1162910,K League 1 Korea,2024/2025,2024-03-09,Gimcheon Sangmu FC,Ulsan Hyundai FC,2,3,2-3,Regular Season - 2
1162911,K League 1 Korea,2024/2025,2024-03-10,Jeju United FC,Daejeon Citizen,3,1,3-1,Regular Season - 2
1162913,K League 1 Korea,2024/2025,2024-03-10,FC Seoul,Incheon United,0,0,0-0,Regular Season - 2
1162912,K League 1 Korea,2024/2025,2024-03-10,Gwangju FC,Gangwon FC,4,2,4-2,Regular Season - 2
1162914,K League 1 Korea,2024/2025,2024-03-16,Daejeon Citizen,Gangwon FC,1,1,1-1,Regular Season - 3
1162915,K League 1 Korea,2024/2025,2024-03-16,Daegu FC,Suwon City FC,1,1,1-1,Regular Season - 3
1162916,K League 1 Korea,2024/2025,2024-03-16,FC Seoul,Jeju United FC,2,0,2-0,Regular Season - 3
1162917,K League 1 Korea,2024/2025,2024-03-17,Pohang Steelers,Gwangju FC,1,0,1-0,Regular Season - 3
1162918,K League 1 Korea,2024/2025,2024-03-17,Gimcheon Sangmu FC,Jeonbuk Motors,1,0,1-0,Regular Season - 3
1162919,K League 1 Korea,2024/2025,2024-03-17,Ulsan Hyundai FC,Incheon United,3,3,3-3,Regular Season - 3
1162920,K League 1 Korea,2024/2025,2024-03-30,Jeonbuk Motors,Ulsan Hyundai FC,2,2,2-2,Regular Season - 4
1162921,K League 1 Korea,2024/2025,2024-03-30,Incheon United,Daejeon Citizen,2,0,2-0,Regular Season - 4
1162923,K League 1 Korea,2024/2025,2024-03-30,Suwon City FC,Gimcheon Sangmu FC,1,4,1-4,Regular Season - 4
1162922,K League 1 Korea,2024/2025,2024-03-30,Jeju United FC,Pohang Steelers,0,2,0-2,Regular Season - 4
1162924,K League 1 Korea,2024/2025,2024-03-31,Gangwon FC,FC Seoul,1,1,1-1,Regular Season - 4
1162925,K League 1 Korea,2024/2025,2024-03-31,Gwangju FC,Daegu FC,1,2,1-2,Regular Season - 4
1162927,K League 1 Korea,2024/2025,2024-04-02,Daejeon Citizen,Ulsan Hyundai FC,2,0,2-0,Regular Season - 5
1162926,K League 1 Korea,2024/2025,2024-04-02,Pohang Steelers,Suwon City FC,1,1,1-1,Regular Season - 5
1162931,K League 1 Korea,2024/2025,2024-04-03,Gangwon FC,Daegu FC,3,0,3-0,Regular Season - 5
1162928,K League 1 Korea,2024/2025,2024-04-03,Gwangju FC,Incheon United,2,3,2-3,Regular Season - 5
1162930,K League 1 Korea,2024/2025,2024-04-03,Jeju United FC,Jeonbuk Motors,2,0,2-0,Regular Season - 5
1162929,K League 1 Korea,2024/2025,2024-04-03,FC Seoul,Gimcheon Sangmu FC,5,1,5-1,Regular Season - 5
1162932,K League 1 Korea,2024/2025,2024-04-06,Ulsan Hyundai FC,Suwon City FC,3,0,3-0,Regular Season - 6
1162933,K League 1 Korea,2024/2025,2024-04-06,Incheon United,Jeju United FC,0,1,0-1,Regular Season - 6
1162934,K League 1 Korea,2024/2025,2024-04-06,Gimcheon Sangmu FC,Gwangju FC,2,1,2-1,Regular Season - 6
1162936,K League 1 Korea,2024/2025,2024-04-07,Daegu FC,FC Seoul,0,0,0-0,Regular Season - 6
1162935,K League 1 Korea,2024/2025,2024-04-07,Jeonbuk Motors,Gangwon FC,2,3,2-3,Regular Season - 6
1162937,K League 1 Korea,2024/2025,2024-04-07,Daejeon Citizen,Pohang Steelers,1,2,1-2,Regular Season - 6
1162938,K League 1 Korea,2024/2025,2024-04-13,Jeonbuk Motors,Gwangju FC,2,1,2-1,Regular Season - 7
1162939,K League 1 Korea,2024/2025,2024-04-13,FC Seoul,Pohang Steelers,2,4,2-4,Regular Season - 7
1162941,K League 1 Korea,2024/2025,2024-04-13,Jeju United FC,Gimcheon Sangmu FC,0,2,0-2,Regular Season - 7
1162940,K League 1 Korea,2024/2025,2024-04-13,Ulsan Hyundai FC,Gangwon FC,4,0,4-0,Regular Season - 7
1162942,K League 1 Korea,2024/2025,2024-04-14,Suwon City FC,Daejeon Citizen,1,0,1-0,Regular Season - 7
1162943,K League 1 Korea,2024/2025,2024-04-14,Incheon United,Daegu FC,1,1,1-1,Regular Season - 7
1162945,K League 1 Korea,2024/2025,2024-04-20,Suwon City FC,Jeju United FC,2,1,2-1,Regular Season - 8
1162946,K League 1 Korea,2024/2025,2024-04-20,Pohang Steelers,Gimcheon Sangmu FC,0,0,0-0,Regular Season - 8
1162947,K League 1 Korea,2024/2025,2024-04-20,FC Seoul,Jeonbuk Motors,2,3,2-3,Regular Season - 8
1162948,K League 1 Korea,2024/2025,2024-04-21,Gangwon FC,Incheon United,4,1,4-1,Regular Season - 8
1162949,K League 1 Korea,2024/2025,2024-04-21,Daegu FC,Daejeon Citizen,0,0,0-0,Regular Season - 8
1162950,K League 1 Korea,2024/2025,2024-04-27,Daejeon Citizen,FC Seoul,3,1,3-1,Regular Season - 9
1162951,K League 1 Korea,2024/2025,2024-04-27,Gwangju FC,Suwon City FC,1,2,1-2,Regular Season - 9
1162952,K League 1 Korea,2024/2025,2024-04-27,Gimcheon Sangmu FC,Gangwon FC,1,0,1-0,Regular Season - 9
1162954,K League 1 Korea,2024/2025,2024-04-28,Jeonbuk Motors,Daegu FC,2,2,2-2,Regular Season - 9
1162953,K League 1 Korea,2024/2025,2024-04-28,Pohang Steelers,Incheon United,0,0,0-0,Regular Season - 9
1162955,K League 1 Korea,2024/2025,2024-04-28,Ulsan Hyundai FC,Jeju United FC,3,1,3-1,Regular Season - 9
1162956,K League 1 Korea,2024/2025,2024-04-30,Daejeon Citizen,Gimcheon Sangmu FC,0,0,0-0,Regular Season - 10
1162957,K League 1 Korea,2024/2025,2024-04-30,Suwon City FC,FC Seoul,0,2,0-2,Regular Season - 10
1162961,K League 1 Korea,2024/2025,2024-05-01,Gangwon FC,Pohang Steelers,2,4,2-4,Regular Season - 10
1162958,K League 1 Korea,2024/2025,2024-05-01,Daegu FC,Ulsan Hyundai FC,1,2,1-2,Regular Season - 10
1162960,K League 1 Korea,2024/2025,2024-05-01,Jeju United FC,Gwangju FC,1,3,1-3,Regular Season - 10
1162959,K League 1 Korea,2024/2025,2024-05-01,Incheon United,Jeonbuk Motors,3,0,3-0,Regular Season - 10
1162962,K League 1 Korea,2024/2025,2024-05-04,FC Seoul,Ulsan Hyundai FC,0,1,0-1,Regular Season - 11
1162963,K League 1 Korea,2024/2025,2024-05-04,Pohang Steelers,Jeonbuk Motors,1,0,1-0,Regular Season - 11
1162964,K League 1 Korea,2024/2025,2024-05-05,Suwon City FC,Gangwon FC,1,2,1-2,Regular Season - 11
1162965,K League 1 Korea,2024/2025,2024-05-05,Gimcheon Sangmu FC,Incheon United,2,2,2-2,Regular Season - 11
1162966,K League 1 Korea,2024/2025,2024-05-06,Jeju United FC,Daegu FC,1,0,1-0,Regular Season - 11
1162967,K League 1 Korea,2024/2025,2024-05-06,Gwangju FC,Daejeon Citizen,2,1,2-1,Regular Season - 11
1162968,K League 1 Korea,2024/2025,2024-05-11,Incheon United,FC Seoul,1,2,1-2,Regular Season - 12
1162970,K League 1 Korea,2024/2025,2024-05-11,Gangwon FC,Daejeon Citizen,3,3,3-3,Regular Season - 12
1162969,K League 1 Korea,2024/2025,2024-05-11,Daegu FC,Gwangju FC,3,2,3-2,Regular Season - 12
1162971,K League 1 Korea,2024/2025,2024-05-12,Jeonbuk Motors,Suwon City FC,2,3,2-3,Regular Season - 12
1162973,K League 1 Korea,2024/2025,2024-05-12,Pohang Steelers,Jeju United FC,1,1,1-1,Regular Season - 12
1162972,K League 1 Korea,2024/2025,2024-05-12,Ulsan Hyundai FC,Gimcheon Sangmu FC,2,2,2-2,Regular Season - 12
1162944,K League 1 Korea,2024/2025,2024-05-15,Gwangju FC,Ulsan Hyundai FC,2,1,2-1,Regular Season - 8
1162974,K League 1 Korea,2024/2025,2024-05-18,Daejeon Citizen,Incheon United,0,1,0-1,Regular Season - 13
1162976,K League 1 Korea,2024/2025,2024-05-18,Gimcheon Sangmu FC,Jeju United FC,1,0,1-0,Regular Season - 13
1162978,K League 1 Korea,2024/2025,2024-05-19,Gangwon FC,Ulsan Hyundai FC,1,0,1-0,Regular Season - 13
1162975,K League 1 Korea,2024/2025,2024-05-19,Gwangju FC,Jeonbuk Motors,0,3,0-3,Regular Season - 13
1162977,K League 1 Korea,2024/2025,2024-05-19,FC Seoul,Daegu FC,1,2,1-2,Regular Season - 13
1162979,K League 1 Korea,2024/2025,2024-05-19,Suwon City FC,Pohang Steelers,1,0,1-0,Regular Season - 13
1162980,K League 1 Korea,2024/2025,2024-05-25,Jeonbuk Motors,Gimcheon Sangmu FC,0,0,0-0,Regular Season - 14
1162981,K League 1 Korea,2024/2025,2024-05-25,Ulsan Hyundai FC,Daejeon Citizen,4,1,4-1,Regular Season - 14
1162983,K League 1 Korea,2024/2025,2024-05-25,Incheon United,Gwangju FC,1,1,1-1,Regular Season - 14
1162982,K League 1 Korea,2024/2025,2024-05-25,Pohang Steelers,FC Seoul,2,2,2-2,Regular Season - 14
1162984,K League 1 Korea,2024/2025,2024-05-26,Daegu FC,Gangwon FC,1,2,1-2,Regular Season - 14
1162985,K League 1 Korea,2024/2025,2024-05-26,Jeju United FC,Suwon City FC,1,0,1-0,Regular Season - 14
1162986,K League 1 Korea,2024/2025,2024-05-28,Gwangju FC,Pohang Steelers,0,1,0-1,Regular Season - 15
1162987,K League 1 Korea,2024/2025,2024-05-28,Gimcheon Sangmu FC,FC Seoul,0,0,0-0,Regular Season - 15
1162991,K League 1 Korea,2024/2025,2024-05-29,Gangwon FC,Jeonbuk Motors,2,1,2-1,Regular Season - 15
1162989,K League 1 Korea,2024/2025,2024-05-29,Daejeon Citizen,Jeju United FC,0,1,0-1,Regular Season - 15
1162990,K League 1 Korea,2024/2025,2024-05-29,Suwon City FC,Daegu FC,2,0,2-0,Regular Season - 15
1162988,K League 1 Korea,2024/2025,2024-05-29,Incheon United,Ulsan Hyundai FC,1,1,1-1,Regular Season - 15
1162992,K League 1 Korea,2024/2025,2024-06-01,Ulsan Hyundai FC,Jeonbuk Motors,1,0,1-0,Regular Season - 16
1162993,K League 1 Korea,2024/2025,2024-06-01,Suwon City FC,Incheon United,3,1,3-1,Regular Season - 16
1162994,K League 1 Korea,2024/2025,2024-06-01,Gimcheon Sangmu FC,Pohang Steelers,3,1,3-1,Regular Season - 16
1162995,K League 1 Korea,2024/2025,2024-06-02,Daejeon Citizen,Daegu FC,1,0,1-0,Regular Season - 16
1162996,K League 1 Korea,2024/2025,2024-06-02,Jeju United FC,Gangwon FC,1,2,1-2,Regular Season - 16
1162997,K League 1 Korea,2024/2025,2024-06-02,FC Seoul,Gwangju FC,1,2,1-2,Regular Season - 16
1162998,K League 1 Korea,2024/2025,2024-06-15,Pohang Steelers,Daejeon Citizen,1,1,1-1,Regular Season - 17
1162999,K League 1 Korea,2024/2025,2024-06-15,Gwangju FC,Gimcheon Sangmu FC,2,0,2-0,Regular Season - 17
1163000,K League 1 Korea,2024/2025,2024-06-15,Gangwon FC,Suwon City FC,3,1,3-1,Regular Season - 17
1163002,K League 1 Korea,2024/2025,2024-06-16,Jeonbuk Motors,Incheon United,2,2,2-2,Regular Season - 17
1163001,K League 1 Korea,2024/2025,2024-06-16,Ulsan Hyundai FC,FC Seoul,2,2,2-2,Regular Season - 17
1163003,K League 1 Korea,2024/2025,2024-06-16,Daegu FC,Jeju United FC,1,0,1-0,Regular Season - 17
1163004,K League 1 Korea,2024/2025,2024-06-22,Daegu FC,Jeonbuk Motors,3,0,3-0,Regular Season - 18
1163006,K League 1 Korea,2024/2025,2024-06-22,Gangwon FC,Gimcheon Sangmu FC,2,3,2-3,Regular Season - 18
1163005,K League 1 Korea,2024/2025,2024-06-22,Daejeon Citizen,Gwangju FC,2,1,2-1,Regular Season - 18
1163007,K League 1 Korea,2024/2025,2024-06-22,FC Seoul,Suwon City FC,3,0,3-0,Regular Season - 18
1163009,K League 1 Korea,2024/2025,2024-06-23,Jeju United FC,Ulsan Hyundai FC,2,3,2-3,Regular Season - 18
1163008,K League 1 Korea,2024/2025,2024-06-23,Incheon United,Pohang Steelers,1,3,1-3,Regular Season - 18
1163010,K League 1 Korea,2024/2025,2024-06-25,Suwon City FC,Gwangju FC,1,0,1-0,Regular Season - 19
1163011,K League 1 Korea,2024/2025,2024-06-25,Gimcheon Sangmu FC,Daejeon Citizen,2,0,2-0,Regular Season - 19
1163015,K League 1 Korea,2024/2025,2024-06-26,Jeju United FC,Incheon United,1,0,1-0,Regular Season - 19
1163013,K League 1 Korea,2024/2025,2024-06-26,Jeonbuk Motors,Pohang Steelers,1,1,1-1,Regular Season - 19
1163014,K League 1 Korea,2024/2025,2024-06-26,FC Seoul,Gangwon FC,2,0,2-0,Regular Season - 19
1163012,K League 1 Korea,2024/2025,2024-06-26,Ulsan Hyundai FC,Daegu FC,1,0,1-0,Regular Season - 19
1163016,K League 1 Korea,2024/2025,2024-06-29,Gimcheon Sangmu FC,Daegu FC,2,0,2-0,Regular Season - 20
1163017,K League 1 Korea,2024/2025,2024-06-29,Jeonbuk Motors,FC Seoul,1,5,1-5,Regular Season - 20
1163018,K League 1 Korea,2024/2025,2024-06-29,Daejeon Citizen,Suwon City FC,0,2,0-2,Regular Season - 20
1163019,K League 1 Korea,2024/2025,2024-06-30,Pohang Steelers,Ulsan Hyundai FC,2,1,2-1,Regular Season - 20
1163020,K League 1 Korea,2024/2025,2024-06-30,Gwangju FC,Jeju United FC,2,1,2-1,Regular Season - 20
1163021,K League 1 Korea,2024/2025,2024-06-30,Incheon United,Gangwon FC,0,1,0-1,Regular Season - 20
1163023,K League 1 Korea,2024/2025,2024-07-05,Suwon City FC,Ulsan Hyundai FC,1,1,1-1,Regular Season - 21
1163022,K League 1 Korea,2024/2025,2024-07-05,Incheon United,Gimcheon Sangmu FC,1,1,1-1,Regular Season - 21
1163024,K League 1 Korea,2024/2025,2024-07-06,Jeju United FC,FC Seoul,3,2,3-2,Regular Season - 21
1163025,K League 1 Korea,2024/2025,2024-07-06,Daegu FC,Pohang Steelers,3,3,3-3,Regular Season - 21
1163027,K League 1 Korea,2024/2025,2024-07-07,Gangwon FC,Gwangju FC,2,0,2-0,Regular Season - 21
1163026,K League 1 Korea,2024/2025,2024-07-07,Daejeon Citizen,Jeonbuk Motors,2,2,2-2,Regular Season - 21
1163028,K League 1 Korea,2024/2025,2024-07-09,Daegu FC,Incheon United,0,0,0-0,Regular Season - 22
1163029,K League 1 Korea,2024/2025,2024-07-09,Gimcheon Sangmu FC,Suwon City FC,2,3,2-3,Regular Season - 22
1163032,K League 1 Korea,2024/2025,2024-07-10,Jeonbuk Motors,Jeju United FC,2,1,2-1,Regular Season - 22
1163031,K League 1 Korea,2024/2025,2024-07-10,Pohang Steelers,Gangwon FC,2,0,2-0,Regular Season - 22
1163033,K League 1 Korea,2024/2025,2024-07-10,FC Seoul,Daejeon Citizen,2,1,2-1,Regular Season - 22
1163030,K League 1 Korea,2024/2025,2024-07-10,Ulsan Hyundai FC,Gwangju FC,0,1,0-1,Regular Season - 22
1163034,K League 1 Korea,2024/2025,2024-07-13,Ulsan Hyundai FC,FC Seoul,1,0,1-0,Regular Season - 23
1163035,K League 1 Korea,2024/2025,2024-07-13,Daejeon Citizen,Gangwon FC,1,1,1-1,Regular Season - 23
1163036,K League 1 Korea,2024/2025,2024-07-13,Jeju United FC,Pohang Steelers,2,1,2-1,Regular Season - 23
1163038,K League 1 Korea,2024/2025,2024-07-14,Suwon City FC,Daegu FC,2,2,2-2,Regular Season - 23
1163037,K League 1 Korea,2024/2025,2024-07-14,Gwangju FC,Incheon United,0,2,0-2,Regular Season - 23
1163039,K League 1 Korea,2024/2025,2024-07-14,Gimcheon Sangmu FC,Jeonbuk Motors,4,0,4-0,Regular Season - 23
1163040,K League 1 Korea,2024/2025,2024-07-20,Jeonbuk Motors,Ulsan Hyundai FC,2,0,2-0,Regular Season - 24
1163041,K League 1 Korea,2024/2025,2024-07-20,Gangwon FC,Jeju United FC,4,0,4-0,Regular Season - 24
1163043,K League 1 Korea,2024/2025,2024-07-21,Daegu FC,Gwangju FC,0,1,0-1,Regular Season - 24
1163045,K League 1 Korea,2024/2025,2024-07-21,Daejeon Citizen,Pohang Steelers,1,2,1-2,Regular Season - 24
1163042,K League 1 Korea,2024/2025,2024-07-21,Incheon United,Suwon City FC,1,4,1-4,Regular Season - 24
1163044,K League 1 Korea,2024/2025,2024-07-21,FC Seoul,Gimcheon Sangmu FC,1,0,1-0,Regular Season - 24
1163047,K League 1 Korea,2024/2025,2024-07-26,Gangwon FC,Jeonbuk Motors,4,2,4-2,Regular Season - 25
1163046,K League 1 Korea,2024/2025,2024-07-26,Jeju United FC,Ulsan Hyundai FC,1,0,1-0,Regular Season - 25
1163048,K League 1 Korea,2024/2025,2024-07-27,Gwangju FC,Suwon City FC,1,0,1-0,Regular Season - 25
1163049,K League 1 Korea,2024/2025,2024-07-27,Daegu FC,Daejeon Citizen,1,1,1-1,Regular Season - 25
1163050,K League 1 Korea,2024/2025,2024-07-27,Incheon United,FC Seoul,0,1,0-1,Regular Season - 25
1163051,K League 1 Korea,2024/2025,2024-07-28,Pohang Steelers,Gimcheon Sangmu FC,1,2,1-2,Regular Season - 25
1163052,K League 1 Korea,2024/2025,2024-08-09,Jeonbuk Motors,Gwangju FC,0,1,0-1,Regular Season - 26
1163053,K League 1 Korea,2024/2025,2024-08-09,Gimcheon Sangmu FC,Gangwon FC,1,2,1-2,Regular Season - 26
1163054,K League 1 Korea,2024/2025,2024-08-10,Ulsan Hyundai FC,Daegu FC,1,0,1-0,Regular Season - 26
1163056,K League 1 Korea,2024/2025,2024-08-10,Suwon City FC,Daejeon Citizen,1,2,1-2,Regular Season - 26
1163055,K League 1 Korea,2024/2025,2024-08-10,Jeju United FC,Incheon United,0,1,0-1,Regular Season - 26
1163057,K League 1 Korea,2024/2025,2024-08-11,Pohang Steelers,FC Seoul,1,2,1-2,Regular Season - 26
1163058,K League 1 Korea,2024/2025,2024-08-16,Daegu FC,Gimcheon Sangmu FC,3,0,3-0,Regular Season - 27
1163059,K League 1 Korea,2024/2025,2024-08-16,FC Seoul,Jeju United FC,1,0,1-0,Regular Season - 27
1163060,K League 1 Korea,2024/2025,2024-08-17,Jeonbuk Motors,Pohang Steelers,2,1,2-1,Regular Season - 27
1163061,K League 1 Korea,2024/2025,2024-08-17,Daejeon Citizen,Incheon United,2,1,2-1,Regular Season - 27
1163063,K League 1 Korea,2024/2025,2024-08-18,Gangwon FC,Gwangju FC,3,2,3-2,Regular Season - 27
1163062,K League 1 Korea,2024/2025,2024-08-18,Ulsan Hyundai FC,Suwon City FC,1,2,1-2,Regular Season - 27
1163064,K League 1 Korea,2024/2025,2024-08-24,Pohang Steelers,Daegu FC,1,2,1-2,Regular Season - 28
1163065,K League 1 Korea,2024/2025,2024-08-24,Incheon United,Jeonbuk Motors,0,1,0-1,Regular Season - 28
1163066,K League 1 Korea,2024/2025,2024-08-24,FC Seoul,Gangwon FC,2,0,2-0,Regular Season - 28
1163068,K League 1 Korea,2024/2025,2024-08-25,Suwon City FC,Jeju United FC,5,0,5-0,Regular Season - 28
1163067,K League 1 Korea,2024/2025,2024-08-25,Gwangju FC,Ulsan Hyundai FC,0,1,0-1,Regular Season - 28
1163069,K League 1 Korea,2024/2025,2024-08-25,Gimcheon Sangmu FC,Daejeon Citizen,2,2,2-2,Regular Season - 28
1163070,K League 1 Korea,2024/2025,2024-08-31,Ulsan Hyundai FC,Pohang Steelers,5,4,5-4,Regular Season - 29
1163071,K League 1 Korea,2024/2025,2024-08-31,Daegu FC,Incheon United,1,2,1-2,Regular Season - 29
1163072,K League 1 Korea,2024/2025,2024-09-01,Jeju United FC,Gimcheon Sangmu FC,1,0,1-0,Regular Season - 29
1163075,K League 1 Korea,2024/2025,2024-09-01,Gangwon FC,Suwon City FC,2,2,2-2,Regular Season - 29
1163074,K League 1 Korea,2024/2025,2024-09-01,Daejeon Citizen,Gwangju FC,2,0,2-0,Regular Season - 29
1163073,K League 1 Korea,2024/2025,2024-09-01,Jeonbuk Motors,FC Seoul,0,0,0-0,Regular Season - 29
1163077,K League 1 Korea,2024/2025,2024-09-13,Gwangju FC,Pohang Steelers,2,1,2-1,Regular Season - 30
1163076,K League 1 Korea,2024/2025,2024-09-13,Ulsan Hyundai FC,Gangwon FC,2,0,2-0,Regular Season - 30
1163078,K League 1 Korea,2024/2025,2024-09-14,FC Seoul,Daejeon Citizen,2,3,2-3,Regular Season - 30
1163080,K League 1 Korea,2024/2025,2024-09-14,Suwon City FC,Jeonbuk Motors,0,6,0-6,Regular Season - 30
1163079,K League 1 Korea,2024/2025,2024-09-14,Jeju United FC,Daegu FC,0,4,0-4,Regular Season - 30
1163081,K League 1 Korea,2024/2025,2024-09-15,Gimcheon Sangmu FC,Incheon United,2,0,2-0,Regular Season - 30
1163082,K League 1 Korea,2024/2025,2024-09-21,Suwon City FC,Gimcheon Sangmu FC,2,4,2-4,Regular Season - 31
1163083,K League 1 Korea,2024/2025,2024-09-21,Daegu FC,FC Seoul,1,1,1-1,Regular Season - 31
1163085,K League 1 Korea,2024/2025,2024-09-22,Gwangju FC,Jeju United FC,0,2,0-2,Regular Season - 31
1163084,K League 1 Korea,2024/2025,2024-09-22,Pohang Steelers,Gangwon FC,2,1,2-1,Regular Season - 31
1163087,K League 1 Korea,2024/2025,2024-09-22,Daejeon Citizen,Jeonbuk Motors,0,0,0-0,Regular Season - 31
1163086,K League 1 Korea,2024/2025,2024-09-22,Incheon United,Ulsan Hyundai FC,0,0,0-0,Regular Season - 31
1163089,K League 1 Korea,2024/2025,2024-09-27,Daejeon Citizen,Ulsan Hyundai FC,0,1,0-1,Regular Season - 32
1163088,K League 1 Korea,2024/2025,2024-09-27,Pohang Steelers,Incheon United,1,0,1-0,Regular Season - 32
1163090,K League 1 Korea,2024/2025,2024-09-28,Gangwon FC,Daegu FC,1,1,1-1,Regular Season - 32
1163091,K League 1 Korea,2024/2025,2024-09-28,Jeonbuk Motors,Jeju United FC,2,1,2-1,Regular Season - 32
1163092,K League 1 Korea,2024/2025,2024-09-28,Gimcheon Sangmu FC,Gwangju FC,2,0,2-0,Regular Season - 32
1163093,K League 1 Korea,2024/2025,2024-09-29,FC Seoul,Suwon City FC,1,0,1-0,Regular Season - 32
1163096,K League 1 Korea,2024/2025,2024-10-06,Daegu FC,Jeonbuk Motors,4,3,4-3,Regular Season - 33
1163095,K League 1 Korea,2024/2025,2024-10-06,Gwangju FC,FC Seoul,3,1,3-1,Regular Season - 33
1163098,K League 1 Korea,2024/2025,2024-10-06,Jeju United FC,Daejeon Citizen,2,1,2-1,Regular Season - 33
1163097,K League 1 Korea,2024/2025,2024-10-06,Incheon United,Gangwon FC,1,3,1-3,Regular Season - 33
1163099,K League 1 Korea,2024/2025,2024-10-06,Pohang Steelers,Suwon City FC,1,1,1-1,Regular Season - 33
1163094,K League 1 Korea,2024/2025,2024-10-06,Ulsan Hyundai FC,Gimcheon Sangmu FC,2,1,2-1,Regular Season - 33
1311084,K League 1 Korea,2024/2025,2024-10-18,Gwangju FC,Daegu FC,1,1,1-1,Relegation Round - 1
1311069,K League 1 Korea,2024/2025,2024-10-18,Pohang Steelers,Suwon City FC,1,1,1-1,Championship Round - 1
1311085,K League 1 Korea,2024/2025,2024-10-19,Jeonbuk Motors,Daejeon Citizen,0,2,0-2,Relegation Round - 1
1311086,K League 1 Korea,2024/2025,2024-10-19,Incheon United,Jeju United FC,1,2,1-2,Relegation Round - 1
1311070,K League 1 Korea,2024/2025,2024-10-19,Gimcheon Sangmu FC,Ulsan Hyundai FC,0,0,0-0,Championship Round - 1
1311071,K League 1 Korea,2024/2025,2024-10-20,Gangwon FC,FC Seoul,1,0,1-0,Championship Round - 1
1311072,K League 1 Korea,2024/2025,2024-10-26,Gangwon FC,Gimcheon Sangmu FC,1,0,1-0,Championship Round - 2
1311073,K League 1 Korea,2024/2025,2024-10-26,Suwon City FC,FC Seoul,0,1,0-1,Championship Round - 2
1311087,K League 1 Korea,2024/2025,2024-10-27,Daejeon Citizen,Daegu FC,1,0,1-0,Relegation Round - 2
1311074,K League 1 Korea,2024/2025,2024-10-27,Pohang Steelers,Ulsan Hyundai FC,0,2,0-2,Championship Round - 2
1311089,K League 1 Korea,2024/2025,2024-10-27,Jeju United FC,Jeonbuk Motors,1,0,1-0,Relegation Round - 2
1311088,K League 1 Korea,2024/2025,2024-10-27,Incheon United,Gwangju FC,1,0,1-0,Relegation Round - 2
1311075,K League 1 Korea,2024/2025,2024-11-01,Ulsan Hyundai FC,Gangwon FC,2,1,2-1,Championship Round - 3
1311090,K League 1 Korea,2024/2025,2024-11-02,Jeonbuk Motors,Incheon United,0,0,0-0,Relegation Round - 3
1311091,K League 1 Korea,2024/2025,2024-11-02,Gwangju FC,Daejeon Citizen,0,0,0-0,Relegation Round - 3
1311076,K League 1 Korea,2024/2025,2024-11-02,FC Seoul,Pohang Steelers,1,1,1-1,Championship Round - 3
1311077,K League 1 Korea,2024/2025,2024-11-02,Gimcheon Sangmu FC,Suwon City FC,1,0,1-0,Championship Round - 3
1311092,K League 1 Korea,2024/2025,2024-11-03,Daegu FC,Jeju United FC,2,2,2-2,Relegation Round - 3
1311078,K League 1 Korea,2024/2025,2024-11-09,Suwon City FC,Gangwon FC,4,0,4-0,Championship Round - 4
1311080,K League 1 Korea,2024/2025,2024-11-10,Pohang Steelers,Gimcheon Sangmu FC,0,3,0-3,Championship Round - 4
1311079,K League 1 Korea,2024/2025,2024-11-10,FC Seoul,Ulsan Hyundai FC,1,1,1-1,Championship Round - 4
1311094,K League 1 Korea,2024/2025,2024-11-10,Jeju United FC,Gwangju FC,0,0,0-0,Relegation Round - 4
1311095,K League 1 Korea,2024/2025,2024-11-10,Jeonbuk Motors,Daegu FC,3,1,3-1,Relegation Round - 4
1311093,K League 1 Korea,2024/2025,2024-11-10,Incheon United,Daejeon Citizen,1,2,1-2,Relegation Round - 4
1311083,K League 1 Korea,2024/2025,2024-11-23,Gangwon FC,Pohang Steelers,1,0,1-0,Championship Round - 5
1311081,K League 1 Korea,2024/2025,2024-11-23,Ulsan Hyundai FC,Suwon City FC,4,2,4-2,Championship Round - 5
1311082,K League 1 Korea,2024/2025,2024-11-23,Gimcheon Sangmu FC,FC Seoul,1,3,1-3,Championship Round - 5
1311097,K League 1 Korea,2024/2025,2024-11-24,Daegu FC,Incheon United,1,3,1-3,Relegation Round - 5
1311098,K League 1 Korea,2024/2025,2024-11-24,Daejeon Citizen,Jeju United FC,2,1,2-1,Relegation Round - 5
1311096,K League 1 Korea,2024/2025,2024-11-24,Gwangju FC,Jeonbuk Motors,1,1,1-1,Relegation Round - 5
1317865,K League 1 Korea,2024/2025,2024-11-28,Asan Mugunghwa,Daegu FC,4,3,4-3,Relegation Round
1317867,K League 1 Korea,2024/2025,2024-12-01,Seoul E-Land FC,Jeonbuk Motors,1,2,1-2,Relegation Round
1317868,K League 1 Korea,2024/2025,2024-12-08,Jeonbuk Motors,Seoul E-Land FC,2,1,2-1,Relegation Round
1340701,K League 1 Korea,2025/2026,2025-02-15,Pohang Steelers,Daejeon Citizen,0,3,0-3,Regular Season - 1
1340702,K League 1 Korea,2025/2026,2025-02-15,Jeju United FC,FC Seoul,2,0,2-0,Regular Season - 1
1340703,K League 1 Korea,2025/2026,2025-02-15,Gwangju FC,Suwon City FC,0,0,0-0,Regular Season - 1
1340704,K League 1 Korea,2025/2026,2025-02-16,Ulsan Hyundai FC,FC Anyang,0,1,0-1,Regular Season - 1
1340706,K League 1 Korea,2025/2026,2025-02-16,Daegu FC,Gangwon FC,2,1,2-1,Regular Season - 1
1340705,K League 1 Korea,2025/2026,2025-02-16,Jeonbuk Motors,Gimcheon Sangmu FC,2,1,2-1,Regular Season - 1
1340707,K League 1 Korea,2025/2026,2025-02-22,Jeju United FC,Gimcheon Sangmu FC,2,3,2-3,Regular Season - 2
1340709,K League 1 Korea,2025/2026,2025-02-22,Daegu FC,Suwon City FC,3,1,3-1,Regular Season - 2
1340708,K League 1 Korea,2025/2026,2025-02-22,FC Seoul,FC Anyang,2,1,2-1,Regular Season - 2
1340710,K League 1 Korea,2025/2026,2025-02-23,Daejeon Citizen,Ulsan Hyundai FC,0,2,0-2,Regular Season - 2
1340712,K League 1 Korea,2025/2026,2025-02-23,Gangwon FC,Pohang Steelers,2,1,2-1,Regular Season - 2
1340711,K League 1 Korea,2025/2026,2025-02-23,Jeonbuk Motors,Gwangju FC,2,2,2-2,Regular Season - 2
1340713,K League 1 Korea,2025/2026,2025-03-01,Ulsan Hyundai FC,Jeonbuk Motors,1,0,1-0,Regular Season - 3
1340715,K League 1 Korea,2025/2026,2025-03-01,Gwangju FC,FC Anyang,2,1,2-1,Regular Season - 3
1340714,K League 1 Korea,2025/2026,2025-03-01,Pohang Steelers,Daegu FC,0,0,0-0,Regular Season - 3
1340716,K League 1 Korea,2025/2026,2025-03-02,Daejeon Citizen,Suwon City FC,1,0,1-0,Regular Season - 3
1340717,K League 1 Korea,2025/2026,2025-03-02,Gangwon FC,Jeju United FC,0,0,0-0,Regular Season - 3
1340718,K League 1 Korea,2025/2026,2025-03-03,FC Seoul,Gimcheon Sangmu FC,0,0,0-0,Regular Season - 3
1340719,K League 1 Korea,2025/2026,2025-03-08,Suwon City FC,FC Seoul,0,0,0-0,Regular Season - 4
1340720,K League 1 Korea,2025/2026,2025-03-08,Daegu FC,Daejeon Citizen,1,2,1-2,Regular Season - 4
1340721,K League 1 Korea,2025/2026,2025-03-08,FC Anyang,Gimcheon Sangmu FC,1,3,1-3,Regular Season - 4
1340722,K League 1 Korea,2025/2026,2025-03-09,Ulsan Hyundai FC,Jeju United FC,2,0,2-0,Regular Season - 4
1340724,K League 1 Korea,2025/2026,2025-03-09,Jeonbuk Motors,Gangwon FC,0,1,0-1,Regular Season - 4
1340725,K League 1 Korea,2025/2026,2025-03-15,Jeju United FC,Daejeon Citizen,1,3,1-3,Regular Season - 5
1340726,K League 1 Korea,2025/2026,2025-03-15,Gangwon FC,FC Seoul,0,1,0-1,Regular Season - 5
1340727,K League 1 Korea,2025/2026,2025-03-15,Daegu FC,FC Anyang,0,1,0-1,Regular Season - 5
1340728,K League 1 Korea,2025/2026,2025-03-16,Suwon City FC,Ulsan Hyundai FC,1,1,1-1,Regular Season - 5
1340730,K League 1 Korea,2025/2026,2025-03-16,Jeonbuk Motors,Pohang Steelers,2,2,2-2,Regular Season - 5
1340729,K League 1 Korea,2025/2026,2025-03-16,Gimcheon Sangmu FC,Gwangju FC,0,0,0-0,Regular Season - 5
1340723,K League 1 Korea,2025/2026,2025-03-22,Gwangju FC,Pohang Steelers,2,3,2-3,Regular Season - 4
1340731,K League 1 Korea,2025/2026,2025-03-29,FC Seoul,Daegu FC,3,2,3-2,Regular Season - 6
1340733,K League 1 Korea,2025/2026,2025-03-29,Daejeon Citizen,Gwangju FC,1,1,1-1,Regular Season - 6
1340732,K League 1 Korea,2025/2026,2025-03-29,Pohang Steelers,Ulsan Hyundai FC,1,0,1-0,Regular Season - 6
1340734,K League 1 Korea,2025/2026,2025-03-30,Jeju United FC,Suwon City FC,1,0,1-0,Regular Season - 6
1340736,K League 1 Korea,2025/2026,2025-03-30,FC Anyang,Jeonbuk Motors,0,1,0-1,Regular Season - 6
1340735,K League 1 Korea,2025/2026,2025-03-30,Gimcheon Sangmu FC,Gangwon FC,1,0,1-0,Regular Season - 6
1340808,K League 1 Korea,2025/2026,2025-04-01,Ulsan Hyundai FC,Daejeon Citizen,2,3,2-3,Regular Season - 18
1340737,K League 1 Korea,2025/2026,2025-04-05,Ulsan Hyundai FC,FC Seoul,0,0,0-0,Regular Season - 7
1340739,K League 1 Korea,2025/2026,2025-04-05,Daejeon Citizen,Jeonbuk Motors,0,2,0-2,Regular Season - 7
1340738,K League 1 Korea,2025/2026,2025-04-05,Gimcheon Sangmu FC,Daegu FC,2,0,2-0,Regular Season - 7
1340740,K League 1 Korea,2025/2026,2025-04-05,Suwon City FC,Pohang Steelers,1,1,1-1,Regular Season - 7
1340741,K League 1 Korea,2025/2026,2025-04-06,FC Anyang,Gangwon FC,2,0,2-0,Regular Season - 7
1340742,K League 1 Korea,2025/2026,2025-04-06,Gwangju FC,Jeju United FC,1,0,1-0,Regular Season - 7
1340756,K League 1 Korea,2025/2026,2025-04-09,Gwangju FC,Daegu FC,2,1,2-1,Regular Season - 10
1340743,K League 1 Korea,2025/2026,2025-04-12,Suwon City FC,Gimcheon Sangmu FC,3,2,3-2,Regular Season - 8
1340745,K League 1 Korea,2025/2026,2025-04-12,Pohang Steelers,FC Anyang,2,1,2-1,Regular Season - 8
1340744,K League 1 Korea,2025/2026,2025-04-12,FC Seoul,Daejeon Citizen,2,2,2-2,Regular Season - 8
1340746,K League 1 Korea,2025/2026,2025-04-13,Gangwon FC,Gwangju FC,1,0,1-0,Regular Season - 8
1340748,K League 1 Korea,2025/2026,2025-04-13,Daegu FC,Ulsan Hyundai FC,0,1,0-1,Regular Season - 8
1340747,K League 1 Korea,2025/2026,2025-04-13,Jeonbuk Motors,Jeju United FC,1,1,1-1,Regular Season - 8
1340749,K League 1 Korea,2025/2026,2025-04-19,Ulsan Hyundai FC,Gangwon FC,1,2,1-2,Regular Season - 9
1340751,K League 1 Korea,2025/2026,2025-04-19,FC Anyang,Suwon City FC,3,1,3-1,Regular Season - 9
1340750,K League 1 Korea,2025/2026,2025-04-19,Gimcheon Sangmu FC,Daejeon Citizen,0,2,0-2,Regular Season - 9
1340752,K League 1 Korea,2025/2026,2025-04-19,FC Seoul,Gwangju FC,1,2,1-2,Regular Season - 9
1340753,K League 1 Korea,2025/2026,2025-04-20,Jeju United FC,Pohang Steelers,2,0,2-0,Regular Season - 9
1340754,K League 1 Korea,2025/2026,2025-04-20,Jeonbuk Motors,Daegu FC,3,1,3-1,Regular Season - 9
1340814,K League 1 Korea,2025/2026,2025-04-23,FC Anyang,Ulsan Hyundai FC,0,1,0-1,Regular Season - 19
1340755,K League 1 Korea,2025/2026,2025-04-26,Suwon City FC,Jeonbuk Motors,1,2,1-2,Regular Season - 10
1340757,K League 1 Korea,2025/2026,2025-04-26,FC Anyang,Jeju United FC,2,1,2-1,Regular Season - 10
1340758,K League 1 Korea,2025/2026,2025-04-27,Pohang Steelers,FC Seoul,1,0,1-0,Regular Season - 10
1340760,K League 1 Korea,2025/2026,2025-04-27,Daejeon Citizen,Gangwon FC,1,0,1-0,Regular Season - 10
1340759,K League 1 Korea,2025/2026,2025-04-27,Gimcheon Sangmu FC,Ulsan Hyundai FC,2,0,2-0,Regular Season - 10
1340762,K League 1 Korea,2025/2026,2025-05-02,Pohang Steelers,Gimcheon Sangmu FC,1,2,1-2,Regular Season - 11
1340761,K League 1 Korea,2025/2026,2025-05-02,Ulsan Hyundai FC,Gwangju FC,3,0,3-0,Regular Season - 11
1340764,K League 1 Korea,2025/2026,2025-05-03,Daegu FC,Jeju United FC,3,1,3-1,Regular Season - 11
1340763,K League 1 Korea,2025/2026,2025-05-03,Daejeon Citizen,FC Anyang,2,1,2-1,Regular Season - 11
1340766,K League 1 Korea,2025/2026,2025-05-03,Gangwon FC,Suwon City FC,0,0,0-0,Regular Season - 11
1340765,K League 1 Korea,2025/2026,2025-05-03,FC Seoul,Jeonbuk Motors,0,1,0-1,Regular Season - 11
1340767,K League 1 Korea,2025/2026,2025-05-05,Gwangju FC,Gimcheon Sangmu FC,1,0,1-0,Regular Season - 12
1340768,K League 1 Korea,2025/2026,2025-05-05,Ulsan Hyundai FC,Pohang Steelers,1,1,1-1,Regular Season - 12
1340769,K League 1 Korea,2025/2026,2025-05-06,Jeonbuk Motors,Daejeon Citizen,1,1,1-1,Regular Season - 12
1340770,K League 1 Korea,2025/2026,2025-05-06,Jeju United FC,Gangwon FC,0,3,0-3,Regular Season - 12
1340771,K League 1 Korea,2025/2026,2025-05-06,FC Anyang,FC Seoul,1,1,1-1,Regular Season - 12
1340772,K League 1 Korea,2025/2026,2025-05-06,Suwon City FC,Daegu FC,2,1,2-1,Regular Season - 12
1340773,K League 1 Korea,2025/2026,2025-05-10,Pohang Steelers,Suwon City FC,2,0,2-0,Regular Season - 13
1340775,K League 1 Korea,2025/2026,2025-05-10,FC Anyang,Daegu FC,2,2,2-2,Regular Season - 13
1340774,K League 1 Korea,2025/2026,2025-05-10,Daejeon Citizen,FC Seoul,0,0,0-0,Regular Season - 13
1340776,K League 1 Korea,2025/2026,2025-05-11,Jeju United FC,Ulsan Hyundai FC,1,2,1-2,Regular Season - 13
1340777,K League 1 Korea,2025/2026,2025-05-11,Gangwon FC,Gimcheon Sangmu FC,0,4,0-4,Regular Season - 13
1340778,K League 1 Korea,2025/2026,2025-05-11,Gwangju FC,Jeonbuk Motors,0,1,0-1,Regular Season - 13
1340779,K League 1 Korea,2025/2026,2025-05-17,Jeonbuk Motors,FC Anyang,2,0,2-0,Regular Season - 14
1340780,K League 1 Korea,2025/2026,2025-05-17,Gangwon FC,Ulsan Hyundai FC,1,1,1-1,Regular Season - 14
1340781,K League 1 Korea,2025/2026,2025-05-17,Gimcheon Sangmu FC,Jeju United FC,1,1,1-1,Regular Season - 14
1340783,K League 1 Korea,2025/2026,2025-05-18,Daegu FC,FC Seoul,0,1,0-1,Regular Season - 14
1340782,K League 1 Korea,2025/2026,2025-05-18,Pohang Steelers,Gwangju FC,0,1,0-1,Regular Season - 14
1340784,K League 1 Korea,2025/2026,2025-05-18,Suwon City FC,Daejeon Citizen,3,0,3-0,Regular Season - 14
1340786,K League 1 Korea,2025/2026,2025-05-23,FC Anyang,Pohang Steelers,0,2,0-2,Regular Season - 15
1340785,K League 1 Korea,2025/2026,2025-05-23,Jeju United FC,Jeonbuk Motors,0,0,0-0,Regular Season - 15
1340787,K League 1 Korea,2025/2026,2025-05-24,FC Seoul,Suwon City FC,1,1,1-1,Regular Season - 15
1340789,K League 1 Korea,2025/2026,2025-05-24,Daejeon Citizen,Daegu FC,2,1,2-1,Regular Season - 15
1340788,K League 1 Korea,2025/2026,2025-05-24,Ulsan Hyundai FC,Gimcheon Sangmu FC,3,2,3-2,Regular Season - 15
1340790,K League 1 Korea,2025/2026,2025-05-25,Gwangju FC,Gangwon FC,0,1,0-1,Regular Season - 15
1340793,K League 1 Korea,2025/2026,2025-05-27,Daegu FC,Jeonbuk Motors,0,4,0-4,Regular Season - 16
1340792,K League 1 Korea,2025/2026,2025-05-27,Daejeon Citizen,Pohang Steelers,1,3,1-3,Regular Season - 16
1340791,K League 1 Korea,2025/2026,2025-05-27,Suwon City FC,Jeju United FC,0,1,0-1,Regular Season - 16
1340795,K League 1 Korea,2025/2026,2025-05-28,Gangwon FC,FC Anyang,1,3,1-3,Regular Season - 16
1340796,K League 1 Korea,2025/2026,2025-05-28,Gwangju FC,Ulsan Hyundai FC,1,1,1-1,Regular Season - 16
1340794,K League 1 Korea,2025/2026,2025-05-28,Gimcheon Sangmu FC,FC Seoul,0,1,0-1,Regular Season - 16
1340799,K League 1 Korea,2025/2026,2025-05-31,FC Anyang,Daejeon Citizen,1,1,1-1,Regular Season - 17
1340798,K League 1 Korea,2025/2026,2025-05-31,Jeonbuk Motors,Ulsan Hyundai FC,3,1,3-1,Regular Season - 17
1340797,K League 1 Korea,2025/2026,2025-05-31,FC Seoul,Jeju United FC,1,3,1-3,Regular Season - 17
1340802,K League 1 Korea,2025/2026,2025-06-01,Daegu FC,Gwangju FC,1,1,1-1,Regular Season - 17
1340801,K League 1 Korea,2025/2026,2025-06-01,Pohang Steelers,Gangwon FC,2,1,2-1,Regular Season - 17
1340800,K League 1 Korea,2025/2026,2025-06-01,Gimcheon Sangmu FC,Suwon City FC,1,1,1-1,Regular Season - 17
1340803,K League 1 Korea,2025/2026,2025-06-13,Gangwon FC,Jeonbuk Motors,0,3,0-3,Regular Season - 18
1340804,K League 1 Korea,2025/2026,2025-06-13,Gwangju FC,FC Seoul,1,3,1-3,Regular Season - 18
1340806,K League 1 Korea,2025/2026,2025-06-14,Suwon City FC,FC Anyang,1,2,1-2,Regular Season - 18
1340807,K League 1 Korea,2025/2026,2025-06-14,Jeju United FC,Daegu FC,2,1,2-1,Regular Season - 18
1340805,K League 1 Korea,2025/2026,2025-06-14,Gimcheon Sangmu FC,Pohang Steelers,1,0,1-0,Regular Season - 18
1340811,K League 1 Korea,2025/2026,2025-06-17,Daegu FC,Pohang Steelers,1,1,1-1,Regular Season - 19
1340810,K League 1 Korea,2025/2026,2025-06-17,Jeonbuk Motors,Suwon City FC,3,2,3-2,Regular Season - 19
1340809,K League 1 Korea,2025/2026,2025-06-17,FC Seoul,Gangwon FC,1,1,1-1,Regular Season - 19
1340813,K League 1 Korea,2025/2026,2025-06-18,Daejeon Citizen,Gimcheon Sangmu FC,0,0,0-0,Regular Season - 19
1340812,K League 1 Korea,2025/2026,2025-06-18,Jeju United FC,Gwangju FC,0,1,0-1,Regular Season - 19
1340815,K League 1 Korea,2025/2026,2025-06-21,Gangwon FC,Daegu FC,3,0,3-0,Regular Season - 20
1340817,K League 1 Korea,2025/2026,2025-06-21,Jeonbuk Motors,FC Seoul,1,1,1-1,Regular Season - 20
1340816,K League 1 Korea,2025/2026,2025-06-21,Pohang Steelers,Jeju United FC,2,1,2-1,Regular Season - 20
1340820,K League 1 Korea,2025/2026,2025-06-22,Gwangju FC,Daejeon Citizen,2,2,2-2,Regular Season - 20
1340818,K League 1 Korea,2025/2026,2025-06-22,Gimcheon Sangmu FC,FC Anyang,1,0,1-0,Regular Season - 20
1340822,K League 1 Korea,2025/2026,2025-06-27,Daejeon Citizen,Jeju United FC,1,1,1-1,Regular Season - 21
1340821,K League 1 Korea,2025/2026,2025-06-27,Gimcheon Sangmu FC,Jeonbuk Motors,1,2,1-2,Regular Season - 21
1340824,K League 1 Korea,2025/2026,2025-06-28,FC Anyang,Gwangju FC,1,2,1-2,Regular Season - 21
1340823,K League 1 Korea,2025/2026,2025-06-28,Suwon City FC,Gangwon FC,1,2,1-2,Regular Season - 21
1340826,K League 1 Korea,2025/2026,2025-06-29,FC Seoul,Pohang Steelers,4,1,4-1,Regular Season - 21
1340825,K League 1 Korea,2025/2026,2025-07-12,Ulsan Hyundai FC,Daegu FC,2,2,2-2,Regular Season - 21
1340828,K League 1 Korea,2025/2026,2025-07-18,Daegu FC,Gimcheon Sangmu FC,2,3,2-3,Regular Season - 22
1340827,K League 1 Korea,2025/2026,2025-07-18,Suwon City FC,Gwangju FC,2,1,2-1,Regular Season - 22
1340829,K League 1 Korea,2025/2026,2025-07-19,Gangwon FC,Daejeon Citizen,2,2,2-2,Regular Season - 22
1340831,K League 1 Korea,2025/2026,2025-07-19,Jeju United FC,FC Anyang,2,0,2-0,Regular Season - 22
1340830,K League 1 Korea,2025/2026,2025-07-19,Pohang Steelers,Jeonbuk Motors,2,3,2-3,Regular Season - 22
1340832,K League 1 Korea,2025/2026,2025-07-20,FC Seoul,Ulsan Hyundai FC,1,0,1-0,Regular Season - 22
1340835,K League 1 Korea,2025/2026,2025-07-22,FC Anyang,Daegu FC,4,0,4-0,Regular Season - 23
1340834,K League 1 Korea,2025/2026,2025-07-22,Gwangju FC,Gimcheon Sangmu FC,1,1,1-1,Regular Season - 23
1340833,K League 1 Korea,2025/2026,2025-07-22,Pohang Steelers,Suwon City FC,1,5,1-5,Regular Season - 23
1340837,K League 1 Korea,2025/2026,2025-07-23,Jeju United FC,FC Seoul,3,2,3-2,Regular Season - 23
1340838,K League 1 Korea,2025/2026,2025-07-23,Jeonbuk Motors,Gangwon FC,2,0,2-0,Regular Season - 23
1340836,K League 1 Korea,2025/2026,2025-07-23,Ulsan Hyundai FC,Daejeon Citizen,1,2,1-2,Regular Season - 23
1340840,K League 1 Korea,2025/2026,2025-07-26,Suwon City FC,FC Anyang,2,1,2-1,Regular Season - 24
1340841,K League 1 Korea,2025/2026,2025-07-26,Gwangju FC,Jeonbuk Motors,1,2,1-2,Regular Season - 24
1340839,K League 1 Korea,2025/2026,2025-07-26,Gimcheon Sangmu FC,Jeju United FC,3,1,3-1,Regular Season - 24
1340842,K League 1 Korea,2025/2026,2025-07-27,Gangwon FC,Ulsan Hyundai FC,2,2,2-2,Regular Season - 24
1340844,K League 1 Korea,2025/2026,2025-07-27,Daegu FC,Pohang Steelers,0,1,0-1,Regular Season - 24
1340843,K League 1 Korea,2025/2026,2025-07-27,Daejeon Citizen,FC Seoul,0,1,0-1,Regular Season - 24
1340819,K League 1 Korea,2025/2026,2025-08-02,Ulsan Hyundai FC,Suwon City FC,2,3,2-3,Regular Season - 20
1340846,K League 1 Korea,2025/2026,2025-08-08,Jeonbuk Motors,FC Anyang,2,1,2-1,Regular Season - 25
1340845,K League 1 Korea,2025/2026,2025-08-08,FC Seoul,Daegu FC,2,2,2-2,Regular Season - 25
1340848,K League 1 Korea,2025/2026,2025-08-09,Gangwon FC,Gimcheon Sangmu FC,0,0,0-0,Regular Season - 25
1340847,K League 1 Korea,2025/2026,2025-08-09,Ulsan Hyundai FC,Jeju United FC,1,0,1-0,Regular Season - 25
1340850,K League 1 Korea,2025/2026,2025-08-10,Daejeon Citizen,Suwon City FC,3,2,3-2,Regular Season - 25
1340849,K League 1 Korea,2025/2026,2025-08-10,Pohang Steelers,Gwangju FC,1,0,1-0,Regular Season - 25
1340852,K League 1 Korea,2025/2026,2025-08-15,FC Anyang,Pohang Steelers,0,1,0-1,Regular Season - 26
1340851,K League 1 Korea,2025/2026,2025-08-15,Jeju United FC,Gangwon FC,0,0,0-0,Regular Season - 26
1340853,K League 1 Korea,2025/2026,2025-08-16,Jeonbuk Motors,Daegu FC,3,0,3-0,Regular Season - 26
1340854,K League 1 Korea,2025/2026,2025-08-16,Suwon City FC,Ulsan Hyundai FC,4,2,4-2,Regular Season - 26
1340856,K League 1 Korea,2025/2026,2025-08-17,Gwangju FC,Daejeon Citizen,2,0,2-0,Regular Season - 26
1340855,K League 1 Korea,2025/2026,2025-08-17,Gimcheon Sangmu FC,FC Seoul,6,2,6-2,Regular Season - 26
1340859,K League 1 Korea,2025/2026,2025-08-23,Daegu FC,Jeju United FC,2,2,2-2,Regular Season - 27
1340857,K League 1 Korea,2025/2026,2025-08-23,Gimcheon Sangmu FC,Suwon City FC,3,2,3-2,Regular Season - 27
1340858,K League 1 Korea,2025/2026,2025-08-23,Gwangju FC,Gangwon FC,0,1,0-1,Regular Season - 27
1340862,K League 1 Korea,2025/2026,2025-08-24,FC Anyang,Daejeon Citizen,3,2,3-2,Regular Season - 27
1340861,K League 1 Korea,2025/2026,2025-08-24,Pohang Steelers,Jeonbuk Motors,3,1,3-1,Regular Season - 27
1340860,K League 1 Korea,2025/2026,2025-08-24,FC Seoul,Ulsan Hyundai FC,3,2,3-2,Regular Season - 27
1340864,K League 1 Korea,2025/2026,2025-08-30,Daegu FC,Suwon City FC,3,1,3-1,Regular Season - 28
1340865,K League 1 Korea,2025/2026,2025-08-30,Jeju United FC,Gwangju FC,0,1,0-1,Regular Season - 28
1340863,K League 1 Korea,2025/2026,2025-08-30,Ulsan Hyundai FC,Jeonbuk Motors,0,2,0-2,Regular Season - 28
1340867,K League 1 Korea,2025/2026,2025-08-31,Gangwon FC,Pohang Steelers,1,0,1-0,Regular Season - 28
1340868,K League 1 Korea,2025/2026,2025-08-31,Daejeon Citizen,Gimcheon Sangmu FC,2,1,2-1,Regular Season - 28
1340866,K League 1 Korea,2025/2026,2025-08-31,FC Seoul,FC Anyang,1,2,1-2,Regular Season - 28
1340869,K League 1 Korea,2025/2026,2025-09-13,Gangwon FC,FC Seoul,3,2,3-2,Regular Season - 29
1340871,K League 1 Korea,2025/2026,2025-09-13,Jeonbuk Motors,Daejeon Citizen,1,0,1-0,Regular Season - 29
1340870,K League 1 Korea,2025/2026,2025-09-13,Pohang Steelers,Ulsan Hyundai FC,1,1,1-1,Regular Season - 29
1340872,K League 1 Korea,2025/2026,2025-09-14,FC Anyang,Jeju United FC,2,1,2-1,Regular Season - 29
1340874,K League 1 Korea,2025/2026,2025-09-14,Suwon City FC,Gwangju FC,2,4,2-4,Regular Season - 29
1340873,K League 1 Korea,2025/2026,2025-09-14,Gimcheon Sangmu FC,Daegu FC,1,2,1-2,Regular Season - 29
1340875,K League 1 Korea,2025/2026,2025-09-20,Jeonbuk Motors,Gimcheon Sangmu FC,1,2,1-2,Regular Season - 30
1340876,K League 1 Korea,2025/2026,2025-09-20,Daejeon Citizen,Daegu FC,3,2,3-2,Regular Season - 30
1340878,K League 1 Korea,2025/2026,2025-09-21,Suwon City FC,Gangwon FC,1,0,1-0,Regular Season - 30
1340877,K League 1 Korea,2025/2026,2025-09-21,Ulsan Hyundai FC,FC Anyang,0,0,0-0,Regular Season - 30
1340880,K League 1 Korea,2025/2026,2025-09-21,Pohang Steelers,Jeju United FC,1,0,1-0,Regular Season - 30
1340879,K League 1 Korea,2025/2026,2025-09-21,FC Seoul,Gwangju FC,3,0,3-0,Regular Season - 30
1340881,K League 1 Korea,2025/2026,2025-09-27,Gangwon FC,Daejeon Citizen,0,0,0-0,Regular Season - 31
1340883,K League 1 Korea,2025/2026,2025-09-27,Daegu FC,Ulsan Hyundai FC,1,1,1-1,Regular Season - 31
1340882,K League 1 Korea,2025/2026,2025-09-27,Gimcheon Sangmu FC,Pohang Steelers,2,0,2-0,Regular Season - 31
1340886,K League 1 Korea,2025/2026,2025-09-27,FC Seoul,Jeonbuk Motors,1,1,1-1,Regular Season - 31
1340885,K League 1 Korea,2025/2026,2025-09-28,FC Anyang,Gwangju FC,0,0,0-0,Regular Season - 31
1340884,K League 1 Korea,2025/2026,2025-09-28,Jeju United FC,Suwon City FC,3,4,3-4,Regular Season - 31
1340887,K League 1 Korea,2025/2026,2025-10-03,Jeju United FC,Jeonbuk Motors,1,1,1-1,Regular Season - 32
1340888,K League 1 Korea,2025/2026,2025-10-04,Gwangju FC,Daegu FC,2,3,2-3,Regular Season - 32
1340890,K League 1 Korea,2025/2026,2025-10-05,Pohang Steelers,Daejeon Citizen,1,3,1-3,Regular Season - 32
1340889,K League 1 Korea,2025/2026,2025-10-05,Gimcheon Sangmu FC,Ulsan Hyundai FC,3,0,3-0,Regular Season - 32
1340891,K League 1 Korea,2025/2026,2025-10-05,Gangwon FC,FC Anyang,1,1,1-1,Regular Season - 32
1340892,K League 1 Korea,2025/2026,2025-10-05,Suwon City FC,FC Seoul,1,1,1-1,Regular Season - 32
1340897,K League 1 Korea,2025/2026,2025-10-18,Daegu FC,Gangwon FC,2,2,2-2,Regular Season - 33
1340898,K League 1 Korea,2025/2026,2025-10-18,FC Anyang,Gimcheon Sangmu FC,4,1,4-1,Regular Season - 33
1340895,K League 1 Korea,2025/2026,2025-10-18,Daejeon Citizen,Jeju United FC,3,1,3-1,Regular Season - 33
1340896,K League 1 Korea,2025/2026,2025-10-18,Jeonbuk Motors,Suwon City FC,2,0,2-0,Regular Season - 33
1340894,K League 1 Korea,2025/2026,2025-10-18,FC Seoul,Pohang Steelers,1,2,1-2,Regular Season - 33
1340893,K League 1 Korea,2025/2026,2025-10-18,Ulsan Hyundai FC,Gwangju FC,2,0,2-0,Regular Season - 33
1482468,K League 1 Korea,2025/2026,2025-10-25,Gwangju FC,FC Anyang,1,0,1-0,Relegation Group - 34
1482483,K League 1 Korea,2025/2026,2025-10-25,Jeonbuk Motors,Gimcheon Sangmu FC,2,3,2-3,Championship Group - 34
1482469,K League 1 Korea,2025/2026,2025-10-25,Suwon City FC,Jeju United FC,1,2,1-2,Relegation Group - 34
1482484,K League 1 Korea,2025/2026,2025-10-26,FC Seoul,Gangwon FC,4,2,4-2,Championship Group - 34
1482470,K League 1 Korea,2025/2026,2025-10-26,Ulsan Hyundai FC,Daegu FC,1,1,1-1,Relegation Group - 34
1482485,K League 1 Korea,2025/2026,2025-10-26,Daejeon Citizen,Pohang Steelers,2,0,2-0,Championship Group - 34
1482487,K League 1 Korea,2025/2026,2025-11-01,Gangwon FC,Jeonbuk Motors,0,0,0-0,Championship Group - 35
1482486,K League 1 Korea,2025/2026,2025-11-01,Daejeon Citizen,FC Seoul,3,1,3-1,Championship Group - 35
1482471,K League 1 Korea,2025/2026,2025-11-01,FC Anyang,Ulsan Hyundai FC,3,1,3-1,Relegation Group - 35
1482488,K League 1 Korea,2025/2026,2025-11-01,Gimcheon Sangmu FC,Pohang Steelers,0,1,0-1,Championship Group - 35
1482472,K League 1 Korea,2025/2026,2025-11-02,Gwangju FC,Jeju United FC,2,0,2-0,Relegation Group - 35
1482473,K League 1 Korea,2025/2026,2025-11-02,Suwon City FC,Daegu FC,1,1,1-1,Relegation Group - 35
1482474,K League 1 Korea,2025/2026,2025-11-08,Daegu FC,Gwangju FC,1,0,1-0,Relegation Group - 36
1482475,K League 1 Korea,2025/2026,2025-11-08,Jeju United FC,FC Anyang,1,2,1-2,Relegation Group - 36
1482490,K League 1 Korea,2025/2026,2025-11-08,Jeonbuk Motors,Daejeon Citizen,3,1,3-1,Championship Group - 36
1482489,K League 1 Korea,2025/2026,2025-11-08,Gimcheon Sangmu FC,Gangwon FC,0,1,0-1,Championship Group - 36
1482491,K League 1 Korea,2025/2026,2025-11-09,Pohang Steelers,FC Seoul,0,0,0-0,Championship Group - 36
1482476,K League 1 Korea,2025/2026,2025-11-09,Ulsan Hyundai FC,Suwon City FC,1,0,1-0,Relegation Group - 36
1482477,K League 1 Korea,2025/2026,2025-11-22,FC Anyang,Suwon City FC,0,1,0-1,Relegation Group - 37
1482492,K League 1 Korea,2025/2026,2025-11-22,Daejeon Citizen,Gangwon FC,1,1,1-1,Championship Group - 37
1482493,K League 1 Korea,2025/2026,2025-11-22,FC Seoul,Gimcheon Sangmu FC,1,3,1-3,Championship Group - 37
1482478,K League 1 Korea,2025/2026,2025-11-22,Gwangju FC,Ulsan Hyundai FC,2,0,2-0,Relegation Group - 37
1482494,K League 1 Korea,2025/2026,2025-11-22,Pohang Steelers,Jeonbuk Motors,0,0,0-0,Championship Group - 37
1482479,K League 1 Korea,2025/2026,2025-11-23,Jeju United FC,Daegu FC,1,1,1-1,Relegation Group - 37
1482480,K League 1 Korea,2025/2026,2025-11-30,Daegu FC,FC Anyang,2,2,2-2,Relegation Group - 38
1482481,K League 1 Korea,2025/2026,2025-11-30,Suwon City FC,Gwangju FC,0,1,0-1,Relegation Group - 38
1482482,K League 1 Korea,2025/2026,2025-11-30,Ulsan Hyundai FC,Jeju United FC,0,1,0-1,Relegation Group - 38
1482495,K League 1 Korea,2025/2026,2025-11-30,Gangwon FC,Pohang Steelers,1,0,1-0,Championship Group - 38
1482497,K League 1 Korea,2025/2026,2025-11-30,Jeonbuk Motors,FC Seoul,2,1,2-1,Championship Group - 38
1482496,K League 1 Korea,2025/2026,2025-11-30,Gimcheon Sangmu FC,Daejeon Citizen,0,3,0-3,Championship Group - 38
1488566,K League 1 Korea,2025/2026,2025-12-03,Suwon Bluewings,Jeju United FC,0,1,0-1,Final
1488567,K League 1 Korea,2025/2026,2025-12-05,Bucheon FC 1995,Suwon City FC,1,0,1-0,Final
1488568,K League 1 Korea,2025/2026,2025-12-07,Jeju United FC,Suwon Bluewings,2,0,2-0,Final
1488569,K League 1 Korea,2025/2026,2025-12-08,Suwon City FC,Bucheon FC 1995,2,3,2-3,Final
997183,K League 2 Korea,2022/2023,2023-03-01,Gyeongnam FC,Bucheon FC 1995,1,0,1-0,Regular Season - 1
997185,K League 2 Korea,2022/2023,2023-03-01,Jeonnam Dragons,FC Anyang,0,1,0-1,Regular Season - 1
997184,K League 2 Korea,2022/2023,2023-03-01,Cheonan City,Busan I Park,2,3,2-3,Regular Season - 1
997188,K League 2 Korea,2022/2023,2023-03-01,Seoul E-Land FC,Cheongju,2,3,2-3,Regular Season - 1
997187,K League 2 Korea,2022/2023,2023-03-01,Asan Mugunghwa,Gimcheon Sangmu FC,1,2,1-2,Regular Season - 1
997186,K League 2 Korea,2022/2023,2023-03-01,Seongnam FC,Ansan Greeners,2,1,2-1,Regular Season - 1
997189,K League 2 Korea,2022/2023,2023-03-04,Bucheon FC 1995,Seongnam FC,1,0,1-0,Regular Season - 2
997190,K League 2 Korea,2022/2023,2023-03-04,Cheongju,Gimcheon Sangmu FC,0,2,0-2,Regular Season - 2
997191,K League 2 Korea,2022/2023,2023-03-04,Ansan Greeners,Asan Mugunghwa,1,0,1-0,Regular Season - 2
997192,K League 2 Korea,2022/2023,2023-03-05,Gimpo Citizen,Cheonan City,4,0,4-0,Regular Season - 2
997193,K League 2 Korea,2022/2023,2023-03-05,FC Anyang,Seoul E-Land FC,1,1,1-1,Regular Season - 2
997194,K League 2 Korea,2022/2023,2023-03-05,Jeonnam Dragons,Gyeongnam FC,0,5,0-5,Regular Season - 2
997195,K League 2 Korea,2022/2023,2023-03-11,Seoul E-Land FC,Jeonnam Dragons,0,1,0-1,Regular Season - 3
997197,K League 2 Korea,2022/2023,2023-03-11,Cheongju,Busan I Park,1,1,1-1,Regular Season - 3
997196,K League 2 Korea,2022/2023,2023-03-11,Gimpo Citizen,Gyeongnam FC,0,0,0-0,Regular Season - 3
997198,K League 2 Korea,2022/2023,2023-03-12,Seongnam FC,Asan Mugunghwa,0,0,0-0,Regular Season - 3
997199,K League 2 Korea,2022/2023,2023-03-12,Ansan Greeners,FC Anyang,1,1,1-1,Regular Season - 3
997200,K League 2 Korea,2022/2023,2023-03-12,Cheonan City,Bucheon FC 1995,0,3,0-3,Regular Season - 3
997201,K League 2 Korea,2022/2023,2023-03-18,Asan Mugunghwa,Cheonan City,1,0,1-0,Regular Season - 4
997203,K League 2 Korea,2022/2023,2023-03-18,Bucheon FC 1995,Ansan Greeners,1,0,1-0,Regular Season - 4
997202,K League 2 Korea,2022/2023,2023-03-18,Gyeongnam FC,Cheongju,2,2,2-2,Regular Season - 4
997204,K League 2 Korea,2022/2023,2023-03-19,Busan I Park,Gimcheon Sangmu FC,3,1,3-1,Regular Season - 4
997205,K League 2 Korea,2022/2023,2023-03-19,FC Anyang,Seongnam FC,2,1,2-1,Regular Season - 4
997206,K League 2 Korea,2022/2023,2023-03-19,Jeonnam Dragons,Gimpo Citizen,0,2,0-2,Regular Season - 4
997207,K League 2 Korea,2022/2023,2023-04-01,FC Anyang,Asan Mugunghwa,3,0,3-0,Regular Season - 5
997208,K League 2 Korea,2022/2023,2023-04-01,Seongnam FC,Cheongju,3,2,3-2,Regular Season - 5
997209,K League 2 Korea,2022/2023,2023-04-01,Gimpo Citizen,Bucheon FC 1995,1,1,1-1,Regular Season - 5
997210,K League 2 Korea,2022/2023,2023-04-02,Gimcheon Sangmu FC,Gyeongnam FC,0,2,0-2,Regular Season - 5
997211,K League 2 Korea,2022/2023,2023-04-02,Busan I Park,Seoul E-Land FC,1,0,1-0,Regular Season - 5
997212,K League 2 Korea,2022/2023,2023-04-02,Cheonan City,Jeonnam Dragons,1,3,1-3,Regular Season - 5
997213,K League 2 Korea,2022/2023,2023-04-08,Cheonan City,Gimcheon Sangmu FC,0,2,0-2,Regular Season - 6
997214,K League 2 Korea,2022/2023,2023-04-08,Bucheon FC 1995,FC Anyang,2,4,2-4,Regular Season - 6
997215,K League 2 Korea,2022/2023,2023-04-08,Jeonnam Dragons,Seongnam FC,2,2,2-2,Regular Season - 6
997216,K League 2 Korea,2022/2023,2023-04-09,Cheongju,Gimpo Citizen,0,0,0-0,Regular Season - 6
997217,K League 2 Korea,2022/2023,2023-04-09,Seoul E-Land FC,Ansan Greeners,4,1,4-1,Regular Season - 6
997218,K League 2 Korea,2022/2023,2023-04-09,Asan Mugunghwa,Busan I Park,1,1,1-1,Regular Season - 6
997219,K League 2 Korea,2022/2023,2023-04-15,Jeonnam Dragons,Cheongju,3,0,3-0,Regular Season - 7
997221,K League 2 Korea,2022/2023,2023-04-15,Asan Mugunghwa,Seoul E-Land FC,2,0,2-0,Regular Season - 7
997220,K League 2 Korea,2022/2023,2023-04-15,Gimcheon Sangmu FC,Bucheon FC 1995,4,1,4-1,Regular Season - 7
997222,K League 2 Korea,2022/2023,2023-04-15,Busan I Park,Gyeongnam FC,0,0,0-0,Regular Season - 7
997223,K League 2 Korea,2022/2023,2023-04-16,Seongnam FC,Cheonan City,2,0,2-0,Regular Season - 7
997224,K League 2 Korea,2022/2023,2023-04-16,Ansan Greeners,Gimpo Citizen,2,3,2-3,Regular Season - 7
997225,K League 2 Korea,2022/2023,2023-04-18,Bucheon FC 1995,Seoul E-Land FC,0,1,0-1,Regular Season - 8
997226,K League 2 Korea,2022/2023,2023-04-18,Cheongju,Asan Mugunghwa,0,4,0-4,Regular Season - 8
997227,K League 2 Korea,2022/2023,2023-04-18,Gyeongnam FC,FC Anyang,3,2,3-2,Regular Season - 8
997228,K League 2 Korea,2022/2023,2023-04-19,Gimpo Citizen,Busan I Park,1,0,1-0,Regular Season - 8
997229,K League 2 Korea,2022/2023,2023-04-19,Gimcheon Sangmu FC,Jeonnam Dragons,2,1,2-1,Regular Season - 8
997230,K League 2 Korea,2022/2023,2023-04-19,Cheonan City,Ansan Greeners,1,1,1-1,Regular Season - 8
997231,K League 2 Korea,2022/2023,2023-04-22,FC Anyang,Gimpo Citizen,1,2,1-2,Regular Season - 9
997232,K League 2 Korea,2022/2023,2023-04-22,Seongnam FC,Busan I Park,1,3,1-3,Regular Season - 9
997233,K League 2 Korea,2022/2023,2023-04-22,Seoul E-Land FC,Gimcheon Sangmu FC,0,1,0-1,Regular Season - 9
997234,K League 2 Korea,2022/2023,2023-04-23,Asan Mugunghwa,Gyeongnam FC,2,2,2-2,Regular Season - 9
997235,K League 2 Korea,2022/2023,2023-04-23,Cheongju,Bucheon FC 1995,0,4,0-4,Regular Season - 9
997236,K League 2 Korea,2022/2023,2023-04-23,Ansan Greeners,Jeonnam Dragons,1,0,1-0,Regular Season - 9
997237,K League 2 Korea,2022/2023,2023-04-29,Jeonnam Dragons,Asan Mugunghwa,2,1,2-1,Regular Season - 10
997238,K League 2 Korea,2022/2023,2023-04-29,Gyeongnam FC,Cheonan City,2,1,2-1,Regular Season - 10
997239,K League 2 Korea,2022/2023,2023-04-29,Busan I Park,Ansan Greeners,0,0,0-0,Regular Season - 10
997240,K League 2 Korea,2022/2023,2023-04-29,FC Anyang,Cheongju,1,0,1-0,Regular Season - 10
997241,K League 2 Korea,2022/2023,2023-04-30,Gimcheon Sangmu FC,Gimpo Citizen,0,2,0-2,Regular Season - 10
997242,K League 2 Korea,2022/2023,2023-04-30,Seoul E-Land FC,Seongnam FC,1,2,1-2,Regular Season - 10
997243,K League 2 Korea,2022/2023,2023-05-02,Jeonnam Dragons,Busan I Park,1,1,1-1,Regular Season - 11
997244,K League 2 Korea,2022/2023,2023-05-02,Cheonan City,FC Anyang,0,4,0-4,Regular Season - 11
997245,K League 2 Korea,2022/2023,2023-05-02,Bucheon FC 1995,Asan Mugunghwa,2,1,2-1,Regular Season - 11
997246,K League 2 Korea,2022/2023,2023-05-03,Gyeongnam FC,Seoul E-Land FC,1,2,1-2,Regular Season - 11
997248,K League 2 Korea,2022/2023,2023-05-03,Ansan Greeners,Gimcheon Sangmu FC,2,3,2-3,Regular Season - 11
997247,K League 2 Korea,2022/2023,2023-05-03,Gimpo Citizen,Seongnam FC,0,0,0-0,Regular Season - 11
997249,K League 2 Korea,2022/2023,2023-05-06,Ansan Greeners,Gyeongnam FC,1,1,1-1,Regular Season - 12
997251,K League 2 Korea,2022/2023,2023-05-06,Cheongju,Cheonan City,2,1,2-1,Regular Season - 12
997250,K League 2 Korea,2022/2023,2023-05-06,Gimpo Citizen,Seoul E-Land FC,0,0,0-0,Regular Season - 12
997252,K League 2 Korea,2022/2023,2023-05-07,Bucheon FC 1995,Jeonnam Dragons,5,2,5-2,Regular Season - 12
997253,K League 2 Korea,2022/2023,2023-05-07,FC Anyang,Busan I Park,0,3,0-3,Regular Season - 12
997254,K League 2 Korea,2022/2023,2023-05-07,Seongnam FC,Gimcheon Sangmu FC,2,2,2-2,Regular Season - 12
997255,K League 2 Korea,2022/2023,2023-05-13,Seoul E-Land FC,Cheonan City,3,2,3-2,Regular Season - 13
997256,K League 2 Korea,2022/2023,2023-05-13,Gimcheon Sangmu FC,FC Anyang,0,0,0-0,Regular Season - 13
997257,K League 2 Korea,2022/2023,2023-05-13,Busan I Park,Bucheon FC 1995,0,1,0-1,Regular Season - 13
997258,K League 2 Korea,2022/2023,2023-05-14,Gyeongnam FC,Seongnam FC,2,2,2-2,Regular Season - 13
997259,K League 2 Korea,2022/2023,2023-05-14,Asan Mugunghwa,Gimpo Citizen,0,1,0-1,Regular Season - 13
997260,K League 2 Korea,2022/2023,2023-05-14,Cheongju,Ansan Greeners,3,0,3-0,Regular Season - 13
997261,K League 2 Korea,2022/2023,2023-05-20,Ansan Greeners,Seongnam FC,0,3,0-3,Regular Season - 14
997262,K League 2 Korea,2022/2023,2023-05-20,Cheonan City,Asan Mugunghwa,0,1,0-1,Regular Season - 14
997263,K League 2 Korea,2022/2023,2023-05-20,FC Anyang,Jeonnam Dragons,2,0,2-0,Regular Season - 14
997264,K League 2 Korea,2022/2023,2023-05-20,Seoul E-Land FC,Bucheon FC 1995,2,0,2-0,Regular Season - 14
997265,K League 2 Korea,2022/2023,2023-05-21,Gyeongnam FC,Busan I Park,1,2,1-2,Regular Season - 14
997266,K League 2 Korea,2022/2023,2023-05-21,Gimcheon Sangmu FC,Cheongju,0,0,0-0,Regular Season - 14
997267,K League 2 Korea,2022/2023,2023-05-27,Jeonnam Dragons,Cheonan City,2,0,2-0,Regular Season - 15
997268,K League 2 Korea,2022/2023,2023-05-27,Cheongju,Gyeongnam FC,0,2,0-2,Regular Season - 15
997269,K League 2 Korea,2022/2023,2023-05-27,Seongnam FC,FC Anyang,1,2,1-2,Regular Season - 15
997270,K League 2 Korea,2022/2023,2023-05-28,Busan I Park,Asan Mugunghwa,2,0,2-0,Regular Season - 15
997272,K League 2 Korea,2022/2023,2023-05-28,Ansan Greeners,Seoul E-Land FC,1,2,1-2,Regular Season - 15
997271,K League 2 Korea,2022/2023,2023-05-29,Bucheon FC 1995,Gimpo Citizen,2,0,2-0,Regular Season - 15
997273,K League 2 Korea,2022/2023,2023-06-03,Cheonan City,Gyeongnam FC,2,3,2-3,Regular Season - 16
997274,K League 2 Korea,2022/2023,2023-06-03,Asan Mugunghwa,Seongnam FC,2,0,2-0,Regular Season - 16
997275,K League 2 Korea,2022/2023,2023-06-03,FC Anyang,Bucheon FC 1995,2,2,2-2,Regular Season - 16
997276,K League 2 Korea,2022/2023,2023-06-04,Gimpo Citizen,Cheongju,1,2,1-2,Regular Season - 16
997277,K League 2 Korea,2022/2023,2023-06-04,Seoul E-Land FC,Busan I Park,1,2,1-2,Regular Season - 16
997278,K League 2 Korea,2022/2023,2023-06-04,Jeonnam Dragons,Gimcheon Sangmu FC,1,0,1-0,Regular Season - 16
997279,K League 2 Korea,2022/2023,2023-06-10,Gimcheon Sangmu FC,Ansan Greeners,3,2,3-2,Regular Season - 17
997280,K League 2 Korea,2022/2023,2023-06-10,Gyeongnam FC,Asan Mugunghwa,2,1,2-1,Regular Season - 17
997281,K League 2 Korea,2022/2023,2023-06-10,Busan I Park,Gimpo Citizen,0,0,0-0,Regular Season - 17
997282,K League 2 Korea,2022/2023,2023-06-11,Bucheon FC 1995,Cheonan City,1,1,1-1,Regular Season - 17
997283,K League 2 Korea,2022/2023,2023-06-11,Cheongju,Jeonnam Dragons,3,1,3-1,Regular Season - 17
997284,K League 2 Korea,2022/2023,2023-06-11,Seongnam FC,Seoul E-Land FC,1,2,1-2,Regular Season - 17
997285,K League 2 Korea,2022/2023,2023-06-24,Busan I Park,Cheongju,1,1,1-1,Regular Season - 18
997286,K League 2 Korea,2022/2023,2023-06-24,Seongnam FC,Bucheon FC 1995,0,1,0-1,Regular Season - 18
997287,K League 2 Korea,2022/2023,2023-06-24,Gimcheon Sangmu FC,Cheonan City,4,1,4-1,Regular Season - 18
997288,K League 2 Korea,2022/2023,2023-06-25,Asan Mugunghwa,Ansan Greeners,1,0,1-0,Regular Season - 18
997290,K League 2 Korea,2022/2023,2023-06-25,Seoul E-Land FC,FC Anyang,1,2,1-2,Regular Season - 18
997289,K League 2 Korea,2022/2023,2023-06-25,Gimpo Citizen,Jeonnam Dragons,1,2,1-2,Regular Season - 18
997291,K League 2 Korea,2022/2023,2023-07-01,Ansan Greeners,Busan I Park,1,2,1-2,Regular Season - 19
997292,K League 2 Korea,2022/2023,2023-07-01,Bucheon FC 1995,Gimcheon Sangmu FC,0,3,0-3,Regular Season - 19
997293,K League 2 Korea,2022/2023,2023-07-02,FC Anyang,Gyeongnam FC,2,4,2-4,Regular Season - 19
997294,K League 2 Korea,2022/2023,2023-07-02,Gimpo Citizen,Asan Mugunghwa,1,1,1-1,Regular Season - 19
997296,K League 2 Korea,2022/2023,2023-07-03,Jeonnam Dragons,Seoul E-Land FC,3,3,3-3,Regular Season - 19
997295,K League 2 Korea,2022/2023,2023-07-03,Cheongju,Seongnam FC,0,0,0-0,Regular Season - 19
997298,K League 2 Korea,2022/2023,2023-07-08,Cheonan City,Seoul E-Land FC,0,0,0-0,Regular Season - 20
997297,K League 2 Korea,2022/2023,2023-07-08,Cheongju,FC Anyang,2,1,2-1,Regular Season - 20
997300,K League 2 Korea,2022/2023,2023-07-09,Gyeongnam FC,Ansan Greeners,3,1,3-1,Regular Season - 20
997299,K League 2 Korea,2022/2023,2023-07-09,Seongnam FC,Gimpo Citizen,0,0,0-0,Regular Season - 20
997301,K League 2 Korea,2022/2023,2023-07-10,Asan Mugunghwa,Jeonnam Dragons,3,3,3-3,Regular Season - 20
997302,K League 2 Korea,2022/2023,2023-07-10,Gimcheon Sangmu FC,Busan I Park,2,1,2-1,Regular Season - 20
997303,K League 2 Korea,2022/2023,2023-07-15,Cheonan City,Cheongju,2,2,2-2,Regular Season - 21
997305,K League 2 Korea,2022/2023,2023-07-15,Ansan Greeners,Bucheon FC 1995,0,2,0-2,Regular Season - 21
997304,K League 2 Korea,2022/2023,2023-07-15,Gimpo Citizen,Gimcheon Sangmu FC,2,1,2-1,Regular Season - 21
997306,K League 2 Korea,2022/2023,2023-07-15,Asan Mugunghwa,FC Anyang,2,3,2-3,Regular Season - 21
997307,K League 2 Korea,2022/2023,2023-07-16,Busan I Park,Seongnam FC,2,3,2-3,Regular Season - 21
997308,K League 2 Korea,2022/2023,2023-07-16,Gyeongnam FC,Jeonnam Dragons,0,2,0-2,Regular Season - 21
997309,K League 2 Korea,2022/2023,2023-07-18,Bucheon FC 1995,Cheongju,0,0,0-0,Regular Season - 22
997310,K League 2 Korea,2022/2023,2023-07-18,Seoul E-Land FC,Gimpo Citizen,0,1,0-1,Regular Season - 22
997311,K League 2 Korea,2022/2023,2023-07-18,FC Anyang,Cheonan City,1,1,1-1,Regular Season - 22
997312,K League 2 Korea,2022/2023,2023-07-19,Seongnam FC,Gyeongnam FC,1,1,1-1,Regular Season - 22
997313,K League 2 Korea,2022/2023,2023-07-19,Jeonnam Dragons,Ansan Greeners,5,2,5-2,Regular Season - 22
997314,K League 2 Korea,2022/2023,2023-07-19,Gimcheon Sangmu FC,Asan Mugunghwa,3,2,3-2,Regular Season - 22
997315,K League 2 Korea,2022/2023,2023-07-23,Cheongju,Seoul E-Land FC,2,1,2-1,Regular Season - 23
997316,K League 2 Korea,2022/2023,2023-07-23,Gyeongnam FC,Gimcheon Sangmu FC,0,2,0-2,Regular Season - 23
997317,K League 2 Korea,2022/2023,2023-07-23,Asan Mugunghwa,Bucheon FC 1995,1,0,1-0,Regular Season - 23
997318,K League 2 Korea,2022/2023,2023-07-23,Cheonan City,Seongnam FC,3,2,3-2,Regular Season - 23
997319,K League 2 Korea,2022/2023,2023-07-24,Gimpo Citizen,Ansan Greeners,0,1,0-1,Regular Season - 23
997320,K League 2 Korea,2022/2023,2023-07-24,Busan I Park,FC Anyang,2,1,2-1,Regular Season - 23
997321,K League 2 Korea,2022/2023,2023-07-29,Gyeongnam FC,Gimpo Citizen,0,0,0-0,Regular Season - 24
997322,K League 2 Korea,2022/2023,2023-07-29,Seongnam FC,Jeonnam Dragons,2,1,2-1,Regular Season - 24
997323,K League 2 Korea,2022/2023,2023-07-30,Bucheon FC 1995,Busan I Park,0,0,0-0,Regular Season - 24
997324,K League 2 Korea,2022/2023,2023-07-30,Ansan Greeners,Cheonan City,2,1,2-1,Regular Season - 24
997325,K League 2 Korea,2022/2023,2023-07-31,Seoul E-Land FC,Asan Mugunghwa,0,0,0-0,Regular Season - 24
997326,K League 2 Korea,2022/2023,2023-07-31,FC Anyang,Gimcheon Sangmu FC,2,0,2-0,Regular Season - 24
997327,K League 2 Korea,2022/2023,2023-08-05,Jeonnam Dragons,Bucheon FC 1995,1,0,1-0,Regular Season - 25
997328,K League 2 Korea,2022/2023,2023-08-05,Busan I Park,Cheonan City,1,0,1-0,Regular Season - 25
997329,K League 2 Korea,2022/2023,2023-08-05,Gimpo Citizen,FC Anyang,1,0,1-0,Regular Season - 25
997330,K League 2 Korea,2022/2023,2023-08-06,Seoul E-Land FC,Gyeongnam FC,1,2,1-2,Regular Season - 25
997331,K League 2 Korea,2022/2023,2023-08-06,Gimcheon Sangmu FC,Seongnam FC,4,0,4-0,Regular Season - 25
997332,K League 2 Korea,2022/2023,2023-08-08,Ansan Greeners,Cheongju,0,2,0-2,Regular Season - 25
997333,K League 2 Korea,2022/2023,2023-08-12,FC Anyang,Ansan Greeners,1,1,1-1,Regular Season - 26
997335,K League 2 Korea,2022/2023,2023-08-14,Bucheon FC 1995,Gyeongnam FC,2,0,2-0,Regular Season - 26
997336,K League 2 Korea,2022/2023,2023-08-14,Cheonan City,Gimpo Citizen,0,2,0-2,Regular Season - 26
997337,K League 2 Korea,2022/2023,2023-08-15,Gimcheon Sangmu FC,Seoul E-Land FC,4,0,4-0,Regular Season - 26
997338,K League 2 Korea,2022/2023,2023-08-15,Busan I Park,Jeonnam Dragons,1,0,1-0,Regular Season - 26
997339,K League 2 Korea,2022/2023,2023-08-19,Ansan Greeners,Asan Mugunghwa,0,1,0-1,Regular Season - 27
997340,K League 2 Korea,2022/2023,2023-08-19,Cheongju,Gimpo Citizen,1,0,1-0,Regular Season - 27
997341,K League 2 Korea,2022/2023,2023-08-20,Seoul E-Land FC,Busan I Park,2,1,2-1,Regular Season - 27
997342,K League 2 Korea,2022/2023,2023-08-20,Jeonnam Dragons,Gimcheon Sangmu FC,2,1,2-1,Regular Season - 27
997343,K League 2 Korea,2022/2023,2023-08-21,Seongnam FC,Bucheon FC 1995,2,2,2-2,Regular Season - 27
997344,K League 2 Korea,2022/2023,2023-08-21,Gyeongnam FC,Cheonan City,1,1,1-1,Regular Season - 27
997345,K League 2 Korea,2022/2023,2023-08-26,Gimcheon Sangmu FC,Asan Mugunghwa,4,0,4-0,Regular Season - 28
997346,K League 2 Korea,2022/2023,2023-08-26,Gyeongnam FC,Seongnam FC,0,2,0-2,Regular Season - 28
997347,K League 2 Korea,2022/2023,2023-08-26,Gimpo Citizen,Busan I Park,2,3,2-3,Regular Season - 28
997348,K League 2 Korea,2022/2023,2023-08-26,Bucheon FC 1995,Seoul E-Land FC,1,0,1-0,Regular Season - 28
997349,K League 2 Korea,2022/2023,2023-08-27,FC Anyang,Jeonnam Dragons,3,1,3-1,Regular Season - 28
997350,K League 2 Korea,2022/2023,2023-08-27,Cheonan City,Cheongju,0,0,0-0,Regular Season - 28
997351,K League 2 Korea,2022/2023,2023-08-29,Asan Mugunghwa,Gyeongnam FC,0,1,0-1,Regular Season - 29
997353,K League 2 Korea,2022/2023,2023-08-29,Busan I Park,Gimcheon Sangmu FC,2,0,2-0,Regular Season - 29
997352,K League 2 Korea,2022/2023,2023-08-29,Ansan Greeners,Bucheon FC 1995,1,2,1-2,Regular Season - 29
997354,K League 2 Korea,2022/2023,2023-08-30,Seoul E-Land FC,Jeonnam Dragons,1,0,1-0,Regular Season - 29
997355,K League 2 Korea,2022/2023,2023-08-30,Seongnam FC,Gimpo Citizen,2,4,2-4,Regular Season - 29
997356,K League 2 Korea,2022/2023,2023-08-30,Cheongju,FC Anyang,2,1,2-1,Regular Season - 29
997357,K League 2 Korea,2022/2023,2023-09-02,Bucheon FC 1995,Asan Mugunghwa,1,0,1-0,Regular Season - 30
997358,K League 2 Korea,2022/2023,2023-09-02,Gimcheon Sangmu FC,Cheongju,0,0,0-0,Regular Season - 30
997359,K League 2 Korea,2022/2023,2023-09-02,Cheonan City,Ansan Greeners,1,1,1-1,Regular Season - 30
997360,K League 2 Korea,2022/2023,2023-09-03,Gimpo Citizen,Seoul E-Land FC,2,1,2-1,Regular Season - 30
997361,K League 2 Korea,2022/2023,2023-09-03,Jeonnam Dragons,Seongnam FC,0,0,0-0,Regular Season - 30
997362,K League 2 Korea,2022/2023,2023-09-03,FC Anyang,Busan I Park,0,1,0-1,Regular Season - 30
997363,K League 2 Korea,2022/2023,2023-09-16,Seoul E-Land FC,Cheonan City,0,3,0-3,Regular Season - 31
997364,K League 2 Korea,2022/2023,2023-09-16,Ansan Greeners,Cheongju,0,1,0-1,Regular Season - 31
997365,K League 2 Korea,2022/2023,2023-09-16,Busan I Park,Seongnam FC,3,0,3-0,Regular Season - 31
997366,K League 2 Korea,2022/2023,2023-09-17,Gyeongnam FC,Jeonnam Dragons,2,3,2-3,Regular Season - 31
997367,K League 2 Korea,2022/2023,2023-09-17,Asan Mugunghwa,FC Anyang,4,3,4-3,Regular Season - 31
997368,K League 2 Korea,2022/2023,2023-09-17,Bucheon FC 1995,Gimpo Citizen,0,0,0-0,Regular Season - 31
997369,K League 2 Korea,2022/2023,2023-09-19,Busan I Park,Ansan Greeners,2,0,2-0,Regular Season - 32
997370,K League 2 Korea,2022/2023,2023-09-19,Seongnam FC,Gimcheon Sangmu FC,1,0,1-0,Regular Season - 32
997371,K League 2 Korea,2022/2023,2023-09-19,Cheongju,Seoul E-Land FC,0,1,0-1,Regular Season - 32
997372,K League 2 Korea,2022/2023,2023-09-20,FC Anyang,Gyeongnam FC,1,1,1-1,Regular Season - 32
997373,K League 2 Korea,2022/2023,2023-09-20,Asan Mugunghwa,Jeonnam Dragons,0,1,0-1,Regular Season - 32
997374,K League 2 Korea,2022/2023,2023-09-20,Cheonan City,Bucheon FC 1995,1,0,1-0,Regular Season - 32
997375,K League 2 Korea,2022/2023,2023-09-23,Seongnam FC,Cheongju,0,1,0-1,Regular Season - 33
997376,K League 2 Korea,2022/2023,2023-09-23,Gimcheon Sangmu FC,FC Anyang,4,1,4-1,Regular Season - 33
997377,K League 2 Korea,2022/2023,2023-09-23,Jeonnam Dragons,Cheonan City,1,3,1-3,Regular Season - 33
997378,K League 2 Korea,2022/2023,2023-09-24,Gimpo Citizen,Asan Mugunghwa,1,0,1-0,Regular Season - 33
997379,K League 2 Korea,2022/2023,2023-09-24,Seoul E-Land FC,Ansan Greeners,3,4,3-4,Regular Season - 33
997380,K League 2 Korea,2022/2023,2023-09-24,Bucheon FC 1995,Gyeongnam FC,1,0,1-0,Regular Season - 33
997381,K League 2 Korea,2022/2023,2023-09-30,FC Anyang,Seongnam FC,1,1,1-1,Regular Season - 34
997382,K League 2 Korea,2022/2023,2023-09-30,Ansan Greeners,Gimpo Citizen,1,1,1-1,Regular Season - 34
997383,K League 2 Korea,2022/2023,2023-09-30,Asan Mugunghwa,Seoul E-Land FC,1,0,1-0,Regular Season - 34
997384,K League 2 Korea,2022/2023,2023-10-01,Cheongju,Bucheon FC 1995,0,0,0-0,Regular Season - 34
997385,K League 2 Korea,2022/2023,2023-10-01,Cheonan City,Gimcheon Sangmu FC,1,3,1-3,Regular Season - 34
997386,K League 2 Korea,2022/2023,2023-10-01,Gyeongnam FC,Busan I Park,0,1,0-1,Regular Season - 34
997388,K League 2 Korea,2022/2023,2023-10-07,Busan I Park,Cheonan City,0,0,0-0,Regular Season - 35
997387,K League 2 Korea,2022/2023,2023-10-07,Gimcheon Sangmu FC,Bucheon FC 1995,3,1,3-1,Regular Season - 35
997389,K League 2 Korea,2022/2023,2023-10-07,Seongnam FC,Asan Mugunghwa,2,0,2-0,Regular Season - 35
997390,K League 2 Korea,2022/2023,2023-10-07,Jeonnam Dragons,Ansan Greeners,3,2,3-2,Regular Season - 35
997391,K League 2 Korea,2022/2023,2023-10-07,Seoul E-Land FC,Gyeongnam FC,1,3,1-3,Regular Season - 35
997392,K League 2 Korea,2022/2023,2023-10-07,Gimpo Citizen,FC Anyang,3,0,3-0,Regular Season - 35
997334,K League 2 Korea,2022/2023,2023-10-14,Asan Mugunghwa,Cheongju,3,2,3-2,Regular Season - 26
997393,K League 2 Korea,2022/2023,2023-10-21,Cheonan City,Seongnam FC,3,1,3-1,Regular Season - 36
997394,K League 2 Korea,2022/2023,2023-10-21,Bucheon FC 1995,FC Anyang,1,1,1-1,Regular Season - 36
997395,K League 2 Korea,2022/2023,2023-10-21,Asan Mugunghwa,Busan I Park,1,2,1-2,Regular Season - 36
997396,K League 2 Korea,2022/2023,2023-10-22,Gimpo Citizen,Jeonnam Dragons,2,1,2-1,Regular Season - 36
997397,K League 2 Korea,2022/2023,2023-10-22,Cheongju,Gyeongnam FC,1,1,1-1,Regular Season - 36
997398,K League 2 Korea,2022/2023,2023-10-22,Ansan Greeners,Gimcheon Sangmu FC,3,7,3-7,Regular Season - 36
997399,K League 2 Korea,2022/2023,2023-10-28,Gyeongnam FC,Ansan Greeners,4,2,4-2,Regular Season - 37
997400,K League 2 Korea,2022/2023,2023-10-28,Asan Mugunghwa,Cheonan City,2,0,2-0,Regular Season - 37
997401,K League 2 Korea,2022/2023,2023-10-28,FC Anyang,Seoul E-Land FC,3,0,3-0,Regular Season - 37
997402,K League 2 Korea,2022/2023,2023-10-29,Jeonnam Dragons,Cheongju,3,0,3-0,Regular Season - 37
997403,K League 2 Korea,2022/2023,2023-10-29,Busan I Park,Bucheon FC 1995,2,1,2-1,Regular Season - 37
997404,K League 2 Korea,2022/2023,2023-10-29,Gimcheon Sangmu FC,Gimpo Citizen,2,0,2-0,Regular Season - 37
997405,K League 2 Korea,2022/2023,2023-11-11,Seoul E-Land FC,Seongnam FC,0,2,0-2,Regular Season - 38
997406,K League 2 Korea,2022/2023,2023-11-11,Cheongju,Asan Mugunghwa,1,0,1-0,Regular Season - 38
997407,K League 2 Korea,2022/2023,2023-11-11,Gyeongnam FC,Gimcheon Sangmu FC,1,1,1-1,Regular Season - 38
997408,K League 2 Korea,2022/2023,2023-11-12,Ansan Greeners,FC Anyang,2,3,2-3,Regular Season - 38
997409,K League 2 Korea,2022/2023,2023-11-12,Cheonan City,Gimpo Citizen,0,0,0-0,Regular Season - 38
997410,K League 2 Korea,2022/2023,2023-11-12,Jeonnam Dragons,Busan I Park,3,0,3-0,Regular Season - 38
997414,K League 2 Korea,2022/2023,2023-11-26,Bucheon FC 1995,Jeonnam Dragons,4,1,4-1,Regular Season - 39
997413,K League 2 Korea,2022/2023,2023-11-26,FC Anyang,Cheonan City,2,1,2-1,Regular Season - 39
997416,K League 2 Korea,2022/2023,2023-11-26,Busan I Park,Cheongju,1,1,1-1,Regular Season - 39
997412,K League 2 Korea,2022/2023,2023-11-26,Seongnam FC,Ansan Greeners,0,2,0-2,Regular Season - 39
997411,K League 2 Korea,2022/2023,2023-11-26,Gimcheon Sangmu FC,Seoul E-Land FC,1,0,1-0,Regular Season - 39
997415,K League 2 Korea,2022/2023,2023-11-26,Gimpo Citizen,Gyeongnam FC,0,1,0-1,Regular Season - 39
1144382,K League 2 Korea,2022/2023,2023-11-29,Gyeongnam FC,Bucheon FC 1995,0,0,0-0,Promotion Play-offs - Semi-finals
1145091,K League 2 Korea,2022/2023,2023-12-02,Gimpo Citizen,Gyeongnam FC,2,1,2-1,Promotion Play-offs - Final
1162669,K League 2 Korea,2024/2025,2024-03-01,FC Anyang,Seongnam FC,2,0,2-0,Regular Season - 1
1162668,K League 2 Korea,2024/2025,2024-03-01,Ansan Greeners,Gyeongnam FC,1,2,1-2,Regular Season - 1
1162670,K League 2 Korea,2024/2025,2024-03-02,Bucheon FC 1995,Cheonan City,1,3,1-3,Regular Season - 1
1162671,K League 2 Korea,2024/2025,2024-03-02,Cheongju,Jeonnam Dragons,1,0,1-0,Regular Season - 1
1162672,K League 2 Korea,2024/2025,2024-03-03,Suwon Bluewings,Asan Mugunghwa,2,1,2-1,Regular Season - 1
1162673,K League 2 Korea,2024/2025,2024-03-03,Busan I Park,Seoul E-Land FC,0,3,0-3,Regular Season - 1
1162674,K League 2 Korea,2024/2025,2024-03-09,Gyeongnam FC,Busan I Park,1,4,1-4,Regular Season - 2
1162676,K League 2 Korea,2024/2025,2024-03-09,Asan Mugunghwa,Bucheon FC 1995,1,1,1-1,Regular Season - 2
1162675,K League 2 Korea,2024/2025,2024-03-09,Jeonnam Dragons,Gimpo Citizen,4,0,4-0,Regular Season - 2
1162677,K League 2 Korea,2024/2025,2024-03-10,Seoul E-Land FC,Suwon Bluewings,2,1,2-1,Regular Season - 2
1162678,K League 2 Korea,2024/2025,2024-03-10,Cheonan City,Cheongju,1,2,1-2,Regular Season - 2
1162679,K League 2 Korea,2024/2025,2024-03-10,Seongnam FC,Ansan Greeners,1,3,1-3,Regular Season - 2
1162680,K League 2 Korea,2024/2025,2024-03-16,Cheonan City,Seongnam FC,0,0,0-0,Regular Season - 3
1162682,K League 2 Korea,2024/2025,2024-03-16,Bucheon FC 1995,Seoul E-Land FC,1,0,1-0,Regular Season - 3
1162681,K League 2 Korea,2024/2025,2024-03-16,Gyeongnam FC,Asan Mugunghwa,1,2,1-2,Regular Season - 3
1162683,K League 2 Korea,2024/2025,2024-03-17,Busan I Park,Gimpo Citizen,0,1,0-1,Regular Season - 3
1162684,K League 2 Korea,2024/2025,2024-03-17,Cheongju,FC Anyang,1,1,1-1,Regular Season - 3
1162685,K League 2 Korea,2024/2025,2024-03-17,Ansan Greeners,Suwon Bluewings,0,1,0-1,Regular Season - 3
1162686,K League 2 Korea,2024/2025,2024-03-30,Asan Mugunghwa,Cheongju,4,1,4-1,Regular Season - 4
1162688,K League 2 Korea,2024/2025,2024-03-30,Seoul E-Land FC,FC Anyang,1,2,1-2,Regular Season - 4
1162687,K League 2 Korea,2024/2025,2024-03-30,Seongnam FC,Gimpo Citizen,2,1,2-1,Regular Season - 4
1162689,K League 2 Korea,2024/2025,2024-03-31,Bucheon FC 1995,Gyeongnam FC,2,0,2-0,Regular Season - 4
1162690,K League 2 Korea,2024/2025,2024-03-31,Jeonnam Dragons,Cheonan City,1,0,1-0,Regular Season - 4
1162691,K League 2 Korea,2024/2025,2024-03-31,Suwon Bluewings,Busan I Park,0,1,0-1,Regular Season - 4
1162692,K League 2 Korea,2024/2025,2024-04-06,FC Anyang,Ansan Greeners,1,0,1-0,Regular Season - 5
1162694,K League 2 Korea,2024/2025,2024-04-06,Seoul E-Land FC,Gimpo Citizen,1,1,1-1,Regular Season - 5
1162693,K League 2 Korea,2024/2025,2024-04-06,Asan Mugunghwa,Seongnam FC,1,1,1-1,Regular Season - 5
1162695,K League 2 Korea,2024/2025,2024-04-07,Busan I Park,Jeonnam Dragons,0,1,0-1,Regular Season - 5
1162696,K League 2 Korea,2024/2025,2024-04-07,Cheonan City,Gyeongnam FC,2,2,2-2,Regular Season - 5
1162697,K League 2 Korea,2024/2025,2024-04-07,Cheongju,Suwon Bluewings,0,1,0-1,Regular Season - 5
1162701,K League 2 Korea,2024/2025,2024-04-10,FC Anyang,Bucheon FC 1995,3,0,3-0,Regular Season - 6
1162700,K League 2 Korea,2024/2025,2024-04-10,Seongnam FC,Seoul E-Land FC,2,2,2-2,Regular Season - 6
1162698,K League 2 Korea,2024/2025,2024-04-10,Suwon Bluewings,Jeonnam Dragons,5,1,5-1,Regular Season - 6
1162699,K League 2 Korea,2024/2025,2024-04-10,Cheongju,Gimpo Citizen,0,0,0-0,Regular Season - 6
1162702,K League 2 Korea,2024/2025,2024-04-10,Ansan Greeners,Asan Mugunghwa,1,0,1-0,Regular Season - 6
1162703,K League 2 Korea,2024/2025,2024-04-10,Cheonan City,Busan I Park,2,4,2-4,Regular Season - 6
1162704,K League 2 Korea,2024/2025,2024-04-13,Gyeongnam FC,Cheongju,1,1,1-1,Regular Season - 7
1162706,K League 2 Korea,2024/2025,2024-04-13,Bucheon FC 1995,Seongnam FC,1,1,1-1,Regular Season - 7
1162705,K League 2 Korea,2024/2025,2024-04-13,Busan I Park,FC Anyang,3,4,3-4,Regular Season - 7
1162707,K League 2 Korea,2024/2025,2024-04-14,Jeonnam Dragons,Ansan Greeners,1,1,1-1,Regular Season - 7
1162709,K League 2 Korea,2024/2025,2024-04-14,Asan Mugunghwa,Cheonan City,2,2,2-2,Regular Season - 7
1162708,K League 2 Korea,2024/2025,2024-04-14,Suwon Bluewings,Gimpo Citizen,2,1,2-1,Regular Season - 7
1162710,K League 2 Korea,2024/2025,2024-04-20,Bucheon FC 1995,Busan I Park,1,3,1-3,Regular Season - 8
1162711,K League 2 Korea,2024/2025,2024-04-20,Seongnam FC,Cheongju,1,2,1-2,Regular Season - 8
1162712,K League 2 Korea,2024/2025,2024-04-21,FC Anyang,Suwon Bluewings,1,3,1-3,Regular Season - 8
1162713,K League 2 Korea,2024/2025,2024-04-21,Ansan Greeners,Gimpo Citizen,1,2,1-2,Regular Season - 8
1162714,K League 2 Korea,2024/2025,2024-04-21,Gyeongnam FC,Seoul E-Land FC,2,1,2-1,Regular Season - 8
1162715,K League 2 Korea,2024/2025,2024-04-21,Asan Mugunghwa,Jeonnam Dragons,1,1,1-1,Regular Season - 8
1162716,K League 2 Korea,2024/2025,2024-04-27,Seoul E-Land FC,Asan Mugunghwa,5,0,5-0,Regular Season - 9
1162717,K League 2 Korea,2024/2025,2024-04-27,Busan I Park,Ansan Greeners,2,1,2-1,Regular Season - 9
1162718,K League 2 Korea,2024/2025,2024-04-27,Cheonan City,Gimpo Citizen,1,2,1-2,Regular Season - 9
1162720,K League 2 Korea,2024/2025,2024-04-28,Jeonnam Dragons,FC Anyang,1,2,1-2,Regular Season - 9
1162719,K League 2 Korea,2024/2025,2024-04-28,Suwon Bluewings,Gyeongnam FC,1,1,1-1,Regular Season - 9
1162721,K League 2 Korea,2024/2025,2024-04-28,Cheongju,Bucheon FC 1995,0,0,0-0,Regular Season - 9
1162722,K League 2 Korea,2024/2025,2024-05-04,Gimpo Citizen,Bucheon FC 1995,0,1,0-1,Regular Season - 10
1162723,K League 2 Korea,2024/2025,2024-05-04,Asan Mugunghwa,FC Anyang,1,1,1-1,Regular Season - 10
1162724,K League 2 Korea,2024/2025,2024-05-05,Seongnam FC,Suwon Bluewings,2,1,2-1,Regular Season - 10
1162725,K League 2 Korea,2024/2025,2024-05-05,Jeonnam Dragons,Gyeongnam FC,1,3,1-3,Regular Season - 10
1162726,K League 2 Korea,2024/2025,2024-05-06,Cheonan City,Ansan Greeners,1,1,1-1,Regular Season - 10
1162727,K League 2 Korea,2024/2025,2024-05-06,Seoul E-Land FC,Cheongju,1,1,1-1,Regular Season - 10
1162728,K League 2 Korea,2024/2025,2024-05-11,Busan I Park,Asan Mugunghwa,2,3,2-3,Regular Season - 11
1162730,K League 2 Korea,2024/2025,2024-05-11,Ansan Greeners,Seoul E-Land FC,0,3,0-3,Regular Season - 11
1162729,K League 2 Korea,2024/2025,2024-05-11,Suwon Bluewings,Cheonan City,0,1,0-1,Regular Season - 11
1162732,K League 2 Korea,2024/2025,2024-05-12,FC Anyang,Gimpo Citizen,0,0,0-0,Regular Season - 11
1162731,K League 2 Korea,2024/2025,2024-05-12,Gyeongnam FC,Seongnam FC,1,2,1-2,Regular Season - 11
1162733,K League 2 Korea,2024/2025,2024-05-12,Bucheon FC 1995,Jeonnam Dragons,3,4,3-4,Regular Season - 11
1162734,K League 2 Korea,2024/2025,2024-05-15,Bucheon FC 1995,Ansan Greeners,0,0,0-0,Regular Season - 12
1162736,K League 2 Korea,2024/2025,2024-05-15,Asan Mugunghwa,Gimpo Citizen,1,2,1-2,Regular Season - 12
1162735,K League 2 Korea,2024/2025,2024-05-15,Jeonnam Dragons,Seongnam FC,2,0,2-0,Regular Season - 12
1162737,K League 2 Korea,2024/2025,2024-05-15,FC Anyang,Gyeongnam FC,1,0,1-0,Regular Season - 12
1162739,K League 2 Korea,2024/2025,2024-05-15,Cheonan City,Seoul E-Land FC,0,4,0-4,Regular Season - 12
1162738,K League 2 Korea,2024/2025,2024-05-15,Cheongju,Busan I Park,0,0,0-0,Regular Season - 12
1162740,K League 2 Korea,2024/2025,2024-05-18,Ansan Greeners,Cheongju,0,0,0-0,Regular Season - 13
1162742,K League 2 Korea,2024/2025,2024-05-18,Seoul E-Land FC,Jeonnam Dragons,1,2,1-2,Regular Season - 13
1162741,K League 2 Korea,2024/2025,2024-05-18,Suwon Bluewings,Bucheon FC 1995,0,1,0-1,Regular Season - 13
1162743,K League 2 Korea,2024/2025,2024-05-19,Seongnam FC,Busan I Park,0,1,0-1,Regular Season - 13
1162744,K League 2 Korea,2024/2025,2024-05-19,Cheonan City,FC Anyang,0,1,0-1,Regular Season - 13
1162745,K League 2 Korea,2024/2025,2024-05-19,Gyeongnam FC,Gimpo Citizen,1,3,1-3,Regular Season - 13
1162748,K League 2 Korea,2024/2025,2024-05-21,Seoul E-Land FC,Bucheon FC 1995,1,1,1-1,Regular Season - 14
1162747,K League 2 Korea,2024/2025,2024-05-21,Asan Mugunghwa,Suwon Bluewings,1,0,1-0,Regular Season - 14
1162746,K League 2 Korea,2024/2025,2024-05-21,Jeonnam Dragons,Cheongju,1,1,1-1,Regular Season - 14
1162751,K League 2 Korea,2024/2025,2024-05-22,Gyeongnam FC,Ansan Greeners,2,0,2-0,Regular Season - 14
1162749,K League 2 Korea,2024/2025,2024-05-22,Busan I Park,Cheonan City,2,3,2-3,Regular Season - 14
1162750,K League 2 Korea,2024/2025,2024-05-22,Gimpo Citizen,Seongnam FC,2,1,2-1,Regular Season - 14
1162752,K League 2 Korea,2024/2025,2024-05-25,Suwon Bluewings,Seoul E-Land FC,1,3,1-3,Regular Season - 15
1162754,K League 2 Korea,2024/2025,2024-05-26,FC Anyang,Jeonnam Dragons,2,3,2-3,Regular Season - 15
1162753,K League 2 Korea,2024/2025,2024-05-26,Cheongju,Gyeongnam FC,1,0,1-0,Regular Season - 15
1162755,K League 2 Korea,2024/2025,2024-05-26,Seongnam FC,Cheonan City,0,2,0-2,Regular Season - 15
1162756,K League 2 Korea,2024/2025,2024-05-27,Bucheon FC 1995,Asan Mugunghwa,3,0,3-0,Regular Season - 15
1162757,K League 2 Korea,2024/2025,2024-05-27,Ansan Greeners,Busan I Park,1,0,1-0,Regular Season - 15
1162758,K League 2 Korea,2024/2025,2024-06-01,Gimpo Citizen,Jeonnam Dragons,1,2,1-2,Regular Season - 16
1162759,K League 2 Korea,2024/2025,2024-06-01,Seoul E-Land FC,Gyeongnam FC,2,1,2-1,Regular Season - 16
1162760,K League 2 Korea,2024/2025,2024-06-01,Ansan Greeners,Seongnam FC,0,1,0-1,Regular Season - 16
1162762,K League 2 Korea,2024/2025,2024-06-02,FC Anyang,Cheongju,2,0,2-0,Regular Season - 16
1162761,K League 2 Korea,2024/2025,2024-06-02,Busan I Park,Suwon Bluewings,1,1,1-1,Regular Season - 16
1162763,K League 2 Korea,2024/2025,2024-06-02,Cheonan City,Asan Mugunghwa,0,1,0-1,Regular Season - 16
1162764,K League 2 Korea,2024/2025,2024-06-15,Gyeongnam FC,Suwon Bluewings,0,0,0-0,Regular Season - 17
1162765,K League 2 Korea,2024/2025,2024-06-15,Jeonnam Dragons,Bucheon FC 1995,1,1,1-1,Regular Season - 17
1162766,K League 2 Korea,2024/2025,2024-06-15,Seongnam FC,FC Anyang,3,1,3-1,Regular Season - 17
1162769,K League 2 Korea,2024/2025,2024-06-16,Asan Mugunghwa,Busan I Park,0,0,0-0,Regular Season - 17
1162768,K League 2 Korea,2024/2025,2024-06-16,Cheongju,Cheonan City,1,1,1-1,Regular Season - 17
1162767,K League 2 Korea,2024/2025,2024-06-16,Gimpo Citizen,Ansan Greeners,1,0,1-0,Regular Season - 17
1162770,K League 2 Korea,2024/2025,2024-06-22,Asan Mugunghwa,Gyeongnam FC,4,0,4-0,Regular Season - 18
1162772,K League 2 Korea,2024/2025,2024-06-22,FC Anyang,Seoul E-Land FC,2,1,2-1,Regular Season - 18
1162771,K League 2 Korea,2024/2025,2024-06-22,Suwon Bluewings,Seongnam FC,3,0,3-0,Regular Season - 18
1162774,K League 2 Korea,2024/2025,2024-06-23,Bucheon FC 1995,Cheongju,0,4,0-4,Regular Season - 18
1162775,K League 2 Korea,2024/2025,2024-06-23,Ansan Greeners,Cheonan City,1,2,1-2,Regular Season - 18
1162773,K League 2 Korea,2024/2025,2024-06-23,Gimpo Citizen,Busan I Park,1,0,1-0,Regular Season - 18
1162776,K League 2 Korea,2024/2025,2024-06-25,Gyeongnam FC,FC Anyang,0,0,0-0,Regular Season - 19
1162778,K League 2 Korea,2024/2025,2024-06-25,Seongnam FC,Asan Mugunghwa,0,4,0-4,Regular Season - 19
1162777,K League 2 Korea,2024/2025,2024-06-25,Jeonnam Dragons,Suwon Bluewings,1,1,1-1,Regular Season - 19
1162780,K League 2 Korea,2024/2025,2024-06-26,Seoul E-Land FC,Ansan Greeners,0,3,0-3,Regular Season - 19
1162781,K League 2 Korea,2024/2025,2024-06-26,Cheonan City,Bucheon FC 1995,1,2,1-2,Regular Season - 19
1162779,K League 2 Korea,2024/2025,2024-06-26,Gimpo Citizen,Cheongju,1,1,1-1,Regular Season - 19
1162782,K League 2 Korea,2024/2025,2024-06-29,Gimpo Citizen,Cheonan City,1,1,1-1,Regular Season - 20
1162783,K League 2 Korea,2024/2025,2024-06-29,Busan I Park,Seongnam FC,2,2,2-2,Regular Season - 20
1162785,K League 2 Korea,2024/2025,2024-06-30,Bucheon FC 1995,FC Anyang,1,2,1-2,Regular Season - 20
1162784,K League 2 Korea,2024/2025,2024-06-30,Suwon Bluewings,Ansan Greeners,1,1,1-1,Regular Season - 20
1162786,K League 2 Korea,2024/2025,2024-07-01,Gyeongnam FC,Jeonnam Dragons,2,4,2-4,Regular Season - 20
1162787,K League 2 Korea,2024/2025,2024-07-01,Asan Mugunghwa,Seoul E-Land FC,2,0,2-0,Regular Season - 20
1162788,K League 2 Korea,2024/2025,2024-07-06,Gimpo Citizen,Asan Mugunghwa,3,3,3-3,Regular Season - 21
1162789,K League 2 Korea,2024/2025,2024-07-06,Busan I Park,Bucheon FC 1995,2,2,2-2,Regular Season - 21
1162791,K League 2 Korea,2024/2025,2024-07-07,Ansan Greeners,Jeonnam Dragons,1,2,1-2,Regular Season - 21
1162790,K League 2 Korea,2024/2025,2024-07-07,Cheongju,Seoul E-Land FC,2,3,2-3,Regular Season - 21
1162792,K League 2 Korea,2024/2025,2024-07-08,FC Anyang,Cheonan City,3,0,3-0,Regular Season - 21
1162793,K League 2 Korea,2024/2025,2024-07-08,Seongnam FC,Gyeongnam FC,1,4,1-4,Regular Season - 21
1162794,K League 2 Korea,2024/2025,2024-07-13,Jeonnam Dragons,Asan Mugunghwa,3,2,3-2,Regular Season - 22
1162796,K League 2 Korea,2024/2025,2024-07-13,Cheonan City,Suwon Bluewings,1,2,1-2,Regular Season - 22
1162795,K League 2 Korea,2024/2025,2024-07-13,Cheongju,Ansan Greeners,2,1,2-1,Regular Season - 22
1162797,K League 2 Korea,2024/2025,2024-07-14,Bucheon FC 1995,Gimpo Citizen,1,0,1-0,Regular Season - 22
1162798,K League 2 Korea,2024/2025,2024-07-14,FC Anyang,Busan I Park,0,2,0-2,Regular Season - 22
1162799,K League 2 Korea,2024/2025,2024-07-14,Seoul E-Land FC,Seongnam FC,3,1,3-1,Regular Season - 22
1162800,K League 2 Korea,2024/2025,2024-07-20,Gyeongnam FC,Bucheon FC 1995,2,2,2-2,Regular Season - 23
1162801,K League 2 Korea,2024/2025,2024-07-20,Jeonnam Dragons,Busan I Park,2,3,2-3,Regular Season - 23
1162802,K League 2 Korea,2024/2025,2024-07-20,Suwon Bluewings,Cheongju,0,0,0-0,Regular Season - 23
1162805,K League 2 Korea,2024/2025,2024-07-21,Seoul E-Land FC,Cheonan City,3,4,3-4,Regular Season - 23
1162804,K League 2 Korea,2024/2025,2024-07-21,Asan Mugunghwa,Ansan Greeners,2,0,2-0,Regular Season - 23
1162803,K League 2 Korea,2024/2025,2024-07-21,Gimpo Citizen,FC Anyang,0,1,0-1,Regular Season - 23
1162807,K League 2 Korea,2024/2025,2024-07-23,Bucheon FC 1995,Suwon Bluewings,0,3,0-3,Regular Season - 24
1162806,K League 2 Korea,2024/2025,2024-07-23,Busan I Park,Gyeongnam FC,2,1,2-1,Regular Season - 24
1162808,K League 2 Korea,2024/2025,2024-07-23,Seongnam FC,Jeonnam Dragons,1,2,1-2,Regular Season - 24
1162811,K League 2 Korea,2024/2025,2024-07-24,Ansan Greeners,FC Anyang,3,2,3-2,Regular Season - 24
1162810,K League 2 Korea,2024/2025,2024-07-24,Cheongju,Asan Mugunghwa,0,3,0-3,Regular Season - 24
1162809,K League 2 Korea,2024/2025,2024-07-24,Gimpo Citizen,Seoul E-Land FC,2,5,2-5,Regular Season - 24
1162812,K League 2 Korea,2024/2025,2024-07-27,FC Anyang,Asan Mugunghwa,1,0,1-0,Regular Season - 25
1162813,K League 2 Korea,2024/2025,2024-07-27,Seongnam FC,Bucheon FC 1995,0,1,0-1,Regular Season - 25
1162814,K League 2 Korea,2024/2025,2024-07-28,Gyeongnam FC,Cheonan City,3,3,3-3,Regular Season - 25
1162815,K League 2 Korea,2024/2025,2024-07-28,Jeonnam Dragons,Seoul E-Land FC,2,2,2-2,Regular Season - 25
1162816,K League 2 Korea,2024/2025,2024-07-29,Busan I Park,Cheongju,0,2,0-2,Regular Season - 25
1162817,K League 2 Korea,2024/2025,2024-07-29,Gimpo Citizen,Suwon Bluewings,1,1,1-1,Regular Season - 25
1162818,K League 2 Korea,2024/2025,2024-08-10,Ansan Greeners,Bucheon FC 1995,2,1,2-1,Regular Season - 26
1162819,K League 2 Korea,2024/2025,2024-08-10,Seoul E-Land FC,Busan I Park,2,1,2-1,Regular Season - 26
1162821,K League 2 Korea,2024/2025,2024-08-11,Cheonan City,Jeonnam Dragons,1,0,1-0,Regular Season - 26
1162820,K League 2 Korea,2024/2025,2024-08-11,Gimpo Citizen,Gyeongnam FC,2,2,2-2,Regular Season - 26
1162822,K League 2 Korea,2024/2025,2024-08-12,Suwon Bluewings,FC Anyang,2,1,2-1,Regular Season - 26
1162823,K League 2 Korea,2024/2025,2024-08-12,Cheongju,Seongnam FC,1,1,1-1,Regular Season - 26
1162824,K League 2 Korea,2024/2025,2024-08-17,Gyeongnam FC,Cheongju,0,0,0-0,Regular Season - 27
1162826,K League 2 Korea,2024/2025,2024-08-17,Seongnam FC,Cheonan City,2,2,2-2,Regular Season - 27
1162825,K League 2 Korea,2024/2025,2024-08-17,Gimpo Citizen,Ansan Greeners,1,0,1-0,Regular Season - 27
1162828,K League 2 Korea,2024/2025,2024-08-18,Bucheon FC 1995,Seoul E-Land FC,2,0,2-0,Regular Season - 27
1162829,K League 2 Korea,2024/2025,2024-08-18,Asan Mugunghwa,Busan I Park,0,1,0-1,Regular Season - 27
1162827,K League 2 Korea,2024/2025,2024-08-18,Suwon Bluewings,Jeonnam Dragons,2,1,2-1,Regular Season - 27
1162830,K League 2 Korea,2024/2025,2024-08-24,Jeonnam Dragons,Gyeongnam FC,0,0,0-0,Regular Season - 28
1162831,K League 2 Korea,2024/2025,2024-08-24,Busan I Park,Gimpo Citizen,0,0,0-0,Regular Season - 28
1162832,K League 2 Korea,2024/2025,2024-08-24,Asan Mugunghwa,Bucheon FC 1995,2,2,2-2,Regular Season - 28
1162834,K League 2 Korea,2024/2025,2024-08-25,Seoul E-Land FC,Suwon Bluewings,2,0,2-0,Regular Season - 28
1162833,K League 2 Korea,2024/2025,2024-08-25,Seongnam FC,FC Anyang,1,1,1-1,Regular Season - 28
1162835,K League 2 Korea,2024/2025,2024-08-26,Cheonan City,Ansan Greeners,2,3,2-3,Regular Season - 28
1162836,K League 2 Korea,2024/2025,2024-08-31,Cheongju,Suwon Bluewings,2,2,2-2,Regular Season - 29
1162837,K League 2 Korea,2024/2025,2024-08-31,FC Anyang,Cheonan City,1,1,1-1,Regular Season - 29
1162838,K League 2 Korea,2024/2025,2024-08-31,Ansan Greeners,Seoul E-Land FC,0,0,0-0,Regular Season - 29
1162839,K League 2 Korea,2024/2025,2024-09-01,Busan I Park,Seongnam FC,3,1,3-1,Regular Season - 29
1162841,K League 2 Korea,2024/2025,2024-09-01,Asan Mugunghwa,Gyeongnam FC,3,0,3-0,Regular Season - 29
1162840,K League 2 Korea,2024/2025,2024-09-01,Gimpo Citizen,Jeonnam Dragons,4,3,4-3,Regular Season - 29
1162842,K League 2 Korea,2024/2025,2024-09-14,Cheongju,Seoul E-Land FC,1,2,1-2,Regular Season - 30
1162844,K League 2 Korea,2024/2025,2024-09-14,Asan Mugunghwa,Ansan Greeners,1,1,1-1,Regular Season - 30
1162843,K League 2 Korea,2024/2025,2024-09-14,Suwon Bluewings,Cheonan City,1,2,1-2,Regular Season - 30
1162845,K League 2 Korea,2024/2025,2024-09-15,Gyeongnam FC,Bucheon FC 1995,1,4,1-4,Regular Season - 30
1162846,K League 2 Korea,2024/2025,2024-09-15,Jeonnam Dragons,Busan I Park,1,2,1-2,Regular Season - 30
1162847,K League 2 Korea,2024/2025,2024-09-15,Gimpo Citizen,FC Anyang,1,2,1-2,Regular Season - 30
1162848,K League 2 Korea,2024/2025,2024-09-21,Asan Mugunghwa,Jeonnam Dragons,2,1,2-1,Regular Season - 31
1162849,K League 2 Korea,2024/2025,2024-09-21,FC Anyang,Ansan Greeners,2,1,2-1,Regular Season - 31
1162850,K League 2 Korea,2024/2025,2024-09-21,Cheonan City,Cheongju,1,0,1-0,Regular Season - 31
1162851,K League 2 Korea,2024/2025,2024-09-22,Bucheon FC 1995,Gimpo Citizen,2,0,2-0,Regular Season - 31
1162852,K League 2 Korea,2024/2025,2024-09-22,Seongnam FC,Suwon Bluewings,1,2,1-2,Regular Season - 31
1162853,K League 2 Korea,2024/2025,2024-09-22,Busan I Park,Gyeongnam FC,1,1,1-1,Regular Season - 31
1162855,K League 2 Korea,2024/2025,2024-09-24,Seoul E-Land FC,FC Anyang,1,0,1-0,Regular Season - 32
1162854,K League 2 Korea,2024/2025,2024-09-24,Asan Mugunghwa,Cheonan City,2,0,2-0,Regular Season - 32
1162856,K League 2 Korea,2024/2025,2024-09-24,Ansan Greeners,Cheongju,3,2,3-2,Regular Season - 32
1162859,K League 2 Korea,2024/2025,2024-09-25,Bucheon FC 1995,Seongnam FC,3,0,3-0,Regular Season - 32
1162858,K League 2 Korea,2024/2025,2024-09-25,Gyeongnam FC,Gimpo Citizen,1,1,1-1,Regular Season - 32
1162857,K League 2 Korea,2024/2025,2024-09-25,Suwon Bluewings,Busan I Park,0,1,0-1,Regular Season - 32
1162860,K League 2 Korea,2024/2025,2024-09-28,FC Anyang,Asan Mugunghwa,0,1,0-1,Regular Season - 33
1162861,K League 2 Korea,2024/2025,2024-09-28,Gyeongnam FC,Suwon Bluewings,1,1,1-1,Regular Season - 33
1162862,K League 2 Korea,2024/2025,2024-09-29,Ansan Greeners,Busan I Park,0,5,0-5,Regular Season - 33
1162863,K League 2 Korea,2024/2025,2024-09-29,Cheongju,Seongnam FC,1,1,1-1,Regular Season - 33
1162865,K League 2 Korea,2024/2025,2024-09-30,Seoul E-Land FC,Gimpo Citizen,0,2,0-2,Regular Season - 33
1162864,K League 2 Korea,2024/2025,2024-09-30,Jeonnam Dragons,Bucheon FC 1995,3,1,3-1,Regular Season - 33
1162866,K League 2 Korea,2024/2025,2024-10-05,Busan I Park,Seoul E-Land FC,0,0,0-0,Regular Season - 34
1162868,K League 2 Korea,2024/2025,2024-10-05,Cheonan City,Gyeongnam FC,3,1,3-1,Regular Season - 34
1162867,K League 2 Korea,2024/2025,2024-10-05,Gimpo Citizen,Asan Mugunghwa,3,0,3-0,Regular Season - 34
1162869,K League 2 Korea,2024/2025,2024-10-05,Bucheon FC 1995,Cheongju,0,0,0-0,Regular Season - 34
1162870,K League 2 Korea,2024/2025,2024-10-05,Seongnam FC,Jeonnam Dragons,0,1,0-1,Regular Season - 34
1162871,K League 2 Korea,2024/2025,2024-10-06,Suwon Bluewings,FC Anyang,1,0,1-0,Regular Season - 34
1162872,K League 2 Korea,2024/2025,2024-10-19,Bucheon FC 1995,Suwon Bluewings,1,1,1-1,Regular Season - 35
1162873,K League 2 Korea,2024/2025,2024-10-19,Jeonnam Dragons,Ansan Greeners,1,1,1-1,Regular Season - 35
1162874,K League 2 Korea,2024/2025,2024-10-19,Cheongju,Gimpo Citizen,0,1,0-1,Regular Season - 35
1162875,K League 2 Korea,2024/2025,2024-10-20,Seongnam FC,Asan Mugunghwa,2,3,2-3,Regular Season - 35
1162876,K League 2 Korea,2024/2025,2024-10-20,Cheonan City,Seoul E-Land FC,0,3,0-3,Regular Season - 35
1162877,K League 2 Korea,2024/2025,2024-10-20,FC Anyang,Busan I Park,4,1,4-1,Regular Season - 35
1162878,K League 2 Korea,2024/2025,2024-10-26,Jeonnam Dragons,Cheonan City,0,2,0-2,Regular Season - 36
1162880,K League 2 Korea,2024/2025,2024-10-26,Ansan Greeners,Bucheon FC 1995,1,0,1-0,Regular Season - 36
1162879,K League 2 Korea,2024/2025,2024-10-26,Cheongju,FC Anyang,0,2,0-2,Regular Season - 36
1162882,K League 2 Korea,2024/2025,2024-10-27,Seoul E-Land FC,Asan Mugunghwa,1,2,1-2,Regular Season - 36
1162881,K League 2 Korea,2024/2025,2024-10-27,Gimpo Citizen,Suwon Bluewings,0,0,0-0,Regular Season - 36
1162883,K League 2 Korea,2024/2025,2024-10-27,Gyeongnam FC,Seongnam FC,5,1,5-1,Regular Season - 36
1162885,K League 2 Korea,2024/2025,2024-10-29,FC Anyang,Jeonnam Dragons,1,1,1-1,Regular Season - 37
1162884,K League 2 Korea,2024/2025,2024-10-29,Busan I Park,Cheongju,0,1,0-1,Regular Season - 37
1162886,K League 2 Korea,2024/2025,2024-10-29,Cheonan City,Bucheon FC 1995,1,1,1-1,Regular Season - 37
1162888,K League 2 Korea,2024/2025,2024-10-30,Seoul E-Land FC,Seongnam FC,1,0,1-0,Regular Season - 37
1162889,K League 2 Korea,2024/2025,2024-10-30,Ansan Greeners,Gyeongnam FC,1,1,1-1,Regular Season - 37
1162887,K League 2 Korea,2024/2025,2024-10-30,Suwon Bluewings,Asan Mugunghwa,2,1,2-1,Regular Season - 37
1162890,K League 2 Korea,2024/2025,2024-11-02,Bucheon FC 1995,FC Anyang,0,0,0-0,Regular Season - 38
1162891,K League 2 Korea,2024/2025,2024-11-02,Cheonan City,Busan I Park,2,3,2-3,Regular Season - 38
1162892,K League 2 Korea,2024/2025,2024-11-03,Gyeongnam FC,Seoul E-Land FC,0,3,0-3,Regular Season - 38
1162893,K League 2 Korea,2024/2025,2024-11-03,Jeonnam Dragons,Cheongju,3,0,3-0,Regular Season - 38
1162895,K League 2 Korea,2024/2025,2024-11-03,Seongnam FC,Gimpo Citizen,1,1,1-1,Regular Season - 38
1162894,K League 2 Korea,2024/2025,2024-11-03,Suwon Bluewings,Ansan Greeners,2,1,2-1,Regular Season - 38
1162898,K League 2 Korea,2024/2025,2024-11-09,FC Anyang,Gyeongnam FC,2,2,2-2,Regular Season - 39
1162900,K League 2 Korea,2024/2025,2024-11-09,Seoul E-Land FC,Jeonnam Dragons,0,4,0-4,Regular Season - 39
1162896,K League 2 Korea,2024/2025,2024-11-09,Busan I Park,Bucheon FC 1995,3,1,3-1,Regular Season - 39
1162901,K League 2 Korea,2024/2025,2024-11-09,Ansan Greeners,Seongnam FC,1,1,1-1,Regular Season - 39
1162899,K League 2 Korea,2024/2025,2024-11-09,Cheongju,Asan Mugunghwa,1,4,1-4,Regular Season - 39
1162897,K League 2 Korea,2024/2025,2024-11-09,Gimpo Citizen,Cheonan City,1,0,1-0,Regular Season - 39
1315359,K League 2 Korea,2024/2025,2024-11-21,Jeonnam Dragons,Busan I Park,0,0,0-0,Promotion Play-offs - Semi-finals
1316497,K League 2 Korea,2024/2025,2024-11-24,Seoul E-Land FC,Jeonnam Dragons,2,2,2-2,Promotion Play-offs - Final
1337552,K League 2 Korea,2025/2026,2025-02-22,Incheon United,Gyeongnam FC,2,0,2-0,Regular Season - 1
1337553,K League 2 Korea,2025/2026,2025-02-22,Cheonan City,Jeonnam Dragons,0,2,0-2,Regular Season - 1
1337554,K League 2 Korea,2025/2026,2025-02-22,Busan I Park,Gimpo Citizen,0,0,0-0,Regular Season - 1
1337555,K League 2 Korea,2025/2026,2025-02-22,Ansan Greeners,Suwon Bluewings,0,1,0-1,Regular Season - 1
1337556,K League 2 Korea,2025/2026,2025-02-23,Seongnam FC,Hwaseong,2,0,2-0,Regular Season - 1
1337558,K League 2 Korea,2025/2026,2025-02-23,Bucheon FC 1995,Cheongju,3,1,3-1,Regular Season - 1
1337557,K League 2 Korea,2025/2026,2025-02-23,Seoul E-Land FC,Asan Mugunghwa,2,1,2-1,Regular Season - 1
1337559,K League 2 Korea,2025/2026,2025-03-01,Incheon United,Suwon Bluewings,2,0,2-0,Regular Season - 2
1337560,K League 2 Korea,2025/2026,2025-03-01,Seoul E-Land FC,Jeonnam Dragons,1,1,1-1,Regular Season - 2
1337561,K League 2 Korea,2025/2026,2025-03-01,Ansan Greeners,Gimpo Citizen,0,2,0-2,Regular Season - 2
1337563,K League 2 Korea,2025/2026,2025-03-02,Busan I Park,Gyeongnam FC,0,1,0-1,Regular Season - 2
1337562,K League 2 Korea,2025/2026,2025-03-02,Hwaseong,Asan Mugunghwa,1,1,1-1,Regular Season - 2
1337564,K League 2 Korea,2025/2026,2025-03-02,Cheonan City,Bucheon FC 1995,1,2,1-2,Regular Season - 2
1337565,K League 2 Korea,2025/2026,2025-03-03,Seongnam FC,Cheongju,1,1,1-1,Regular Season - 2
1337566,K League 2 Korea,2025/2026,2025-03-08,Bucheon FC 1995,Busan I Park,0,2,0-2,Regular Season - 3
1337567,K League 2 Korea,2025/2026,2025-03-08,Hwaseong,Gyeongnam FC,1,1,1-1,Regular Season - 3
1337569,K League 2 Korea,2025/2026,2025-03-08,Ansan Greeners,Jeonnam Dragons,0,1,0-1,Regular Season - 3
1337568,K League 2 Korea,2025/2026,2025-03-08,Gimpo Citizen,Cheongju,2,3,2-3,Regular Season - 3
1337570,K League 2 Korea,2025/2026,2025-03-09,Seoul E-Land FC,Suwon Bluewings,4,2,4-2,Regular Season - 3
1337571,K League 2 Korea,2025/2026,2025-03-09,Cheonan City,Asan Mugunghwa,1,0,1-0,Regular Season - 3
1337572,K League 2 Korea,2025/2026,2025-03-09,Seongnam FC,Incheon United,2,1,2-1,Regular Season - 3
1337573,K League 2 Korea,2025/2026,2025-03-15,Incheon United,Seoul E-Land FC,1,0,1-0,Regular Season - 4
1337574,K League 2 Korea,2025/2026,2025-03-15,Hwaseong,Cheongju,2,1,2-1,Regular Season - 4
1337576,K League 2 Korea,2025/2026,2025-03-15,Suwon Bluewings,Asan Mugunghwa,0,0,0-0,Regular Season - 4
1337575,K League 2 Korea,2025/2026,2025-03-15,Gimpo Citizen,Seongnam FC,0,0,0-0,Regular Season - 4
1337578,K League 2 Korea,2025/2026,2025-03-16,Gyeongnam FC,Jeonnam Dragons,2,2,2-2,Regular Season - 4
1337577,K League 2 Korea,2025/2026,2025-03-16,Busan I Park,Cheonan City,2,1,2-1,Regular Season - 4
1337579,K League 2 Korea,2025/2026,2025-03-16,Bucheon FC 1995,Ansan Greeners,3,1,3-1,Regular Season - 4
1337580,K League 2 Korea,2025/2026,2025-03-29,Ansan Greeners,Hwaseong,3,3,3-3,Regular Season - 5
1337581,K League 2 Korea,2025/2026,2025-03-29,Suwon Bluewings,Jeonnam Dragons,2,1,2-1,Regular Season - 5
1337582,K League 2 Korea,2025/2026,2025-03-29,Gyeongnam FC,Cheongju,3,0,3-0,Regular Season - 5
1337583,K League 2 Korea,2025/2026,2025-03-29,Incheon United,Busan I Park,1,1,1-1,Regular Season - 5
1337584,K League 2 Korea,2025/2026,2025-03-30,Seoul E-Land FC,Bucheon FC 1995,3,2,3-2,Regular Season - 5
1337585,K League 2 Korea,2025/2026,2025-03-30,Cheonan City,Gimpo Citizen,0,2,0-2,Regular Season - 5
1337586,K League 2 Korea,2025/2026,2025-03-30,Asan Mugunghwa,Seongnam FC,1,1,1-1,Regular Season - 5
1337587,K League 2 Korea,2025/2026,2025-04-05,Seoul E-Land FC,Cheonan City,3,0,3-0,Regular Season - 6
1337588,K League 2 Korea,2025/2026,2025-04-05,Hwaseong,Incheon United,0,1,0-1,Regular Season - 6
1337589,K League 2 Korea,2025/2026,2025-04-05,Busan I Park,Jeonnam Dragons,0,1,0-1,Regular Season - 6
1337590,K League 2 Korea,2025/2026,2025-04-06,Suwon Bluewings,Gyeongnam FC,4,0,4-0,Regular Season - 6
1337591,K League 2 Korea,2025/2026,2025-04-06,Gimpo Citizen,Bucheon FC 1995,1,2,1-2,Regular Season - 6
1337592,K League 2 Korea,2025/2026,2025-04-06,Asan Mugunghwa,Cheongju,3,1,3-1,Regular Season - 6
1337593,K League 2 Korea,2025/2026,2025-04-06,Seongnam FC,Ansan Greeners,1,0,1-0,Regular Season - 6
1337594,K League 2 Korea,2025/2026,2025-04-12,Gimpo Citizen,Asan Mugunghwa,1,1,1-1,Regular Season - 7
1337595,K League 2 Korea,2025/2026,2025-04-12,Hwaseong,Jeonnam Dragons,1,2,1-2,Regular Season - 7
1337596,K League 2 Korea,2025/2026,2025-04-12,Bucheon FC 1995,Suwon Bluewings,1,1,1-1,Regular Season - 7
1337597,K League 2 Korea,2025/2026,2025-04-12,Gyeongnam FC,Seongnam FC,0,1,0-1,Regular Season - 7
1337598,K League 2 Korea,2025/2026,2025-04-13,Incheon United,Cheongju,2,1,2-1,Regular Season - 7
1337599,K League 2 Korea,2025/2026,2025-04-13,Busan I Park,Seoul E-Land FC,2,2,2-2,Regular Season - 7
1337600,K League 2 Korea,2025/2026,2025-04-13,Cheonan City,Ansan Greeners,0,1,0-1,Regular Season - 7
1337602,K League 2 Korea,2025/2026,2025-04-19,Seoul E-Land FC,Cheongju,0,2,0-2,Regular Season - 8
1337601,K League 2 Korea,2025/2026,2025-04-19,Incheon United,Cheonan City,3,0,3-0,Regular Season - 8
1337604,K League 2 Korea,2025/2026,2025-04-19,Seongnam FC,Bucheon FC 1995,0,0,0-0,Regular Season - 8
1337603,K League 2 Korea,2025/2026,2025-04-19,Suwon Bluewings,Hwaseong,3,1,3-1,Regular Season - 8
1337605,K League 2 Korea,2025/2026,2025-04-20,Ansan Greeners,Busan I Park,1,3,1-3,Regular Season - 8
1337607,K League 2 Korea,2025/2026,2025-04-20,Gyeongnam FC,Gimpo Citizen,2,1,2-1,Regular Season - 8
1337606,K League 2 Korea,2025/2026,2025-04-20,Asan Mugunghwa,Jeonnam Dragons,0,0,0-0,Regular Season - 8
1337608,K League 2 Korea,2025/2026,2025-04-26,Seoul E-Land FC,Gyeongnam FC,2,1,2-1,Regular Season - 9
1337609,K League 2 Korea,2025/2026,2025-04-26,Cheonan City,Cheongju,0,1,0-1,Regular Season - 9
1337611,K League 2 Korea,2025/2026,2025-04-26,Bucheon FC 1995,Incheon United,1,3,1-3,Regular Season - 9
1337610,K League 2 Korea,2025/2026,2025-04-26,Asan Mugunghwa,Ansan Greeners,3,0,3-0,Regular Season - 9
1337612,K League 2 Korea,2025/2026,2025-04-27,Suwon Bluewings,Seongnam FC,3,2,3-2,Regular Season - 9
1337613,K League 2 Korea,2025/2026,2025-04-27,Gimpo Citizen,Jeonnam Dragons,0,1,0-1,Regular Season - 9
1337614,K League 2 Korea,2025/2026,2025-04-27,Busan I Park,Hwaseong,3,2,3-2,Regular Season - 9
1337616,K League 2 Korea,2025/2026,2025-05-04,Bucheon FC 1995,Jeonnam Dragons,2,2,2-2,Regular Season - 10
1337615,K League 2 Korea,2025/2026,2025-05-04,Seongnam FC,Seoul E-Land FC,1,2,1-2,Regular Season - 10
1337619,K League 2 Korea,2025/2026,2025-05-04,Ansan Greeners,Gyeongnam FC,1,0,1-0,Regular Season - 10
1337617,K League 2 Korea,2025/2026,2025-05-04,Incheon United,Gimpo Citizen,3,0,3-0,Regular Season - 10
1337618,K League 2 Korea,2025/2026,2025-05-04,Cheongju,Suwon Bluewings,3,3,3-3,Regular Season - 10
1337620,K League 2 Korea,2025/2026,2025-05-04,Busan I Park,Asan Mugunghwa,2,0,2-0,Regular Season - 10
1337621,K League 2 Korea,2025/2026,2025-05-04,Hwaseong,Cheonan City,2,1,2-1,Regular Season - 10
1337623,K League 2 Korea,2025/2026,2025-05-10,Gyeongnam FC,Bucheon FC 1995,0,3,0-3,Regular Season - 11
1337622,K League 2 Korea,2025/2026,2025-05-10,Gimpo Citizen,Hwaseong,1,0,1-0,Regular Season - 11
1337625,K League 2 Korea,2025/2026,2025-05-10,Seoul E-Land FC,Ansan Greeners,1,1,1-1,Regular Season - 11
1337624,K League 2 Korea,2025/2026,2025-05-10,Asan Mugunghwa,Incheon United,0,3,0-3,Regular Season - 11
1337626,K League 2 Korea,2025/2026,2025-05-11,Jeonnam Dragons,Seongnam FC,2,1,2-1,Regular Season - 11
1337627,K League 2 Korea,2025/2026,2025-05-11,Cheongju,Busan I Park,0,2,0-2,Regular Season - 11
1337628,K League 2 Korea,2025/2026,2025-05-11,Suwon Bluewings,Cheonan City,2,0,2-0,Regular Season - 11
1337630,K League 2 Korea,2025/2026,2025-05-17,Bucheon FC 1995,Hwaseong,1,0,1-0,Regular Season - 12
1337629,K League 2 Korea,2025/2026,2025-05-17,Gyeongnam FC,Asan Mugunghwa,1,3,1-3,Regular Season - 12
1337632,K League 2 Korea,2025/2026,2025-05-17,Busan I Park,Suwon Bluewings,1,4,1-4,Regular Season - 12
1337631,K League 2 Korea,2025/2026,2025-05-17,Cheonan City,Seongnam FC,1,1,1-1,Regular Season - 12
1337633,K League 2 Korea,2025/2026,2025-05-18,Ansan Greeners,Incheon United,0,2,0-2,Regular Season - 12
1337634,K League 2 Korea,2025/2026,2025-05-18,Jeonnam Dragons,Cheongju,4,1,4-1,Regular Season - 12
1337635,K League 2 Korea,2025/2026,2025-05-18,Gimpo Citizen,Seoul E-Land FC,1,2,1-2,Regular Season - 12
1337637,K League 2 Korea,2025/2026,2025-05-24,Cheongju,Ansan Greeners,0,0,0-0,Regular Season - 13
1337636,K League 2 Korea,2025/2026,2025-05-24,Hwaseong,Seoul E-Land FC,0,1,0-1,Regular Season - 13
1337639,K League 2 Korea,2025/2026,2025-05-24,Gyeongnam FC,Cheonan City,3,1,3-1,Regular Season - 13
1337638,K League 2 Korea,2025/2026,2025-05-24,Seongnam FC,Busan I Park,0,0,0-0,Regular Season - 13
1337640,K League 2 Korea,2025/2026,2025-05-25,Asan Mugunghwa,Bucheon FC 1995,2,2,2-2,Regular Season - 13
1337641,K League 2 Korea,2025/2026,2025-05-25,Incheon United,Jeonnam Dragons,2,0,2-0,Regular Season - 13
1337642,K League 2 Korea,2025/2026,2025-05-25,Suwon Bluewings,Gimpo Citizen,1,1,1-1,Regular Season - 13
1337644,K League 2 Korea,2025/2026,2025-05-31,Seoul E-Land FC,Busan I Park,1,4,1-4,Regular Season - 14
1337643,K League 2 Korea,2025/2026,2025-05-31,Jeonnam Dragons,Hwaseong,3,2,3-2,Regular Season - 14
1337646,K League 2 Korea,2025/2026,2025-05-31,Ansan Greeners,Seongnam FC,1,0,1-0,Regular Season - 14
1337645,K League 2 Korea,2025/2026,2025-05-31,Cheongju,Gyeongnam FC,1,2,1-2,Regular Season - 14
1337647,K League 2 Korea,2025/2026,2025-06-01,Asan Mugunghwa,Gimpo Citizen,2,0,2-0,Regular Season - 14
1337648,K League 2 Korea,2025/2026,2025-06-01,Suwon Bluewings,Bucheon FC 1995,4,1,4-1,Regular Season - 14
1337649,K League 2 Korea,2025/2026,2025-06-01,Cheonan City,Incheon United,3,3,3-3,Regular Season - 14
1337651,K League 2 Korea,2025/2026,2025-06-06,Seongnam FC,Suwon Bluewings,1,2,1-2,Regular Season - 15
1337650,K League 2 Korea,2025/2026,2025-06-06,Cheongju,Asan Mugunghwa,0,2,0-2,Regular Season - 15
1337654,K League 2 Korea,2025/2026,2025-06-07,Gyeongnam FC,Hwaseong,0,1,0-1,Regular Season - 15
1337652,K League 2 Korea,2025/2026,2025-06-07,Busan I Park,Ansan Greeners,0,2,0-2,Regular Season - 15
1337653,K League 2 Korea,2025/2026,2025-06-07,Jeonnam Dragons,Seoul E-Land FC,1,1,1-1,Regular Season - 15
1337655,K League 2 Korea,2025/2026,2025-06-08,Incheon United,Bucheon FC 1995,1,0,1-0,Regular Season - 15
1337656,K League 2 Korea,2025/2026,2025-06-08,Gimpo Citizen,Cheonan City,1,0,1-0,Regular Season - 15
1337658,K League 2 Korea,2025/2026,2025-06-14,Bucheon FC 1995,Seoul E-Land FC,3,1,3-1,Regular Season - 16
1337657,K League 2 Korea,2025/2026,2025-06-14,Asan Mugunghwa,Cheonan City,0,1,0-1,Regular Season - 16
1337659,K League 2 Korea,2025/2026,2025-06-14,Cheongju,Seongnam FC,0,1,0-1,Regular Season - 16
1337660,K League 2 Korea,2025/2026,2025-06-15,Jeonnam Dragons,Busan I Park,0,1,0-1,Regular Season - 16
1337663,K League 2 Korea,2025/2026,2025-06-15,Suwon Bluewings,Incheon United,1,2,1-2,Regular Season - 16
1337662,K League 2 Korea,2025/2026,2025-06-15,Gimpo Citizen,Gyeongnam FC,3,0,3-0,Regular Season - 16
1337661,K League 2 Korea,2025/2026,2025-06-15,Hwaseong,Ansan Greeners,0,0,0-0,Regular Season - 16
1337667,K League 2 Korea,2025/2026,2025-06-21,Seongnam FC,Asan Mugunghwa,0,2,0-2,Regular Season - 17
1337666,K League 2 Korea,2025/2026,2025-06-21,Ansan Greeners,Bucheon FC 1995,0,1,0-1,Regular Season - 17
1337664,K League 2 Korea,2025/2026,2025-06-21,Incheon United,Hwaseong,2,0,2-0,Regular Season - 17
1337665,K League 2 Korea,2025/2026,2025-06-21,Cheonan City,Seoul E-Land FC,4,2,4-2,Regular Season - 17
1337670,K League 2 Korea,2025/2026,2025-06-22,Gyeongnam FC,Suwon Bluewings,1,3,1-3,Regular Season - 17
1337669,K League 2 Korea,2025/2026,2025-06-22,Busan I Park,Cheongju,2,2,2-2,Regular Season - 17
1337668,K League 2 Korea,2025/2026,2025-06-22,Jeonnam Dragons,Gimpo Citizen,0,0,0-0,Regular Season - 17
1337672,K League 2 Korea,2025/2026,2025-06-28,Bucheon FC 1995,Gyeongnam FC,2,0,2-0,Regular Season - 18
1337671,K League 2 Korea,2025/2026,2025-06-28,Asan Mugunghwa,Seoul E-Land FC,1,1,1-1,Regular Season - 18
1337673,K League 2 Korea,2025/2026,2025-06-28,Ansan Greeners,Cheonan City,0,0,0-0,Regular Season - 18
1337674,K League 2 Korea,2025/2026,2025-06-28,Hwaseong,Seongnam FC,1,0,1-0,Regular Season - 18
1337675,K League 2 Korea,2025/2026,2025-06-29,Suwon Bluewings,Busan I Park,1,1,1-1,Regular Season - 18
1337676,K League 2 Korea,2025/2026,2025-06-29,Cheongju,Jeonnam Dragons,2,2,2-2,Regular Season - 18
1337677,K League 2 Korea,2025/2026,2025-06-29,Gimpo Citizen,Incheon United,1,1,1-1,Regular Season - 18
1337681,K League 2 Korea,2025/2026,2025-07-05,Gyeongnam FC,Ansan Greeners,1,1,1-1,Regular Season - 19
1337678,K League 2 Korea,2025/2026,2025-07-05,Asan Mugunghwa,Suwon Bluewings,2,3,2-3,Regular Season - 19
1337679,K League 2 Korea,2025/2026,2025-07-05,Jeonnam Dragons,Incheon United,2,1,2-1,Regular Season - 19
1337680,K League 2 Korea,2025/2026,2025-07-05,Cheongju,Seoul E-Land FC,2,1,2-1,Regular Season - 19
1337682,K League 2 Korea,2025/2026,2025-07-06,Seongnam FC,Cheonan City,0,0,0-0,Regular Season - 19
1337684,K League 2 Korea,2025/2026,2025-07-06,Gimpo Citizen,Busan I Park,3,0,3-0,Regular Season - 19
1337683,K League 2 Korea,2025/2026,2025-07-06,Hwaseong,Bucheon FC 1995,0,1,0-1,Regular Season - 19
1337686,K League 2 Korea,2025/2026,2025-07-12,Busan I Park,Seongnam FC,0,0,0-0,Regular Season - 20
1337685,K League 2 Korea,2025/2026,2025-07-12,Jeonnam Dragons,Gyeongnam FC,1,0,1-0,Regular Season - 20
1337687,K League 2 Korea,2025/2026,2025-07-12,Suwon Bluewings,Cheongju,1,0,1-0,Regular Season - 20
1337688,K League 2 Korea,2025/2026,2025-07-12,Cheonan City,Hwaseong,2,3,2-3,Regular Season - 20
1337690,K League 2 Korea,2025/2026,2025-07-13,Bucheon FC 1995,Gimpo Citizen,1,1,1-1,Regular Season - 20
1337691,K League 2 Korea,2025/2026,2025-07-13,Ansan Greeners,Seoul E-Land FC,2,2,2-2,Regular Season - 20
1337689,K League 2 Korea,2025/2026,2025-07-13,Incheon United,Asan Mugunghwa,2,1,2-1,Regular Season - 20
1337694,K League 2 Korea,2025/2026,2025-07-19,Seoul E-Land FC,Seongnam FC,0,1,0-1,Regular Season - 21
1337692,K League 2 Korea,2025/2026,2025-07-19,Jeonnam Dragons,Suwon Bluewings,3,4,3-4,Regular Season - 21
1337693,K League 2 Korea,2025/2026,2025-07-19,Gimpo Citizen,Ansan Greeners,2,2,2-2,Regular Season - 21
1337695,K League 2 Korea,2025/2026,2025-07-19,Hwaseong,Busan I Park,1,0,1-0,Regular Season - 21
1337696,K League 2 Korea,2025/2026,2025-07-20,Bucheon FC 1995,Asan Mugunghwa,5,3,5-3,Regular Season - 21
1337698,K League 2 Korea,2025/2026,2025-07-20,Gyeongnam FC,Incheon United,0,2,0-2,Regular Season - 21
1337697,K League 2 Korea,2025/2026,2025-07-20,Cheongju,Cheonan City,2,1,2-1,Regular Season - 21
1337699,K League 2 Korea,2025/2026,2025-07-26,Busan I Park,Bucheon FC 1995,4,2,4-2,Regular Season - 22
1337702,K League 2 Korea,2025/2026,2025-07-26,Asan Mugunghwa,Hwaseong,1,1,1-1,Regular Season - 22
1337700,K League 2 Korea,2025/2026,2025-07-26,Cheonan City,Gyeongnam FC,4,0,4-0,Regular Season - 22
1337701,K League 2 Korea,2025/2026,2025-07-26,Cheongju,Gimpo Citizen,0,3,0-3,Regular Season - 22
1337705,K League 2 Korea,2025/2026,2025-07-27,Seongnam FC,Jeonnam Dragons,2,2,2-2,Regular Season - 22
1337703,K League 2 Korea,2025/2026,2025-07-27,Incheon United,Ansan Greeners,4,2,4-2,Regular Season - 22
1337704,K League 2 Korea,2025/2026,2025-07-27,Suwon Bluewings,Seoul E-Land FC,0,2,0-2,Regular Season - 22
1337706,K League 2 Korea,2025/2026,2025-08-02,Bucheon FC 1995,Seongnam FC,2,3,2-3,Regular Season - 23
1337707,K League 2 Korea,2025/2026,2025-08-02,Seoul E-Land FC,Incheon United,0,0,0-0,Regular Season - 23
1337711,K League 2 Korea,2025/2026,2025-08-02,Gyeongnam FC,Busan I Park,1,0,1-0,Regular Season - 23
1337710,K League 2 Korea,2025/2026,2025-08-02,Ansan Greeners,Cheongju,1,2,1-2,Regular Season - 23
1337708,K League 2 Korea,2025/2026,2025-08-02,Jeonnam Dragons,Asan Mugunghwa,2,2,2-2,Regular Season - 23
1337712,K League 2 Korea,2025/2026,2025-08-02,Cheonan City,Suwon Bluewings,1,2,1-2,Regular Season - 23
1337709,K League 2 Korea,2025/2026,2025-08-02,Hwaseong,Gimpo Citizen,0,1,0-1,Regular Season - 23
1337714,K League 2 Korea,2025/2026,2025-08-09,Busan I Park,Incheon United,0,2,0-2,Regular Season - 24
1337713,K League 2 Korea,2025/2026,2025-08-09,Asan Mugunghwa,Gyeongnam FC,2,2,2-2,Regular Season - 24
1337715,K League 2 Korea,2025/2026,2025-08-09,Suwon Bluewings,Ansan Greeners,3,1,3-1,Regular Season - 24
1337716,K League 2 Korea,2025/2026,2025-08-09,Seongnam FC,Gimpo Citizen,0,0,0-0,Regular Season - 24
1337717,K League 2 Korea,2025/2026,2025-08-10,Seoul E-Land FC,Hwaseong,0,0,0-0,Regular Season - 24
1337718,K League 2 Korea,2025/2026,2025-08-10,Jeonnam Dragons,Cheonan City,3,4,3-4,Regular Season - 24
1337719,K League 2 Korea,2025/2026,2025-08-10,Cheongju,Bucheon FC 1995,0,1,0-1,Regular Season - 24
1337721,K League 2 Korea,2025/2026,2025-08-15,Ansan Greeners,Asan Mugunghwa,0,2,0-2,Regular Season - 25
1337720,K League 2 Korea,2025/2026,2025-08-15,Jeonnam Dragons,Bucheon FC 1995,2,1,2-1,Regular Season - 25
1337724,K League 2 Korea,2025/2026,2025-08-16,Cheongju,Hwaseong,1,1,1-1,Regular Season - 25
1337723,K League 2 Korea,2025/2026,2025-08-16,Gimpo Citizen,Suwon Bluewings,3,1,3-1,Regular Season - 25
1337725,K League 2 Korea,2025/2026,2025-08-16,Gyeongnam FC,Seoul E-Land FC,1,1,1-1,Regular Season - 25
1337722,K League 2 Korea,2025/2026,2025-08-16,Incheon United,Seongnam FC,1,2,1-2,Regular Season - 25
1337726,K League 2 Korea,2025/2026,2025-08-17,Cheonan City,Busan I Park,0,1,0-1,Regular Season - 25
1337729,K League 2 Korea,2025/2026,2025-08-23,Seoul E-Land FC,Gimpo Citizen,1,1,1-1,Regular Season - 26
1337730,K League 2 Korea,2025/2026,2025-08-23,Seongnam FC,Gyeongnam FC,2,1,2-1,Regular Season - 26
1337727,K League 2 Korea,2025/2026,2025-08-23,Jeonnam Dragons,Ansan Greeners,2,0,2-0,Regular Season - 26
1337728,K League 2 Korea,2025/2026,2025-08-23,Bucheon FC 1995,Cheonan City,0,0,0-0,Regular Season - 26
1337732,K League 2 Korea,2025/2026,2025-08-24,Asan Mugunghwa,Busan I Park,0,1,0-1,Regular Season - 26
1337731,K League 2 Korea,2025/2026,2025-08-24,Cheongju,Incheon United,0,4,0-4,Regular Season - 26
1337733,K League 2 Korea,2025/2026,2025-08-24,Hwaseong,Suwon Bluewings,1,1,1-1,Regular Season - 26
1337739,K League 2 Korea,2025/2026,2025-08-30,Busan I Park,Cheongju,2,2,2-2,Regular Season - 27
1337736,K League 2 Korea,2025/2026,2025-08-30,Ansan Greeners,Hwaseong,0,1,0-1,Regular Season - 27
1337734,K League 2 Korea,2025/2026,2025-08-30,Incheon United,Asan Mugunghwa,1,1,1-1,Regular Season - 27
1337735,K League 2 Korea,2025/2026,2025-08-30,Suwon Bluewings,Seongnam FC,2,2,2-2,Regular Season - 27
1337737,K League 2 Korea,2025/2026,2025-08-30,Gimpo Citizen,Jeonnam Dragons,2,0,2-0,Regular Season - 27
1337738,K League 2 Korea,2025/2026,2025-08-31,Gyeongnam FC,Bucheon FC 1995,1,2,1-2,Regular Season - 27
1337740,K League 2 Korea,2025/2026,2025-08-31,Cheonan City,Seoul E-Land FC,2,5,2-5,Regular Season - 27
1337741,K League 2 Korea,2025/2026,2025-09-06,Busan I Park,Suwon Bluewings,1,0,1-0,Regular Season - 28
1337744,K League 2 Korea,2025/2026,2025-09-06,Seongnam FC,Ansan Greeners,4,0,4-0,Regular Season - 28
1337742,K League 2 Korea,2025/2026,2025-09-06,Jeonnam Dragons,Seoul E-Land FC,1,2,1-2,Regular Season - 28
1337743,K League 2 Korea,2025/2026,2025-09-06,Cheongju,Gyeongnam FC,0,1,0-1,Regular Season - 28
1337746,K League 2 Korea,2025/2026,2025-09-07,Bucheon FC 1995,Incheon United,1,0,1-0,Regular Season - 28
1337745,K League 2 Korea,2025/2026,2025-09-07,Gimpo Citizen,Cheonan City,1,3,1-3,Regular Season - 28
1337747,K League 2 Korea,2025/2026,2025-09-07,Hwaseong,Asan Mugunghwa,1,1,1-1,Regular Season - 28
1337748,K League 2 Korea,2025/2026,2025-09-13,Asan Mugunghwa,Bucheon FC 1995,3,0,3-0,Regular Season - 29
1337750,K League 2 Korea,2025/2026,2025-09-13,Seoul E-Land FC,Suwon Bluewings,0,1,0-1,Regular Season - 29
1337749,K League 2 Korea,2025/2026,2025-09-13,Gyeongnam FC,Gimpo Citizen,0,2,0-2,Regular Season - 29
1337751,K League 2 Korea,2025/2026,2025-09-13,Cheonan City,Incheon United,3,4,3-4,Regular Season - 29
1337754,K League 2 Korea,2025/2026,2025-09-14,Ansan Greeners,Busan I Park,2,3,2-3,Regular Season - 29
1337752,K League 2 Korea,2025/2026,2025-09-14,Jeonnam Dragons,Hwaseong,1,2,1-2,Regular Season - 29
1337753,K League 2 Korea,2025/2026,2025-09-14,Cheongju,Seongnam FC,0,1,0-1,Regular Season - 29
1337756,K League 2 Korea,2025/2026,2025-09-20,Bucheon FC 1995,Seoul E-Land FC,2,2,2-2,Regular Season - 30
1337755,K League 2 Korea,2025/2026,2025-09-20,Suwon Bluewings,Gyeongnam FC,1,2,1-2,Regular Season - 30
1337758,K League 2 Korea,2025/2026,2025-09-20,Seongnam FC,Asan Mugunghwa,3,0,3-0,Regular Season - 30
1337757,K League 2 Korea,2025/2026,2025-09-20,Incheon United,Gimpo Citizen,1,2,1-2,Regular Season - 30
1337759,K League 2 Korea,2025/2026,2025-09-21,Ansan Greeners,Cheongju,0,0,0-0,Regular Season - 30
1337760,K League 2 Korea,2025/2026,2025-09-21,Cheonan City,Hwaseong,2,2,2-2,Regular Season - 30
1337761,K League 2 Korea,2025/2026,2025-09-21,Busan I Park,Jeonnam Dragons,1,1,1-1,Regular Season - 30
1337762,K League 2 Korea,2025/2026,2025-09-27,Jeonnam Dragons,Bucheon FC 1995,3,2,3-2,Regular Season - 31
1337763,K League 2 Korea,2025/2026,2025-09-27,Asan Mugunghwa,Suwon Bluewings,1,3,1-3,Regular Season - 31
1337764,K League 2 Korea,2025/2026,2025-09-27,Cheongju,Cheonan City,0,1,0-1,Regular Season - 31
1337765,K League 2 Korea,2025/2026,2025-09-28,Gyeongnam FC,Ansan Greeners,1,0,1-0,Regular Season - 31
1337766,K League 2 Korea,2025/2026,2025-09-28,Hwaseong,Busan I Park,1,1,1-1,Regular Season - 31
1337768,K League 2 Korea,2025/2026,2025-09-28,Seoul E-Land FC,Incheon United,0,0,0-0,Regular Season - 31
1337767,K League 2 Korea,2025/2026,2025-09-28,Gimpo Citizen,Seongnam FC,0,0,0-0,Regular Season - 31
1337769,K League 2 Korea,2025/2026,2025-10-03,Seongnam FC,Seoul E-Land FC,0,2,0-2,Regular Season - 32
1337770,K League 2 Korea,2025/2026,2025-10-04,Suwon Bluewings,Bucheon FC 1995,2,2,2-2,Regular Season - 32
1337771,K League 2 Korea,2025/2026,2025-10-04,Gimpo Citizen,Ansan Greeners,1,1,1-1,Regular Season - 32
1337772,K League 2 Korea,2025/2026,2025-10-04,Asan Mugunghwa,Cheongju,0,0,0-0,Regular Season - 32
1337773,K League 2 Korea,2025/2026,2025-10-04,Hwaseong,Incheon United,0,1,0-1,Regular Season - 32
1337774,K League 2 Korea,2025/2026,2025-10-05,Jeonnam Dragons,Cheonan City,4,1,4-1,Regular Season - 32
1337775,K League 2 Korea,2025/2026,2025-10-05,Busan I Park,Gyeongnam FC,1,1,1-1,Regular Season - 32
1337776,K League 2 Korea,2025/2026,2025-10-07,Seoul E-Land FC,Hwaseong,1,1,1-1,Regular Season - 33
1337777,K League 2 Korea,2025/2026,2025-10-07,Cheongju,Gimpo Citizen,0,2,0-2,Regular Season - 33
1337780,K League 2 Korea,2025/2026,2025-10-08,Gyeongnam FC,Jeonnam Dragons,2,3,2-3,Regular Season - 33
1337778,K League 2 Korea,2025/2026,2025-10-08,Incheon United,Suwon Bluewings,1,1,1-1,Regular Season - 33
1337779,K League 2 Korea,2025/2026,2025-10-08,Cheonan City,Busan I Park,0,0,0-0,Regular Season - 33
1337781,K League 2 Korea,2025/2026,2025-10-08,Bucheon FC 1995,Seongnam FC,1,0,1-0,Regular Season - 33
1337782,K League 2 Korea,2025/2026,2025-10-08,Ansan Greeners,Asan Mugunghwa,0,1,0-1,Regular Season - 33
1337783,K League 2 Korea,2025/2026,2025-10-11,Gimpo Citizen,Seoul E-Land FC,0,1,0-1,Regular Season - 34
1337784,K League 2 Korea,2025/2026,2025-10-11,Hwaseong,Cheongju,1,0,1-0,Regular Season - 34
1337787,K League 2 Korea,2025/2026,2025-10-12,Busan I Park,Bucheon FC 1995,1,2,1-2,Regular Season - 34
1337786,K League 2 Korea,2025/2026,2025-10-12,Jeonnam Dragons,Ansan Greeners,0,1,0-1,Regular Season - 34
1337785,K League 2 Korea,2025/2026,2025-10-12,Suwon Bluewings,Cheonan City,5,0,5-0,Regular Season - 34
1337789,K League 2 Korea,2025/2026,2025-10-12,Asan Mugunghwa,Gyeongnam FC,1,0,1-0,Regular Season - 34
1337788,K League 2 Korea,2025/2026,2025-10-12,Seongnam FC,Incheon United,2,2,2-2,Regular Season - 34
1337791,K League 2 Korea,2025/2026,2025-10-19,Seoul E-Land FC,Busan I Park,3,0,3-0,Regular Season - 35
1337793,K League 2 Korea,2025/2026,2025-10-19,Gyeongnam FC,Seongnam FC,0,1,0-1,Regular Season - 35
1337792,K League 2 Korea,2025/2026,2025-10-19,Asan Mugunghwa,Gimpo Citizen,1,0,1-0,Regular Season - 35
1337790,K League 2 Korea,2025/2026,2025-10-19,Ansan Greeners,Incheon United,0,1,0-1,Regular Season - 35
1337795,K League 2 Korea,2025/2026,2025-10-19,Bucheon FC 1995,Cheonan City,2,1,2-1,Regular Season - 35
1337794,K League 2 Korea,2025/2026,2025-10-19,Cheongju,Jeonnam Dragons,0,3,0-3,Regular Season - 35
1337796,K League 2 Korea,2025/2026,2025-10-19,Hwaseong,Suwon Bluewings,2,3,2-3,Regular Season - 35
1337798,K League 2 Korea,2025/2026,2025-10-25,Seongnam FC,Hwaseong,1,0,1-0,Regular Season - 36
1337797,K League 2 Korea,2025/2026,2025-10-25,Suwon Bluewings,Jeonnam Dragons,2,2,2-2,Regular Season - 36
1337800,K League 2 Korea,2025/2026,2025-10-25,Busan I Park,Gimpo Citizen,4,1,4-1,Regular Season - 36
1337799,K League 2 Korea,2025/2026,2025-10-25,Cheonan City,Ansan Greeners,0,0,0-0,Regular Season - 36
1337801,K League 2 Korea,2025/2026,2025-10-25,Cheongju,Bucheon FC 1995,0,0,0-0,Regular Season - 36
1337802,K League 2 Korea,2025/2026,2025-10-26,Incheon United,Gyeongnam FC,3,0,3-0,Regular Season - 36
1337803,K League 2 Korea,2025/2026,2025-10-26,Seoul E-Land FC,Asan Mugunghwa,4,1,4-1,Regular Season - 36
1337804,K League 2 Korea,2025/2026,2025-11-01,Gyeongnam FC,Seoul E-Land FC,0,0,0-0,Regular Season - 37
1337805,K League 2 Korea,2025/2026,2025-11-01,Suwon Bluewings,Cheongju,2,0,2-0,Regular Season - 37
1337806,K League 2 Korea,2025/2026,2025-11-01,Bucheon FC 1995,Ansan Greeners,2,0,2-0,Regular Season - 37
1337807,K League 2 Korea,2025/2026,2025-11-01,Gimpo Citizen,Hwaseong,5,1,5-1,Regular Season - 37
1337809,K League 2 Korea,2025/2026,2025-11-02,Jeonnam Dragons,Seongnam FC,0,2,0-2,Regular Season - 37
1337808,K League 2 Korea,2025/2026,2025-11-02,Incheon United,Busan I Park,0,0,0-0,Regular Season - 37
1337810,K League 2 Korea,2025/2026,2025-11-02,Asan Mugunghwa,Cheonan City,1,1,1-1,Regular Season - 37
1337811,K League 2 Korea,2025/2026,2025-11-08,Jeonnam Dragons,Incheon United,2,1,2-1,Regular Season - 38
1337812,K League 2 Korea,2025/2026,2025-11-08,Hwaseong,Gyeongnam FC,0,1,0-1,Regular Season - 38
1337813,K League 2 Korea,2025/2026,2025-11-08,Busan I Park,Asan Mugunghwa,0,3,0-3,Regular Season - 38
1337814,K League 2 Korea,2025/2026,2025-11-08,Cheonan City,Seongnam FC,1,3,1-3,Regular Season - 38
1337816,K League 2 Korea,2025/2026,2025-11-09,Ansan Greeners,Suwon Bluewings,1,1,1-1,Regular Season - 38
1337815,K League 2 Korea,2025/2026,2025-11-09,Cheongju,Seoul E-Land FC,0,2,0-2,Regular Season - 38
1337817,K League 2 Korea,2025/2026,2025-11-09,Gimpo Citizen,Bucheon FC 1995,0,1,0-1,Regular Season - 38
1337821,K League 2 Korea,2025/2026,2025-11-23,Bucheon FC 1995,Hwaseong,0,0,0-0,Regular Season - 39
1337822,K League 2 Korea,2025/2026,2025-11-23,Seoul E-Land FC,Ansan Greeners,6,0,6-0,Regular Season - 39
1337823,K League 2 Korea,2025/2026,2025-11-23,Gyeongnam FC,Cheonan City,2,0,2-0,Regular Season - 39
1337818,K League 2 Korea,2025/2026,2025-11-23,Asan Mugunghwa,Jeonnam Dragons,2,1,2-1,Regular Season - 39
1337824,K League 2 Korea,2025/2026,2025-11-23,Seongnam FC,Busan I Park,2,1,2-1,Regular Season - 39
1337819,K League 2 Korea,2025/2026,2025-11-23,Incheon United,Cheongju,0,1,0-1,Regular Season - 39
1337820,K League 2 Korea,2025/2026,2025-11-23,Suwon Bluewings,Gimpo Citizen,1,1,1-1,Regular Season - 39
1488145,K League 2 Korea,2025/2026,2025-11-27,Seoul E-Land FC,Seongnam FC,0,1,0-1,Semi-finals
1488444,K League 2 Korea,2025/2026,2025-11-30,Bucheon FC 1995,Seongnam FC,0,0,0-0,Final
821082,J1 League Japon,2022/2023,2022-02-18,Kawasaki Frontale,FC Tokyo,1,0,1-0,Regular Season - 1
821089,J1 League Japon,2022/2023,2022-02-19,Sanfrecce Hiroshima,Sagan Tosu,0,0,0-0,Regular Season - 1
821085,J1 League Japon,2022/2023,2022-02-19,Shimizu S-pulse,Consadole Sapporo,1,1,1-1,Regular Season - 1
821088,J1 League Japon,2022/2023,2022-02-19,Gamba Osaka,Kashima,1,3,1-3,Regular Season - 1
821083,J1 League Japon,2022/2023,2022-02-19,Yokohama F. Marinos,Cerezo Osaka,2,2,2-2,Regular Season - 1
821087,J1 League Japon,2022/2023,2022-02-19,Kyoto Sanga,Urawa,1,0,1-0,Regular Season - 1
821090,J1 League Japon,2022/2023,2022-02-19,Avispa Fukuoka,Jubilo Iwata,1,1,1-1,Regular Season - 1
821084,J1 League Japon,2022/2023,2022-02-19,Shonan Bellmare,Kashiwa Reysol,0,2,0-2,Regular Season - 1
821086,J1 League Japon,2022/2023,2022-02-19,Nagoya Grampus,Vissel Kobe,2,0,2-0,Regular Season - 1
836269,J1 League Japon,2022/2023,2022-02-23,Yokohama F. Marinos,Kawasaki Frontale,4,2,4-2,Regular Season - 9
836270,J1 League Japon,2022/2023,2022-02-23,Urawa,Vissel Kobe,2,2,2-2,Regular Season - 9
836206,J1 League Japon,2022/2023,2022-02-26,Jubilo Iwata,Shimizu S-pulse,1,2,1-2,Regular Season - 2
836207,J1 League Japon,2022/2023,2022-02-26,Cerezo Osaka,Kyoto Sanga,1,1,1-1,Regular Season - 2
836208,J1 League Japon,2022/2023,2022-02-26,Consadole Sapporo,Sanfrecce Hiroshima,1,1,1-1,Regular Season - 2
836210,J1 League Japon,2022/2023,2022-02-26,Urawa,Gamba Osaka,0,1,0-1,Regular Season - 2
836209,J1 League Japon,2022/2023,2022-02-26,Kashima,Kawasaki Frontale,0,2,0-2,Regular Season - 2
836212,J1 League Japon,2022/2023,2022-02-26,Sagan Tosu,Shonan Bellmare,1,1,1-1,Regular Season - 2
836213,J1 League Japon,2022/2023,2022-02-26,Vissel Kobe,Avispa Fukuoka,0,0,0-0,Regular Season - 2
836214,J1 League Japon,2022/2023,2022-02-27,Kashiwa Reysol,Yokohama F. Marinos,3,1,3-1,Regular Season - 2
836278,J1 League Japon,2022/2023,2022-03-02,Kawasaki Frontale,Urawa,2,1,2-1,Regular Season - 10
836279,J1 League Japon,2022/2023,2022-03-02,Yokohama F. Marinos,Vissel Kobe,2,0,2-0,Regular Season - 10
836215,J1 League Japon,2022/2023,2022-03-05,Kyoto Sanga,Jubilo Iwata,1,4,1-4,Regular Season - 3
836217,J1 League Japon,2022/2023,2022-03-06,Nagoya Grampus,Sagan Tosu,1,1,1-1,Regular Season - 3
836216,J1 League Japon,2022/2023,2022-03-06,Yokohama F. Marinos,Shimizu S-pulse,2,0,2-0,Regular Season - 3
836218,J1 League Japon,2022/2023,2022-03-06,Avispa Fukuoka,Consadole Sapporo,0,0,0-0,Regular Season - 3
836220,J1 League Japon,2022/2023,2022-03-06,Urawa,Shonan Bellmare,2,0,2-0,Regular Season - 3
836219,J1 League Japon,2022/2023,2022-03-06,Kashima,Kashiwa Reysol,1,0,1-0,Regular Season - 3
836221,J1 League Japon,2022/2023,2022-03-06,Gamba Osaka,Kawasaki Frontale,2,2,2-2,Regular Season - 3
836223,J1 League Japon,2022/2023,2022-03-06,Sanfrecce Hiroshima,Vissel Kobe,1,1,1-1,Regular Season - 3
836222,J1 League Japon,2022/2023,2022-03-06,Cerezo Osaka,FC Tokyo,0,1,0-1,Regular Season - 3
836224,J1 League Japon,2022/2023,2022-03-11,Vissel Kobe,Kashima,0,2,0-2,Regular Season - 4
836225,J1 League Japon,2022/2023,2022-03-12,Consadole Sapporo,Yokohama F. Marinos,1,1,1-1,Regular Season - 4
836227,J1 League Japon,2022/2023,2022-03-12,Jubilo Iwata,Gamba Osaka,1,1,1-1,Regular Season - 4
836226,J1 League Japon,2022/2023,2022-03-12,Shimizu S-pulse,Cerezo Osaka,1,3,1-3,Regular Season - 4
836229,J1 League Japon,2022/2023,2022-03-12,Shonan Bellmare,Kyoto Sanga,1,1,1-1,Regular Season - 4
836228,J1 League Japon,2022/2023,2022-03-12,FC Tokyo,Sanfrecce Hiroshima,2,1,2-1,Regular Season - 4
836230,J1 League Japon,2022/2023,2022-03-12,Kashiwa Reysol,Avispa Fukuoka,1,0,1-0,Regular Season - 4
836231,J1 League Japon,2022/2023,2022-03-12,Kawasaki Frontale,Nagoya Grampus,1,0,1-0,Regular Season - 4
836232,J1 League Japon,2022/2023,2022-03-13,Sagan Tosu,Urawa,1,0,1-0,Regular Season - 4
836233,J1 League Japon,2022/2023,2022-03-18,Yokohama F. Marinos,Sagan Tosu,0,0,0-0,Regular Season - 5
836237,J1 League Japon,2022/2023,2022-03-19,Sanfrecce Hiroshima,Kawasaki Frontale,0,2,0-2,Regular Season - 5
836234,J1 League Japon,2022/2023,2022-03-19,Shimizu S-pulse,Vissel Kobe,0,0,0-0,Regular Season - 5
836236,J1 League Japon,2022/2023,2022-03-19,Gamba Osaka,Avispa Fukuoka,2,3,2-3,Regular Season - 5
836235,J1 League Japon,2022/2023,2022-03-19,Kyoto Sanga,FC Tokyo,0,1,0-1,Regular Season - 5
836239,J1 League Japon,2022/2023,2022-03-19,Urawa,Jubilo Iwata,4,1,4-1,Regular Season - 5
836238,J1 League Japon,2022/2023,2022-03-19,Kashima,Shonan Bellmare,2,1,2-1,Regular Season - 5
836240,J1 League Japon,2022/2023,2022-03-19,Cerezo Osaka,Consadole Sapporo,2,2,2-2,Regular Season - 5
836241,J1 League Japon,2022/2023,2022-03-20,Nagoya Grampus,Kashiwa Reysol,1,1,1-1,Regular Season - 5
836242,J1 League Japon,2022/2023,2022-04-01,Avispa Fukuoka,Sagan Tosu,0,0,0-0,Regular Season - 6
836243,J1 League Japon,2022/2023,2022-04-02,Gamba Osaka,Nagoya Grampus,3,1,3-1,Regular Season - 6
836244,J1 League Japon,2022/2023,2022-04-02,Kashiwa Reysol,Jubilo Iwata,2,0,2-0,Regular Season - 6
836246,J1 League Japon,2022/2023,2022-04-02,Shonan Bellmare,Sanfrecce Hiroshima,0,1,0-1,Regular Season - 6
836245,J1 League Japon,2022/2023,2022-04-02,Kawasaki Frontale,Cerezo Osaka,1,4,1-4,Regular Season - 6
836248,J1 League Japon,2022/2023,2022-04-02,Vissel Kobe,Kyoto Sanga,1,3,1-3,Regular Season - 6
836247,J1 League Japon,2022/2023,2022-04-02,Kashima,Shimizu S-pulse,2,1,2-1,Regular Season - 6
836249,J1 League Japon,2022/2023,2022-04-02,Consadole Sapporo,Urawa,1,1,1-1,Regular Season - 6
836250,J1 League Japon,2022/2023,2022-04-02,Yokohama F. Marinos,FC Tokyo,2,1,2-1,Regular Season - 6
836251,J1 League Japon,2022/2023,2022-04-05,Cerezo Osaka,Kashiwa Reysol,0,1,0-1,Regular Season - 7
836252,J1 League Japon,2022/2023,2022-04-06,Kyoto Sanga,Gamba Osaka,1,1,1-1,Regular Season - 7
836254,J1 League Japon,2022/2023,2022-04-06,Jubilo Iwata,Kawasaki Frontale,1,1,1-1,Regular Season - 7
836255,J1 League Japon,2022/2023,2022-04-06,Sanfrecce Hiroshima,Yokohama F. Marinos,2,0,2-0,Regular Season - 7
836253,J1 League Japon,2022/2023,2022-04-06,FC Tokyo,Vissel Kobe,3,1,3-1,Regular Season - 7
836257,J1 League Japon,2022/2023,2022-04-06,Sagan Tosu,Consadole Sapporo,5,0,5-0,Regular Season - 7
836256,J1 League Japon,2022/2023,2022-04-06,Avispa Fukuoka,Kashima,0,1,0-1,Regular Season - 7
836258,J1 League Japon,2022/2023,2022-04-06,Urawa,Shimizu S-pulse,1,1,1-1,Regular Season - 7
836259,J1 League Japon,2022/2023,2022-04-06,Nagoya Grampus,Shonan Bellmare,2,1,2-1,Regular Season - 7
836260,J1 League Japon,2022/2023,2022-04-09,Kawasaki Frontale,Kashiwa Reysol,1,0,1-0,Regular Season - 8
836261,J1 League Japon,2022/2023,2022-04-10,Shimizu S-pulse,Gamba Osaka,1,1,1-1,Regular Season - 8
836264,J1 League Japon,2022/2023,2022-04-10,Sanfrecce Hiroshima,Avispa Fukuoka,1,0,1-0,Regular Season - 8
836263,J1 League Japon,2022/2023,2022-04-10,Vissel Kobe,Cerezo Osaka,0,1,0-1,Regular Season - 8
836262,J1 League Japon,2022/2023,2022-04-10,FC Tokyo,Urawa,0,0,0-0,Regular Season - 8
836266,J1 League Japon,2022/2023,2022-04-10,Shonan Bellmare,Jubilo Iwata,0,0,0-0,Regular Season - 8
836267,J1 League Japon,2022/2023,2022-04-10,Nagoya Grampus,Consadole Sapporo,0,2,0-2,Regular Season - 8
836265,J1 League Japon,2022/2023,2022-04-10,Kashima,Yokohama F. Marinos,0,3,0-3,Regular Season - 8
836268,J1 League Japon,2022/2023,2022-04-10,Kyoto Sanga,Sagan Tosu,3,1,3-1,Regular Season - 8
836271,J1 League Japon,2022/2023,2022-04-16,Consadole Sapporo,FC Tokyo,0,0,0-0,Regular Season - 9
836272,J1 League Japon,2022/2023,2022-04-17,Gamba Osaka,Shonan Bellmare,0,1,0-1,Regular Season - 9
836273,J1 League Japon,2022/2023,2022-04-17,Kashima,Nagoya Grampus,0,0,0-0,Regular Season - 9
836274,J1 League Japon,2022/2023,2022-04-17,Sagan Tosu,Shimizu S-pulse,0,0,0-0,Regular Season - 9
836275,J1 League Japon,2022/2023,2022-04-17,Jubilo Iwata,Sanfrecce Hiroshima,2,2,2-2,Regular Season - 9
836276,J1 League Japon,2022/2023,2022-04-17,Avispa Fukuoka,Cerezo Osaka,0,0,0-0,Regular Season - 9
836277,J1 League Japon,2022/2023,2022-04-17,Kashiwa Reysol,Kyoto Sanga,0,2,0-2,Regular Season - 9
836211,J1 League Japon,2022/2023,2022-04-20,FC Tokyo,Nagoya Grampus,0,0,0-0,Regular Season - 2
836280,J1 League Japon,2022/2023,2022-04-28,Jubilo Iwata,Nagoya Grampus,2,1,2-1,Regular Season - 10
836281,J1 League Japon,2022/2023,2022-04-29,Consadole Sapporo,Shonan Bellmare,1,0,1-0,Regular Season - 10
836282,J1 League Japon,2022/2023,2022-04-29,Shimizu S-pulse,Sanfrecce Hiroshima,2,2,2-2,Regular Season - 10
836283,J1 League Japon,2022/2023,2022-04-29,Kyoto Sanga,Avispa Fukuoka,0,1,0-1,Regular Season - 10
836284,J1 League Japon,2022/2023,2022-04-29,Kashiwa Reysol,Sagan Tosu,1,4,1-4,Regular Season - 10
836285,J1 League Japon,2022/2023,2022-04-29,Cerezo Osaka,Kashima,0,3,0-3,Regular Season - 10
836286,J1 League Japon,2022/2023,2022-04-29,FC Tokyo,Gamba Osaka,2,0,2-0,Regular Season - 10
836288,J1 League Japon,2022/2023,2022-05-03,Sanfrecce Hiroshima,Kashiwa Reysol,1,2,1-2,Regular Season - 11
836287,J1 League Japon,2022/2023,2022-05-03,Nagoya Grampus,Kyoto Sanga,1,1,1-1,Regular Season - 11
836290,J1 League Japon,2022/2023,2022-05-03,Shonan Bellmare,Shimizu S-pulse,1,4,1-4,Regular Season - 11
836289,J1 League Japon,2022/2023,2022-05-03,Kashima,Jubilo Iwata,3,1,3-1,Regular Season - 11
836291,J1 League Japon,2022/2023,2022-05-03,Sagan Tosu,Cerezo Osaka,1,1,1-1,Regular Season - 11
836292,J1 League Japon,2022/2023,2022-05-03,Avispa Fukuoka,FC Tokyo,5,1,5-1,Regular Season - 11
836293,J1 League Japon,2022/2023,2022-05-04,Gamba Osaka,Consadole Sapporo,0,0,0-0,Regular Season - 11
836296,J1 League Japon,2022/2023,2022-05-06,Cerezo Osaka,Jubilo Iwata,2,1,2-1,Regular Season - 12
836298,J1 League Japon,2022/2023,2022-05-07,Sanfrecce Hiroshima,Kashima,3,0,3-0,Regular Season - 12
836297,J1 League Japon,2022/2023,2022-05-07,Shimizu S-pulse,Kawasaki Frontale,0,2,0-2,Regular Season - 12
836299,J1 League Japon,2022/2023,2022-05-07,Yokohama F. Marinos,Nagoya Grampus,2,1,2-1,Regular Season - 12
836300,J1 League Japon,2022/2023,2022-05-07,Consadole Sapporo,Kyoto Sanga,1,0,1-0,Regular Season - 12
836301,J1 League Japon,2022/2023,2022-05-07,Avispa Fukuoka,Shonan Bellmare,0,0,0-0,Regular Season - 12
836302,J1 League Japon,2022/2023,2022-05-08,Gamba Osaka,Vissel Kobe,2,0,2-0,Regular Season - 12
836303,J1 League Japon,2022/2023,2022-05-08,FC Tokyo,Sagan Tosu,0,1,0-1,Regular Season - 12
836304,J1 League Japon,2022/2023,2022-05-08,Kashiwa Reysol,Urawa,0,0,0-0,Regular Season - 12
836305,J1 League Japon,2022/2023,2022-05-13,Urawa,Sanfrecce Hiroshima,0,0,0-0,Regular Season - 13
836306,J1 League Japon,2022/2023,2022-05-14,Jubilo Iwata,FC Tokyo,2,1,2-1,Regular Season - 13
836307,J1 League Japon,2022/2023,2022-05-14,Nagoya Grampus,Cerezo Osaka,1,0,1-0,Regular Season - 13
836308,J1 League Japon,2022/2023,2022-05-14,Kyoto Sanga,Shimizu S-pulse,0,0,0-0,Regular Season - 13
836310,J1 League Japon,2022/2023,2022-05-14,Vissel Kobe,Sagan Tosu,4,0,4-0,Regular Season - 13
836309,J1 League Japon,2022/2023,2022-05-14,Kashima,Consadole Sapporo,4,1,4-1,Regular Season - 13
836312,J1 League Japon,2022/2023,2022-05-14,Shonan Bellmare,Yokohama F. Marinos,1,4,1-4,Regular Season - 13
836311,J1 League Japon,2022/2023,2022-05-14,Kawasaki Frontale,Avispa Fukuoka,2,0,2-0,Regular Season - 13
836313,J1 League Japon,2022/2023,2022-05-14,Kashiwa Reysol,Gamba Osaka,0,1,0-1,Regular Season - 13
836294,J1 League Japon,2022/2023,2022-05-18,Vissel Kobe,Kawasaki Frontale,0,1,0-1,Regular Season - 11
836295,J1 League Japon,2022/2023,2022-05-18,Urawa,Yokohama F. Marinos,3,3,3-3,Regular Season - 11
836314,J1 League Japon,2022/2023,2022-05-21,Sanfrecce Hiroshima,Kyoto Sanga,3,1,3-1,Regular Season - 14
836315,J1 League Japon,2022/2023,2022-05-21,Shimizu S-pulse,Nagoya Grampus,1,2,1-2,Regular Season - 14
836316,J1 League Japon,2022/2023,2022-05-21,Cerezo Osaka,Gamba Osaka,3,1,3-1,Regular Season - 14
836318,J1 League Japon,2022/2023,2022-05-21,Shonan Bellmare,Vissel Kobe,2,1,2-1,Regular Season - 14
836317,J1 League Japon,2022/2023,2022-05-21,FC Tokyo,Kashiwa Reysol,0,0,0-0,Regular Season - 14
836319,J1 League Japon,2022/2023,2022-05-21,Urawa,Kashima,1,1,1-1,Regular Season - 14
836320,J1 League Japon,2022/2023,2022-05-21,Sagan Tosu,Kawasaki Frontale,0,0,0-0,Regular Season - 14
836321,J1 League Japon,2022/2023,2022-05-21,Avispa Fukuoka,Yokohama F. Marinos,1,0,1-0,Regular Season - 14
836322,J1 League Japon,2022/2023,2022-05-22,Jubilo Iwata,Consadole Sapporo,1,2,1-2,Regular Season - 14
836323,J1 League Japon,2022/2023,2022-05-25,Consadole Sapporo,Kashiwa Reysol,1,6,1-6,Regular Season - 15
836327,J1 League Japon,2022/2023,2022-05-25,Shimizu S-pulse,FC Tokyo,0,3,0-3,Regular Season - 15
836330,J1 League Japon,2022/2023,2022-05-25,Vissel Kobe,Jubilo Iwata,0,0,0-0,Regular Season - 15
836324,J1 League Japon,2022/2023,2022-05-25,Kashima,Sagan Tosu,4,4,4-4,Regular Season - 15
836329,J1 League Japon,2022/2023,2022-05-25,Cerezo Osaka,Urawa,2,0,2-0,Regular Season - 15
836325,J1 League Japon,2022/2023,2022-05-25,Kawasaki Frontale,Shonan Bellmare,0,4,0-4,Regular Season - 15
836326,J1 League Japon,2022/2023,2022-05-25,Yokohama F. Marinos,Kyoto Sanga,2,0,2-0,Regular Season - 15
836331,J1 League Japon,2022/2023,2022-05-25,Nagoya Grampus,Avispa Fukuoka,1,0,1-0,Regular Season - 15
836332,J1 League Japon,2022/2023,2022-05-28,Sanfrecce Hiroshima,Nagoya Grampus,1,0,1-0,Regular Season - 16
836333,J1 League Japon,2022/2023,2022-05-28,Avispa Fukuoka,Urawa,0,0,0-0,Regular Season - 16
836335,J1 League Japon,2022/2023,2022-05-29,Vissel Kobe,Consadole Sapporo,4,1,4-1,Regular Season - 16
836334,J1 League Japon,2022/2023,2022-05-29,Kyoto Sanga,Kawasaki Frontale,1,0,1-0,Regular Season - 16
836337,J1 League Japon,2022/2023,2022-05-29,Shonan Bellmare,Cerezo Osaka,0,2,0-2,Regular Season - 16
836336,J1 League Japon,2022/2023,2022-05-29,FC Tokyo,Kashima,3,1,3-1,Regular Season - 16
836339,J1 League Japon,2022/2023,2022-05-29,Jubilo Iwata,Yokohama F. Marinos,0,2,0-2,Regular Season - 16
836338,J1 League Japon,2022/2023,2022-05-29,Kashiwa Reysol,Shimizu S-pulse,3,1,3-1,Regular Season - 16
836340,J1 League Japon,2022/2023,2022-05-29,Sagan Tosu,Gamba Osaka,2,1,2-1,Regular Season - 16
836344,J1 League Japon,2022/2023,2022-06-18,Jubilo Iwata,Sagan Tosu,3,1,3-1,Regular Season - 17
836343,J1 League Japon,2022/2023,2022-06-18,Shimizu S-pulse,Avispa Fukuoka,3,1,3-1,Regular Season - 17
836342,J1 League Japon,2022/2023,2022-06-18,Shonan Bellmare,FC Tokyo,2,0,2-0,Regular Season - 17
836341,J1 League Japon,2022/2023,2022-06-18,Kashima,Kyoto Sanga,1,0,1-0,Regular Season - 17
836346,J1 League Japon,2022/2023,2022-06-18,Kashiwa Reysol,Vissel Kobe,3,1,3-1,Regular Season - 17
836349,J1 League Japon,2022/2023,2022-06-18,Sanfrecce Hiroshima,Cerezo Osaka,2,1,2-1,Regular Season - 17
836345,J1 League Japon,2022/2023,2022-06-18,Urawa,Nagoya Grampus,3,0,3-0,Regular Season - 17
836348,J1 League Japon,2022/2023,2022-06-18,Gamba Osaka,Yokohama F. Marinos,1,2,1-2,Regular Season - 17
836347,J1 League Japon,2022/2023,2022-06-18,Kawasaki Frontale,Consadole Sapporo,5,2,5-2,Regular Season - 17
836350,J1 League Japon,2022/2023,2022-06-25,Yokohama F. Marinos,Kashiwa Reysol,4,0,4-0,Regular Season - 18
836351,J1 League Japon,2022/2023,2022-06-25,Avispa Fukuoka,Sanfrecce Hiroshima,1,3,1-3,Regular Season - 18
836352,J1 League Japon,2022/2023,2022-06-25,Kawasaki Frontale,Jubilo Iwata,1,1,1-1,Regular Season - 18
836353,J1 League Japon,2022/2023,2022-06-26,Consadole Sapporo,Gamba Osaka,1,0,1-0,Regular Season - 18
836354,J1 League Japon,2022/2023,2022-06-26,Nagoya Grampus,Kashima,1,1,1-1,Regular Season - 18
836356,J1 League Japon,2022/2023,2022-06-26,Vissel Kobe,Urawa,0,1,0-1,Regular Season - 18
836355,J1 League Japon,2022/2023,2022-06-26,Cerezo Osaka,Shimizu S-pulse,1,1,1-1,Regular Season - 18
836357,J1 League Japon,2022/2023,2022-06-26,Kyoto Sanga,Shonan Bellmare,0,1,0-1,Regular Season - 18
836358,J1 League Japon,2022/2023,2022-06-26,Sagan Tosu,FC Tokyo,5,0,5-0,Regular Season - 18
836328,J1 League Japon,2022/2023,2022-06-29,Gamba Osaka,Sanfrecce Hiroshima,2,0,2-0,Regular Season - 15
836359,J1 League Japon,2022/2023,2022-07-02,FC Tokyo,Avispa Fukuoka,2,2,2-2,Regular Season - 19
836360,J1 League Japon,2022/2023,2022-07-02,Kashiwa Reysol,Kashima,1,2,1-2,Regular Season - 19
836362,J1 League Japon,2022/2023,2022-07-02,Sanfrecce Hiroshima,Jubilo Iwata,3,0,3-0,Regular Season - 19
836361,J1 League Japon,2022/2023,2022-07-02,Kyoto Sanga,Consadole Sapporo,2,1,2-1,Regular Season - 19
836364,J1 League Japon,2022/2023,2022-07-02,Shimizu S-pulse,Yokohama F. Marinos,3,5,3-5,Regular Season - 19
836363,J1 League Japon,2022/2023,2022-07-02,Shonan Bellmare,Nagoya Grampus,0,0,0-0,Regular Season - 19
836366,J1 League Japon,2022/2023,2022-07-02,Cerezo Osaka,Kawasaki Frontale,2,1,2-1,Regular Season - 19
836365,J1 League Japon,2022/2023,2022-07-02,Gamba Osaka,Urawa,1,1,1-1,Regular Season - 19
836367,J1 League Japon,2022/2023,2022-07-02,Sagan Tosu,Vissel Kobe,0,2,0-2,Regular Season - 19
836374,J1 League Japon,2022/2023,2022-07-06,Jubilo Iwata,Avispa Fukuoka,0,1,0-1,Regular Season - 20
836369,J1 League Japon,2022/2023,2022-07-06,Kashiwa Reysol,Nagoya Grampus,0,1,0-1,Regular Season - 20
836373,J1 League Japon,2022/2023,2022-07-06,Shonan Bellmare,Gamba Osaka,1,0,1-0,Regular Season - 20
836375,J1 League Japon,2022/2023,2022-07-06,Vissel Kobe,Shimizu S-pulse,2,1,2-1,Regular Season - 20
836368,J1 League Japon,2022/2023,2022-07-06,Kashima,Cerezo Osaka,3,3,3-3,Regular Season - 20
836370,J1 League Japon,2022/2023,2022-07-06,FC Tokyo,Consadole Sapporo,3,0,3-0,Regular Season - 20
836372,J1 League Japon,2022/2023,2022-07-06,Yokohama F. Marinos,Sanfrecce Hiroshima,3,0,3-0,Regular Season - 20
836376,J1 League Japon,2022/2023,2022-07-06,Urawa,Kyoto Sanga,2,2,2-2,Regular Season - 20
836378,J1 League Japon,2022/2023,2022-07-09,Jubilo Iwata,Vissel Kobe,0,1,0-1,Regular Season - 21
836377,J1 League Japon,2022/2023,2022-07-09,Kawasaki Frontale,Gamba Osaka,4,0,4-0,Regular Season - 21
836379,J1 League Japon,2022/2023,2022-07-10,Consadole Sapporo,Kashima,0,0,0-0,Regular Season - 21
836381,J1 League Japon,2022/2023,2022-07-10,Sanfrecce Hiroshima,Shonan Bellmare,1,1,1-1,Regular Season - 21
836380,J1 League Japon,2022/2023,2022-07-10,Nagoya Grampus,Shimizu S-pulse,0,2,0-2,Regular Season - 21
836382,J1 League Japon,2022/2023,2022-07-10,Urawa,FC Tokyo,3,0,3-0,Regular Season - 21
836383,J1 League Japon,2022/2023,2022-07-10,Cerezo Osaka,Yokohama F. Marinos,2,2,2-2,Regular Season - 21
836385,J1 League Japon,2022/2023,2022-07-10,Sagan Tosu,Kashiwa Reysol,0,1,0-1,Regular Season - 21
836384,J1 League Japon,2022/2023,2022-07-10,Avispa Fukuoka,Kyoto Sanga,1,0,1-0,Regular Season - 21
836389,J1 League Japon,2022/2023,2022-07-16,Shimizu S-pulse,Urawa,1,2,1-2,Regular Season - 22
836387,J1 League Japon,2022/2023,2022-07-16,Kashima,Vissel Kobe,1,1,1-1,Regular Season - 22
836391,J1 League Japon,2022/2023,2022-07-16,Kashiwa Reysol,Consadole Sapporo,1,0,1-0,Regular Season - 22
836392,J1 League Japon,2022/2023,2022-07-16,Shonan Bellmare,Avispa Fukuoka,0,0,0-0,Regular Season - 22
836393,J1 League Japon,2022/2023,2022-07-16,Gamba Osaka,Cerezo Osaka,1,2,1-2,Regular Season - 22
836394,J1 League Japon,2022/2023,2022-07-16,Sagan Tosu,Yokohama F. Marinos,2,2,2-2,Regular Season - 22
836388,J1 League Japon,2022/2023,2022-07-17,FC Tokyo,Jubilo Iwata,2,0,2-0,Regular Season - 22
836390,J1 League Japon,2022/2023,2022-07-17,Kyoto Sanga,Sanfrecce Hiroshima,1,1,1-1,Regular Season - 22
836395,J1 League Japon,2022/2023,2022-07-30,Consadole Sapporo,Nagoya Grampus,2,2,2-2,Regular Season - 23
836396,J1 League Japon,2022/2023,2022-07-30,Jubilo Iwata,Shonan Bellmare,1,0,1-0,Regular Season - 23
836402,J1 League Japon,2022/2023,2022-07-30,Sanfrecce Hiroshima,FC Tokyo,1,2,1-2,Regular Season - 23
836397,J1 League Japon,2022/2023,2022-07-30,Urawa,Kawasaki Frontale,3,1,3-1,Regular Season - 23
836401,J1 League Japon,2022/2023,2022-07-30,Vissel Kobe,Kashiwa Reysol,0,1,0-1,Regular Season - 23
836400,J1 League Japon,2022/2023,2022-07-30,Cerezo Osaka,Avispa Fukuoka,2,0,2-0,Regular Season - 23
836399,J1 League Japon,2022/2023,2022-07-30,Gamba Osaka,Kyoto Sanga,1,1,1-1,Regular Season - 23
836398,J1 League Japon,2022/2023,2022-07-30,Yokohama F. Marinos,Kashima,2,0,2-0,Regular Season - 23
836403,J1 League Japon,2022/2023,2022-07-31,Shimizu S-pulse,Sagan Tosu,3,3,3-3,Regular Season - 23
836404,J1 League Japon,2022/2023,2022-08-06,Kashima,Sanfrecce Hiroshima,0,2,0-2,Regular Season - 24
836405,J1 League Japon,2022/2023,2022-08-06,Kyoto Sanga,Kashiwa Reysol,1,2,1-2,Regular Season - 24
836406,J1 League Japon,2022/2023,2022-08-06,Nagoya Grampus,Urawa,3,0,3-0,Regular Season - 24
836407,J1 League Japon,2022/2023,2022-08-06,Cerezo Osaka,Vissel Kobe,3,0,3-0,Regular Season - 24
836409,J1 League Japon,2022/2023,2022-08-07,FC Tokyo,Shimizu S-pulse,0,2,0-2,Regular Season - 24
836411,J1 League Japon,2022/2023,2022-08-07,Shonan Bellmare,Consadole Sapporo,1,5,1-5,Regular Season - 24
836410,J1 League Japon,2022/2023,2022-08-07,Kawasaki Frontale,Yokohama F. Marinos,2,1,2-1,Regular Season - 24
836412,J1 League Japon,2022/2023,2022-08-07,Sagan Tosu,Jubilo Iwata,2,0,2-0,Regular Season - 24
836413,J1 League Japon,2022/2023,2022-08-13,Consadole Sapporo,Vissel Kobe,0,2,0-2,Regular Season - 25
836414,J1 League Japon,2022/2023,2022-08-13,Jubilo Iwata,Urawa,0,6,0-6,Regular Season - 25
836418,J1 League Japon,2022/2023,2022-08-14,Kashima,Avispa Fukuoka,2,0,2-0,Regular Season - 25
836419,J1 League Japon,2022/2023,2022-08-14,Kashiwa Reysol,Sanfrecce Hiroshima,2,3,2-3,Regular Season - 25
836420,J1 League Japon,2022/2023,2022-08-14,Gamba Osaka,Shimizu S-pulse,0,2,0-2,Regular Season - 25
836421,J1 League Japon,2022/2023,2022-08-14,Sagan Tosu,Nagoya Grampus,0,0,0-0,Regular Season - 25
836422,J1 League Japon,2022/2023,2022-08-19,Nagoya Grampus,Jubilo Iwata,1,0,1-0,Regular Season - 26
836423,J1 League Japon,2022/2023,2022-08-20,Consadole Sapporo,Sagan Tosu,1,2,1-2,Regular Season - 26
836424,J1 League Japon,2022/2023,2022-08-20,Shimizu S-pulse,Kashiwa Reysol,1,1,1-1,Regular Season - 26
836425,J1 League Japon,2022/2023,2022-08-20,Sanfrecce Hiroshima,Gamba Osaka,5,2,5-2,Regular Season - 26
836430,J1 League Japon,2022/2023,2022-08-20,Avispa Fukuoka,Kawasaki Frontale,1,4,1-4,Regular Season - 26
836426,J1 League Japon,2022/2023,2022-08-21,Shonan Bellmare,Kashima,1,1,1-1,Regular Season - 26
836431,J1 League Japon,2022/2023,2022-08-26,Sagan Tosu,Avispa Fukuoka,1,1,1-1,Regular Season - 27
836432,J1 League Japon,2022/2023,2022-08-27,Shimizu S-pulse,Kyoto Sanga,1,0,1-0,Regular Season - 27
836433,J1 League Japon,2022/2023,2022-08-27,Nagoya Grampus,Gamba Osaka,0,2,0-2,Regular Season - 27
836434,J1 League Japon,2022/2023,2022-08-27,Kashiwa Reysol,FC Tokyo,3,6,3-6,Regular Season - 27
836435,J1 League Japon,2022/2023,2022-08-27,Cerezo Osaka,Sanfrecce Hiroshima,0,3,0-3,Regular Season - 27
836437,J1 League Japon,2022/2023,2022-08-27,Kawasaki Frontale,Kashima,2,1,2-1,Regular Season - 27
836371,J1 League Japon,2022/2023,2022-08-31,Kawasaki Frontale,Sagan Tosu,4,0,4-0,Regular Season - 20
836408,J1 League Japon,2022/2023,2022-08-31,Avispa Fukuoka,Gamba Osaka,0,1,0-1,Regular Season - 24
836440,J1 League Japon,2022/2023,2022-09-02,Consadole Sapporo,Cerezo Osaka,2,1,2-1,Regular Season - 28
836441,J1 League Japon,2022/2023,2022-09-03,Kashima,Urawa,2,2,2-2,Regular Season - 28
836444,J1 League Japon,2022/2023,2022-09-03,Jubilo Iwata,Kashiwa Reysol,2,2,2-2,Regular Season - 28
836447,J1 League Japon,2022/2023,2022-09-03,Sanfrecce Hiroshima,Shimizu S-pulse,2,0,2-0,Regular Season - 28
836443,J1 League Japon,2022/2023,2022-09-03,Shonan Bellmare,Kawasaki Frontale,2,1,2-1,Regular Season - 28
836442,J1 League Japon,2022/2023,2022-09-03,FC Tokyo,Yokohama F. Marinos,2,2,2-2,Regular Season - 28
836446,J1 League Japon,2022/2023,2022-09-03,Gamba Osaka,Sagan Tosu,0,3,0-3,Regular Season - 28
836445,J1 League Japon,2022/2023,2022-09-03,Kyoto Sanga,Vissel Kobe,2,0,2-0,Regular Season - 28
836448,J1 League Japon,2022/2023,2022-09-03,Avispa Fukuoka,Nagoya Grampus,2,3,2-3,Regular Season - 28
836417,J1 League Japon,2022/2023,2022-09-07,Yokohama F. Marinos,Shonan Bellmare,3,0,3-0,Regular Season - 25
836453,J1 League Japon,2022/2023,2022-09-10,Shimizu S-pulse,Shonan Bellmare,1,1,1-1,Regular Season - 29
836451,J1 League Japon,2022/2023,2022-09-10,Kawasaki Frontale,Sanfrecce Hiroshima,4,0,4-0,Regular Season - 29
836450,J1 League Japon,2022/2023,2022-09-10,Urawa,Kashiwa Reysol,4,1,4-1,Regular Season - 29
836457,J1 League Japon,2022/2023,2022-09-10,Vissel Kobe,Nagoya Grampus,0,0,0-0,Regular Season - 29
836456,J1 League Japon,2022/2023,2022-09-10,Cerezo Osaka,Sagan Tosu,2,1,2-1,Regular Season - 29
836455,J1 League Japon,2022/2023,2022-09-10,Gamba Osaka,FC Tokyo,0,0,0-0,Regular Season - 29
836452,J1 League Japon,2022/2023,2022-09-10,Yokohama F. Marinos,Avispa Fukuoka,1,0,1-0,Regular Season - 29
836454,J1 League Japon,2022/2023,2022-09-10,Kyoto Sanga,Kashima,1,1,1-1,Regular Season - 29
836449,J1 League Japon,2022/2023,2022-09-11,Consadole Sapporo,Jubilo Iwata,4,0,4-0,Regular Season - 29
836429,J1 League Japon,2022/2023,2022-09-14,Vissel Kobe,FC Tokyo,2,1,2-1,Regular Season - 26
836428,J1 League Japon,2022/2023,2022-09-14,Kyoto Sanga,Yokohama F. Marinos,1,2,1-2,Regular Season - 26
836427,J1 League Japon,2022/2023,2022-09-14,Urawa,Cerezo Osaka,0,1,0-1,Regular Season - 26
836386,J1 League Japon,2022/2023,2022-09-14,Nagoya Grampus,Kawasaki Frontale,1,1,1-1,Regular Season - 22
836466,J1 League Japon,2022/2023,2022-09-16,Sagan Tosu,Kashima,1,1,1-1,Regular Season - 30
836462,J1 League Japon,2022/2023,2022-09-17,Jubilo Iwata,Cerezo Osaka,2,2,2-2,Regular Season - 30
836458,J1 League Japon,2022/2023,2022-09-17,Kashiwa Reysol,Kawasaki Frontale,1,1,1-1,Regular Season - 30
836461,J1 League Japon,2022/2023,2022-09-17,Shonan Bellmare,Urawa,0,0,0-0,Regular Season - 30
836463,J1 League Japon,2022/2023,2022-09-17,Nagoya Grampus,Sanfrecce Hiroshima,0,0,0-0,Regular Season - 30
836465,J1 League Japon,2022/2023,2022-09-17,Avispa Fukuoka,Shimizu S-pulse,3,2,3-2,Regular Season - 30
836460,J1 League Japon,2022/2023,2022-09-18,Yokohama F. Marinos,Consadole Sapporo,0,0,0-0,Regular Season - 30
836464,J1 League Japon,2022/2023,2022-09-18,Vissel Kobe,Gamba Osaka,2,1,2-1,Regular Season - 30
836459,J1 League Japon,2022/2023,2022-09-18,FC Tokyo,Kyoto Sanga,2,0,2-0,Regular Season - 30
836472,J1 League Japon,2022/2023,2022-10-01,Cerezo Osaka,Shonan Bellmare,1,1,1-1,Regular Season - 31
836474,J1 League Japon,2022/2023,2022-10-01,Avispa Fukuoka,Vissel Kobe,0,1,0-1,Regular Season - 31
836473,J1 League Japon,2022/2023,2022-10-01,Sanfrecce Hiroshima,Urawa,4,1,4-1,Regular Season - 31
836468,J1 League Japon,2022/2023,2022-10-01,Kashima,FC Tokyo,0,1,0-1,Regular Season - 31
836475,J1 League Japon,2022/2023,2022-10-01,Sagan Tosu,Kyoto Sanga,0,1,0-1,Regular Season - 31
836467,J1 League Japon,2022/2023,2022-10-01,Consadole Sapporo,Kawasaki Frontale,4,3,4-3,Regular Season - 31
836470,J1 League Japon,2022/2023,2022-10-01,Nagoya Grampus,Yokohama F. Marinos,0,4,0-4,Regular Season - 31
836471,J1 League Japon,2022/2023,2022-10-01,Gamba Osaka,Kashiwa Reysol,0,0,0-0,Regular Season - 31
836476,J1 League Japon,2022/2023,2022-10-08,Consadole Sapporo,Avispa Fukuoka,1,2,1-2,Regular Season - 32
836482,J1 League Japon,2022/2023,2022-10-08,Jubilo Iwata,Kashima,3,3,3-3,Regular Season - 32
836484,J1 League Japon,2022/2023,2022-10-08,Vissel Kobe,Sanfrecce Hiroshima,4,0,4-0,Regular Season - 32
836480,J1 League Japon,2022/2023,2022-10-08,Kawasaki Frontale,Shimizu S-pulse,3,2,3-2,Regular Season - 32
836481,J1 League Japon,2022/2023,2022-10-08,Yokohama F. Marinos,Gamba Osaka,0,2,0-2,Regular Season - 32
836483,J1 League Japon,2022/2023,2022-10-08,Kyoto Sanga,Nagoya Grampus,1,1,1-1,Regular Season - 32
836477,J1 League Japon,2022/2023,2022-10-08,Urawa,Sagan Tosu,2,1,2-1,Regular Season - 32
836479,J1 League Japon,2022/2023,2022-10-08,FC Tokyo,Shonan Bellmare,0,2,0-2,Regular Season - 32
836478,J1 League Japon,2022/2023,2022-10-08,Kashiwa Reysol,Cerezo Osaka,0,0,0-0,Regular Season - 32
836439,J1 League Japon,2022/2023,2022-10-12,Vissel Kobe,Shonan Bellmare,1,0,1-0,Regular Season - 27
836415,J1 League Japon,2022/2023,2022-10-12,FC Tokyo,Cerezo Osaka,4,0,4-0,Regular Season - 25
836416,J1 League Japon,2022/2023,2022-10-12,Kawasaki Frontale,Kyoto Sanga,3,1,3-1,Regular Season - 25
836438,J1 League Japon,2022/2023,2022-10-12,Yokohama F. Marinos,Jubilo Iwata,0,1,0-1,Regular Season - 27
836436,J1 League Japon,2022/2023,2022-10-12,Urawa,Consadole Sapporo,1,1,1-1,Regular Season - 27
836469,J1 League Japon,2022/2023,2022-10-22,Shimizu S-pulse,Jubilo Iwata,1,1,1-1,Regular Season - 31
836492,J1 League Japon,2022/2023,2022-10-29,Sanfrecce Hiroshima,Consadole Sapporo,1,2,1-2,Regular Season - 33
836488,J1 League Japon,2022/2023,2022-10-29,Shimizu S-pulse,Kashima,0,1,0-1,Regular Season - 33
836487,J1 League Japon,2022/2023,2022-10-29,Shonan Bellmare,Sagan Tosu,3,0,3-0,Regular Season - 33
836489,J1 League Japon,2022/2023,2022-10-29,Nagoya Grampus,FC Tokyo,2,1,2-1,Regular Season - 33
836491,J1 League Japon,2022/2023,2022-10-29,Gamba Osaka,Jubilo Iwata,2,0,2-0,Regular Season - 33
836485,J1 League Japon,2022/2023,2022-10-29,Kawasaki Frontale,Vissel Kobe,2,1,2-1,Regular Season - 33
836486,J1 League Japon,2022/2023,2022-10-29,Yokohama F. Marinos,Urawa,4,1,4-1,Regular Season - 33
836490,J1 League Japon,2022/2023,2022-10-29,Kyoto Sanga,Cerezo Osaka,0,0,0-0,Regular Season - 33
836493,J1 League Japon,2022/2023,2022-10-29,Avispa Fukuoka,Kashiwa Reysol,2,1,2-1,Regular Season - 33
836494,J1 League Japon,2022/2023,2022-11-05,Consadole Sapporo,Shimizu S-pulse,4,3,4-3,Regular Season - 34
836499,J1 League Japon,2022/2023,2022-11-05,Jubilo Iwata,Kyoto Sanga,0,0,0-0,Regular Season - 34
836497,J1 League Japon,2022/2023,2022-11-05,Kashiwa Reysol,Shonan Bellmare,1,2,1-2,Regular Season - 34
836496,J1 League Japon,2022/2023,2022-11-05,Urawa,Avispa Fukuoka,1,1,1-1,Regular Season - 34
836501,J1 League Japon,2022/2023,2022-11-05,Vissel Kobe,Yokohama F. Marinos,1,3,1-3,Regular Season - 34
836495,J1 League Japon,2022/2023,2022-11-05,Kashima,Gamba Osaka,0,0,0-0,Regular Season - 34
836500,J1 League Japon,2022/2023,2022-11-05,Cerezo Osaka,Nagoya Grampus,0,1,0-1,Regular Season - 34
836498,J1 League Japon,2022/2023,2022-11-05,FC Tokyo,Kawasaki Frontale,2,3,2-3,Regular Season - 34
836502,J1 League Japon,2022/2023,2022-11-05,Sagan Tosu,Sanfrecce Hiroshima,2,2,2-2,Regular Season - 34
982843,J1 League Japon,2023/2024,2023-02-17,Kawasaki Frontale,Yokohama F. Marinos,1,2,1-2,Regular Season - 1
982850,J1 League Japon,2023/2024,2023-02-18,Sanfrecce Hiroshima,Consadole Sapporo,0,0,0-0,Regular Season - 1
982849,J1 League Japon,2023/2024,2023-02-18,Vissel Kobe,Avispa Fukuoka,1,0,1-0,Regular Season - 1
982848,J1 League Japon,2023/2024,2023-02-18,Cerezo Osaka,Albirex Niigata,2,2,2-2,Regular Season - 1
982845,J1 League Japon,2023/2024,2023-02-18,FC Tokyo,Urawa,2,0,2-0,Regular Season - 1
982847,J1 League Japon,2023/2024,2023-02-18,Kyoto Sanga,Kashima,0,2,0-2,Regular Season - 1
982846,J1 League Japon,2023/2024,2023-02-18,Yokohama FC,Nagoya Grampus,0,1,0-1,Regular Season - 1
982844,J1 League Japon,2023/2024,2023-02-18,Kashiwa Reysol,Gamba Osaka,2,2,2-2,Regular Season - 1
982851,J1 League Japon,2023/2024,2023-02-18,Sagan Tosu,Shonan Bellmare,1,5,1-5,Regular Season - 1
994620,J1 League Japon,2023/2024,2023-02-24,Shonan Bellmare,Yokohama FC,2,2,2-2,Regular Season - 2
994621,J1 League Japon,2023/2024,2023-02-25,Yokohama F. Marinos,Urawa,2,0,2-0,Regular Season - 2
994622,J1 League Japon,2023/2024,2023-02-25,Consadole Sapporo,Vissel Kobe,1,3,1-3,Regular Season - 2
994623,J1 League Japon,2023/2024,2023-02-25,Gamba Osaka,Sagan Tosu,1,1,1-1,Regular Season - 2
994624,J1 League Japon,2023/2024,2023-02-25,Avispa Fukuoka,Cerezo Osaka,2,1,2-1,Regular Season - 2
994626,J1 League Japon,2023/2024,2023-02-25,Nagoya Grampus,Kyoto Sanga,1,0,1-0,Regular Season - 2
994625,J1 League Japon,2023/2024,2023-02-25,Kashima,Kawasaki Frontale,1,2,1-2,Regular Season - 2
994627,J1 League Japon,2023/2024,2023-02-26,Sanfrecce Hiroshima,Albirex Niigata,1,2,1-2,Regular Season - 2
994628,J1 League Japon,2023/2024,2023-02-26,Kashiwa Reysol,FC Tokyo,1,1,1-1,Regular Season - 2
994629,J1 League Japon,2023/2024,2023-03-03,Yokohama F. Marinos,Sanfrecce Hiroshima,1,1,1-1,Regular Season - 3
994630,J1 League Japon,2023/2024,2023-03-04,Kawasaki Frontale,Shonan Bellmare,1,1,1-1,Regular Season - 3
994634,J1 League Japon,2023/2024,2023-03-04,Vissel Kobe,Gamba Osaka,4,0,4-0,Regular Season - 3
994633,J1 League Japon,2023/2024,2023-03-04,Kyoto Sanga,FC Tokyo,2,0,2-0,Regular Season - 3
994631,J1 League Japon,2023/2024,2023-03-04,Yokohama FC,Kashima,1,3,1-3,Regular Season - 3
994632,J1 League Japon,2023/2024,2023-03-04,Albirex Niigata,Consadole Sapporo,2,2,2-2,Regular Season - 3
994635,J1 League Japon,2023/2024,2023-03-04,Urawa,Cerezo Osaka,2,1,2-1,Regular Season - 3
994637,J1 League Japon,2023/2024,2023-03-04,Sagan Tosu,Nagoya Grampus,1,0,1-0,Regular Season - 3
994636,J1 League Japon,2023/2024,2023-03-04,Avispa Fukuoka,Kashiwa Reysol,1,0,1-0,Regular Season - 3
994639,J1 League Japon,2023/2024,2023-03-11,Vissel Kobe,Urawa,0,1,0-1,Regular Season - 4
994638,J1 League Japon,2023/2024,2023-03-11,Albirex Niigata,Kawasaki Frontale,1,0,1-0,Regular Season - 4
994640,J1 League Japon,2023/2024,2023-03-12,Cerezo Osaka,Sagan Tosu,2,1,2-1,Regular Season - 4
994641,J1 League Japon,2023/2024,2023-03-12,Consadole Sapporo,Yokohama F. Marinos,2,0,2-0,Regular Season - 4
994643,J1 League Japon,2023/2024,2023-03-12,Kashiwa Reysol,Nagoya Grampus,0,3,0-3,Regular Season - 4
994645,J1 League Japon,2023/2024,2023-03-12,Shonan Bellmare,Kyoto Sanga,0,2,0-2,Regular Season - 4
994642,J1 League Japon,2023/2024,2023-03-12,Kashima,Avispa Fukuoka,0,0,0-0,Regular Season - 4
994644,J1 League Japon,2023/2024,2023-03-12,FC Tokyo,Yokohama FC,3,1,3-1,Regular Season - 4
994646,J1 League Japon,2023/2024,2023-03-12,Gamba Osaka,Sanfrecce Hiroshima,1,2,1-2,Regular Season - 4
994649,J1 League Japon,2023/2024,2023-03-18,Nagoya Grampus,FC Tokyo,0,0,0-0,Regular Season - 5
994647,J1 League Japon,2023/2024,2023-03-18,Yokohama F. Marinos,Kashima,2,1,2-1,Regular Season - 5
994648,J1 League Japon,2023/2024,2023-03-18,Yokohama FC,Kyoto Sanga,1,4,1-4,Regular Season - 5
994650,J1 League Japon,2023/2024,2023-03-18,Urawa,Albirex Niigata,2,1,2-1,Regular Season - 5
994651,J1 League Japon,2023/2024,2023-03-18,Gamba Osaka,Consadole Sapporo,2,2,2-2,Regular Season - 5
994652,J1 League Japon,2023/2024,2023-03-18,Sagan Tosu,Vissel Kobe,0,1,0-1,Regular Season - 5
994653,J1 League Japon,2023/2024,2023-03-18,Kawasaki Frontale,Cerezo Osaka,0,0,0-0,Regular Season - 5
994654,J1 League Japon,2023/2024,2023-03-19,Sanfrecce Hiroshima,Kashiwa Reysol,1,0,1-0,Regular Season - 5
994655,J1 League Japon,2023/2024,2023-03-19,Avispa Fukuoka,Shonan Bellmare,2,1,2-1,Regular Season - 5
994656,J1 League Japon,2023/2024,2023-03-31,Kashiwa Reysol,Urawa,0,3,0-3,Regular Season - 6
994659,J1 League Japon,2023/2024,2023-04-01,Kyoto Sanga,Vissel Kobe,0,3,0-3,Regular Season - 6
994657,J1 League Japon,2023/2024,2023-04-01,Yokohama FC,Avispa Fukuoka,1,1,1-1,Regular Season - 6
994658,J1 League Japon,2023/2024,2023-04-01,Albirex Niigata,Nagoya Grampus,1,3,1-3,Regular Season - 6
994661,J1 League Japon,2023/2024,2023-04-01,Shonan Bellmare,Gamba Osaka,4,1,4-1,Regular Season - 6
994660,J1 League Japon,2023/2024,2023-04-01,Kashima,Sanfrecce Hiroshima,1,2,1-2,Regular Season - 6
994662,J1 League Japon,2023/2024,2023-04-01,Sagan Tosu,FC Tokyo,1,0,1-0,Regular Season - 6
994663,J1 League Japon,2023/2024,2023-04-01,Cerezo Osaka,Yokohama F. Marinos,2,1,2-1,Regular Season - 6
994664,J1 League Japon,2023/2024,2023-04-01,Consadole Sapporo,Kawasaki Frontale,3,4,3-4,Regular Season - 6
994665,J1 League Japon,2023/2024,2023-04-08,Yokohama F. Marinos,Yokohama FC,5,0,5-0,Regular Season - 7
994668,J1 League Japon,2023/2024,2023-04-09,Sanfrecce Hiroshima,Sagan Tosu,1,0,1-0,Regular Season - 7
994667,J1 League Japon,2023/2024,2023-04-09,Vissel Kobe,Albirex Niigata,0,0,0-0,Regular Season - 7
994666,J1 League Japon,2023/2024,2023-04-09,Cerezo Osaka,Consadole Sapporo,2,3,2-3,Regular Season - 7
994670,J1 League Japon,2023/2024,2023-04-09,Nagoya Grampus,Urawa,0,0,0-0,Regular Season - 7
994669,J1 League Japon,2023/2024,2023-04-09,FC Tokyo,Shonan Bellmare,2,2,2-2,Regular Season - 7
994671,J1 League Japon,2023/2024,2023-04-09,Gamba Osaka,Kawasaki Frontale,2,0,2-0,Regular Season - 7
994672,J1 League Japon,2023/2024,2023-04-09,Avispa Fukuoka,Kyoto Sanga,2,1,2-1,Regular Season - 7
994673,J1 League Japon,2023/2024,2023-04-09,Kashiwa Reysol,Kashima,1,0,1-0,Regular Season - 7
994674,J1 League Japon,2023/2024,2023-04-15,Yokohama FC,Sanfrecce Hiroshima,0,3,0-3,Regular Season - 8
994675,J1 League Japon,2023/2024,2023-04-15,Albirex Niigata,Avispa Fukuoka,3,2,3-2,Regular Season - 8
994678,J1 League Japon,2023/2024,2023-04-15,Shonan Bellmare,Yokohama F. Marinos,1,1,1-1,Regular Season - 8
994676,J1 League Japon,2023/2024,2023-04-15,Urawa,Consadole Sapporo,4,1,4-1,Regular Season - 8
994677,J1 League Japon,2023/2024,2023-04-15,Kawasaki Frontale,Nagoya Grampus,1,2,1-2,Regular Season - 8
994679,J1 League Japon,2023/2024,2023-04-15,Sagan Tosu,Kashiwa Reysol,1,1,1-1,Regular Season - 8
994680,J1 League Japon,2023/2024,2023-04-15,Kashima,Vissel Kobe,1,5,1-5,Regular Season - 8
994681,J1 League Japon,2023/2024,2023-04-15,FC Tokyo,Cerezo Osaka,1,2,1-2,Regular Season - 8
994682,J1 League Japon,2023/2024,2023-04-15,Kyoto Sanga,Gamba Osaka,2,1,2-1,Regular Season - 8
994683,J1 League Japon,2023/2024,2023-04-22,Sanfrecce Hiroshima,FC Tokyo,1,2,1-2,Regular Season - 9
994684,J1 League Japon,2023/2024,2023-04-22,Vissel Kobe,Yokohama F. Marinos,2,3,2-3,Regular Season - 9
994685,J1 League Japon,2023/2024,2023-04-23,Consadole Sapporo,Avispa Fukuoka,2,2,2-2,Regular Season - 9
994688,J1 League Japon,2023/2024,2023-04-23,Cerezo Osaka,Kashiwa Reysol,1,0,1-0,Regular Season - 9
994687,J1 League Japon,2023/2024,2023-04-23,Kyoto Sanga,Sagan Tosu,2,3,2-3,Regular Season - 9
994686,J1 League Japon,2023/2024,2023-04-23,Albirex Niigata,Kashima,0,2,0-2,Regular Season - 9
994689,J1 League Japon,2023/2024,2023-04-23,Nagoya Grampus,Shonan Bellmare,2,2,2-2,Regular Season - 9
994691,J1 League Japon,2023/2024,2023-04-23,Gamba Osaka,Yokohama FC,1,1,1-1,Regular Season - 9
994690,J1 League Japon,2023/2024,2023-04-23,Kawasaki Frontale,Urawa,1,1,1-1,Regular Season - 9
994694,J1 League Japon,2023/2024,2023-04-29,Vissel Kobe,Shonan Bellmare,2,0,2-0,Regular Season - 10
994693,J1 League Japon,2023/2024,2023-04-29,Cerezo Osaka,Sanfrecce Hiroshima,0,1,0-1,Regular Season - 10
994692,J1 League Japon,2023/2024,2023-04-29,Yokohama FC,Consadole Sapporo,1,4,1-4,Regular Season - 10
994695,J1 League Japon,2023/2024,2023-04-29,Kashiwa Reysol,Kyoto Sanga,1,1,1-1,Regular Season - 10
994696,J1 League Japon,2023/2024,2023-04-29,FC Tokyo,Albirex Niigata,2,1,2-1,Regular Season - 10
994697,J1 League Japon,2023/2024,2023-04-29,Yokohama F. Marinos,Nagoya Grampus,1,1,1-1,Regular Season - 10
994698,J1 League Japon,2023/2024,2023-04-29,Avispa Fukuoka,Kawasaki Frontale,1,3,1-3,Regular Season - 10
994699,J1 League Japon,2023/2024,2023-04-29,Kashima,Gamba Osaka,4,0,4-0,Regular Season - 10
994701,J1 League Japon,2023/2024,2023-05-03,Consadole Sapporo,Kashima,0,1,0-1,Regular Season - 11
994703,J1 League Japon,2023/2024,2023-05-03,Gamba Osaka,Cerezo Osaka,1,2,1-2,Regular Season - 11
994702,J1 League Japon,2023/2024,2023-05-03,Kyoto Sanga,Kawasaki Frontale,0,1,0-1,Regular Season - 11
994704,J1 League Japon,2023/2024,2023-05-03,Shonan Bellmare,Kashiwa Reysol,1,2,1-2,Regular Season - 11
994705,J1 League Japon,2023/2024,2023-05-03,Nagoya Grampus,Vissel Kobe,2,2,2-2,Regular Season - 11
994707,J1 League Japon,2023/2024,2023-05-03,Sagan Tosu,Yokohama F. Marinos,1,3,1-3,Regular Season - 11
994706,J1 League Japon,2023/2024,2023-05-03,Avispa Fukuoka,FC Tokyo,1,0,1-0,Regular Season - 11
994708,J1 League Japon,2023/2024,2023-05-03,Yokohama FC,Albirex Niigata,1,0,1-0,Regular Season - 11
994710,J1 League Japon,2023/2024,2023-05-06,Consadole Sapporo,FC Tokyo,5,1,5-1,Regular Season - 12
994711,J1 League Japon,2023/2024,2023-05-06,Nagoya Grampus,Gamba Osaka,1,0,1-0,Regular Season - 12
994712,J1 League Japon,2023/2024,2023-05-07,Sanfrecce Hiroshima,Avispa Fukuoka,3,1,3-1,Regular Season - 12
994716,J1 League Japon,2023/2024,2023-05-07,Vissel Kobe,Yokohama FC,3,0,3-0,Regular Season - 12
994715,J1 League Japon,2023/2024,2023-05-07,Cerezo Osaka,Kashima,0,1,0-1,Regular Season - 12
994713,J1 League Japon,2023/2024,2023-05-07,Yokohama F. Marinos,Kyoto Sanga,4,1,4-1,Regular Season - 12
994714,J1 League Japon,2023/2024,2023-05-07,Albirex Niigata,Kashiwa Reysol,0,0,0-0,Regular Season - 12
994717,J1 League Japon,2023/2024,2023-05-07,Kawasaki Frontale,Sagan Tosu,1,0,1-0,Regular Season - 12
994700,J1 League Japon,2023/2024,2023-05-10,Urawa,Sagan Tosu,0,2,0-2,Regular Season - 10
994719,J1 League Japon,2023/2024,2023-05-12,FC Tokyo,Kawasaki Frontale,2,1,2-1,Regular Season - 13
994720,J1 League Japon,2023/2024,2023-05-13,Vissel Kobe,Sanfrecce Hiroshima,2,0,2-0,Regular Season - 13
994721,J1 League Japon,2023/2024,2023-05-13,Shonan Bellmare,Consadole Sapporo,2,4,2-4,Regular Season - 13
994722,J1 League Japon,2023/2024,2023-05-13,Kashiwa Reysol,Yokohama FC,0,1,0-1,Regular Season - 13
994723,J1 League Japon,2023/2024,2023-05-14,Kashima,Nagoya Grampus,2,0,2-0,Regular Season - 13
994725,J1 League Japon,2023/2024,2023-05-14,Kyoto Sanga,Cerezo Osaka,0,1,0-1,Regular Season - 13
994724,J1 League Japon,2023/2024,2023-05-14,Albirex Niigata,Yokohama F. Marinos,2,1,2-1,Regular Season - 13
994726,J1 League Japon,2023/2024,2023-05-14,Avispa Fukuoka,Sagan Tosu,0,0,0-0,Regular Season - 13
994727,J1 League Japon,2023/2024,2023-05-14,Urawa,Gamba Osaka,3,1,3-1,Regular Season - 13
994728,J1 League Japon,2023/2024,2023-05-19,Consadole Sapporo,Kyoto Sanga,2,1,2-1,Regular Season - 14
994729,J1 League Japon,2023/2024,2023-05-20,Avispa Fukuoka,Urawa,0,0,0-0,Regular Season - 14
994731,J1 League Japon,2023/2024,2023-05-20,Shonan Bellmare,Cerezo Osaka,0,2,0-2,Regular Season - 14
994732,J1 League Japon,2023/2024,2023-05-20,Nagoya Grampus,Sanfrecce Hiroshima,2,1,2-1,Regular Season - 14
994730,J1 League Japon,2023/2024,2023-05-20,Kashima,FC Tokyo,1,1,1-1,Regular Season - 14
994733,J1 League Japon,2023/2024,2023-05-20,Kashiwa Reysol,Vissel Kobe,1,1,1-1,Regular Season - 14
994734,J1 League Japon,2023/2024,2023-05-20,Yokohama FC,Kawasaki Frontale,2,1,2-1,Regular Season - 14
994735,J1 League Japon,2023/2024,2023-05-20,Sagan Tosu,Albirex Niigata,2,0,2-0,Regular Season - 14
994736,J1 League Japon,2023/2024,2023-05-20,Gamba Osaka,Yokohama F. Marinos,0,2,0-2,Regular Season - 14
994737,J1 League Japon,2023/2024,2023-05-27,Consadole Sapporo,Nagoya Grampus,1,2,1-2,Regular Season - 15
994739,J1 League Japon,2023/2024,2023-05-27,Sanfrecce Hiroshima,Shonan Bellmare,1,0,1-0,Regular Season - 15
994738,J1 League Japon,2023/2024,2023-05-27,Vissel Kobe,FC Tokyo,3,2,3-2,Regular Season - 15
994740,J1 League Japon,2023/2024,2023-05-27,Sagan Tosu,Kashima,2,2,2-2,Regular Season - 15
994741,J1 League Japon,2023/2024,2023-05-27,Kyoto Sanga,Urawa,0,2,0-2,Regular Season - 15
994744,J1 League Japon,2023/2024,2023-05-28,Cerezo Osaka,Yokohama FC,2,0,2-0,Regular Season - 15
994742,J1 League Japon,2023/2024,2023-05-28,Yokohama F. Marinos,Avispa Fukuoka,2,0,2-0,Regular Season - 15
994743,J1 League Japon,2023/2024,2023-05-28,Albirex Niigata,Gamba Osaka,1,3,1-3,Regular Season - 15
994745,J1 League Japon,2023/2024,2023-05-28,Kawasaki Frontale,Kashiwa Reysol,2,0,2-0,Regular Season - 15
994709,J1 League Japon,2023/2024,2023-05-31,Urawa,Sanfrecce Hiroshima,2,1,2-1,Regular Season - 11
994748,J1 League Japon,2023/2024,2023-06-03,Shonan Bellmare,Albirex Niigata,2,2,2-2,Regular Season - 16
994747,J1 League Japon,2023/2024,2023-06-03,FC Tokyo,Yokohama F. Marinos,2,3,2-3,Regular Season - 16
994749,J1 League Japon,2023/2024,2023-06-03,Nagoya Grampus,Cerezo Osaka,3,1,3-1,Regular Season - 16
994750,J1 League Japon,2023/2024,2023-06-03,Avispa Fukuoka,Gamba Osaka,1,2,1-2,Regular Season - 16
994751,J1 League Japon,2023/2024,2023-06-03,Yokohama FC,Sagan Tosu,1,2,1-2,Regular Season - 16
994752,J1 League Japon,2023/2024,2023-06-03,Kashiwa Reysol,Consadole Sapporo,4,5,4-5,Regular Season - 16
994753,J1 League Japon,2023/2024,2023-06-04,Sanfrecce Hiroshima,Kyoto Sanga,3,1,3-1,Regular Season - 16
994754,J1 League Japon,2023/2024,2023-06-04,Urawa,Kashima,0,0,0-0,Regular Season - 16
994755,J1 League Japon,2023/2024,2023-06-10,Yokohama F. Marinos,Kashiwa Reysol,4,3,4-3,Regular Season - 17
994756,J1 League Japon,2023/2024,2023-06-10,Cerezo Osaka,Vissel Kobe,2,1,2-1,Regular Season - 17
994757,J1 League Japon,2023/2024,2023-06-10,Sagan Tosu,Consadole Sapporo,1,1,1-1,Regular Season - 17
994758,J1 League Japon,2023/2024,2023-06-11,Albirex Niigata,Kyoto Sanga,1,3,1-3,Regular Season - 17
994759,J1 League Japon,2023/2024,2023-06-11,Nagoya Grampus,Avispa Fukuoka,2,1,2-1,Regular Season - 17
994760,J1 League Japon,2023/2024,2023-06-11,Kashima,Shonan Bellmare,1,0,1-0,Regular Season - 17
994761,J1 League Japon,2023/2024,2023-06-11,Gamba Osaka,FC Tokyo,3,1,3-1,Regular Season - 17
994762,J1 League Japon,2023/2024,2023-06-11,Yokohama FC,Urawa,0,0,0-0,Regular Season - 17
994763,J1 League Japon,2023/2024,2023-06-11,Kawasaki Frontale,Sanfrecce Hiroshima,1,0,1-0,Regular Season - 17
994764,J1 League Japon,2023/2024,2023-06-24,Consadole Sapporo,Cerezo Osaka,1,4,1-4,Regular Season - 18
994765,J1 League Japon,2023/2024,2023-06-24,Kashiwa Reysol,Albirex Niigata,0,0,0-0,Regular Season - 18
994770,J1 League Japon,2023/2024,2023-06-24,Sanfrecce Hiroshima,Yokohama F. Marinos,0,1,0-1,Regular Season - 18
994767,J1 League Japon,2023/2024,2023-06-24,Shonan Bellmare,Sagan Tosu,0,6,0-6,Regular Season - 18
994766,J1 League Japon,2023/2024,2023-06-24,FC Tokyo,Nagoya Grampus,2,0,2-0,Regular Season - 18
994769,J1 League Japon,2023/2024,2023-06-24,Gamba Osaka,Kashima,2,1,2-1,Regular Season - 18
994768,J1 League Japon,2023/2024,2023-06-24,Kyoto Sanga,Yokohama FC,2,1,2-1,Regular Season - 18
994771,J1 League Japon,2023/2024,2023-06-24,Urawa,Kawasaki Frontale,1,1,1-1,Regular Season - 18
994772,J1 League Japon,2023/2024,2023-06-25,Avispa Fukuoka,Vissel Kobe,0,3,0-3,Regular Season - 18
994718,J1 League Japon,2023/2024,2023-06-28,Urawa,Shonan Bellmare,4,1,4-1,Regular Season - 12
994773,J1 League Japon,2023/2024,2023-06-30,Cerezo Osaka,Avispa Fukuoka,0,1,0-1,Regular Season - 19
994776,J1 League Japon,2023/2024,2023-07-01,Nagoya Grampus,Kawasaki Frontale,2,0,2-0,Regular Season - 19
994774,J1 League Japon,2023/2024,2023-07-01,Kashima,Kyoto Sanga,0,0,0-0,Regular Season - 19
994775,J1 League Japon,2023/2024,2023-07-01,Albirex Niigata,Sanfrecce Hiroshima,2,0,2-0,Regular Season - 19
994777,J1 League Japon,2023/2024,2023-07-01,Yokohama FC,Gamba Osaka,0,0,0-0,Regular Season - 19
994779,J1 League Japon,2023/2024,2023-07-01,Vissel Kobe,Consadole Sapporo,1,1,1-1,Regular Season - 19
994778,J1 League Japon,2023/2024,2023-07-01,FC Tokyo,Kashiwa Reysol,1,0,1-0,Regular Season - 19
994780,J1 League Japon,2023/2024,2023-07-01,Sagan Tosu,Urawa,1,2,1-2,Regular Season - 19
994781,J1 League Japon,2023/2024,2023-07-02,Yokohama F. Marinos,Shonan Bellmare,4,1,4-1,Regular Season - 19
994782,J1 League Japon,2023/2024,2023-07-07,Albirex Niigata,Vissel Kobe,0,1,0-1,Regular Season - 20
994783,J1 League Japon,2023/2024,2023-07-08,Nagoya Grampus,Yokohama F. Marinos,2,2,2-2,Regular Season - 20
994784,J1 League Japon,2023/2024,2023-07-08,Sanfrecce Hiroshima,Kashima,1,1,1-1,Regular Season - 20
994786,J1 League Japon,2023/2024,2023-07-08,Kashiwa Reysol,Shonan Bellmare,1,1,1-1,Regular Season - 20
994785,J1 League Japon,2023/2024,2023-07-08,Urawa,FC Tokyo,0,0,0-0,Regular Season - 20
994788,J1 League Japon,2023/2024,2023-07-08,Gamba Osaka,Kyoto Sanga,1,0,1-0,Regular Season - 20
994787,J1 League Japon,2023/2024,2023-07-08,Kawasaki Frontale,Yokohama FC,3,0,3-0,Regular Season - 20
994789,J1 League Japon,2023/2024,2023-07-08,Avispa Fukuoka,Consadole Sapporo,2,1,2-1,Regular Season - 20
994790,J1 League Japon,2023/2024,2023-07-08,Sagan Tosu,Cerezo Osaka,2,1,2-1,Regular Season - 20
994791,J1 League Japon,2023/2024,2023-07-15,Consadole Sapporo,Albirex Niigata,0,1,0-1,Regular Season - 21
994792,J1 League Japon,2023/2024,2023-07-15,Yokohama F. Marinos,Kawasaki Frontale,0,1,0-1,Regular Season - 21
994793,J1 League Japon,2023/2024,2023-07-16,Sanfrecce Hiroshima,Yokohama FC,1,1,1-1,Regular Season - 21
994795,J1 League Japon,2023/2024,2023-07-16,Shonan Bellmare,Avispa Fukuoka,0,1,0-1,Regular Season - 21
994799,J1 League Japon,2023/2024,2023-07-16,Vissel Kobe,Sagan Tosu,2,1,2-1,Regular Season - 21
994798,J1 League Japon,2023/2024,2023-07-16,Cerezo Osaka,Urawa,2,0,2-0,Regular Season - 21
994794,J1 League Japon,2023/2024,2023-07-16,FC Tokyo,Kashima,1,3,1-3,Regular Season - 21
994797,J1 League Japon,2023/2024,2023-07-16,Gamba Osaka,Kashiwa Reysol,3,1,3-1,Regular Season - 21
994796,J1 League Japon,2023/2024,2023-07-16,Kyoto Sanga,Nagoya Grampus,2,1,2-1,Regular Season - 21
994746,J1 League Japon,2023/2024,2023-07-22,Vissel Kobe,Kawasaki Frontale,2,2,2-2,Regular Season - 16
994800,J1 League Japon,2023/2024,2023-08-05,Shonan Bellmare,Sanfrecce Hiroshima,1,0,1-0,Regular Season - 22
994801,J1 League Japon,2023/2024,2023-08-05,Nagoya Grampus,Albirex Niigata,1,0,1-0,Regular Season - 22
994802,J1 League Japon,2023/2024,2023-08-06,Kashima,Consadole Sapporo,3,0,3-0,Regular Season - 22
994803,J1 League Japon,2023/2024,2023-08-06,Yokohama FC,Vissel Kobe,2,0,2-0,Regular Season - 22
994804,J1 League Japon,2023/2024,2023-08-06,Urawa,Yokohama F. Marinos,0,0,0-0,Regular Season - 22
994807,J1 League Japon,2023/2024,2023-08-06,Cerezo Osaka,FC Tokyo,0,1,0-1,Regular Season - 22
994805,J1 League Japon,2023/2024,2023-08-06,Kawasaki Frontale,Gamba Osaka,3,4,3-4,Regular Season - 22
994808,J1 League Japon,2023/2024,2023-08-06,Sagan Tosu,Avispa Fukuoka,0,1,0-1,Regular Season - 22
994806,J1 League Japon,2023/2024,2023-08-06,Kyoto Sanga,Kashiwa Reysol,0,1,0-1,Regular Season - 22
994809,J1 League Japon,2023/2024,2023-08-12,Consadole Sapporo,Sagan Tosu,1,1,1-1,Regular Season - 23
994810,J1 League Japon,2023/2024,2023-08-12,Albirex Niigata,Shonan Bellmare,2,2,2-2,Regular Season - 23
994811,J1 League Japon,2023/2024,2023-08-12,Kashiwa Reysol,Cerezo Osaka,1,1,1-1,Regular Season - 23
994812,J1 League Japon,2023/2024,2023-08-12,FC Tokyo,Kyoto Sanga,2,0,2-0,Regular Season - 23
994813,J1 League Japon,2023/2024,2023-08-12,Kawasaki Frontale,Vissel Kobe,0,1,0-1,Regular Season - 23
994814,J1 League Japon,2023/2024,2023-08-12,Avispa Fukuoka,Yokohama FC,2,0,2-0,Regular Season - 23
994815,J1 League Japon,2023/2024,2023-08-12,Yokohama F. Marinos,Gamba Osaka,2,1,2-1,Regular Season - 23
994817,J1 League Japon,2023/2024,2023-08-13,Sanfrecce Hiroshima,Urawa,2,1,2-1,Regular Season - 23
994816,J1 League Japon,2023/2024,2023-08-13,Nagoya Grampus,Kashima,1,0,1-0,Regular Season - 23
994818,J1 League Japon,2023/2024,2023-08-18,Avispa Fukuoka,Albirex Niigata,0,1,0-1,Regular Season - 24
994820,J1 League Japon,2023/2024,2023-08-18,Urawa,Nagoya Grampus,1,0,1-0,Regular Season - 24
994819,J1 League Japon,2023/2024,2023-08-19,Kashima,Sagan Tosu,2,1,2-1,Regular Season - 24
994824,J1 League Japon,2023/2024,2023-08-19,Sanfrecce Hiroshima,Kawasaki Frontale,3,2,3-2,Regular Season - 24
994823,J1 League Japon,2023/2024,2023-08-19,Vissel Kobe,Kashiwa Reysol,1,1,1-1,Regular Season - 24
994822,J1 League Japon,2023/2024,2023-08-19,Gamba Osaka,Shonan Bellmare,2,1,2-1,Regular Season - 24
994821,J1 League Japon,2023/2024,2023-08-19,Kyoto Sanga,Consadole Sapporo,3,0,3-0,Regular Season - 24
994825,J1 League Japon,2023/2024,2023-08-19,Yokohama F. Marinos,FC Tokyo,2,1,2-1,Regular Season - 24
994826,J1 League Japon,2023/2024,2023-08-20,Yokohama FC,Cerezo Osaka,0,1,0-1,Regular Season - 24
994827,J1 League Japon,2023/2024,2023-08-25,Shonan Bellmare,Urawa,0,1,0-1,Regular Season - 25
994828,J1 League Japon,2023/2024,2023-08-26,Kashima,Albirex Niigata,2,0,2-0,Regular Season - 25
994829,J1 League Japon,2023/2024,2023-08-26,Yokohama FC,Yokohama F. Marinos,4,1,4-1,Regular Season - 25
994830,J1 League Japon,2023/2024,2023-08-26,Kashiwa Reysol,Sanfrecce Hiroshima,0,0,0-0,Regular Season - 25
994834,J1 League Japon,2023/2024,2023-08-26,Cerezo Osaka,Nagoya Grampus,3,1,3-1,Regular Season - 25
994831,J1 League Japon,2023/2024,2023-08-26,FC Tokyo,Vissel Kobe,2,2,2-2,Regular Season - 25
994832,J1 League Japon,2023/2024,2023-08-26,Kawasaki Frontale,Consadole Sapporo,2,2,2-2,Regular Season - 25
994835,J1 League Japon,2023/2024,2023-08-26,Sagan Tosu,Gamba Osaka,1,1,1-1,Regular Season - 25
994833,J1 League Japon,2023/2024,2023-08-26,Kyoto Sanga,Avispa Fukuoka,2,0,2-0,Regular Season - 25
994836,J1 League Japon,2023/2024,2023-09-02,Consadole Sapporo,Gamba Osaka,4,0,4-0,Regular Season - 26
994841,J1 League Japon,2023/2024,2023-09-02,Nagoya Grampus,Yokohama FC,1,1,1-1,Regular Season - 26
994840,J1 League Japon,2023/2024,2023-09-02,Albirex Niigata,Urawa,1,1,1-1,Regular Season - 26
994837,J1 League Japon,2023/2024,2023-09-02,Kashiwa Reysol,Yokohama F. Marinos,2,0,2-0,Regular Season - 26
994839,J1 League Japon,2023/2024,2023-09-02,Shonan Bellmare,Kashima,2,2,2-2,Regular Season - 26
994842,J1 League Japon,2023/2024,2023-09-02,Cerezo Osaka,Kawasaki Frontale,3,0,3-0,Regular Season - 26
994844,J1 League Japon,2023/2024,2023-09-02,Sagan Tosu,Sanfrecce Hiroshima,0,2,0-2,Regular Season - 26
994843,J1 League Japon,2023/2024,2023-09-03,Vissel Kobe,Kyoto Sanga,2,1,2-1,Regular Season - 26
994838,J1 League Japon,2023/2024,2023-09-03,FC Tokyo,Avispa Fukuoka,1,2,1-2,Regular Season - 26
994848,J1 League Japon,2023/2024,2023-09-15,Kawasaki Frontale,FC Tokyo,1,0,1-0,Regular Season - 27
994849,J1 League Japon,2023/2024,2023-09-15,Yokohama F. Marinos,Sagan Tosu,1,1,1-1,Regular Season - 27
994847,J1 League Japon,2023/2024,2023-09-15,Urawa,Kyoto Sanga,0,0,0-0,Regular Season - 27
994846,J1 League Japon,2023/2024,2023-09-16,Kashima,Cerezo Osaka,1,0,1-0,Regular Season - 27
994845,J1 League Japon,2023/2024,2023-09-16,Consadole Sapporo,Shonan Bellmare,0,1,0-1,Regular Season - 27
994852,J1 League Japon,2023/2024,2023-09-16,Sanfrecce Hiroshima,Vissel Kobe,2,0,2-0,Regular Season - 27
994853,J1 League Japon,2023/2024,2023-09-16,Avispa Fukuoka,Nagoya Grampus,1,0,1-0,Regular Season - 27
994850,J1 League Japon,2023/2024,2023-09-17,Yokohama FC,Kashiwa Reysol,1,2,1-2,Regular Season - 27
994851,J1 League Japon,2023/2024,2023-09-17,Gamba Osaka,Albirex Niigata,1,1,1-1,Regular Season - 27
994858,J1 League Japon,2023/2024,2023-09-23,Albirex Niigata,Yokohama FC,3,1,3-1,Regular Season - 28
994856,J1 League Japon,2023/2024,2023-09-23,FC Tokyo,Sagan Tosu,3,2,3-2,Regular Season - 28
994859,J1 League Japon,2023/2024,2023-09-23,Nagoya Grampus,Consadole Sapporo,1,1,1-1,Regular Season - 28
994855,J1 League Japon,2023/2024,2023-09-23,Kashiwa Reysol,Avispa Fukuoka,1,3,1-3,Regular Season - 28
994862,J1 League Japon,2023/2024,2023-09-23,Vissel Kobe,Cerezo Osaka,1,0,1-0,Regular Season - 28
994860,J1 League Japon,2023/2024,2023-09-23,Kyoto Sanga,Sanfrecce Hiroshima,1,0,1-0,Regular Season - 28
994854,J1 League Japon,2023/2024,2023-09-24,Kashima,Yokohama F. Marinos,1,2,1-2,Regular Season - 28
994857,J1 League Japon,2023/2024,2023-09-24,Shonan Bellmare,Kawasaki Frontale,0,2,0-2,Regular Season - 28
994861,J1 League Japon,2023/2024,2023-09-24,Gamba Osaka,Urawa,1,3,1-3,Regular Season - 28
994866,J1 League Japon,2023/2024,2023-09-29,Kawasaki Frontale,Albirex Niigata,2,3,2-3,Regular Season - 29
994867,J1 League Japon,2023/2024,2023-09-29,Yokohama F. Marinos,Vissel Kobe,0,2,0-2,Regular Season - 29
994864,J1 League Japon,2023/2024,2023-09-29,Urawa,Yokohama FC,1,1,1-1,Regular Season - 29
994863,J1 League Japon,2023/2024,2023-09-30,Consadole Sapporo,Kashiwa Reysol,1,2,1-2,Regular Season - 29
994870,J1 League Japon,2023/2024,2023-09-30,Avispa Fukuoka,Kashima,0,0,0-0,Regular Season - 29
994868,J1 League Japon,2023/2024,2023-09-30,Cerezo Osaka,Shonan Bellmare,0,2,0-2,Regular Season - 29
994869,J1 League Japon,2023/2024,2023-09-30,Sanfrecce Hiroshima,Nagoya Grampus,3,1,3-1,Regular Season - 29
994871,J1 League Japon,2023/2024,2023-09-30,Sagan Tosu,Kyoto Sanga,3,2,3-2,Regular Season - 29
994865,J1 League Japon,2023/2024,2023-10-01,FC Tokyo,Gamba Osaka,3,0,3-0,Regular Season - 29
994873,J1 League Japon,2023/2024,2023-10-20,Kawasaki Frontale,Avispa Fukuoka,4,2,4-2,Regular Season - 30
994872,J1 League Japon,2023/2024,2023-10-20,Urawa,Kashiwa Reysol,2,0,2-0,Regular Season - 30
994876,J1 League Japon,2023/2024,2023-10-21,Albirex Niigata,Sagan Tosu,1,1,1-1,Regular Season - 30
994879,J1 League Japon,2023/2024,2023-10-21,Vissel Kobe,Kashima,3,1,3-1,Regular Season - 30
994878,J1 League Japon,2023/2024,2023-10-21,Gamba Osaka,Nagoya Grampus,0,1,0-1,Regular Season - 30
994874,J1 League Japon,2023/2024,2023-10-21,Yokohama F. Marinos,Consadole Sapporo,4,1,4-1,Regular Season - 30
994875,J1 League Japon,2023/2024,2023-10-21,Yokohama FC,FC Tokyo,1,0,1-0,Regular Season - 30
994877,J1 League Japon,2023/2024,2023-10-21,Kyoto Sanga,Shonan Bellmare,0,1,0-1,Regular Season - 30
994880,J1 League Japon,2023/2024,2023-10-21,Sanfrecce Hiroshima,Cerezo Osaka,0,0,0-0,Regular Season - 30
994886,J1 League Japon,2023/2024,2023-10-27,Nagoya Grampus,Sagan Tosu,1,1,1-1,Regular Season - 31
994881,J1 League Japon,2023/2024,2023-10-28,Consadole Sapporo,Yokohama FC,2,1,2-1,Regular Season - 31
994885,J1 League Japon,2023/2024,2023-10-28,Shonan Bellmare,Vissel Kobe,1,1,1-1,Regular Season - 31
994882,J1 League Japon,2023/2024,2023-10-28,Kashima,Urawa,0,0,0-0,Regular Season - 31
994888,J1 League Japon,2023/2024,2023-10-28,Cerezo Osaka,Gamba Osaka,1,0,1-0,Regular Season - 31
994887,J1 League Japon,2023/2024,2023-10-28,Kyoto Sanga,Albirex Niigata,0,1,0-1,Regular Season - 31
994889,J1 League Japon,2023/2024,2023-10-28,Avispa Fukuoka,Yokohama F. Marinos,0,4,0-4,Regular Season - 31
994884,J1 League Japon,2023/2024,2023-10-28,FC Tokyo,Sanfrecce Hiroshima,1,2,1-2,Regular Season - 31
994883,J1 League Japon,2023/2024,2023-10-29,Kashiwa Reysol,Kawasaki Frontale,1,1,1-1,Regular Season - 31
994890,J1 League Japon,2023/2024,2023-11-11,Consadole Sapporo,Sanfrecce Hiroshima,0,0,0-0,Regular Season - 32
994895,J1 League Japon,2023/2024,2023-11-11,Shonan Bellmare,Nagoya Grampus,2,1,2-1,Regular Season - 32
994896,J1 League Japon,2023/2024,2023-11-11,Albirex Niigata,FC Tokyo,0,0,0-0,Regular Season - 32
994891,J1 League Japon,2023/2024,2023-11-11,Kashima,Kashiwa Reysol,1,1,1-1,Regular Season - 32
994897,J1 League Japon,2023/2024,2023-11-11,Gamba Osaka,Avispa Fukuoka,1,2,1-2,Regular Season - 32
994898,J1 League Japon,2023/2024,2023-11-11,Sagan Tosu,Yokohama FC,1,3,1-3,Regular Season - 32
994893,J1 League Japon,2023/2024,2023-11-12,Kawasaki Frontale,Kyoto Sanga,3,3,3-3,Regular Season - 32
994894,J1 League Japon,2023/2024,2023-11-12,Yokohama F. Marinos,Cerezo Osaka,2,0,2-0,Regular Season - 32
994892,J1 League Japon,2023/2024,2023-11-12,Urawa,Vissel Kobe,1,2,1-2,Regular Season - 32
994902,J1 League Japon,2023/2024,2023-11-24,Kawasaki Frontale,Kashima,3,0,3-0,Regular Season - 33
994903,J1 League Japon,2023/2024,2023-11-24,Yokohama F. Marinos,Albirex Niigata,0,0,0-0,Regular Season - 33
994900,J1 League Japon,2023/2024,2023-11-25,Kashiwa Reysol,Sagan Tosu,2,2,2-2,Regular Season - 33
994907,J1 League Japon,2023/2024,2023-11-25,Sanfrecce Hiroshima,Gamba Osaka,3,0,3-0,Regular Season - 33
994899,J1 League Japon,2023/2024,2023-11-25,Urawa,Avispa Fukuoka,2,3,2-3,Regular Season - 33
994906,J1 League Japon,2023/2024,2023-11-25,Vissel Kobe,Nagoya Grampus,2,1,2-1,Regular Season - 33
994905,J1 League Japon,2023/2024,2023-11-25,Cerezo Osaka,Kyoto Sanga,0,1,0-1,Regular Season - 33
994901,J1 League Japon,2023/2024,2023-11-25,FC Tokyo,Consadole Sapporo,1,3,1-3,Regular Season - 33
994904,J1 League Japon,2023/2024,2023-11-25,Yokohama FC,Shonan Bellmare,0,1,0-1,Regular Season - 33
994908,J1 League Japon,2023/2024,2023-12-03,Consadole Sapporo,Urawa,0,2,0-2,Regular Season - 34
994910,J1 League Japon,2023/2024,2023-12-03,Shonan Bellmare,FC Tokyo,0,1,0-1,Regular Season - 34
994912,J1 League Japon,2023/2024,2023-12-03,Nagoya Grampus,Kashiwa Reysol,1,1,1-1,Regular Season - 34
994909,J1 League Japon,2023/2024,2023-12-03,Kashima,Yokohama FC,2,1,2-1,Regular Season - 34
994914,J1 League Japon,2023/2024,2023-12-03,Gamba Osaka,Vissel Kobe,0,1,0-1,Regular Season - 34
994916,J1 League Japon,2023/2024,2023-12-03,Sagan Tosu,Kawasaki Frontale,0,1,0-1,Regular Season - 34
994913,J1 League Japon,2023/2024,2023-12-03,Kyoto Sanga,Yokohama F. Marinos,3,1,3-1,Regular Season - 34
994911,J1 League Japon,2023/2024,2023-12-03,Albirex Niigata,Cerezo Osaka,1,0,1-0,Regular Season - 34
994915,J1 League Japon,2023/2024,2023-12-03,Avispa Fukuoka,Sanfrecce Hiroshima,0,1,0-1,Regular Season - 34
1153775,J1 League Japon,2024/2025,2024-02-23,Sanfrecce Hiroshima,Urawa,2,0,2-0,Regular Season - 1
1153773,J1 League Japon,2024/2025,2024-02-23,Nagoya Grampus,Kashima,0,3,0-3,Regular Season - 1
1153772,J1 League Japon,2024/2025,2024-02-24,Jubilo Iwata,Vissel Kobe,0,2,0-2,Regular Season - 1
1153777,J1 League Japon,2024/2025,2024-02-24,Sagan Tosu,Albirex Niigata,1,2,1-2,Regular Season - 1
1153776,J1 League Japon,2024/2025,2024-02-24,Avispa Fukuoka,Consadole Sapporo,0,0,0-0,Regular Season - 1
1153771,J1 League Japon,2024/2025,2024-02-24,Shonan Bellmare,Kawasaki Frontale,1,2,1-2,Regular Season - 1
1153774,J1 League Japon,2024/2025,2024-02-24,Cerezo Osaka,FC Tokyo,2,2,2-2,Regular Season - 1
1153770,J1 League Japon,2024/2025,2024-02-24,Machida Zelvia,Gamba Osaka,1,1,1-1,Regular Season - 1
1153768,J1 League Japon,2024/2025,2024-02-25,Kashiwa Reysol,Kyoto Sanga,1,1,1-1,Regular Season - 1
1153769,J1 League Japon,2024/2025,2024-02-25,Tokyo Verdy,Yokohama F. Marinos,1,2,1-2,Regular Season - 1
1166143,J1 League Japon,2024/2025,2024-03-01,Kawasaki Frontale,Jubilo Iwata,4,5,4-5,Regular Season - 2
1166144,J1 League Japon,2024/2025,2024-03-01,Yokohama F. Marinos,Avispa Fukuoka,0,1,0-1,Regular Season - 2
1166145,J1 League Japon,2024/2025,2024-03-02,Vissel Kobe,Kashiwa Reysol,0,1,0-1,Regular Season - 2
1166146,J1 League Japon,2024/2025,2024-03-02,Nagoya Grampus,Machida Zelvia,0,1,0-1,Regular Season - 2
1166148,J1 League Japon,2024/2025,2024-03-02,Sagan Tosu,Consadole Sapporo,4,0,4-0,Regular Season - 2
1166147,J1 League Japon,2024/2025,2024-03-02,Kyoto Sanga,Shonan Bellmare,1,2,1-2,Regular Season - 2
1166149,J1 League Japon,2024/2025,2024-03-02,Kashima,Cerezo Osaka,1,1,1-1,Regular Season - 2
1166150,J1 League Japon,2024/2025,2024-03-02,FC Tokyo,Sanfrecce Hiroshima,1,1,1-1,Regular Season - 2
1166151,J1 League Japon,2024/2025,2024-03-02,Gamba Osaka,Albirex Niigata,1,0,1-0,Regular Season - 2
1166152,J1 League Japon,2024/2025,2024-03-03,Urawa,Tokyo Verdy,1,1,1-1,Regular Season - 2
1166156,J1 League Japon,2024/2025,2024-03-09,Jubilo Iwata,Kashiwa Reysol,0,1,0-1,Regular Season - 3
1166153,J1 League Japon,2024/2025,2024-03-09,Machida Zelvia,Kashima,1,0,1-0,Regular Season - 3
1166155,J1 League Japon,2024/2025,2024-03-09,Albirex Niigata,Nagoya Grampus,1,0,1-0,Regular Season - 3
1166157,J1 League Japon,2024/2025,2024-03-09,Sanfrecce Hiroshima,Sagan Tosu,4,0,4-0,Regular Season - 3
1166158,J1 League Japon,2024/2025,2024-03-09,Avispa Fukuoka,Shonan Bellmare,1,1,1-1,Regular Season - 3
1166161,J1 League Japon,2024/2025,2024-03-09,Cerezo Osaka,Tokyo Verdy,2,1,2-1,Regular Season - 3
1166159,J1 League Japon,2024/2025,2024-03-09,FC Tokyo,Vissel Kobe,1,2,1-2,Regular Season - 3
1166160,J1 League Japon,2024/2025,2024-03-09,Kawasaki Frontale,Kyoto Sanga,0,1,0-1,Regular Season - 3
1166162,J1 League Japon,2024/2025,2024-03-10,Consadole Sapporo,Urawa,0,1,0-1,Regular Season - 3
1166163,J1 League Japon,2024/2025,2024-03-16,Avispa Fukuoka,FC Tokyo,1,3,1-3,Regular Season - 4
1166164,J1 League Japon,2024/2025,2024-03-16,Consadole Sapporo,Machida Zelvia,1,2,1-2,Regular Season - 4
1166165,J1 League Japon,2024/2025,2024-03-16,Vissel Kobe,Sanfrecce Hiroshima,0,0,0-0,Regular Season - 4
1166166,J1 League Japon,2024/2025,2024-03-16,Kashiwa Reysol,Nagoya Grampus,0,2,0-2,Regular Season - 4
1166167,J1 League Japon,2024/2025,2024-03-16,Gamba Osaka,Jubilo Iwata,2,1,2-1,Regular Season - 4
1166168,J1 League Japon,2024/2025,2024-03-16,Sagan Tosu,Cerezo Osaka,0,2,0-2,Regular Season - 4
1166169,J1 League Japon,2024/2025,2024-03-16,Tokyo Verdy,Albirex Niigata,2,2,2-2,Regular Season - 4
1166170,J1 League Japon,2024/2025,2024-03-17,Kyoto Sanga,Yokohama F. Marinos,2,3,2-3,Regular Season - 4
1166172,J1 League Japon,2024/2025,2024-03-17,Shonan Bellmare,Urawa,4,4,4-4,Regular Season - 4
1166171,J1 League Japon,2024/2025,2024-03-17,Kashima,Kawasaki Frontale,2,1,2-1,Regular Season - 4
1166173,J1 League Japon,2024/2025,2024-03-29,Tokyo Verdy,Kyoto Sanga,2,2,2-2,Regular Season - 5
1166174,J1 League Japon,2024/2025,2024-03-30,Sanfrecce Hiroshima,Gamba Osaka,1,1,1-1,Regular Season - 5
1166176,J1 League Japon,2024/2025,2024-03-30,Vissel Kobe,Consadole Sapporo,6,1,6-1,Regular Season - 5
1166175,J1 League Japon,2024/2025,2024-03-30,Albirex Niigata,Kashiwa Reysol,1,1,1-1,Regular Season - 5
1166178,J1 League Japon,2024/2025,2024-03-30,Urawa,Avispa Fukuoka,2,1,2-1,Regular Season - 5
1166177,J1 League Japon,2024/2025,2024-03-30,Kashima,Jubilo Iwata,1,0,1-0,Regular Season - 5
1166180,J1 League Japon,2024/2025,2024-03-30,Kawasaki Frontale,FC Tokyo,3,0,3-0,Regular Season - 5
1166179,J1 League Japon,2024/2025,2024-03-30,Machida Zelvia,Sagan Tosu,3,1,3-1,Regular Season - 5
1166181,J1 League Japon,2024/2025,2024-03-30,Nagoya Grampus,Yokohama F. Marinos,2,1,2-1,Regular Season - 5
1166182,J1 League Japon,2024/2025,2024-03-30,Cerezo Osaka,Shonan Bellmare,2,0,2-0,Regular Season - 5
1166187,J1 League Japon,2024/2025,2024-04-03,Jubilo Iwata,Albirex Niigata,2,0,2-0,Regular Season - 6
1166183,J1 League Japon,2024/2025,2024-04-03,Kashiwa Reysol,Cerezo Osaka,1,1,1-1,Regular Season - 6
1166186,J1 League Japon,2024/2025,2024-04-03,Shonan Bellmare,Tokyo Verdy,1,2,1-2,Regular Season - 6
1166188,J1 League Japon,2024/2025,2024-04-03,Gamba Osaka,Kyoto Sanga,0,0,0-0,Regular Season - 6
1166190,J1 League Japon,2024/2025,2024-04-03,Sagan Tosu,Vissel Kobe,0,0,0-0,Regular Season - 6
1166185,J1 League Japon,2024/2025,2024-04-03,Yokohama F. Marinos,Kawasaki Frontale,0,0,0-0,Regular Season - 6
1166184,J1 League Japon,2024/2025,2024-04-03,Machida Zelvia,Sanfrecce Hiroshima,1,2,1-2,Regular Season - 6
1166189,J1 League Japon,2024/2025,2024-04-03,Avispa Fukuoka,Kashima,1,0,1-0,Regular Season - 6
1166191,J1 League Japon,2024/2025,2024-04-03,Consadole Sapporo,Nagoya Grampus,1,2,1-2,Regular Season - 6
1166192,J1 League Japon,2024/2025,2024-04-03,FC Tokyo,Urawa,2,1,2-1,Regular Season - 6
1166193,J1 League Japon,2024/2025,2024-04-06,Consadole Sapporo,Gamba Osaka,1,0,1-0,Regular Season - 7
1166194,J1 League Japon,2024/2025,2024-04-07,Tokyo Verdy,Kashiwa Reysol,1,1,1-1,Regular Season - 7
1166198,J1 League Japon,2024/2025,2024-04-07,Sanfrecce Hiroshima,Shonan Bellmare,2,0,2-0,Regular Season - 7
1166197,J1 League Japon,2024/2025,2024-04-07,Vissel Kobe,Yokohama F. Marinos,1,2,1-2,Regular Season - 7
1166196,J1 League Japon,2024/2025,2024-04-07,Kyoto Sanga,Jubilo Iwata,0,3,0-3,Regular Season - 7
1166195,J1 League Japon,2024/2025,2024-04-07,Albirex Niigata,Cerezo Osaka,0,1,0-1,Regular Season - 7
1166199,J1 League Japon,2024/2025,2024-04-07,Urawa,Sagan Tosu,3,0,3-0,Regular Season - 7
1166201,J1 League Japon,2024/2025,2024-04-07,Nagoya Grampus,Avispa Fukuoka,0,0,0-0,Regular Season - 7
1166200,J1 League Japon,2024/2025,2024-04-07,Kawasaki Frontale,Machida Zelvia,0,1,0-1,Regular Season - 7
1166202,J1 League Japon,2024/2025,2024-04-07,FC Tokyo,Kashima,2,0,2-0,Regular Season - 7
1166154,J1 League Japon,2024/2025,2024-04-10,Yokohama F. Marinos,Gamba Osaka,2,0,2-0,Regular Season - 3
1166203,J1 League Japon,2024/2025,2024-04-12,Kashiwa Reysol,Urawa,1,0,1-0,Regular Season - 8
1166206,J1 League Japon,2024/2025,2024-04-13,Jubilo Iwata,Nagoya Grampus,0,1,0-1,Regular Season - 8
1166204,J1 League Japon,2024/2025,2024-04-13,Yokohama F. Marinos,Shonan Bellmare,2,2,2-2,Regular Season - 8
1166205,J1 League Japon,2024/2025,2024-04-13,Albirex Niigata,Consadole Sapporo,1,1,1-1,Regular Season - 8
1166207,J1 League Japon,2024/2025,2024-04-13,Avispa Fukuoka,Sanfrecce Hiroshima,1,1,1-1,Regular Season - 8
1166208,J1 League Japon,2024/2025,2024-04-13,Kashima,Kyoto Sanga,1,0,1-0,Regular Season - 8
1166210,J1 League Japon,2024/2025,2024-04-13,Cerezo Osaka,Kawasaki Frontale,1,0,1-0,Regular Season - 8
1166209,J1 League Japon,2024/2025,2024-04-13,Machida Zelvia,Vissel Kobe,1,2,1-2,Regular Season - 8
1166211,J1 League Japon,2024/2025,2024-04-13,Tokyo Verdy,FC Tokyo,2,2,2-2,Regular Season - 8
1166212,J1 League Japon,2024/2025,2024-04-14,Gamba Osaka,Sagan Tosu,2,1,2-1,Regular Season - 8
1166213,J1 League Japon,2024/2025,2024-04-20,Consadole Sapporo,Sanfrecce Hiroshima,1,1,1-1,Regular Season - 9
1166216,J1 League Japon,2024/2025,2024-04-20,Sagan Tosu,Kashima,4,2,4-2,Regular Season - 9
1166215,J1 League Japon,2024/2025,2024-04-20,Kyoto Sanga,Albirex Niigata,0,1,0-1,Regular Season - 9
1166217,J1 League Japon,2024/2025,2024-04-20,Shonan Bellmare,Vissel Kobe,0,1,0-1,Regular Season - 9
1166218,J1 League Japon,2024/2025,2024-04-20,Avispa Fukuoka,Jubilo Iwata,2,2,2-2,Regular Season - 9
1166219,J1 League Japon,2024/2025,2024-04-20,Urawa,Gamba Osaka,0,1,0-1,Regular Season - 9
1166220,J1 League Japon,2024/2025,2024-04-20,Kawasaki Frontale,Tokyo Verdy,0,0,0-0,Regular Season - 9
1166222,J1 League Japon,2024/2025,2024-04-21,Nagoya Grampus,Cerezo Osaka,2,1,2-1,Regular Season - 9
1166221,J1 League Japon,2024/2025,2024-04-21,FC Tokyo,Machida Zelvia,1,2,1-2,Regular Season - 9
1166223,J1 League Japon,2024/2025,2024-04-27,Consadole Sapporo,Shonan Bellmare,3,3,3-3,Regular Season - 10
1166225,J1 League Japon,2024/2025,2024-04-27,Jubilo Iwata,Machida Zelvia,2,0,2-0,Regular Season - 10
1166226,J1 League Japon,2024/2025,2024-04-27,Vissel Kobe,Kyoto Sanga,0,1,0-1,Regular Season - 10
1166224,J1 League Japon,2024/2025,2024-04-27,Albirex Niigata,FC Tokyo,1,3,1-3,Regular Season - 10
1166227,J1 League Japon,2024/2025,2024-04-27,Cerezo Osaka,Yokohama F. Marinos,2,2,2-2,Regular Season - 10
1166229,J1 League Japon,2024/2025,2024-04-28,Sanfrecce Hiroshima,Kawasaki Frontale,2,2,2-2,Regular Season - 10
1166228,J1 League Japon,2024/2025,2024-04-28,Tokyo Verdy,Avispa Fukuoka,0,0,0-0,Regular Season - 10
1166231,J1 League Japon,2024/2025,2024-04-28,Kashiwa Reysol,Sagan Tosu,1,1,1-1,Regular Season - 10
1166230,J1 League Japon,2024/2025,2024-04-28,Urawa,Nagoya Grampus,2,1,2-1,Regular Season - 10
1166232,J1 League Japon,2024/2025,2024-04-28,Gamba Osaka,Kashima,1,2,1-2,Regular Season - 10
1166233,J1 League Japon,2024/2025,2024-05-03,Yokohama F. Marinos,Jubilo Iwata,1,1,1-1,Regular Season - 11
1166234,J1 League Japon,2024/2025,2024-05-03,Albirex Niigata,Sanfrecce Hiroshima,1,1,1-1,Regular Season - 11
1166235,J1 League Japon,2024/2025,2024-05-03,Kashima,Shonan Bellmare,3,1,3-1,Regular Season - 11
1166238,J1 League Japon,2024/2025,2024-05-03,Cerezo Osaka,Consadole Sapporo,1,1,1-1,Regular Season - 11
1166236,J1 League Japon,2024/2025,2024-05-03,FC Tokyo,Kyoto Sanga,2,1,2-1,Regular Season - 11
1166239,J1 League Japon,2024/2025,2024-05-03,Sagan Tosu,Tokyo Verdy,0,2,0-2,Regular Season - 11
1166237,J1 League Japon,2024/2025,2024-05-03,Machida Zelvia,Kashiwa Reysol,2,0,2-0,Regular Season - 11
1166240,J1 League Japon,2024/2025,2024-05-03,Kawasaki Frontale,Urawa,3,1,3-1,Regular Season - 11
1166241,J1 League Japon,2024/2025,2024-05-03,Avispa Fukuoka,Gamba Osaka,1,0,1-0,Regular Season - 11
1166242,J1 League Japon,2024/2025,2024-05-03,Nagoya Grampus,Vissel Kobe,0,2,0-2,Regular Season - 11
1166244,J1 League Japon,2024/2025,2024-05-06,Vissel Kobe,Albirex Niigata,3,2,3-2,Regular Season - 12
1166243,J1 League Japon,2024/2025,2024-05-06,Tokyo Verdy,Jubilo Iwata,3,2,3-2,Regular Season - 12
1166245,J1 League Japon,2024/2025,2024-05-06,Gamba Osaka,Cerezo Osaka,1,0,1-0,Regular Season - 12
1166246,J1 League Japon,2024/2025,2024-05-06,Consadole Sapporo,FC Tokyo,1,2,1-2,Regular Season - 12
1166247,J1 League Japon,2024/2025,2024-05-06,Kyoto Sanga,Machida Zelvia,0,3,0-3,Regular Season - 12
1166248,J1 League Japon,2024/2025,2024-05-06,Avispa Fukuoka,Kawasaki Frontale,1,1,1-1,Regular Season - 12
1166249,J1 League Japon,2024/2025,2024-05-06,Sanfrecce Hiroshima,Nagoya Grampus,2,3,2-3,Regular Season - 12
1166250,J1 League Japon,2024/2025,2024-05-06,Kashiwa Reysol,Kashima,1,2,1-2,Regular Season - 12
1166251,J1 League Japon,2024/2025,2024-05-06,Shonan Bellmare,Sagan Tosu,2,1,2-1,Regular Season - 12
1166252,J1 League Japon,2024/2025,2024-05-06,Urawa,Yokohama F. Marinos,2,1,2-1,Regular Season - 12
1166255,J1 League Japon,2024/2025,2024-05-11,Jubilo Iwata,Sagan Tosu,0,3,0-3,Regular Season - 13
1166256,J1 League Japon,2024/2025,2024-05-11,Kyoto Sanga,Avispa Fukuoka,2,3,2-3,Regular Season - 13
1166254,J1 League Japon,2024/2025,2024-05-11,Albirex Niigata,Urawa,2,4,2-4,Regular Season - 13
1166258,J1 League Japon,2024/2025,2024-05-11,Shonan Bellmare,Machida Zelvia,0,0,0-0,Regular Season - 13
1166257,J1 League Japon,2024/2025,2024-05-11,Kawasaki Frontale,Consadole Sapporo,3,0,3-0,Regular Season - 13
1166259,J1 League Japon,2024/2025,2024-05-11,Nagoya Grampus,Gamba Osaka,0,1,0-1,Regular Season - 13
1166260,J1 League Japon,2024/2025,2024-05-11,Cerezo Osaka,Vissel Kobe,1,4,1-4,Regular Season - 13
1166261,J1 League Japon,2024/2025,2024-05-11,FC Tokyo,Kashiwa Reysol,3,3,3-3,Regular Season - 13
1166262,J1 League Japon,2024/2025,2024-05-12,Kashima,Tokyo Verdy,3,3,3-3,Regular Season - 13
1166263,J1 League Japon,2024/2025,2024-05-15,Consadole Sapporo,Jubilo Iwata,1,0,1-0,Regular Season - 14
1166264,J1 League Japon,2024/2025,2024-05-15,Kashiwa Reysol,Shonan Bellmare,2,1,2-1,Regular Season - 14
1166270,J1 League Japon,2024/2025,2024-05-15,Sanfrecce Hiroshima,Kashima,1,3,1-3,Regular Season - 14
1166268,J1 League Japon,2024/2025,2024-05-15,Nagoya Grampus,FC Tokyo,3,1,3-1,Regular Season - 14
1166269,J1 League Japon,2024/2025,2024-05-15,Vissel Kobe,Avispa Fukuoka,1,0,1-0,Regular Season - 14
1166271,J1 League Japon,2024/2025,2024-05-15,Sagan Tosu,Kawasaki Frontale,5,2,5-2,Regular Season - 14
1166266,J1 League Japon,2024/2025,2024-05-15,Machida Zelvia,Cerezo Osaka,2,1,2-1,Regular Season - 14
1166265,J1 League Japon,2024/2025,2024-05-15,Tokyo Verdy,Gamba Osaka,0,0,0-0,Regular Season - 14
1166267,J1 League Japon,2024/2025,2024-05-15,Albirex Niigata,Yokohama F. Marinos,3,1,3-1,Regular Season - 14
1166272,J1 League Japon,2024/2025,2024-05-15,Urawa,Kyoto Sanga,3,0,3-0,Regular Season - 14
1166273,J1 League Japon,2024/2025,2024-05-18,Avispa Fukuoka,Cerezo Osaka,0,3,0-3,Regular Season - 15
1166274,J1 League Japon,2024/2025,2024-05-18,Sagan Tosu,Nagoya Grampus,0,2,0-2,Regular Season - 15
1166276,J1 League Japon,2024/2025,2024-05-19,Jubilo Iwata,Urawa,1,1,1-1,Regular Season - 15
1166277,J1 League Japon,2024/2025,2024-05-19,Kyoto Sanga,Sanfrecce Hiroshima,0,5,0-5,Regular Season - 15
1166275,J1 League Japon,2024/2025,2024-05-19,Machida Zelvia,Tokyo Verdy,5,0,5-0,Regular Season - 15
1166278,J1 League Japon,2024/2025,2024-05-19,Kashima,Vissel Kobe,1,0,1-0,Regular Season - 15
1166279,J1 League Japon,2024/2025,2024-05-19,FC Tokyo,Yokohama F. Marinos,1,1,1-1,Regular Season - 15
1166280,J1 League Japon,2024/2025,2024-05-19,Gamba Osaka,Kawasaki Frontale,3,1,3-1,Regular Season - 15
1166281,J1 League Japon,2024/2025,2024-05-19,Kashiwa Reysol,Consadole Sapporo,2,1,2-1,Regular Season - 15
1166282,J1 League Japon,2024/2025,2024-05-19,Shonan Bellmare,Albirex Niigata,2,1,2-1,Regular Season - 15
1166283,J1 League Japon,2024/2025,2024-05-25,Consadole Sapporo,Kashima,0,3,0-3,Regular Season - 16
1166284,J1 League Japon,2024/2025,2024-05-25,Jubilo Iwata,Shonan Bellmare,3,2,3-2,Regular Season - 16
1166285,J1 League Japon,2024/2025,2024-05-25,Kawasaki Frontale,Kashiwa Reysol,1,1,1-1,Regular Season - 16
1166287,J1 League Japon,2024/2025,2024-05-25,Albirex Niigata,Avispa Fukuoka,1,2,1-2,Regular Season - 16
1166288,J1 League Japon,2024/2025,2024-05-26,Vissel Kobe,Tokyo Verdy,0,1,0-1,Regular Season - 16
1166290,J1 League Japon,2024/2025,2024-05-26,Nagoya Grampus,Kyoto Sanga,1,1,1-1,Regular Season - 16
1166291,J1 League Japon,2024/2025,2024-05-26,Cerezo Osaka,Sanfrecce Hiroshima,1,1,1-1,Regular Season - 16
1166289,J1 League Japon,2024/2025,2024-05-26,FC Tokyo,Gamba Osaka,0,1,0-1,Regular Season - 16
1166292,J1 League Japon,2024/2025,2024-05-26,Urawa,Machida Zelvia,1,2,1-2,Regular Season - 16
1166214,J1 League Japon,2024/2025,2024-05-29,Yokohama F. Marinos,Kashiwa Reysol,4,0,4-0,Regular Season - 9
1166293,J1 League Japon,2024/2025,2024-05-31,Sagan Tosu,FC Tokyo,0,1,0-1,Regular Season - 17
1166294,J1 League Japon,2024/2025,2024-06-01,Sanfrecce Hiroshima,Jubilo Iwata,2,0,2-0,Regular Season - 17
1166297,J1 League Japon,2024/2025,2024-06-01,Shonan Bellmare,Gamba Osaka,1,2,1-2,Regular Season - 17
1166295,J1 League Japon,2024/2025,2024-06-01,Kashima,Yokohama F. Marinos,3,2,3-2,Regular Season - 17
1166296,J1 League Japon,2024/2025,2024-06-01,Machida Zelvia,Albirex Niigata,1,3,1-3,Regular Season - 17
1166298,J1 League Japon,2024/2025,2024-06-01,Urawa,Vissel Kobe,1,1,1-1,Regular Season - 17
1166299,J1 League Japon,2024/2025,2024-06-01,Kyoto Sanga,Cerezo Osaka,1,1,1-1,Regular Season - 17
1166300,J1 League Japon,2024/2025,2024-06-02,Tokyo Verdy,Consadole Sapporo,5,3,5-3,Regular Season - 17
1166301,J1 League Japon,2024/2025,2024-06-02,Kawasaki Frontale,Nagoya Grampus,2,1,2-1,Regular Season - 17
1166302,J1 League Japon,2024/2025,2024-06-02,Kashiwa Reysol,Avispa Fukuoka,0,2,0-2,Regular Season - 17
1166303,J1 League Japon,2024/2025,2024-06-15,Yokohama F. Marinos,Machida Zelvia,1,3,1-3,Regular Season - 18
1166304,J1 League Japon,2024/2025,2024-06-15,Sanfrecce Hiroshima,Tokyo Verdy,4,1,4-1,Regular Season - 18
1166306,J1 League Japon,2024/2025,2024-06-15,Cerezo Osaka,Urawa,2,1,2-1,Regular Season - 18
1166305,J1 League Japon,2024/2025,2024-06-15,Kyoto Sanga,Consadole Sapporo,2,0,2-0,Regular Season - 18
1166307,J1 League Japon,2024/2025,2024-06-16,Vissel Kobe,Kawasaki Frontale,1,0,1-0,Regular Season - 18
1166308,J1 League Japon,2024/2025,2024-06-16,Avispa Fukuoka,Sagan Tosu,2,0,2-0,Regular Season - 18
1166311,J1 League Japon,2024/2025,2024-06-16,Nagoya Grampus,Shonan Bellmare,1,1,1-1,Regular Season - 18
1166309,J1 League Japon,2024/2025,2024-06-16,Kashima,Albirex Niigata,1,1,1-1,Regular Season - 18
1166310,J1 League Japon,2024/2025,2024-06-16,FC Tokyo,Jubilo Iwata,1,1,1-1,Regular Season - 18
1166312,J1 League Japon,2024/2025,2024-06-16,Gamba Osaka,Kashiwa Reysol,2,1,2-1,Regular Season - 18
1166253,J1 League Japon,2024/2025,2024-06-19,Yokohama F. Marinos,Sanfrecce Hiroshima,3,2,3-2,Regular Season - 13
1166313,J1 League Japon,2024/2025,2024-06-22,Machida Zelvia,Avispa Fukuoka,0,0,0-0,Regular Season - 19
1166314,J1 League Japon,2024/2025,2024-06-22,Tokyo Verdy,Nagoya Grampus,1,0,1-0,Regular Season - 19
1166315,J1 League Japon,2024/2025,2024-06-22,Albirex Niigata,Kawasaki Frontale,2,2,2-2,Regular Season - 19
1166316,J1 League Japon,2024/2025,2024-06-22,Jubilo Iwata,Cerezo Osaka,1,1,1-1,Regular Season - 19
1166317,J1 League Japon,2024/2025,2024-06-22,Gamba Osaka,Vissel Kobe,2,1,2-1,Regular Season - 19
1166319,J1 League Japon,2024/2025,2024-06-22,Kashiwa Reysol,Sanfrecce Hiroshima,0,1,0-1,Regular Season - 19
1166320,J1 League Japon,2024/2025,2024-06-22,Shonan Bellmare,FC Tokyo,0,1,0-1,Regular Season - 19
1166318,J1 League Japon,2024/2025,2024-06-22,Urawa,Kashima,2,2,2-2,Regular Season - 19
1166321,J1 League Japon,2024/2025,2024-06-22,Sagan Tosu,Kyoto Sanga,3,0,3-0,Regular Season - 19
1166322,J1 League Japon,2024/2025,2024-06-23,Consadole Sapporo,Yokohama F. Marinos,0,1,0-1,Regular Season - 19
1166326,J1 League Japon,2024/2025,2024-06-26,Jubilo Iwata,Tokyo Verdy,3,0,3-0,Regular Season - 20
1166331,J1 League Japon,2024/2025,2024-06-26,Sanfrecce Hiroshima,Albirex Niigata,1,1,1-1,Regular Season - 20
1166327,J1 League Japon,2024/2025,2024-06-26,Nagoya Grampus,Urawa,0,1,0-1,Regular Season - 20
1166330,J1 League Japon,2024/2025,2024-06-26,Vissel Kobe,Machida Zelvia,0,0,0-0,Regular Season - 20
1166323,J1 League Japon,2024/2025,2024-06-26,Kashima,Gamba Osaka,0,0,0-0,Regular Season - 20
1166329,J1 League Japon,2024/2025,2024-06-26,Cerezo Osaka,Sagan Tosu,1,0,1-0,Regular Season - 20
1166324,J1 League Japon,2024/2025,2024-06-26,FC Tokyo,Consadole Sapporo,1,0,1-0,Regular Season - 20
1166325,J1 League Japon,2024/2025,2024-06-26,Kawasaki Frontale,Shonan Bellmare,1,1,1-1,Regular Season - 20
1166328,J1 League Japon,2024/2025,2024-06-26,Kyoto Sanga,Kashiwa Reysol,2,2,2-2,Regular Season - 20
1166332,J1 League Japon,2024/2025,2024-06-26,Avispa Fukuoka,Yokohama F. Marinos,2,1,2-1,Regular Season - 20
1166333,J1 League Japon,2024/2025,2024-06-29,Consadole Sapporo,Albirex Niigata,0,1,0-1,Regular Season - 21
1166334,J1 League Japon,2024/2025,2024-06-29,Kawasaki Frontale,Sanfrecce Hiroshima,1,1,1-1,Regular Season - 21
1166335,J1 League Japon,2024/2025,2024-06-29,Yokohama F. Marinos,Tokyo Verdy,1,2,1-2,Regular Season - 21
1166337,J1 League Japon,2024/2025,2024-06-30,Cerezo Osaka,Nagoya Grampus,2,1,2-1,Regular Season - 21
1166336,J1 League Japon,2024/2025,2024-06-30,Gamba Osaka,Machida Zelvia,1,3,1-3,Regular Season - 21
1166338,J1 League Japon,2024/2025,2024-06-30,Urawa,Jubilo Iwata,3,0,3-0,Regular Season - 21
1166339,J1 League Japon,2024/2025,2024-06-30,FC Tokyo,Avispa Fukuoka,0,1,0-1,Regular Season - 21
1166340,J1 League Japon,2024/2025,2024-06-30,Shonan Bellmare,Kyoto Sanga,0,1,0-1,Regular Season - 21
1166341,J1 League Japon,2024/2025,2024-06-30,Vissel Kobe,Kashima,3,1,3-1,Regular Season - 21
1166342,J1 League Japon,2024/2025,2024-06-30,Sagan Tosu,Kashiwa Reysol,1,4,1-4,Regular Season - 21
1166286,J1 League Japon,2024/2025,2024-07-03,Yokohama F. Marinos,Sagan Tosu,0,1,0-1,Regular Season - 16
1166343,J1 League Japon,2024/2025,2024-07-05,Sanfrecce Hiroshima,Vissel Kobe,1,3,1-3,Regular Season - 22
1166344,J1 League Japon,2024/2025,2024-07-06,Kashima,Consadole Sapporo,2,0,2-0,Regular Season - 22
1166346,J1 League Japon,2024/2025,2024-07-06,Machida Zelvia,Nagoya Grampus,1,0,1-0,Regular Season - 22
1166345,J1 League Japon,2024/2025,2024-07-06,Tokyo Verdy,Cerezo Osaka,1,1,1-1,Regular Season - 22
1166349,J1 League Japon,2024/2025,2024-07-06,Jubilo Iwata,Kawasaki Frontale,2,2,2-2,Regular Season - 22
1166347,J1 League Japon,2024/2025,2024-07-06,Urawa,Shonan Bellmare,2,3,2-3,Regular Season - 22
1166348,J1 League Japon,2024/2025,2024-07-06,Albirex Niigata,Sagan Tosu,3,4,3-4,Regular Season - 22
1166350,J1 League Japon,2024/2025,2024-07-06,Kashiwa Reysol,FC Tokyo,3,2,3-2,Regular Season - 22
1166351,J1 League Japon,2024/2025,2024-07-06,Gamba Osaka,Yokohama F. Marinos,4,0,4-0,Regular Season - 22
1166352,J1 League Japon,2024/2025,2024-07-07,Avispa Fukuoka,Kyoto Sanga,1,2,1-2,Regular Season - 22
1166353,J1 League Japon,2024/2025,2024-07-13,Consadole Sapporo,Vissel Kobe,1,1,1-1,Regular Season - 23
1166354,J1 League Japon,2024/2025,2024-07-13,FC Tokyo,Albirex Niigata,2,0,2-0,Regular Season - 23
1166356,J1 League Japon,2024/2025,2024-07-14,Nagoya Grampus,Kashiwa Reysol,2,1,2-1,Regular Season - 23
1166355,J1 League Japon,2024/2025,2024-07-14,Tokyo Verdy,Machida Zelvia,0,1,0-1,Regular Season - 23
1166358,J1 League Japon,2024/2025,2024-07-14,Sanfrecce Hiroshima,Avispa Fukuoka,1,0,1-0,Regular Season - 23
1166357,J1 League Japon,2024/2025,2024-07-14,Kyoto Sanga,Urawa,0,0,0-0,Regular Season - 23
1166360,J1 League Japon,2024/2025,2024-07-14,Shonan Bellmare,Jubilo Iwata,5,0,5-0,Regular Season - 23
1166359,J1 League Japon,2024/2025,2024-07-14,Kawasaki Frontale,Cerezo Osaka,1,1,1-1,Regular Season - 23
1166361,J1 League Japon,2024/2025,2024-07-14,Sagan Tosu,Gamba Osaka,0,2,0-2,Regular Season - 23
1166362,J1 League Japon,2024/2025,2024-07-14,Yokohama F. Marinos,Kashima,4,1,4-1,Regular Season - 23
1166363,J1 League Japon,2024/2025,2024-07-20,Kashima,FC Tokyo,2,1,2-1,Regular Season - 24
1166364,J1 League Japon,2024/2025,2024-07-20,Machida Zelvia,Yokohama F. Marinos,1,2,1-2,Regular Season - 24
1166367,J1 League Japon,2024/2025,2024-07-20,Jubilo Iwata,Kyoto Sanga,1,2,1-2,Regular Season - 24
1166366,J1 League Japon,2024/2025,2024-07-20,Kashiwa Reysol,Kawasaki Frontale,2,3,2-3,Regular Season - 24
1166365,J1 League Japon,2024/2025,2024-07-20,Urawa,Consadole Sapporo,3,4,3-4,Regular Season - 24
1166370,J1 League Japon,2024/2025,2024-07-20,Vissel Kobe,Nagoya Grampus,3,3,3-3,Regular Season - 24
1166369,J1 League Japon,2024/2025,2024-07-20,Cerezo Osaka,Albirex Niigata,1,2,1-2,Regular Season - 24
1166368,J1 League Japon,2024/2025,2024-07-20,Gamba Osaka,Shonan Bellmare,0,1,0-1,Regular Season - 24
1166371,J1 League Japon,2024/2025,2024-07-20,Avispa Fukuoka,Tokyo Verdy,0,1,0-1,Regular Season - 24
1166372,J1 League Japon,2024/2025,2024-07-21,Sagan Tosu,Sanfrecce Hiroshima,1,4,1-4,Regular Season - 24
1166376,J1 League Japon,2024/2025,2024-08-07,Shonan Bellmare,Avispa Fukuoka,1,1,1-1,Regular Season - 25
1166373,J1 League Japon,2024/2025,2024-08-07,Kashima,Sagan Tosu,3,0,3-0,Regular Season - 25
1166380,J1 League Japon,2024/2025,2024-08-07,Cerezo Osaka,Machida Zelvia,0,0,0-0,Regular Season - 25
1166379,J1 League Japon,2024/2025,2024-08-07,Gamba Osaka,FC Tokyo,0,0,0-0,Regular Season - 25
1166375,J1 League Japon,2024/2025,2024-08-07,Kawasaki Frontale,Vissel Kobe,3,0,3-0,Regular Season - 25
1166378,J1 League Japon,2024/2025,2024-08-07,Kyoto Sanga,Nagoya Grampus,3,2,3-2,Regular Season - 25
1166374,J1 League Japon,2024/2025,2024-08-07,Tokyo Verdy,Sanfrecce Hiroshima,0,1,0-1,Regular Season - 25
1166377,J1 League Japon,2024/2025,2024-08-07,Albirex Niigata,Jubilo Iwata,2,2,2-2,Regular Season - 25
1166382,J1 League Japon,2024/2025,2024-08-07,Yokohama F. Marinos,Consadole Sapporo,3,2,3-2,Regular Season - 25
1166383,J1 League Japon,2024/2025,2024-08-10,Consadole Sapporo,Avispa Fukuoka,2,2,2-2,Regular Season - 26
1166384,J1 League Japon,2024/2025,2024-08-11,Machida Zelvia,Shonan Bellmare,0,1,0-1,Regular Season - 26
1166385,J1 League Japon,2024/2025,2024-08-11,Sanfrecce Hiroshima,Cerezo Osaka,2,0,2-0,Regular Season - 26
1166388,J1 League Japon,2024/2025,2024-08-11,Jubilo Iwata,Kashima,2,1,2-1,Regular Season - 26
1166386,J1 League Japon,2024/2025,2024-08-11,Kashiwa Reysol,Gamba Osaka,0,0,0-0,Regular Season - 26
1166389,J1 League Japon,2024/2025,2024-08-11,Nagoya Grampus,Tokyo Verdy,1,0,1-0,Regular Season - 26
1166387,J1 League Japon,2024/2025,2024-08-11,FC Tokyo,Kawasaki Frontale,0,3,0-3,Regular Season - 26
1166390,J1 League Japon,2024/2025,2024-08-11,Sagan Tosu,Urawa,1,1,1-1,Regular Season - 26
1166391,J1 League Japon,2024/2025,2024-08-11,Yokohama F. Marinos,Vissel Kobe,1,2,1-2,Regular Season - 26
1166392,J1 League Japon,2024/2025,2024-08-12,Albirex Niigata,Kyoto Sanga,2,0,2-0,Regular Season - 26
1166393,J1 League Japon,2024/2025,2024-08-16,Consadole Sapporo,Sagan Tosu,5,3,5-3,Regular Season - 27
1166394,J1 League Japon,2024/2025,2024-08-17,Kashima,Urawa,0,0,0-0,Regular Season - 27
1166395,J1 League Japon,2024/2025,2024-08-17,Machida Zelvia,Jubilo Iwata,4,0,4-0,Regular Season - 27
1166398,J1 League Japon,2024/2025,2024-08-17,Shonan Bellmare,Kashiwa Reysol,1,2,1-2,Regular Season - 27
1166399,J1 League Japon,2024/2025,2024-08-17,Nagoya Grampus,Sanfrecce Hiroshima,1,2,1-2,Regular Season - 27
1166401,J1 League Japon,2024/2025,2024-08-17,Vissel Kobe,Gamba Osaka,2,2,2-2,Regular Season - 27
1166400,J1 League Japon,2024/2025,2024-08-17,Cerezo Osaka,Kyoto Sanga,3,5,3-5,Regular Season - 27
1166396,J1 League Japon,2024/2025,2024-08-17,FC Tokyo,Tokyo Verdy,0,0,0-0,Regular Season - 27
1166397,J1 League Japon,2024/2025,2024-08-17,Kawasaki Frontale,Yokohama F. Marinos,1,3,1-3,Regular Season - 27
1166402,J1 League Japon,2024/2025,2024-08-17,Avispa Fukuoka,Albirex Niigata,0,1,0-1,Regular Season - 27
1166403,J1 League Japon,2024/2025,2024-08-24,Gamba Osaka,Avispa Fukuoka,2,2,2-2,Regular Season - 28
1166406,J1 League Japon,2024/2025,2024-08-24,Shonan Bellmare,Nagoya Grampus,0,1,0-1,Regular Season - 28
1166405,J1 League Japon,2024/2025,2024-08-24,Yokohama F. Marinos,Cerezo Osaka,4,0,4-0,Regular Season - 28
1166407,J1 League Japon,2024/2025,2024-08-24,Kyoto Sanga,FC Tokyo,3,0,3-0,Regular Season - 28
1166408,J1 League Japon,2024/2025,2024-08-25,Tokyo Verdy,Kashima,2,1,2-1,Regular Season - 28
1166409,J1 League Japon,2024/2025,2024-08-25,Sanfrecce Hiroshima,Kashiwa Reysol,2,0,2-0,Regular Season - 28
1166411,J1 League Japon,2024/2025,2024-08-25,Jubilo Iwata,Consadole Sapporo,0,2,0-2,Regular Season - 28
1166412,J1 League Japon,2024/2025,2024-08-25,Vissel Kobe,Sagan Tosu,2,0,2-0,Regular Season - 28
1166410,J1 League Japon,2024/2025,2024-08-25,Albirex Niigata,Machida Zelvia,0,0,0-0,Regular Season - 28
1166413,J1 League Japon,2024/2025,2024-08-31,Machida Zelvia,Urawa,2,2,2-2,Regular Season - 29
1166414,J1 League Japon,2024/2025,2024-08-31,Sanfrecce Hiroshima,FC Tokyo,3,2,3-2,Regular Season - 29
1166415,J1 League Japon,2024/2025,2024-08-31,Kashiwa Reysol,Tokyo Verdy,2,3,2-3,Regular Season - 29
1166420,J1 League Japon,2024/2025,2024-08-31,Sagan Tosu,Shonan Bellmare,1,2,1-2,Regular Season - 29
1166421,J1 League Japon,2024/2025,2024-09-01,Consadole Sapporo,Kawasaki Frontale,2,0,2-0,Regular Season - 29
1166422,J1 League Japon,2024/2025,2024-09-01,Avispa Fukuoka,Vissel Kobe,0,2,0-2,Regular Season - 29
1166431,J1 League Japon,2024/2025,2024-09-13,Vissel Kobe,Cerezo Osaka,2,1,2-1,Regular Season - 30
1166427,J1 League Japon,2024/2025,2024-09-13,Kawasaki Frontale,Sagan Tosu,3,2,3-2,Regular Season - 30
1166428,J1 League Japon,2024/2025,2024-09-13,Yokohama F. Marinos,Kyoto Sanga,1,2,1-2,Regular Season - 30
1166423,J1 League Japon,2024/2025,2024-09-14,Consadole Sapporo,Tokyo Verdy,0,2,0-2,Regular Season - 30
1166424,J1 League Japon,2024/2025,2024-09-14,Kashima,Sanfrecce Hiroshima,2,2,2-2,Regular Season - 30
1166432,J1 League Japon,2024/2025,2024-09-14,Avispa Fukuoka,Machida Zelvia,0,3,0-3,Regular Season - 30
1166425,J1 League Japon,2024/2025,2024-09-14,Kashiwa Reysol,Jubilo Iwata,0,2,0-2,Regular Season - 30
1166426,J1 League Japon,2024/2025,2024-09-14,FC Tokyo,Nagoya Grampus,4,1,4-1,Regular Season - 30
1166430,J1 League Japon,2024/2025,2024-09-14,Gamba Osaka,Urawa,0,1,0-1,Regular Season - 30
1166429,J1 League Japon,2024/2025,2024-09-14,Albirex Niigata,Shonan Bellmare,3,1,3-1,Regular Season - 30
1166417,J1 League Japon,2024/2025,2024-09-18,Nagoya Grampus,Albirex Niigata,3,0,3-0,Regular Season - 29
1166433,J1 League Japon,2024/2025,2024-09-21,Kashima,Kashiwa Reysol,0,0,0-0,Regular Season - 31
1166439,J1 League Japon,2024/2025,2024-09-21,Jubilo Iwata,Avispa Fukuoka,0,0,0-0,Regular Season - 31
1166434,J1 League Japon,2024/2025,2024-09-21,Urawa,FC Tokyo,0,2,0-2,Regular Season - 31
1166436,J1 League Japon,2024/2025,2024-09-21,Machida Zelvia,Consadole Sapporo,0,0,0-0,Regular Season - 31
1166440,J1 League Japon,2024/2025,2024-09-22,Nagoya Grampus,Kawasaki Frontale,2,0,2-0,Regular Season - 31
1166435,J1 League Japon,2024/2025,2024-09-22,Tokyo Verdy,Sagan Tosu,2,0,2-0,Regular Season - 31
1166438,J1 League Japon,2024/2025,2024-09-22,Albirex Niigata,Vissel Kobe,2,3,2-3,Regular Season - 31
1166442,J1 League Japon,2024/2025,2024-09-22,Sanfrecce Hiroshima,Yokohama F. Marinos,6,2,6-2,Regular Season - 31
1166437,J1 League Japon,2024/2025,2024-09-22,Shonan Bellmare,Cerezo Osaka,1,2,1-2,Regular Season - 31
1166441,J1 League Japon,2024/2025,2024-09-22,Kyoto Sanga,Gamba Osaka,2,2,2-2,Regular Season - 31
1166444,J1 League Japon,2024/2025,2024-09-27,Kawasaki Frontale,Albirex Niigata,5,1,5-1,Regular Season - 32
1166443,J1 League Japon,2024/2025,2024-09-28,Consadole Sapporo,Kyoto Sanga,2,0,2-0,Regular Season - 32
1166447,J1 League Japon,2024/2025,2024-09-28,Nagoya Grampus,Jubilo Iwata,2,0,2-0,Regular Season - 32
1166448,J1 League Japon,2024/2025,2024-09-28,Gamba Osaka,Tokyo Verdy,1,1,1-1,Regular Season - 32
1166445,J1 League Japon,2024/2025,2024-09-28,Yokohama F. Marinos,FC Tokyo,1,3,1-3,Regular Season - 32
1166449,J1 League Japon,2024/2025,2024-09-28,Cerezo Osaka,Kashiwa Reysol,0,0,0-0,Regular Season - 32
1166451,J1 League Japon,2024/2025,2024-09-28,Sanfrecce Hiroshima,Machida Zelvia,2,0,2-0,Regular Season - 32
1166446,J1 League Japon,2024/2025,2024-09-28,Shonan Bellmare,Kashima,3,2,3-2,Regular Season - 32
1166450,J1 League Japon,2024/2025,2024-09-28,Vissel Kobe,Urawa,1,0,1-0,Regular Season - 32
1166452,J1 League Japon,2024/2025,2024-09-28,Sagan Tosu,Avispa Fukuoka,0,0,0-0,Regular Season - 32
1166419,J1 League Japon,2024/2025,2024-10-02,Cerezo Osaka,Gamba Osaka,1,0,1-0,Regular Season - 29
1166453,J1 League Japon,2024/2025,2024-10-04,Avispa Fukuoka,Nagoya Grampus,1,0,1-0,Regular Season - 33
1166459,J1 League Japon,2024/2025,2024-10-05,Albirex Niigata,Kashima,0,4,0-4,Regular Season - 33
1166456,J1 League Japon,2024/2025,2024-10-05,FC Tokyo,Sagan Tosu,1,1,1-1,Regular Season - 33
1166458,J1 League Japon,2024/2025,2024-10-05,Machida Zelvia,Kawasaki Frontale,1,4,1-4,Regular Season - 33
1166455,J1 League Japon,2024/2025,2024-10-05,Kashiwa Reysol,Yokohama F. Marinos,1,0,1-0,Regular Season - 33
1166454,J1 League Japon,2024/2025,2024-10-05,Urawa,Cerezo Osaka,0,1,0-1,Regular Season - 33
1166462,J1 League Japon,2024/2025,2024-10-05,Gamba Osaka,Consadole Sapporo,2,1,2-1,Regular Season - 33
1166461,J1 League Japon,2024/2025,2024-10-06,Kyoto Sanga,Vissel Kobe,2,3,2-3,Regular Season - 33
1166460,J1 League Japon,2024/2025,2024-10-06,Jubilo Iwata,Sanfrecce Hiroshima,1,2,1-2,Regular Season - 33
1166457,J1 League Japon,2024/2025,2024-10-06,Tokyo Verdy,Shonan Bellmare,0,2,0-2,Regular Season - 33
1166472,J1 League Japon,2024/2025,2024-10-18,Vissel Kobe,FC Tokyo,0,2,0-2,Regular Season - 34
1166466,J1 League Japon,2024/2025,2024-10-18,Kawasaki Frontale,Gamba Osaka,1,1,1-1,Regular Season - 34
1166467,J1 League Japon,2024/2025,2024-10-18,Yokohama F. Marinos,Albirex Niigata,0,0,0-0,Regular Season - 34
1166464,J1 League Japon,2024/2025,2024-10-19,Kashiwa Reysol,Machida Zelvia,1,1,1-1,Regular Season - 34
1166469,J1 League Japon,2024/2025,2024-10-19,Nagoya Grampus,Consadole Sapporo,0,2,0-2,Regular Season - 34
1166463,J1 League Japon,2024/2025,2024-10-19,Kashima,Avispa Fukuoka,0,0,0-0,Regular Season - 34
1166470,J1 League Japon,2024/2025,2024-10-19,Kyoto Sanga,Sagan Tosu,2,0,2-0,Regular Season - 34
1166468,J1 League Japon,2024/2025,2024-10-19,Shonan Bellmare,Sanfrecce Hiroshima,2,1,2-1,Regular Season - 34
1166471,J1 League Japon,2024/2025,2024-10-19,Cerezo Osaka,Jubilo Iwata,1,2,1-2,Regular Season - 34
1166465,J1 League Japon,2024/2025,2024-10-19,Tokyo Verdy,Urawa,2,1,2-1,Regular Season - 34
1166478,J1 League Japon,2024/2025,2024-10-23,Gamba Osaka,Nagoya Grampus,3,2,3-2,Regular Season - 35
1166477,J1 League Japon,2024/2025,2024-10-23,Albirex Niigata,Tokyo Verdy,0,2,0-2,Regular Season - 35
1166381,J1 League Japon,2024/2025,2024-10-23,Urawa,Kashiwa Reysol,1,0,1-0,Regular Season - 25
1166476,J1 League Japon,2024/2025,2024-10-30,Yokohama F. Marinos,Urawa,0,0,0-0,Regular Season - 35
1166479,J1 League Japon,2024/2025,2024-11-01,Vissel Kobe,Jubilo Iwata,2,0,2-0,Regular Season - 35
1166475,J1 League Japon,2024/2025,2024-11-01,Kawasaki Frontale,Kashima,1,3,1-3,Regular Season - 35
1166473,J1 League Japon,2024/2025,2024-11-03,Consadole Sapporo,Cerezo Osaka,1,1,1-1,Regular Season - 35
1166480,J1 League Japon,2024/2025,2024-11-03,Sanfrecce Hiroshima,Kyoto Sanga,0,1,0-1,Regular Season - 35
1166474,J1 League Japon,2024/2025,2024-11-03,FC Tokyo,Shonan Bellmare,0,2,0-2,Regular Season - 35
1166482,J1 League Japon,2024/2025,2024-11-03,Sagan Tosu,Machida Zelvia,2,1,2-1,Regular Season - 35
1166481,J1 League Japon,2024/2025,2024-11-03,Avispa Fukuoka,Kashiwa Reysol,2,1,2-1,Regular Season - 35
1166488,J1 League Japon,2024/2025,2024-11-09,Shonan Bellmare,Consadole Sapporo,1,1,1-1,Regular Season - 36
1166483,J1 League Japon,2024/2025,2024-11-09,Kashima,Nagoya Grampus,0,0,0-0,Regular Season - 36
1166492,J1 League Japon,2024/2025,2024-11-09,Sagan Tosu,Yokohama F. Marinos,1,2,1-2,Regular Season - 36
1166490,J1 League Japon,2024/2025,2024-11-09,Kyoto Sanga,Kawasaki Frontale,1,1,1-1,Regular Season - 36
1166487,J1 League Japon,2024/2025,2024-11-09,Machida Zelvia,FC Tokyo,3,0,3-0,Regular Season - 36
1166489,J1 League Japon,2024/2025,2024-11-09,Jubilo Iwata,Gamba Osaka,3,4,3-4,Regular Season - 36
1166485,J1 League Japon,2024/2025,2024-11-09,Kashiwa Reysol,Albirex Niigata,1,1,1-1,Regular Season - 36
1166491,J1 League Japon,2024/2025,2024-11-09,Cerezo Osaka,Avispa Fukuoka,1,0,1-0,Regular Season - 36
1166486,J1 League Japon,2024/2025,2024-11-10,Tokyo Verdy,Vissel Kobe,1,1,1-1,Regular Season - 36
1166484,J1 League Japon,2024/2025,2024-11-10,Urawa,Sanfrecce Hiroshima,3,0,3-0,Regular Season - 36
1166416,J1 League Japon,2024/2025,2024-11-16,Jubilo Iwata,Yokohama F. Marinos,3,4,3-4,Regular Season - 29
1166418,J1 League Japon,2024/2025,2024-11-17,Kyoto Sanga,Kashima,0,0,0-0,Regular Season - 29
1166404,J1 League Japon,2024/2025,2024-11-22,Urawa,Kawasaki Frontale,1,1,1-1,Regular Season - 28
1166498,J1 League Japon,2024/2025,2024-11-30,Jubilo Iwata,FC Tokyo,2,1,2-1,Regular Season - 37
1166493,J1 League Japon,2024/2025,2024-11-30,Kashiwa Reysol,Vissel Kobe,1,1,1-1,Regular Season - 37
1166496,J1 League Japon,2024/2025,2024-11-30,Shonan Bellmare,Yokohama F. Marinos,2,3,2-3,Regular Season - 37
1166499,J1 League Japon,2024/2025,2024-11-30,Nagoya Grampus,Sagan Tosu,0,3,0-3,Regular Season - 37
1166500,J1 League Japon,2024/2025,2024-11-30,Cerezo Osaka,Kashima,0,2,0-2,Regular Season - 37
1166495,J1 League Japon,2024/2025,2024-11-30,Machida Zelvia,Kyoto Sanga,1,0,1-0,Regular Season - 37
1166494,J1 League Japon,2024/2025,2024-11-30,Tokyo Verdy,Kawasaki Frontale,4,5,4-5,Regular Season - 37
1166497,J1 League Japon,2024/2025,2024-11-30,Albirex Niigata,Gamba Osaka,0,1,0-1,Regular Season - 37
1166502,J1 League Japon,2024/2025,2024-11-30,Avispa Fukuoka,Urawa,1,0,1-0,Regular Season - 37
1166501,J1 League Japon,2024/2025,2024-12-01,Sanfrecce Hiroshima,Consadole Sapporo,5,1,5-1,Regular Season - 37
1166503,J1 League Japon,2024/2025,2024-12-08,Consadole Sapporo,Kashiwa Reysol,1,0,1-0,Regular Season - 38
1166505,J1 League Japon,2024/2025,2024-12-08,Urawa,Albirex Niigata,0,0,0-0,Regular Season - 38
1166511,J1 League Japon,2024/2025,2024-12-08,Vissel Kobe,Shonan Bellmare,3,0,3-0,Regular Season - 38
1166504,J1 League Japon,2024/2025,2024-12-08,Kashima,Machida Zelvia,3,1,3-1,Regular Season - 38
1166506,J1 League Japon,2024/2025,2024-12-08,FC Tokyo,Cerezo Osaka,3,0,3-0,Regular Season - 38
1166510,J1 League Japon,2024/2025,2024-12-08,Gamba Osaka,Sanfrecce Hiroshima,3,1,3-1,Regular Season - 38
1166507,J1 League Japon,2024/2025,2024-12-08,Kawasaki Frontale,Avispa Fukuoka,3,1,3-1,Regular Season - 38
1166512,J1 League Japon,2024/2025,2024-12-08,Sagan Tosu,Jubilo Iwata,3,0,3-0,Regular Season - 38
1166508,J1 League Japon,2024/2025,2024-12-08,Yokohama F. Marinos,Nagoya Grampus,0,2,0-2,Regular Season - 38
1166509,J1 League Japon,2024/2025,2024-12-08,Kyoto Sanga,Tokyo Verdy,0,0,0-0,Regular Season - 38
1323952,J1 League Japon,2025/2026,2025-02-14,Gamba Osaka,Cerezo Osaka,2,5,2-5,Regular Season - 1
1323959,J1 League Japon,2025/2026,2025-02-15,Vissel Kobe,Urawa,0,0,0-0,Regular Season - 1
1323956,J1 League Japon,2025/2026,2025-02-15,Yokohama F. Marinos,Albirex Niigata,1,1,1-1,Regular Season - 1
1323957,J1 League Japon,2025/2026,2025-02-15,Yokohama FC,FC Tokyo,0,1,0-1,Regular Season - 1
1323960,J1 League Japon,2025/2026,2025-02-15,Fagiano Okayama,Kyoto Sanga,2,0,2-0,Regular Season - 1
1323961,J1 League Japon,2025/2026,2025-02-15,Avispa Fukuoka,Kashiwa Reysol,0,1,0-1,Regular Season - 1
1323958,J1 League Japon,2025/2026,2025-02-15,Shonan Bellmare,Kashima,1,0,1-0,Regular Season - 1
1323955,J1 League Japon,2025/2026,2025-02-15,Kawasaki Frontale,Nagoya Grampus,4,0,4-0,Regular Season - 1
1323954,J1 League Japon,2025/2026,2025-02-16,Machida Zelvia,Sanfrecce Hiroshima,1,2,1-2,Regular Season - 1
1323953,J1 League Japon,2025/2026,2025-02-16,Tokyo Verdy,Shimizu S-pulse,0,1,0-1,Regular Season - 1
1323963,J1 League Japon,2025/2026,2025-02-22,Kashiwa Reysol,Kawasaki Frontale,1,1,1-1,Regular Season - 2
1323966,J1 League Japon,2025/2026,2025-02-22,Shimizu S-pulse,Albirex Niigata,2,0,2-0,Regular Season - 2
1323967,J1 League Japon,2025/2026,2025-02-22,Nagoya Grampus,Vissel Kobe,2,2,2-2,Regular Season - 2
1323968,J1 League Japon,2025/2026,2025-02-22,Kyoto Sanga,Urawa,1,1,1-1,Regular Season - 2
1323965,J1 League Japon,2025/2026,2025-02-22,Yokohama FC,Fagiano Okayama,1,0,1-0,Regular Season - 2
1323962,J1 League Japon,2025/2026,2025-02-22,Kashima,Tokyo Verdy,4,0,4-0,Regular Season - 2
1323970,J1 League Japon,2025/2026,2025-02-22,Cerezo Osaka,Shonan Bellmare,1,2,1-2,Regular Season - 2
1323964,J1 League Japon,2025/2026,2025-02-22,FC Tokyo,Machida Zelvia,0,1,0-1,Regular Season - 2
1323969,J1 League Japon,2025/2026,2025-02-22,Gamba Osaka,Avispa Fukuoka,2,1,2-1,Regular Season - 2
1323971,J1 League Japon,2025/2026,2025-02-23,Sanfrecce Hiroshima,Yokohama F. Marinos,1,0,1-0,Regular Season - 2
1323973,J1 League Japon,2025/2026,2025-02-26,Kashiwa Reysol,Cerezo Osaka,2,1,2-1,Regular Season - 3
1323978,J1 League Japon,2025/2026,2025-02-26,Shimizu S-pulse,Sanfrecce Hiroshima,1,1,1-1,Regular Season - 3
1323977,J1 League Japon,2025/2026,2025-02-26,Shonan Bellmare,Urawa,2,1,2-1,Regular Season - 3
1323979,J1 League Japon,2025/2026,2025-02-26,Vissel Kobe,Kyoto Sanga,1,1,1-1,Regular Season - 3
1323972,J1 League Japon,2025/2026,2025-02-26,Kashima,Albirex Niigata,2,1,2-1,Regular Season - 3
1323974,J1 League Japon,2025/2026,2025-02-26,FC Tokyo,Nagoya Grampus,3,1,3-1,Regular Season - 3
1323976,J1 League Japon,2025/2026,2025-02-26,Yokohama F. Marinos,Yokohama FC,0,0,0-0,Regular Season - 3
1323975,J1 League Japon,2025/2026,2025-02-26,Machida Zelvia,Tokyo Verdy,0,1,0-1,Regular Season - 3
1323980,J1 League Japon,2025/2026,2025-02-26,Fagiano Okayama,Gamba Osaka,2,0,2-0,Regular Season - 3
1323981,J1 League Japon,2025/2026,2025-02-26,Avispa Fukuoka,Kawasaki Frontale,1,2,1-2,Regular Season - 3
1323986,J1 League Japon,2025/2026,2025-03-01,Yokohama F. Marinos,Shonan Bellmare,1,1,1-1,Regular Season - 4
1323982,J1 League Japon,2025/2026,2025-03-01,Kashima,FC Tokyo,2,0,2-0,Regular Season - 4
1323989,J1 League Japon,2025/2026,2025-03-01,Vissel Kobe,Avispa Fukuoka,0,1,0-1,Regular Season - 4
1323985,J1 League Japon,2025/2026,2025-03-01,Kawasaki Frontale,Kyoto Sanga,0,1,0-1,Regular Season - 4
1323988,J1 League Japon,2025/2026,2025-03-02,Nagoya Grampus,Machida Zelvia,1,2,1-2,Regular Season - 4
1323984,J1 League Japon,2025/2026,2025-03-02,Tokyo Verdy,Gamba Osaka,0,1,0-1,Regular Season - 4
1323990,J1 League Japon,2025/2026,2025-03-02,Fagiano Okayama,Shimizu S-pulse,1,1,1-1,Regular Season - 4
1323987,J1 League Japon,2025/2026,2025-03-02,Albirex Niigata,Cerezo Osaka,2,2,2-2,Regular Season - 4
1323991,J1 League Japon,2025/2026,2025-03-02,Sanfrecce Hiroshima,Yokohama FC,1,0,1-0,Regular Season - 4
1323983,J1 League Japon,2025/2026,2025-03-02,Urawa,Kashiwa Reysol,0,2,0-2,Regular Season - 4
1323992,J1 League Japon,2025/2026,2025-03-08,Urawa,Fagiano Okayama,1,0,1-0,Regular Season - 5
1323996,J1 League Japon,2025/2026,2025-03-08,Albirex Niigata,Tokyo Verdy,2,2,2-2,Regular Season - 5
1323998,J1 League Japon,2025/2026,2025-03-08,Gamba Osaka,Shimizu S-pulse,1,0,1-0,Regular Season - 5
1323993,J1 League Japon,2025/2026,2025-03-08,Kashiwa Reysol,Kashima,1,3,1-3,Regular Season - 5
1323999,J1 League Japon,2025/2026,2025-03-08,Cerezo Osaka,Nagoya Grampus,1,1,1-1,Regular Season - 5
1323994,J1 League Japon,2025/2026,2025-03-08,FC Tokyo,Shonan Bellmare,0,0,0-0,Regular Season - 5
1323995,J1 League Japon,2025/2026,2025-03-08,Yokohama FC,Machida Zelvia,0,2,0-2,Regular Season - 5
1323997,J1 League Japon,2025/2026,2025-03-09,Kyoto Sanga,Avispa Fukuoka,0,1,0-1,Regular Season - 5
1324004,J1 League Japon,2025/2026,2025-03-15,Machida Zelvia,Albirex Niigata,1,0,1-0,Regular Season - 6
1324003,J1 League Japon,2025/2026,2025-03-15,Tokyo Verdy,Nagoya Grampus,2,1,2-1,Regular Season - 6
1324006,J1 League Japon,2025/2026,2025-03-15,Yokohama FC,Cerezo Osaka,2,0,2-0,Regular Season - 6
1324011,J1 League Japon,2025/2026,2025-03-15,Avispa Fukuoka,FC Tokyo,1,0,1-0,Regular Season - 6
1324008,J1 League Japon,2025/2026,2025-03-16,Shimizu S-pulse,Kyoto Sanga,1,2,1-2,Regular Season - 6
1324010,J1 League Japon,2025/2026,2025-03-16,Sanfrecce Hiroshima,Kashiwa Reysol,1,1,1-1,Regular Season - 6
1324002,J1 League Japon,2025/2026,2025-03-16,Kashima,Urawa,1,1,1-1,Regular Season - 6
1324005,J1 League Japon,2025/2026,2025-03-16,Yokohama F. Marinos,Gamba Osaka,2,0,2-0,Regular Season - 6
1324009,J1 League Japon,2025/2026,2025-03-16,Fagiano Okayama,Kawasaki Frontale,0,0,0-0,Regular Season - 6
1324007,J1 League Japon,2025/2026,2025-03-16,Shonan Bellmare,Vissel Kobe,1,2,1-2,Regular Season - 6
1324012,J1 League Japon,2025/2026,2025-03-28,Cerezo Osaka,Urawa,1,1,1-1,Regular Season - 7
1324017,J1 League Japon,2025/2026,2025-03-29,Shimizu S-pulse,Shonan Bellmare,3,0,3-0,Regular Season - 7
1324020,J1 League Japon,2025/2026,2025-03-29,Fagiano Okayama,Yokohama F. Marinos,1,0,1-0,Regular Season - 7
1324014,J1 League Japon,2025/2026,2025-03-29,Kashiwa Reysol,Tokyo Verdy,0,0,0-0,Regular Season - 7
1324018,J1 League Japon,2025/2026,2025-03-29,Nagoya Grampus,Yokohama FC,2,1,2-1,Regular Season - 7
1324019,J1 League Japon,2025/2026,2025-03-29,Kyoto Sanga,Sanfrecce Hiroshima,1,0,1-0,Regular Season - 7
1324016,J1 League Japon,2025/2026,2025-03-29,Albirex Niigata,Gamba Osaka,3,3,3-3,Regular Season - 7
1324013,J1 League Japon,2025/2026,2025-03-29,Kashima,Vissel Kobe,1,0,1-0,Regular Season - 7
1324021,J1 League Japon,2025/2026,2025-03-29,Avispa Fukuoka,Machida Zelvia,2,2,2-2,Regular Season - 7
1324015,J1 League Japon,2025/2026,2025-03-29,FC Tokyo,Kawasaki Frontale,0,3,0-3,Regular Season - 7
1324031,J1 League Japon,2025/2026,2025-04-02,Sanfrecce Hiroshima,Kashima,1,0,1-0,Regular Season - 8
1324027,J1 League Japon,2025/2026,2025-04-02,Nagoya Grampus,Yokohama F. Marinos,2,0,2-0,Regular Season - 8
1324030,J1 League Japon,2025/2026,2025-04-02,Cerezo Osaka,Fagiano Okayama,2,1,2-1,Regular Season - 8
1324029,J1 League Japon,2025/2026,2025-04-02,Gamba Osaka,Machida Zelvia,0,1,0-1,Regular Season - 8
1324024,J1 League Japon,2025/2026,2025-04-02,Kawasaki Frontale,Shonan Bellmare,2,0,2-0,Regular Season - 8
1324028,J1 League Japon,2025/2026,2025-04-02,Kyoto Sanga,Kashiwa Reysol,1,1,1-1,Regular Season - 8
1324023,J1 League Japon,2025/2026,2025-04-02,Tokyo Verdy,FC Tokyo,2,2,2-2,Regular Season - 8
1324025,J1 League Japon,2025/2026,2025-04-02,Yokohama FC,Vissel Kobe,0,1,0-1,Regular Season - 8
1324026,J1 League Japon,2025/2026,2025-04-02,Albirex Niigata,Avispa Fukuoka,0,1,0-1,Regular Season - 8
1324022,J1 League Japon,2025/2026,2025-04-02,Urawa,Shimizu S-pulse,2,1,2-1,Regular Season - 8
1324035,J1 League Japon,2025/2026,2025-04-05,Yokohama F. Marinos,Tokyo Verdy,0,0,0-0,Regular Season - 9
1324039,J1 League Japon,2025/2026,2025-04-06,Fagiano Okayama,FC Tokyo,1,0,1-0,Regular Season - 9
1324038,J1 League Japon,2025/2026,2025-04-06,Vissel Kobe,Albirex Niigata,0,1,0-1,Regular Season - 9
1324034,J1 League Japon,2025/2026,2025-04-06,Machida Zelvia,Kawasaki Frontale,2,2,2-2,Regular Season - 9
1324036,J1 League Japon,2025/2026,2025-04-06,Yokohama FC,Shimizu S-pulse,2,0,2-0,Regular Season - 9
1324041,J1 League Japon,2025/2026,2025-04-06,Avispa Fukuoka,Urawa,1,0,1-0,Regular Season - 9
1324033,J1 League Japon,2025/2026,2025-04-06,Kashiwa Reysol,Gamba Osaka,1,0,1-0,Regular Season - 9
1324040,J1 League Japon,2025/2026,2025-04-06,Sanfrecce Hiroshima,Cerezo Osaka,2,1,2-1,Regular Season - 9
1324037,J1 League Japon,2025/2026,2025-04-06,Shonan Bellmare,Nagoya Grampus,2,1,2-1,Regular Season - 9
1324032,J1 League Japon,2025/2026,2025-04-06,Kashima,Kyoto Sanga,3,4,3-4,Regular Season - 9
1324000,J1 League Japon,2025/2026,2025-04-09,Kawasaki Frontale,Yokohama F. Marinos,3,3,3-3,Regular Season - 5
1324042,J1 League Japon,2025/2026,2025-04-11,FC Tokyo,Kashiwa Reysol,1,1,1-1,Regular Season - 10
1324050,J1 League Japon,2025/2026,2025-04-12,Sanfrecce Hiroshima,Fagiano Okayama,0,1,0-1,Regular Season - 10
1324046,J1 League Japon,2025/2026,2025-04-12,Shimizu S-pulse,Kawasaki Frontale,1,1,1-1,Regular Season - 10
1324048,J1 League Japon,2025/2026,2025-04-12,Gamba Osaka,Nagoya Grampus,2,0,2-0,Regular Season - 10
1324051,J1 League Japon,2025/2026,2025-04-12,Avispa Fukuoka,Yokohama F. Marinos,2,1,2-1,Regular Season - 10
1324049,J1 League Japon,2025/2026,2025-04-12,Cerezo Osaka,Kashima,1,0,1-0,Regular Season - 10
1324043,J1 League Japon,2025/2026,2025-04-12,Tokyo Verdy,Vissel Kobe,0,1,0-1,Regular Season - 10
1324047,J1 League Japon,2025/2026,2025-04-12,Kyoto Sanga,Shonan Bellmare,2,0,2-0,Regular Season - 10
1324044,J1 League Japon,2025/2026,2025-04-13,Machida Zelvia,Urawa,0,2,0-2,Regular Season - 10
1324045,J1 League Japon,2025/2026,2025-04-13,Albirex Niigata,Yokohama FC,0,0,0-0,Regular Season - 10
1324071,J1 League Japon,2025/2026,2025-04-16,Vissel Kobe,Kawasaki Frontale,2,1,2-1,Regular Season - 12
1324070,J1 League Japon,2025/2026,2025-04-16,Yokohama F. Marinos,Shimizu S-pulse,2,3,2-3,Regular Season - 12
1324151,J1 League Japon,2025/2026,2025-04-16,Urawa,Kyoto Sanga,2,1,2-1,Regular Season - 20
1324056,J1 League Japon,2025/2026,2025-04-19,Albirex Niigata,Kyoto Sanga,1,2,1-2,Regular Season - 11
1324057,J1 League Japon,2025/2026,2025-04-20,Shimizu S-pulse,Avispa Fukuoka,3,1,3-1,Regular Season - 11
1324058,J1 League Japon,2025/2026,2025-04-20,Nagoya Grampus,Sanfrecce Hiroshima,2,1,2-1,Regular Season - 11
1324060,J1 League Japon,2025/2026,2025-04-20,Vissel Kobe,Machida Zelvia,1,0,1-0,Regular Season - 11
1324054,J1 League Japon,2025/2026,2025-04-20,Yokohama FC,Gamba Osaka,1,1,1-1,Regular Season - 11
1324061,J1 League Japon,2025/2026,2025-04-20,Fagiano Okayama,Kashima,1,2,1-2,Regular Season - 11
1324055,J1 League Japon,2025/2026,2025-04-20,Shonan Bellmare,Kashiwa Reysol,0,1,0-1,Regular Season - 11
1324059,J1 League Japon,2025/2026,2025-04-20,Cerezo Osaka,FC Tokyo,1,1,1-1,Regular Season - 11
1324053,J1 League Japon,2025/2026,2025-04-20,Kawasaki Frontale,Tokyo Verdy,0,0,0-0,Regular Season - 11
1324052,J1 League Japon,2025/2026,2025-04-20,Urawa,Yokohama F. Marinos,3,1,3-1,Regular Season - 11
1324062,J1 League Japon,2025/2026,2025-04-25,Kashima,Nagoya Grampus,1,0,1-0,Regular Season - 12
1324068,J1 League Japon,2025/2026,2025-04-25,Kyoto Sanga,Yokohama FC,2,1,2-1,Regular Season - 12
1324067,J1 League Japon,2025/2026,2025-04-25,Machida Zelvia,Shonan Bellmare,0,1,0-1,Regular Season - 12
1324066,J1 League Japon,2025/2026,2025-04-25,Tokyo Verdy,Cerezo Osaka,1,0,1-0,Regular Season - 12
1324069,J1 League Japon,2025/2026,2025-04-25,Avispa Fukuoka,Fagiano Okayama,1,1,1-1,Regular Season - 12
1324063,J1 League Japon,2025/2026,2025-04-25,Urawa,Sanfrecce Hiroshima,1,0,1-0,Regular Season - 12
1324065,J1 League Japon,2025/2026,2025-04-25,FC Tokyo,Gamba Osaka,3,0,3-0,Regular Season - 12
1324064,J1 League Japon,2025/2026,2025-04-26,Kashiwa Reysol,Albirex Niigata,1,1,1-1,Regular Season - 12
1324072,J1 League Japon,2025/2026,2025-04-29,FC Tokyo,Shimizu S-pulse,0,2,0-2,Regular Season - 13
1324079,J1 League Japon,2025/2026,2025-04-29,Sanfrecce Hiroshima,Albirex Niigata,0,1,0-1,Regular Season - 13
1324075,J1 League Japon,2025/2026,2025-04-29,Nagoya Grampus,Kashiwa Reysol,1,2,1-2,Regular Season - 13
1324073,J1 League Japon,2025/2026,2025-04-29,Yokohama FC,Kashima,0,3,0-3,Regular Season - 13
1324078,J1 League Japon,2025/2026,2025-04-29,Fagiano Okayama,Tokyo Verdy,0,1,0-1,Regular Season - 13
1324074,J1 League Japon,2025/2026,2025-04-29,Shonan Bellmare,Avispa Fukuoka,0,0,0-0,Regular Season - 13
1324077,J1 League Japon,2025/2026,2025-04-29,Cerezo Osaka,Machida Zelvia,1,2,1-2,Regular Season - 13
1324076,J1 League Japon,2025/2026,2025-04-29,Gamba Osaka,Kyoto Sanga,2,1,2-1,Regular Season - 13
1324088,J1 League Japon,2025/2026,2025-05-03,Sanfrecce Hiroshima,Avispa Fukuoka,2,1,2-1,Regular Season - 14
1324085,J1 League Japon,2025/2026,2025-05-03,Shimizu S-pulse,Nagoya Grampus,0,3,0-3,Regular Season - 14
1324084,J1 League Japon,2025/2026,2025-05-03,Albirex Niigata,FC Tokyo,2,3,2-3,Regular Season - 14
1324083,J1 League Japon,2025/2026,2025-05-03,Urawa,Tokyo Verdy,2,0,2-0,Regular Season - 14
1324091,J1 League Japon,2025/2026,2025-05-03,Vissel Kobe,Fagiano Okayama,2,0,2-0,Regular Season - 14
1324082,J1 League Japon,2025/2026,2025-05-03,Kashima,Machida Zelvia,1,0,1-0,Regular Season - 14
1324087,J1 League Japon,2025/2026,2025-05-03,Gamba Osaka,Shonan Bellmare,4,0,4-0,Regular Season - 14
1324086,J1 League Japon,2025/2026,2025-05-03,Kyoto Sanga,Cerezo Osaka,2,3,2-3,Regular Season - 14
1324092,J1 League Japon,2025/2026,2025-05-06,Urawa,Gamba Osaka,0,1,0-1,Regular Season - 15
1324101,J1 League Japon,2025/2026,2025-05-06,Vissel Kobe,Cerezo Osaka,1,3,1-3,Regular Season - 15
1324098,J1 League Japon,2025/2026,2025-05-06,Avispa Fukuoka,Kashima,0,1,0-1,Regular Season - 15
1324097,J1 League Japon,2025/2026,2025-05-06,Nagoya Grampus,Fagiano Okayama,0,0,0-0,Regular Season - 15
1324093,J1 League Japon,2025/2026,2025-05-06,Kashiwa Reysol,Shimizu S-pulse,1,0,1-0,Regular Season - 15
1324094,J1 League Japon,2025/2026,2025-05-06,Tokyo Verdy,Yokohama FC,2,0,2-0,Regular Season - 15
1324096,J1 League Japon,2025/2026,2025-05-07,Shonan Bellmare,Sanfrecce Hiroshima,0,1,0-1,Regular Season - 15
1324095,J1 League Japon,2025/2026,2025-05-07,Machida Zelvia,Kyoto Sanga,1,2,1-2,Regular Season - 15
1324106,J1 League Japon,2025/2026,2025-05-10,Yokohama FC,Avispa Fukuoka,1,0,1-0,Regular Season - 16
1324104,J1 League Japon,2025/2026,2025-05-10,FC Tokyo,Vissel Kobe,1,0,1-0,Regular Season - 16
1324103,J1 League Japon,2025/2026,2025-05-10,Kashiwa Reysol,Fagiano Okayama,2,0,2-0,Regular Season - 16
1324108,J1 League Japon,2025/2026,2025-05-11,Shimizu S-pulse,Machida Zelvia,2,2,2-2,Regular Season - 16
1324102,J1 League Japon,2025/2026,2025-05-11,Kashima,Kawasaki Frontale,2,1,2-1,Regular Season - 16
1324109,J1 League Japon,2025/2026,2025-05-11,Kyoto Sanga,Nagoya Grampus,1,1,1-1,Regular Season - 16
1324107,J1 League Japon,2025/2026,2025-05-11,Albirex Niigata,Urawa,1,1,1-1,Regular Season - 16
1324111,J1 League Japon,2025/2026,2025-05-11,Cerezo Osaka,Yokohama F. Marinos,1,0,1-0,Regular Season - 16
1324110,J1 League Japon,2025/2026,2025-05-11,Gamba Osaka,Sanfrecce Hiroshima,0,1,0-1,Regular Season - 16
1324105,J1 League Japon,2025/2026,2025-05-11,Tokyo Verdy,Shonan Bellmare,0,2,0-2,Regular Season - 16
1324089,J1 League Japon,2025/2026,2025-05-14,Kawasaki Frontale,Yokohama FC,2,1,2-1,Regular Season - 14
1324090,J1 League Japon,2025/2026,2025-05-14,Yokohama F. Marinos,Kashiwa Reysol,0,2,0-2,Regular Season - 14
1324121,J1 League Japon,2025/2026,2025-05-17,Sanfrecce Hiroshima,Tokyo Verdy,2,1,2-1,Regular Season - 17
1324118,J1 League Japon,2025/2026,2025-05-17,Vissel Kobe,Gamba Osaka,3,2,3-2,Regular Season - 17
1324116,J1 League Japon,2025/2026,2025-05-17,Yokohama F. Marinos,Kyoto Sanga,0,3,0-3,Regular Season - 17
1324114,J1 League Japon,2025/2026,2025-05-17,Machida Zelvia,Kashiwa Reysol,3,0,3-0,Regular Season - 17
1324120,J1 League Japon,2025/2026,2025-05-17,Avispa Fukuoka,Nagoya Grampus,1,1,1-1,Regular Season - 17
1324117,J1 League Japon,2025/2026,2025-05-17,Shonan Bellmare,Yokohama FC,0,1,0-1,Regular Season - 17
1324112,J1 League Japon,2025/2026,2025-05-17,Kashima,Shimizu S-pulse,1,0,1-0,Regular Season - 17
1324113,J1 League Japon,2025/2026,2025-05-17,Urawa,FC Tokyo,3,2,3-2,Regular Season - 17
1324115,J1 League Japon,2025/2026,2025-05-18,Kawasaki Frontale,Cerezo Osaka,2,0,2-0,Regular Season - 17
1324119,J1 League Japon,2025/2026,2025-05-18,Fagiano Okayama,Albirex Niigata,2,1,2-1,Regular Season - 17
1324080,J1 League Japon,2025/2026,2025-05-21,Kawasaki Frontale,Urawa,2,2,2-2,Regular Season - 13
1324081,J1 League Japon,2025/2026,2025-05-21,Yokohama F. Marinos,Vissel Kobe,1,2,1-2,Regular Season - 13
1324130,J1 League Japon,2025/2026,2025-05-24,Cerezo Osaka,Avispa Fukuoka,2,0,2-0,Regular Season - 18
1324129,J1 League Japon,2025/2026,2025-05-24,Nagoya Grampus,Urawa,2,1,2-1,Regular Season - 18
1324131,J1 League Japon,2025/2026,2025-05-25,Fagiano Okayama,Machida Zelvia,2,2,2-2,Regular Season - 18
1324128,J1 League Japon,2025/2026,2025-05-25,Shimizu S-pulse,Vissel Kobe,3,2,3-2,Regular Season - 18
1324125,J1 League Japon,2025/2026,2025-05-25,Yokohama F. Marinos,Kashima,3,1,3-1,Regular Season - 18
1324126,J1 League Japon,2025/2026,2025-05-25,Yokohama FC,Kashiwa Reysol,1,1,1-1,Regular Season - 18
1324127,J1 League Japon,2025/2026,2025-05-25,Albirex Niigata,Shonan Bellmare,2,1,2-1,Regular Season - 18
1324122,J1 League Japon,2025/2026,2025-05-25,FC Tokyo,Sanfrecce Hiroshima,0,3,0-3,Regular Season - 18
1324123,J1 League Japon,2025/2026,2025-05-25,Tokyo Verdy,Kyoto Sanga,1,0,1-0,Regular Season - 18
1324124,J1 League Japon,2025/2026,2025-05-25,Kawasaki Frontale,Gamba Osaka,2,2,2-2,Regular Season - 18
1324171,J1 League Japon,2025/2026,2025-05-28,Urawa,Cerezo Osaka,0,0,0-0,Regular Season - 22
1324136,J1 League Japon,2025/2026,2025-05-31,Nagoya Grampus,Albirex Niigata,3,0,3-0,Regular Season - 19
1324134,J1 League Japon,2025/2026,2025-05-31,Machida Zelvia,Yokohama F. Marinos,0,3,0-3,Regular Season - 19
1324141,J1 League Japon,2025/2026,2025-05-31,Avispa Fukuoka,Tokyo Verdy,0,0,0-0,Regular Season - 19
1324133,J1 League Japon,2025/2026,2025-05-31,Kashiwa Reysol,Vissel Kobe,1,3,1-3,Regular Season - 19
1324140,J1 League Japon,2025/2026,2025-05-31,Sanfrecce Hiroshima,Kawasaki Frontale,1,2,1-2,Regular Season - 19
1324138,J1 League Japon,2025/2026,2025-05-31,Gamba Osaka,Kashima,0,1,0-1,Regular Season - 19
1324137,J1 League Japon,2025/2026,2025-05-31,Kyoto Sanga,FC Tokyo,3,0,3-0,Regular Season - 19
1324135,J1 League Japon,2025/2026,2025-06-01,Shonan Bellmare,Fagiano Okayama,1,1,1-1,Regular Season - 19
1324139,J1 League Japon,2025/2026,2025-06-01,Cerezo Osaka,Shimizu S-pulse,4,2,4-2,Regular Season - 19
1324132,J1 League Japon,2025/2026,2025-06-01,Urawa,Yokohama FC,2,1,2-1,Regular Season - 19
1324146,J1 League Japon,2025/2026,2025-06-14,Shonan Bellmare,Machida Zelvia,1,2,1-2,Regular Season - 20
1324142,J1 League Japon,2025/2026,2025-06-14,Kashima,Sanfrecce Hiroshima,1,1,1-1,Regular Season - 20
1324145,J1 League Japon,2025/2026,2025-06-14,Yokohama FC,Kawasaki Frontale,0,1,0-1,Regular Season - 20
1324143,J1 League Japon,2025/2026,2025-06-14,FC Tokyo,Cerezo Osaka,2,2,2-2,Regular Season - 20
1324147,J1 League Japon,2025/2026,2025-06-15,Albirex Niigata,Yokohama F. Marinos,1,0,1-0,Regular Season - 20
1324149,J1 League Japon,2025/2026,2025-06-15,Vissel Kobe,Nagoya Grampus,2,1,2-1,Regular Season - 20
1324144,J1 League Japon,2025/2026,2025-06-15,Tokyo Verdy,Kashiwa Reysol,0,3,0-3,Regular Season - 20
1324150,J1 League Japon,2025/2026,2025-06-15,Fagiano Okayama,Avispa Fukuoka,0,1,0-1,Regular Season - 20
1324148,J1 League Japon,2025/2026,2025-06-15,Shimizu S-pulse,Gamba Osaka,0,0,0-0,Regular Season - 20
1324153,J1 League Japon,2025/2026,2025-06-21,Machida Zelvia,Kashima,2,1,2-1,Regular Season - 21
1324160,J1 League Japon,2025/2026,2025-06-21,Avispa Fukuoka,Albirex Niigata,3,2,3-2,Regular Season - 21
1324159,J1 League Japon,2025/2026,2025-06-21,Cerezo Osaka,Tokyo Verdy,2,1,2-1,Regular Season - 21
1324152,J1 League Japon,2025/2026,2025-06-21,Kashiwa Reysol,Kyoto Sanga,3,3,3-3,Regular Season - 21
1324157,J1 League Japon,2025/2026,2025-06-21,Nagoya Grampus,Shimizu S-pulse,1,1,1-1,Regular Season - 21
1324154,J1 League Japon,2025/2026,2025-06-21,Kawasaki Frontale,Vissel Kobe,1,2,1-2,Regular Season - 21
1324155,J1 League Japon,2025/2026,2025-06-21,Yokohama F. Marinos,Fagiano Okayama,0,1,0-1,Regular Season - 21
1324156,J1 League Japon,2025/2026,2025-06-22,Yokohama FC,Sanfrecce Hiroshima,0,4,0-4,Regular Season - 21
1324158,J1 League Japon,2025/2026,2025-06-22,Gamba Osaka,FC Tokyo,2,0,2-0,Regular Season - 21
1324099,J1 League Japon,2025/2026,2025-06-25,Kawasaki Frontale,Albirex Niigata,3,1,3-1,Regular Season - 15
1324100,J1 League Japon,2025/2026,2025-06-25,Yokohama F. Marinos,FC Tokyo,0,3,0-3,Regular Season - 15
1324162,J1 League Japon,2025/2026,2025-06-28,Kashima,Fagiano Okayama,1,2,1-2,Regular Season - 22
1324167,J1 League Japon,2025/2026,2025-06-28,Shimizu S-pulse,Kashiwa Reysol,0,2,0-2,Regular Season - 22
1324169,J1 League Japon,2025/2026,2025-06-28,Sanfrecce Hiroshima,Nagoya Grampus,1,2,1-2,Regular Season - 22
1324165,J1 League Japon,2025/2026,2025-06-28,Shonan Bellmare,Yokohama F. Marinos,1,1,1-1,Regular Season - 22
1324163,J1 League Japon,2025/2026,2025-06-28,FC Tokyo,Yokohama FC,2,1,2-1,Regular Season - 22
1324168,J1 League Japon,2025/2026,2025-06-28,Kyoto Sanga,Gamba Osaka,3,1,3-1,Regular Season - 22
1324170,J1 League Japon,2025/2026,2025-06-28,Avispa Fukuoka,Vissel Kobe,0,0,0-0,Regular Season - 22
1324164,J1 League Japon,2025/2026,2025-06-29,Tokyo Verdy,Kawasaki Frontale,1,0,1-0,Regular Season - 22
1324166,J1 League Japon,2025/2026,2025-06-29,Albirex Niigata,Machida Zelvia,0,4,0-4,Regular Season - 22
1324001,J1 League Japon,2025/2026,2025-07-02,Vissel Kobe,Sanfrecce Hiroshima,1,0,1-0,Regular Season - 5
1324173,J1 League Japon,2025/2026,2025-07-05,Machida Zelvia,Shimizu S-pulse,3,0,3-0,Regular Season - 23
1324180,J1 League Japon,2025/2026,2025-07-05,Fagiano Okayama,Sanfrecce Hiroshima,0,1,0-1,Regular Season - 23
1324172,J1 League Japon,2025/2026,2025-07-05,Kashiwa Reysol,FC Tokyo,1,0,1-0,Regular Season - 23
1324176,J1 League Japon,2025/2026,2025-07-05,Nagoya Grampus,Tokyo Verdy,0,0,0-0,Regular Season - 23
1324179,J1 League Japon,2025/2026,2025-07-05,Vissel Kobe,Shonan Bellmare,4,0,4-0,Regular Season - 23
1324178,J1 League Japon,2025/2026,2025-07-05,Cerezo Osaka,Gamba Osaka,0,1,0-1,Regular Season - 23
1324174,J1 League Japon,2025/2026,2025-07-05,Kawasaki Frontale,Kashima,2,1,2-1,Regular Season - 23
1324177,J1 League Japon,2025/2026,2025-07-05,Kyoto Sanga,Albirex Niigata,2,1,2-1,Regular Season - 23
1324175,J1 League Japon,2025/2026,2025-07-05,Yokohama FC,Yokohama F. Marinos,0,1,0-1,Regular Season - 23
1324186,J1 League Japon,2025/2026,2025-07-19,Shonan Bellmare,Cerezo Osaka,3,3,3-3,Regular Season - 24
1324183,J1 League Japon,2025/2026,2025-07-19,FC Tokyo,Urawa,3,2,3-2,Regular Season - 24
1324182,J1 League Japon,2025/2026,2025-07-20,Kashima,Kashiwa Reysol,3,2,3-2,Regular Season - 24
1324184,J1 League Japon,2025/2026,2025-07-20,Tokyo Verdy,Machida Zelvia,0,1,0-1,Regular Season - 24
1324188,J1 League Japon,2025/2026,2025-07-20,Shimizu S-pulse,Yokohama FC,2,0,2-0,Regular Season - 24
1324189,J1 League Japon,2025/2026,2025-07-20,Gamba Osaka,Kawasaki Frontale,2,1,2-1,Regular Season - 24
1324185,J1 League Japon,2025/2026,2025-07-20,Yokohama F. Marinos,Nagoya Grampus,3,0,3-0,Regular Season - 24
1324190,J1 League Japon,2025/2026,2025-07-20,Fagiano Okayama,Vissel Kobe,1,2,1-2,Regular Season - 24
1324187,J1 League Japon,2025/2026,2025-07-20,Albirex Niigata,Sanfrecce Hiroshima,0,2,0-2,Regular Season - 24
1324191,J1 League Japon,2025/2026,2025-07-21,Avispa Fukuoka,Kyoto Sanga,2,2,2-2,Regular Season - 24
1324161,J1 League Japon,2025/2026,2025-07-23,Urawa,Shonan Bellmare,4,1,4-1,Regular Season - 21
1324181,J1 League Japon,2025/2026,2025-07-27,Urawa,Avispa Fukuoka,0,0,0-0,Regular Season - 23
1324194,J1 League Japon,2025/2026,2025-08-09,Tokyo Verdy,Yokohama F. Marinos,1,0,1-0,Regular Season - 25
1324197,J1 League Japon,2025/2026,2025-08-09,Yokohama FC,Urawa,1,2,1-2,Regular Season - 25
1324196,J1 League Japon,2025/2026,2025-08-09,Kawasaki Frontale,Avispa Fukuoka,2,5,2-5,Regular Season - 25
1324201,J1 League Japon,2025/2026,2025-08-10,Sanfrecce Hiroshima,Shimizu S-pulse,0,0,0-0,Regular Season - 25
1324192,J1 League Japon,2025/2026,2025-08-10,Kashiwa Reysol,Shonan Bellmare,2,0,2-0,Regular Season - 25
1324198,J1 League Japon,2025/2026,2025-08-10,Nagoya Grampus,Kyoto Sanga,1,2,1-2,Regular Season - 25
1324193,J1 League Japon,2025/2026,2025-08-10,FC Tokyo,Kashima,0,1,0-1,Regular Season - 25
1324199,J1 League Japon,2025/2026,2025-08-10,Gamba Osaka,Fagiano Okayama,0,3,0-3,Regular Season - 25
1324195,J1 League Japon,2025/2026,2025-08-10,Machida Zelvia,Vissel Kobe,2,0,2-0,Regular Season - 25
1324200,J1 League Japon,2025/2026,2025-08-11,Cerezo Osaka,Albirex Niigata,3,1,3-1,Regular Season - 25
1324202,J1 League Japon,2025/2026,2025-08-16,Kashima,Avispa Fukuoka,1,1,1-1,Regular Season - 26
1324207,J1 League Japon,2025/2026,2025-08-16,Shimizu S-pulse,Yokohama F. Marinos,1,3,1-3,Regular Season - 26
1324211,J1 League Japon,2025/2026,2025-08-16,Sanfrecce Hiroshima,Gamba Osaka,1,0,1-0,Regular Season - 26
1324205,J1 League Japon,2025/2026,2025-08-16,Shonan Bellmare,FC Tokyo,2,2,2-2,Regular Season - 26
1324203,J1 League Japon,2025/2026,2025-08-16,Urawa,Nagoya Grampus,2,1,2-1,Regular Season - 26
1324209,J1 League Japon,2025/2026,2025-08-16,Vissel Kobe,Yokohama FC,0,1,0-1,Regular Season - 26
1324208,J1 League Japon,2025/2026,2025-08-16,Kyoto Sanga,Tokyo Verdy,1,0,1-0,Regular Season - 26
1324204,J1 League Japon,2025/2026,2025-08-16,Machida Zelvia,Cerezo Osaka,3,0,3-0,Regular Season - 26
1324206,J1 League Japon,2025/2026,2025-08-16,Albirex Niigata,Kawasaki Frontale,1,1,1-1,Regular Season - 26
1324210,J1 League Japon,2025/2026,2025-08-17,Fagiano Okayama,Kashiwa Reysol,2,1,2-1,Regular Season - 26
1324250,J1 League Japon,2025/2026,2025-08-20,Sanfrecce Hiroshima,Vissel Kobe,0,1,0-1,Regular Season - 30
1324251,J1 League Japon,2025/2026,2025-08-20,Machida Zelvia,Gamba Osaka,3,1,3-1,Regular Season - 30
1324212,J1 League Japon,2025/2026,2025-08-22,Kashiwa Reysol,Urawa,4,2,4-2,Regular Season - 27
1324221,J1 League Japon,2025/2026,2025-08-23,Avispa Fukuoka,Shimizu S-pulse,0,0,0-0,Regular Season - 27
1324217,J1 League Japon,2025/2026,2025-08-23,Nagoya Grampus,Kawasaki Frontale,3,4,3-4,Regular Season - 27
1324219,J1 League Japon,2025/2026,2025-08-23,Cerezo Osaka,Vissel Kobe,1,1,1-1,Regular Season - 27
1324218,J1 League Japon,2025/2026,2025-08-23,Gamba Osaka,Yokohama FC,3,2,3-2,Regular Season - 27
1324214,J1 League Japon,2025/2026,2025-08-23,Tokyo Verdy,Sanfrecce Hiroshima,0,3,0-3,Regular Season - 27
1324220,J1 League Japon,2025/2026,2025-08-23,Fagiano Okayama,Shonan Bellmare,1,0,1-0,Regular Season - 27
1324216,J1 League Japon,2025/2026,2025-08-23,Albirex Niigata,Kashima,1,2,1-2,Regular Season - 27
1324215,J1 League Japon,2025/2026,2025-08-23,Yokohama F. Marinos,Machida Zelvia,0,0,0-0,Regular Season - 27
1324213,J1 League Japon,2025/2026,2025-08-24,FC Tokyo,Kyoto Sanga,0,4,0-4,Regular Season - 27
1324225,J1 League Japon,2025/2026,2025-08-30,Yokohama FC,Tokyo Verdy,0,0,0-0,Regular Season - 28
1324231,J1 League Japon,2025/2026,2025-08-30,Vissel Kobe,Yokohama F. Marinos,1,0,1-0,Regular Season - 28
1324229,J1 League Japon,2025/2026,2025-08-30,Kyoto Sanga,Fagiano Okayama,5,0,5-0,Regular Season - 28
1324227,J1 League Japon,2025/2026,2025-08-31,Shimizu S-pulse,Kashima,1,1,1-1,Regular Season - 28
1324223,J1 League Japon,2025/2026,2025-08-31,Kashiwa Reysol,Avispa Fukuoka,2,1,2-1,Regular Season - 28
1324226,J1 League Japon,2025/2026,2025-08-31,Shonan Bellmare,Gamba Osaka,4,5,4-5,Regular Season - 28
1324222,J1 League Japon,2025/2026,2025-08-31,Urawa,Albirex Niigata,1,0,1-0,Regular Season - 28
1324228,J1 League Japon,2025/2026,2025-08-31,Nagoya Grampus,FC Tokyo,1,1,1-1,Regular Season - 28
1324230,J1 League Japon,2025/2026,2025-08-31,Cerezo Osaka,Sanfrecce Hiroshima,1,1,1-1,Regular Season - 28
1324224,J1 League Japon,2025/2026,2025-08-31,Kawasaki Frontale,Machida Zelvia,5,3,5-3,Regular Season - 28
1324240,J1 League Japon,2025/2026,2025-09-12,Sanfrecce Hiroshima,Kyoto Sanga,1,1,1-1,Regular Season - 29
1324238,J1 League Japon,2025/2026,2025-09-12,Vissel Kobe,Kashiwa Reysol,0,0,0-0,Regular Season - 29
1324234,J1 League Japon,2025/2026,2025-09-12,Machida Zelvia,Yokohama FC,1,1,1-1,Regular Season - 29
1324241,J1 League Japon,2025/2026,2025-09-13,Avispa Fukuoka,Cerezo Osaka,2,4,2-4,Regular Season - 29
1324239,J1 League Japon,2025/2026,2025-09-13,Fagiano Okayama,Nagoya Grampus,0,1,0-1,Regular Season - 29
1324232,J1 League Japon,2025/2026,2025-09-13,Kashima,Shonan Bellmare,3,0,3-0,Regular Season - 29
1324237,J1 League Japon,2025/2026,2025-09-13,Gamba Osaka,Urawa,1,0,1-0,Regular Season - 29
1324235,J1 League Japon,2025/2026,2025-09-13,Yokohama F. Marinos,Kawasaki Frontale,0,3,0-3,Regular Season - 29
1324236,J1 League Japon,2025/2026,2025-09-13,Albirex Niigata,Shimizu S-pulse,0,1,0-1,Regular Season - 29
1324233,J1 League Japon,2025/2026,2025-09-15,FC Tokyo,Tokyo Verdy,1,0,1-0,Regular Season - 29
1324247,J1 League Japon,2025/2026,2025-09-20,Nagoya Grampus,Shonan Bellmare,3,1,3-1,Regular Season - 30
1324243,J1 League Japon,2025/2026,2025-09-20,Tokyo Verdy,Fagiano Okayama,4,2,4-2,Regular Season - 30
1324246,J1 League Japon,2025/2026,2025-09-20,Yokohama FC,Albirex Niigata,1,0,1-0,Regular Season - 30
1324249,J1 League Japon,2025/2026,2025-09-20,Cerezo Osaka,Kashiwa Reysol,1,1,1-1,Regular Season - 30
1324242,J1 League Japon,2025/2026,2025-09-20,Urawa,Kashima,0,1,0-1,Regular Season - 30
1324244,J1 League Japon,2025/2026,2025-09-20,Kawasaki Frontale,FC Tokyo,0,1,0-1,Regular Season - 30
1324245,J1 League Japon,2025/2026,2025-09-20,Yokohama F. Marinos,Avispa Fukuoka,2,0,2-0,Regular Season - 30
1324248,J1 League Japon,2025/2026,2025-09-20,Kyoto Sanga,Shimizu S-pulse,0,1,0-1,Regular Season - 30
1324256,J1 League Japon,2025/2026,2025-09-23,Albirex Niigata,Nagoya Grampus,0,0,0-0,Regular Season - 31
1324257,J1 League Japon,2025/2026,2025-09-23,Shimizu S-pulse,Urawa,0,0,0-0,Regular Season - 31
1324252,J1 League Japon,2025/2026,2025-09-23,Kashima,Cerezo Osaka,3,1,3-1,Regular Season - 31
1324254,J1 League Japon,2025/2026,2025-09-23,FC Tokyo,Avispa Fukuoka,1,0,1-0,Regular Season - 31
1324261,J1 League Japon,2025/2026,2025-09-23,Fagiano Okayama,Yokohama FC,0,0,0-0,Regular Season - 31
1324253,J1 League Japon,2025/2026,2025-09-23,Kashiwa Reysol,Sanfrecce Hiroshima,0,0,0-0,Regular Season - 31
1324255,J1 League Japon,2025/2026,2025-09-23,Shonan Bellmare,Kawasaki Frontale,1,2,1-2,Regular Season - 31
1324260,J1 League Japon,2025/2026,2025-09-23,Vissel Kobe,Tokyo Verdy,4,0,4-0,Regular Season - 31
1324259,J1 League Japon,2025/2026,2025-09-23,Gamba Osaka,Yokohama F. Marinos,3,1,3-1,Regular Season - 31
1324258,J1 League Japon,2025/2026,2025-09-23,Kyoto Sanga,Machida Zelvia,1,1,1-1,Regular Season - 31
1324264,J1 League Japon,2025/2026,2025-09-27,Machida Zelvia,Fagiano Okayama,1,0,1-0,Regular Season - 32
1324267,J1 League Japon,2025/2026,2025-09-27,Nagoya Grampus,Kashima,0,4,0-4,Regular Season - 32
1324268,J1 League Japon,2025/2026,2025-09-27,Gamba Osaka,Albirex Niigata,4,2,4-2,Regular Season - 32
1324263,J1 League Japon,2025/2026,2025-09-27,Tokyo Verdy,Urawa,0,0,0-0,Regular Season - 32
1324271,J1 League Japon,2025/2026,2025-09-27,Avispa Fukuoka,Sanfrecce Hiroshima,1,2,1-2,Regular Season - 32
1324270,J1 League Japon,2025/2026,2025-09-27,Vissel Kobe,Shimizu S-pulse,2,1,2-1,Regular Season - 32
1324266,J1 League Japon,2025/2026,2025-09-28,Yokohama FC,Shonan Bellmare,1,0,1-0,Regular Season - 32
1324262,J1 League Japon,2025/2026,2025-09-28,FC Tokyo,Yokohama F. Marinos,2,3,2-3,Regular Season - 32
1324269,J1 League Japon,2025/2026,2025-09-28,Cerezo Osaka,Kyoto Sanga,1,2,1-2,Regular Season - 32
1324265,J1 League Japon,2025/2026,2025-09-28,Kawasaki Frontale,Kashiwa Reysol,4,4,4-4,Regular Season - 32
1324272,J1 League Japon,2025/2026,2025-10-03,Shonan Bellmare,Tokyo Verdy,0,1,0-1,Regular Season - 33
1324277,J1 League Japon,2025/2026,2025-10-04,Shimizu S-pulse,FC Tokyo,1,1,1-1,Regular Season - 33
1324278,J1 League Japon,2025/2026,2025-10-04,Nagoya Grampus,Cerezo Osaka,2,1,2-1,Regular Season - 33
1324276,J1 League Japon,2025/2026,2025-10-04,Albirex Niigata,Fagiano Okayama,1,1,1-1,Regular Season - 33
1324281,J1 League Japon,2025/2026,2025-10-04,Avispa Fukuoka,Yokohama FC,1,0,1-0,Regular Season - 33
1324280,J1 League Japon,2025/2026,2025-10-04,Sanfrecce Hiroshima,Machida Zelvia,2,1,2-1,Regular Season - 33
1324274,J1 League Japon,2025/2026,2025-10-04,Urawa,Vissel Kobe,1,0,1-0,Regular Season - 33
1324275,J1 League Japon,2025/2026,2025-10-04,Kashiwa Reysol,Yokohama F. Marinos,1,0,1-0,Regular Season - 33
1324279,J1 League Japon,2025/2026,2025-10-04,Kyoto Sanga,Kawasaki Frontale,1,1,1-1,Regular Season - 33
1324273,J1 League Japon,2025/2026,2025-10-05,Kashima,Gamba Osaka,0,0,0-0,Regular Season - 33
1324291,J1 League Japon,2025/2026,2025-10-17,Sanfrecce Hiroshima,FC Tokyo,0,0,0-0,Regular Season - 34
1324289,J1 League Japon,2025/2026,2025-10-17,Vissel Kobe,Kashima,0,0,0-0,Regular Season - 34
1324288,J1 League Japon,2025/2026,2025-10-18,Gamba Osaka,Kashiwa Reysol,0,5,0-5,Regular Season - 34
1324284,J1 League Japon,2025/2026,2025-10-18,Kawasaki Frontale,Shimizu S-pulse,5,3,5-3,Regular Season - 34
1324285,J1 League Japon,2025/2026,2025-10-18,Yokohama F. Marinos,Urawa,4,0,4-0,Regular Season - 34
1324283,J1 League Japon,2025/2026,2025-10-18,Machida Zelvia,Avispa Fukuoka,0,0,0-0,Regular Season - 34
1324282,J1 League Japon,2025/2026,2025-10-18,Tokyo Verdy,Albirex Niigata,1,0,1-0,Regular Season - 34
1324286,J1 League Japon,2025/2026,2025-10-18,Yokohama FC,Nagoya Grampus,2,2,2-2,Regular Season - 34
1324290,J1 League Japon,2025/2026,2025-10-18,Fagiano Okayama,Cerezo Osaka,1,2,1-2,Regular Season - 34
1324287,J1 League Japon,2025/2026,2025-10-19,Shonan Bellmare,Kyoto Sanga,1,1,1-1,Regular Season - 34
1324293,J1 League Japon,2025/2026,2025-10-25,Kashiwa Reysol,Yokohama FC,2,0,2-0,Regular Season - 35
1324297,J1 League Japon,2025/2026,2025-10-25,Shimizu S-pulse,Tokyo Verdy,1,0,1-0,Regular Season - 35
1324292,J1 League Japon,2025/2026,2025-10-25,Urawa,Machida Zelvia,0,0,0-0,Regular Season - 35
1324298,J1 League Japon,2025/2026,2025-10-25,Nagoya Grampus,Gamba Osaka,0,2,0-2,Regular Season - 35
1324294,J1 League Japon,2025/2026,2025-10-25,FC Tokyo,Fagiano Okayama,3,1,3-1,Regular Season - 35
1324295,J1 League Japon,2025/2026,2025-10-25,Yokohama F. Marinos,Sanfrecce Hiroshima,3,0,3-0,Regular Season - 35
1324299,J1 League Japon,2025/2026,2025-10-25,Kyoto Sanga,Kashima,1,1,1-1,Regular Season - 35
1324300,J1 League Japon,2025/2026,2025-10-25,Cerezo Osaka,Kawasaki Frontale,2,0,2-0,Regular Season - 35
1324296,J1 League Japon,2025/2026,2025-10-26,Albirex Niigata,Vissel Kobe,2,2,2-2,Regular Season - 35
1324301,J1 League Japon,2025/2026,2025-10-26,Avispa Fukuoka,Shonan Bellmare,1,0,1-0,Regular Season - 35
1324302,J1 League Japon,2025/2026,2025-11-08,Kashima,Yokohama FC,2,1,2-1,Regular Season - 36
1324304,J1 League Japon,2025/2026,2025-11-08,Tokyo Verdy,Avispa Fukuoka,0,0,0-0,Regular Season - 36
1324307,J1 League Japon,2025/2026,2025-11-08,Shonan Bellmare,Albirex Niigata,5,2,5-2,Regular Season - 36
1324306,J1 League Japon,2025/2026,2025-11-08,Kawasaki Frontale,Fagiano Okayama,1,1,1-1,Regular Season - 36
1324303,J1 League Japon,2025/2026,2025-11-08,Kashiwa Reysol,Nagoya Grampus,1,0,1-0,Regular Season - 36
1324311,J1 League Japon,2025/2026,2025-11-09,Sanfrecce Hiroshima,Urawa,3,0,3-0,Regular Season - 36
1324309,J1 League Japon,2025/2026,2025-11-09,Kyoto Sanga,Yokohama F. Marinos,0,3,0-3,Regular Season - 36
1324305,J1 League Japon,2025/2026,2025-11-09,Machida Zelvia,FC Tokyo,0,1,0-1,Regular Season - 36
1324308,J1 League Japon,2025/2026,2025-11-09,Shimizu S-pulse,Cerezo Osaka,1,4,1-4,Regular Season - 36
1324310,J1 League Japon,2025/2026,2025-11-09,Gamba Osaka,Vissel Kobe,1,1,1-1,Regular Season - 36
1324317,J1 League Japon,2025/2026,2025-11-30,Shonan Bellmare,Shimizu S-pulse,1,0,1-0,Regular Season - 37
1324319,J1 League Japon,2025/2026,2025-11-30,Vissel Kobe,FC Tokyo,0,0,0-0,Regular Season - 37
1324314,J1 League Japon,2025/2026,2025-11-30,Kawasaki Frontale,Sanfrecce Hiroshima,1,2,1-2,Regular Season - 37
1324315,J1 League Japon,2025/2026,2025-11-30,Yokohama F. Marinos,Cerezo Osaka,3,1,3-1,Regular Season - 37
1324313,J1 League Japon,2025/2026,2025-11-30,Machida Zelvia,Nagoya Grampus,3,1,3-1,Regular Season - 37
1324312,J1 League Japon,2025/2026,2025-11-30,Tokyo Verdy,Kashima,0,1,0-1,Regular Season - 37
1324316,J1 League Japon,2025/2026,2025-11-30,Yokohama FC,Kyoto Sanga,0,1,0-1,Regular Season - 37
1324320,J1 League Japon,2025/2026,2025-11-30,Fagiano Okayama,Urawa,0,1,0-1,Regular Season - 37
1324318,J1 League Japon,2025/2026,2025-11-30,Albirex Niigata,Kashiwa Reysol,1,3,1-3,Regular Season - 37
1324321,J1 League Japon,2025/2026,2025-11-30,Avispa Fukuoka,Gamba Osaka,1,0,1-0,Regular Season - 37
1324324,J1 League Japon,2025/2026,2025-12-06,Kashiwa Reysol,Machida Zelvia,1,0,1-0,Regular Season - 38
1324331,J1 League Japon,2025/2026,2025-12-06,Sanfrecce Hiroshima,Shonan Bellmare,2,1,2-1,Regular Season - 38
1324326,J1 League Japon,2025/2026,2025-12-06,Shimizu S-pulse,Fagiano Okayama,1,2,1-2,Regular Season - 38
1324323,J1 League Japon,2025/2026,2025-12-06,Urawa,Kawasaki Frontale,4,0,4-0,Regular Season - 38
1324327,J1 League Japon,2025/2026,2025-12-06,Nagoya Grampus,Avispa Fukuoka,1,0,1-0,Regular Season - 38
1324322,J1 League Japon,2025/2026,2025-12-06,Kashima,Yokohama F. Marinos,2,1,2-1,Regular Season - 38
1324330,J1 League Japon,2025/2026,2025-12-06,Cerezo Osaka,Yokohama FC,1,3,1-3,Regular Season - 38
1324325,J1 League Japon,2025/2026,2025-12-06,FC Tokyo,Albirex Niigata,1,1,1-1,Regular Season - 38
1324329,J1 League Japon,2025/2026,2025-12-06,Gamba Osaka,Tokyo Verdy,4,1,4-1,Regular Season - 38
1324328,J1 League Japon,2025/2026,2025-12-06,Kyoto Sanga,Vissel Kobe,2,0,2-0,Regular Season - 38
821063,J2 League Japon,2022/2023,2022-02-19,Tochigi SC,Blaublitz Akita,1,0,1-0,Regular Season - 1
821071,J2 League Japon,2022/2023,2022-02-19,V-varen Nagasaki,Tokyo Verdy,1,1,1-1,Regular Season - 1
821070,J2 League Japon,2022/2023,2022-02-19,Tokushima Vortis,Kanazawa,0,0,0-0,Regular Season - 1
821065,J2 League Japon,2022/2023,2022-02-19,JEF United Chiba,Grulla Morioka,0,1,0-1,Regular Season - 1
821067,J2 League Japon,2022/2023,2022-02-19,Yokohama FC,Omiya Ardija,3,2,3-2,Regular Season - 1
821064,J2 League Japon,2022/2023,2022-02-19,Thespakusatsu Gunma,Montedio Yamagata,1,0,1-0,Regular Season - 1
821069,J2 League Japon,2022/2023,2022-02-20,Renofa Yamaguchi,Roasso Kumamoto,1,1,1-1,Regular Season - 1
821062,J2 League Japon,2022/2023,2022-02-20,Vegalta Sendai,Albirex Niigata,0,0,0-0,Regular Season - 1
821066,J2 League Japon,2022/2023,2022-02-20,Machida Zelvia,FC Ryukyu,0,0,0-0,Regular Season - 1
821068,J2 League Japon,2022/2023,2022-02-20,Fagiano Okayama,Ventforet Kofu,4,1,4-1,Regular Season - 1
837540,J2 League Japon,2022/2023,2022-02-26,Omiya Ardija,Albirex Niigata,2,2,2-2,Regular Season - 2
837541,J2 League Japon,2022/2023,2022-02-26,FC Ryukyu,JEF United Chiba,1,2,1-2,Regular Season - 2
837542,J2 League Japon,2022/2023,2022-02-27,Ventforet Kofu,Oita Trinita,1,1,1-1,Regular Season - 2
837543,J2 League Japon,2022/2023,2022-02-27,Roasso Kumamoto,Montedio Yamagata,0,3,0-3,Regular Season - 2
837547,J2 League Japon,2022/2023,2022-02-27,Machida Zelvia,Grulla Morioka,1,0,1-0,Regular Season - 2
837544,J2 League Japon,2022/2023,2022-02-27,Mito Hollyhock,Vegalta Sendai,2,3,2-3,Regular Season - 2
837546,J2 League Japon,2022/2023,2022-02-27,Tokyo Verdy,Tochigi SC,3,0,3-0,Regular Season - 2
837548,J2 League Japon,2022/2023,2022-02-27,Yokohama FC,V-varen Nagasaki,1,0,1-0,Regular Season - 2
837550,J2 League Japon,2022/2023,2022-02-27,Renofa Yamaguchi,Blaublitz Akita,2,0,2-0,Regular Season - 2
837549,J2 League Japon,2022/2023,2022-02-27,Fagiano Okayama,Tokushima Vortis,1,1,1-1,Regular Season - 2
837545,J2 League Japon,2022/2023,2022-02-27,Thespakusatsu Gunma,Kanazawa,0,0,0-0,Regular Season - 2
837551,J2 League Japon,2022/2023,2022-03-05,Omiya Ardija,Roasso Kumamoto,1,2,1-2,Regular Season - 3
837552,J2 League Japon,2022/2023,2022-03-05,Albirex Niigata,Renofa Yamaguchi,1,1,1-1,Regular Season - 3
837554,J2 League Japon,2022/2023,2022-03-05,V-varen Nagasaki,Ventforet Kofu,1,2,1-2,Regular Season - 3
837553,J2 League Japon,2022/2023,2022-03-05,Tochigi SC,Fagiano Okayama,0,1,0-1,Regular Season - 3
837555,J2 League Japon,2022/2023,2022-03-05,FC Ryukyu,Grulla Morioka,1,2,1-2,Regular Season - 3
837556,J2 League Japon,2022/2023,2022-03-06,Vegalta Sendai,Thespakusatsu Gunma,0,0,0-0,Regular Season - 3
837561,J2 League Japon,2022/2023,2022-03-06,Oita Trinita,Yokohama FC,1,2,1-2,Regular Season - 3
837560,J2 League Japon,2022/2023,2022-03-06,Tokushima Vortis,Tokyo Verdy,1,1,1-1,Regular Season - 3
837559,J2 League Japon,2022/2023,2022-03-06,Kanazawa,Machida Zelvia,1,2,1-2,Regular Season - 3
837558,J2 League Japon,2022/2023,2022-03-06,JEF United Chiba,Montedio Yamagata,0,0,0-0,Regular Season - 3
837557,J2 League Japon,2022/2023,2022-03-06,Mito Hollyhock,Blaublitz Akita,0,1,0-1,Regular Season - 3
821072,J2 League Japon,2022/2023,2022-03-09,Oita Trinita,Mito Hollyhock,1,1,1-1,Regular Season - 1
837562,J2 League Japon,2022/2023,2022-03-12,Vegalta Sendai,Grulla Morioka,3,0,3-0,Regular Season - 4
837566,J2 League Japon,2022/2023,2022-03-12,V-varen Nagasaki,Oita Trinita,4,1,4-1,Regular Season - 4
837565,J2 League Japon,2022/2023,2022-03-12,Tokushima Vortis,Roasso Kumamoto,2,2,2-2,Regular Season - 4
837563,J2 League Japon,2022/2023,2022-03-12,Ventforet Kofu,Montedio Yamagata,1,1,1-1,Regular Season - 4
837564,J2 League Japon,2022/2023,2022-03-12,Renofa Yamaguchi,FC Ryukyu,2,3,2-3,Regular Season - 4
837567,J2 League Japon,2022/2023,2022-03-13,Blaublitz Akita,Albirex Niigata,1,0,1-0,Regular Season - 4
837572,J2 League Japon,2022/2023,2022-03-13,Kanazawa,JEF United Chiba,0,1,0-1,Regular Season - 4
837570,J2 League Japon,2022/2023,2022-03-13,Machida Zelvia,Fagiano Okayama,3,1,3-1,Regular Season - 4
837571,J2 League Japon,2022/2023,2022-03-13,Yokohama FC,Mito Hollyhock,3,2,3-2,Regular Season - 4
837568,J2 League Japon,2022/2023,2022-03-13,Tochigi SC,Omiya Ardija,1,1,1-1,Regular Season - 4
837569,J2 League Japon,2022/2023,2022-03-13,Thespakusatsu Gunma,Tokyo Verdy,0,1,0-1,Regular Season - 4
837574,J2 League Japon,2022/2023,2022-03-19,Omiya Ardija,Tokushima Vortis,0,2,0-2,Regular Season - 5
837573,J2 League Japon,2022/2023,2022-03-19,Blaublitz Akita,Kanazawa,2,3,2-3,Regular Season - 5
837576,J2 League Japon,2022/2023,2022-03-19,Oita Trinita,Renofa Yamaguchi,1,1,1-1,Regular Season - 5
837575,J2 League Japon,2022/2023,2022-03-19,Albirex Niigata,Ventforet Kofu,2,0,2-0,Regular Season - 5
837577,J2 League Japon,2022/2023,2022-03-19,FC Ryukyu,Mito Hollyhock,1,2,1-2,Regular Season - 5
837580,J2 League Japon,2022/2023,2022-03-20,JEF United Chiba,Thespakusatsu Gunma,0,1,0-1,Regular Season - 5
837581,J2 League Japon,2022/2023,2022-03-20,Tokyo Verdy,Machida Zelvia,2,1,2-1,Regular Season - 5
837582,J2 League Japon,2022/2023,2022-03-20,Fagiano Okayama,Yokohama FC,1,1,1-1,Regular Season - 5
837579,J2 League Japon,2022/2023,2022-03-20,Montedio Yamagata,Vegalta Sendai,2,3,2-3,Regular Season - 5
837578,J2 League Japon,2022/2023,2022-03-20,Grulla Morioka,Tochigi SC,1,1,1-1,Regular Season - 5
837583,J2 League Japon,2022/2023,2022-03-21,Roasso Kumamoto,V-varen Nagasaki,2,0,2-0,Regular Season - 5
837585,J2 League Japon,2022/2023,2022-03-23,Oita Trinita,FC Ryukyu,4,1,4-1,Regular Season - 6
837584,J2 League Japon,2022/2023,2022-03-23,Tokushima Vortis,Blaublitz Akita,0,0,0-0,Regular Season - 6
837587,J2 League Japon,2022/2023,2022-03-26,Omiya Ardija,Fagiano Okayama,1,1,1-1,Regular Season - 6
837586,J2 League Japon,2022/2023,2022-03-26,Grulla Morioka,Renofa Yamaguchi,0,0,0-0,Regular Season - 6
837594,J2 League Japon,2022/2023,2022-03-26,V-varen Nagasaki,Kanazawa,0,1,0-1,Regular Season - 6
837588,J2 League Japon,2022/2023,2022-03-26,Vegalta Sendai,Machida Zelvia,0,3,0-3,Regular Season - 6
837590,J2 League Japon,2022/2023,2022-03-26,Mito Hollyhock,Roasso Kumamoto,2,0,2-0,Regular Season - 6
837592,J2 League Japon,2022/2023,2022-03-26,Ventforet Kofu,Yokohama FC,1,2,1-2,Regular Season - 6
837593,J2 League Japon,2022/2023,2022-03-26,Albirex Niigata,Thespakusatsu Gunma,3,2,3-2,Regular Season - 6
837589,J2 League Japon,2022/2023,2022-03-26,Montedio Yamagata,Tokyo Verdy,3,3,3-3,Regular Season - 6
837591,J2 League Japon,2022/2023,2022-03-26,Tochigi SC,JEF United Chiba,2,1,2-1,Regular Season - 6
837595,J2 League Japon,2022/2023,2022-03-30,Blaublitz Akita,Ventforet Kofu,0,0,0-0,Regular Season - 7
837596,J2 League Japon,2022/2023,2022-03-30,Vegalta Sendai,Oita Trinita,1,3,1-3,Regular Season - 7
837602,J2 League Japon,2022/2023,2022-03-30,Kanazawa,Roasso Kumamoto,2,2,2-2,Regular Season - 7
837599,J2 League Japon,2022/2023,2022-03-30,JEF United Chiba,Albirex Niigata,1,0,1-0,Regular Season - 7
837600,J2 League Japon,2022/2023,2022-03-30,Machida Zelvia,Omiya Ardija,3,0,3-0,Regular Season - 7
837597,J2 League Japon,2022/2023,2022-03-30,Mito Hollyhock,Tochigi SC,0,1,0-1,Regular Season - 7
837601,J2 League Japon,2022/2023,2022-03-30,Yokohama FC,Montedio Yamagata,2,1,2-1,Regular Season - 7
837604,J2 League Japon,2022/2023,2022-03-30,Renofa Yamaguchi,Tokushima Vortis,0,0,0-0,Regular Season - 7
837603,J2 League Japon,2022/2023,2022-03-30,Fagiano Okayama,Grulla Morioka,0,1,0-1,Regular Season - 7
837598,J2 League Japon,2022/2023,2022-03-30,Thespakusatsu Gunma,V-varen Nagasaki,2,3,2-3,Regular Season - 7
837605,J2 League Japon,2022/2023,2022-03-30,FC Ryukyu,Tokyo Verdy,2,5,2-5,Regular Season - 7
837607,J2 League Japon,2022/2023,2022-04-03,Roasso Kumamoto,Albirex Niigata,1,2,1-2,Regular Season - 8
837606,J2 League Japon,2022/2023,2022-04-03,Blaublitz Akita,Grulla Morioka,3,1,3-1,Regular Season - 8
837615,J2 League Japon,2022/2023,2022-04-03,Tokushima Vortis,V-varen Nagasaki,0,0,0-0,Regular Season - 8
837611,J2 League Japon,2022/2023,2022-04-03,Machida Zelvia,JEF United Chiba,1,1,1-1,Regular Season - 8
837612,J2 League Japon,2022/2023,2022-04-03,Yokohama FC,FC Ryukyu,3,1,3-1,Regular Season - 8
837613,J2 League Japon,2022/2023,2022-04-03,Ventforet Kofu,Vegalta Sendai,2,3,2-3,Regular Season - 8
837614,J2 League Japon,2022/2023,2022-04-03,Renofa Yamaguchi,Omiya Ardija,1,0,1-0,Regular Season - 8
837608,J2 League Japon,2022/2023,2022-04-03,Montedio Yamagata,Fagiano Okayama,0,1,0-1,Regular Season - 8
837609,J2 League Japon,2022/2023,2022-04-03,Tochigi SC,Kanazawa,0,2,0-2,Regular Season - 8
837610,J2 League Japon,2022/2023,2022-04-03,Thespakusatsu Gunma,Mito Hollyhock,2,1,2-1,Regular Season - 8
837616,J2 League Japon,2022/2023,2022-04-03,Tokyo Verdy,Oita Trinita,1,0,1-0,Regular Season - 8
837617,J2 League Japon,2022/2023,2022-04-09,Grulla Morioka,Thespakusatsu Gunma,0,1,0-1,Regular Season - 9
837619,J2 League Japon,2022/2023,2022-04-09,V-varen Nagasaki,Machida Zelvia,1,0,1-0,Regular Season - 9
837618,J2 League Japon,2022/2023,2022-04-09,Omiya Ardija,Ventforet Kofu,1,3,1-3,Regular Season - 9
837620,J2 League Japon,2022/2023,2022-04-09,Tokyo Verdy,Roasso Kumamoto,2,3,2-3,Regular Season - 9
837621,J2 League Japon,2022/2023,2022-04-09,FC Ryukyu,Fagiano Okayama,3,3,3-3,Regular Season - 9
837622,J2 League Japon,2022/2023,2022-04-10,Vegalta Sendai,Renofa Yamaguchi,2,1,2-1,Regular Season - 9
837627,J2 League Japon,2022/2023,2022-04-10,Oita Trinita,Tokushima Vortis,1,0,1-0,Regular Season - 9
837626,J2 League Japon,2022/2023,2022-04-10,Kanazawa,Mito Hollyhock,1,1,1-1,Regular Season - 9
837624,J2 League Japon,2022/2023,2022-04-10,JEF United Chiba,Yokohama FC,1,1,1-1,Regular Season - 9
837625,J2 League Japon,2022/2023,2022-04-10,Albirex Niigata,Tochigi SC,2,0,2-0,Regular Season - 9
837623,J2 League Japon,2022/2023,2022-04-10,Montedio Yamagata,Blaublitz Akita,5,1,5-1,Regular Season - 9
837628,J2 League Japon,2022/2023,2022-04-16,Grulla Morioka,Oita Trinita,1,2,1-2,Regular Season - 10
837630,J2 League Japon,2022/2023,2022-04-16,Kanazawa,Ventforet Kofu,2,3,2-3,Regular Season - 10
837629,J2 League Japon,2022/2023,2022-04-16,Omiya Ardija,JEF United Chiba,2,1,2-1,Regular Season - 10
837631,J2 League Japon,2022/2023,2022-04-16,FC Ryukyu,Thespakusatsu Gunma,0,1,0-1,Regular Season - 10
837632,J2 League Japon,2022/2023,2022-04-17,Blaublitz Akita,V-varen Nagasaki,0,1,0-1,Regular Season - 10
837635,J2 League Japon,2022/2023,2022-04-17,Machida Zelvia,Montedio Yamagata,1,1,1-1,Regular Season - 10
837633,J2 League Japon,2022/2023,2022-04-17,Mito Hollyhock,Tokushima Vortis,1,1,1-1,Regular Season - 10
837636,J2 League Japon,2022/2023,2022-04-17,Yokohama FC,Vegalta Sendai,2,1,2-1,Regular Season - 10
837638,J2 League Japon,2022/2023,2022-04-17,Renofa Yamaguchi,Tokyo Verdy,3,1,3-1,Regular Season - 10
837637,J2 League Japon,2022/2023,2022-04-17,Fagiano Okayama,Albirex Niigata,1,1,1-1,Regular Season - 10
837634,J2 League Japon,2022/2023,2022-04-17,Tochigi SC,Roasso Kumamoto,1,1,1-1,Regular Season - 10
837640,J2 League Japon,2022/2023,2022-04-20,Oita Trinita,Kanazawa,1,3,1-3,Regular Season - 11
837639,J2 League Japon,2022/2023,2022-04-20,Tokushima Vortis,Grulla Morioka,5,0,5-0,Regular Season - 11
837641,J2 League Japon,2022/2023,2022-04-22,Roasso Kumamoto,Fagiano Okayama,1,1,1-1,Regular Season - 11
837642,J2 League Japon,2022/2023,2022-04-23,Vegalta Sendai,FC Ryukyu,2,0,2-0,Regular Season - 11
837644,J2 League Japon,2022/2023,2022-04-23,Tokyo Verdy,JEF United Chiba,1,1,1-1,Regular Season - 11
837645,J2 League Japon,2022/2023,2022-04-23,Ventforet Kofu,Machida Zelvia,1,0,1-0,Regular Season - 11
837646,J2 League Japon,2022/2023,2022-04-23,Albirex Niigata,V-varen Nagasaki,2,1,2-1,Regular Season - 11
837643,J2 League Japon,2022/2023,2022-04-23,Montedio Yamagata,Omiya Ardija,2,0,2-0,Regular Season - 11
837647,J2 League Japon,2022/2023,2022-04-23,Mito Hollyhock,Renofa Yamaguchi,3,2,3-2,Regular Season - 11
837648,J2 League Japon,2022/2023,2022-04-23,Tochigi SC,Yokohama FC,0,0,0-0,Regular Season - 11
837649,J2 League Japon,2022/2023,2022-04-24,Thespakusatsu Gunma,Blaublitz Akita,0,1,0-1,Regular Season - 11
837650,J2 League Japon,2022/2023,2022-04-27,Blaublitz Akita,Fagiano Okayama,0,1,0-1,Regular Season - 12
837656,J2 League Japon,2022/2023,2022-04-27,V-varen Nagasaki,Mito Hollyhock,1,0,1-0,Regular Season - 12
837658,J2 League Japon,2022/2023,2022-04-27,Oita Trinita,Tochigi SC,0,0,0-0,Regular Season - 12
837655,J2 League Japon,2022/2023,2022-04-27,Tokushima Vortis,Montedio Yamagata,0,1,0-1,Regular Season - 12
837652,J2 League Japon,2022/2023,2022-04-27,JEF United Chiba,Renofa Yamaguchi,2,0,2-0,Regular Season - 12
837653,J2 League Japon,2022/2023,2022-04-27,Yokohama FC,Machida Zelvia,1,1,1-1,Regular Season - 12
837654,J2 League Japon,2022/2023,2022-04-27,Albirex Niigata,Grulla Morioka,2,0,2-0,Regular Season - 12
837651,J2 League Japon,2022/2023,2022-04-27,Omiya Ardija,Thespakusatsu Gunma,3,2,3-2,Regular Season - 12
837657,J2 League Japon,2022/2023,2022-04-27,Roasso Kumamoto,Vegalta Sendai,0,2,0-2,Regular Season - 12
837659,J2 League Japon,2022/2023,2022-04-27,FC Ryukyu,Kanazawa,1,1,1-1,Regular Season - 12
837660,J2 League Japon,2022/2023,2022-04-27,Ventforet Kofu,Tokyo Verdy,2,0,2-0,Regular Season - 12
837661,J2 League Japon,2022/2023,2022-04-30,JEF United Chiba,Oita Trinita,0,3,0-3,Regular Season - 13
837662,J2 League Japon,2022/2023,2022-04-30,Renofa Yamaguchi,Tochigi SC,2,1,2-1,Regular Season - 13
837663,J2 League Japon,2022/2023,2022-04-30,Mito Hollyhock,Ventforet Kofu,2,1,2-1,Regular Season - 13
837664,J2 League Japon,2022/2023,2022-04-30,FC Ryukyu,Albirex Niigata,1,1,1-1,Regular Season - 13
837666,J2 League Japon,2022/2023,2022-05-01,Fagiano Okayama,Tokyo Verdy,2,1,2-1,Regular Season - 13
837665,J2 League Japon,2022/2023,2022-05-01,Grulla Morioka,Roasso Kumamoto,1,2,1-2,Regular Season - 13
837670,J2 League Japon,2022/2023,2022-05-01,Kanazawa,Omiya Ardija,1,2,1-2,Regular Season - 13
837669,J2 League Japon,2022/2023,2022-05-01,Machida Zelvia,Tokushima Vortis,0,2,0-2,Regular Season - 13
837667,J2 League Japon,2022/2023,2022-05-01,Montedio Yamagata,V-varen Nagasaki,2,0,2-0,Regular Season - 13
837668,J2 League Japon,2022/2023,2022-05-01,Thespakusatsu Gunma,Yokohama FC,3,3,3-3,Regular Season - 13
837671,J2 League Japon,2022/2023,2022-05-01,Vegalta Sendai,Blaublitz Akita,3,1,3-1,Regular Season - 13
837673,J2 League Japon,2022/2023,2022-05-04,Blaublitz Akita,FC Ryukyu,2,1,2-1,Regular Season - 14
837672,J2 League Japon,2022/2023,2022-05-04,Grulla Morioka,V-varen Nagasaki,0,4,0-4,Regular Season - 14
837681,J2 League Japon,2022/2023,2022-05-04,Oita Trinita,Omiya Ardija,1,1,1-1,Regular Season - 14
837680,J2 League Japon,2022/2023,2022-05-04,Tokushima Vortis,JEF United Chiba,1,0,1-0,Regular Season - 14
837674,J2 League Japon,2022/2023,2022-05-04,Tokyo Verdy,Vegalta Sendai,3,1,3-1,Regular Season - 14
837675,J2 League Japon,2022/2023,2022-05-04,Yokohama FC,Roasso Kumamoto,0,1,0-1,Regular Season - 14
837676,J2 League Japon,2022/2023,2022-05-04,Ventforet Kofu,Thespakusatsu Gunma,1,0,1-0,Regular Season - 14
837679,J2 League Japon,2022/2023,2022-05-04,Renofa Yamaguchi,Machida Zelvia,3,1,3-1,Regular Season - 14
837678,J2 League Japon,2022/2023,2022-05-04,Fagiano Okayama,Mito Hollyhock,2,1,2-1,Regular Season - 14
837677,J2 League Japon,2022/2023,2022-05-04,Albirex Niigata,Kanazawa,1,0,1-0,Regular Season - 14
837682,J2 League Japon,2022/2023,2022-05-04,Tochigi SC,Montedio Yamagata,1,2,1-2,Regular Season - 14
837685,J2 League Japon,2022/2023,2022-05-08,Roasso Kumamoto,FC Ryukyu,0,2,0-2,Regular Season - 15
837683,J2 League Japon,2022/2023,2022-05-08,Blaublitz Akita,Yokohama FC,1,0,1-0,Regular Season - 15
837691,J2 League Japon,2022/2023,2022-05-08,V-varen Nagasaki,Vegalta Sendai,0,2,0-2,Regular Season - 15
837690,J2 League Japon,2022/2023,2022-05-08,Kanazawa,Renofa Yamaguchi,1,0,1-0,Regular Season - 15
837687,J2 League Japon,2022/2023,2022-05-08,Mito Hollyhock,Machida Zelvia,0,0,0-0,Regular Season - 15
837689,J2 League Japon,2022/2023,2022-05-08,Albirex Niigata,Tokyo Verdy,4,3,4-3,Regular Season - 15
837686,J2 League Japon,2022/2023,2022-05-08,Montedio Yamagata,Oita Trinita,1,1,1-1,Regular Season - 15
837688,J2 League Japon,2022/2023,2022-05-08,Thespakusatsu Gunma,Tokushima Vortis,0,0,0-0,Regular Season - 15
837692,J2 League Japon,2022/2023,2022-05-08,JEF United Chiba,Fagiano Okayama,1,0,1-0,Regular Season - 15
837693,J2 League Japon,2022/2023,2022-05-08,Tochigi SC,Ventforet Kofu,0,0,0-0,Regular Season - 15
837696,J2 League Japon,2022/2023,2022-05-14,V-varen Nagasaki,Omiya Ardija,0,0,0-0,Regular Season - 16
837697,J2 League Japon,2022/2023,2022-05-14,Oita Trinita,Roasso Kumamoto,1,2,1-2,Regular Season - 16
837695,J2 League Japon,2022/2023,2022-05-14,Ventforet Kofu,Renofa Yamaguchi,1,1,1-1,Regular Season - 16
837698,J2 League Japon,2022/2023,2022-05-14,Tokyo Verdy,Mito Hollyhock,0,2,0-2,Regular Season - 16
837699,J2 League Japon,2022/2023,2022-05-14,FC Ryukyu,Tochigi SC,1,0,1-0,Regular Season - 16
837700,J2 League Japon,2022/2023,2022-05-15,Vegalta Sendai,Kanazawa,4,1,4-1,Regular Season - 16
837701,J2 League Japon,2022/2023,2022-05-15,Machida Zelvia,Albirex Niigata,2,1,2-1,Regular Season - 16
837702,J2 League Japon,2022/2023,2022-05-15,Yokohama FC,Tokushima Vortis,2,1,2-1,Regular Season - 16
837703,J2 League Japon,2022/2023,2022-05-15,Fagiano Okayama,Thespakusatsu Gunma,0,1,0-1,Regular Season - 16
837704,J2 League Japon,2022/2023,2022-05-15,JEF United Chiba,Blaublitz Akita,0,1,0-1,Regular Season - 16
837684,J2 League Japon,2022/2023,2022-05-18,Omiya Ardija,Grulla Morioka,0,1,0-1,Regular Season - 15
837705,J2 League Japon,2022/2023,2022-05-21,Roasso Kumamoto,JEF United Chiba,1,1,1-1,Regular Season - 17
837710,J2 League Japon,2022/2023,2022-05-21,Tokushima Vortis,Tochigi SC,0,1,0-1,Regular Season - 17
837709,J2 League Japon,2022/2023,2022-05-21,Kanazawa,Montedio Yamagata,1,1,1-1,Regular Season - 17
837708,J2 League Japon,2022/2023,2022-05-21,Albirex Niigata,Yokohama FC,3,0,3-0,Regular Season - 17
837707,J2 League Japon,2022/2023,2022-05-21,Omiya Ardija,Vegalta Sendai,2,4,2-4,Regular Season - 17
837706,J2 League Japon,2022/2023,2022-05-21,Blaublitz Akita,Tokyo Verdy,3,3,3-3,Regular Season - 17
837711,J2 League Japon,2022/2023,2022-05-21,Mito Hollyhock,Grulla Morioka,3,0,3-0,Regular Season - 17
837712,J2 League Japon,2022/2023,2022-05-21,Fagiano Okayama,Oita Trinita,1,0,1-0,Regular Season - 17
837713,J2 League Japon,2022/2023,2022-05-21,FC Ryukyu,Ventforet Kofu,1,1,1-1,Regular Season - 17
837714,J2 League Japon,2022/2023,2022-05-22,Machida Zelvia,Thespakusatsu Gunma,2,0,2-0,Regular Season - 17
837715,J2 League Japon,2022/2023,2022-05-22,Renofa Yamaguchi,V-varen Nagasaki,1,2,1-2,Regular Season - 17
837716,J2 League Japon,2022/2023,2022-05-25,Grulla Morioka,Yokohama FC,1,3,1-3,Regular Season - 18
837724,J2 League Japon,2022/2023,2022-05-25,V-varen Nagasaki,JEF United Chiba,0,2,0-2,Regular Season - 18
837717,J2 League Japon,2022/2023,2022-05-25,Vegalta Sendai,Fagiano Okayama,0,0,0-0,Regular Season - 18
837725,J2 League Japon,2022/2023,2022-05-25,Oita Trinita,Blaublitz Akita,1,1,1-1,Regular Season - 18
837719,J2 League Japon,2022/2023,2022-05-25,Mito Hollyhock,Albirex Niigata,0,3,0-3,Regular Season - 18
837723,J2 League Japon,2022/2023,2022-05-25,Tokyo Verdy,Kanazawa,1,3,1-3,Regular Season - 18
837718,J2 League Japon,2022/2023,2022-05-25,Montedio Yamagata,Renofa Yamaguchi,1,0,1-0,Regular Season - 18
837722,J2 League Japon,2022/2023,2022-05-25,Omiya Ardija,FC Ryukyu,1,0,1-0,Regular Season - 18
837720,J2 League Japon,2022/2023,2022-05-25,Tochigi SC,Machida Zelvia,1,0,1-0,Regular Season - 18
837721,J2 League Japon,2022/2023,2022-05-25,Thespakusatsu Gunma,Roasso Kumamoto,2,3,2-3,Regular Season - 18
837726,J2 League Japon,2022/2023,2022-05-25,Ventforet Kofu,Tokushima Vortis,1,1,1-1,Regular Season - 18
837727,J2 League Japon,2022/2023,2022-05-28,Roasso Kumamoto,Ventforet Kofu,1,1,1-1,Regular Season - 19
837728,J2 League Japon,2022/2023,2022-05-28,Tokyo Verdy,Omiya Ardija,1,1,1-1,Regular Season - 19
837733,J2 League Japon,2022/2023,2022-05-29,V-varen Nagasaki,Fagiano Okayama,0,0,0-0,Regular Season - 19
837729,J2 League Japon,2022/2023,2022-05-29,Vegalta Sendai,Tochigi SC,2,1,2-1,Regular Season - 19
837730,J2 League Japon,2022/2023,2022-05-29,Machida Zelvia,Blaublitz Akita,2,0,2-0,Regular Season - 19
837731,J2 League Japon,2022/2023,2022-05-29,Yokohama FC,Renofa Yamaguchi,1,0,1-0,Regular Season - 19
837732,J2 League Japon,2022/2023,2022-05-29,Albirex Niigata,Montedio Yamagata,3,0,3-0,Regular Season - 19
837734,J2 League Japon,2022/2023,2022-05-29,JEF United Chiba,Mito Hollyhock,2,1,2-1,Regular Season - 19
837735,J2 League Japon,2022/2023,2022-05-29,Thespakusatsu Gunma,Oita Trinita,0,1,0-1,Regular Season - 19
837736,J2 League Japon,2022/2023,2022-05-29,FC Ryukyu,Tokushima Vortis,3,3,3-3,Regular Season - 19
837737,J2 League Japon,2022/2023,2022-05-29,Kanazawa,Grulla Morioka,2,1,2-1,Regular Season - 19
837747,J2 League Japon,2022/2023,2022-06-04,Tokushima Vortis,Albirex Niigata,1,1,1-1,Regular Season - 20
837738,J2 League Japon,2022/2023,2022-06-04,Fagiano Okayama,Kanazawa,5,1,5-1,Regular Season - 20
837748,J2 League Japon,2022/2023,2022-06-05,Oita Trinita,Machida Zelvia,3,1,3-1,Regular Season - 20
837742,J2 League Japon,2022/2023,2022-06-05,JEF United Chiba,Vegalta Sendai,2,0,2-0,Regular Season - 20
837743,J2 League Japon,2022/2023,2022-06-05,Yokohama FC,Tokyo Verdy,1,1,1-1,Regular Season - 20
837744,J2 League Japon,2022/2023,2022-06-05,Renofa Yamaguchi,Thespakusatsu Gunma,2,1,2-1,Regular Season - 20
837740,J2 League Japon,2022/2023,2022-06-05,Montedio Yamagata,FC Ryukyu,4,0,4-0,Regular Season - 20
837741,J2 League Japon,2022/2023,2022-06-05,Omiya Ardija,Mito Hollyhock,0,2,0-2,Regular Season - 20
837739,J2 League Japon,2022/2023,2022-06-05,Blaublitz Akita,Roasso Kumamoto,2,2,2-2,Regular Season - 20
837746,J2 League Japon,2022/2023,2022-06-05,Tochigi SC,V-varen Nagasaki,2,3,2-3,Regular Season - 20
837745,J2 League Japon,2022/2023,2022-06-05,Grulla Morioka,Ventforet Kofu,1,0,1-0,Regular Season - 20
837758,J2 League Japon,2022/2023,2022-06-11,Tokushima Vortis,Vegalta Sendai,2,2,2-2,Regular Season - 21
837750,J2 League Japon,2022/2023,2022-06-11,Kanazawa,Yokohama FC,1,1,1-1,Regular Season - 21
837749,J2 League Japon,2022/2023,2022-06-11,Ventforet Kofu,JEF United Chiba,1,1,1-1,Regular Season - 21
837751,J2 League Japon,2022/2023,2022-06-11,FC Ryukyu,V-varen Nagasaki,1,2,1-2,Regular Season - 21
837759,J2 League Japon,2022/2023,2022-06-11,Oita Trinita,Albirex Niigata,1,2,1-2,Regular Season - 21
837752,J2 League Japon,2022/2023,2022-06-12,Renofa Yamaguchi,Fagiano Okayama,0,1,0-1,Regular Season - 21
837755,J2 League Japon,2022/2023,2022-06-12,Machida Zelvia,Roasso Kumamoto,1,1,1-1,Regular Season - 21
837754,J2 League Japon,2022/2023,2022-06-12,Mito Hollyhock,Montedio Yamagata,1,0,1-0,Regular Season - 21
837753,J2 League Japon,2022/2023,2022-06-12,Blaublitz Akita,Omiya Ardija,0,1,0-1,Regular Season - 21
837757,J2 League Japon,2022/2023,2022-06-12,Tokyo Verdy,Grulla Morioka,2,2,2-2,Regular Season - 21
837756,J2 League Japon,2022/2023,2022-06-12,Thespakusatsu Gunma,Tochigi SC,0,0,0-0,Regular Season - 21
837694,J2 League Japon,2022/2023,2022-06-15,Grulla Morioka,Montedio Yamagata,3,3,3-3,Regular Season - 16
837760,J2 League Japon,2022/2023,2022-06-18,JEF United Chiba,Omiya Ardija,1,1,1-1,Regular Season - 22
837762,J2 League Japon,2022/2023,2022-06-18,Vegalta Sendai,Yokohama FC,2,3,2-3,Regular Season - 22
837764,J2 League Japon,2022/2023,2022-06-18,Tokyo Verdy,Renofa Yamaguchi,3,0,3-0,Regular Season - 22
837765,J2 League Japon,2022/2023,2022-06-18,Roasso Kumamoto,Mito Hollyhock,0,0,0-0,Regular Season - 22
837763,J2 League Japon,2022/2023,2022-06-18,Tochigi SC,Oita Trinita,1,1,1-1,Regular Season - 22
837761,J2 League Japon,2022/2023,2022-06-18,Grulla Morioka,Tokushima Vortis,1,0,1-0,Regular Season - 22
837768,J2 League Japon,2022/2023,2022-06-18,V-varen Nagasaki,Thespakusatsu Gunma,2,0,2-0,Regular Season - 22
837767,J2 League Japon,2022/2023,2022-06-18,Fagiano Okayama,FC Ryukyu,1,0,1-0,Regular Season - 22
837766,J2 League Japon,2022/2023,2022-06-18,Montedio Yamagata,Ventforet Kofu,0,1,0-1,Regular Season - 22
837769,J2 League Japon,2022/2023,2022-06-19,Albirex Niigata,Blaublitz Akita,3,0,3-0,Regular Season - 22
837770,J2 League Japon,2022/2023,2022-06-19,Machida Zelvia,Kanazawa,3,2,3-2,Regular Season - 22
837771,J2 League Japon,2022/2023,2022-06-25,Vegalta Sendai,Montedio Yamagata,1,1,1-1,Regular Season - 23
837772,J2 League Japon,2022/2023,2022-06-25,Mito Hollyhock,Fagiano Okayama,1,1,1-1,Regular Season - 23
837773,J2 League Japon,2022/2023,2022-06-25,V-varen Nagasaki,Blaublitz Akita,0,0,0-0,Regular Season - 23
837774,J2 League Japon,2022/2023,2022-06-25,Roasso Kumamoto,Oita Trinita,1,2,1-2,Regular Season - 23
837775,J2 League Japon,2022/2023,2022-06-26,JEF United Chiba,Tokyo Verdy,3,1,3-1,Regular Season - 23
837778,J2 League Japon,2022/2023,2022-06-26,Tokushima Vortis,Thespakusatsu Gunma,1,0,1-0,Regular Season - 23
837777,J2 League Japon,2022/2023,2022-06-26,Yokohama FC,Albirex Niigata,2,0,2-0,Regular Season - 23
837776,J2 League Japon,2022/2023,2022-06-26,Tochigi SC,Grulla Morioka,1,1,1-1,Regular Season - 23
837779,J2 League Japon,2022/2023,2022-06-26,FC Ryukyu,Machida Zelvia,0,1,0-1,Regular Season - 23
837781,J2 League Japon,2022/2023,2022-06-26,Renofa Yamaguchi,Ventforet Kofu,2,1,2-1,Regular Season - 23
837780,J2 League Japon,2022/2023,2022-06-26,Omiya Ardija,Kanazawa,0,1,0-1,Regular Season - 23
837782,J2 League Japon,2022/2023,2022-07-02,Blaublitz Akita,Renofa Yamaguchi,0,1,0-1,Regular Season - 24
837785,J2 League Japon,2022/2023,2022-07-02,Machida Zelvia,Vegalta Sendai,2,3,2-3,Regular Season - 24
837784,J2 League Japon,2022/2023,2022-07-02,Mito Hollyhock,Yokohama FC,1,2,1-2,Regular Season - 24
837786,J2 League Japon,2022/2023,2022-07-02,Ventforet Kofu,V-varen Nagasaki,0,1,0-1,Regular Season - 24
837783,J2 League Japon,2022/2023,2022-07-02,Grulla Morioka,Omiya Ardija,1,0,1-0,Regular Season - 24
837790,J2 League Japon,2022/2023,2022-07-02,Oita Trinita,JEF United Chiba,3,2,3-2,Regular Season - 24
837788,J2 League Japon,2022/2023,2022-07-02,Kanazawa,Tokushima Vortis,0,1,0-1,Regular Season - 24
837789,J2 League Japon,2022/2023,2022-07-02,Fagiano Okayama,Roasso Kumamoto,0,2,0-2,Regular Season - 24
837787,J2 League Japon,2022/2023,2022-07-02,Montedio Yamagata,Tochigi SC,0,2,0-2,Regular Season - 24
837791,J2 League Japon,2022/2023,2022-07-02,Thespakusatsu Gunma,Albirex Niigata,0,2,0-2,Regular Season - 24
837792,J2 League Japon,2022/2023,2022-07-03,Tokyo Verdy,FC Ryukyu,2,1,2-1,Regular Season - 24
837793,J2 League Japon,2022/2023,2022-07-06,Grulla Morioka,FC Ryukyu,0,1,0-1,Regular Season - 25
837802,J2 League Japon,2022/2023,2022-07-06,V-varen Nagasaki,Montedio Yamagata,1,1,1-1,Regular Season - 25
837794,J2 League Japon,2022/2023,2022-07-06,Vegalta Sendai,Ventforet Kofu,3,0,3-0,Regular Season - 25
837799,J2 League Japon,2022/2023,2022-07-06,Kanazawa,Thespakusatsu Gunma,2,1,2-1,Regular Season - 25
837796,J2 League Japon,2022/2023,2022-07-06,Machida Zelvia,Mito Hollyhock,2,3,2-3,Regular Season - 25
837797,J2 League Japon,2022/2023,2022-07-06,Yokohama FC,Blaublitz Akita,1,1,1-1,Regular Season - 25
837801,J2 League Japon,2022/2023,2022-07-06,Renofa Yamaguchi,Oita Trinita,0,0,0-0,Regular Season - 25
837800,J2 League Japon,2022/2023,2022-07-06,Fagiano Okayama,Omiya Ardija,4,2,4-2,Regular Season - 25
837798,J2 League Japon,2022/2023,2022-07-06,Albirex Niigata,JEF United Chiba,1,2,1-2,Regular Season - 25
837803,J2 League Japon,2022/2023,2022-07-06,Roasso Kumamoto,Tokushima Vortis,1,1,1-1,Regular Season - 25
837795,J2 League Japon,2022/2023,2022-07-06,Tochigi SC,Tokyo Verdy,0,1,0-1,Regular Season - 25
837808,J2 League Japon,2022/2023,2022-07-10,V-varen Nagasaki,Grulla Morioka,2,2,2-2,Regular Season - 26
837807,J2 League Japon,2022/2023,2022-07-10,Tokushima Vortis,Yokohama FC,1,1,1-1,Regular Season - 26
837805,J2 League Japon,2022/2023,2022-07-10,JEF United Chiba,Tochigi SC,0,1,0-1,Regular Season - 26
837804,J2 League Japon,2022/2023,2022-07-10,Mito Hollyhock,Kanazawa,1,1,1-1,Regular Season - 26
837806,J2 League Japon,2022/2023,2022-07-10,Ventforet Kofu,Blaublitz Akita,3,1,3-1,Regular Season - 26
837813,J2 League Japon,2022/2023,2022-07-10,Oita Trinita,Fagiano Okayama,2,2,2-2,Regular Season - 26
837812,J2 League Japon,2022/2023,2022-07-10,Renofa Yamaguchi,Albirex Niigata,1,3,1-3,Regular Season - 26
837809,J2 League Japon,2022/2023,2022-07-10,Montedio Yamagata,Roasso Kumamoto,0,1,0-1,Regular Season - 26
837811,J2 League Japon,2022/2023,2022-07-10,Omiya Ardija,Tokyo Verdy,2,2,2-2,Regular Season - 26
837810,J2 League Japon,2022/2023,2022-07-10,Thespakusatsu Gunma,Machida Zelvia,0,2,0-2,Regular Season - 26
837814,J2 League Japon,2022/2023,2022-07-10,FC Ryukyu,Vegalta Sendai,1,1,1-1,Regular Season - 26
837817,J2 League Japon,2022/2023,2022-07-16,Ventforet Kofu,Mito Hollyhock,1,1,1-1,Regular Season - 27
837815,J2 League Japon,2022/2023,2022-07-16,Grulla Morioka,Vegalta Sendai,1,5,1-5,Regular Season - 27
837819,J2 League Japon,2022/2023,2022-07-16,Oita Trinita,Thespakusatsu Gunma,2,1,2-1,Regular Season - 27
837818,J2 League Japon,2022/2023,2022-07-16,Kanazawa,Albirex Niigata,0,3,0-3,Regular Season - 27
837821,J2 League Japon,2022/2023,2022-07-17,Machida Zelvia,V-varen Nagasaki,1,2,1-2,Regular Season - 27
837822,J2 League Japon,2022/2023,2022-07-17,Yokohama FC,JEF United Chiba,4,0,4-0,Regular Season - 27
837823,J2 League Japon,2022/2023,2022-07-17,Fagiano Okayama,Tochigi SC,0,0,0-0,Regular Season - 27
837820,J2 League Japon,2022/2023,2022-07-17,Blaublitz Akita,Montedio Yamagata,0,2,0-2,Regular Season - 27
837824,J2 League Japon,2022/2023,2022-07-17,FC Ryukyu,Omiya Ardija,1,1,1-1,Regular Season - 27
837825,J2 League Japon,2022/2023,2022-07-18,Roasso Kumamoto,Renofa Yamaguchi,1,0,1-0,Regular Season - 27
837830,J2 League Japon,2022/2023,2022-07-23,Tokushima Vortis,FC Ryukyu,0,0,0-0,Regular Season - 28
837829,J2 League Japon,2022/2023,2022-07-23,Albirex Niigata,Fagiano Okayama,2,3,2-3,Regular Season - 28
837826,J2 League Japon,2022/2023,2022-07-23,Grulla Morioka,Machida Zelvia,1,3,1-3,Regular Season - 28
837831,J2 League Japon,2022/2023,2022-07-23,Vegalta Sendai,V-varen Nagasaki,1,2,1-2,Regular Season - 28
837832,J2 League Japon,2022/2023,2022-07-23,Montedio Yamagata,Thespakusatsu Gunma,0,1,0-1,Regular Season - 28
837834,J2 League Japon,2022/2023,2022-07-23,Omiya Ardija,Blaublitz Akita,0,0,0-0,Regular Season - 28
837833,J2 League Japon,2022/2023,2022-07-23,Tochigi SC,Renofa Yamaguchi,2,1,2-1,Regular Season - 28
837835,J2 League Japon,2022/2023,2022-07-24,Tokyo Verdy,Yokohama FC,0,1,0-1,Regular Season - 28
837836,J2 League Japon,2022/2023,2022-07-24,Roasso Kumamoto,Kanazawa,3,0,3-0,Regular Season - 28
837837,J2 League Japon,2022/2023,2022-07-30,Mito Hollyhock,Omiya Ardija,1,0,1-0,Regular Season - 29
837839,J2 League Japon,2022/2023,2022-07-30,Yokohama FC,Grulla Morioka,0,3,0-3,Regular Season - 29
837838,J2 League Japon,2022/2023,2022-07-30,Tochigi SC,Tokushima Vortis,1,1,1-1,Regular Season - 29
837840,J2 League Japon,2022/2023,2022-07-30,FC Ryukyu,Roasso Kumamoto,2,0,2-0,Regular Season - 29
837845,J2 League Japon,2022/2023,2022-07-30,V-varen Nagasaki,Albirex Niigata,2,2,2-2,Regular Season - 29
837846,J2 League Japon,2022/2023,2022-07-30,Oita Trinita,Tokyo Verdy,2,2,2-2,Regular Season - 29
837844,J2 League Japon,2022/2023,2022-07-30,Renofa Yamaguchi,Vegalta Sendai,2,2,2-2,Regular Season - 29
837843,J2 League Japon,2022/2023,2022-07-30,Fagiano Okayama,JEF United Chiba,1,1,1-1,Regular Season - 29
837841,J2 League Japon,2022/2023,2022-07-30,Montedio Yamagata,Machida Zelvia,1,0,1-0,Regular Season - 29
837842,J2 League Japon,2022/2023,2022-07-30,Thespakusatsu Gunma,Ventforet Kofu,1,1,1-1,Regular Season - 29
837847,J2 League Japon,2022/2023,2022-07-31,Kanazawa,Blaublitz Akita,0,3,0-3,Regular Season - 29
837849,J2 League Japon,2022/2023,2022-08-06,Tokyo Verdy,V-varen Nagasaki,1,0,1-0,Regular Season - 30
837850,J2 League Japon,2022/2023,2022-08-06,Ventforet Kofu,FC Ryukyu,5,2,5-2,Regular Season - 30
837851,J2 League Japon,2022/2023,2022-08-06,Albirex Niigata,Tokushima Vortis,2,2,2-2,Regular Season - 30
837848,J2 League Japon,2022/2023,2022-08-06,Grulla Morioka,Fagiano Okayama,1,3,1-3,Regular Season - 30
837854,J2 League Japon,2022/2023,2022-08-06,Kanazawa,Vegalta Sendai,1,4,1-4,Regular Season - 30
837853,J2 League Japon,2022/2023,2022-08-06,Machida Zelvia,Oita Trinita,1,1,1-1,Regular Season - 30
837855,J2 League Japon,2022/2023,2022-08-06,Renofa Yamaguchi,Montedio Yamagata,0,1,0-1,Regular Season - 30
837852,J2 League Japon,2022/2023,2022-08-06,Omiya Ardija,Yokohama FC,3,2,3-2,Regular Season - 30
837856,J2 League Japon,2022/2023,2022-08-07,Blaublitz Akita,Mito Hollyhock,1,1,1-1,Regular Season - 30
837858,J2 League Japon,2022/2023,2022-08-07,Roasso Kumamoto,Tochigi SC,2,0,2-0,Regular Season - 30
837857,J2 League Japon,2022/2023,2022-08-07,Thespakusatsu Gunma,JEF United Chiba,0,3,0-3,Regular Season - 30
837862,J2 League Japon,2022/2023,2022-08-13,Ventforet Kofu,Roasso Kumamoto,2,2,2-2,Regular Season - 31
837859,J2 League Japon,2022/2023,2022-08-13,Grulla Morioka,Blaublitz Akita,0,1,0-1,Regular Season - 31
837866,J2 League Japon,2022/2023,2022-08-13,V-varen Nagasaki,FC Ryukyu,2,3,2-3,Regular Season - 31
837863,J2 League Japon,2022/2023,2022-08-13,Vegalta Sendai,Omiya Ardija,2,3,2-3,Regular Season - 31
837865,J2 League Japon,2022/2023,2022-08-13,Fagiano Okayama,Renofa Yamaguchi,3,2,3-2,Regular Season - 31
837864,J2 League Japon,2022/2023,2022-08-13,Montedio Yamagata,Kanazawa,4,1,4-1,Regular Season - 31
837868,J2 League Japon,2022/2023,2022-08-14,JEF United Chiba,Machida Zelvia,1,2,1-2,Regular Season - 31
837867,J2 League Japon,2022/2023,2022-08-14,Tochigi SC,Albirex Niigata,0,2,0-2,Regular Season - 31
837869,J2 League Japon,2022/2023,2022-08-14,Tokushima Vortis,Oita Trinita,2,2,2-2,Regular Season - 31
837861,J2 League Japon,2022/2023,2022-08-16,Yokohama FC,Thespakusatsu Gunma,1,0,1-0,Regular Season - 31
837828,J2 League Japon,2022/2023,2022-08-17,JEF United Chiba,Ventforet Kofu,0,0,0-0,Regular Season - 28
837870,J2 League Japon,2022/2023,2022-08-20,JEF United Chiba,Tokushima Vortis,0,0,0-0,Regular Season - 32
837871,J2 League Japon,2022/2023,2022-08-20,Yokohama FC,Fagiano Okayama,1,0,1-0,Regular Season - 32
837872,J2 League Japon,2022/2023,2022-08-20,Albirex Niigata,Roasso Kumamoto,1,0,1-0,Regular Season - 32
837873,J2 League Japon,2022/2023,2022-08-20,FC Ryukyu,Montedio Yamagata,2,2,2-2,Regular Season - 32
837879,J2 League Japon,2022/2023,2022-08-20,Oita Trinita,Grulla Morioka,3,0,3-0,Regular Season - 32
837878,J2 League Japon,2022/2023,2022-08-20,Renofa Yamaguchi,Mito Hollyhock,1,0,1-0,Regular Season - 32
837876,J2 League Japon,2022/2023,2022-08-20,Omiya Ardija,Machida Zelvia,0,2,0-2,Regular Season - 32
837875,J2 League Japon,2022/2023,2022-08-20,Thespakusatsu Gunma,Vegalta Sendai,1,0,1-0,Regular Season - 32
837874,J2 League Japon,2022/2023,2022-08-20,Blaublitz Akita,Tochigi SC,0,3,0-3,Regular Season - 32
837880,J2 League Japon,2022/2023,2022-08-21,Tokyo Verdy,Ventforet Kofu,0,0,0-0,Regular Season - 32
837827,J2 League Japon,2022/2023,2022-08-23,Mito Hollyhock,Oita Trinita,2,0,2-0,Regular Season - 28
837816,J2 League Japon,2022/2023,2022-08-24,Tokyo Verdy,Tokushima Vortis,0,1,0-1,Regular Season - 27
837882,J2 League Japon,2022/2023,2022-08-27,Mito Hollyhock,FC Ryukyu,0,0,0-0,Regular Season - 33
837883,J2 League Japon,2022/2023,2022-08-27,Ventforet Kofu,Kanazawa,2,2,2-2,Regular Season - 33
837881,J2 League Japon,2022/2023,2022-08-27,Grulla Morioka,Albirex Niigata,0,2,0-2,Regular Season - 33
837884,J2 League Japon,2022/2023,2022-08-27,Vegalta Sendai,JEF United Chiba,0,2,0-2,Regular Season - 33
837887,J2 League Japon,2022/2023,2022-08-27,Tokushima Vortis,Renofa Yamaguchi,2,1,2-1,Regular Season - 33
837886,J2 League Japon,2022/2023,2022-08-27,Machida Zelvia,Yokohama FC,0,1,0-1,Regular Season - 33
837889,J2 League Japon,2022/2023,2022-08-28,Blaublitz Akita,Oita Trinita,0,1,0-1,Regular Season - 33
837890,J2 League Japon,2022/2023,2022-08-28,Roasso Kumamoto,Tokyo Verdy,1,0,1-0,Regular Season - 33
837891,J2 League Japon,2022/2023,2022-08-28,Thespakusatsu Gunma,Fagiano Okayama,0,1,0-1,Regular Season - 33
837899,J2 League Japon,2022/2023,2022-09-03,FC Ryukyu,Blaublitz Akita,0,1,0-1,Regular Season - 34
837894,J2 League Japon,2022/2023,2022-09-03,JEF United Chiba,V-varen Nagasaki,0,1,0-1,Regular Season - 34
837895,J2 League Japon,2022/2023,2022-09-03,Albirex Niigata,Oita Trinita,0,1,0-1,Regular Season - 34
837892,J2 League Japon,2022/2023,2022-09-03,Vegalta Sendai,Mito Hollyhock,1,2,1-2,Regular Season - 34
837898,J2 League Japon,2022/2023,2022-09-03,Tokushima Vortis,Ventforet Kofu,2,0,2-0,Regular Season - 34
837896,J2 League Japon,2022/2023,2022-09-03,Kanazawa,Tokyo Verdy,2,1,2-1,Regular Season - 34
837897,J2 League Japon,2022/2023,2022-09-03,Renofa Yamaguchi,Yokohama FC,3,3,3-3,Regular Season - 34
837893,J2 League Japon,2022/2023,2022-09-03,Montedio Yamagata,Grulla Morioka,4,1,4-1,Regular Season - 34
837900,J2 League Japon,2022/2023,2022-09-04,Tochigi SC,Thespakusatsu Gunma,1,1,1-1,Regular Season - 34
837901,J2 League Japon,2022/2023,2022-09-04,Fagiano Okayama,Machida Zelvia,2,0,2-0,Regular Season - 34
837902,J2 League Japon,2022/2023,2022-09-04,Roasso Kumamoto,Omiya Ardija,1,0,1-0,Regular Season - 34
837877,J2 League Japon,2022/2023,2022-09-06,Kanazawa,V-varen Nagasaki,3,3,3-3,Regular Season - 32
837905,J2 League Japon,2022/2023,2022-09-10,JEF United Chiba,Kanazawa,1,0,1-0,Regular Season - 35
837907,J2 League Japon,2022/2023,2022-09-10,Machida Zelvia,Renofa Yamaguchi,0,1,0-1,Regular Season - 35
837906,J2 League Japon,2022/2023,2022-09-10,Tokyo Verdy,Thespakusatsu Gunma,1,1,1-1,Regular Season - 35
837908,J2 League Japon,2022/2023,2022-09-10,Yokohama FC,Tochigi SC,0,0,0-0,Regular Season - 35
837909,J2 League Japon,2022/2023,2022-09-10,Ventforet Kofu,Omiya Ardija,0,3,0-3,Regular Season - 35
837910,J2 League Japon,2022/2023,2022-09-10,Albirex Niigata,FC Ryukyu,3,0,3-0,Regular Season - 35
837903,J2 League Japon,2022/2023,2022-09-10,Grulla Morioka,Mito Hollyhock,1,0,1-0,Regular Season - 35
837904,J2 League Japon,2022/2023,2022-09-10,Blaublitz Akita,Tokushima Vortis,0,0,0-0,Regular Season - 35
837912,J2 League Japon,2022/2023,2022-09-10,V-varen Nagasaki,Roasso Kumamoto,1,3,1-3,Regular Season - 35
837913,J2 League Japon,2022/2023,2022-09-10,Oita Trinita,Vegalta Sendai,1,0,1-0,Regular Season - 35
837911,J2 League Japon,2022/2023,2022-09-10,Fagiano Okayama,Montedio Yamagata,2,1,2-1,Regular Season - 35
837914,J2 League Japon,2022/2023,2022-09-14,Grulla Morioka,JEF United Chiba,1,2,1-2,Regular Season - 36
837923,J2 League Japon,2022/2023,2022-09-14,Tokushima Vortis,Fagiano Okayama,1,0,1-0,Regular Season - 36
837916,J2 League Japon,2022/2023,2022-09-14,Mito Hollyhock,V-varen Nagasaki,0,1,0-1,Regular Season - 36
837920,J2 League Japon,2022/2023,2022-09-14,Tokyo Verdy,Blaublitz Akita,0,2,0-2,Regular Season - 36
837922,J2 League Japon,2022/2023,2022-09-14,Renofa Yamaguchi,Kanazawa,1,1,1-1,Regular Season - 36
837915,J2 League Japon,2022/2023,2022-09-14,Montedio Yamagata,Yokohama FC,2,0,2-0,Regular Season - 36
837919,J2 League Japon,2022/2023,2022-09-14,Omiya Ardija,Oita Trinita,2,2,2-2,Regular Season - 36
837924,J2 League Japon,2022/2023,2022-09-14,Roasso Kumamoto,Machida Zelvia,0,0,0-0,Regular Season - 36
837917,J2 League Japon,2022/2023,2022-09-14,Tochigi SC,Vegalta Sendai,0,1,0-1,Regular Season - 36
837918,J2 League Japon,2022/2023,2022-09-14,Thespakusatsu Gunma,FC Ryukyu,0,0,0-0,Regular Season - 36
837921,J2 League Japon,2022/2023,2022-09-14,Ventforet Kofu,Albirex Niigata,1,2,1-2,Regular Season - 36
837925,J2 League Japon,2022/2023,2022-09-17,Fagiano Okayama,V-varen Nagasaki,3,0,3-0,Regular Season - 37
837926,J2 League Japon,2022/2023,2022-09-18,Vegalta Sendai,Tokushima Vortis,1,1,1-1,Regular Season - 37
837927,J2 League Japon,2022/2023,2022-09-18,Blaublitz Akita,Thespakusatsu Gunma,0,1,0-1,Regular Season - 37
837933,J2 League Japon,2022/2023,2022-09-18,Kanazawa,Oita Trinita,3,3,3-3,Regular Season - 37
837930,J2 League Japon,2022/2023,2022-09-18,Machida Zelvia,Tokyo Verdy,2,2,2-2,Regular Season - 37
837931,J2 League Japon,2022/2023,2022-09-18,Yokohama FC,Ventforet Kofu,1,0,1-0,Regular Season - 37
837932,J2 League Japon,2022/2023,2022-09-18,Albirex Niigata,Mito Hollyhock,2,0,2-0,Regular Season - 37
837928,J2 League Japon,2022/2023,2022-09-18,Montedio Yamagata,JEF United Chiba,2,0,2-0,Regular Season - 37
837934,J2 League Japon,2022/2023,2022-09-18,FC Ryukyu,Renofa Yamaguchi,0,1,0-1,Regular Season - 37
837929,J2 League Japon,2022/2023,2022-09-18,Omiya Ardija,Tochigi SC,3,1,3-1,Regular Season - 37
837935,J2 League Japon,2022/2023,2022-09-20,Roasso Kumamoto,Grulla Morioka,1,0,1-0,Regular Season - 37
837888,J2 League Japon,2022/2023,2022-09-21,V-varen Nagasaki,Tochigi SC,1,1,1-1,Regular Season - 33
837860,J2 League Japon,2022/2023,2022-09-21,Mito Hollyhock,Tokyo Verdy,1,2,1-2,Regular Season - 31
837936,J2 League Japon,2022/2023,2022-09-24,Thespakusatsu Gunma,Renofa Yamaguchi,1,6,1-6,Regular Season - 38
837937,J2 League Japon,2022/2023,2022-09-24,Tokyo Verdy,Montedio Yamagata,1,0,1-0,Regular Season - 38
837938,J2 League Japon,2022/2023,2022-09-24,V-varen Nagasaki,Yokohama FC,0,2,0-2,Regular Season - 38
837946,J2 League Japon,2022/2023,2022-09-24,Oita Trinita,Ventforet Kofu,2,1,2-1,Regular Season - 38
837944,J2 League Japon,2022/2023,2022-09-25,Fagiano Okayama,Vegalta Sendai,3,0,3-0,Regular Season - 38
837942,J2 League Japon,2022/2023,2022-09-25,JEF United Chiba,Roasso Kumamoto,0,1,0-1,Regular Season - 38
837943,J2 League Japon,2022/2023,2022-09-25,Albirex Niigata,Omiya Ardija,1,0,1-0,Regular Season - 38
837940,J2 League Japon,2022/2023,2022-09-25,Blaublitz Akita,Machida Zelvia,2,1,2-1,Regular Season - 38
837939,J2 League Japon,2022/2023,2022-09-25,Grulla Morioka,Kanazawa,1,3,1-3,Regular Season - 38
837945,J2 League Japon,2022/2023,2022-09-25,Tokushima Vortis,Mito Hollyhock,1,1,1-1,Regular Season - 38
837941,J2 League Japon,2022/2023,2022-09-25,Tochigi SC,FC Ryukyu,0,0,0-0,Regular Season - 38
837949,J2 League Japon,2022/2023,2022-10-01,Ventforet Kofu,Tochigi SC,0,1,0-1,Regular Season - 39
837947,J2 League Japon,2022/2023,2022-10-01,Montedio Yamagata,Albirex Niigata,1,1,1-1,Regular Season - 39
837948,J2 League Japon,2022/2023,2022-10-01,Thespakusatsu Gunma,Omiya Ardija,1,0,1-0,Regular Season - 39
837950,J2 League Japon,2022/2023,2022-10-01,Tokushima Vortis,Machida Zelvia,3,2,3-2,Regular Season - 39
837952,J2 League Japon,2022/2023,2022-10-01,FC Ryukyu,Yokohama FC,0,1,0-1,Regular Season - 39
837951,J2 League Japon,2022/2023,2022-10-01,Oita Trinita,V-varen Nagasaki,3,1,3-1,Regular Season - 39
837957,J2 League Japon,2022/2023,2022-10-02,Roasso Kumamoto,Blaublitz Akita,1,2,1-2,Regular Season - 39
837953,J2 League Japon,2022/2023,2022-10-02,Vegalta Sendai,Tokyo Verdy,0,2,0-2,Regular Season - 39
837955,J2 League Japon,2022/2023,2022-10-02,Kanazawa,Fagiano Okayama,3,1,3-1,Regular Season - 39
837954,J2 League Japon,2022/2023,2022-10-02,Mito Hollyhock,JEF United Chiba,0,1,0-1,Regular Season - 39
837956,J2 League Japon,2022/2023,2022-10-02,Renofa Yamaguchi,Grulla Morioka,2,2,2-2,Regular Season - 39
837885,J2 League Japon,2022/2023,2022-10-05,Omiya Ardija,Montedio Yamagata,1,1,1-1,Regular Season - 33
837961,J2 League Japon,2022/2023,2022-10-08,V-varen Nagasaki,Tokushima Vortis,1,2,1-2,Regular Season - 40
837960,J2 League Japon,2022/2023,2022-10-08,Albirex Niigata,Vegalta Sendai,3,0,3-0,Regular Season - 40
837962,J2 League Japon,2022/2023,2022-10-08,Roasso Kumamoto,Thespakusatsu Gunma,5,1,5-1,Regular Season - 40
837959,J2 League Japon,2022/2023,2022-10-08,Blaublitz Akita,JEF United Chiba,3,0,3-0,Regular Season - 40
837958,J2 League Japon,2022/2023,2022-10-08,Grulla Morioka,Tokyo Verdy,0,2,0-2,Regular Season - 40
837967,J2 League Japon,2022/2023,2022-10-09,Ventforet Kofu,Fagiano Okayama,1,2,1-2,Regular Season - 40
837968,J2 League Japon,2022/2023,2022-10-09,Kanazawa,FC Ryukyu,1,2,1-2,Regular Season - 40
837965,J2 League Japon,2022/2023,2022-10-09,Machida Zelvia,Tochigi SC,0,1,0-1,Regular Season - 40
837963,J2 League Japon,2022/2023,2022-10-09,Montedio Yamagata,Mito Hollyhock,0,0,0-0,Regular Season - 40
837964,J2 League Japon,2022/2023,2022-10-09,Omiya Ardija,Renofa Yamaguchi,2,1,2-1,Regular Season - 40
837966,J2 League Japon,2022/2023,2022-10-09,Yokohama FC,Oita Trinita,2,3,2-3,Regular Season - 40
837970,J2 League Japon,2022/2023,2022-10-15,V-varen Nagasaki,Renofa Yamaguchi,0,1,0-1,Regular Season - 41
837969,J2 League Japon,2022/2023,2022-10-15,Tokyo Verdy,Albirex Niigata,1,0,1-0,Regular Season - 41
837979,J2 League Japon,2022/2023,2022-10-16,Oita Trinita,Montedio Yamagata,0,3,0-3,Regular Season - 41
837974,J2 League Japon,2022/2023,2022-10-16,JEF United Chiba,FC Ryukyu,2,1,2-1,Regular Season - 41
837977,J2 League Japon,2022/2023,2022-10-16,Fagiano Okayama,Blaublitz Akita,1,2,1-2,Regular Season - 41
837972,J2 League Japon,2022/2023,2022-10-16,Tochigi SC,Mito Hollyhock,2,3,2-3,Regular Season - 41
837973,J2 League Japon,2022/2023,2022-10-16,Thespakusatsu Gunma,Grulla Morioka,5,1,5-1,Regular Season - 41
837971,J2 League Japon,2022/2023,2022-10-16,Vegalta Sendai,Roasso Kumamoto,2,1,2-1,Regular Season - 41
837976,J2 League Japon,2022/2023,2022-10-16,Yokohama FC,Kanazawa,2,3,2-3,Regular Season - 41
837978,J2 League Japon,2022/2023,2022-10-16,Tokushima Vortis,Omiya Ardija,3,1,3-1,Regular Season - 41
837975,J2 League Japon,2022/2023,2022-10-19,Machida Zelvia,Ventforet Kofu,1,2,1-2,Regular Season - 41
837987,J2 League Japon,2022/2023,2022-10-23,Kanazawa,Tochigi SC,0,0,0-0,Regular Season - 42
837982,J2 League Japon,2022/2023,2022-10-23,Mito Hollyhock,Thespakusatsu Gunma,2,1,2-1,Regular Season - 42
837984,J2 League Japon,2022/2023,2022-10-23,Tokyo Verdy,Fagiano Okayama,2,0,2-0,Regular Season - 42
837985,J2 League Japon,2022/2023,2022-10-23,Ventforet Kofu,Grulla Morioka,2,0,2-0,Regular Season - 42
837988,J2 League Japon,2022/2023,2022-10-23,Renofa Yamaguchi,JEF United Chiba,1,3,1-3,Regular Season - 42
837986,J2 League Japon,2022/2023,2022-10-23,Albirex Niigata,Machida Zelvia,2,1,2-1,Regular Season - 42
837981,J2 League Japon,2022/2023,2022-10-23,Montedio Yamagata,Tokushima Vortis,3,0,3-0,Regular Season - 42
837983,J2 League Japon,2022/2023,2022-10-23,Omiya Ardija,V-varen Nagasaki,3,3,3-3,Regular Season - 42
837989,J2 League Japon,2022/2023,2022-10-23,Roasso Kumamoto,Yokohama FC,3,4,3-4,Regular Season - 42
837990,J2 League Japon,2022/2023,2022-10-23,FC Ryukyu,Oita Trinita,1,0,1-0,Regular Season - 42
837980,J2 League Japon,2022/2023,2022-10-23,Blaublitz Akita,Vegalta Sendai,0,0,0-0,Regular Season - 42
968235,J2 League Japon,2022/2023,2022-10-30,Roasso Kumamoto,Oita Trinita,2,2,2-2,Play-offs - 1st Round
968236,J2 League Japon,2022/2023,2022-10-30,Fagiano Okayama,Montedio Yamagata,0,3,0-3,Play-offs - 1st Round
970054,J2 League Japon,2022/2023,2022-11-06,Roasso Kumamoto,Montedio Yamagata,2,2,2-2,Play-offs - 2nd Round
982837,J2 League Japon,2023/2024,2023-02-18,Ventforet Kofu,Montedio Yamagata,1,2,1-2,Regular Season - 1
982839,J2 League Japon,2023/2024,2023-02-18,Jubilo Iwata,Fagiano Okayama,2,3,2-3,Regular Season - 1
982838,J2 League Japon,2023/2024,2023-02-18,Shimizu S-pulse,Mito Hollyhock,0,0,0-0,Regular Season - 1
982842,J2 League Japon,2023/2024,2023-02-18,V-varen Nagasaki,JEF United Chiba,0,1,0-1,Regular Season - 1
982840,J2 League Japon,2023/2024,2023-02-18,Renofa Yamaguchi,Omiya Ardija,1,0,1-0,Regular Season - 1
982834,J2 League Japon,2023/2024,2023-02-18,Thespakusatsu Gunma,Blaublitz Akita,0,0,0-0,Regular Season - 1
982832,J2 League Japon,2023/2024,2023-02-18,Iwaki,Fujieda MYFC,2,3,2-3,Regular Season - 1
982841,J2 League Japon,2023/2024,2023-02-19,Tokushima Vortis,Oita Trinita,1,2,1-2,Regular Season - 1
982836,J2 League Japon,2023/2024,2023-02-19,Machida Zelvia,Vegalta Sendai,0,0,0-0,Regular Season - 1
982835,J2 League Japon,2023/2024,2023-02-19,Tokyo Verdy,Kanazawa,1,0,1-0,Regular Season - 1
982833,J2 League Japon,2023/2024,2023-02-19,Tochigi SC,Roasso Kumamoto,1,1,1-1,Regular Season - 1
994917,J2 League Japon,2023/2024,2023-02-25,Ventforet Kofu,Tokushima Vortis,1,1,1-1,Regular Season - 2
994919,J2 League Japon,2023/2024,2023-02-25,JEF United Chiba,Montedio Yamagata,1,3,1-3,Regular Season - 2
994918,J2 League Japon,2023/2024,2023-02-25,Omiya Ardija,Kanazawa,2,0,2-0,Regular Season - 2
994920,J2 League Japon,2023/2024,2023-02-25,Fujieda MYFC,V-varen Nagasaki,2,0,2-0,Regular Season - 2
994921,J2 League Japon,2023/2024,2023-02-26,Fagiano Okayama,Shimizu S-pulse,0,0,0-0,Regular Season - 2
994922,J2 League Japon,2023/2024,2023-02-26,Roasso Kumamoto,Blaublitz Akita,0,1,0-1,Regular Season - 2
994923,J2 League Japon,2023/2024,2023-02-26,Vegalta Sendai,Tochigi SC,1,0,1-0,Regular Season - 2
994924,J2 League Japon,2023/2024,2023-02-26,Oita Trinita,Tokyo Verdy,1,0,1-0,Regular Season - 2
994925,J2 League Japon,2023/2024,2023-02-26,Renofa Yamaguchi,Jubilo Iwata,1,1,1-1,Regular Season - 2
994926,J2 League Japon,2023/2024,2023-02-26,Machida Zelvia,Thespakusatsu Gunma,2,0,2-0,Regular Season - 2
994927,J2 League Japon,2023/2024,2023-02-26,Mito Hollyhock,Iwaki,2,2,2-2,Regular Season - 2
994928,J2 League Japon,2023/2024,2023-03-04,Jubilo Iwata,Montedio Yamagata,2,1,2-1,Regular Season - 3
994931,J2 League Japon,2023/2024,2023-03-04,V-varen Nagasaki,Shimizu S-pulse,1,1,1-1,Regular Season - 3
994930,J2 League Japon,2023/2024,2023-03-04,Tokushima Vortis,Vegalta Sendai,1,1,1-1,Regular Season - 3
994929,J2 League Japon,2023/2024,2023-03-04,Fujieda MYFC,Blaublitz Akita,0,1,0-1,Regular Season - 3
994933,J2 League Japon,2023/2024,2023-03-05,Roasso Kumamoto,Omiya Ardija,3,0,3-0,Regular Season - 3
994932,J2 League Japon,2023/2024,2023-03-05,Iwaki,Renofa Yamaguchi,0,1,0-1,Regular Season - 3
994937,J2 League Japon,2023/2024,2023-03-05,Oita Trinita,Tochigi SC,1,0,1-0,Regular Season - 3
994936,J2 League Japon,2023/2024,2023-03-05,Kanazawa,Machida Zelvia,1,2,1-2,Regular Season - 3
994934,J2 League Japon,2023/2024,2023-03-05,JEF United Chiba,Thespakusatsu Gunma,2,2,2-2,Regular Season - 3
994935,J2 League Japon,2023/2024,2023-03-05,Tokyo Verdy,Ventforet Kofu,0,0,0-0,Regular Season - 3
994938,J2 League Japon,2023/2024,2023-03-05,Mito Hollyhock,Fagiano Okayama,1,1,1-1,Regular Season - 3
994939,J2 League Japon,2023/2024,2023-03-11,Ventforet Kofu,Fujieda MYFC,2,1,2-1,Regular Season - 4
994941,J2 League Japon,2023/2024,2023-03-11,Renofa Yamaguchi,Roasso Kumamoto,1,3,1-3,Regular Season - 4
994940,J2 League Japon,2023/2024,2023-03-11,Omiya Ardija,Jubilo Iwata,1,0,1-0,Regular Season - 4
994946,J2 League Japon,2023/2024,2023-03-12,Shimizu S-pulse,Oita Trinita,0,0,0-0,Regular Season - 4
994942,J2 League Japon,2023/2024,2023-03-12,Vegalta Sendai,Iwaki,0,1,0-1,Regular Season - 4
994948,J2 League Japon,2023/2024,2023-03-12,Tokushima Vortis,Tokyo Verdy,0,2,0-2,Regular Season - 4
994945,J2 League Japon,2023/2024,2023-03-12,Machida Zelvia,Mito Hollyhock,3,0,3-0,Regular Season - 4
994947,J2 League Japon,2023/2024,2023-03-12,Fagiano Okayama,Kanazawa,3,0,3-0,Regular Season - 4
994944,J2 League Japon,2023/2024,2023-03-12,Tochigi SC,V-varen Nagasaki,0,0,0-0,Regular Season - 4
994943,J2 League Japon,2023/2024,2023-03-12,Blaublitz Akita,JEF United Chiba,1,0,1-0,Regular Season - 4
994949,J2 League Japon,2023/2024,2023-03-12,Thespakusatsu Gunma,Montedio Yamagata,1,0,1-0,Regular Season - 4
994950,J2 League Japon,2023/2024,2023-03-18,Jubilo Iwata,Shimizu S-pulse,2,2,2-2,Regular Season - 5
994960,J2 League Japon,2023/2024,2023-03-19,Oita Trinita,JEF United Chiba,2,1,2-1,Regular Season - 5
994956,J2 League Japon,2023/2024,2023-03-19,Kanazawa,Renofa Yamaguchi,5,2,5-2,Regular Season - 5
994958,J2 League Japon,2023/2024,2023-03-19,Fagiano Okayama,Ventforet Kofu,2,3,2-3,Regular Season - 5
994952,J2 League Japon,2023/2024,2023-03-19,Montedio Yamagata,Machida Zelvia,0,3,0-3,Regular Season - 5
994959,J2 League Japon,2023/2024,2023-03-19,Roasso Kumamoto,V-varen Nagasaki,0,2,0-2,Regular Season - 5
994954,J2 League Japon,2023/2024,2023-03-19,Tochigi SC,Omiya Ardija,2,1,2-1,Regular Season - 5
994955,J2 League Japon,2023/2024,2023-03-19,Thespakusatsu Gunma,Vegalta Sendai,1,2,1-2,Regular Season - 5
994951,J2 League Japon,2023/2024,2023-03-19,Blaublitz Akita,Mito Hollyhock,1,1,1-1,Regular Season - 5
994957,J2 League Japon,2023/2024,2023-03-19,Fujieda MYFC,Tokyo Verdy,0,5,0-5,Regular Season - 5
994953,J2 League Japon,2023/2024,2023-03-19,Iwaki,Tokushima Vortis,1,0,1-0,Regular Season - 5
994965,J2 League Japon,2023/2024,2023-03-25,V-varen Nagasaki,Montedio Yamagata,3,2,3-2,Regular Season - 6
994961,J2 League Japon,2023/2024,2023-03-25,Vegalta Sendai,Kanazawa,2,3,2-3,Regular Season - 6
994964,J2 League Japon,2023/2024,2023-03-25,Tokushima Vortis,Blaublitz Akita,0,0,0-0,Regular Season - 6
994963,J2 League Japon,2023/2024,2023-03-25,JEF United Chiba,Fagiano Okayama,1,1,1-1,Regular Season - 6
994962,J2 League Japon,2023/2024,2023-03-25,Omiya Ardija,Oita Trinita,3,0,3-0,Regular Season - 6
994966,J2 League Japon,2023/2024,2023-03-25,Tokyo Verdy,Roasso Kumamoto,3,0,3-0,Regular Season - 6
994968,J2 League Japon,2023/2024,2023-03-26,Renofa Yamaguchi,Fujieda MYFC,0,3,0-3,Regular Season - 6
994967,J2 League Japon,2023/2024,2023-03-26,Iwaki,Machida Zelvia,0,1,0-1,Regular Season - 6
994969,J2 League Japon,2023/2024,2023-03-26,Mito Hollyhock,Ventforet Kofu,2,4,2-4,Regular Season - 6
994971,J2 League Japon,2023/2024,2023-03-29,Jubilo Iwata,Tochigi SC,2,0,2-0,Regular Season - 6
994970,J2 League Japon,2023/2024,2023-03-29,Shimizu S-pulse,Thespakusatsu Gunma,1,3,1-3,Regular Season - 6
994972,J2 League Japon,2023/2024,2023-04-01,Ventforet Kofu,Shimizu S-pulse,1,0,1-0,Regular Season - 7
994973,J2 League Japon,2023/2024,2023-04-01,Vegalta Sendai,V-varen Nagasaki,0,1,0-1,Regular Season - 7
994975,J2 League Japon,2023/2024,2023-04-01,Oita Trinita,Jubilo Iwata,2,1,2-1,Regular Season - 7
994974,J2 League Japon,2023/2024,2023-04-01,Blaublitz Akita,Renofa Yamaguchi,0,1,0-1,Regular Season - 7
994976,J2 League Japon,2023/2024,2023-04-01,Tokyo Verdy,Omiya Ardija,1,0,1-0,Regular Season - 7
994977,J2 League Japon,2023/2024,2023-04-02,Roasso Kumamoto,Tokushima Vortis,1,1,1-1,Regular Season - 7
994981,J2 League Japon,2023/2024,2023-04-02,Kanazawa,JEF United Chiba,2,0,2-0,Regular Season - 7
994980,J2 League Japon,2023/2024,2023-04-02,Machida Zelvia,Fujieda MYFC,1,0,1-0,Regular Season - 7
994982,J2 League Japon,2023/2024,2023-04-02,Fagiano Okayama,Iwaki,1,1,1-1,Regular Season - 7
994978,J2 League Japon,2023/2024,2023-04-02,Montedio Yamagata,Mito Hollyhock,0,1,0-1,Regular Season - 7
994979,J2 League Japon,2023/2024,2023-04-02,Tochigi SC,Thespakusatsu Gunma,1,2,1-2,Regular Season - 7
994983,J2 League Japon,2023/2024,2023-04-08,Ventforet Kofu,Vegalta Sendai,0,3,0-3,Regular Season - 8
994989,J2 League Japon,2023/2024,2023-04-08,Shimizu S-pulse,Tokyo Verdy,2,1,2-1,Regular Season - 8
994987,J2 League Japon,2023/2024,2023-04-08,JEF United Chiba,Tokushima Vortis,2,2,2-2,Regular Season - 8
994988,J2 League Japon,2023/2024,2023-04-08,Machida Zelvia,Blaublitz Akita,0,1,0-1,Regular Season - 8
994991,J2 League Japon,2023/2024,2023-04-08,Renofa Yamaguchi,Tochigi SC,1,1,1-1,Regular Season - 8
994986,J2 League Japon,2023/2024,2023-04-08,Omiya Ardija,Montedio Yamagata,2,1,2-1,Regular Season - 8
994985,J2 League Japon,2023/2024,2023-04-08,Thespakusatsu Gunma,V-varen Nagasaki,1,0,1-0,Regular Season - 8
994990,J2 League Japon,2023/2024,2023-04-08,Fujieda MYFC,Fagiano Okayama,2,2,2-2,Regular Season - 8
994984,J2 League Japon,2023/2024,2023-04-08,Iwaki,Oita Trinita,1,3,1-3,Regular Season - 8
994992,J2 League Japon,2023/2024,2023-04-08,Mito Hollyhock,Jubilo Iwata,1,5,1-5,Regular Season - 8
994993,J2 League Japon,2023/2024,2023-04-09,Roasso Kumamoto,Kanazawa,3,1,3-1,Regular Season - 8
994999,J2 League Japon,2023/2024,2023-04-12,Jubilo Iwata,Machida Zelvia,1,1,1-1,Regular Season - 9
994998,J2 League Japon,2023/2024,2023-04-12,Shimizu S-pulse,Vegalta Sendai,1,1,1-1,Regular Season - 9
995003,J2 League Japon,2023/2024,2023-04-12,V-varen Nagasaki,Ventforet Kofu,2,1,2-1,Regular Season - 9
995004,J2 League Japon,2023/2024,2023-04-12,Oita Trinita,Renofa Yamaguchi,3,1,3-1,Regular Season - 9
995002,J2 League Japon,2023/2024,2023-04-12,Tokushima Vortis,Mito Hollyhock,0,2,0-2,Regular Season - 9
994997,J2 League Japon,2023/2024,2023-04-12,Kanazawa,Iwaki,3,0,3-0,Regular Season - 9
994996,J2 League Japon,2023/2024,2023-04-12,Tokyo Verdy,Blaublitz Akita,2,1,2-1,Regular Season - 9
995001,J2 League Japon,2023/2024,2023-04-12,Fagiano Okayama,Roasso Kumamoto,0,0,0-0,Regular Season - 9
994995,J2 League Japon,2023/2024,2023-04-12,Omiya Ardija,Thespakusatsu Gunma,0,1,0-1,Regular Season - 9
994994,J2 League Japon,2023/2024,2023-04-12,Tochigi SC,Montedio Yamagata,2,1,2-1,Regular Season - 9
995000,J2 League Japon,2023/2024,2023-04-12,Fujieda MYFC,JEF United Chiba,3,1,3-1,Regular Season - 9
995005,J2 League Japon,2023/2024,2023-04-16,Ventforet Kofu,Tochigi SC,1,0,1-0,Regular Season - 10
995006,J2 League Japon,2023/2024,2023-04-16,Vegalta Sendai,Fagiano Okayama,1,1,1-1,Regular Season - 10
995013,J2 League Japon,2023/2024,2023-04-16,Tokushima Vortis,V-varen Nagasaki,0,4,0-4,Regular Season - 10
995010,J2 League Japon,2023/2024,2023-04-16,JEF United Chiba,Tokyo Verdy,1,0,1-0,Regular Season - 10
995011,J2 League Japon,2023/2024,2023-04-16,Machida Zelvia,Oita Trinita,3,1,3-1,Regular Season - 10
995012,J2 League Japon,2023/2024,2023-04-16,Renofa Yamaguchi,Shimizu S-pulse,0,6,0-6,Regular Season - 10
995008,J2 League Japon,2023/2024,2023-04-16,Montedio Yamagata,Kanazawa,0,1,0-1,Regular Season - 10
995007,J2 League Japon,2023/2024,2023-04-16,Blaublitz Akita,Omiya Ardija,2,1,2-1,Regular Season - 10
995009,J2 League Japon,2023/2024,2023-04-16,Iwaki,Thespakusatsu Gunma,2,1,2-1,Regular Season - 10
995014,J2 League Japon,2023/2024,2023-04-16,Mito Hollyhock,Fujieda MYFC,1,4,1-4,Regular Season - 10
995015,J2 League Japon,2023/2024,2023-04-16,Jubilo Iwata,Roasso Kumamoto,1,1,1-1,Regular Season - 10
995016,J2 League Japon,2023/2024,2023-04-21,Roasso Kumamoto,JEF United Chiba,2,2,2-2,Regular Season - 11
995020,J2 League Japon,2023/2024,2023-04-22,V-varen Nagasaki,Blaublitz Akita,4,2,4-2,Regular Season - 11
995018,J2 League Japon,2023/2024,2023-04-22,Ventforet Kofu,Machida Zelvia,1,0,1-0,Regular Season - 11
995019,J2 League Japon,2023/2024,2023-04-22,Fagiano Okayama,Renofa Yamaguchi,1,1,1-1,Regular Season - 11
995017,J2 League Japon,2023/2024,2023-04-22,Omiya Ardija,Shimizu S-pulse,0,3,0-3,Regular Season - 11
995021,J2 League Japon,2023/2024,2023-04-22,Tokyo Verdy,Montedio Yamagata,1,2,1-2,Regular Season - 11
995026,J2 League Japon,2023/2024,2023-04-23,Oita Trinita,Mito Hollyhock,0,1,0-1,Regular Season - 11
995024,J2 League Japon,2023/2024,2023-04-23,Kanazawa,Jubilo Iwata,1,2,1-2,Regular Season - 11
995022,J2 League Japon,2023/2024,2023-04-23,Tochigi SC,Iwaki,1,0,1-0,Regular Season - 11
995023,J2 League Japon,2023/2024,2023-04-23,Thespakusatsu Gunma,Tokushima Vortis,0,0,0-0,Regular Season - 11
995025,J2 League Japon,2023/2024,2023-04-23,Fujieda MYFC,Vegalta Sendai,3,2,3-2,Regular Season - 11
995034,J2 League Japon,2023/2024,2023-04-29,Jubilo Iwata,Tokushima Vortis,2,3,2-3,Regular Season - 12
995033,J2 League Japon,2023/2024,2023-04-29,Shimizu S-pulse,Tochigi SC,2,0,2-0,Regular Season - 12
995027,J2 League Japon,2023/2024,2023-04-29,Vegalta Sendai,Oita Trinita,1,0,1-0,Regular Season - 12
995032,J2 League Japon,2023/2024,2023-04-29,Machida Zelvia,Roasso Kumamoto,2,1,2-1,Regular Season - 12
995029,J2 League Japon,2023/2024,2023-04-29,Montedio Yamagata,Renofa Yamaguchi,1,1,1-1,Regular Season - 12
995031,J2 League Japon,2023/2024,2023-04-29,Thespakusatsu Gunma,Ventforet Kofu,2,1,2-1,Regular Season - 12
995028,J2 League Japon,2023/2024,2023-04-29,Blaublitz Akita,Fagiano Okayama,0,1,0-1,Regular Season - 12
995030,J2 League Japon,2023/2024,2023-04-29,Iwaki,V-varen Nagasaki,0,1,0-1,Regular Season - 12
995035,J2 League Japon,2023/2024,2023-04-29,JEF United Chiba,Omiya Ardija,1,0,1-0,Regular Season - 12
995036,J2 League Japon,2023/2024,2023-04-29,Mito Hollyhock,Tokyo Verdy,0,2,0-2,Regular Season - 12
995037,J2 League Japon,2023/2024,2023-04-30,Kanazawa,Fujieda MYFC,1,1,1-1,Regular Season - 12
995038,J2 League Japon,2023/2024,2023-05-03,Roasso Kumamoto,Thespakusatsu Gunma,2,0,2-0,Regular Season - 13
995046,J2 League Japon,2023/2024,2023-05-03,V-varen Nagasaki,Mito Hollyhock,4,0,4-0,Regular Season - 13
995039,J2 League Japon,2023/2024,2023-05-03,Vegalta Sendai,Blaublitz Akita,2,2,2-2,Regular Season - 13
995045,J2 League Japon,2023/2024,2023-05-03,Tokushima Vortis,Shimizu S-pulse,1,1,1-1,Regular Season - 13
995041,J2 League Japon,2023/2024,2023-05-03,Ventforet Kofu,Iwaki,1,0,1-0,Regular Season - 13
995044,J2 League Japon,2023/2024,2023-05-03,Renofa Yamaguchi,JEF United Chiba,1,1,1-1,Regular Season - 13
995043,J2 League Japon,2023/2024,2023-05-03,Fagiano Okayama,Montedio Yamagata,2,0,2-0,Regular Season - 13
995040,J2 League Japon,2023/2024,2023-05-03,Omiya Ardija,Machida Zelvia,0,1,0-1,Regular Season - 13
995042,J2 League Japon,2023/2024,2023-05-03,Fujieda MYFC,Oita Trinita,0,2,0-2,Regular Season - 13
995047,J2 League Japon,2023/2024,2023-05-03,Tochigi SC,Kanazawa,4,0,4-0,Regular Season - 13
995048,J2 League Japon,2023/2024,2023-05-03,Tokyo Verdy,Jubilo Iwata,0,0,0-0,Regular Season - 13
995049,J2 League Japon,2023/2024,2023-05-07,Roasso Kumamoto,Ventforet Kofu,2,0,2-0,Regular Season - 14
995055,J2 League Japon,2023/2024,2023-05-07,Shimizu S-pulse,Iwaki,9,1,9-1,Regular Season - 14
995056,J2 League Japon,2023/2024,2023-05-07,V-varen Nagasaki,Tokyo Verdy,1,2,1-2,Regular Season - 14
995057,J2 League Japon,2023/2024,2023-05-07,Oita Trinita,Kanazawa,4,3,4-3,Regular Season - 14
995054,J2 League Japon,2023/2024,2023-05-07,Machida Zelvia,Fagiano Okayama,1,1,1-1,Regular Season - 14
995051,J2 League Japon,2023/2024,2023-05-07,Montedio Yamagata,Fujieda MYFC,3,2,3-2,Regular Season - 14
995053,J2 League Japon,2023/2024,2023-05-07,Omiya Ardija,Tokushima Vortis,1,3,1-3,Regular Season - 14
995052,J2 League Japon,2023/2024,2023-05-07,Thespakusatsu Gunma,Renofa Yamaguchi,2,1,2-1,Regular Season - 14
995050,J2 League Japon,2023/2024,2023-05-07,Blaublitz Akita,Tochigi SC,2,1,2-1,Regular Season - 14
995058,J2 League Japon,2023/2024,2023-05-07,Mito Hollyhock,Vegalta Sendai,1,0,1-0,Regular Season - 14
995059,J2 League Japon,2023/2024,2023-05-07,JEF United Chiba,Jubilo Iwata,0,1,0-1,Regular Season - 14
995060,J2 League Japon,2023/2024,2023-05-13,Fagiano Okayama,Omiya Ardija,1,1,1-1,Regular Season - 15
995061,J2 League Japon,2023/2024,2023-05-13,Renofa Yamaguchi,Tokushima Vortis,2,2,2-2,Regular Season - 15
995066,J2 League Japon,2023/2024,2023-05-13,Jubilo Iwata,Thespakusatsu Gunma,4,2,4-2,Regular Season - 15
995065,J2 League Japon,2023/2024,2023-05-13,Shimizu S-pulse,Fujieda MYFC,5,0,5-0,Regular Season - 15
995062,J2 League Japon,2023/2024,2023-05-13,Vegalta Sendai,Montedio Yamagata,2,1,2-1,Regular Season - 15
995064,J2 League Japon,2023/2024,2023-05-13,Kanazawa,V-varen Nagasaki,2,0,2-0,Regular Season - 15
995063,J2 League Japon,2023/2024,2023-05-13,Ventforet Kofu,JEF United Chiba,0,1,0-1,Regular Season - 15
995068,J2 League Japon,2023/2024,2023-05-13,Oita Trinita,Roasso Kumamoto,1,1,1-1,Regular Season - 15
995067,J2 League Japon,2023/2024,2023-05-13,Tokyo Verdy,Machida Zelvia,0,1,0-1,Regular Season - 15
995069,J2 League Japon,2023/2024,2023-05-13,Mito Hollyhock,Tochigi SC,2,2,2-2,Regular Season - 15
995070,J2 League Japon,2023/2024,2023-05-14,Iwaki,Blaublitz Akita,0,1,0-1,Regular Season - 15
995071,J2 League Japon,2023/2024,2023-05-17,Montedio Yamagata,Oita Trinita,5,0,5-0,Regular Season - 16
995080,J2 League Japon,2023/2024,2023-05-17,V-varen Nagasaki,Fagiano Okayama,0,0,0-0,Regular Season - 16
995079,J2 League Japon,2023/2024,2023-05-17,Tokushima Vortis,Kanazawa,2,0,2-0,Regular Season - 16
995076,J2 League Japon,2023/2024,2023-05-17,JEF United Chiba,Shimizu S-pulse,1,0,1-0,Regular Season - 16
995077,J2 League Japon,2023/2024,2023-05-17,Machida Zelvia,Renofa Yamaguchi,2,0,2-0,Regular Season - 16
995081,J2 League Japon,2023/2024,2023-05-17,Roasso Kumamoto,Vegalta Sendai,0,1,0-1,Regular Season - 16
995074,J2 League Japon,2023/2024,2023-05-17,Tochigi SC,Tokyo Verdy,0,2,0-2,Regular Season - 16
995075,J2 League Japon,2023/2024,2023-05-17,Thespakusatsu Gunma,Mito Hollyhock,2,1,2-1,Regular Season - 16
995072,J2 League Japon,2023/2024,2023-05-17,Blaublitz Akita,Ventforet Kofu,0,1,0-1,Regular Season - 16
995078,J2 League Japon,2023/2024,2023-05-17,Fujieda MYFC,Jubilo Iwata,0,1,0-1,Regular Season - 16
995073,J2 League Japon,2023/2024,2023-05-17,Iwaki,Omiya Ardija,2,1,2-1,Regular Season - 16
995089,J2 League Japon,2023/2024,2023-05-21,Oita Trinita,V-varen Nagasaki,1,1,1-1,Regular Season - 17
995086,J2 League Japon,2023/2024,2023-05-21,Kanazawa,Ventforet Kofu,0,1,0-1,Regular Season - 17
995084,J2 League Japon,2023/2024,2023-05-21,JEF United Chiba,Tochigi SC,1,0,1-0,Regular Season - 17
995085,J2 League Japon,2023/2024,2023-05-21,Machida Zelvia,Shimizu S-pulse,2,1,2-1,Regular Season - 17
995088,J2 League Japon,2023/2024,2023-05-21,Renofa Yamaguchi,Tokyo Verdy,0,2,0-2,Regular Season - 17
995082,J2 League Japon,2023/2024,2023-05-21,Montedio Yamagata,Blaublitz Akita,2,1,2-1,Regular Season - 17
995083,J2 League Japon,2023/2024,2023-05-21,Omiya Ardija,Vegalta Sendai,1,1,1-1,Regular Season - 17
995087,J2 League Japon,2023/2024,2023-05-21,Fujieda MYFC,Tokushima Vortis,3,0,3-0,Regular Season - 17
995090,J2 League Japon,2023/2024,2023-05-21,Mito Hollyhock,Roasso Kumamoto,0,3,0-3,Regular Season - 17
995091,J2 League Japon,2023/2024,2023-05-21,Jubilo Iwata,Iwaki,1,1,1-1,Regular Season - 17
995092,J2 League Japon,2023/2024,2023-05-21,Fagiano Okayama,Thespakusatsu Gunma,2,1,2-1,Regular Season - 17
995094,J2 League Japon,2023/2024,2023-05-27,V-varen Nagasaki,Jubilo Iwata,2,1,2-1,Regular Season - 18
995093,J2 League Japon,2023/2024,2023-05-27,Ventforet Kofu,Omiya Ardija,5,1,5-1,Regular Season - 18
995100,J2 League Japon,2023/2024,2023-05-28,Shimizu S-pulse,Kanazawa,3,0,3-0,Regular Season - 18
995095,J2 League Japon,2023/2024,2023-05-28,Vegalta Sendai,JEF United Chiba,2,1,2-1,Regular Season - 18
995101,J2 League Japon,2023/2024,2023-05-28,Tokushima Vortis,Machida Zelvia,2,1,2-1,Regular Season - 18
995099,J2 League Japon,2023/2024,2023-05-28,Tokyo Verdy,Iwaki,0,0,0-0,Regular Season - 18
995102,J2 League Japon,2023/2024,2023-05-28,Roasso Kumamoto,Montedio Yamagata,0,3,0-3,Regular Season - 18
995097,J2 League Japon,2023/2024,2023-05-28,Tochigi SC,Fagiano Okayama,2,1,2-1,Regular Season - 18
995098,J2 League Japon,2023/2024,2023-05-28,Thespakusatsu Gunma,Fujieda MYFC,0,0,0-0,Regular Season - 18
995096,J2 League Japon,2023/2024,2023-05-28,Blaublitz Akita,Oita Trinita,0,0,0-0,Regular Season - 18
995103,J2 League Japon,2023/2024,2023-05-28,Mito Hollyhock,Renofa Yamaguchi,0,1,0-1,Regular Season - 18
995104,J2 League Japon,2023/2024,2023-06-03,Iwaki,Roasso Kumamoto,0,4,0-4,Regular Season - 19
995107,J2 League Japon,2023/2024,2023-06-03,Kanazawa,Thespakusatsu Gunma,1,1,1-1,Regular Season - 19
995109,J2 League Japon,2023/2024,2023-06-03,Renofa Yamaguchi,V-varen Nagasaki,1,1,1-1,Regular Season - 19
995105,J2 League Japon,2023/2024,2023-06-03,Montedio Yamagata,Shimizu S-pulse,2,1,2-1,Regular Season - 19
995106,J2 League Japon,2023/2024,2023-06-03,Omiya Ardija,Mito Hollyhock,1,2,1-2,Regular Season - 19
995110,J2 League Japon,2023/2024,2023-06-03,Jubilo Iwata,Blaublitz Akita,2,0,2-0,Regular Season - 19
995108,J2 League Japon,2023/2024,2023-06-03,Fujieda MYFC,Tochigi SC,1,1,1-1,Regular Season - 19
995111,J2 League Japon,2023/2024,2023-06-03,JEF United Chiba,Machida Zelvia,0,2,0-2,Regular Season - 19
995112,J2 League Japon,2023/2024,2023-06-03,Fagiano Okayama,Tokushima Vortis,2,0,2-0,Regular Season - 19
995114,J2 League Japon,2023/2024,2023-06-04,Oita Trinita,Ventforet Kofu,2,1,2-1,Regular Season - 19
995113,J2 League Japon,2023/2024,2023-06-04,Tokyo Verdy,Vegalta Sendai,0,2,0-2,Regular Season - 19
995115,J2 League Japon,2023/2024,2023-06-11,Vegalta Sendai,Jubilo Iwata,2,3,2-3,Regular Season - 20
995118,J2 League Japon,2023/2024,2023-06-11,Machida Zelvia,V-varen Nagasaki,4,1,4-1,Regular Season - 20
995117,J2 League Japon,2023/2024,2023-06-11,Montedio Yamagata,Iwaki,3,0,3-0,Regular Season - 20
995116,J2 League Japon,2023/2024,2023-06-11,Blaublitz Akita,Kanazawa,0,0,0-0,Regular Season - 20
995121,J2 League Japon,2023/2024,2023-06-11,Tokushima Vortis,Tochigi SC,1,0,1-0,Regular Season - 20
995119,J2 League Japon,2023/2024,2023-06-11,Mito Hollyhock,JEF United Chiba,4,1,4-1,Regular Season - 20
995120,J2 League Japon,2023/2024,2023-06-11,Ventforet Kofu,Renofa Yamaguchi,4,0,4-0,Regular Season - 20
995123,J2 League Japon,2023/2024,2023-06-11,Omiya Ardija,Fujieda MYFC,2,3,2-3,Regular Season - 20
995122,J2 League Japon,2023/2024,2023-06-11,Thespakusatsu Gunma,Oita Trinita,0,1,0-1,Regular Season - 20
995124,J2 League Japon,2023/2024,2023-06-11,Fagiano Okayama,Tokyo Verdy,1,2,1-2,Regular Season - 20
995125,J2 League Japon,2023/2024,2023-06-11,Roasso Kumamoto,Shimizu S-pulse,0,1,0-1,Regular Season - 20
995126,J2 League Japon,2023/2024,2023-06-17,Fujieda MYFC,Roasso Kumamoto,0,4,0-4,Regular Season - 21
995127,J2 League Japon,2023/2024,2023-06-17,Kanazawa,Mito Hollyhock,2,1,2-1,Regular Season - 21
995129,J2 League Japon,2023/2024,2023-06-17,V-varen Nagasaki,Omiya Ardija,2,0,2-0,Regular Season - 21
995130,J2 League Japon,2023/2024,2023-06-17,Oita Trinita,Fagiano Okayama,1,0,1-0,Regular Season - 21
995128,J2 League Japon,2023/2024,2023-06-17,Tokushima Vortis,Montedio Yamagata,1,1,1-1,Regular Season - 21
995131,J2 League Japon,2023/2024,2023-06-18,Renofa Yamaguchi,Vegalta Sendai,2,0,2-0,Regular Season - 21
995132,J2 League Japon,2023/2024,2023-06-18,Iwaki,JEF United Chiba,0,0,0-0,Regular Season - 21
995134,J2 League Japon,2023/2024,2023-06-18,Tokyo Verdy,Thespakusatsu Gunma,2,2,2-2,Regular Season - 21
995133,J2 League Japon,2023/2024,2023-06-18,Tochigi SC,Machida Zelvia,1,1,1-1,Regular Season - 21
995137,J2 League Japon,2023/2024,2023-06-24,Blaublitz Akita,Fujieda MYFC,1,3,1-3,Regular Season - 22
995138,J2 League Japon,2023/2024,2023-06-24,Mito Hollyhock,Machida Zelvia,1,1,1-1,Regular Season - 22
995141,J2 League Japon,2023/2024,2023-06-24,Ventforet Kofu,Fagiano Okayama,0,0,0-0,Regular Season - 22
995140,J2 League Japon,2023/2024,2023-06-24,Omiya Ardija,Iwaki,1,5,1-5,Regular Season - 22
995139,J2 League Japon,2023/2024,2023-06-24,Tochigi SC,Renofa Yamaguchi,0,0,0-0,Regular Season - 22
995144,J2 League Japon,2023/2024,2023-06-24,V-varen Nagasaki,Kanazawa,5,1,5-1,Regular Season - 22
995143,J2 League Japon,2023/2024,2023-06-24,JEF United Chiba,Oita Trinita,1,1,1-1,Regular Season - 22
995142,J2 League Japon,2023/2024,2023-06-24,Montedio Yamagata,Tokyo Verdy,0,2,0-2,Regular Season - 22
995145,J2 League Japon,2023/2024,2023-06-25,Vegalta Sendai,Tokushima Vortis,1,1,1-1,Regular Season - 22
995146,J2 League Japon,2023/2024,2023-06-25,Roasso Kumamoto,Jubilo Iwata,0,2,0-2,Regular Season - 22
995147,J2 League Japon,2023/2024,2023-06-25,Thespakusatsu Gunma,Shimizu S-pulse,1,1,1-1,Regular Season - 22
995136,J2 League Japon,2023/2024,2023-06-28,Jubilo Iwata,Ventforet Kofu,1,1,1-1,Regular Season - 21
995135,J2 League Japon,2023/2024,2023-06-28,Shimizu S-pulse,Blaublitz Akita,0,1,0-1,Regular Season - 21
995149,J2 League Japon,2023/2024,2023-07-01,Shimizu S-pulse,V-varen Nagasaki,3,2,3-2,Regular Season - 23
995148,J2 League Japon,2023/2024,2023-07-01,Machida Zelvia,Omiya Ardija,3,2,3-2,Regular Season - 23
995152,J2 League Japon,2023/2024,2023-07-01,Jubilo Iwata,Oita Trinita,1,1,1-1,Regular Season - 23
995155,J2 League Japon,2023/2024,2023-07-01,Tokushima Vortis,Thespakusatsu Gunma,0,0,0-0,Regular Season - 23
995151,J2 League Japon,2023/2024,2023-07-01,Kanazawa,Tochigi SC,0,1,0-1,Regular Season - 23
995150,J2 League Japon,2023/2024,2023-07-01,JEF United Chiba,Ventforet Kofu,2,1,2-1,Regular Season - 23
995154,J2 League Japon,2023/2024,2023-07-01,Fagiano Okayama,Mito Hollyhock,1,0,1-0,Regular Season - 23
995153,J2 League Japon,2023/2024,2023-07-01,Fujieda MYFC,Renofa Yamaguchi,0,0,0-0,Regular Season - 23
995156,J2 League Japon,2023/2024,2023-07-01,Montedio Yamagata,Vegalta Sendai,4,1,4-1,Regular Season - 23
995157,J2 League Japon,2023/2024,2023-07-02,Blaublitz Akita,Iwaki,1,1,1-1,Regular Season - 23
995158,J2 League Japon,2023/2024,2023-07-02,Roasso Kumamoto,Tokyo Verdy,0,1,0-1,Regular Season - 23
995166,J2 League Japon,2023/2024,2023-07-05,Jubilo Iwata,Kanazawa,2,1,2-1,Regular Season - 24
995159,J2 League Japon,2023/2024,2023-07-05,Vegalta Sendai,Shimizu S-pulse,0,3,0-3,Regular Season - 24
995169,J2 League Japon,2023/2024,2023-07-05,Oita Trinita,Machida Zelvia,0,3,0-3,Regular Season - 24
995161,J2 League Japon,2023/2024,2023-07-05,Mito Hollyhock,Tokushima Vortis,3,1,3-1,Regular Season - 24
995164,J2 League Japon,2023/2024,2023-07-05,Tokyo Verdy,V-varen Nagasaki,1,2,1-2,Regular Season - 24
995165,J2 League Japon,2023/2024,2023-07-05,Ventforet Kofu,Blaublitz Akita,5,1,5-1,Regular Season - 24
995168,J2 League Japon,2023/2024,2023-07-05,Renofa Yamaguchi,Montedio Yamagata,1,0,1-0,Regular Season - 24
995167,J2 League Japon,2023/2024,2023-07-05,Fagiano Okayama,Fujieda MYFC,2,3,2-3,Regular Season - 24
995163,J2 League Japon,2023/2024,2023-07-05,Omiya Ardija,JEF United Chiba,2,1,2-1,Regular Season - 24
995162,J2 League Japon,2023/2024,2023-07-05,Thespakusatsu Gunma,Roasso Kumamoto,1,1,1-1,Regular Season - 24
995160,J2 League Japon,2023/2024,2023-07-05,Iwaki,Tochigi SC,1,0,1-0,Regular Season - 24
995175,J2 League Japon,2023/2024,2023-07-09,V-varen Nagasaki,Renofa Yamaguchi,0,1,0-1,Regular Season - 25
995173,J2 League Japon,2023/2024,2023-07-09,Machida Zelvia,Tokyo Verdy,2,2,2-2,Regular Season - 25
995172,J2 League Japon,2023/2024,2023-07-09,Tochigi SC,Vegalta Sendai,2,2,2-2,Regular Season - 25
995170,J2 League Japon,2023/2024,2023-07-09,Blaublitz Akita,Roasso Kumamoto,1,1,1-1,Regular Season - 25
995174,J2 League Japon,2023/2024,2023-07-09,Fujieda MYFC,Ventforet Kofu,1,4,1-4,Regular Season - 25
995171,J2 League Japon,2023/2024,2023-07-09,Iwaki,Mito Hollyhock,4,3,4-3,Regular Season - 25
995180,J2 League Japon,2023/2024,2023-07-09,Oita Trinita,Shimizu S-pulse,1,2,1-2,Regular Season - 25
995179,J2 League Japon,2023/2024,2023-07-09,Tokushima Vortis,Fagiano Okayama,1,1,1-1,Regular Season - 25
995178,J2 League Japon,2023/2024,2023-07-09,JEF United Chiba,Kanazawa,1,0,1-0,Regular Season - 25
995176,J2 League Japon,2023/2024,2023-07-09,Montedio Yamagata,Jubilo Iwata,1,3,1-3,Regular Season - 25
995177,J2 League Japon,2023/2024,2023-07-09,Thespakusatsu Gunma,Omiya Ardija,2,0,2-0,Regular Season - 25
995181,J2 League Japon,2023/2024,2023-07-15,Tokyo Verdy,Tokushima Vortis,0,0,0-0,Regular Season - 26
995182,J2 League Japon,2023/2024,2023-07-15,Renofa Yamaguchi,Iwaki,0,0,0-0,Regular Season - 26
995187,J2 League Japon,2023/2024,2023-07-16,Shimizu S-pulse,JEF United Chiba,2,2,2-2,Regular Season - 26
995185,J2 League Japon,2023/2024,2023-07-16,Mito Hollyhock,Montedio Yamagata,3,1,3-1,Regular Season - 26
995186,J2 League Japon,2023/2024,2023-07-16,Ventforet Kofu,Thespakusatsu Gunma,0,3,0-3,Regular Season - 26
995188,J2 League Japon,2023/2024,2023-07-16,Fagiano Okayama,V-varen Nagasaki,2,2,2-2,Regular Season - 26
995191,J2 League Japon,2023/2024,2023-07-16,Jubilo Iwata,Fujieda MYFC,4,1,4-1,Regular Season - 26
995190,J2 League Japon,2023/2024,2023-07-16,Kanazawa,Vegalta Sendai,2,1,2-1,Regular Season - 26
995189,J2 League Japon,2023/2024,2023-07-16,Omiya Ardija,Tochigi SC,0,0,0-0,Regular Season - 26
995183,J2 League Japon,2023/2024,2023-07-16,Roasso Kumamoto,Oita Trinita,1,3,1-3,Regular Season - 26
995193,J2 League Japon,2023/2024,2023-07-22,Machida Zelvia,JEF United Chiba,1,3,1-3,Regular Season - 27
995192,J2 League Japon,2023/2024,2023-07-22,Tochigi SC,Shimizu S-pulse,1,1,1-1,Regular Season - 27
995198,J2 League Japon,2023/2024,2023-07-22,Oita Trinita,Iwaki,1,2,1-2,Regular Season - 27
995197,J2 League Japon,2023/2024,2023-07-22,Tokushima Vortis,Ventforet Kofu,1,2,1-2,Regular Season - 27
995196,J2 League Japon,2023/2024,2023-07-22,Renofa Yamaguchi,Blaublitz Akita,1,2,1-2,Regular Season - 27
995194,J2 League Japon,2023/2024,2023-07-22,Montedio Yamagata,V-varen Nagasaki,5,1,5-1,Regular Season - 27
995195,J2 League Japon,2023/2024,2023-07-22,Fujieda MYFC,Kanazawa,1,1,1-1,Regular Season - 27
995199,J2 League Japon,2023/2024,2023-07-23,Mito Hollyhock,Omiya Ardija,0,0,0-0,Regular Season - 27
995200,J2 League Japon,2023/2024,2023-07-23,Vegalta Sendai,Tokyo Verdy,3,4,3-4,Regular Season - 27
995201,J2 League Japon,2023/2024,2023-07-23,Thespakusatsu Gunma,Jubilo Iwata,1,1,1-1,Regular Season - 27
995202,J2 League Japon,2023/2024,2023-07-24,Roasso Kumamoto,Fagiano Okayama,1,2,1-2,Regular Season - 27
995208,J2 League Japon,2023/2024,2023-07-29,Shimizu S-pulse,Fagiano Okayama,1,0,1-0,Regular Season - 28
995207,J2 League Japon,2023/2024,2023-07-29,Machida Zelvia,Tokushima Vortis,2,1,2-1,Regular Season - 28
995206,J2 League Japon,2023/2024,2023-07-29,Tokyo Verdy,Mito Hollyhock,0,0,0-0,Regular Season - 28
995205,J2 League Japon,2023/2024,2023-07-29,Tochigi SC,Ventforet Kofu,3,0,3-0,Regular Season - 28
995203,J2 League Japon,2023/2024,2023-07-29,Blaublitz Akita,Thespakusatsu Gunma,0,0,0-0,Regular Season - 28
995204,J2 League Japon,2023/2024,2023-07-29,Iwaki,Jubilo Iwata,0,1,0-1,Regular Season - 28
995211,J2 League Japon,2023/2024,2023-07-29,V-varen Nagasaki,Roasso Kumamoto,4,1,4-1,Regular Season - 28
995209,J2 League Japon,2023/2024,2023-07-29,Vegalta Sendai,Fujieda MYFC,1,1,1-1,Regular Season - 28
995212,J2 League Japon,2023/2024,2023-07-29,Oita Trinita,Montedio Yamagata,0,1,0-1,Regular Season - 28
995210,J2 League Japon,2023/2024,2023-07-29,JEF United Chiba,Renofa Yamaguchi,4,0,4-0,Regular Season - 28
995213,J2 League Japon,2023/2024,2023-07-30,Kanazawa,Omiya Ardija,1,2,1-2,Regular Season - 28
995215,J2 League Japon,2023/2024,2023-08-05,Fagiano Okayama,Machida Zelvia,1,3,1-3,Regular Season - 29
995214,J2 League Japon,2023/2024,2023-08-05,Fujieda MYFC,Montedio Yamagata,1,2,1-2,Regular Season - 29
995218,J2 League Japon,2023/2024,2023-08-06,V-varen Nagasaki,Iwaki,0,0,0-0,Regular Season - 29
995216,J2 League Japon,2023/2024,2023-08-06,Tokyo Verdy,Shimizu S-pulse,0,1,0-1,Regular Season - 29
995217,J2 League Japon,2023/2024,2023-08-06,Ventforet Kofu,Kanazawa,0,2,0-2,Regular Season - 29
995221,J2 League Japon,2023/2024,2023-08-06,Jubilo Iwata,Vegalta Sendai,4,1,4-1,Regular Season - 29
995223,J2 League Japon,2023/2024,2023-08-06,Tokushima Vortis,JEF United Chiba,3,3,3-3,Regular Season - 29
995222,J2 League Japon,2023/2024,2023-08-06,Renofa Yamaguchi,Oita Trinita,2,2,2-2,Regular Season - 29
995220,J2 League Japon,2023/2024,2023-08-06,Omiya Ardija,Blaublitz Akita,1,0,1-0,Regular Season - 29
995224,J2 League Japon,2023/2024,2023-08-06,Roasso Kumamoto,Mito Hollyhock,0,0,0-0,Regular Season - 29
995219,J2 League Japon,2023/2024,2023-08-06,Thespakusatsu Gunma,Tochigi SC,1,0,1-0,Regular Season - 29
995227,J2 League Japon,2023/2024,2023-08-12,Shimizu S-pulse,Renofa Yamaguchi,1,0,1-0,Regular Season - 30
995226,J2 League Japon,2023/2024,2023-08-12,Machida Zelvia,Jubilo Iwata,2,1,2-1,Regular Season - 30
995225,J2 League Japon,2023/2024,2023-08-12,Mito Hollyhock,V-varen Nagasaki,3,3,3-3,Regular Season - 30
995230,J2 League Japon,2023/2024,2023-08-12,Oita Trinita,Fujieda MYFC,1,0,1-0,Regular Season - 30
995229,J2 League Japon,2023/2024,2023-08-12,Kanazawa,Roasso Kumamoto,1,1,1-1,Regular Season - 30
995228,J2 League Japon,2023/2024,2023-08-12,Montedio Yamagata,JEF United Chiba,1,0,1-0,Regular Season - 30
995231,J2 League Japon,2023/2024,2023-08-13,Blaublitz Akita,Tokyo Verdy,0,1,0-1,Regular Season - 30
995232,J2 League Japon,2023/2024,2023-08-13,Iwaki,Ventforet Kofu,1,1,1-1,Regular Season - 30
995234,J2 League Japon,2023/2024,2023-08-13,Vegalta Sendai,Thespakusatsu Gunma,0,2,0-2,Regular Season - 30
995235,J2 League Japon,2023/2024,2023-08-13,Omiya Ardija,Fagiano Okayama,1,1,1-1,Regular Season - 30
995233,J2 League Japon,2023/2024,2023-08-13,Tochigi SC,Tokushima Vortis,2,2,2-2,Regular Season - 30
995239,J2 League Japon,2023/2024,2023-08-19,Shimizu S-pulse,Machida Zelvia,3,2,3-2,Regular Season - 31
995237,J2 League Japon,2023/2024,2023-08-19,Mito Hollyhock,Blaublitz Akita,1,1,1-1,Regular Season - 31
995238,J2 League Japon,2023/2024,2023-08-19,Ventforet Kofu,Jubilo Iwata,0,1,0-1,Regular Season - 31
995236,J2 League Japon,2023/2024,2023-08-19,Iwaki,Tokyo Verdy,0,0,0-0,Regular Season - 31
995244,J2 League Japon,2023/2024,2023-08-19,V-varen Nagasaki,Tochigi SC,1,2,1-2,Regular Season - 31
995240,J2 League Japon,2023/2024,2023-08-19,Vegalta Sendai,Omiya Ardija,1,0,1-0,Regular Season - 31
995242,J2 League Japon,2023/2024,2023-08-19,JEF United Chiba,Fujieda MYFC,3,2,3-2,Regular Season - 31
995243,J2 League Japon,2023/2024,2023-08-19,Fagiano Okayama,Oita Trinita,1,0,1-0,Regular Season - 31
995241,J2 League Japon,2023/2024,2023-08-19,Montedio Yamagata,Roasso Kumamoto,2,0,2-0,Regular Season - 31
995246,J2 League Japon,2023/2024,2023-08-20,Tokushima Vortis,Renofa Yamaguchi,2,0,2-0,Regular Season - 31
995249,J2 League Japon,2023/2024,2023-08-26,Machida Zelvia,Montedio Yamagata,5,0,5-0,Regular Season - 32
995248,J2 League Japon,2023/2024,2023-08-26,Tokyo Verdy,Fagiano Okayama,2,3,2-3,Regular Season - 32
995247,J2 League Japon,2023/2024,2023-08-26,Tochigi SC,Mito Hollyhock,2,2,2-2,Regular Season - 32
995252,J2 League Japon,2023/2024,2023-08-26,Jubilo Iwata,JEF United Chiba,2,3,2-3,Regular Season - 32
995255,J2 League Japon,2023/2024,2023-08-26,Oita Trinita,Vegalta Sendai,2,3,2-3,Regular Season - 32
995251,J2 League Japon,2023/2024,2023-08-26,Kanazawa,Tokushima Vortis,0,1,0-1,Regular Season - 32
995254,J2 League Japon,2023/2024,2023-08-26,Renofa Yamaguchi,Ventforet Kofu,3,2,3-2,Regular Season - 32
995250,J2 League Japon,2023/2024,2023-08-26,Omiya Ardija,V-varen Nagasaki,0,4,0-4,Regular Season - 32
995256,J2 League Japon,2023/2024,2023-08-27,Blaublitz Akita,Shimizu S-pulse,1,1,1-1,Regular Season - 32
995257,J2 League Japon,2023/2024,2023-08-27,Roasso Kumamoto,Iwaki,2,4,2-4,Regular Season - 32
995259,J2 League Japon,2023/2024,2023-09-02,Kanazawa,Tokyo Verdy,0,3,0-3,Regular Season - 33
995258,J2 League Japon,2023/2024,2023-09-02,Blaublitz Akita,Jubilo Iwata,1,1,1-1,Regular Season - 33
995268,J2 League Japon,2023/2024,2023-09-03,V-varen Nagasaki,Oita Trinita,2,2,2-2,Regular Season - 33
995266,J2 League Japon,2023/2024,2023-09-03,Shimizu S-pulse,Tokushima Vortis,0,0,0-0,Regular Season - 33
995262,J2 League Japon,2023/2024,2023-09-03,Iwaki,Fagiano Okayama,1,2,1-2,Regular Season - 33
995260,J2 League Japon,2023/2024,2023-09-03,Vegalta Sendai,Ventforet Kofu,0,0,0-0,Regular Season - 33
995265,J2 League Japon,2023/2024,2023-09-03,JEF United Chiba,Roasso Kumamoto,1,0,1-0,Regular Season - 33
995267,J2 League Japon,2023/2024,2023-09-03,Renofa Yamaguchi,Mito Hollyhock,1,2,1-2,Regular Season - 33
995261,J2 League Japon,2023/2024,2023-09-03,Montedio Yamagata,Omiya Ardija,1,1,1-1,Regular Season - 33
995263,J2 League Japon,2023/2024,2023-09-03,Tochigi SC,Fujieda MYFC,2,0,2-0,Regular Season - 33
995264,J2 League Japon,2023/2024,2023-09-03,Thespakusatsu Gunma,Machida Zelvia,0,0,0-0,Regular Season - 33
995278,J2 League Japon,2023/2024,2023-09-09,Shimizu S-pulse,Montedio Yamagata,3,0,3-0,Regular Season - 34
995272,J2 League Japon,2023/2024,2023-09-09,Machida Zelvia,Tochigi SC,0,1,0-1,Regular Season - 34
995269,J2 League Japon,2023/2024,2023-09-09,Mito Hollyhock,Kanazawa,3,0,3-0,Regular Season - 34
995271,J2 League Japon,2023/2024,2023-09-09,Tokyo Verdy,Renofa Yamaguchi,2,0,2-0,Regular Season - 34
995273,J2 League Japon,2023/2024,2023-09-09,Ventforet Kofu,Oita Trinita,3,2,3-2,Regular Season - 34
995279,J2 League Japon,2023/2024,2023-09-09,Jubilo Iwata,Omiya Ardija,3,2,3-2,Regular Season - 34
995275,J2 League Japon,2023/2024,2023-09-09,V-varen Nagasaki,Thespakusatsu Gunma,2,1,2-1,Regular Season - 34
995270,J2 League Japon,2023/2024,2023-09-09,JEF United Chiba,Blaublitz Akita,2,1,2-1,Regular Season - 34
995274,J2 League Japon,2023/2024,2023-09-09,Fagiano Okayama,Vegalta Sendai,1,0,1-0,Regular Season - 34
995277,J2 League Japon,2023/2024,2023-09-10,Roasso Kumamoto,Fujieda MYFC,0,2,0-2,Regular Season - 34
995276,J2 League Japon,2023/2024,2023-09-10,Tokushima Vortis,Iwaki,2,0,2-0,Regular Season - 34
995285,J2 League Japon,2023/2024,2023-09-15,Ventforet Kofu,Tokyo Verdy,1,1,1-1,Regular Season - 35
995281,J2 League Japon,2023/2024,2023-09-16,Blaublitz Akita,V-varen Nagasaki,0,0,0-0,Regular Season - 35
995280,J2 League Japon,2023/2024,2023-09-16,Vegalta Sendai,Mito Hollyhock,0,1,0-1,Regular Season - 35
995282,J2 League Japon,2023/2024,2023-09-16,Montedio Yamagata,Fagiano Okayama,2,0,2-0,Regular Season - 35
995284,J2 League Japon,2023/2024,2023-09-16,Omiya Ardija,Roasso Kumamoto,0,3,0-3,Regular Season - 35
995286,J2 League Japon,2023/2024,2023-09-16,Jubilo Iwata,Renofa Yamaguchi,0,0,0-0,Regular Season - 35
995287,J2 League Japon,2023/2024,2023-09-16,Oita Trinita,Tokushima Vortis,3,3,3-3,Regular Season - 35
995283,J2 League Japon,2023/2024,2023-09-16,Tochigi SC,JEF United Chiba,0,1,0-1,Regular Season - 35
995289,J2 League Japon,2023/2024,2023-09-17,Kanazawa,Shimizu S-pulse,0,3,0-3,Regular Season - 35
995290,J2 League Japon,2023/2024,2023-09-17,Fujieda MYFC,Machida Zelvia,0,0,0-0,Regular Season - 35
995288,J2 League Japon,2023/2024,2023-09-17,Thespakusatsu Gunma,Iwaki,1,0,1-0,Regular Season - 35
995293,J2 League Japon,2023/2024,2023-09-23,Mito Hollyhock,Oita Trinita,0,1,0-1,Regular Season - 36
995291,J2 League Japon,2023/2024,2023-09-23,Blaublitz Akita,Montedio Yamagata,1,1,1-1,Regular Season - 36
995297,J2 League Japon,2023/2024,2023-09-23,V-varen Nagasaki,Machida Zelvia,0,6,0-6,Regular Season - 36
995294,J2 League Japon,2023/2024,2023-09-23,JEF United Chiba,Vegalta Sendai,3,1,3-1,Regular Season - 36
995292,J2 League Japon,2023/2024,2023-09-23,Iwaki,Kanazawa,1,0,1-0,Regular Season - 36
995296,J2 League Japon,2023/2024,2023-09-23,Renofa Yamaguchi,Thespakusatsu Gunma,1,0,1-0,Regular Season - 36
995295,J2 League Japon,2023/2024,2023-09-24,Shimizu S-pulse,Ventforet Kofu,0,0,0-0,Regular Season - 36
995299,J2 League Japon,2023/2024,2023-09-24,Fagiano Okayama,Jubilo Iwata,2,1,2-1,Regular Season - 36
995300,J2 League Japon,2023/2024,2023-09-24,Tokushima Vortis,Omiya Ardija,0,1,0-1,Regular Season - 36
995298,J2 League Japon,2023/2024,2023-09-24,Tokyo Verdy,Fujieda MYFC,2,2,2-2,Regular Season - 36
995301,J2 League Japon,2023/2024,2023-09-24,Roasso Kumamoto,Tochigi SC,3,0,3-0,Regular Season - 36
995323,J2 League Japon,2023/2024,2023-09-27,Tokushima Vortis,Roasso Kumamoto,0,1,0-1,Regular Season - 38
995245,J2 League Japon,2023/2024,2023-09-27,Thespakusatsu Gunma,Kanazawa,1,1,1-1,Regular Season - 31
995302,J2 League Japon,2023/2024,2023-09-30,Vegalta Sendai,Roasso Kumamoto,1,0,1-0,Regular Season - 37
995304,J2 League Japon,2023/2024,2023-09-30,Fujieda MYFC,Shimizu S-pulse,2,0,2-0,Regular Season - 37
995303,J2 League Japon,2023/2024,2023-09-30,Ventforet Kofu,Mito Hollyhock,2,1,2-1,Regular Season - 37
995305,J2 League Japon,2023/2024,2023-09-30,Oita Trinita,Omiya Ardija,0,1,0-1,Regular Season - 37
995310,J2 League Japon,2023/2024,2023-10-01,Jubilo Iwata,V-varen Nagasaki,1,0,1-0,Regular Season - 37
995309,J2 League Japon,2023/2024,2023-10-01,Machida Zelvia,Iwaki,2,3,2-3,Regular Season - 37
995312,J2 League Japon,2023/2024,2023-10-01,Renofa Yamaguchi,Kanazawa,3,2,3-2,Regular Season - 37
995311,J2 League Japon,2023/2024,2023-10-01,Fagiano Okayama,JEF United Chiba,0,5,0-5,Regular Season - 37
995306,J2 League Japon,2023/2024,2023-10-01,Montedio Yamagata,Tokushima Vortis,0,1,0-1,Regular Season - 37
995307,J2 League Japon,2023/2024,2023-10-01,Tochigi SC,Blaublitz Akita,1,2,1-2,Regular Season - 37
995308,J2 League Japon,2023/2024,2023-10-01,Thespakusatsu Gunma,Tokyo Verdy,0,0,0-0,Regular Season - 37
995315,J2 League Japon,2023/2024,2023-10-07,Shimizu S-pulse,Jubilo Iwata,1,0,1-0,Regular Season - 38
995313,J2 League Japon,2023/2024,2023-10-07,Omiya Ardija,Renofa Yamaguchi,2,1,2-1,Regular Season - 38
995314,J2 League Japon,2023/2024,2023-10-07,Tokyo Verdy,Oita Trinita,1,0,1-0,Regular Season - 38
995316,J2 League Japon,2023/2024,2023-10-07,V-varen Nagasaki,Fujieda MYFC,5,1,5-1,Regular Season - 38
995322,J2 League Japon,2023/2024,2023-10-08,Kanazawa,Blaublitz Akita,0,2,0-2,Regular Season - 38
995320,J2 League Japon,2023/2024,2023-10-08,JEF United Chiba,Mito Hollyhock,1,1,1-1,Regular Season - 38
995321,J2 League Japon,2023/2024,2023-10-08,Machida Zelvia,Ventforet Kofu,3,3,3-3,Regular Season - 38
995317,J2 League Japon,2023/2024,2023-10-08,Montedio Yamagata,Tochigi SC,2,0,2-0,Regular Season - 38
995318,J2 League Japon,2023/2024,2023-10-08,Iwaki,Vegalta Sendai,2,2,2-2,Regular Season - 38
995319,J2 League Japon,2023/2024,2023-10-08,Thespakusatsu Gunma,Fagiano Okayama,0,0,0-0,Regular Season - 38
995184,J2 League Japon,2023/2024,2023-10-14,Blaublitz Akita,Machida Zelvia,1,2,1-2,Regular Season - 26
995253,J2 League Japon,2023/2024,2023-10-14,Fujieda MYFC,Thespakusatsu Gunma,5,1,5-1,Regular Season - 32
995324,J2 League Japon,2023/2024,2023-10-20,Ventforet Kofu,V-varen Nagasaki,1,1,1-1,Regular Season - 39
995325,J2 League Japon,2023/2024,2023-10-21,Iwaki,Shimizu S-pulse,1,7,1-7,Regular Season - 39
995332,J2 League Japon,2023/2024,2023-10-22,Renofa Yamaguchi,Fagiano Okayama,2,2,2-2,Regular Season - 39
995334,J2 League Japon,2023/2024,2023-10-22,Roasso Kumamoto,Machida Zelvia,0,3,0-3,Regular Season - 39
995333,J2 League Japon,2023/2024,2023-10-22,Tokushima Vortis,Jubilo Iwata,0,3,0-3,Regular Season - 39
995330,J2 League Japon,2023/2024,2023-10-22,Kanazawa,Montedio Yamagata,0,1,0-1,Regular Season - 39
995327,J2 League Japon,2023/2024,2023-10-22,Mito Hollyhock,Thespakusatsu Gunma,1,2,1-2,Regular Season - 39
995329,J2 League Japon,2023/2024,2023-10-22,Tokyo Verdy,JEF United Chiba,3,2,3-2,Regular Season - 39
995328,J2 League Japon,2023/2024,2023-10-22,Tochigi SC,Oita Trinita,1,1,1-1,Regular Season - 39
995326,J2 League Japon,2023/2024,2023-10-22,Blaublitz Akita,Vegalta Sendai,0,1,0-1,Regular Season - 39
995331,J2 League Japon,2023/2024,2023-10-22,Fujieda MYFC,Omiya Ardija,2,3,2-3,Regular Season - 39
995336,J2 League Japon,2023/2024,2023-10-28,Shimizu S-pulse,Roasso Kumamoto,1,3,1-3,Regular Season - 40
995337,J2 League Japon,2023/2024,2023-10-28,Jubilo Iwata,Tokyo Verdy,1,1,1-1,Regular Season - 40
995339,J2 League Japon,2023/2024,2023-10-28,V-varen Nagasaki,Tokushima Vortis,1,2,1-2,Regular Season - 40
995335,J2 League Japon,2023/2024,2023-10-28,Vegalta Sendai,Renofa Yamaguchi,1,1,1-1,Regular Season - 40
995338,J2 League Japon,2023/2024,2023-10-28,Fujieda MYFC,Mito Hollyhock,1,0,1-0,Regular Season - 40
995345,J2 League Japon,2023/2024,2023-10-29,Oita Trinita,Blaublitz Akita,2,1,2-1,Regular Season - 40
995342,J2 League Japon,2023/2024,2023-10-29,JEF United Chiba,Iwaki,1,0,1-0,Regular Season - 40
995343,J2 League Japon,2023/2024,2023-10-29,Machida Zelvia,Kanazawa,1,0,1-0,Regular Season - 40
995344,J2 League Japon,2023/2024,2023-10-29,Fagiano Okayama,Tochigi SC,1,1,1-1,Regular Season - 40
995340,J2 League Japon,2023/2024,2023-10-29,Montedio Yamagata,Thespakusatsu Gunma,2,1,2-1,Regular Season - 40
995341,J2 League Japon,2023/2024,2023-10-29,Omiya Ardija,Ventforet Kofu,0,2,0-2,Regular Season - 40
995346,J2 League Japon,2023/2024,2023-11-03,Ventforet Kofu,Roasso Kumamoto,2,0,2-0,Regular Season - 41
995348,J2 League Japon,2023/2024,2023-11-04,Kanazawa,Oita Trinita,2,2,2-2,Regular Season - 41
995356,J2 League Japon,2023/2024,2023-11-04,Jubilo Iwata,Mito Hollyhock,5,0,5-0,Regular Season - 41
995355,J2 League Japon,2023/2024,2023-11-04,Shimizu S-pulse,Omiya Ardija,4,0,4-0,Regular Season - 41
995350,J2 League Japon,2023/2024,2023-11-04,V-varen Nagasaki,Vegalta Sendai,2,1,2-1,Regular Season - 41
995349,J2 League Japon,2023/2024,2023-11-04,Tokushima Vortis,Fujieda MYFC,0,0,0-0,Regular Season - 41
995347,J2 League Japon,2023/2024,2023-11-04,Iwaki,Montedio Yamagata,1,3,1-3,Regular Season - 41
995354,J2 League Japon,2023/2024,2023-11-05,Renofa Yamaguchi,Machida Zelvia,0,2,0-2,Regular Season - 41
995352,J2 League Japon,2023/2024,2023-11-05,Tokyo Verdy,Tochigi SC,1,0,1-0,Regular Season - 41
995353,J2 League Japon,2023/2024,2023-11-05,Fagiano Okayama,Blaublitz Akita,0,2,0-2,Regular Season - 41
995351,J2 League Japon,2023/2024,2023-11-05,Thespakusatsu Gunma,JEF United Chiba,1,2,1-2,Regular Season - 41
995357,J2 League Japon,2023/2024,2023-11-12,Vegalta Sendai,Machida Zelvia,1,3,1-3,Regular Season - 42
995367,J2 League Japon,2023/2024,2023-11-12,Oita Trinita,Thespakusatsu Gunma,2,1,2-1,Regular Season - 42
995364,J2 League Japon,2023/2024,2023-11-12,Kanazawa,Fagiano Okayama,1,1,1-1,Regular Season - 42
995363,J2 League Japon,2023/2024,2023-11-12,JEF United Chiba,V-varen Nagasaki,1,3,1-3,Regular Season - 42
995360,J2 League Japon,2023/2024,2023-11-12,Mito Hollyhock,Shimizu S-pulse,1,1,1-1,Regular Season - 42
995359,J2 League Japon,2023/2024,2023-11-12,Montedio Yamagata,Ventforet Kofu,2,1,2-1,Regular Season - 42
995362,J2 League Japon,2023/2024,2023-11-12,Omiya Ardija,Tokyo Verdy,0,2,0-2,Regular Season - 42
995366,J2 League Japon,2023/2024,2023-11-12,Roasso Kumamoto,Renofa Yamaguchi,3,1,3-1,Regular Season - 42
995361,J2 League Japon,2023/2024,2023-11-12,Tochigi SC,Jubilo Iwata,1,2,1-2,Regular Season - 42
995358,J2 League Japon,2023/2024,2023-11-12,Blaublitz Akita,Tokushima Vortis,1,1,1-1,Regular Season - 42
995365,J2 League Japon,2023/2024,2023-11-12,Fujieda MYFC,Iwaki,2,4,2-4,Regular Season - 42
1142089,J2 League Japon,2023/2024,2023-11-25,Shimizu S-pulse,Montedio Yamagata,0,0,0-0,Play-offs - 1st Round
1142090,J2 League Japon,2023/2024,2023-11-26,Tokyo Verdy,JEF United Chiba,2,1,2-1,Play-offs - 1st Round
1144405,J2 League Japon,2023/2024,2023-12-02,Tokyo Verdy,Shimizu S-pulse,1,1,1-1,Play-offs - 2nd Round
1153778,J2 League Japon,2024/2025,2024-02-24,Mito Hollyhock,Iwaki,1,0,1-0,Regular Season - 1
1153781,J2 League Japon,2024/2025,2024-02-24,Yokohama FC,Renofa Yamaguchi,1,1,1-1,Regular Season - 1
1153782,J2 League Japon,2024/2025,2024-02-24,Fujieda MYFC,V-varen Nagasaki,0,0,0-0,Regular Season - 1
1153785,J2 League Japon,2024/2025,2024-02-25,Ehime FC,Blaublitz Akita,1,0,1-0,Regular Season - 1
1153780,J2 League Japon,2024/2025,2024-02-25,JEF United Chiba,Montedio Yamagata,2,3,2-3,Regular Season - 1
1153783,J2 League Japon,2024/2025,2024-02-25,Fagiano Okayama,Tochigi SC,3,0,3-0,Regular Season - 1
1153786,J2 League Japon,2024/2025,2024-02-25,Roasso Kumamoto,Shimizu S-pulse,1,2,1-2,Regular Season - 1
1153787,J2 League Japon,2024/2025,2024-02-25,Oita Trinita,Vegalta Sendai,1,1,1-1,Regular Season - 1
1153784,J2 League Japon,2024/2025,2024-02-25,Tokushima Vortis,Ventforet Kofu,1,5,1-5,Regular Season - 1
1153779,J2 League Japon,2024/2025,2024-02-25,Thespakusatsu Gunma,Kagoshima United,1,1,1-1,Regular Season - 1
1166513,J2 League Japon,2024/2025,2024-03-02,V-varen Nagasaki,Vegalta Sendai,1,2,1-2,Regular Season - 2
1166516,J2 League Japon,2024/2025,2024-03-02,Shimizu S-pulse,Ehime FC,2,0,2-0,Regular Season - 2
1166517,J2 League Japon,2024/2025,2024-03-02,Oita Trinita,Yokohama FC,0,0,0-0,Regular Season - 2
1166515,J2 League Japon,2024/2025,2024-03-02,JEF United Chiba,Fujieda MYFC,4,0,4-0,Regular Season - 2
1166514,J2 League Japon,2024/2025,2024-03-02,Mito Hollyhock,Ventforet Kofu,1,2,1-2,Regular Season - 2
1166518,J2 League Japon,2024/2025,2024-03-02,Kagoshima United,Tokushima Vortis,2,1,2-1,Regular Season - 2
1166520,J2 League Japon,2024/2025,2024-03-03,Renofa Yamaguchi,Blaublitz Akita,2,0,2-0,Regular Season - 2
1166521,J2 League Japon,2024/2025,2024-03-03,Roasso Kumamoto,Thespakusatsu Gunma,1,1,1-1,Regular Season - 2
1166519,J2 League Japon,2024/2025,2024-03-03,Iwaki,Fagiano Okayama,1,1,1-1,Regular Season - 2
1166522,J2 League Japon,2024/2025,2024-03-03,Tochigi SC,Montedio Yamagata,1,3,1-3,Regular Season - 2
1166526,J2 League Japon,2024/2025,2024-03-09,Tokushima Vortis,Blaublitz Akita,1,2,1-2,Regular Season - 3
1166524,J2 League Japon,2024/2025,2024-03-09,Yokohama FC,Montedio Yamagata,2,0,2-0,Regular Season - 3
1166525,J2 League Japon,2024/2025,2024-03-09,Ventforet Kofu,Tochigi SC,1,2,1-2,Regular Season - 3
1166523,J2 League Japon,2024/2025,2024-03-09,Iwaki,Kagoshima United,3,1,3-1,Regular Season - 3
1166527,J2 League Japon,2024/2025,2024-03-10,Vegalta Sendai,Mito Hollyhock,1,0,1-0,Regular Season - 3
1166530,J2 League Japon,2024/2025,2024-03-10,V-varen Nagasaki,Shimizu S-pulse,4,1,4-1,Regular Season - 3
1166529,J2 League Japon,2024/2025,2024-03-10,Fagiano Okayama,Renofa Yamaguchi,1,0,1-0,Regular Season - 3
1166528,J2 League Japon,2024/2025,2024-03-10,Fujieda MYFC,Oita Trinita,0,1,0-1,Regular Season - 3
1166531,J2 League Japon,2024/2025,2024-03-10,Ehime FC,Roasso Kumamoto,2,3,2-3,Regular Season - 3
1166532,J2 League Japon,2024/2025,2024-03-10,Thespakusatsu Gunma,JEF United Chiba,1,3,1-3,Regular Season - 3
1166538,J2 League Japon,2024/2025,2024-03-16,Shimizu S-pulse,Oita Trinita,2,0,2-0,Regular Season - 4
1166535,J2 League Japon,2024/2025,2024-03-16,Mito Hollyhock,Tokushima Vortis,1,2,1-2,Regular Season - 4
1166534,J2 League Japon,2024/2025,2024-03-16,Montedio Yamagata,Ventforet Kofu,0,1,0-1,Regular Season - 4
1166536,J2 League Japon,2024/2025,2024-03-16,Tochigi SC,Yokohama FC,1,0,1-0,Regular Season - 4
1166537,J2 League Japon,2024/2025,2024-03-16,Thespakusatsu Gunma,Ehime FC,0,1,0-1,Regular Season - 4
1166533,J2 League Japon,2024/2025,2024-03-16,Blaublitz Akita,Vegalta Sendai,0,0,0-0,Regular Season - 4
1166539,J2 League Japon,2024/2025,2024-03-16,Fujieda MYFC,Fagiano Okayama,0,1,0-1,Regular Season - 4
1166540,J2 League Japon,2024/2025,2024-03-16,Kagoshima United,JEF United Chiba,4,2,4-2,Regular Season - 4
1166541,J2 League Japon,2024/2025,2024-03-17,Roasso Kumamoto,Iwaki,0,6,0-6,Regular Season - 4
1166542,J2 League Japon,2024/2025,2024-03-17,Renofa Yamaguchi,V-varen Nagasaki,0,1,0-1,Regular Season - 4
1166543,J2 League Japon,2024/2025,2024-03-20,Vegalta Sendai,Roasso Kumamoto,0,0,0-0,Regular Season - 5
1166550,J2 League Japon,2024/2025,2024-03-20,Oita Trinita,Kagoshima United,3,0,3-0,Regular Season - 5
1166546,J2 League Japon,2024/2025,2024-03-20,JEF United Chiba,Shimizu S-pulse,1,3,1-3,Regular Season - 5
1166547,J2 League Japon,2024/2025,2024-03-20,Yokohama FC,Thespakusatsu Gunma,1,0,1-0,Regular Season - 5
1166548,J2 League Japon,2024/2025,2024-03-20,Ventforet Kofu,Iwaki,1,1,1-1,Regular Season - 5
1166549,J2 League Japon,2024/2025,2024-03-20,Fagiano Okayama,Mito Hollyhock,1,0,1-0,Regular Season - 5
1166545,J2 League Japon,2024/2025,2024-03-20,Montedio Yamagata,Fujieda MYFC,0,1,0-1,Regular Season - 5
1166544,J2 League Japon,2024/2025,2024-03-20,Blaublitz Akita,Tochigi SC,3,0,3-0,Regular Season - 5
1166551,J2 League Japon,2024/2025,2024-03-20,Ehime FC,V-varen Nagasaki,1,2,1-2,Regular Season - 5
1166552,J2 League Japon,2024/2025,2024-03-20,Tokushima Vortis,Renofa Yamaguchi,1,2,1-2,Regular Season - 5
1166557,J2 League Japon,2024/2025,2024-03-24,Shimizu S-pulse,Blaublitz Akita,1,0,1-0,Regular Season - 6
1166560,J2 League Japon,2024/2025,2024-03-24,V-varen Nagasaki,Ventforet Kofu,1,1,1-1,Regular Season - 6
1166553,J2 League Japon,2024/2025,2024-03-24,Vegalta Sendai,Tokushima Vortis,0,0,0-0,Regular Season - 6
1166555,J2 League Japon,2024/2025,2024-03-24,Mito Hollyhock,JEF United Chiba,0,0,0-0,Regular Season - 6
1166559,J2 League Japon,2024/2025,2024-03-24,Renofa Yamaguchi,Ehime FC,1,1,1-1,Regular Season - 6
1166556,J2 League Japon,2024/2025,2024-03-24,Tochigi SC,Oita Trinita,2,1,2-1,Regular Season - 6
1166561,J2 League Japon,2024/2025,2024-03-24,Kagoshima United,Yokohama FC,0,4,0-4,Regular Season - 6
1166558,J2 League Japon,2024/2025,2024-03-24,Fujieda MYFC,Roasso Kumamoto,2,1,2-1,Regular Season - 6
1166554,J2 League Japon,2024/2025,2024-03-24,Iwaki,Montedio Yamagata,0,0,0-0,Regular Season - 6
1166562,J2 League Japon,2024/2025,2024-03-24,Thespakusatsu Gunma,Fagiano Okayama,1,2,1-2,Regular Season - 6
1166563,J2 League Japon,2024/2025,2024-03-30,Ventforet Kofu,Renofa Yamaguchi,0,2,0-2,Regular Season - 7
1166569,J2 League Japon,2024/2025,2024-03-30,Oita Trinita,Fagiano Okayama,0,0,0-0,Regular Season - 7
1166568,J2 League Japon,2024/2025,2024-03-30,Tokushima Vortis,Thespakusatsu Gunma,0,1,0-1,Regular Season - 7
1166566,J2 League Japon,2024/2025,2024-03-30,Mito Hollyhock,Kagoshima United,0,0,0-0,Regular Season - 7
1166567,J2 League Japon,2024/2025,2024-03-30,Yokohama FC,Vegalta Sendai,1,2,1-2,Regular Season - 7
1166565,J2 League Japon,2024/2025,2024-03-30,Montedio Yamagata,Shimizu S-pulse,2,0,2-0,Regular Season - 7
1166564,J2 League Japon,2024/2025,2024-03-30,Blaublitz Akita,Iwaki,1,0,1-0,Regular Season - 7
1166570,J2 League Japon,2024/2025,2024-03-30,Roasso Kumamoto,JEF United Chiba,1,0,1-0,Regular Season - 7
1166571,J2 League Japon,2024/2025,2024-03-30,Ehime FC,Fujieda MYFC,3,0,3-0,Regular Season - 7
1166572,J2 League Japon,2024/2025,2024-03-30,Tochigi SC,V-varen Nagasaki,1,1,1-1,Regular Season - 7
1166578,J2 League Japon,2024/2025,2024-04-03,Shimizu S-pulse,Tokushima Vortis,1,1,1-1,Regular Season - 8
1166581,J2 League Japon,2024/2025,2024-04-03,V-varen Nagasaki,Montedio Yamagata,2,0,2-0,Regular Season - 8
1166573,J2 League Japon,2024/2025,2024-04-03,Vegalta Sendai,Ehime FC,1,2,1-2,Regular Season - 8
1166577,J2 League Japon,2024/2025,2024-04-03,JEF United Chiba,Tochigi SC,8,0,8-0,Regular Season - 8
1166580,J2 League Japon,2024/2025,2024-04-03,Renofa Yamaguchi,Roasso Kumamoto,1,2,1-2,Regular Season - 8
1166579,J2 League Japon,2024/2025,2024-04-03,Fagiano Okayama,Yokohama FC,1,3,1-3,Regular Season - 8
1166576,J2 League Japon,2024/2025,2024-04-03,Thespakusatsu Gunma,Oita Trinita,0,2,0-2,Regular Season - 8
1166582,J2 League Japon,2024/2025,2024-04-03,Kagoshima United,Ventforet Kofu,0,1,0-1,Regular Season - 8
1166574,J2 League Japon,2024/2025,2024-04-03,Blaublitz Akita,Mito Hollyhock,1,1,1-1,Regular Season - 8
1166575,J2 League Japon,2024/2025,2024-04-03,Iwaki,Fujieda MYFC,3,0,3-0,Regular Season - 8
1166583,J2 League Japon,2024/2025,2024-04-07,Roasso Kumamoto,V-varen Nagasaki,3,4,3-4,Regular Season - 9
1166591,J2 League Japon,2024/2025,2024-04-07,Oita Trinita,Blaublitz Akita,1,3,1-3,Regular Season - 9
1166590,J2 League Japon,2024/2025,2024-04-07,Tokushima Vortis,JEF United Chiba,0,1,0-1,Regular Season - 9
1166587,J2 League Japon,2024/2025,2024-04-07,Yokohama FC,Iwaki,2,2,2-2,Regular Season - 9
1166588,J2 League Japon,2024/2025,2024-04-07,Ventforet Kofu,Shimizu S-pulse,0,1,0-1,Regular Season - 9
1166584,J2 League Japon,2024/2025,2024-04-07,Montedio Yamagata,Kagoshima United,2,0,2-0,Regular Season - 9
1166585,J2 League Japon,2024/2025,2024-04-07,Tochigi SC,Renofa Yamaguchi,0,0,0-0,Regular Season - 9
1166586,J2 League Japon,2024/2025,2024-04-07,Thespakusatsu Gunma,Mito Hollyhock,0,0,0-0,Regular Season - 9
1166589,J2 League Japon,2024/2025,2024-04-07,Fujieda MYFC,Vegalta Sendai,1,1,1-1,Regular Season - 9
1166592,J2 League Japon,2024/2025,2024-04-07,Ehime FC,Fagiano Okayama,2,2,2-2,Regular Season - 9
1166596,J2 League Japon,2024/2025,2024-04-13,V-varen Nagasaki,Tokushima Vortis,6,1,6-1,Regular Season - 10
1166593,J2 League Japon,2024/2025,2024-04-13,Vegalta Sendai,Montedio Yamagata,2,0,2-0,Regular Season - 10
1166595,J2 League Japon,2024/2025,2024-04-13,JEF United Chiba,Oita Trinita,1,1,1-1,Regular Season - 10
1166594,J2 League Japon,2024/2025,2024-04-13,Mito Hollyhock,Tochigi SC,2,2,2-2,Regular Season - 10
1166598,J2 League Japon,2024/2025,2024-04-13,Ehime FC,Kagoshima United,2,2,2-2,Regular Season - 10
1166597,J2 League Japon,2024/2025,2024-04-13,Iwaki,Shimizu S-pulse,2,3,2-3,Regular Season - 10
1166600,J2 League Japon,2024/2025,2024-04-14,Yokohama FC,Fujieda MYFC,2,0,2-0,Regular Season - 10
1166601,J2 League Japon,2024/2025,2024-04-14,Renofa Yamaguchi,Thespakusatsu Gunma,4,0,4-0,Regular Season - 10
1166602,J2 League Japon,2024/2025,2024-04-14,Roasso Kumamoto,Ventforet Kofu,3,3,3-3,Regular Season - 10
1166599,J2 League Japon,2024/2025,2024-04-14,Blaublitz Akita,Fagiano Okayama,0,0,0-0,Regular Season - 10
1166605,J2 League Japon,2024/2025,2024-04-20,Shimizu S-pulse,Vegalta Sendai,3,2,3-2,Regular Season - 11
1166604,J2 League Japon,2024/2025,2024-04-20,Ventforet Kofu,Thespakusatsu Gunma,4,1,4-1,Regular Season - 11
1166607,J2 League Japon,2024/2025,2024-04-20,Fagiano Okayama,Roasso Kumamoto,2,0,2-0,Regular Season - 11
1166603,J2 League Japon,2024/2025,2024-04-20,Montedio Yamagata,Ehime FC,2,1,2-1,Regular Season - 11
1166606,J2 League Japon,2024/2025,2024-04-20,Fujieda MYFC,Tokushima Vortis,0,1,0-1,Regular Season - 11
1166610,J2 League Japon,2024/2025,2024-04-21,V-varen Nagasaki,Yokohama FC,1,0,1-0,Regular Season - 11
1166611,J2 League Japon,2024/2025,2024-04-21,Oita Trinita,Iwaki,0,2,0-2,Regular Season - 11
1166608,J2 League Japon,2024/2025,2024-04-21,JEF United Chiba,Blaublitz Akita,1,2,1-2,Regular Season - 11
1166609,J2 League Japon,2024/2025,2024-04-21,Renofa Yamaguchi,Mito Hollyhock,1,2,1-2,Regular Season - 11
1166612,J2 League Japon,2024/2025,2024-04-21,Kagoshima United,Tochigi SC,2,1,2-1,Regular Season - 11
1166613,J2 League Japon,2024/2025,2024-04-27,Vegalta Sendai,JEF United Chiba,0,2,0-2,Regular Season - 12
1166614,J2 League Japon,2024/2025,2024-04-27,Mito Hollyhock,Fujieda MYFC,2,3,2-3,Regular Season - 12
1166615,J2 League Japon,2024/2025,2024-04-27,Thespakusatsu Gunma,V-varen Nagasaki,1,2,1-2,Regular Season - 12
1166616,J2 League Japon,2024/2025,2024-04-27,Ehime FC,Ventforet Kofu,2,1,2-1,Regular Season - 12
1166617,J2 League Japon,2024/2025,2024-04-28,Fagiano Okayama,Shimizu S-pulse,0,1,0-1,Regular Season - 12
1166618,J2 League Japon,2024/2025,2024-04-28,Roasso Kumamoto,Oita Trinita,1,2,1-2,Regular Season - 12
1166621,J2 League Japon,2024/2025,2024-04-28,Tokushima Vortis,Montedio Yamagata,2,1,2-1,Regular Season - 12
1166620,J2 League Japon,2024/2025,2024-04-28,Tochigi SC,Iwaki,0,1,0-1,Regular Season - 12
1166622,J2 League Japon,2024/2025,2024-04-28,Kagoshima United,Renofa Yamaguchi,0,1,0-1,Regular Season - 12
1166619,J2 League Japon,2024/2025,2024-04-28,Blaublitz Akita,Yokohama FC,0,2,0-2,Regular Season - 12
1166623,J2 League Japon,2024/2025,2024-05-03,Tokushima Vortis,Ehime FC,0,0,0-0,Regular Season - 13
1166628,J2 League Japon,2024/2025,2024-05-03,Shimizu S-pulse,Tochigi SC,4,1,4-1,Regular Season - 13
1166630,J2 League Japon,2024/2025,2024-05-03,V-varen Nagasaki,Blaublitz Akita,2,2,2-2,Regular Season - 13
1166624,J2 League Japon,2024/2025,2024-05-03,Vegalta Sendai,Renofa Yamaguchi,2,1,2-1,Regular Season - 13
1166626,J2 League Japon,2024/2025,2024-05-03,Yokohama FC,Mito Hollyhock,2,0,2-0,Regular Season - 13
1166627,J2 League Japon,2024/2025,2024-05-03,Ventforet Kofu,Oita Trinita,1,2,1-2,Regular Season - 13
1166625,J2 League Japon,2024/2025,2024-05-03,Montedio Yamagata,Fagiano Okayama,2,2,2-2,Regular Season - 13
1166631,J2 League Japon,2024/2025,2024-05-03,Roasso Kumamoto,Kagoshima United,2,2,2-2,Regular Season - 13
1166629,J2 League Japon,2024/2025,2024-05-03,Fujieda MYFC,Thespakusatsu Gunma,2,1,2-1,Regular Season - 13
1166632,J2 League Japon,2024/2025,2024-05-03,Iwaki,JEF United Chiba,1,0,1-0,Regular Season - 13
1166639,J2 League Japon,2024/2025,2024-05-06,Oita Trinita,V-varen Nagasaki,0,0,0-0,Regular Season - 14
1166634,J2 League Japon,2024/2025,2024-05-06,Mito Hollyhock,Roasso Kumamoto,2,0,2-0,Regular Season - 14
1166638,J2 League Japon,2024/2025,2024-05-06,Renofa Yamaguchi,Montedio Yamagata,2,0,2-0,Regular Season - 14
1166637,J2 League Japon,2024/2025,2024-05-06,Fagiano Okayama,Tokushima Vortis,1,2,1-2,Regular Season - 14
1166635,J2 League Japon,2024/2025,2024-05-06,Tochigi SC,Fujieda MYFC,0,1,0-1,Regular Season - 14
1166636,J2 League Japon,2024/2025,2024-05-06,Thespakusatsu Gunma,Shimizu S-pulse,0,3,0-3,Regular Season - 14
1166640,J2 League Japon,2024/2025,2024-05-06,Kagoshima United,Vegalta Sendai,0,1,0-1,Regular Season - 14
1166633,J2 League Japon,2024/2025,2024-05-06,Blaublitz Akita,Ventforet Kofu,2,3,2-3,Regular Season - 14
1166641,J2 League Japon,2024/2025,2024-05-06,Ehime FC,Iwaki,0,0,0-0,Regular Season - 14
1166642,J2 League Japon,2024/2025,2024-05-06,JEF United Chiba,Yokohama FC,1,0,1-0,Regular Season - 14
1166644,J2 League Japon,2024/2025,2024-05-11,Shimizu S-pulse,Kagoshima United,4,0,4-0,Regular Season - 15
1166643,J2 League Japon,2024/2025,2024-05-11,Vegalta Sendai,Thespakusatsu Gunma,2,1,2-1,Regular Season - 15
1166646,J2 League Japon,2024/2025,2024-05-12,Roasso Kumamoto,Yokohama FC,0,0,0-0,Regular Season - 15
1166645,J2 League Japon,2024/2025,2024-05-12,Iwaki,Renofa Yamaguchi,1,2,1-2,Regular Season - 15
1166650,J2 League Japon,2024/2025,2024-05-12,V-varen Nagasaki,Fagiano Okayama,0,0,0-0,Regular Season - 15
1166651,J2 League Japon,2024/2025,2024-05-12,Oita Trinita,Ehime FC,2,2,2-2,Regular Season - 15
1166649,J2 League Japon,2024/2025,2024-05-12,Tokushima Vortis,Tochigi SC,1,0,1-0,Regular Season - 15
1166647,J2 League Japon,2024/2025,2024-05-12,Montedio Yamagata,Mito Hollyhock,0,1,0-1,Regular Season - 15
1166648,J2 League Japon,2024/2025,2024-05-12,Fujieda MYFC,Blaublitz Akita,1,0,1-0,Regular Season - 15
1166652,J2 League Japon,2024/2025,2024-05-12,Ventforet Kofu,JEF United Chiba,2,2,2-2,Regular Season - 15
1166658,J2 League Japon,2024/2025,2024-05-18,Tokushima Vortis,Roasso Kumamoto,1,2,1-2,Regular Season - 16
1166656,J2 League Japon,2024/2025,2024-05-18,JEF United Chiba,Ehime FC,7,1,7-1,Regular Season - 16
1166654,J2 League Japon,2024/2025,2024-05-18,Mito Hollyhock,Oita Trinita,1,1,1-1,Regular Season - 16
1166657,J2 League Japon,2024/2025,2024-05-18,Yokohama FC,Shimizu S-pulse,2,0,2-0,Regular Season - 16
1166653,J2 League Japon,2024/2025,2024-05-18,Montedio Yamagata,Blaublitz Akita,0,2,0-2,Regular Season - 16
1166655,J2 League Japon,2024/2025,2024-05-18,Thespakusatsu Gunma,Iwaki,0,1,0-1,Regular Season - 16
1166659,J2 League Japon,2024/2025,2024-05-18,Kagoshima United,V-varen Nagasaki,0,3,0-3,Regular Season - 16
1166661,J2 League Japon,2024/2025,2024-05-19,Renofa Yamaguchi,Fujieda MYFC,2,1,2-1,Regular Season - 16
1166660,J2 League Japon,2024/2025,2024-05-19,Fagiano Okayama,Ventforet Kofu,2,0,2-0,Regular Season - 16
1166662,J2 League Japon,2024/2025,2024-05-19,Tochigi SC,Vegalta Sendai,1,2,1-2,Regular Season - 16
1166663,J2 League Japon,2024/2025,2024-05-25,Ehime FC,Tochigi SC,0,0,0-0,Regular Season - 17
1166665,J2 League Japon,2024/2025,2024-05-25,V-varen Nagasaki,JEF United Chiba,1,0,1-0,Regular Season - 17
1166664,J2 League Japon,2024/2025,2024-05-25,Fujieda MYFC,Kagoshima United,1,1,1-1,Regular Season - 17
1166666,J2 League Japon,2024/2025,2024-05-25,Ventforet Kofu,Yokohama FC,1,2,1-2,Regular Season - 17
1166670,J2 League Japon,2024/2025,2024-05-26,Shimizu S-pulse,Mito Hollyhock,2,1,2-1,Regular Season - 17
1166667,J2 League Japon,2024/2025,2024-05-26,Vegalta Sendai,Fagiano Okayama,1,4,1-4,Regular Season - 17
1166672,J2 League Japon,2024/2025,2024-05-26,Oita Trinita,Renofa Yamaguchi,0,0,0-0,Regular Season - 17
1166671,J2 League Japon,2024/2025,2024-05-26,Roasso Kumamoto,Montedio Yamagata,0,1,0-1,Regular Season - 17
1166668,J2 League Japon,2024/2025,2024-05-26,Blaublitz Akita,Thespakusatsu Gunma,1,1,1-1,Regular Season - 17
1166669,J2 League Japon,2024/2025,2024-05-26,Iwaki,Tokushima Vortis,1,1,1-1,Regular Season - 17
1166674,J2 League Japon,2024/2025,2024-06-01,Oita Trinita,Tokushima Vortis,1,2,1-2,Regular Season - 18
1166673,J2 League Japon,2024/2025,2024-06-01,Fujieda MYFC,Ventforet Kofu,2,1,2-1,Regular Season - 18
1166675,J2 League Japon,2024/2025,2024-06-01,JEF United Chiba,Fagiano Okayama,2,1,2-1,Regular Season - 18
1166676,J2 League Japon,2024/2025,2024-06-01,Yokohama FC,Ehime FC,2,1,2-1,Regular Season - 18
1166677,J2 League Japon,2024/2025,2024-06-02,Iwaki,Vegalta Sendai,1,2,1-2,Regular Season - 18
1166678,J2 League Japon,2024/2025,2024-06-02,Mito Hollyhock,V-varen Nagasaki,2,3,2-3,Regular Season - 18
1166680,J2 League Japon,2024/2025,2024-06-02,Renofa Yamaguchi,Shimizu S-pulse,2,0,2-0,Regular Season - 18
1166679,J2 League Japon,2024/2025,2024-06-02,Thespakusatsu Gunma,Montedio Yamagata,0,0,0-0,Regular Season - 18
1166681,J2 League Japon,2024/2025,2024-06-02,Kagoshima United,Blaublitz Akita,0,0,0-0,Regular Season - 18
1166682,J2 League Japon,2024/2025,2024-06-02,Tochigi SC,Roasso Kumamoto,1,3,1-3,Regular Season - 18
1166683,J2 League Japon,2024/2025,2024-06-08,Blaublitz Akita,Roasso Kumamoto,1,1,1-1,Regular Season - 19
1166685,J2 League Japon,2024/2025,2024-06-08,Shimizu S-pulse,Fujieda MYFC,1,0,1-0,Regular Season - 19
1166686,J2 League Japon,2024/2025,2024-06-08,Tokushima Vortis,Yokohama FC,0,1,0-1,Regular Season - 19
1166684,J2 League Japon,2024/2025,2024-06-08,Ventforet Kofu,Vegalta Sendai,1,1,1-1,Regular Season - 19
1166687,J2 League Japon,2024/2025,2024-06-08,Ehime FC,Mito Hollyhock,1,0,1-0,Regular Season - 19
1166689,J2 League Japon,2024/2025,2024-06-08,Renofa Yamaguchi,JEF United Chiba,1,2,1-2,Regular Season - 19
1166688,J2 League Japon,2024/2025,2024-06-08,Tochigi SC,Thespakusatsu Gunma,1,1,1-1,Regular Season - 19
1166690,J2 League Japon,2024/2025,2024-06-09,Montedio Yamagata,Oita Trinita,0,0,0-0,Regular Season - 19
1166692,J2 League Japon,2024/2025,2024-06-09,Fagiano Okayama,Kagoshima United,1,1,1-1,Regular Season - 19
1166693,J2 League Japon,2024/2025,2024-06-15,Fujieda MYFC,Yokohama FC,1,3,1-3,Regular Season - 20
1166694,J2 League Japon,2024/2025,2024-06-15,Kagoshima United,Montedio Yamagata,2,1,2-1,Regular Season - 20
1166695,J2 League Japon,2024/2025,2024-06-16,Iwaki,Ventforet Kofu,1,1,1-1,Regular Season - 20
1166696,J2 League Japon,2024/2025,2024-06-16,Mito Hollyhock,Blaublitz Akita,1,0,1-0,Regular Season - 20
1166697,J2 League Japon,2024/2025,2024-06-16,Vegalta Sendai,V-varen Nagasaki,2,2,2-2,Regular Season - 20
1166700,J2 League Japon,2024/2025,2024-06-16,Oita Trinita,Tochigi SC,0,2,0-2,Regular Season - 20
1166699,J2 League Japon,2024/2025,2024-06-16,Roasso Kumamoto,Fagiano Okayama,0,1,0-1,Regular Season - 20
1166698,J2 League Japon,2024/2025,2024-06-16,Ehime FC,Shimizu S-pulse,3,0,3-0,Regular Season - 20
1166701,J2 League Japon,2024/2025,2024-06-16,Thespakusatsu Gunma,Renofa Yamaguchi,0,1,0-1,Regular Season - 20
1166702,J2 League Japon,2024/2025,2024-06-16,JEF United Chiba,Tokushima Vortis,1,0,1-0,Regular Season - 20
1166703,J2 League Japon,2024/2025,2024-06-22,Montedio Yamagata,Vegalta Sendai,1,1,1-1,Regular Season - 21
1166704,J2 League Japon,2024/2025,2024-06-22,Yokohama FC,Roasso Kumamoto,5,0,5-0,Regular Season - 21
1166705,J2 League Japon,2024/2025,2024-06-22,Ventforet Kofu,Ehime FC,1,2,1-2,Regular Season - 21
1166709,J2 League Japon,2024/2025,2024-06-22,V-varen Nagasaki,Fujieda MYFC,2,0,2-0,Regular Season - 21
1166708,J2 League Japon,2024/2025,2024-06-22,Renofa Yamaguchi,Iwaki,0,3,0-3,Regular Season - 21
1166707,J2 League Japon,2024/2025,2024-06-22,Fagiano Okayama,Thespakusatsu Gunma,1,0,1-0,Regular Season - 21
1166706,J2 League Japon,2024/2025,2024-06-22,Tochigi SC,JEF United Chiba,2,1,2-1,Regular Season - 21
1166710,J2 League Japon,2024/2025,2024-06-22,Kagoshima United,Oita Trinita,3,0,3-0,Regular Season - 21
1166711,J2 League Japon,2024/2025,2024-06-23,Blaublitz Akita,Shimizu S-pulse,3,1,3-1,Regular Season - 21
1166712,J2 League Japon,2024/2025,2024-06-23,Tokushima Vortis,Mito Hollyhock,1,0,1-0,Regular Season - 21
1166691,J2 League Japon,2024/2025,2024-06-26,V-varen Nagasaki,Iwaki,3,1,3-1,Regular Season - 19
1166714,J2 League Japon,2024/2025,2024-06-29,Mito Hollyhock,Renofa Yamaguchi,1,1,1-1,Regular Season - 22
1166715,J2 League Japon,2024/2025,2024-06-29,Roasso Kumamoto,Ehime FC,4,0,4-0,Regular Season - 22
1166713,J2 League Japon,2024/2025,2024-06-29,Iwaki,Yokohama FC,0,4,0-4,Regular Season - 22
1166716,J2 League Japon,2024/2025,2024-06-29,Vegalta Sendai,Tochigi SC,3,2,3-2,Regular Season - 22
1166719,J2 League Japon,2024/2025,2024-06-29,Oita Trinita,Ventforet Kofu,0,0,0-0,Regular Season - 22
1166718,J2 League Japon,2024/2025,2024-06-29,Tokushima Vortis,V-varen Nagasaki,2,2,2-2,Regular Season - 22
1166717,J2 League Japon,2024/2025,2024-06-29,Thespakusatsu Gunma,Fujieda MYFC,1,2,1-2,Regular Season - 22
1166720,J2 League Japon,2024/2025,2024-06-30,Blaublitz Akita,Montedio Yamagata,0,3,0-3,Regular Season - 22
1166721,J2 League Japon,2024/2025,2024-06-30,Shimizu S-pulse,Fagiano Okayama,3,1,3-1,Regular Season - 22
1166722,J2 League Japon,2024/2025,2024-06-30,JEF United Chiba,Kagoshima United,2,1,2-1,Regular Season - 22
1166724,J2 League Japon,2024/2025,2024-07-06,Yokohama FC,Blaublitz Akita,1,0,1-0,Regular Season - 23
1166725,J2 League Japon,2024/2025,2024-07-06,Ventforet Kofu,Tokushima Vortis,1,3,1-3,Regular Season - 23
1166726,J2 League Japon,2024/2025,2024-07-06,Fujieda MYFC,Mito Hollyhock,3,1,3-1,Regular Season - 23
1166723,J2 League Japon,2024/2025,2024-07-06,Iwaki,Oita Trinita,0,1,0-1,Regular Season - 23
1166727,J2 League Japon,2024/2025,2024-07-06,Shimizu S-pulse,JEF United Chiba,2,0,2-0,Regular Season - 23
1166731,J2 League Japon,2024/2025,2024-07-06,V-varen Nagasaki,Roasso Kumamoto,2,0,2-0,Regular Season - 23
1166730,J2 League Japon,2024/2025,2024-07-06,Renofa Yamaguchi,Kagoshima United,1,0,1-0,Regular Season - 23
1166729,J2 League Japon,2024/2025,2024-07-06,Fagiano Okayama,Vegalta Sendai,2,0,2-0,Regular Season - 23
1166728,J2 League Japon,2024/2025,2024-07-06,Montedio Yamagata,Tochigi SC,1,0,1-0,Regular Season - 23
1166732,J2 League Japon,2024/2025,2024-07-07,Ehime FC,Thespakusatsu Gunma,0,4,0-4,Regular Season - 23
1166734,J2 League Japon,2024/2025,2024-07-13,Kagoshima United,Thespakusatsu Gunma,1,1,1-1,Regular Season - 24
1166733,J2 League Japon,2024/2025,2024-07-13,Fujieda MYFC,Ehime FC,0,1,0-1,Regular Season - 24
1166736,J2 League Japon,2024/2025,2024-07-14,Mito Hollyhock,Yokohama FC,2,2,2-2,Regular Season - 24
1166737,J2 League Japon,2024/2025,2024-07-14,Ventforet Kofu,V-varen Nagasaki,2,2,2-2,Regular Season - 24
1166735,J2 League Japon,2024/2025,2024-07-14,Blaublitz Akita,Renofa Yamaguchi,1,0,1-0,Regular Season - 24
1166742,J2 League Japon,2024/2025,2024-07-14,Oita Trinita,Shimizu S-pulse,0,2,0-2,Regular Season - 24
1166741,J2 League Japon,2024/2025,2024-07-14,Tokushima Vortis,Vegalta Sendai,2,0,2-0,Regular Season - 24
1166740,J2 League Japon,2024/2025,2024-07-14,JEF United Chiba,Roasso Kumamoto,0,2,0-2,Regular Season - 24
1166738,J2 League Japon,2024/2025,2024-07-14,Montedio Yamagata,Iwaki,1,2,1-2,Regular Season - 24
1166739,J2 League Japon,2024/2025,2024-07-14,Tochigi SC,Fagiano Okayama,1,1,1-1,Regular Season - 24
1166743,J2 League Japon,2024/2025,2024-08-03,Yokohama FC,JEF United Chiba,2,1,2-1,Regular Season - 25
1166749,J2 League Japon,2024/2025,2024-08-03,V-varen Nagasaki,Mito Hollyhock,1,2,1-2,Regular Season - 25
1166744,J2 League Japon,2024/2025,2024-08-03,Vegalta Sendai,Shimizu S-pulse,2,1,2-1,Regular Season - 25
1166747,J2 League Japon,2024/2025,2024-08-03,Renofa Yamaguchi,Oita Trinita,2,0,2-0,Regular Season - 25
1166746,J2 League Japon,2024/2025,2024-08-03,Fagiano Okayama,Montedio Yamagata,1,1,1-1,Regular Season - 25
1166750,J2 League Japon,2024/2025,2024-08-03,Roasso Kumamoto,Tochigi SC,0,2,0-2,Regular Season - 25
1166748,J2 League Japon,2024/2025,2024-08-03,Ehime FC,Tokushima Vortis,0,1,0-1,Regular Season - 25
1166745,J2 League Japon,2024/2025,2024-08-03,Thespakusatsu Gunma,Ventforet Kofu,0,1,0-1,Regular Season - 25
1166751,J2 League Japon,2024/2025,2024-08-03,Kagoshima United,Fujieda MYFC,2,3,2-3,Regular Season - 25
1166752,J2 League Japon,2024/2025,2024-08-04,Iwaki,Blaublitz Akita,2,0,2-0,Regular Season - 25
1166754,J2 League Japon,2024/2025,2024-08-10,Mito Hollyhock,Vegalta Sendai,0,1,0-1,Regular Season - 26
1166755,J2 League Japon,2024/2025,2024-08-10,Yokohama FC,V-varen Nagasaki,0,0,0-0,Regular Season - 26
1166756,J2 League Japon,2024/2025,2024-08-10,Ventforet Kofu,Fujieda MYFC,3,0,3-0,Regular Season - 26
1166753,J2 League Japon,2024/2025,2024-08-10,Iwaki,Ehime FC,2,1,2-1,Regular Season - 26
1166757,J2 League Japon,2024/2025,2024-08-10,Shimizu S-pulse,Thespakusatsu Gunma,4,0,4-0,Regular Season - 26
1166759,J2 League Japon,2024/2025,2024-08-10,Renofa Yamaguchi,Tochigi SC,4,3,4-3,Regular Season - 26
1166758,J2 League Japon,2024/2025,2024-08-10,Fagiano Okayama,JEF United Chiba,0,0,0-0,Regular Season - 26
1166760,J2 League Japon,2024/2025,2024-08-11,Blaublitz Akita,Kagoshima United,2,0,2-0,Regular Season - 26
1166762,J2 League Japon,2024/2025,2024-08-11,Oita Trinita,Roasso Kumamoto,2,1,2-1,Regular Season - 26
1166761,J2 League Japon,2024/2025,2024-08-11,Montedio Yamagata,Tokushima Vortis,1,0,1-0,Regular Season - 26
1166763,J2 League Japon,2024/2025,2024-08-17,Shimizu S-pulse,Ventforet Kofu,3,0,3-0,Regular Season - 27
1166764,J2 League Japon,2024/2025,2024-08-17,Vegalta Sendai,Kagoshima United,1,0,1-0,Regular Season - 27
1166770,J2 League Japon,2024/2025,2024-08-17,Tokushima Vortis,Fagiano Okayama,1,1,1-1,Regular Season - 27
1166768,J2 League Japon,2024/2025,2024-08-17,JEF United Chiba,Iwaki,0,3,0-3,Regular Season - 27
1166765,J2 League Japon,2024/2025,2024-08-17,Montedio Yamagata,V-varen Nagasaki,4,2,4-2,Regular Season - 27
1166771,J2 League Japon,2024/2025,2024-08-17,Roasso Kumamoto,Mito Hollyhock,0,1,0-1,Regular Season - 27
1166766,J2 League Japon,2024/2025,2024-08-17,Tochigi SC,Blaublitz Akita,0,0,0-0,Regular Season - 27
1166767,J2 League Japon,2024/2025,2024-08-17,Thespakusatsu Gunma,Yokohama FC,1,2,1-2,Regular Season - 27
1166769,J2 League Japon,2024/2025,2024-08-17,Fujieda MYFC,Renofa Yamaguchi,3,0,3-0,Regular Season - 27
1166772,J2 League Japon,2024/2025,2024-08-18,Ehime FC,Oita Trinita,3,2,3-2,Regular Season - 27
1166773,J2 League Japon,2024/2025,2024-08-24,Yokohama FC,Tokushima Vortis,2,0,2-0,Regular Season - 28
1166776,J2 League Japon,2024/2025,2024-08-24,V-varen Nagasaki,Renofa Yamaguchi,1,2,1-2,Regular Season - 28
1166775,J2 League Japon,2024/2025,2024-08-24,Fagiano Okayama,Oita Trinita,0,0,0-0,Regular Season - 28
1166777,J2 League Japon,2024/2025,2024-08-24,Kagoshima United,Shimizu S-pulse,0,1,0-1,Regular Season - 28
1166774,J2 League Japon,2024/2025,2024-08-24,Fujieda MYFC,Montedio Yamagata,0,1,0-1,Regular Season - 28
1166780,J2 League Japon,2024/2025,2024-08-25,Mito Hollyhock,Thespakusatsu Gunma,2,1,2-1,Regular Season - 28
1166778,J2 League Japon,2024/2025,2024-08-25,Blaublitz Akita,Ehime FC,0,0,0-0,Regular Season - 28
1166779,J2 League Japon,2024/2025,2024-08-25,Iwaki,Roasso Kumamoto,3,4,3-4,Regular Season - 28
1166782,J2 League Japon,2024/2025,2024-08-25,JEF United Chiba,Vegalta Sendai,4,2,4-2,Regular Season - 28
1166781,J2 League Japon,2024/2025,2024-08-25,Tochigi SC,Ventforet Kofu,1,2,1-2,Regular Season - 28
1166783,J2 League Japon,2024/2025,2024-08-31,Mito Hollyhock,Ehime FC,3,1,3-1,Regular Season - 29
1166784,J2 League Japon,2024/2025,2024-08-31,Ventforet Kofu,Kagoshima United,1,0,1-0,Regular Season - 29
1166789,J2 League Japon,2024/2025,2024-08-31,V-varen Nagasaki,Tochigi SC,1,1,1-1,Regular Season - 29
1166785,J2 League Japon,2024/2025,2024-08-31,Vegalta Sendai,Iwaki,2,0,2-0,Regular Season - 29
1166787,J2 League Japon,2024/2025,2024-08-31,Renofa Yamaguchi,Fagiano Okayama,0,2,0-2,Regular Season - 29
1166786,J2 League Japon,2024/2025,2024-08-31,Montedio Yamagata,Yokohama FC,1,2,1-2,Regular Season - 29
1166792,J2 League Japon,2024/2025,2024-09-01,Oita Trinita,JEF United Chiba,0,2,0-2,Regular Season - 29
1166791,J2 League Japon,2024/2025,2024-09-01,Roasso Kumamoto,Fujieda MYFC,1,2,1-2,Regular Season - 29
1166790,J2 League Japon,2024/2025,2024-09-01,Thespakusatsu Gunma,Blaublitz Akita,1,0,1-0,Regular Season - 29
1166795,J2 League Japon,2024/2025,2024-09-07,Shimizu S-pulse,V-varen Nagasaki,1,1,1-1,Regular Season - 30
1166799,J2 League Japon,2024/2025,2024-09-07,Oita Trinita,Montedio Yamagata,0,3,0-3,Regular Season - 30
1166794,J2 League Japon,2024/2025,2024-09-07,JEF United Chiba,Mito Hollyhock,4,0,4-0,Regular Season - 30
1166797,J2 League Japon,2024/2025,2024-09-07,Renofa Yamaguchi,Tokushima Vortis,1,2,1-2,Regular Season - 30
1166798,J2 League Japon,2024/2025,2024-09-07,Ehime FC,Yokohama FC,1,4,1-4,Regular Season - 30
1166793,J2 League Japon,2024/2025,2024-09-07,Thespakusatsu Gunma,Vegalta Sendai,0,0,0-0,Regular Season - 30
1166800,J2 League Japon,2024/2025,2024-09-07,Kagoshima United,Iwaki,1,3,1-3,Regular Season - 30
1166796,J2 League Japon,2024/2025,2024-09-07,Fujieda MYFC,Tochigi SC,1,0,1-0,Regular Season - 30
1166801,J2 League Japon,2024/2025,2024-09-08,Fagiano Okayama,Blaublitz Akita,0,1,0-1,Regular Season - 30
1166803,J2 League Japon,2024/2025,2024-09-14,Vegalta Sendai,Fujieda MYFC,2,3,2-3,Regular Season - 31
1166807,J2 League Japon,2024/2025,2024-09-14,Shimizu S-pulse,Renofa Yamaguchi,4,1,4-1,Regular Season - 31
1166809,J2 League Japon,2024/2025,2024-09-14,Tokushima Vortis,Oita Trinita,3,1,3-1,Regular Season - 31
1166808,J2 League Japon,2024/2025,2024-09-14,Fagiano Okayama,Ehime FC,3,0,3-0,Regular Season - 31
1166805,J2 League Japon,2024/2025,2024-09-14,Montedio Yamagata,Thespakusatsu Gunma,4,1,4-1,Regular Season - 31
1166804,J2 League Japon,2024/2025,2024-09-14,Blaublitz Akita,JEF United Chiba,1,0,1-0,Regular Season - 31
1166810,J2 League Japon,2024/2025,2024-09-15,Iwaki,V-varen Nagasaki,0,2,0-2,Regular Season - 31
1166806,J2 League Japon,2024/2025,2024-09-15,Yokohama FC,Ventforet Kofu,1,0,1-0,Regular Season - 31
1166812,J2 League Japon,2024/2025,2024-09-15,Kagoshima United,Roasso Kumamoto,0,2,0-2,Regular Season - 31
1166811,J2 League Japon,2024/2025,2024-09-15,Tochigi SC,Mito Hollyhock,2,3,2-3,Regular Season - 31
1166788,J2 League Japon,2024/2025,2024-09-18,Tokushima Vortis,Shimizu S-pulse,1,2,1-2,Regular Season - 29
1166813,J2 League Japon,2024/2025,2024-09-21,Vegalta Sendai,Ventforet Kofu,2,2,2-2,Regular Season - 32
1166815,J2 League Japon,2024/2025,2024-09-21,Yokohama FC,Oita Trinita,1,1,1-1,Regular Season - 32
1166817,J2 League Japon,2024/2025,2024-09-21,Roasso Kumamoto,Blaublitz Akita,3,1,3-1,Regular Season - 32
1166816,J2 League Japon,2024/2025,2024-09-21,Ehime FC,Montedio Yamagata,1,3,1-3,Regular Season - 32
1166814,J2 League Japon,2024/2025,2024-09-21,JEF United Chiba,Renofa Yamaguchi,4,1,4-1,Regular Season - 32
1166822,J2 League Japon,2024/2025,2024-09-22,V-varen Nagasaki,Thespakusatsu Gunma,2,0,2-0,Regular Season - 32
1166818,J2 League Japon,2024/2025,2024-09-22,Mito Hollyhock,Fagiano Okayama,0,0,0-0,Regular Season - 32
1166820,J2 League Japon,2024/2025,2024-09-22,Fujieda MYFC,Shimizu S-pulse,2,3,2-3,Regular Season - 32
1166821,J2 League Japon,2024/2025,2024-09-22,Tokushima Vortis,Iwaki,0,1,0-1,Regular Season - 32
1166819,J2 League Japon,2024/2025,2024-09-22,Tochigi SC,Kagoshima United,2,1,2-1,Regular Season - 32
1166802,J2 League Japon,2024/2025,2024-09-25,Ventforet Kofu,Roasso Kumamoto,2,4,2-4,Regular Season - 30
1166823,J2 League Japon,2024/2025,2024-09-28,Ventforet Kofu,Montedio Yamagata,1,2,1-2,Regular Season - 33
1166824,J2 League Japon,2024/2025,2024-09-28,Shimizu S-pulse,Yokohama FC,1,1,1-1,Regular Season - 33
1166826,J2 League Japon,2024/2025,2024-09-28,Kagoshima United,Mito Hollyhock,3,0,3-0,Regular Season - 33
1166825,J2 League Japon,2024/2025,2024-09-28,Oita Trinita,Fujieda MYFC,2,0,2-0,Regular Season - 33
1166831,J2 League Japon,2024/2025,2024-09-29,Renofa Yamaguchi,Vegalta Sendai,0,1,0-1,Regular Season - 33
1166830,J2 League Japon,2024/2025,2024-09-29,Fagiano Okayama,V-varen Nagasaki,1,0,1-0,Regular Season - 33
1166827,J2 League Japon,2024/2025,2024-09-29,Blaublitz Akita,Tokushima Vortis,2,0,2-0,Regular Season - 33
1166828,J2 League Japon,2024/2025,2024-09-29,Iwaki,Tochigi SC,0,0,0-0,Regular Season - 33
1166832,J2 League Japon,2024/2025,2024-09-29,Ehime FC,JEF United Chiba,1,2,1-2,Regular Season - 33
1166829,J2 League Japon,2024/2025,2024-09-29,Thespakusatsu Gunma,Roasso Kumamoto,2,3,2-3,Regular Season - 33
1166834,J2 League Japon,2024/2025,2024-10-05,JEF United Chiba,Thespakusatsu Gunma,1,0,1-0,Regular Season - 34
1166835,J2 League Japon,2024/2025,2024-10-05,Ventforet Kofu,Fagiano Okayama,3,1,3-1,Regular Season - 34
1166836,J2 League Japon,2024/2025,2024-10-05,Fujieda MYFC,Iwaki,1,1,1-1,Regular Season - 34
1166841,J2 League Japon,2024/2025,2024-10-06,V-varen Nagasaki,Oita Trinita,4,1,4-1,Regular Season - 34
1166838,J2 League Japon,2024/2025,2024-10-06,Mito Hollyhock,Shimizu S-pulse,2,2,2-2,Regular Season - 34
1166840,J2 League Japon,2024/2025,2024-10-06,Yokohama FC,Kagoshima United,1,0,1-0,Regular Season - 34
1166837,J2 League Japon,2024/2025,2024-10-06,Montedio Yamagata,Renofa Yamaguchi,2,0,2-0,Regular Season - 34
1166842,J2 League Japon,2024/2025,2024-10-06,Roasso Kumamoto,Tokushima Vortis,1,2,1-2,Regular Season - 34
1166839,J2 League Japon,2024/2025,2024-10-06,Tochigi SC,Ehime FC,1,1,1-1,Regular Season - 34
1166833,J2 League Japon,2024/2025,2024-10-06,Vegalta Sendai,Blaublitz Akita,0,1,0-1,Regular Season - 34
1166845,J2 League Japon,2024/2025,2024-10-19,Kagoshima United,Ehime FC,4,0,4-0,Regular Season - 35
1166843,J2 League Japon,2024/2025,2024-10-19,Vegalta Sendai,Yokohama FC,3,0,3-0,Regular Season - 35
1166844,J2 League Japon,2024/2025,2024-10-19,JEF United Chiba,Ventforet Kofu,2,1,2-1,Regular Season - 35
1166846,J2 League Japon,2024/2025,2024-10-20,Blaublitz Akita,V-varen Nagasaki,1,2,1-2,Regular Season - 35
1166848,J2 League Japon,2024/2025,2024-10-20,Shimizu S-pulse,Montedio Yamagata,1,2,1-2,Regular Season - 35
1166852,J2 League Japon,2024/2025,2024-10-20,Oita Trinita,Mito Hollyhock,0,0,0-0,Regular Season - 35
1166850,J2 League Japon,2024/2025,2024-10-20,Tokushima Vortis,Fujieda MYFC,3,0,3-0,Regular Season - 35
1166849,J2 League Japon,2024/2025,2024-10-20,Fagiano Okayama,Iwaki,2,1,2-1,Regular Season - 35
1166847,J2 League Japon,2024/2025,2024-10-20,Thespakusatsu Gunma,Tochigi SC,0,0,0-0,Regular Season - 35
1166851,J2 League Japon,2024/2025,2024-10-20,Roasso Kumamoto,Renofa Yamaguchi,1,1,1-1,Regular Season - 35
1166853,J2 League Japon,2024/2025,2024-10-26,Iwaki,Mito Hollyhock,1,2,1-2,Regular Season - 36
1166854,J2 League Japon,2024/2025,2024-10-26,Fujieda MYFC,JEF United Chiba,2,3,2-3,Regular Season - 36
1166862,J2 League Japon,2024/2025,2024-10-27,V-varen Nagasaki,Kagoshima United,4,1,4-1,Regular Season - 36
1166859,J2 League Japon,2024/2025,2024-10-27,Yokohama FC,Fagiano Okayama,2,4,2-4,Regular Season - 36
1166860,J2 League Japon,2024/2025,2024-10-27,Renofa Yamaguchi,Ventforet Kofu,2,0,2-0,Regular Season - 36
1166856,J2 League Japon,2024/2025,2024-10-27,Montedio Yamagata,Roasso Kumamoto,1,0,1-0,Regular Season - 36
1166857,J2 League Japon,2024/2025,2024-10-27,Tochigi SC,Shimizu S-pulse,0,1,0-1,Regular Season - 36
1166858,J2 League Japon,2024/2025,2024-10-27,Thespakusatsu Gunma,Tokushima Vortis,0,2,0-2,Regular Season - 36
1166855,J2 League Japon,2024/2025,2024-10-27,Blaublitz Akita,Oita Trinita,0,2,0-2,Regular Season - 36
1166861,J2 League Japon,2024/2025,2024-10-27,Ehime FC,Vegalta Sendai,0,2,0-2,Regular Season - 36
1166868,J2 League Japon,2024/2025,2024-11-03,Fagiano Okayama,Fujieda MYFC,2,0,2-0,Regular Season - 37
1166867,J2 League Japon,2024/2025,2024-11-03,Shimizu S-pulse,Iwaki,1,0,1-0,Regular Season - 37
1166871,J2 League Japon,2024/2025,2024-11-03,Oita Trinita,Thespakusatsu Gunma,2,1,2-1,Regular Season - 37
1166869,J2 League Japon,2024/2025,2024-11-03,Tokushima Vortis,Kagoshima United,1,0,1-0,Regular Season - 37
1166864,J2 League Japon,2024/2025,2024-11-03,JEF United Chiba,V-varen Nagasaki,1,2,1-2,Regular Season - 37
1166863,J2 League Japon,2024/2025,2024-11-03,Mito Hollyhock,Montedio Yamagata,1,3,1-3,Regular Season - 37
1166865,J2 League Japon,2024/2025,2024-11-03,Yokohama FC,Tochigi SC,0,0,0-0,Regular Season - 37
1166866,J2 League Japon,2024/2025,2024-11-03,Ventforet Kofu,Blaublitz Akita,1,2,1-2,Regular Season - 37
1166870,J2 League Japon,2024/2025,2024-11-03,Ehime FC,Renofa Yamaguchi,1,1,1-1,Regular Season - 37
1166872,J2 League Japon,2024/2025,2024-11-04,Roasso Kumamoto,Vegalta Sendai,3,1,3-1,Regular Season - 37
1166879,J2 League Japon,2024/2025,2024-11-10,Shimizu S-pulse,Roasso Kumamoto,1,0,1-0,Regular Season - 38
1166881,J2 League Japon,2024/2025,2024-11-10,V-varen Nagasaki,Ehime FC,5,2,5-2,Regular Season - 38
1166873,J2 League Japon,2024/2025,2024-11-10,Vegalta Sendai,Oita Trinita,2,1,2-1,Regular Season - 38
1166878,J2 League Japon,2024/2025,2024-11-10,Ventforet Kofu,Mito Hollyhock,3,1,3-1,Regular Season - 38
1166880,J2 League Japon,2024/2025,2024-11-10,Renofa Yamaguchi,Yokohama FC,0,0,0-0,Regular Season - 38
1166875,J2 League Japon,2024/2025,2024-11-10,Montedio Yamagata,JEF United Chiba,4,0,4-0,Regular Season - 38
1166877,J2 League Japon,2024/2025,2024-11-10,Tochigi SC,Tokushima Vortis,0,0,0-0,Regular Season - 38
1166882,J2 League Japon,2024/2025,2024-11-10,Kagoshima United,Fagiano Okayama,0,0,0-0,Regular Season - 38
1166874,J2 League Japon,2024/2025,2024-11-10,Blaublitz Akita,Fujieda MYFC,1,0,1-0,Regular Season - 38
1166876,J2 League Japon,2024/2025,2024-11-10,Iwaki,Thespakusatsu Gunma,3,0,3-0,Regular Season - 38
1315389,J2 League Japon,2024/2025,2024-12-01,V-varen Nagasaki,Vegalta Sendai,1,4,1-4,Play-offs - 1st Round
1315390,J2 League Japon,2024/2025,2024-12-01,Montedio Yamagata,Fagiano Okayama,0,3,0-3,Play-offs - 1st Round
1318582,J2 League Japon,2024/2025,2024-12-07,Fagiano Okayama,Vegalta Sendai,2,0,2-0,Play-offs - 2nd Round
1324515,J2 League Japon,2025/2026,2025-02-15,Jubilo Iwata,Mito Hollyhock,3,2,3-2,Regular Season - 1
1324519,J2 League Japon,2025/2026,2025-02-15,Sagan Tosu,Vegalta Sendai,0,1,0-1,Regular Season - 1
1324514,J2 League Japon,2025/2026,2025-02-15,Ventforet Kofu,Renofa Yamaguchi,1,0,1-0,Regular Season - 1
1324513,J2 League Japon,2025/2026,2025-02-15,Omiya Ardija,Montedio Yamagata,2,1,2-1,Regular Season - 1
1324516,J2 League Japon,2025/2026,2025-02-15,Fujieda MYFC,Tokushima Vortis,0,2,0-2,Regular Season - 1
1324512,J2 League Japon,2025/2026,2025-02-15,Iwaki,JEF United Chiba,0,2,0-2,Regular Season - 1
1324520,J2 League Japon,2025/2026,2025-02-15,V-varen Nagasaki,Roasso Kumamoto,3,2,3-2,Regular Season - 1
1324517,J2 League Japon,2025/2026,2025-02-16,Ehime FC,Kataller Toyama,0,1,0-1,Regular Season - 1
1324518,J2 League Japon,2025/2026,2025-02-16,Imabari,Blaublitz Akita,0,1,0-1,Regular Season - 1
1324521,J2 League Japon,2025/2026,2025-02-16,Oita Trinita,Consadole Sapporo,2,0,2-0,Regular Season - 1
1324525,J2 League Japon,2025/2026,2025-02-22,Jubilo Iwata,Sagan Tosu,1,0,1-0,Regular Season - 2
1324524,J2 League Japon,2025/2026,2025-02-22,JEF United Chiba,Kataller Toyama,2,0,2-0,Regular Season - 2
1324523,J2 League Japon,2025/2026,2025-02-22,Omiya Ardija,Ventforet Kofu,1,0,1-0,Regular Season - 2
1324526,J2 League Japon,2025/2026,2025-02-23,Renofa Yamaguchi,V-varen Nagasaki,2,2,2-2,Regular Season - 2
1324530,J2 League Japon,2025/2026,2025-02-23,Roasso Kumamoto,Consadole Sapporo,3,0,3-0,Regular Season - 2
1324527,J2 League Japon,2025/2026,2025-02-23,Tokushima Vortis,Vegalta Sendai,1,0,1-0,Regular Season - 2
1324531,J2 League Japon,2025/2026,2025-02-23,Oita Trinita,Iwaki,0,0,0-0,Regular Season - 2
1324522,J2 League Japon,2025/2026,2025-02-23,Mito Hollyhock,Montedio Yamagata,1,0,1-0,Regular Season - 2
1324529,J2 League Japon,2025/2026,2025-02-23,Imabari,Fujieda MYFC,0,0,0-0,Regular Season - 2
1324528,J2 League Japon,2025/2026,2025-02-23,Ehime FC,Blaublitz Akita,1,2,1-2,Regular Season - 2
1324532,J2 League Japon,2025/2026,2025-03-01,Vegalta Sendai,Oita Trinita,2,0,2-0,Regular Season - 3
1324540,J2 League Japon,2025/2026,2025-03-01,V-varen Nagasaki,Jubilo Iwata,1,0,1-0,Regular Season - 3
1324539,J2 League Japon,2025/2026,2025-03-01,Sagan Tosu,Imabari,1,4,1-4,Regular Season - 3
1324535,J2 League Japon,2025/2026,2025-03-01,JEF United Chiba,Montedio Yamagata,3,2,3-2,Regular Season - 3
1324537,J2 League Japon,2025/2026,2025-03-01,Fujieda MYFC,Blaublitz Akita,2,1,2-1,Regular Season - 3
1324541,J2 League Japon,2025/2026,2025-03-02,Roasso Kumamoto,Omiya Ardija,0,4,0-4,Regular Season - 3
1324534,J2 League Japon,2025/2026,2025-03-02,Mito Hollyhock,Ehime FC,1,1,1-1,Regular Season - 3
1324538,J2 League Japon,2025/2026,2025-03-02,Renofa Yamaguchi,Consadole Sapporo,2,0,2-0,Regular Season - 3
1324536,J2 League Japon,2025/2026,2025-03-02,Kataller Toyama,Ventforet Kofu,2,0,2-0,Regular Season - 3
1324533,J2 League Japon,2025/2026,2025-03-02,Iwaki,Tokushima Vortis,1,1,1-1,Regular Season - 3
1324543,J2 League Japon,2025/2026,2025-03-08,Vegalta Sendai,V-varen Nagasaki,1,1,1-1,Regular Season - 4
1324546,J2 League Japon,2025/2026,2025-03-08,Omiya Ardija,Renofa Yamaguchi,2,1,2-1,Regular Season - 4
1324550,J2 League Japon,2025/2026,2025-03-08,Ehime FC,Imabari,2,3,2-3,Regular Season - 4
1324542,J2 League Japon,2025/2026,2025-03-09,Consadole Sapporo,JEF United Chiba,1,3,1-3,Regular Season - 4
1324551,J2 League Japon,2025/2026,2025-03-09,Oita Trinita,Mito Hollyhock,0,0,0-0,Regular Season - 4
1324549,J2 League Japon,2025/2026,2025-03-09,Tokushima Vortis,Roasso Kumamoto,0,0,0-0,Regular Season - 4
1324547,J2 League Japon,2025/2026,2025-03-09,Ventforet Kofu,Fujieda MYFC,3,3,3-3,Regular Season - 4
1324544,J2 League Japon,2025/2026,2025-03-09,Montedio Yamagata,Blaublitz Akita,4,2,4-2,Regular Season - 4
1324548,J2 League Japon,2025/2026,2025-03-09,Kataller Toyama,Jubilo Iwata,3,1,3-1,Regular Season - 4
1324545,J2 League Japon,2025/2026,2025-03-09,Iwaki,Sagan Tosu,1,1,1-1,Regular Season - 4
1324552,J2 League Japon,2025/2026,2025-03-15,Blaublitz Akita,Consadole Sapporo,1,3,1-3,Regular Season - 5
1324555,J2 League Japon,2025/2026,2025-03-15,Jubilo Iwata,Ventforet Kofu,2,1,2-1,Regular Season - 5
1324559,J2 League Japon,2025/2026,2025-03-15,Sagan Tosu,Omiya Ardija,1,0,1-0,Regular Season - 5
1324556,J2 League Japon,2025/2026,2025-03-15,Fujieda MYFC,Iwaki,2,0,2-0,Regular Season - 5
1324560,J2 League Japon,2025/2026,2025-03-15,V-varen Nagasaki,Tokushima Vortis,1,0,1-0,Regular Season - 5
1324561,J2 League Japon,2025/2026,2025-03-16,Roasso Kumamoto,Montedio Yamagata,1,3,1-3,Regular Season - 5
1324554,J2 League Japon,2025/2026,2025-03-16,JEF United Chiba,Ehime FC,5,1,5-1,Regular Season - 5
1324553,J2 League Japon,2025/2026,2025-03-16,Mito Hollyhock,Vegalta Sendai,2,2,2-2,Regular Season - 5
1324557,J2 League Japon,2025/2026,2025-03-16,Renofa Yamaguchi,Oita Trinita,1,1,1-1,Regular Season - 5
1324558,J2 League Japon,2025/2026,2025-03-16,Imabari,Kataller Toyama,0,0,0-0,Regular Season - 5
1324562,J2 League Japon,2025/2026,2025-03-23,Vegalta Sendai,Jubilo Iwata,2,3,2-3,Regular Season - 6
1324567,J2 League Japon,2025/2026,2025-03-23,Renofa Yamaguchi,Roasso Kumamoto,0,1,0-1,Regular Season - 6
1324570,J2 League Japon,2025/2026,2025-03-23,V-varen Nagasaki,Blaublitz Akita,5,1,5-1,Regular Season - 6
1324569,J2 League Japon,2025/2026,2025-03-23,Sagan Tosu,Kataller Toyama,1,0,1-0,Regular Season - 6
1324571,J2 League Japon,2025/2026,2025-03-23,Oita Trinita,Fujieda MYFC,1,1,1-1,Regular Season - 6
1324566,J2 League Japon,2025/2026,2025-03-23,Ventforet Kofu,JEF United Chiba,1,2,1-2,Regular Season - 6
1324563,J2 League Japon,2025/2026,2025-03-23,Montedio Yamagata,Tokushima Vortis,0,0,0-0,Regular Season - 6
1324565,J2 League Japon,2025/2026,2025-03-23,Omiya Ardija,Mito Hollyhock,2,0,2-0,Regular Season - 6
1324568,J2 League Japon,2025/2026,2025-03-23,Ehime FC,Consadole Sapporo,1,2,1-2,Regular Season - 6
1324564,J2 League Japon,2025/2026,2025-03-23,Iwaki,Imabari,0,1,0-1,Regular Season - 6
1324572,J2 League Japon,2025/2026,2025-03-29,Consadole Sapporo,Ventforet Kofu,0,1,0-1,Regular Season - 7
1324581,J2 League Japon,2025/2026,2025-03-30,Roasso Kumamoto,Sagan Tosu,3,1,3-1,Regular Season - 7
1324574,J2 League Japon,2025/2026,2025-03-30,Mito Hollyhock,Iwaki,4,1,4-1,Regular Season - 7
1324573,J2 League Japon,2025/2026,2025-03-30,Blaublitz Akita,Renofa Yamaguchi,1,0,1-0,Regular Season - 7
1324577,J2 League Japon,2025/2026,2025-03-30,Fujieda MYFC,V-varen Nagasaki,3,2,3-2,Regular Season - 7
1324575,J2 League Japon,2025/2026,2025-03-30,Kataller Toyama,Vegalta Sendai,0,1,0-1,Regular Season - 7
1324580,J2 League Japon,2025/2026,2025-03-30,Imabari,Montedio Yamagata,2,2,2-2,Regular Season - 7
1324576,J2 League Japon,2025/2026,2025-03-30,Jubilo Iwata,JEF United Chiba,1,0,1-0,Regular Season - 7
1324579,J2 League Japon,2025/2026,2025-03-30,Ehime FC,Oita Trinita,0,1,0-1,Regular Season - 7
1324578,J2 League Japon,2025/2026,2025-03-30,Tokushima Vortis,Omiya Ardija,1,0,1-0,Regular Season - 7
1324583,J2 League Japon,2025/2026,2025-04-05,Vegalta Sendai,Blaublitz Akita,1,0,1-0,Regular Season - 8
1324587,J2 League Japon,2025/2026,2025-04-05,Ventforet Kofu,Iwaki,1,0,1-0,Regular Season - 8
1324582,J2 League Japon,2025/2026,2025-04-05,Consadole Sapporo,Tokushima Vortis,1,0,1-0,Regular Season - 8
1324590,J2 League Japon,2025/2026,2025-04-05,Sagan Tosu,Fujieda MYFC,1,0,1-0,Regular Season - 8
1324586,J2 League Japon,2025/2026,2025-04-05,JEF United Chiba,Mito Hollyhock,2,1,2-1,Regular Season - 8
1324588,J2 League Japon,2025/2026,2025-04-05,Renofa Yamaguchi,Ehime FC,1,1,1-1,Regular Season - 8
1324584,J2 League Japon,2025/2026,2025-04-05,Montedio Yamagata,Jubilo Iwata,0,0,0-0,Regular Season - 8
1324585,J2 League Japon,2025/2026,2025-04-05,Omiya Ardija,Oita Trinita,2,2,2-2,Regular Season - 8
1324591,J2 League Japon,2025/2026,2025-04-06,Roasso Kumamoto,Kataller Toyama,0,0,0-0,Regular Season - 8
1324589,J2 League Japon,2025/2026,2025-04-06,Imabari,V-varen Nagasaki,4,1,4-1,Regular Season - 8
1324592,J2 League Japon,2025/2026,2025-04-12,Vegalta Sendai,Imabari,0,0,0-0,Regular Season - 9
1324595,J2 League Japon,2025/2026,2025-04-12,Mito Hollyhock,Consadole Sapporo,3,1,3-1,Regular Season - 9
1324594,J2 League Japon,2025/2026,2025-04-12,Iwaki,Montedio Yamagata,0,1,0-1,Regular Season - 9
1324600,J2 League Japon,2025/2026,2025-04-13,V-varen Nagasaki,Sagan Tosu,0,2,0-2,Regular Season - 9
1324601,J2 League Japon,2025/2026,2025-04-13,Oita Trinita,Tokushima Vortis,1,1,1-1,Regular Season - 9
1324593,J2 League Japon,2025/2026,2025-04-13,Blaublitz Akita,Omiya Ardija,1,2,1-2,Regular Season - 9
1324598,J2 League Japon,2025/2026,2025-04-13,Fujieda MYFC,JEF United Chiba,2,3,2-3,Regular Season - 9
1324596,J2 League Japon,2025/2026,2025-04-13,Kataller Toyama,Renofa Yamaguchi,2,2,2-2,Regular Season - 9
1324597,J2 League Japon,2025/2026,2025-04-13,Jubilo Iwata,Roasso Kumamoto,1,1,1-1,Regular Season - 9
1324599,J2 League Japon,2025/2026,2025-04-13,Ehime FC,Ventforet Kofu,0,0,0-0,Regular Season - 9
1324610,J2 League Japon,2025/2026,2025-04-19,Sagan Tosu,Renofa Yamaguchi,2,2,2-2,Regular Season - 10
1324606,J2 League Japon,2025/2026,2025-04-19,Ventforet Kofu,V-varen Nagasaki,1,1,1-1,Regular Season - 10
1324604,J2 League Japon,2025/2026,2025-04-19,Montedio Yamagata,Ehime FC,2,3,2-3,Regular Season - 10
1324611,J2 League Japon,2025/2026,2025-04-20,Roasso Kumamoto,Vegalta Sendai,0,1,0-1,Regular Season - 10
1324602,J2 League Japon,2025/2026,2025-04-20,Consadole Sapporo,Fujieda MYFC,2,1,2-1,Regular Season - 10
1324608,J2 League Japon,2025/2026,2025-04-20,Tokushima Vortis,Mito Hollyhock,0,1,0-1,Regular Season - 10
1324605,J2 League Japon,2025/2026,2025-04-20,JEF United Chiba,Oita Trinita,1,0,1-0,Regular Season - 10
1324603,J2 League Japon,2025/2026,2025-04-20,Blaublitz Akita,Jubilo Iwata,2,1,2-1,Regular Season - 10
1324607,J2 League Japon,2025/2026,2025-04-20,Kataller Toyama,Iwaki,1,2,1-2,Regular Season - 10
1324609,J2 League Japon,2025/2026,2025-04-20,Imabari,Omiya Ardija,0,0,0-0,Regular Season - 10
1324616,J2 League Japon,2025/2026,2025-04-25,Jubilo Iwata,Oita Trinita,0,3,0-3,Regular Season - 11
1324621,J2 League Japon,2025/2026,2025-04-25,V-varen Nagasaki,Iwaki,3,4,3-4,Regular Season - 11
1324612,J2 League Japon,2025/2026,2025-04-25,Vegalta Sendai,Ehime FC,1,1,1-1,Regular Season - 11
1324620,J2 League Japon,2025/2026,2025-04-25,Sagan Tosu,Montedio Yamagata,2,1,2-1,Regular Season - 11
1324615,J2 League Japon,2025/2026,2025-04-25,JEF United Chiba,Blaublitz Akita,3,1,3-1,Regular Season - 11
1324613,J2 League Japon,2025/2026,2025-04-25,Mito Hollyhock,Ventforet Kofu,0,0,0-0,Regular Season - 11
1324614,J2 League Japon,2025/2026,2025-04-25,Omiya Ardija,Consadole Sapporo,1,0,1-0,Regular Season - 11
1324617,J2 League Japon,2025/2026,2025-04-25,Fujieda MYFC,Roasso Kumamoto,0,2,0-2,Regular Season - 11
1324619,J2 League Japon,2025/2026,2025-04-26,Tokushima Vortis,Kataller Toyama,1,0,1-0,Regular Season - 11
1324618,J2 League Japon,2025/2026,2025-04-26,Renofa Yamaguchi,Imabari,1,2,1-2,Regular Season - 11
1324622,J2 League Japon,2025/2026,2025-04-29,Consadole Sapporo,V-varen Nagasaki,2,2,2-2,Regular Season - 12
1324627,J2 League Japon,2025/2026,2025-04-29,Kataller Toyama,Montedio Yamagata,0,0,0-0,Regular Season - 12
1324624,J2 League Japon,2025/2026,2025-04-29,Iwaki,Omiya Ardija,2,1,2-1,Regular Season - 12
1324631,J2 League Japon,2025/2026,2025-04-29,Oita Trinita,Sagan Tosu,1,0,1-0,Regular Season - 12
1324625,J2 League Japon,2025/2026,2025-04-29,Mito Hollyhock,Imabari,0,0,0-0,Regular Season - 12
1324626,J2 League Japon,2025/2026,2025-04-29,Ventforet Kofu,Vegalta Sendai,1,2,1-2,Regular Season - 12
1324630,J2 League Japon,2025/2026,2025-04-29,Roasso Kumamoto,JEF United Chiba,0,0,0-0,Regular Season - 12
1324623,J2 League Japon,2025/2026,2025-04-29,Blaublitz Akita,Tokushima Vortis,0,2,0-2,Regular Season - 12
1324628,J2 League Japon,2025/2026,2025-04-29,Jubilo Iwata,Renofa Yamaguchi,0,1,0-1,Regular Season - 12
1324629,J2 League Japon,2025/2026,2025-04-29,Ehime FC,Fujieda MYFC,2,4,2-4,Regular Season - 12
1324632,J2 League Japon,2025/2026,2025-05-03,Vegalta Sendai,Renofa Yamaguchi,3,1,3-1,Regular Season - 13
1324634,J2 League Japon,2025/2026,2025-05-03,Iwaki,Blaublitz Akita,1,1,1-1,Regular Season - 13
1324636,J2 League Japon,2025/2026,2025-05-03,Ventforet Kofu,Tokushima Vortis,0,2,0-2,Regular Season - 13
1324639,J2 League Japon,2025/2026,2025-05-03,Sagan Tosu,JEF United Chiba,1,1,1-1,Regular Season - 13
1324641,J2 League Japon,2025/2026,2025-05-03,Oita Trinita,Roasso Kumamoto,1,0,1-0,Regular Season - 13
1324633,J2 League Japon,2025/2026,2025-05-03,Montedio Yamagata,Consadole Sapporo,0,1,0-1,Regular Season - 13
1324635,J2 League Japon,2025/2026,2025-05-03,Omiya Ardija,Kataller Toyama,2,2,2-2,Regular Season - 13
1324637,J2 League Japon,2025/2026,2025-05-03,Fujieda MYFC,Mito Hollyhock,0,2,0-2,Regular Season - 13
1324638,J2 League Japon,2025/2026,2025-05-03,Imabari,Jubilo Iwata,3,3,3-3,Regular Season - 13
1324640,J2 League Japon,2025/2026,2025-05-03,V-varen Nagasaki,Ehime FC,1,1,1-1,Regular Season - 13
1324643,J2 League Japon,2025/2026,2025-05-06,Vegalta Sendai,Fujieda MYFC,2,1,2-1,Regular Season - 14
1324647,J2 League Japon,2025/2026,2025-05-06,Kataller Toyama,V-varen Nagasaki,1,2,1-2,Regular Season - 14
1324642,J2 League Japon,2025/2026,2025-05-06,Consadole Sapporo,Jubilo Iwata,2,4,2-4,Regular Season - 14
1324648,J2 League Japon,2025/2026,2025-05-06,Renofa Yamaguchi,Mito Hollyhock,1,2,1-2,Regular Season - 14
1324645,J2 League Japon,2025/2026,2025-05-06,Montedio Yamagata,Oita Trinita,3,0,3-0,Regular Season - 14
1324651,J2 League Japon,2025/2026,2025-05-06,Roasso Kumamoto,Imabari,0,1,0-1,Regular Season - 14
1324650,J2 League Japon,2025/2026,2025-05-06,Ehime FC,Iwaki,1,1,1-1,Regular Season - 14
1324644,J2 League Japon,2025/2026,2025-05-06,Blaublitz Akita,Ventforet Kofu,0,1,0-1,Regular Season - 14
1324649,J2 League Japon,2025/2026,2025-05-06,Tokushima Vortis,Sagan Tosu,0,1,0-1,Regular Season - 14
1324646,J2 League Japon,2025/2026,2025-05-06,JEF United Chiba,Omiya Ardija,1,2,1-2,Regular Season - 14
1324654,J2 League Japon,2025/2026,2025-05-10,Omiya Ardija,Vegalta Sendai,3,0,3-0,Regular Season - 15
1324656,J2 League Japon,2025/2026,2025-05-11,Jubilo Iwata,Fujieda MYFC,1,0,1-0,Regular Season - 15
1324652,J2 League Japon,2025/2026,2025-05-11,Iwaki,Consadole Sapporo,1,1,1-1,Regular Season - 15
1324660,J2 League Japon,2025/2026,2025-05-11,V-varen Nagasaki,Montedio Yamagata,1,1,1-1,Regular Season - 15
1324659,J2 League Japon,2025/2026,2025-05-11,Sagan Tosu,Ventforet Kofu,0,0,0-0,Regular Season - 15
1324657,J2 League Japon,2025/2026,2025-05-11,Tokushima Vortis,Renofa Yamaguchi,2,0,2-0,Regular Season - 15
1324653,J2 League Japon,2025/2026,2025-05-11,Mito Hollyhock,Blaublitz Akita,2,1,2-1,Regular Season - 15
1324658,J2 League Japon,2025/2026,2025-05-11,Imabari,JEF United Chiba,0,1,0-1,Regular Season - 15
1324655,J2 League Japon,2025/2026,2025-05-11,Kataller Toyama,Oita Trinita,1,1,1-1,Regular Season - 15
1324661,J2 League Japon,2025/2026,2025-05-11,Roasso Kumamoto,Ehime FC,2,2,2-2,Regular Season - 15
1324666,J2 League Japon,2025/2026,2025-05-17,Ventforet Kofu,Imabari,1,0,1-0,Regular Season - 16
1324662,J2 League Japon,2025/2026,2025-05-17,Consadole Sapporo,Kataller Toyama,2,1,2-1,Regular Season - 16
1324667,J2 League Japon,2025/2026,2025-05-17,Jubilo Iwata,Iwaki,2,0,2-0,Regular Season - 16
1324665,J2 League Japon,2025/2026,2025-05-17,JEF United Chiba,Vegalta Sendai,0,0,0-0,Regular Season - 16
1324664,J2 League Japon,2025/2026,2025-05-17,Mito Hollyhock,Roasso Kumamoto,2,1,2-1,Regular Season - 16
1324663,J2 League Japon,2025/2026,2025-05-17,Blaublitz Akita,Sagan Tosu,1,2,1-2,Regular Season - 16
1324668,J2 League Japon,2025/2026,2025-05-17,Fujieda MYFC,Omiya Ardija,0,1,0-1,Regular Season - 16
1324671,J2 League Japon,2025/2026,2025-05-18,Oita Trinita,V-varen Nagasaki,1,2,1-2,Regular Season - 16
1324669,J2 League Japon,2025/2026,2025-05-18,Renofa Yamaguchi,Montedio Yamagata,1,0,1-0,Regular Season - 16
1324670,J2 League Japon,2025/2026,2025-05-18,Ehime FC,Tokushima Vortis,0,2,0-2,Regular Season - 16
1324673,J2 League Japon,2025/2026,2025-05-25,Iwaki,Vegalta Sendai,1,2,1-2,Regular Season - 17
1324677,J2 League Japon,2025/2026,2025-05-25,V-varen Nagasaki,JEF United Chiba,1,0,1-0,Regular Season - 17
1324676,J2 League Japon,2025/2026,2025-05-25,Sagan Tosu,Consadole Sapporo,2,1,2-1,Regular Season - 17
1324675,J2 League Japon,2025/2026,2025-05-25,Tokushima Vortis,Jubilo Iwata,1,1,1-1,Regular Season - 17
1324674,J2 League Japon,2025/2026,2025-05-25,Renofa Yamaguchi,Fujieda MYFC,0,0,0-0,Regular Season - 17
1324672,J2 League Japon,2025/2026,2025-05-25,Montedio Yamagata,Ventforet Kofu,0,4,0-4,Regular Season - 17
1324678,J2 League Japon,2025/2026,2025-05-25,Roasso Kumamoto,Blaublitz Akita,1,2,1-2,Regular Season - 17
1324682,J2 League Japon,2025/2026,2025-05-31,Vegalta Sendai,Consadole Sapporo,1,1,1-1,Regular Season - 18
1324690,J2 League Japon,2025/2026,2025-05-31,Sagan Tosu,Ehime FC,2,2,2-2,Regular Season - 18
1324687,J2 League Japon,2025/2026,2025-05-31,JEF United Chiba,Renofa Yamaguchi,0,0,0-0,Regular Season - 18
1324685,J2 League Japon,2025/2026,2025-05-31,Mito Hollyhock,V-varen Nagasaki,3,0,3-0,Regular Season - 18
1324686,J2 League Japon,2025/2026,2025-05-31,Omiya Ardija,Jubilo Iwata,2,2,2-2,Regular Season - 18
1324683,J2 League Japon,2025/2026,2025-05-31,Blaublitz Akita,Kataller Toyama,2,2,2-2,Regular Season - 18
1324688,J2 League Japon,2025/2026,2025-05-31,Fujieda MYFC,Montedio Yamagata,2,1,2-1,Regular Season - 18
1324689,J2 League Japon,2025/2026,2025-05-31,Imabari,Tokushima Vortis,0,1,0-1,Regular Season - 18
1324691,J2 League Japon,2025/2026,2025-05-31,Oita Trinita,Ventforet Kofu,2,1,2-1,Regular Season - 18
1324684,J2 League Japon,2025/2026,2025-06-01,Iwaki,Roasso Kumamoto,5,1,5-1,Regular Season - 18
1324681,J2 League Japon,2025/2026,2025-06-07,Imabari,Oita Trinita,1,1,1-1,Regular Season - 17
1324679,J2 League Japon,2025/2026,2025-06-08,Omiya Ardija,Ehime FC,1,1,1-1,Regular Season - 17
1324680,J2 League Japon,2025/2026,2025-06-08,Kataller Toyama,Mito Hollyhock,0,1,0-1,Regular Season - 17
1324694,J2 League Japon,2025/2026,2025-06-14,Mito Hollyhock,Sagan Tosu,1,0,1-0,Regular Season - 19
1324692,J2 League Japon,2025/2026,2025-06-15,Consadole Sapporo,Imabari,2,2,2-2,Regular Season - 19
1324698,J2 League Japon,2025/2026,2025-06-15,Renofa Yamaguchi,Iwaki,2,2,2-2,Regular Season - 19
1324696,J2 League Japon,2025/2026,2025-06-15,Kataller Toyama,Fujieda MYFC,0,1,0-1,Regular Season - 19
1324693,J2 League Japon,2025/2026,2025-06-15,Montedio Yamagata,Vegalta Sendai,3,4,3-4,Regular Season - 19
1324697,J2 League Japon,2025/2026,2025-06-15,Jubilo Iwata,Ehime FC,4,0,4-0,Regular Season - 19
1324700,J2 League Japon,2025/2026,2025-06-15,V-varen Nagasaki,Omiya Ardija,3,3,3-3,Regular Season - 19
1324701,J2 League Japon,2025/2026,2025-06-15,Oita Trinita,Blaublitz Akita,1,2,1-2,Regular Season - 19
1324695,J2 League Japon,2025/2026,2025-06-15,Ventforet Kofu,Roasso Kumamoto,1,1,1-1,Regular Season - 19
1324699,J2 League Japon,2025/2026,2025-06-15,Tokushima Vortis,JEF United Chiba,3,3,3-3,Regular Season - 19
1324704,J2 League Japon,2025/2026,2025-06-21,Iwaki,Kataller Toyama,3,1,3-1,Regular Season - 20
1324709,J2 League Japon,2025/2026,2025-06-21,Ehime FC,Renofa Yamaguchi,2,0,2-0,Regular Season - 20
1324710,J2 League Japon,2025/2026,2025-06-21,Imabari,Mito Hollyhock,1,2,1-2,Regular Season - 20
1324708,J2 League Japon,2025/2026,2025-06-21,Tokushima Vortis,Oita Trinita,2,0,2-0,Regular Season - 20
1324706,J2 League Japon,2025/2026,2025-06-21,JEF United Chiba,Jubilo Iwata,0,1,0-1,Regular Season - 20
1324705,J2 League Japon,2025/2026,2025-06-21,Omiya Ardija,Sagan Tosu,0,0,0-0,Regular Season - 20
1324707,J2 League Japon,2025/2026,2025-06-21,Fujieda MYFC,Consadole Sapporo,1,3,1-3,Regular Season - 20
1324711,J2 League Japon,2025/2026,2025-06-22,Roasso Kumamoto,V-varen Nagasaki,1,3,1-3,Regular Season - 20
1324703,J2 League Japon,2025/2026,2025-06-22,Blaublitz Akita,Montedio Yamagata,2,3,2-3,Regular Season - 20
1324702,J2 League Japon,2025/2026,2025-06-22,Vegalta Sendai,Ventforet Kofu,0,0,0-0,Regular Season - 20
1324712,J2 League Japon,2025/2026,2025-06-28,Consadole Sapporo,Roasso Kumamoto,3,2,3-2,Regular Season - 21
1324714,J2 League Japon,2025/2026,2025-06-28,Mito Hollyhock,Tokushima Vortis,1,1,1-1,Regular Season - 21
1324716,J2 League Japon,2025/2026,2025-06-28,Kataller Toyama,JEF United Chiba,1,0,1-0,Regular Season - 21
1324715,J2 League Japon,2025/2026,2025-06-28,Ventforet Kofu,Ehime FC,0,0,0-0,Regular Season - 21
1324720,J2 League Japon,2025/2026,2025-06-28,Sagan Tosu,Iwaki,1,0,1-0,Regular Season - 21
1324721,J2 League Japon,2025/2026,2025-06-28,Oita Trinita,Omiya Ardija,0,0,0-0,Regular Season - 21
1324719,J2 League Japon,2025/2026,2025-06-28,Renofa Yamaguchi,Blaublitz Akita,1,1,1-1,Regular Season - 21
1324713,J2 League Japon,2025/2026,2025-06-28,Montedio Yamagata,V-varen Nagasaki,1,2,1-2,Regular Season - 21
1324718,J2 League Japon,2025/2026,2025-06-28,Fujieda MYFC,Imabari,0,0,0-0,Regular Season - 21
1324717,J2 League Japon,2025/2026,2025-06-28,Jubilo Iwata,Vegalta Sendai,0,1,0-1,Regular Season - 21
1324722,J2 League Japon,2025/2026,2025-07-05,Consadole Sapporo,Renofa Yamaguchi,1,0,1-0,Regular Season - 22
1324730,J2 League Japon,2025/2026,2025-07-05,V-varen Nagasaki,Oita Trinita,1,0,1-0,Regular Season - 22
1324724,J2 League Japon,2025/2026,2025-07-05,Blaublitz Akita,Mito Hollyhock,0,2,0-2,Regular Season - 22
1324723,J2 League Japon,2025/2026,2025-07-05,Vegalta Sendai,Kataller Toyama,0,1,0-1,Regular Season - 22
1324727,J2 League Japon,2025/2026,2025-07-05,Tokushima Vortis,Fujieda MYFC,0,2,0-2,Regular Season - 22
1324726,J2 League Japon,2025/2026,2025-07-05,JEF United Chiba,Sagan Tosu,0,2,0-2,Regular Season - 22
1324725,J2 League Japon,2025/2026,2025-07-05,Omiya Ardija,Iwaki,1,2,1-2,Regular Season - 22
1324729,J2 League Japon,2025/2026,2025-07-05,Imabari,Ventforet Kofu,2,4,2-4,Regular Season - 22
1324731,J2 League Japon,2025/2026,2025-07-06,Roasso Kumamoto,Jubilo Iwata,2,0,2-0,Regular Season - 22
1324728,J2 League Japon,2025/2026,2025-07-06,Ehime FC,Montedio Yamagata,1,3,1-3,Regular Season - 22
1324735,J2 League Japon,2025/2026,2025-07-12,Mito Hollyhock,Kataller Toyama,3,0,3-0,Regular Season - 23
1324732,J2 League Japon,2025/2026,2025-07-12,Blaublitz Akita,Roasso Kumamoto,3,2,3-2,Regular Season - 23
1324734,J2 League Japon,2025/2026,2025-07-12,Iwaki,V-varen Nagasaki,1,1,1-1,Regular Season - 23
1324740,J2 League Japon,2025/2026,2025-07-12,Imabari,Ehime FC,1,0,1-0,Regular Season - 23
1324736,J2 League Japon,2025/2026,2025-07-12,Ventforet Kofu,Omiya Ardija,1,0,1-0,Regular Season - 23
1324741,J2 League Japon,2025/2026,2025-07-12,Sagan Tosu,Oita Trinita,2,1,2-1,Regular Season - 23
1324739,J2 League Japon,2025/2026,2025-07-12,Renofa Yamaguchi,Tokushima Vortis,0,0,0-0,Regular Season - 23
1324733,J2 League Japon,2025/2026,2025-07-12,Montedio Yamagata,JEF United Chiba,0,1,0-1,Regular Season - 23
1324738,J2 League Japon,2025/2026,2025-07-12,Fujieda MYFC,Vegalta Sendai,1,1,1-1,Regular Season - 23
1324737,J2 League Japon,2025/2026,2025-07-12,Jubilo Iwata,Consadole Sapporo,5,1,5-1,Regular Season - 23
1324742,J2 League Japon,2025/2026,2025-08-02,Consadole Sapporo,Sagan Tosu,1,0,1-0,Regular Season - 24
1324749,J2 League Japon,2025/2026,2025-08-02,V-varen Nagasaki,Vegalta Sendai,0,0,0-0,Regular Season - 24
1324745,J2 League Japon,2025/2026,2025-08-02,Kataller Toyama,Omiya Ardija,0,2,0-2,Regular Season - 24
1324744,J2 League Japon,2025/2026,2025-08-02,Ventforet Kofu,Montedio Yamagata,1,3,1-3,Regular Season - 24
1324751,J2 League Japon,2025/2026,2025-08-02,Oita Trinita,Imabari,0,1,0-1,Regular Season - 24
1324748,J2 League Japon,2025/2026,2025-08-02,Tokushima Vortis,Ehime FC,1,0,1-0,Regular Season - 24
1324743,J2 League Japon,2025/2026,2025-08-02,JEF United Chiba,Iwaki,2,2,2-2,Regular Season - 24
1324747,J2 League Japon,2025/2026,2025-08-02,Fujieda MYFC,Renofa Yamaguchi,2,2,2-2,Regular Season - 24
1324746,J2 League Japon,2025/2026,2025-08-02,Jubilo Iwata,Blaublitz Akita,1,4,1-4,Regular Season - 24
1324750,J2 League Japon,2025/2026,2025-08-03,Roasso Kumamoto,Mito Hollyhock,2,1,2-1,Regular Season - 24
1324760,J2 League Japon,2025/2026,2025-08-09,V-varen Nagasaki,Consadole Sapporo,2,1,2-1,Regular Season - 25
1324753,J2 League Japon,2025/2026,2025-08-09,Blaublitz Akita,Fujieda MYFC,0,0,0-0,Regular Season - 25
1324761,J2 League Japon,2025/2026,2025-08-09,Oita Trinita,Kataller Toyama,2,2,2-2,Regular Season - 25
1324756,J2 League Japon,2025/2026,2025-08-09,Omiya Ardija,JEF United Chiba,0,1,0-1,Regular Season - 25
1324759,J2 League Japon,2025/2026,2025-08-09,Imabari,Roasso Kumamoto,3,2,3-2,Regular Season - 25
1324755,J2 League Japon,2025/2026,2025-08-10,Iwaki,Jubilo Iwata,3,1,3-1,Regular Season - 25
1324752,J2 League Japon,2025/2026,2025-08-10,Vegalta Sendai,Tokushima Vortis,0,2,0-2,Regular Season - 25
1324754,J2 League Japon,2025/2026,2025-08-10,Montedio Yamagata,Mito Hollyhock,1,2,1-2,Regular Season - 25
1324758,J2 League Japon,2025/2026,2025-08-10,Ehime FC,Sagan Tosu,0,1,0-1,Regular Season - 25
1324757,J2 League Japon,2025/2026,2025-08-11,Renofa Yamaguchi,Ventforet Kofu,0,1,0-1,Regular Season - 25
1324762,J2 League Japon,2025/2026,2025-08-16,Consadole Sapporo,Blaublitz Akita,0,2,0-2,Regular Season - 26
1324764,J2 League Japon,2025/2026,2025-08-16,Mito Hollyhock,Jubilo Iwata,1,3,1-3,Regular Season - 26
1324767,J2 League Japon,2025/2026,2025-08-16,Kataller Toyama,Imabari,1,2,1-2,Regular Season - 26
1324765,J2 League Japon,2025/2026,2025-08-16,JEF United Chiba,Tokushima Vortis,1,0,1-0,Regular Season - 26
1324768,J2 League Japon,2025/2026,2025-08-16,Renofa Yamaguchi,Vegalta Sendai,2,2,2-2,Regular Season - 26
1324763,J2 League Japon,2025/2026,2025-08-16,Montedio Yamagata,Iwaki,1,0,1-0,Regular Season - 26
1324771,J2 League Japon,2025/2026,2025-08-16,Roasso Kumamoto,Fujieda MYFC,2,1,2-1,Regular Season - 26
1324766,J2 League Japon,2025/2026,2025-08-17,Ventforet Kofu,Oita Trinita,2,0,2-0,Regular Season - 26
1324770,J2 League Japon,2025/2026,2025-08-17,Sagan Tosu,V-varen Nagasaki,1,2,1-2,Regular Season - 26
1324769,J2 League Japon,2025/2026,2025-08-17,Ehime FC,Omiya Ardija,0,3,0-3,Regular Season - 26
1324773,J2 League Japon,2025/2026,2025-08-23,Blaublitz Akita,Imabari,1,2,1-2,Regular Season - 27
1324774,J2 League Japon,2025/2026,2025-08-23,Iwaki,Oita Trinita,4,0,4-0,Regular Season - 27
1324776,J2 League Japon,2025/2026,2025-08-23,Ventforet Kofu,Consadole Sapporo,1,2,1-2,Regular Season - 27
1324780,J2 League Japon,2025/2026,2025-08-23,Sagan Tosu,Mito Hollyhock,2,2,2-2,Regular Season - 27
1324779,J2 League Japon,2025/2026,2025-08-23,Tokushima Vortis,Montedio Yamagata,1,0,1-0,Regular Season - 27
1324775,J2 League Japon,2025/2026,2025-08-23,Omiya Ardija,Roasso Kumamoto,1,0,1-0,Regular Season - 27
1324778,J2 League Japon,2025/2026,2025-08-23,Fujieda MYFC,Ehime FC,4,1,4-1,Regular Season - 27
1324777,J2 League Japon,2025/2026,2025-08-23,Jubilo Iwata,Kataller Toyama,2,0,2-0,Regular Season - 27
1324781,J2 League Japon,2025/2026,2025-08-24,V-varen Nagasaki,Renofa Yamaguchi,1,0,1-0,Regular Season - 27
1324772,J2 League Japon,2025/2026,2025-08-24,Vegalta Sendai,JEF United Chiba,1,0,1-0,Regular Season - 27
1324782,J2 League Japon,2025/2026,2025-08-30,Consadole Sapporo,Omiya Ardija,1,0,1-0,Regular Season - 28
1324784,J2 League Japon,2025/2026,2025-08-30,Mito Hollyhock,Renofa Yamaguchi,2,2,2-2,Regular Season - 28
1324786,J2 League Japon,2025/2026,2025-08-30,Kataller Toyama,Roasso Kumamoto,0,1,0-1,Regular Season - 28
1324787,J2 League Japon,2025/2026,2025-08-30,Tokushima Vortis,Blaublitz Akita,1,1,1-1,Regular Season - 28
1324785,J2 League Japon,2025/2026,2025-08-30,JEF United Chiba,Ventforet Kofu,2,1,2-1,Regular Season - 28
1324783,J2 League Japon,2025/2026,2025-08-30,Montedio Yamagata,Sagan Tosu,3,2,3-2,Regular Season - 28
1324789,J2 League Japon,2025/2026,2025-08-30,Imabari,Iwaki,0,2,0-2,Regular Season - 28
1324790,J2 League Japon,2025/2026,2025-08-31,V-varen Nagasaki,Fujieda MYFC,2,1,2-1,Regular Season - 28
1324791,J2 League Japon,2025/2026,2025-08-31,Oita Trinita,Jubilo Iwata,0,0,0-0,Regular Season - 28
1324788,J2 League Japon,2025/2026,2025-08-31,Ehime FC,Vegalta Sendai,1,1,1-1,Regular Season - 28
1324792,J2 League Japon,2025/2026,2025-09-13,Consadole Sapporo,Iwaki,1,5,1-5,Regular Season - 29
1324793,J2 League Japon,2025/2026,2025-09-13,Vegalta Sendai,Mito Hollyhock,1,1,1-1,Regular Season - 29
1324799,J2 League Japon,2025/2026,2025-09-13,Fujieda MYFC,Oita Trinita,1,1,1-1,Regular Season - 29
1324797,J2 League Japon,2025/2026,2025-09-13,Ventforet Kofu,Sagan Tosu,2,3,2-3,Regular Season - 29
1324798,J2 League Japon,2025/2026,2025-09-13,Jubilo Iwata,Imabari,1,0,1-0,Regular Season - 29
1324796,J2 League Japon,2025/2026,2025-09-13,Omiya Ardija,V-varen Nagasaki,1,2,1-2,Regular Season - 29
1324800,J2 League Japon,2025/2026,2025-09-14,Renofa Yamaguchi,JEF United Chiba,2,1,2-1,Regular Season - 29
1324795,J2 League Japon,2025/2026,2025-09-14,Montedio Yamagata,Kataller Toyama,3,0,3-0,Regular Season - 29
1324794,J2 League Japon,2025/2026,2025-09-14,Blaublitz Akita,Ehime FC,3,2,3-2,Regular Season - 29
1324801,J2 League Japon,2025/2026,2025-09-15,Roasso Kumamoto,Tokushima Vortis,2,1,2-1,Regular Season - 29
1324806,J2 League Japon,2025/2026,2025-09-20,Fujieda MYFC,Jubilo Iwata,2,1,2-1,Regular Season - 30
1324810,J2 League Japon,2025/2026,2025-09-20,V-varen Nagasaki,Kataller Toyama,1,1,1-1,Regular Season - 30
1324802,J2 League Japon,2025/2026,2025-09-20,Vegalta Sendai,Montedio Yamagata,3,1,3-1,Regular Season - 30
1324803,J2 League Japon,2025/2026,2025-09-20,Iwaki,Mito Hollyhock,0,0,0-0,Regular Season - 30
1324805,J2 League Japon,2025/2026,2025-09-20,Ventforet Kofu,Blaublitz Akita,1,1,1-1,Regular Season - 30
1324809,J2 League Japon,2025/2026,2025-09-20,Sagan Tosu,Roasso Kumamoto,4,2,4-2,Regular Season - 30
1324811,J2 League Japon,2025/2026,2025-09-20,Oita Trinita,Renofa Yamaguchi,1,0,1-0,Regular Season - 30
1324807,J2 League Japon,2025/2026,2025-09-20,Tokushima Vortis,Consadole Sapporo,1,2,1-2,Regular Season - 30
1324804,J2 League Japon,2025/2026,2025-09-20,Omiya Ardija,Imabari,2,3,2-3,Regular Season - 30
1324808,J2 League Japon,2025/2026,2025-09-20,Ehime FC,JEF United Chiba,0,1,0-1,Regular Season - 30
1324812,J2 League Japon,2025/2026,2025-09-27,Consadole Sapporo,Vegalta Sendai,0,3,0-3,Regular Season - 31
1324817,J2 League Japon,2025/2026,2025-09-27,JEF United Chiba,Roasso Kumamoto,2,2,2-2,Regular Season - 31
1324814,J2 League Japon,2025/2026,2025-09-27,Montedio Yamagata,Renofa Yamaguchi,2,1,2-1,Regular Season - 31
1324815,J2 League Japon,2025/2026,2025-09-27,Iwaki,Ventforet Kofu,2,3,2-3,Regular Season - 31
1324819,J2 League Japon,2025/2026,2025-09-27,Jubilo Iwata,Omiya Ardija,3,4,3-4,Regular Season - 31
1324821,J2 League Japon,2025/2026,2025-09-27,Oita Trinita,Ehime FC,0,3,0-3,Regular Season - 31
1324820,J2 League Japon,2025/2026,2025-09-27,Imabari,Sagan Tosu,1,1,1-1,Regular Season - 31
1324813,J2 League Japon,2025/2026,2025-09-28,Blaublitz Akita,V-varen Nagasaki,0,0,0-0,Regular Season - 31
1324816,J2 League Japon,2025/2026,2025-09-28,Mito Hollyhock,Fujieda MYFC,2,0,2-0,Regular Season - 31
1324818,J2 League Japon,2025/2026,2025-09-28,Kataller Toyama,Tokushima Vortis,1,3,1-3,Regular Season - 31
1324822,J2 League Japon,2025/2026,2025-10-04,Consadole Sapporo,Montedio Yamagata,1,2,1-2,Regular Season - 32
1324825,J2 League Japon,2025/2026,2025-10-04,JEF United Chiba,V-varen Nagasaki,0,2,0-2,Regular Season - 32
1324827,J2 League Japon,2025/2026,2025-10-04,Fujieda MYFC,Kataller Toyama,0,1,0-1,Regular Season - 32
1324823,J2 League Japon,2025/2026,2025-10-04,Vegalta Sendai,Omiya Ardija,1,2,1-2,Regular Season - 32
1324826,J2 League Japon,2025/2026,2025-10-04,Ventforet Kofu,Jubilo Iwata,0,1,0-1,Regular Season - 32
1324829,J2 League Japon,2025/2026,2025-10-05,Tokushima Vortis,Imabari,1,0,1-0,Regular Season - 32
1324828,J2 League Japon,2025/2026,2025-10-05,Renofa Yamaguchi,Sagan Tosu,1,2,1-2,Regular Season - 32
1324824,J2 League Japon,2025/2026,2025-10-05,Blaublitz Akita,Oita Trinita,0,0,0-0,Regular Season - 32
1324831,J2 League Japon,2025/2026,2025-10-05,Roasso Kumamoto,Iwaki,0,2,0-2,Regular Season - 32
1324830,J2 League Japon,2025/2026,2025-10-05,Ehime FC,Mito Hollyhock,1,3,1-3,Regular Season - 32
1324839,J2 League Japon,2025/2026,2025-10-18,Sagan Tosu,Blaublitz Akita,1,0,1-0,Regular Season - 33
1324835,J2 League Japon,2025/2026,2025-10-18,Omiya Ardija,Fujieda MYFC,1,0,1-0,Regular Season - 33
1324833,J2 League Japon,2025/2026,2025-10-18,Iwaki,Ehime FC,2,1,2-1,Regular Season - 33
1324837,J2 League Japon,2025/2026,2025-10-18,Jubilo Iwata,Tokushima Vortis,0,4,0-4,Regular Season - 33
1324840,J2 League Japon,2025/2026,2025-10-18,V-varen Nagasaki,Ventforet Kofu,4,0,4-0,Regular Season - 33
1324836,J2 League Japon,2025/2026,2025-10-19,Kataller Toyama,Consadole Sapporo,0,2,0-2,Regular Season - 33
1324838,J2 League Japon,2025/2026,2025-10-19,Imabari,Renofa Yamaguchi,1,1,1-1,Regular Season - 33
1324841,J2 League Japon,2025/2026,2025-10-19,Oita Trinita,Vegalta Sendai,0,0,0-0,Regular Season - 33
1324832,J2 League Japon,2025/2026,2025-10-19,Montedio Yamagata,Roasso Kumamoto,1,1,1-1,Regular Season - 33
1324834,J2 League Japon,2025/2026,2025-10-19,Mito Hollyhock,JEF United Chiba,0,1,0-1,Regular Season - 33
1324846,J2 League Japon,2025/2026,2025-10-25,Fujieda MYFC,Ventforet Kofu,1,1,1-1,Regular Season - 34
1324850,J2 League Japon,2025/2026,2025-10-25,V-varen Nagasaki,Imabari,1,1,1-1,Regular Season - 34
1324842,J2 League Japon,2025/2026,2025-10-26,Consadole Sapporo,Mito Hollyhock,0,1,0-1,Regular Season - 34
1324845,J2 League Japon,2025/2026,2025-10-26,Montedio Yamagata,Omiya Ardija,2,2,2-2,Regular Season - 34
1324848,J2 League Japon,2025/2026,2025-10-26,Tokushima Vortis,Iwaki,0,1,0-1,Regular Season - 34
1324843,J2 League Japon,2025/2026,2025-10-26,Vegalta Sendai,Sagan Tosu,3,2,3-2,Regular Season - 34
1324847,J2 League Japon,2025/2026,2025-10-26,Renofa Yamaguchi,Kataller Toyama,1,0,1-0,Regular Season - 34
1324851,J2 League Japon,2025/2026,2025-10-26,Roasso Kumamoto,Oita Trinita,0,1,0-1,Regular Season - 34
1324844,J2 League Japon,2025/2026,2025-10-26,Blaublitz Akita,JEF United Chiba,0,0,0-0,Regular Season - 34
1324849,J2 League Japon,2025/2026,2025-10-26,Ehime FC,Jubilo Iwata,1,3,1-3,Regular Season - 34
1324857,J2 League Japon,2025/2026,2025-11-02,Jubilo Iwata,V-varen Nagasaki,1,0,1-0,Regular Season - 35
1324859,J2 League Japon,2025/2026,2025-11-02,Sagan Tosu,Tokushima Vortis,0,0,0-0,Regular Season - 35
1324854,J2 League Japon,2025/2026,2025-11-02,JEF United Chiba,Consadole Sapporo,5,2,5-2,Regular Season - 35
1324855,J2 League Japon,2025/2026,2025-11-02,Ventforet Kofu,Mito Hollyhock,0,1,0-1,Regular Season - 35
1324853,J2 League Japon,2025/2026,2025-11-02,Omiya Ardija,Blaublitz Akita,5,0,5-0,Regular Season - 35
1324860,J2 League Japon,2025/2026,2025-11-02,Roasso Kumamoto,Renofa Yamaguchi,0,1,0-1,Regular Season - 35
1324856,J2 League Japon,2025/2026,2025-11-02,Kataller Toyama,Ehime FC,1,1,1-1,Regular Season - 35
1324852,J2 League Japon,2025/2026,2025-11-02,Iwaki,Fujieda MYFC,3,1,3-1,Regular Season - 35
1324858,J2 League Japon,2025/2026,2025-11-02,Imabari,Vegalta Sendai,3,2,3-2,Regular Season - 35
1324861,J2 League Japon,2025/2026,2025-11-02,Oita Trinita,Montedio Yamagata,1,2,1-2,Regular Season - 35
1324862,J2 League Japon,2025/2026,2025-11-08,Consadole Sapporo,Oita Trinita,3,1,3-1,Regular Season - 36
1324871,J2 League Japon,2025/2026,2025-11-08,Ehime FC,V-varen Nagasaki,0,4,0-4,Regular Season - 36
1324863,J2 League Japon,2025/2026,2025-11-09,Vegalta Sendai,Roasso Kumamoto,2,0,2-0,Regular Season - 36
1324868,J2 League Japon,2025/2026,2025-11-09,Kataller Toyama,Sagan Tosu,3,1,3-1,Regular Season - 36
1324870,J2 League Japon,2025/2026,2025-11-09,Tokushima Vortis,Ventforet Kofu,4,1,4-1,Regular Season - 36
1324867,J2 League Japon,2025/2026,2025-11-09,JEF United Chiba,Fujieda MYFC,1,1,1-1,Regular Season - 36
1324866,J2 League Japon,2025/2026,2025-11-09,Mito Hollyhock,Omiya Ardija,0,2,0-2,Regular Season - 36
1324869,J2 League Japon,2025/2026,2025-11-09,Renofa Yamaguchi,Jubilo Iwata,1,2,1-2,Regular Season - 36
1324865,J2 League Japon,2025/2026,2025-11-09,Montedio Yamagata,Imabari,2,1,2-1,Regular Season - 36
1324864,J2 League Japon,2025/2026,2025-11-09,Blaublitz Akita,Iwaki,2,0,2-0,Regular Season - 36
1324881,J2 League Japon,2025/2026,2025-11-23,Oita Trinita,JEF United Chiba,0,1,0-1,Regular Season - 37
1324880,J2 League Japon,2025/2026,2025-11-23,V-varen Nagasaki,Mito Hollyhock,2,1,2-1,Regular Season - 37
1324876,J2 League Japon,2025/2026,2025-11-23,Jubilo Iwata,Montedio Yamagata,2,2,2-2,Regular Season - 37
1324875,J2 League Japon,2025/2026,2025-11-23,Ventforet Kofu,Kataller Toyama,0,1,0-1,Regular Season - 37
1324874,J2 League Japon,2025/2026,2025-11-23,Omiya Ardija,Tokushima Vortis,1,2,1-2,Regular Season - 37
1324872,J2 League Japon,2025/2026,2025-11-23,Blaublitz Akita,Vegalta Sendai,0,0,0-0,Regular Season - 37
1324877,J2 League Japon,2025/2026,2025-11-23,Fujieda MYFC,Sagan Tosu,0,0,0-0,Regular Season - 37
1324873,J2 League Japon,2025/2026,2025-11-23,Iwaki,Renofa Yamaguchi,0,0,0-0,Regular Season - 37
1324879,J2 League Japon,2025/2026,2025-11-23,Imabari,Consadole Sapporo,1,1,1-1,Regular Season - 37
1324878,J2 League Japon,2025/2026,2025-11-23,Ehime FC,Roasso Kumamoto,1,1,1-1,Regular Season - 37
1324882,J2 League Japon,2025/2026,2025-11-29,Consadole Sapporo,Ehime FC,3,0,3-0,Regular Season - 38
1324883,J2 League Japon,2025/2026,2025-11-29,Vegalta Sendai,Iwaki,0,1,0-1,Regular Season - 38
1324890,J2 League Japon,2025/2026,2025-11-29,Sagan Tosu,Jubilo Iwata,1,2,1-2,Regular Season - 38
1324889,J2 League Japon,2025/2026,2025-11-29,Tokushima Vortis,V-varen Nagasaki,1,1,1-1,Regular Season - 38
1324886,J2 League Japon,2025/2026,2025-11-29,JEF United Chiba,Imabari,5,0,5-0,Regular Season - 38
1324885,J2 League Japon,2025/2026,2025-11-29,Mito Hollyhock,Oita Trinita,2,0,2-0,Regular Season - 38
1324888,J2 League Japon,2025/2026,2025-11-29,Renofa Yamaguchi,Omiya Ardija,3,2,3-2,Regular Season - 38
1324884,J2 League Japon,2025/2026,2025-11-29,Montedio Yamagata,Fujieda MYFC,2,1,2-1,Regular Season - 38
1324891,J2 League Japon,2025/2026,2025-11-29,Roasso Kumamoto,Ventforet Kofu,0,0,0-0,Regular Season - 38
1324887,J2 League Japon,2025/2026,2025-11-29,Kataller Toyama,Blaublitz Akita,4,1,4-1,Regular Season - 38
1488576,J2 League Japon,2025/2026,2025-12-07,JEF United Chiba,Omiya Ardija,4,3,4-3,Semi-finals
1488577,J2 League Japon,2025/2026,2025-12-07,Tokushima Vortis,Jubilo Iwata,1,1,1-1,Semi-finals
1489427,J2 League Japon,2025/2026,2025-12-13,JEF United Chiba,Tokushima Vortis,1,0,1-0,Final
863807,Super Liga China,2022/2023,2022-06-03,Guangzhou Evergrande FC,Shanghai Shenhua,0,1,0-1,Regular Season - 1
863808,Super Liga China,2022/2023,2022-06-03,Hebei Zhongji,Wuhan Three Towns,0,4,0-4,Regular Season - 1
863806,Super Liga China,2022/2023,2022-06-03,Shandong Luneng,Hangzhou Greentown,1,0,1-0,Regular Season - 1
863809,Super Liga China,2022/2023,2022-06-04,SHANGHAI SIPG,Wuhan Zall,0,1,0-1,Regular Season - 1
863810,Super Liga China,2022/2023,2022-06-04,Shenzhen Ruby FC,Chengdu Better City,2,0,2-0,Regular Season - 1
863811,Super Liga China,2022/2023,2022-06-04,Changchun Yatai,Guangzhou R&F,4,1,4-1,Regular Season - 1
863812,Super Liga China,2022/2023,2022-06-04,Meizhou Kejia,Tianjin Teda,1,1,1-1,Regular Season - 1
863813,Super Liga China,2022/2023,2022-06-04,Henan Jianye,Dalian Aerbin,2,2,2-2,Regular Season - 1
863814,Super Liga China,2022/2023,2022-06-05,Beijing Guoan,Shijiazhuang Y. J.,1,2,1-2,Regular Season - 1
863815,Super Liga China,2022/2023,2022-06-07,Wuhan Three Towns,Guangzhou Evergrande FC,6,0,6-0,Regular Season - 2
863816,Super Liga China,2022/2023,2022-06-07,Wuhan Zall,Hebei Zhongji,2,1,2-1,Regular Season - 2
863817,Super Liga China,2022/2023,2022-06-07,Hangzhou Greentown,Changchun Yatai,0,0,0-0,Regular Season - 2
863818,Super Liga China,2022/2023,2022-06-08,Henan Jianye,Shandong Luneng,4,1,4-1,Regular Season - 2
863820,Super Liga China,2022/2023,2022-06-08,Dalian Aerbin,Guangzhou R&F,2,0,2-0,Regular Season - 2
863821,Super Liga China,2022/2023,2022-06-08,Shanghai Shenhua,SHANGHAI SIPG,2,0,2-0,Regular Season - 2
863819,Super Liga China,2022/2023,2022-06-08,Chengdu Better City,Beijing Guoan,2,3,2-3,Regular Season - 2
863822,Super Liga China,2022/2023,2022-06-09,Shijiazhuang Y. J.,Meizhou Kejia,1,1,1-1,Regular Season - 2
863823,Super Liga China,2022/2023,2022-06-09,Tianjin Teda,Shenzhen Ruby FC,1,2,1-2,Regular Season - 2
863824,Super Liga China,2022/2023,2022-06-11,Guangzhou Evergrande FC,Wuhan Zall,0,1,0-1,Regular Season - 3
863826,Super Liga China,2022/2023,2022-06-11,Hebei Zhongji,SHANGHAI SIPG,0,2,0-2,Regular Season - 3
863825,Super Liga China,2022/2023,2022-06-11,Henan Jianye,Hangzhou Greentown,3,1,3-1,Regular Season - 3
863827,Super Liga China,2022/2023,2022-06-12,Guangzhou R&F,Shandong Luneng,0,1,0-1,Regular Season - 3
863830,Super Liga China,2022/2023,2022-06-12,Shanghai Shenhua,Wuhan Three Towns,1,1,1-1,Regular Season - 3
863829,Super Liga China,2022/2023,2022-06-12,Changchun Yatai,Dalian Aerbin,1,1,1-1,Regular Season - 3
863828,Super Liga China,2022/2023,2022-06-12,Shijiazhuang Y. J.,Chengdu Better City,0,0,0-0,Regular Season - 3
863831,Super Liga China,2022/2023,2022-06-13,Beijing Guoan,Tianjin Teda,1,0,1-0,Regular Season - 3
863832,Super Liga China,2022/2023,2022-06-13,Shenzhen Ruby FC,Meizhou Kejia,1,2,1-2,Regular Season - 3
863833,Super Liga China,2022/2023,2022-06-15,SHANGHAI SIPG,Guangzhou Evergrande FC,1,0,1-0,Regular Season - 4
863834,Super Liga China,2022/2023,2022-06-15,Guangzhou R&F,Henan Jianye,0,3,0-3,Regular Season - 4
863835,Super Liga China,2022/2023,2022-06-15,Wuhan Zall,Wuhan Three Towns,1,3,1-3,Regular Season - 4
863836,Super Liga China,2022/2023,2022-06-16,Hebei Zhongji,Shanghai Shenhua,1,3,1-3,Regular Season - 4
863837,Super Liga China,2022/2023,2022-06-16,Tianjin Teda,Chengdu Better City,1,1,1-1,Regular Season - 4
863838,Super Liga China,2022/2023,2022-06-16,Dalian Aerbin,Hangzhou Greentown,1,1,1-1,Regular Season - 4
863839,Super Liga China,2022/2023,2022-06-16,Shandong Luneng,Changchun Yatai,4,0,4-0,Regular Season - 4
863840,Super Liga China,2022/2023,2022-06-17,Shenzhen Ruby FC,Shijiazhuang Y. J.,1,0,1-0,Regular Season - 4
863841,Super Liga China,2022/2023,2022-06-17,Meizhou Kejia,Beijing Guoan,2,2,2-2,Regular Season - 4
863842,Super Liga China,2022/2023,2022-06-19,Wuhan Three Towns,SHANGHAI SIPG,2,1,2-1,Regular Season - 5
863843,Super Liga China,2022/2023,2022-06-19,Guangzhou Evergrande FC,Hebei Zhongji,1,0,1-0,Regular Season - 5
863845,Super Liga China,2022/2023,2022-06-20,Changchun Yatai,Henan Jianye,0,0,0-0,Regular Season - 5
863844,Super Liga China,2022/2023,2022-06-20,Chengdu Better City,Meizhou Kejia,0,0,0-0,Regular Season - 5
863847,Super Liga China,2022/2023,2022-06-20,Shanghai Shenhua,Wuhan Zall,2,0,2-0,Regular Season - 5
863846,Super Liga China,2022/2023,2022-06-20,Guangzhou R&F,Hangzhou Greentown,2,4,2-4,Regular Season - 5
863848,Super Liga China,2022/2023,2022-06-21,Beijing Guoan,Shenzhen Ruby FC,4,1,4-1,Regular Season - 5
863849,Super Liga China,2022/2023,2022-06-21,Shijiazhuang Y. J.,Tianjin Teda,0,2,0-2,Regular Season - 5
863850,Super Liga China,2022/2023,2022-06-21,Shandong Luneng,Dalian Aerbin,3,0,3-0,Regular Season - 5
863851,Super Liga China,2022/2023,2022-06-24,Guangzhou R&F,Changchun Yatai,1,3,1-3,Regular Season - 6
863852,Super Liga China,2022/2023,2022-06-24,Dalian Aerbin,Henan Jianye,0,2,0-2,Regular Season - 6
863853,Super Liga China,2022/2023,2022-06-25,Shijiazhuang Y. J.,Beijing Guoan,1,1,1-1,Regular Season - 6
863854,Super Liga China,2022/2023,2022-06-25,Tianjin Teda,Meizhou Kejia,1,0,1-0,Regular Season - 6
863855,Super Liga China,2022/2023,2022-06-25,Hangzhou Greentown,Shandong Luneng,2,0,2-0,Regular Season - 6
863856,Super Liga China,2022/2023,2022-06-25,Wuhan Zall,SHANGHAI SIPG,1,2,1-2,Regular Season - 6
863857,Super Liga China,2022/2023,2022-06-26,Wuhan Three Towns,Hebei Zhongji,5,0,5-0,Regular Season - 6
863858,Super Liga China,2022/2023,2022-06-26,Shanghai Shenhua,Guangzhou Evergrande FC,2,1,2-1,Regular Season - 6
863859,Super Liga China,2022/2023,2022-06-26,Chengdu Better City,Shenzhen Ruby FC,2,2,2-2,Regular Season - 6
863860,Super Liga China,2022/2023,2022-06-28,Shandong Luneng,Henan Jianye,2,0,2-0,Regular Season - 7
863861,Super Liga China,2022/2023,2022-06-28,Guangzhou R&F,Dalian Aerbin,0,3,0-3,Regular Season - 7
863862,Super Liga China,2022/2023,2022-06-29,SHANGHAI SIPG,Shanghai Shenhua,1,1,1-1,Regular Season - 7
863863,Super Liga China,2022/2023,2022-06-29,Meizhou Kejia,Shijiazhuang Y. J.,4,1,4-1,Regular Season - 7
863864,Super Liga China,2022/2023,2022-06-29,Shenzhen Ruby FC,Tianjin Teda,2,3,2-3,Regular Season - 7
863865,Super Liga China,2022/2023,2022-06-29,Changchun Yatai,Hangzhou Greentown,1,1,1-1,Regular Season - 7
863866,Super Liga China,2022/2023,2022-06-30,Guangzhou Evergrande FC,Wuhan Three Towns,1,2,1-2,Regular Season - 7
863867,Super Liga China,2022/2023,2022-06-30,Beijing Guoan,Chengdu Better City,0,0,0-0,Regular Season - 7
863868,Super Liga China,2022/2023,2022-06-30,Hebei Zhongji,Wuhan Zall,2,1,2-1,Regular Season - 7
863871,Super Liga China,2022/2023,2022-07-03,Meizhou Kejia,Shenzhen Ruby FC,1,0,1-0,Regular Season - 8
863869,Super Liga China,2022/2023,2022-07-03,Dalian Aerbin,Changchun Yatai,2,2,2-2,Regular Season - 8
863872,Super Liga China,2022/2023,2022-07-03,Tianjin Teda,Beijing Guoan,1,2,1-2,Regular Season - 8
863870,Super Liga China,2022/2023,2022-07-03,Shandong Luneng,Guangzhou R&F,2,0,2-0,Regular Season - 8
863874,Super Liga China,2022/2023,2022-07-03,Wuhan Three Towns,Shanghai Shenhua,4,2,4-2,Regular Season - 8
863873,Super Liga China,2022/2023,2022-07-03,Hangzhou Greentown,Henan Jianye,0,1,0-1,Regular Season - 8
863875,Super Liga China,2022/2023,2022-07-04,Wuhan Zall,Guangzhou Evergrande FC,2,1,2-1,Regular Season - 8
863876,Super Liga China,2022/2023,2022-07-04,SHANGHAI SIPG,Hebei Zhongji,2,1,2-1,Regular Season - 8
863877,Super Liga China,2022/2023,2022-07-04,Chengdu Better City,Shijiazhuang Y. J.,1,1,1-1,Regular Season - 8
863878,Super Liga China,2022/2023,2022-07-06,Hangzhou Greentown,Dalian Aerbin,2,0,2-0,Regular Season - 9
863879,Super Liga China,2022/2023,2022-07-06,Changchun Yatai,Shandong Luneng,1,2,1-2,Regular Season - 9
863881,Super Liga China,2022/2023,2022-07-07,Beijing Guoan,Meizhou Kejia,0,0,0-0,Regular Season - 9
863880,Super Liga China,2022/2023,2022-07-07,Shanghai Shenhua,Hebei Zhongji,1,0,1-0,Regular Season - 9
863883,Super Liga China,2022/2023,2022-07-07,Henan Jianye,Guangzhou R&F,2,1,2-1,Regular Season - 9
863882,Super Liga China,2022/2023,2022-07-07,Shijiazhuang Y. J.,Shenzhen Ruby FC,1,2,1-2,Regular Season - 9
863884,Super Liga China,2022/2023,2022-07-08,Chengdu Better City,Tianjin Teda,2,1,2-1,Regular Season - 9
863885,Super Liga China,2022/2023,2022-07-08,Wuhan Three Towns,Wuhan Zall,5,0,5-0,Regular Season - 9
863886,Super Liga China,2022/2023,2022-07-08,Guangzhou Evergrande FC,SHANGHAI SIPG,0,1,0-1,Regular Season - 9
863887,Super Liga China,2022/2023,2022-07-10,Dalian Aerbin,Shandong Luneng,1,3,1-3,Regular Season - 10
863888,Super Liga China,2022/2023,2022-07-10,Hangzhou Greentown,Guangzhou R&F,2,0,2-0,Regular Season - 10
863889,Super Liga China,2022/2023,2022-07-11,Meizhou Kejia,Chengdu Better City,1,2,1-2,Regular Season - 10
863892,Super Liga China,2022/2023,2022-07-11,Hebei Zhongji,Guangzhou Evergrande FC,0,1,0-1,Regular Season - 10
863891,Super Liga China,2022/2023,2022-07-11,Henan Jianye,Changchun Yatai,6,2,6-2,Regular Season - 10
863890,Super Liga China,2022/2023,2022-07-11,Shenzhen Ruby FC,Beijing Guoan,2,1,2-1,Regular Season - 10
863893,Super Liga China,2022/2023,2022-07-12,Wuhan Zall,Shanghai Shenhua,2,2,2-2,Regular Season - 10
863895,Super Liga China,2022/2023,2022-07-12,SHANGHAI SIPG,Wuhan Three Towns,0,1,0-1,Regular Season - 10
863894,Super Liga China,2022/2023,2022-07-12,Tianjin Teda,Shijiazhuang Y. J.,3,0,3-0,Regular Season - 10
926844,Super Liga China,2022/2023,2022-08-05,Shanghai Shenhua,Changchun Yatai,0,0,0-0,Regular Season - 11
926845,Super Liga China,2022/2023,2022-08-05,Hebei Zhongji,Chengdu Better City,0,1,0-1,Regular Season - 11
926846,Super Liga China,2022/2023,2022-08-05,Shenzhen Ruby FC,Hangzhou Greentown,0,2,0-2,Regular Season - 11
926847,Super Liga China,2022/2023,2022-08-06,Dalian Aerbin,SHANGHAI SIPG,1,1,1-1,Regular Season - 11
926848,Super Liga China,2022/2023,2022-08-06,Guangzhou R&F,Wuhan Three Towns,0,3,0-3,Regular Season - 11
926849,Super Liga China,2022/2023,2022-08-06,Tianjin Teda,Shandong Luneng,0,1,0-1,Regular Season - 11
926851,Super Liga China,2022/2023,2022-08-07,Henan Jianye,Beijing Guoan,3,0,3-0,Regular Season - 11
926850,Super Liga China,2022/2023,2022-08-07,Meizhou Kejia,Wuhan Zall,2,1,2-1,Regular Season - 11
926852,Super Liga China,2022/2023,2022-08-07,Shijiazhuang Y. J.,Guangzhou Evergrande FC,2,0,2-0,Regular Season - 11
926861,Super Liga China,2022/2023,2022-08-11,Hebei Zhongji,Tianjin Teda,3,4,3-4,Regular Season - 12
926854,Super Liga China,2022/2023,2022-08-12,Wuhan Three Towns,Beijing Guoan,5,1,5-1,Regular Season - 12
926893,Super Liga China,2022/2023,2022-08-12,Guangzhou Evergrande FC,Chengdu Better City,1,2,1-2,Regular Season - 16
926894,Super Liga China,2022/2023,2022-08-12,Shijiazhuang Y. J.,Shandong Luneng,0,2,0-2,Regular Season - 16
926859,Super Liga China,2022/2023,2022-08-13,Henan Jianye,Meizhou Kejia,0,1,0-1,Regular Season - 12
926857,Super Liga China,2022/2023,2022-08-13,Guangzhou R&F,Wuhan Zall,0,5,0-5,Regular Season - 12
926870,Super Liga China,2022/2023,2022-08-15,Tianjin Teda,Changchun Yatai,2,2,2-2,Regular Season - 13
926869,Super Liga China,2022/2023,2022-08-15,Hebei Zhongji,Shandong Luneng,0,7,0-7,Regular Season - 13
926978,Super Liga China,2022/2023,2022-08-16,SHANGHAI SIPG,Shenzhen Ruby FC,2,0,2-0,Regular Season - 13
926972,Super Liga China,2022/2023,2022-08-17,Shanghai Shenhua,Chengdu Better City,0,2,0-2,Regular Season - 13
926862,Super Liga China,2022/2023,2022-08-17,Henan Jianye,Wuhan Three Towns,0,3,0-3,Regular Season - 13
926868,Super Liga China,2022/2023,2022-08-17,Wuhan Zall,Beijing Guoan,1,4,1-4,Regular Season - 13
926866,Super Liga China,2022/2023,2022-08-17,Meizhou Kejia,Guangzhou R&F,2,1,2-1,Regular Season - 13
926878,Super Liga China,2022/2023,2022-08-18,Dalian Aerbin,Shijiazhuang Y. J.,2,0,2-0,Regular Season - 14
926984,Super Liga China,2022/2023,2022-08-19,Hebei Zhongji,Changchun Yatai,1,7,1-7,Regular Season - 14
926871,Super Liga China,2022/2023,2022-08-20,SHANGHAI SIPG,Hangzhou Greentown,1,1,1-1,Regular Season - 14
926875,Super Liga China,2022/2023,2022-08-21,Shandong Luneng,Chengdu Better City,2,1,2-1,Regular Season - 14
926872,Super Liga China,2022/2023,2022-08-21,Wuhan Zall,Henan Jianye,2,2,2-2,Regular Season - 14
926873,Super Liga China,2022/2023,2022-08-21,Guangzhou Evergrande FC,Shenzhen Ruby FC,4,1,4-1,Regular Season - 14
926981,Super Liga China,2022/2023,2022-08-21,Shanghai Shenhua,Tianjin Teda,1,1,1-1,Regular Season - 14
926879,Super Liga China,2022/2023,2022-08-22,Beijing Guoan,Guangzhou R&F,1,0,1-0,Regular Season - 14
926874,Super Liga China,2022/2023,2022-08-22,Meizhou Kejia,Wuhan Three Towns,1,2,1-2,Regular Season - 14
926864,Super Liga China,2022/2023,2022-08-24,Shijiazhuang Y. J.,Hangzhou Greentown,1,1,1-1,Regular Season - 13
926865,Super Liga China,2022/2023,2022-08-24,Guangzhou Evergrande FC,Dalian Aerbin,0,0,0-0,Regular Season - 13
926880,Super Liga China,2022/2023,2022-08-26,Beijing Guoan,Shanghai Shenhua,0,2,0-2,Regular Season - 15
926884,Super Liga China,2022/2023,2022-08-27,SHANGHAI SIPG,Tianjin Teda,1,0,1-0,Regular Season - 15
926882,Super Liga China,2022/2023,2022-08-27,Guangzhou R&F,Chengdu Better City,1,2,1-2,Regular Season - 15
926885,Super Liga China,2022/2023,2022-08-27,Wuhan Zall,Shandong Luneng,1,2,1-2,Regular Season - 15
926887,Super Liga China,2022/2023,2022-08-28,Shijiazhuang Y. J.,Changchun Yatai,1,2,1-2,Regular Season - 15
926886,Super Liga China,2022/2023,2022-08-28,Henan Jianye,Guangzhou Evergrande FC,2,1,2-1,Regular Season - 15
926883,Super Liga China,2022/2023,2022-08-28,Hangzhou Greentown,Hebei Zhongji,3,0,3-0,Regular Season - 15
926881,Super Liga China,2022/2023,2022-08-28,Meizhou Kejia,Dalian Aerbin,4,2,4-2,Regular Season - 15
926990,Super Liga China,2022/2023,2022-08-28,Wuhan Three Towns,Shenzhen Ruby FC,5,1,5-1,Regular Season - 15
926860,Super Liga China,2022/2023,2022-08-31,Shanghai Shenhua,Shandong Luneng,2,1,2-1,Regular Season - 12
926856,Super Liga China,2022/2023,2022-09-01,Shijiazhuang Y. J.,SHANGHAI SIPG,0,0,0-0,Regular Season - 12
926962,Super Liga China,2022/2023,2022-09-01,Dalian Aerbin,Shenzhen Ruby FC,5,1,5-1,Regular Season - 12
926858,Super Liga China,2022/2023,2022-09-01,Changchun Yatai,Chengdu Better City,0,1,0-1,Regular Season - 12
926853,Super Liga China,2022/2023,2022-09-01,Hangzhou Greentown,Guangzhou Evergrande FC,3,0,3-0,Regular Season - 12
927002,Super Liga China,2022/2023,2022-09-03,Guangzhou R&F,Tianjin Teda,2,0,2-0,Regular Season - 16
926897,Super Liga China,2022/2023,2022-09-06,Beijing Guoan,Hangzhou Greentown,2,2,2-2,Regular Season - 16
926902,Super Liga China,2022/2023,2022-09-09,Guangzhou Evergrande FC,Tianjin Teda,0,0,0-0,Regular Season - 17
926904,Super Liga China,2022/2023,2022-09-10,Hangzhou Greentown,Shanghai Shenhua,1,1,1-1,Regular Season - 17
927009,Super Liga China,2022/2023,2022-09-10,Meizhou Kejia,Hebei Zhongji,6,0,6-0,Regular Season - 17
926908,Super Liga China,2022/2023,2022-09-13,Guangzhou R&F,Guangzhou Evergrande FC,1,0,1-0,Regular Season - 18
926914,Super Liga China,2022/2023,2022-09-14,Beijing Guoan,Hebei Zhongji,3,1,3-1,Regular Season - 18
927017,Super Liga China,2022/2023,2022-09-14,Henan Jianye,Tianjin Teda,0,1,0-1,Regular Season - 18
926912,Super Liga China,2022/2023,2022-09-14,Shandong Luneng,Wuhan Three Towns,1,1,1-1,Regular Season - 18
926913,Super Liga China,2022/2023,2022-09-14,Meizhou Kejia,Hangzhou Greentown,0,0,0-0,Regular Season - 18
926896,Super Liga China,2022/2023,2022-09-20,Shanghai Shenhua,Meizhou Kejia,1,0,1-0,Regular Season - 16
926891,Super Liga China,2022/2023,2022-09-20,Changchun Yatai,Wuhan Three Towns,1,2,1-2,Regular Season - 16
926895,Super Liga China,2022/2023,2022-09-20,Dalian Aerbin,Hebei Zhongji,2,1,2-1,Regular Season - 16
926892,Super Liga China,2022/2023,2022-09-20,Henan Jianye,SHANGHAI SIPG,1,2,1-2,Regular Season - 16
926889,Super Liga China,2022/2023,2022-09-20,Wuhan Zall,Shenzhen Ruby FC,0,3,0-3,Regular Season - 16
926901,Super Liga China,2022/2023,2022-09-24,Changchun Yatai,Wuhan Zall,2,0,2-0,Regular Season - 17
926905,Super Liga China,2022/2023,2022-09-24,Dalian Aerbin,Beijing Guoan,2,2,2-2,Regular Season - 17
926903,Super Liga China,2022/2023,2022-09-24,Wuhan Three Towns,Shijiazhuang Y. J.,3,4,3-4,Regular Season - 17
926898,Super Liga China,2022/2023,2022-09-24,Shenzhen Ruby FC,Shandong Luneng,0,4,0-4,Regular Season - 17
926899,Super Liga China,2022/2023,2022-09-25,SHANGHAI SIPG,Guangzhou R&F,2,0,2-0,Regular Season - 17
926900,Super Liga China,2022/2023,2022-09-25,Chengdu Better City,Henan Jianye,0,0,0-0,Regular Season - 17
926909,Super Liga China,2022/2023,2022-09-29,SHANGHAI SIPG,Chengdu Better City,3,0,3-0,Regular Season - 18
926911,Super Liga China,2022/2023,2022-09-29,Dalian Aerbin,Shanghai Shenhua,1,2,1-2,Regular Season - 18
926910,Super Liga China,2022/2023,2022-09-29,Wuhan Zall,Shijiazhuang Y. J.,1,4,1-4,Regular Season - 18
926907,Super Liga China,2022/2023,2022-09-30,Changchun Yatai,Shenzhen Ruby FC,1,0,1-0,Regular Season - 18
926938,Super Liga China,2022/2023,2022-10-04,Hebei Zhongji,Shijiazhuang Y. J.,0,5,0-5,Regular Season - 21
926934,Super Liga China,2022/2023,2022-10-04,Dalian Aerbin,Tianjin Teda,0,2,0-2,Regular Season - 21
926937,Super Liga China,2022/2023,2022-10-04,Shanghai Shenhua,Henan Jianye,1,0,1-0,Regular Season - 21
926935,Super Liga China,2022/2023,2022-10-04,Guangzhou R&F,Shenzhen Ruby FC,1,1,1-1,Regular Season - 21
926936,Super Liga China,2022/2023,2022-10-04,Hangzhou Greentown,Wuhan Three Towns,2,1,2-1,Regular Season - 21
926939,Super Liga China,2022/2023,2022-10-05,Changchun Yatai,Guangzhou Evergrande FC,0,0,0-0,Regular Season - 21
926941,Super Liga China,2022/2023,2022-10-05,SHANGHAI SIPG,Beijing Guoan,0,1,0-1,Regular Season - 21
926942,Super Liga China,2022/2023,2022-10-05,Wuhan Zall,Chengdu Better City,0,1,0-1,Regular Season - 21
926940,Super Liga China,2022/2023,2022-10-05,Meizhou Kejia,Shandong Luneng,1,2,1-2,Regular Season - 21
926943,Super Liga China,2022/2023,2022-10-08,Henan Jianye,Hebei Zhongji,1,0,1-0,Regular Season - 22
926944,Super Liga China,2022/2023,2022-10-08,Tianjin Teda,Wuhan Three Towns,0,1,0-1,Regular Season - 22
926945,Super Liga China,2022/2023,2022-10-08,Shijiazhuang Y. J.,Guangzhou R&F,0,0,0-0,Regular Season - 22
926946,Super Liga China,2022/2023,2022-10-09,Changchun Yatai,SHANGHAI SIPG,1,4,1-4,Regular Season - 22
926950,Super Liga China,2022/2023,2022-10-09,Beijing Guoan,Shandong Luneng,3,3,3-3,Regular Season - 22
926947,Super Liga China,2022/2023,2022-10-09,Dalian Aerbin,Chengdu Better City,2,0,2-0,Regular Season - 22
926951,Super Liga China,2022/2023,2022-10-09,Guangzhou Evergrande FC,Meizhou Kejia,1,3,1-3,Regular Season - 22
926948,Super Liga China,2022/2023,2022-10-09,Wuhan Zall,Hangzhou Greentown,0,3,0-3,Regular Season - 22
926949,Super Liga China,2022/2023,2022-10-09,Shenzhen Ruby FC,Shanghai Shenhua,0,0,0-0,Regular Season - 22
926919,Super Liga China,2022/2023,2022-10-24,Henan Jianye,Shijiazhuang Y. J.,3,0,3-0,Regular Season - 19
926921,Super Liga China,2022/2023,2022-10-24,Chengdu Better City,Hangzhou Greentown,1,1,1-1,Regular Season - 19
926918,Super Liga China,2022/2023,2022-10-24,Changchun Yatai,Beijing Guoan,0,1,0-1,Regular Season - 19
926916,Super Liga China,2022/2023,2022-10-24,SHANGHAI SIPG,Meizhou Kejia,7,0,7-0,Regular Season - 19
927029,Super Liga China,2022/2023,2022-10-24,Shandong Luneng,Guangzhou Evergrande FC,3,0,3-0,Regular Season - 19
926920,Super Liga China,2022/2023,2022-10-24,Tianjin Teda,Wuhan Zall,3,1,3-1,Regular Season - 19
927032,Super Liga China,2022/2023,2022-10-24,Shenzhen Ruby FC,Hebei Zhongji,2,1,2-1,Regular Season - 19
926922,Super Liga China,2022/2023,2022-10-25,Shanghai Shenhua,Guangzhou R&F,1,1,1-1,Regular Season - 19
926923,Super Liga China,2022/2023,2022-10-25,Wuhan Three Towns,Dalian Aerbin,4,0,4-0,Regular Season - 19
926932,Super Liga China,2022/2023,2022-10-29,Hebei Zhongji,Guangzhou R&F,0,4,0-4,Regular Season - 20
926925,Super Liga China,2022/2023,2022-10-29,Changchun Yatai,Meizhou Kejia,1,0,1-0,Regular Season - 20
927040,Super Liga China,2022/2023,2022-10-29,Shanghai Shenhua,Shijiazhuang Y. J.,1,2,1-2,Regular Season - 20
927035,Super Liga China,2022/2023,2022-10-29,Shenzhen Ruby FC,Henan Jianye,0,2,0-2,Regular Season - 20
926926,Super Liga China,2022/2023,2022-10-29,Beijing Guoan,Guangzhou Evergrande FC,4,1,4-1,Regular Season - 20
926931,Super Liga China,2022/2023,2022-10-29,Wuhan Three Towns,Chengdu Better City,0,1,0-1,Regular Season - 20
926929,Super Liga China,2022/2023,2022-10-29,Tianjin Teda,Hangzhou Greentown,1,2,1-2,Regular Season - 20
926928,Super Liga China,2022/2023,2022-10-30,Dalian Aerbin,Wuhan Zall,2,1,2-1,Regular Season - 20
926927,Super Liga China,2022/2023,2022-10-30,Shandong Luneng,SHANGHAI SIPG,3,1,3-1,Regular Season - 20
926958,Super Liga China,2022/2023,2022-11-03,Changchun Yatai,Shanghai Shenhua,0,0,0-0,Regular Season - 23
926959,Super Liga China,2022/2023,2022-11-03,Shandong Luneng,Tianjin Teda,4,1,4-1,Regular Season - 23
926953,Super Liga China,2022/2023,2022-11-03,Hangzhou Greentown,Shenzhen Ruby FC,0,2,0-2,Regular Season - 23
926960,Super Liga China,2022/2023,2022-11-03,Chengdu Better City,Hebei Zhongji,6,0,6-0,Regular Season - 23
926952,Super Liga China,2022/2023,2022-11-03,Wuhan Three Towns,Guangzhou R&F,4,1,4-1,Regular Season - 23
926954,Super Liga China,2022/2023,2022-11-04,SHANGHAI SIPG,Dalian Aerbin,2,1,2-1,Regular Season - 23
926955,Super Liga China,2022/2023,2022-11-04,Guangzhou Evergrande FC,Shijiazhuang Y. J.,3,3,3-3,Regular Season - 23
926957,Super Liga China,2022/2023,2022-11-04,Beijing Guoan,Henan Jianye,2,1,2-1,Regular Season - 23
926956,Super Liga China,2022/2023,2022-11-04,Wuhan Zall,Meizhou Kejia,0,0,0-0,Regular Season - 23
926967,Super Liga China,2022/2023,2022-11-07,Shandong Luneng,Shanghai Shenhua,2,0,2-0,Regular Season - 24
926969,Super Liga China,2022/2023,2022-11-07,Tianjin Teda,Hebei Zhongji,5,0,5-0,Regular Season - 24
926966,Super Liga China,2022/2023,2022-11-07,Chengdu Better City,Changchun Yatai,2,2,2-2,Regular Season - 24
926963,Super Liga China,2022/2023,2022-11-08,Guangzhou Evergrande FC,Hangzhou Greentown,1,5,1-5,Regular Season - 24
926968,Super Liga China,2022/2023,2022-11-08,Wuhan Zall,Guangzhou R&F,2,1,2-1,Regular Season - 24
926961,Super Liga China,2022/2023,2022-11-08,SHANGHAI SIPG,Shijiazhuang Y. J.,2,0,2-0,Regular Season - 24
926965,Super Liga China,2022/2023,2022-11-08,Beijing Guoan,Wuhan Three Towns,0,2,0-2,Regular Season - 24
926964,Super Liga China,2022/2023,2022-11-08,Meizhou Kejia,Henan Jianye,3,2,3-2,Regular Season - 24
926855,Super Liga China,2022/2023,2022-11-08,Shenzhen Ruby FC,Dalian Aerbin,0,2,0-2,Regular Season - 24
926974,Super Liga China,2022/2023,2022-11-12,Shandong Luneng,Hebei Zhongji,4,0,4-0,Regular Season - 25
926971,Super Liga China,2022/2023,2022-11-12,Changchun Yatai,Tianjin Teda,2,3,2-3,Regular Season - 25
926973,Super Liga China,2022/2023,2022-11-12,Guangzhou R&F,Meizhou Kejia,0,1,0-1,Regular Season - 25
926867,Super Liga China,2022/2023,2022-11-12,Chengdu Better City,Shanghai Shenhua,3,2,3-2,Regular Season - 25
926970,Super Liga China,2022/2023,2022-11-13,Dalian Aerbin,Guangzhou Evergrande FC,1,1,1-1,Regular Season - 25
926863,Super Liga China,2022/2023,2022-11-13,Shenzhen Ruby FC,SHANGHAI SIPG,0,3,0-3,Regular Season - 25
926977,Super Liga China,2022/2023,2022-11-13,Beijing Guoan,Wuhan Zall,3,1,3-1,Regular Season - 25
926976,Super Liga China,2022/2023,2022-11-13,Hangzhou Greentown,Shijiazhuang Y. J.,3,3,3-3,Regular Season - 25
926975,Super Liga China,2022/2023,2022-11-13,Wuhan Three Towns,Henan Jianye,1,3,1-3,Regular Season - 25
926876,Super Liga China,2022/2023,2022-11-21,Changchun Yatai,Hebei Zhongji,4,1,4-1,Regular Season - 26
926877,Super Liga China,2022/2023,2022-11-21,Tianjin Teda,Shanghai Shenhua,2,1,2-1,Regular Season - 26
926979,Super Liga China,2022/2023,2022-11-21,Guangzhou R&F,Beijing Guoan,1,2,1-2,Regular Season - 26
926983,Super Liga China,2022/2023,2022-11-21,Chengdu Better City,Shandong Luneng,2,1,2-1,Regular Season - 26
926982,Super Liga China,2022/2023,2022-11-21,Wuhan Three Towns,Meizhou Kejia,3,0,3-0,Regular Season - 26
926980,Super Liga China,2022/2023,2022-11-22,Shijiazhuang Y. J.,Dalian Aerbin,1,1,1-1,Regular Season - 26
926985,Super Liga China,2022/2023,2022-11-22,Henan Jianye,Wuhan Zall,3,0,3-0,Regular Season - 26
926986,Super Liga China,2022/2023,2022-11-22,Hangzhou Greentown,SHANGHAI SIPG,2,1,2-1,Regular Season - 26
926987,Super Liga China,2022/2023,2022-11-22,Shenzhen Ruby FC,Guangzhou Evergrande FC,2,1,2-1,Regular Season - 26
926994,Super Liga China,2022/2023,2022-11-25,Chengdu Better City,Guangzhou R&F,3,0,3-0,Regular Season - 27
926993,Super Liga China,2022/2023,2022-11-25,Shanghai Shenhua,Beijing Guoan,1,2,1-2,Regular Season - 27
926992,Super Liga China,2022/2023,2022-11-26,Dalian Aerbin,Meizhou Kejia,2,1,2-1,Regular Season - 27
926988,Super Liga China,2022/2023,2022-11-26,Changchun Yatai,Shijiazhuang Y. J.,0,2,0-2,Regular Season - 27
926995,Super Liga China,2022/2023,2022-11-26,Shandong Luneng,Wuhan Zall,5,0,5-0,Regular Season - 27
926996,Super Liga China,2022/2023,2022-11-26,Hebei Zhongji,Hangzhou Greentown,1,6,1-6,Regular Season - 27
926989,Super Liga China,2022/2023,2022-11-26,Guangzhou Evergrande FC,Henan Jianye,1,1,1-1,Regular Season - 27
926888,Super Liga China,2022/2023,2022-11-26,Shenzhen Ruby FC,Wuhan Three Towns,0,4,0-4,Regular Season - 27
926991,Super Liga China,2022/2023,2022-11-26,Tianjin Teda,SHANGHAI SIPG,1,0,1-0,Regular Season - 27
926999,Super Liga China,2022/2023,2022-11-30,Shandong Luneng,Shijiazhuang Y. J.,2,3,2-3,Regular Season - 28
926890,Super Liga China,2022/2023,2022-11-30,Tianjin Teda,Guangzhou R&F,1,0,1-0,Regular Season - 28
927005,Super Liga China,2022/2023,2022-11-30,Hebei Zhongji,Dalian Aerbin,1,4,1-4,Regular Season - 28
926997,Super Liga China,2022/2023,2022-11-30,SHANGHAI SIPG,Henan Jianye,1,3,1-3,Regular Season - 28
927003,Super Liga China,2022/2023,2022-11-30,Hangzhou Greentown,Beijing Guoan,2,0,2-0,Regular Season - 28
927004,Super Liga China,2022/2023,2022-11-30,Shenzhen Ruby FC,Wuhan Zall,1,2,1-2,Regular Season - 28
927000,Super Liga China,2022/2023,2022-11-30,Wuhan Three Towns,Changchun Yatai,2,3,2-3,Regular Season - 28
926998,Super Liga China,2022/2023,2022-12-01,Chengdu Better City,Guangzhou Evergrande FC,2,0,2-0,Regular Season - 28
927001,Super Liga China,2022/2023,2022-12-01,Meizhou Kejia,Shanghai Shenhua,0,1,0-1,Regular Season - 28
927007,Super Liga China,2022/2023,2022-12-04,Shijiazhuang Y. J.,Wuhan Three Towns,0,4,0-4,Regular Season - 29
927008,Super Liga China,2022/2023,2022-12-04,Guangzhou R&F,SHANGHAI SIPG,1,2,1-2,Regular Season - 29
927014,Super Liga China,2022/2023,2022-12-04,Wuhan Zall,Changchun Yatai,1,1,1-1,Regular Season - 29
927012,Super Liga China,2022/2023,2022-12-05,Beijing Guoan,Dalian Aerbin,1,3,1-3,Regular Season - 29
927011,Super Liga China,2022/2023,2022-12-05,Tianjin Teda,Guangzhou Evergrande FC,0,0,0-0,Regular Season - 29
926906,Super Liga China,2022/2023,2022-12-05,Hebei Zhongji,Meizhou Kejia,0,4,0-4,Regular Season - 29
927013,Super Liga China,2022/2023,2022-12-05,Shanghai Shenhua,Hangzhou Greentown,0,2,0-2,Regular Season - 29
927006,Super Liga China,2022/2023,2022-12-05,Henan Jianye,Chengdu Better City,0,1,0-1,Regular Season - 29
927023,Super Liga China,2022/2023,2022-12-09,Shijiazhuang Y. J.,Wuhan Zall,1,0,1-0,Regular Season - 30
927015,Super Liga China,2022/2023,2022-12-09,Shanghai Shenhua,Dalian Aerbin,1,2,1-2,Regular Season - 30
927016,Super Liga China,2022/2023,2022-12-09,Wuhan Three Towns,Shandong Luneng,1,1,1-1,Regular Season - 30
927020,Super Liga China,2022/2023,2022-12-10,Hebei Zhongji,Beijing Guoan,0,4,0-4,Regular Season - 30
927021,Super Liga China,2022/2023,2022-12-10,Chengdu Better City,SHANGHAI SIPG,0,0,0-0,Regular Season - 30
927022,Super Liga China,2022/2023,2022-12-10,Shenzhen Ruby FC,Changchun Yatai,0,2,0-2,Regular Season - 30
927019,Super Liga China,2022/2023,2022-12-10,Guangzhou Evergrande FC,Guangzhou R&F,0,0,0-0,Regular Season - 30
927018,Super Liga China,2022/2023,2022-12-10,Hangzhou Greentown,Meizhou Kejia,2,0,2-0,Regular Season - 30
926915,Super Liga China,2022/2023,2022-12-10,Tianjin Teda,Henan Jianye,1,1,1-1,Regular Season - 30
927030,Super Liga China,2022/2023,2022-12-14,Dalian Aerbin,Wuhan Three Towns,1,2,1-2,Regular Season - 31
927026,Super Liga China,2022/2023,2022-12-14,Wuhan Zall,Tianjin Teda,0,3,0-3,Regular Season - 31
927024,Super Liga China,2022/2023,2022-12-14,Guangzhou R&F,Shanghai Shenhua,1,1,1-1,Regular Season - 31
927027,Super Liga China,2022/2023,2022-12-15,Beijing Guoan,Changchun Yatai,3,0,3-0,Regular Season - 31
927028,Super Liga China,2022/2023,2022-12-15,Shijiazhuang Y. J.,Henan Jianye,1,1,1-1,Regular Season - 31
926917,Super Liga China,2022/2023,2022-12-15,Guangzhou Evergrande FC,Shandong Luneng,2,4,2-4,Regular Season - 31
927025,Super Liga China,2022/2023,2022-12-15,Hangzhou Greentown,Chengdu Better City,1,1,1-1,Regular Season - 31
927031,Super Liga China,2022/2023,2022-12-15,Meizhou Kejia,SHANGHAI SIPG,0,1,0-1,Regular Season - 31
926924,Super Liga China,2022/2023,2022-12-15,Hebei Zhongji,Shenzhen Ruby FC,2,0,2-0,Regular Season - 31
927010,Super Liga China,2022/2023,2022-12-19,Shandong Luneng,Shenzhen Ruby FC,8,0,8-0,Regular Season - 29
927038,Super Liga China,2022/2023,2022-12-23,Guangzhou Evergrande FC,Beijing Guoan,1,3,1-3,Regular Season - 32
927039,Super Liga China,2022/2023,2022-12-23,Guangzhou R&F,Hebei Zhongji,4,1,4-1,Regular Season - 32
927041,Super Liga China,2022/2023,2022-12-23,Wuhan Zall,Dalian Aerbin,3,0,3-0,Regular Season - 32
927033,Super Liga China,2022/2023,2022-12-23,Meizhou Kejia,Changchun Yatai,1,0,1-0,Regular Season - 32
927037,Super Liga China,2022/2023,2022-12-23,SHANGHAI SIPG,Shandong Luneng,2,0,2-0,Regular Season - 32
926933,Super Liga China,2022/2023,2022-12-23,Shijiazhuang Y. J.,Shanghai Shenhua,0,3,0-3,Regular Season - 32
927034,Super Liga China,2022/2023,2022-12-23,Chengdu Better City,Wuhan Three Towns,1,0,1-0,Regular Season - 32
927042,Super Liga China,2022/2023,2022-12-27,Beijing Guoan,SHANGHAI SIPG,0,3,0-3,Regular Season - 33
927049,Super Liga China,2022/2023,2022-12-27,Guangzhou Evergrande FC,Changchun Yatai,1,4,1-4,Regular Season - 33
927048,Super Liga China,2022/2023,2022-12-27,Henan Jianye,Shanghai Shenhua,1,1,1-1,Regular Season - 33
927044,Super Liga China,2022/2023,2022-12-27,Shijiazhuang Y. J.,Hebei Zhongji,3,0,3-0,Regular Season - 33
927043,Super Liga China,2022/2023,2022-12-27,Shenzhen Ruby FC,Guangzhou R&F,0,3,0-3,Regular Season - 33
927046,Super Liga China,2022/2023,2022-12-27,Chengdu Better City,Wuhan Zall,3,1,3-1,Regular Season - 33
927045,Super Liga China,2022/2023,2022-12-27,Tianjin Teda,Dalian Aerbin,0,3,0-3,Regular Season - 33
927047,Super Liga China,2022/2023,2022-12-27,Shandong Luneng,Meizhou Kejia,3,0,3-0,Regular Season - 33
927050,Super Liga China,2022/2023,2022-12-27,Wuhan Three Towns,Hangzhou Greentown,2,0,2-0,Regular Season - 33
927058,Super Liga China,2022/2023,2022-12-30,Shanghai Shenhua,Shenzhen Ruby FC,2,0,2-0,Regular Season - 34
927057,Super Liga China,2022/2023,2022-12-30,Hebei Zhongji,Henan Jianye,0,4,0-4,Regular Season - 34
927056,Super Liga China,2022/2023,2022-12-31,SHANGHAI SIPG,Changchun Yatai,4,0,4-0,Regular Season - 34
927054,Super Liga China,2022/2023,2022-12-31,Guangzhou R&F,Shijiazhuang Y. J.,1,4,1-4,Regular Season - 34
927053,Super Liga China,2022/2023,2022-12-31,Shandong Luneng,Beijing Guoan,3,0,3-0,Regular Season - 34
927055,Super Liga China,2022/2023,2022-12-31,Hangzhou Greentown,Wuhan Zall,4,0,4-0,Regular Season - 34
927051,Super Liga China,2022/2023,2022-12-31,Meizhou Kejia,Guangzhou Evergrande FC,1,0,1-0,Regular Season - 34
927052,Super Liga China,2022/2023,2022-12-31,Chengdu Better City,Dalian Aerbin,3,0,3-0,Regular Season - 34
927059,Super Liga China,2022/2023,2022-12-31,Wuhan Three Towns,Tianjin Teda,3,0,3-0,Regular Season - 34
1021270,Super Liga China,2023/2024,2023-04-15,Dalian Aerbin,Nantong Zhiyun,2,1,2-1,Regular Season - 1
1021272,Super Liga China,2023/2024,2023-04-15,Hangzhou Greentown,Changchun Yatai,0,2,0-2,Regular Season - 1
1021271,Super Liga China,2023/2024,2023-04-15,Wuhan Three Towns,SHANGHAI SIPG,0,2,0-2,Regular Season - 1
1021273,Super Liga China,2023/2024,2023-04-15,Beijing Guoan,Meizhou Kejia,1,1,1-1,Regular Season - 1
1021276,Super Liga China,2023/2024,2023-04-16,Shanghai Shenhua,Shandong Luneng,1,0,1-0,Regular Season - 1
1021275,Super Liga China,2023/2024,2023-04-16,Tianjin Teda,Shijiazhuang Y. J.,1,1,1-1,Regular Season - 1
1021274,Super Liga China,2023/2024,2023-04-16,Henan Jianye,Chengdu Better City,1,1,1-1,Regular Season - 1
1021277,Super Liga China,2023/2024,2023-04-16,Shenzhen Ruby FC,Qingdao Jonoon,2,1,2-1,Regular Season - 1
1021278,Super Liga China,2023/2024,2023-04-20,Wuhan Three Towns,Beijing Guoan,1,1,1-1,Regular Season - 2
1021279,Super Liga China,2023/2024,2023-04-21,Tianjin Teda,Hangzhou Greentown,2,1,2-1,Regular Season - 2
1021280,Super Liga China,2023/2024,2023-04-21,Meizhou Kejia,Shanghai Shenhua,0,1,0-1,Regular Season - 2
1021282,Super Liga China,2023/2024,2023-04-21,Henan Jianye,Qingdao Jonoon,0,0,0-0,Regular Season - 2
1021281,Super Liga China,2023/2024,2023-04-21,Shandong Luneng,Nantong Zhiyun,1,1,1-1,Regular Season - 2
1021283,Super Liga China,2023/2024,2023-04-21,Chengdu Better City,Shijiazhuang Y. J.,2,1,2-1,Regular Season - 2
1021284,Super Liga China,2023/2024,2023-04-22,SHANGHAI SIPG,Shenzhen Ruby FC,3,2,3-2,Regular Season - 2
1021285,Super Liga China,2023/2024,2023-04-22,Changchun Yatai,Dalian Aerbin,3,2,3-2,Regular Season - 2
1021286,Super Liga China,2023/2024,2023-04-25,Shandong Luneng,Hangzhou Greentown,2,1,2-1,Regular Season - 3
1021288,Super Liga China,2023/2024,2023-04-25,Qingdao Jonoon,Beijing Guoan,3,1,3-1,Regular Season - 3
1021287,Super Liga China,2023/2024,2023-04-25,Meizhou Kejia,Wuhan Three Towns,1,2,1-2,Regular Season - 3
1021289,Super Liga China,2023/2024,2023-04-26,Shijiazhuang Y. J.,SHANGHAI SIPG,0,1,0-1,Regular Season - 3
1021291,Super Liga China,2023/2024,2023-04-26,Dalian Aerbin,Chengdu Better City,0,0,0-0,Regular Season - 3
1021290,Super Liga China,2023/2024,2023-04-26,Shanghai Shenhua,Changchun Yatai,1,0,1-0,Regular Season - 3
1021292,Super Liga China,2023/2024,2023-04-26,Shenzhen Ruby FC,Tianjin Teda,0,2,0-2,Regular Season - 3
1021293,Super Liga China,2023/2024,2023-04-26,Nantong Zhiyun,Henan Jianye,1,0,1-0,Regular Season - 3
1021294,Super Liga China,2023/2024,2023-04-29,Beijing Guoan,Shandong Luneng,0,0,0-0,Regular Season - 4
1021295,Super Liga China,2023/2024,2023-04-29,Qingdao Jonoon,Wuhan Three Towns,0,3,0-3,Regular Season - 4
1021297,Super Liga China,2023/2024,2023-04-30,Changchun Yatai,Tianjin Teda,1,1,1-1,Regular Season - 4
1021296,Super Liga China,2023/2024,2023-04-30,Hangzhou Greentown,Chengdu Better City,0,2,0-2,Regular Season - 4
1021298,Super Liga China,2023/2024,2023-04-30,Shenzhen Ruby FC,Henan Jianye,1,1,1-1,Regular Season - 4
1021299,Super Liga China,2023/2024,2023-04-30,SHANGHAI SIPG,Shanghai Shenhua,1,1,1-1,Regular Season - 4
1021300,Super Liga China,2023/2024,2023-04-30,Shijiazhuang Y. J.,Nantong Zhiyun,1,1,1-1,Regular Season - 4
1021301,Super Liga China,2023/2024,2023-05-01,Dalian Aerbin,Meizhou Kejia,1,1,1-1,Regular Season - 4
1021303,Super Liga China,2023/2024,2023-05-05,Shanghai Shenhua,Dalian Aerbin,1,0,1-0,Regular Season - 5
1021302,Super Liga China,2023/2024,2023-05-05,Henan Jianye,Beijing Guoan,0,1,0-1,Regular Season - 5
1021304,Super Liga China,2023/2024,2023-05-05,Shenzhen Ruby FC,Shijiazhuang Y. J.,0,1,0-1,Regular Season - 5
1021305,Super Liga China,2023/2024,2023-05-05,Wuhan Three Towns,Hangzhou Greentown,0,0,0-0,Regular Season - 5
1021306,Super Liga China,2023/2024,2023-05-06,Meizhou Kejia,Shandong Luneng,2,1,2-1,Regular Season - 5
1021308,Super Liga China,2023/2024,2023-05-06,Tianjin Teda,SHANGHAI SIPG,0,0,0-0,Regular Season - 5
1021309,Super Liga China,2023/2024,2023-05-06,Nantong Zhiyun,Changchun Yatai,0,1,0-1,Regular Season - 5
1021307,Super Liga China,2023/2024,2023-05-06,Chengdu Better City,Qingdao Jonoon,3,2,3-2,Regular Season - 5
1021311,Super Liga China,2023/2024,2023-05-09,Dalian Aerbin,Shijiazhuang Y. J.,1,1,1-1,Regular Season - 6
1021310,Super Liga China,2023/2024,2023-05-09,Henan Jianye,Wuhan Three Towns,1,1,1-1,Regular Season - 6
1021312,Super Liga China,2023/2024,2023-05-09,Shenzhen Ruby FC,Shanghai Shenhua,1,3,1-3,Regular Season - 6
1021317,Super Liga China,2023/2024,2023-05-10,Beijing Guoan,Tianjin Teda,1,1,1-1,Regular Season - 6
1021315,Super Liga China,2023/2024,2023-05-10,Changchun Yatai,Meizhou Kejia,2,4,2-4,Regular Season - 6
1021314,Super Liga China,2023/2024,2023-05-10,SHANGHAI SIPG,Qingdao Jonoon,2,1,2-1,Regular Season - 6
1021316,Super Liga China,2023/2024,2023-05-10,Nantong Zhiyun,Hangzhou Greentown,1,2,1-2,Regular Season - 6
1021431,Super Liga China,2023/2024,2023-05-10,Chengdu Better City,Shandong Luneng,2,2,2-2,Regular Season - 6
1021318,Super Liga China,2023/2024,2023-05-13,Shanghai Shenhua,Wuhan Three Towns,1,1,1-1,Regular Season - 7
1021319,Super Liga China,2023/2024,2023-05-13,Shenzhen Ruby FC,Dalian Aerbin,2,1,2-1,Regular Season - 7
1021320,Super Liga China,2023/2024,2023-05-14,Qingdao Jonoon,Meizhou Kejia,2,0,2-0,Regular Season - 7
1021321,Super Liga China,2023/2024,2023-05-14,Chengdu Better City,Changchun Yatai,2,2,2-2,Regular Season - 7
1021323,Super Liga China,2023/2024,2023-05-14,Tianjin Teda,Henan Jianye,1,0,1-0,Regular Season - 7
1021322,Super Liga China,2023/2024,2023-05-14,Hangzhou Greentown,SHANGHAI SIPG,1,2,1-2,Regular Season - 7
1021324,Super Liga China,2023/2024,2023-05-14,Shijiazhuang Y. J.,Shandong Luneng,1,1,1-1,Regular Season - 7
1021325,Super Liga China,2023/2024,2023-05-15,Beijing Guoan,Nantong Zhiyun,1,0,1-0,Regular Season - 7
1021326,Super Liga China,2023/2024,2023-05-19,Wuhan Three Towns,Chengdu Better City,3,3,3-3,Regular Season - 8
1021327,Super Liga China,2023/2024,2023-05-19,Shanghai Shenhua,Beijing Guoan,1,1,1-1,Regular Season - 8
1021328,Super Liga China,2023/2024,2023-05-19,Shijiazhuang Y. J.,Changchun Yatai,2,4,2-4,Regular Season - 8
1021329,Super Liga China,2023/2024,2023-05-19,Qingdao Jonoon,Hangzhou Greentown,2,2,2-2,Regular Season - 8
1021330,Super Liga China,2023/2024,2023-05-19,Nantong Zhiyun,Shenzhen Ruby FC,1,1,1-1,Regular Season - 8
1021332,Super Liga China,2023/2024,2023-05-20,Tianjin Teda,Shandong Luneng,3,3,3-3,Regular Season - 8
1021331,Super Liga China,2023/2024,2023-05-20,Henan Jianye,Dalian Aerbin,1,0,1-0,Regular Season - 8
1021333,Super Liga China,2023/2024,2023-05-20,Meizhou Kejia,SHANGHAI SIPG,0,2,0-2,Regular Season - 8
1021335,Super Liga China,2023/2024,2023-05-23,Beijing Guoan,Shijiazhuang Y. J.,6,2,6-2,Regular Season - 9
1021336,Super Liga China,2023/2024,2023-05-23,Changchun Yatai,Qingdao Jonoon,1,0,1-0,Regular Season - 9
1021337,Super Liga China,2023/2024,2023-05-23,Nantong Zhiyun,Wuhan Three Towns,0,5,0-5,Regular Season - 9
1021334,Super Liga China,2023/2024,2023-05-23,Chengdu Better City,Shanghai Shenhua,2,1,2-1,Regular Season - 9
1021341,Super Liga China,2023/2024,2023-05-24,Dalian Aerbin,Hangzhou Greentown,1,2,1-2,Regular Season - 9
1021339,Super Liga China,2023/2024,2023-05-24,SHANGHAI SIPG,Henan Jianye,3,2,3-2,Regular Season - 9
1021338,Super Liga China,2023/2024,2023-05-24,Shandong Luneng,Shenzhen Ruby FC,3,0,3-0,Regular Season - 9
1021340,Super Liga China,2023/2024,2023-05-24,Meizhou Kejia,Tianjin Teda,1,1,1-1,Regular Season - 9
1021342,Super Liga China,2023/2024,2023-05-27,Chengdu Better City,Nantong Zhiyun,1,0,1-0,Regular Season - 10
1021343,Super Liga China,2023/2024,2023-05-27,Shijiazhuang Y. J.,Wuhan Three Towns,2,1,2-1,Regular Season - 10
1021345,Super Liga China,2023/2024,2023-05-28,Hangzhou Greentown,Beijing Guoan,3,2,3-2,Regular Season - 10
1021344,Super Liga China,2023/2024,2023-05-28,Qingdao Jonoon,Shandong Luneng,0,1,0-1,Regular Season - 10
1021347,Super Liga China,2023/2024,2023-05-28,Dalian Aerbin,Tianjin Teda,0,1,0-1,Regular Season - 10
1021346,Super Liga China,2023/2024,2023-05-28,Shanghai Shenhua,Henan Jianye,1,1,1-1,Regular Season - 10
1021348,Super Liga China,2023/2024,2023-05-28,Shenzhen Ruby FC,Meizhou Kejia,3,2,3-2,Regular Season - 10
1021349,Super Liga China,2023/2024,2023-05-29,Changchun Yatai,SHANGHAI SIPG,0,3,0-3,Regular Season - 10
1021351,Super Liga China,2023/2024,2023-06-02,Beijing Guoan,Changchun Yatai,4,3,4-3,Regular Season - 11
1021350,Super Liga China,2023/2024,2023-06-02,Hangzhou Greentown,Shenzhen Ruby FC,3,0,3-0,Regular Season - 11
1021352,Super Liga China,2023/2024,2023-06-03,SHANGHAI SIPG,Chengdu Better City,0,1,0-1,Regular Season - 11
1021354,Super Liga China,2023/2024,2023-06-03,Henan Jianye,Meizhou Kejia,2,1,2-1,Regular Season - 11
1021353,Super Liga China,2023/2024,2023-06-03,Shandong Luneng,Dalian Aerbin,2,0,2-0,Regular Season - 11
1021357,Super Liga China,2023/2024,2023-06-04,Shijiazhuang Y. J.,Shanghai Shenhua,0,1,0-1,Regular Season - 11
1021355,Super Liga China,2023/2024,2023-06-04,Nantong Zhiyun,Qingdao Jonoon,1,0,1-0,Regular Season - 11
1021356,Super Liga China,2023/2024,2023-06-04,Tianjin Teda,Wuhan Three Towns,1,1,1-1,Regular Season - 11
1021358,Super Liga China,2023/2024,2023-06-08,Changchun Yatai,Shenzhen Ruby FC,4,1,4-1,Regular Season - 12
1021360,Super Liga China,2023/2024,2023-06-08,Qingdao Jonoon,Shanghai Shenhua,0,1,0-1,Regular Season - 12
1021359,Super Liga China,2023/2024,2023-06-08,Chengdu Better City,Tianjin Teda,0,0,0-0,Regular Season - 12
1021361,Super Liga China,2023/2024,2023-06-09,Henan Jianye,Hangzhou Greentown,2,2,2-2,Regular Season - 12
1021365,Super Liga China,2023/2024,2023-06-09,Dalian Aerbin,Beijing Guoan,2,2,2-2,Regular Season - 12
1021362,Super Liga China,2023/2024,2023-06-09,SHANGHAI SIPG,Nantong Zhiyun,2,1,2-1,Regular Season - 12
1021364,Super Liga China,2023/2024,2023-06-09,Meizhou Kejia,Shijiazhuang Y. J.,2,3,2-3,Regular Season - 12
1021363,Super Liga China,2023/2024,2023-06-09,Wuhan Three Towns,Shandong Luneng,1,1,1-1,Regular Season - 12
1021369,Super Liga China,2023/2024,2023-06-28,Shanghai Shenhua,Nantong Zhiyun,1,0,1-0,Regular Season - 13
1021368,Super Liga China,2023/2024,2023-06-28,Tianjin Teda,Qingdao Jonoon,3,2,3-2,Regular Season - 13
1021367,Super Liga China,2023/2024,2023-06-28,Hangzhou Greentown,Meizhou Kejia,3,0,3-0,Regular Season - 13
1021370,Super Liga China,2023/2024,2023-06-28,Shijiazhuang Y. J.,Henan Jianye,0,1,0-1,Regular Season - 13
1021366,Super Liga China,2023/2024,2023-06-28,Wuhan Three Towns,Dalian Aerbin,0,0,0-0,Regular Season - 13
1021372,Super Liga China,2023/2024,2023-06-29,Beijing Guoan,SHANGHAI SIPG,1,2,1-2,Regular Season - 13
1021371,Super Liga China,2023/2024,2023-06-29,Shandong Luneng,Changchun Yatai,4,1,4-1,Regular Season - 13
1021373,Super Liga China,2023/2024,2023-06-29,Shenzhen Ruby FC,Chengdu Better City,0,3,0-3,Regular Season - 13
1021374,Super Liga China,2023/2024,2023-07-02,Shanghai Shenhua,Tianjin Teda,1,2,1-2,Regular Season - 14
1021375,Super Liga China,2023/2024,2023-07-02,Dalian Aerbin,Qingdao Jonoon,1,1,1-1,Regular Season - 14
1021376,Super Liga China,2023/2024,2023-07-02,Shijiazhuang Y. J.,Hangzhou Greentown,2,1,2-1,Regular Season - 14
1021377,Super Liga China,2023/2024,2023-07-02,Nantong Zhiyun,Meizhou Kejia,2,2,2-2,Regular Season - 14
1021381,Super Liga China,2023/2024,2023-07-03,Changchun Yatai,Henan Jianye,3,1,3-1,Regular Season - 14
1021379,Super Liga China,2023/2024,2023-07-03,Shandong Luneng,SHANGHAI SIPG,1,1,1-1,Regular Season - 14
1021378,Super Liga China,2023/2024,2023-07-03,Shenzhen Ruby FC,Wuhan Three Towns,1,3,1-3,Regular Season - 14
1021380,Super Liga China,2023/2024,2023-07-03,Chengdu Better City,Beijing Guoan,0,1,0-1,Regular Season - 14
1021385,Super Liga China,2023/2024,2023-07-07,Tianjin Teda,Nantong Zhiyun,1,1,1-1,Regular Season - 15
1021384,Super Liga China,2023/2024,2023-07-07,Henan Jianye,Shandong Luneng,0,1,0-1,Regular Season - 15
1021383,Super Liga China,2023/2024,2023-07-07,Hangzhou Greentown,Shanghai Shenhua,0,1,0-1,Regular Season - 15
1021382,Super Liga China,2023/2024,2023-07-07,Qingdao Jonoon,Shijiazhuang Y. J.,1,1,1-1,Regular Season - 15
1021386,Super Liga China,2023/2024,2023-07-07,Meizhou Kejia,Chengdu Better City,3,1,3-1,Regular Season - 15
1021387,Super Liga China,2023/2024,2023-07-08,Beijing Guoan,Shenzhen Ruby FC,5,0,5-0,Regular Season - 15
1021389,Super Liga China,2023/2024,2023-07-08,SHANGHAI SIPG,Dalian Aerbin,1,1,1-1,Regular Season - 15
1021388,Super Liga China,2023/2024,2023-07-08,Wuhan Three Towns,Changchun Yatai,2,1,2-1,Regular Season - 15
1021390,Super Liga China,2023/2024,2023-07-11,Shandong Luneng,Shanghai Shenhua,3,0,3-0,Regular Season - 16
1021392,Super Liga China,2023/2024,2023-07-11,Shijiazhuang Y. J.,Tianjin Teda,1,1,1-1,Regular Season - 16
1021391,Super Liga China,2023/2024,2023-07-11,Chengdu Better City,Henan Jianye,2,0,2-0,Regular Season - 16
1021396,Super Liga China,2023/2024,2023-07-12,Changchun Yatai,Hangzhou Greentown,2,2,2-2,Regular Season - 16
1021394,Super Liga China,2023/2024,2023-07-12,SHANGHAI SIPG,Wuhan Three Towns,3,1,3-1,Regular Season - 16
1021393,Super Liga China,2023/2024,2023-07-12,Qingdao Jonoon,Shenzhen Ruby FC,5,0,5-0,Regular Season - 16
1021395,Super Liga China,2023/2024,2023-07-12,Meizhou Kejia,Beijing Guoan,3,1,3-1,Regular Season - 16
1021397,Super Liga China,2023/2024,2023-07-12,Nantong Zhiyun,Dalian Aerbin,1,1,1-1,Regular Season - 16
1021399,Super Liga China,2023/2024,2023-07-16,Beijing Guoan,Wuhan Three Towns,1,1,1-1,Regular Season - 17
1021400,Super Liga China,2023/2024,2023-07-16,Dalian Aerbin,Changchun Yatai,0,0,0-0,Regular Season - 17
1021398,Super Liga China,2023/2024,2023-07-16,Hangzhou Greentown,Tianjin Teda,2,1,2-1,Regular Season - 17
1021401,Super Liga China,2023/2024,2023-07-16,Shenzhen Ruby FC,SHANGHAI SIPG,1,4,1-4,Regular Season - 17
1021402,Super Liga China,2023/2024,2023-07-16,Nantong Zhiyun,Shandong Luneng,1,1,1-1,Regular Season - 17
1021404,Super Liga China,2023/2024,2023-07-17,Shanghai Shenhua,Meizhou Kejia,2,1,2-1,Regular Season - 17
1021403,Super Liga China,2023/2024,2023-07-17,Shijiazhuang Y. J.,Chengdu Better City,2,1,2-1,Regular Season - 17
1021405,Super Liga China,2023/2024,2023-07-17,Qingdao Jonoon,Henan Jianye,2,0,2-0,Regular Season - 17
1021406,Super Liga China,2023/2024,2023-07-21,SHANGHAI SIPG,Shijiazhuang Y. J.,3,0,3-0,Regular Season - 18
1021408,Super Liga China,2023/2024,2023-07-21,Tianjin Teda,Shenzhen Ruby FC,3,3,3-3,Regular Season - 18
1021407,Super Liga China,2023/2024,2023-07-21,Henan Jianye,Nantong Zhiyun,1,1,1-1,Regular Season - 18
1021413,Super Liga China,2023/2024,2023-07-22,Beijing Guoan,Qingdao Jonoon,2,0,2-0,Regular Season - 18
1021410,Super Liga China,2023/2024,2023-07-22,Changchun Yatai,Shanghai Shenhua,1,1,1-1,Regular Season - 18
1021412,Super Liga China,2023/2024,2023-07-22,Hangzhou Greentown,Shandong Luneng,2,1,2-1,Regular Season - 18
1021409,Super Liga China,2023/2024,2023-07-22,Chengdu Better City,Dalian Aerbin,4,1,4-1,Regular Season - 18
1021411,Super Liga China,2023/2024,2023-07-23,Wuhan Three Towns,Meizhou Kejia,2,1,2-1,Regular Season - 18
1021414,Super Liga China,2023/2024,2023-07-28,Henan Jianye,Shenzhen Ruby FC,3,1,3-1,Regular Season - 19
1021417,Super Liga China,2023/2024,2023-07-29,Shanghai Shenhua,SHANGHAI SIPG,0,5,0-5,Regular Season - 19
1021415,Super Liga China,2023/2024,2023-07-29,Tianjin Teda,Changchun Yatai,0,0,0-0,Regular Season - 19
1021419,Super Liga China,2023/2024,2023-07-29,Meizhou Kejia,Dalian Aerbin,2,1,2-1,Regular Season - 19
1021416,Super Liga China,2023/2024,2023-07-29,Nantong Zhiyun,Shijiazhuang Y. J.,1,2,1-2,Regular Season - 19
1021418,Super Liga China,2023/2024,2023-07-29,Chengdu Better City,Hangzhou Greentown,1,2,1-2,Regular Season - 19
1021420,Super Liga China,2023/2024,2023-07-30,Shandong Luneng,Beijing Guoan,3,0,3-0,Regular Season - 19
1021421,Super Liga China,2023/2024,2023-07-30,Wuhan Three Towns,Qingdao Jonoon,1,0,1-0,Regular Season - 19
1021422,Super Liga China,2023/2024,2023-08-03,SHANGHAI SIPG,Tianjin Teda,2,1,2-1,Regular Season - 20
1021425,Super Liga China,2023/2024,2023-08-04,Beijing Guoan,Henan Jianye,3,1,3-1,Regular Season - 20
1021426,Super Liga China,2023/2024,2023-08-04,Changchun Yatai,Nantong Zhiyun,1,1,1-1,Regular Season - 20
1021424,Super Liga China,2023/2024,2023-08-04,Shandong Luneng,Meizhou Kejia,6,1,6-1,Regular Season - 20
1021423,Super Liga China,2023/2024,2023-08-04,Hangzhou Greentown,Wuhan Three Towns,2,1,2-1,Regular Season - 20
1021427,Super Liga China,2023/2024,2023-08-04,Qingdao Jonoon,Chengdu Better City,3,2,3-2,Regular Season - 20
1021428,Super Liga China,2023/2024,2023-08-05,Dalian Aerbin,Shanghai Shenhua,2,1,2-1,Regular Season - 20
1021429,Super Liga China,2023/2024,2023-08-05,Shijiazhuang Y. J.,Shenzhen Ruby FC,1,0,1-0,Regular Season - 20
1021313,Super Liga China,2023/2024,2023-08-08,Shandong Luneng,Chengdu Better City,0,1,0-1,Regular Season - 21
1021430,Super Liga China,2023/2024,2023-08-08,Hangzhou Greentown,Nantong Zhiyun,1,1,1-1,Regular Season - 21
1021433,Super Liga China,2023/2024,2023-08-08,Qingdao Jonoon,SHANGHAI SIPG,0,5,0-5,Regular Season - 21
1021432,Super Liga China,2023/2024,2023-08-08,Meizhou Kejia,Changchun Yatai,4,2,4-2,Regular Season - 21
1021436,Super Liga China,2023/2024,2023-08-09,Shanghai Shenhua,Shenzhen Ruby FC,3,0,3-0,Regular Season - 21
1021435,Super Liga China,2023/2024,2023-08-09,Tianjin Teda,Beijing Guoan,0,0,0-0,Regular Season - 21
1021437,Super Liga China,2023/2024,2023-08-09,Shijiazhuang Y. J.,Dalian Aerbin,2,1,2-1,Regular Season - 21
1021434,Super Liga China,2023/2024,2023-08-09,Wuhan Three Towns,Henan Jianye,4,2,4-2,Regular Season - 21
1021440,Super Liga China,2023/2024,2023-08-12,Changchun Yatai,Chengdu Better City,1,0,1-0,Regular Season - 22
1021438,Super Liga China,2023/2024,2023-08-12,SHANGHAI SIPG,Hangzhou Greentown,3,4,3-4,Regular Season - 22
1021439,Super Liga China,2023/2024,2023-08-12,Meizhou Kejia,Qingdao Jonoon,1,0,1-0,Regular Season - 22
1021444,Super Liga China,2023/2024,2023-08-13,Dalian Aerbin,Shenzhen Ruby FC,2,1,2-1,Regular Season - 22
1021443,Super Liga China,2023/2024,2023-08-13,Henan Jianye,Tianjin Teda,1,0,1-0,Regular Season - 22
1021442,Super Liga China,2023/2024,2023-08-13,Shandong Luneng,Shijiazhuang Y. J.,4,0,4-0,Regular Season - 22
1021445,Super Liga China,2023/2024,2023-08-13,Nantong Zhiyun,Beijing Guoan,0,1,0-1,Regular Season - 22
1021441,Super Liga China,2023/2024,2023-08-13,Wuhan Three Towns,Shanghai Shenhua,1,2,1-2,Regular Season - 22
1021453,Super Liga China,2023/2024,2023-08-18,SHANGHAI SIPG,Meizhou Kejia,1,1,1-1,Regular Season - 23
1021446,Super Liga China,2023/2024,2023-08-18,Shandong Luneng,Tianjin Teda,1,0,1-0,Regular Season - 23
1021447,Super Liga China,2023/2024,2023-08-18,Hangzhou Greentown,Qingdao Jonoon,0,0,0-0,Regular Season - 23
1021449,Super Liga China,2023/2024,2023-08-19,Beijing Guoan,Shanghai Shenhua,2,1,2-1,Regular Season - 23
1021450,Super Liga China,2023/2024,2023-08-19,Dalian Aerbin,Henan Jianye,0,3,0-3,Regular Season - 23
1021451,Super Liga China,2023/2024,2023-08-19,Shenzhen Ruby FC,Nantong Zhiyun,0,1,0-1,Regular Season - 23
1021448,Super Liga China,2023/2024,2023-08-19,Chengdu Better City,Wuhan Three Towns,0,1,0-1,Regular Season - 23
1021452,Super Liga China,2023/2024,2023-08-20,Changchun Yatai,Shijiazhuang Y. J.,3,1,3-1,Regular Season - 23
1021454,Super Liga China,2023/2024,2023-08-25,Henan Jianye,SHANGHAI SIPG,3,1,3-1,Regular Season - 24
1021455,Super Liga China,2023/2024,2023-08-25,Shenzhen Ruby FC,Shandong Luneng,1,2,1-2,Regular Season - 24
1021458,Super Liga China,2023/2024,2023-08-26,Shanghai Shenhua,Chengdu Better City,1,1,1-1,Regular Season - 24
1021457,Super Liga China,2023/2024,2023-08-26,Tianjin Teda,Meizhou Kejia,3,1,3-1,Regular Season - 24
1021456,Super Liga China,2023/2024,2023-08-26,Hangzhou Greentown,Dalian Aerbin,3,0,3-0,Regular Season - 24
1021461,Super Liga China,2023/2024,2023-08-26,Shijiazhuang Y. J.,Beijing Guoan,1,5,1-5,Regular Season - 24
1021459,Super Liga China,2023/2024,2023-08-26,Qingdao Jonoon,Changchun Yatai,1,0,1-0,Regular Season - 24
1021460,Super Liga China,2023/2024,2023-08-27,Wuhan Three Towns,Nantong Zhiyun,4,2,4-2,Regular Season - 24
1021464,Super Liga China,2023/2024,2023-09-15,Beijing Guoan,Hangzhou Greentown,0,1,0-1,Regular Season - 25
1021465,Super Liga China,2023/2024,2023-09-15,SHANGHAI SIPG,Changchun Yatai,2,0,2-0,Regular Season - 25
1021463,Super Liga China,2023/2024,2023-09-15,Shandong Luneng,Qingdao Jonoon,4,2,4-2,Regular Season - 25
1021462,Super Liga China,2023/2024,2023-09-15,Wuhan Three Towns,Shijiazhuang Y. J.,2,0,2-0,Regular Season - 25
1021466,Super Liga China,2023/2024,2023-09-16,Henan Jianye,Shanghai Shenhua,3,0,3-0,Regular Season - 25
1021467,Super Liga China,2023/2024,2023-09-16,Meizhou Kejia,Shenzhen Ruby FC,5,1,5-1,Regular Season - 25
1021469,Super Liga China,2023/2024,2023-09-17,Nantong Zhiyun,Chengdu Better City,0,2,0-2,Regular Season - 25
1021468,Super Liga China,2023/2024,2023-09-17,Tianjin Teda,Dalian Aerbin,1,0,1-0,Regular Season - 25
1021470,Super Liga China,2023/2024,2023-09-22,Shanghai Shenhua,Shijiazhuang Y. J.,2,0,2-0,Regular Season - 26
1021471,Super Liga China,2023/2024,2023-09-22,Changchun Yatai,Beijing Guoan,1,1,1-1,Regular Season - 26
1021472,Super Liga China,2023/2024,2023-09-23,Dalian Aerbin,Shandong Luneng,0,0,0-0,Regular Season - 26
1021475,Super Liga China,2023/2024,2023-09-23,Meizhou Kejia,Henan Jianye,0,0,0-0,Regular Season - 26
1021473,Super Liga China,2023/2024,2023-09-23,Chengdu Better City,SHANGHAI SIPG,2,1,2-1,Regular Season - 26
1021474,Super Liga China,2023/2024,2023-09-23,Wuhan Three Towns,Tianjin Teda,0,1,0-1,Regular Season - 26
1021476,Super Liga China,2023/2024,2023-09-24,Qingdao Jonoon,Nantong Zhiyun,3,1,3-1,Regular Season - 26
1021477,Super Liga China,2023/2024,2023-09-24,Shenzhen Ruby FC,Hangzhou Greentown,0,5,0-5,Regular Season - 26
1021478,Super Liga China,2023/2024,2023-09-29,Shijiazhuang Y. J.,Meizhou Kejia,0,1,0-1,Regular Season - 27
1021480,Super Liga China,2023/2024,2023-09-29,Tianjin Teda,Chengdu Better City,2,2,2-2,Regular Season - 27
1021479,Super Liga China,2023/2024,2023-09-29,Shandong Luneng,Wuhan Three Towns,2,1,2-1,Regular Season - 27
1021481,Super Liga China,2023/2024,2023-09-29,Shenzhen Ruby FC,Changchun Yatai,0,1,0-1,Regular Season - 27
1021482,Super Liga China,2023/2024,2023-09-29,Nantong Zhiyun,SHANGHAI SIPG,0,1,0-1,Regular Season - 27
1021483,Super Liga China,2023/2024,2023-09-30,Beijing Guoan,Dalian Aerbin,2,0,2-0,Regular Season - 27
1021485,Super Liga China,2023/2024,2023-09-30,Shanghai Shenhua,Qingdao Jonoon,1,0,1-0,Regular Season - 27
1021484,Super Liga China,2023/2024,2023-09-30,Hangzhou Greentown,Henan Jianye,3,0,3-0,Regular Season - 27
1021488,Super Liga China,2023/2024,2023-10-19,Meizhou Kejia,Hangzhou Greentown,1,1,1-1,Regular Season - 28
1021487,Super Liga China,2023/2024,2023-10-20,Dalian Aerbin,Wuhan Three Towns,1,3,1-3,Regular Season - 28
1021486,Super Liga China,2023/2024,2023-10-20,Changchun Yatai,Shandong Luneng,0,3,0-3,Regular Season - 28
1021489,Super Liga China,2023/2024,2023-10-20,SHANGHAI SIPG,Beijing Guoan,1,2,1-2,Regular Season - 28
1021490,Super Liga China,2023/2024,2023-10-21,Henan Jianye,Shijiazhuang Y. J.,6,0,6-0,Regular Season - 28
1021491,Super Liga China,2023/2024,2023-10-21,Nantong Zhiyun,Shanghai Shenhua,0,1,0-1,Regular Season - 28
1021492,Super Liga China,2023/2024,2023-10-22,Qingdao Jonoon,Tianjin Teda,1,4,1-4,Regular Season - 28
1021493,Super Liga China,2023/2024,2023-10-23,Chengdu Better City,Shenzhen Ruby FC,4,0,4-0,Regular Season - 28
1021498,Super Liga China,2023/2024,2023-10-29,Beijing Guoan,Chengdu Better City,2,3,2-3,Regular Season - 29
1021496,Super Liga China,2023/2024,2023-10-29,SHANGHAI SIPG,Shandong Luneng,1,1,1-1,Regular Season - 29
1021499,Super Liga China,2023/2024,2023-10-29,Tianjin Teda,Shanghai Shenhua,1,1,1-1,Regular Season - 29
1021497,Super Liga China,2023/2024,2023-10-29,Henan Jianye,Changchun Yatai,1,1,1-1,Regular Season - 29
1021495,Super Liga China,2023/2024,2023-10-29,Hangzhou Greentown,Shijiazhuang Y. J.,6,1,6-1,Regular Season - 29
1021501,Super Liga China,2023/2024,2023-10-29,Qingdao Jonoon,Dalian Aerbin,2,2,2-2,Regular Season - 29
1021500,Super Liga China,2023/2024,2023-10-29,Meizhou Kejia,Nantong Zhiyun,0,4,0-4,Regular Season - 29
1021494,Super Liga China,2023/2024,2023-10-29,Wuhan Three Towns,Shenzhen Ruby FC,1,0,1-0,Regular Season - 29
1021505,Super Liga China,2023/2024,2023-11-04,Dalian Aerbin,SHANGHAI SIPG,2,3,2-3,Regular Season - 30
1021504,Super Liga China,2023/2024,2023-11-04,Shanghai Shenhua,Hangzhou Greentown,1,2,1-2,Regular Season - 30
1021507,Super Liga China,2023/2024,2023-11-04,Changchun Yatai,Wuhan Three Towns,3,4,3-4,Regular Season - 30
1021502,Super Liga China,2023/2024,2023-11-04,Shandong Luneng,Henan Jianye,5,1,5-1,Regular Season - 30
1021506,Super Liga China,2023/2024,2023-11-04,Shijiazhuang Y. J.,Qingdao Jonoon,0,0,0-0,Regular Season - 30
1021508,Super Liga China,2023/2024,2023-11-04,Shenzhen Ruby FC,Beijing Guoan,0,3,0-3,Regular Season - 30
1021509,Super Liga China,2023/2024,2023-11-04,Nantong Zhiyun,Tianjin Teda,1,2,1-2,Regular Season - 30
1021503,Super Liga China,2023/2024,2023-11-04,Chengdu Better City,Meizhou Kejia,3,0,3-0,Regular Season - 30
1173042,Super Liga China,2024/2025,2024-03-01,Shandong Luneng,Changchun Yatai,4,2,4-2,Regular Season - 1
1173037,Super Liga China,2024/2025,2024-03-01,Qingdao Youth Island,Henan Jianye,1,1,1-1,Regular Season - 1
1173038,Super Liga China,2024/2025,2024-03-01,SHANGHAI SIPG,Wuhan Three Towns,3,1,3-1,Regular Season - 1
1173039,Super Liga China,2024/2025,2024-03-02,Tianjin Teda,Nantong Zhiyun,1,1,1-1,Regular Season - 1
1173040,Super Liga China,2024/2025,2024-03-02,Shijiazhuang Y. J.,Beijing Guoan,0,2,0-2,Regular Season - 1
1173041,Super Liga China,2024/2025,2024-03-02,Chengdu Better City,Qingdao Jonoon,2,0,2-0,Regular Season - 1
1173043,Super Liga China,2024/2025,2024-03-03,Hangzhou Greentown,Sichuan Jiuniu,1,0,1-0,Regular Season - 1
1173044,Super Liga China,2024/2025,2024-03-03,Meizhou Kejia,Shanghai Shenhua,0,2,0-2,Regular Season - 1
1173045,Super Liga China,2024/2025,2024-03-08,Qingdao Jonoon,Changchun Yatai,0,1,0-1,Regular Season - 2
1173046,Super Liga China,2024/2025,2024-03-08,Shanghai Shenhua,Qingdao Youth Island,2,0,2-0,Regular Season - 2
1173047,Super Liga China,2024/2025,2024-03-09,Henan Jianye,Meizhou Kejia,2,2,2-2,Regular Season - 2
1173048,Super Liga China,2024/2025,2024-03-09,Shandong Luneng,Beijing Guoan,0,0,0-0,Regular Season - 2
1173049,Super Liga China,2024/2025,2024-03-09,Hangzhou Greentown,SHANGHAI SIPG,0,0,0-0,Regular Season - 2
1173050,Super Liga China,2024/2025,2024-03-09,Nantong Zhiyun,Wuhan Three Towns,1,3,1-3,Regular Season - 2
1173051,Super Liga China,2024/2025,2024-03-10,Shijiazhuang Y. J.,Chengdu Better City,1,0,1-0,Regular Season - 2
1173052,Super Liga China,2024/2025,2024-03-10,Sichuan Jiuniu,Tianjin Teda,0,4,0-4,Regular Season - 2
1173053,Super Liga China,2024/2025,2024-03-29,Sichuan Jiuniu,Shijiazhuang Y. J.,2,2,2-2,Regular Season - 3
1173054,Super Liga China,2024/2025,2024-03-30,Wuhan Three Towns,Beijing Guoan,0,1,0-1,Regular Season - 3
1173055,Super Liga China,2024/2025,2024-03-30,Chengdu Better City,Nantong Zhiyun,1,0,1-0,Regular Season - 3
1173056,Super Liga China,2024/2025,2024-03-30,Qingdao Youth Island,Qingdao Jonoon,1,0,1-0,Regular Season - 3
1173057,Super Liga China,2024/2025,2024-03-30,SHANGHAI SIPG,Henan Jianye,3,1,3-1,Regular Season - 3
1173058,Super Liga China,2024/2025,2024-03-31,Changchun Yatai,Tianjin Teda,0,1,0-1,Regular Season - 3
1173059,Super Liga China,2024/2025,2024-03-31,Shandong Luneng,Shanghai Shenhua,0,3,0-3,Regular Season - 3
1173060,Super Liga China,2024/2025,2024-03-31,Meizhou Kejia,Hangzhou Greentown,1,2,1-2,Regular Season - 3
1173061,Super Liga China,2024/2025,2024-04-04,Wuhan Three Towns,Shijiazhuang Y. J.,2,3,2-3,Regular Season - 4
1173062,Super Liga China,2024/2025,2024-04-05,Changchun Yatai,Shanghai Shenhua,1,2,1-2,Regular Season - 4
1173063,Super Liga China,2024/2025,2024-04-05,Henan Jianye,Sichuan Jiuniu,0,2,0-2,Regular Season - 4
1173065,Super Liga China,2024/2025,2024-04-05,Beijing Guoan,SHANGHAI SIPG,2,2,2-2,Regular Season - 4
1173064,Super Liga China,2024/2025,2024-04-05,Qingdao Jonoon,Shandong Luneng,0,1,0-1,Regular Season - 4
1173066,Super Liga China,2024/2025,2024-04-05,Nantong Zhiyun,Meizhou Kejia,1,0,1-0,Regular Season - 4
1173067,Super Liga China,2024/2025,2024-04-06,Tianjin Teda,Chengdu Better City,2,3,2-3,Regular Season - 4
1173068,Super Liga China,2024/2025,2024-04-06,Hangzhou Greentown,Qingdao Youth Island,1,2,1-2,Regular Season - 4
1173069,Super Liga China,2024/2025,2024-04-09,Nantong Zhiyun,SHANGHAI SIPG,0,3,0-3,Regular Season - 5
1173071,Super Liga China,2024/2025,2024-04-09,Beijing Guoan,Sichuan Jiuniu,1,2,1-2,Regular Season - 5
1173070,Super Liga China,2024/2025,2024-04-09,Shandong Luneng,Henan Jianye,2,2,2-2,Regular Season - 5
1173072,Super Liga China,2024/2025,2024-04-09,Shanghai Shenhua,Wuhan Three Towns,4,1,4-1,Regular Season - 5
1173073,Super Liga China,2024/2025,2024-04-10,Qingdao Youth Island,Tianjin Teda,1,3,1-3,Regular Season - 5
1173074,Super Liga China,2024/2025,2024-04-10,Shijiazhuang Y. J.,Changchun Yatai,2,0,2-0,Regular Season - 5
1173075,Super Liga China,2024/2025,2024-04-10,Chengdu Better City,Hangzhou Greentown,3,0,3-0,Regular Season - 5
1173076,Super Liga China,2024/2025,2024-04-10,Meizhou Kejia,Qingdao Jonoon,0,0,0-0,Regular Season - 5
1173077,Super Liga China,2024/2025,2024-04-13,Henan Jianye,Nantong Zhiyun,1,1,1-1,Regular Season - 6
1173078,Super Liga China,2024/2025,2024-04-13,Shanghai Shenhua,Beijing Guoan,1,1,1-1,Regular Season - 6
1173079,Super Liga China,2024/2025,2024-04-14,Changchun Yatai,Chengdu Better City,1,2,1-2,Regular Season - 6
1173080,Super Liga China,2024/2025,2024-04-14,Tianjin Teda,Meizhou Kejia,0,0,0-0,Regular Season - 6
1173083,Super Liga China,2024/2025,2024-04-14,SHANGHAI SIPG,Shandong Luneng,4,3,4-3,Regular Season - 6
1173081,Super Liga China,2024/2025,2024-04-14,Shijiazhuang Y. J.,Qingdao Youth Island,3,2,3-2,Regular Season - 6
1173082,Super Liga China,2024/2025,2024-04-14,Qingdao Jonoon,Hangzhou Greentown,2,0,2-0,Regular Season - 6
1173084,Super Liga China,2024/2025,2024-04-14,Sichuan Jiuniu,Wuhan Three Towns,1,1,1-1,Regular Season - 6
1173085,Super Liga China,2024/2025,2024-04-19,Hangzhou Greentown,Tianjin Teda,3,2,3-2,Regular Season - 7
1173086,Super Liga China,2024/2025,2024-04-20,Shandong Luneng,Shijiazhuang Y. J.,4,1,4-1,Regular Season - 7
1173087,Super Liga China,2024/2025,2024-04-20,Chengdu Better City,Sichuan Jiuniu,3,1,3-1,Regular Season - 7
1173088,Super Liga China,2024/2025,2024-04-20,Wuhan Three Towns,Changchun Yatai,0,0,0-0,Regular Season - 7
1173089,Super Liga China,2024/2025,2024-04-20,Nantong Zhiyun,Shanghai Shenhua,0,2,0-2,Regular Season - 7
1173090,Super Liga China,2024/2025,2024-04-21,Henan Jianye,Qingdao Jonoon,1,0,1-0,Regular Season - 7
1173092,Super Liga China,2024/2025,2024-04-21,Beijing Guoan,Qingdao Youth Island,4,1,4-1,Regular Season - 7
1173093,Super Liga China,2024/2025,2024-04-26,Qingdao Youth Island,Nantong Zhiyun,0,2,0-2,Regular Season - 8
1173094,Super Liga China,2024/2025,2024-04-26,Sichuan Jiuniu,Qingdao Jonoon,1,3,1-3,Regular Season - 8
1173096,Super Liga China,2024/2025,2024-04-26,Changchun Yatai,Meizhou Kejia,0,1,0-1,Regular Season - 8
1173097,Super Liga China,2024/2025,2024-04-26,Hangzhou Greentown,Beijing Guoan,1,2,1-2,Regular Season - 8
1173095,Super Liga China,2024/2025,2024-04-26,Shijiazhuang Y. J.,Henan Jianye,2,3,2-3,Regular Season - 8
1173098,Super Liga China,2024/2025,2024-04-26,Wuhan Three Towns,Tianjin Teda,2,1,2-1,Regular Season - 8
1173099,Super Liga China,2024/2025,2024-04-26,Chengdu Better City,Shandong Luneng,0,1,0-1,Regular Season - 8
1173100,Super Liga China,2024/2025,2024-04-27,SHANGHAI SIPG,Shanghai Shenhua,1,1,1-1,Regular Season - 8
1173101,Super Liga China,2024/2025,2024-04-30,Shandong Luneng,Nantong Zhiyun,3,1,3-1,Regular Season - 9
1173102,Super Liga China,2024/2025,2024-04-30,Tianjin Teda,Beijing Guoan,0,1,0-1,Regular Season - 9
1173103,Super Liga China,2024/2025,2024-04-30,Hangzhou Greentown,Henan Jianye,4,1,4-1,Regular Season - 9
1173104,Super Liga China,2024/2025,2024-04-30,Meizhou Kejia,Qingdao Youth Island,1,1,1-1,Regular Season - 9
1173105,Super Liga China,2024/2025,2024-05-01,Changchun Yatai,Sichuan Jiuniu,1,1,1-1,Regular Season - 9
1173106,Super Liga China,2024/2025,2024-05-01,Qingdao Jonoon,SHANGHAI SIPG,0,5,0-5,Regular Season - 9
1173107,Super Liga China,2024/2025,2024-05-01,Chengdu Better City,Wuhan Three Towns,2,2,2-2,Regular Season - 9
1173108,Super Liga China,2024/2025,2024-05-01,Shanghai Shenhua,Shijiazhuang Y. J.,4,0,4-0,Regular Season - 9
1173109,Super Liga China,2024/2025,2024-05-04,Qingdao Youth Island,Shandong Luneng,0,0,0-0,Regular Season - 10
1173110,Super Liga China,2024/2025,2024-05-04,Henan Jianye,Tianjin Teda,1,2,1-2,Regular Season - 10
1173111,Super Liga China,2024/2025,2024-05-05,Nantong Zhiyun,Changchun Yatai,2,3,2-3,Regular Season - 10
1173112,Super Liga China,2024/2025,2024-05-05,Shanghai Shenhua,Hangzhou Greentown,4,0,4-0,Regular Season - 10
1173113,Super Liga China,2024/2025,2024-05-05,Meizhou Kejia,Shijiazhuang Y. J.,1,1,1-1,Regular Season - 10
1173115,Super Liga China,2024/2025,2024-05-05,Beijing Guoan,Chengdu Better City,2,1,2-1,Regular Season - 10
1173114,Super Liga China,2024/2025,2024-05-05,Wuhan Three Towns,Qingdao Jonoon,1,0,1-0,Regular Season - 10
1173116,Super Liga China,2024/2025,2024-05-05,Sichuan Jiuniu,SHANGHAI SIPG,0,6,0-6,Regular Season - 10
1173117,Super Liga China,2024/2025,2024-05-10,Qingdao Jonoon,Nantong Zhiyun,2,2,2-2,Regular Season - 11
1173118,Super Liga China,2024/2025,2024-05-10,Chengdu Better City,Henan Jianye,4,2,4-2,Regular Season - 11
1173119,Super Liga China,2024/2025,2024-05-10,SHANGHAI SIPG,Changchun Yatai,5,2,5-2,Regular Season - 11
1173120,Super Liga China,2024/2025,2024-05-11,Tianjin Teda,Shanghai Shenhua,0,0,0-0,Regular Season - 11
1173121,Super Liga China,2024/2025,2024-05-11,Wuhan Three Towns,Shandong Luneng,1,2,1-2,Regular Season - 11
1173122,Super Liga China,2024/2025,2024-05-11,Beijing Guoan,Meizhou Kejia,3,2,3-2,Regular Season - 11
1173123,Super Liga China,2024/2025,2024-05-12,Shijiazhuang Y. J.,Hangzhou Greentown,0,1,0-1,Regular Season - 11
1173124,Super Liga China,2024/2025,2024-05-12,Sichuan Jiuniu,Qingdao Youth Island,1,2,1-2,Regular Season - 11
1173125,Super Liga China,2024/2025,2024-05-15,Shanghai Shenhua,Qingdao Jonoon,2,0,2-0,Regular Season - 12
1173126,Super Liga China,2024/2025,2024-05-16,Shandong Luneng,Sichuan Jiuniu,3,2,3-2,Regular Season - 12
1173127,Super Liga China,2024/2025,2024-05-17,Hangzhou Greentown,Nantong Zhiyun,5,2,5-2,Regular Season - 12
1173129,Super Liga China,2024/2025,2024-05-17,Henan Jianye,Wuhan Three Towns,2,3,2-3,Regular Season - 12
1173128,Super Liga China,2024/2025,2024-05-17,Shijiazhuang Y. J.,Tianjin Teda,2,4,2-4,Regular Season - 12
1173130,Super Liga China,2024/2025,2024-05-17,Meizhou Kejia,Chengdu Better City,1,4,1-4,Regular Season - 12
1173131,Super Liga China,2024/2025,2024-05-17,Changchun Yatai,Beijing Guoan,3,2,3-2,Regular Season - 12
1173132,Super Liga China,2024/2025,2024-05-18,Qingdao Youth Island,SHANGHAI SIPG,3,5,3-5,Regular Season - 12
1173133,Super Liga China,2024/2025,2024-05-21,Meizhou Kejia,Sichuan Jiuniu,0,0,0-0,Regular Season - 13
1173135,Super Liga China,2024/2025,2024-05-21,Henan Jianye,Shanghai Shenhua,1,2,1-2,Regular Season - 13
1173134,Super Liga China,2024/2025,2024-05-21,Hangzhou Greentown,Wuhan Three Towns,3,1,3-1,Regular Season - 13
1173136,Super Liga China,2024/2025,2024-05-21,Qingdao Jonoon,Beijing Guoan,1,1,1-1,Regular Season - 13
1173138,Super Liga China,2024/2025,2024-05-21,Tianjin Teda,Shandong Luneng,1,1,1-1,Regular Season - 13
1173137,Super Liga China,2024/2025,2024-05-21,Nantong Zhiyun,Shijiazhuang Y. J.,1,1,1-1,Regular Season - 13
1173139,Super Liga China,2024/2025,2024-05-22,Qingdao Youth Island,Changchun Yatai,2,2,2-2,Regular Season - 13
1173140,Super Liga China,2024/2025,2024-05-22,SHANGHAI SIPG,Chengdu Better City,2,0,2-0,Regular Season - 13
1173141,Super Liga China,2024/2025,2024-05-25,Shandong Luneng,Hangzhou Greentown,3,0,3-0,Regular Season - 14
1173142,Super Liga China,2024/2025,2024-05-25,Wuhan Three Towns,Meizhou Kejia,0,1,0-1,Regular Season - 14
1173143,Super Liga China,2024/2025,2024-05-26,Sichuan Jiuniu,Shanghai Shenhua,0,1,0-1,Regular Season - 14
1173145,Super Liga China,2024/2025,2024-05-26,Beijing Guoan,Nantong Zhiyun,5,2,5-2,Regular Season - 14
1173144,Super Liga China,2024/2025,2024-05-26,Qingdao Jonoon,Tianjin Teda,3,1,3-1,Regular Season - 14
1173146,Super Liga China,2024/2025,2024-05-26,Changchun Yatai,Henan Jianye,0,0,0-0,Regular Season - 14
1173147,Super Liga China,2024/2025,2024-05-26,Chengdu Better City,Qingdao Youth Island,7,0,7-0,Regular Season - 14
1173148,Super Liga China,2024/2025,2024-05-26,SHANGHAI SIPG,Shijiazhuang Y. J.,4,1,4-1,Regular Season - 14
1173149,Super Liga China,2024/2025,2024-06-14,Meizhou Kejia,Shandong Luneng,0,0,0-0,Regular Season - 15
1173151,Super Liga China,2024/2025,2024-06-14,Tianjin Teda,SHANGHAI SIPG,0,3,0-3,Regular Season - 15
1173150,Super Liga China,2024/2025,2024-06-14,Nantong Zhiyun,Sichuan Jiuniu,0,1,0-1,Regular Season - 15
1173152,Super Liga China,2024/2025,2024-06-15,Hangzhou Greentown,Changchun Yatai,3,1,3-1,Regular Season - 15
1173153,Super Liga China,2024/2025,2024-06-15,Henan Jianye,Beijing Guoan,2,1,2-1,Regular Season - 15
1173154,Super Liga China,2024/2025,2024-06-16,Shijiazhuang Y. J.,Qingdao Jonoon,0,1,0-1,Regular Season - 15
1173155,Super Liga China,2024/2025,2024-06-16,Shanghai Shenhua,Chengdu Better City,1,1,1-1,Regular Season - 15
1173156,Super Liga China,2024/2025,2024-06-16,Qingdao Youth Island,Wuhan Three Towns,0,1,0-1,Regular Season - 15
1173091,Super Liga China,2024/2025,2024-06-18,Meizhou Kejia,SHANGHAI SIPG,1,2,1-2,Regular Season - 7
1173157,Super Liga China,2024/2025,2024-06-25,Henan Jianye,Qingdao Youth Island,1,0,1-0,Regular Season - 16
1173158,Super Liga China,2024/2025,2024-06-25,Nantong Zhiyun,Tianjin Teda,1,1,1-1,Regular Season - 16
1173159,Super Liga China,2024/2025,2024-06-25,Sichuan Jiuniu,Hangzhou Greentown,3,2,3-2,Regular Season - 16
1173160,Super Liga China,2024/2025,2024-06-25,Wuhan Three Towns,SHANGHAI SIPG,0,2,0-2,Regular Season - 16
1173161,Super Liga China,2024/2025,2024-06-26,Shanghai Shenhua,Meizhou Kejia,3,0,3-0,Regular Season - 16
1173162,Super Liga China,2024/2025,2024-06-26,Changchun Yatai,Shandong Luneng,2,2,2-2,Regular Season - 16
1173163,Super Liga China,2024/2025,2024-06-26,Qingdao Jonoon,Chengdu Better City,1,5,1-5,Regular Season - 16
1173164,Super Liga China,2024/2025,2024-06-26,Beijing Guoan,Shijiazhuang Y. J.,4,0,4-0,Regular Season - 16
1173165,Super Liga China,2024/2025,2024-06-29,Wuhan Three Towns,Nantong Zhiyun,1,2,1-2,Regular Season - 17
1173166,Super Liga China,2024/2025,2024-06-29,SHANGHAI SIPG,Hangzhou Greentown,3,1,3-1,Regular Season - 17
1173167,Super Liga China,2024/2025,2024-06-29,Tianjin Teda,Sichuan Jiuniu,3,0,3-0,Regular Season - 17
1173168,Super Liga China,2024/2025,2024-06-30,Qingdao Youth Island,Shanghai Shenhua,0,1,0-1,Regular Season - 17
1173169,Super Liga China,2024/2025,2024-06-30,Changchun Yatai,Qingdao Jonoon,5,0,5-0,Regular Season - 17
1173170,Super Liga China,2024/2025,2024-06-30,Meizhou Kejia,Henan Jianye,0,3,0-3,Regular Season - 17
1173171,Super Liga China,2024/2025,2024-06-30,Chengdu Better City,Shijiazhuang Y. J.,4,0,4-0,Regular Season - 17
1173172,Super Liga China,2024/2025,2024-06-30,Beijing Guoan,Shandong Luneng,2,0,2-0,Regular Season - 17
1173173,Super Liga China,2024/2025,2024-07-05,Henan Jianye,SHANGHAI SIPG,0,1,0-1,Regular Season - 18
1173174,Super Liga China,2024/2025,2024-07-06,Tianjin Teda,Changchun Yatai,2,2,2-2,Regular Season - 18
1173175,Super Liga China,2024/2025,2024-07-06,Shanghai Shenhua,Shandong Luneng,6,0,6-0,Regular Season - 18
1173176,Super Liga China,2024/2025,2024-07-06,Shijiazhuang Y. J.,Sichuan Jiuniu,1,1,1-1,Regular Season - 18
1173177,Super Liga China,2024/2025,2024-07-07,Nantong Zhiyun,Chengdu Better City,0,1,0-1,Regular Season - 18
1173178,Super Liga China,2024/2025,2024-07-07,Beijing Guoan,Wuhan Three Towns,1,2,1-2,Regular Season - 18
1173179,Super Liga China,2024/2025,2024-07-07,Qingdao Jonoon,Qingdao Youth Island,3,1,3-1,Regular Season - 18
1173180,Super Liga China,2024/2025,2024-07-07,Hangzhou Greentown,Meizhou Kejia,4,0,4-0,Regular Season - 18
1173183,Super Liga China,2024/2025,2024-07-12,SHANGHAI SIPG,Beijing Guoan,5,1,5-1,Regular Season - 19
1173182,Super Liga China,2024/2025,2024-07-12,Shijiazhuang Y. J.,Wuhan Three Towns,1,1,1-1,Regular Season - 19
1173184,Super Liga China,2024/2025,2024-07-12,Chengdu Better City,Tianjin Teda,2,1,2-1,Regular Season - 19
1173181,Super Liga China,2024/2025,2024-07-13,Qingdao Youth Island,Hangzhou Greentown,5,2,5-2,Regular Season - 19
1173185,Super Liga China,2024/2025,2024-07-13,Shandong Luneng,Qingdao Jonoon,1,1,1-1,Regular Season - 19
1173186,Super Liga China,2024/2025,2024-07-13,Meizhou Kejia,Nantong Zhiyun,2,1,2-1,Regular Season - 19
1173187,Super Liga China,2024/2025,2024-07-13,Shanghai Shenhua,Changchun Yatai,3,2,3-2,Regular Season - 19
1173188,Super Liga China,2024/2025,2024-07-13,Sichuan Jiuniu,Henan Jianye,0,0,0-0,Regular Season - 19
1173228,Super Liga China,2024/2025,2024-07-20,Wuhan Three Towns,Chengdu Better City,1,1,1-1,Regular Season - 24
1173225,Super Liga China,2024/2025,2024-07-21,Qingdao Youth Island,Meizhou Kejia,3,3,3-3,Regular Season - 24
1173224,Super Liga China,2024/2025,2024-07-21,Nantong Zhiyun,Shandong Luneng,0,2,0-2,Regular Season - 24
1173226,Super Liga China,2024/2025,2024-07-21,Beijing Guoan,Tianjin Teda,2,0,2-0,Regular Season - 24
1173227,Super Liga China,2024/2025,2024-07-21,SHANGHAI SIPG,Qingdao Jonoon,5,0,5-0,Regular Season - 24
1173222,Super Liga China,2024/2025,2024-07-21,Henan Jianye,Hangzhou Greentown,2,1,2-1,Regular Season - 24
1173223,Super Liga China,2024/2025,2024-07-21,Sichuan Jiuniu,Changchun Yatai,2,1,2-1,Regular Season - 24
1173221,Super Liga China,2024/2025,2024-07-22,Shijiazhuang Y. J.,Shanghai Shenhua,0,5,0-5,Regular Season - 24
1173189,Super Liga China,2024/2025,2024-07-26,SHANGHAI SIPG,Nantong Zhiyun,8,1,8-1,Regular Season - 20
1173190,Super Liga China,2024/2025,2024-07-26,Sichuan Jiuniu,Beijing Guoan,1,0,1-0,Regular Season - 20
1173191,Super Liga China,2024/2025,2024-07-27,Changchun Yatai,Shijiazhuang Y. J.,1,0,1-0,Regular Season - 20
1173192,Super Liga China,2024/2025,2024-07-27,Tianjin Teda,Qingdao Youth Island,2,1,2-1,Regular Season - 20
1173193,Super Liga China,2024/2025,2024-07-28,Hangzhou Greentown,Chengdu Better City,1,3,1-3,Regular Season - 20
1173194,Super Liga China,2024/2025,2024-07-28,Qingdao Jonoon,Meizhou Kejia,4,2,4-2,Regular Season - 20
1173195,Super Liga China,2024/2025,2024-07-28,Henan Jianye,Shandong Luneng,1,0,1-0,Regular Season - 20
1173196,Super Liga China,2024/2025,2024-07-29,Wuhan Three Towns,Shanghai Shenhua,0,2,0-2,Regular Season - 20
1173197,Super Liga China,2024/2025,2024-08-02,Qingdao Youth Island,Shijiazhuang Y. J.,1,1,1-1,Regular Season - 21
1173198,Super Liga China,2024/2025,2024-08-03,Hangzhou Greentown,Qingdao Jonoon,4,3,4-3,Regular Season - 21
1173199,Super Liga China,2024/2025,2024-08-03,Shandong Luneng,SHANGHAI SIPG,0,1,0-1,Regular Season - 21
1173200,Super Liga China,2024/2025,2024-08-03,Meizhou Kejia,Tianjin Teda,3,2,3-2,Regular Season - 21
1173202,Super Liga China,2024/2025,2024-08-03,Chengdu Better City,Changchun Yatai,4,0,4-0,Regular Season - 21
1173201,Super Liga China,2024/2025,2024-08-03,Wuhan Three Towns,Sichuan Jiuniu,4,1,4-1,Regular Season - 21
1173203,Super Liga China,2024/2025,2024-08-04,Beijing Guoan,Shanghai Shenhua,2,1,2-1,Regular Season - 21
1173204,Super Liga China,2024/2025,2024-08-04,Nantong Zhiyun,Henan Jianye,1,1,1-1,Regular Season - 21
1173210,Super Liga China,2024/2025,2024-08-09,SHANGHAI SIPG,Meizhou Kejia,7,2,7-2,Regular Season - 22
1173205,Super Liga China,2024/2025,2024-08-09,Shijiazhuang Y. J.,Shandong Luneng,3,1,3-1,Regular Season - 22
1173206,Super Liga China,2024/2025,2024-08-09,Sichuan Jiuniu,Chengdu Better City,0,3,0-3,Regular Season - 22
1173207,Super Liga China,2024/2025,2024-08-10,Qingdao Jonoon,Henan Jianye,0,2,0-2,Regular Season - 22
1173208,Super Liga China,2024/2025,2024-08-10,Changchun Yatai,Wuhan Three Towns,2,0,2-0,Regular Season - 22
1173209,Super Liga China,2024/2025,2024-08-10,Shanghai Shenhua,Nantong Zhiyun,5,1,5-1,Regular Season - 22
1173211,Super Liga China,2024/2025,2024-08-11,Qingdao Youth Island,Beijing Guoan,2,2,2-2,Regular Season - 22
1173212,Super Liga China,2024/2025,2024-08-11,Tianjin Teda,Hangzhou Greentown,3,2,3-2,Regular Season - 22
1173213,Super Liga China,2024/2025,2024-08-16,Henan Jianye,Shijiazhuang Y. J.,0,2,0-2,Regular Season - 23
1173214,Super Liga China,2024/2025,2024-08-16,Tianjin Teda,Wuhan Three Towns,1,0,1-0,Regular Season - 23
1173216,Super Liga China,2024/2025,2024-08-16,Beijing Guoan,Hangzhou Greentown,0,0,0-0,Regular Season - 23
1173215,Super Liga China,2024/2025,2024-08-16,Nantong Zhiyun,Qingdao Youth Island,0,3,0-3,Regular Season - 23
1173217,Super Liga China,2024/2025,2024-08-17,Qingdao Jonoon,Sichuan Jiuniu,1,0,1-0,Regular Season - 23
1173218,Super Liga China,2024/2025,2024-08-17,Shanghai Shenhua,SHANGHAI SIPG,3,1,3-1,Regular Season - 23
1173219,Super Liga China,2024/2025,2024-08-17,Meizhou Kejia,Changchun Yatai,2,1,2-1,Regular Season - 23
1173220,Super Liga China,2024/2025,2024-08-17,Shandong Luneng,Chengdu Better City,3,0,3-0,Regular Season - 23
1173229,Super Liga China,2024/2025,2024-09-13,SHANGHAI SIPG,Sichuan Jiuniu,2,0,2-0,Regular Season - 25
1173230,Super Liga China,2024/2025,2024-09-13,Hangzhou Greentown,Shanghai Shenhua,3,4,3-4,Regular Season - 25
1173231,Super Liga China,2024/2025,2024-09-13,Shandong Luneng,Qingdao Youth Island,0,1,0-1,Regular Season - 25
1173235,Super Liga China,2024/2025,2024-09-14,Changchun Yatai,Nantong Zhiyun,3,2,3-2,Regular Season - 25
1173232,Super Liga China,2024/2025,2024-09-14,Tianjin Teda,Henan Jianye,1,0,1-0,Regular Season - 25
1173233,Super Liga China,2024/2025,2024-09-14,Chengdu Better City,Beijing Guoan,2,2,2-2,Regular Season - 25
1173234,Super Liga China,2024/2025,2024-09-14,Shijiazhuang Y. J.,Meizhou Kejia,2,1,2-1,Regular Season - 25
1173236,Super Liga China,2024/2025,2024-09-15,Qingdao Jonoon,Wuhan Three Towns,1,1,1-1,Regular Season - 25
1173237,Super Liga China,2024/2025,2024-09-20,Meizhou Kejia,Beijing Guoan,1,3,1-3,Regular Season - 26
1173238,Super Liga China,2024/2025,2024-09-21,Changchun Yatai,SHANGHAI SIPG,3,4,3-4,Regular Season - 26
1173240,Super Liga China,2024/2025,2024-09-21,Henan Jianye,Chengdu Better City,2,0,2-0,Regular Season - 26
1173239,Super Liga China,2024/2025,2024-09-21,Shandong Luneng,Wuhan Three Towns,0,0,0-0,Regular Season - 26
1173241,Super Liga China,2024/2025,2024-09-21,Shanghai Shenhua,Tianjin Teda,2,1,2-1,Regular Season - 26
1173242,Super Liga China,2024/2025,2024-09-22,Qingdao Youth Island,Sichuan Jiuniu,3,2,3-2,Regular Season - 26
1173243,Super Liga China,2024/2025,2024-09-22,Nantong Zhiyun,Qingdao Jonoon,2,1,2-1,Regular Season - 26
1173244,Super Liga China,2024/2025,2024-09-22,Hangzhou Greentown,Shijiazhuang Y. J.,2,2,2-2,Regular Season - 26
1173245,Super Liga China,2024/2025,2024-09-28,Qingdao Jonoon,Shanghai Shenhua,0,1,0-1,Regular Season - 27
1173246,Super Liga China,2024/2025,2024-09-28,SHANGHAI SIPG,Qingdao Youth Island,2,1,2-1,Regular Season - 27
1173248,Super Liga China,2024/2025,2024-09-28,Beijing Guoan,Changchun Yatai,8,1,8-1,Regular Season - 27
1173247,Super Liga China,2024/2025,2024-09-28,Nantong Zhiyun,Hangzhou Greentown,3,2,3-2,Regular Season - 27
1173249,Super Liga China,2024/2025,2024-09-28,Sichuan Jiuniu,Shandong Luneng,1,4,1-4,Regular Season - 27
1173250,Super Liga China,2024/2025,2024-09-29,Tianjin Teda,Shijiazhuang Y. J.,3,2,3-2,Regular Season - 27
1173251,Super Liga China,2024/2025,2024-09-29,Chengdu Better City,Meizhou Kejia,2,0,2-0,Regular Season - 27
1173252,Super Liga China,2024/2025,2024-09-29,Wuhan Three Towns,Henan Jianye,1,0,1-0,Regular Season - 27
1173255,Super Liga China,2024/2025,2024-10-18,Shanghai Shenhua,Henan Jianye,2,1,2-1,Regular Season - 28
1173254,Super Liga China,2024/2025,2024-10-18,Shandong Luneng,Tianjin Teda,4,1,4-1,Regular Season - 28
1173253,Super Liga China,2024/2025,2024-10-18,Wuhan Three Towns,Hangzhou Greentown,0,2,0-2,Regular Season - 28
1173256,Super Liga China,2024/2025,2024-10-18,Chengdu Better City,SHANGHAI SIPG,3,1,3-1,Regular Season - 28
1173257,Super Liga China,2024/2025,2024-10-19,Changchun Yatai,Qingdao Youth Island,4,0,4-0,Regular Season - 28
1173258,Super Liga China,2024/2025,2024-10-19,Beijing Guoan,Qingdao Jonoon,6,0,6-0,Regular Season - 28
1173259,Super Liga China,2024/2025,2024-10-20,Shijiazhuang Y. J.,Nantong Zhiyun,0,0,0-0,Regular Season - 28
1173260,Super Liga China,2024/2025,2024-10-20,Sichuan Jiuniu,Meizhou Kejia,0,0,0-0,Regular Season - 28
1173262,Super Liga China,2024/2025,2024-10-27,Shanghai Shenhua,Sichuan Jiuniu,2,2,2-2,Regular Season - 29
1173263,Super Liga China,2024/2025,2024-10-27,Tianjin Teda,Qingdao Jonoon,1,0,1-0,Regular Season - 29
1173264,Super Liga China,2024/2025,2024-10-27,Henan Jianye,Changchun Yatai,0,0,0-0,Regular Season - 29
1173261,Super Liga China,2024/2025,2024-10-27,Hangzhou Greentown,Shandong Luneng,3,3,3-3,Regular Season - 29
1173266,Super Liga China,2024/2025,2024-10-27,Shijiazhuang Y. J.,SHANGHAI SIPG,0,1,0-1,Regular Season - 29
1173265,Super Liga China,2024/2025,2024-10-27,Meizhou Kejia,Wuhan Three Towns,1,0,1-0,Regular Season - 29
1173267,Super Liga China,2024/2025,2024-10-27,Nantong Zhiyun,Beijing Guoan,1,3,1-3,Regular Season - 29
1173268,Super Liga China,2024/2025,2024-10-27,Qingdao Youth Island,Chengdu Better City,1,1,1-1,Regular Season - 29
1173272,Super Liga China,2024/2025,2024-11-02,Beijing Guoan,Henan Jianye,1,1,1-1,Regular Season - 30
1173274,Super Liga China,2024/2025,2024-11-02,Changchun Yatai,Hangzhou Greentown,2,2,2-2,Regular Season - 30
1173269,Super Liga China,2024/2025,2024-11-02,SHANGHAI SIPG,Tianjin Teda,5,0,5-0,Regular Season - 30
1173270,Super Liga China,2024/2025,2024-11-02,Shandong Luneng,Meizhou Kejia,2,1,2-1,Regular Season - 30
1173275,Super Liga China,2024/2025,2024-11-02,Qingdao Jonoon,Shijiazhuang Y. J.,1,0,1-0,Regular Season - 30
1173271,Super Liga China,2024/2025,2024-11-02,Chengdu Better City,Shanghai Shenhua,1,2,1-2,Regular Season - 30
1173276,Super Liga China,2024/2025,2024-11-02,Sichuan Jiuniu,Nantong Zhiyun,2,1,2-1,Regular Season - 30
1173273,Super Liga China,2024/2025,2024-11-02,Wuhan Three Towns,Qingdao Youth Island,1,3,1-3,Regular Season - 30
1340899,Super Liga China,2025/2026,2025-02-22,Chengdu Better City,Wuhan Three Towns,1,0,1-0,Regular Season - 1
1340900,Super Liga China,2025/2026,2025-02-22,Shanghai Shenhua,Changchun Yatai,2,1,2-1,Regular Season - 1
1340901,Super Liga China,2025/2026,2025-02-22,Yunnan Yukun,Beijing Guoan,0,2,0-2,Regular Season - 1
1340905,Super Liga China,2025/2026,2025-02-23,Tianjin Teda,Meizhou Kejia,2,2,2-2,Regular Season - 1
1340904,Super Liga China,2025/2026,2025-02-23,Shandong Luneng,Henan Jianye,0,0,0-0,Regular Season - 1
1340903,Super Liga China,2025/2026,2025-02-23,Hangzhou Greentown,Dalian Zhixing,1,1,1-1,Regular Season - 1
1340902,Super Liga China,2025/2026,2025-02-23,Qingdao Jonoon,Qingdao Youth Island,2,2,2-2,Regular Season - 1
1340906,Super Liga China,2025/2026,2025-02-23,SHANGHAI SIPG,Sichuan Jiuniu,3,1,3-1,Regular Season - 1
1340907,Super Liga China,2025/2026,2025-02-28,Shandong Luneng,Dalian Zhixing,4,1,4-1,Regular Season - 2
1340908,Super Liga China,2025/2026,2025-02-28,SHANGHAI SIPG,Changchun Yatai,2,0,2-0,Regular Season - 2
1340909,Super Liga China,2025/2026,2025-03-01,Qingdao Jonoon,Sichuan Jiuniu,0,1,0-1,Regular Season - 2
1340911,Super Liga China,2025/2026,2025-03-01,Shanghai Shenhua,Beijing Guoan,2,2,2-2,Regular Season - 2
1340910,Super Liga China,2025/2026,2025-03-01,Meizhou Kejia,Henan Jianye,2,1,2-1,Regular Season - 2
1340912,Super Liga China,2025/2026,2025-03-01,Yunnan Yukun,Hangzhou Greentown,1,1,1-1,Regular Season - 2
1340914,Super Liga China,2025/2026,2025-03-02,Chengdu Better City,Tianjin Teda,1,2,1-2,Regular Season - 2
1340913,Super Liga China,2025/2026,2025-03-03,Qingdao Youth Island,Wuhan Three Towns,2,0,2-0,Regular Season - 2
1340915,Super Liga China,2025/2026,2025-03-28,Qingdao Youth Island,SHANGHAI SIPG,3,3,3-3,Regular Season - 3
1340916,Super Liga China,2025/2026,2025-03-28,Wuhan Three Towns,Hangzhou Greentown,0,4,0-4,Regular Season - 3
1340917,Super Liga China,2025/2026,2025-03-28,Sichuan Jiuniu,Yunnan Yukun,3,4,3-4,Regular Season - 3
1340919,Super Liga China,2025/2026,2025-03-29,Tianjin Teda,Qingdao Jonoon,1,0,1-0,Regular Season - 3
1340918,Super Liga China,2025/2026,2025-03-29,Dalian Zhixing,Changchun Yatai,2,0,2-0,Regular Season - 3
1340920,Super Liga China,2025/2026,2025-03-29,Henan Jianye,Shanghai Shenhua,1,3,1-3,Regular Season - 3
1340921,Super Liga China,2025/2026,2025-03-29,Meizhou Kejia,Shandong Luneng,3,4,3-4,Regular Season - 3
1340922,Super Liga China,2025/2026,2025-03-29,Beijing Guoan,Chengdu Better City,1,1,1-1,Regular Season - 3
1340923,Super Liga China,2025/2026,2025-04-01,Henan Jianye,Qingdao Youth Island,2,3,2-3,Regular Season - 4
1340924,Super Liga China,2025/2026,2025-04-01,Hangzhou Greentown,Sichuan Jiuniu,3,0,3-0,Regular Season - 4
1340925,Super Liga China,2025/2026,2025-04-02,Changchun Yatai,Wuhan Three Towns,1,1,1-1,Regular Season - 4
1340926,Super Liga China,2025/2026,2025-04-02,Shanghai Shenhua,Yunnan Yukun,3,1,3-1,Regular Season - 4
1340927,Super Liga China,2025/2026,2025-04-02,Qingdao Jonoon,Dalian Zhixing,1,1,1-1,Regular Season - 4
1340929,Super Liga China,2025/2026,2025-04-02,Tianjin Teda,Beijing Guoan,2,2,2-2,Regular Season - 4
1340928,Super Liga China,2025/2026,2025-04-02,Shandong Luneng,Chengdu Better City,0,3,0-3,Regular Season - 4
1340930,Super Liga China,2025/2026,2025-04-02,SHANGHAI SIPG,Meizhou Kejia,2,1,2-1,Regular Season - 4
1340931,Super Liga China,2025/2026,2025-04-05,Sichuan Jiuniu,Henan Jianye,1,3,1-3,Regular Season - 5
1340932,Super Liga China,2025/2026,2025-04-06,Changchun Yatai,Shandong Luneng,1,2,1-2,Regular Season - 5
1340933,Super Liga China,2025/2026,2025-04-06,Qingdao Youth Island,Tianjin Teda,2,2,2-2,Regular Season - 5
1340934,Super Liga China,2025/2026,2025-04-06,Meizhou Kejia,Wuhan Three Towns,3,1,3-1,Regular Season - 5
1340935,Super Liga China,2025/2026,2025-04-06,Chengdu Better City,Dalian Zhixing,2,0,2-0,Regular Season - 5
1340937,Super Liga China,2025/2026,2025-04-06,Beijing Guoan,Hangzhou Greentown,2,0,2-0,Regular Season - 5
1340936,Super Liga China,2025/2026,2025-04-06,SHANGHAI SIPG,Shanghai Shenhua,1,1,1-1,Regular Season - 5
1340938,Super Liga China,2025/2026,2025-04-06,Yunnan Yukun,Qingdao Jonoon,1,0,1-0,Regular Season - 5
1340939,Super Liga China,2025/2026,2025-04-11,Shandong Luneng,Sichuan Jiuniu,4,0,4-0,Regular Season - 6
1340940,Super Liga China,2025/2026,2025-04-11,Meizhou Kejia,Changchun Yatai,1,3,1-3,Regular Season - 6
1340942,Super Liga China,2025/2026,2025-04-12,Dalian Zhixing,Tianjin Teda,1,1,1-1,Regular Season - 6
1340944,Super Liga China,2025/2026,2025-04-12,Qingdao Jonoon,Chengdu Better City,0,1,0-1,Regular Season - 6
1340945,Super Liga China,2025/2026,2025-04-12,Wuhan Three Towns,Yunnan Yukun,3,1,3-1,Regular Season - 6
1340946,Super Liga China,2025/2026,2025-04-12,Shanghai Shenhua,Hangzhou Greentown,3,2,3-2,Regular Season - 6
1340947,Super Liga China,2025/2026,2025-04-15,Qingdao Youth Island,Shandong Luneng,1,5,1-5,Regular Season - 7
1340948,Super Liga China,2025/2026,2025-04-15,Wuhan Three Towns,Beijing Guoan,4,4,4-4,Regular Season - 7
1340949,Super Liga China,2025/2026,2025-04-15,Sichuan Jiuniu,Changchun Yatai,3,1,3-1,Regular Season - 7
1340950,Super Liga China,2025/2026,2025-04-16,Tianjin Teda,SHANGHAI SIPG,1,4,1-4,Regular Season - 7
1340952,Super Liga China,2025/2026,2025-04-16,Hangzhou Greentown,Meizhou Kejia,2,2,2-2,Regular Season - 7
1340951,Super Liga China,2025/2026,2025-04-16,Dalian Zhixing,Henan Jianye,1,0,1-0,Regular Season - 7
1340953,Super Liga China,2025/2026,2025-04-16,Chengdu Better City,Yunnan Yukun,1,1,1-1,Regular Season - 7
1340954,Super Liga China,2025/2026,2025-04-16,Shanghai Shenhua,Qingdao Jonoon,3,2,3-2,Regular Season - 7
1340955,Super Liga China,2025/2026,2025-04-19,Shanghai Shenhua,Wuhan Three Towns,2,0,2-0,Regular Season - 8
1340956,Super Liga China,2025/2026,2025-04-19,Beijing Guoan,Shandong Luneng,6,1,6-1,Regular Season - 8
1340957,Super Liga China,2025/2026,2025-04-20,Changchun Yatai,Yunnan Yukun,0,0,0-0,Regular Season - 8
1340958,Super Liga China,2025/2026,2025-04-20,Henan Jianye,Qingdao Jonoon,3,1,3-1,Regular Season - 8
1340959,Super Liga China,2025/2026,2025-04-20,Qingdao Youth Island,Dalian Zhixing,2,0,2-0,Regular Season - 8
1340960,Super Liga China,2025/2026,2025-04-20,Meizhou Kejia,Sichuan Jiuniu,3,0,3-0,Regular Season - 8
1340962,Super Liga China,2025/2026,2025-04-20,SHANGHAI SIPG,Chengdu Better City,1,3,1-3,Regular Season - 8
1340961,Super Liga China,2025/2026,2025-04-20,Tianjin Teda,Hangzhou Greentown,2,0,2-0,Regular Season - 8
1340963,Super Liga China,2025/2026,2025-04-25,Beijing Guoan,Henan Jianye,1,0,1-0,Regular Season - 9
1340964,Super Liga China,2025/2026,2025-04-25,Yunnan Yukun,SHANGHAI SIPG,2,3,2-3,Regular Season - 9
1340965,Super Liga China,2025/2026,2025-04-26,Changchun Yatai,Chengdu Better City,1,2,1-2,Regular Season - 9
1340966,Super Liga China,2025/2026,2025-04-26,Sichuan Jiuniu,Dalian Zhixing,1,1,1-1,Regular Season - 9
1340967,Super Liga China,2025/2026,2025-04-26,Shandong Luneng,Shanghai Shenhua,0,1,0-1,Regular Season - 9
1340969,Super Liga China,2025/2026,2025-04-27,Wuhan Three Towns,Tianjin Teda,2,1,2-1,Regular Season - 9
1340970,Super Liga China,2025/2026,2025-04-27,Qingdao Jonoon,Meizhou Kejia,1,1,1-1,Regular Season - 9
1340968,Super Liga China,2025/2026,2025-04-27,Hangzhou Greentown,Qingdao Youth Island,2,1,2-1,Regular Season - 9
1340971,Super Liga China,2025/2026,2025-05-01,Dalian Zhixing,Yunnan Yukun,3,2,3-2,Regular Season - 10
1340972,Super Liga China,2025/2026,2025-05-01,Sichuan Jiuniu,Tianjin Teda,1,0,1-0,Regular Season - 10
1340974,Super Liga China,2025/2026,2025-05-01,Henan Jianye,Wuhan Three Towns,1,2,1-2,Regular Season - 10
1340973,Super Liga China,2025/2026,2025-05-01,Hangzhou Greentown,Changchun Yatai,4,2,4-2,Regular Season - 10
1340976,Super Liga China,2025/2026,2025-05-01,SHANGHAI SIPG,Beijing Guoan,1,2,1-2,Regular Season - 10
1340975,Super Liga China,2025/2026,2025-05-01,Shandong Luneng,Qingdao Jonoon,1,1,1-1,Regular Season - 10
1340977,Super Liga China,2025/2026,2025-05-02,Qingdao Youth Island,Meizhou Kejia,3,1,3-1,Regular Season - 10
1340978,Super Liga China,2025/2026,2025-05-02,Chengdu Better City,Shanghai Shenhua,1,0,1-0,Regular Season - 10
1340979,Super Liga China,2025/2026,2025-05-05,Dalian Zhixing,Beijing Guoan,0,2,0-2,Regular Season - 11
1340980,Super Liga China,2025/2026,2025-05-05,Henan Jianye,Tianjin Teda,3,4,3-4,Regular Season - 11
1340981,Super Liga China,2025/2026,2025-05-05,Wuhan Three Towns,SHANGHAI SIPG,0,2,0-2,Regular Season - 11
1340982,Super Liga China,2025/2026,2025-05-05,Qingdao Jonoon,Changchun Yatai,3,0,3-0,Regular Season - 11
1340983,Super Liga China,2025/2026,2025-05-05,Chengdu Better City,Hangzhou Greentown,2,1,2-1,Regular Season - 11
1340984,Super Liga China,2025/2026,2025-05-05,Yunnan Yukun,Shandong Luneng,3,2,3-2,Regular Season - 11
1340985,Super Liga China,2025/2026,2025-05-06,Meizhou Kejia,Shanghai Shenhua,1,3,1-3,Regular Season - 11
1340986,Super Liga China,2025/2026,2025-05-06,Qingdao Youth Island,Sichuan Jiuniu,0,0,0-0,Regular Season - 11
1340987,Super Liga China,2025/2026,2025-05-09,SHANGHAI SIPG,Qingdao Jonoon,3,1,3-1,Regular Season - 12
1340988,Super Liga China,2025/2026,2025-05-10,Shanghai Shenhua,Qingdao Youth Island,4,0,4-0,Regular Season - 12
1340990,Super Liga China,2025/2026,2025-05-10,Shandong Luneng,Hangzhou Greentown,4,2,4-2,Regular Season - 12
1340989,Super Liga China,2025/2026,2025-05-10,Meizhou Kejia,Chengdu Better City,0,4,0-4,Regular Season - 12
1340991,Super Liga China,2025/2026,2025-05-10,Beijing Guoan,Sichuan Jiuniu,3,1,3-1,Regular Season - 12
1340992,Super Liga China,2025/2026,2025-05-11,Changchun Yatai,Henan Jianye,0,1,0-1,Regular Season - 12
1340993,Super Liga China,2025/2026,2025-05-11,Tianjin Teda,Yunnan Yukun,0,1,0-1,Regular Season - 12
1340994,Super Liga China,2025/2026,2025-05-11,Wuhan Three Towns,Dalian Zhixing,2,2,2-2,Regular Season - 12
1340995,Super Liga China,2025/2026,2025-05-16,Hangzhou Greentown,Henan Jianye,2,2,2-2,Regular Season - 13
1340996,Super Liga China,2025/2026,2025-05-16,Yunnan Yukun,Meizhou Kejia,2,0,2-0,Regular Season - 13
1340997,Super Liga China,2025/2026,2025-05-17,Dalian Zhixing,Shanghai Shenhua,0,3,0-3,Regular Season - 13
1340999,Super Liga China,2025/2026,2025-05-17,Changchun Yatai,Tianjin Teda,1,2,1-2,Regular Season - 13
1341000,Super Liga China,2025/2026,2025-05-17,Qingdao Jonoon,Beijing Guoan,1,1,1-1,Regular Season - 13
1341001,Super Liga China,2025/2026,2025-05-17,Chengdu Better City,Qingdao Youth Island,1,1,1-1,Regular Season - 13
1341002,Super Liga China,2025/2026,2025-05-17,SHANGHAI SIPG,Shandong Luneng,1,1,1-1,Regular Season - 13
1341003,Super Liga China,2025/2026,2025-06-13,Dalian Zhixing,Meizhou Kejia,1,0,1-0,Regular Season - 14
1341004,Super Liga China,2025/2026,2025-06-13,Wuhan Three Towns,Qingdao Jonoon,2,0,2-0,Regular Season - 14
1341005,Super Liga China,2025/2026,2025-06-14,Hangzhou Greentown,SHANGHAI SIPG,2,2,2-2,Regular Season - 14
1341007,Super Liga China,2025/2026,2025-06-14,Beijing Guoan,Changchun Yatai,2,1,2-1,Regular Season - 14
1341006,Super Liga China,2025/2026,2025-06-14,Qingdao Youth Island,Yunnan Yukun,0,0,0-0,Regular Season - 14
1341009,Super Liga China,2025/2026,2025-06-14,Henan Jianye,Chengdu Better City,3,2,3-2,Regular Season - 14
1341008,Super Liga China,2025/2026,2025-06-14,Sichuan Jiuniu,Shanghai Shenhua,3,1,3-1,Regular Season - 14
1341010,Super Liga China,2025/2026,2025-06-14,Tianjin Teda,Shandong Luneng,1,0,1-0,Regular Season - 14
1340941,Super Liga China,2025/2026,2025-06-17,Beijing Guoan,Qingdao Youth Island,1,0,1-0,Regular Season - 6
1340943,Super Liga China,2025/2026,2025-06-18,Henan Jianye,SHANGHAI SIPG,1,3,1-3,Regular Season - 6
1340998,Super Liga China,2025/2026,2025-06-18,Sichuan Jiuniu,Wuhan Three Towns,1,2,1-2,Regular Season - 13
1341011,Super Liga China,2025/2026,2025-06-25,Shanghai Shenhua,Tianjin Teda,3,0,3-0,Regular Season - 15
1341012,Super Liga China,2025/2026,2025-06-25,Qingdao Jonoon,Hangzhou Greentown,0,3,0-3,Regular Season - 15
1341014,Super Liga China,2025/2026,2025-06-25,Changchun Yatai,Qingdao Youth Island,1,0,1-0,Regular Season - 15
1341013,Super Liga China,2025/2026,2025-06-25,Shandong Luneng,Wuhan Three Towns,3,1,3-1,Regular Season - 15
1341015,Super Liga China,2025/2026,2025-06-25,Meizhou Kejia,Beijing Guoan,0,4,0-4,Regular Season - 15
1341016,Super Liga China,2025/2026,2025-06-25,Chengdu Better City,Sichuan Jiuniu,5,0,5-0,Regular Season - 15
1341017,Super Liga China,2025/2026,2025-06-26,SHANGHAI SIPG,Dalian Zhixing,3,0,3-0,Regular Season - 15
1341018,Super Liga China,2025/2026,2025-06-26,Yunnan Yukun,Henan Jianye,2,1,2-1,Regular Season - 15
1341019,Super Liga China,2025/2026,2025-06-29,Changchun Yatai,Shanghai Shenhua,1,2,1-2,Regular Season - 16
1341020,Super Liga China,2025/2026,2025-06-29,Qingdao Youth Island,Qingdao Jonoon,1,0,1-0,Regular Season - 16
1341021,Super Liga China,2025/2026,2025-06-29,Meizhou Kejia,Tianjin Teda,1,2,1-2,Regular Season - 16
1341022,Super Liga China,2025/2026,2025-06-29,Wuhan Three Towns,Chengdu Better City,2,2,2-2,Regular Season - 16
1341023,Super Liga China,2025/2026,2025-06-30,Henan Jianye,Shandong Luneng,2,2,2-2,Regular Season - 16
1341025,Super Liga China,2025/2026,2025-06-30,Beijing Guoan,Yunnan Yukun,2,1,2-1,Regular Season - 16
1341024,Super Liga China,2025/2026,2025-06-30,Dalian Zhixing,Hangzhou Greentown,1,0,1-0,Regular Season - 16
1341026,Super Liga China,2025/2026,2025-06-30,Sichuan Jiuniu,SHANGHAI SIPG,1,2,1-2,Regular Season - 16
1341028,Super Liga China,2025/2026,2025-07-18,Changchun Yatai,SHANGHAI SIPG,1,3,1-3,Regular Season - 17
1341027,Super Liga China,2025/2026,2025-07-18,Wuhan Three Towns,Qingdao Youth Island,1,1,1-1,Regular Season - 17
1341029,Super Liga China,2025/2026,2025-07-18,Tianjin Teda,Chengdu Better City,2,1,2-1,Regular Season - 17
1341030,Super Liga China,2025/2026,2025-07-18,Hangzhou Greentown,Yunnan Yukun,3,1,3-1,Regular Season - 17
1341031,Super Liga China,2025/2026,2025-07-19,Dalian Zhixing,Shandong Luneng,2,0,2-0,Regular Season - 17
1341033,Super Liga China,2025/2026,2025-07-19,Beijing Guoan,Shanghai Shenhua,1,3,1-3,Regular Season - 17
1341032,Super Liga China,2025/2026,2025-07-19,Sichuan Jiuniu,Qingdao Jonoon,4,0,4-0,Regular Season - 17
1341034,Super Liga China,2025/2026,2025-07-19,Henan Jianye,Meizhou Kejia,1,1,1-1,Regular Season - 17
1341035,Super Liga China,2025/2026,2025-07-26,SHANGHAI SIPG,Qingdao Youth Island,2,2,2-2,Regular Season - 18
1341036,Super Liga China,2025/2026,2025-07-26,Chengdu Better City,Beijing Guoan,2,0,2-0,Regular Season - 18
1341037,Super Liga China,2025/2026,2025-07-26,Yunnan Yukun,Sichuan Jiuniu,3,1,3-1,Regular Season - 18
1341039,Super Liga China,2025/2026,2025-07-27,Changchun Yatai,Dalian Zhixing,0,2,0-2,Regular Season - 18
1341038,Super Liga China,2025/2026,2025-07-27,Qingdao Jonoon,Tianjin Teda,2,0,2-0,Regular Season - 18
1341041,Super Liga China,2025/2026,2025-07-27,Shanghai Shenhua,Henan Jianye,3,2,3-2,Regular Season - 18
1341040,Super Liga China,2025/2026,2025-07-27,Hangzhou Greentown,Wuhan Three Towns,3,2,3-2,Regular Season - 18
1341042,Super Liga China,2025/2026,2025-07-27,Shandong Luneng,Meizhou Kejia,3,0,3-0,Regular Season - 18
1341043,Super Liga China,2025/2026,2025-08-02,Yunnan Yukun,Shanghai Shenhua,4,4,4-4,Regular Season - 19
1341045,Super Liga China,2025/2026,2025-08-02,Chengdu Better City,Shandong Luneng,2,1,2-1,Regular Season - 19
1341044,Super Liga China,2025/2026,2025-08-02,Qingdao Youth Island,Henan Jianye,2,1,2-1,Regular Season - 19
1341046,Super Liga China,2025/2026,2025-08-02,Meizhou Kejia,SHANGHAI SIPG,2,4,2-4,Regular Season - 19
1341047,Super Liga China,2025/2026,2025-08-03,Dalian Zhixing,Qingdao Jonoon,2,0,2-0,Regular Season - 19
1341048,Super Liga China,2025/2026,2025-08-03,Beijing Guoan,Tianjin Teda,2,2,2-2,Regular Season - 19
1341049,Super Liga China,2025/2026,2025-08-03,Wuhan Three Towns,Changchun Yatai,0,0,0-0,Regular Season - 19
1341050,Super Liga China,2025/2026,2025-08-03,Sichuan Jiuniu,Hangzhou Greentown,2,4,2-4,Regular Season - 19
1341051,Super Liga China,2025/2026,2025-08-08,Dalian Zhixing,Chengdu Better City,0,2,0-2,Regular Season - 20
1341052,Super Liga China,2025/2026,2025-08-08,Henan Jianye,Sichuan Jiuniu,4,1,4-1,Regular Season - 20
1341053,Super Liga China,2025/2026,2025-08-09,Shandong Luneng,Changchun Yatai,2,1,2-1,Regular Season - 20
1341054,Super Liga China,2025/2026,2025-08-09,Shanghai Shenhua,SHANGHAI SIPG,1,2,1-2,Regular Season - 20
1341055,Super Liga China,2025/2026,2025-08-09,Qingdao Jonoon,Yunnan Yukun,5,1,5-1,Regular Season - 20
1341056,Super Liga China,2025/2026,2025-08-10,Tianjin Teda,Qingdao Youth Island,0,0,0-0,Regular Season - 20
1341057,Super Liga China,2025/2026,2025-08-10,Hangzhou Greentown,Beijing Guoan,3,4,3-4,Regular Season - 20
1341058,Super Liga China,2025/2026,2025-08-10,Wuhan Three Towns,Meizhou Kejia,1,2,1-2,Regular Season - 20
1341059,Super Liga China,2025/2026,2025-08-15,SHANGHAI SIPG,Henan Jianye,4,1,4-1,Regular Season - 21
1341060,Super Liga China,2025/2026,2025-08-15,Yunnan Yukun,Wuhan Three Towns,2,1,2-1,Regular Season - 21
1341061,Super Liga China,2025/2026,2025-08-16,Tianjin Teda,Dalian Zhixing,2,0,2-0,Regular Season - 21
1341063,Super Liga China,2025/2026,2025-08-16,Changchun Yatai,Meizhou Kejia,1,0,1-0,Regular Season - 21
1341062,Super Liga China,2025/2026,2025-08-16,Qingdao Youth Island,Beijing Guoan,1,3,1-3,Regular Season - 21
1341065,Super Liga China,2025/2026,2025-08-16,Hangzhou Greentown,Shanghai Shenhua,0,0,0-0,Regular Season - 21
1341064,Super Liga China,2025/2026,2025-08-16,Sichuan Jiuniu,Shandong Luneng,1,3,1-3,Regular Season - 21
1341066,Super Liga China,2025/2026,2025-08-16,Chengdu Better City,Qingdao Jonoon,0,0,0-0,Regular Season - 21
1341076,Super Liga China,2025/2026,2025-08-20,Hangzhou Greentown,Tianjin Teda,2,0,2-0,Regular Season - 23
1341072,Super Liga China,2025/2026,2025-08-23,Qingdao Jonoon,Shanghai Shenhua,0,2,0-2,Regular Season - 22
1341068,Super Liga China,2025/2026,2025-08-23,Yunnan Yukun,Chengdu Better City,1,5,1-5,Regular Season - 22
1341071,Super Liga China,2025/2026,2025-08-24,Changchun Yatai,Sichuan Jiuniu,1,0,1-0,Regular Season - 22
1341067,Super Liga China,2025/2026,2025-08-24,SHANGHAI SIPG,Tianjin Teda,1,1,1-1,Regular Season - 22
1341070,Super Liga China,2025/2026,2025-08-24,Meizhou Kejia,Hangzhou Greentown,2,2,2-2,Regular Season - 22
1341073,Super Liga China,2025/2026,2025-08-24,Henan Jianye,Dalian Zhixing,4,0,4-0,Regular Season - 22
1341074,Super Liga China,2025/2026,2025-08-24,Shandong Luneng,Qingdao Youth Island,3,2,3-2,Regular Season - 22
1341069,Super Liga China,2025/2026,2025-08-25,Beijing Guoan,Wuhan Three Towns,4,0,4-0,Regular Season - 22
1341075,Super Liga China,2025/2026,2025-08-29,Qingdao Jonoon,Henan Jianye,1,1,1-1,Regular Season - 23
1341078,Super Liga China,2025/2026,2025-08-30,Chengdu Better City,SHANGHAI SIPG,4,1,4-1,Regular Season - 23
1341079,Super Liga China,2025/2026,2025-08-30,Yunnan Yukun,Changchun Yatai,1,1,1-1,Regular Season - 23
1341080,Super Liga China,2025/2026,2025-08-31,Wuhan Three Towns,Shanghai Shenhua,1,0,1-0,Regular Season - 23
1341082,Super Liga China,2025/2026,2025-08-31,Shandong Luneng,Beijing Guoan,6,0,6-0,Regular Season - 23
1341081,Super Liga China,2025/2026,2025-08-31,Sichuan Jiuniu,Meizhou Kejia,2,0,2-0,Regular Season - 23
1341083,Super Liga China,2025/2026,2025-09-12,SHANGHAI SIPG,Yunnan Yukun,4,2,4-2,Regular Season - 24
1341085,Super Liga China,2025/2026,2025-09-12,Henan Jianye,Beijing Guoan,2,0,2-0,Regular Season - 24
1341084,Super Liga China,2025/2026,2025-09-12,Chengdu Better City,Changchun Yatai,1,0,1-0,Regular Season - 24
1341086,Super Liga China,2025/2026,2025-09-12,Shanghai Shenhua,Shandong Luneng,3,3,3-3,Regular Season - 24
1341088,Super Liga China,2025/2026,2025-09-13,Qingdao Youth Island,Hangzhou Greentown,0,2,0-2,Regular Season - 24
1341089,Super Liga China,2025/2026,2025-09-14,Dalian Zhixing,Sichuan Jiuniu,2,1,2-1,Regular Season - 24
1341090,Super Liga China,2025/2026,2025-09-14,Tianjin Teda,Wuhan Three Towns,4,0,4-0,Regular Season - 24
1341094,Super Liga China,2025/2026,2025-09-19,Wuhan Three Towns,Henan Jianye,2,5,2-5,Regular Season - 25
1341091,Super Liga China,2025/2026,2025-09-19,Yunnan Yukun,Dalian Zhixing,1,1,1-1,Regular Season - 25
1341092,Super Liga China,2025/2026,2025-09-20,Changchun Yatai,Hangzhou Greentown,3,3,3-3,Regular Season - 25
1341093,Super Liga China,2025/2026,2025-09-20,Meizhou Kejia,Qingdao Youth Island,1,2,1-2,Regular Season - 25
1341095,Super Liga China,2025/2026,2025-09-20,Qingdao Jonoon,Shandong Luneng,2,2,2-2,Regular Season - 25
1341096,Super Liga China,2025/2026,2025-09-21,Beijing Guoan,SHANGHAI SIPG,2,3,2-3,Regular Season - 25
1341097,Super Liga China,2025/2026,2025-09-21,Tianjin Teda,Sichuan Jiuniu,1,0,1-0,Regular Season - 25
1341098,Super Liga China,2025/2026,2025-09-21,Shanghai Shenhua,Chengdu Better City,1,1,1-1,Regular Season - 25
1341099,Super Liga China,2025/2026,2025-09-26,Shanghai Shenhua,Meizhou Kejia,6,1,6-1,Regular Season - 26
1341100,Super Liga China,2025/2026,2025-09-26,Beijing Guoan,Dalian Zhixing,4,2,4-2,Regular Season - 26
1341102,Super Liga China,2025/2026,2025-09-26,SHANGHAI SIPG,Wuhan Three Towns,3,2,3-2,Regular Season - 26
1341101,Super Liga China,2025/2026,2025-09-26,Hangzhou Greentown,Chengdu Better City,3,3,3-3,Regular Season - 26
1341103,Super Liga China,2025/2026,2025-09-27,Changchun Yatai,Qingdao Jonoon,2,2,2-2,Regular Season - 26
1341105,Super Liga China,2025/2026,2025-09-28,Tianjin Teda,Henan Jianye,1,0,1-0,Regular Season - 26
1341106,Super Liga China,2025/2026,2025-09-28,Sichuan Jiuniu,Qingdao Youth Island,1,2,1-2,Regular Season - 26
1341087,Super Liga China,2025/2026,2025-10-04,Meizhou Kejia,Qingdao Jonoon,1,0,1-0,Regular Season - 24
1341104,Super Liga China,2025/2026,2025-10-04,Shandong Luneng,Yunnan Yukun,1,1,1-1,Regular Season - 26
1341077,Super Liga China,2025/2026,2025-10-04,Dalian Zhixing,Qingdao Youth Island,0,2,0-2,Regular Season - 23
1341107,Super Liga China,2025/2026,2025-10-17,Qingdao Jonoon,SHANGHAI SIPG,3,4,3-4,Regular Season - 27
1341108,Super Liga China,2025/2026,2025-10-17,Chengdu Better City,Meizhou Kejia,3,1,3-1,Regular Season - 27
1341109,Super Liga China,2025/2026,2025-10-17,Qingdao Youth Island,Shanghai Shenhua,1,2,1-2,Regular Season - 27
1341110,Super Liga China,2025/2026,2025-10-18,Sichuan Jiuniu,Beijing Guoan,2,1,2-1,Regular Season - 27
1341111,Super Liga China,2025/2026,2025-10-18,Hangzhou Greentown,Shandong Luneng,2,2,2-2,Regular Season - 27
1341112,Super Liga China,2025/2026,2025-10-18,Yunnan Yukun,Tianjin Teda,2,0,2-0,Regular Season - 27
1341113,Super Liga China,2025/2026,2025-10-19,Dalian Zhixing,Wuhan Three Towns,0,0,0-0,Regular Season - 27
1341114,Super Liga China,2025/2026,2025-10-19,Henan Jianye,Changchun Yatai,2,0,2-0,Regular Season - 27
1341115,Super Liga China,2025/2026,2025-10-24,Meizhou Kejia,Yunnan Yukun,1,4,1-4,Regular Season - 28
1341118,Super Liga China,2025/2026,2025-10-24,Wuhan Three Towns,Sichuan Jiuniu,1,2,1-2,Regular Season - 28
1341116,Super Liga China,2025/2026,2025-10-25,Tianjin Teda,Changchun Yatai,2,2,2-2,Regular Season - 28
1341117,Super Liga China,2025/2026,2025-10-25,Henan Jianye,Hangzhou Greentown,2,2,2-2,Regular Season - 28
1341119,Super Liga China,2025/2026,2025-10-26,Shandong Luneng,SHANGHAI SIPG,3,1,3-1,Regular Season - 28
1341120,Super Liga China,2025/2026,2025-10-26,Qingdao Youth Island,Chengdu Better City,2,2,2-2,Regular Season - 28
1341121,Super Liga China,2025/2026,2025-10-26,Beijing Guoan,Qingdao Jonoon,2,4,2-4,Regular Season - 28
1341122,Super Liga China,2025/2026,2025-10-26,Shanghai Shenhua,Dalian Zhixing,2,2,2-2,Regular Season - 28
1341123,Super Liga China,2025/2026,2025-10-31,SHANGHAI SIPG,Hangzhou Greentown,3,0,3-0,Regular Season - 29
1341124,Super Liga China,2025/2026,2025-10-31,Chengdu Better City,Henan Jianye,1,2,1-2,Regular Season - 29
1341125,Super Liga China,2025/2026,2025-10-31,Shanghai Shenhua,Sichuan Jiuniu,1,0,1-0,Regular Season - 29
1341126,Super Liga China,2025/2026,2025-11-01,Changchun Yatai,Beijing Guoan,0,4,0-4,Regular Season - 29
1341127,Super Liga China,2025/2026,2025-11-01,Shandong Luneng,Tianjin Teda,2,1,2-1,Regular Season - 29
1341128,Super Liga China,2025/2026,2025-11-01,Meizhou Kejia,Dalian Zhixing,2,2,2-2,Regular Season - 29
1341129,Super Liga China,2025/2026,2025-11-02,Qingdao Jonoon,Wuhan Three Towns,1,0,1-0,Regular Season - 29
1341130,Super Liga China,2025/2026,2025-11-02,Yunnan Yukun,Qingdao Youth Island,1,0,1-0,Regular Season - 29
1341131,Super Liga China,2025/2026,2025-11-22,Beijing Guoan,Meizhou Kejia,5,1,5-1,Regular Season - 30
1341132,Super Liga China,2025/2026,2025-11-22,Tianjin Teda,Shanghai Shenhua,1,3,1-3,Regular Season - 30
1341134,Super Liga China,2025/2026,2025-11-22,Henan Jianye,Yunnan Yukun,1,1,1-1,Regular Season - 30
1341133,Super Liga China,2025/2026,2025-11-22,Hangzhou Greentown,Qingdao Jonoon,2,2,2-2,Regular Season - 30
1341137,Super Liga China,2025/2026,2025-11-22,Sichuan Jiuniu,Chengdu Better City,1,1,1-1,Regular Season - 30
1341136,Super Liga China,2025/2026,2025-11-22,Wuhan Three Towns,Shandong Luneng,1,5,1-5,Regular Season - 30
1341135,Super Liga China,2025/2026,2025-11-22,Qingdao Youth Island,Changchun Yatai,1,0,1-0,Regular Season - 30
1341138,Super Liga China,2025/2026,2025-11-22,Dalian Zhixing,SHANGHAI SIPG,0,1,0-1,Regular Season - 30
