Date,League,Season,HomeTeam,AwayTeam,FTHG,FTAG,HTHG,HTAG,FTR,HS,AS,HST,AST,HF,AF,HC,AC,HY,AY,HR,AR,HomePasses,AwayPasses,HomeSaves,AwaySaves,HomePos,AwayPos,fixture_id,B365H,B365D,B365A,HS_1P,AS_1P,HST_1P,AST_1P,HF_1P,AF_1P,HC_1P,AC_1P,HY_1P,AY_1P,HR_1P,AR_1P,HomePasses_1P,AwayPasses_1P,HomePos_1P,AwayPos_1P,HS_2P,AS_2P,HST_2P,AST_2P,HF_2P,AF_2P,HC_2P,AC_2P,HY_2P,AY_2P,HR_2P,AR_2P,HomePasses_2P,AwayPasses_2P,HomePos_2P,AwayPos_2P,GolesTotales,GolesHT,HomeAbbr,AwayAbbr,Goles2T,corneTot,Jornada,HPts,APts,HomePtsPrev,AwayPtsPrev,HomePosPrev,AwayPosPrev,ResHtFt,RivalProHome,RivalProAway,HomePerf,AwayPerf
2026-08-07,2. Bundesliga,2026/2027,VFL BOCHUM,HERTHA BSC,0,1,0,1,A,13,11,3,2,18,13,5,2,2,5,0,0,443,341,1,3,56.0,44.0,1576134.0,,,,,,,,,,,,,,,,,,,,,,,,,,,,,,,,,,,,1,1,VFL,HER,0,7,1,0,3,0,0,1,2,HER/HER,True,True,0.35999999999999993,1.65
2026-08-08,2. Bundesliga,2026/2027,SV DARMSTADT 98,HOLSTEIN KIEL,2,2,0,2,D,13,11,3,6,15,16,8,4,2,3,0,0,435,439,4,1,50.0,50.0,1576136.0,,,,,,,,,,,,,,,,,,,,,,,,,,,,,,,,,,,,4,2,SV,HOL,2,12,1,1,1,0,0,2,3,HOL/E,True,True,0.7699999999999998,0.99
2026-08-08,2. Bundesliga,2026/2027,1. FC HEIDENHEIM,VFL OSNABRUCK,4,3,3,2,H,20,26,6,6,6,6,4,6,1,2,0,0,474,409,3,2,53.0,47.0,1576137.0,,,,,,,,,,,,,,,,,,,,,,,,,,,,,,,,,,,,7,5,1.,VFL,2,10,1,3,0,0,0,4,5,1./1.,True,True,2.5799999999999996,0.6199999999999999
2026-08-08,2. Bundesliga,2026/2027,KARLSRUHER SC,ARMINIA BIELEFELD,2,1,1,0,H,22,12,7,5,15,12,6,6,2,1,0,0,463,345,4,5,56.0,44.0,1576138.0,,,,,,,,,,,,,,,,,,,,,,,,,,,,,,,,,,,,3,1,KAR,ARM,2,12,1,3,0,0,0,5,6,KAR/KAR,True,True,2.7799999999999994,0.48
2026-08-08,2. Bundesliga,2026/2027,1. FC MAGDEBURG,EINTRACHT BRAUNSCHWEIG,1,6,0,4,A,10,24,3,13,13,8,5,5,4,1,1,0,442,507,8,2,47.0,53.0,1576139.0,,,,,,,,,,,,,,,,,,,,,,,,,,,,,,,,,,,,7,4,1.,EIN,3,10,1,0,3,0,0,6,7,EIN/EIN,False,True,-0.7000000000000001,3.85
2026-08-08,2. Bundesliga,2026/2027,VFL WOLFSBURG,1. FC KAISERSLAUTERN,0,0,0,0,D,19,8,5,3,17,10,9,2,0,1,0,0,566,329,3,4,63.0,37.0,1576142.0,,,,,,,,,,,,,,,,,,,,,,,,,,,,,,,,,,,,0,0,VFL,1.,0,11,1,1,1,0,0,7,8,E/E,False,False,1.51,0.5199999999999999
2026-08-09,2. Bundesliga,2026/2027,1. FC NURNBERG,DYNAMO DRESDEN,3,0,2,0,H,16,9,7,1,6,11,5,5,0,2,0,0,494,377,1,4,56.0,44.0,1576140.0,,,,,,,,,,,,,,,,,,,,,,,,,,,,,,,,,,,,3,2,1.,DYN,1,10,1,3,0,0,0,9,10,1./1.,False,False,2.65,-0.25000000000000006
2026-08-09,2. Bundesliga,2026/2027,FC ST. PAULI,SPVGG GREUTHER FURTH,1,1,0,0,D,18,15,6,7,4,5,9,2,1,0,0,0,520,393,6,5,58.0,42.0,1576141.0,,,,,,,,,,,,,,,,,,,,,,,,,,,,,,,,,,,,2,0,ST.,SPV,2,11,1,1,1,0,0,10,11,E/E,False,False,1.3599999999999997,1.1700000000000002
2026-08-09,2. Bundesliga,2026/2027,ENERGIE COTTBUS,HANNOVER 96,3,1,1,1,H,12,27,4,10,11,11,2,6,0,2,0,0,365,437,8,1,45.0,55.0,1576135.0,,,,,,,,,,,,,,,,,,,,,,,,,,,,,,,,,,,,4,2,ENE,HAN,2,8,1,3,0,0,0,12,13,E/ENE,False,False,1.58,1.36
2026-08-14,2. Bundesliga,2026/2027,EINTRACHT BRAUNSCHWEIG,VFL BOCHUM,0,1,0,1,A,17,13,3,4,11,13,5,6,2,3,0,0,490,402,3,3,55.0,45.0,1576144.0,,,,,,,,,,,,,,,,,,,,,,,,,,,,,,,,,,,,1,1,EIN,VFL,0,11,2,0,3,3,0,1,15,VFL/VFL,False,True,0.17999999999999994,2.3499999999999996
2026-08-14,2. Bundesliga,2026/2027,HOLSTEIN KIEL,FC ST. PAULI,2,2,0,2,D,19,13,6,6,14,19,5,5,3,3,0,0,548,295,4,4,64.0,36.0,1576148.0,,,,,,,,,,,,,,,,,,,,,,,,,,,,,,,,,,,,4,2,HOL,ST.,2,10,2,1,1,1,1,9,10,ST./E,False,False,0.9499999999999997,0.9499999999999997
2026-08-15,2. Bundesliga,2026/2027,SPVGG GREUTHER FURTH,1. FC NURNBERG,2,4,2,2,A,14,15,6,9,9,15,5,3,1,4,0,0,339,442,5,4,44.0,56.0,1576145.0,,,,,,,,,,,,,,,,,,,,,,,,,,,,,,,,,,,,6,4,SPV,1.,2,8,2,0,3,1,3,11,2,E/1.,True,False,0.5399999999999999,2.1999999999999997
2026-08-15,2. Bundesliga,2026/2027,HERTHA BSC,1. FC HEIDENHEIM,4,1,3,0,H,19,11,9,3,12,17,5,3,1,2,1,0,370,346,2,4,51.0,49.0,1576147.0,,,,,,,,,,,,,,,,,,,,,,,,,,,,,,,,,,,,5,3,HER,1.,2,8,2,3,0,3,3,6,4,HER/HER,True,True,3.0399999999999996,-0.15000000000000005
2026-08-15,2. Bundesliga,2026/2027,VFL OSNABRUCK,1. FC MAGDEBURG,0,3,0,2,A,11,19,4,6,12,11,3,10,1,1,0,0,351,546,3,4,40.0,60.0,1576151.0,,,,,,,,,,,,,,,,,,,,,,,,,,,,,,,,,,,,3,2,VFL,1.,1,13,2,0,3,0,0,14,18,1./1.,False,False,0.14999999999999994,2.5399999999999996
2026-08-15,2. Bundesliga,2026/2027,1. FC KAISERSLAUTERN,KARLSRUHER SC,0,0,0,0,D,11,13,3,8,12,19,4,11,3,3,0,0,379,363,8,2,51.0,49.0,1576149.0,,,,,,,,,,,,,,,,,,,,,,,,,,,,,,,,,,,,0,0,1.,KAR,0,15,2,1,1,1,3,13,5,E/E,True,False,0.22999999999999998,1.7199999999999995
2026-08-16,2. Bundesliga,2026/2027,HANNOVER 96,VFL WOLFSBURG,0,1,0,0,A,14,18,2,7,9,9,8,6,1,2,0,0,465,438,6,2,52.0,48.0,1576146.0,,,,,,,,,,,,,,,,,,,,,,,,,,,,,,,,,,,,1,0,HAN,VFL,1,14,2,0,3,0,1,16,13,E/VFL,False,False,0.12999999999999998,2.3899999999999997
2026-08-16,2. Bundesliga,2026/2027,DYNAMO DRESDEN,SV DARMSTADT 98,1,0,1,0,H,12,10,6,1,12,12,7,5,1,3,0,1,689,416,1,5,62.0,38.0,1576150.0,,,,,,,,,,,,,,,,,,,,,,,,,,,,,,,,,,,,1,1,DYN,SV,0,12,2,3,0,0,1,17,13,DYN/DYN,False,False,2.5,-0.5900000000000001
2026-08-16,2. Bundesliga,2026/2027,ARMINIA BIELEFELD,ENERGIE COTTBUS,3,0,2,0,H,17,10,5,0,12,18,7,10,2,2,0,0,345,518,0,2,40.0,60.0,1576143.0,,,,,,,,,,,,,,,,,,,,,,,,,,,,,,,,,,,,3,2,ARM,ENE,1,17,2,3,0,0,3,16,6,ARM/ARM,True,False,2.6999999999999997,-0.09000000000000002
2026-08-28,2. Bundesliga,2026/2027,VFL BOCHUM,VFL OSNABRUCK,0,1,0,1,A,20,8,1,2,15,12,6,1,3,4,0,0,663,353,1,1,66.0,34.0,1576152.0,,,,,,,,,,,,,,,,,,,,,,,,,,,,,,,,,,,,1,1,VFL,VFL,0,7,3,0,3,3,0,7,18,VFL/VFL,False,False,0.02999999999999997,1.2800000000000002
2026-08-28,2. Bundesliga,2026/2027,EINTRACHT BRAUNSCHWEIG,HERTHA BSC,3,5,2,2,A,17,26,9,6,9,15,5,12,2,4,0,0,350,401,1,5,46.0,54.0,1576153.0,,,,,,,,,,,,,,,,,,,,,,,,,,,,,,,,,,,,8,4,EIN,HER,4,17,3,0,3,3,6,5,2,E/HER,True,True,0.8599999999999999,2.55
2026-08-29,2. Bundesliga,2026/2027,1. FC NURNBERG,ARMINIA BIELEFELD,4,1,3,0,H,13,21,6,5,9,11,3,8,2,0,0,0,455,371,4,2,53.0,47.0,1576159.0,,,,,,,,,,,,,,,,,,,,,,,,,,,,,,,,,,,,5,3,1.,ARM,2,11,3,3,0,6,3,2,6,1./1.,True,True,2.4399999999999995,0.79
2026-08-29,2. Bundesliga,2026/2027,1. FC HEIDENHEIM,DYNAMO DRESDEN,5,3,0,1,H,27,17,10,8,8,6,6,9,2,3,0,1,274,497,3,6,37.0,63.0,1576156.0,,,,,,,,,,,,,,,,,,,,,,,,,,,,,,,,,,,,8,1,1.,DYN,7,15,3,3,0,3,3,9,11,DYN/1.,False,False,2.52,0.47999999999999976
2026-08-29,2. Bundesliga,2026/2027,KARLSRUHER SC,VFL WOLFSBURG,2,5,2,3,A,18,27,5,11,13,14,10,8,0,1,0,0,326,473,6,3,42.0,58.0,1576157.0,,,,,,,,,,,,,,,,,,,,,,,,,,,,,,,,,,,,7,5,KAR,VFL,2,18,3,0,3,4,4,4,5,VFL/VFL,True,True,0.5399999999999999,3.4999999999999996
2026-08-29,2. Bundesliga,2026/2027,ENERGIE COTTBUS,SPVGG GREUTHER FURTH,3,4,1,1,A,23,15,6,7,11,16,10,6,2,2,0,0,450,386,4,3,54.0,46.0,1576154.0,,,,,,,,,,,,,,,,,,,,,,,,,,,,,,,,,,,,7,2,ENE,SPV,5,16,3,0,3,3,1,8,17,E/SPV,False,False,0.7299999999999998,2.1499999999999995
2026-08-30,2. Bundesliga,2026/2027,SV DARMSTADT 98,HANNOVER 96,0,1,0,0,A,11,26,3,7,8,12,2,11,1,2,1,0,316,654,6,3,33.0,67.0,1576155.0,,,,,,,,,,,,,,,,,,,,,,,,,,,,,,,,,,,,1,0,SV,HAN,1,13,3,0,3,1,0,17,18,E/HAN,False,False,-0.3700000000000001,2.71
2026-08-30,2. Bundesliga,2026/2027,1. FC MAGDEBURG,HOLSTEIN KIEL,2,0,0,0,H,10,14,2,2,14,17,3,3,5,4,0,0,303,548,2,1,36.0,64.0,1576158.0,,,,,,,,,,,,,,,,,,,,,,,,,,,,,,,,,,,,2,0,1.,HOL,2,6,3,3,0,3,2,11,15,E/1.,False,False,1.29,-0.11000000000000004
2026-08-30,2. Bundesliga,2026/2027,FC ST. PAULI,1. FC KAISERSLAUTERN,1,2,0,1,A,21,11,7,4,9,13,4,5,3,4,0,0,515,366,2,6,59.0,41.0,1576160.0,,,,,,,,,,,,,,,,,,,,,,,,,,,,,,,,,,,,3,1,ST.,1.,2,9,3,0,3,2,2,15,16,1./1.,False,False,0.65,1.52
2026-09-04,2. Bundesliga,2026/2027,HANNOVER 96,KARLSRUHER SC,2,2,2,1,D,12,20,6,7,12,12,1,5,4,2,0,0,471,424,5,3,52.0,48.0,1576163.0,,,,,,,,,,,,,,,,,,,,,,,,,,,,,,,,,,,,4,3,HAN,KAR,1,6,4,1,1,3,4,13,8,HAN/E,False,False,0.5999999999999999,1.28
2026-09-04,2. Bundesliga,2026/2027,ARMINIA BIELEFELD,FC ST. PAULI,2,2,1,1,D,9,8,2,5,12,14,3,5,2,3,0,0,461,604,3,0,43.0,57.0,1576161.0,,,,,,,,,,,,,,,,,,,,,,,,,,,,,,,,,,,,4,2,ARM,ST.,2,8,4,1,1,3,2,11,16,E/E,False,False,0.4000000000000001,1.0399999999999998
2026-09-05,2. Bundesliga,2026/2027,VFL WOLFSBURG,ENERGIE COTTBUS,4,4,3,1,D,19,21,7,9,13,12,4,9,1,4,1,0,404,376,5,3,51.0,49.0,1576169.0,,,,,,,,,,,,,,,,,,,,,,,,,,,,,,,,,,,,8,4,VFL,ENE,4,13,4,1,1,7,3,3,14,VFL/E,False,True,0.77,1.4699999999999998
2026-09-05,2. Bundesliga,2026/2027,HOLSTEIN KIEL,1. FC NURNBERG,2,2,1,1,D,14,19,3,7,17,14,10,8,4,3,0,0,331,431,4,1,44.0,56.0,1576165.0,,,,,,,,,,,,,,,,,,,,,,,,,,,,,,,,,,,,4,2,HOL,1.,2,18,4,1,1,2,9,17,1,E/E,True,False,0.5399999999999998,1.2999999999999998
2026-09-05,2. Bundesliga,2026/2027,1. FC KAISERSLAUTERN,SV DARMSTADT 98,3,0,1,0,H,21,9,7,2,19,14,9,3,3,2,0,0,452,369,2,4,56.0,44.0,1576166.0,,,,,,,,,,,,,,,,,,,,,,,,,,,,,,,,,,,,3,1,1.,SV,2,12,4,3,0,5,1,6,18,1./1.,False,True,2.54,-0.28
2026-09-05,2. Bundesliga,2026/2027,DYNAMO DRESDEN,VFL BOCHUM,1,2,1,2,A,15,15,4,6,10,15,7,4,1,7,0,0,462,480,4,4,49.0,51.0,1576167.0,,,,,,,,,,,,,,,,,,,,,,,,,,,,,,,,,,,,3,3,DYN,VFL,0,11,4,0,3,3,3,17,14,VFL/VFL,False,False,0.47,1.5599999999999996
2026-04-04,Allsvenskan Suecia 1a,2026,DEGERFORS IF,SIRIUS,0,3,0,0,A,7,7,1,4,20,11,6,4,1,0,0,0,369,431,1,1,47.0,53.0,1494114.0,,,,,,,,,,,,,,,,,,,,,,,,,,,,,,,,,,,,3,0,DEG,SIR,3,10,1,0,3,0,0,1,2,E/SIR,True,True,0.06999999999999998,2.6300000000000003
2026-04-04,Allsvenskan Suecia 1a,2026,HAMMARBY FF,MJALLBY AIF,3,0,2,0,H,15,14,5,7,17,16,2,3,2,4,0,0,517,449,7,2,53.0,47.0,1494118.0,,,,,,,,,,,,,,,,,,,,,,,,,,,,,,,,,,,,3,2,HAM,MJA,1,5,1,3,0,0,0,2,3,HAM/HAM,True,True,2.24,0.51
2026-04-05,Allsvenskan Suecia 1a,2026,AIK STOCKHOLM,HALMSTAD,2,1,1,0,H,25,11,6,7,11,14,2,3,3,1,0,0,491,374,6,4,56.0,44.0,1494113.0,,,,,,,,,,,,,,,,,,,,,,,,,,,,,,,,,,,,3,1,AIK,HAL,2,5,1,3,0,0,0,3,4,AIK/AIK,True,True,2.29,0.76
2026-04-05,Allsvenskan Suecia 1a,2026,KALMAR FF,VASTERAS SK FK,0,1,0,1,A,16,4,3,2,15,20,14,5,1,3,0,1,449,326,3,3,58.0,42.0,1494119.0,,,,,,,,,,,,,,,,,,,,,,,,,,,,,,,,,,,,1,1,KAL,VAS,0,19,1,0,3,0,0,4,5,VAS/VAS,True,True,0.8500000000000001,1.5699999999999998
2026-04-05,Allsvenskan Suecia 1a,2026,ORGRYTE IS,MALMO FF,1,1,0,0,D,15,19,7,6,10,10,5,10,1,4,0,0,327,444,5,6,42.0,58.0,1494120.0,,,,,,,,,,,,,,,,,,,,,,,,,,,,,,,,,,,,2,0,ORG,MAL,2,15,1,1,1,0,0,5,6,E/E,True,True,1.2,1.0499999999999998
2026-04-06,Allsvenskan Suecia 1a,2026,IF ELFSBORG,IFK GOTEBORG,2,0,0,0,H,15,12,5,1,12,7,6,7,1,4,0,0,337,508,1,3,40.0,60.0,1494115.0,,,,,,,,,,,,,,,,,,,,,,,,,,,,,,,,,,,,2,0,IF,IFK,2,13,1,3,0,0,0,7,8,E/IF,False,False,2.26,-0.27
2026-04-06,Allsvenskan Suecia 1a,2026,GAIS,DJURGARDENS IF,0,1,0,0,A,11,12,6,5,14,7,2,10,2,1,0,0,465,431,4,6,52.0,48.0,1494116.0,,,,,,,,,,,,,,,,,,,,,,,,,,,,,,,,,,,,1,0,GAI,DJU,1,12,1,0,3,0,0,8,9,E/DJU,False,False,0.3499999999999998,2.31
2026-04-06,Allsvenskan Suecia 1a,2026,BK HACKEN,IF BROMMAPOJKARNA,2,2,0,1,D,17,7,3,4,13,17,6,3,2,1,0,0,606,379,1,2,61.0,39.0,1494117.0,,,,,,,,,,,,,,,,,,,,,,,,,,,,,,,,,,,,4,1,BK,IF,3,9,1,1,1,0,0,9,10,IF/E,False,False,0.79,0.8800000000000001
2026-04-11,Allsvenskan Suecia 1a,2026,IFK GOTEBORG,BK HACKEN,0,2,0,1,A,19,12,7,7,8,19,9,3,3,6,1,0,590,272,5,7,68.0,32.0,1494123.0,,,,,,,,,,,,,,,,,,,,,,,,,,,,,,,,,,,,2,1,IFK,BK,1,12,2,0,3,0,1,14,7,BK/BK,False,False,0.5399999999999998,1.5699999999999994
2026-04-11,Allsvenskan Suecia 1a,2026,MJALLBY AIF,ORGRYTE IS,0,2,0,2,A,22,8,5,4,8,18,12,3,1,3,0,0,578,333,2,4,64.0,36.0,1494126.0,,,,,,,,,,,,,,,,,,,,,,,,,,,,,,,,,,,,2,2,MJA,ORG,0,15,2,0,3,0,1,15,9,ORG/ORG,False,False,0.9900000000000001,1.46
2026-04-11,Allsvenskan Suecia 1a,2026,VASTERAS SK FK,IF ELFSBORG,2,2,0,0,D,9,8,3,3,9,13,8,3,0,2,0,0,468,452,1,1,51.0,49.0,1494128.0,,,,,,,,,,,,,,,,,,,,,,,,,,,,,,,,,,,,4,0,VAS,IF,4,11,2,1,1,3,3,7,5,E/E,True,False,1.14,0.5899999999999999
2026-04-12,Allsvenskan Suecia 1a,2026,DJURGARDENS IF,KALMAR FF,3,2,2,2,H,21,10,9,5,10,15,5,4,1,0,0,0,635,258,3,5,71.0,29.0,1494122.0,,,,,,,,,,,,,,,,,,,,,,,,,,,,,,,,,,,,5,4,DJU,KAL,1,9,2,3,0,3,0,8,12,E/DJU,False,False,2.6699999999999995,0.4
2026-04-12,Allsvenskan Suecia 1a,2026,HALMSTAD,DEGERFORS IF,0,3,0,1,A,6,10,1,5,14,14,0,6,2,2,0,0,444,366,2,1,54.0,46.0,1494124.0,,,,,,,,,,,,,,,,,,,,,,,,,,,,,,,,,,,,3,1,HAL,DEG,2,6,2,0,3,0,0,11,14,DEG/DEG,False,False,-0.42000000000000004,2.3
2026-04-12,Allsvenskan Suecia 1a,2026,MALMO FF,GAIS,3,1,3,0,H,12,11,4,5,13,16,6,5,1,3,0,0,366,451,4,1,46.0,54.0,1494125.0,,,,,,,,,,,,,,,,,,,,,,,,,,,,,,,,,,,,4,3,MAL,GAI,1,11,2,3,0,1,0,11,12,MAL/MAL,False,False,1.9500000000000002,0.38
2026-04-13,Allsvenskan Suecia 1a,2026,IF BROMMAPOJKARNA,AIK STOCKHOLM,2,2,0,0,D,12,14,4,5,5,8,4,9,2,3,0,0,396,501,3,2,44.0,56.0,1494121.0,,,,,,,,,,,,,,,,,,,,,,,,,,,,,,,,,,,,4,0,IF,AIK,4,13,2,1,1,1,3,11,9,E/E,False,False,0.6700000000000002,1.1199999999999999
2026-04-13,Allsvenskan Suecia 1a,2026,SIRIUS,HAMMARBY FF,2,0,1,0,H,11,16,4,4,14,13,3,2,0,2,0,0,297,686,4,2,30.0,70.0,1494127.0,,,,,,,,,,,,,,,,,,,,,,,,,,,,,,,,,,,,2,1,SIR,HAM,1,5,2,3,0,3,3,8,9,SIR/SIR,False,False,2.0100000000000002,0.24
2026-04-17,Allsvenskan Suecia 1a,2026,DEGERFORS IF,IF ELFSBORG,0,1,0,0,A,11,6,2,3,15,17,7,1,5,3,0,0,478,251,2,2,66.0,34.0,1494130.0,,,,,,,,,,,,,,,,,,,,,,,,,,,,,,,,,,,,1,0,DEG,IF,1,8,3,0,3,3,4,10,4,E/IF,True,False,-0.020000000000000018,1.4599999999999997
2026-04-17,Allsvenskan Suecia 1a,2026,DJURGARDENS IF,MALMO FF,0,1,0,0,A,19,5,2,1,20,11,10,2,5,4,0,0,489,292,0,2,63.0,37.0,1494131.0,,,,,,,,,,,,,,,,,,,,,,,,,,,,,,,,,,,,1,0,DJU,MAL,1,12,3,0,3,6,4,3,4,E/MAL,True,True,0.20999999999999996,1.5499999999999998
2026-04-18,Allsvenskan Suecia 1a,2026,HALMSTAD,IFK GOTEBORG,1,1,0,0,D,11,16,3,3,17,18,3,2,1,1,0,0,325,535,2,2,38.0,62.0,1494133.0,,,,,,,,,,,,,,,,,,,,,,,,,,,,,,,,,,,,2,0,HAL,IFK,2,5,3,1,1,0,0,14,15,E/E,False,False,0.8099999999999999,0.7399999999999999
2026-04-18,Allsvenskan Suecia 1a,2026,HAMMARBY FF,ORGRYTE IS,8,1,4,1,H,33,12,17,4,8,9,6,6,0,1,0,0,582,360,3,9,62.0,38.0,1494134.0,,,,,,,,,,,,,,,,,,,,,,,,,,,,,,,,,,,,9,5,HAM,ORG,4,12,3,3,0,3,4,9,6,HAM/HAM,True,False,4.529999999999999,-0.17000000000000007
2026-04-18,Allsvenskan Suecia 1a,2026,MJALLBY AIF,IF BROMMAPOJKARNA,3,0,3,0,H,10,13,4,4,16,16,5,1,0,4,0,0,559,471,4,1,54.0,46.0,1494135.0,,,,,,,,,,,,,,,,,,,,,,,,,,,,,,,,,,,,3,3,MJA,IF,0,6,3,3,0,0,2,16,11,MJA/MJA,False,False,2.1300000000000003,-0.050000000000000044
2026-04-18,Allsvenskan Suecia 1a,2026,SIRIUS,VASTERAS SK FK,4,1,3,0,H,15,8,5,2,13,14,4,8,1,0,0,0,432,412,1,1,51.0,49.0,1494136.0,,,,,,,,,,,,,,,,,,,,,,,,,,,,,,,,,,,,5,3,SIR,VAS,2,12,3,3,0,6,4,4,8,SIR/SIR,False,True,2.09,0.37
2026-04-19,Allsvenskan Suecia 1a,2026,AIK STOCKHOLM,KALMAR FF,1,0,1,0,H,9,18,6,3,12,9,4,5,3,2,0,0,435,464,3,5,47.0,53.0,1494129.0,,,,,,,,,,,,,,,,,,,,,,,,,,,,,,,,,,,,1,1,AIK,KAL,0,9,3,3,0,4,0,7,15,AIK/AIK,False,False,2.05,0.11999999999999988
2026-04-19,Allsvenskan Suecia 1a,2026,BK HACKEN,GAIS,2,1,0,0,H,11,8,5,3,10,29,5,3,4,5,0,0,436,533,2,3,45.0,55.0,1494132.0,,,,,,,,,,,,,,,,,,,,,,,,,,,,,,,,,,,,3,0,BK,GAI,3,8,3,3,0,4,0,7,16,E/BK,False,False,1.8900000000000001,-0.25
2026-04-22,Allsvenskan Suecia 1a,2026,IF ELFSBORG,DJURGARDENS IF,2,1,1,1,H,9,19,3,5,16,6,2,7,3,2,0,0,207,679,4,1,24.0,76.0,1494138.0,,,,,,,,,,,,,,,,,,,,,,,,,,,,,,,,,,,,3,2,IF,DJU,1,9,4,3,0,7,6,4,7,E/IF,False,True,1.36,0.71
2026-04-22,Allsvenskan Suecia 1a,2026,HAMMARBY FF,HALMSTAD,1,1,0,1,D,20,9,4,3,13,14,9,0,2,3,0,0,751,222,2,3,77.0,23.0,1494140.0,,,,,,,,,,,,,,,,,,,,,,,,,,,,,,,,,,,,2,1,HAM,HAL,1,9,4,1,1,6,1,6,13,HAL/E,False,True,1.2000000000000002,0.27
2026-04-22,Allsvenskan Suecia 1a,2026,ORGRYTE IS,IF BROMMAPOJKARNA,1,2,0,1,A,12,6,3,2,11,10,2,1,2,1,0,0,521,476,0,2,53.0,47.0,1494143.0,,,,,,,,,,,,,,,,,,,,,,,,,,,,,,,,,,,,3,1,ORG,IF,2,3,4,0,3,4,2,9,12,IF/IF,False,False,0.22999999999999993,1.5599999999999998
2026-04-22,Allsvenskan Suecia 1a,2026,VASTERAS SK FK,BK HACKEN,3,3,2,1,D,15,15,7,4,15,7,5,9,3,2,0,0,362,510,1,4,41.0,59.0,1494144.0,,,,,,,,,,,,,,,,,,,,,,,,,,,,,,,,,,,,6,3,VAS,BK,3,14,4,1,1,4,7,9,4,VAS/E,True,False,1.12,0.8999999999999999
2026-04-23,Allsvenskan Suecia 1a,2026,DEGERFORS IF,AIK STOCKHOLM,2,1,1,1,H,11,9,2,3,17,13,4,7,3,4,0,0,326,384,2,1,46.0,54.0,1494137.0,,,,,,,,,,,,,,,,,,,,,,,,,,,,,,,,,,,,3,2,DEG,AIK,1,11,4,3,0,3,7,11,6,E/DEG,True,False,1.91,0.21999999999999997
2026-04-23,Allsvenskan Suecia 1a,2026,GAIS,MJALLBY AIF,0,0,0,0,D,25,13,8,3,10,8,7,2,0,2,0,0,389,502,3,7,45.0,55.0,1494139.0,,,,,,,,,,,,,,,,,,,,,,,,,,,,,,,,,,,,0,0,GAI,MJA,0,9,4,1,1,0,3,16,12,E/E,False,False,1.8599999999999999,0.3099999999999999
2026-04-23,Allsvenskan Suecia 1a,2026,KALMAR FF,IFK GOTEBORG,1,1,1,1,D,11,16,7,5,8,10,8,5,0,3,0,0,394,508,4,6,44.0,56.0,1494141.0,,,,,,,,,,,,,,,,,,,,,,,,,,,,,,,,,,,,2,2,KAL,IFK,0,13,4,1,1,0,1,16,15,E/E,False,False,1.6,0.6899999999999998
2026-04-23,Allsvenskan Suecia 1a,2026,MALMO FF,SIRIUS,2,3,0,1,A,15,16,5,4,17,15,4,3,2,2,0,0,472,352,1,3,57.0,43.0,1494142.0,,,,,,,,,,,,,,,,,,,,,,,,,,,,,,,,,,,,5,1,MAL,SIR,4,7,4,0,3,7,9,5,2,SIR/SIR,True,True,0.48999999999999994,2.2199999999999998
2026-04-26,Allsvenskan Suecia 1a,2026,IF BROMMAPOJKARNA,VASTERAS SK FK,1,2,1,1,A,16,15,5,6,9,14,6,6,0,1,0,0,452,435,4,4,52.0,48.0,1494146.0,,,,,,,,,,,,,,,,,,,,,,,,,,,,,,,,,,,,3,2,IF,VAS,1,12,5,0,3,5,5,10,9,E/VAS,False,False,0.63,2.23
2026-04-26,Allsvenskan Suecia 1a,2026,DJURGARDENS IF,HAMMARBY FF,1,1,1,0,D,6,16,3,4,20,8,1,2,1,1,0,0,326,541,3,2,38.0,62.0,1494147.0,,,,,,,,,,,,,,,,,,,,,,,,,,,,,,,,,,,,2,1,DJU,HAM,1,3,5,1,1,6,7,9,5,DJU/E,True,False,0.66,0.93
2026-04-26,Allsvenskan Suecia 1a,2026,IFK GOTEBORG,GAIS,2,2,1,0,D,12,11,7,3,10,21,4,3,2,2,0,0,278,463,1,5,38.0,62.0,1494148.0,,,,,,,,,,,,,,,,,,,,,,,,,,,,,,,,,,,,4,1,IFK,GAI,3,7,5,1,1,2,1,14,16,IFK/E,False,False,1.3399999999999999,0.4699999999999999
2026-04-27,Allsvenskan Suecia 1a,2026,AIK STOCKHOLM,MALMO FF,0,1,0,1,A,18,9,9,4,10,11,16,6,3,1,0,0,478,385,3,9,56.0,44.0,1494145.0,,,,,,,,,,,,,,,,,,,,,,,,,,,,,,,,,,,,1,1,AIK,MAL,0,22,5,0,3,7,7,7,6,MAL/MAL,True,False,1.53,1.53
2026-04-27,Allsvenskan Suecia 1a,2026,BK HACKEN,SIRIUS,2,2,2,1,D,11,20,4,5,11,17,3,11,0,1,0,0,409,504,3,2,45.0,55.0,1494149.0,,,,,,,,,,,,,,,,,,,,,,,,,,,,,,,,,,,,4,3,BK,SIR,1,14,5,1,1,8,12,5,1,BK/E,True,True,0.78,1.44
2026-04-27,Allsvenskan Suecia 1a,2026,KALMAR FF,IF ELFSBORG,2,1,1,1,H,8,6,4,2,15,11,1,3,3,4,0,0,451,516,1,2,46.0,54.0,1494150.0,,,,,,,,,,,,,,,,,,,,,,,,,,,,,,,,,,,,3,2,KAL,IF,1,4,5,3,0,1,10,16,2,E/KAL,True,False,2.1899999999999995,-0.17
2026-04-27,Allsvenskan Suecia 1a,2026,MJALLBY AIF,HALMSTAD,2,0,0,0,H,14,18,8,2,9,11,8,5,1,1,0,0,597,373,2,6,61.0,39.0,1494151.0,,,,,,,,,,,,,,,,,,,,,,,,,,,,,,,,,,,,2,0,MJA,HAL,2,13,5,3,0,4,2,12,16,E/MJA,False,False,2.8,-0.11000000000000004
2026-04-27,Allsvenskan Suecia 1a,2026,ORGRYTE IS,DEGERFORS IF,1,1,0,0,D,12,9,7,5,10,6,5,0,2,3,0,0,503,434,4,6,55.0,45.0,1494152.0,,,,,,,,,,,,,,,,,,,,,,,,,,,,,,,,,,,,2,0,ORG,DEG,2,5,5,1,1,4,6,13,10,E/E,False,False,1.35,0.4999999999999999
2026-05-02,Allsvenskan Suecia 1a,2026,DEGERFORS IF,BK HACKEN,1,1,0,1,D,11,15,3,3,21,8,3,5,1,2,0,0,312,438,2,2,42.0,58.0,1494153.0,,,,,,,,,,,,,,,,,,,,,,,,,,,,,,,,,,,,2,1,DEG,BK,1,8,6,1,1,7,9,7,4,BK/E,True,False,0.75,0.7899999999999998
2026-05-02,Allsvenskan Suecia 1a,2026,SIRIUS,KALMAR FF,3,2,0,2,H,15,17,7,6,6,20,6,6,1,3,0,0,494,374,3,4,57.0,43.0,1494160.0,,,,,,,,,,,,,,,,,,,,,,,,,,,,,,,,,,,,5,2,SIR,KAL,3,12,6,3,0,13,4,1,13,KAL/SIR,False,True,2.3299999999999996,0.4299999999999998
2026-05-03,Allsvenskan Suecia 1a,2026,IF ELFSBORG,AIK STOCKHOLM,1,1,1,1,D,11,12,3,5,12,10,4,5,0,1,0,0,361,584,4,2,38.0,62.0,1494155.0,,,,,,,,,,,,,,,,,,,,,,,,,,,,,,,,,,,,2,2,IF,AIK,0,9,6,1,1,10,7,4,8,E/E,False,True,0.7999999999999999,1.17
2026-05-03,Allsvenskan Suecia 1a,2026,GAIS,ORGRYTE IS,4,0,1,0,H,19,5,6,1,12,14,8,2,0,1,0,0,427,430,1,2,50.0,50.0,1494156.0,,,,,,,,,,,,,,,,,,,,,,,,,,,,,,,,,,,,4,1,GAI,ORG,3,10,6,3,0,2,5,15,12,GAI/GAI,False,False,2.71,-0.31000000000000005
2026-05-03,Allsvenskan Suecia 1a,2026,HAMMARBY FF,VASTERAS SK FK,3,0,0,0,H,33,5,9,0,9,13,7,0,1,2,0,0,544,359,0,6,61.0,39.0,1494158.0,,,,,,,,,,,,,,,,,,,,,,,,,,,,,,,,,,,,3,0,HAM,VAS,3,7,6,3,0,8,8,5,8,E/HAM,False,True,3.0999999999999996,-0.79
2026-05-03,Allsvenskan Suecia 1a,2026,MALMO FF,MJALLBY AIF,2,3,0,1,A,21,11,6,8,12,16,5,2,0,1,0,0,428,404,5,3,52.0,48.0,1494159.0,,,,,,,,,,,,,,,,,,,,,,,,,,,,,,,,,,,,5,1,MAL,MJA,4,7,6,0,3,10,7,5,10,MJA/MJA,False,True,0.7099999999999999,2.8000000000000003
2026-05-04,Allsvenskan Suecia 1a,2026,DJURGARDENS IF,IFK GOTEBORG,6,0,3,0,H,23,14,10,4,11,10,7,7,1,2,0,0,468,330,4,5,58.0,42.0,1494154.0,,,,,,,,,,,,,,,,,,,,,,,,,,,,,,,,,,,,6,3,DJU,IFK,3,14,6,3,0,7,3,10,15,DJU/DJU,False,False,2.9099999999999997,0.10999999999999999
2026-05-04,Allsvenskan Suecia 1a,2026,HALMSTAD,IF BROMMAPOJKARNA,1,3,0,0,A,14,16,1,5,7,12,4,5,3,3,0,1,453,461,2,1,50.0,50.0,1494157.0,,,,,,,,,,,,,,,,,,,,,,,,,,,,,,,,,,,,4,0,HAL,IF,4,9,6,0,3,2,5,16,12,E/IF,False,False,-0.30000000000000004,1.8200000000000003
2026-05-08,Allsvenskan Suecia 1a,2026,IF ELFSBORG,IF BROMMAPOJKARNA,2,0,0,0,H,13,14,6,4,7,6,5,8,2,0,0,0,584,401,4,4,59.0,41.0,1494163.0,,,,,,,,,,,,,,,,,,,,,,,,,,,,,,,,,,,,2,0,IF,IF,2,13,7,3,0,11,8,3,10,E/IF,False,True,2.0899999999999994,0.6
2026-05-09,Allsvenskan Suecia 1a,2026,DEGERFORS IF,MJALLBY AIF,1,4,0,3,A,17,10,3,6,16,12,3,5,1,2,0,0,405,574,2,2,42.0,58.0,1494162.0,,,,,,,,,,,,,,,,,,,,,,,,,,,,,,,,,,,,5,3,DEG,MJA,2,8,7,0,3,8,10,8,7,MJA/MJA,False,False,0.09999999999999992,2.2399999999999998
2026-05-09,Allsvenskan Suecia 1a,2026,IFK GOTEBORG,HAMMARBY FF,0,1,0,0,A,10,13,0,4,20,9,4,5,2,0,0,0,356,444,3,0,45.0,55.0,1494164.0,,,,,,,,,,,,,,,,,,,,,,,,,,,,,,,,,,,,1,0,IFK,HAM,1,9,7,0,3,3,11,15,4,E/HAM,True,False,-0.30000000000000004,2.27
2026-05-09,Allsvenskan Suecia 1a,2026,VASTERAS SK FK,GAIS,0,1,0,0,A,5,14,2,6,8,16,1,5,0,3,0,0,540,449,5,2,54.0,46.0,1494168.0,,,,,,,,,,,,,,,,,,,,,,,,,,,,,,,,,,,,1,0,VAS,GAI,1,6,7,0,3,8,5,11,12,E/GAI,False,False,-0.05000000000000006,2.2299999999999995
2026-05-10,Allsvenskan Suecia 1a,2026,AIK STOCKHOLM,DJURGARDENS IF,2,4,1,3,A,14,19,5,10,12,14,7,9,2,2,0,0,388,297,6,3,57.0,43.0,1494161.0,,,,,,,,,,,,,,,,,,,,,,,,,,,,,,,,,,,,6,4,AIK,DJU,2,16,7,0,3,8,10,9,5,DJU/DJU,True,False,0.22000000000000008,2.86
2026-05-10,Allsvenskan Suecia 1a,2026,BK HACKEN,MALMO FF,3,2,3,2,H,15,17,7,6,14,10,4,5,3,1,0,0,349,549,4,4,40.0,60.0,1494165.0,,,,,,,,,,,,,,,,,,,,,,,,,,,,,,,,,,,,5,5,BK,MAL,0,9,7,3,0,10,10,6,7,BK/BK,False,True,2.05,0.6199999999999999
2026-05-10,Allsvenskan Suecia 1a,2026,KALMAR FF,HALMSTAD,2,0,0,0,H,22,8,7,2,9,10,12,3,2,1,0,0,578,349,2,4,63.0,37.0,1494166.0,,,,,,,,,,,,,,,,,,,,,,,,,,,,,,,,,,,,2,0,KAL,HAL,2,15,7,3,0,4,2,14,16,E/KAL,False,False,2.7899999999999996,-0.24000000000000002
2026-05-11,Allsvenskan Suecia 1a,2026,SIRIUS,ORGRYTE IS,2,0,1,0,H,23,7,6,1,8,16,5,4,0,1,0,0,616,416,1,4,59.0,41.0,1494167.0,,,,,,,,,,,,,,,,,,,,,,,,,,,,,,,,,,,,2,1,SIR,ORG,1,9,7,3,0,16,5,1,14,SIR/SIR,False,True,2.52,-0.15000000000000005
2026-05-16,Allsvenskan Suecia 1a,2026,GAIS,DEGERFORS IF,1,1,1,0,D,15,9,1,2,15,9,6,3,1,2,0,0,416,534,1,0,44.0,56.0,1494171.0,,,,,,,,,,,,,,,,,,,,,,,,,,,,,,,,,,,,2,1,GAI,DEG,1,9,8,1,1,8,8,8,11,GAI/E,False,False,0.6900000000000001,0.5800000000000001
2026-05-16,Allsvenskan Suecia 1a,2026,HALMSTAD,IF ELFSBORG,1,1,1,0,D,11,13,3,2,14,5,2,8,1,1,0,0,332,653,1,2,34.0,66.0,1494172.0,,,,,,,,,,,,,,,,,,,,,,,,,,,,,,,,,,,,2,1,HAL,IF,1,10,8,1,1,2,14,16,3,HAL/E,True,False,0.69,0.91
2026-05-17,Allsvenskan Suecia 1a,2026,IF BROMMAPOJKARNA,KALMAR FF,1,0,1,0,H,7,23,3,8,10,13,4,3,4,0,0,0,527,575,7,2,47.0,53.0,1494169.0,,,,,,,,,,,,,,,,,,,,,,,,,,,,,,,,,,,,1,1,IF,KAL,0,7,8,3,0,8,7,11,13,IF/IF,False,False,1.2899999999999996,1.1199999999999997
2026-05-17,Allsvenskan Suecia 1a,2026,HAMMARBY FF,MALMO FF,4,1,3,1,H,28,10,12,3,13,16,10,3,0,2,0,0,480,469,2,8,51.0,49.0,1494173.0,,,,,,,,,,,,,,,,,,,,,,,,,,,,,,,,,,,,5,4,HAM,MAL,1,13,8,3,0,14,10,3,8,HAM/HAM,False,True,3.59,-0.40000000000000013
2026-05-17,Allsvenskan Suecia 1a,2026,MJALLBY AIF,BK HACKEN,0,1,0,0,A,6,18,4,5,14,19,5,7,1,3,1,0,342,479,4,4,42.0,58.0,1494174.0,,,,,,,,,,,,,,,,,,,,,,,,,,,,,,,,,,,,1,0,MJA,BK,1,12,8,0,3,13,13,6,5,E/BK,True,True,0.10999999999999999,2.5
2026-05-17,Allsvenskan Suecia 1a,2026,VASTERAS SK FK,AIK STOCKHOLM,1,1,1,1,D,16,11,3,5,15,15,6,4,2,6,0,0,490,357,4,2,58.0,42.0,1494176.0,,,,,,,,,,,,,,,,,,,,,,,,,,,,,,,,,,,,2,2,VAS,AIK,0,10,8,1,1,8,8,12,11,E/E,False,False,0.72,0.5800000000000001
2026-05-18,Allsvenskan Suecia 1a,2026,DJURGARDENS IF,SIRIUS,2,3,1,2,A,13,14,4,9,14,15,7,3,1,4,0,0,505,341,6,3,60.0,40.0,1494170.0,,,,,,,,,,,,,,,,,,,,,,,,,,,,,,,,,,,,5,3,DJU,SIR,2,10,8,0,3,13,19,5,1,SIR/SIR,True,True,0.33999999999999997,2.7599999999999993
2026-05-19,Allsvenskan Suecia 1a,2026,ORGRYTE IS,IFK GOTEBORG,2,3,1,2,A,11,25,2,8,14,12,6,6,2,3,0,0,341,403,3,0,46.0,54.0,1494175.0,,,,,,,,,,,,,,,,,,,,,,,,,,,,,,,,,,,,5,3,ORG,IFK,2,12,8,0,3,5,3,14,16,IFK/IFK,False,False,-0.12,2.4800000000000004
2026-05-20,Allsvenskan Suecia 1a,2026,GAIS,HAMMARBY FF,2,0,1,0,H,16,17,7,3,16,11,2,3,2,2,0,1,365,653,3,5,36.0,64.0,1494229.0,,,,,,,,,,,,,,,,,,,,,,,,,,,,,,,,,,,,2,1,GAI,HAM,1,5,9,3,0,9,17,9,2,GAI/GAI,True,False,2.7399999999999998,-0.24000000000000007
2026-05-21,Allsvenskan Suecia 1a,2026,IF ELFSBORG,MJALLBY AIF,1,1,1,0,D,13,10,4,3,10,11,4,3,1,3,0,0,403,541,2,3,43.0,57.0,1494228.0,,,,,,,,,,,,,,,,,,,,,,,,,,,,,,,,,,,,2,1,IF,MJA,1,7,9,1,1,15,13,4,6,IF/E,True,True,0.9900000000000001,0.52
2026-05-22,Allsvenskan Suecia 1a,2026,DJURGARDENS IF,IF BROMMAPOJKARNA,1,2,1,1,A,18,8,7,4,8,11,3,8,0,2,0,0,610,374,2,6,61.0,39.0,1494177.0,,,,,,,,,,,,,,,,,,,,,,,,,,,,,,,,,,,,3,2,DJU,IF,1,11,9,0,3,13,11,6,8,E/IF,False,True,0.84,2.3899999999999997
2026-05-23,Allsvenskan Suecia 1a,2026,HALMSTAD,ORGRYTE IS,2,0,1,0,H,21,15,4,7,19,11,3,5,2,3,0,0,474,432,5,2,53.0,47.0,1494180.0,,,,,,,,,,,,,,,,,,,,,,,,,,,,,,,,,,,,2,1,HAL,ORG,1,8,9,3,0,3,5,16,15,HAL/HAL,False,False,1.5999999999999999,0.74
2026-05-23,Allsvenskan Suecia 1a,2026,KALMAR FF,DEGERFORS IF,2,1,1,0,H,14,21,7,10,10,13,6,8,1,2,0,0,396,476,9,5,45.0,55.0,1494182.0,,,,,,,,,,,,,,,,,,,,,,,,,,,,,,,,,,,,3,1,KAL,DEG,2,14,9,3,0,7,9,13,11,KAL/KAL,False,False,2.0899999999999994,1.2299999999999998
2026-05-24,Allsvenskan Suecia 1a,2026,HAMMARBY FF,AIK STOCKHOLM,1,2,0,0,A,19,11,5,5,12,18,5,4,1,4,0,0,450,434,3,4,52.0,48.0,1494181.0,,,,,,,,,,,,,,,,,,,,,,,,,,,,,,,,,,,,3,0,HAM,AIK,3,9,10,0,3,17,9,2,11,E/AIK,False,True,0.5700000000000001,2.2
2026-05-24,Allsvenskan Suecia 1a,2026,MALMO FF,VASTERAS SK FK,2,3,1,2,A,9,9,4,3,18,13,2,3,3,1,0,0,564,362,0,2,61.0,39.0,1494183.0,,,,,,,,,,,,,,,,,,,,,,,,,,,,,,,,,,,,5,3,MAL,VAS,2,5,10,0,3,10,9,11,13,VAS/VAS,False,False,0.1899999999999999,1.7599999999999998
2026-05-24,Allsvenskan Suecia 1a,2026,SIRIUS,GAIS,2,1,2,1,H,15,9,6,4,11,11,7,4,0,3,1,0,391,504,3,4,44.0,56.0,1494184.0,,,,,,,,,,,,,,,,,,,,,,,,,,,,,,,,,,,,3,3,SIR,GAI,0,11,10,3,0,22,12,1,8,SIR/SIR,False,True,2.2199999999999998,0.05999999999999989
2026-05-25,Allsvenskan Suecia 1a,2026,IF ELFSBORG,BK HACKEN,1,1,0,1,D,9,18,5,4,13,7,1,6,1,3,0,0,350,592,3,4,37.0,63.0,1494178.0,,,,,,,,,,,,,,,,,,,,,,,,,,,,,,,,,,,,2,1,IF,BK,1,7,10,1,1,16,16,4,3,BK/E,True,True,0.8800000000000001,0.8300000000000001
2026-05-25,Allsvenskan Suecia 1a,2026,IFK GOTEBORG,MJALLBY AIF,1,1,0,0,D,19,13,8,5,14,12,2,3,6,3,0,0,375,417,4,7,48.0,52.0,1494179.0,,,,,,,,,,,,,,,,,,,,,,,,,,,,,,,,,,,,2,0,IFK,MJA,2,5,10,1,1,6,14,15,5,E/E,True,False,0.8899999999999999,0.6599999999999999
2026-05-29,Allsvenskan Suecia 1a,2026,ORGRYTE IS,IF ELFSBORG,2,2,0,1,D,10,8,2,4,11,11,4,2,1,2,0,0,458,445,2,0,51.0,49.0,1494191.0,,,,,,,,,,,,,,,,,,,,,,,,,,,,,,,,,,,,4,1,ORG,IF,3,6,11,1,1,5,17,16,4,IF/E,True,False,0.66,0.8200000000000001
2026-05-30,Allsvenskan Suecia 1a,2026,AIK STOCKHOLM,SIRIUS,0,3,0,2,A,19,11,4,6,12,13,9,3,4,3,0,0,451,344,3,4,57.0,43.0,1494185.0,,,,,,,,,,,,,,,,,,,,,,,,,,,,,,,,,,,,3,2,AIK,SIR,1,12,11,0,3,12,25,9,1,SIR/SIR,True,False,0.2899999999999999,1.8699999999999994
2026-05-30,Allsvenskan Suecia 1a,2026,GAIS,KALMAR FF,3,0,1,0,H,16,12,5,2,10,6,8,3,2,1,0,0,512,475,2,3,52.0,48.0,1494187.0,,,,,,,,,,,,,,,,,,,,,,,,,,,,,,,,,,,,3,1,GAI,KAL,2,11,11,3,0,12,10,8,11,GAI/GAI,False,False,2.2899999999999996,-0.06
2026-05-30,Allsvenskan Suecia 1a,2026,MALMO FF,HALMSTAD,5,2,2,2,H,19,14,10,6,13,11,4,5,1,0,0,0,610,303,4,5,66.0,34.0,1494189.0,,,,,,,,,,,,,,,,,,,,,,,,,,,,,,,,,,,,7,4,MAL,HAL,3,9,11,3,0,10,6,11,15,E/MAL,False,False,2.7,0.57
2026-05-31,Allsvenskan Suecia 1a,2026,DEGERFORS IF,IF BROMMAPOJKARNA,2,2,0,1,D,11,16,2,9,13,8,3,5,0,1,0,0,394,542,6,1,42.0,58.0,1494186.0,,,,,,,,,,,,,,,,,,,,,,,,,,,,,,,,,,,,4,1,DEG,IF,3,8,11,1,1,9,14,13,7,IF/E,False,False,0.4,1.8399999999999996
2026-05-31,Allsvenskan Suecia 1a,2026,BK HACKEN,HAMMARBY FF,3,2,0,2,H,20,16,7,7,11,8,7,8,3,2,0,0,388,504,5,3,44.0,56.0,1494188.0,,,,,,,,,,,,,,,,,,,,,,,,,,,,,,,,,,,,5,2,BK,HAM,3,15,11,3,0,17,17,4,3,HAM/BK,True,True,2.59,0.76
2026-05-31,Allsvenskan Suecia 1a,2026,VASTERAS SK FK,IFK GOTEBORG,4,5,2,4,A,20,11,6,6,6,16,7,3,0,2,0,0,462,316,1,2,60.0,40.0,1494192.0,,,,,,,,,,,,,,,,,,,,,,,,,,,,,,,,,,,,9,6,VAS,IFK,3,10,11,0,3,12,7,10,14,IFK/IFK,False,False,0.8899999999999999,1.9099999999999995
2026-07-03,Allsvenskan Suecia 1a,2026,SIRIUS,MJALLBY AIF,4,4,1,0,D,18,18,7,6,6,13,8,3,0,1,0,0,0,0,3,3,43.0,57.0,1494200.0,,,,,,,,,,,,,,,,,,,,,,,,,,,,,,,,,,,,8,1,SIR,MJA,7,11,12,1,1,28,15,1,6,SIR/E,True,True,1.5899999999999999,0.9399999999999998
2026-07-04,Allsvenskan Suecia 1a,2026,DEGERFORS IF,MALMO FF,0,1,0,0,A,7,15,0,3,12,13,7,4,1,2,0,0,346,583,2,0,38.0,62.0,1494194.0,,,,,,,,,,,,,,,,,,,,,,,,,,,,,,,,,,,,1,0,DEG,MAL,1,11,12,0,3,10,13,12,9,E/MAL,False,False,0.020000000000000004,1.8099999999999998
2026-07-04,Allsvenskan Suecia 1a,2026,HALMSTAD,VASTERAS SK FK,1,3,1,2,A,9,19,3,9,13,13,3,8,2,1,1,0,398,551,6,2,42.0,58.0,1494198.0,,,,,,,,,,,,,,,,,,,,,,,,,,,,,,,,,,,,4,3,HAL,VAS,1,11,12,0,3,6,12,15,11,VAS/VAS,False,False,-0.4600000000000001,2.9399999999999995
2026-07-05,Allsvenskan Suecia 1a,2026,IF ELFSBORG,HAMMARBY FF,1,2,0,0,A,14,19,5,10,9,8,3,8,1,1,0,0,432,594,8,4,43.0,57.0,1494195.0,,,,,,,,,,,,,,,,,,,,,,,,,,,,,,,,,,,,3,0,IF,HAM,3,11,12,0,3,18,17,3,4,E/HAM,True,True,0.14,3.4899999999999998
2026-07-05,Allsvenskan Suecia 1a,2026,IFK GOTEBORG,AIK STOCKHOLM,1,2,1,1,A,19,10,3,2,14,8,10,7,0,2,0,0,398,397,1,2,51.0,49.0,1494196.0,,,,,,,,,,,,,,,,,,,,,,,,,,,,,,,,,,,,3,2,IFK,AIK,1,17,12,0,3,10,12,14,11,E/AIK,False,False,0.71,1.6
2026-07-05,Allsvenskan Suecia 1a,2026,KALMAR FF,ORGRYTE IS,3,0,1,0,H,12,11,3,4,6,13,4,4,0,1,0,0,606,454,3,0,56.0,44.0,1494199.0,,,,,,,,,,,,,,,,,,,,,,,,,,,,,,,,,,,,3,1,KAL,ORG,2,8,12,3,0,10,6,12,16,KAL/KAL,False,False,1.8699999999999999,0.47
2026-07-06,Allsvenskan Suecia 1a,2026,IF BROMMAPOJKARNA,GAIS,1,1,1,1,D,10,22,2,6,5,8,3,8,0,2,0,0,505,602,5,1,45.0,55.0,1494193.0,,,,,,,,,,,,,,,,,,,,,,,,,,,,,,,,,,,,2,2,IF,GAI,0,11,12,1,1,15,15,8,7,E/E,False,False,0.49,1.4399999999999997
2026-07-06,Allsvenskan Suecia 1a,2026,BK HACKEN,DJURGARDENS IF,2,4,1,2,A,11,19,5,12,10,12,7,8,1,2,0,1,538,391,8,3,58.0,42.0,1494197.0,,,,,,,,,,,,,,,,,,,,,,,,,,,,,,,,,,,,6,3,BK,DJU,3,15,12,0,3,20,13,3,11,DJU/DJU,False,True,0.23999999999999996,3.3599999999999994
2026-07-11,Allsvenskan Suecia 1a,2026,MJALLBY AIF,AIK STOCKHOLM,1,2,0,0,A,28,7,7,3,15,13,5,2,4,0,0,0,543,352,1,6,61.0,39.0,1494206.0,,,,,,,,,,,,,,,,,,,,,,,,,,,,,,,,,,,,3,0,MJA,AIK,3,7,13,0,3,16,15,7,11,E/AIK,False,False,0.7099999999999999,1.5999999999999999
2026-07-11,Allsvenskan Suecia 1a,2026,ORGRYTE IS,BK HACKEN,4,3,1,2,H,14,18,5,9,13,13,5,8,2,2,0,0,374,595,5,1,39.0,61.0,1494207.0,,,,,,,,,,,,,,,,,,,,,,,,,,,,,,,,,,,,7,3,ORG,BK,4,13,13,3,0,6,20,16,3,BK/ORG,True,False,2.19,1.2
2026-07-12,Allsvenskan Suecia 1a,2026,IF BROMMAPOJKARNA,SIRIUS,1,2,0,2,A,10,13,4,6,7,17,5,7,0,1,0,0,658,522,3,3,56.0,44.0,1494201.0,,,,,,,,,,,,,,,,,,,,,,,,,,,,,,,,,,,,3,2,IF,SIR,1,12,13,0,3,16,29,10,1,SIR/SIR,True,False,0.4099999999999999,2.3499999999999996
2026-07-12,Allsvenskan Suecia 1a,2026,GAIS,IF ELFSBORG,1,0,0,0,H,14,17,5,4,8,4,6,6,3,0,0,0,415,589,4,3,41.0,59.0,1494203.0,,,,,,,,,,,,,,,,,,,,,,,,,,,,,,,,,,,,1,0,GAI,IF,1,12,13,3,0,16,18,7,4,E/GAI,True,False,2.4299999999999997,0.53
2026-07-12,Allsvenskan Suecia 1a,2026,HAMMARBY FF,KALMAR FF,2,0,1,0,H,18,10,6,0,12,11,5,1,2,0,0,0,645,514,0,5,56.0,44.0,1494204.0,,,,,,,,,,,,,,,,,,,,,,,,,,,,,,,,,,,,2,1,HAM,KAL,1,6,13,3,0,20,13,2,12,HAM/HAM,False,True,2.4299999999999997,-0.3500000000000001
2026-07-12,Allsvenskan Suecia 1a,2026,MALMO FF,IFK GOTEBORG,4,0,3,0,H,19,17,10,4,16,8,7,4,1,2,0,0,613,375,4,6,62.0,38.0,1494205.0,,,,,,,,,,,,,,,,,,,,,,,,,,,,,,,,,,,,4,3,MAL,IFK,1,11,13,3,0,16,10,9,14,MAL/MAL,False,False,2.9699999999999998,-0.040000000000000036
2026-07-12,Allsvenskan Suecia 1a,2026,VASTERAS SK FK,DEGERFORS IF,2,0,1,0,H,9,14,2,2,15,22,1,6,2,6,0,0,354,484,2,0,42.0,58.0,1494208.0,,,,,,,,,,,,,,,,,,,,,,,,,,,,,,,,,,,,2,1,VAS,DEG,1,7,13,3,0,15,10,11,13,VAS/VAS,False,False,1.43,-0.1200000000000001
2026-07-13,Allsvenskan Suecia 1a,2026,DJURGARDENS IF,HALMSTAD,3,0,2,0,H,17,12,9,2,6,11,10,7,0,1,0,0,594,329,2,6,64.0,36.0,1494202.0,,,,,,,,,,,,,,,,,,,,,,,,,,,,,,,,,,,,3,2,DJU,HAL,1,17,13,3,0,16,6,9,16,DJU/DJU,False,False,3.1099999999999994,-0.1
2026-07-17,Allsvenskan Suecia 1a,2026,IFK GOTEBORG,IF BROMMAPOJKARNA,2,1,0,0,H,28,6,8,1,14,8,10,5,1,1,0,1,453,482,0,6,49.0,51.0,1494211.0,,,,,,,,,,,,,,,,,,,,,,,,,,,,,,,,,,,,3,0,IFK,IF,3,15,14,3,0,10,16,14,11,E/IFK,False,False,2.95,-0.55
2026-07-17,Allsvenskan Suecia 1a,2026,MJALLBY AIF,VASTERAS SK FK,0,0,0,0,D,16,7,3,2,9,16,11,3,3,3,0,0,427,301,2,3,59.0,41.0,1494215.0,,,,,,,,,,,,,,,,,,,,,,,,,,,,,,,,,,,,0,0,MJA,VAS,0,14,14,1,1,16,18,10,8,E/E,False,False,1.0399999999999998,0.28
2026-07-18,Allsvenskan Suecia 1a,2026,AIK STOCKHOLM,GAIS,2,0,0,0,H,16,14,4,3,10,18,4,5,0,2,0,0,505,409,3,2,54.0,46.0,1494209.0,,,,,,,,,,,,,,,,,,,,,,,,,,,,,,,,,,,,2,0,AIK,GAI,2,9,14,3,0,18,19,9,5,E/AIK,True,False,2.5500000000000003,0.21999999999999992
2026-07-19,Allsvenskan Suecia 1a,2026,IF ELFSBORG,SIRIUS,1,3,0,0,A,19,18,3,9,13,12,6,4,2,3,0,0,481,517,6,4,49.0,51.0,1494210.0,,,,,,,,,,,,,,,,,,,,,,,,,,,,,,,,,,,,4,0,IF,SIR,4,10,14,0,3,18,32,9,1,E/SIR,True,False,0.019999999999999962,2.4799999999999995
2026-07-19,Allsvenskan Suecia 1a,2026,HALMSTAD,BK HACKEN,0,2,0,0,A,9,11,4,2,16,3,7,3,2,0,0,0,461,554,0,4,46.0,54.0,1494212.0,,,,,,,,,,,,,,,,,,,,,,,,,,,,,,,,,,,,2,0,HAL,BK,2,10,14,0,3,6,20,16,4,E/BK,True,False,0.5900000000000001,1.6099999999999999
2026-07-19,Allsvenskan Suecia 1a,2026,HAMMARBY FF,DEGERFORS IF,4,0,1,0,H,22,8,11,1,11,8,6,2,0,1,0,0,678,374,1,7,64.0,36.0,1494213.0,,,,,,,,,,,,,,,,,,,,,,,,,,,,,,,,,,,,4,1,HAM,DEG,3,8,14,3,0,23,10,2,14,HAM/HAM,False,True,3.3600000000000003,-0.52
2026-07-20,Allsvenskan Suecia 1a,2026,KALMAR FF,MALMO FF,2,2,2,1,D,11,17,4,3,8,15,2,5,0,3,0,0,321,732,1,2,31.0,69.0,1494214.0,,,,,,,,,,,,,,,,,,,,,,,,,,,,,,,,,,,,4,3,KAL,MAL,1,7,14,1,1,13,19,12,6,KAL/E,True,False,0.9500000000000001,0.6599999999999999
2026-07-20,Allsvenskan Suecia 1a,2026,ORGRYTE IS,DJURGARDENS IF,0,0,0,0,D,9,9,3,3,5,8,3,13,1,3,0,0,278,631,3,3,31.0,69.0,1494216.0,,,,,,,,,,,,,,,,,,,,,,,,,,,,,,,,,,,,0,0,ORG,DJU,0,16,14,1,1,9,19,15,6,E/E,True,False,0.59,1.0899999999999999
2026-07-24,Allsvenskan Suecia 1a,2026,VASTERAS SK FK,ORGRYTE IS,2,0,1,0,H,16,13,8,2,17,13,2,5,0,1,0,0,511,376,2,5,57.0,43.0,1494224.0,,,,,,,,,,,,,,,,,,,,,,,,,,,,,,,,,,,,2,1,VAS,ORG,1,7,15,3,0,19,10,8,15,VAS/VAS,False,False,2.6,0.009999999999999953
2026-07-25,Allsvenskan Suecia 1a,2026,DEGERFORS IF,DJURGARDENS IF,0,1,0,1,A,12,17,0,7,7,12,6,6,1,1,0,0,526,395,6,1,58.0,42.0,1494218.0,,,,,,,,,,,,,,,,,,,,,,,,,,,,,,,,,,,,1,1,DEG,DJU,0,12,15,0,3,10,20,14,6,DJU/DJU,True,False,-0.27,2.6299999999999994
2026-07-25,Allsvenskan Suecia 1a,2026,KALMAR FF,MJALLBY AIF,2,1,1,1,H,7,6,3,2,13,19,3,2,1,4,0,0,427,520,1,1,45.0,55.0,1494221.0,,,,,,,,,,,,,,,,,,,,,,,,,,,,,,,,,,,,3,2,KAL,MJA,1,5,15,3,0,14,17,12,10,E/KAL,False,False,1.8599999999999999,-0.21000000000000005
2026-07-26,Allsvenskan Suecia 1a,2026,IF BROMMAPOJKARNA,HAMMARBY FF,1,1,0,0,D,6,24,1,5,9,13,2,11,1,1,0,0,381,704,4,0,35.0,65.0,1494217.0,,,,,,,,,,,,,,,,,,,,,,,,,,,,,,,,,,,,2,0,IF,HAM,2,13,15,1,1,16,26,12,2,E/E,True,False,0.18000000000000002,1.6099999999999999
2026-07-26,Allsvenskan Suecia 1a,2026,GAIS,HALMSTAD,1,1,0,0,D,25,10,8,3,12,12,10,5,3,3,0,0,557,342,2,6,62.0,38.0,1494219.0,,,,,,,,,,,,,,,,,,,,,,,,,,,,,,,,,,,,2,0,GAI,HAL,2,15,15,1,1,19,6,8,16,E/E,False,False,1.6499999999999997,0.2999999999999998
2026-07-26,Allsvenskan Suecia 1a,2026,MALMO FF,IF ELFSBORG,1,2,1,2,A,12,9,1,4,18,9,5,3,4,1,1,0,588,388,2,0,61.0,39.0,1494222.0,,,,,,,,,,,,,,,,,,,,,,,,,,,,,,,,,,,,3,3,MAL,IF,0,8,15,0,3,20,18,7,9,IF/IF,False,False,-0.51,2.0
2026-07-26,Allsvenskan Suecia 1a,2026,SIRIUS,IFK GOTEBORG,4,1,2,1,H,13,12,7,4,7,16,4,4,1,4,0,0,448,576,3,3,44.0,56.0,1494223.0,,,,,,,,,,,,,,,,,,,,,,,,,,,,,,,,,,,,5,3,SIR,IFK,2,8,15,3,0,35,13,1,13,SIR/SIR,False,True,2.3699999999999997,-0.030000000000000082
2026-07-27,Allsvenskan Suecia 1a,2026,BK HACKEN,AIK STOCKHOLM,0,0,0,0,D,18,5,6,1,16,11,5,1,1,2,0,0,493,440,1,5,54.0,46.0,1494220.0,,,,,,,,,,,,,,,,,,,,,,,,,,,,,,,,,,,,0,0,BK,AIK,0,6,15,1,1,23,21,4,7,E/E,False,True,1.4799999999999998,0.09999999999999992
2026-08-01,Allsvenskan Suecia 1a,2026,BK HACKEN,KALMAR FF,1,1,1,1,D,10,12,1,6,17,14,5,6,3,0,0,0,472,436,5,0,52.0,48.0,1494231.0,,,,,,,,,,,,,,,,,,,,,,,,,,,,,,,,,,,,2,2,BK,KAL,0,11,16,1,1,24,17,3,11,E/E,False,True,0.17999999999999994,1.5499999999999998
2026-08-02,Allsvenskan Suecia 1a,2026,AIK STOCKHOLM,ORGRYTE IS,0,3,0,2,A,13,13,1,7,10,6,5,2,2,2,0,0,660,321,4,1,67.0,33.0,1494225.0,,,,,,,,,,,,,,,,,,,,,,,,,,,,,,,,,,,,3,2,AIK,ORG,1,7,16,0,3,22,10,6,15,ORG/ORG,False,True,-0.19000000000000006,2.8
2026-08-02,Allsvenskan Suecia 1a,2026,IF BROMMAPOJKARNA,MALMO FF,1,2,0,0,A,11,18,3,8,11,21,4,4,2,5,0,0,358,620,5,3,37.0,63.0,1494226.0,,,,,,,,,,,,,,,,,,,,,,,,,,,,,,,,,,,,3,0,IF,MAL,3,8,16,0,3,17,20,12,8,E/MAL,False,False,-0.030000000000000082,2.1700000000000004
2026-08-02,Allsvenskan Suecia 1a,2026,IFK GOTEBORG,DEGERFORS IF,2,0,1,0,H,20,11,6,4,15,13,8,7,2,2,0,0,435,390,4,4,52.0,48.0,1494230.0,,,,,,,,,,,,,,,,,,,,,,,,,,,,,,,,,,,,2,1,IFK,DEG,1,15,16,3,0,13,10,14,15,IFK/IFK,False,False,2.2599999999999993,0.28999999999999987
2026-08-03,Allsvenskan Suecia 1a,2026,DJURGARDENS IF,VASTERAS SK FK,6,0,3,0,H,18,13,11,10,8,15,5,1,0,3,0,0,432,474,10,5,48.0,52.0,1494227.0,,,,,,,,,,,,,,,,,,,,,,,,,,,,,,,,,,,,6,3,DJU,VAS,3,6,16,3,0,23,22,4,6,DJU/DJU,True,True,3.38,0.6
2026-08-03,Allsvenskan Suecia 1a,2026,HALMSTAD,SIRIUS,0,2,0,2,A,14,18,5,8,13,6,2,10,1,0,0,0,452,611,6,5,42.0,58.0,1494232.0,,,,,,,,,,,,,,,,,,,,,,,,,,,,,,,,,,,,2,2,HAL,SIR,0,12,16,0,3,7,38,16,1,SIR/SIR,True,False,0.14999999999999994,2.91
2026-08-08,Allsvenskan Suecia 1a,2026,MJALLBY AIF,IF ELFSBORG,0,1,0,1,A,9,23,4,7,9,10,2,5,1,0,0,0,452,549,7,6,46.0,54.0,1494237.0,,,,,,,,,,,,,,,,,,,,,,,,,,,,,,,,,,,,1,1,MJA,IF,0,7,16,0,3,17,21,11,8,IF/IF,False,False,0.14999999999999997,2.5599999999999996
2026-08-08,Allsvenskan Suecia 1a,2026,ORGRYTE IS,AIK STOCKHOLM,3,4,2,1,A,8,18,3,8,9,12,3,4,0,2,1,0,337,548,4,0,38.0,62.0,1494238.0,,,,,,,,,,,,,,,,,,,,,,,,,,,,,,,,,,,,7,3,ORG,AIK,4,7,17,0,3,13,22,14,7,ORG/AIK,False,False,-0.13000000000000006,2.49
2026-08-09,Allsvenskan Suecia 1a,2026,IFK GOTEBORG,KALMAR FF,3,2,1,1,H,18,7,7,3,6,15,13,1,1,2,0,0,502,455,1,5,52.0,48.0,1494233.0,,,,,,,,,,,,,,,,,,,,,,,,,,,,,,,,,,,,5,2,IFK,KAL,3,14,17,3,0,16,18,13,10,E/IFK,False,False,2.9299999999999997,-0.3100000000000001
2026-08-09,Allsvenskan Suecia 1a,2026,HALMSTAD,GAIS,0,2,0,0,A,16,13,6,6,11,10,7,7,0,1,0,0,326,552,6,6,38.0,62.0,1494234.0,,,,,,,,,,,,,,,,,,,,,,,,,,,,,,,,,,,,2,0,HAL,GAI,2,14,17,0,3,7,20,16,9,E/GAI,False,False,0.8099999999999999,2.2099999999999995
2026-08-09,Allsvenskan Suecia 1a,2026,HAMMARBY FF,BK HACKEN,3,0,2,0,H,16,1,9,0,13,17,12,2,1,1,0,0,620,345,0,6,64.0,36.0,1494235.0,,,,,,,,,,,,,,,,,,,,,,,,,,,,,,,,,,,,3,2,HAM,BK,1,14,17,3,0,27,25,2,4,HAM/HAM,True,True,3.8099999999999996,-0.69
2026-08-09,Allsvenskan Suecia 1a,2026,MALMO FF,DEGERFORS IF,1,2,0,1,A,14,5,2,3,17,18,5,4,1,3,0,0,660,223,1,3,74.0,26.0,1494236.0,,,,,,,,,,,,,,,,,,,,,,,,,,,,,,,,,,,,3,1,MAL,DEG,2,9,17,0,3,23,10,8,15,DEG/DEG,False,False,0.21999999999999995,1.6499999999999997
2026-08-10,Allsvenskan Suecia 1a,2026,SIRIUS,IF BROMMAPOJKARNA,2,2,2,2,D,20,11,9,4,18,14,8,4,2,3,0,0,505,447,2,7,53.0,47.0,1494239.0,,,,,,,,,,,,,,,,,,,,,,,,,,,,,,,,,,,,4,4,SIR,IF,0,12,17,1,1,41,17,1,13,E/E,False,True,1.7699999999999998,0.39
2026-08-10,Allsvenskan Suecia 1a,2026,VASTERAS SK FK,DJURGARDENS IF,1,0,1,0,H,5,11,2,5,12,14,4,7,1,2,0,0,320,612,5,1,34.0,66.0,1494240.0,,,,,,,,,,,,,,,,,,,,,,,,,,,,,,,,,,,,1,1,VAS,DJU,0,11,17,3,0,22,26,9,3,VAS/VAS,True,False,2.01,0.72
2026-08-14,Allsvenskan Suecia 1a,2026,IF ELFSBORG,VASTERAS SK FK,3,0,1,0,H,15,5,7,0,12,17,4,2,1,3,0,0,601,359,1,4,62.0,38.0,1494244.0,,,,,,,,,,,,,,,,,,,,,,,,,,,,,,,,,,,,3,1,IF,VAS,2,6,18,3,0,24,25,7,6,IF/IF,True,False,3.11,-0.6300000000000001
2026-08-15,Allsvenskan Suecia 1a,2026,MJALLBY AIF,SIRIUS,4,3,0,3,H,14,17,6,5,10,11,7,8,2,3,0,0,416,378,2,2,53.0,47.0,1494248.0,,,,,,,,,,,,,,,,,,,,,,,,,,,,,,,,,,,,7,3,MJA,SIR,4,15,18,3,0,17,42,13,1,SIR/MJA,True,False,2.6399999999999997,0.4099999999999999
2026-08-16,Allsvenskan Suecia 1a,2026,IF BROMMAPOJKARNA,ORGRYTE IS,3,1,1,0,H,20,11,4,3,10,9,8,7,0,3,0,0,628,456,2,1,57.0,43.0,1494241.0,,,,,,,,,,,,,,,,,,,,,,,,,,,,,,,,,,,,4,1,IF,ORG,3,15,18,3,0,18,13,13,15,IF/IF,False,False,2.21,0.1399999999999999
2026-08-16,Allsvenskan Suecia 1a,2026,DEGERFORS IF,IFK GOTEBORG,3,0,3,0,H,10,14,6,2,10,10,2,14,2,0,0,0,354,502,2,3,41.0,59.0,1494242.0,,,,,,,,,,,,,,,,,,,,,,,,,,,,,,,,,,,,3,3,DEG,IFK,0,16,18,3,0,13,19,14,12,DEG/DEG,False,False,1.9200000000000002,0.6599999999999999
2026-08-16,Allsvenskan Suecia 1a,2026,DJURGARDENS IF,AIK STOCKHOLM,1,3,0,3,A,15,11,3,4,15,17,5,1,1,5,0,0,540,331,1,2,63.0,37.0,1494243.0,,,,,,,,,,,,,,,,,,,,,,,,,,,,,,,,,,,,4,3,DJU,AIK,1,6,18,0,3,26,25,4,6,AIK/AIK,True,True,0.3799999999999999,1.9
2026-08-16,Allsvenskan Suecia 1a,2026,GAIS,MALMO FF,0,1,0,0,A,13,6,5,1,12,20,8,3,2,3,0,0,454,432,1,5,52.0,48.0,1494245.0,,,,,,,,,,,,,,,,,,,,,,,,,,,,,,,,,,,,1,0,GAI,MAL,1,11,18,0,3,23,23,8,9,E/MAL,False,False,0.8400000000000001,1.0899999999999999
2026-08-16,Allsvenskan Suecia 1a,2026,KALMAR FF,HAMMARBY FF,0,4,0,1,A,4,26,2,14,11,10,4,9,0,1,0,0,364,630,9,3,37.0,63.0,1494247.0,,,,,,,,,,,,,,,,,,,,,,,,,,,,,,,,,,,,4,1,KAL,HAM,3,13,18,0,3,18,30,13,2,HAM/HAM,True,False,-0.38000000000000006,3.77
2026-08-17,Allsvenskan Suecia 1a,2026,BK HACKEN,HALMSTAD,1,0,1,0,H,25,11,7,3,11,10,11,1,4,1,0,0,719,425,3,6,63.0,37.0,1494246.0,,,,,,,,,,,,,,,,,,,,,,,,,,,,,,,,,,,,1,1,BK,HAL,0,12,18,3,0,25,7,7,16,BK/BK,False,False,2.5300000000000002,-0.1700000000000001
2026-08-21,Allsvenskan Suecia 1a,2026,SIRIUS,BK HACKEN,0,3,0,1,A,9,12,2,4,14,10,4,7,2,1,0,0,476,568,1,3,47.0,53.0,1494255.0,,,,,,,,,,,,,,,,,,,,,,,,,,,,,,,,,,,,3,1,SIR,BK,2,11,19,0,3,42,28,1,3,BK/BK,True,True,-0.040000000000000036,2.67
2026-08-22,Allsvenskan Suecia 1a,2026,ORGRYTE IS,HALMSTAD,1,1,1,1,D,20,24,7,7,8,8,3,10,1,1,0,0,471,494,6,5,49.0,51.0,1494254.0,,,,,,,,,,,,,,,,,,,,,,,,,,,,,,,,,,,,2,2,ORG,HAL,0,13,19,1,1,13,7,15,16,E/E,False,False,1.05,1.5399999999999998
2026-08-23,Allsvenskan Suecia 1a,2026,IF BROMMAPOJKARNA,DEGERFORS IF,2,0,0,0,H,13,8,4,3,18,12,5,0,1,1,0,0,602,451,3,2,57.0,43.0,1494250.0,,,,,,,,,,,,,,,,,,,,,,,,,,,,,,,,,,,,2,0,IF,DEG,2,5,19,3,0,21,16,10,14,E/IF,False,False,2.1,0.04999999999999993
2026-08-23,Allsvenskan Suecia 1a,2026,IFK GOTEBORG,IF ELFSBORG,1,1,0,0,D,24,12,6,5,14,16,9,5,2,3,0,0,423,458,4,4,49.0,51.0,1494251.0,,,,,,,,,,,,,,,,,,,,,,,,,,,,,,,,,,,,2,0,IFK,IF,2,14,19,1,1,19,27,12,5,E/E,True,False,1.2999999999999998,0.72
2026-08-23,Allsvenskan Suecia 1a,2026,HAMMARBY FF,GAIS,2,0,2,0,H,28,9,7,1,12,18,8,1,0,2,0,0,697,356,1,5,66.0,34.0,1494252.0,,,,,,,,,,,,,,,,,,,,,,,,,,,,,,,,,,,,2,2,HAM,GAI,0,9,19,3,0,33,23,2,10,HAM/HAM,False,True,2.88,-0.51
2026-08-23,Allsvenskan Suecia 1a,2026,VASTERAS SK FK,KALMAR FF,0,0,0,0,D,9,17,2,5,14,13,5,2,2,1,0,0,445,476,5,2,49.0,51.0,1494256.0,,,,,,,,,,,,,,,,,,,,,,,,,,,,,,,,,,,,0,0,VAS,KAL,0,7,19,1,1,25,18,8,13,E/E,False,False,0.56,1.0499999999999998
2026-08-24,Allsvenskan Suecia 1a,2026,MALMO FF,DJURGARDENS IF,0,3,0,1,A,11,14,5,5,16,12,3,7,4,1,0,0,491,417,2,5,54.0,46.0,1494253.0,,,,,,,,,,,,,,,,,,,,,,,,,,,,,,,,,,,,3,1,MAL,DJU,2,10,19,0,3,26,26,7,6,DJU/DJU,True,False,0.10999999999999999,2.19
2026-08-29,Allsvenskan Suecia 1a,2026,IF ELFSBORG,DEGERFORS IF,2,0,1,0,H,13,6,5,1,11,12,8,6,0,2,0,0,585,376,1,3,61.0,39.0,1494259.0,,,,,,,,,,,,,,,,,,,,,,,,,,,,,,,,,,,,2,1,IF,DEG,1,14,20,3,0,28,16,5,14,IF/IF,False,True,2.48,-0.15999999999999998
2026-08-29,Allsvenskan Suecia 1a,2026,BK HACKEN,VASTERAS SK FK,1,3,0,2,A,16,16,8,8,12,14,5,3,2,1,1,0,500,536,5,7,49.0,51.0,1494262.0,,,,,,,,,,,,,,,,,,,,,,,,,,,,,,,,,,,,4,2,BK,VAS,2,8,20,0,3,31,26,4,8,VAS/VAS,False,True,0.5399999999999998,2.75
2026-08-29,Allsvenskan Suecia 1a,2026,HALMSTAD,KALMAR FF,1,0,0,0,H,14,15,5,3,10,9,8,8,2,1,0,0,411,530,3,4,44.0,56.0,1494263.0,,,,,,,,,,,,,,,,,,,,,,,,,,,,,,,,,,,,1,0,HAL,KAL,1,16,20,3,0,8,19,16,13,E/HAL,False,False,2.1399999999999997,0.33999999999999997
2026-08-30,Allsvenskan Suecia 1a,2026,AIK STOCKHOLM,HAMMARBY FF,3,2,1,2,H,11,32,6,12,16,11,1,7,4,1,0,0,391,510,10,3,43.0,57.0,1494257.0,,,,,,,,,,,,,,,,,,,,,,,,,,,,,,,,,,,,5,3,AIK,HAM,2,8,20,3,0,28,36,7,2,HAM/AIK,True,False,1.81,1.7299999999999998
2026-08-30,Allsvenskan Suecia 1a,2026,IFK GOTEBORG,ORGRYTE IS,1,0,0,0,H,20,13,5,5,11,14,11,5,2,0,0,0,445,401,5,3,52.0,48.0,1494261.0,,,,,,,,,,,,,,,,,,,,,,,,,,,,,,,,,,,,1,0,IFK,ORG,1,16,20,3,0,20,14,12,15,E/IFK,False,False,2.2499999999999996,0.53
2026-08-31,Allsvenskan Suecia 1a,2026,DJURGARDENS IF,MJALLBY AIF,4,0,3,0,H,16,3,8,0,9,20,4,1,0,1,0,0,758,350,0,3,68.0,32.0,1494258.0,,,,,,,,,,,,,,,,,,,,,,,,,,,,,,,,,,,,4,3,DJU,MJA,1,5,20,3,0,29,20,6,12,DJU/DJU,False,True,2.8800000000000003,-0.53
2026-08-31,Allsvenskan Suecia 1a,2026,GAIS,IF BROMMAPOJKARNA,4,0,2,0,H,18,7,9,1,17,13,7,4,1,3,0,0,502,423,3,5,55.0,45.0,1494260.0,,,,,,,,,,,,,,,,,,,,,,,,,,,,,,,,,,,,4,2,GAI,IF,2,11,20,3,0,23,24,10,9,GAI/GAI,False,False,2.9699999999999998,-0.54
2026-08-31,Allsvenskan Suecia 1a,2026,SIRIUS,MALMO FF,0,1,0,1,A,13,15,1,6,16,15,7,4,2,2,0,0,461,429,5,2,53.0,47.0,1494264.0,,,,,,,,,,,,,,,,,,,,,,,,,,,,,,,,,,,,1,1,SIR,MAL,0,11,20,0,3,42,26,1,9,MAL/MAL,False,True,-0.08000000000000003,2.71
2026-09-03,Allsvenskan Suecia 1a,2026,MJALLBY AIF,DJURGARDENS IF,0,2,0,0,A,12,13,4,5,13,14,0,3,2,2,0,0,551,441,3,4,55.0,45.0,1494190.0,,,,,,,,,,,,,,,,,,,,,,,,,,,,,,,,,,,,2,0,MJA,DJU,2,3,21,0,3,20,32,12,3,E/DJU,True,False,0.08999999999999997,1.9999999999999998
2026-08-28,Bundesliga,2026/2027,BAYERN MUNCHEN,VFB STUTTGART,5,1,1,0,H,21,11,9,4,10,17,9,3,1,3,0,0,548,368,3,5,59.0,41.0,1575140.0,,,,,,,,,,,,,,,,,,,,,,,,,,,,,,,,,,,,6,1,BAY,VFB,5,12,1,3,0,0,0,1,2,BAY/BAY,True,True,3.4399999999999995,-0.18000000000000005
2026-08-29,Bundesliga,2026/2027,BORUSSIA DORTMUND,HAMBURGER SV,2,0,2,0,H,20,8,6,3,13,19,3,1,2,1,1,0,538,419,3,5,56.0,44.0,1575142.0,,,,,,,,,,,,,,,,,,,,,,,,,,,,,,,,,,,,2,2,BOR,HAM,0,4,1,3,0,0,0,2,3,BOR/BOR,True,True,2.4299999999999997,0.0399999999999999
2026-08-29,Bundesliga,2026/2027,SV ELVERSBERG,BAYER LEVERKUSEN,3,2,2,0,H,11,21,6,4,18,15,4,3,3,2,0,0,293,582,2,3,33.0,67.0,1575143.0,,,,,,,,,,,,,,,,,,,,,,,,,,,,,,,,,,,,5,2,SV,BAY,3,7,1,3,0,0,0,3,4,SV/SV,True,True,2.54,0.16999999999999993
2026-08-29,Bundesliga,2026/2027,1. FC KOLN,1899 HOFFENHEIM,3,2,0,1,H,18,15,6,4,11,14,6,7,0,2,0,0,344,492,2,3,41.0,59.0,1575144.0,,,,,,,,,,,,,,,,,,,,,,,,,,,,,,,,,,,,5,1,1.,189,4,13,1,3,0,0,0,4,5,189/1.,True,True,2.86,0.3299999999999999
2026-08-29,Bundesliga,2026/2027,FSV MAINZ 05,SC PADERBORN 07,0,0,0,0,D,21,10,4,0,8,10,11,2,1,2,0,0,461,462,0,4,51.0,49.0,1575146.0,,,,,,,,,,,,,,,,,,,,,,,,,,,,,,,,,,,,0,0,FSV,PAD,0,13,1,1,1,0,0,5,6,E/E,True,True,1.51,-0.01999999999999999
2026-08-29,Bundesliga,2026/2027,RB LEIPZIG,BORUSSIA MONCHENGLADBACH,3,0,1,0,H,25,15,11,4,10,13,7,6,1,0,0,0,427,475,4,8,47.0,53.0,1575147.0,,,,,,,,,,,,,,,,,,,,,,,,,,,,,,,,,,,,3,1,RB,BOR,2,13,1,3,0,0,0,7,8,RB/RB,False,False,3.0799999999999996,0.20999999999999996
2026-08-29,Bundesliga,2026/2027,UNION BERLIN,EINTRACHT FRANKFURT,3,3,1,2,D,19,12,10,3,11,10,5,2,2,4,0,0,361,393,0,8,49.0,51.0,1575148.0,,,,,,,,,,,,,,,,,,,,,,,,,,,,,,,,,,,,6,3,UNI,EIN,3,7,1,1,1,0,0,8,9,EIN/E,False,False,1.86,0.04999999999999993
2026-08-30,Bundesliga,2026/2027,FC AUGSBURG,FC SCHALKE 04,3,0,1,0,H,24,11,13,5,5,6,11,3,1,0,0,1,415,469,4,10,48.0,52.0,1575141.0,,,,,,,,,,,,,,,,,,,,,,,,,,,,,,,,,,,,3,1,AUG,SCH,2,14,1,3,0,0,0,10,11,AUG/AUG,False,False,3.59,-0.22
2026-08-30,Bundesliga,2026/2027,SC FREIBURG,WERDER BREMEN,4,1,2,0,H,19,9,5,3,13,16,6,5,1,1,0,0,487,432,2,1,53.0,47.0,1575145.0,,,,,,,,,,,,,,,,,,,,,,,,,,,,,,,,,,,,5,2,FRE,WER,3,11,1,3,0,0,0,11,12,FRE/FRE,False,False,2.2,0.22999999999999995
2026-09-04,Bundesliga,2026/2027,VFB STUTTGART,1. FC KOLN,4,1,1,0,H,22,18,8,5,5,6,10,8,1,3,0,0,526,378,3,4,58.0,42.0,1575149.0,,,,,,,,,,,,,,,,,,,,,,,,,,,,,,,,,,,,5,1,VFB,1.,4,18,2,3,0,0,3,18,7,VFB/VFB,False,False,2.69,0.25
2026-09-05,Bundesliga,2026/2027,WERDER BREMEN,RB LEIPZIG,3,1,1,0,H,12,19,7,5,13,8,2,7,1,0,0,0,287,689,3,4,29.0,71.0,1575155.0,,,,,,,,,,,,,,,,,,,,,,,,,,,,,,,,,,,,4,1,WER,RB,3,9,2,3,0,0,3,16,3,WER/WER,True,False,2.6599999999999997,0.71
2026-09-05,Bundesliga,2026/2027,BORUSSIA MONCHENGLADBACH,SV ELVERSBERG,3,4,2,1,A,25,14,6,10,18,9,13,4,3,1,0,0,365,363,6,2,52.0,48.0,1575153.0,,,,,,,,,,,,,,,,,,,,,,,,,,,,,,,,,,,,7,3,BOR,SV,4,17,2,0,3,0,3,17,6,BOR/SV,True,False,0.6699999999999998,2.5400000000000005
2026-09-05,Bundesliga,2026/2027,1899 HOFFENHEIM,BORUSSIA DORTMUND,2,3,1,0,A,18,11,6,4,13,7,10,3,4,2,0,0,490,329,2,4,60.0,40.0,1575150.0,,,,,,,,,,,,,,,,,,,,,,,,,,,,,,,,,,,,5,1,189,BOR,4,13,2,0,3,0,3,15,5,189/BOR,True,False,0.7399999999999999,1.5500000000000003
2026-09-05,Bundesliga,2026/2027,BAYER LEVERKUSEN,UNION BERLIN,4,0,2,0,H,21,5,10,0,11,12,11,1,2,2,0,0,580,325,0,6,64.0,36.0,1575151.0,,,,,,,,,,,,,,,,,,,,,,,,,,,,,,,,,,,,4,2,BAY,UNI,2,12,2,3,0,0,1,14,10,BAY/BAY,False,False,3.3299999999999996,-0.8700000000000001
2026-09-05,Bundesliga,2026/2027,SC PADERBORN 07,SC FREIBURG,0,1,0,1,A,14,16,3,5,16,10,5,4,3,3,0,0,533,362,4,3,59.0,41.0,1575157.0,,,,,,,,,,,,,,,,,,,,,,,,,,,,,,,,,,,,1,1,PAD,FRE,0,9,2,0,3,1,3,13,5,FRE/FRE,True,False,0.0699999999999999,1.9000000000000001
2026-09-05,Bundesliga,2026/2027,FC SCHALKE 04,BAYERN MUNCHEN,0,0,0,0,D,4,15,1,5,5,12,0,11,2,2,0,0,183,914,5,1,17.0,83.0,1575156.0,,,,,,,,,,,,,,,,,,,,,,,,,,,,,,,,,,,,0,0,SCH,BAY,0,11,2,1,1,0,3,17,4,E/E,True,False,-0.01999999999999999,1.55
2026-07-31,Bundesliga Austria,2026/2027,LASK LINZ,GRAZER AK,3,0,2,0,H,23,4,10,1,12,13,6,2,0,2,0,0,551,387,1,7,59.0,41.0,1561894.0,,,,,,,,,,,,,,,,,,,,,,,,,,,,,,,,,,,,3,2,LAS,GRA,1,8,1,3,0,0,0,1,2,LAS/LAS,True,True,3.71,-0.5700000000000001
2026-08-01,Bundesliga Austria,2026/2027,WSG WATTENS,STURM GRAZ,1,1,1,1,D,8,15,1,6,11,14,1,6,1,4,0,0,308,410,5,0,42.0,58.0,1561895.0,,,,,,,,,,,,,,,,,,,,,,,,,,,,,,,,,,,,2,2,WSG,STU,0,7,1,1,1,0,0,2,3,E/E,True,True,0.17999999999999997,1.23
2026-08-01,Bundesliga Austria,2026/2027,RED BULL SALZBURG,TSV HARTBERG,1,0,0,0,H,36,4,7,1,3,9,19,2,0,0,0,0,652,254,1,6,73.0,27.0,1561896.0,,,,,,,,,,,,,,,,,,,,,,,,,,,,,,,,,,,,1,0,RED,TSV,1,21,1,3,0,0,0,4,5,E/RED,True,True,3.91,-0.48000000000000004
2026-08-02,Bundesliga Austria,2026/2027,AUSTRIA LUSTENAU,RIED,1,1,1,1,D,13,24,4,7,8,14,4,9,2,2,0,0,297,426,5,3,41.0,59.0,1561897.0,,,,,,,,,,,,,,,,,,,,,,,,,,,,,,,,,,,,2,2,AUS,RIE,0,13,1,1,1,0,0,5,6,E/E,True,True,0.5700000000000001,1.52
2026-08-02,Bundesliga Austria,2026/2027,WOLFSBERGER AC,AUSTRIA VIENNA,3,0,1,0,H,8,7,5,1,10,10,5,3,1,1,0,0,390,426,1,2,47.0,53.0,1561898.0,,,,,,,,,,,,,,,,,,,,,,,,,,,,,,,,,,,,3,1,WOL,AUS,2,8,1,3,0,0,0,7,8,WOL/WOL,False,False,2.29,-0.15
2026-08-02,Bundesliga Austria,2026/2027,RAPID VIENNA,SCR ALTACH,1,0,1,0,H,18,6,4,2,9,13,6,5,0,2,0,0,576,455,2,3,56.0,44.0,1561899.0,,,,,,,,,,,,,,,,,,,,,,,,,,,,,,,,,,,,1,1,RAP,SCR,0,11,1,3,0,0,0,8,9,RAP/RAP,False,False,2.1999999999999997,0.02999999999999997
2026-08-07,Bundesliga Austria,2026/2027,SCR ALTACH,WSG WATTENS,3,1,1,1,H,13,10,5,2,12,8,3,5,1,1,0,0,449,378,1,3,54.0,46.0,1561900.0,,,,,,,,,,,,,,,,,,,,,,,,,,,,,,,,,,,,4,2,SCR,WSG,2,8,2,3,0,0,1,10,5,E/SCR,True,False,2.5999999999999996,0.13999999999999999
2026-08-08,Bundesliga Austria,2026/2027,GRAZER AK,AUSTRIA LUSTENAU,2,1,1,0,H,12,16,6,3,12,5,5,6,1,2,0,0,453,346,2,4,56.0,44.0,1561901.0,,,,,,,,,,,,,,,,,,,,,,,,,,,,,,,,,,,,3,1,GRA,AUS,2,11,2,3,0,0,1,11,7,GRA/GRA,False,False,2.28,0.14999999999999997
2026-08-08,Bundesliga Austria,2026/2027,TSV HARTBERG,STURM GRAZ,0,2,0,0,A,6,20,2,5,15,10,3,9,2,1,1,0,334,378,4,2,46.0,54.0,1561902.0,,,,,,,,,,,,,,,,,,,,,,,,,,,,,,,,,,,,2,0,TSV,STU,2,12,2,0,3,0,1,11,7,E/STU,False,False,-0.43,2.44
2026-08-09,Bundesliga Austria,2026/2027,RIED,RAPID VIENNA,1,2,0,1,A,18,12,9,3,11,5,3,4,1,1,0,0,431,508,1,8,46.0,54.0,1561903.0,,,,,,,,,,,,,,,,,,,,,,,,,,,,,,,,,,,,3,1,RIE,RAP,2,7,2,0,3,1,3,8,6,RAP/RAP,True,False,1.1699999999999995,1.5399999999999998
2026-08-09,Bundesliga Austria,2026/2027,WOLFSBERGER AC,RED BULL SALZBURG,1,1,0,0,D,11,18,1,10,19,2,4,8,5,1,0,0,245,524,9,0,33.0,67.0,1561904.0,,,,,,,,,,,,,,,,,,,,,,,,,,,,,,,,,,,,2,0,WOL,RED,2,12,2,1,1,3,3,4,6,E/E,True,True,-0.30999999999999994,2.17
2026-08-09,Bundesliga Austria,2026/2027,AUSTRIA VIENNA,LASK LINZ,0,2,0,0,A,6,21,1,6,13,10,2,11,2,2,1,0,358,468,5,1,43.0,57.0,1561905.0,,,,,,,,,,,,,,,,,,,,,,,,,,,,,,,,,,,,2,0,AUS,LAS,2,13,2,0,3,0,3,12,5,E/LAS,True,False,-0.72,2.66
2026-08-14,Bundesliga Austria,2026/2027,LASK LINZ,RIED,4,1,3,1,H,15,6,8,2,6,14,6,0,0,3,1,0,399,395,1,4,50.0,50.0,1561906.0,,,,,,,,,,,,,,,,,,,,,,,,,,,,,,,,,,,,5,4,LAS,RIE,1,6,3,3,0,6,1,1,9,LAS/LAS,False,True,2.6500000000000004,-0.52
2026-08-15,Bundesliga Austria,2026/2027,AUSTRIA LUSTENAU,WOLFSBERGER AC,2,1,2,1,H,20,14,6,4,11,11,6,4,2,1,0,0,297,505,3,4,37.0,63.0,1561907.0,,,,,,,,,,,,,,,,,,,,,,,,,,,,,,,,,,,,3,3,AUS,WOL,0,10,3,3,0,1,4,8,3,AUS/AUS,True,False,2.7199999999999998,0.2799999999999999
2026-08-15,Bundesliga Austria,2026/2027,STURM GRAZ,SCR ALTACH,1,0,0,0,H,17,10,2,4,6,8,12,7,0,2,0,0,343,319,4,1,53.0,47.0,1561908.0,,,,,,,,,,,,,,,,,,,,,,,,,,,,,,,,,,,,1,0,STU,SCR,1,19,3,3,0,4,3,4,7,E/STU,False,True,2.06,0.4100000000000001
2026-08-16,Bundesliga Austria,2026/2027,TSV HARTBERG,AUSTRIA VIENNA,0,2,0,1,A,12,13,3,4,12,9,8,4,2,1,0,0,488,391,2,3,56.0,44.0,1561909.0,,,,,,,,,,,,,,,,,,,,,,,,,,,,,,,,,,,,2,1,TSV,AUS,1,12,3,0,3,0,0,11,12,AUS/AUS,False,False,0.36999999999999994,1.8900000000000003
2026-08-16,Bundesliga Austria,2026/2027,WSG WATTENS,RED BULL SALZBURG,0,3,0,2,A,14,22,5,12,9,8,2,7,3,0,0,0,390,627,9,4,39.0,61.0,1561910.0,,,,,,,,,,,,,,,,,,,,,,,,,,,,,,,,,,,,3,2,WSG,RED,1,9,3,0,3,1,4,10,5,RED/RED,True,False,-0.19000000000000014,3.36
2026-08-16,Bundesliga Austria,2026/2027,RAPID VIENNA,GRAZER AK,8,0,5,0,H,28,9,17,2,5,19,8,1,0,4,0,0,782,292,2,8,72.0,28.0,1561911.0,,,,,,,,,,,,,,,,,,,,,,,,,,,,,,,,,,,,8,5,RAP,GRA,3,9,3,3,0,6,3,4,8,RAP/RAP,False,True,4.33,-1.06
2026-08-21,Bundesliga Austria,2026/2027,RIED,GRAZER AK,1,0,1,0,H,17,15,3,3,15,10,7,4,3,4,0,0,392,461,3,2,46.0,54.0,1561912.0,,,,,,,,,,,,,,,,,,,,,,,,,,,,,,,,,,,,1,1,RIE,GRA,0,11,4,3,0,1,3,10,9,RIE/RIE,False,False,1.7699999999999998,-0.04000000000000009
2026-08-22,Bundesliga Austria,2026/2027,SCR ALTACH,TSV HARTBERG,1,2,0,1,A,18,11,5,5,5,11,11,2,0,3,0,0,517,375,3,4,59.0,41.0,1561913.0,,,,,,,,,,,,,,,,,,,,,,,,,,,,,,,,,,,,3,1,SCR,TSV,2,13,4,0,3,3,0,8,12,TSV/TSV,False,False,1.01,1.58
2026-08-22,Bundesliga Austria,2026/2027,STURM GRAZ,AUSTRIA LUSTENAU,1,1,0,1,D,13,17,4,6,10,10,10,8,3,3,0,1,459,261,5,2,63.0,37.0,1561914.0,,,,,,,,,,,,,,,,,,,,,,,,,,,,,,,,,,,,2,1,STU,AUS,1,18,4,1,1,7,4,4,6,AUS/E,True,True,0.8400000000000001,0.8500000000000001
2026-08-28,Bundesliga Austria,2026/2027,AUSTRIA LUSTENAU,WSG WATTENS,0,4,0,1,A,8,14,2,6,12,9,8,12,2,1,0,0,406,390,2,2,52.0,48.0,1561918.0,,,,,,,,,,,,,,,,,,,,,,,,,,,,,,,,,,,,4,1,AUS,WSG,3,20,5,0,3,5,1,5,12,WSG/WSG,False,True,-0.040000000000000036,3.1399999999999997
2026-08-29,Bundesliga Austria,2026/2027,GRAZER AK,WOLFSBERGER AC,0,0,0,0,D,27,5,7,1,14,12,11,4,3,3,0,1,491,225,1,6,70.0,30.0,1561919.0,,,,,,,,,,,,,,,,,,,,,,,,,,,,,,,,,,,,0,0,GRA,WOL,0,15,5,1,1,3,4,12,6,E/E,True,False,1.6699999999999997,-0.27
2026-08-29,Bundesliga Austria,2026/2027,LASK LINZ,SCR ALTACH,3,0,2,0,H,21,7,10,2,9,15,4,0,2,4,0,0,527,388,2,7,58.0,42.0,1561920.0,,,,,,,,,,,,,,,,,,,,,,,,,,,,,,,,,,,,3,2,LAS,SCR,1,4,5,3,0,9,3,2,10,LAS/LAS,False,True,2.9,-0.68
2026-08-30,Bundesliga Austria,2026/2027,TSV HARTBERG,RIED,3,2,2,1,H,14,17,5,4,12,7,3,4,1,2,0,0,339,477,2,2,41.0,59.0,1561921.0,,,,,,,,,,,,,,,,,,,,,,,,,,,,,,,,,,,,5,3,TSV,RIE,2,7,5,3,0,3,4,12,8,TSV/TSV,False,False,2.0199999999999996,0.29000000000000004
2026-08-30,Bundesliga Austria,2026/2027,RAPID VIENNA,STURM GRAZ,3,1,2,1,H,16,19,6,5,5,11,6,4,2,3,0,1,444,360,4,3,55.0,45.0,1561922.0,,,,,,,,,,,,,,,,,,,,,,,,,,,,,,,,,,,,4,3,RAP,STU,1,10,5,3,0,9,8,2,3,RAP/RAP,True,True,2.67,-0.02000000000000013
2026-08-30,Bundesliga Austria,2026/2027,RED BULL SALZBURG,AUSTRIA VIENNA,4,1,3,0,H,12,8,5,3,3,7,7,4,1,1,0,0,806,331,2,2,70.0,30.0,1561923.0,,,,,,,,,,,,,,,,,,,,,,,,,,,,,,,,,,,,5,3,RED,AUS,2,11,5,3,0,7,3,4,11,RED/RED,False,True,2.27,0.15999999999999995
2026-09-01,Bundesliga Austria,2026/2027,WOLFSBERGER AC,LASK LINZ,1,3,1,0,A,7,25,2,6,5,13,1,14,1,3,1,0,213,599,3,1,35.0,65.0,1561915.0,,,,,,,,,,,,,,,,,,,,,,,,,,,,,,,,,,,,4,1,WOL,LAS,3,15,6,0,3,5,12,6,2,WOL/LAS,True,True,-0.5800000000000001,3.1799999999999997
2026-09-02,Bundesliga Austria,2026/2027,AUSTRIA VIENNA,WSG WATTENS,0,1,0,0,A,6,11,3,3,10,6,8,2,3,2,0,0,469,510,1,3,54.0,46.0,1561916.0,,,,,,,,,,,,,,,,,,,,,,,,,,,,,,,,,,,,1,0,AUS,WSG,1,10,6,0,3,3,4,12,8,E/WSG,False,False,0.3599999999999999,1.54
2026-09-02,Bundesliga Austria,2026/2027,RED BULL SALZBURG,RAPID VIENNA,5,1,3,0,H,16,17,9,4,8,8,2,7,0,1,0,0,559,558,3,4,57.0,43.0,1561917.0,,,,,,,,,,,,,,,,,,,,,,,,,,,,,,,,,,,,6,3,RED,RAP,3,9,6,3,0,10,12,3,2,RED/RED,True,True,3.1099999999999994,0.36
2026-08-21,Challenger Pro League Belgica 2da,2026/2027,LOKEREN-TEMSE,AS EUPEN,2,1,1,0,H,15,16,7,4,17,14,5,8,3,4,0,1,377,345,4,5,51.0,49.0,1559135.0,,,,,,,,,,,,,,,,,,,,,,,,,,,,,,,,,,,,3,1,LOK,EUP,2,13,1,3,0,0,0,1,2,LOK/LOK,True,True,2.6399999999999997,-0.10000000000000009
2026-08-21,Challenger Pro League Belgica 2da,2026/2027,RSC ANDERLECHT II,EXCELSIOR VIRTON,0,1,0,1,A,13,15,3,5,6,7,5,4,1,1,0,0,623,409,4,3,60.0,40.0,1559134.0,,,,,,,,,,,,,,,,,,,,,,,,,,,,,,,,,,,,1,1,RSC,EXC,0,9,1,0,3,0,0,2,3,EXC/EXC,True,True,0.2699999999999999,2.6
2026-08-29,Challenger Pro League Belgica 2da,2026/2027,RSC ANDERLECHT II,BEERSCHOT VA,0,1,0,1,A,17,10,3,6,20,8,10,5,5,2,0,1,440,367,6,3,53.0,47.0,1559143.0,,,,,,,,,,,,,,,,,,,,,,,,,,,,,,,,,,,,1,1,RSC,BEE,0,15,2,0,3,0,0,13,5,BEE/BEE,True,False,0.04999999999999993,1.8499999999999996
2026-08-29,Challenger Pro League Belgica 2da,2026/2027,LIEGE,DENDER,1,2,1,1,A,8,15,2,7,11,19,4,9,1,2,0,0,550,373,5,1,58.0,42.0,1559144.0,,,,,,,,,,,,,,,,,,,,,,,,,,,,,,,,,,,,3,2,LIE,DEN,1,13,1,0,3,0,0,3,4,E/DEN,True,True,-0.13000000000000003,3.1199999999999997
2026-08-29,Challenger Pro League Belgica 2da,2026/2027,PATRO EISDEN,CLUB BRUGGE II,1,2,0,1,A,10,7,3,3,17,14,2,1,1,3,0,0,248,618,1,2,29.0,71.0,1559145.0,,,,,,,,,,,,,,,,,,,,,,,,,,,,,,,,,,,,3,1,PAT,BRU,2,3,1,0,3,0,0,4,5,BRU/BRU,True,True,0.2799999999999999,2.01
2026-09-04,Challenger Pro League Belgica 2da,2026/2027,BEERSCHOT VA,PATRO EISDEN,4,2,1,1,H,25,6,12,3,5,14,9,2,2,1,0,1,576,240,0,9,70.0,30.0,1559148.0,,,,,,,,,,,,,,,,,,,,,,,,,,,,,,,,,,,,6,2,BEE,PAT,4,11,3,3,0,3,0,5,12,E/BEE,False,True,3.36,-0.5800000000000001
2026-09-04,Challenger Pro League Belgica 2da,2026/2027,DENDER,SERAING UNITED,2,0,1,0,H,9,12,3,1,20,13,4,4,2,3,0,0,418,456,1,1,48.0,52.0,1559149.0,,,,,,,,,,,,,,,,,,,,,,,,,,,,,,,,,,,,2,1,DEN,SER,1,8,3,3,0,3,0,3,6,DEN/DEN,True,True,2.3200000000000003,-0.18000000000000005
2026-09-05,Challenger Pro League Belgica 2da,2026/2027,KAA GENT II,RSC ANDERLECHT II,2,2,2,1,D,12,18,4,7,15,13,1,7,0,1,0,0,420,462,5,2,46.0,54.0,1559151.0,,,,,,,,,,,,,,,,,,,,,,,,,,,,,,,,,,,,4,3,KAA,RSC,1,8,3,1,1,0,0,6,11,KAA/E,False,True,0.66,1.58
2026-09-05,Challenger Pro League Belgica 2da,2026/2027,CLUB BRUGGE II,AS EUPEN,0,1,0,0,A,0,1,0,1,0,0,3,3,4,3,0,0,0,0,0,0,44.0,56.0,1559150.0,,,,,,,,,,,,,,,,,,,,,,,,,,,,,,,,,,,,1,0,BRU,EUP,1,6,3,0,3,3,0,4,10,E/EUP,False,True,-0.36,1.9399999999999997
2026-09-05,Challenger Pro League Belgica 2da,2026/2027,KRC GENK II,SPORTING HASSELT,3,0,2,0,H,13,22,9,7,9,7,3,3,0,1,0,0,350,604,7,6,37.0,63.0,1559152.0,,,,,,,,,,,,,,,,,,,,,,,,,,,,,,,,,,,,3,2,KRC,SPO,1,6,3,3,0,0,0,9,10,KRC/KRC,False,False,2.5899999999999994,0.5900000000000002
2026-08-14,Championship,2026/2027,WOLVES,BLACKBURN,2,2,1,1,D,18,10,3,5,10,16,5,5,1,3,0,0,501,399,3,1,55.0,45.0,1563083.0,,,,,,,,,,,,,,,,,,,,,,,,,,,,,,,,,,,,4,2,WOL,BLA,2,10,1,1,1,0,0,1,2,E/E,True,True,0.75,0.95
2026-08-15,Championship,2026/2027,BOLTON,PRESTON,2,1,2,0,H,15,10,6,3,12,11,5,2,2,3,0,0,402,330,2,3,55.0,45.0,1563084.0,,,,,,,,,,,,,,,,,,,,,,,,,,,,,,,,,,,,3,2,BOL,PRE,1,7,1,3,0,0,0,3,4,BOL/BOL,True,True,2.76,-0.15000000000000013
2026-08-15,Championship,2026/2027,BRISTOL CITY,MILLWALL,0,2,0,1,A,8,24,0,3,8,12,6,6,2,2,1,0,263,513,2,0,34.0,66.0,1563085.0,,,,,,,,,,,,,,,,,,,,,,,,,,,,,,,,,,,,2,1,BRI,MIL,1,12,1,0,3,0,0,4,5,MIL/MIL,True,True,-0.42,2.4299999999999997
2026-08-15,Championship,2026/2027,MIDDLESBROUGH,LINCOLN,2,1,0,1,H,23,10,7,2,12,12,5,5,0,2,0,0,629,185,0,5,76.0,24.0,1563087.0,,,,,,,,,,,,,,,,,,,,,,,,,,,,,,,,,,,,3,1,MID,LIN,2,10,1,3,0,0,0,5,6,LIN/MID,True,True,3.0999999999999996,-0.10000000000000006
2026-08-15,Championship,2026/2027,PORTSMOUTH,QPR,1,3,1,3,A,17,13,6,6,9,13,6,3,0,1,0,0,413,357,3,5,54.0,46.0,1563089.0,,,,,,,,,,,,,,,,,,,,,,,,,,,,,,,,,,,,4,4,POR,QPR,0,9,1,0,3,0,0,6,7,QPR/QPR,False,True,0.8399999999999999,2.5299999999999994
2026-08-15,Championship,2026/2027,SHEFFIELD UTD,BIRMINGHAM,0,0,0,0,D,3,10,1,2,12,12,2,8,0,0,0,0,307,366,2,1,45.0,55.0,1563091.0,,,,,,,,,,,,,,,,,,,,,,,,,,,,,,,,,,,,0,0,SHE,BIR,0,10,1,1,1,0,0,7,8,E/E,False,False,0.49,1.1099999999999999
2026-08-15,Championship,2026/2027,NORWICH,WEST BROM,1,2,0,0,A,20,9,7,4,13,13,8,2,0,2,0,0,497,444,1,7,54.0,46.0,1563088.0,,,,,,,,,,,,,,,,,,,,,,,,,,,,,,,,,,,,3,0,NOR,WES,3,10,1,0,3,0,0,9,10,E/WES,False,False,1.21,1.4900000000000002
2026-08-15,Championship,2026/2027,STOKE CITY,SWANSEA,1,2,1,1,A,6,7,2,3,14,9,4,5,1,3,0,0,279,421,1,1,41.0,59.0,1563090.0,,,,,,,,,,,,,,,,,,,,,,,,,,,,,,,,,,,,3,2,STO,SWA,1,9,1,0,3,0,0,10,11,E/SWA,False,False,0.14999999999999997,1.7199999999999995
2026-08-15,Championship,2026/2027,CHARLTON,DERBY,2,1,0,1,H,13,15,4,4,7,16,5,4,0,3,0,0,375,453,3,2,45.0,55.0,1563086.0,,,,,,,,,,,,,,,,,,,,,,,,,,,,,,,,,,,,3,1,CHA,DER,2,9,1,3,0,0,0,11,12,DER/CHA,False,False,2.0700000000000003,0.19999999999999996
2026-08-16,Championship,2026/2027,WATFORD,SOUTHAMPTON,2,1,2,0,H,16,17,3,3,12,9,4,8,6,3,0,0,266,514,2,1,34.0,66.0,1563092.0,,,,,,,,,,,,,,,,,,,,,,,,,,,,,,,,,,,,3,2,WAT,SOU,1,12,1,3,0,0,0,12,13,WAT/WAT,False,False,1.2399999999999998,0.31999999999999995
2026-08-16,Championship,2026/2027,BURNLEY,WEST HAM,2,2,0,1,D,18,11,6,2,12,9,5,6,1,4,0,0,397,462,1,3,46.0,54.0,1563093.0,,,,,,,,,,,,,,,,,,,,,,,,,,,,,,,,,,,,4,1,BUR,WES,3,11,1,1,1,0,0,13,14,WES/E,False,False,1.3299999999999996,0.30000000000000004
2026-08-17,Championship,2026/2027,CARDIFF,WREXHAM,1,1,0,1,D,11,18,3,8,9,13,9,9,1,2,0,0,541,261,7,2,67.0,33.0,1563094.0,,,,,,,,,,,,,,,,,,,,,,,,,,,,,,,,,,,,2,1,CAR,WRE,1,18,1,1,1,0,0,15,16,WRE/E,False,False,0.7200000000000001,1.6199999999999999
2026-08-22,Championship,2026/2027,LINCOLN,PORTSMOUTH,1,3,1,2,A,15,13,5,7,17,15,8,3,3,1,0,0,219,369,4,4,39.0,61.0,1563098.0,,,,,,,,,,,,,,,,,,,,,,,,,,,,,,,,,,,,4,3,LIN,POR,1,11,2,0,3,0,0,18,23,POR/POR,False,False,0.43999999999999995,2.1899999999999995
2026-08-22,Championship,2026/2027,SOUTHAMPTON,STOKE CITY,3,1,1,1,H,17,14,5,2,10,21,4,2,3,5,0,1,475,326,1,2,58.0,42.0,1563102.0,,,,,,,,,,,,,,,,,,,,,,,,,,,,,,,,,,,,4,2,SOU,STO,2,6,2,3,0,0,0,22,20,E/SOU,False,False,2.01,-0.6799999999999999
2026-08-22,Championship,2026/2027,BIRMINGHAM,BRISTOL CITY,2,2,1,1,D,8,14,2,6,13,12,7,3,2,1,0,0,468,257,4,1,65.0,35.0,1563095.0,,,,,,,,,,,,,,,,,,,,,,,,,,,,,,,,,,,,4,2,BIR,BRI,2,10,2,1,1,1,0,18,22,E/E,False,False,0.5900000000000001,1.2099999999999995
2026-08-22,Championship,2026/2027,MILLWALL,NORWICH,3,0,1,0,H,19,8,7,2,14,8,8,3,1,3,0,1,348,329,2,4,52.0,48.0,1563099.0,,,,,,,,,,,,,,,,,,,,,,,,,,,,,,,,,,,,3,1,MIL,NOR,2,11,2,3,0,3,0,2,21,MIL/MIL,False,True,2.6899999999999995,-0.6100000000000001
2026-08-22,Championship,2026/2027,WEST HAM,CHARLTON,1,2,0,1,A,25,7,9,5,9,16,7,4,2,3,0,0,665,190,3,8,78.0,22.0,1563105.0,,,,,,,,,,,,,,,,,,,,,,,,,,,,,,,,,,,,3,1,WES,CHA,2,11,2,0,3,1,3,15,8,CHA/CHA,False,False,1.17,1.5599999999999998
2026-08-22,Championship,2026/2027,PRESTON,WOLVES,1,3,0,1,A,13,16,2,5,11,10,5,4,4,1,0,0,401,478,2,0,45.0,55.0,1563100.0,,,,,,,,,,,,,,,,,,,,,,,,,,,,,,,,,,,,4,1,PRE,WOL,3,9,2,0,3,0,1,20,12,WOL/WOL,False,False,-0.18000000000000005,2.15
2026-08-22,Championship,2026/2027,BLACKBURN,MIDDLESBROUGH,2,1,0,1,H,6,22,5,3,10,10,2,10,4,1,0,0,272,647,2,2,29.0,71.0,1563096.0,,,,,,,,,,,,,,,,,,,,,,,,,,,,,,,,,,,,3,1,BLA,MID,2,12,2,3,0,1,3,13,7,MID/BLA,False,False,1.6,0.5599999999999999
2026-08-22,Championship,2026/2027,DERBY,CARDIFF,2,2,1,2,D,15,16,7,7,12,10,7,7,5,1,0,0,282,521,4,4,36.0,64.0,1563097.0,,,,,,,,,,,,,,,,,,,,,,,,,,,,,,,,,,,,4,3,DER,CAR,1,14,2,1,1,0,1,20,15,CAR/E,False,False,0.9100000000000001,1.31
2026-08-22,Championship,2026/2027,QPR,BOLTON,0,0,0,0,D,18,2,10,0,6,8,9,2,1,2,0,0,494,407,0,10,55.0,45.0,1563101.0,,,,,,,,,,,,,,,,,,,,,,,,,,,,,,,,,,,,0,0,QPR,BOL,0,11,2,1,1,3,3,5,7,E/E,False,True,2.31,-0.28
2026-08-22,Championship,2026/2027,SWANSEA,SHEFFIELD UTD,0,0,0,0,D,9,12,1,2,14,10,6,3,2,2,0,0,542,248,2,1,69.0,31.0,1563103.0,,,,,,,,,,,,,,,,,,,,,,,,,,,,,,,,,,,,0,0,SWA,SHE,0,9,2,1,1,3,1,9,17,E/E,False,False,0.5900000000000001,0.5800000000000001
2026-08-22,Championship,2026/2027,WREXHAM,WATFORD,1,1,1,1,D,12,10,2,6,13,11,10,3,2,0,0,0,477,341,5,1,59.0,41.0,1563106.0,,,,,,,,,,,,,,,,,,,,,,,,,,,,,,,,,,,,2,2,WRE,WAT,0,13,2,1,1,1,3,17,10,E/E,False,False,0.74,1.2499999999999998
2026-08-23,Championship,2026/2027,WEST BROM,BURNLEY,3,1,1,1,H,11,11,7,3,8,13,3,5,1,2,0,0,508,479,3,4,51.0,49.0,1563104.0,,,,,,,,,,,,,,,,,,,,,,,,,,,,,,,,,,,,4,2,WES,BUR,2,8,2,3,0,3,1,10,17,E/WES,False,False,2.3499999999999996,0.08999999999999991
2026-08-28,Championship,2026/2027,WREXHAM,BIRMINGHAM,1,2,0,1,A,9,9,4,4,9,14,3,6,1,2,0,0,494,311,1,3,62.0,38.0,1563118.0,,,,,,,,,,,,,,,,,,,,,,,,,,,,,,,,,,,,3,1,WRE,BIR,2,9,3,0,3,2,2,15,14,BIR/BIR,False,False,0.33000000000000007,1.9400000000000002
2026-08-29,Championship,2026/2027,BLACKBURN,QPR,1,2,0,0,A,12,19,2,6,12,6,3,3,3,2,0,0,521,439,4,1,55.0,45.0,1563107.0,,,,,,,,,,,,,,,,,,,,,,,,,,,,,,,,,,,,3,0,BLA,QPR,3,6,3,0,3,4,4,7,6,E/QPR,True,False,-0.21000000000000008,2.1899999999999995
2026-08-29,Championship,2026/2027,BOLTON,LINCOLN,0,1,0,0,A,20,8,6,2,6,15,14,2,0,3,0,0,541,250,1,7,69.0,31.0,1563108.0,,,,,,,,,,,,,,,,,,,,,,,,,,,,,,,,,,,,1,0,BOL,LIN,1,16,3,0,3,4,0,8,22,E/LIN,False,False,1.46,1.02
2026-08-29,Championship,2026/2027,BRISTOL CITY,PORTSMOUTH,2,1,1,0,H,9,14,3,1,15,5,3,10,3,0,0,0,321,370,1,1,46.0,54.0,1563109.0,,,,,,,,,,,,,,,,,,,,,,,,,,,,,,,,,,,,3,1,BRI,POR,2,13,3,3,0,1,3,21,12,BRI/BRI,False,False,1.5499999999999998,0.44
2026-08-29,Championship,2026/2027,CARDIFF,SHEFFIELD UTD,2,2,2,2,D,28,6,10,4,12,12,12,2,2,2,0,0,513,259,2,8,67.0,33.0,1563110.0,,,,,,,,,,,,,,,,,,,,,,,,,,,,,,,,,,,,4,4,CAR,SHE,0,14,3,1,1,2,2,16,17,E/E,False,False,2.16,0.26000000000000006
2026-08-29,Championship,2026/2027,CHARLTON,PRESTON,1,0,0,0,H,15,12,2,1,10,21,7,4,1,1,0,0,427,311,1,1,57.0,43.0,1563111.0,,,,,,,,,,,,,,,,,,,,,,,,,,,,,,,,,,,,1,0,CHA,PRE,1,11,3,3,0,6,0,4,22,E/CHA,False,True,1.92,0.009999999999999981
2026-08-29,Championship,2026/2027,NORWICH,BURNLEY,4,1,3,1,H,20,16,6,4,14,5,3,5,4,3,0,1,319,554,3,2,37.0,63.0,1563114.0,,,,,,,,,,,,,,,,,,,,,,,,,,,,,,,,,,,,5,4,NOR,BUR,1,8,3,3,0,0,1,24,21,NOR/NOR,False,False,1.8499999999999996,-0.06000000000000011
2026-08-29,Championship,2026/2027,SOUTHAMPTON,MILLWALL,5,1,2,1,H,21,14,7,5,6,10,8,11,2,1,0,0,418,377,4,2,52.0,48.0,1563115.0,,,,,,,,,,,,,,,,,,,,,,,,,,,,,,,,,,,,6,3,SOU,MIL,3,19,3,3,0,3,6,12,3,SOU/SOU,True,False,2.7799999999999994,0.69
2026-08-29,Championship,2026/2027,WATFORD,WEST HAM,1,1,1,1,D,15,13,4,1,9,7,3,11,3,1,0,0,302,498,1,3,38.0,62.0,1563116.0,,,,,,,,,,,,,,,,,,,,,,,,,,,,,,,,,,,,2,2,WAT,WES,0,14,3,1,1,4,1,8,21,E/E,False,False,0.6800000000000002,0.84
2026-08-29,Championship,2026/2027,WOLVES,STOKE CITY,4,1,2,1,H,18,10,8,3,13,15,7,1,1,4,0,0,407,362,2,4,53.0,47.0,1563117.0,,,,,,,,,,,,,,,,,,,,,,,,,,,,,,,,,,,,5,3,WOL,STO,2,8,3,3,0,4,0,8,23,WOL/WOL,False,False,2.7800000000000002,-0.4400000000000001
2026-08-29,Championship,2026/2027,DERBY,SWANSEA,0,3,0,2,A,8,23,0,12,16,7,5,6,3,2,0,0,404,475,9,0,47.0,53.0,1563112.0,,,,,,,,,,,,,,,,,,,,,,,,,,,,,,,,,,,,3,2,DER,SWA,1,11,3,0,3,1,4,21,9,SWA/SWA,False,False,-0.7700000000000001,3.2999999999999994
2026-08-29,Championship,2026/2027,MIDDLESBROUGH,WEST BROM,3,1,0,0,H,15,12,6,4,15,6,7,6,0,1,0,0,518,583,2,4,47.0,53.0,1563113.0,,,,,,,,,,,,,,,,,,,,,,,,,,,,,,,,,,,,4,0,MID,WES,4,13,3,3,0,3,6,14,6,E/MID,True,False,2.9299999999999997,0.36
2026-09-01,Championship,2026/2027,WEST HAM,WOLVES,4,2,2,1,H,12,17,6,3,9,9,6,7,2,1,0,0,392,514,2,2,43.0,57.0,1563126.0,,,,,,,,,,,,,,,,,,,,,,,,,,,,,,,,,,,,6,3,WES,WOL,3,13,4,3,0,2,7,19,2,WES/WES,True,False,2.7099999999999995,0.2799999999999999
2026-09-01,Championship,2026/2027,PRESTON,BRISTOL CITY,1,3,0,1,A,18,12,4,7,11,14,5,2,2,0,0,0,404,390,4,3,52.0,48.0,1563122.0,,,,,,,,,,,,,,,,,,,,,,,,,,,,,,,,,,,,4,1,PRE,BRI,3,7,4,0,3,0,4,23,14,BRI/BRI,False,False,0.25999999999999995,2.3499999999999996
2026-09-01,Championship,2026/2027,SHEFFIELD UTD,BOLTON,3,2,1,1,H,13,18,5,6,8,13,5,5,0,2,0,0,443,390,4,1,53.0,47.0,1563123.0,,,,,,,,,,,,,,,,,,,,,,,,,,,,,,,,,,,,5,2,SHE,BOL,3,10,4,3,0,3,4,16,14,E/SHE,False,False,2.1,0.5999999999999999
2026-09-01,Championship,2026/2027,SWANSEA,WATFORD,2,0,2,0,H,18,9,8,3,6,14,5,3,0,4,0,0,577,374,3,6,60.0,40.0,1563125.0,,,,,,,,,,,,,,,,,,,,,,,,,,,,,,,,,,,,2,2,SWA,WAT,0,8,4,3,0,7,5,2,13,SWA/SWA,False,True,2.74,-0.30000000000000004
2026-09-01,Championship,2026/2027,PORTSMOUTH,DERBY,0,2,0,1,A,21,8,3,5,12,15,11,2,1,2,0,0,500,265,3,3,65.0,35.0,1563121.0,,,,,,,,,,,,,,,,,,,,,,,,,,,,,,,,,,,,2,1,POR,DER,1,13,4,0,3,3,1,17,21,DER/DER,False,False,0.61,1.7800000000000002
2026-09-01,Championship,2026/2027,LINCOLN,BLACKBURN,0,0,0,0,D,18,8,1,2,12,11,5,7,1,2,0,1,340,526,2,1,40.0,60.0,1563120.0,,,,,,,,,,,,,,,,,,,,,,,,,,,,,,,,,,,,0,0,LIN,BLA,0,12,4,1,1,3,4,19,14,E/E,False,False,0.56,0.55
2026-09-01,Championship,2026/2027,BIRMINGHAM,SOUTHAMPTON,1,1,0,1,D,16,13,4,4,12,8,3,5,3,2,0,0,287,505,3,3,48.0,52.0,1563119.0,,,,,,,,,,,,,,,,,,,,,,,,,,,,,,,,,,,,2,1,BIR,SOU,1,8,4,1,1,5,6,12,6,SOU/E,True,False,0.6500000000000002,0.8900000000000001
2026-09-01,Championship,2026/2027,STOKE CITY,NORWICH,1,0,1,0,H,6,15,2,6,16,10,3,5,2,2,0,0,204,536,5,1,28.0,72.0,1563124.0,,,,,,,,,,,,,,,,,,,,,,,,,,,,,,,,,,,,1,1,STO,NOR,0,8,4,3,0,0,3,24,19,STO/STO,False,False,1.3499999999999999,0.7899999999999998
2026-09-02,Championship,2026/2027,MILLWALL,WREXHAM,0,3,0,1,A,4,9,0,3,11,14,1,2,2,1,0,0,350,566,1,0,39.0,61.0,1563128.0,,,,,,,,,,,,,,,,,,,,,,,,,,,,,,,,,,,,3,1,MIL,WRE,2,3,4,0,3,6,2,8,22,WRE/WRE,False,False,-0.34,1.9299999999999997
2026-09-02,Championship,2026/2027,WEST BROM,CHARLTON,1,1,0,0,D,15,4,3,1,4,16,8,3,1,1,0,0,721,282,0,2,71.0,29.0,1563130.0,,,,,,,,,,,,,,,,,,,,,,,,,,,,,,,,,,,,2,0,WES,CHA,2,11,4,1,1,6,9,8,2,E/E,True,False,1.1399999999999997,0.39
2026-09-02,Championship,2026/2027,QPR,CARDIFF,2,1,1,0,H,20,9,4,3,10,12,3,4,0,2,0,0,342,583,2,2,37.0,63.0,1563129.0,,,,,,,,,,,,,,,,,,,,,,,,,,,,,,,,,,,,3,1,QPR,CAR,2,7,4,3,0,7,3,5,19,QPR/QPR,False,True,2.02,0.18999999999999995
2026-09-02,Championship,2026/2027,BURNLEY,MIDDLESBROUGH,1,1,0,1,D,11,10,3,2,11,8,5,1,2,2,0,0,390,541,1,2,43.0,57.0,1563127.0,,,,,,,,,,,,,,,,,,,,,,,,,,,,,,,,,,,,2,1,BUR,MID,1,6,4,1,1,1,6,23,8,MID/E,False,False,0.8800000000000001,0.4000000000000001
2026-09-05,Championship,2026/2027,PRESTON,BLACKBURN,2,1,2,0,H,8,12,3,5,11,9,3,11,4,2,0,0,243,518,5,1,33.0,67.0,1563136.0,,,,,,,,,,,,,,,,,,,,,,,,,,,,,,,,,,,,3,2,PRE,BLA,1,14,5,3,0,0,5,24,14,PRE/PRE,False,False,1.23,0.8899999999999999
2026-09-05,Championship,2026/2027,STOKE CITY,CHARLTON,4,0,4,0,H,17,13,8,3,20,13,5,3,1,2,0,1,500,292,3,4,63.0,37.0,1563139.0,,,,,,,,,,,,,,,,,,,,,,,,,,,,,,,,,,,,4,4,STO,CHA,0,8,5,3,0,3,10,23,3,STO/STO,True,False,3.14,-0.3500000000000001
2026-09-05,Championship,2026/2027,LINCOLN,SOUTHAMPTON,1,1,0,1,D,19,16,5,4,14,10,4,6,3,0,0,0,317,510,2,4,39.0,61.0,1563133.0,,,,,,,,,,,,,,,,,,,,,,,,,,,,,,,,,,,,2,1,LIN,SOU,1,10,5,1,1,4,7,19,4,SOU/E,True,False,0.8299999999999998,1.07
2026-09-05,Championship,2026/2027,BURNLEY,BRISTOL CITY,1,2,0,0,A,8,14,2,4,13,7,5,8,3,0,0,0,468,420,2,1,53.0,47.0,1563132.0,,,,,,,,,,,,,,,,,,,,,,,,,,,,,,,,,,,,3,0,BUR,BRI,3,13,5,0,3,2,7,24,7,E/BRI,False,False,-0.11000000000000007,2.3
2026-09-05,Championship,2026/2027,WEST HAM,DERBY,3,0,1,0,H,20,5,7,0,6,16,5,6,0,2,0,0,462,420,0,4,52.0,48.0,1563142.0,,,,,,,,,,,,,,,,,,,,,,,,,,,,,,,,,,,,3,1,WES,DER,2,11,5,3,0,5,4,14,19,WES/WES,False,False,2.6799999999999997,-0.35
2026-09-05,Championship,2026/2027,MILLWALL,BOLTON,4,0,1,0,H,12,13,5,4,13,14,4,9,0,1,1,1,263,411,4,1,39.0,61.0,1563134.0,,,,,,,,,,,,,,,,,,,,,,,,,,,,,,,,,,,,4,1,MIL,BOL,3,13,5,3,0,6,4,13,18,MIL/MIL,False,False,1.8199999999999998,0.3700000000000001
2026-09-05,Championship,2026/2027,WEST BROM,WATFORD,1,0,1,0,H,9,10,4,2,18,12,5,4,5,3,0,0,446,406,2,3,52.0,48.0,1563141.0,,,,,,,,,,,,,,,,,,,,,,,,,,,,,,,,,,,,1,1,WES,WAT,0,9,5,3,0,7,5,10,16,WES/WES,False,False,1.67,-0.10000000000000006
2026-09-05,Championship,2026/2027,SHEFFIELD UTD,NORWICH,1,3,1,2,A,11,19,4,8,14,13,7,4,2,3,0,0,370,442,4,3,46.0,54.0,1563138.0,,,,,,,,,,,,,,,,,,,,,,,,,,,,,,,,,,,,4,3,SHE,NOR,1,11,5,0,3,6,3,11,21,NOR/NOR,False,False,0.27,2.26
2026-09-05,Championship,2026/2027,QPR,MIDDLESBROUGH,0,1,0,1,A,16,16,5,6,3,8,12,3,1,2,0,0,454,437,5,5,52.0,48.0,1563137.0,,,,,,,,,,,,,,,,,,,,,,,,,,,,,,,,,,,,1,1,QPR,MID,0,15,5,0,3,10,7,2,10,MID/MID,False,True,0.89,2.3599999999999994
2026-09-05,Championship,2026/2027,PORTSMOUTH,CARDIFF,2,0,1,0,H,15,17,5,5,15,12,5,7,0,4,0,0,253,468,5,3,36.0,64.0,1563135.0,,,,,,,,,,,,,,,,,,,,,,,,,,,,,,,,,,,,2,1,POR,CAR,1,12,5,3,0,3,3,22,21,POR/POR,False,False,2.11,0.3500000000000001
2026-03-06,Chinese Super League,2026,CHENGDU BETTER CITY,SICHUAN JIUNIU,5,1,3,1,H,29,6,8,3,7,6,14,4,1,0,0,1,645,183,2,3,79.0,21.0,1523059.0,,,,,,,,,,,,,,,,,,,,,,,,,,,,,,,,,,,,6,4,CHE,SIC,2,18,1,3,0,0,0,1,2,CHE/CHE,True,True,3.5700000000000003,-0.2800000000000001
2026-03-07,Chinese Super League,2026,TIANJIN TEDA,CHONGQING TONGLIANG LONG,0,0,0,0,D,7,5,2,1,15,13,2,4,2,3,0,0,490,494,1,2,50.0,50.0,1523061.0,,,,,,,,,,,,,,,,,,,,,,,,,,,,,,,,,,,,0,0,TIA,CHO,0,6,1,1,1,0,0,2,3,E/E,True,True,0.5700000000000001,0.4099999999999999
2026-03-07,Chinese Super League,2026,YUNNAN YUKUN,QINGDAO JONOON,3,1,3,0,H,15,15,8,5,9,13,5,3,2,0,0,0,360,367,3,5,50.0,50.0,1523064.0,,,,,,,,,,,,,,,,,,,,,,,,,,,,,,,,,,,,4,3,YUN,QIN,1,8,1,3,0,0,0,4,5,YUN/YUN,True,True,2.94,0.4
2026-03-07,Chinese Super League,2026,SHANGHAI SIPG,HENAN JIANYE,1,2,1,2,A,23,10,6,3,14,10,11,6,1,1,0,0,534,307,1,5,65.0,35.0,1523063.0,,,,,,,,,,,,,,,,,,,,,,,,,,,,,,,,,,,,3,3,SHA,HEN,0,17,1,0,3,0,0,5,6,HEN/HEN,True,True,1.0799999999999996,2.13
2026-03-07,Chinese Super League,2026,SHANGHAI SHENHUA,DALIAN ZHIXING,5,3,3,1,H,21,12,11,4,15,8,10,6,1,3,0,0,588,258,1,6,69.0,31.0,1523062.0,,,,,,,,,,,,,,,,,,,,,,,,,,,,,,,,,,,,8,4,SHA,DAL,4,16,1,3,0,0,0,6,7,SHA/SHA,False,True,3.2299999999999995,-0.15000000000000008
2026-03-07,Chinese Super League,2026,SHANDONG LUNENG,SHENYANG URBAN,3,0,2,0,H,20,12,7,1,24,10,9,3,1,4,0,0,317,598,1,4,35.0,65.0,1523060.0,,,,,,,,,,,,,,,,,,,,,,,,,,,,,,,,,,,,3,2,SHA,SHE,1,12,1,3,0,0,0,7,8,SHA/SHA,False,False,2.79,-0.63
2026-03-08,Chinese Super League,2026,HANGZHOU GREENTOWN,QINGDAO YOUTH ISLAND,2,0,2,0,H,13,11,7,1,21,13,5,3,2,3,0,0,503,342,1,6,59.0,41.0,1523065.0,,,,,,,,,,,,,,,,,,,,,,,,,,,,,,,,,,,,2,2,HAN,QIN,0,8,1,3,0,0,0,8,9,HAN/HAN,False,False,2.4899999999999998,-0.45000000000000007
2026-03-08,Chinese Super League,2026,WUHAN THREE TOWNS,BEIJING GUOAN,0,2,0,1,A,10,16,2,5,11,14,5,10,0,2,0,0,257,562,3,2,32.0,68.0,1523066.0,,,,,,,,,,,,,,,,,,,,,,,,,,,,,,,,,,,,2,1,WUH,BEI,1,15,1,0,3,0,0,9,10,BEI/BEI,False,False,0.09999999999999998,2.3499999999999996
2026-03-13,Chinese Super League,2026,WUHAN THREE TOWNS,DALIAN ZHIXING,4,1,2,1,H,10,11,6,6,12,17,4,4,4,1,0,0,249,357,5,2,41.0,59.0,1523067.0,,,,,,,,,,,,,,,,,,,,,,,,,,,,,,,,,,,,5,3,WUH,DAL,2,8,2,3,0,0,0,14,11,WUH/WUH,False,False,1.8199999999999998,0.6199999999999999
2026-03-14,Chinese Super League,2026,HANGZHOU GREENTOWN,SHANGHAI SHENHUA,1,1,0,1,D,21,19,7,8,17,23,10,6,2,4,0,1,473,270,7,6,63.0,37.0,1523069.0,,,,,,,,,,,,,,,,,,,,,,,,,,,,,,,,,,,,2,1,HAN,SHA,1,16,2,1,1,3,3,5,3,SHA/E,True,True,1.3299999999999998,0.7999999999999998
2026-03-14,Chinese Super League,2026,SICHUAN JIUNIU,TIANJIN TEDA,1,0,0,0,H,16,9,5,3,15,8,4,5,3,2,0,0,314,343,3,4,48.0,52.0,1523071.0,,,,,,,,,,,,,,,,,,,,,,,,,,,,,,,,,,,,1,0,SIC,TIA,1,9,2,3,0,0,1,15,9,E/SIC,False,False,1.9000000000000001,0.16999999999999993
2026-03-14,Chinese Super League,2026,CHONGQING TONGLIANG LONG,SHENYANG URBAN,1,0,0,0,H,18,7,4,2,17,12,6,2,1,4,0,1,591,405,2,3,59.0,41.0,1523070.0,,,,,,,,,,,,,,,,,,,,,,,,,,,,,,,,,,,,1,0,CHO,SHE,1,8,2,3,0,1,0,10,15,E/CHO,False,False,2.1599999999999997,-0.5700000000000001
2026-03-14,Chinese Super League,2026,SHANDONG LUNENG,BEIJING GUOAN,2,1,0,0,H,9,8,5,2,17,14,5,4,3,1,0,0,364,410,1,3,46.0,54.0,1523068.0,,,,,,,,,,,,,,,,,,,,,,,,,,,,,,,,,,,,3,0,SHA,BEI,3,9,2,3,0,3,3,5,7,E/SHA,False,True,2.0199999999999996,0.04999999999999999
2026-03-15,Chinese Super League,2026,SHANGHAI SIPG,QINGDAO YOUTH ISLAND,4,1,0,0,H,16,16,8,6,20,9,12,7,1,3,0,0,516,248,5,5,68.0,32.0,1523073.0,,,,,,,,,,,,,,,,,,,,,,,,,,,,,,,,,,,,5,0,SHA,QIN,5,19,2,3,0,0,0,12,14,E/SHA,False,False,2.7600000000000002,0.30999999999999983
2026-03-15,Chinese Super League,2026,CHENGDU BETTER CITY,QINGDAO JONOON,1,0,0,0,H,16,11,8,1,11,18,4,8,1,1,0,0,507,323,1,7,60.0,40.0,1523074.0,,,,,,,,,,,,,,,,,,,,,,,,,,,,,,,,,,,,1,0,CHE,QIN,1,12,2,3,0,3,0,5,13,E/CHE,False,True,2.5900000000000003,-0.029999999999999985
2026-03-15,Chinese Super League,2026,HENAN JIANYE,YUNNAN YUKUN,2,1,1,0,H,15,20,6,6,7,14,4,6,0,3,0,0,329,412,5,4,44.0,56.0,1523072.0,,,,,,,,,,,,,,,,,,,,,,,,,,,,,,,,,,,,3,1,HEN,YUN,2,10,2,3,0,3,3,10,7,HEN/HEN,False,False,2.1799999999999997,0.5199999999999999
2026-03-20,Chinese Super League,2026,DALIAN ZHIXING,SHANGHAI SIPG,1,0,0,0,H,10,8,1,1,13,11,6,6,2,2,0,0,236,512,1,0,32.0,68.0,1523075.0,,,,,,,,,,,,,,,,,,,,,,,,,,,,,,,,,,,,1,0,DAL,SHA,1,12,3,3,0,0,3,15,7,E/DAL,False,False,1.5799999999999998,0.08000000000000002
2026-03-20,Chinese Super League,2026,QINGDAO JONOON,HANGZHOU GREENTOWN,1,4,1,0,A,14,15,3,8,17,17,7,5,1,1,0,0,329,445,4,2,43.0,57.0,1523076.0,,,,,,,,,,,,,,,,,,,,,,,,,,,,,,,,,,,,5,1,QIN,HAN,4,12,3,0,3,0,4,14,5,QIN/HAN,True,False,0.19999999999999993,2.56
2026-03-21,Chinese Super League,2026,QINGDAO YOUTH ISLAND,SICHUAN JIUNIU,1,0,0,0,H,15,11,5,4,12,21,8,6,2,3,0,0,310,334,4,4,48.0,52.0,1523081.0,,,,,,,,,,,,,,,,,,,,,,,,,,,,,,,,,,,,1,0,QIN,SIC,1,14,3,3,0,0,3,15,11,E/QIN,False,False,2.1299999999999994,0.18999999999999995
2026-03-21,Chinese Super League,2026,BEIJING GUOAN,SHANGHAI SHENHUA,1,1,1,0,D,12,6,3,1,13,16,9,4,2,3,0,0,283,336,0,2,48.0,52.0,1523077.0,,,,,,,,,,,,,,,,,,,,,,,,,,,,,,,,,,,,2,1,BEI,SHA,1,13,3,1,1,3,4,10,5,BEI/E,True,False,1.0699999999999998,0.21999999999999997
2026-03-21,Chinese Super League,2026,SHENYANG URBAN,TIANJIN TEDA,3,0,1,0,H,15,10,5,2,11,11,6,9,1,1,0,1,437,274,2,2,61.0,39.0,1523078.0,,,,,,,,,,,,,,,,,,,,,,,,,,,,,,,,,,,,3,1,SHE,TIA,2,15,3,3,0,0,1,15,14,SHE/SHE,False,False,2.17,0.030000000000000027
2026-03-21,Chinese Super League,2026,HENAN JIANYE,WUHAN THREE TOWNS,1,1,0,0,D,19,7,4,2,13,7,13,6,2,2,0,0,427,227,1,4,66.0,34.0,1523079.0,,,,,,,,,,,,,,,,,,,,,,,,,,,,,,,,,,,,2,0,HEN,WUH,2,19,3,1,1,6,3,4,10,E/E,False,True,1.3299999999999998,0.4400000000000001
2026-03-21,Chinese Super League,2026,CHONGQING TONGLIANG LONG,CHENGDU BETTER CITY,3,3,0,2,D,7,12,5,5,14,10,7,8,2,2,0,0,506,348,2,2,59.0,41.0,1523080.0,,,,,,,,,,,,,,,,,,,,,,,,,,,,,,,,,,,,6,2,CHO,CHE,4,15,3,1,1,4,6,8,3,CHE/E,True,False,0.9900000000000002,1.0599999999999998
2026-03-21,Chinese Super League,2026,YUNNAN YUKUN,SHANDONG LUNENG,4,0,3,0,H,17,6,8,1,8,19,10,5,2,3,0,1,329,351,1,4,49.0,51.0,1523082.0,,,,,,,,,,,,,,,,,,,,,,,,,,,,,,,,,,,,4,3,YUN,SHA,1,15,3,3,0,3,6,10,4,YUN/YUN,True,False,3.35,-0.75
2026-04-03,Chinese Super League,2026,CHENGDU BETTER CITY,QINGDAO YOUTH ISLAND,5,1,2,0,H,14,9,8,1,14,18,6,3,1,2,0,0,397,360,0,3,53.0,47.0,1523083.0,,,,,,,,,,,,,,,,,,,,,,,,,,,,,,,,,,,,6,2,CHE,QIN,4,9,4,3,0,7,3,1,14,CHE/CHE,False,True,2.79,-0.42
2026-04-04,Chinese Super League,2026,SHANGHAI SIPG,YUNNAN YUKUN,2,1,1,0,H,12,18,4,7,11,12,4,6,3,2,0,0,429,319,5,2,57.0,43.0,1523087.0,,,,,,,,,,,,,,,,,,,,,,,,,,,,,,,,,,,,3,1,SHA,YUN,2,10,4,3,0,3,6,10,4,SHA/SHA,True,False,2.0300000000000002,0.8700000000000001
2026-04-04,Chinese Super League,2026,SHANDONG LUNENG,DALIAN ZHIXING,1,2,0,1,A,18,7,6,5,19,20,7,6,4,4,0,0,551,231,3,5,71.0,29.0,1523086.0,,,,,,,,,,,,,,,,,,,,,,,,,,,,,,,,,,,,3,1,SHA,DAL,2,13,4,0,3,6,3,6,12,DAL/DAL,False,True,0.48,2.21
2026-04-04,Chinese Super League,2026,QINGDAO JONOON,HENAN JIANYE,1,0,0,0,H,7,18,3,5,14,8,4,9,1,4,0,0,337,439,5,2,42.0,58.0,1523085.0,,,,,,,,,,,,,,,,,,,,,,,,,,,,,,,,,,,,1,0,QIN,HEN,1,13,4,3,0,0,7,16,3,E/QIN,True,False,2.12,0.5700000000000001
2026-04-04,Chinese Super League,2026,SHENYANG URBAN,BEIJING GUOAN,2,1,2,0,H,13,11,5,4,17,14,3,1,1,2,0,0,346,470,3,3,42.0,58.0,1523084.0,,,,,,,,,,,,,,,,,,,,,,,,,,,,,,,,,,,,3,2,SHE,BEI,1,4,4,3,0,3,4,12,11,SHE/SHE,False,False,2.0799999999999996,0.13999999999999996
2026-04-05,Chinese Super League,2026,TIANJIN TEDA,SHANGHAI SHENHUA,2,3,1,1,A,13,19,5,4,9,12,7,9,1,2,0,0,377,389,1,3,49.0,51.0,1523090.0,,,,,,,,,,,,,,,,,,,,,,,,,,,,,,,,,,,,5,2,TIA,SHA,3,16,4,0,3,1,5,16,9,E/SHA,False,False,0.6200000000000002,1.9600000000000002
2026-04-05,Chinese Super League,2026,SICHUAN JIUNIU,WUHAN THREE TOWNS,5,2,3,0,H,16,13,7,4,10,16,4,6,2,4,0,1,323,369,2,2,45.0,55.0,1523089.0,,,,,,,,,,,,,,,,,,,,,,,,,,,,,,,,,,,,7,3,SIC,WUH,4,10,4,3,0,3,4,13,11,SIC/SIC,False,False,2.2299999999999995,-0.18
2026-04-05,Chinese Super League,2026,HANGZHOU GREENTOWN,CHONGQING TONGLIANG LONG,0,1,0,0,A,10,8,2,3,9,14,9,1,1,2,1,0,559,239,2,2,70.0,30.0,1523088.0,,,,,,,,,,,,,,,,,,,,,,,,,,,,,,,,,,,,1,0,HAN,CHO,1,10,4,0,3,7,5,3,11,E/CHO,False,True,0.22999999999999998,2.02
2026-04-10,Chinese Super League,2026,DALIAN ZHIXING,HANGZHOU GREENTOWN,3,0,1,0,H,12,15,6,2,12,20,2,5,4,4,0,0,193,494,2,3,28.0,72.0,1523091.0,,,,,,,,,,,,,,,,,,,,,,,,,,,,,,,,,,,,3,1,DAL,HAN,2,7,5,3,0,6,7,11,4,DAL/DAL,True,False,2.4,-0.19000000000000009
2026-04-11,Chinese Super League,2026,SHANGHAI SHENHUA,SHANGHAI SIPG,1,0,0,0,H,16,9,7,2,18,12,7,4,3,3,0,0,338,441,2,6,43.0,57.0,1523095.0,,,,,,,,,,,,,,,,,,,,,,,,,,,,,,,,,,,,1,0,SHA,SHA,1,11,5,3,0,8,6,3,8,E/SHA,False,True,2.42,-0.2900000000000001
2026-04-11,Chinese Super League,2026,HENAN JIANYE,SHANDONG LUNENG,0,1,0,1,A,8,8,2,2,11,19,4,3,0,1,0,0,464,320,1,2,59.0,41.0,1523094.0,,,,,,,,,,,,,,,,,,,,,,,,,,,,,,,,,,,,1,1,HEN,SHA,0,7,5,0,3,7,6,6,11,SHA/SHA,False,True,0.34,2.17
2026-04-11,Chinese Super League,2026,QINGDAO YOUTH ISLAND,SHENYANG URBAN,1,1,1,0,D,9,16,5,6,22,20,1,7,2,2,1,0,181,525,5,4,25.0,75.0,1523093.0,,,,,,,,,,,,,,,,,,,,,,,,,,,,,,,,,,,,2,1,QIN,SHE,1,8,5,1,1,3,6,15,10,QIN/E,False,False,0.4099999999999999,1.28
2026-04-11,Chinese Super League,2026,CHONGQING TONGLIANG LONG,WUHAN THREE TOWNS,2,1,2,0,H,11,6,7,1,8,11,2,6,0,0,1,0,479,422,0,5,52.0,48.0,1523092.0,,,,,,,,,,,,,,,,,,,,,,,,,,,,,,,,,,,,3,2,CHO,WUH,1,8,5,3,0,8,4,5,13,CHO/CHO,False,True,2.23,0.060000000000000005
2026-04-12,Chinese Super League,2026,SICHUAN JIUNIU,YUNNAN YUKUN,3,4,2,3,A,19,14,5,5,13,13,8,0,3,3,0,0,450,298,1,2,61.0,39.0,1523098.0,,,,,,,,,,,,,,,,,,,,,,,,,,,,,,,,,,,,7,5,SIC,YUN,2,8,5,0,3,6,6,11,9,YUN/YUN,False,False,0.6,1.54
2026-04-12,Chinese Super League,2026,BEIJING GUOAN,CHENGDU BETTER CITY,1,2,0,0,A,10,12,2,5,13,18,2,10,1,4,0,0,399,339,3,1,53.0,47.0,1523097.0,,,,,,,,,,,,,,,,,,,,,,,,,,,,,,,,,,,,3,0,BEI,CHE,3,12,5,0,3,4,10,12,3,E/CHE,True,False,-0.15000000000000002,2.21
2026-04-12,Chinese Super League,2026,TIANJIN TEDA,QINGDAO JONOON,1,1,0,0,D,2,12,2,5,12,14,2,5,4,2,1,0,326,355,5,1,47.0,53.0,1523096.0,,,,,,,,,,,,,,,,,,,,,,,,,,,,,,,,,,,,2,0,TIA,QIN,2,7,5,1,1,1,3,16,15,E/E,False,False,-0.09999999999999998,1.16
2026-04-17,Chinese Super League,2026,CHONGQING TONGLIANG LONG,SICHUAN JIUNIU,2,0,0,0,H,12,6,4,1,6,8,11,1,0,2,0,1,612,293,1,2,68.0,32.0,1523100.0,,,,,,,,,,,,,,,,,,,,,,,,,,,,,,,,,,,,2,0,CHO,SIC,2,12,6,3,0,11,6,3,11,E/CHO,False,True,2.5800000000000005,-0.67
2026-04-17,Chinese Super League,2026,SHANDONG LUNENG,SHANGHAI SIPG,1,1,0,1,D,18,8,5,3,17,13,4,1,3,6,0,0,496,314,2,4,61.0,39.0,1523101.0,,,,,,,,,,,,,,,,,,,,,,,,,,,,,,,,,,,,2,1,SHA,SHA,1,5,6,1,1,9,6,6,10,SHA/E,False,True,0.98,0.06999999999999995
2026-04-17,Chinese Super League,2026,WUHAN THREE TOWNS,CHENGDU BETTER CITY,0,1,0,0,A,15,9,2,3,9,17,5,4,3,2,0,0,388,369,2,2,52.0,48.0,1523102.0,,,,,,,,,,,,,,,,,,,,,,,,,,,,,,,,,,,,1,0,WUH,CHE,1,9,6,0,3,4,13,13,2,E/CHE,True,False,0.019999999999999907,1.7499999999999998
2026-04-17,Chinese Super League,2026,YUNNAN YUKUN,TIANJIN TEDA,0,3,0,1,A,24,8,2,3,12,9,5,2,3,3,1,0,478,210,1,2,70.0,30.0,1523103.0,,,,,,,,,,,,,,,,,,,,,,,,,,,,,,,,,,,,3,1,YUN,TIA,2,7,6,0,3,9,2,5,16,TIA/TIA,False,True,-0.19000000000000006,2.05
2026-04-17,Chinese Super League,2026,HANGZHOU GREENTOWN,BEIJING GUOAN,0,0,0,0,D,15,10,4,3,12,13,9,7,2,3,0,0,239,517,3,4,32.0,68.0,1523104.0,,,,,,,,,,,,,,,,,,,,,,,,,,,,,,,,,,,,0,0,HAN,BEI,0,16,6,1,1,7,4,8,13,E/E,False,False,1.0600000000000003,0.6200000000000001
2026-04-17,Chinese Super League,2026,QINGDAO JONOON,QINGDAO YOUTH ISLAND,0,0,0,0,D,11,8,3,1,8,10,4,3,1,1,0,0,277,419,1,2,40.0,60.0,1523099.0,,,,,,,,,,,,,,,,,,,,,,,,,,,,,,,,,,,,0,0,QIN,QIN,0,7,6,1,1,4,4,15,16,E/E,False,False,0.9399999999999998,0.4700000000000001
2026-04-18,Chinese Super League,2026,SHANGHAI SHENHUA,SHENYANG URBAN,3,1,3,0,H,19,18,8,9,12,11,3,4,0,1,0,0,466,516,7,5,47.0,53.0,1523106.0,,,,,,,,,,,,,,,,,,,,,,,,,,,,,,,,,,,,4,3,SHA,SHE,1,7,6,3,0,11,7,3,9,SHA/SHA,False,True,2.32,0.9899999999999999
2026-04-18,Chinese Super League,2026,DALIAN ZHIXING,HENAN JIANYE,2,1,0,1,H,20,4,3,2,16,19,6,2,1,3,0,0,412,302,1,1,58.0,42.0,1523105.0,,,,,,,,,,,,,,,,,,,,,,,,,,,,,,,,,,,,3,1,DAL,HEN,2,8,6,3,0,9,7,6,9,HEN/DAL,False,True,2.01,-0.17000000000000007
2026-04-21,Chinese Super League,2026,WUHAN THREE TOWNS,HANGZHOU GREENTOWN,2,0,1,0,H,14,8,3,2,13,11,6,7,1,4,0,0,385,434,2,1,47.0,53.0,1523109.0,,,,,,,,,,,,,,,,,,,,,,,,,,,,,,,,,,,,2,1,WUH,HAN,1,13,7,3,0,4,8,16,7,WUH/WUH,False,False,1.9099999999999997,-0.020000000000000018
2026-04-21,Chinese Super League,2026,SICHUAN JIUNIU,BEIJING GUOAN,0,1,0,0,A,11,11,2,4,12,15,3,7,2,2,0,0,266,461,3,2,36.0,64.0,1523107.0,,,,,,,,,,,,,,,,,,,,,,,,,,,,,,,,,,,,1,0,SIC,BEI,1,10,7,0,3,6,5,12,13,E/BEI,False,False,-0.09000000000000002,2.09
2026-04-21,Chinese Super League,2026,SHANGHAI SIPG,CHONGQING TONGLIANG LONG,1,2,0,2,A,15,3,3,2,9,19,11,4,3,3,0,0,651,271,0,2,71.0,29.0,1523110.0,,,,,,,,,,,,,,,,,,,,,,,,,,,,,,,,,,,,3,2,SHA,CHO,1,15,7,0,3,7,14,9,3,CHO/CHO,True,False,0.52,1.3299999999999998
2026-04-21,Chinese Super League,2026,CHENGDU BETTER CITY,YUNNAN YUKUN,2,1,0,1,H,16,16,8,4,12,11,4,3,2,0,0,0,443,376,3,6,54.0,46.0,1523108.0,,,,,,,,,,,,,,,,,,,,,,,,,,,,,,,,,,,,3,1,CHE,YUN,2,7,7,3,0,16,9,2,6,YUN/CHE,True,True,2.94,0.26999999999999996
2026-04-21,Chinese Super League,2026,TIANJIN TEDA,SHANDONG LUNENG,1,2,1,0,A,11,11,2,3,8,15,3,6,2,2,0,0,396,418,1,1,48.0,52.0,1523111.0,,,,,,,,,,,,,,,,,,,,,,,,,,,,,,,,,,,,3,1,TIA,SHA,2,9,7,0,3,5,10,14,5,TIA/SHA,True,False,-0.020000000000000018,1.89
2026-04-22,Chinese Super League,2026,SHENYANG URBAN,DALIAN ZHIXING,0,1,0,0,A,6,11,2,4,15,12,4,6,2,1,0,0,418,328,3,2,56.0,44.0,1523112.0,,,,,,,,,,,,,,,,,,,,,,,,,,,,,,,,,,,,1,0,SHE,DAL,1,10,7,0,3,7,12,12,5,E/DAL,True,False,-0.020000000000000018,2.1199999999999997
2026-04-22,Chinese Super League,2026,QINGDAO YOUTH ISLAND,HENAN JIANYE,0,0,0,0,D,6,7,1,2,18,12,4,3,1,3,0,0,365,440,2,1,45.0,55.0,1523113.0,,,,,,,,,,,,,,,,,,,,,,,,,,,,,,,,,,,,0,0,QIN,HEN,0,7,7,1,1,5,7,16,10,E/E,False,False,0.59,0.52
2026-04-22,Chinese Super League,2026,SHANGHAI SHENHUA,QINGDAO JONOON,2,0,0,0,H,21,10,8,3,19,9,9,4,4,4,0,0,475,368,3,6,56.0,44.0,1523114.0,,,,,,,,,,,,,,,,,,,,,,,,,,,,,,,,,,,,2,0,SHA,QIN,2,13,7,3,0,14,5,4,16,E/SHA,False,True,2.5200000000000005,-0.33000000000000007
2026-04-25,Chinese Super League,2026,BEIJING GUOAN,TIANJIN TEDA,2,4,0,2,A,21,10,6,8,14,9,17,3,2,1,0,0,658,219,4,4,76.0,24.0,1523116.0,,,,,,,,,,,,,,,,,,,,,,,,,,,,,,,,,,,,6,2,BEI,TIA,4,20,8,0,3,8,5,7,15,TIA/TIA,False,False,1.09,2.1100000000000003
2026-04-25,Chinese Super League,2026,SHANGHAI SIPG,WUHAN THREE TOWNS,4,0,1,0,H,14,6,6,3,14,22,3,3,0,1,0,0,540,354,3,2,60.0,40.0,1523117.0,,,,,,,,,,,,,,,,,,,,,,,,,,,,,,,,,,,,4,1,SHA,WUH,3,6,8,3,0,7,7,11,12,SHA/SHA,False,False,2.34,0.13999999999999993
2026-04-25,Chinese Super League,2026,CHENGDU BETTER CITY,HANGZHOU GREENTOWN,4,0,3,0,H,16,12,4,3,11,15,2,3,1,4,1,0,509,363,3,0,58.0,42.0,1523115.0,,,,,,,,,,,,,,,,,,,,,,,,,,,,,,,,,,,,4,3,CHE,HAN,1,5,8,3,0,19,8,1,9,CHE/CHE,False,True,1.6400000000000001,-0.040000000000000036
2026-04-26,Chinese Super League,2026,QINGDAO JONOON,SHANDONG LUNENG,4,1,2,0,H,12,14,5,6,10,15,4,6,3,2,0,0,324,428,5,1,43.0,57.0,1523121.0,,,,,,,,,,,,,,,,,,,,,,,,,,,,,,,,,,,,5,2,QIN,SHA,3,10,8,3,0,5,13,16,5,QIN/QIN,True,False,2.2299999999999995,0.6699999999999999
2026-04-26,Chinese Super League,2026,CHONGQING TONGLIANG LONG,QINGDAO YOUTH ISLAND,1,1,1,1,D,7,6,2,2,21,18,3,2,2,3,0,0,482,349,1,1,58.0,42.0,1523118.0,,,,,,,,,,,,,,,,,,,,,,,,,,,,,,,,,,,,2,2,CHO,QIN,0,5,8,1,1,17,6,3,16,E/E,False,True,0.6100000000000001,0.43999999999999995
2026-04-26,Chinese Super League,2026,SICHUAN JIUNIU,SHENYANG URBAN,1,0,1,0,H,9,12,2,3,12,15,1,8,4,3,0,0,308,518,3,1,36.0,64.0,1523119.0,,,,,,,,,,,,,,,,,,,,,,,,,,,,,,,,,,,,1,1,SIC,SHE,0,9,8,3,0,6,7,16,13,SIC/SIC,False,False,1.1400000000000001,0.42999999999999994
2026-04-26,Chinese Super League,2026,DALIAN ZHIXING,YUNNAN YUKUN,1,3,0,3,A,23,9,9,6,15,18,13,1,1,3,0,0,349,375,3,6,50.0,50.0,1523120.0,,,,,,,,,,,,,,,,,,,,,,,,,,,,,,,,,,,,4,3,DAL,YUN,1,14,8,0,3,15,9,4,7,YUN/YUN,False,True,1.5799999999999996,1.94
2026-04-26,Chinese Super League,2026,HENAN JIANYE,SHANGHAI SHENHUA,0,3,0,1,A,9,12,1,7,9,9,11,3,1,0,0,0,484,354,4,1,58.0,42.0,1523122.0,,,,,,,,,,,,,,,,,,,,,,,,,,,,,,,,,,,,3,1,HEN,SHA,2,14,8,0,3,8,17,10,3,SHA/SHA,True,False,0.18999999999999997,2.4299999999999997
2026-05-01,Chinese Super League,2026,HENAN JIANYE,SHENYANG URBAN,4,0,2,0,H,10,8,4,0,14,9,4,4,1,2,0,0,373,437,0,0,46.0,54.0,1523124.0,,,,,,,,,,,,,,,,,,,,,,,,,,,,,,,,,,,,4,2,HEN,SHE,2,8,9,3,0,8,7,12,14,HEN/HEN,False,False,2.12,-0.28
2026-05-01,Chinese Super League,2026,TIANJIN TEDA,WUHAN THREE TOWNS,2,2,0,0,D,9,8,3,5,14,12,6,3,2,4,0,1,466,350,3,1,58.0,42.0,1523126.0,,,,,,,,,,,,,,,,,,,,,,,,,,,,,,,,,,,,4,0,TIA,WUH,4,9,9,1,1,8,7,10,14,E/E,False,False,0.74,0.47999999999999987
2026-05-01,Chinese Super League,2026,SHANGHAI SHENHUA,CHENGDU BETTER CITY,2,3,2,1,A,21,11,6,4,17,10,10,4,3,4,0,0,315,498,1,4,39.0,61.0,1523127.0,,,,,,,,,,,,,,,,,,,,,,,,,,,,,,,,,,,,5,3,SHA,CHE,2,14,9,0,3,20,22,2,1,SHA/CHE,True,True,0.8199999999999998,1.9
2026-05-01,Chinese Super League,2026,DALIAN ZHIXING,CHONGQING TONGLIANG LONG,1,0,0,0,H,10,6,1,3,15,14,8,3,2,3,0,0,369,448,3,0,47.0,53.0,1523123.0,,,,,,,,,,,,,,,,,,,,,,,,,,,,,,,,,,,,1,0,DAL,CHO,1,11,9,3,0,15,18,4,3,E/DAL,True,True,2.1399999999999997,0.08999999999999997
2026-05-01,Chinese Super League,2026,SHANDONG LUNENG,QINGDAO YOUTH ISLAND,1,1,0,1,D,20,10,3,2,22,17,5,6,3,5,0,0,417,266,1,2,60.0,40.0,1523125.0,,,,,,,,,,,,,,,,,,,,,,,,,,,,,,,,,,,,2,1,SHA,QIN,1,11,9,1,1,13,7,5,16,QIN/E,False,True,0.68,0.3500000000000001
2026-05-02,Chinese Super League,2026,HANGZHOU GREENTOWN,SICHUAN JIUNIU,2,1,1,1,H,16,9,8,6,13,12,6,9,3,1,0,0,338,276,5,6,55.0,45.0,1523129.0,,,,,,,,,,,,,,,,,,,,,,,,,,,,,,,,,,,,3,2,HAN,SIC,1,15,9,3,0,8,9,13,10,E/HAN,False,False,2.2199999999999998,0.73
2026-05-02,Chinese Super League,2026,YUNNAN YUKUN,BEIJING GUOAN,3,3,1,1,D,12,11,5,6,9,7,5,8,0,0,0,0,392,435,4,2,48.0,52.0,1523130.0,,,,,,,,,,,,,,,,,,,,,,,,,,,,,,,,,,,,6,2,YUN,BEI,4,13,9,1,1,12,8,6,12,E/E,False,True,1.04,1.4499999999999997
2026-05-02,Chinese Super League,2026,QINGDAO JONOON,SHANGHAI SIPG,3,1,1,0,H,11,11,4,3,15,16,1,5,1,4,0,1,269,489,2,1,36.0,64.0,1523128.0,,,,,,,,,,,,,,,,,,,,,,,,,,,,,,,,,,,,4,1,QIN,SHA,3,6,9,3,0,8,10,13,9,QIN/QIN,False,False,1.7999999999999998,-0.1700000000000001
2026-05-05,Chinese Super League,2026,QINGDAO YOUTH ISLAND,TIANJIN TEDA,1,1,1,1,D,14,7,4,3,15,13,7,3,1,0,0,0,532,302,2,3,64.0,36.0,1523131.0,,,,,,,,,,,,,,,,,,,,,,,,,,,,,,,,,,,,2,2,QIN,TIA,0,10,10,1,1,8,9,15,11,E/E,False,False,1.14,0.76
2026-05-05,Chinese Super League,2026,SHENYANG URBAN,CHENGDU BETTER CITY,0,1,0,0,A,5,17,1,5,7,16,3,10,4,2,0,0,264,592,4,1,31.0,69.0,1523132.0,,,,,,,,,,,,,,,,,,,,,,,,,,,,,,,,,,,,1,0,SHE,CHE,1,13,10,0,3,7,25,16,1,E/CHE,True,False,-0.55,2.44
2026-05-05,Chinese Super League,2026,SHANDONG LUNENG,SHANGHAI SHENHUA,4,1,2,0,H,20,10,7,4,12,12,6,3,1,2,0,0,392,442,2,3,46.0,54.0,1523133.0,,,,,,,,,,,,,,,,,,,,,,,,,,,,,,,,,,,,5,2,SHA,SHA,3,9,10,3,0,14,20,5,2,SHA/SHA,True,True,2.9899999999999993,0.07999999999999996
2026-05-05,Chinese Super League,2026,CHONGQING TONGLIANG LONG,HENAN JIANYE,1,1,0,0,D,11,4,5,1,10,18,2,5,3,3,0,0,389,449,1,4,46.0,54.0,1523134.0,,,,,,,,,,,,,,,,,,,,,,,,,,,,,,,,,,,,2,0,CHO,HEN,2,7,10,1,1,18,11,3,7,E/E,False,True,0.8999999999999999,0.30999999999999994
2026-05-06,Chinese Super League,2026,YUNNAN YUKUN,HANGZHOU GREENTOWN,1,2,1,0,A,10,13,2,6,21,17,4,2,3,5,0,1,356,410,4,1,46.0,54.0,1523138.0,,,,,,,,,,,,,,,,,,,,,,,,,,,,,,,,,,,,3,1,YUN,HAN,2,6,10,0,3,13,11,6,9,YUN/HAN,False,True,-0.1400000000000001,2.07
2026-05-06,Chinese Super League,2026,SHANGHAI SIPG,SICHUAN JIUNIU,1,1,0,0,D,13,8,1,3,14,15,5,4,0,2,1,0,473,264,2,0,65.0,35.0,1523137.0,,,,,,,,,,,,,,,,,,,,,,,,,,,,,,,,,,,,2,0,SHA,SIC,2,9,10,1,1,10,9,10,13,E/E,False,False,0.42000000000000004,0.7999999999999998
2026-05-06,Chinese Super League,2026,BEIJING GUOAN,DALIAN ZHIXING,3,0,0,0,H,16,9,8,5,12,20,4,2,1,5,1,0,487,350,5,5,58.0,42.0,1523136.0,,,,,,,,,,,,,,,,,,,,,,,,,,,,,,,,,,,,3,0,BEI,DAL,3,6,10,3,0,9,18,13,4,E/BEI,True,False,2.7600000000000002,-0.13000000000000006
2026-05-06,Chinese Super League,2026,WUHAN THREE TOWNS,QINGDAO JONOON,1,3,0,1,A,11,16,4,4,10,12,6,10,3,1,0,0,292,339,1,3,47.0,53.0,1523135.0,,,,,,,,,,,,,,,,,,,,,,,,,,,,,,,,,,,,4,1,WUH,QIN,3,16,10,0,3,8,11,15,11,QIN/QIN,False,False,0.1999999999999999,2.18
2026-05-09,Chinese Super League,2026,CHENGDU BETTER CITY,HENAN JIANYE,3,0,1,0,H,13,8,7,5,16,11,9,4,2,1,0,0,397,380,5,3,51.0,49.0,1523140.0,,,,,,,,,,,,,,,,,,,,,,,,,,,,,,,,,,,,3,1,CHE,HEN,2,13,11,3,0,28,12,1,10,CHE/CHE,False,True,2.4699999999999998,0.31999999999999995
2026-05-09,Chinese Super League,2026,SHANGHAI SHENHUA,CHONGQING TONGLIANG LONG,2,2,0,2,D,20,8,9,4,18,11,11,2,4,1,1,0,563,356,2,7,63.0,37.0,1523139.0,,,,,,,,,,,,,,,,,,,,,,,,,,,,,,,,,,,,4,2,SHA,CHO,2,13,11,1,1,20,19,2,3,CHO/E,True,True,1.5100000000000002,0.43000000000000016
2026-05-10,Chinese Super League,2026,SHENYANG URBAN,YUNNAN YUKUN,1,2,0,1,A,13,12,3,8,13,9,4,4,0,1,0,0,370,422,5,2,48.0,52.0,1523142.0,,,,,,,,,,,,,,,,,,,,,,,,,,,,,,,,,,,,3,1,SHE,YUN,2,8,11,0,3,7,13,16,8,YUN/YUN,False,False,0.16999999999999993,2.5700000000000003
2026-05-10,Chinese Super League,2026,QINGDAO YOUTH ISLAND,WUHAN THREE TOWNS,1,1,1,0,D,11,8,4,4,10,18,3,5,4,3,0,0,306,371,4,1,46.0,54.0,1523141.0,,,,,,,,,,,,,,,,,,,,,,,,,,,,,,,,,,,,2,1,QIN,WUH,1,8,11,1,1,9,8,14,15,QIN/E,False,False,0.5500000000000003,0.79
2026-05-10,Chinese Super League,2026,QINGDAO JONOON,DALIAN ZHIXING,3,1,2,0,H,14,13,8,5,15,15,7,7,2,3,1,0,314,450,4,5,41.0,59.0,1523143.0,,,,,,,,,,,,,,,,,,,,,,,,,,,,,,,,,,,,4,2,QIN,DAL,2,14,11,3,0,14,18,7,4,QIN/QIN,True,False,2.71,0.2599999999999999
2026-05-10,Chinese Super League,2026,BEIJING GUOAN,SHANGHAI SIPG,2,2,0,1,D,15,5,6,2,9,20,8,0,1,4,0,0,528,305,0,4,64.0,36.0,1523144.0,,,,,,,,,,,,,,,,,,,,,,,,,,,,,,,,,,,,4,1,BEI,SHA,3,8,11,1,1,12,11,9,11,SHA/E,False,False,1.5999999999999996,-0.06000000000000005
2026-05-10,Chinese Super League,2026,HANGZHOU GREENTOWN,TIANJIN TEDA,1,1,0,0,D,17,14,7,4,15,15,6,3,4,3,0,0,491,306,3,6,61.0,39.0,1523145.0,,,,,,,,,,,,,,,,,,,,,,,,,,,,,,,,,,,,2,0,HAN,TIA,2,9,11,1,1,14,10,8,12,E/E,False,False,1.19,0.48
2026-05-10,Chinese Super League,2026,SICHUAN JIUNIU,SHANDONG LUNENG,1,2,0,1,A,12,13,4,3,12,17,8,4,2,3,0,0,396,366,1,3,53.0,47.0,1523146.0,,,,,,,,,,,,,,,,,,,,,,,,,,,,,,,,,,,,3,1,SIC,SHA,2,12,11,0,3,10,17,13,6,SHA/SHA,True,False,0.5700000000000001,1.49
2026-05-15,Chinese Super League,2026,DALIAN ZHIXING,QINGDAO YOUTH ISLAND,2,3,0,1,A,26,11,7,5,16,15,7,2,2,1,0,0,482,246,2,4,67.0,33.0,1523151.0,,,,,,,,,,,,,,,,,,,,,,,,,,,,,,,,,,,,5,1,DAL,QIN,4,9,12,0,3,18,10,5,14,QIN/QIN,False,True,0.9100000000000001,2.26
2026-05-15,Chinese Super League,2026,BEIJING GUOAN,QINGDAO JONOON,4,2,3,0,H,22,10,7,5,14,24,1,2,1,3,0,0,615,313,3,2,66.0,34.0,1523150.0,,,,,,,,,,,,,,,,,,,,,,,,,,,,,,,,,,,,6,3,BEI,QIN,3,3,12,3,0,13,17,9,6,BEI/BEI,True,False,2.7099999999999995,0.17999999999999994
2026-05-15,Chinese Super League,2026,TIANJIN TEDA,CHENGDU BETTER CITY,1,2,1,1,A,10,12,3,5,10,10,3,5,4,2,0,0,436,487,2,2,47.0,53.0,1523149.0,,,,,,,,,,,,,,,,,,,,,,,,,,,,,,,,,,,,3,2,TIA,CHE,1,8,12,0,3,11,31,13,1,E/CHE,True,False,-0.15000000000000005,2.09
2026-05-15,Chinese Super League,2026,SHANGHAI SIPG,HANGZHOU GREENTOWN,2,2,1,1,D,10,10,2,3,16,17,5,2,3,4,0,0,508,290,1,0,64.0,36.0,1523148.0,,,,,,,,,,,,,,,,,,,,,,,,,,,,,,,,,,,,4,2,SHA,HAN,2,7,12,1,1,12,15,11,9,E/E,False,False,0.5599999999999999,0.44999999999999996
2026-05-15,Chinese Super League,2026,HENAN JIANYE,SICHUAN JIUNIU,1,0,0,0,H,21,6,5,1,7,16,9,3,1,1,0,0,384,250,1,4,61.0,39.0,1523147.0,,,,,,,,,,,,,,,,,,,,,,,,,,,,,,,,,,,,1,0,HEN,SIC,1,12,12,3,0,12,10,12,14,E/HEN,False,False,2.49,-0.22999999999999998
2026-05-16,Chinese Super League,2026,YUNNAN YUKUN,SHANGHAI SHENHUA,1,0,0,0,H,13,12,6,1,5,6,3,4,1,1,0,0,480,364,1,5,56.0,44.0,1523154.0,,,,,,,,,,,,,,,,,,,,,,,,,,,,,,,,,,,,1,0,YUN,SHA,1,7,12,3,0,16,21,7,2,E/YUN,True,False,2.82,-0.11000000000000004
2026-05-16,Chinese Super League,2026,SHANDONG LUNENG,CHONGQING TONGLIANG LONG,3,1,2,0,H,15,8,6,3,11,10,4,4,2,2,0,0,551,405,2,3,58.0,42.0,1523153.0,,,,,,,,,,,,,,,,,,,,,,,,,,,,,,,,,,,,4,2,SHA,CHO,2,8,12,3,0,20,20,4,3,SHA/SHA,True,True,2.67,0.0699999999999999
2026-05-16,Chinese Super League,2026,WUHAN THREE TOWNS,SHENYANG URBAN,2,2,2,1,D,13,15,4,6,5,11,3,7,1,1,0,0,229,469,4,2,33.0,67.0,1523152.0,,,,,,,,,,,,,,,,,,,,,,,,,,,,,,,,,,,,4,3,WUH,SHE,1,10,12,1,1,9,7,15,16,WUH/E,False,False,0.7100000000000001,1.39
2026-05-19,Chinese Super League,2026,SICHUAN JIUNIU,DALIAN ZHIXING,1,1,1,1,D,14,14,1,5,16,18,8,7,2,3,0,0,393,239,4,0,62.0,38.0,1523155.0,,,,,,,,,,,,,,,,,,,,,,,,,,,,,,,,,,,,2,2,SIC,DAL,0,15,13,1,1,10,18,14,6,E/E,True,False,0.46,1.09
2026-05-19,Chinese Super League,2026,TIANJIN TEDA,HENAN JIANYE,1,2,0,1,A,9,8,2,3,14,15,4,1,3,2,0,0,380,373,1,1,51.0,49.0,1523156.0,,,,,,,,,,,,,,,,,,,,,,,,,,,,,,,,,,,,3,1,TIA,HEN,2,5,13,0,3,11,15,13,10,HEN/HEN,False,False,0.029999999999999916,1.6199999999999999
2026-05-19,Chinese Super League,2026,CHENGDU BETTER CITY,SHANGHAI SIPG,0,1,0,0,A,18,3,6,1,8,21,6,2,3,9,0,0,408,329,0,6,56.0,44.0,1523157.0,,,,,,,,,,,,,,,,,,,,,,,,,,,,,,,,,,,,1,0,CHE,SHA,1,8,13,0,3,34,13,1,11,E/SHA,False,True,0.8099999999999998,0.93
2026-05-19,Chinese Super League,2026,QINGDAO YOUTH ISLAND,BEIJING GUOAN,1,1,0,0,D,8,18,3,7,7,12,3,9,1,3,1,0,269,658,6,2,30.0,70.0,1523158.0,,,,,,,,,,,,,,,,,,,,,,,,,,,,,,,,,,,,2,0,QIN,BEI,2,12,13,1,1,13,16,12,9,E/E,False,False,0.21999999999999986,1.4899999999999998
2026-05-20,Chinese Super League,2026,SHANGHAI SHENHUA,WUHAN THREE TOWNS,2,2,2,1,D,15,20,4,8,9,16,4,4,2,4,0,0,363,476,6,2,43.0,57.0,1523160.0,,,,,,,,,,,,,,,,,,,,,,,,,,,,,,,,,,,,4,3,SHA,WUH,1,8,13,1,1,21,10,3,15,SHA/E,False,True,0.6200000000000001,1.2199999999999998
2026-05-20,Chinese Super League,2026,CHONGQING TONGLIANG LONG,YUNNAN YUKUN,0,0,0,0,D,7,4,1,1,11,17,6,3,0,3,0,0,469,428,1,1,52.0,48.0,1523161.0,,,,,,,,,,,,,,,,,,,,,,,,,,,,,,,,,,,,0,0,CHO,YUN,0,9,13,1,1,20,19,4,5,E/E,True,True,0.8400000000000001,0.32999999999999996
2026-05-20,Chinese Super League,2026,HANGZHOU GREENTOWN,SHANDONG LUNENG,4,1,0,1,H,23,9,9,2,18,8,5,4,0,1,0,0,445,381,1,5,54.0,46.0,1523162.0,,,,,,,,,,,,,,,,,,,,,,,,,,,,,,,,,,,,5,1,HAN,SHA,4,9,13,3,0,16,23,11,2,SHA/HAN,True,False,3.4199999999999995,-0.15000000000000002
2026-05-20,Chinese Super League,2026,SHENYANG URBAN,QINGDAO JONOON,2,1,1,0,H,17,11,8,3,13,13,4,0,3,0,0,0,346,356,2,5,50.0,50.0,1523159.0,,,,,,,,,,,,,,,,,,,,,,,,,,,,,,,,,,,,3,1,SHE,QIN,2,4,13,3,0,8,17,16,10,SHE/SHE,False,False,2.45,-0.03000000000000007
2026-05-23,Chinese Super League,2026,DALIAN ZHIXING,CHENGDU BETTER CITY,2,0,0,0,H,13,5,3,0,10,17,3,5,3,4,0,0,304,509,0,1,38.0,62.0,1523165.0,,,,,,,,,,,,,,,,,,,,,,,,,,,,,,,,,,,,2,0,DAL,CHE,2,8,14,3,0,19,34,7,1,E/DAL,True,False,2.2,-0.36000000000000004
2026-05-23,Chinese Super League,2026,BEIJING GUOAN,HENAN JIANYE,1,2,1,0,A,13,9,4,3,19,19,4,5,1,2,0,0,483,276,2,3,63.0,37.0,1523164.0,,,,,,,,,,,,,,,,,,,,,,,,,,,,,,,,,,,,3,1,BEI,HEN,2,9,14,0,3,17,18,9,8,BEI/HEN,False,False,0.44999999999999996,1.72
2026-05-23,Chinese Super League,2026,SHANGHAI SIPG,TIANJIN TEDA,1,1,0,0,D,12,11,5,3,8,10,4,3,0,1,0,0,500,383,2,4,57.0,43.0,1523163.0,,,,,,,,,,,,,,,,,,,,,,,,,,,,,,,,,,,,2,0,SHA,TIA,2,7,14,1,1,16,11,11,13,E/E,False,False,1.24,0.67
2026-05-24,Chinese Super League,2026,YUNNAN YUKUN,QINGDAO YOUTH ISLAND,2,3,1,1,A,21,12,7,7,10,15,6,7,1,3,0,0,419,269,3,5,61.0,39.0,1523167.0,,,,,,,,,,,,,,,,,,,,,,,,,,,,,,,,,,,,5,2,YUN,QIN,3,13,14,0,3,20,14,7,12,E/QIN,False,False,0.76,2.13
2026-05-24,Chinese Super League,2026,SHANGHAI SHENHUA,SICHUAN JIUNIU,1,2,1,2,A,11,16,3,7,16,20,7,5,3,1,0,0,454,314,5,2,60.0,40.0,1523170.0,,,,,,,,,,,,,,,,,,,,,,,,,,,,,,,,,,,,3,3,SHA,SIC,0,12,14,0,3,22,11,3,14,SIC/SIC,False,True,0.04999999999999993,2.9099999999999997
2026-05-24,Chinese Super League,2026,HANGZHOU GREENTOWN,SHENYANG URBAN,0,5,0,2,A,15,14,4,9,17,12,9,0,1,2,0,0,462,307,4,4,61.0,39.0,1523169.0,,,,,,,,,,,,,,,,,,,,,,,,,,,,,,,,,,,,5,2,HAN,SHE,3,9,14,0,3,19,11,8,16,SHE/SHE,False,False,0.5,2.269999999999999
2026-05-24,Chinese Super League,2026,QINGDAO JONOON,CHONGQING TONGLIANG LONG,0,1,0,0,A,13,5,1,4,20,13,8,3,2,2,0,0,401,357,3,1,54.0,46.0,1523166.0,,,,,,,,,,,,,,,,,,,,,,,,,,,,,,,,,,,,1,0,QIN,CHO,1,11,14,0,3,17,21,11,5,E/CHO,True,False,0.08999999999999997,1.84
2026-05-24,Chinese Super League,2026,SHANDONG LUNENG,WUHAN THREE TOWNS,3,3,2,2,D,20,17,10,5,18,12,3,2,3,5,0,0,417,330,2,7,56.0,44.0,1523168.0,,,,,,,,,,,,,,,,,,,,,,,,,,,,,,,,,,,,6,4,SHA,WUH,2,5,14,1,1,23,11,3,16,E/E,False,True,1.5599999999999998,0.29000000000000004
2026-05-29,Chinese Super League,2026,SHENYANG URBAN,SHANGHAI SIPG,3,2,1,1,H,9,12,4,4,12,9,1,12,2,3,1,0,332,471,2,1,41.0,59.0,1523171.0,,,,,,,,,,,,,,,,,,,,,,,,,,,,,,,,,,,,5,2,SHE,SHA,3,13,15,3,0,14,17,13,9,E/SHE,False,False,1.2600000000000002,0.6799999999999999
2026-05-30,Chinese Super League,2026,HENAN JIANYE,HANGZHOU GREENTOWN,0,2,0,1,A,20,6,6,4,11,17,7,1,1,5,0,0,418,239,2,5,65.0,35.0,1523172.0,,,,,,,,,,,,,,,,,,,,,,,,,,,,,,,,,,,,2,1,HEN,HAN,1,8,15,0,3,21,19,6,8,HAN/HAN,False,True,0.93,1.71
2026-05-30,Chinese Super League,2026,CHENGDU BETTER CITY,SHANDONG LUNENG,1,0,1,0,H,17,14,7,0,7,17,5,2,2,3,0,0,406,453,0,6,47.0,53.0,1523173.0,,,,,,,,,,,,,,,,,,,,,,,,,,,,,,,,,,,,1,1,CHE,SHA,0,7,15,3,0,34,24,1,3,CHE/CHE,True,True,3.0599999999999996,-0.65
2026-05-30,Chinese Super League,2026,QINGDAO YOUTH ISLAND,SHANGHAI SHENHUA,2,2,1,1,D,10,8,3,3,11,18,6,3,2,3,0,0,473,379,1,1,56.0,44.0,1523174.0,,,,,,,,,,,,,,,,,,,,,,,,,,,,,,,,,,,,4,2,QIN,SHA,2,9,15,1,1,17,22,13,4,E/E,True,False,0.8400000000000001,0.5299999999999999
2026-05-30,Chinese Super League,2026,CHONGQING TONGLIANG LONG,BEIJING GUOAN,2,3,0,1,A,8,23,4,12,18,9,4,8,3,1,0,0,300,404,7,2,43.0,57.0,1523175.0,,,,,,,,,,,,,,,,,,,,,,,,,,,,,,,,,,,,5,1,CHO,BEI,4,12,15,0,3,24,17,2,11,BEI/BEI,False,True,-0.2600000000000001,3.8199999999999994
2026-05-30,Chinese Super League,2026,SICHUAN JIUNIU,QINGDAO JONOON,3,2,1,0,H,16,10,5,4,16,9,9,3,3,2,0,1,311,356,2,2,47.0,53.0,1523176.0,,,,,,,,,,,,,,,,,,,,,,,,,,,,,,,,,,,,5,1,SIC,QIN,4,12,15,3,0,14,17,14,12,SIC/SIC,False,False,2.1399999999999997,-0.13
2026-05-31,Chinese Super League,2026,TIANJIN TEDA,DALIAN ZHIXING,1,0,1,0,H,7,17,5,2,9,18,7,9,3,1,0,0,219,454,2,3,33.0,67.0,1523177.0,,,,,,,,,,,,,,,,,,,,,,,,,,,,,,,,,,,,1,1,TIA,DAL,0,16,15,3,0,12,22,15,5,TIA/TIA,True,False,2.5199999999999996,0.26
2026-05-31,Chinese Super League,2026,WUHAN THREE TOWNS,YUNNAN YUKUN,1,1,0,0,D,12,7,4,2,16,15,7,3,5,4,0,0,354,302,1,4,54.0,46.0,1523178.0,,,,,,,,,,,,,,,,,,,,,,,,,,,,,,,,,,,,2,0,WUH,YUN,2,10,15,1,1,12,20,16,8,E/E,False,False,0.79,0.21000000000000008
2026-06-26,Chinese Super League,2026,QINGDAO JONOON,YUNNAN YUKUN,4,2,4,2,H,8,20,6,4,15,14,2,4,4,2,0,0,374,408,2,2,47.0,53.0,1523179.0,,,,,,,,,,,,,,,,,,,,,,,,,,,,,,,,,,,,6,6,QIN,YUN,0,6,16,3,0,17,21,12,7,QIN/QIN,False,False,1.8199999999999998,0.25999999999999995
2026-06-27,Chinese Super League,2026,CHONGQING TONGLIANG LONG,TIANJIN TEDA,1,0,0,0,H,6,13,1,1,9,12,2,13,0,2,0,0,442,402,1,0,51.0,49.0,1523184.0,,,,,,,,,,,,,,,,,,,,,,,,,,,,,,,,,,,,1,0,CHO,TIA,1,15,16,3,0,24,15,2,15,E/CHO,False,True,1.44,0.51
2026-06-27,Chinese Super League,2026,BEIJING GUOAN,WUHAN THREE TOWNS,1,0,0,0,H,19,9,8,2,17,17,7,2,1,3,0,0,488,256,2,7,66.0,34.0,1523183.0,,,,,,,,,,,,,,,,,,,,,,,,,,,,,,,,,,,,1,0,BEI,WUH,1,9,16,3,0,20,13,9,16,E/BEI,False,False,2.81,-0.44000000000000006
2026-06-27,Chinese Super League,2026,SHENYANG URBAN,SHANDONG LUNENG,1,5,0,2,A,9,22,1,9,10,5,5,3,1,0,0,0,489,380,4,0,57.0,43.0,1523180.0,,,,,,,,,,,,,,,,,,,,,,,,,,,,,,,,,,,,6,2,SHE,SHA,4,8,16,0,3,17,24,13,3,SHA/SHA,True,False,-0.21000000000000005,2.8499999999999996
2026-06-27,Chinese Super League,2026,SICHUAN JIUNIU,CHENGDU BETTER CITY,2,3,0,1,A,15,16,6,5,13,13,5,9,4,3,1,0,318,265,1,4,54.0,46.0,1523182.0,,,,,,,,,,,,,,,,,,,,,,,,,,,,,,,,,,,,5,1,SIC,CHE,4,14,16,0,3,17,37,13,1,CHE/CHE,True,False,0.06999999999999995,1.9999999999999998
2026-06-27,Chinese Super League,2026,HENAN JIANYE,SHANGHAI SIPG,1,2,1,1,A,10,6,6,3,17,15,2,3,2,2,0,0,327,415,1,5,44.0,56.0,1523181.0,,,,,,,,,,,,,,,,,,,,,,,,,,,,,,,,,,,,3,2,HEN,SHA,1,5,16,0,3,21,17,9,12,E/SHA,False,False,0.5899999999999999,1.5599999999999998
2026-06-28,Chinese Super League,2026,DALIAN ZHIXING,SHANGHAI SHENHUA,1,4,1,2,A,13,14,3,8,7,13,8,2,0,2,0,0,438,323,3,2,59.0,41.0,1523186.0,,,,,,,,,,,,,,,,,,,,,,,,,,,,,,,,,,,,5,3,DAL,SHA,2,10,16,0,3,22,23,7,4,SHA/SHA,True,False,0.41,2.29
2026-06-28,Chinese Super League,2026,QINGDAO YOUTH ISLAND,HANGZHOU GREENTOWN,3,1,1,1,H,14,11,6,2,8,13,7,7,1,0,0,0,269,487,1,3,36.0,64.0,1523185.0,,,,,,,,,,,,,,,,,,,,,,,,,,,,,,,,,,,,4,2,QIN,HAN,2,14,16,3,0,18,22,12,6,E/QIN,True,False,2.9099999999999997,0.20999999999999996
2026-07-03,Chinese Super League,2026,YUNNAN YUKUN,HENAN JIANYE,2,1,0,1,H,19,8,7,4,8,10,8,1,1,3,0,0,349,337,3,5,52.0,48.0,1523187.0,,,,,,,,,,,,,,,,,,,,,,,,,,,,,,,,,,,,3,1,YUN,HEN,2,9,17,3,0,21,21,8,9,HEN/YUN,False,False,2.6299999999999994,-0.16000000000000011
2026-07-04,Chinese Super League,2026,TIANJIN TEDA,SICHUAN JIUNIU,3,0,1,0,H,14,13,4,3,14,14,1,7,2,3,0,0,254,438,3,1,36.0,64.0,1523192.0,,,,,,,,,,,,,,,,,,,,,,,,,,,,,,,,,,,,3,1,TIA,SIC,2,8,17,3,0,15,17,15,13,TIA/TIA,False,False,1.66,0.2799999999999999
2026-07-04,Chinese Super League,2026,QINGDAO YOUTH ISLAND,SHANGHAI SIPG,2,1,0,0,H,10,6,6,4,14,16,3,7,1,2,0,1,370,434,3,4,46.0,54.0,1523189.0,,,,,,,,,,,,,,,,,,,,,,,,,,,,,,,,,,,,3,0,QIN,SHA,3,10,17,3,0,21,20,9,11,E/QIN,False,False,2.1099999999999994,0.13999999999999985
2026-07-04,Chinese Super League,2026,BEIJING GUOAN,SHANDONG LUNENG,2,0,0,0,H,39,3,13,2,9,13,12,0,1,1,0,1,560,182,2,9,76.0,24.0,1523190.0,,,,,,,,,,,,,,,,,,,,,,,,,,,,,,,,,,,,2,0,BEI,SHA,2,12,17,3,0,23,27,7,2,E/BEI,True,False,4.35,-0.9400000000000001
2026-07-04,Chinese Super League,2026,DALIAN ZHIXING,WUHAN THREE TOWNS,3,2,1,2,H,19,11,10,4,11,15,7,2,2,3,0,0,440,357,2,7,55.0,45.0,1523191.0,,,,,,,,,,,,,,,,,,,,,,,,,,,,,,,,,,,,5,3,DAL,WUH,2,9,17,3,0,22,13,9,16,WUH/DAL,False,False,2.9099999999999997,-0.24000000000000007
2026-07-04,Chinese Super League,2026,SHENYANG URBAN,CHONGQING TONGLIANG LONG,3,1,0,1,H,22,8,8,4,16,8,7,2,4,0,0,1,525,291,3,5,65.0,35.0,1523188.0,,,,,,,,,,,,,,,,,,,,,,,,,,,,,,,,,,,,4,1,SHE,CHO,3,9,17,3,0,17,27,14,2,CHO/SHE,True,False,2.91,-0.09000000000000008
2026-07-05,Chinese Super League,2026,QINGDAO JONOON,CHENGDU BETTER CITY,1,1,0,0,D,14,22,4,3,12,8,2,7,0,1,0,0,291,518,1,3,36.0,64.0,1523193.0,,,,,,,,,,,,,,,,,,,,,,,,,,,,,,,,,,,,2,0,QIN,CHE,2,9,17,1,1,20,40,12,1,E/E,True,False,0.91,0.9600000000000001
2026-07-05,Chinese Super League,2026,SHANGHAI SHENHUA,HANGZHOU GREENTOWN,3,2,1,0,H,14,15,5,6,8,16,7,5,0,2,0,0,414,473,4,2,46.0,54.0,1523194.0,,,,,,,,,,,,,,,,,,,,,,,,,,,,,,,,,,,,5,1,SHA,HAN,4,12,17,3,0,26,22,4,9,SHA/SHA,False,True,2.1999999999999997,0.5599999999999998
2026-07-10,Chinese Super League,2026,SHANDONG LUNENG,YUNNAN YUKUN,4,3,3,1,H,13,28,8,7,11,7,2,14,1,0,0,0,348,456,5,4,42.0,58.0,1523195.0,,,,,,,,,,,,,,,,,,,,,,,,,,,,,,,,,,,,7,4,SHA,YUN,3,16,18,3,0,27,24,3,7,SHA/SHA,False,True,2.07,1.31
2026-07-11,Chinese Super League,2026,CHENGDU BETTER CITY,CHONGQING TONGLIANG LONG,1,1,1,0,D,13,8,4,3,14,9,15,1,3,1,0,0,554,296,2,4,67.0,33.0,1523200.0,,,,,,,,,,,,,,,,,,,,,,,,,,,,,,,,,,,,2,1,CHE,CHO,1,16,18,1,1,41,27,1,4,CHE/E,True,True,1.3800000000000001,0.4
2026-07-11,Chinese Super League,2026,SICHUAN JIUNIU,QINGDAO YOUTH ISLAND,3,0,2,0,H,19,11,8,3,20,16,5,3,2,3,0,0,307,381,3,5,46.0,54.0,1523199.0,,,,,,,,,,,,,,,,,,,,,,,,,,,,,,,,,,,,3,2,SIC,QIN,1,8,18,3,0,17,24,15,8,SIC/SIC,False,False,2.54,-0.2000000000000001
2026-07-14,Chinese Super League,2026,HANGZHOU GREENTOWN,QINGDAO JONOON,3,2,1,0,H,17,20,6,6,12,15,4,6,1,4,0,0,375,343,4,3,52.0,48.0,1523197.0,,,,,,,,,,,,,,,,,,,,,,,,,,,,,,,,,,,,5,1,HAN,QIN,4,10,18,3,0,22,21,9,10,HAN/HAN,False,False,2.0799999999999996,0.41999999999999993
2026-07-17,Chinese Super League,2026,QINGDAO YOUTH ISLAND,CHENGDU BETTER CITY,1,1,1,0,D,10,13,3,2,19,18,1,4,4,2,0,0,255,519,2,2,33.0,67.0,1523207.0,,,,,,,,,,,,,,,,,,,,,,,,,,,,,,,,,,,,2,1,QIN,CHE,1,5,19,1,1,24,42,9,1,QIN/E,True,False,0.42000000000000004,0.6300000000000001
2026-07-17,Chinese Super League,2026,YUNNAN YUKUN,SHANGHAI SIPG,2,2,0,2,D,14,13,3,6,16,9,6,6,2,0,0,0,260,405,4,1,39.0,61.0,1523205.0,,,,,,,,,,,,,,,,,,,,,,,,,,,,,,,,,,,,4,2,YUN,SHA,2,12,19,1,1,24,20,9,13,SHA/E,False,False,0.6299999999999999,1.4300000000000002
2026-07-17,Chinese Super League,2026,BEIJING GUOAN,SHENYANG URBAN,1,1,1,0,D,19,13,2,3,18,14,6,4,1,3,0,0,562,307,2,1,65.0,35.0,1523203.0,,,,,,,,,,,,,,,,,,,,,,,,,,,,,,,,,,,,2,1,BEI,SHE,1,10,18,1,1,26,20,5,13,BEI/E,False,True,0.7700000000000001,0.63
2026-07-17,Chinese Super League,2026,HENAN JIANYE,QINGDAO JONOON,5,1,2,0,H,23,12,10,4,11,8,6,2,1,0,0,0,374,331,3,5,53.0,47.0,1523204.0,,,,,,,,,,,,,,,,,,,,,,,,,,,,,,,,,,,,6,2,HEN,QIN,4,8,19,3,0,21,21,12,11,HEN/HEN,False,False,2.9599999999999995,0.07999999999999999
2026-07-18,Chinese Super League,2026,WUHAN THREE TOWNS,SICHUAN JIUNIU,2,0,2,0,H,27,6,13,1,15,8,11,4,1,0,0,1,534,263,1,10,67.0,33.0,1523210.0,,,,,,,,,,,,,,,,,,,,,,,,,,,,,,,,,,,,2,2,WUH,SIC,0,15,19,3,0,13,20,16,14,WUH/WUH,False,False,3.77,-0.77
2026-07-18,Chinese Super League,2026,DALIAN ZHIXING,SHANDONG LUNENG,3,1,2,1,H,20,18,11,6,10,12,6,6,0,2,0,0,474,404,5,9,53.0,47.0,1523208.0,,,,,,,,,,,,,,,,,,,,,,,,,,,,,,,,,,,,4,3,DAL,SHA,1,12,19,3,0,25,30,8,2,DAL/DAL,True,False,3.5299999999999994,0.3299999999999999
2026-07-18,Chinese Super League,2026,SHANGHAI SHENHUA,TIANJIN TEDA,0,2,0,0,A,17,11,6,4,7,10,5,2,0,2,0,0,301,341,2,6,52.0,48.0,1523209.0,,,,,,,,,,,,,,,,,,,,,,,,,,,,,,,,,,,,2,0,SHA,TIA,2,7,19,0,3,29,18,3,15,E/TIA,False,True,0.9099999999999999,2.1
2026-07-18,Chinese Super League,2026,CHONGQING TONGLIANG LONG,HANGZHOU GREENTOWN,1,1,0,1,D,19,3,3,2,8,15,4,1,0,2,0,0,584,363,1,2,62.0,38.0,1523206.0,,,,,,,,,,,,,,,,,,,,,,,,,,,,,,,,,,,,2,1,CHO,HAN,1,5,19,1,1,28,25,4,8,HAN/E,False,True,1.03,0.4200000000000001
2026-07-25,Chinese Super League,2026,SHENYANG URBAN,QINGDAO YOUTH ISLAND,0,1,0,0,A,8,16,1,5,10,18,2,10,1,6,1,0,305,424,4,1,42.0,58.0,1523212.0,,,,,,,,,,,,,,,,,,,,,,,,,,,,,,,,,,,,1,0,SHE,QIN,1,12,20,0,3,21,25,13,9,E/QIN,False,False,-0.55,2.06
2026-07-25,Chinese Super League,2026,QINGDAO JONOON,TIANJIN TEDA,0,2,0,1,A,19,13,5,4,8,7,6,4,2,2,0,0,367,430,1,5,48.0,52.0,1523211.0,,,,,,,,,,,,,,,,,,,,,,,,,,,,,,,,,,,,2,1,QIN,TIA,1,10,20,0,3,21,21,13,12,TIA/TIA,False,False,0.5700000000000001,1.7300000000000002
2026-07-25,Chinese Super League,2026,WUHAN THREE TOWNS,CHONGQING TONGLIANG LONG,1,0,1,0,H,12,14,4,3,10,11,5,4,0,1,0,0,346,574,3,3,38.0,62.0,1523214.0,,,,,,,,,,,,,,,,,,,,,,,,,,,,,,,,,,,,1,1,WUH,CHO,0,9,20,3,0,16,29,16,4,WUH/WUH,True,False,2.62,0.24999999999999997
2026-07-25,Chinese Super League,2026,SHANGHAI SIPG,SHANGHAI SHENHUA,2,0,2,0,H,12,17,3,6,10,16,5,9,2,1,0,0,389,373,6,1,50.0,50.0,1523213.0,,,,,,,,,,,,,,,,,,,,,,,,,,,,,,,,,,,,2,2,SHA,SHA,0,14,20,3,0,21,29,12,3,SHA/SHA,True,False,2.02,0.9999999999999999
2026-07-26,Chinese Super League,2026,YUNNAN YUKUN,SICHUAN JIUNIU,4,3,2,1,H,13,9,5,5,14,11,3,5,4,1,0,0,336,277,3,1,54.0,46.0,1523215.0,,,,,,,,,,,,,,,,,,,,,,,,,,,,,,,,,,,,7,3,YUN,SIC,4,8,20,3,0,25,20,9,15,YUN/YUN,False,False,1.65,0.59
2026-07-26,Chinese Super League,2026,CHENGDU BETTER CITY,BEIJING GUOAN,2,2,0,0,D,17,8,8,2,17,10,4,3,2,2,0,0,378,426,0,6,47.0,53.0,1523216.0,,,,,,,,,,,,,,,,,,,,,,,,,,,,,,,,,,,,4,0,CHE,BEI,4,7,20,1,1,43,27,1,8,E/E,False,True,1.5399999999999998,0.27
2026-07-26,Chinese Super League,2026,HANGZHOU GREENTOWN,DALIAN ZHIXING,3,2,1,0,H,16,20,7,7,9,18,3,4,2,4,0,0,364,483,5,4,43.0,57.0,1523218.0,,,,,,,,,,,,,,,,,,,,,,,,,,,,,,,,,,,,5,1,HAN,DAL,4,7,20,3,0,26,28,9,7,HAN/HAN,False,False,2.0699999999999994,0.43999999999999984
2026-07-26,Chinese Super League,2026,SHANDONG LUNENG,HENAN JIANYE,1,2,0,2,A,17,12,8,3,11,16,3,6,2,3,0,0,492,305,1,7,62.0,38.0,1523217.0,,,,,,,,,,,,,,,,,,,,,,,,,,,,,,,,,,,,3,2,SHA,HEN,1,9,20,0,3,30,24,2,12,HEN/HEN,False,True,0.8799999999999997,1.9899999999999998
2026-07-31,Chinese Super League,2026,HENAN JIANYE,DALIAN ZHIXING,1,1,1,0,D,15,9,3,5,17,16,3,5,4,2,0,0,410,294,4,2,58.0,42.0,1523219.0,,,,,,,,,,,,,,,,,,,,,,,,,,,,,,,,,,,,2,1,HEN,DAL,1,8,21,1,1,27,28,10,8,HEN/E,False,False,0.35,1.09
2026-08-01,Chinese Super League,2026,SHANGHAI SIPG,SHANDONG LUNENG,0,1,0,1,A,18,8,8,4,10,17,8,3,3,3,0,1,522,238,3,8,69.0,31.0,1523222.0,,,,,,,,,,,,,,,,,,,,,,,,,,,,,,,,,,,,1,1,SHA,SHA,0,11,21,0,3,24,30,11,2,SHA/SHA,True,False,1.0399999999999998,1.1400000000000001
2026-08-01,Chinese Super League,2026,BEIJING GUOAN,HANGZHOU GREENTOWN,2,1,1,1,H,21,10,2,4,10,14,4,8,2,1,0,0,525,287,3,0,64.0,36.0,1523221.0,,,,,,,,,,,,,,,,,,,,,,,,,,,,,,,,,,,,3,2,BEI,HAN,1,12,21,3,0,28,29,7,5,E/BEI,True,False,1.9400000000000002,0.7200000000000001
2026-08-01,Chinese Super League,2026,TIANJIN TEDA,YUNNAN YUKUN,3,2,0,1,H,20,10,5,5,8,9,3,5,1,2,0,0,406,414,2,2,51.0,49.0,1523220.0,,,,,,,,,,,,,,,,,,,,,,,,,,,,,,,,,,,,5,1,TIA,YUN,4,8,21,3,0,24,28,11,8,YUN/TIA,False,False,1.9499999999999997,0.48999999999999994
2026-08-01,Chinese Super League,2026,CHENGDU BETTER CITY,WUHAN THREE TOWNS,1,1,0,0,D,24,12,9,6,8,7,9,3,1,2,0,0,513,347,4,8,60.0,40.0,1523223.0,,,,,,,,,,,,,,,,,,,,,,,,,,,,,,,,,,,,2,0,CHE,WUH,2,12,21,1,1,44,19,1,16,E/E,False,True,1.8399999999999996,0.7200000000000002
2026-08-02,Chinese Super League,2026,SHENYANG URBAN,SHANGHAI SHENHUA,3,1,2,0,H,11,12,3,2,14,18,4,2,1,4,0,0,321,398,1,0,44.0,56.0,1523226.0,,,,,,,,,,,,,,,,,,,,,,,,,,,,,,,,,,,,4,2,SHE,SHA,2,6,21,3,0,21,29,13,4,SHE/SHE,True,False,2.4099999999999997,-0.23000000000000004
2026-08-02,Chinese Super League,2026,QINGDAO YOUTH ISLAND,QINGDAO JONOON,2,0,1,0,H,9,11,4,2,11,13,3,1,1,5,0,1,399,309,2,2,56.0,44.0,1523225.0,,,,,,,,,,,,,,,,,,,,,,,,,,,,,,,,,,,,2,1,QIN,QIN,1,4,21,3,0,28,21,10,14,QIN/QIN,False,False,2.03,-0.66
2026-08-02,Chinese Super League,2026,SICHUAN JIUNIU,CHONGQING TONGLIANG LONG,2,0,0,0,H,9,5,7,1,23,16,4,6,1,1,0,0,328,396,1,5,45.0,55.0,1523224.0,,,,,,,,,,,,,,,,,,,,,,,,,,,,,,,,,,,,2,0,SIC,CHO,2,10,21,3,0,20,29,16,6,E/SIC,True,False,2.98,-0.08
2026-08-07,Chinese Super League,2026,BEIJING GUOAN,SICHUAN JIUNIU,4,0,2,0,H,14,11,8,4,19,10,5,5,2,3,0,0,412,363,5,4,53.0,47.0,1523227.0,,,,,,,,,,,,,,,,,,,,,,,,,,,,,,,,,,,,4,2,BEI,SIC,2,10,22,3,0,31,23,3,14,BEI/BEI,False,True,2.4499999999999997,0.04999999999999993
2026-08-08,Chinese Super League,2026,QINGDAO JONOON,SHANGHAI SHENHUA,0,1,0,0,A,15,13,1,6,13,13,6,6,2,0,0,0,415,401,5,1,51.0,49.0,1523228.0,,,,,,,,,,,,,,,,,,,,,,,,,,,,,,,,,,,,1,0,QIN,SHA,1,12,22,0,3,21,29,15,5,E/SHA,True,False,-0.17,2.5300000000000002
2026-08-08,Chinese Super League,2026,DALIAN ZHIXING,SHENYANG URBAN,1,0,1,0,H,12,5,4,1,18,20,6,3,1,2,0,0,305,358,1,2,46.0,54.0,1523229.0,,,,,,,,,,,,,,,,,,,,,,,,,,,,,,,,,,,,1,1,DAL,SHE,0,9,22,3,0,29,24,7,13,DAL/DAL,False,False,2.1900000000000004,-0.22
2026-08-08,Chinese Super League,2026,YUNNAN YUKUN,CHENGDU BETTER CITY,1,0,0,0,H,18,12,4,1,10,16,7,6,0,1,0,0,356,324,1,3,52.0,48.0,1523231.0,,,,,,,,,,,,,,,,,,,,,,,,,,,,,,,,,,,,1,0,YUN,CHE,1,13,22,3,0,28,45,9,1,E/YUN,True,False,2.7800000000000002,0.009999999999999981
2026-08-09,Chinese Super League,2026,HENAN JIANYE,QINGDAO YOUTH ISLAND,0,0,0,0,D,12,5,5,0,15,11,6,3,1,2,1,0,470,322,0,5,58.0,42.0,1523232.0,,,,,,,,,,,,,,,,,,,,,,,,,,,,,,,,,,,,0,0,HEN,QIN,0,9,22,1,1,28,31,10,7,E/E,False,False,1.14,0.08000000000000002
2026-08-09,Chinese Super League,2026,CHONGQING TONGLIANG LONG,SHANGHAI SIPG,2,3,2,2,A,13,8,4,5,10,16,7,4,3,0,0,0,378,463,2,2,46.0,54.0,1523233.0,,,,,,,,,,,,,,,,,,,,,,,,,,,,,,,,,,,,5,4,CHO,SHA,1,11,22,0,3,29,24,9,12,E/SHA,False,False,0.31999999999999995,2.11
2026-08-09,Chinese Super League,2026,SHANDONG LUNENG,TIANJIN TEDA,2,1,0,0,H,8,8,4,2,10,6,5,1,2,2,0,0,640,353,1,2,65.0,35.0,1523234.0,,,,,,,,,,,,,,,,,,,,,,,,,,,,,,,,,,,,3,0,SHA,TIA,3,6,22,3,0,33,27,3,11,E/SHA,False,True,2.03,-0.15000000000000005
2026-08-14,Chinese Super League,2026,SHANDONG LUNENG,QINGDAO JONOON,3,1,2,1,H,19,19,7,5,11,6,4,4,2,1,0,0,481,423,4,4,53.0,47.0,1523235.0,,,,,,,,,,,,,,,,,,,,,,,,,,,,,,,,,,,,4,3,SHA,QIN,1,8,23,3,0,36,21,2,15,SHA/SHA,False,True,2.2199999999999998,0.42000000000000004
2026-08-14,Chinese Super League,2026,WUHAN THREE TOWNS,SHANGHAI SIPG,2,3,1,0,A,12,13,6,5,14,13,0,3,3,3,0,0,351,490,2,4,42.0,58.0,1523236.0,,,,,,,,,,,,,,,,,,,,,,,,,,,,,,,,,,,,5,1,WUH,SHA,4,3,23,0,3,20,27,16,11,WUH/SHA,False,False,0.2899999999999998,1.8
2026-08-14,Chinese Super League,2026,QINGDAO YOUTH ISLAND,CHONGQING TONGLIANG LONG,0,0,0,0,D,17,12,3,3,10,17,3,4,0,1,0,0,523,403,3,3,56.0,44.0,1523237.0,,,,,,,,,,,,,,,,,,,,,,,,,,,,,,,,,,,,0,0,QIN,CHO,0,7,23,1,1,32,29,5,10,E/E,False,True,0.87,0.84
2026-08-15,Chinese Super League,2026,HANGZHOU GREENTOWN,CHENGDU BETTER CITY,2,3,2,1,A,13,18,7,5,10,16,6,7,2,3,0,0,330,391,2,4,46.0,54.0,1523240.0,,,,,,,,,,,,,,,,,,,,,,,,,,,,,,,,,,,,5,3,HAN,CHE,2,13,23,0,3,29,45,11,1,HAN/CHE,True,False,0.76,1.8299999999999998
2026-08-15,Chinese Super League,2026,YUNNAN YUKUN,DALIAN ZHIXING,3,1,0,1,H,30,5,9,2,14,14,9,3,1,4,0,1,519,187,1,6,73.0,27.0,1523242.0,,,,,,,,,,,,,,,,,,,,,,,,,,,,,,,,,,,,4,1,YUN,DAL,3,12,23,3,0,31,32,7,6,DAL/YUN,True,False,3.5399999999999996,-0.8300000000000001
2026-08-15,Chinese Super League,2026,SHANGHAI SHENHUA,HENAN JIANYE,4,1,1,1,H,20,13,7,4,8,15,2,4,0,2,0,0,326,508,3,3,40.0,60.0,1523241.0,,,,,,,,,,,,,,,,,,,,,,,,,,,,,,,,,,,,5,2,SHA,HEN,3,6,23,3,0,32,29,6,10,E/SHA,False,True,2.3699999999999997,0.20999999999999996
2026-08-15,Chinese Super League,2026,TIANJIN TEDA,BEIJING GUOAN,2,4,0,2,A,19,9,8,6,5,6,10,1,0,2,0,0,398,410,2,5,51.0,49.0,1523239.0,,,,,,,,,,,,,,,,,,,,,,,,,,,,,,,,,,,,6,2,TIA,BEI,4,11,23,0,3,27,34,12,4,BEI/BEI,True,False,1.38,1.65
2026-08-15,Chinese Super League,2026,SHENYANG URBAN,SICHUAN JIUNIU,1,2,1,1,A,13,11,3,4,19,13,6,5,0,5,0,0,354,318,2,2,53.0,47.0,1523238.0,,,,,,,,,,,,,,,,,,,,,,,,,,,,,,,,,,,,3,2,SHE,SIC,1,11,23,0,3,24,23,13,14,E/SIC,False,False,0.45000000000000007,1.58
2026-08-18,Chinese Super League,2026,SHANGHAI SHENHUA,BEIJING GUOAN,0,3,0,1,A,21,16,8,8,9,11,8,5,2,4,0,0,365,360,4,8,51.0,49.0,1523198.0,,,,,,,,,,,,,,,,,,,,,,,,,,,,,,,,,,,,3,1,SHA,BEI,2,13,24,0,3,35,37,4,3,BEI/BEI,True,True,0.8999999999999999,2.49
2026-08-19,Chinese Super League,2026,SHANGHAI SIPG,DALIAN ZHIXING,1,1,0,1,D,17,6,5,2,6,16,10,3,2,3,0,1,514,263,1,4,68.0,32.0,1523202.0,,,,,,,,,,,,,,,,,,,,,,,,,,,,,,,,,,,,2,1,SHA,DAL,1,13,24,1,1,30,32,8,7,DAL/E,False,False,1.39,-0.050000000000000044
2026-08-22,Chinese Super League,2026,QINGDAO YOUTH ISLAND,SHANDONG LUNENG,2,0,1,0,H,10,15,3,3,11,14,3,4,0,3,1,1,301,519,3,1,37.0,63.0,1523247.0,,,,,,,,,,,,,,,,,,,,,,,,,,,,,,,,,,,,2,1,QIN,SHA,1,7,25,3,0,33,39,6,3,QIN/QIN,True,True,2.1199999999999997,-0.1100000000000001
2026-08-22,Chinese Super League,2026,BEIJING GUOAN,YUNNAN YUKUN,3,3,1,0,D,17,14,8,5,8,9,9,5,1,1,0,0,511,354,2,5,60.0,40.0,1523246.0,,,,,,,,,,,,,,,,,,,,,,,,,,,,,,,,,,,,6,1,BEI,YUN,5,14,25,1,1,40,34,2,6,BEI/E,True,True,1.6999999999999997,0.8200000000000002
2026-08-22,Chinese Super League,2026,SICHUAN JIUNIU,HANGZHOU GREENTOWN,1,1,0,0,D,11,11,4,5,18,17,6,7,2,1,0,0,232,297,4,3,43.0,57.0,1523245.0,,,,,,,,,,,,,,,,,,,,,,,,,,,,,,,,,,,,2,0,SIC,HAN,2,13,25,1,1,26,29,13,11,E/E,False,False,0.8100000000000003,1.1800000000000002
2026-08-22,Chinese Super League,2026,CHENGDU BETTER CITY,SHANGHAI SHENHUA,4,5,2,1,A,12,16,5,8,10,12,2,8,1,2,0,0,409,375,3,1,52.0,48.0,1523244.0,,,,,,,,,,,,,,,,,,,,,,,,,,,,,,,,,,,,9,3,CHE,SHA,6,10,25,0,3,48,35,1,6,CHE/SHA,True,True,0.18999999999999992,3.11
2026-08-22,Chinese Super League,2026,WUHAN THREE TOWNS,TIANJIN TEDA,0,0,0,0,D,28,11,3,5,6,9,12,3,1,1,0,0,502,330,5,3,62.0,38.0,1523243.0,,,,,,,,,,,,,,,,,,,,,,,,,,,,,,,,,,,,0,0,WUH,TIA,0,15,25,1,1,20,27,16,12,E/E,False,False,1.14,0.91
2026-08-23,Chinese Super League,2026,SHENYANG URBAN,HENAN JIANYE,4,4,0,2,D,14,16,5,7,14,14,8,8,1,3,0,0,401,254,3,1,61.0,39.0,1523248.0,,,,,,,,,,,,,,,,,,,,,,,,,,,,,,,,,,,,8,2,SHE,HEN,6,16,25,1,1,24,29,14,11,HEN/E,False,False,1.0399999999999998,1.2400000000000002
2026-08-23,Chinese Super League,2026,SHANGHAI SIPG,QINGDAO JONOON,2,1,1,1,H,11,10,4,2,11,18,5,2,1,3,0,0,450,326,1,3,59.0,41.0,1523249.0,,,,,,,,,,,,,,,,,,,,,,,,,,,,,,,,,,,,3,2,SHA,QIN,1,7,25,3,0,31,21,8,16,E/SHA,False,False,2.11,-0.20000000000000007
2026-08-23,Chinese Super League,2026,CHONGQING TONGLIANG LONG,DALIAN ZHIXING,0,1,0,0,A,11,12,2,2,13,8,3,5,0,0,0,0,538,413,1,2,57.0,43.0,1523250.0,,,,,,,,,,,,,,,,,,,,,,,,,,,,,,,,,,,,1,0,CHO,DAL,1,8,25,0,3,30,33,10,8,E/DAL,False,False,0.24999999999999997,1.89
2026-08-28,Chinese Super League,2026,DALIAN ZHIXING,BEIJING GUOAN,1,1,0,1,D,11,10,2,3,17,19,4,1,0,3,0,1,370,323,2,1,54.0,46.0,1523251.0,,,,,,,,,,,,,,,,,,,,,,,,,,,,,,,,,,,,2,1,DAL,BEI,1,5,26,1,1,36,41,6,2,BEI/E,True,True,0.8300000000000001,0.27
2026-08-28,Chinese Super League,2026,SHANGHAI SHENHUA,SHANDONG LUNENG,2,3,2,1,A,19,14,7,5,9,9,8,6,0,3,0,0,522,370,2,5,59.0,41.0,1523256.0,,,,,,,,,,,,,,,,,,,,,,,,,,,,,,,,,,,,5,3,SHA,SHA,2,14,26,0,3,38,39,4,3,SHA/SHA,True,True,1.08,2.24
2026-08-28,Chinese Super League,2026,SICHUAN JIUNIU,SHANGHAI SIPG,0,1,0,0,A,11,10,4,6,15,14,3,0,2,1,0,0,344,475,5,4,43.0,57.0,1523252.0,,,,,,,,,,,,,,,,,,,,,,,,,,,,,,,,,,,,1,0,SIC,SHA,1,3,26,0,3,27,34,13,8,E/SHA,False,False,0.24999999999999994,2.0399999999999996
2026-08-29,Chinese Super League,2026,HANGZHOU GREENTOWN,YUNNAN YUKUN,6,0,5,0,H,16,13,10,5,11,14,7,3,1,2,0,0,410,368,5,4,53.0,47.0,1523254.0,,,,,,,,,,,,,,,,,,,,,,,,,,,,,,,,,,,,6,5,HAN,YUN,1,10,26,3,0,30,35,11,8,HAN/HAN,False,False,2.94,0.06
2026-08-29,Chinese Super League,2026,CHENGDU BETTER CITY,SHENYANG URBAN,2,1,1,0,H,24,12,6,1,11,8,7,6,1,3,0,0,395,494,1,3,45.0,55.0,1523255.0,,,,,,,,,,,,,,,,,,,,,,,,,,,,,,,,,,,,3,1,CHE,SHE,2,13,26,3,0,48,25,1,14,CHE/CHE,False,True,2.48,-0.29000000000000004
2026-08-29,Chinese Super League,2026,HENAN JIANYE,CHONGQING TONGLIANG LONG,1,1,1,0,D,14,10,6,3,14,19,6,3,2,1,0,0,516,231,2,4,69.0,31.0,1523257.0,,,,,,,,,,,,,,,,,,,,,,,,,,,,,,,,,,,,2,1,HEN,CHO,1,9,26,1,1,30,30,10,11,HEN/E,False,False,1.29,0.58
2026-08-29,Chinese Super League,2026,QINGDAO JONOON,WUHAN THREE TOWNS,1,5,0,2,A,20,19,7,9,15,11,7,5,2,1,1,0,293,351,4,5,47.0,53.0,1523258.0,,,,,,,,,,,,,,,,,,,,,,,,,,,,,,,,,,,,6,2,QIN,WUH,4,12,26,0,3,21,21,16,15,WUH/WUH,False,False,0.40000000000000013,2.5099999999999993
2026-08-29,Chinese Super League,2026,TIANJIN TEDA,QINGDAO YOUTH ISLAND,1,1,0,1,D,15,14,4,4,13,10,5,6,1,2,0,0,478,368,3,3,56.0,44.0,1523253.0,,,,,,,,,,,,,,,,,,,,,,,,,,,,,,,,,,,,2,1,TIA,QIN,1,11,26,1,1,28,36,12,7,QIN/E,False,False,0.9300000000000003,0.9000000000000001
2026-08-07,Eerste Divisie Holanda 2da,2026/2027,VITESSE,WAALWIJK,1,1,1,0,D,11,17,4,4,9,14,6,2,2,3,1,0,336,467,3,3,42.0,58.0,1551741.0,,,,,,,,,,,,,,,,,,,,,,,,,,,,,,,,,,,,2,1,VIT,WAA,1,8,1,1,1,0,0,1,2,VIT/E,True,True,0.7100000000000002,0.5800000000000002
2026-08-07,Eerste Divisie Holanda 2da,2026/2027,VVV VENLO,HERACLES,3,4,0,2,A,10,23,3,8,13,14,5,5,1,2,0,0,380,378,4,0,50.0,50.0,1551740.0,,,,,,,,,,,,,,,,,,,,,,,,,,,,,,,,,,,,7,2,VVV,HER,5,10,1,0,3,0,0,3,4,HER/HER,True,True,0.09999999999999992,3.0
2026-08-07,Eerste Divisie Holanda 2da,2026/2027,EMMEN,RODA,1,0,0,0,H,15,9,7,4,25,10,0,2,4,0,0,0,358,454,3,6,44.0,56.0,1551738.0,,,,,,,,,,,,,,,,,,,,,,,,,,,,,,,,,,,,1,0,EMM,ROD,1,2,1,3,0,0,0,4,5,E/EMM,True,True,2.4099999999999997,0.35
2026-08-07,Eerste Divisie Holanda 2da,2026/2027,DORDRECHT,JONG AJAX,2,1,2,1,H,19,13,8,6,17,13,8,3,3,3,0,0,372,348,5,6,53.0,47.0,1551737.0,,,,,,,,,,,,,,,,,,,,,,,,,,,,,,,,,,,,3,3,DOR,JON,0,11,1,3,0,0,0,5,6,DOR/DOR,True,True,2.9400000000000004,0.18999999999999984
2026-08-07,Eerste Divisie Holanda 2da,2026/2027,FC OSS,NAC BREDA,1,2,1,0,A,14,27,4,6,12,11,3,8,1,1,0,0,259,618,4,3,29.0,71.0,1551739.0,,,,,,,,,,,,,,,,,,,,,,,,,,,,,,,,,,,,3,1,OSS,NAC,2,11,1,0,3,0,0,6,7,OSS/NAC,False,True,0.18999999999999992,2.9399999999999995
2026-08-08,Eerste Divisie Holanda 2da,2026/2027,DEN BOSCH,ALMERE CITY FC,1,1,0,0,D,19,22,4,5,10,8,7,5,0,1,0,0,343,323,3,2,52.0,48.0,1551742.0,,,,,,,,,,,,,,,,,,,,,,,,,,,,,,,,,,,,2,0,DEN,ALM,2,12,1,1,1,0,0,7,8,E/E,False,False,1.1,1.06
2026-08-09,Eerste Divisie Holanda 2da,2026/2027,HELMOND SPORT,DE GRAAFSCHAP,1,1,1,1,D,10,16,3,3,12,15,7,3,2,2,0,0,318,576,2,2,36.0,64.0,1551744.0,,,,,,,,,,,,,,,,,,,,,,,,,,,,,,,,,,,,2,2,HEL,GRA,0,10,1,1,1,0,0,9,10,E/E,False,False,0.8899999999999999,0.6099999999999999
2026-08-09,Eerste Divisie Holanda 2da,2026/2027,MVV,JONG UTRECHT,2,1,1,1,H,13,15,7,3,12,12,3,5,1,1,0,0,424,312,2,5,57.0,43.0,1551743.0,,,,,,,,,,,,,,,,,,,,,,,,,,,,,,,,,,,,3,2,MVV,JON,1,8,1,3,0,0,0,11,12,E/MVV,False,False,2.3499999999999996,0.18999999999999992
2026-08-10,Eerste Divisie Holanda 2da,2026/2027,JONG PSV U21,FC VOLENDAM,3,2,1,1,H,19,4,9,3,16,4,7,2,1,0,0,0,510,349,1,6,60.0,40.0,1551746.0,,,,,,,,,,,,,,,,,,,,,,,,,,,,,,,,,,,,5,2,JON,VOL,3,9,1,3,0,0,0,12,13,E/JON,False,False,2.9099999999999997,-0.04000000000000006
2026-08-10,Eerste Divisie Holanda 2da,2026/2027,JONG AZ,FC EINDHOVEN,0,1,0,0,A,8,10,5,3,10,12,5,3,1,1,0,0,541,376,1,5,58.0,42.0,1551745.0,,,,,,,,,,,,,,,,,,,,,,,,,,,,,,,,,,,,1,0,JON,EIN,1,8,1,0,3,0,0,13,14,E/EIN,False,False,0.6900000000000001,1.65
2026-08-14,Eerste Divisie Holanda 2da,2026/2027,NAC BREDA,VVV VENLO,0,2,0,1,A,23,6,5,4,9,14,10,1,3,3,0,0,492,269,2,5,65.0,35.0,1551750.0,,,,,,,,,,,,,,,,,,,,,,,,,,,,,,,,,,,,2,1,NAC,VVV,1,11,2,0,3,3,0,4,14,VVV/VVV,False,True,0.73,1.9000000000000001
2026-08-14,Eerste Divisie Holanda 2da,2026/2027,HERACLES,DEN BOSCH,3,2,1,0,H,30,8,18,6,13,9,11,6,0,1,0,0,423,233,4,14,64.0,36.0,1551749.0,,,,,,,,,,,,,,,,,,,,,,,,,,,,,,,,,,,,5,1,HER,DEN,4,17,2,3,0,3,1,2,11,HER/HER,False,True,4.329999999999999,-0.020000000000000073
2026-08-14,Eerste Divisie Holanda 2da,2026/2027,RODA,HELMOND SPORT,2,1,1,1,H,17,3,5,2,12,14,8,1,0,3,0,0,519,331,2,2,61.0,39.0,1551751.0,,,,,,,,,,,,,,,,,,,,,,,,,,,,,,,,,,,,3,2,ROD,HEL,1,9,2,3,0,0,1,19,12,E/ROD,False,False,2.53,-0.36000000000000004
2026-08-14,Eerste Divisie Holanda 2da,2026/2027,WAALWIJK,DORDRECHT,2,2,0,1,D,16,13,5,5,12,11,4,5,1,4,0,0,315,491,3,3,39.0,61.0,1551752.0,,,,,,,,,,,,,,,,,,,,,,,,,,,,,,,,,,,,4,1,WAA,DOR,3,9,2,1,1,1,3,11,4,DOR/E,True,False,0.9999999999999999,0.7699999999999999
2026-08-14,Eerste Divisie Holanda 2da,2026/2027,ALMERE CITY FC,JONG PSV U21,3,1,1,1,H,9,20,5,6,12,6,3,7,1,1,0,0,289,511,5,3,36.0,64.0,1551747.0,,,,,,,,,,,,,,,,,,,,,,,,,,,,,,,,,,,,4,2,ALM,JON,2,10,2,3,0,1,3,12,4,E/ALM,True,False,2.36,0.84
2026-08-14,Eerste Divisie Holanda 2da,2026/2027,FC EINDHOVEN,MVV,2,3,1,1,A,13,16,2,7,9,7,6,2,0,1,0,0,413,466,4,2,47.0,53.0,1551748.0,,,,,,,,,,,,,,,,,,,,,,,,,,,,,,,,,,,,5,2,EIN,MVV,3,8,2,0,3,3,3,7,5,E/MVV,True,False,0.21,2.3299999999999996
2026-08-15,Eerste Divisie Holanda 2da,2026/2027,FC VOLENDAM,FC OSS,3,0,1,0,H,12,11,3,3,14,10,7,10,1,2,0,0,496,307,3,1,62.0,38.0,1551753.0,,,,,,,,,,,,,,,,,,,,,,,,,,,,,,,,,,,,3,1,VOL,OSS,2,17,2,3,0,0,0,16,18,VOL/VOL,False,False,1.8499999999999999,0.4599999999999999
2026-08-17,Eerste Divisie Holanda 2da,2026/2027,DE GRAAFSCHAP,JONG AZ,2,5,1,1,A,22,24,5,10,13,13,5,3,5,2,0,0,472,354,5,3,57.0,43.0,1551754.0,,,,,,,,,,,,,,,,,,,,,,,,,,,,,,,,,,,,7,2,GRA,JON,5,8,2,0,3,1,0,14,19,E/JON,False,False,-0.06,2.5999999999999996
2026-08-17,Eerste Divisie Holanda 2da,2026/2027,JONG AJAX,EMMEN,4,6,3,3,A,11,23,5,12,13,19,3,9,2,1,0,0,430,404,6,1,51.0,49.0,1551755.0,,,,,,,,,,,,,,,,,,,,,,,,,,,,,,,,,,,,10,6,JON,EMM,4,12,2,0,3,0,3,18,8,E/EMM,False,False,-0.08000000000000007,3.34
2026-08-17,Eerste Divisie Holanda 2da,2026/2027,JONG UTRECHT,VITESSE,1,3,1,1,A,11,19,3,7,15,7,3,3,0,2,1,0,300,521,4,2,37.0,63.0,1551756.0,,,,,,,,,,,,,,,,,,,,,,,,,,,,,,,,,,,,4,2,JON,VIT,2,6,2,0,3,0,1,18,14,E/VIT,False,False,-0.06000000000000005,2.2899999999999996
2026-08-21,Eerste Divisie Holanda 2da,2026/2027,VITESSE,ALMERE CITY FC,0,3,0,0,A,21,13,5,9,9,12,7,3,0,4,0,0,458,318,6,5,60.0,40.0,1551762.0,,,,,,,,,,,,,,,,,,,,,,,,,,,,,,,,,,,,3,0,VIT,ALM,3,10,3,0,3,4,4,4,5,E/ALM,True,True,0.5900000000000001,2.7099999999999995
2026-08-21,Eerste Divisie Holanda 2da,2026/2027,EMMEN,JONG AZ,3,1,0,0,H,17,9,7,5,9,11,4,3,2,1,0,0,449,441,4,4,51.0,49.0,1551759.0,,,,,,,,,,,,,,,,,,,,,,,,,,,,,,,,,,,,4,0,EMM,JON,4,7,3,3,0,6,3,2,8,E/EMM,False,True,2.2399999999999998,0.37
2026-08-21,Eerste Divisie Holanda 2da,2026/2027,DORDRECHT,RODA,0,1,0,1,A,15,9,5,5,9,20,7,3,1,4,0,0,500,364,4,5,58.0,42.0,1551758.0,,,,,,,,,,,,,,,,,,,,,,,,,,,,,,,,,,,,1,1,DOR,ROD,0,10,3,0,3,4,3,5,11,ROD/ROD,False,True,0.6900000000000001,2.11
2026-08-21,Eerste Divisie Holanda 2da,2026/2027,MVV,FC VOLENDAM,1,0,0,0,H,10,9,1,2,14,15,5,2,2,4,0,0,434,458,1,1,49.0,51.0,1551761.0,,,,,,,,,,,,,,,,,,,,,,,,,,,,,,,,,,,,1,0,MVV,VOL,1,7,3,3,0,6,3,4,8,E/MVV,False,True,1.5599999999999998,-0.15000000000000005
2026-08-21,Eerste Divisie Holanda 2da,2026/2027,DEN BOSCH,FC EINDHOVEN,5,2,3,1,H,20,8,8,3,9,11,6,1,1,0,0,0,419,393,1,3,52.0,48.0,1551757.0,,,,,,,,,,,,,,,,,,,,,,,,,,,,,,,,,,,,7,4,DEN,EIN,3,7,3,3,0,1,3,15,11,DEN/DEN,False,False,2.7300000000000004,-0.02000000000000006
2026-08-21,Eerste Divisie Holanda 2da,2026/2027,HELMOND SPORT,WAALWIJK,1,1,1,0,D,6,12,2,6,20,8,3,4,3,1,0,0,252,558,5,1,32.0,68.0,1551760.0,,,,,,,,,,,,,,,,,,,,,,,,,,,,,,,,,,,,2,1,HEL,WAA,1,7,3,1,1,1,2,16,15,HEL/E,False,False,0.27,1.3399999999999996
2026-08-22,Eerste Divisie Holanda 2da,2026/2027,NAC BREDA,JONG AJAX,3,2,1,0,H,20,11,7,5,10,21,6,4,3,3,0,0,409,377,3,5,53.0,47.0,1551763.0,,,,,,,,,,,,,,,,,,,,,,,,,,,,,,,,,,,,5,1,NAC,JON,4,10,3,3,0,3,0,14,18,NAC/NAC,False,False,2.2199999999999998,0.17999999999999994
2026-08-23,Eerste Divisie Holanda 2da,2026/2027,VVV VENLO,DE GRAAFSCHAP,2,1,2,1,H,12,15,2,3,9,17,4,5,1,2,0,0,375,365,2,1,51.0,49.0,1551764.0,,,,,,,,,,,,,,,,,,,,,,,,,,,,,,,,,,,,3,3,VVV,GRA,0,9,3,3,0,3,1,10,17,VVV/VVV,False,False,1.6499999999999997,0.32
2026-08-24,Eerste Divisie Holanda 2da,2026/2027,JONG PSV U21,FC OSS,1,0,1,0,H,16,11,9,1,11,9,6,5,1,1,0,0,540,295,1,7,63.0,37.0,1551765.0,,,,,,,,,,,,,,,,,,,,,,,,,,,,,,,,,,,,1,1,JON,OSS,0,11,3,3,0,3,0,14,20,JON/JON,False,False,2.8999999999999995,-0.27
2026-08-24,Eerste Divisie Holanda 2da,2026/2027,JONG UTRECHT,HERACLES,1,6,0,5,A,15,19,5,9,10,15,2,7,0,1,0,0,375,480,2,4,44.0,56.0,1551766.0,,,,,,,,,,,,,,,,,,,,,,,,,,,,,,,,,,,,7,5,JON,HER,2,9,3,0,3,0,6,18,5,HER/HER,True,False,0.26,2.8099999999999996
2026-08-28,Eerste Divisie Holanda 2da,2026/2027,DEN BOSCH,VITESSE,1,4,0,3,A,25,11,8,5,10,17,16,0,0,3,0,0,491,264,2,7,66.0,34.0,1551767.0,,,,,,,,,,,,,,,,,,,,,,,,,,,,,,,,,,,,5,3,DEN,VIT,2,16,4,0,3,4,4,9,11,VIT/VIT,False,False,1.75,1.23
2026-08-28,Eerste Divisie Holanda 2da,2026/2027,FC VOLENDAM,DORDRECHT,6,1,3,1,H,25,11,11,4,14,11,8,3,0,2,0,0,420,350,3,5,55.0,45.0,1551768.0,,,,,,,,,,,,,,,,,,,,,,,,,,,,,,,,,,,,7,4,VOL,DOR,3,11,4,3,0,3,4,12,10,VOL/VOL,False,False,3.2899999999999996,-0.16000000000000006
2026-08-28,Eerste Divisie Holanda 2da,2026/2027,JONG AJAX,HELMOND SPORT,3,2,2,1,H,16,10,9,3,11,13,7,9,2,1,0,0,528,366,1,6,58.0,42.0,1551769.0,,,,,,,,,,,,,,,,,,,,,,,,,,,,,,,,,,,,5,3,JON,HEL,2,16,4,3,0,0,2,18,16,JON/JON,False,False,2.6699999999999995,0.20999999999999994
2026-08-28,Eerste Divisie Holanda 2da,2026/2027,JONG AZ,MVV,1,2,0,1,A,8,4,3,3,10,12,5,4,0,0,0,0,575,404,1,2,58.0,42.0,1551770.0,,,,,,,,,,,,,,,,,,,,,,,,,,,,,,,,,,,,3,1,JON,MVV,2,9,4,0,3,3,9,13,3,MVV/MVV,True,False,0.4699999999999999,1.8999999999999997
2026-08-28,Eerste Divisie Holanda 2da,2026/2027,FC OSS,JONG UTRECHT,2,1,1,0,H,12,18,5,5,15,14,7,6,1,1,0,0,337,406,4,3,44.0,56.0,1551771.0,,,,,,,,,,,,,,,,,,,,,,,,,,,,,,,,,,,,3,1,OSS,JON,2,13,4,3,0,0,0,19,20,OSS/OSS,False,False,2.13,0.56
2026-08-28,Eerste Divisie Holanda 2da,2026/2027,RODA,NAC BREDA,2,2,1,1,D,13,19,10,4,10,13,4,5,1,4,0,0,359,541,2,7,40.0,60.0,1551772.0,,,,,,,,,,,,,,,,,,,,,,,,,,,,,,,,,,,,4,2,ROD,NAC,2,9,4,1,1,6,6,8,9,E/E,False,False,1.7999999999999998,0.3700000000000001
2026-08-28,Eerste Divisie Holanda 2da,2026/2027,WAALWIJK,JONG PSV U21,2,2,2,1,D,16,16,9,5,8,11,2,5,1,1,0,0,458,472,3,7,49.0,51.0,1551773.0,,,,,,,,,,,,,,,,,,,,,,,,,,,,,,,,,,,,4,3,WAA,JON,1,7,4,1,1,3,6,13,10,WAA/E,False,False,1.4999999999999998,0.91
2026-08-29,Eerste Divisie Holanda 2da,2026/2027,DE GRAAFSCHAP,ALMERE CITY FC,1,4,1,1,A,21,15,6,8,6,9,9,5,1,1,0,0,445,374,4,5,55.0,45.0,1551774.0,,,,,,,,,,,,,,,,,,,,,,,,,,,,,,,,,,,,5,2,GRA,ALM,3,14,4,0,3,1,7,19,4,E/ALM,True,False,0.75,2.37
2026-08-30,Eerste Divisie Holanda 2da,2026/2027,FC EINDHOVEN,HERACLES,1,3,0,1,A,13,15,2,5,20,14,6,10,1,1,0,0,316,327,2,1,48.0,52.0,1551775.0,,,,,,,,,,,,,,,,,,,,,,,,,,,,,,,,,,,,4,1,EIN,HER,3,16,4,0,3,3,9,16,3,HER/HER,True,False,0.05000000000000002,2.4299999999999997
2026-08-30,Eerste Divisie Holanda 2da,2026/2027,VVV VENLO,EMMEN,4,0,2,0,H,11,25,5,5,10,10,3,9,3,3,0,0,287,555,5,1,35.0,65.0,1551776.0,,,,,,,,,,,,,,,,,,,,,,,,,,,,,,,,,,,,4,2,VVV,EMM,2,12,4,3,0,6,9,10,4,VVV/VVV,True,False,2.17,0.5899999999999999
2026-08-31,Eerste Divisie Holanda 2da,2026/2027,JONG AZ,JONG UTRECHT,2,1,1,1,H,25,12,5,5,14,12,7,6,1,3,0,0,523,346,4,4,59.0,41.0,1551807.0,,,,,,,,,,,,,,,,,,,,,,,,,,,,,,,,,,,,3,2,JON,JON,1,13,5,3,0,3,0,14,20,E/JON,False,False,2.13,0.36
2026-08-31,Eerste Divisie Holanda 2da,2026/2027,JONG PSV U21,JONG AJAX,1,1,0,1,D,16,18,5,7,8,15,4,5,2,2,0,0,408,432,5,4,49.0,51.0,1551808.0,,,,,,,,,,,,,,,,,,,,,,,,,,,,,,,,,,,,2,1,JON,JON,1,9,5,1,1,7,3,9,15,JON/E,False,False,0.7999999999999998,1.27
2026-09-04,Eerste Divisie Holanda 2da,2026/2027,VITESSE,FC OSS,2,1,0,0,H,20,6,2,2,15,7,9,1,1,3,0,0,426,343,1,1,57.0,43.0,1551781.0,,,,,,,,,,,,,,,,,,,,,,,,,,,,,,,,,,,,3,0,VIT,OSS,3,10,6,3,0,7,3,7,16,E/VIT,False,False,2.03,-0.23000000000000004
2026-09-04,Eerste Divisie Holanda 2da,2026/2027,HERACLES,DE GRAAFSCHAP,5,0,2,0,H,16,5,8,3,14,13,5,1,2,2,0,0,352,482,3,2,44.0,56.0,1551780.0,,,,,,,,,,,,,,,,,,,,,,,,,,,,,,,,,,,,5,2,HER,GRA,3,6,6,3,0,12,1,1,19,HER/HER,False,True,2.58,-0.20000000000000007
2026-09-04,Eerste Divisie Holanda 2da,2026/2027,EMMEN,FC VOLENDAM,5,3,1,0,H,20,10,10,7,11,11,7,2,3,2,0,0,388,394,4,5,58.0,42.0,1551778.0,,,,,,,,,,,,,,,,,,,,,,,,,,,,,,,,,,,,8,1,EMM,VOL,7,9,6,3,0,9,6,6,10,EMM/EMM,False,True,2.66,0.31
2026-09-04,Eerste Divisie Holanda 2da,2026/2027,WAALWIJK,NAC BREDA,4,2,1,0,H,14,16,4,6,17,8,3,4,2,1,0,1,472,396,4,1,55.0,45.0,1551782.0,,,,,,,,,,,,,,,,,,,,,,,,,,,,,,,,,,,,6,1,WAA,NAC,5,7,6,3,0,4,7,12,9,WAA/WAA,False,False,1.6700000000000002,0.4899999999999999
2026-09-04,Eerste Divisie Holanda 2da,2026/2027,ALMERE CITY FC,JONG AJAX,0,1,0,0,A,24,15,5,4,12,15,10,4,2,3,0,0,296,452,3,4,42.0,58.0,1551777.0,,,,,,,,,,,,,,,,,,,,,,,,,,,,,,,,,,,,1,0,ALM,JON,1,14,6,0,3,10,4,4,14,E/JON,False,True,0.77,2.0500000000000003
2026-09-04,Eerste Divisie Holanda 2da,2026/2027,HELMOND SPORT,VVV VENLO,4,2,2,0,H,20,19,6,10,18,5,2,8,5,0,0,0,415,386,8,2,51.0,49.0,1551779.0,,,,,,,,,,,,,,,,,,,,,,,,,,,,,,,,,,,,6,2,HEL,VVV,4,10,6,3,0,2,9,18,6,HEL/HEL,True,False,1.84,1.56
2026-09-05,Eerste Divisie Holanda 2da,2026/2027,DORDRECHT,JONG AZ,3,6,2,3,A,14,22,5,14,13,12,2,6,1,2,1,0,442,409,7,2,52.0,48.0,1551783.0,,,,,,,,,,,,,,,,,,,,,,,,,,,,,,,,,,,,9,5,DOR,JON,4,8,6,0,3,4,6,16,13,JON/JON,False,False,-0.32000000000000006,3.41
2026-07-24,Ekstraklasa,2026/2027,RADOMIAK RADOM,WIECZYSTA KRAKOW,2,1,1,0,H,13,13,4,3,19,19,5,2,3,6,0,1,372,500,2,2,42.0,58.0,1553105.0,,,,,,,,,,,,,,,,,,,,,,,,,,,,,,,,,,,,3,1,RAD,WIE,2,7,1,3,0,0,0,1,2,RAD/RAD,True,True,2.3600000000000003,-0.6000000000000001
2026-07-24,Ekstraklasa,2026/2027,POGON SZCZECIN,LEGIA WARSZAWA,0,1,0,0,A,10,25,5,7,15,14,3,5,1,1,0,0,340,477,5,4,41.0,59.0,1553104.0,,,,,,,,,,,,,,,,,,,,,,,,,,,,,,,,,,,,1,0,POG,LEG,1,8,1,0,3,0,0,2,3,E/LEG,True,True,0.3500000000000001,2.8899999999999997
2026-07-25,Ekstraklasa,2026/2027,JAGIELLONIA,KORONA KIELCE,1,0,0,0,H,11,16,4,1,11,19,3,6,0,1,0,0,462,278,1,4,62.0,38.0,1553102.0,,,,,,,,,,,,,,,,,,,,,,,,,,,,,,,,,,,,1,0,JAG,KOR,1,9,1,3,0,0,0,3,4,E/JAG,True,True,2.58,0.09
2026-07-25,Ekstraklasa,2026/2027,GORNIK ZABRZE,SLASK WROCLAW,2,1,0,1,H,12,14,4,2,12,15,8,6,2,1,0,0,469,354,1,3,58.0,42.0,1553101.0,,,,,,,,,,,,,,,,,,,,,,,,,,,,,,,,,,,,3,1,GOR,SLA,2,14,1,3,0,0,0,4,5,SLA/GOR,True,True,2.5799999999999996,0.14
2026-07-25,Ekstraklasa,2026/2027,LECH POZNAN,CRACOVIA KRAKOW,0,0,0,0,D,18,9,7,1,9,13,9,6,1,3,0,0,459,341,1,7,58.0,42.0,1553103.0,,,,,,,,,,,,,,,,,,,,,,,,,,,,,,,,,,,,0,0,LEC,CRA,0,15,1,1,1,0,0,5,6,E/E,True,True,1.73,0.12000000000000005
2026-07-26,Ekstraklasa,2026/2027,RAKOW CZESTOCHOWA,WISLA PLOCK,1,2,0,1,A,17,4,5,3,10,16,7,2,1,3,0,0,443,347,1,4,57.0,43.0,1553106.0,,,,,,,,,,,,,,,,,,,,,,,,,,,,,,,,,,,,3,1,RAK,WIS,2,9,1,0,3,0,0,7,8,WIS/WIS,False,False,0.8099999999999999,1.36
2026-07-26,Ekstraklasa,2026/2027,WIDZEW ODZ,MOTOR LUBLIN,2,2,2,1,D,19,11,3,5,12,12,3,5,3,2,0,0,389,360,3,1,53.0,47.0,1553107.0,,,,,,,,,,,,,,,,,,,,,,,,,,,,,,,,,,,,4,3,WID,MOT,1,8,1,1,1,0,0,8,9,WID/E,False,False,0.44999999999999996,1.09
2026-07-26,Ekstraklasa,2026/2027,WISLA KRAKOW,GKS KATOWICE,2,1,0,0,H,21,14,3,4,15,10,5,7,1,3,0,0,338,423,3,1,45.0,55.0,1553108.0,,,,,,,,,,,,,,,,,,,,,,,,,,,,,,,,,,,,3,0,WIS,GKS,3,12,1,3,0,0,0,10,11,E/WIS,False,False,1.7599999999999998,0.4
2026-07-27,Ekstraklasa,2026/2027,ZAGLEBIE LUBIN,PIAST GLIWICE,2,0,0,0,H,13,17,2,2,18,13,5,11,1,1,0,0,244,433,2,0,35.0,65.0,1553109.0,,,,,,,,,,,,,,,,,,,,,,,,,,,,,,,,,,,,2,0,ZAG,PIA,2,16,1,3,0,0,0,11,12,E/ZAG,False,False,1.63,0.55
2026-07-31,Ekstraklasa,2026/2027,WISLA PLOCK,WIDZEW ODZ,0,0,0,0,D,15,16,1,3,12,16,7,4,1,4,0,0,331,411,3,1,45.0,55.0,1553118.0,,,,,,,,,,,,,,,,,,,,,,,,,,,,,,,,,,,,0,0,WIS,WID,0,11,2,1,1,3,1,4,8,E/E,False,True,0.6700000000000002,0.5599999999999998
2026-07-31,Ekstraklasa,2026/2027,MOTOR LUBLIN,JAGIELLONIA,1,2,0,1,A,21,13,7,4,4,11,4,2,0,3,0,0,434,525,2,5,46.0,54.0,1553114.0,,,,,,,,,,,,,,,,,,,,,,,,,,,,,,,,,,,,3,1,MOT,JAG,2,6,2,0,3,1,3,9,7,JAG/JAG,False,False,1.01,1.47
2026-08-01,Ekstraklasa,2026/2027,PIAST GLIWICE,WISLA KRAKOW,4,3,2,1,H,15,26,8,12,10,6,4,11,2,0,0,0,329,368,9,4,47.0,53.0,1553115.0,,,,,,,,,,,,,,,,,,,,,,,,,,,,,,,,,,,,7,3,PIA,WIS,4,15,2,3,0,0,3,18,6,PIA/PIA,True,False,2.38,1.8699999999999999
2026-08-01,Ekstraklasa,2026/2027,WIECZYSTA KRAKOW,LECH POZNAN,1,2,0,2,A,12,21,2,7,11,9,4,7,2,1,0,0,468,428,5,1,52.0,48.0,1553117.0,,,,,,,,,,,,,,,,,,,,,,,,,,,,,,,,,,,,3,2,WIE,LEC,1,11,2,0,3,0,1,13,10,LEC/LEC,False,False,-0.19000000000000006,2.6199999999999997
2026-08-02,Ekstraklasa,2026/2027,LEGIA WARSZAWA,ZAGLEBIE LUBIN,3,1,1,1,H,22,13,8,2,9,12,9,2,0,0,0,0,456,290,1,5,62.0,38.0,1553113.0,,,,,,,,,,,,,,,,,,,,,,,,,,,,,,,,,,,,4,2,LEG,ZAG,2,11,2,3,0,3,3,7,4,E/LEG,True,False,3.5100000000000002,-0.18000000000000002
2026-08-02,Ekstraklasa,2026/2027,SLASK WROCLAW,RAKOW CZESTOCHOWA,2,1,0,0,H,11,17,5,3,15,9,4,3,1,2,0,0,429,438,2,3,50.0,50.0,1553116.0,,,,,,,,,,,,,,,,,,,,,,,,,,,,,,,,,,,,3,0,SLA,RAK,3,7,2,3,0,0,0,13,14,E/SLA,False,False,2.14,0.06999999999999995
2026-08-02,Ekstraklasa,2026/2027,GKS KATOWICE,RADOMIAK RADOM,3,1,0,1,H,25,10,6,2,15,10,10,1,4,5,0,0,436,387,1,4,55.0,45.0,1553111.0,,,,,,,,,,,,,,,,,,,,,,,,,,,,,,,,,,,,4,1,GKS,RAD,3,11,2,3,0,0,3,14,5,RAD/GKS,True,False,2.88,-0.6500000000000001
2026-08-03,Ekstraklasa,2026/2027,CRACOVIA KRAKOW,POGON SZCZECIN,0,2,0,0,A,19,11,7,4,7,14,6,6,2,1,0,0,456,318,2,7,59.0,41.0,1553110.0,,,,,,,,,,,,,,,,,,,,,,,,,,,,,,,,,,,,2,0,CRA,POG,2,12,2,0,3,1,0,13,15,E/POG,False,False,0.8300000000000003,1.8299999999999996
2026-08-07,Ekstraklasa,2026/2027,WISLA KRAKOW,WISLA PLOCK,2,1,2,1,H,12,22,4,7,19,7,4,10,1,2,0,0,381,385,6,2,49.0,51.0,1553127.0,,,,,,,,,,,,,,,,,,,,,,,,,,,,,,,,,,,,3,3,WIS,WIS,0,14,3,3,0,3,4,8,4,WIS/WIS,True,False,2.15,1.07
2026-08-08,Ekstraklasa,2026/2027,RADOMIAK RADOM,GORNIK ZABRZE,1,3,0,2,A,14,21,5,6,16,7,2,3,4,4,0,0,420,509,2,3,46.0,54.0,1553124.0,,,,,,,,,,,,,,,,,,,,,,,,,,,,,,,,,,,,4,2,RAD,GOR,2,5,3,0,3,3,3,12,8,GOR/GOR,False,False,0.08999999999999991,1.8599999999999999
2026-08-08,Ekstraklasa,2026/2027,POGON SZCZECIN,MOTOR LUBLIN,3,1,2,0,H,15,16,6,4,11,9,2,4,1,2,0,0,387,486,3,3,44.0,56.0,1553123.0,,,,,,,,,,,,,,,,,,,,,,,,,,,,,,,,,,,,4,2,POG,MOT,2,6,3,3,0,3,1,8,14,POG/POG,False,False,2.1199999999999997,0.25999999999999995
2026-08-08,Ekstraklasa,2026/2027,KORONA KIELCE,LEGIA WARSZAWA,1,1,0,1,D,14,5,3,1,17,19,6,0,1,1,0,0,558,348,0,2,61.0,39.0,1553121.0,,,,,,,,,,,,,,,,,,,,,,,,,,,,,,,,,,,,2,1,KOR,LEG,1,6,3,1,1,0,6,16,3,LEG/E,True,False,1.0999999999999999,0.28
2026-08-09,Ekstraklasa,2026/2027,SLASK WROCLAW,CRACOVIA KRAKOW,0,0,0,0,D,11,17,1,5,8,12,4,6,0,3,1,0,342,453,6,1,44.0,56.0,1553126.0,,,,,,,,,,,,,,,,,,,,,,,,,,,,,,,,,,,,0,0,SLA,CRA,0,10,3,1,1,3,1,9,15,E/E,False,False,0.2300000000000001,1.1199999999999999
2026-08-09,Ekstraklasa,2026/2027,LECH POZNAN,PIAST GLIWICE,3,0,0,0,H,19,12,7,3,17,16,6,3,1,2,0,0,392,450,3,4,47.0,53.0,1553122.0,,,,,,,,,,,,,,,,,,,,,,,,,,,,,,,,,,,,3,0,LEC,PIA,3,9,3,3,0,4,3,6,11,E/LEC,False,True,2.54,-0.07000000000000006
2026-08-09,Ekstraklasa,2026/2027,JAGIELLONIA,WIDZEW ODZ,0,2,0,0,A,18,16,5,5,19,14,8,3,4,3,0,0,458,299,1,5,61.0,39.0,1553120.0,,,,,,,,,,,,,,,,,,,,,,,,,,,,,,,,,,,,2,0,JAG,WID,2,11,3,0,3,6,2,5,13,E/WID,False,True,0.44000000000000006,2.19
2026-08-14,Ekstraklasa,2026/2027,LEGIA WARSZAWA,RADOMIAK RADOM,5,0,4,0,H,17,7,7,2,21,11,3,2,1,2,0,0,393,411,2,2,49.0,51.0,1553131.0,,,,,,,,,,,,,,,,,,,,,,,,,,,,,,,,,,,,5,4,LEG,RAD,1,5,4,3,0,7,3,2,12,LEG/LEG,False,True,2.4599999999999995,-0.21000000000000005
2026-08-15,Ekstraklasa,2026/2027,ZAGLEBIE LUBIN,SLASK WROCLAW,2,1,0,1,H,12,12,5,2,13,10,8,0,2,2,0,0,414,301,1,3,58.0,42.0,1553136.0,,,,,,,,,,,,,,,,,,,,,,,,,,,,,,,,,,,,3,1,ZAG,SLA,2,8,4,3,0,3,4,11,8,SLA/ZAG,False,False,2.3499999999999996,-0.31000000000000005
2026-08-15,Ekstraklasa,2026/2027,PIAST GLIWICE,WIECZYSTA KRAKOW,3,4,0,1,A,16,14,6,7,11,10,7,2,0,1,0,0,524,444,3,3,55.0,45.0,1553133.0,,,,,,,,,,,,,,,,,,,,,,,,,,,,,,,,,,,,7,1,PIA,WIE,6,9,4,0,3,3,0,12,17,WIE/WIE,False,False,0.8599999999999999,2.11
2026-08-15,Ekstraklasa,2026/2027,WIDZEW ODZ,KORONA KIELCE,1,2,1,2,A,15,16,3,6,12,19,15,4,2,1,0,0,468,308,4,3,62.0,38.0,1553134.0,,,,,,,,,,,,,,,,,,,,,,,,,,,,,,,,,,,,3,3,WID,KOR,0,19,4,0,3,5,1,8,16,KOR/KOR,False,False,0.6199999999999999,2.0500000000000003
2026-08-16,Ekstraklasa,2026/2027,MOTOR LUBLIN,GKS KATOWICE,1,0,0,0,H,15,11,5,2,15,12,2,1,3,2,0,0,335,483,2,4,41.0,59.0,1553132.0,,,,,,,,,,,,,,,,,,,,,,,,,,,,,,,,,,,,1,0,MOT,GKS,1,3,4,3,0,1,3,17,12,E/MOT,False,False,1.93,-0.14
2026-08-16,Ekstraklasa,2026/2027,CRACOVIA KRAKOW,RAKOW CZESTOCHOWA,2,1,0,1,H,18,14,8,3,14,11,7,5,0,1,0,0,336,472,3,6,42.0,58.0,1553128.0,,,,,,,,,,,,,,,,,,,,,,,,,,,,,,,,,,,,3,1,CRA,RAK,2,12,4,3,0,2,0,17,18,RAK/CRA,False,False,2.8000000000000003,0.059999999999999915
2026-08-16,Ekstraklasa,2026/2027,GORNIK ZABRZE,WISLA KRAKOW,2,1,1,0,H,9,16,5,5,16,17,6,3,3,4,1,0,284,509,4,3,36.0,64.0,1553129.0,,,,,,,,,,,,,,,,,,,,,,,,,,,,,,,,,,,,3,1,GOR,WIS,2,9,4,3,0,6,6,4,5,GOR/GOR,True,True,2.1899999999999995,0.13
2026-08-21,Ekstraklasa,2026/2027,CRACOVIA KRAKOW,WIECZYSTA KRAKOW,3,2,1,1,H,24,12,6,4,14,13,9,8,0,1,0,0,353,444,2,3,45.0,55.0,1553137.0,,,,,,,,,,,,,,,,,,,,,,,,,,,,,,,,,,,,5,2,CRA,WIE,3,17,5,3,0,5,3,9,15,E/CRA,False,False,2.4899999999999998,0.42000000000000004
2026-08-22,Ekstraklasa,2026/2027,KORONA KIELCE,MOTOR LUBLIN,1,1,1,1,D,16,11,3,2,16,14,4,4,4,4,0,0,476,330,0,2,59.0,41.0,1553139.0,,,,,,,,,,,,,,,,,,,,,,,,,,,,,,,,,,,,2,2,KOR,MOT,0,8,5,1,1,4,4,10,13,E/E,False,False,0.5700000000000001,0.3700000000000001
2026-08-22,Ekstraklasa,2026/2027,PIAST GLIWICE,LEGIA WARSZAWA,1,1,0,1,D,14,13,3,3,10,4,4,5,2,1,0,0,537,377,2,2,59.0,41.0,1553141.0,,,,,,,,,,,,,,,,,,,,,,,,,,,,,,,,,,,,2,1,PIA,LEG,1,9,5,1,1,3,10,16,1,LEG/E,True,False,0.7,0.8699999999999999
2026-08-22,Ekstraklasa,2026/2027,SLASK WROCLAW,WIDZEW ODZ,3,3,0,2,D,17,13,6,7,15,7,5,0,3,3,0,1,580,261,4,3,69.0,31.0,1553145.0,,,,,,,,,,,,,,,,,,,,,,,,,,,,,,,,,,,,6,2,SLA,WID,4,5,5,1,1,4,5,13,9,WID/E,False,False,0.9999999999999998,0.5999999999999999
2026-08-23,Ekstraklasa,2026/2027,RADOMIAK RADOM,ZAGLEBIE LUBIN,0,0,0,0,D,18,9,3,2,14,14,10,2,1,2,0,0,458,295,2,3,60.0,40.0,1553143.0,,,,,,,,,,,,,,,,,,,,,,,,,,,,,,,,,,,,0,0,RAD,ZAG,0,12,5,1,1,3,6,17,7,E/E,False,False,1.21,0.35000000000000003
2026-08-23,Ekstraklasa,2026/2027,GKS KATOWICE,WISLA PLOCK,5,0,2,0,H,15,22,7,6,13,10,1,11,1,1,0,0,307,576,5,1,35.0,65.0,1553138.0,,,,,,,,,,,,,,,,,,,,,,,,,,,,,,,,,,,,5,2,GKS,WIS,3,12,5,3,0,3,4,16,13,GKS/GKS,False,False,1.9799999999999995,0.9799999999999999
2026-08-23,Ekstraklasa,2026/2027,POGON SZCZECIN,WISLA KRAKOW,2,2,2,2,D,13,14,8,3,17,10,2,4,3,2,0,0,393,603,2,6,40.0,60.0,1553142.0,,,,,,,,,,,,,,,,,,,,,,,,,,,,,,,,,,,,4,4,POG,WIS,0,6,5,1,1,6,6,7,9,E/E,False,False,1.2699999999999998,0.51
2026-08-28,Ekstraklasa,2026/2027,WISLA PLOCK,KORONA KIELCE,0,2,0,1,A,18,10,4,4,17,14,10,0,1,0,0,0,466,362,2,4,58.0,42.0,1553153.0,,,,,,,,,,,,,,,,,,,,,,,,,,,,,,,,,,,,2,1,WIS,KOR,1,10,6,0,3,4,5,15,11,KOR/KOR,False,False,0.7999999999999999,1.7000000000000002
2026-08-28,Ekstraklasa,2026/2027,LEGIA WARSZAWA,SLASK WROCLAW,1,1,0,1,D,21,13,5,5,14,12,9,4,1,2,0,0,506,322,5,5,62.0,38.0,1553147.0,,,,,,,,,,,,,,,,,,,,,,,,,,,,,,,,,,,,2,1,LEG,SLA,1,13,6,1,1,11,5,1,12,SLA/E,False,True,1.2699999999999998,0.8200000000000001
2026-08-29,Ekstraklasa,2026/2027,RADOMIAK RADOM,CRACOVIA KRAKOW,2,1,0,0,H,20,18,5,7,9,20,10,10,0,3,0,0,377,305,5,3,55.0,45.0,1553149.0,,,,,,,,,,,,,,,,,,,,,,,,,,,,,,,,,,,,3,0,RAD,CRA,3,20,6,3,0,4,8,16,4,E/RAD,True,False,2.6999999999999997,0.8
2026-08-29,Ekstraklasa,2026/2027,MOTOR LUBLIN,PIAST GLIWICE,0,2,0,0,A,15,14,1,6,13,8,6,5,0,1,0,0,354,515,4,1,42.0,58.0,1553148.0,,,,,,,,,,,,,,,,,,,,,,,,,,,,,,,,,,,,2,0,MOT,PIA,2,11,6,0,3,5,4,14,15,E/PIA,False,False,0.04999999999999999,2.38
2026-08-29,Ekstraklasa,2026/2027,WISLA KRAKOW,WIECZYSTA KRAKOW,2,0,0,0,H,11,15,7,4,16,11,4,4,2,0,0,0,359,531,4,5,40.0,60.0,1553152.0,,,,,,,,,,,,,,,,,,,,,,,,,,,,,,,,,,,,2,0,WIS,WIE,2,8,6,3,0,7,3,8,17,E/WIS,False,False,2.2699999999999996,0.36999999999999994
2026-08-29,Ekstraklasa,2026/2027,ZAGLEBIE LUBIN,POGON SZCZECIN,0,0,0,0,D,16,8,6,1,13,16,2,3,4,3,0,1,463,271,1,6,63.0,37.0,1553154.0,,,,,,,,,,,,,,,,,,,,,,,,,,,,,,,,,,,,0,0,ZAG,POG,0,5,6,1,1,7,7,8,7,E/E,False,False,0.9899999999999999,-0.09000000000000002
2026-08-30,Ekstraklasa,2026/2027,RAKOW CZESTOCHOWA,JAGIELLONIA,2,5,1,2,A,14,20,4,10,9,15,5,6,1,1,0,0,348,406,5,2,46.0,54.0,1553150.0,,,,,,,,,,,,,,,,,,,,,,,,,,,,,,,,,,,,7,3,RAK,JAG,4,11,6,0,3,0,6,18,13,JAG/JAG,False,False,0.12999999999999998,2.8999999999999995
2026-08-30,Ekstraklasa,2026/2027,GORNIK ZABRZE,GKS KATOWICE,2,3,0,1,A,19,14,6,8,10,9,13,4,0,1,0,0,494,298,5,3,63.0,37.0,1553146.0,,,,,,,,,,,,,,,,,,,,,,,,,,,,,,,,,,,,5,1,GOR,GKS,4,17,6,0,3,9,6,3,12,GKS/GKS,False,True,1.0699999999999998,2.7400000000000007
2026-08-30,Ekstraklasa,2026/2027,WIDZEW ODZ,LECH POZNAN,2,3,1,2,A,14,14,7,9,7,14,7,9,1,2,0,0,281,462,6,5,38.0,62.0,1553151.0,,,,,,,,,,,,,,,,,,,,,,,,,,,,,,,,,,,,5,3,WID,LEC,2,16,6,0,3,6,7,13,10,LEC/LEC,False,False,0.6700000000000003,2.6099999999999994
2026-09-04,Ekstraklasa,2026/2027,PIAST GLIWICE,GKS KATOWICE,3,0,2,0,H,10,21,7,4,4,13,3,8,2,6,0,0,543,405,4,4,56.0,44.0,1553160.0,,,,,,,,,,,,,,,,,,,,,,,,,,,,,,,,,,,,3,2,PIA,GKS,1,11,7,3,0,7,9,11,4,PIA/PIA,True,False,2.6399999999999992,-0.010000000000000231
2026-09-05,Ekstraklasa,2026/2027,WIDZEW ODZ,RADOMIAK RADOM,0,0,0,0,D,15,15,2,3,14,17,7,6,4,1,0,0,468,324,3,2,60.0,40.0,1553162.0,,,,,,,,,,,,,,,,,,,,,,,,,,,,,,,,,,,,0,0,WID,RAD,0,13,7,1,1,6,7,13,12,E/E,False,False,0.48,0.9099999999999998
2026-09-05,Ekstraklasa,2026/2027,KORONA KIELCE,WISLA KRAKOW,1,1,1,0,D,9,21,5,3,16,17,5,6,2,4,0,0,276,450,3,4,39.0,61.0,1553157.0,,,,,,,,,,,,,,,,,,,,,,,,,,,,,,,,,,,,2,1,KOR,WIS,1,11,7,1,1,8,10,9,3,KOR/E,True,False,1.03,0.5
2026-09-05,Ekstraklasa,2026/2027,MOTOR LUBLIN,LEGIA WARSZAWA,2,3,0,1,A,13,10,6,6,18,14,5,2,1,3,0,0,412,451,3,4,48.0,52.0,1553159.0,,,,,,,,,,,,,,,,,,,,,,,,,,,,,,,,,,,,5,1,MOT,LEG,4,7,7,0,3,5,12,15,1,LEG/LEG,True,False,0.7099999999999999,1.7999999999999996
2026-08-07,Eredivisie,2026/2027,CAMBUUR,EXCELSIOR,0,4,0,3,A,11,18,2,9,6,11,5,8,0,0,0,0,379,430,5,1,47.0,53.0,1552117.0,,,,,,,,,,,,,,,,,,,,,,,,,,,,,,,,,,,,4,3,CAM,EXC,1,13,1,0,3,0,0,1,2,EXC/EXC,True,True,-0.060000000000000026,3.5499999999999994
2026-08-08,Eredivisie,2026/2027,NEC NIJMEGEN,TELSTAR,1,2,0,2,A,27,8,4,3,12,14,13,3,2,2,0,0,552,227,1,3,71.0,29.0,1552118.0,,,,,,,,,,,,,,,,,,,,,,,,,,,,,,,,,,,,3,2,NEC,TEL,1,16,1,0,3,0,0,2,3,TEL/TEL,True,True,0.8400000000000001,1.94
2026-08-08,Eredivisie,2026/2027,GO AHEAD EAGLES,WILLEM II,4,1,1,1,H,20,13,10,1,6,14,6,2,2,1,0,0,577,258,0,6,69.0,31.0,1552119.0,,,,,,,,,,,,,,,,,,,,,,,,,,,,,,,,,,,,5,2,GO,WIL,3,8,1,3,0,0,0,3,4,E/GO,True,True,3.51,-0.47
2026-08-08,Eredivisie,2026/2027,PSV EINDHOVEN,FORTUNA SITTARD,2,2,0,1,D,21,8,6,6,9,6,9,0,1,1,0,0,758,249,4,4,76.0,24.0,1552120.0,,,,,,,,,,,,,,,,,,,,,,,,,,,,,,,,,,,,4,1,PSV,FOR,3,9,1,1,1,0,0,4,5,FOR/E,True,True,1.4499999999999997,0.82
2026-08-08,Eredivisie,2026/2027,AZ ALKMAAR,ADO DEN HAAG,2,0,0,0,H,12,10,4,1,9,14,9,7,0,1,0,0,470,406,1,2,53.0,47.0,1552121.0,,,,,,,,,,,,,,,,,,,,,,,,,,,,,,,,,,,,2,0,AZ,ADO,2,16,1,3,0,0,0,6,7,E/AZ,False,True,2.3600000000000003,0.020000000000000046
2026-08-09,Eredivisie,2026/2027,SPARTA ROTTERDAM,FEYENOORD,0,1,0,1,A,10,22,0,6,11,8,5,10,3,1,0,0,336,510,6,1,40.0,60.0,1552122.0,,,,,,,,,,,,,,,,,,,,,,,,,,,,,,,,,,,,1,1,SPA,FEY,0,15,1,0,3,0,0,7,8,FEY/FEY,False,False,-0.55,2.6999999999999997
2026-08-09,Eredivisie,2026/2027,GRONINGEN,UTRECHT,2,1,1,0,H,16,14,5,7,12,17,5,1,0,2,0,0,449,306,6,3,59.0,41.0,1552123.0,,,,,,,,,,,,,,,,,,,,,,,,,,,,,,,,,,,,3,1,GRO,UTR,2,6,1,3,0,0,0,8,9,GRO/GRO,False,False,2.13,0.55
2026-08-09,Eredivisie,2026/2027,PEC ZWOLLE,AJAX,0,2,0,0,A,7,26,2,6,12,10,2,10,2,2,1,0,238,548,4,2,31.0,69.0,1552124.0,,,,,,,,,,,,,,,,,,,,,,,,,,,,,,,,,,,,2,0,ZWO,AJA,2,12,1,0,3,0,0,9,10,E/AJA,False,False,-0.55,2.5599999999999996
2026-08-09,Eredivisie,2026/2027,HEERENVEEN,TWENTE,1,0,0,0,H,7,18,4,3,7,7,4,8,2,1,0,0,474,533,3,3,46.0,54.0,1552125.0,,,,,,,,,,,,,,,,,,,,,,,,,,,,,,,,,,,,1,0,HEE,TWE,1,12,1,3,0,0,0,10,11,E/HEE,False,False,1.7900000000000005,0.47
2026-08-14,Eredivisie,2026/2027,TELSTAR,SPARTA ROTTERDAM,1,3,0,1,A,7,16,1,9,13,17,7,5,1,1,0,0,509,327,6,0,61.0,39.0,1552126.0,,,,,,,,,,,,,,,,,,,,,,,,,,,,,,,,,,,,4,1,TEL,SPA,3,12,2,0,3,3,0,5,13,SPA/SPA,False,True,-0.15000000000000002,3.3099999999999996
2026-08-15,Eredivisie,2026/2027,WILLEM II,NEC NIJMEGEN,1,4,0,1,A,9,21,2,10,10,14,1,2,1,0,0,0,279,591,6,1,32.0,68.0,1552127.0,,,,,,,,,,,,,,,,,,,,,,,,,,,,,,,,,,,,5,1,WIL,NEC,4,3,2,0,3,0,0,17,12,NEC/NEC,False,False,-0.29000000000000004,2.98
2026-08-15,Eredivisie,2026/2027,UTRECHT,AZ ALKMAAR,1,4,0,1,A,8,24,2,9,23,14,3,9,4,2,0,0,372,417,5,1,48.0,52.0,1552128.0,,,,,,,,,,,,,,,,,,,,,,,,,,,,,,,,,,,,5,1,UTR,AZ,4,12,2,0,3,0,3,13,4,AZ/AZ,True,False,-0.5800000000000001,2.9399999999999995
2026-08-15,Eredivisie,2026/2027,EXCELSIOR,PSV EINDHOVEN,1,2,0,1,A,5,20,2,8,9,3,1,7,1,0,0,0,426,603,7,1,41.0,59.0,1552129.0,,,,,,,,,,,,,,,,,,,,,,,,,,,,,,,,,,,,3,1,EXC,PSV,2,8,2,0,3,3,1,2,11,PSV/PSV,False,True,-0.29000000000000004,3.43
2026-08-15,Eredivisie,2026/2027,FORTUNA SITTARD,CAMBUUR,3,1,2,1,H,17,19,7,7,10,9,6,7,0,2,0,0,289,511,6,4,36.0,64.0,1552130.0,,,,,,,,,,,,,,,,,,,,,,,,,,,,,,,,,,,,4,3,FOR,CAM,1,13,2,3,0,1,0,12,17,FOR/FOR,False,False,2.36,0.73
2026-08-16,Eredivisie,2026/2027,ADO DEN HAAG,GRONINGEN,1,4,0,3,A,10,17,4,14,11,11,5,2,0,1,0,0,489,410,10,3,55.0,45.0,1552131.0,,,,,,,,,,,,,,,,,,,,,,,,,,,,,,,,,,,,5,3,ADO,GRO,2,7,2,0,3,0,3,14,9,GRO/GRO,False,False,0.1099999999999999,3.3
2026-08-16,Eredivisie,2026/2027,FEYENOORD,GO AHEAD EAGLES,2,2,2,0,D,27,14,6,6,3,8,6,6,0,0,0,0,485,425,4,4,53.0,47.0,1552132.0,,,,,,,,,,,,,,,,,,,,,,,,,,,,,,,,,,,,4,2,FEY,GO,2,12,2,1,1,3,3,10,6,FEY/E,True,False,1.2799999999999998,1.2799999999999998
2026-08-16,Eredivisie,2026/2027,TWENTE,PEC ZWOLLE,3,1,1,1,H,27,8,10,3,11,6,6,3,0,0,0,0,614,285,2,8,69.0,31.0,1552133.0,,,,,,,,,,,,,,,,,,,,,,,,,,,,,,,,,,,,4,2,TWE,ZWO,2,9,2,3,0,0,0,13,14,E/TWE,False,False,3.0900000000000003,-0.020000000000000018
2026-08-16,Eredivisie,2026/2027,AJAX,HEERENVEEN,2,2,2,1,D,23,14,4,8,8,10,7,2,3,1,0,0,517,462,6,4,54.0,46.0,1552134.0,,,,,,,,,,,,,,,,,,,,,,,,,,,,,,,,,,,,4,3,AJA,HEE,1,9,2,1,1,3,3,9,12,AJA/E,False,False,0.71,1.3599999999999999
2026-08-22,Eredivisie,2026/2027,FORTUNA SITTARD,AZ ALKMAAR,0,2,0,0,A,4,26,2,11,9,11,1,15,0,1,1,0,250,644,9,2,28.0,72.0,1552135.0,,,,,,,,,,,,,,,,,,,,,,,,,,,,,,,,,,,,2,0,FOR,AZ,2,16,3,0,3,4,6,4,1,E/AZ,True,True,-0.75,4.18
2026-08-22,Eredivisie,2026/2027,SPARTA ROTTERDAM,UTRECHT,3,3,1,1,D,14,16,5,4,10,13,5,7,0,0,0,0,485,382,1,2,56.0,44.0,1552137.0,,,,,,,,,,,,,,,,,,,,,,,,,,,,,,,,,,,,6,2,SPA,UTR,4,12,3,1,1,3,0,11,14,E/E,False,False,1.1600000000000001,1.1
2026-08-22,Eredivisie,2026/2027,HEERENVEEN,PEC ZWOLLE,0,2,0,0,A,18,20,5,7,6,13,5,3,1,2,0,0,612,339,5,5,64.0,36.0,1552138.0,,,,,,,,,,,,,,,,,,,,,,,,,,,,,,,,,,,,2,0,HEE,ZWO,2,8,3,0,3,4,0,8,15,E/ZWO,False,False,0.4899999999999999,2.1499999999999995
2026-08-23,Eredivisie,2026/2027,GO AHEAD EAGLES,ADO DEN HAAG,3,1,1,0,H,11,16,5,3,10,13,5,3,1,2,0,0,428,498,2,2,47.0,53.0,1552139.0,,,,,,,,,,,,,,,,,,,,,,,,,,,,,,,,,,,,4,1,GO,ADO,3,8,3,3,0,4,0,3,16,GO/GO,False,True,2.19,0.04999999999999996
2026-08-23,Eredivisie,2026/2027,PSV EINDHOVEN,GRONINGEN,5,1,3,1,H,24,7,12,4,10,4,9,4,1,1,0,0,568,354,2,7,62.0,38.0,1552140.0,,,,,,,,,,,,,,,,,,,,,,,,,,,,,,,,,,,,6,4,PSV,GRO,2,13,3,3,0,4,6,6,3,PSV/PSV,True,True,3.8699999999999997,-0.0800000000000001
2026-08-23,Eredivisie,2026/2027,CAMBUUR,FEYENOORD,2,5,0,4,A,11,14,4,7,14,13,3,3,0,1,0,0,399,482,3,2,45.0,55.0,1552141.0,,,,,,,,,,,,,,,,,,,,,,,,,,,,,,,,,,,,7,4,CAM,FEY,3,6,3,0,3,0,4,17,7,FEY/FEY,False,False,0.33999999999999997,2.3399999999999994
2026-08-28,Eredivisie,2026/2027,GRONINGEN,FORTUNA SITTARD,2,3,1,2,A,22,9,2,5,7,8,7,2,3,3,0,0,550,279,2,1,68.0,32.0,1552144.0,,,,,,,,,,,,,,,,,,,,,,,,,,,,,,,,,,,,5,3,GRO,FOR,2,9,4,0,3,6,4,5,8,FOR/FOR,False,True,0.06,2.3099999999999996
2026-08-29,Eredivisie,2026/2027,EXCELSIOR,SPARTA ROTTERDAM,2,1,1,0,H,15,10,5,2,13,7,6,4,2,1,0,0,383,488,1,3,45.0,55.0,1552145.0,,,,,,,,,,,,,,,,,,,,,,,,,,,,,,,,,,,,3,1,EXC,SPA,2,10,4,3,0,3,4,10,8,EXC/EXC,False,False,2.17,0.03
2026-08-29,Eredivisie,2026/2027,AZ ALKMAAR,GO AHEAD EAGLES,5,2,2,1,H,21,10,8,4,9,6,8,4,0,0,0,0,484,441,2,3,52.0,48.0,1552146.0,,,,,,,,,,,,,,,,,,,,,,,,,,,,,,,,,,,,7,3,AZ,GO,4,12,4,3,0,9,7,1,2,AZ/AZ,True,True,3.32,0.23999999999999996
2026-08-29,Eredivisie,2026/2027,PEC ZWOLLE,NEC NIJMEGEN,1,3,1,2,A,9,8,2,4,17,12,6,7,1,3,0,0,375,338,1,1,52.0,48.0,1552147.0,,,,,,,,,,,,,,,,,,,,,,,,,,,,,,,,,,,,4,3,ZWO,NEC,1,13,4,0,3,3,3,14,11,NEC/NEC,False,False,0.16,1.93
2026-08-30,Eredivisie,2026/2027,UTRECHT,PSV EINDHOVEN,1,6,1,2,A,1,30,1,14,21,8,0,13,5,1,0,0,298,562,7,0,34.0,66.0,1552148.0,,,,,,,,,,,,,,,,,,,,,,,,,,,,,,,,,,,,7,3,UTR,PSV,4,13,4,0,3,1,7,15,2,PSV/PSV,True,False,-1.31,4.1000000000000005
2026-08-30,Eredivisie,2026/2027,FEYENOORD,ADO DEN HAAG,2,2,0,1,D,33,8,12,3,5,9,11,3,0,3,0,0,617,275,1,10,69.0,31.0,1552149.0,,,,,,,,,,,,,,,,,,,,,,,,,,,,,,,,,,,,4,1,FEY,ADO,3,14,4,1,1,7,0,3,17,ADO/E,False,True,2.64,-0.02000000000000013
2026-08-30,Eredivisie,2026/2027,WILLEM II,HEERENVEEN,2,2,0,0,D,12,13,5,5,9,5,9,7,0,0,0,0,320,517,3,2,39.0,61.0,1552150.0,,,,,,,,,,,,,,,,,,,,,,,,,,,,,,,,,,,,4,0,WIL,HEE,4,16,4,1,1,0,4,17,11,E/E,False,False,1.31,1.1700000000000002
2026-08-30,Eredivisie,2026/2027,TELSTAR,AJAX,0,4,0,1,A,11,12,4,9,11,13,5,4,0,0,0,0,397,537,5,5,42.0,58.0,1552151.0,,,,,,,,,,,,,,,,,,,,,,,,,,,,,,,,,,,,4,1,TEL,AJA,3,9,4,0,3,3,4,13,10,AJA/AJA,False,False,0.31999999999999995,2.7499999999999996
2026-08-30,Eredivisie,2026/2027,CAMBUUR,TWENTE,1,4,0,2,A,10,23,3,10,6,14,2,9,1,1,0,0,338,599,6,2,36.0,64.0,1552152.0,,,,,,,,,,,,,,,,,,,,,,,,,,,,,,,,,,,,5,2,CAM,TWE,3,11,4,0,3,0,3,18,12,TWE/TWE,False,False,-0.23000000000000004,3.16
2026-09-04,Eredivisie,2026/2027,SPARTA ROTTERDAM,PEC ZWOLLE,2,2,1,1,D,21,15,8,6,12,11,15,4,0,2,0,0,463,366,4,6,56.0,44.0,1552153.0,,,,,,,,,,,,,,,,,,,,,,,,,,,,,,,,,,,,4,2,SPA,ZWO,2,19,5,1,1,4,3,12,13,E/E,False,False,2.07,0.7
2026-09-05,Eredivisie,2026/2027,NEC NIJMEGEN,FEYENOORD,1,3,0,0,A,12,11,2,6,9,15,1,1,1,2,0,0,534,323,2,1,62.0,38.0,1552154.0,,,,,,,,,,,,,,,,,,,,,,,,,,,,,,,,,,,,4,0,NEC,FEY,4,2,5,0,3,6,8,7,3,E/FEY,True,False,-0.07000000000000006,2.1299999999999994
2026-09-05,Eredivisie,2026/2027,AJAX,PSV EINDHOVEN,1,3,1,2,A,19,13,6,5,6,13,1,1,3,6,0,0,513,446,2,5,53.0,47.0,1552156.0,,,,,,,,,,,,,,,,,,,,,,,,,,,,,,,,,,,,4,3,AJA,PSV,1,2,5,0,3,7,10,4,3,PSV/PSV,True,True,0.3799999999999999,1.88
2026-09-02,First League Bulgaria,2026/2027,SLAVIA SOFIA,LEVSKI SOFIA,1,2,0,0,A,4,11,2,4,0,0,2,4,3,0,0,0,0,0,0,0,37.0,63.0,1551080.0,,,,,,,,,,,,,,,,,,,,,,,,,,,,,,,,,,,,3,0,SLA,LEV,3,6,1,0,3,0,0,1,2,E/LEV,True,True,-0.18000000000000005,2.66
2026-09-04,First League Bulgaria,2026/2027,SEPTEMVRI SOFIA,BOTEV VRATSA,2,3,0,1,A,10,7,5,4,0,0,9,2,2,1,0,0,0,0,0,0,59.0,41.0,1551101.0,,,,,,,,,,,,,,,,,,,,,,,,,,,,,,,,,,,,5,1,SEP,BOT,4,11,1,0,3,0,0,2,3,BOT/BOT,True,True,0.76,2.17
2026-09-04,First League Bulgaria,2026/2027,ARDA KARDZHALI,BOTEV PLOVDIV,2,3,0,2,A,20,9,9,5,0,0,7,2,3,1,0,0,0,0,0,0,56.0,44.0,1551096.0,,,,,,,,,,,,,,,,,,,,,,,,,,,,,,,,,,,,5,2,ARD,BOT,3,9,1,0,3,0,0,3,4,BOT/BOT,True,True,1.1099999999999999,2.16
2026-09-05,First League Bulgaria,2026/2027,SPARTAK VARNA,CSKA SOFIA,1,1,1,1,D,4,27,2,8,0,0,2,10,2,3,0,0,0,0,0,0,31.0,69.0,1551102.0,,,,,,,,,,,,,,,,,,,,,,,,,,,,,,,,,,,,2,2,SPA,CSK,0,12,2,1,1,0,0,4,5,E/E,True,True,0.09999999999999998,1.7599999999999996
2026-09-05,First League Bulgaria,2026/2027,LEVSKI SOFIA,CSKA 1948,1,0,0,0,H,12,7,3,2,0,0,3,7,2,2,0,0,0,0,0,0,51.0,49.0,1551098.0,,,,,,,,,,,,,,,,,,,,,,,,,,,,,,,,,,,,1,0,LEV,CSK,1,10,2,3,0,3,0,3,6,E/LEV,True,True,2.16,0.24
2026-02-06,J1 League,2025/2026,KYOTO SANGA,VISSEL KOBE,1,1,0,1,D,16,13,7,2,16,5,5,5,2,1,0,0,337,311,1,6,52.0,48.0,1501294.0,,,,,,,,,,,,,,,,,,,,,,,,,,,,,,,,,,,,2,1,KYO,VIS,1,10,1,1,1,0,0,1,2,VIS/E,True,True,1.4,0.5
2026-02-06,J1 League,2025/2026,V-VAREN NAGASAKI,SANFRECCE HIROSHIMA,1,3,0,1,A,12,18,3,7,13,10,1,5,0,0,0,0,545,421,3,1,56.0,44.0,1501295.0,,,,,,,,,,,,,,,,,,,,,,,,,,,,,,,,,,,,4,1,V-V,SAN,3,6,1,0,3,0,0,3,4,SAN/SAN,True,True,0.049999999999999906,3.13
2026-02-06,J1 League,2025/2026,YOKOHAMA F. MARINOS,MACHIDA ZELVIA,2,3,1,3,A,15,8,5,4,12,15,5,1,1,1,0,0,542,314,1,3,64.0,36.0,1501296.0,,,,,,,,,,,,,,,,,,,,,,,,,,,,,,,,,,,,5,4,YOK,MAC,1,6,1,0,3,0,0,4,5,MAC/MAC,True,True,0.68,2.2
2026-02-07,J1 League,2025/2026,JEF UNITED CHIBA,URAWA,0,2,0,2,A,17,20,7,6,10,8,13,6,2,0,0,0,427,418,2,5,51.0,49.0,1501297.0,,,,,,,,,,,,,,,,,,,,,,,,,,,,,,,,,,,,2,2,JEF,URA,0,19,1,0,3,0,0,5,6,URA/URA,True,True,1.0799999999999998,2.59
2026-02-07,J1 League,2025/2026,FC TOKYO,KASHIMA,1,1,1,1,D,23,12,8,3,14,9,11,4,1,2,0,1,478,364,2,6,58.0,42.0,1501298.0,,,,,,,,,,,,,,,,,,,,,,,,,,,,,,,,,,,,2,2,TOK,KAS,0,15,1,1,1,0,0,6,7,E/E,False,True,1.9199999999999995,0.08000000000000002
2026-02-07,J1 League,2025/2026,CEREZO OSAKA,GAMBA OSAKA,0,0,0,0,D,4,19,1,4,16,13,4,5,1,3,1,1,197,665,4,1,23.0,77.0,1501299.0,,,,,,,,,,,,,,,,,,,,,,,,,,,,,,,,,,,,0,0,CER,GAM,0,9,1,1,1,0,0,8,9,E/E,False,False,0.20000000000000007,0.6699999999999999
2026-02-08,J1 League,2025/2026,TOKYO VERDY,MITO HOLLYHOCK,3,1,2,0,H,8,10,3,1,8,13,2,4,0,2,0,0,434,632,0,1,41.0,59.0,1501303.0,,,,,,,,,,,,,,,,,,,,,,,,,,,,,,,,,,,,4,2,TOK,MIT,2,6,1,3,0,0,0,10,11,TOK/TOK,False,False,1.92,-0.040000000000000036
2026-02-08,J1 League,2025/2026,KAWASAKI FRONTALE,KASHIWA REYSOL,5,3,3,1,H,13,27,7,6,5,5,2,8,0,0,0,0,385,670,3,2,36.0,64.0,1501302.0,,,,,,,,,,,,,,,,,,,,,,,,,,,,,,,,,,,,8,4,KAW,KAS,4,10,1,3,0,0,0,11,12,KAW/KAW,False,False,2.19,0.9099999999999998
2026-02-08,J1 League,2025/2026,AVISPA FUKUOKA,FAGIANO OKAYAMA,1,1,0,1,D,13,6,5,1,16,16,6,4,1,3,0,0,436,293,1,4,60.0,40.0,1501300.0,,,,,,,,,,,,,,,,,,,,,,,,,,,,,,,,,,,,2,1,AVI,FAG,1,10,1,1,1,0,0,12,13,FAG/E,False,False,1.3199999999999998,0.18000000000000005
2026-02-08,J1 League,2025/2026,NAGOYA GRAMPUS,SHIMIZU S-PULSE,1,0,0,0,H,14,6,3,3,11,17,5,5,3,2,0,0,428,390,3,2,52.0,48.0,1501301.0,,,,,,,,,,,,,,,,,,,,,,,,,,,,,,,,,,,,1,0,NAG,SHI,1,10,1,3,0,0,0,14,15,E/NAG,False,False,1.6499999999999997,0.24999999999999994
2026-02-13,J1 League,2025/2026,VISSEL KOBE,V-VAREN NAGASAKI,2,0,2,0,H,19,4,4,2,10,13,9,1,1,3,0,0,511,422,2,2,55.0,45.0,1501304.0,,,,,,,,,,,,,,,,,,,,,,,,,,,,,,,,,,,,2,2,VIS,V-V,0,10,2,3,0,1,0,8,18,VIS/VIS,False,False,2.33,-0.33000000000000007
2026-02-14,J1 League,2025/2026,KASHIMA,YOKOHAMA F. MARINOS,1,0,0,0,H,8,10,2,2,8,14,6,5,1,1,0,0,472,260,2,1,64.0,36.0,1501309.0,,,,,,,,,,,,,,,,,,,,,,,,,,,,,,,,,,,,1,0,KAS,YOK,1,11,2,3,0,1,0,10,15,E/KAS,False,False,1.7999999999999998,0.22999999999999995
2026-02-14,J1 League,2025/2026,MACHIDA ZELVIA,MITO HOLLYHOCK,2,2,2,2,D,9,15,3,8,7,14,3,4,0,0,0,0,448,364,5,1,56.0,44.0,1501305.0,,,,,,,,,,,,,,,,,,,,,,,,,,,,,,,,,,,,4,4,MAC,MIT,0,7,2,1,1,3,0,7,18,E/E,False,False,0.62,1.6899999999999997
2026-02-14,J1 League,2025/2026,SANFRECCE HIROSHIMA,FAGIANO OKAYAMA,1,1,1,1,D,11,12,4,1,8,11,6,1,0,3,0,1,608,238,0,3,72.0,28.0,1501306.0,,,,,,,,,,,,,,,,,,,,,,,,,,,,,,,,,,,,2,2,SAN,FAG,0,7,2,1,1,3,1,5,12,E/E,False,True,1.33,-0.17000000000000004
2026-02-14,J1 League,2025/2026,SHIMIZU S-PULSE,KYOTO SANGA,1,1,0,0,D,12,10,5,1,7,15,6,5,1,1,0,0,266,341,0,4,44.0,56.0,1501307.0,,,,,,,,,,,,,,,,,,,,,,,,,,,,,,,,,,,,2,0,SHI,KYO,2,11,2,1,1,0,1,16,10,E/E,False,False,1.2999999999999998,0.43000000000000005
2026-02-14,J1 League,2025/2026,FC TOKYO,URAWA,1,1,0,0,D,11,13,5,3,13,7,8,5,4,0,0,0,444,308,2,4,59.0,41.0,1501308.0,,,,,,,,,,,,,,,,,,,,,,,,,,,,,,,,,,,,2,0,TOK,URA,2,13,2,1,1,1,3,11,7,E/E,False,False,0.9999999999999999,0.7899999999999999
2026-02-15,J1 League,2025/2026,GAMBA OSAKA,NAGOYA GRAMPUS,0,0,0,0,D,17,21,7,9,11,11,6,3,1,1,0,0,374,370,9,7,50.0,50.0,1501313.0,,,,,,,,,,,,,,,,,,,,,,,,,,,,,,,,,,,,0,0,GAM,NAG,0,9,2,1,1,1,3,14,8,E/E,False,False,1.24,1.4299999999999997
2026-02-15,J1 League,2025/2026,AVISPA FUKUOKA,CEREZO OSAKA,0,2,0,2,A,8,13,0,4,11,12,5,4,3,3,0,0,454,575,1,0,45.0,55.0,1501312.0,,,,,,,,,,,,,,,,,,,,,,,,,,,,,,,,,,,,2,2,AVI,CER,0,9,2,0,3,1,1,13,14,CER/CER,False,False,-0.33000000000000007,1.9000000000000001
2026-02-15,J1 League,2025/2026,JEF UNITED CHIBA,KAWASAKI FRONTALE,0,0,0,0,D,22,17,4,4,14,5,6,5,3,0,0,0,438,494,4,4,48.0,52.0,1501310.0,,,,,,,,,,,,,,,,,,,,,,,,,,,,,,,,,,,,0,0,JEF,KAW,0,11,2,1,1,0,3,19,8,E/E,False,False,0.8,1.0300000000000002
2026-02-15,J1 League,2025/2026,KASHIWA REYSOL,TOKYO VERDY,1,2,1,0,A,11,6,2,3,11,12,6,3,1,2,1,0,527,428,1,1,55.0,45.0,1501311.0,,,,,,,,,,,,,,,,,,,,,,,,,,,,,,,,,,,,3,1,KAS,TOK,2,9,2,0,3,0,3,18,9,KAS/TOK,False,False,0.040000000000000036,1.68
2026-02-21,J1 League,2025/2026,TOKYO VERDY,MACHIDA ZELVIA,2,2,0,0,D,8,11,2,4,6,9,2,4,0,1,0,0,447,424,2,0,51.0,49.0,1504669.0,,,,,,,,,,,,,,,,,,,,,,,,,,,,,,,,,,,,4,0,TOK,MAC,4,6,3,1,1,6,4,1,7,E/E,False,True,0.6200000000000001,1.0599999999999998
2026-02-21,J1 League,2025/2026,YOKOHAMA F. MARINOS,URAWA,0,2,0,0,A,15,12,1,5,6,13,5,4,1,2,0,0,406,413,3,1,50.0,50.0,1504670.0,,,,,,,,,,,,,,,,,,,,,,,,,,,,,,,,,,,,2,0,YOK,URA,2,9,3,0,3,0,4,18,6,E/URA,True,False,-0.030000000000000013,2.1
2026-02-21,J1 League,2025/2026,SHIMIZU S-PULSE,VISSEL KOBE,1,0,0,0,H,10,6,3,1,11,11,9,5,3,2,0,1,298,285,1,2,52.0,48.0,1504671.0,,,,,,,,,,,,,,,,,,,,,,,,,,,,,,,,,,,,1,0,SHI,VIS,1,14,3,3,0,1,4,14,6,E/SHI,True,False,2.45,-0.38
2026-02-21,J1 League,2025/2026,KAWASAKI FRONTALE,FC TOKYO,1,2,1,2,A,7,22,3,5,6,16,3,4,3,2,0,0,601,463,3,2,56.0,44.0,1504672.0,,,,,,,,,,,,,,,,,,,,,,,,,,,,,,,,,,,,3,3,KAW,TOK,0,7,3,0,3,4,2,4,12,TOK/TOK,False,True,-0.030000000000000082,2.54
2026-02-21,J1 League,2025/2026,NAGOYA GRAMPUS,V-VAREN NAGASAKI,1,3,0,0,A,14,16,3,7,12,12,8,3,1,1,0,0,490,345,4,3,60.0,40.0,1504673.0,,,,,,,,,,,,,,,,,,,,,,,,,,,,,,,,,,,,4,0,NAG,V-V,4,11,3,0,3,4,0,10,20,E/V-V,False,False,0.33999999999999997,2.2899999999999996
2026-02-21,J1 League,2025/2026,KASHIMA,KASHIWA REYSOL,2,0,1,0,H,8,8,5,4,9,12,3,4,0,2,0,0,460,535,4,3,46.0,54.0,1504674.0,,,,,,,,,,,,,,,,,,,,,,,,,,,,,,,,,,,,2,1,KAS,KAS,1,7,3,3,0,4,0,9,19,KAS/KAS,False,False,2.1199999999999997,0.29000000000000004
2026-02-22,J1 League,2025/2026,MITO HOLLYHOCK,JEF UNITED CHIBA,1,1,1,1,D,13,7,6,2,15,12,4,4,5,3,1,0,279,419,1,5,40.0,60.0,1504676.0,,,,,,,,,,,,,,,,,,,,,,,,,,,,,,,,,,,,2,2,MIT,JEF,0,8,3,1,1,1,1,16,18,E/E,False,False,0.6699999999999997,0.31999999999999995
2026-02-22,J1 League,2025/2026,KYOTO SANGA,AVISPA FUKUOKA,2,0,1,0,H,15,5,6,0,12,11,7,5,3,2,0,0,350,278,0,4,55.0,45.0,1504675.0,,,,,,,,,,,,,,,,,,,,,,,,,,,,,,,,,,,,2,1,KYO,AVI,1,12,3,3,0,2,1,13,18,KYO/KYO,False,False,2.3499999999999996,-0.39000000000000007
2026-02-22,J1 League,2025/2026,FAGIANO OKAYAMA,GAMBA OSAKA,1,2,1,1,A,20,9,8,7,23,12,10,2,1,1,0,0,329,414,5,7,46.0,54.0,1504677.0,,,,,,,,,,,,,,,,,,,,,,,,,,,,,,,,,,,,3,2,FAG,GAM,1,12,3,0,3,2,2,14,15,E/GAM,False,False,1.2099999999999997,1.9499999999999997
2026-02-22,J1 League,2025/2026,CEREZO OSAKA,SANFRECCE HIROSHIMA,1,2,0,0,A,8,14,1,4,9,10,2,6,2,0,0,0,446,394,0,0,52.0,48.0,1504678.0,,,,,,,,,,,,,,,,,,,,,,,,,,,,,,,,,,,,3,0,CER,SAN,3,8,3,0,3,4,4,9,8,E/SAN,False,False,-0.27,2.3100000000000005
2026-02-27,J1 League,2025/2026,MACHIDA ZELVIA,JEF UNITED CHIBA,2,1,1,0,H,18,10,6,5,11,5,4,2,2,1,0,0,401,572,4,4,41.0,59.0,1504679.0,,,,,,,,,,,,,,,,,,,,,,,,,,,,,,,,,,,,3,1,MAC,JEF,2,6,4,3,0,5,2,6,17,MAC/MAC,False,True,2.11,0.3699999999999999
2026-02-27,J1 League,2025/2026,SANFRECCE HIROSHIMA,KYOTO SANGA,1,2,1,0,A,21,12,5,6,12,16,10,5,0,5,0,0,290,346,4,3,46.0,54.0,1504680.0,,,,,,,,,,,,,,,,,,,,,,,,,,,,,,,,,,,,3,1,SAN,KYO,2,15,4,0,3,7,5,4,6,SAN/KYO,True,True,0.85,2.1999999999999997
2026-02-27,J1 League,2025/2026,VISSEL KOBE,AVISPA FUKUOKA,2,1,0,0,H,21,9,7,4,1,13,7,2,0,3,0,1,710,221,3,5,76.0,24.0,1504681.0,,,,,,,,,,,,,,,,,,,,,,,,,,,,,,,,,,,,3,0,VIS,AVI,3,9,4,3,0,4,1,10,18,E/VIS,False,False,2.6599999999999997,-0.3400000000000001
2026-02-28,J1 League,2025/2026,YOKOHAMA F. MARINOS,TOKYO VERDY,3,2,1,0,H,12,6,4,3,15,12,7,3,1,3,0,0,378,406,1,0,48.0,52.0,1504682.0,,,,,,,,,,,,,,,,,,,,,,,,,,,,,,,,,,,,5,1,YOK,TOK,4,10,4,3,0,0,7,19,4,YOK/YOK,True,False,2.64,-0.04000000000000009
2026-02-28,J1 League,2025/2026,URAWA,KASHIMA,2,3,2,1,A,11,13,3,4,17,10,6,7,1,1,0,0,321,415,2,1,44.0,56.0,1504683.0,,,,,,,,,,,,,,,,,,,,,,,,,,,,,,,,,,,,5,3,URA,KAS,2,13,4,0,3,7,7,3,4,URA/KAS,True,True,0.31000000000000005,2.58
2026-02-28,J1 League,2025/2026,FC TOKYO,KASHIWA REYSOL,0,2,0,0,A,14,10,4,6,7,10,3,5,2,2,0,0,491,493,4,4,50.0,50.0,1504684.0,,,,,,,,,,,,,,,,,,,,,,,,,,,,,,,,,,,,2,0,TOK,KAS,2,8,4,0,3,5,0,8,20,E/KAS,False,False,0.14999999999999997,2.1899999999999995
2026-02-28,J1 League,2025/2026,V-VAREN NAGASAKI,CEREZO OSAKA,1,0,1,0,H,22,14,6,4,6,11,8,4,1,2,0,0,412,583,4,5,42.0,58.0,1504686.0,,,,,,,,,,,,,,,,,,,,,,,,,,,,,,,,,,,,1,1,V-V,CER,0,12,4,3,0,3,4,14,11,V-V/V-V,False,False,2.4199999999999995,0.13999999999999996
2026-02-28,J1 League,2025/2026,GAMBA OSAKA,SHIMIZU S-PULSE,2,2,2,0,D,12,16,7,4,13,7,4,4,0,0,0,0,487,379,0,5,56.0,44.0,1504685.0,,,,,,,,,,,,,,,,,,,,,,,,,,,,,,,,,,,,4,2,GAM,SHI,2,8,4,1,1,5,4,9,13,GAM/E,False,False,1.47,0.87
2026-03-01,J1 League,2025/2026,FAGIANO OKAYAMA,NAGOYA GRAMPUS,1,1,0,0,D,17,7,4,2,13,11,9,3,0,1,0,0,354,510,1,3,42.0,58.0,1504687.0,,,,,,,,,,,,,,,,,,,,,,,,,,,,,,,,,,,,2,0,FAG,NAG,2,12,4,1,1,2,4,17,14,E/E,False,False,1.39,0.4700000000000001
2026-03-01,J1 League,2025/2026,KAWASAKI FRONTALE,MITO HOLLYHOCK,2,2,0,2,D,15,10,5,6,6,13,6,2,0,3,0,0,634,363,4,3,64.0,36.0,1504688.0,,,,,,,,,,,,,,,,,,,,,,,,,,,,,,,,,,,,4,2,KAW,MIT,2,8,4,1,1,4,2,13,18,MIT/E,False,False,1.21,0.8299999999999998
2026-03-07,J1 League,2025/2026,JEF UNITED CHIBA,KASHIWA REYSOL,2,1,0,0,H,11,23,5,6,10,8,3,5,0,1,0,0,295,615,5,3,33.0,67.0,1504689.0,,,,,,,,,,,,,,,,,,,,,,,,,,,,,,,,,,,,3,0,JEF,KAS,3,8,5,3,0,2,3,19,17,E/JEF,False,False,2.0,0.7399999999999999
2026-03-07,J1 League,2025/2026,FC TOKYO,YOKOHAMA F. MARINOS,3,0,2,0,H,17,8,7,1,16,9,4,3,0,2,0,0,417,459,1,4,48.0,52.0,1504690.0,,,,,,,,,,,,,,,,,,,,,,,,,,,,,,,,,,,,3,2,TOK,YOK,1,7,5,3,0,5,3,12,18,TOK/TOK,False,False,2.64,-0.33
2026-03-07,J1 League,2025/2026,CEREZO OSAKA,SHIMIZU S-PULSE,0,0,0,0,D,19,11,8,0,17,10,6,5,2,3,0,0,551,372,0,8,59.0,41.0,1504692.0,,,,,,,,,,,,,,,,,,,,,,,,,,,,,,,,,,,,0,0,CER,SHI,0,11,5,1,1,4,5,15,12,E/E,False,False,1.7,-0.07000000000000006
2026-03-07,J1 League,2025/2026,URAWA,MITO HOLLYHOCK,2,0,1,0,H,8,13,5,2,9,15,2,5,0,3,0,1,443,400,2,3,52.0,48.0,1504693.0,,,,,,,,,,,,,,,,,,,,,,,,,,,,,,,,,,,,2,1,URA,MIT,1,7,5,3,0,7,3,5,17,URA/URA,False,True,2.15,-0.29000000000000004
2026-03-07,J1 League,2025/2026,KASHIMA,TOKYO VERDY,2,0,2,0,H,12,3,5,1,13,13,6,5,0,1,0,0,525,448,1,3,54.0,46.0,1504695.0,,,,,,,,,,,,,,,,,,,,,,,,,,,,,,,,,,,,2,2,KAS,TOK,0,11,5,3,0,10,7,2,6,KAS/KAS,True,True,2.9,-0.07
2026-03-07,J1 League,2025/2026,AVISPA FUKUOKA,NAGOYA GRAMPUS,1,5,0,3,A,17,22,5,6,16,11,3,2,5,0,1,0,343,516,1,4,40.0,60.0,1504694.0,,,,,,,,,,,,,,,,,,,,,,,,,,,,,,,,,,,,6,3,AVI,NAG,3,5,5,0,3,1,5,20,14,NAG/NAG,False,False,-0.19000000000000006,2.19
2026-03-08,J1 League,2025/2026,FAGIANO OKAYAMA,KYOTO SANGA,1,0,0,0,H,15,11,5,4,12,16,5,1,1,1,0,0,301,347,4,4,47.0,53.0,1504696.0,,,,,,,,,,,,,,,,,,,,,,,,,,,,,,,,,,,,1,0,FAG,KYO,1,6,5,3,0,3,8,16,4,E/FAG,True,False,2.6799999999999997,0.19999999999999993
2026-03-08,J1 League,2025/2026,GAMBA OSAKA,V-VAREN NAGASAKI,3,2,1,2,H,16,7,7,3,10,8,8,2,0,0,0,0,559,368,1,4,61.0,39.0,1504697.0,,,,,,,,,,,,,,,,,,,,,,,,,,,,,,,,,,,,5,3,GAM,V-V,2,10,5,3,0,6,6,10,13,V-V/GAM,False,False,2.76,0.039999999999999925
2026-03-14,J1 League,2025/2026,TOKYO VERDY,URAWA,1,0,1,0,H,14,15,5,4,12,11,2,6,1,2,0,0,270,591,4,2,31.0,69.0,1504707.0,,,,,,,,,,,,,,,,,,,,,,,,,,,,,,,,,,,,1,1,TOK,URA,0,8,6,3,0,7,10,10,2,TOK/TOK,True,False,2.4299999999999997,0.41
2026-03-14,J1 League,2025/2026,SANFRECCE HIROSHIMA,GAMBA OSAKA,2,0,1,0,H,20,6,4,2,12,17,10,3,2,4,0,1,323,336,2,2,51.0,49.0,1504706.0,,,,,,,,,,,,,,,,,,,,,,,,,,,,,,,,,,,,2,1,SAN,GAM,1,13,6,3,0,7,9,9,4,SAN/SAN,True,False,2.7399999999999998,-0.6000000000000001
2026-03-14,J1 League,2025/2026,KASHIMA,KAWASAKI FRONTALE,1,0,0,0,H,16,13,6,2,13,9,6,2,1,0,0,0,524,502,2,5,52.0,48.0,1504705.0,,,,,,,,,,,,,,,,,,,,,,,,,,,,,,,,,,,,1,0,KAS,KAW,1,8,6,3,0,13,5,1,14,E/KAS,False,True,2.4599999999999995,-0.020000000000000046
2026-03-14,J1 League,2025/2026,SHIMIZU S-PULSE,FAGIANO OKAYAMA,1,1,0,0,D,19,13,5,5,7,14,7,7,0,1,0,0,472,285,4,4,62.0,38.0,1504704.0,,,,,,,,,,,,,,,,,,,,,,,,,,,,,,,,,,,,2,0,SHI,FAG,2,14,6,1,1,6,6,12,11,E/E,False,False,1.21,1.1099999999999999
2026-03-14,J1 League,2025/2026,NAGOYA GRAMPUS,VISSEL KOBE,0,3,0,1,A,14,21,5,9,11,14,7,3,2,0,0,0,416,381,6,4,53.0,47.0,1504703.0,,,,,,,,,,,,,,,,,,,,,,,,,,,,,,,,,,,,3,1,NAG,VIS,2,10,6,0,3,8,7,6,10,VIS/VIS,False,True,0.39000000000000007,3.1099999999999994
2026-03-14,J1 League,2025/2026,MITO HOLLYHOCK,FC TOKYO,1,1,0,0,D,14,11,4,1,14,11,4,4,1,3,0,0,367,380,0,3,49.0,51.0,1504702.0,,,,,,,,,,,,,,,,,,,,,,,,,,,,,,,,,,,,2,0,MIT,TOK,2,8,6,1,1,3,8,18,8,E/E,False,False,1.0699999999999998,0.27
2026-03-14,J1 League,2025/2026,KYOTO SANGA,CEREZO OSAKA,1,2,0,0,A,15,14,2,8,8,10,6,10,1,3,0,0,412,355,4,1,54.0,46.0,1504701.0,,,,,,,,,,,,,,,,,,,,,,,,,,,,,,,,,,,,3,0,KYO,CER,3,16,6,0,3,8,5,9,15,E/CER,False,False,-0.1,2.6799999999999997
2026-03-14,J1 League,2025/2026,KASHIWA REYSOL,MACHIDA ZELVIA,0,1,0,1,A,11,9,3,2,8,11,0,2,1,1,0,0,721,313,1,3,69.0,31.0,1504700.0,,,,,,,,,,,,,,,,,,,,,,,,,,,,,,,,,,,,1,1,KAS,MAC,0,2,6,0,3,3,8,18,8,MAC/MAC,False,False,0.21,1.65
2026-03-14,J1 League,2025/2026,YOKOHAMA F. MARINOS,JEF UNITED CHIBA,2,0,0,0,H,17,4,4,1,17,18,7,2,2,0,0,0,336,398,1,2,47.0,53.0,1504699.0,,,,,,,,,,,,,,,,,,,,,,,,,,,,,,,,,,,,2,0,YOK,JEF,2,9,6,3,0,3,5,19,16,E/YOK,False,False,2.16,-0.09000000000000002
2026-03-15,J1 League,2025/2026,V-VAREN NAGASAKI,AVISPA FUKUOKA,1,0,0,0,H,13,11,3,4,8,12,7,3,1,0,0,0,495,321,3,2,60.0,40.0,1504708.0,,,,,,,,,,,,,,,,,,,,,,,,,,,,,,,,,,,,1,0,V-V,AVI,1,10,6,3,0,6,1,14,20,E/V-V,False,False,1.94,0.45999999999999996
2026-03-18,J1 League,2025/2026,URAWA,KASHIWA REYSOL,1,1,0,0,D,13,15,4,4,6,9,4,7,0,1,0,0,345,534,3,3,39.0,61.0,1504718.0,,,,,,,,,,,,,,,,,,,,,,,,,,,,,,,,,,,,2,0,URA,KAS,2,11,7,1,1,10,3,5,19,E/E,False,True,0.9600000000000001,1.07
2026-03-18,J1 League,2025/2026,CEREZO OSAKA,FAGIANO OKAYAMA,1,2,1,1,A,7,11,3,4,14,13,2,4,0,2,0,0,445,360,2,2,55.0,45.0,1504709.0,,,,,,,,,,,,,,,,,,,,,,,,,,,,,,,,,,,,3,2,CER,FAG,1,6,7,0,3,8,7,11,13,E/FAG,False,False,0.26999999999999996,1.9100000000000004
2026-03-18,J1 League,2025/2026,AVISPA FUKUOKA,SHIMIZU S-PULSE,1,1,0,0,D,13,7,2,2,11,7,5,2,2,1,0,0,407,354,1,1,53.0,47.0,1504710.0,,,,,,,,,,,,,,,,,,,,,,,,,,,,,,,,,,,,2,0,AVI,SHI,2,7,7,1,1,1,7,20,14,E/E,False,False,0.71,0.6000000000000001
2026-03-18,J1 League,2025/2026,JEF UNITED CHIBA,FC TOKYO,1,2,0,1,A,11,25,3,11,13,7,5,8,1,1,0,0,395,465,8,2,46.0,54.0,1504711.0,,,,,,,,,,,,,,,,,,,,,,,,,,,,,,,,,,,,3,1,JEF,TOK,2,13,7,0,3,5,9,17,8,TOK/TOK,False,False,-0.1100000000000001,3.1999999999999997
2026-03-18,J1 League,2025/2026,MITO HOLLYHOCK,YOKOHAMA F. MARINOS,1,0,0,0,H,15,5,3,1,11,9,3,4,1,0,0,0,543,282,1,1,66.0,34.0,1504712.0,,,,,,,,,,,,,,,,,,,,,,,,,,,,,,,,,,,,1,0,MIT,YOK,1,7,7,3,0,4,6,18,15,E/MIT,False,False,1.8699999999999997,0.13999999999999999
2026-03-18,J1 League,2025/2026,NAGOYA GRAMPUS,SANFRECCE HIROSHIMA,2,1,1,0,H,13,17,7,3,11,16,7,5,1,2,0,0,360,462,2,5,44.0,56.0,1504713.0,,,,,,,,,,,,,,,,,,,,,,,,,,,,,,,,,,,,3,1,NAG,SAN,2,12,7,3,0,8,10,12,6,NAG/NAG,True,False,3.05,0.009999999999999898
2026-03-18,J1 League,2025/2026,TOKYO VERDY,KAWASAKI FRONTALE,0,2,0,2,A,9,8,1,5,8,8,7,6,2,2,0,0,504,384,3,1,57.0,43.0,1504714.0,,,,,,,,,,,,,,,,,,,,,,,,,,,,,,,,,,,,2,2,TOK,KAW,0,13,7,0,3,10,5,8,17,KAW/KAW,False,False,-0.07,2.1599999999999997
2026-03-18,J1 League,2025/2026,VISSEL KOBE,GAMBA OSAKA,2,2,1,1,D,15,14,3,8,9,19,6,3,1,1,0,0,326,432,6,1,45.0,55.0,1504715.0,,,,,,,,,,,,,,,,,,,,,,,,,,,,,,,,,,,,4,2,VIS,GAM,2,9,7,1,1,10,9,6,10,E/E,False,True,0.6900000000000001,1.4799999999999995
2026-03-18,J1 League,2025/2026,V-VAREN NAGASAKI,KYOTO SANGA,1,2,1,1,A,12,14,2,5,6,11,1,3,0,2,0,0,386,454,2,1,46.0,54.0,1504716.0,,,,,,,,,,,,,,,,,,,,,,,,,,,,,,,,,,,,3,2,V-V,KYO,1,4,7,0,3,9,8,11,13,E/KYO,False,False,0.039999999999999994,2.0799999999999996
2026-03-18,J1 League,2025/2026,MACHIDA ZELVIA,KASHIMA,0,3,0,2,A,16,10,3,5,12,10,7,3,2,0,0,0,417,535,2,3,45.0,55.0,1504717.0,,,,,,,,,,,,,,,,,,,,,,,,,,,,,,,,,,,,3,2,MAC,KAS,1,10,7,0,3,11,16,5,1,KAS/KAS,True,True,0.29000000000000004,2.61
2026-03-21,J1 League,2025/2026,AVISPA FUKUOKA,GAMBA OSAKA,2,2,1,2,D,20,6,7,4,15,14,4,1,1,1,0,0,381,402,2,5,49.0,51.0,1504720.0,,,,,,,,,,,,,,,,,,,,,,,,,,,,,,,,,,,,4,3,AVI,GAM,1,5,8,1,1,2,10,20,10,GAM/E,False,False,1.43,0.6200000000000001
2026-03-21,J1 League,2025/2026,FAGIANO OKAYAMA,V-VAREN NAGASAKI,0,1,0,0,A,12,9,2,4,10,7,5,5,1,0,0,0,412,352,3,2,55.0,45.0,1504719.0,,,,,,,,,,,,,,,,,,,,,,,,,,,,,,,,,,,,1,0,FAG,V-V,1,10,8,0,3,10,9,10,12,E/V-V,False,False,0.14999999999999997,2.15
2026-03-22,J1 League,2025/2026,URAWA,MACHIDA ZELVIA,1,2,0,1,A,19,15,6,6,8,12,6,2,2,2,0,0,435,413,4,5,52.0,48.0,1504728.0,,,,,,,,,,,,,,,,,,,,,,,,,,,,,,,,,,,,3,1,URA,MAC,2,8,8,0,3,11,11,5,9,MAC/MAC,False,True,0.6599999999999999,2.38
2026-03-22,J1 League,2025/2026,KAWASAKI FRONTALE,YOKOHAMA F. MARINOS,0,5,0,1,A,11,15,5,9,14,11,7,5,0,1,0,0,556,259,3,3,68.0,32.0,1504726.0,,,,,,,,,,,,,,,,,,,,,,,,,,,,,,,,,,,,5,1,KAW,YOK,4,12,8,0,3,8,6,13,17,YOK/YOK,False,False,0.55,2.6099999999999994
2026-03-22,J1 League,2025/2026,KASHIWA REYSOL,MITO HOLLYHOCK,3,0,2,0,H,17,7,6,0,6,12,4,3,0,3,0,0,542,493,0,3,52.0,48.0,1504727.0,,,,,,,,,,,,,,,,,,,,,,,,,,,,,,,,,,,,3,2,KAS,MIT,1,7,8,3,0,4,7,19,17,KAS/KAS,False,False,2.54,-0.53
2026-03-22,J1 League,2025/2026,KASHIMA,JEF UNITED CHIBA,2,1,1,0,H,18,10,4,2,8,14,10,4,1,1,0,0,650,324,1,2,66.0,34.0,1504725.0,,,,,,,,,,,,,,,,,,,,,,,,,,,,,,,,,,,,3,1,KAS,JEF,2,14,8,3,0,19,5,1,19,KAS/KAS,False,True,2.32,-2.7755575615628914e-17
2026-03-22,J1 League,2025/2026,SHIMIZU S-PULSE,SANFRECCE HIROSHIMA,3,1,2,0,H,12,15,7,5,11,11,4,5,0,1,0,0,330,389,4,3,45.0,55.0,1504721.0,,,,,,,,,,,,,,,,,,,,,,,,,,,,,,,,,,,,4,2,SHI,SAN,2,9,8,3,0,8,10,15,10,SHI/SHI,False,False,2.4,0.47
2026-03-22,J1 League,2025/2026,TOKYO VERDY,FC TOKYO,0,0,0,0,D,9,7,2,1,13,8,6,2,2,1,0,0,291,522,1,2,36.0,64.0,1504723.0,,,,,,,,,,,,,,,,,,,,,,,,,,,,,,,,,,,,0,0,TOK,TOK,0,8,8,1,1,10,12,13,3,E/E,True,False,0.81,0.43000000000000005
2026-03-22,J1 League,2025/2026,CEREZO OSAKA,VISSEL KOBE,1,1,1,0,D,7,11,3,1,11,8,8,7,1,2,0,0,453,437,0,2,50.0,50.0,1504724.0,,,,,,,,,,,,,,,,,,,,,,,,,,,,,,,,,,,,2,1,CER,VIS,1,15,8,1,1,8,11,15,5,CER/E,True,False,1.0599999999999996,0.49000000000000005
2026-03-22,J1 League,2025/2026,KYOTO SANGA,NAGOYA GRAMPUS,1,1,0,1,D,20,15,6,4,14,6,9,7,3,0,0,0,290,322,3,5,46.0,54.0,1504722.0,,,,,,,,,,,,,,,,,,,,,,,,,,,,,,,,,,,,2,1,KYO,NAG,1,16,8,1,1,11,11,7,9,NAG/E,False,False,1.2099999999999997,0.9700000000000002
2026-03-27,J1 League,2025/2026,VISSEL KOBE,SANFRECCE HIROSHIMA,2,1,0,0,H,10,12,2,3,13,12,2,5,3,0,0,0,447,325,1,0,58.0,42.0,1504698.0,,,,,,,,,,,,,,,,,,,,,,,,,,,,,,,,,,,,3,0,VIS,SAN,3,7,9,3,0,12,10,4,12,E/VIS,False,True,1.3499999999999999,0.5599999999999999
2026-03-28,J1 League,2025/2026,MACHIDA ZELVIA,KAWASAKI FRONTALE,1,1,1,0,D,12,10,3,2,11,6,3,3,1,0,1,0,443,508,1,2,47.0,53.0,1504691.0,,,,,,,,,,,,,,,,,,,,,,,,,,,,,,,,,,,,2,1,MAC,KAW,1,6,9,1,1,14,8,3,16,MAC/E,False,True,0.59,0.74
2026-04-01,J1 League,2025/2026,MACHIDA ZELVIA,FC TOKYO,0,3,0,1,A,8,9,3,4,9,10,3,3,1,1,0,0,435,515,1,3,46.0,54.0,1504751.0,,,,,,,,,,,,,,,,,,,,,,,,,,,,,,,,,,,,3,1,MAC,TOK,2,6,10,0,3,15,13,3,4,TOK/TOK,True,True,0.23999999999999996,2.44
2026-04-01,J1 League,2025/2026,VISSEL KOBE,SHIMIZU S-PULSE,2,0,1,0,H,9,5,3,2,7,11,0,6,1,1,0,0,410,450,2,1,47.0,53.0,1504756.0,,,,,,,,,,,,,,,,,,,,,,,,,,,,,,,,,,,,2,1,VIS,SHI,1,6,10,3,0,15,11,3,9,VIS/VIS,False,True,1.63,0.35
2026-04-04,J1 League,2025/2026,GAMBA OSAKA,KYOTO SANGA,2,0,1,0,H,21,6,8,0,10,23,5,2,1,3,0,0,388,354,1,5,53.0,47.0,1504732.0,,,,,,,,,,,,,,,,,,,,,,,,,,,,,,,,,,,,2,1,GAM,KYO,1,7,10,3,0,11,12,9,5,GAM/GAM,True,False,3.31,-0.7000000000000001
2026-04-04,J1 League,2025/2026,NAGOYA GRAMPUS,CEREZO OSAKA,3,0,0,0,H,13,14,4,2,6,11,7,6,1,3,0,0,298,457,2,1,41.0,59.0,1504731.0,,,,,,,,,,,,,,,,,,,,,,,,,,,,,,,,,,,,3,0,NAG,CER,3,13,10,3,0,12,9,6,15,E/NAG,False,True,2.13,-0.040000000000000036
2026-04-04,J1 League,2025/2026,MITO HOLLYHOCK,KASHIMA,1,1,1,0,D,8,19,2,4,8,7,2,8,3,2,1,0,268,667,2,1,29.0,71.0,1504730.0,,,,,,,,,,,,,,,,,,,,,,,,,,,,,,,,,,,,2,1,MIT,KAS,1,10,10,1,1,7,22,18,1,MIT/E,True,False,-0.010000000000000009,1.16
2026-04-04,J1 League,2025/2026,JEF UNITED CHIBA,TOKYO VERDY,3,2,2,0,H,11,18,6,7,11,7,5,10,3,1,0,0,371,379,5,3,48.0,52.0,1504729.0,,,,,,,,,,,,,,,,,,,,,,,,,,,,,,,,,,,,5,2,JEF,TOK,3,15,10,3,0,5,11,19,11,JEF/JEF,False,False,1.7999999999999996,1.0499999999999998
2026-04-05,J1 League,2025/2026,KASHIWA REYSOL,YOKOHAMA F. MARINOS,3,0,1,0,H,17,5,4,2,10,6,6,3,1,0,0,1,523,295,2,2,63.0,37.0,1504734.0,,,,,,,,,,,,,,,,,,,,,,,,,,,,,,,,,,,,3,1,KAS,YOK,2,9,11,3,0,7,9,19,14,KAS/KAS,False,False,2.1399999999999997,-0.12
2026-04-05,J1 League,2025/2026,FAGIANO OKAYAMA,VISSEL KOBE,1,4,0,2,A,9,13,3,7,15,10,6,6,1,2,0,0,306,379,4,2,46.0,54.0,1504735.0,,,,,,,,,,,,,,,,,,,,,,,,,,,,,,,,,,,,5,2,FAG,VIS,3,12,11,0,3,10,18,14,2,VIS/VIS,True,False,0.17999999999999997,2.38
2026-04-05,J1 League,2025/2026,SANFRECCE HIROSHIMA,AVISPA FUKUOKA,0,1,0,1,A,14,13,4,3,10,9,5,3,2,3,0,0,673,223,1,4,75.0,25.0,1504736.0,,,,,,,,,,,,,,,,,,,,,,,,,,,,,,,,,,,,1,1,SAN,AVI,0,8,11,0,3,10,3,13,20,AVI/AVI,False,False,0.4399999999999999,1.4999999999999998
2026-04-05,J1 League,2025/2026,FC TOKYO,MACHIDA ZELVIA,0,0,0,0,D,6,12,2,3,6,8,1,7,0,1,0,0,535,338,3,2,60.0,40.0,1504737.0,,,,,,,,,,,,,,,,,,,,,,,,,,,,,,,,,,,,0,0,TOK,MAC,0,8,11,1,1,16,15,3,5,E/E,True,True,0.56,1.0799999999999998
2026-04-05,J1 League,2025/2026,V-VAREN NAGASAKI,SHIMIZU S-PULSE,0,3,0,3,A,7,11,1,4,10,10,4,4,0,1,0,0,559,464,1,1,54.0,46.0,1504733.0,,,,,,,,,,,,,,,,,,,,,,,,,,,,,,,,,,,,3,3,V-V,SHI,0,8,11,0,3,12,11,8,10,SHI/SHI,False,False,0.06999999999999999,2.0700000000000003
2026-04-05,J1 League,2025/2026,KAWASAKI FRONTALE,URAWA,3,2,1,1,H,14,13,3,3,6,20,7,3,2,1,0,0,390,350,1,1,53.0,47.0,1504738.0,,,,,,,,,,,,,,,,,,,,,,,,,,,,,,,,,,,,5,2,KAW,URA,3,10,11,3,0,9,11,16,10,E/KAW,False,False,1.89,0.20999999999999994
2026-04-11,J1 League,2025/2026,VISSEL KOBE,NAGOYA GRAMPUS,3,2,1,1,H,17,12,3,3,8,16,7,2,1,1,0,0,398,280,1,0,59.0,41.0,1504743.0,,,,,,,,,,,,,,,,,,,,,,,,,,,,,,,,,,,,5,2,VIS,NAG,3,9,12,3,0,21,15,2,5,E/VIS,True,True,2.51,0.1599999999999999
2026-04-11,J1 League,2025/2026,SANFRECCE HIROSHIMA,SHIMIZU S-PULSE,1,1,0,0,D,22,7,6,2,11,7,4,1,1,0,0,0,456,346,1,5,58.0,42.0,1504742.0,,,,,,,,,,,,,,,,,,,,,,,,,,,,,,,,,,,,2,0,SAN,SHI,2,5,12,1,1,10,14,14,6,E/E,True,False,1.3799999999999997,0.47000000000000003
2026-04-11,J1 League,2025/2026,KYOTO SANGA,FAGIANO OKAYAMA,5,1,3,1,H,17,12,10,1,8,11,6,11,3,0,0,0,334,236,0,5,57.0,43.0,1504746.0,,,,,,,,,,,,,,,,,,,,,,,,,,,,,,,,,,,,6,4,KYO,FAG,2,17,12,3,0,12,10,8,15,KYO/KYO,False,False,2.7299999999999995,0.08000000000000007
2026-04-11,J1 League,2025/2026,GAMBA OSAKA,CEREZO OSAKA,0,1,0,1,A,18,9,7,5,9,14,3,1,3,2,0,0,428,388,4,5,53.0,47.0,1504745.0,,,,,,,,,,,,,,,,,,,,,,,,,,,,,,,,,,,,1,1,GAM,CER,0,4,12,0,3,14,9,8,17,CER/CER,False,False,0.63,1.69
2026-04-11,J1 League,2025/2026,YOKOHAMA F. MARINOS,FC TOKYO,1,3,0,1,A,9,9,1,5,10,13,4,4,0,2,0,0,432,323,3,0,57.0,43.0,1504744.0,,,,,,,,,,,,,,,,,,,,,,,,,,,,,,,,,,,,4,1,YOK,TOK,3,8,12,0,3,9,17,17,3,TOK/TOK,True,False,0.020000000000000004,2.12
2026-04-11,J1 League,2025/2026,MACHIDA ZELVIA,KASHIWA REYSOL,1,0,0,0,H,16,4,4,1,6,8,5,2,0,0,0,0,431,479,1,3,48.0,52.0,1504741.0,,,,,,,,,,,,,,,,,,,,,,,,,,,,,,,,,,,,1,0,MAC,KAS,1,7,12,3,0,16,10,4,15,E/MAC,False,True,2.2600000000000002,-0.05000000000000002
2026-04-11,J1 League,2025/2026,AVISPA FUKUOKA,V-VAREN NAGASAKI,1,0,0,0,H,14,2,4,1,20,12,7,2,0,2,0,0,330,474,1,3,42.0,58.0,1504740.0,,,,,,,,,,,,,,,,,,,,,,,,,,,,,,,,,,,,1,0,AVI,V-V,1,9,12,3,0,6,12,20,11,E/AVI,False,False,2.3600000000000003,-0.29000000000000004
2026-04-11,J1 League,2025/2026,JEF UNITED CHIBA,MITO HOLLYHOCK,1,1,0,1,D,10,13,6,3,10,9,2,3,2,1,0,0,389,407,1,5,49.0,51.0,1504739.0,,,,,,,,,,,,,,,,,,,,,,,,,,,,,,,,,,,,2,1,JEF,MIT,1,5,12,1,1,8,8,19,20,MIT/E,False,False,1.09,0.6599999999999999
2026-04-12,J1 League,2025/2026,KAWASAKI FRONTALE,KASHIMA,0,2,0,0,A,14,10,3,4,12,6,10,6,1,2,0,0,498,415,2,2,55.0,45.0,1504748.0,,,,,,,,,,,,,,,,,,,,,,,,,,,,,,,,,,,,2,0,KAW,KAS,2,16,12,0,3,12,23,9,2,E/KAS,True,False,0.53,1.8499999999999999
2026-04-12,J1 League,2025/2026,URAWA,TOKYO VERDY,1,1,0,0,D,16,7,4,2,8,15,6,2,2,3,0,0,495,312,1,3,62.0,38.0,1504747.0,,,,,,,,,,,,,,,,,,,,,,,,,,,,,,,,,,,,2,0,URA,TOK,2,8,12,1,1,11,11,12,14,E/E,False,False,1.06,0.28
2026-04-18,J1 League,2025/2026,TOKYO VERDY,JEF UNITED CHIBA,1,0,0,0,H,15,3,4,0,13,14,3,5,0,2,0,0,385,436,0,3,47.0,53.0,1504753.0,,,,,,,,,,,,,,,,,,,,,,,,,,,,,,,,,,,,1,0,TOK,JEF,1,8,13,3,0,12,9,10,18,E/TOK,False,False,2.15,-0.21000000000000002
2026-04-18,J1 League,2025/2026,SANFRECCE HIROSHIMA,V-VAREN NAGASAKI,2,0,1,0,H,22,8,9,1,5,13,6,1,0,3,0,1,520,337,1,7,62.0,38.0,1504752.0,,,,,,,,,,,,,,,,,,,,,,,,,,,,,,,,,,,,2,1,SAN,V-V,1,7,13,3,0,11,12,14,13,SAN/SAN,False,False,3.0799999999999996,-0.9200000000000002
2026-04-18,J1 League,2025/2026,YOKOHAMA F. MARINOS,KAWASAKI FRONTALE,1,2,1,1,A,11,8,3,4,8,9,1,2,1,1,0,0,455,443,2,2,51.0,49.0,1504749.0,,,,,,,,,,,,,,,,,,,,,,,,,,,,,,,,,,,,3,2,YOK,KAW,1,3,13,0,3,9,12,17,13,E/KAW,False,False,0.15999999999999995,1.9300000000000002
2026-04-18,J1 League,2025/2026,KASHIMA,URAWA,1,0,0,0,H,12,11,5,1,10,18,7,4,0,2,0,0,490,348,1,4,58.0,42.0,1504750.0,,,,,,,,,,,,,,,,,,,,,,,,,,,,,,,,,,,,1,0,KAS,URA,1,11,13,3,0,26,12,1,12,E/KAS,False,True,2.47,-0.24000000000000002
2026-04-18,J1 League,2025/2026,CEREZO OSAKA,KYOTO SANGA,3,0,1,0,H,9,13,4,4,4,16,3,5,0,4,0,0,368,378,4,1,49.0,51.0,1504754.0,,,,,,,,,,,,,,,,,,,,,,,,,,,,,,,,,,,,3,1,CER,KYO,2,8,13,3,0,12,15,13,5,CER/CER,True,False,2.45,0.18999999999999984
2026-04-19,J1 League,2025/2026,MITO HOLLYHOCK,KASHIWA REYSOL,2,0,0,0,H,9,7,3,3,10,4,7,6,2,0,0,1,509,437,3,1,54.0,46.0,1504755.0,,,,,,,,,,,,,,,,,,,,,,,,,,,,,,,,,,,,2,0,MIT,KAS,2,13,13,3,0,9,10,19,15,E/MIT,False,False,1.8299999999999998,0.20999999999999996
2026-04-19,J1 League,2025/2026,GAMBA OSAKA,FAGIANO OKAYAMA,2,2,1,1,D,14,5,5,1,8,13,9,2,1,1,0,0,622,224,0,3,73.0,27.0,1504757.0,,,,,,,,,,,,,,,,,,,,,,,,,,,,,,,,,,,,4,2,GAM,FAG,2,11,13,1,1,14,10,12,17,E/E,False,False,1.5099999999999998,0.22
2026-04-19,J1 League,2025/2026,NAGOYA GRAMPUS,AVISPA FUKUOKA,2,2,0,2,D,14,9,4,6,7,15,5,5,1,4,0,0,467,270,4,2,64.0,36.0,1504758.0,,,,,,,,,,,,,,,,,,,,,,,,,,,,,,,,,,,,4,2,NAG,AVI,2,10,13,1,1,15,9,5,20,AVI/E,False,True,0.8500000000000001,0.9499999999999998
2026-04-22,J1 League,2025/2026,GAMBA OSAKA,AVISPA FUKUOKA,1,2,1,2,A,15,8,4,4,8,15,5,5,1,4,0,0,612,279,2,3,68.0,32.0,1504817.0,,,,,,,,,,,,,,,,,,,,,,,,,,,,,,,,,,,,3,3,GAM,AVI,0,10,14,0,3,15,10,8,18,AVI/AVI,False,False,0.44999999999999996,1.6500000000000004
2026-04-24,J1 League,2025/2026,KASHIWA REYSOL,KASHIMA,0,1,0,1,A,13,12,2,3,11,15,8,2,2,2,0,1,496,462,3,2,52.0,48.0,1504760.0,,,,,,,,,,,,,,,,,,,,,,,,,,,,,,,,,,,,1,1,KAS,KAS,0,10,14,0,3,10,29,18,1,KAS/KAS,True,False,0.31,1.34
2026-04-24,J1 League,2025/2026,FC TOKYO,MITO HOLLYHOCK,5,2,3,1,H,21,9,10,3,6,3,7,1,0,2,0,0,456,490,1,5,49.0,51.0,1504759.0,,,,,,,,,,,,,,,,,,,,,,,,,,,,,,,,,,,,7,4,TOK,MIT,3,8,14,3,0,20,12,3,15,TOK/TOK,False,True,3.18,-0.3400000000000001
2026-04-25,J1 League,2025/2026,SANFRECCE HIROSHIMA,CEREZO OSAKA,2,1,0,1,H,16,11,6,5,9,14,11,5,1,1,0,0,520,368,4,5,59.0,41.0,1504766.0,,,,,,,,,,,,,,,,,,,,,,,,,,,,,,,,,,,,3,1,SAN,CER,2,16,15,3,0,14,15,12,8,CER/SAN,False,False,2.5,0.38
2026-04-25,J1 League,2025/2026,KAWASAKI FRONTALE,JEF UNITED CHIBA,2,1,1,0,H,10,16,5,6,8,13,5,3,2,1,0,0,434,488,5,3,47.0,53.0,1504765.0,,,,,,,,,,,,,,,,,,,,,,,,,,,,,,,,,,,,3,1,KAW,JEF,2,8,15,3,0,15,9,12,20,KAW/KAW,False,False,1.9400000000000002,0.6
2026-04-25,J1 League,2025/2026,URAWA,YOKOHAMA F. MARINOS,2,3,1,1,A,15,8,4,4,9,13,9,2,1,1,0,0,435,291,1,3,61.0,39.0,1504764.0,,,,,,,,,,,,,,,,,,,,,,,,,,,,,,,,,,,,5,2,URA,YOK,3,11,15,0,3,12,9,14,19,E/YOK,False,False,0.71,1.72
2026-04-25,J1 League,2025/2026,SHIMIZU S-PULSE,NAGOYA GRAMPUS,0,2,0,1,A,6,9,1,5,14,8,1,3,0,0,0,0,492,464,3,1,51.0,49.0,1504763.0,,,,,,,,,,,,,,,,,,,,,,,,,,,,,,,,,,,,2,1,SHI,NAG,1,4,15,0,3,15,16,8,7,NAG/NAG,False,False,-0.11,2.33
2026-04-25,J1 League,2025/2026,FAGIANO OKAYAMA,AVISPA FUKUOKA,2,0,1,0,H,6,9,2,2,11,13,3,7,0,2,0,0,288,452,2,0,39.0,61.0,1504762.0,,,,,,,,,,,,,,,,,,,,,,,,,,,,,,,,,,,,2,1,FAG,AVI,1,10,15,3,0,11,13,18,13,FAG/FAG,False,False,1.71,0.29000000000000004
2026-04-25,J1 League,2025/2026,V-VAREN NAGASAKI,GAMBA OSAKA,1,1,0,0,D,11,17,4,7,11,6,7,8,1,0,0,0,304,392,6,3,45.0,55.0,1504767.0,,,,,,,,,,,,,,,,,,,,,,,,,,,,,,,,,,,,2,0,V-V,GAM,2,15,15,1,1,12,15,18,10,E/E,False,False,0.8400000000000001,1.6099999999999999
2026-04-29,J1 League,2025/2026,VISSEL KOBE,CEREZO OSAKA,0,0,0,0,D,10,9,3,4,10,10,5,3,2,1,0,0,586,342,4,4,63.0,37.0,1504773.0,,,,,,,,,,,,,,,,,,,,,,,,,,,,,,,,,,,,0,0,VIS,CER,0,8,16,1,1,24,15,2,11,E/E,False,True,0.74,0.9
2026-04-29,J1 League,2025/2026,KYOTO SANGA,GAMBA OSAKA,1,1,0,0,D,12,8,2,1,14,7,7,3,0,1,0,0,348,333,0,1,52.0,48.0,1504774.0,,,,,,,,,,,,,,,,,,,,,,,,,,,,,,,,,,,,2,0,KYO,GAM,2,10,16,1,1,15,16,10,8,E/E,False,False,1.04,0.4600000000000001
2026-04-29,J1 League,2025/2026,NAGOYA GRAMPUS,FAGIANO OKAYAMA,1,1,0,0,D,10,14,3,4,6,13,7,2,1,2,0,0,577,312,3,2,65.0,35.0,1504775.0,,,,,,,,,,,,,,,,,,,,,,,,,,,,,,,,,,,,2,0,NAG,FAG,2,9,16,1,1,19,14,4,13,E/E,False,True,0.9600000000000001,0.71
2026-04-29,J1 League,2025/2026,JEF UNITED CHIBA,YOKOHAMA F. MARINOS,2,3,1,0,A,11,13,4,4,12,6,4,4,0,0,0,0,316,479,1,2,40.0,60.0,1504772.0,,,,,,,,,,,,,,,,,,,,,,,,,,,,,,,,,,,,5,1,JEF,YOK,4,8,16,0,3,9,12,20,17,JEF/YOK,False,False,0.52,2.02
2026-04-29,J1 League,2025/2026,URAWA,KAWASAKI FRONTALE,2,0,0,0,H,18,7,6,1,10,8,9,1,1,0,0,0,585,383,1,4,60.0,40.0,1504776.0,,,,,,,,,,,,,,,,,,,,,,,,,,,,,,,,,,,,2,0,URA,KAW,2,10,16,3,0,12,18,17,6,E/URA,True,False,3.18,-0.28
2026-04-29,J1 League,2025/2026,TOKYO VERDY,KASHIMA,2,1,2,1,H,18,10,5,3,17,8,6,4,1,2,0,1,268,554,2,3,33.0,67.0,1504770.0,,,,,,,,,,,,,,,,,,,,,,,,,,,,,,,,,,,,3,3,TOK,KAS,0,10,16,3,0,15,32,13,1,TOK/TOK,True,False,2.72,-0.17000000000000004
2026-04-29,J1 League,2025/2026,SHIMIZU S-PULSE,V-VAREN NAGASAKI,1,2,1,1,A,7,18,1,6,10,7,3,4,0,2,1,0,345,463,4,0,43.0,57.0,1504769.0,,,,,,,,,,,,,,,,,,,,,,,,,,,,,,,,,,,,3,2,SHI,V-V,1,7,16,0,3,15,13,13,16,E/V-V,False,False,-0.33,2.29
2026-04-29,J1 League,2025/2026,AVISPA FUKUOKA,SANFRECCE HIROSHIMA,2,2,1,2,D,11,15,3,4,11,13,3,3,3,2,1,0,362,472,1,1,43.0,57.0,1504771.0,,,,,,,,,,,,,,,,,,,,,,,,,,,,,,,,,,,,4,3,AVI,SAN,1,6,16,1,1,13,17,17,8,SAN/E,False,False,0.29000000000000004,0.8400000000000001
2026-04-29,J1 League,2025/2026,KASHIWA REYSOL,FC TOKYO,1,3,0,1,A,13,18,6,9,8,7,5,4,1,0,0,0,507,382,6,5,57.0,43.0,1504777.0,,,,,,,,,,,,,,,,,,,,,,,,,,,,,,,,,,,,4,1,KAS,TOK,3,9,16,0,3,10,23,19,3,TOK/TOK,True,False,0.52,2.65
2026-04-29,J1 League,2025/2026,MITO HOLLYHOCK,MACHIDA ZELVIA,2,2,0,1,D,11,13,4,5,6,7,6,10,0,1,0,0,532,350,3,4,60.0,40.0,1504778.0,,,,,,,,,,,,,,,,,,,,,,,,,,,,,,,,,,,,4,1,MIT,MAC,3,16,16,1,1,12,19,18,5,MAC/E,True,False,0.9500000000000002,1.33
2026-05-02,J1 League,2025/2026,FAGIANO OKAYAMA,SANFRECCE HIROSHIMA,1,0,0,0,H,13,11,2,2,17,9,5,4,3,1,0,0,285,438,2,1,40.0,60.0,1504779.0,,,,,,,,,,,,,,,,,,,,,,,,,,,,,,,,,,,,1,0,FAG,SAN,1,9,17,3,0,15,18,16,6,E/FAG,True,False,2.07,0.20000000000000004
2026-05-02,J1 League,2025/2026,FC TOKYO,KAWASAKI FRONTALE,2,0,1,0,H,12,10,5,1,9,8,6,3,1,1,0,0,455,531,1,3,46.0,54.0,1504780.0,,,,,,,,,,,,,,,,,,,,,,,,,,,,,,,,,,,,2,1,TOK,KAW,1,9,17,3,0,26,18,2,8,TOK/TOK,False,True,2.34,-0.16999999999999998
2026-05-02,J1 League,2025/2026,KYOTO SANGA,SHIMIZU S-PULSE,1,2,1,0,A,16,18,5,5,12,5,8,10,6,1,1,0,277,343,3,4,45.0,55.0,1504781.0,,,,,,,,,,,,,,,,,,,,,,,,,,,,,,,,,,,,3,1,KYO,SHI,2,18,17,0,3,16,15,11,15,KYO/SHI,False,False,-0.15000000000000013,2.2399999999999998
2026-05-02,J1 League,2025/2026,YOKOHAMA F. MARINOS,MITO HOLLYHOCK,1,1,1,1,D,10,19,4,7,8,5,4,8,1,1,0,0,275,474,6,3,36.0,64.0,1504782.0,,,,,,,,,,,,,,,,,,,,,,,,,,,,,,,,,,,,2,2,YOK,MIT,0,12,17,1,1,15,13,16,18,E/E,False,False,0.69,1.5699999999999998
2026-05-02,J1 League,2025/2026,GAMBA OSAKA,VISSEL KOBE,5,0,2,0,H,11,14,8,5,10,6,3,6,0,1,0,0,314,557,5,3,35.0,65.0,1504783.0,,,,,,,,,,,,,,,,,,,,,,,,,,,,,,,,,,,,5,2,GAM,VIS,3,9,17,3,0,17,25,11,3,GAM/GAM,True,False,2.98,0.4900000000000001
2026-05-02,J1 League,2025/2026,URAWA,JEF UNITED CHIBA,2,0,1,0,H,12,9,6,1,15,11,6,7,0,2,0,0,463,377,1,4,55.0,45.0,1504784.0,,,,,,,,,,,,,,,,,,,,,,,,,,,,,,,,,,,,2,1,URA,JEF,1,13,17,3,0,15,9,16,20,URA/URA,False,False,2.5100000000000002,-0.12000000000000002
2026-05-03,J1 League,2025/2026,CEREZO OSAKA,AVISPA FUKUOKA,1,1,1,1,D,7,8,1,4,12,6,7,3,2,0,0,0,686,276,2,0,72.0,28.0,1504786.0,,,,,,,,,,,,,,,,,,,,,,,,,,,,,,,,,,,,2,2,CER,AVI,0,10,17,1,1,16,14,14,18,E/E,False,False,0.54,1.06
2026-05-03,J1 League,2025/2026,TOKYO VERDY,KASHIWA REYSOL,1,0,0,0,H,11,10,3,3,9,9,3,10,1,0,0,0,272,787,3,2,26.0,74.0,1504785.0,,,,,,,,,,,,,,,,,,,,,,,,,,,,,,,,,,,,1,0,TOK,KAS,1,13,17,3,0,18,10,10,19,E/TOK,False,False,1.6499999999999997,0.74
2026-05-03,J1 League,2025/2026,V-VAREN NAGASAKI,NAGOYA GRAMPUS,1,2,1,1,A,18,12,9,6,12,3,9,9,1,0,0,0,390,400,4,7,50.0,50.0,1504788.0,,,,,,,,,,,,,,,,,,,,,,,,,,,,,,,,,,,,3,2,V-V,NAG,1,18,17,0,3,16,20,16,6,E/NAG,True,False,1.2199999999999998,2.2199999999999998
2026-05-03,J1 League,2025/2026,KASHIMA,MACHIDA ZELVIA,1,1,0,0,D,10,12,3,5,8,13,7,5,0,4,0,0,514,338,4,2,60.0,40.0,1504787.0,,,,,,,,,,,,,,,,,,,,,,,,,,,,,,,,,,,,2,0,KAS,MAC,2,12,17,1,1,32,20,1,7,E/E,False,True,0.9500000000000001,0.8099999999999999
2026-05-06,J1 League,2025/2026,KASHIWA REYSOL,URAWA,0,1,0,0,A,12,13,0,4,8,3,7,4,0,1,0,0,511,466,3,0,52.0,48.0,1504798.0,,,,,,,,,,,,,,,,,,,,,,,,,,,,,,,,,,,,1,0,KAS,URA,1,11,18,0,3,10,18,19,8,E/URA,False,False,0.07000000000000002,2.06
2026-05-06,J1 League,2025/2026,MACHIDA ZELVIA,YOKOHAMA F. MARINOS,2,0,0,0,H,8,6,2,2,13,12,4,1,1,0,0,0,351,439,2,0,45.0,55.0,1504796.0,,,,,,,,,,,,,,,,,,,,,,,,,,,,,,,,,,,,2,0,MAC,YOK,2,5,18,3,0,21,16,7,15,E/MAC,False,False,1.7799999999999998,0.16999999999999998
2026-05-06,J1 League,2025/2026,SHIMIZU S-PULSE,CEREZO OSAKA,1,1,0,1,D,22,8,8,2,9,13,4,7,1,1,0,0,378,374,1,7,51.0,49.0,1504789.0,,,,,,,,,,,,,,,,,,,,,,,,,,,,,,,,,,,,2,1,SHI,CER,1,11,18,1,1,18,17,10,13,CER/E,False,False,1.5599999999999996,0.5700000000000001
2026-05-06,J1 League,2025/2026,V-VAREN NAGASAKI,FAGIANO OKAYAMA,2,1,2,0,H,11,8,3,3,10,15,5,3,1,2,0,0,358,371,2,1,49.0,51.0,1504790.0,,,,,,,,,,,,,,,,,,,,,,,,,,,,,,,,,,,,3,2,V-V,FAG,1,8,18,3,0,16,18,16,12,V-V/V-V,False,False,1.8899999999999997,0.14999999999999997
2026-05-06,J1 League,2025/2026,KASHIMA,MITO HOLLYHOCK,3,0,0,0,H,17,6,7,2,10,12,6,2,1,0,0,1,580,245,2,4,70.0,30.0,1504795.0,,,,,,,,,,,,,,,,,,,,,,,,,,,,,,,,,,,,3,0,KAS,MIT,3,8,18,3,0,33,14,1,18,E/KAS,False,True,2.61,-0.32000000000000006
2026-05-06,J1 League,2025/2026,KAWASAKI FRONTALE,TOKYO VERDY,1,0,0,0,H,5,8,1,4,11,16,1,6,0,0,0,0,503,324,4,0,60.0,40.0,1504797.0,,,,,,,,,,,,,,,,,,,,,,,,,,,,,,,,,,,,1,0,KAW,TOK,1,7,18,3,0,18,21,14,7,E/KAW,False,False,1.38,0.83
2026-05-06,J1 League,2025/2026,AVISPA FUKUOKA,KYOTO SANGA,1,1,0,1,D,11,15,1,5,10,4,8,7,2,2,0,0,262,390,4,0,40.0,60.0,1504791.0,,,,,,,,,,,,,,,,,,,,,,,,,,,,,,,,,,,,2,1,AVI,KYO,1,15,18,1,1,15,16,17,15,KYO/E,False,False,0.46,1.1900000000000002
2026-05-06,J1 League,2025/2026,SANFRECCE HIROSHIMA,VISSEL KOBE,1,1,1,0,D,21,9,7,2,8,6,6,1,2,2,0,0,444,320,1,6,58.0,42.0,1504794.0,,,,,,,,,,,,,,,,,,,,,,,,,,,,,,,,,,,,2,1,SAN,VIS,1,7,18,1,1,18,25,12,3,SAN/E,True,False,1.53,0.18
2026-05-06,J1 League,2025/2026,FC TOKYO,JEF UNITED CHIBA,0,3,0,1,A,23,14,3,3,17,16,7,2,1,1,0,0,501,306,0,3,62.0,38.0,1504793.0,,,,,,,,,,,,,,,,,,,,,,,,,,,,,,,,,,,,3,1,TOK,JEF,2,9,18,0,3,29,9,2,20,JEF/JEF,False,True,0.5099999999999999,2.1599999999999997
2026-05-06,J1 League,2025/2026,NAGOYA GRAMPUS,GAMBA OSAKA,2,1,2,0,H,15,11,6,6,8,10,3,4,0,2,0,0,351,530,5,4,41.0,59.0,1504792.0,,,,,,,,,,,,,,,,,,,,,,,,,,,,,,,,,,,,3,2,NAG,GAM,1,7,18,3,0,23,20,5,9,NAG/NAG,False,True,2.1699999999999995,0.5399999999999998
2026-05-09,J1 League,2025/2026,CEREZO OSAKA,V-VAREN NAGASAKI,3,2,1,1,H,21,7,8,4,9,14,8,3,1,2,0,0,520,271,2,5,66.0,34.0,1504800.0,,,,,,,,,,,,,,,,,,,,,,,,,,,,,,,,,,,,5,2,CER,V-V,3,11,19,3,0,18,19,13,12,E/CER,False,False,2.7399999999999998,-0.010000000000000037
2026-05-09,J1 League,2025/2026,MITO HOLLYHOCK,URAWA,1,4,0,1,A,5,17,2,7,7,6,0,7,2,0,1,0,367,717,3,1,34.0,66.0,1504799.0,,,,,,,,,,,,,,,,,,,,,,,,,,,,,,,,,,,,5,1,MIT,URA,4,7,19,0,3,14,21,18,6,URA/URA,True,False,-0.6400000000000001,2.8
2026-05-10,J1 League,2025/2026,JEF UNITED CHIBA,MACHIDA ZELVIA,0,2,0,2,A,13,10,6,4,14,14,6,0,1,0,0,0,463,384,2,6,55.0,45.0,1504808.0,,,,,,,,,,,,,,,,,,,,,,,,,,,,,,,,,,,,2,2,JEF,MAC,0,6,19,0,3,12,24,19,6,MAC/MAC,True,False,0.9,1.6800000000000002
2026-05-10,J1 League,2025/2026,NAGOYA GRAMPUS,KYOTO SANGA,3,0,2,0,H,14,9,6,5,12,7,8,5,1,2,0,0,257,441,5,3,38.0,62.0,1504807.0,,,,,,,,,,,,,,,,,,,,,,,,,,,,,,,,,,,,3,2,NAG,KYO,1,13,19,3,0,26,17,4,15,NAG/NAG,False,True,2.3499999999999996,0.3399999999999999
2026-05-10,J1 League,2025/2026,KASHIWA REYSOL,KAWASAKI FRONTALE,1,0,0,0,H,11,13,2,4,4,8,4,10,0,0,0,0,531,534,4,1,49.0,51.0,1504806.0,,,,,,,,,,,,,,,,,,,,,,,,,,,,,,,,,,,,1,0,KAS,KAW,1,14,19,3,0,10,21,20,9,E/KAS,False,False,1.6,0.92
2026-05-10,J1 League,2025/2026,GAMBA OSAKA,SANFRECCE HIROSHIMA,0,1,0,0,A,13,11,6,4,4,17,3,1,0,2,0,0,453,398,3,5,53.0,47.0,1504805.0,,,,,,,,,,,,,,,,,,,,,,,,,,,,,,,,,,,,1,0,GAM,SAN,1,4,19,0,3,20,19,10,11,E/SAN,False,False,0.83,1.59
2026-05-10,J1 League,2025/2026,FC TOKYO,TOKYO VERDY,2,1,1,1,H,17,12,9,2,14,15,4,4,3,0,0,0,505,230,1,5,68.0,32.0,1504804.0,,,,,,,,,,,,,,,,,,,,,,,,,,,,,,,,,,,,3,2,TOK,TOK,1,8,19,3,0,29,21,2,9,E/TOK,False,True,2.5699999999999994,-0.030000000000000013
2026-05-10,J1 League,2025/2026,YOKOHAMA F. MARINOS,KASHIMA,1,1,0,0,D,16,9,3,3,15,4,9,3,0,0,0,0,262,513,2,2,35.0,65.0,1504803.0,,,,,,,,,,,,,,,,,,,,,,,,,,,,,,,,,,,,2,0,YOK,KAS,2,12,19,1,1,16,36,16,1,E/E,True,False,1.19,0.77
2026-05-10,J1 League,2025/2026,VISSEL KOBE,FAGIANO OKAYAMA,0,3,0,2,A,19,9,7,5,3,15,8,5,0,1,0,0,589,200,2,7,74.0,26.0,1504802.0,,,,,,,,,,,,,,,,,,,,,,,,,,,,,,,,,,,,3,2,VIS,FAG,1,13,19,0,3,26,18,5,14,FAG/FAG,False,True,1.1,2.3899999999999997
2026-05-10,J1 League,2025/2026,SHIMIZU S-PULSE,AVISPA FUKUOKA,1,1,0,0,D,8,8,1,2,10,10,4,2,2,3,0,0,410,318,1,0,57.0,43.0,1504801.0,,,,,,,,,,,,,,,,,,,,,,,,,,,,,,,,,,,,2,0,SHI,AVI,2,6,19,1,1,19,16,13,17,E/E,False,False,0.51,0.47
2026-05-13,J1 League,2025/2026,VISSEL KOBE,KYOTO SANGA,1,0,0,0,H,12,9,2,1,9,12,10,1,1,1,0,0,363,383,1,2,49.0,51.0,1504768.0,,,,,,,,,,,,,,,,,,,,,,,,,,,,,,,,,,,,1,0,VIS,KYO,1,11,20,3,0,26,17,5,15,E/VIS,False,True,2.13,-0.2
2026-05-13,J1 League,2025/2026,MACHIDA ZELVIA,TOKYO VERDY,0,0,0,0,D,11,6,3,0,7,8,8,2,0,1,0,0,588,360,0,3,62.0,38.0,1504761.0,,,,,,,,,,,,,,,,,,,,,,,,,,,,,,,,,,,,0,0,MAC,TOK,0,10,20,1,1,27,21,5,9,E/E,False,True,1.31,0.18999999999999992
2026-05-16,J1 League,2025/2026,URAWA,FC TOKYO,0,0,0,0,D,9,20,2,6,6,11,6,7,0,0,0,0,510,410,6,2,55.0,45.0,1504810.0,,,,,,,,,,,,,,,,,,,,,,,,,,,,,,,,,,,,0,0,URA,TOK,0,13,21,1,1,24,32,6,2,E/E,True,True,0.66,1.5299999999999998
2026-05-16,J1 League,2025/2026,YOKOHAMA F. MARINOS,KASHIWA REYSOL,0,1,0,1,A,14,5,2,3,12,6,7,3,2,1,0,0,453,388,1,2,55.0,45.0,1504811.0,,,,,,,,,,,,,,,,,,,,,,,,,,,,,,,,,,,,1,1,YOK,KAS,0,10,21,0,3,17,13,16,19,KAS/KAS,False,False,0.24,1.7599999999999998
2026-05-16,J1 League,2025/2026,MITO HOLLYHOCK,TOKYO VERDY,0,1,0,0,A,14,8,2,3,10,11,3,4,2,2,0,0,485,300,2,2,61.0,39.0,1504809.0,,,,,,,,,,,,,,,,,,,,,,,,,,,,,,,,,,,,1,0,MIT,TOK,1,7,21,0,3,14,22,19,8,E/TOK,False,False,0.019999999999999962,1.7899999999999998
2026-05-17,J1 League,2025/2026,V-VAREN NAGASAKI,VISSEL KOBE,2,2,2,2,D,13,15,5,6,11,9,5,3,2,1,0,0,303,428,4,3,42.0,58.0,1504812.0,,,,,,,,,,,,,,,,,,,,,,,,,,,,,,,,,,,,4,4,V-V,VIS,0,8,21,1,1,19,29,14,4,E/E,True,False,0.94,1.0999999999999996
2026-05-17,J1 League,2025/2026,KYOTO SANGA,SANFRECCE HIROSHIMA,0,4,0,1,A,3,16,2,8,6,14,1,10,2,1,0,0,394,291,3,2,56.0,44.0,1504816.0,,,,,,,,,,,,,,,,,,,,,,,,,,,,,,,,,,,,4,1,KYO,SAN,3,11,21,0,3,17,22,15,8,SAN/SAN,False,False,-0.45000000000000007,2.98
2026-05-17,J1 League,2025/2026,FAGIANO OKAYAMA,SHIMIZU S-PULSE,2,0,1,0,H,11,11,4,2,9,7,2,4,0,1,0,0,274,409,2,2,40.0,60.0,1504814.0,,,,,,,,,,,,,,,,,,,,,,,,,,,,,,,,,,,,2,1,FAG,SHI,1,6,21,3,0,21,20,10,13,FAG/FAG,False,False,2.02,0.16
2026-05-17,J1 League,2025/2026,JEF UNITED CHIBA,KASHIMA,0,2,0,1,A,10,13,4,5,14,11,9,0,3,0,1,0,311,503,3,4,39.0,61.0,1504813.0,,,,,,,,,,,,,,,,,,,,,,,,,,,,,,,,,,,,2,1,JEF,KAS,1,9,21,0,3,12,37,20,1,KAS/KAS,True,False,0.25,1.8699999999999999
2026-05-17,J1 League,2025/2026,KAWASAKI FRONTALE,MACHIDA ZELVIA,1,1,0,1,D,20,6,9,2,9,10,9,2,1,1,0,0,671,371,1,8,64.0,36.0,1504818.0,,,,,,,,,,,,,,,,,,,,,,,,,,,,,,,,,,,,2,1,KAW,MAC,1,11,21,1,1,21,28,11,5,MAC/E,True,False,2.0599999999999996,0.17000000000000007
2026-05-17,J1 League,2025/2026,CEREZO OSAKA,NAGOYA GRAMPUS,6,1,3,1,H,15,12,9,4,12,5,4,3,1,0,0,0,364,488,3,4,42.0,58.0,1504815.0,,,,,,,,,,,,,,,,,,,,,,,,,,,,,,,,,,,,7,4,CER,NAG,3,7,21,3,0,21,29,11,4,CER/CER,True,False,3.1899999999999995,0.21999999999999997
2026-05-22,J1 League,2025/2026,MACHIDA ZELVIA,URAWA,1,0,1,0,H,16,15,4,4,8,10,5,3,0,1,0,0,403,630,4,3,39.0,61.0,1504819.0,,,,,,,,,,,,,,,,,,,,,,,,,,,,,,,,,,,,1,1,MAC,URA,0,8,22,3,0,29,25,5,6,MAC/MAC,True,True,2.5900000000000003,0.3500000000000001
2026-05-23,J1 League,2025/2026,KYOTO SANGA,V-VAREN NAGASAKI,1,0,0,0,H,22,10,8,0,10,10,7,4,2,1,0,0,380,322,0,7,55.0,45.0,1504824.0,,,,,,,,,,,,,,,,,,,,,,,,,,,,,,,,,,,,1,0,KYO,V-V,1,11,22,3,0,17,20,16,14,E/KYO,False,False,2.77,-0.44000000000000006
2026-05-23,J1 League,2025/2026,KASHIWA REYSOL,JEF UNITED CHIBA,4,2,2,1,H,14,14,9,4,7,9,6,3,0,3,0,0,610,443,2,5,58.0,42.0,1504823.0,,,,,,,,,,,,,,,,,,,,,,,,,,,,,,,,,,,,6,3,KAS,JEF,3,9,22,3,0,16,12,18,20,KAS/KAS,False,False,2.8899999999999992,-0.12000000000000005
2026-05-23,J1 League,2025/2026,KASHIMA,FC TOKYO,1,0,0,0,H,7,17,1,3,11,15,1,6,1,1,0,0,456,460,3,0,50.0,50.0,1504822.0,,,,,,,,,,,,,,,,,,,,,,,,,,,,,,,,,,,,1,0,KAS,TOK,1,7,22,3,0,40,33,1,2,E/KAS,True,True,1.83,0.58
2026-05-23,J1 League,2025/2026,SANFRECCE HIROSHIMA,NAGOYA GRAMPUS,4,2,2,1,H,12,13,5,4,12,7,2,6,1,0,0,0,344,541,3,1,38.0,62.0,1504821.0,,,,,,,,,,,,,,,,,,,,,,,,,,,,,,,,,,,,6,3,SAN,NAG,3,8,22,3,0,25,29,7,5,SAN/SAN,True,False,2.4299999999999997,0.61
2026-05-23,J1 League,2025/2026,AVISPA FUKUOKA,VISSEL KOBE,0,1,0,1,A,15,9,5,3,9,6,6,1,4,0,0,0,342,402,2,5,47.0,53.0,1504820.0,,,,,,,,,,,,,,,,,,,,,,,,,,,,,,,,,,,,1,1,AVI,VIS,0,7,22,0,3,17,30,18,4,VIS/VIS,True,False,0.48,1.63
2026-05-24,J1 League,2025/2026,TOKYO VERDY,YOKOHAMA F. MARINOS,0,6,0,3,A,13,17,4,7,10,13,6,4,0,2,0,0,367,367,1,2,51.0,49.0,1504827.0,,,,,,,,,,,,,,,,,,,,,,,,,,,,,,,,,,,,6,3,TOK,YOK,3,10,22,0,3,25,17,8,17,YOK/YOK,False,False,0.47000000000000003,2.2299999999999995
2026-05-24,J1 League,2025/2026,SHIMIZU S-PULSE,GAMBA OSAKA,1,2,0,0,A,12,12,2,3,8,12,5,1,1,3,0,0,446,455,2,1,50.0,50.0,1504828.0,,,,,,,,,,,,,,,,,,,,,,,,,,,,,,,,,,,,3,0,SHI,GAM,3,6,22,0,3,20,20,14,12,E/GAM,False,False,0.2799999999999999,1.4999999999999998
2026-05-24,J1 League,2025/2026,FAGIANO OKAYAMA,CEREZO OSAKA,2,3,0,1,A,18,14,8,6,17,7,8,3,2,2,0,0,313,320,3,6,50.0,50.0,1504825.0,,,,,,,,,,,,,,,,,,,,,,,,,,,,,,,,,,,,5,1,FAG,CER,4,11,22,0,3,24,24,10,9,CER/CER,False,False,1.0399999999999998,1.79
2026-05-24,J1 League,2025/2026,MITO HOLLYHOCK,KAWASAKI FRONTALE,1,3,0,0,A,11,17,3,5,11,10,4,3,0,0,0,0,406,546,2,2,43.0,57.0,1504826.0,,,,,,,,,,,,,,,,,,,,,,,,,,,,,,,,,,,,4,0,MIT,KAW,4,7,22,0,3,14,22,19,12,E/KAW,False,False,0.33999999999999997,2.17
2026-05-30,J1 League,2025/2026,SANFRECCE HIROSHIMA,KAWASAKI FRONTALE,2,1,2,1,H,18,10,7,3,11,6,6,2,0,1,0,0,428,504,2,5,46.0,54.0,1546393.0,,,,,,,,,,,,,,,,,,,,,,,,,,,,,,,,,,,,3,3,SAN,KAW,0,8,23,3,0,28,25,6,9,SAN/SAN,False,True,2.66,-0.020000000000000073
2026-05-30,J1 League,2025/2026,GAMBA OSAKA,TOKYO VERDY,1,1,1,0,D,5,12,2,3,7,15,8,6,0,0,0,0,498,327,2,1,60.0,40.0,1546395.0,,,,,,,,,,,,,,,,,,,,,,,,,,,,,,,,,,,,2,1,GAM,TOK,1,14,23,1,1,23,25,12,10,GAM/E,False,False,0.93,0.9899999999999999
2026-05-30,J1 League,2025/2026,CEREZO OSAKA,FC TOKYO,2,2,1,1,D,15,12,5,4,12,13,5,4,1,2,0,0,453,415,3,3,53.0,47.0,1546394.0,,,,,,,,,,,,,,,,,,,,,,,,,,,,,,,,,,,,4,2,CER,TOK,2,9,23,1,1,27,33,7,2,E/E,True,False,1.1199999999999999,0.75
2026-05-30,J1 League,2025/2026,NAGOYA GRAMPUS,MACHIDA ZELVIA,2,2,1,1,D,12,17,7,8,7,13,1,2,0,4,0,0,530,387,6,5,58.0,42.0,1546392.0,,,,,,,,,,,,,,,,,,,,,,,,,,,,,,,,,,,,4,2,NAG,MAC,2,3,23,1,1,29,32,6,4,E/E,True,True,1.16,1.0299999999999998
2026-05-30,J1 League,2025/2026,VISSEL KOBE,KASHIMA,5,0,1,0,H,16,9,8,2,9,14,3,2,1,1,0,0,261,447,1,3,37.0,63.0,1546315.0,,,,,,,,,,,,,,,,,,,,,,,,,,,,,,,,,,,,5,1,VIS,KAS,4,5,23,3,0,33,43,3,1,VIS/VIS,True,True,3.11,-0.16000000000000003
2026-05-30,J1 League,2025/2026,AVISPA FUKUOKA,JEF UNITED CHIBA,2,2,0,1,D,14,9,8,4,12,8,2,4,2,1,0,0,536,404,1,5,57.0,43.0,1546314.0,,,,,,,,,,,,,,,,,,,,,,,,,,,,,,,,,,,,4,1,AVI,JEF,3,6,23,1,1,17,12,18,20,JEF/E,False,False,1.32,0.7600000000000001
2026-05-30,J1 League,2025/2026,V-VAREN NAGASAKI,MITO HOLLYHOCK,1,0,1,0,H,10,13,3,4,6,12,0,7,0,0,0,0,471,615,4,2,43.0,57.0,1546396.0,,,,,,,,,,,,,,,,,,,,,,,,,,,,,,,,,,,,1,1,V-V,MIT,0,7,23,3,0,20,14,16,19,V-V/V-V,False,False,1.6099999999999999,0.8
2026-05-30,J1 League,2025/2026,KYOTO SANGA,KASHIWA REYSOL,2,6,1,3,A,10,18,5,10,4,9,2,4,2,1,0,0,472,412,4,3,54.0,46.0,1546397.0,,,,,,,,,,,,,,,,,,,,,,,,,,,,,,,,,,,,8,4,KYO,KAS,4,6,23,0,3,20,19,16,17,KAS/KAS,False,False,0.06999999999999995,2.81
2026-05-31,J1 League,2025/2026,FAGIANO OKAYAMA,URAWA,1,1,0,0,D,20,7,6,3,12,9,9,1,0,0,0,0,300,461,2,4,41.0,59.0,1546398.0,,,,,,,,,,,,,,,,,,,,,,,,,,,,,,,,,,,,2,0,FAG,URA,2,10,23,1,1,24,25,12,9,E/E,False,False,1.68,0.52
2026-05-31,J1 League,2025/2026,SHIMIZU S-PULSE,YOKOHAMA F. MARINOS,1,1,0,0,D,10,3,1,2,8,16,10,0,1,0,0,0,379,273,1,1,59.0,41.0,1546399.0,,,,,,,,,,,,,,,,,,,,,,,,,,,,,,,,,,,,2,0,SHI,YOK,2,10,23,1,1,20,20,16,15,E/E,False,False,0.9500000000000001,0.55
2026-06-06,J1 League,2025/2026,KASHIMA,VISSEL KOBE,2,0,0,0,H,19,8,9,3,11,7,8,7,3,0,0,0,377,333,3,7,54.0,46.0,1546317.0,,,,,,,,,,,,,,,,,,,,,,,,,,,,,,,,,,,,2,0,KAS,VIS,2,15,24,3,0,43,36,1,2,E/KAS,True,True,3.1599999999999993,0.18999999999999997
2026-06-06,J1 League,2025/2026,FC TOKYO,CEREZO OSAKA,1,3,0,3,A,22,12,4,6,14,10,11,1,1,2,0,0,457,439,3,3,53.0,47.0,1546400.0,,,,,,,,,,,,,,,,,,,,,,,,,,,,,,,,,,,,4,3,TOK,CER,1,12,24,0,3,34,28,3,7,CER/CER,False,True,0.73,2.329999999999999
2026-06-06,J1 League,2025/2026,MACHIDA ZELVIA,NAGOYA GRAMPUS,2,1,0,0,H,19,16,7,4,10,8,7,1,3,3,0,1,561,586,4,5,49.0,51.0,1546401.0,,,,,,,,,,,,,,,,,,,,,,,,,,,,,,,,,,,,3,0,MAC,NAG,3,8,24,3,0,33,30,4,7,E/MAC,False,True,2.38,-0.3900000000000001
2026-06-06,J1 League,2025/2026,MITO HOLLYHOCK,V-VAREN NAGASAKI,0,1,0,1,A,16,5,5,3,6,10,7,0,0,0,0,0,681,291,2,5,71.0,29.0,1546402.0,,,,,,,,,,,,,,,,,,,,,,,,,,,,,,,,,,,,1,1,MIT,V-V,0,7,24,0,3,14,23,19,13,V-V/V-V,False,False,0.95,1.56
2026-06-06,J1 League,2025/2026,JEF UNITED CHIBA,AVISPA FUKUOKA,1,2,1,0,A,8,12,1,4,12,15,8,7,0,0,0,0,458,343,2,0,57.0,43.0,1546316.0,,,,,,,,,,,,,,,,,,,,,,,,,,,,,,,,,,,,3,1,JEF,AVI,2,15,24,0,3,13,18,20,18,JEF/AVI,False,False,0.20999999999999996,2.24
2026-06-06,J1 League,2025/2026,TOKYO VERDY,GAMBA OSAKA,2,4,1,1,A,12,14,1,8,12,9,5,0,1,3,0,0,498,457,4,1,53.0,47.0,1546404.0,,,,,,,,,,,,,,,,,,,,,,,,,,,,,,,,,,,,6,2,TOK,GAM,4,5,24,0,3,26,24,10,13,E/GAM,False,False,-0.1,2.25
2026-06-06,J1 League,2025/2026,YOKOHAMA F. MARINOS,SHIMIZU S-PULSE,3,0,1,0,H,14,13,5,3,6,15,1,4,0,2,0,0,458,346,3,2,56.0,44.0,1546405.0,,,,,,,,,,,,,,,,,,,,,,,,,,,,,,,,,,,,3,1,YOK,SHI,2,5,24,3,0,21,21,15,16,YOK/YOK,False,False,2.07,0.17999999999999994
2026-06-06,J1 League,2025/2026,KASHIWA REYSOL,KYOTO SANGA,0,1,0,0,A,5,12,0,2,11,9,3,7,2,4,0,0,286,571,1,0,33.0,67.0,1546406.0,,,,,,,,,,,,,,,,,,,,,,,,,,,,,,,,,,,,1,0,KAS,KYO,1,10,24,0,3,22,20,15,18,E/KYO,False,False,-0.29000000000000004,1.69
2026-06-06,J1 League,2025/2026,KAWASAKI FRONTALE,SANFRECCE HIROSHIMA,0,1,0,1,A,12,20,5,7,10,18,5,9,2,1,0,0,510,345,5,6,59.0,41.0,1546407.0,,,,,,,,,,,,,,,,,,,,,,,,,,,,,,,,,,,,1,1,KAW,SAN,0,14,24,0,3,25,31,13,5,SAN/SAN,True,False,0.2699999999999999,2.55
2026-06-06,J1 League,2025/2026,URAWA,FAGIANO OKAYAMA,0,2,0,1,A,18,14,4,7,8,8,5,4,2,1,0,0,598,269,3,4,68.0,32.0,1546403.0,,,,,,,,,,,,,,,,,,,,,,,,,,,,,,,,,,,,2,1,URA,FAG,1,9,24,0,3,26,25,9,12,FAG/FAG,False,False,0.21999999999999992,2.3499999999999996
2026-08-07,J1 League,2025/2026,GAMBA OSAKA,URAWA,4,3,2,1,H,12,19,9,6,11,12,5,6,0,5,0,1,460,287,2,5,61.0,39.0,1554003.0,,,,,,,,,,,,,,,,,,,,,,,,,,,,,,,,,,,,7,3,GAM,URA,4,11,25,3,0,27,26,9,10,GAM/GAM,False,False,2.6799999999999997,-0.09999999999999998
2026-08-07,J1 League,2025/2026,YOKOHAMA F. MARINOS,KASHIMA,3,4,2,1,A,11,21,4,5,19,7,0,9,0,1,0,0,266,571,1,1,32.0,68.0,1553999.0,,,,,,,,,,,,,,,,,,,,,,,,,,,,,,,,,,,,7,3,YOK,KAS,4,9,25,0,3,24,46,14,1,YOK/KAS,True,False,0.16999999999999998,2.4
2026-08-08,J1 League,2025/2026,SANFRECCE HIROSHIMA,JEF UNITED CHIBA,3,0,1,0,H,23,7,8,3,5,14,3,0,1,1,0,0,507,438,3,4,54.0,46.0,1554006.0,,,,,,,,,,,,,,,,,,,,,,,,,,,,,,,,,,,,3,1,SAN,JEF,2,3,25,3,0,34,13,4,20,SAN/SAN,False,True,2.6,-0.11000000000000007
2026-08-08,J1 League,2025/2026,AVISPA FUKUOKA,VISSEL KOBE,0,1,0,1,A,11,7,2,3,22,5,3,1,2,1,0,0,336,402,2,2,46.0,54.0,1554000.0,,,,,,,,,,,,,,,,,,,,,,,,,,,,,,,,,,,,1,1,AVI,VIS,0,4,25,0,3,21,36,18,3,VIS/VIS,True,False,0.07999999999999996,1.7399999999999998
2026-08-08,J1 League,2025/2026,KASHIWA REYSOL,MITO HOLLYHOCK,2,1,2,0,H,9,16,7,3,5,11,1,5,0,1,0,0,582,488,2,5,54.0,46.0,1554004.0,,,,,,,,,,,,,,,,,,,,,,,,,,,,,,,,,,,,3,2,KAS,MIT,1,6,25,3,0,22,14,16,19,KAS/KAS,False,False,2.3499999999999996,0.2299999999999999
2026-08-08,J1 League,2025/2026,FC TOKYO,MACHIDA ZELVIA,1,5,1,2,A,9,17,4,8,11,10,2,5,1,1,1,0,415,509,3,3,44.0,56.0,1554002.0,,,,,,,,,,,,,,,,,,,,,,,,,,,,,,,,,,,,6,3,TOK,MAC,3,7,25,0,3,34,36,5,4,MAC/MAC,True,True,-0.15000000000000008,3.11
2026-08-08,J1 League,2025/2026,CEREZO OSAKA,FAGIANO OKAYAMA,2,1,2,1,H,6,17,4,5,14,10,5,8,1,0,0,0,410,397,3,2,50.0,50.0,1554001.0,,,,,,,,,,,,,,,,,,,,,,,,,,,,,,,,,,,,3,3,CER,FAG,0,13,25,3,0,31,28,6,9,CER/CER,False,True,1.84,0.8500000000000001
2026-08-08,J1 League,2025/2026,NAGOYA GRAMPUS,SHIMIZU S-PULSE,0,1,0,1,A,18,14,6,6,5,14,13,7,0,3,0,1,611,196,5,6,75.0,25.0,1554005.0,,,,,,,,,,,,,,,,,,,,,,,,,,,,,,,,,,,,1,1,NAG,SHI,0,20,25,0,3,30,21,8,17,SHI/SHI,False,False,1.1099999999999999,1.6399999999999995
2026-08-09,J1 League,2026/2027,V-VAREN NAGASAKI,KYOTO SANGA,2,1,2,0,H,16,10,4,3,10,13,7,4,1,3,0,0,327,460,2,2,42.0,58.0,1554008.0,,,,,,,,,,,,,,,,,,,,,,,,,,,,,,,,,,,,3,2,V-V,KYO,1,11,1,3,0,0,0,1,2,V-V/V-V,True,True,2.62,0.009999999999999898
2026-08-09,J1 League,2026/2027,TOKYO VERDY,KAWASAKI FRONTALE,1,1,0,0,D,15,15,4,4,13,9,4,4,0,1,0,0,290,642,3,3,31.0,69.0,1554007.0,,,,,,,,,,,,,,,,,,,,,,,,,,,,,,,,,,,,2,0,TOK,KAW,2,8,1,1,1,0,0,2,3,E/E,True,True,1.02,0.92
2026-08-14,J1 League,2026/2027,TOKYO VERDY,KASHIWA REYSOL,1,3,1,1,A,13,17,4,6,10,9,3,5,1,2,0,0,430,717,3,3,37.0,63.0,1556021.0,,,,,,,,,,,,,,,,,,,,,,,,,,,,,,,,,,,,4,2,TOK,KAS,2,8,2,0,3,1,0,2,4,E/KAS,True,True,0.24999999999999997,2.6899999999999995
2026-08-15,J1 League,2026/2027,URAWA,SANFRECCE HIROSHIMA,1,4,1,2,A,3,26,1,9,17,7,1,11,2,1,0,0,344,356,5,1,48.0,52.0,1554015.0,,,,,,,,,,,,,,,,,,,,,,,,,,,,,,,,,,,,5,3,URA,SAN,2,12,2,0,3,0,0,5,6,SAN/SAN,True,True,-0.6700000000000002,3.7299999999999995
2026-08-15,J1 League,2026/2027,AVISPA FUKUOKA,CEREZO OSAKA,3,0,2,0,H,13,7,6,1,11,11,4,2,1,0,0,0,266,543,1,3,33.0,67.0,1556022.0,,,,,,,,,,,,,,,,,,,,,,,,,,,,,,,,,,,,3,2,AVI,CER,1,6,2,3,0,0,0,6,7,AVI/AVI,False,True,2.41,-0.13000000000000006
2026-08-15,J1 League,2026/2027,KASHIMA,NAGOYA GRAMPUS,2,1,1,0,H,16,13,6,1,14,14,3,4,3,1,0,0,481,477,0,5,49.0,51.0,1554010.0,,,,,,,,,,,,,,,,,,,,,,,,,,,,,,,,,,,,3,1,KAS,NAG,2,7,2,3,0,0,0,7,8,KAS/KAS,False,False,2.12,-0.11000000000000004
2026-08-15,J1 League,2026/2027,VISSEL KOBE,FC TOKYO,2,2,1,1,D,13,16,3,4,8,10,7,4,0,0,0,0,439,321,2,1,58.0,42.0,1554016.0,,,,,,,,,,,,,,,,,,,,,,,,,,,,,,,,,,,,4,2,VIS,TOK,2,11,2,1,1,0,0,8,9,E/E,False,False,1.02,1.0100000000000002
2026-08-15,J1 League,2026/2027,SHIMIZU S-PULSE,YOKOHAMA F. MARINOS,0,1,0,0,A,12,11,4,3,10,16,7,5,1,0,0,0,269,427,2,5,40.0,60.0,1554014.0,,,,,,,,,,,,,,,,,,,,,,,,,,,,,,,,,,,,1,0,SHI,YOK,1,12,2,0,3,0,0,10,11,E/YOK,False,False,0.6000000000000001,1.8599999999999999
2026-08-15,J1 League,2026/2027,FAGIANO OKAYAMA,V-VAREN NAGASAKI,1,0,0,0,H,22,3,3,0,12,10,5,1,0,1,0,0,365,525,0,2,43.0,57.0,1554013.0,,,,,,,,,,,,,,,,,,,,,,,,,,,,,,,,,,,,1,0,FAG,V-V,1,6,2,3,0,0,3,11,4,E/FAG,True,False,2.68,-0.30000000000000004
2026-08-15,J1 League,2026/2027,MITO HOLLYHOCK,GAMBA OSAKA,1,1,1,0,D,17,19,4,4,14,9,9,9,1,0,0,0,278,623,3,2,32.0,68.0,1554012.0,,,,,,,,,,,,,,,,,,,,,,,,,,,,,,,,,,,,2,1,MIT,GAM,1,18,2,1,1,0,0,12,13,MIT/E,False,False,1.07,1.1700000000000002
2026-08-15,J1 League,2026/2027,JEF UNITED CHIBA,MACHIDA ZELVIA,0,4,0,2,A,9,18,2,5,16,13,2,8,3,0,0,0,430,392,1,2,52.0,48.0,1554009.0,,,,,,,,,,,,,,,,,,,,,,,,,,,,,,,,,,,,4,2,JEF,MAC,2,10,2,0,3,0,0,14,15,MAC/MAC,False,False,-0.31000000000000005,2.51
2026-08-15,J1 League,2026/2027,KAWASAKI FRONTALE,KYOTO SANGA,2,2,1,0,D,21,13,7,6,9,8,6,1,1,2,0,0,488,399,4,5,56.0,44.0,1554011.0,,,,,,,,,,,,,,,,,,,,,,,,,,,,,,,,,,,,4,1,KAW,KYO,3,7,2,1,1,1,0,11,15,KAW/E,False,False,1.43,0.7799999999999998
2026-08-21,J1 League,2026/2027,FC TOKYO,JEF UNITED CHIBA,2,0,0,0,H,22,7,5,1,11,5,5,1,1,0,0,0,578,337,1,3,63.0,37.0,1556023.0,,,,,,,,,,,,,,,,,,,,,,,,,,,,,,,,,,,,2,0,TOK,JEF,2,6,3,3,0,1,0,11,20,E/TOK,False,False,2.33,-0.15000000000000002
2026-08-21,J1 League,2026/2027,KASHIWA REYSOL,V-VAREN NAGASAKI,4,2,1,0,H,12,5,5,4,7,6,8,2,1,0,0,0,839,377,2,3,69.0,31.0,1556024.0,,,,,,,,,,,,,,,,,,,,,,,,,,,,,,,,,,,,6,1,KAS,V-V,5,10,3,3,0,3,3,5,9,KAS/KAS,False,True,2.3099999999999996,0.2899999999999999
2026-08-22,J1 League,2026/2027,CEREZO OSAKA,SHIMIZU S-PULSE,1,0,0,0,H,13,10,5,3,10,13,7,6,2,2,0,0,482,343,2,4,58.0,42.0,1556025.0,,,,,,,,,,,,,,,,,,,,,,,,,,,,,,,,,,,,1,0,CER,SHI,1,13,3,3,0,0,0,19,17,E/CER,False,False,2.13,0.15999999999999998
2026-08-22,J1 League,2026/2027,KASHIMA,AVISPA FUKUOKA,3,2,1,1,H,11,20,4,7,8,10,2,8,1,1,0,0,543,416,5,2,56.0,44.0,1556026.0,,,,,,,,,,,,,,,,,,,,,,,,,,,,,,,,,,,,5,2,KAS,AVI,3,10,3,3,0,3,3,6,5,E/KAS,True,True,2.09,1.1099999999999999
2026-08-22,J1 League,2026/2027,NAGOYA GRAMPUS,GAMBA OSAKA,3,1,1,1,H,21,10,12,3,10,19,4,3,0,2,0,1,417,398,2,8,52.0,48.0,1556027.0,,,,,,,,,,,,,,,,,,,,,,,,,,,,,,,,,,,,4,2,NAG,GAM,2,7,3,3,0,0,1,17,14,E/NAG,False,False,3.29,-0.5300000000000001
2026-08-22,J1 League,2026/2027,FAGIANO OKAYAMA,TOKYO VERDY,0,0,0,0,D,17,5,3,0,12,14,6,1,1,2,0,0,447,348,0,3,57.0,43.0,1556028.0,,,,,,,,,,,,,,,,,,,,,,,,,,,,,,,,,,,,0,0,FAG,TOK,0,7,3,1,1,3,1,9,16,E/E,False,False,1.13,0.07999999999999996
2026-08-22,J1 League,2026/2027,SANFRECCE HIROSHIMA,KAWASAKI FRONTALE,1,1,1,0,D,15,18,7,6,6,10,3,3,2,1,0,0,536,425,5,6,56.0,44.0,1556029.0,,,,,,,,,,,,,,,,,,,,,,,,,,,,,,,,,,,,2,1,SAN,KAW,1,6,3,1,1,3,2,6,12,SAN/E,False,True,1.14,1.0399999999999996
2026-08-22,J1 League,2026/2027,YOKOHAMA F. MARINOS,VISSEL KOBE,1,0,1,0,H,8,8,1,0,21,19,6,2,4,2,0,0,333,425,0,0,44.0,56.0,1556030.0,,,,,,,,,,,,,,,,,,,,,,,,,,,,,,,,,,,,1,1,YOK,VIS,0,8,3,3,0,3,1,9,14,YOK/YOK,False,False,1.5099999999999998,-0.27
2026-08-22,J1 League,2026/2027,KYOTO SANGA,MITO HOLLYHOCK,1,3,0,2,A,15,15,4,6,9,4,1,7,0,0,0,0,555,401,3,3,58.0,42.0,1554017.0,,,,,,,,,,,,,,,,,,,,,,,,,,,,,,,,,,,,4,2,KYO,MIT,2,8,3,0,3,1,1,15,14,MIT/MIT,False,False,0.2099999999999999,2.53
2026-08-23,J1 League,2026/2027,MACHIDA ZELVIA,URAWA,3,1,1,1,H,13,22,7,3,10,9,1,3,0,1,0,0,346,586,2,4,38.0,62.0,1554018.0,,,,,,,,,,,,,,,,,,,,,,,,,,,,,,,,,,,,4,2,MAC,URA,2,4,3,3,0,3,0,8,19,E/MAC,False,False,2.3899999999999997,0.12999999999999995
2026-08-29,J1 League,2026/2027,GAMBA OSAKA,SANFRECCE HIROSHIMA,0,0,0,0,D,10,17,3,4,8,10,5,7,1,2,1,0,416,473,4,3,46.0,54.0,1556031.0,,,,,,,,,,,,,,,,,,,,,,,,,,,,,,,,,,,,0,0,GAM,SAN,0,12,4,1,1,1,4,16,5,E/E,True,False,0.51,1.0
2026-08-29,J1 League,2026/2027,KAWASAKI FRONTALE,JEF UNITED CHIBA,4,2,4,2,H,15,18,6,9,7,12,5,4,2,4,0,0,428,565,7,2,43.0,57.0,1556032.0,,,,,,,,,,,,,,,,,,,,,,,,,,,,,,,,,,,,6,6,KAW,JEF,0,9,4,3,0,3,0,11,20,KAW/KAW,False,False,1.9200000000000002,0.7499999999999997
2026-08-29,J1 League,2026/2027,KYOTO SANGA,AVISPA FUKUOKA,2,1,1,0,H,9,19,3,9,7,11,1,6,1,3,0,0,356,457,8,1,43.0,57.0,1556033.0,,,,,,,,,,,,,,,,,,,,,,,,,,,,,,,,,,,,3,1,KYO,AVI,2,7,4,3,0,1,3,17,10,KYO/KYO,False,False,1.33,1.1799999999999997
2026-08-29,J1 League,2026/2027,MITO HOLLYHOCK,MACHIDA ZELVIA,1,1,1,1,D,14,18,4,3,13,9,3,2,0,1,0,0,371,573,2,3,39.0,61.0,1556034.0,,,,,,,,,,,,,,,,,,,,,,,,,,,,,,,,,,,,2,2,MIT,MAC,0,5,4,1,1,4,6,8,1,E/E,True,False,1.06,0.6900000000000001
2026-08-29,J1 League,2026/2027,NAGOYA GRAMPUS,FAGIANO OKAYAMA,2,1,1,1,H,15,15,4,2,10,17,6,9,2,3,0,0,485,260,1,2,65.0,35.0,1556035.0,,,,,,,,,,,,,,,,,,,,,,,,,,,,,,,,,,,,3,2,NAG,FAG,1,15,4,3,0,3,4,12,9,E/NAG,False,False,1.9199999999999997,0.13
2026-08-29,J1 League,2026/2027,SHIMIZU S-PULSE,KASHIWA REYSOL,0,1,0,0,A,6,17,0,3,9,9,3,6,0,0,0,0,359,598,3,0,38.0,62.0,1556036.0,,,,,,,,,,,,,,,,,,,,,,,,,,,,,,,,,,,,1,0,SHI,KAS,1,9,4,0,3,0,6,18,2,E/KAS,True,False,-0.12,2.19
2026-08-29,J1 League,2026/2027,URAWA,YOKOHAMA F. MARINOS,3,2,1,1,H,19,10,8,6,17,17,4,3,1,3,0,0,334,387,4,5,46.0,54.0,1556037.0,,,,,,,,,,,,,,,,,,,,,,,,,,,,,,,,,,,,5,2,URA,YOK,3,7,4,3,0,0,6,19,6,E/URA,True,False,2.9400000000000004,0.2699999999999999
2026-08-29,J1 League,2026/2027,VISSEL KOBE,CEREZO OSAKA,1,0,0,0,H,12,13,6,3,13,11,4,9,2,1,0,0,349,431,3,4,44.0,56.0,1556039.0,,,,,,,,,,,,,,,,,,,,,,,,,,,,,,,,,,,,1,0,VIS,CER,1,13,4,3,0,1,3,18,14,E/VIS,False,False,2.07,0.41999999999999993
2026-08-29,J1 League,2026/2027,V-VAREN NAGASAKI,FC TOKYO,0,3,0,2,A,5,13,1,6,6,11,7,3,2,1,0,0,554,543,3,1,51.0,49.0,1556040.0,,,,,,,,,,,,,,,,,,,,,,,,,,,,,,,,,,,,3,2,V-V,TOK,1,10,4,0,3,3,4,14,9,TOK/TOK,False,False,-0.060000000000000026,2.26
2026-08-29,J1 League,2026/2027,TOKYO VERDY,KASHIMA,0,2,0,1,A,3,25,1,6,15,11,5,4,1,3,0,0,374,708,5,1,35.0,65.0,1556038.0,,,,,,,,,,,,,,,,,,,,,,,,,,,,,,,,,,,,2,1,TOK,KAS,1,9,4,0,3,2,6,17,6,KAS/KAS,True,False,-0.08000000000000006,2.1500000000000004
2026-09-02,J1 League,2026/2027,YOKOHAMA F. MARINOS,KYOTO SANGA,1,1,0,0,D,17,14,2,6,8,19,3,4,2,1,0,0,408,253,5,1,62.0,38.0,1556050.0,,,,,,,,,,,,,,,,,,,,,,,,,,,,,,,,,,,,2,0,YOK,KYO,2,7,5,1,1,6,4,7,12,E/E,False,False,0.37000000000000005,1.3399999999999996
2026-09-02,J1 League,2026/2027,AVISPA FUKUOKA,URAWA,2,3,2,1,A,16,20,8,6,15,10,5,1,2,1,0,0,270,495,3,5,37.0,63.0,1556041.0,,,,,,,,,,,,,,,,,,,,,,,,,,,,,,,,,,,,5,3,AVI,URA,2,6,5,0,3,3,3,13,15,AVI/URA,False,False,0.9299999999999999,1.8499999999999996
2026-09-02,J1 League,2026/2027,CEREZO OSAKA,KASHIWA REYSOL,2,0,1,0,H,12,11,3,5,5,4,7,9,1,0,0,0,472,506,5,1,48.0,52.0,1556042.0,,,,,,,,,,,,,,,,,,,,,,,,,,,,,,,,,,,,2,1,CER,KAS,1,16,5,3,0,3,9,15,1,CER/CER,True,False,2.2699999999999996,0.91
2026-09-02,J1 League,2026/2027,JEF UNITED CHIBA,FAGIANO OKAYAMA,1,2,1,1,A,7,18,1,4,9,13,4,5,2,1,0,0,403,450,2,0,47.0,53.0,1556043.0,,,,,,,,,,,,,,,,,,,,,,,,,,,,,,,,,,,,3,2,JEF,FAG,1,9,5,0,3,0,4,20,14,E/FAG,False,False,-0.15000000000000002,2.12
2026-09-02,J1 League,2026/2027,MACHIDA ZELVIA,KAWASAKI FRONTALE,2,1,0,0,H,14,9,6,2,11,10,6,2,0,0,0,0,420,464,1,4,48.0,52.0,1556044.0,,,,,,,,,,,,,,,,,,,,,,,,,,,,,,,,,,,,3,0,MAC,KAW,3,8,5,3,0,7,6,3,7,E/MAC,False,True,2.5599999999999996,-0.020000000000000046
2026-09-02,J1 League,2026/2027,MITO HOLLYHOCK,KASHIMA,4,2,2,0,H,7,16,5,5,7,6,2,4,1,1,0,0,271,824,3,1,24.0,76.0,1556045.0,,,,,,,,,,,,,,,,,,,,,,,,,,,,,,,,,,,,6,2,MIT,KAS,4,6,5,3,0,5,9,12,2,MIT/MIT,True,False,2.42,0.5599999999999999
2026-09-02,J1 League,2026/2027,SANFRECCE HIROSHIMA,NAGOYA GRAMPUS,3,0,0,0,H,16,3,7,1,11,6,2,1,1,2,0,0,532,472,1,4,49.0,51.0,1556046.0,,,,,,,,,,,,,,,,,,,,,,,,,,,,,,,,,,,,3,0,SAN,NAG,3,3,5,3,0,5,6,12,8,E/SAN,False,False,2.48,-0.39
2026-09-02,J1 League,2026/2027,SHIMIZU S-PULSE,FC TOKYO,1,1,0,0,D,8,17,3,5,13,10,4,3,0,0,0,0,339,441,4,1,44.0,56.0,1556047.0,,,,,,,,,,,,,,,,,,,,,,,,,,,,,,,,,,,,2,0,SHI,TOK,2,7,5,1,1,0,7,19,6,E/E,True,False,0.8399999999999999,1.17
2026-09-02,J1 League,2026/2027,TOKYO VERDY,VISSEL KOBE,0,2,0,1,A,7,15,0,7,15,12,3,6,3,1,0,0,485,335,5,0,58.0,42.0,1556048.0,,,,,,,,,,,,,,,,,,,,,,,,,,,,,,,,,,,,2,1,TOK,VIS,1,9,5,0,3,2,4,18,14,VIS/VIS,False,False,-0.6200000000000001,2.6899999999999995
2026-09-02,J1 League,2026/2027,V-VAREN NAGASAKI,GAMBA OSAKA,2,2,0,0,D,20,16,10,6,9,11,5,5,2,1,0,0,383,483,4,8,44.0,56.0,1556049.0,,,,,,,,,,,,,,,,,,,,,,,,,,,,,,,,,,,,4,0,V-V,GAM,4,10,5,1,1,3,2,16,17,E/E,False,False,1.65,0.9499999999999998
2026-08-08,J2 League,2025/2026,SAGAN TOSU,VENTFORET KOFU,2,0,1,0,H,0,0,0,0,0,0,0,0,0,0,0,0,0,0,0,0,0.0,0.0,1606603.0,,,,,,,,,,,,,,,,,,,,,,,,,,,,,,,,,,,,2,1,SAG,VEN,1,0,1,3,0,0,0,1,2,SAG/SAG,True,True,2.0,0.0
2026-08-08,J2 League,2025/2026,JUBILO IWATA,BLAUBLITZ AKITA,1,1,1,0,D,0,0,0,0,0,0,0,0,0,0,0,0,0,0,0,0,0.0,0.0,1606602.0,,,,,,,,,,,,,,,,,,,,,,,,,,,,,,,,,,,,2,1,JUB,BLA,1,0,1,1,1,0,0,2,3,JUB/E,True,True,0.5,0.5
2026-08-08,J2 League,2025/2026,OMIYA ARDIJA,ALBIREX NIIGATA,1,0,1,0,H,0,0,0,0,0,0,0,0,0,0,0,0,0,0,0,0,0.0,0.0,1606601.0,,,,,,,,,,,,,,,,,,,,,,,,,,,,,,,,,,,,1,1,OMI,ALB,0,0,1,3,0,0,0,4,5,OMI/OMI,True,True,2.0,0.0
2026-08-08,J2 League,2025/2026,TEGEVAJARO MIYAZAKI,YOKOHAMA FC,0,1,0,0,A,0,0,0,0,0,0,0,0,0,0,0,0,0,0,0,0,0.0,0.0,1606600.0,,,,,,,,,,,,,,,,,,,,,,,,,,,,,,,,,,,,1,0,TEG,YOK,1,0,1,0,3,0,0,5,6,E/YOK,True,True,0.0,2.0
2026-08-08,J2 League,2025/2026,OITA TRINITA,SHONAN BELLMARE,0,1,0,1,A,0,0,0,0,0,0,0,0,0,0,0,0,0,0,0,0,0.0,0.0,1606599.0,,,,,,,,,,,,,,,,,,,,,,,,,,,,,,,,,,,,1,1,OIT,SHO,0,0,1,0,3,0,0,6,7,SHO/SHO,False,True,0.0,2.0
2026-08-08,J2 League,2025/2026,VANRAURE HACHINOHE,KATALLER TOYAMA,2,0,1,0,H,0,0,0,0,0,0,0,0,0,0,0,0,0,0,0,0,0.0,0.0,1606598.0,,,,,,,,,,,,,,,,,,,,,,,,,,,,,,,,,,,,2,1,VAN,KAT,1,0,1,3,0,0,0,7,8,VAN/VAN,False,False,1.5,0.0
2026-08-08,J2 League,2025/2026,CONSADOLE SAPPORO,TOKUSHIMA VORTIS,2,0,1,0,H,0,0,0,0,0,0,0,0,0,0,0,0,0,0,0,0,0.0,0.0,1606596.0,,,,,,,,,,,,,,,,,,,,,,,,,,,,,,,,,,,,2,1,CON,TOK,1,0,1,3,0,0,0,8,9,CON/CON,False,False,1.5,0.0
2026-08-08,J2 League,2025/2026,FUJIEDA MYFC,VEGALTA SENDAI,2,0,1,0,H,0,0,0,0,0,0,0,0,0,0,0,0,0,0,0,0,0.0,0.0,1606597.0,,,,,,,,,,,,,,,,,,,,,,,,,,,,,,,,,,,,2,1,FUJ,VEG,1,0,1,3,0,0,0,9,10,FUJ/FUJ,False,False,1.5,0.0
2026-08-09,J2 League,2026/2027,MONTEDIO YAMAGATA,TOCHIGI CITY,2,0,1,0,H,0,0,0,0,0,0,0,0,0,0,0,0,0,0,0,0,0.0,0.0,1606605.0,,,,,,,,,,,,,,,,,,,,,,,,,,,,,,,,,,,,2,1,MON,TOC,1,0,1,3,0,0,0,1,2,MON/MON,True,True,2.0,0.0
2026-08-09,J2 League,2026/2027,IWAKI,IMABARI,2,1,0,0,H,0,0,0,0,0,0,0,0,0,0,0,0,0,0,0,0,0.0,0.0,1606604.0,,,,,,,,,,,,,,,,,,,,,,,,,,,,,,,,,,,,3,0,IWA,IMA,3,0,1,3,0,0,0,2,3,E/IWA,True,True,2.0,0.0
2026-08-15,J2 League,2026/2027,BLAUBLITZ AKITA,KATALLER TOYAMA,0,4,0,2,A,0,0,0,0,0,0,0,0,0,0,0,0,0,0,0,0,0.0,0.0,1606606.0,,,,,,,,,,,,,,,,,,,,,,,,,,,,,,,,,,,,4,2,BLA,KAT,2,0,1,0,3,0,0,3,4,KAT/KAT,True,True,0.0,2.0
2026-08-15,J2 League,2026/2027,TOCHIGI CITY,VANRAURE HACHINOHE,5,0,2,0,H,0,0,0,0,0,0,0,0,0,0,0,0,0,0,0,0,0.0,0.0,1606607.0,,,,,,,,,,,,,,,,,,,,,,,,,,,,,,,,,,,,5,2,TOC,VAN,3,0,2,3,0,0,0,19,5,TOC/TOC,True,False,2.0,0.0
2026-08-15,J2 League,2026/2027,FUJIEDA MYFC,IWAKI,3,1,1,1,H,0,0,0,0,0,0,0,0,0,0,0,0,0,0,0,0,0.0,0.0,1606608.0,,,,,,,,,,,,,,,,,,,,,,,,,,,,,,,,,,,,4,2,FUJ,IWA,2,0,2,3,0,0,3,6,4,E/FUJ,True,True,2.0,0.0
2026-08-15,J2 League,2026/2027,ALBIREX NIIGATA,CONSADOLE SAPPORO,2,1,1,1,H,0,0,0,0,0,0,0,0,0,0,0,0,0,0,0,0,0.0,0.0,1606609.0,,,,,,,,,,,,,,,,,,,,,,,,,,,,,,,,,,,,3,2,ALB,CON,1,0,1,3,0,0,0,4,5,E/ALB,True,True,2.0,0.0
2026-08-15,J2 League,2026/2027,VEGALTA SENDAI,OITA TRINITA,0,0,0,0,D,0,0,0,0,0,0,0,0,0,0,0,0,0,0,0,0,0.0,0.0,1606610.0,,,,,,,,,,,,,,,,,,,,,,,,,,,,,,,,,,,,0,0,VEG,OIT,0,0,2,1,1,0,0,7,8,E/E,False,False,0.5,0.5
2026-08-15,J2 League,2026/2027,IMABARI,OMIYA ARDIJA,2,3,1,2,A,0,0,0,0,0,0,0,0,0,0,0,0,0,0,0,0,0.0,0.0,1606611.0,,,,,,,,,,,,,,,,,,,,,,,,,,,,,,,,,,,,5,3,IMA,OMI,2,0,2,0,3,0,0,17,9,OMI/OMI,False,False,0.0,1.5
2026-08-15,J2 League,2026/2027,VENTFORET KOFU,TEGEVAJARO MIYAZAKI,1,1,1,1,D,0,0,0,0,0,0,0,0,0,0,0,0,0,0,0,0,0.0,0.0,1606612.0,,,,,,,,,,,,,,,,,,,,,,,,,,,,,,,,,,,,2,2,VEN,TEG,0,0,2,1,1,0,0,10,11,E/E,False,False,0.5,0.5
2026-08-15,J2 League,2026/2027,SHONAN BELLMARE,MONTEDIO YAMAGATA,1,0,0,0,H,0,0,0,0,0,0,0,0,0,0,0,0,0,0,0,0,0.0,0.0,1606613.0,,,,,,,,,,,,,,,,,,,,,,,,,,,,,,,,,,,,1,0,SHO,MON,1,0,2,3,0,0,3,12,4,E/SHO,True,False,2.0,0.0
2026-08-16,J2 League,2026/2027,TOKUSHIMA VORTIS,SAGAN TOSU,0,0,0,0,D,0,0,0,0,0,0,0,0,0,0,0,0,0,0,0,0,0.0,0.0,1606615.0,,,,,,,,,,,,,,,,,,,,,,,,,,,,,,,,,,,,0,0,TOK,SAG,0,0,2,1,1,0,0,13,14,E/E,False,False,0.5,0.5
2026-08-16,J2 League,2026/2027,YOKOHAMA FC,JUBILO IWATA,3,1,1,0,H,0,0,0,0,0,0,0,0,0,0,0,0,0,0,0,0,0.0,0.0,1606614.0,,,,,,,,,,,,,,,,,,,,,,,,,,,,,,,,,,,,4,1,YOK,JUB,3,0,2,3,0,0,0,15,16,YOK/YOK,False,False,1.5,0.0
2026-08-22,J2 League,2026/2027,CONSADOLE SAPPORO,OMIYA ARDIJA,1,4,0,2,A,0,0,0,0,0,0,0,0,0,0,0,0,0,0,0,0,0.0,0.0,1606616.0,,,,,,,,,,,,,,,,,,,,,,,,,,,,,,,,,,,,5,2,CON,OMI,3,0,3,0,3,0,3,16,5,OMI/OMI,True,False,0.0,1.5
2026-08-22,J2 League,2026/2027,TEGEVAJARO MIYAZAKI,SHONAN BELLMARE,0,0,0,0,D,0,0,0,0,0,0,0,0,0,0,0,0,0,0,0,0,0.0,0.0,1606625.0,,,,,,,,,,,,,,,,,,,,,,,,,,,,,,,,,,,,0,0,TEG,SHO,0,0,3,1,1,1,3,11,8,E/E,False,False,0.5,0.5
2026-08-22,J2 League,2026/2027,OITA TRINITA,IWAKI,4,1,3,1,H,0,0,0,0,0,0,0,0,0,0,0,0,0,0,0,0,0.0,0.0,1606621.0,,,,,,,,,,,,,,,,,,,,,,,,,,,,,,,,,,,,5,4,OIT,IWA,1,0,3,3,0,1,3,13,9,OIT/OIT,False,False,1.5,0.0
2026-08-22,J2 League,2026/2027,ALBIREX NIIGATA,FUJIEDA MYFC,1,0,0,0,H,0,0,0,0,0,0,0,0,0,0,0,0,0,0,0,0,0.0,0.0,1606620.0,,,,,,,,,,,,,,,,,,,,,,,,,,,,,,,,,,,,1,0,ALB,FUJ,1,0,3,3,0,3,3,9,6,E/ALB,True,False,2.0,0.0
2026-08-22,J2 League,2026/2027,KATALLER TOYAMA,IMABARI,4,0,1,0,H,0,0,0,0,0,0,0,0,0,0,0,0,0,0,0,0,0.0,0.0,1606619.0,,,,,,,,,,,,,,,,,,,,,,,,,,,,,,,,,,,,4,1,KAT,IMA,3,0,3,3,0,3,0,5,16,KAT/KAT,False,True,1.5,0.0
2026-08-22,J2 League,2026/2027,BLAUBLITZ AKITA,VENTFORET KOFU,3,0,2,0,H,0,0,0,0,0,0,0,0,0,0,0,0,0,0,0,0,0.0,0.0,1606618.0,,,,,,,,,,,,,,,,,,,,,,,,,,,,,,,,,,,,3,2,BLA,VEN,1,0,3,3,0,0,1,18,12,BLA/BLA,False,False,1.5,0.0
2026-08-22,J2 League,2026/2027,VANRAURE HACHINOHE,VEGALTA SENDAI,0,2,0,1,A,0,0,0,0,0,0,0,0,0,0,0,0,0,0,0,0,0.0,0.0,1606617.0,,,,,,,,,,,,,,,,,,,,,,,,,,,,,,,,,,,,2,1,VAN,VEG,1,0,3,0,3,0,1,19,13,VEG/VEG,False,False,0.0,1.5
2026-08-22,J2 League,2026/2027,JUBILO IWATA,TOKUSHIMA VORTIS,2,1,1,1,H,0,0,0,0,0,0,0,0,0,0,0,0,0,0,0,0,0.0,0.0,1606623.0,,,,,,,,,,,,,,,,,,,,,,,,,,,,,,,,,,,,3,2,JUB,TOK,1,0,3,3,0,0,1,17,14,E/JUB,False,False,1.5,0.0
2026-08-22,J2 League,2026/2027,SAGAN TOSU,TOCHIGI CITY,1,3,1,0,A,0,0,0,0,0,0,0,0,0,0,0,0,0,0,0,0,0.0,0.0,1606624.0,,,,,,,,,,,,,,,,,,,,,,,,,,,,,,,,,,,,4,1,SAG,TOC,3,0,3,0,3,1,3,15,7,SAG/TOC,False,False,0.0,1.5
2026-08-22,J2 League,2026/2027,MONTEDIO YAMAGATA,YOKOHAMA FC,2,0,0,0,H,0,0,0,0,0,0,0,0,0,0,0,0,0,0,0,0,0.0,0.0,1606622.0,,,,,,,,,,,,,,,,,,,,,,,,,,,,,,,,,,,,2,0,MON,YOK,2,0,3,3,0,3,3,10,8,E/MON,False,False,1.5,0.0
2026-08-29,J2 League,2026/2027,VANRAURE HACHINOHE,BLAUBLITZ AKITA,1,0,0,0,H,0,0,0,0,0,0,0,0,0,0,0,0,0,0,0,0,0.0,0.0,1606628.0,,,,,,,,,,,,,,,,,,,,,,,,,,,,,,,,,,,,1,0,VAN,BLA,1,0,4,3,0,0,3,20,11,E/VAN,False,False,1.5,0.0
2026-08-29,J2 League,2026/2027,IWAKI,ALBIREX NIIGATA,2,3,1,1,A,0,0,0,0,0,0,0,0,0,0,0,0,0,0,0,0,0.0,0.0,1606627.0,,,,,,,,,,,,,,,,,,,,,,,,,,,,,,,,,,,,5,2,IWA,ALB,3,0,4,0,3,3,6,13,5,E/ALB,True,False,0.0,1.5
2026-08-29,J2 League,2026/2027,TOCHIGI CITY,JUBILO IWATA,1,3,0,3,A,0,0,0,0,0,0,0,0,0,0,0,0,0,0,0,0,0.0,0.0,1606626.0,,,,,,,,,,,,,,,,,,,,,,,,,,,,,,,,,,,,4,3,TOC,JUB,1,0,4,0,3,6,3,3,11,JUB/JUB,False,True,0.0,2.0
2026-08-29,J2 League,2026/2027,KATALLER TOYAMA,FUJIEDA MYFC,2,3,1,3,A,0,0,0,0,0,0,0,0,0,0,0,0,0,0,0,0,0.0,0.0,1606629.0,,,,,,,,,,,,,,,,,,,,,,,,,,,,,,,,,,,,5,4,KAT,FUJ,1,0,4,0,3,6,3,2,10,FUJ/FUJ,False,True,0.0,2.0
2026-08-29,J2 League,2026/2027,TOKUSHIMA VORTIS,OITA TRINITA,1,0,0,0,H,0,0,0,0,0,0,0,0,0,0,0,0,0,0,0,0,0.0,0.0,1606630.0,,,,,,,,,,,,,,,,,,,,,,,,,,,,,,,,,,,,1,0,TOK,OIT,1,0,4,3,0,1,4,16,8,E/TOK,False,False,1.5,0.0
2026-08-29,J2 League,2026/2027,VENTFORET KOFU,CONSADOLE SAPPORO,2,1,0,1,H,0,0,0,0,0,0,0,0,0,0,0,0,0,0,0,0,0.0,0.0,1606631.0,,,,,,,,,,,,,,,,,,,,,,,,,,,,,,,,,,,,3,1,VEN,CON,2,0,4,3,0,1,0,18,19,CON/VEN,False,False,1.5,0.0
2026-08-29,J2 League,2026/2027,VEGALTA SENDAI,TEGEVAJARO MIYAZAKI,4,2,3,1,H,0,0,0,0,0,0,0,0,0,0,0,0,0,0,0,0,0.0,0.0,1606633.0,,,,,,,,,,,,,,,,,,,,,,,,,,,,,,,,,,,,6,4,VEG,TEG,2,0,4,3,0,4,2,9,17,VEG/VEG,False,False,1.5,0.0
2026-08-29,J2 League,2026/2027,IMABARI,MONTEDIO YAMAGATA,0,3,0,0,A,0,0,0,0,0,0,0,0,0,0,0,0,0,0,0,0,0.0,0.0,1606632.0,,,,,,,,,,,,,,,,,,,,,,,,,,,,,,,,,,,,3,0,IMA,MON,3,0,4,0,3,0,6,20,6,E/MON,True,False,0.0,1.5
2026-08-29,J2 League,2026/2027,YOKOHAMA FC,SAGAN TOSU,2,2,1,1,D,0,0,0,0,0,0,0,0,0,0,0,0,0,0,0,0,0.0,0.0,1606635.0,,,,,,,,,,,,,,,,,,,,,,,,,,,,,,,,,,,,4,2,YOK,SAG,2,0,4,1,1,3,1,13,18,E/E,False,False,0.5,0.5
2026-08-29,J2 League,2026/2027,OMIYA ARDIJA,SHONAN BELLMARE,2,2,0,2,D,0,0,0,0,0,0,0,0,0,0,0,0,0,0,0,0,0.0,0.0,1606634.0,,,,,,,,,,,,,,,,,,,,,,,,,,,,,,,,,,,,4,2,OMI,SHO,2,0,4,1,1,6,4,5,10,SHO/E,False,True,0.5,0.5
2026-08-07,Jupiler Pro League,2026/2027,CLUB BRUGGE KV,KORTRIJK,3,0,1,0,H,20,9,8,3,6,10,6,1,1,1,0,0,774,271,2,5,74.0,26.0,1558581.0,,,,,,,,,,,,,,,,,,,,,,,,,,,,,,,,,,,,3,1,BRU,KOR,2,7,1,3,0,0,0,1,2,BRU/BRU,True,True,3.2300000000000004,-0.12000000000000006
2026-08-08,Jupiler Pro League,2026/2027,STANDARD LIEGE,CERCLE BRUGGE,2,2,1,1,D,20,18,6,2,9,13,7,11,1,1,0,0,487,368,0,2,56.0,44.0,1558583.0,,,,,,,,,,,,,,,,,,,,,,,,,,,,,,,,,,,,4,2,STA,CER,2,18,1,1,1,0,0,2,3,E/E,True,True,1.3299999999999998,0.81
2026-08-08,Jupiler Pro League,2026/2027,ST. TRUIDEN,LOMMEL UNITED,1,1,0,1,D,32,9,4,2,13,7,6,2,1,0,0,0,638,340,1,3,66.0,34.0,1558584.0,,,,,,,,,,,,,,,,,,,,,,,,,,,,,,,,,,,,2,1,ST.,LOM,1,8,1,1,1,0,0,4,5,LOM/E,True,True,1.16,0.5800000000000001
2026-08-08,Jupiler Pro League,2026/2027,KVC WESTERLO,UNION ST. GILLOISE,1,5,1,1,A,12,19,3,10,12,8,4,5,1,2,0,0,532,435,4,2,55.0,45.0,1558585.0,,,,,,,,,,,,,,,,,,,,,,,,,,,,,,,,,,,,6,2,KVC,UNI,4,9,1,0,3,0,0,6,7,E/UNI,False,True,-0.050000000000000044,3.32
2026-08-09,Jupiler Pro League,2026/2027,CHARLEROI,OH LEUVEN,3,1,1,1,H,24,12,10,3,7,13,6,2,1,2,0,1,496,341,2,6,58.0,42.0,1558582.0,,,,,,,,,,,,,,,,,,,,,,,,,,,,,,,,,,,,4,2,CHA,OH,2,8,1,3,0,0,0,7,8,E/CHA,False,False,3.0100000000000002,-0.52
2026-08-09,Jupiler Pro League,2026/2027,GENT,KV MECHELEN,2,0,2,0,H,15,5,8,2,11,11,4,1,0,1,0,0,514,463,2,7,53.0,47.0,1558586.0,,,,,,,,,,,,,,,,,,,,,,,,,,,,,,,,,,,,2,2,GEN,KV,0,5,1,3,0,0,0,8,9,GEN/GEN,False,False,2.7800000000000002,-0.23000000000000004
2026-08-09,Jupiler Pro League,2026/2027,ZULTE WAREGEM,GENK,2,1,0,1,H,11,10,5,3,13,16,6,3,1,4,0,0,351,595,2,3,38.0,62.0,1558587.0,,,,,,,,,,,,,,,,,,,,,,,,,,,,,,,,,,,,3,1,ZUL,GEN,2,9,1,3,0,0,0,9,10,GEN/ZUL,False,False,2.24,-0.17000000000000004
2026-08-09,Jupiler Pro League,2026/2027,ANDERLECHT,RAAL LA LOUVIERE,2,1,0,0,H,32,5,7,2,12,12,10,1,2,3,0,1,686,239,1,5,74.0,26.0,1558588.0,,,,,,,,,,,,,,,,,,,,,,,,,,,,,,,,,,,,3,0,AND,RAA,3,11,1,3,0,0,0,10,11,E/AND,False,False,2.7299999999999995,-0.7500000000000001
2026-08-09,Jupiler Pro League,2026/2027,ANTWERP,SK BEVEREN,2,1,0,1,H,19,11,7,4,15,7,5,3,2,4,0,0,475,481,3,5,50.0,50.0,1558589.0,,,,,,,,,,,,,,,,,,,,,,,,,,,,,,,,,,,,3,1,ANT,SK,2,8,1,3,0,0,0,11,12,SK/ANT,False,False,2.3399999999999994,-0.10000000000000009
2026-08-14,Jupiler Pro League,2026/2027,CERCLE BRUGGE,ST. TRUIDEN,3,3,1,2,D,26,13,8,7,7,9,10,3,0,3,0,0,473,401,3,6,55.0,45.0,1558590.0,,,,,,,,,,,,,,,,,,,,,,,,,,,,,,,,,,,,6,3,CER,ST.,3,13,2,1,1,1,1,9,10,ST./E,False,False,1.7899999999999998,0.7999999999999998
2026-08-15,Jupiler Pro League,2026/2027,UNION ST. GILLOISE,ZULTE WAREGEM,0,0,0,0,D,9,11,3,4,14,13,9,3,2,0,0,0,546,254,4,3,68.0,32.0,1558591.0,,,,,,,,,,,,,,,,,,,,,,,,,,,,,,,,,,,,0,0,UNI,ZUL,0,12,2,1,1,3,3,1,5,E/E,True,True,0.94,0.9200000000000002
2026-08-15,Jupiler Pro League,2026/2027,KORTRIJK,ANTWERP,0,3,0,1,A,15,16,2,7,5,11,3,10,1,0,0,0,396,407,4,2,49.0,51.0,1558592.0,,,,,,,,,,,,,,,,,,,,,,,,,,,,,,,,,,,,3,1,KOR,ANT,2,13,2,0,3,0,3,17,7,ANT/ANT,False,False,-0.20000000000000004,2.8899999999999997
2026-08-15,Jupiler Pro League,2026/2027,GENK,KVC WESTERLO,3,2,2,2,H,22,12,7,2,15,14,8,4,3,3,0,0,408,419,1,4,51.0,49.0,1558593.0,,,,,,,,,,,,,,,,,,,,,,,,,,,,,,,,,,,,5,4,GEN,KVC,1,12,2,3,0,0,0,12,17,E/GEN,False,False,2.4699999999999998,-0.31000000000000005
2026-08-15,Jupiler Pro League,2026/2027,OH LEUVEN,CLUB BRUGGE KV,0,3,0,1,A,16,28,1,9,12,8,4,16,0,0,0,0,355,558,6,1,39.0,61.0,1558594.0,,,,,,,,,,,,,,,,,,,,,,,,,,,,,,,,,,,,3,1,OH,BRU,2,20,2,0,3,0,3,15,4,BRU/BRU,True,False,-0.42000000000000004,3.5199999999999996
2026-08-16,Jupiler Pro League,2026/2027,SK BEVEREN,ANDERLECHT,1,0,1,0,H,10,16,3,6,9,15,1,12,0,1,0,0,374,571,8,1,39.0,61.0,1558595.0,,,,,,,,,,,,,,,,,,,,,,,,,,,,,,,,,,,,1,1,SK,AND,0,13,2,3,0,0,3,14,7,SK/SK,False,False,1.46,1.23
2026-08-16,Jupiler Pro League,2026/2027,RAAL LA LOUVIERE,GENT,1,2,1,1,A,11,8,5,3,12,5,6,3,1,0,0,0,478,587,1,4,46.0,54.0,1558596.0,,,,,,,,,,,,,,,,,,,,,,,,,,,,,,,,,,,,3,2,RAA,GEN,1,9,2,0,3,0,3,14,6,E/GEN,True,False,0.7400000000000001,1.73
2026-08-16,Jupiler Pro League,2026/2027,KV MECHELEN,STANDARD LIEGE,3,3,1,2,D,19,16,4,7,8,17,5,2,0,3,0,0,435,403,4,1,53.0,47.0,1558597.0,,,,,,,,,,,,,,,,,,,,,,,,,,,,,,,,,,,,6,3,KV,STA,3,7,2,1,1,0,1,15,12,STA/E,False,False,0.96,1.05
2026-08-16,Jupiler Pro League,2026/2027,LOMMEL UNITED,CHARLEROI,0,1,0,0,A,8,23,0,5,8,7,2,12,1,0,0,0,430,517,3,1,44.0,56.0,1558598.0,,,,,,,,,,,,,,,,,,,,,,,,,,,,,,,,,,,,1,0,LOM,CHA,1,14,2,0,3,1,3,13,6,E/CHA,True,False,-0.49,2.81
2026-08-21,Jupiler Pro League,2026/2027,STANDARD LIEGE,RAAL LA LOUVIERE,2,0,0,0,H,11,13,4,5,11,15,5,1,1,3,0,1,566,310,5,2,64.0,36.0,1558599.0,,,,,,,,,,,,,,,,,,,,,,,,,,,,,,,,,,,,2,0,STA,RAA,2,6,3,3,0,2,0,10,15,E/STA,False,False,1.98,-0.04999999999999993
2026-08-22,Jupiler Pro League,2026/2027,ZULTE WAREGEM,SK BEVEREN,4,0,2,0,H,17,10,7,3,7,13,1,6,0,3,0,0,391,642,3,3,38.0,62.0,1558600.0,,,,,,,,,,,,,,,,,,,,,,,,,,,,,,,,,,,,4,2,ZUL,SK,2,7,3,3,0,4,3,7,10,ZUL/ZUL,False,False,2.3299999999999996,0.0799999999999999
2026-08-22,Jupiler Pro League,2026/2027,CHARLEROI,KV MECHELEN,2,0,1,0,H,12,5,4,0,8,15,3,2,0,0,0,0,575,385,0,2,60.0,40.0,1558601.0,,,,,,,,,,,,,,,,,,,,,,,,,,,,,,,,,,,,2,1,CHA,KV,1,5,3,3,0,6,1,4,14,CHA/CHA,False,True,2.21,-0.16
2026-08-22,Jupiler Pro League,2026/2027,ANTWERP,GENK,4,4,1,1,D,10,11,1,7,14,9,4,4,0,1,0,0,310,395,3,0,45.0,55.0,1558602.0,,,,,,,,,,,,,,,,,,,,,,,,,,,,,,,,,,,,8,2,ANT,GEN,6,8,3,1,1,6,3,4,8,E/E,False,True,0.42,1.5199999999999998
2026-08-23,Jupiler Pro League,2026/2027,LOMMEL UNITED,KVC WESTERLO,4,0,2,0,H,13,17,6,4,5,10,5,4,0,0,0,0,400,524,4,2,44.0,56.0,1558605.0,,,,,,,,,,,,,,,,,,,,,,,,,,,,,,,,,,,,4,2,LOM,KVC,2,9,3,3,0,1,0,13,16,LOM/LOM,False,False,2.3699999999999997,0.3999999999999999
2026-08-23,Jupiler Pro League,2026/2027,CLUB BRUGGE KV,CERCLE BRUGGE,1,0,1,0,H,15,11,4,4,3,14,9,4,0,1,0,0,775,191,4,3,80.0,20.0,1558606.0,,,,,,,,,,,,,,,,,,,,,,,,,,,,,,,,,,,,1,1,BRU,CER,0,13,3,3,0,6,2,4,12,BRU/BRU,False,True,2.27,0.31999999999999995
2026-08-28,Jupiler Pro League,2026/2027,GENK,SK BEVEREN,4,0,3,0,H,11,12,7,1,6,4,2,7,0,1,0,0,443,453,1,3,48.0,52.0,1558608.0,,,,,,,,,,,,,,,,,,,,,,,,,,,,,,,,,,,,4,3,GEN,SK,1,9,4,3,0,4,3,9,11,GEN/GEN,False,False,2.46,0.009999999999999981
2026-08-29,Jupiler Pro League,2026/2027,RAAL LA LOUVIERE,KV MECHELEN,2,2,2,1,D,14,16,5,7,10,8,1,6,2,2,0,0,290,567,5,3,34.0,66.0,1558609.0,,,,,,,,,,,,,,,,,,,,,,,,,,,,,,,,,,,,4,3,RAA,KV,1,7,4,1,1,0,1,15,14,RAA/E,False,False,0.6299999999999999,1.3800000000000001
2026-08-29,Jupiler Pro League,2026/2027,KORTRIJK,CHARLEROI,1,3,1,1,A,13,18,5,5,13,10,6,5,1,1,0,0,406,401,2,4,51.0,49.0,1558610.0,,,,,,,,,,,,,,,,,,,,,,,,,,,,,,,,,,,,4,2,KOR,CHA,2,11,4,0,3,0,9,17,2,E/CHA,True,False,0.6000000000000001,2.03
2026-08-29,Jupiler Pro League,2026/2027,CERCLE BRUGGE,LOMMEL UNITED,0,1,0,0,A,19,14,3,3,10,10,9,4,2,3,0,0,449,417,2,3,53.0,47.0,1558611.0,,,,,,,,,,,,,,,,,,,,,,,,,,,,,,,,,,,,1,0,CER,LOM,1,13,4,0,3,2,4,13,9,E/LOM,False,False,0.47000000000000003,1.5199999999999998
2026-08-29,Jupiler Pro League,2026/2027,OH LEUVEN,STANDARD LIEGE,1,2,0,1,A,22,5,3,3,7,8,6,3,2,2,0,0,581,348,1,2,63.0,37.0,1558612.0,,,,,,,,,,,,,,,,,,,,,,,,,,,,,,,,,,,,3,1,OH,STA,2,9,4,0,3,0,5,16,8,STA/STA,False,False,0.34,1.6299999999999997
2026-08-30,Jupiler Pro League,2026/2027,GENT,CLUB BRUGGE KV,2,1,1,1,H,13,8,8,3,14,10,1,5,4,3,1,1,404,674,2,6,38.0,62.0,1558613.0,,,,,,,,,,,,,,,,,,,,,,,,,,,,,,,,,,,,3,2,GEN,BRU,1,6,4,3,0,6,9,8,2,E/GEN,True,False,2.35,-0.27000000000000013
2026-08-30,Jupiler Pro League,2026/2027,ANTWERP,ST. TRUIDEN,1,4,0,1,A,18,19,8,7,15,8,6,1,1,3,0,0,443,328,2,7,58.0,42.0,1558614.0,,,,,,,,,,,,,,,,,,,,,,,,,,,,,,,,,,,,5,1,ANT,ST.,4,7,4,0,3,7,2,7,12,ST./ST.,False,False,1.0299999999999998,1.7799999999999996
2026-08-30,Jupiler Pro League,2026/2027,UNION ST. GILLOISE,ANDERLECHT,3,0,2,0,H,15,12,7,2,11,14,4,3,2,2,0,0,383,454,2,4,46.0,54.0,1558615.0,,,,,,,,,,,,,,,,,,,,,,,,,,,,,,,,,,,,3,2,UNI,AND,1,7,4,3,0,4,3,10,11,UNI/UNI,False,False,2.3899999999999997,-0.18000000000000005
2026-08-30,Jupiler Pro League,2026/2027,KVC WESTERLO,ZULTE WAREGEM,2,2,1,1,D,16,14,7,5,18,12,3,8,1,0,0,0,461,376,3,5,54.0,46.0,1558616.0,,,,,,,,,,,,,,,,,,,,,,,,,,,,,,,,,,,,4,2,KVC,ZUL,2,11,4,1,1,0,7,18,6,E/E,True,False,1.1900000000000002,1.2399999999999998
2026-09-02,Jupiler Pro League,2026/2027,ST. TRUIDEN,UNION ST. GILLOISE,0,3,0,1,A,6,12,2,6,14,10,3,1,3,2,0,0,534,533,3,1,46.0,54.0,1558607.0,,,,,,,,,,,,,,,,,,,,,,,,,,,,,,,,,,,,3,1,ST.,UNI,2,4,5,0,3,5,7,10,6,UNI/UNI,True,False,-0.17000000000000007,2.0899999999999994
2026-09-03,Jupiler Pro League,2026/2027,ANDERLECHT,KORTRIJK,1,0,1,0,H,14,6,5,1,10,18,7,2,2,2,0,0,556,414,1,4,58.0,42.0,1558604.0,,,,,,,,,,,,,,,,,,,,,,,,,,,,,,,,,,,,1,1,AND,KOR,0,9,5,3,0,3,0,11,18,AND/AND,False,False,2.31,-0.34
2026-09-03,Jupiler Pro League,2026/2027,GENT,OH LEUVEN,1,0,0,0,H,15,8,1,1,10,8,10,1,1,2,0,0,390,539,1,0,43.0,57.0,1558603.0,,,,,,,,,,,,,,,,,,,,,,,,,,,,,,,,,,,,1,0,GEN,OH,1,11,5,3,0,9,0,4,17,E/GEN,False,True,1.9799999999999995,-0.25
2026-09-04,Jupiler Pro League,2026/2027,LOMMEL UNITED,CLUB BRUGGE KV,0,1,0,1,A,7,13,2,3,7,15,2,9,1,2,0,0,431,465,2,2,48.0,52.0,1558617.0,,,,,,,,,,,,,,,,,,,,,,,,,,,,,,,,,,,,1,1,LOM,BRU,0,11,5,0,3,7,9,8,4,BRU/BRU,True,False,-0.030000000000000027,2.0599999999999996
2026-09-05,Jupiler Pro League,2026/2027,CHARLEROI,UNION ST. GILLOISE,2,3,2,2,A,20,17,5,7,12,17,5,7,1,2,0,0,479,334,5,3,60.0,40.0,1558618.0,,,,,,,,,,,,,,,,,,,,,,,,,,,,,,,,,,,,5,4,CHA,UNI,1,12,6,0,3,12,10,2,4,E/UNI,True,True,0.4099999999999999,2.8499999999999996
2026-09-05,Jupiler Pro League,2026/2027,KV MECHELEN,KVC WESTERLO,0,4,0,2,A,8,21,1,6,15,18,5,6,3,2,0,0,442,349,1,2,56.0,44.0,1558619.0,,,,,,,,,,,,,,,,,,,,,,,,,,,,,,,,,,,,4,2,KV,KVC,2,11,6,0,3,2,1,14,16,KVC/KVC,False,False,-0.32000000000000006,2.35
2026-02-28,K League 1,2026,GIMCHEON SANGMU FC,POHANG STEELERS,1,1,1,0,D,13,9,4,1,13,9,2,4,1,3,0,1,500,461,0,3,52.0,48.0,1506898.0,,,,,,,,,,,,,,,,,,,,,,,,,,,,,,,,,,,,2,1,GIM,POH,1,6,1,1,1,0,0,1,2,GIM/E,True,True,0.9700000000000001,0.05999999999999994
2026-02-28,K League 1,2026,ULSAN HYUNDAI FC,GANGWON FC,3,1,2,0,H,11,14,5,4,13,17,2,2,2,3,0,0,296,583,3,2,34.0,66.0,1506897.0,,,,,,,,,,,,,,,,,,,,,,,,,,,,,,,,,,,,4,2,ULS,GAN,2,4,1,3,0,0,0,3,4,ULS/ULS,True,True,2.41,0.10999999999999993
2026-02-28,K League 1,2026,INCHEON UNITED,FC SEOUL,1,2,0,0,A,8,13,2,7,14,17,6,3,0,5,0,1,406,342,5,1,55.0,45.0,1506896.0,,,,,,,,,,,,,,,,,,,,,,,,,,,,,,,,,,,,3,0,INC,SEO,3,9,1,0,3,0,0,4,5,E/SEO,True,True,0.19,2.2299999999999995
2026-03-01,K League 1,2026,JEONBUK MOTORS,BUCHEON FC 1995,2,3,1,1,A,0,0,0,0,0,0,0,0,0,0,0,0,0,0,0,0,0.0,0.0,1506899.0,,,,,,,,,,,,,,,,,,,,,,,,,,,,,,,,,,,,5,2,JEO,BUC,3,0,1,0,3,0,0,5,6,E/BUC,True,True,0.0,2.0
2026-03-01,K League 1,2026,JEJU UNITED FC,GWANGJU FC,0,0,0,0,D,0,0,0,0,0,0,0,0,0,0,0,0,0,0,0,0,0.0,0.0,1506900.0,,,,,,,,,,,,,,,,,,,,,,,,,,,,,,,,,,,,0,0,JEJ,GWA,0,0,1,1,1,0,0,6,7,E/E,False,True,0.5,0.5
2026-03-02,K League 1,2026,DAEJEON CITIZEN,FC ANYANG,1,1,0,0,D,0,0,0,0,0,0,0,0,0,0,0,0,0,0,0,0,0.0,0.0,1506901.0,,,,,,,,,,,,,,,,,,,,,,,,,,,,,,,,,,,,2,0,DAE,ANY,2,0,1,1,1,0,0,8,9,E/E,False,False,0.5,0.5
2026-03-07,K League 1,2026,BUCHEON FC 1995,DAEJEON CITIZEN,1,1,0,0,D,0,0,0,0,0,0,0,0,0,0,0,0,0,0,0,0,0.0,0.0,1506904.0,,,,,,,,,,,,,,,,,,,,,,,,,,,,,,,,,,,,2,0,BUC,DAE,2,0,2,1,1,3,1,2,6,E/E,True,True,0.5,0.5
2026-03-07,K League 1,2026,GWANGJU FC,INCHEON UNITED,3,2,1,1,H,0,0,0,0,0,0,0,0,0,0,0,0,0,0,0,0,0.0,0.0,1506905.0,,,,,,,,,,,,,,,,,,,,,,,,,,,,,,,,,,,,5,2,GWA,INC,3,0,2,3,0,1,0,9,11,E/GWA,False,False,1.5,0.0
2026-03-08,K League 1,2026,FC ANYANG,JEJU UNITED FC,2,1,0,0,H,0,0,0,0,0,0,0,0,0,0,0,0,0,0,0,0,0.0,0.0,1506907.0,,,,,,,,,,,,,,,,,,,,,,,,,,,,,,,,,,,,3,0,ANY,JEJ,3,0,2,3,0,1,1,8,9,E/ANY,False,False,1.5,0.0
2026-03-08,K League 1,2026,GIMCHEON SANGMU FC,JEONBUK MOTORS,1,1,0,0,D,0,0,0,0,0,0,0,0,0,0,0,0,0,0,0,0,0.0,0.0,1506906.0,,,,,,,,,,,,,,,,,,,,,,,,,,,,,,,,,,,,2,0,GIM,JEO,2,0,2,1,1,1,0,7,10,E/E,False,False,0.5,0.5
2026-03-14,K League 1,2026,DAEJEON CITIZEN,GIMCHEON SANGMU FC,1,1,0,1,D,14,10,3,3,10,14,6,5,1,2,0,0,508,422,2,1,55.0,45.0,1506909.0,,,,,,,,,,,,,,,,,,,,,,,,,,,,,,,,,,,,2,1,DAE,GIM,1,11,3,1,1,2,2,7,6,GIM/E,True,False,0.9,0.7299999999999998
2026-03-14,K League 1,2026,GWANGJU FC,JEONBUK MOTORS,0,0,0,0,D,5,17,1,5,20,14,2,6,3,3,0,0,377,510,5,1,42.0,58.0,1506908.0,,,,,,,,,,,,,,,,,,,,,,,,,,,,,,,,,,,,0,0,GWA,JEO,0,8,3,1,1,4,1,2,9,E/E,False,True,0.07999999999999996,1.16
2026-03-15,K League 1,2026,POHANG STEELERS,INCHEON UNITED,1,1,0,1,D,8,11,4,4,8,11,3,3,2,2,0,0,474,414,3,3,53.0,47.0,1506913.0,,,,,,,,,,,,,,,,,,,,,,,,,,,,,,,,,,,,2,1,POH,INC,1,6,3,1,1,1,0,9,11,INC/E,False,False,0.7900000000000003,0.7900000000000003
2026-03-15,K League 1,2026,GANGWON FC,FC ANYANG,1,1,1,1,D,14,7,4,3,14,7,14,4,1,0,0,1,437,300,3,3,61.0,39.0,1506912.0,,,,,,,,,,,,,,,,,,,,,,,,,,,,,,,,,,,,2,2,GAN,ANY,0,18,3,1,1,0,4,12,3,E/E,True,False,1.47,0.41999999999999993
2026-03-15,K League 1,2026,JEJU UNITED FC,FC SEOUL,1,2,0,0,A,10,17,2,5,19,13,2,8,1,5,0,0,277,453,3,1,38.0,62.0,1506911.0,,,,,,,,,,,,,,,,,,,,,,,,,,,,,,,,,,,,3,0,JEJ,SEO,3,10,3,0,3,1,3,10,5,E/SEO,True,False,-0.11000000000000001,2.01
2026-03-15,K League 1,2026,BUCHEON FC 1995,ULSAN HYUNDAI FC,1,2,1,1,A,0,0,0,0,0,0,0,0,0,0,0,0,0,0,0,0,0.0,0.0,1506910.0,,,,,,,,,,,,,,,,,,,,,,,,,,,,,,,,,,,,3,2,BUC,ULS,1,0,3,0,3,4,3,4,5,E/ULS,True,True,0.0,2.0
2026-03-17,K League 1,2026,GIMCHEON SANGMU FC,GWANGJU FC,1,1,0,0,D,0,0,0,0,0,0,0,0,0,0,0,0,0,0,0,0,0.0,0.0,1506914.0,,,,,,,,,,,,,,,,,,,,,,,,,,,,,,,,,,,,2,0,GIM,GWA,2,0,4,1,1,3,5,6,4,E/E,True,True,0.5,0.5
2026-03-18,K League 1,2026,BUCHEON FC 1995,GANGWON FC,0,0,0,0,D,0,0,0,0,0,0,0,0,0,0,0,0,0,0,0,0,0.0,0.0,1506915.0,,,,,,,,,,,,,,,,,,,,,,,,,,,,,,,,,,,,0,0,BUC,GAN,0,0,4,1,1,4,1,5,11,E/E,False,True,0.5,0.5
2026-03-18,K League 1,2026,JEONBUK MOTORS,FC ANYANG,2,1,1,1,H,0,0,0,0,0,0,0,0,0,0,0,0,0,0,0,0,0.0,0.0,1506918.0,,,,,,,,,,,,,,,,,,,,,,,,,,,,,,,,,,,,3,2,JEO,ANY,1,0,4,3,0,2,5,9,4,E/JEO,True,False,2.0,0.0
2026-03-18,K League 1,2026,POHANG STEELERS,FC SEOUL,0,1,0,1,A,0,0,0,0,0,0,0,0,0,0,0,0,0,0,0,0,0.0,0.0,1506919.0,,,,,,,,,,,,,,,,,,,,,,,,,,,,,,,,,,,,1,1,POH,SEO,0,0,4,0,3,2,6,9,2,SEO/SEO,True,False,0.0,1.5
2026-03-18,K League 1,2026,INCHEON UNITED,DAEJEON CITIZEN,1,3,1,1,A,0,0,0,0,0,0,0,0,0,0,0,0,0,0,0,0,0.0,0.0,1506916.0,,,,,,,,,,,,,,,,,,,,,,,,,,,,,,,,,,,,4,2,INC,DAE,2,0,4,0,3,1,3,11,8,E/DAE,False,False,0.0,1.5
2026-03-18,K League 1,2026,JEJU UNITED FC,ULSAN HYUNDAI FC,0,2,0,0,A,0,0,0,0,0,0,0,0,0,0,0,0,0,0,0,0,0.0,0.0,1506917.0,,,,,,,,,,,,,,,,,,,,,,,,,,,,,,,,,,,,2,0,JEJ,ULS,2,0,4,0,3,1,6,11,2,E/ULS,True,False,0.0,1.5
2026-03-21,K League 1,2026,DAEJEON CITIZEN,JEONBUK MOTORS,0,1,0,1,A,10,12,4,7,12,13,2,6,2,3,0,0,575,330,6,4,63.0,37.0,1506920.0,,,,,,,,,,,,,,,,,,,,,,,,,,,,,,,,,,,,1,1,DAE,JEO,0,8,5,0,3,6,5,3,5,JEO/JEO,True,True,0.02999999999999997,2.8099999999999996
2026-03-22,K League 1,2026,POHANG STEELERS,BUCHEON FC 1995,0,0,0,0,D,11,13,0,2,11,9,7,4,2,1,1,0,357,353,2,0,50.0,50.0,1506925.0,,,,,,,,,,,,,,,,,,,,,,,,,,,,,,,,,,,,0,0,POH,BUC,0,11,5,1,1,2,5,9,6,E/E,True,False,0.22000000000000003,0.76
2026-03-22,K League 1,2026,GANGWON FC,JEJU UNITED FC,1,1,0,1,D,16,6,5,2,6,17,11,3,2,1,0,0,586,226,1,4,73.0,27.0,1506924.0,,,,,,,,,,,,,,,,,,,,,,,,,,,,,,,,,,,,2,1,GAN,JEJ,1,14,5,1,1,2,1,10,12,JEJ/E,False,False,1.44,0.3800000000000001
2026-03-22,K League 1,2026,FC SEOUL,GWANGJU FC,5,0,1,0,H,12,8,6,1,13,13,2,3,1,3,0,0,436,401,1,1,52.0,48.0,1506921.0,,,,,,,,,,,,,,,,,,,,,,,,,,,,,,,,,,,,5,1,SEO,GWA,4,5,5,3,0,9,6,2,5,SEO/SEO,True,True,2.79,-0.3400000000000001
2026-03-22,K League 1,2026,FC ANYANG,INCHEON UNITED,0,1,0,0,A,6,11,2,3,15,6,2,7,4,2,1,0,263,620,2,1,30.0,70.0,1506923.0,,,,,,,,,,,,,,,,,,,,,,,,,,,,,,,,,,,,1,0,ANY,INC,1,9,5,0,3,5,1,7,12,E/INC,False,False,-0.54,1.9599999999999997
2026-03-22,K League 1,2026,ULSAN HYUNDAI FC,GIMCHEON SANGMU FC,0,0,0,0,D,19,10,4,2,19,10,4,2,0,4,0,0,355,609,2,4,37.0,63.0,1506922.0,,,,,,,,,,,,,,,,,,,,,,,,,,,,,,,,,,,,0,0,ULS,GIM,0,6,5,1,1,9,4,2,8,E/E,False,True,1.16,0.22000000000000008
2026-03-28,K League 1,2026,POHANG STEELERS,GANGWON FC,1,0,0,0,H,0,0,0,0,0,0,0,0,0,0,0,0,0,0,0,0,0.0,0.0,1506902.0,,,,,,,,,,,,,,,,,,,,,,,,,,,,,,,,,,,,1,0,POH,GAN,1,0,6,3,0,3,3,10,11,E/POH,False,False,1.5,0.0
2026-04-04,K League 1,2026,GANGWON FC,GWANGJU FC,3,0,2,0,H,19,1,6,0,23,16,8,2,3,3,0,0,350,467,0,3,44.0,56.0,1506928.0,,,,,,,,,,,,,,,,,,,,,,,,,,,,,,,,,,,,3,2,GAN,GWA,1,10,7,3,0,3,6,11,7,GAN/GAN,False,False,2.46,-0.6600000000000001
2026-04-04,K League 1,2026,JEONBUK MOTORS,ULSAN HYUNDAI FC,2,0,1,0,H,12,14,4,3,12,10,3,5,2,3,0,0,466,400,3,1,53.0,47.0,1506927.0,,,,,,,,,,,,,,,,,,,,,,,,,,,,,,,,,,,,2,1,JEO,ULS,1,8,7,3,0,8,10,3,2,JEO/JEO,True,True,2.3,0.1399999999999999
2026-04-04,K League 1,2026,POHANG STEELERS,DAEJEON CITIZEN,1,0,1,0,H,14,9,5,3,15,14,8,5,1,1,0,1,484,313,3,4,61.0,39.0,1506929.0,,,,,,,,,,,,,,,,,,,,,,,,,,,,,,,,,,,,1,1,POH,DAE,0,13,7,3,0,6,6,7,4,POH/POH,True,False,2.8,-0.06000000000000008
2026-04-04,K League 1,2026,JEJU UNITED FC,BUCHEON FC 1995,1,0,1,0,H,9,4,5,1,12,12,1,7,2,1,0,0,373,443,1,4,45.0,55.0,1506926.0,,,,,,,,,,,,,,,,,,,,,,,,,,,,,,,,,,,,1,1,JEJ,BUC,0,8,7,3,0,2,6,12,7,JEJ/JEJ,False,False,1.91,0.13
2026-04-05,K League 1,2026,INCHEON UNITED,GIMCHEON SANGMU FC,2,1,2,0,H,16,8,4,3,8,19,4,6,1,3,0,0,366,500,2,2,43.0,57.0,1506931.0,,,,,,,,,,,,,,,,,,,,,,,,,,,,,,,,,,,,3,2,INC,GIM,1,10,7,3,0,4,5,12,9,INC/INC,False,False,1.9300000000000002,0.16999999999999998
2026-04-05,K League 1,2026,FC ANYANG,FC SEOUL,1,1,0,1,D,8,10,2,2,15,19,4,9,3,3,0,0,294,396,1,1,43.0,57.0,1506930.0,,,,,,,,,,,,,,,,,,,,,,,,,,,,,,,,,,,,2,1,ANY,SEO,1,13,7,1,1,5,12,11,1,SEO/E,True,False,0.42000000000000015,0.77
2026-04-11,K League 1,2026,INCHEON UNITED,ULSAN HYUNDAI FC,1,2,0,1,A,13,13,2,7,8,13,3,3,1,3,0,0,579,466,5,1,55.0,45.0,1506935.0,,,,,,,,,,,,,,,,,,,,,,,,,,,,,,,,,,,,3,1,INC,ULS,2,6,8,0,3,7,10,5,3,ULS/ULS,True,True,-0.060000000000000026,2.7399999999999993
2026-04-11,K League 1,2026,GWANGJU FC,BUCHEON FC 1995,0,1,0,0,A,13,8,3,2,9,4,3,1,2,1,0,0,492,507,1,3,50.0,50.0,1506934.0,,,,,,,,,,,,,,,,,,,,,,,,,,,,,,,,,,,,1,0,GWA,BUC,1,4,8,0,3,6,6,10,9,E/BUC,False,False,0.27999999999999997,1.5399999999999998
2026-04-11,K League 1,2026,POHANG STEELERS,JEJU UNITED FC,0,2,0,2,A,16,5,4,2,12,15,3,1,2,2,0,0,655,229,0,3,74.0,26.0,1506932.0,,,,,,,,,,,,,,,,,,,,,,,,,,,,,,,,,,,,2,2,POH,JEJ,0,4,8,0,3,9,5,4,12,JEJ/JEJ,False,True,0.43,1.8900000000000001
2026-04-11,K League 1,2026,FC SEOUL,JEONBUK MOTORS,1,0,0,0,H,8,7,2,1,12,15,1,1,0,1,0,0,432,367,2,1,54.0,46.0,1506933.0,,,,,,,,,,,,,,,,,,,,,,,,,,,,,,,,,,,,1,0,SEO,JEO,1,2,8,3,0,13,11,1,3,E/SEO,True,True,2.2800000000000002,-0.020000000000000018
2026-04-12,K League 1,2026,GIMCHEON SANGMU FC,FC ANYANG,1,1,0,0,D,0,0,0,0,0,0,0,0,0,0,0,0,0,0,0,0,0.0,0.0,1506937.0,,,,,,,,,,,,,,,,,,,,,,,,,,,,,,,,,,,,2,0,GIM,ANY,2,0,8,1,1,5,6,12,10,E/E,False,False,0.5,0.5
2026-04-12,K League 1,2026,DAEJEON CITIZEN,GANGWON FC,0,2,0,1,A,0,0,0,0,0,0,0,0,0,0,0,0,0,0,0,0,0.0,0.0,1506936.0,,,,,,,,,,,,,,,,,,,,,,,,,,,,,,,,,,,,2,1,DAE,GAN,1,0,8,0,3,6,6,10,9,GAN/GAN,False,False,0.0,1.5
2026-04-15,K League 1,2026,ULSAN HYUNDAI FC,FC SEOUL,1,4,0,3,A,0,0,0,0,0,0,0,0,0,0,0,0,0,0,0,0,0.0,0.0,1506903.0,,,,,,,,,,,,,,,,,,,,,,,,,,,,,,,,,,,,5,3,ULS,SEO,2,0,9,0,3,13,16,2,1,SEO/SEO,True,True,0.0,2.0
2026-04-18,K League 1,2026,BUCHEON FC 1995,INCHEON UNITED,2,2,0,2,D,14,13,6,4,14,13,2,5,2,1,0,0,364,443,1,4,45.0,55.0,1506940.0,,,,,,,,,,,,,,,,,,,,,,,,,,,,,,,,,,,,4,2,BUC,INC,2,7,9,1,1,9,7,5,9,INC/E,False,True,1.0,0.91
2026-04-18,K League 1,2026,JEJU UNITED FC,GIMCHEON SANGMU FC,1,1,0,1,D,7,6,4,3,17,23,1,4,0,3,0,0,332,609,2,3,36.0,64.0,1506941.0,,,,,,,,,,,,,,,,,,,,,,,,,,,,,,,,,,,,2,1,JEJ,GIM,1,5,10,1,1,8,6,7,10,GIM/E,False,False,0.92,0.6299999999999999
2026-04-18,K League 1,2026,FC SEOUL,DAEJEON CITIZEN,0,1,0,1,A,13,9,6,2,13,9,5,6,0,4,0,0,481,339,1,6,59.0,41.0,1506939.0,,,,,,,,,,,,,,,,,,,,,,,,,,,,,,,,,,,,1,1,SEO,DAE,0,11,10,0,3,19,6,1,11,DAE/DAE,False,True,0.9299999999999998,1.7999999999999998
2026-04-18,K League 1,2026,GANGWON FC,JEONBUK MOTORS,1,1,0,1,D,11,17,7,7,19,13,5,5,4,3,0,0,297,446,6,6,41.0,59.0,1506938.0,,,,,,,,,,,,,,,,,,,,,,,,,,,,,,,,,,,,2,1,GAN,JEO,1,10,10,1,1,9,11,5,3,JEO/E,True,True,0.9499999999999998,1.0499999999999998
2026-04-19,K League 1,2026,ULSAN HYUNDAI FC,GWANGJU FC,5,1,2,1,H,0,0,0,0,0,0,0,0,0,0,0,0,0,0,0,0,0.0,0.0,1506942.0,,,,,,,,,,,,,,,,,,,,,,,,,,,,,,,,,,,,6,3,ULS,GWA,3,0,10,3,0,13,6,2,12,ULS/ULS,False,True,1.5,0.0
2026-04-19,K League 1,2026,POHANG STEELERS,FC ANYANG,0,1,0,0,A,0,0,0,0,0,0,0,0,0,0,0,0,0,0,0,0,0.0,0.0,1506943.0,,,,,,,,,,,,,,,,,,,,,,,,,,,,,,,,,,,,1,0,POH,ANY,1,0,10,0,3,9,7,8,11,E/ANY,False,False,0.0,1.5
2026-04-21,K League 1,2026,GIMCHEON SANGMU FC,GANGWON FC,0,3,0,2,A,0,0,0,0,0,0,0,0,0,0,0,0,0,0,0,0,0.0,0.0,1506944.0,,,,,,,,,,,,,,,,,,,,,,,,,,,,,,,,,,,,3,2,GIM,GAN,1,0,11,0,3,7,10,11,4,GAN/GAN,True,False,0.0,1.5
2026-04-21,K League 1,2026,JEONBUK MOTORS,INCHEON UNITED,1,2,1,1,A,0,0,0,0,0,0,0,0,0,0,0,0,0,0,0,0,0.0,0.0,1506945.0,,,,,,,,,,,,,,,,,,,,,,,,,,,,,,,,,,,,3,2,JEO,INC,1,0,11,0,3,12,8,4,10,E/INC,False,True,0.0,2.0
2026-04-21,K League 1,2026,FC SEOUL,BUCHEON FC 1995,3,0,2,0,H,0,0,0,0,0,0,0,0,0,0,0,0,0,0,0,0,0.0,0.0,1506946.0,,,,,,,,,,,,,,,,,,,,,,,,,,,,,,,,,,,,3,2,SEO,BUC,1,0,11,3,0,19,10,1,6,SEO/SEO,True,True,2.0,0.0
2026-04-22,K League 1,2026,POHANG STEELERS,GWANGJU FC,1,0,1,0,H,0,0,0,0,0,0,0,0,0,0,0,0,0,0,0,0,0.0,0.0,1506949.0,,,,,,,,,,,,,,,,,,,,,,,,,,,,,,,,,,,,1,1,POH,GWA,0,0,11,3,0,9,6,10,12,POH/POH,False,False,1.5,0.0
2026-04-22,K League 1,2026,DAEJEON CITIZEN,JEJU UNITED FC,0,1,0,1,A,0,0,0,0,0,0,0,0,0,0,0,0,0,0,0,0,0.0,0.0,1506948.0,,,,,,,,,,,,,,,,,,,,,,,,,,,,,,,,,,,,1,1,DAE,JEJ,0,0,11,0,3,9,9,10,9,JEJ/JEJ,False,False,0.0,1.5
2026-04-22,K League 1,2026,FC ANYANG,ULSAN HYUNDAI FC,1,1,1,0,D,0,0,0,0,0,0,0,0,0,0,0,0,0,0,0,0,0.0,0.0,1506947.0,,,,,,,,,,,,,,,,,,,,,,,,,,,,,,,,,,,,2,1,ANY,ULS,1,0,11,1,1,10,16,8,2,ANY/E,True,False,0.5,0.5
2026-04-25,K League 1,2026,GANGWON FC,FC SEOUL,1,2,0,1,A,17,7,4,2,23,11,7,3,5,0,1,1,339,382,0,3,48.0,52.0,1506950.0,,,,,,,,,,,,,,,,,,,,,,,,,,,,,,,,,,,,3,1,GAN,SEO,2,10,12,0,3,13,22,3,1,SEO/SEO,True,True,0.040000000000000036,1.8599999999999999
2026-04-25,K League 1,2026,BUCHEON FC 1995,GIMCHEON SANGMU FC,0,2,0,1,A,10,15,4,4,14,14,1,7,2,5,1,0,345,464,2,4,42.0,58.0,1506951.0,,,,,,,,,,,,,,,,,,,,,,,,,,,,,,,,,,,,2,1,BUC,GIM,1,8,12,0,3,10,7,9,11,GIM/GIM,False,False,-0.14000000000000007,1.73
2026-04-25,K League 1,2026,INCHEON UNITED,JEJU UNITED FC,1,0,0,0,H,4,9,1,4,18,17,5,3,3,2,0,0,532,411,4,0,56.0,44.0,1506952.0,,,,,,,,,,,,,,,,,,,,,,,,,,,,,,,,,,,,1,0,INC,JEJ,1,8,12,3,0,11,12,8,5,E/INC,True,False,1.8399999999999999,0.39999999999999997
2026-04-26,K League 1,2026,ULSAN HYUNDAI FC,DAEJEON CITIZEN,1,4,0,3,A,20,15,4,9,20,15,6,4,3,1,0,0,583,425,5,3,58.0,42.0,1506955.0,,,,,,,,,,,,,,,,,,,,,,,,,,,,,,,,,,,,5,3,ULS,DAE,2,10,12,0,3,17,9,2,11,DAE/DAE,False,True,0.06999999999999995,3.1299999999999994
2026-04-26,K League 1,2026,JEONBUK MOTORS,POHANG STEELERS,3,2,2,1,H,8,14,5,5,16,6,5,4,4,1,0,0,458,339,3,2,57.0,43.0,1506953.0,,,,,,,,,,,,,,,,,,,,,,,,,,,,,,,,,,,,5,3,JEO,POH,2,9,12,3,0,12,12,6,8,JEO/JEO,False,True,1.77,0.5
2026-04-26,K League 1,2026,GWANGJU FC,FC ANYANG,2,5,0,3,A,15,13,5,12,10,14,4,2,5,3,0,0,395,507,6,3,45.0,55.0,1506954.0,,,,,,,,,,,,,,,,,,,,,,,,,,,,,,,,,,,,7,3,GWA,ANY,4,6,12,0,3,6,11,12,9,ANY/ANY,False,False,-0.19000000000000006,2.7699999999999996
2026-05-02,K League 1,2026,GWANGJU FC,DAEJEON CITIZEN,0,5,0,2,A,0,0,0,0,0,0,0,0,0,0,0,0,0,0,0,0,0.0,0.0,1506961.0,,,,,,,,,,,,,,,,,,,,,,,,,,,,,,,,,,,,5,2,GWA,DAE,3,0,13,0,3,6,12,12,7,DAE/DAE,False,False,0.0,1.5
2026-05-02,K League 1,2026,FC ANYANG,BUCHEON FC 1995,0,1,0,0,A,0,0,0,0,0,0,0,0,0,0,0,0,0,0,0,0,0.0,0.0,1506960.0,,,,,,,,,,,,,,,,,,,,,,,,,,,,,,,,,,,,1,0,ANY,BUC,1,0,13,0,3,14,10,5,11,E/BUC,False,True,0.0,2.0
2026-05-02,K League 1,2026,JEJU UNITED FC,JEONBUK MOTORS,0,2,0,1,A,0,0,0,0,0,0,0,0,0,0,0,0,0,0,0,0,0.0,0.0,1506959.0,,,,,,,,,,,,,,,,,,,,,,,,,,,,,,,,,,,,2,1,JEJ,JEO,1,0,13,0,3,12,15,9,4,JEO/JEO,True,False,0.0,1.5
2026-05-02,K League 1,2026,INCHEON UNITED,GANGWON FC,0,1,0,1,A,0,0,0,0,0,0,0,0,0,0,0,0,0,0,0,0,0.0,0.0,1506958.0,,,,,,,,,,,,,,,,,,,,,,,,,,,,,,,,,,,,1,1,INC,GAN,0,0,13,0,3,14,13,6,7,GAN/GAN,False,True,0.0,2.0
2026-05-02,K League 1,2026,ULSAN HYUNDAI FC,POHANG STEELERS,0,1,0,0,A,0,0,0,0,0,0,0,0,0,0,0,0,0,0,0,0,0.0,0.0,1506957.0,,,,,,,,,,,,,,,,,,,,,,,,,,,,,,,,,,,,1,0,ULS,POH,1,0,13,0,3,17,12,3,9,E/POH,False,True,0.0,2.0
2026-05-02,K League 1,2026,FC SEOUL,GIMCHEON SANGMU FC,2,3,1,1,A,0,0,0,0,0,0,0,0,0,0,0,0,0,0,0,0,0.0,0.0,1506956.0,,,,,,,,,,,,,,,,,,,,,,,,,,,,,,,,,,,,5,2,SEO,GIM,3,0,13,0,3,25,10,1,11,E/GIM,False,True,0.0,2.0
2026-05-05,K League 1,2026,FC SEOUL,FC ANYANG,0,0,0,0,D,0,0,0,0,0,0,0,0,0,0,0,0,0,0,0,0,0.0,0.0,1506967.0,,,,,,,,,,,,,,,,,,,,,,,,,,,,,,,,,,,,0,0,SEO,ANY,0,0,14,1,1,25,14,1,7,E/E,False,True,0.5,0.5
2026-05-05,K League 1,2026,JEONBUK MOTORS,GWANGJU FC,4,0,1,0,H,0,0,0,0,0,0,0,0,0,0,0,0,0,0,0,0,0.0,0.0,1506963.0,,,,,,,,,,,,,,,,,,,,,,,,,,,,,,,,,,,,4,1,JEO,GWA,3,0,14,3,0,18,6,2,12,JEO/JEO,False,True,1.5,0.0
2026-05-05,K League 1,2026,DAEJEON CITIZEN,INCHEON UNITED,0,0,0,0,D,0,0,0,0,0,0,0,0,0,0,0,0,0,0,0,0,0.0,0.0,1506964.0,,,,,,,,,,,,,,,,,,,,,,,,,,,,,,,,,,,,0,0,DAE,INC,0,0,14,1,1,15,14,5,8,E/E,False,True,0.5,0.5
2026-05-05,K League 1,2026,GANGWON FC,POHANG STEELERS,1,1,0,0,D,0,0,0,0,0,0,0,0,0,0,0,0,0,0,0,0,0.0,0.0,1506965.0,,,,,,,,,,,,,,,,,,,,,,,,,,,,,,,,,,,,2,0,GAN,POH,2,0,14,1,1,16,15,5,7,E/E,False,True,0.5,0.5
2026-05-05,K League 1,2026,GIMCHEON SANGMU FC,ULSAN HYUNDAI FC,1,2,0,1,A,0,0,0,0,0,0,0,0,0,0,0,0,0,0,0,0,0.0,0.0,1506966.0,,,,,,,,,,,,,,,,,,,,,,,,,,,,,,,,,,,,3,1,GIM,ULS,2,0,14,0,3,13,17,9,4,ULS/ULS,True,False,0.0,1.5
2026-05-05,K League 1,2026,BUCHEON FC 1995,JEJU UNITED FC,0,1,0,0,A,0,0,0,0,0,0,0,0,0,0,0,0,0,0,0,0,0.0,0.0,1506962.0,,,,,,,,,,,,,,,,,,,,,,,,,,,,,,,,,,,,1,0,BUC,JEJ,1,0,14,0,3,13,12,10,11,E/JEJ,False,False,0.0,1.5
2026-05-09,K League 1,2026,JEJU UNITED FC,FC SEOUL,2,1,1,0,H,11,17,6,3,8,12,2,13,2,1,0,0,242,550,2,4,30.0,70.0,1506968.0,,,,,,,,,,,,,,,,,,,,,,,,,,,,,,,,,,,,3,1,JEJ,SEO,2,15,15,3,0,15,26,9,1,JEJ/JEJ,True,False,2.3899999999999997,0.6599999999999999
2026-05-09,K League 1,2026,DAEJEON CITIZEN,POHANG STEELERS,0,2,0,0,A,10,10,3,4,12,6,1,5,3,1,0,0,673,284,2,4,70.0,30.0,1506971.0,,,,,,,,,,,,,,,,,,,,,,,,,,,,,,,,,,,,2,0,DAE,POH,2,6,15,0,3,16,16,6,7,E/POH,False,True,-0.10000000000000012,2.58
2026-05-09,K League 1,2026,GWANGJU FC,GANGWON FC,0,0,0,0,D,0,0,0,0,0,0,0,0,0,0,0,0,0,0,0,0,0.0,0.0,1506970.0,,,,,,,,,,,,,,,,,,,,,,,,,,,,,,,,,,,,0,0,GWA,GAN,0,0,15,1,1,6,17,12,6,E/E,True,False,0.5,0.5
2026-05-09,K League 1,2026,GIMCHEON SANGMU FC,INCHEON UNITED,0,3,0,2,A,0,0,0,0,0,0,0,0,0,0,0,0,0,0,0,0,0.0,0.0,1506969.0,,,,,,,,,,,,,,,,,,,,,,,,,,,,,,,,,,,,3,2,GIM,INC,1,0,15,0,3,13,15,10,9,INC/INC,False,False,0.0,1.5
2026-05-10,K League 1,2026,ULSAN HYUNDAI FC,BUCHEON FC 1995,1,0,1,0,H,16,13,5,4,6,18,5,7,0,1,0,0,427,503,5,4,45.0,55.0,1506972.0,,,,,,,,,,,,,,,,,,,,,,,,,,,,,,,,,,,,1,1,ULS,BUC,0,12,15,3,0,20,13,3,11,ULS/ULS,False,True,2.1599999999999997,0.5
2026-05-10,K League 1,2026,FC ANYANG,JEONBUK MOTORS,1,1,0,0,D,9,16,2,3,9,16,7,3,1,1,0,0,324,496,2,1,40.0,60.0,1506973.0,,,,,,,,,,,,,,,,,,,,,,,,,,,,,,,,,,,,2,0,ANY,JEO,2,10,15,1,1,15,21,9,3,E/E,True,False,0.84,0.76
2026-05-12,K League 1,2026,GANGWON FC,DAEJEON CITIZEN,2,0,0,0,H,0,0,0,0,0,0,0,0,0,0,0,0,0,0,0,0,0.0,0.0,1506974.0,,,,,,,,,,,,,,,,,,,,,,,,,,,,,,,,,,,,2,0,GAN,DAE,2,0,16,3,0,18,16,5,8,E/GAN,False,True,1.5,0.0
2026-05-12,K League 1,2026,GWANGJU FC,FC SEOUL,0,1,0,0,A,0,0,0,0,0,0,0,0,0,0,0,0,0,0,0,0,0.0,0.0,1506975.0,,,,,,,,,,,,,,,,,,,,,,,,,,,,,,,,,,,,1,0,GWA,SEO,1,0,16,0,3,7,26,12,1,E/SEO,True,False,0.0,1.5
2026-05-12,K League 1,2026,INCHEON UNITED,POHANG STEELERS,0,1,0,1,A,0,0,0,0,0,0,0,0,0,0,0,0,0,0,0,0,0.0,0.0,1506976.0,,,,,,,,,,,,,,,,,,,,,,,,,,,,,,,,,,,,1,1,INC,POH,0,0,16,0,3,18,19,6,5,POH/POH,True,True,0.0,2.0
2026-05-13,K League 1,2026,ULSAN HYUNDAI FC,JEJU UNITED FC,2,1,2,0,H,0,0,0,0,0,0,0,0,0,0,0,0,0,0,0,0,0.0,0.0,1506979.0,,,,,,,,,,,,,,,,,,,,,,,,,,,,,,,,,,,,3,2,ULS,JEJ,1,0,16,3,0,23,18,2,7,ULS/ULS,False,True,1.5,0.0
2026-05-13,K League 1,2026,BUCHEON FC 1995,JEONBUK MOTORS,0,0,0,0,D,0,0,0,0,0,0,0,0,0,0,0,0,0,0,0,0,0.0,0.0,1506978.0,,,,,,,,,,,,,,,,,,,,,,,,,,,,,,,,,,,,0,0,BUC,JEO,0,0,16,1,1,13,22,11,3,E/E,True,False,0.5,0.5
2026-05-13,K League 1,2026,FC ANYANG,GIMCHEON SANGMU FC,2,2,1,0,D,0,0,0,0,0,0,0,0,0,0,0,0,0,0,0,0,0.0,0.0,1506977.0,,,,,,,,,,,,,,,,,,,,,,,,,,,,,,,,,,,,4,1,ANY,GIM,3,0,16,1,1,16,13,9,11,ANY/E,False,False,0.5,0.5
2026-05-16,K League 1,2026,INCHEON UNITED,GWANGJU FC,4,0,2,0,H,13,4,6,0,7,14,5,1,0,2,0,0,546,459,0,2,55.0,45.0,1506981.0,,,,,,,,,,,,,,,,,,,,,,,,,,,,,,,,,,,,4,2,INC,GWA,2,6,17,3,0,18,7,6,12,INC/INC,False,True,2.63,-0.55
2026-05-16,K League 1,2026,DAEJEON CITIZEN,FC SEOUL,1,2,0,1,A,10,10,5,5,10,10,3,6,3,3,0,0,388,418,3,4,48.0,52.0,1506980.0,,,,,,,,,,,,,,,,,,,,,,,,,,,,,,,,,,,,3,1,DAE,SEO,2,9,17,0,3,16,29,9,1,SEO/SEO,True,False,0.22999999999999998,1.9399999999999997
2026-05-17,K League 1,2026,JEONBUK MOTORS,GIMCHEON SANGMU FC,1,0,0,0,H,19,8,4,2,14,13,6,1,1,2,0,0,483,358,2,3,58.0,42.0,1506983.0,,,,,,,,,,,,,,,,,,,,,,,,,,,,,,,,,,,,1,0,JEO,GIM,1,7,17,3,0,23,14,3,10,E/JEO,False,True,2.1799999999999997,-0.17000000000000004
2026-05-17,K League 1,2026,JEJU UNITED FC,FC ANYANG,1,2,0,1,A,26,11,7,3,26,11,5,2,1,3,0,0,519,365,1,6,58.0,42.0,1506982.0,,,,,,,,,,,,,,,,,,,,,,,,,,,,,,,,,,,,3,1,JEJ,ANY,2,7,17,0,3,18,17,7,8,ANY/ANY,False,False,1.0099999999999998,1.2999999999999998
2026-05-17,K League 1,2026,BUCHEON FC 1995,POHANG STEELERS,2,0,0,0,H,9,20,3,5,9,20,2,6,2,1,0,0,275,562,5,1,32.0,68.0,1506984.0,,,,,,,,,,,,,,,,,,,,,,,,,,,,,,,,,,,,2,0,BUC,POH,2,8,17,3,0,14,22,11,4,E/BUC,True,False,1.9800000000000002,0.76
2026-05-17,K League 1,2026,GANGWON FC,ULSAN HYUNDAI FC,2,0,2,0,H,13,7,5,3,15,7,2,1,3,3,0,1,412,406,3,3,50.0,50.0,1506985.0,,,,,,,,,,,,,,,,,,,,,,,,,,,,,,,,,,,,2,2,GAN,ULS,0,3,17,3,0,21,26,5,3,GAN/GAN,True,True,2.38,-0.3400000000000001
2026-07-04,K League 1,2026,FC ANYANG,POHANG STEELERS,2,3,1,1,A,0,0,0,0,0,0,0,0,0,0,0,0,0,0,0,0,0.0,0.0,1506986.0,,,,,,,,,,,,,,,,,,,,,,,,,,,,,,,,,,,,5,2,ANY,POH,3,0,18,0,3,20,22,7,5,E/POH,True,False,0.0,1.5
2026-07-04,K League 1,2026,DAEJEON CITIZEN,BUCHEON FC 1995,2,2,0,0,D,0,0,0,0,0,0,0,0,0,0,0,0,0,0,0,0,0.0,0.0,1506987.0,,,,,,,,,,,,,,,,,,,,,,,,,,,,,,,,,,,,4,0,DAE,BUC,4,0,18,1,1,16,17,10,9,E/E,False,False,0.5,0.5
2026-07-04,K League 1,2026,JEONBUK MOTORS,GANGWON FC,1,2,0,1,A,0,0,0,0,0,0,0,0,0,0,0,0,0,0,0,0,0.0,0.0,1506988.0,,,,,,,,,,,,,,,,,,,,,,,,,,,,,,,,,,,,3,1,JEO,GAN,2,0,18,0,3,26,24,2,5,GAN/GAN,True,True,0.0,2.0
2026-07-05,K League 1,2026,GIMCHEON SANGMU FC,JEJU UNITED FC,1,1,0,0,D,0,0,0,0,0,0,0,0,0,0,0,0,0,0,0,0,0.0,0.0,1506989.0,,,,,,,,,,,,,,,,,,,,,,,,,,,,,,,,,,,,2,0,GIM,JEJ,2,0,18,1,1,14,18,11,8,E/E,False,False,0.5,0.5
2026-07-05,K League 1,2026,FC SEOUL,INCHEON UNITED,1,0,0,0,H,0,0,0,0,0,0,0,0,0,0,0,0,0,0,0,0,0.0,0.0,1506991.0,,,,,,,,,,,,,,,,,,,,,,,,,,,,,,,,,,,,1,0,SEO,INC,1,0,18,3,0,32,21,1,6,E/SEO,True,True,2.0,0.0
2026-07-05,K League 1,2026,GWANGJU FC,ULSAN HYUNDAI FC,1,1,0,0,D,0,0,0,0,0,0,0,0,0,0,0,0,0,0,0,0,0.0,0.0,1506990.0,,,,,,,,,,,,,,,,,,,,,,,,,,,,,,,,,,,,2,0,GWA,ULS,2,0,18,1,1,7,26,12,4,E/E,True,False,0.5,0.5
2026-07-11,K League 1,2026,GIMCHEON SANGMU FC,BUCHEON FC 1995,1,1,1,1,D,18,9,5,4,9,10,4,4,0,2,0,0,547,237,3,3,70.0,30.0,1506992.0,,,,,,,,,,,,,,,,,,,,,,,,,,,,,,,,,,,,2,2,GIM,BUC,0,8,19,1,1,15,18,11,9,E/E,False,False,1.17,0.77
2026-07-11,K League 1,2026,ULSAN HYUNDAI FC,JEONBUK MOTORS,1,3,0,1,A,17,14,5,7,14,16,2,5,2,4,0,0,390,391,4,4,51.0,49.0,1506994.0,,,,,,,,,,,,,,,,,,,,,,,,,,,,,,,,,,,,4,1,ULS,JEO,3,7,19,0,3,27,26,3,4,JEO/JEO,True,True,0.2,2.61
2026-07-11,K League 1,2026,GWANGJU FC,POHANG STEELERS,0,3,0,1,A,11,12,2,3,11,10,7,2,0,3,0,0,453,470,0,2,49.0,51.0,1506993.0,,,,,,,,,,,,,,,,,,,,,,,,,,,,,,,,,,,,3,1,GWA,POH,2,9,19,0,3,8,25,12,5,POH/POH,True,False,0.46,1.51
2026-07-12,K League 1,2026,FC SEOUL,GANGWON FC,0,0,0,0,D,10,13,3,4,7,16,4,3,1,2,0,0,398,287,4,3,59.0,41.0,1506997.0,,,,,,,,,,,,,,,,,,,,,,,,,,,,,,,,,,,,0,0,SEO,GAN,0,7,19,1,1,35,27,1,4,E/E,True,True,0.7899999999999999,0.8200000000000001
2026-07-12,K League 1,2026,JEJU UNITED FC,DAEJEON CITIZEN,0,0,0,0,D,16,8,3,2,7,10,7,9,1,1,0,0,445,328,2,3,57.0,43.0,1506996.0,,,,,,,,,,,,,,,,,,,,,,,,,,,,,,,,,,,,0,0,JEJ,DAE,0,16,19,1,1,19,17,8,10,E/E,False,False,0.92,0.8600000000000001
2026-07-12,K League 1,2026,INCHEON UNITED,FC ANYANG,0,1,0,1,A,22,8,8,5,9,14,5,3,2,3,0,0,548,320,4,7,64.0,36.0,1506995.0,,,,,,,,,,,,,,,,,,,,,,,,,,,,,,,,,,,,1,1,INC,ANY,0,8,19,0,3,21,20,6,7,ANY/ANY,False,True,0.94,2.0999999999999996
2026-07-18,K League 1,2026,DAEJEON CITIZEN,ULSAN HYUNDAI FC,2,2,2,1,D,0,0,0,0,0,0,0,0,0,0,0,0,0,0,0,0,0.0,0.0,1506998.0,,,,,,,,,,,,,,,,,,,,,,,,,,,,,,,,,,,,4,3,DAE,ULS,1,0,20,1,1,18,27,10,5,DAE/E,True,False,0.5,0.5
2026-07-18,K League 1,2026,JEJU UNITED FC,POHANG STEELERS,2,1,0,1,H,0,0,0,0,0,0,0,0,0,0,0,0,0,0,0,0,0.0,0.0,1507001.0,,,,,,,,,,,,,,,,,,,,,,,,,,,,,,,,,,,,3,1,JEJ,POH,2,0,20,3,0,20,28,8,4,POH/JEJ,True,False,2.0,0.0
2026-07-18,K League 1,2026,INCHEON UNITED,JEONBUK MOTORS,1,0,1,0,H,0,0,0,0,0,0,0,0,0,0,0,0,0,0,0,0,0.0,0.0,1507000.0,,,,,,,,,,,,,,,,,,,,,,,,,,,,,,,,,,,,1,1,INC,JEO,0,0,20,3,0,21,29,8,2,INC/INC,True,False,2.0,0.0
2026-07-18,K League 1,2026,GANGWON FC,GIMCHEON SANGMU FC,2,0,2,0,H,0,0,0,0,0,0,0,0,0,0,0,0,0,0,0,0,0.0,0.0,1506999.0,,,,,,,,,,,,,,,,,,,,,,,,,,,,,,,,,,,,2,2,GAN,GIM,0,0,20,3,0,28,16,3,11,GAN/GAN,False,True,1.5,0.0
2026-07-19,K League 1,2026,FC ANYANG,GWANGJU FC,1,1,0,0,D,0,0,0,0,0,0,0,0,0,0,0,0,0,0,0,0,0.0,0.0,1507002.0,,,,,,,,,,,,,,,,,,,,,,,,,,,,,,,,,,,,2,0,ANY,GWA,2,0,20,1,1,23,8,7,12,E/E,False,False,0.5,0.5
2026-07-19,K League 1,2026,BUCHEON FC 1995,FC SEOUL,1,3,0,1,A,0,0,0,0,0,0,0,0,0,0,0,0,0,0,0,0,0.0,0.0,1507003.0,,,,,,,,,,,,,,,,,,,,,,,,,,,,,,,,,,,,4,1,BUC,SEO,3,0,20,0,3,19,36,10,1,SEO/SEO,True,False,0.0,1.5
2026-07-21,K League 1,2026,JEJU UNITED FC,GANGWON FC,1,1,1,1,D,12,11,4,6,11,10,5,2,2,1,0,0,440,346,5,3,57.0,43.0,1507004.0,,,,,,,,,,,,,,,,,,,,,,,,,,,,,,,,,,,,2,2,JEJ,GAN,0,7,21,1,1,23,31,8,2,E/E,True,False,0.81,1.0999999999999999
2026-07-21,K League 1,2026,JEONBUK MOTORS,DAEJEON CITIZEN,0,0,0,0,D,16,11,2,2,10,5,5,5,2,0,0,0,553,364,2,2,60.0,40.0,1507005.0,,,,,,,,,,,,,,,,,,,,,,,,,,,,,,,,,,,,0,0,JEO,DAE,0,10,21,1,1,29,19,3,9,E/E,False,True,0.6500000000000001,0.8500000000000001
2026-07-21,K League 1,2026,ULSAN HYUNDAI FC,INCHEON UNITED,1,2,1,1,A,10,22,4,8,8,8,3,2,1,4,0,0,382,467,5,3,45.0,55.0,1507006.0,,,,,,,,,,,,,,,,,,,,,,,,,,,,,,,,,,,,3,2,ULS,INC,1,5,21,0,3,28,24,5,7,E/INC,False,True,0.21,2.64
2026-07-22,K League 1,2026,BUCHEON FC 1995,FC ANYANG,2,3,1,1,A,0,0,0,0,0,0,0,0,0,0,0,0,0,0,0,0,0.0,0.0,1507007.0,,,,,,,,,,,,,,,,,,,,,,,,,,,,,,,,,,,,5,2,BUC,ANY,3,0,21,0,3,19,24,10,7,E/ANY,False,False,0.0,1.5
2026-07-22,K League 1,2026,GWANGJU FC,GIMCHEON SANGMU FC,1,1,1,1,D,0,0,0,0,0,0,0,0,0,0,0,0,0,0,0,0,0.0,0.0,1507008.0,,,,,,,,,,,,,,,,,,,,,,,,,,,,,,,,,,,,2,2,GWA,GIM,0,0,21,1,1,9,16,12,11,E/E,False,False,0.5,0.5
2026-07-22,K League 1,2026,FC SEOUL,POHANG STEELERS,3,1,1,0,H,0,0,0,0,0,0,0,0,0,0,0,0,0,0,0,0,0.0,0.0,1507009.0,,,,,,,,,,,,,,,,,,,,,,,,,,,,,,,,,,,,4,1,SEO,POH,3,0,21,3,0,39,28,1,4,SEO/SEO,True,True,2.0,0.0
2026-07-25,K League 1,2026,POHANG STEELERS,JEONBUK MOTORS,0,2,0,1,A,6,9,1,3,0,0,7,1,1,1,0,0,0,0,0,0,63.0,37.0,1507011.0,,,,,,,,,,,,,,,,,,,,,,,,,,,,,,,,,,,,2,1,POH,JEO,1,8,22,0,3,28,30,4,3,JEO/JEO,True,True,0.22999999999999995,2.21
2026-07-25,K League 1,2026,GIMCHEON SANGMU FC,DAEJEON CITIZEN,3,2,2,1,H,13,11,5,3,0,0,3,6,2,1,0,0,0,0,0,0,45.0,55.0,1507010.0,,,,,,,,,,,,,,,,,,,,,,,,,,,,,,,,,,,,5,3,GIM,DAE,2,9,22,3,0,17,20,11,9,GIM/GIM,False,False,1.93,0.33999999999999997
2026-07-26,K League 1,2026,FC SEOUL,ULSAN HYUNDAI FC,1,3,0,2,A,0,0,0,0,0,0,0,0,0,0,0,0,0,0,0,0,0.0,0.0,1507015.0,,,,,,,,,,,,,,,,,,,,,,,,,,,,,,,,,,,,4,2,SEO,ULS,2,0,22,0,3,42,28,1,4,ULS/ULS,True,True,0.0,2.0
2026-07-26,K League 1,2026,INCHEON UNITED,BUCHEON FC 1995,1,1,0,1,D,0,0,0,0,0,0,0,0,0,0,0,0,0,0,0,0,0.0,0.0,1507014.0,,,,,,,,,,,,,,,,,,,,,,,,,,,,,,,,,,,,2,1,INC,BUC,1,0,22,1,1,27,19,7,11,BUC/E,False,False,0.5,0.5
2026-07-26,K League 1,2026,GWANGJU FC,JEJU UNITED FC,1,2,1,1,A,0,0,0,0,0,0,0,0,0,0,0,0,0,0,0,0,0.0,0.0,1507013.0,,,,,,,,,,,,,,,,,,,,,,,,,,,,,,,,,,,,3,2,GWA,JEJ,1,0,22,0,3,10,24,12,8,E/JEJ,False,False,0.0,1.5
2026-07-26,K League 1,2026,FC ANYANG,GANGWON FC,2,1,2,0,H,0,0,0,0,0,0,0,0,0,0,0,0,0,0,0,0,0.0,0.0,1507012.0,,,,,,,,,,,,,,,,,,,,,,,,,,,,,,,,,,,,3,2,ANY,GAN,1,0,22,3,0,27,32,7,3,ANY/ANY,True,False,2.0,0.0
2026-08-01,K League 1,2026,GANGWON FC,BUCHEON FC 1995,0,3,0,1,A,11,10,3,6,0,0,6,5,4,2,0,0,0,0,0,0,67.0,33.0,1507016.0,,,,,,,,,,,,,,,,,,,,,,,,,,,,,,,,,,,,3,1,GAN,BUC,2,11,23,0,3,32,20,3,11,BUC/BUC,False,True,-0.050000000000000044,2.6799999999999997
2026-08-01,K League 1,2026,JEONBUK MOTORS,FC SEOUL,0,0,0,0,D,3,2,0,0,0,0,4,5,2,2,0,0,0,0,0,0,53.0,47.0,1507017.0,,,,,,,,,,,,,,,,,,,,,,,,,,,,,,,,,,,,0,0,JEO,SEO,0,9,23,1,1,33,42,2,1,E/E,True,True,0.39999999999999997,0.47000000000000003
2026-08-01,K League 1,2026,POHANG STEELERS,GIMCHEON SANGMU FC,0,1,0,0,A,6,5,2,2,0,0,3,7,0,0,1,0,0,0,0,0,39.0,61.0,1507018.0,,,,,,,,,,,,,,,,,,,,,,,,,,,,,,,,,,,,1,0,POH,GIM,1,10,23,0,3,28,20,7,11,E/GIM,False,False,-0.040000000000000036,1.9899999999999998
2026-08-02,K League 1,2026,ULSAN HYUNDAI FC,FC ANYANG,3,1,0,0,H,0,0,0,0,0,0,0,0,0,0,0,0,0,0,0,0,0.0,0.0,1507021.0,,,,,,,,,,,,,,,,,,,,,,,,,,,,,,,,,,,,4,0,ULS,ANY,4,0,23,3,0,31,30,4,5,E/ULS,True,True,2.0,0.0
2026-08-02,K League 1,2026,JEJU UNITED FC,INCHEON UNITED,3,3,2,2,D,0,0,0,0,0,0,0,0,0,0,0,0,0,0,0,0,0.0,0.0,1507020.0,,,,,,,,,,,,,,,,,,,,,,,,,,,,,,,,,,,,6,4,JEJ,INC,2,0,23,1,1,27,28,8,6,E/E,True,False,0.5,0.5
2026-08-02,K League 1,2026,DAEJEON CITIZEN,GWANGJU FC,2,0,0,0,H,0,0,0,0,0,0,0,0,0,0,0,0,0,0,0,0,0.0,0.0,1507019.0,,,,,,,,,,,,,,,,,,,,,,,,,,,,,,,,,,,,2,0,DAE,GWA,2,0,23,3,0,20,10,11,12,E/DAE,False,False,1.5,0.0
2026-08-08,K League 1,2026,FC ANYANG,DAEJEON CITIZEN,1,2,0,2,A,0,0,0,0,0,0,0,0,0,0,0,0,0,0,0,0,0.0,0.0,1507022.0,,,,,,,,,,,,,,,,,,,,,,,,,,,,,,,,,,,,3,2,ANY,DAE,1,0,24,0,3,30,23,5,9,DAE/DAE,False,True,0.0,2.0
2026-08-08,K League 1,2026,POHANG STEELERS,ULSAN HYUNDAI FC,0,2,0,0,A,0,0,0,0,0,0,0,0,0,0,0,0,0,0,0,0,0.0,0.0,1507027.0,,,,,,,,,,,,,,,,,,,,,,,,,,,,,,,,,,,,2,0,POH,ULS,2,0,24,0,3,28,34,8,3,E/ULS,True,False,0.0,1.5
2026-08-08,K League 1,2026,JEONBUK MOTORS,JEJU UNITED FC,1,3,0,1,A,0,0,0,0,0,0,0,0,0,0,0,0,0,0,0,0,0.0,0.0,1507026.0,,,,,,,,,,,,,,,,,,,,,,,,,,,,,,,,,,,,4,1,JEO,JEJ,3,0,24,0,3,34,28,3,7,JEJ/JEJ,False,True,0.0,2.0
2026-08-08,K League 1,2026,GIMCHEON SANGMU FC,FC SEOUL,0,0,0,0,D,0,0,0,0,0,0,0,0,0,0,0,0,0,0,0,0,0.0,0.0,1507025.0,,,,,,,,,,,,,,,,,,,,,,,,,,,,,,,,,,,,0,0,GIM,SEO,0,0,24,1,1,23,43,11,1,E/E,True,False,0.5,0.5
2026-08-08,K League 1,2026,BUCHEON FC 1995,GWANGJU FC,0,0,0,0,D,0,0,0,0,0,0,0,0,0,0,0,0,0,0,0,0,0.0,0.0,1507023.0,,,,,,,,,,,,,,,,,,,,,,,,,,,,,,,,,,,,0,0,BUC,GWA,0,0,24,1,1,23,10,11,12,E/E,False,False,0.5,0.5
2026-08-15,K League 1,2026,GWANGJU FC,POHANG STEELERS,1,2,0,1,A,0,0,0,0,0,0,0,0,0,0,0,0,0,0,0,0,0.0,0.0,1507028.0,,,,,,,,,,,,,,,,,,,,,,,,,,,,,,,,,,,,3,1,GWA,POH,2,0,25,0,3,11,28,12,8,POH/POH,False,False,0.0,1.5
2026-08-15,K League 1,2026,JEJU UNITED FC,FC ANYANG,2,0,1,0,H,0,0,0,0,0,0,0,0,0,0,0,0,0,0,0,0,0.0,0.0,1507029.0,,,,,,,,,,,,,,,,,,,,,,,,,,,,,,,,,,,,2,1,JEJ,ANY,1,0,25,3,0,31,30,5,7,JEJ/JEJ,False,True,1.5,0.0
2026-08-15,K League 1,2026,FC SEOUL,DAEJEON CITIZEN,4,2,0,1,H,0,0,0,0,0,0,0,0,0,0,0,0,0,0,0,0,0.0,0.0,1507030.0,,,,,,,,,,,,,,,,,,,,,,,,,,,,,,,,,,,,6,1,SEO,DAE,5,0,25,3,0,44,26,1,9,DAE/SEO,False,True,1.5,0.0
2026-08-16,K League 1,2026,ULSAN HYUNDAI FC,GANGWON FC,2,3,1,2,A,0,0,0,0,0,0,0,0,0,0,0,0,0,0,0,0,0.0,0.0,1507033.0,,,,,,,,,,,,,,,,,,,,,,,,,,,,,,,,,,,,5,3,ULS,GAN,2,0,25,0,3,37,32,2,5,GAN/GAN,True,True,0.0,2.0
2026-08-16,K League 1,2026,INCHEON UNITED,GIMCHEON SANGMU FC,1,1,0,0,D,0,0,0,0,0,0,0,0,0,0,0,0,0,0,0,0,0.0,0.0,1507032.0,,,,,,,,,,,,,,,,,,,,,,,,,,,,,,,,,,,,2,0,INC,GIM,2,0,25,1,1,29,24,8,11,E/E,False,False,0.5,0.5
2026-08-16,K League 1,2026,BUCHEON FC 1995,JEONBUK MOTORS,3,2,2,0,H,0,0,0,0,0,0,0,0,0,0,0,0,0,0,0,0,0.0,0.0,1507031.0,,,,,,,,,,,,,,,,,,,,,,,,,,,,,,,,,,,,5,2,BUC,JEO,3,0,25,3,0,24,34,11,4,BUC/BUC,True,False,2.0,0.0
2026-08-22,K League 1,2026,FC ANYANG,FC SEOUL,0,7,0,5,A,0,0,0,0,0,0,0,0,0,0,0,0,0,0,0,0,0.0,0.0,1507034.0,,,,,,,,,,,,,,,,,,,,,,,,,,,,,,,,,,,,7,5,ANY,SEO,2,0,26,0,3,30,47,8,1,SEO/SEO,True,False,0.0,1.5
2026-08-22,K League 1,2026,JEJU UNITED FC,GIMCHEON SANGMU FC,0,0,0,0,D,0,0,0,0,0,0,0,0,0,0,0,0,0,0,0,0,0.0,0.0,1507035.0,,,,,,,,,,,,,,,,,,,,,,,,,,,,,,,,,,,,0,0,JEJ,GIM,0,0,26,1,1,34,25,5,11,E/E,False,True,0.5,0.5
2026-08-22,K League 1,2026,JEONBUK MOTORS,ULSAN HYUNDAI FC,1,0,0,0,H,0,0,0,0,0,0,0,0,0,0,0,0,0,0,0,0,0.0,0.0,1507036.0,,,,,,,,,,,,,,,,,,,,,,,,,,,,,,,,,,,,1,0,JEO,ULS,1,0,26,3,0,34,37,5,2,E/JEO,True,True,2.0,0.0
2026-08-22,K League 1,2026,BUCHEON FC 1995,POHANG STEELERS,3,0,2,0,H,0,0,0,0,0,0,0,0,0,0,0,0,0,0,0,0,0.0,0.0,1507037.0,,,,,,,,,,,,,,,,,,,,,,,,,,,,,,,,,,,,3,2,BUC,POH,1,0,26,3,0,27,31,9,6,BUC/BUC,True,False,2.0,0.0
2026-08-23,K League 1,2026,DAEJEON CITIZEN,GANGWON FC,3,0,0,0,H,0,0,0,0,0,0,0,0,0,0,0,0,0,0,0,0,0.0,0.0,1507038.0,,,,,,,,,,,,,,,,,,,,,,,,,,,,,,,,,,,,3,0,DAE,GAN,3,0,26,3,0,26,35,10,4,E/DAE,True,False,2.0,0.0
2026-08-23,K League 1,2026,GWANGJU FC,INCHEON UNITED,0,1,0,0,A,0,0,0,0,0,0,0,0,0,0,0,0,0,0,0,0,0.0,0.0,1507039.0,,,,,,,,,,,,,,,,,,,,,,,,,,,,,,,,,,,,1,0,GWA,INC,1,0,26,0,3,11,30,12,7,E/INC,False,False,0.0,1.5
2026-08-25,K League 1,2026,FC SEOUL,BUCHEON FC 1995,1,0,0,0,H,0,0,0,0,0,0,0,0,0,0,0,0,0,0,0,0,0.0,0.0,1507042.0,,,,,,,,,,,,,,,,,,,,,,,,,,,,,,,,,,,,1,0,SEO,BUC,1,0,27,3,0,50,30,1,8,E/SEO,False,True,1.5,0.0
2026-08-25,K League 1,2026,JEJU UNITED FC,POHANG STEELERS,1,2,0,1,A,0,0,0,0,0,0,0,0,0,0,0,0,0,0,0,0,0.0,0.0,1507041.0,,,,,,,,,,,,,,,,,,,,,,,,,,,,,,,,,,,,3,1,JEJ,POH,2,0,27,0,3,35,31,5,7,POH/POH,False,True,0.0,2.0
2026-08-25,K League 1,2026,GIMCHEON SANGMU FC,JEONBUK MOTORS,0,0,0,0,D,0,0,0,0,0,0,0,0,0,0,0,0,0,0,0,0,0.0,0.0,1507040.0,,,,,,,,,,,,,,,,,,,,,,,,,,,,,,,,,,,,0,0,GIM,JEO,0,0,27,1,1,26,37,11,2,E/E,True,False,0.5,0.5
2026-08-26,K League 1,2026,GANGWON FC,GWANGJU FC,2,2,0,2,D,0,0,0,0,0,0,0,0,0,0,0,0,0,0,0,0,0.0,0.0,1507045.0,,,,,,,,,,,,,,,,,,,,,,,,,,,,,,,,,,,,4,2,GAN,GWA,2,0,27,1,1,35,11,4,12,GWA/E,False,True,0.5,0.5
2026-08-26,K League 1,2026,DAEJEON CITIZEN,ULSAN HYUNDAI FC,2,1,0,0,H,0,0,0,0,0,0,0,0,0,0,0,0,0,0,0,0,0.0,0.0,1507044.0,,,,,,,,,,,,,,,,,,,,,,,,,,,,,,,,,,,,3,0,DAE,ULS,3,0,27,3,0,29,37,10,3,E/DAE,True,False,2.0,0.0
2026-08-26,K League 1,2026,FC ANYANG,INCHEON UNITED,2,1,1,1,H,0,0,0,0,0,0,0,0,0,0,0,0,0,0,0,0,0.0,0.0,1507043.0,,,,,,,,,,,,,,,,,,,,,,,,,,,,,,,,,,,,3,2,ANY,INC,1,0,27,3,0,30,33,10,7,E/ANY,False,False,1.5,0.0
2026-08-29,K League 1,2026,BUCHEON FC 1995,FC ANYANG,1,1,0,0,D,10,13,5,6,0,0,4,2,2,1,0,0,0,0,0,0,46.0,54.0,1507046.0,,,,,,,,,,,,,,,,,,,,,,,,,,,,,,,,,,,,2,0,BUC,ANY,2,6,28,1,1,30,33,10,8,E/E,False,False,0.9099999999999999,1.0699999999999998
2026-08-29,K League 1,2026,ULSAN HYUNDAI FC,GIMCHEON SANGMU FC,3,1,1,1,H,3,3,3,1,0,0,5,12,1,2,0,0,0,0,0,0,45.0,55.0,1507047.0,,,,,,,,,,,,,,,,,,,,,,,,,,,,,,,,,,,,4,2,ULS,GIM,2,17,28,3,0,37,27,3,11,E/ULS,False,True,1.8099999999999998,0.3000000000000001
2026-08-30,K League 1,2026,GWANGJU FC,FC SEOUL,2,5,1,3,A,0,0,0,0,0,0,0,0,0,0,0,0,0,0,0,0,0.0,0.0,1507048.0,,,,,,,,,,,,,,,,,,,,,,,,,,,,,,,,,,,,7,4,GWA,SEO,3,0,28,0,3,12,53,12,1,SEO/SEO,True,False,0.0,1.5
2026-08-30,K League 1,2026,INCHEON UNITED,JEONBUK MOTORS,1,1,0,0,D,0,0,0,0,0,0,0,0,0,0,0,0,0,0,0,0,0.0,0.0,1507049.0,,,,,,,,,,,,,,,,,,,,,,,,,,,,,,,,,,,,2,0,INC,JEO,2,0,28,1,1,33,38,8,3,E/E,True,False,0.5,0.5
2026-08-30,K League 1,2026,JEJU UNITED FC,DAEJEON CITIZEN,3,1,1,0,H,0,0,0,0,0,0,0,0,0,0,0,0,0,0,0,0,0.0,0.0,1507050.0,,,,,,,,,,,,,,,,,,,,,,,,,,,,,,,,,,,,4,1,JEJ,DAE,3,0,28,3,0,35,32,5,9,JEJ/JEJ,False,True,1.5,0.0
2026-08-30,K League 1,2026,GANGWON FC,POHANG STEELERS,0,0,0,0,D,0,0,0,0,0,0,0,0,0,0,0,0,0,0,0,0,0.0,0.0,1507051.0,,,,,,,,,,,,,,,,,,,,,,,,,,,,,,,,,,,,0,0,GAN,POH,0,0,28,1,1,36,34,5,7,E/E,False,True,0.5,0.5
2026-02-28,K League 2,2026,GIMHAE CITY,ANSAN GREENERS,1,4,1,0,A,0,0,0,0,0,0,0,0,0,0,0,0,0,0,0,0,0.0,0.0,1510243.0,,,,,,,,,,,,,,,,,,,,,,,,,,,,,,,,,,,,5,1,GIM,ANS,4,0,1,0,3,0,0,1,2,GIM/ANS,True,True,0.0,2.0
2026-02-28,K League 2,2026,SUWON BLUEWINGS,SEOUL E-LAND FC,2,1,1,1,H,0,0,0,0,0,0,0,0,0,0,0,0,0,0,0,0,0.0,0.0,1510244.0,,,,,,,,,,,,,,,,,,,,,,,,,,,,,,,,,,,,3,2,SUW,SEO,1,0,1,3,0,0,0,2,3,E/SUW,True,True,2.0,0.0
2026-03-01,K League 2,2026,CHEONGJU,SUWON CITY FC,1,4,1,1,A,0,0,0,0,0,0,0,0,0,0,0,0,0,0,0,0,0.0,0.0,1510245.0,,,,,,,,,,,,,,,,,,,,,,,,,,,,,,,,,,,,5,2,CHE,SUW,3,0,1,0,3,0,0,3,4,E/SUW,True,True,0.0,2.0
2026-03-01,K League 2,2026,YONGIN CITY,CHEONAN CITY,2,2,1,1,D,0,0,0,0,0,0,0,0,0,0,0,0,0,0,0,0,0.0,0.0,1510247.0,,,,,,,,,,,,,,,,,,,,,,,,,,,,,,,,,,,,4,2,YON,CHE,2,0,1,1,1,0,0,4,5,E/E,True,True,0.5,0.5
2026-03-01,K League 2,2026,GYEONGNAM FC,JEONNAM DRAGONS,1,4,0,2,A,0,0,0,0,0,0,0,0,0,0,0,0,0,0,0,0,0.0,0.0,1510248.0,,,,,,,,,,,,,,,,,,,,,,,,,,,,,,,,,,,,5,2,GYE,JEO,3,0,1,0,3,0,0,6,7,JEO/JEO,False,True,0.0,2.0
2026-03-01,K League 2,2026,DAEGU FC,HWASEONG,1,0,1,0,H,0,0,0,0,0,0,0,0,0,0,0,0,0,0,0,0,0.0,0.0,1510246.0,,,,,,,,,,,,,,,,,,,,,,,,,,,,,,,,,,,,1,1,DAE,HWA,0,0,1,3,0,0,0,7,8,DAE/DAE,False,False,1.5,0.0
2026-03-02,K League 2,2026,BUSAN I PARK,SEONGNAM FC,1,1,1,1,D,0,0,0,0,0,0,0,0,0,0,0,0,0,0,0,0,0.0,0.0,1510250.0,,,,,,,,,,,,,,,,,,,,,,,,,,,,,,,,,,,,2,2,BUS,SEO,0,0,1,1,1,0,0,8,9,E/E,False,False,0.5,0.5
2026-03-02,K League 2,2026,ASAN MUGUNGHWA,PAJU CITIZEN,3,2,1,1,H,0,0,0,0,0,0,0,0,0,0,0,0,0,0,0,0,0.0,0.0,1510249.0,,,,,,,,,,,,,,,,,,,,,,,,,,,,,,,,,,,,5,2,ASA,PAJ,3,0,1,3,0,0,0,10,11,E/ASA,False,False,1.5,0.0
2026-03-07,K League 2,2026,PAJU CITIZEN,SUWON BLUEWINGS,0,1,0,0,A,0,0,0,0,0,0,0,0,0,0,0,0,0,0,0,0,0.0,0.0,1510251.0,,,,,,,,,,,,,,,,,,,,,,,,,,,,,,,,,,,,1,0,PAJ,SUW,1,0,2,0,3,0,3,12,5,E/SUW,True,False,0.0,1.5
2026-03-07,K League 2,2026,SEOUL E-LAND FC,GYEONGNAM FC,1,0,1,0,H,0,0,0,0,0,0,0,0,0,0,0,0,0,0,0,0,0.0,0.0,1510252.0,,,,,,,,,,,,,,,,,,,,,,,,,,,,,,,,,,,,1,1,SEO,GYE,0,0,2,3,0,0,0,12,17,SEO/SEO,False,False,1.5,0.0
2026-03-07,K League 2,2026,DAEGU FC,JEONNAM DRAGONS,4,2,2,2,H,0,0,0,0,0,0,0,0,0,0,0,0,0,0,0,0,0.0,0.0,1510253.0,,,,,,,,,,,,,,,,,,,,,,,,,,,,,,,,,,,,6,4,DAE,JEO,2,0,2,3,0,3,3,6,4,E/DAE,True,True,2.0,0.0
2026-03-07,K League 2,2026,SUWON CITY FC,YONGIN CITY,3,1,1,0,H,0,0,0,0,0,0,0,0,0,0,0,0,0,0,0,0,0.0,0.0,1510254.0,,,,,,,,,,,,,,,,,,,,,,,,,,,,,,,,,,,,4,1,SUW,YON,3,0,2,3,0,3,1,4,8,SUW/SUW,False,True,1.5,0.0
2026-03-08,K League 2,2026,ANSAN GREENERS,BUSAN I PARK,1,3,0,1,A,0,0,0,0,0,0,0,0,0,0,0,0,0,0,0,0,0.0,0.0,1510255.0,,,,,,,,,,,,,,,,,,,,,,,,,,,,,,,,,,,,4,1,ANS,BUS,3,0,2,0,3,3,1,4,9,BUS/BUS,False,True,0.0,2.0
2026-03-08,K League 2,2026,SEONGNAM FC,CHEONGJU,2,2,2,1,D,0,0,0,0,0,0,0,0,0,0,0,0,0,0,0,0,0.0,0.0,1510256.0,,,,,,,,,,,,,,,,,,,,,,,,,,,,,,,,,,,,4,3,SEO,CHE,1,0,2,1,1,1,0,10,16,SEO/E,False,False,0.5,0.5
2026-03-08,K League 2,2026,CHEONAN CITY,GIMPO CITIZEN,0,1,0,0,A,0,0,0,0,0,0,0,0,0,0,0,0,0,0,0,0,0.0,0.0,1510257.0,,,,,,,,,,,,,,,,,,,,,,,,,,,,,,,,,,,,1,0,CHE,GIM,1,0,2,0,3,1,0,10,13,E/GIM,False,False,0.0,1.5
2026-03-08,K League 2,2026,HWASEONG,GIMHAE CITY,2,0,1,0,H,0,0,0,0,0,0,0,0,0,0,0,0,0,0,0,0,0.0,0.0,1510258.0,,,,,,,,,,,,,,,,,,,,,,,,,,,,,,,,,,,,2,1,HWA,GIM,1,0,2,3,0,0,0,14,16,HWA/HWA,False,False,1.5,0.0
2026-03-14,K League 2,2026,GIMHAE CITY,SUWON CITY FC,1,2,0,1,A,0,0,0,0,0,0,0,0,0,0,0,0,0,0,0,0,0.0,0.0,1510259.0,,,,,,,,,,,,,,,,,,,,,,,,,,,,,,,,,,,,3,1,GIM,SUW,2,0,3,0,3,0,6,17,1,SUW/SUW,True,False,0.0,1.5
2026-03-14,K League 2,2026,SEOUL E-LAND FC,BUSAN I PARK,2,3,1,0,A,0,0,0,0,0,0,0,0,0,0,0,0,0,0,0,0,0.0,0.0,1510260.0,,,,,,,,,,,,,,,,,,,,,,,,,,,,,,,,,,,,5,1,SEO,BUS,4,0,3,0,3,3,4,10,4,SEO/BUS,True,False,0.0,1.5
2026-03-14,K League 2,2026,GYEONGNAM FC,CHEONGJU,2,2,1,0,D,0,0,0,0,0,0,0,0,0,0,0,0,0,0,0,0,0.0,0.0,1510262.0,,,,,,,,,,,,,,,,,,,,,,,,,,,,,,,,,,,,4,1,GYE,CHE,3,0,3,1,1,0,1,16,14,GYE/E,False,False,0.5,0.5
2026-03-14,K League 2,2026,YONGIN CITY,GIMPO CITIZEN,1,3,1,2,A,0,0,0,0,0,0,0,0,0,0,0,0,0,0,0,0,0.0,0.0,1510263.0,,,,,,,,,,,,,,,,,,,,,,,,,,,,,,,,,,,,4,3,YON,GIM,1,0,3,0,3,1,3,14,9,GIM/GIM,False,False,0.0,1.5
2026-03-14,K League 2,2026,SUWON BLUEWINGS,JEONNAM DRAGONS,2,0,1,0,H,0,0,0,0,0,0,0,0,0,0,0,0,0,0,0,0,0.0,0.0,1510261.0,,,,,,,,,,,,,,,,,,,,,,,,,,,,,,,,,,,,2,1,SUW,JEO,1,0,3,3,0,6,3,5,6,SUW/SUW,True,True,2.0,0.0
2026-03-15,K League 2,2026,ASAN MUGUNGHWA,DAEGU FC,2,3,1,2,A,0,0,0,0,0,0,0,0,0,0,0,0,0,0,0,0,0.0,0.0,1510265.0,,,,,,,,,,,,,,,,,,,,,,,,,,,,,,,,,,,,5,3,ASA,DAE,2,0,3,0,3,3,6,7,4,DAE/DAE,True,False,0.0,1.5
2026-03-15,K League 2,2026,ANSAN GREENERS,PAJU CITIZEN,1,2,1,2,A,0,0,0,0,0,0,0,0,0,0,0,0,0,0,0,0,0.0,0.0,1510264.0,,,,,,,,,,,,,,,,,,,,,,,,,,,,,,,,,,,,3,3,ANS,PAJ,0,0,3,0,3,3,0,6,16,PAJ/PAJ,False,True,0.0,2.0
2026-03-15,K League 2,2026,HWASEONG,CHEONAN CITY,2,2,0,1,D,0,0,0,0,0,0,0,0,0,0,0,0,0,0,0,0,0.0,0.0,1510266.0,,,,,,,,,,,,,,,,,,,,,,,,,,,,,,,,,,,,4,1,HWA,CHE,3,0,3,1,1,3,1,6,14,CHE/E,False,True,0.5,0.5
2026-03-21,K League 2,2026,GIMHAE CITY,SUWON BLUEWINGS,0,3,0,1,A,0,0,0,0,0,0,0,0,0,0,0,0,0,0,0,0,0.0,0.0,1510267.0,,,,,,,,,,,,,,,,,,,,,,,,,,,,,,,,,,,,3,1,GIM,SUW,2,0,4,0,3,0,9,17,3,SUW/SUW,True,False,0.0,1.5
2026-03-21,K League 2,2026,SEONGNAM FC,ASAN MUGUNGHWA,2,1,1,0,H,0,0,0,0,0,0,0,0,0,0,0,0,0,0,0,0,0.0,0.0,1510269.0,,,,,,,,,,,,,,,,,,,,,,,,,,,,,,,,,,,,3,1,SEO,ASA,2,0,4,3,0,2,3,12,8,SEO/SEO,False,False,1.5,0.0
2026-03-21,K League 2,2026,CHEONAN CITY,SEOUL E-LAND FC,0,0,0,0,D,0,0,0,0,0,0,0,0,0,0,0,0,0,0,0,0,0.0,0.0,1510270.0,,,,,,,,,,,,,,,,,,,,,,,,,,,,,,,,,,,,0,0,CHE,SEO,0,0,4,1,1,2,3,13,11,E/E,False,False,0.5,0.5
2026-03-21,K League 2,2026,CHEONGJU,ANSAN GREENERS,1,1,1,1,D,0,0,0,0,0,0,0,0,0,0,0,0,0,0,0,0,0.0,0.0,1510271.0,,,,,,,,,,,,,,,,,,,,,,,,,,,,,,,,,,,,2,2,CHE,ANS,0,0,4,1,1,2,3,14,9,E/E,False,False,0.5,0.5
2026-03-21,K League 2,2026,PAJU CITIZEN,JEONNAM DRAGONS,2,0,1,0,H,0,0,0,0,0,0,0,0,0,0,0,0,0,0,0,0,0.0,0.0,1510268.0,,,,,,,,,,,,,,,,,,,,,,,,,,,,,,,,,,,,2,1,PAJ,JEO,1,0,4,3,0,3,3,13,10,PAJ/PAJ,False,False,1.5,0.0
2026-03-22,K League 2,2026,GYEONGNAM FC,GIMPO CITIZEN,1,0,0,0,H,0,0,0,0,0,0,0,0,0,0,0,0,0,0,0,0,0.0,0.0,1510274.0,,,,,,,,,,,,,,,,,,,,,,,,,,,,,,,,,,,,1,0,GYE,GIM,1,0,4,3,0,1,6,16,5,E/GYE,True,False,2.0,0.0
2026-03-22,K League 2,2026,HWASEONG,YONGIN CITY,0,0,0,0,D,0,0,0,0,0,0,0,0,0,0,0,0,0,0,0,0,0.0,0.0,1510273.0,,,,,,,,,,,,,,,,,,,,,,,,,,,,,,,,,,,,0,0,HWA,YON,0,0,4,1,1,4,1,8,16,E/E,False,False,0.5,0.5
2026-03-22,K League 2,2026,BUSAN I PARK,DAEGU FC,3,1,1,0,H,0,0,0,0,0,0,0,0,0,0,0,0,0,0,0,0,0.0,0.0,1510272.0,,,,,,,,,,,,,,,,,,,,,,,,,,,,,,,,,,,,4,1,BUS,DAE,3,0,4,3,0,7,9,4,3,BUS/BUS,True,True,2.0,0.0
2026-03-28,K League 2,2026,ANSAN GREENERS,GYEONGNAM FC,1,1,1,1,D,0,0,0,0,0,0,0,0,0,0,0,0,0,0,0,0,0.0,0.0,1510277.0,,,,,,,,,,,,,,,,,,,,,,,,,,,,,,,,,,,,2,2,ANS,GYE,0,0,5,1,1,4,4,9,11,E/E,False,False,0.5,0.5
2026-03-28,K League 2,2026,ASAN MUGUNGHWA,HWASEONG,1,0,1,0,H,0,0,0,0,0,0,0,0,0,0,0,0,0,0,0,0,0.0,0.0,1510275.0,,,,,,,,,,,,,,,,,,,,,,,,,,,,,,,,,,,,1,1,ASA,HWA,0,0,5,3,0,3,5,12,8,ASA/ASA,False,False,1.5,0.0
2026-03-28,K League 2,2026,YONGIN CITY,SUWON BLUEWINGS,0,1,0,1,A,0,0,0,0,0,0,0,0,0,0,0,0,0,0,0,0,0.0,0.0,1510276.0,,,,,,,,,,,,,,,,,,,,,,,,,,,,,,,,,,,,1,1,YON,SUW,0,0,5,0,3,2,12,16,1,SUW/SUW,True,False,0.0,1.5
2026-03-28,K League 2,2026,CHEONAN CITY,JEONNAM DRAGONS,1,0,1,0,H,0,0,0,0,0,0,0,0,0,0,0,0,0,0,0,0,0.0,0.0,1510278.0,,,,,,,,,,,,,,,,,,,,,,,,,,,,,,,,,,,,1,1,CHE,JEO,0,0,5,3,0,3,3,13,15,CHE/CHE,False,False,1.5,0.0
2026-03-28,K League 2,2026,SEONGNAM FC,GIMPO CITIZEN,0,0,0,0,D,0,0,0,0,0,0,0,0,0,0,0,0,0,0,0,0,0.0,0.0,1510279.0,,,,,,,,,,,,,,,,,,,,,,,,,,,,,,,,,,,,0,0,SEO,GIM,0,0,5,1,1,5,6,9,5,E/E,True,False,0.5,0.5
2026-03-29,K League 2,2026,SUWON CITY FC,PAJU CITIZEN,2,1,2,1,H,0,0,0,0,0,0,0,0,0,0,0,0,0,0,0,0,0.0,0.0,1510281.0,,,,,,,,,,,,,,,,,,,,,,,,,,,,,,,,,,,,3,3,SUW,PAJ,0,0,5,3,0,9,6,3,6,SUW/SUW,True,True,2.0,0.0
2026-03-29,K League 2,2026,DAEGU FC,SEOUL E-LAND FC,1,3,1,2,A,0,0,0,0,0,0,0,0,0,0,0,0,0,0,0,0,0.0,0.0,1510282.0,,,,,,,,,,,,,,,,,,,,,,,,,,,,,,,,,,,,4,3,DAE,SEO,1,0,5,0,3,9,4,4,13,SEO/SEO,False,True,0.0,2.0
2026-03-29,K League 2,2026,CHEONGJU,BUSAN I PARK,1,2,0,1,A,0,0,0,0,0,0,0,0,0,0,0,0,0,0,0,0,0.0,0.0,1510280.0,,,,,,,,,,,,,,,,,,,,,,,,,,,,,,,,,,,,3,1,CHE,BUS,2,0,5,0,3,3,10,14,3,BUS/BUS,True,False,0.0,1.5
2026-04-04,K League 2,2026,GYEONGNAM FC,BUSAN I PARK,1,2,1,2,A,0,0,0,0,0,0,0,0,0,0,0,0,0,0,0,0,0.0,0.0,1510285.0,,,,,,,,,,,,,,,,,,,,,,,,,,,,,,,,,,,,3,3,GYE,BUS,0,0,6,0,3,5,13,13,2,BUS/BUS,True,False,0.0,1.5
2026-04-04,K League 2,2026,HWASEONG,SEONGNAM FC,1,3,0,2,A,0,0,0,0,0,0,0,0,0,0,0,0,0,0,0,0,0.0,0.0,1510286.0,,,,,,,,,,,,,,,,,,,,,,,,,,,,,,,,,,,,4,2,HWA,SEO,2,0,6,0,3,5,6,12,7,SEO/SEO,False,False,0.0,1.5
2026-04-04,K League 2,2026,YONGIN CITY,JEONNAM DRAGONS,2,2,1,0,D,0,0,0,0,0,0,0,0,0,0,0,0,0,0,0,0,0.0,0.0,1510284.0,,,,,,,,,,,,,,,,,,,,,,,,,,,,,,,,,,,,4,1,YON,JEO,3,0,6,1,1,2,3,16,15,YON/E,False,False,0.5,0.5
2026-04-04,K League 2,2026,SEOUL E-LAND FC,SUWON CITY FC,3,0,1,0,H,0,0,0,0,0,0,0,0,0,0,0,0,0,0,0,0,0.0,0.0,1510283.0,,,,,,,,,,,,,,,,,,,,,,,,,,,,,,,,,,,,3,1,SEO,SUW,2,0,6,3,0,7,12,7,3,SEO/SEO,True,False,2.0,0.0
2026-04-05,K League 2,2026,DAEGU FC,GIMPO CITIZEN,3,3,1,1,D,0,0,0,0,0,0,0,0,0,0,0,0,0,0,0,0,0.0,0.0,1510287.0,,,,,,,,,,,,,,,,,,,,,,,,,,,,,,,,,,,,6,2,DAE,GIM,4,0,6,1,1,9,7,6,7,E/E,False,True,0.5,0.5
2026-04-05,K League 2,2026,SUWON BLUEWINGS,CHEONGJU,0,0,0,0,D,0,0,0,0,0,0,0,0,0,0,0,0,0,0,0,0,0.0,0.0,1510288.0,,,,,,,,,,,,,,,,,,,,,,,,,,,,,,,,,,,,0,0,SUW,CHE,0,0,6,1,1,15,3,2,15,E/E,False,True,0.5,0.5
2026-04-05,K League 2,2026,PAJU CITIZEN,GIMHAE CITY,3,1,1,0,H,0,0,0,0,0,0,0,0,0,0,0,0,0,0,0,0,0.0,0.0,1510290.0,,,,,,,,,,,,,,,,,,,,,,,,,,,,,,,,,,,,4,1,PAJ,GIM,3,0,6,3,0,6,0,9,17,PAJ/PAJ,False,False,1.5,0.0
2026-04-05,K League 2,2026,ANSAN GREENERS,ASAN MUGUNGHWA,1,3,1,0,A,0,0,0,0,0,0,0,0,0,0,0,0,0,0,0,0,0.0,0.0,1510289.0,,,,,,,,,,,,,,,,,,,,,,,,,,,,,,,,,,,,4,1,ANS,ASA,3,0,6,0,3,5,6,11,9,ANS/ASA,False,False,0.0,1.5
2026-04-11,K League 2,2026,PAJU CITIZEN,SEOUL E-LAND FC,1,3,1,1,A,0,0,0,0,0,0,0,0,0,0,0,0,0,0,0,0,0.0,0.0,1510294.0,,,,,,,,,,,,,,,,,,,,,,,,,,,,,,,,,,,,4,2,PAJ,SEO,2,0,7,0,3,9,10,8,4,E/SEO,True,False,0.0,1.5
2026-04-11,K League 2,2026,BUSAN I PARK,YONGIN CITY,2,0,0,0,H,0,0,0,0,0,0,0,0,0,0,0,0,0,0,0,0,0.0,0.0,1510291.0,,,,,,,,,,,,,,,,,,,,,,,,,,,,,,,,,,,,2,0,BUS,YON,2,0,7,3,0,16,3,2,16,E/BUS,False,True,1.5,0.0
2026-04-11,K League 2,2026,HWASEONG,JEONNAM DRAGONS,1,0,1,0,H,0,0,0,0,0,0,0,0,0,0,0,0,0,0,0,0,0.0,0.0,1510293.0,,,,,,,,,,,,,,,,,,,,,,,,,,,,,,,,,,,,1,1,HWA,JEO,0,0,7,3,0,5,4,12,14,HWA/HWA,False,False,1.5,0.0
2026-04-11,K League 2,2026,SUWON CITY FC,DAEGU FC,2,2,2,1,D,0,0,0,0,0,0,0,0,0,0,0,0,0,0,0,0,0.0,0.0,1510292.0,,,,,,,,,,,,,,,,,,,,,,,,,,,,,,,,,,,,4,3,SUW,DAE,1,0,7,1,1,12,10,4,5,SUW/E,True,True,0.5,0.5
2026-04-12,K League 2,2026,CHEONAN CITY,CHEONGJU,2,2,0,1,D,0,0,0,0,0,0,0,0,0,0,0,0,0,0,0,0,0.0,0.0,1510295.0,,,,,,,,,,,,,,,,,,,,,,,,,,,,,,,,,,,,4,1,CHE,CHE,3,0,7,1,1,6,4,11,14,CHE/E,False,False,0.5,0.5
2026-04-12,K League 2,2026,SUWON BLUEWINGS,GIMPO CITIZEN,0,1,0,0,A,0,0,0,0,0,0,0,0,0,0,0,0,0,0,0,0,0.0,0.0,1510296.0,,,,,,,,,,,,,,,,,,,,,,,,,,,,,,,,,,,,1,0,SUW,GIM,1,0,7,0,3,16,8,2,9,E/GIM,False,True,0.0,2.0
2026-04-12,K League 2,2026,ASAN MUGUNGHWA,GIMHAE CITY,1,1,1,0,D,0,0,0,0,0,0,0,0,0,0,0,0,0,0,0,0,0.0,0.0,1510297.0,,,,,,,,,,,,,,,,,,,,,,,,,,,,,,,,,,,,2,1,ASA,GIM,1,0,7,1,1,9,0,8,17,ASA/E,False,False,0.5,0.5
2026-04-12,K League 2,2026,SEONGNAM FC,ANSAN GREENERS,0,1,0,1,A,0,0,0,0,0,0,0,0,0,0,0,0,0,0,0,0,0.0,0.0,1510298.0,,,,,,,,,,,,,,,,,,,,,,,,,,,,,,,,,,,,1,1,SEO,ANS,0,0,7,0,3,9,5,8,12,ANS/ANS,False,False,0.0,1.5
2026-04-18,K League 2,2026,GYEONGNAM FC,SUWON BLUEWINGS,0,1,0,0,A,0,0,0,0,0,0,0,0,0,0,0,0,0,0,0,0,0.0,0.0,1510300.0,,,,,,,,,,,,,,,,,,,,,,,,,,,,,,,,,,,,1,0,GYE,SUW,1,0,8,0,3,5,16,14,2,E/SUW,True,False,0.0,1.5
2026-04-18,K League 2,2026,CHEONGJU,GIMHAE CITY,1,1,0,0,D,0,0,0,0,0,0,0,0,0,0,0,0,0,0,0,0,0.0,0.0,1510301.0,,,,,,,,,,,,,,,,,,,,,,,,,,,,,,,,,,,,2,0,CHE,GIM,2,0,8,1,1,5,1,13,17,E/E,False,False,0.5,0.5
2026-04-18,K League 2,2026,DAEGU FC,CHEONAN CITY,1,2,1,0,A,0,0,0,0,0,0,0,0,0,0,0,0,0,0,0,0,0.0,0.0,1510302.0,,,,,,,,,,,,,,,,,,,,,,,,,,,,,,,,,,,,3,1,DAE,CHE,2,0,8,0,3,11,7,6,12,DAE/CHE,False,True,0.0,2.0
2026-04-18,K League 2,2026,BUSAN I PARK,SUWON CITY FC,2,1,2,0,H,0,0,0,0,0,0,0,0,0,0,0,0,0,0,0,0,0.0,0.0,1510299.0,,,,,,,,,,,,,,,,,,,,,,,,,,,,,,,,,,,,3,2,BUS,SUW,1,0,8,3,0,19,13,1,4,BUS/BUS,True,True,2.0,0.0
2026-04-19,K League 2,2026,ANSAN GREENERS,SEOUL E-LAND FC,0,2,0,0,A,0,0,0,0,0,0,0,0,0,0,0,0,0,0,0,0,0.0,0.0,1510303.0,,,,,,,,,,,,,,,,,,,,,,,,,,,,,,,,,,,,2,0,ANS,SEO,2,0,8,0,3,8,13,11,3,E/SEO,True,False,0.0,1.5
2026-04-19,K League 2,2026,SEONGNAM FC,PAJU CITIZEN,0,1,0,0,A,0,0,0,0,0,0,0,0,0,0,0,0,0,0,0,0,0.0,0.0,1510304.0,,,,,,,,,,,,,,,,,,,,,,,,,,,,,,,,,,,,1,0,SEO,PAJ,1,0,8,0,3,9,9,9,10,E/PAJ,False,False,0.0,1.5
2026-04-19,K League 2,2026,ASAN MUGUNGHWA,JEONNAM DRAGONS,2,2,1,2,D,0,0,0,0,0,0,0,0,0,0,0,0,0,0,0,0,0.0,0.0,1510305.0,,,,,,,,,,,,,,,,,,,,,,,,,,,,,,,,,,,,4,3,ASA,JEO,1,0,8,1,1,10,4,8,15,JEO/E,False,False,0.5,0.5
2026-04-19,K League 2,2026,HWASEONG,GIMPO CITIZEN,2,2,0,1,D,0,0,0,0,0,0,0,0,0,0,0,0,0,0,0,0,0.0,0.0,1510306.0,,,,,,,,,,,,,,,,,,,,,,,,,,,,,,,,,,,,4,1,HWA,GIM,3,0,8,1,1,8,11,11,6,GIM/E,True,False,0.5,0.5
2026-04-25,K League 2,2026,PAJU CITIZEN,GYEONGNAM FC,2,3,2,1,A,0,0,0,0,0,0,0,0,0,0,0,0,0,0,0,0,0.0,0.0,1510307.0,,,,,,,,,,,,,,,,,,,,,,,,,,,,,,,,,,,,5,3,PAJ,GYE,2,0,9,0,3,12,5,6,15,PAJ/GYE,False,True,0.0,2.0
2026-04-25,K League 2,2026,SUWON BLUEWINGS,BUSAN I PARK,3,2,1,0,H,0,0,0,0,0,0,0,0,0,0,0,0,0,0,0,0,0.0,0.0,1510308.0,,,,,,,,,,,,,,,,,,,,,,,,,,,,,,,,,,,,5,1,SUW,BUS,4,0,9,3,0,19,22,2,1,SUW/SUW,True,True,2.0,0.0
2026-04-25,K League 2,2026,ANSAN GREENERS,JEONNAM DRAGONS,2,1,0,1,H,0,0,0,0,0,0,0,0,0,0,0,0,0,0,0,0,0.0,0.0,1510309.0,,,,,,,,,,,,,,,,,,,,,,,,,,,,,,,,,,,,3,1,ANS,JEO,2,0,9,3,0,8,5,12,15,JEO/ANS,False,False,1.5,0.0
2026-04-25,K League 2,2026,CHEONAN CITY,SEONGNAM FC,1,1,0,1,D,0,0,0,0,0,0,0,0,0,0,0,0,0,0,0,0,0.0,0.0,1510310.0,,,,,,,,,,,,,,,,,,,,,,,,,,,,,,,,,,,,2,1,CHE,SEO,1,0,9,1,1,10,9,10,11,SEO/E,False,False,0.5,0.5
2026-04-26,K League 2,2026,CHEONGJU,ASAN MUGUNGHWA,0,0,0,0,D,0,0,0,0,0,0,0,0,0,0,0,0,0,0,0,0,0.0,0.0,1510313.0,,,,,,,,,,,,,,,,,,,,,,,,,,,,,,,,,,,,0,0,CHE,ASA,0,0,9,1,1,6,11,14,7,E/E,False,False,0.5,0.5
2026-04-26,K League 2,2026,SEOUL E-LAND FC,HWASEONG,1,2,0,1,A,0,0,0,0,0,0,0,0,0,0,0,0,0,0,0,0,0.0,0.0,1510311.0,,,,,,,,,,,,,,,,,,,,,,,,,,,,,,,,,,,,3,1,SEO,HWA,2,0,9,0,3,16,9,3,12,HWA/HWA,False,True,0.0,2.0
2026-04-26,K League 2,2026,SUWON CITY FC,GIMPO CITIZEN,1,1,1,0,D,0,0,0,0,0,0,0,0,0,0,0,0,0,0,0,0,0.0,0.0,1510312.0,,,,,,,,,,,,,,,,,,,,,,,,,,,,,,,,,,,,2,1,SUW,GIM,1,0,9,1,1,13,12,4,5,SUW/E,True,True,0.5,0.5
2026-04-26,K League 2,2026,YONGIN CITY,GIMHAE CITY,4,1,3,0,H,0,0,0,0,0,0,0,0,0,0,0,0,0,0,0,0,0.0,0.0,1510314.0,,,,,,,,,,,,,,,,,,,,,,,,,,,,,,,,,,,,5,3,YON,GIM,2,0,9,3,0,3,2,16,17,YON/YON,False,False,1.5,0.0
2026-05-03,K League 2,2026,YONGIN CITY,SEONGNAM FC,1,2,0,0,A,0,0,0,0,0,0,0,0,0,0,0,0,0,0,0,0,0.0,0.0,1510321.0,,,,,,,,,,,,,,,,,,,,,,,,,,,,,,,,,,,,3,0,YON,SEO,3,0,10,0,3,6,10,15,12,E/SEO,False,False,0.0,1.5
2026-05-03,K League 2,2026,PAJU CITIZEN,CHEONGJU,0,0,0,0,D,0,0,0,0,0,0,0,0,0,0,0,0,0,0,0,0,0.0,0.0,1510320.0,,,,,,,,,,,,,,,,,,,,,,,,,,,,,,,,,,,,0,0,PAJ,CHE,0,0,10,1,1,12,7,8,14,E/E,False,False,0.5,0.5
2026-05-03,K League 2,2026,SUWON CITY FC,SUWON BLUEWINGS,3,1,0,1,H,0,0,0,0,0,0,0,0,0,0,0,0,0,0,0,0,0.0,0.0,1510322.0,,,,,,,,,,,,,,,,,,,,,,,,,,,,,,,,,,,,4,1,SUW,SUW,3,0,10,3,0,14,22,4,2,SUW/SUW,True,True,2.0,0.0
2026-05-03,K League 2,2026,DAEGU FC,GYEONGNAM FC,2,0,0,0,H,0,0,0,0,0,0,0,0,0,0,0,0,0,0,0,0,0.0,0.0,1510315.0,,,,,,,,,,,,,,,,,,,,,,,,,,,,,,,,,,,,2,0,DAE,GYE,2,0,10,3,0,11,8,11,14,E/DAE,False,False,1.5,0.0
2026-05-03,K League 2,2026,HWASEONG,ANSAN GREENERS,2,0,0,0,H,0,0,0,0,0,0,0,0,0,0,0,0,0,0,0,0,0.0,0.0,1510316.0,,,,,,,,,,,,,,,,,,,,,,,,,,,,,,,,,,,,2,0,HWA,ANS,2,0,10,3,0,12,11,10,12,E/HWA,False,False,1.5,0.0
2026-05-03,K League 2,2026,SEOUL E-LAND FC,GIMPO CITIZEN,2,1,1,1,H,0,0,0,0,0,0,0,0,0,0,0,0,0,0,0,0,0.0,0.0,1510317.0,,,,,,,,,,,,,,,,,,,,,,,,,,,,,,,,,,,,3,2,SEO,GIM,1,0,10,3,0,16,13,4,7,E/SEO,False,True,1.5,0.0
2026-05-03,K League 2,2026,GIMHAE CITY,BUSAN I PARK,0,1,0,1,A,0,0,0,0,0,0,0,0,0,0,0,0,0,0,0,0,0.0,0.0,1510319.0,,,,,,,,,,,,,,,,,,,,,,,,,,,,,,,,,,,,1,1,GIM,BUS,0,0,10,0,3,2,22,17,1,BUS/BUS,True,False,0.0,1.5
2026-05-03,K League 2,2026,CHEONAN CITY,ASAN MUGUNGHWA,1,0,1,0,H,0,0,0,0,0,0,0,0,0,0,0,0,0,0,0,0,0.0,0.0,1510318.0,,,,,,,,,,,,,,,,,,,,,,,,,,,,,,,,,,,,1,1,CHE,ASA,0,0,10,3,0,11,12,11,10,CHE/CHE,False,False,1.5,0.0
2026-05-09,K League 2,2026,SUWON BLUEWINGS,DAEGU FC,0,0,0,0,D,0,0,0,0,0,0,0,0,0,0,0,0,0,0,0,0,0.0,0.0,1510326.0,,,,,,,,,,,,,,,,,,,,,,,,,,,,,,,,,,,,0,0,SUW,DAE,0,0,11,1,1,22,14,2,7,E/E,False,True,0.5,0.5
2026-05-09,K League 2,2026,ASAN MUGUNGHWA,SEOUL E-LAND FC,3,0,1,0,H,0,0,0,0,0,0,0,0,0,0,0,0,0,0,0,0,0.0,0.0,1510323.0,,,,,,,,,,,,,,,,,,,,,,,,,,,,,,,,,,,,3,1,ASA,SEO,2,0,11,3,0,12,19,11,3,ASA/ASA,True,False,2.0,0.0
2026-05-09,K League 2,2026,CHEONGJU,GIMPO CITIZEN,1,1,1,0,D,0,0,0,0,0,0,0,0,0,0,0,0,0,0,0,0,0.0,0.0,1510325.0,,,,,,,,,,,,,,,,,,,,,,,,,,,,,,,,,,,,2,1,CHE,GIM,1,0,11,1,1,8,13,13,9,CHE/E,False,False,0.5,0.5
2026-05-09,K League 2,2026,HWASEONG,SUWON CITY FC,1,1,1,0,D,0,0,0,0,0,0,0,0,0,0,0,0,0,0,0,0,0.0,0.0,1510324.0,,,,,,,,,,,,,,,,,,,,,,,,,,,,,,,,,,,,2,1,HWA,SUW,1,0,11,1,1,15,17,6,4,HWA/E,True,True,0.5,0.5
2026-05-10,K League 2,2026,BUSAN I PARK,CHEONAN CITY,1,0,1,0,H,0,0,0,0,0,0,0,0,0,0,0,0,0,0,0,0,0.0,0.0,1510329.0,,,,,,,,,,,,,,,,,,,,,,,,,,,,,,,,,,,,1,1,BUS,CHE,0,0,11,3,0,25,14,1,9,BUS/BUS,False,True,1.5,0.0
2026-05-10,K League 2,2026,GYEONGNAM FC,GIMHAE CITY,2,1,1,0,H,0,0,0,0,0,0,0,0,0,0,0,0,0,0,0,0,0.0,0.0,1510330.0,,,,,,,,,,,,,,,,,,,,,,,,,,,,,,,,,,,,3,1,GYE,GIM,2,0,11,3,0,8,2,14,17,GYE/GYE,False,False,1.5,0.0
2026-05-10,K League 2,2026,ANSAN GREENERS,YONGIN CITY,1,2,1,1,A,0,0,0,0,0,0,0,0,0,0,0,0,0,0,0,0,0.0,0.0,1510328.0,,,,,,,,,,,,,,,,,,,,,,,,,,,,,,,,,,,,3,2,ANS,YON,1,0,11,0,3,11,6,12,15,E/YON,False,False,0.0,1.5
2026-05-10,K League 2,2026,SEONGNAM FC,JEONNAM DRAGONS,0,0,0,0,D,0,0,0,0,0,0,0,0,0,0,0,0,0,0,0,0,0.0,0.0,1510327.0,,,,,,,,,,,,,,,,,,,,,,,,,,,,,,,,,,,,0,0,SEO,JEO,0,0,11,1,1,13,5,10,16,E/E,False,False,0.5,0.5
2026-05-16,K League 2,2026,CHEONAN CITY,PAJU CITIZEN,0,0,0,0,D,0,0,0,0,0,0,0,0,0,0,0,0,0,0,0,0,0.0,0.0,1510334.0,,,,,,,,,,,,,,,,,,,,,,,,,,,,,,,,,,,,0,0,CHE,PAJ,0,0,12,1,1,14,13,10,11,E/E,False,False,0.5,0.5
2026-05-16,K League 2,2026,ANSAN GREENERS,GIMPO CITIZEN,0,1,0,1,A,0,0,0,0,0,0,0,0,0,0,0,0,0,0,0,0,0.0,0.0,1510333.0,,,,,,,,,,,,,,,,,,,,,,,,,,,,,,,,,,,,1,1,ANS,GIM,0,0,12,0,3,11,14,12,9,GIM/GIM,False,False,0.0,1.5
2026-05-16,K League 2,2026,SEOUL E-LAND FC,YONGIN CITY,2,2,0,1,D,0,0,0,0,0,0,0,0,0,0,0,0,0,0,0,0,0.0,0.0,1510332.0,,,,,,,,,,,,,,,,,,,,,,,,,,,,,,,,,,,,4,1,SEO,YON,3,0,12,1,1,19,9,3,14,YON/E,False,True,0.5,0.5
2026-05-16,K League 2,2026,JEONNAM DRAGONS,CHEONGJU,2,2,0,1,D,0,0,0,0,0,0,0,0,0,0,0,0,0,0,0,0,0.0,0.0,1510331.0,,,,,,,,,,,,,,,,,,,,,,,,,,,,,,,,,,,,4,1,JEO,CHE,3,0,12,1,1,6,9,16,15,CHE/E,False,False,0.5,0.5
2026-05-17,K League 2,2026,GIMHAE CITY,DAEGU FC,1,4,0,1,A,0,0,0,0,0,0,0,0,0,0,0,0,0,0,0,0,0.0,0.0,1510335.0,,,,,,,,,,,,,,,,,,,,,,,,,,,,,,,,,,,,5,1,GIM,DAE,4,0,12,0,3,2,15,17,8,DAE/DAE,False,False,0.0,1.5
2026-05-17,K League 2,2026,HWASEONG,BUSAN I PARK,3,2,2,2,H,0,0,0,0,0,0,0,0,0,0,0,0,0,0,0,0,0.0,0.0,1510336.0,,,,,,,,,,,,,,,,,,,,,,,,,,,,,,,,,,,,5,4,HWA,BUS,1,0,12,3,0,16,28,7,1,E/HWA,True,False,2.0,0.0
2026-05-17,K League 2,2026,SEONGNAM FC,GYEONGNAM FC,1,1,0,0,D,0,0,0,0,0,0,0,0,0,0,0,0,0,0,0,0,0.0,0.0,1510337.0,,,,,,,,,,,,,,,,,,,,,,,,,,,,,,,,,,,,2,0,SEO,GYE,2,0,12,1,1,14,11,10,12,E/E,False,False,0.5,0.5
2026-05-17,K League 2,2026,ASAN MUGUNGHWA,SUWON CITY FC,1,3,0,2,A,0,0,0,0,0,0,0,0,0,0,0,0,0,0,0,0,0.0,0.0,1510338.0,,,,,,,,,,,,,,,,,,,,,,,,,,,,,,,,,,,,4,2,ASA,SUW,2,0,12,0,3,15,18,8,5,SUW/SUW,True,False,0.0,1.5
2026-05-23,K League 2,2026,CHEONGJU,HWASEONG,2,3,1,1,A,0,0,0,0,0,0,0,0,0,0,0,0,0,0,0,0,0.0,0.0,1510341.0,,,,,,,,,,,,,,,,,,,,,,,,,,,,,,,,,,,,5,2,CHE,HWA,3,0,13,0,3,10,19,15,5,E/HWA,True,False,0.0,1.5
2026-05-23,K League 2,2026,GYEONGNAM FC,SUWON CITY FC,3,2,1,2,H,0,0,0,0,0,0,0,0,0,0,0,0,0,0,0,0,0.0,0.0,1510339.0,,,,,,,,,,,,,,,,,,,,,,,,,,,,,,,,,,,,5,3,GYE,SUW,2,0,13,3,0,12,21,12,4,SUW/GYE,True,False,2.0,0.0
2026-05-23,K League 2,2026,JEONNAM DRAGONS,GIMHAE CITY,0,1,0,0,A,0,0,0,0,0,0,0,0,0,0,0,0,0,0,0,0,0.0,0.0,1510340.0,,,,,,,,,,,,,,,,,,,,,,,,,,,,,,,,,,,,1,0,JEO,GIM,1,0,13,0,3,7,2,16,17,E/GIM,False,False,0.0,1.5
2026-05-24,K League 2,2026,YONGIN CITY,ASAN MUGUNGHWA,0,0,0,0,D,0,0,0,0,0,0,0,0,0,0,0,0,0,0,0,0,0.0,0.0,1510342.0,,,,,,,,,,,,,,,,,,,,,,,,,,,,,,,,,,,,0,0,YON,ASA,0,0,13,1,1,10,15,14,8,E/E,False,False,0.5,0.5
2026-05-24,K League 2,2026,SEOUL E-LAND FC,SEONGNAM FC,3,1,2,0,H,0,0,0,0,0,0,0,0,0,0,0,0,0,0,0,0,0.0,0.0,1510344.0,,,,,,,,,,,,,,,,,,,,,,,,,,,,,,,,,,,,4,2,SEO,SEO,2,0,13,3,0,20,15,5,9,SEO/SEO,False,True,1.5,0.0
2026-05-24,K League 2,2026,DAEGU FC,ANSAN GREENERS,3,0,0,0,H,0,0,0,0,0,0,0,0,0,0,0,0,0,0,0,0,0.0,0.0,1510343.0,,,,,,,,,,,,,,,,,,,,,,,,,,,,,,,,,,,,3,0,DAE,ANS,3,0,13,3,0,18,11,6,14,E/DAE,False,True,1.5,0.0
2026-05-25,K League 2,2026,SUWON BLUEWINGS,CHEONAN CITY,3,2,1,0,H,0,0,0,0,0,0,0,0,0,0,0,0,0,0,0,0,0.0,0.0,1510346.0,,,,,,,,,,,,,,,,,,,,,,,,,,,,,,,,,,,,5,1,SUW,CHE,4,0,13,3,0,23,15,3,9,SUW/SUW,False,True,1.5,0.0
2026-05-25,K League 2,2026,PAJU CITIZEN,GIMPO CITIZEN,0,1,0,0,A,0,0,0,0,0,0,0,0,0,0,0,0,0,0,0,0,0.0,0.0,1510345.0,,,,,,,,,,,,,,,,,,,,,,,,,,,,,,,,,,,,1,0,PAJ,GIM,1,0,13,0,3,14,17,12,7,E/GIM,False,False,0.0,1.5
2026-05-30,K League 2,2026,ASAN MUGUNGHWA,SUWON BLUEWINGS,2,1,0,0,H,0,0,0,0,0,0,0,0,0,0,0,0,0,0,0,0,0.0,0.0,1510347.0,,,,,,,,,,,,,,,,,,,,,,,,,,,,,,,,,,,,3,0,ASA,SUW,3,0,14,3,0,16,26,8,2,E/ASA,True,False,2.0,0.0
2026-05-30,K League 2,2026,BUSAN I PARK,PAJU CITIZEN,4,1,1,0,H,0,0,0,0,0,0,0,0,0,0,0,0,0,0,0,0,0.0,0.0,1510348.0,,,,,,,,,,,,,,,,,,,,,,,,,,,,,,,,,,,,5,1,BUS,PAJ,4,0,14,3,0,28,14,1,12,BUS/BUS,False,True,1.5,0.0
2026-05-30,K League 2,2026,YONGIN CITY,DAEGU FC,1,1,0,0,D,0,0,0,0,0,0,0,0,0,0,0,0,0,0,0,0,0.0,0.0,1510349.0,,,,,,,,,,,,,,,,,,,,,,,,,,,,,,,,,,,,2,0,YON,DAE,2,0,14,1,1,11,21,13,5,E/E,True,False,0.5,0.5
2026-05-30,K League 2,2026,GIMHAE CITY,GIMPO CITIZEN,1,2,1,1,A,0,0,0,0,0,0,0,0,0,0,0,0,0,0,0,0,0.0,0.0,1510350.0,,,,,,,,,,,,,,,,,,,,,,,,,,,,,,,,,,,,3,2,GIM,GIM,1,0,14,0,3,5,20,17,7,E/GIM,False,False,0.0,1.5
2026-05-30,K League 2,2026,SUWON CITY FC,SEONGNAM FC,0,0,0,0,D,0,0,0,0,0,0,0,0,0,0,0,0,0,0,0,0,0.0,0.0,1510351.0,,,,,,,,,,,,,,,,,,,,,,,,,,,,,,,,,,,,0,0,SUW,SEO,0,0,14,1,1,21,15,7,10,E/E,False,False,0.5,0.5
2026-05-31,K League 2,2026,JEONNAM DRAGONS,SEOUL E-LAND FC,0,1,0,0,A,0,0,0,0,0,0,0,0,0,0,0,0,0,0,0,0,0.0,0.0,1510353.0,,,,,,,,,,,,,,,,,,,,,,,,,,,,,,,,,,,,1,0,JEO,SEO,1,0,14,0,3,7,23,16,3,E/SEO,True,False,0.0,1.5
2026-05-31,K League 2,2026,HWASEONG,GYEONGNAM FC,2,0,1,0,H,0,0,0,0,0,0,0,0,0,0,0,0,0,0,0,0,0.0,0.0,1510352.0,,,,,,,,,,,,,,,,,,,,,,,,,,,,,,,,,,,,2,1,HWA,GYE,1,0,14,3,0,22,15,7,11,HWA/HWA,False,False,1.5,0.0
2026-05-31,K League 2,2026,ANSAN GREENERS,CHEONAN CITY,1,3,1,1,A,0,0,0,0,0,0,0,0,0,0,0,0,0,0,0,0,0.0,0.0,1510354.0,,,,,,,,,,,,,,,,,,,,,,,,,,,,,,,,,,,,4,2,ANS,CHE,2,0,14,0,3,11,15,14,10,E/CHE,False,False,0.0,1.5
2026-06-05,K League 2,2026,BUSAN I PARK,ASAN MUGUNGHWA,2,2,2,2,D,0,0,0,0,0,0,0,0,0,0,0,0,0,0,0,0,0.0,0.0,1510355.0,,,,,,,,,,,,,,,,,,,,,,,,,,,,,,,,,,,,4,4,BUS,ASA,0,0,15,1,1,31,19,1,8,E/E,False,True,0.5,0.5
2026-06-05,K League 2,2026,DAEGU FC,PAJU CITIZEN,1,0,0,0,H,0,0,0,0,0,0,0,0,0,0,0,0,0,0,0,0,0.0,0.0,1510356.0,,,,,,,,,,,,,,,,,,,,,,,,,,,,,,,,,,,,1,0,DAE,PAJ,1,0,15,3,0,22,14,6,12,E/DAE,False,True,1.5,0.0
2026-06-05,K League 2,2026,SEONGNAM FC,GIMHAE CITY,1,1,0,0,D,0,0,0,0,0,0,0,0,0,0,0,0,0,0,0,0,0.0,0.0,1510357.0,,,,,,,,,,,,,,,,,,,,,,,,,,,,,,,,,,,,2,0,SEO,GIM,2,0,15,1,1,16,5,10,17,E/E,False,False,0.5,0.5
2026-06-06,K League 2,2026,HWASEONG,SUWON BLUEWINGS,1,2,1,0,A,0,0,0,0,0,0,0,0,0,0,0,0,0,0,0,0,0.0,0.0,1510359.0,,,,,,,,,,,,,,,,,,,,,,,,,,,,,,,,,,,,3,1,HWA,SUW,2,0,15,0,3,25,26,5,3,HWA/SUW,True,True,0.0,2.0
2026-06-06,K League 2,2026,GYEONGNAM FC,YONGIN CITY,2,2,0,0,D,0,0,0,0,0,0,0,0,0,0,0,0,0,0,0,0,0.0,0.0,1510358.0,,,,,,,,,,,,,,,,,,,,,,,,,,,,,,,,,,,,4,0,GYE,YON,4,0,15,1,1,15,12,11,13,E/E,False,False,0.5,0.5
2026-06-07,K League 2,2026,SEOUL E-LAND FC,CHEONGJU,1,2,1,0,A,0,0,0,0,0,0,0,0,0,0,0,0,0,0,0,0,0.0,0.0,1510362.0,,,,,,,,,,,,,,,,,,,,,,,,,,,,,,,,,,,,3,1,SEO,CHE,2,0,15,0,3,26,10,3,15,SEO/CHE,False,True,0.0,2.0
2026-06-07,K League 2,2026,GIMPO CITIZEN,JEONNAM DRAGONS,2,2,2,1,D,0,0,0,0,0,0,0,0,0,0,0,0,0,0,0,0,0.0,0.0,1510361.0,,,,,,,,,,,,,,,,,,,,,,,,,,,,,,,,,,,,4,3,GIM,JEO,1,0,15,1,1,23,7,6,16,GIM/E,False,True,0.5,0.5
2026-06-07,K League 2,2026,CHEONAN CITY,SUWON CITY FC,2,2,1,0,D,0,0,0,0,0,0,0,0,0,0,0,0,0,0,0,0,0.0,0.0,1510360.0,,,,,,,,,,,,,,,,,,,,,,,,,,,,,,,,,,,,4,1,CHE,SUW,3,0,15,1,1,18,22,9,7,CHE/E,False,False,0.5,0.5
2026-07-04,K League 2,2026,ANSAN GREENERS,SUWON CITY FC,1,3,1,0,A,0,0,0,0,0,0,0,0,0,0,0,0,0,0,0,0,0.0,0.0,1510363.0,,,,,,,,,,,,,,,,,,,,,,,,,,,,,,,,,,,,4,1,ANS,SUW,3,0,16,0,3,11,23,15,7,ANS/SUW,False,False,0.0,1.5
2026-07-04,K League 2,2026,CHEONGJU,DAEGU FC,1,5,0,2,A,0,0,0,0,0,0,0,0,0,0,0,0,0,0,0,0,0.0,0.0,1510364.0,,,,,,,,,,,,,,,,,,,,,,,,,,,,,,,,,,,,6,2,CHE,DAE,4,0,16,0,3,13,25,14,5,DAE/DAE,True,False,0.0,1.5
2026-07-04,K League 2,2026,PAJU CITIZEN,YONGIN CITY,0,1,0,0,A,0,0,0,0,0,0,0,0,0,0,0,0,0,0,0,0,0.0,0.0,1510365.0,,,,,,,,,,,,,,,,,,,,,,,,,,,,,,,,,,,,1,0,PAJ,YON,1,0,16,0,3,14,13,12,13,E/YON,False,False,0.0,1.5
2026-07-04,K League 2,2026,SUWON BLUEWINGS,SEONGNAM FC,1,0,1,0,H,0,0,0,0,0,0,0,0,0,0,0,0,0,0,0,0,0.0,0.0,1510366.0,,,,,,,,,,,,,,,,,,,,,,,,,,,,,,,,,,,,1,1,SUW,SEO,0,0,16,3,0,29,17,2,10,SUW/SUW,False,True,1.5,0.0
2026-07-05,K League 2,2026,JEONNAM DRAGONS,BUSAN I PARK,3,3,2,0,D,0,0,0,0,0,0,0,0,0,0,0,0,0,0,0,0,0.0,0.0,1510370.0,,,,,,,,,,,,,,,,,,,,,,,,,,,,,,,,,,,,6,2,JEO,BUS,4,0,16,1,1,8,32,16,1,JEO/E,True,False,0.5,0.5
2026-07-05,K League 2,2026,GIMHAE CITY,SEOUL E-LAND FC,1,3,0,0,A,0,0,0,0,0,0,0,0,0,0,0,0,0,0,0,0,0.0,0.0,1510367.0,,,,,,,,,,,,,,,,,,,,,,,,,,,,,,,,,,,,4,0,GIM,SEO,4,0,16,0,3,6,26,17,5,E/SEO,True,False,0.0,1.5
2026-07-05,K League 2,2026,GYEONGNAM FC,CHEONAN CITY,2,1,0,0,H,0,0,0,0,0,0,0,0,0,0,0,0,0,0,0,0,0.0,0.0,1510369.0,,,,,,,,,,,,,,,,,,,,,,,,,,,,,,,,,,,,3,0,GYE,CHE,3,0,16,3,0,16,19,12,9,E/GYE,False,False,1.5,0.0
2026-07-05,K League 2,2026,GIMPO CITIZEN,ASAN MUGUNGHWA,0,2,0,0,A,0,0,0,0,0,0,0,0,0,0,0,0,0,0,0,0,0.0,0.0,1510368.0,,,,,,,,,,,,,,,,,,,,,,,,,,,,,,,,,,,,2,0,GIM,ASA,2,0,16,0,3,24,20,7,8,E/ASA,False,False,0.0,1.5
2026-07-10,K League 2,2026,CHEONAN CITY,GIMHAE CITY,0,1,0,1,A,0,0,0,0,0,0,0,0,0,0,0,0,0,0,0,0,0.0,0.0,1510371.0,,,,,,,,,,,,,,,,,,,,,,,,,,,,,,,,,,,,1,1,CHE,GIM,0,0,17,0,3,19,6,9,17,GIM/GIM,False,False,0.0,1.5
2026-07-10,K League 2,2026,SUWON CITY FC,JEONNAM DRAGONS,5,0,2,0,H,0,0,0,0,0,0,0,0,0,0,0,0,0,0,0,0,0.0,0.0,1510372.0,,,,,,,,,,,,,,,,,,,,,,,,,,,,,,,,,,,,5,2,SUW,JEO,3,0,17,3,0,26,9,5,16,SUW/SUW,False,True,1.5,0.0
2026-07-11,K League 2,2026,YONGIN CITY,CHEONGJU,1,1,0,1,D,0,0,0,0,0,0,0,0,0,0,0,0,0,0,0,0,0.0,0.0,1510376.0,,,,,,,,,,,,,,,,,,,,,,,,,,,,,,,,,,,,2,1,YON,CHE,1,0,17,1,1,16,13,12,14,CHE/E,False,False,0.5,0.5
2026-07-11,K League 2,2026,HWASEONG,PAJU CITIZEN,1,2,0,1,A,0,0,0,0,0,0,0,0,0,0,0,0,0,0,0,0,0.0,0.0,1510375.0,,,,,,,,,,,,,,,,,,,,,,,,,,,,,,,,,,,,3,1,HWA,PAJ,2,0,17,0,3,25,14,6,13,PAJ/PAJ,False,True,0.0,2.0
2026-07-11,K League 2,2026,DAEGU FC,SEONGNAM FC,3,2,1,1,H,0,0,0,0,0,0,0,0,0,0,0,0,0,0,0,0,0.0,0.0,1510374.0,,,,,,,,,,,,,,,,,,,,,,,,,,,,,,,,,,,,5,2,DAE,SEO,3,0,17,3,0,28,17,5,11,E/DAE,False,True,1.5,0.0
2026-07-11,K League 2,2026,ANSAN GREENERS,SUWON BLUEWINGS,2,1,0,1,H,0,0,0,0,0,0,0,0,0,0,0,0,0,0,0,0,0.0,0.0,1510373.0,,,,,,,,,,,,,,,,,,,,,,,,,,,,,,,,,,,,3,1,ANS,SUW,2,0,17,3,0,11,32,15,2,SUW/ANS,True,False,2.0,0.0
2026-07-12,K League 2,2026,ASAN MUGUNGHWA,GYEONGNAM FC,1,1,1,1,D,0,0,0,0,0,0,0,0,0,0,0,0,0,0,0,0,0.0,0.0,1510377.0,,,,,,,,,,,,,,,,,,,,,,,,,,,,,,,,,,,,2,2,ASA,GYE,0,0,17,1,1,23,19,8,10,E/E,False,False,0.5,0.5
2026-07-12,K League 2,2026,BUSAN I PARK,GIMPO CITIZEN,2,0,1,0,H,0,0,0,0,0,0,0,0,0,0,0,0,0,0,0,0,0.0,0.0,1510378.0,,,,,,,,,,,,,,,,,,,,,,,,,,,,,,,,,,,,2,1,BUS,GIM,1,0,17,3,0,33,24,1,8,BUS/BUS,False,True,1.5,0.0
2026-07-18,K League 2,2026,SUWON CITY FC,SEOUL E-LAND FC,2,2,1,0,D,0,0,0,0,0,0,0,0,0,0,0,0,0,0,0,0,0.0,0.0,1510382.0,,,,,,,,,,,,,,,,,,,,,,,,,,,,,,,,,,,,4,1,SUW,SEO,3,0,18,1,1,29,29,4,5,SUW/E,True,True,0.5,0.5
2026-07-18,K League 2,2026,SEONGNAM FC,BUSAN I PARK,1,0,1,0,H,0,0,0,0,0,0,0,0,0,0,0,0,0,0,0,0,0.0,0.0,1510381.0,,,,,,,,,,,,,,,,,,,,,,,,,,,,,,,,,,,,1,1,SEO,BUS,0,0,18,3,0,17,36,11,1,SEO/SEO,True,False,2.0,0.0
2026-07-18,K League 2,2026,JEONNAM DRAGONS,ASAN MUGUNGHWA,1,0,0,0,H,0,0,0,0,0,0,0,0,0,0,0,0,0,0,0,0,0.0,0.0,1510380.0,,,,,,,,,,,,,,,,,,,,,,,,,,,,,,,,,,,,1,0,JEO,ASA,1,0,18,3,0,9,24,16,7,E/JEO,False,False,1.5,0.0
2026-07-18,K League 2,2026,GIMPO CITIZEN,DAEGU FC,1,1,0,1,D,0,0,0,0,0,0,0,0,0,0,0,0,0,0,0,0,0.0,0.0,1510379.0,,,,,,,,,,,,,,,,,,,,,,,,,,,,,,,,,,,,2,1,GIM,DAE,1,0,18,1,1,24,31,8,3,DAE/E,True,False,0.5,0.5
2026-07-19,K League 2,2026,CHEONGJU,CHEONAN CITY,1,0,1,0,H,0,0,0,0,0,0,0,0,0,0,0,0,0,0,0,0,0.0,0.0,1510383.0,,,,,,,,,,,,,,,,,,,,,,,,,,,,,,,,,,,,1,1,CHE,CHE,0,0,18,3,0,14,19,14,11,CHE/CHE,False,False,1.5,0.0
2026-07-19,K League 2,2026,GYEONGNAM FC,ANSAN GREENERS,5,0,3,0,H,0,0,0,0,0,0,0,0,0,0,0,0,0,0,0,0,0.0,0.0,1510384.0,,,,,,,,,,,,,,,,,,,,,,,,,,,,,,,,,,,,5,3,GYE,ANS,2,0,18,3,0,20,14,10,15,GYE/GYE,False,False,1.5,0.0
2026-07-19,K League 2,2026,YONGIN CITY,HWASEONG,0,3,0,2,A,0,0,0,0,0,0,0,0,0,0,0,0,0,0,0,0,0.0,0.0,1510386.0,,,,,,,,,,,,,,,,,,,,,,,,,,,,,,,,,,,,3,2,YON,HWA,1,0,18,0,3,17,25,12,6,HWA/HWA,True,False,0.0,1.5
2026-07-19,K League 2,2026,SUWON BLUEWINGS,PAJU CITIZEN,0,0,0,0,D,0,0,0,0,0,0,0,0,0,0,0,0,0,0,0,0,0.0,0.0,1510385.0,,,,,,,,,,,,,,,,,,,,,,,,,,,,,,,,,,,,0,0,SUW,PAJ,0,0,18,1,1,32,17,3,12,E/E,False,True,0.5,0.5
2026-07-24,K League 2,2026,GIMHAE CITY,CHEONGJU,1,1,0,0,D,0,0,0,0,0,0,0,0,0,0,0,0,0,0,0,0,0.0,0.0,1510387.0,,,,,,,,,,,,,,,,,,,,,,,,,,,,,,,,,,,,2,0,GIM,CHE,2,0,19,1,1,9,17,17,14,E/E,False,False,0.5,0.5
2026-07-24,K League 2,2026,SEOUL E-LAND FC,CHEONAN CITY,4,3,1,1,H,0,0,0,0,0,0,0,0,0,0,0,0,0,0,0,0,0.0,0.0,1510388.0,,,,,,,,,,,,,,,,,,,,,,,,,,,,,,,,,,,,7,2,SEO,CHE,5,0,19,3,0,30,19,5,11,E/SEO,False,True,1.5,0.0
2026-07-25,K League 2,2026,HWASEONG,ASAN MUGUNGHWA,3,2,2,0,H,0,0,0,0,0,0,0,0,0,0,0,0,0,0,0,0,0.0,0.0,1510391.0,,,,,,,,,,,,,,,,,,,,,,,,,,,,,,,,,,,,5,2,HWA,ASA,3,0,19,3,0,28,24,6,8,HWA/HWA,False,True,1.5,0.0
2026-07-25,K League 2,2026,DAEGU FC,SUWON CITY FC,1,2,0,2,A,0,0,0,0,0,0,0,0,0,0,0,0,0,0,0,0,0.0,0.0,1510390.0,,,,,,,,,,,,,,,,,,,,,,,,,,,,,,,,,,,,3,2,DAE,SUW,1,0,19,0,3,32,30,4,6,SUW/SUW,True,True,0.0,2.0
2026-07-25,K League 2,2026,JEONNAM DRAGONS,GYEONGNAM FC,1,1,1,0,D,0,0,0,0,0,0,0,0,0,0,0,0,0,0,0,0,0.0,0.0,1510392.0,,,,,,,,,,,,,,,,,,,,,,,,,,,,,,,,,,,,2,1,JEO,GYE,1,0,19,1,1,12,23,16,9,JEO/E,False,False,0.5,0.5
2026-07-25,K League 2,2026,BUSAN I PARK,SUWON BLUEWINGS,1,4,1,1,A,0,0,0,0,0,0,0,0,0,0,0,0,0,0,0,0,0.0,0.0,1510389.0,,,,,,,,,,,,,,,,,,,,,,,,,,,,,,,,,,,,5,2,BUS,SUW,3,0,19,0,3,36,33,1,4,E/SUW,True,True,0.0,2.0
2026-07-26,K League 2,2026,GIMPO CITIZEN,YONGIN CITY,1,1,0,0,D,0,0,0,0,0,0,0,0,0,0,0,0,0,0,0,0,0.0,0.0,1510393.0,,,,,,,,,,,,,,,,,,,,,,,,,,,,,,,,,,,,2,0,GIM,YON,2,0,19,1,1,25,17,7,14,E/E,False,False,0.5,0.5
2026-07-26,K League 2,2026,PAJU CITIZEN,ANSAN GREENERS,0,1,0,0,A,0,0,0,0,0,0,0,0,0,0,0,0,0,0,0,0,0.0,0.0,1510394.0,,,,,,,,,,,,,,,,,,,,,,,,,,,,,,,,,,,,1,0,PAJ,ANS,1,0,19,0,3,18,14,12,15,E/ANS,False,False,0.0,1.5
2026-08-01,K League 2,2026,ASAN MUGUNGHWA,SEONGNAM FC,2,0,0,0,H,0,0,0,0,0,0,0,0,0,0,0,0,0,0,0,0,0.0,0.0,1510395.0,,,,,,,,,,,,,,,,,,,,,,,,,,,,,,,,,,,,2,0,ASA,SEO,2,0,20,3,0,24,20,8,10,E/ASA,False,False,1.5,0.0
2026-08-01,K League 2,2026,CHEONAN CITY,YONGIN CITY,2,2,1,1,D,0,0,0,0,0,0,0,0,0,0,0,0,0,0,0,0,0.0,0.0,1510396.0,,,,,,,,,,,,,,,,,,,,,,,,,,,,,,,,,,,,4,2,CHE,YON,2,0,20,1,1,19,18,11,12,E/E,False,False,0.5,0.5
2026-08-01,K League 2,2026,CHEONGJU,SUWON BLUEWINGS,2,2,1,0,D,0,0,0,0,0,0,0,0,0,0,0,0,0,0,0,0,0.0,0.0,1510397.0,,,,,,,,,,,,,,,,,,,,,,,,,,,,,,,,,,,,4,1,CHE,SUW,3,0,20,1,1,18,36,14,2,CHE/E,True,False,0.5,0.5
2026-08-01,K League 2,2026,HWASEONG,DAEGU FC,5,1,3,0,H,0,0,0,0,0,0,0,0,0,0,0,0,0,0,0,0,0.0,0.0,1510398.0,,,,,,,,,,,,,,,,,,,,,,,,,,,,,,,,,,,,6,3,HWA,DAE,3,0,20,3,0,31,32,6,5,HWA/HWA,True,True,2.0,0.0
2026-08-02,K League 2,2026,GIMPO CITIZEN,GYEONGNAM FC,1,1,1,1,D,0,0,0,0,0,0,0,0,0,0,0,0,0,0,0,0,0.0,0.0,1510401.0,,,,,,,,,,,,,,,,,,,,,,,,,,,,,,,,,,,,2,2,GIM,GYE,0,0,20,1,1,26,24,8,9,E/E,False,False,0.5,0.5
2026-08-02,K League 2,2026,ANSAN GREENERS,GIMHAE CITY,2,2,1,2,D,0,0,0,0,0,0,0,0,0,0,0,0,0,0,0,0,0.0,0.0,1510399.0,,,,,,,,,,,,,,,,,,,,,,,,,,,,,,,,,,,,4,3,ANS,GIM,1,0,20,1,1,17,10,15,17,GIM/E,False,False,0.5,0.5
2026-08-02,K League 2,2026,BUSAN I PARK,SEOUL E-LAND FC,1,2,0,0,A,0,0,0,0,0,0,0,0,0,0,0,0,0,0,0,0,0.0,0.0,1510400.0,,,,,,,,,,,,,,,,,,,,,,,,,,,,,,,,,,,,3,0,BUS,SEO,3,0,20,0,3,36,33,2,5,E/SEO,True,True,0.0,2.0
2026-08-02,K League 2,2026,JEONNAM DRAGONS,PAJU CITIZEN,1,2,0,0,A,0,0,0,0,0,0,0,0,0,0,0,0,0,0,0,0,0.0,0.0,1510402.0,,,,,,,,,,,,,,,,,,,,,,,,,,,,,,,,,,,,3,0,JEO,PAJ,3,0,20,0,3,13,18,16,14,E/PAJ,False,False,0.0,1.5
2026-08-07,K League 2,2026,SUWON BLUEWINGS,GIMHAE CITY,1,0,0,0,H,0,0,0,0,0,0,0,0,0,0,0,0,0,0,0,0,0.0,0.0,1510407.0,,,,,,,,,,,,,,,,,,,,,,,,,,,,,,,,,,,,1,0,SUW,GIM,1,0,21,3,0,37,11,1,17,E/SUW,False,True,1.5,0.0
2026-08-07,K League 2,2026,ASAN MUGUNGHWA,ANSAN GREENERS,1,1,1,0,D,0,0,0,0,0,0,0,0,0,0,0,0,0,0,0,0,0.0,0.0,1510403.0,,,,,,,,,,,,,,,,,,,,,,,,,,,,,,,,,,,,2,1,ASA,ANS,1,0,21,1,1,27,18,7,15,ASA/E,False,False,0.5,0.5
2026-08-07,K League 2,2026,YONGIN CITY,BUSAN I PARK,2,0,0,0,H,0,0,0,0,0,0,0,0,0,0,0,0,0,0,0,0,0.0,0.0,1510408.0,,,,,,,,,,,,,,,,,,,,,,,,,,,,,,,,,,,,2,0,YON,BUS,2,0,21,3,0,19,36,13,3,E/YON,True,False,2.0,0.0
2026-08-07,K League 2,2026,GYEONGNAM FC,DAEGU FC,0,1,0,0,A,0,0,0,0,0,0,0,0,0,0,0,0,0,0,0,0,0.0,0.0,1510405.0,,,,,,,,,,,,,,,,,,,,,,,,,,,,,,,,,,,,1,0,GYE,DAE,1,0,21,0,3,25,32,9,6,E/DAE,True,False,0.0,1.5
2026-08-07,K League 2,2026,GIMPO CITIZEN,CHEONGJU,3,0,2,0,H,0,0,0,0,0,0,0,0,0,0,0,0,0,0,0,0,0.0,0.0,1510404.0,,,,,,,,,,,,,,,,,,,,,,,,,,,,,,,,,,,,3,2,GIM,CHE,1,0,21,3,0,27,19,8,14,GIM/GIM,False,False,1.5,0.0
2026-08-07,K League 2,2026,HWASEONG,SEOUL E-LAND FC,0,0,0,0,D,0,0,0,0,0,0,0,0,0,0,0,0,0,0,0,0,0.0,0.0,1510406.0,,,,,,,,,,,,,,,,,,,,,,,,,,,,,,,,,,,,0,0,HWA,SEO,0,0,21,1,1,34,36,5,2,E/E,True,True,0.5,0.5
2026-08-08,K League 2,2026,PAJU CITIZEN,SUWON CITY FC,0,1,0,0,A,0,0,0,0,0,0,0,0,0,0,0,0,0,0,0,0,0.0,0.0,1510409.0,,,,,,,,,,,,,,,,,,,,,,,,,,,,,,,,,,,,1,0,PAJ,SUW,1,0,21,0,3,21,33,11,6,E/SUW,True,False,0.0,1.5
2026-08-08,K League 2,2026,SEONGNAM FC,CHEONAN CITY,3,2,2,1,H,0,0,0,0,0,0,0,0,0,0,0,0,0,0,0,0,0.0,0.0,1510410.0,,,,,,,,,,,,,,,,,,,,,,,,,,,,,,,,,,,,5,3,SEO,CHE,2,0,21,3,0,20,20,13,12,SEO/SEO,False,False,1.5,0.0
2026-08-15,K League 2,2026,BUSAN I PARK,HWASEONG,0,0,0,0,D,0,0,0,0,0,0,0,0,0,0,0,0,0,0,0,0,0.0,0.0,1510411.0,,,,,,,,,,,,,,,,,,,,,,,,,,,,,,,,,,,,0,0,BUS,HWA,0,0,22,1,1,36,35,4,5,E/E,True,True,0.5,0.5
2026-08-15,K League 2,2026,CHEONGJU,JEONNAM DRAGONS,2,1,0,0,H,0,0,0,0,0,0,0,0,0,0,0,0,0,0,0,0,0.0,0.0,1510412.0,,,,,,,,,,,,,,,,,,,,,,,,,,,,,,,,,,,,3,0,CHE,JEO,3,0,22,3,0,19,13,14,16,E/CHE,False,False,1.5,0.0
2026-08-15,K League 2,2026,GIMHAE CITY,GYEONGNAM FC,1,1,0,0,D,0,0,0,0,0,0,0,0,0,0,0,0,0,0,0,0,0.0,0.0,1510413.0,,,,,,,,,,,,,,,,,,,,,,,,,,,,,,,,,,,,2,0,GIM,GYE,2,0,22,1,1,11,25,17,9,E/E,False,False,0.5,0.5
2026-08-15,K League 2,2026,SUWON BLUEWINGS,SUWON CITY FC,2,2,1,1,D,0,0,0,0,0,0,0,0,0,0,0,0,0,0,0,0,0.0,0.0,1510414.0,,,,,,,,,,,,,,,,,,,,,,,,,,,,,,,,,,,,4,2,SUW,SUW,2,0,22,1,1,40,36,1,4,E/E,True,True,0.5,0.5
2026-08-16,K League 2,2026,DAEGU FC,ASAN MUGUNGHWA,2,0,0,0,H,0,0,0,0,0,0,0,0,0,0,0,0,0,0,0,0,0.0,0.0,1510415.0,,,,,,,,,,,,,,,,,,,,,,,,,,,,,,,,,,,,2,0,DAE,ASA,2,0,22,3,0,35,28,6,8,E/DAE,False,True,1.5,0.0
2026-08-16,K League 2,2026,GIMPO CITIZEN,CHEONAN CITY,1,1,1,1,D,0,0,0,0,0,0,0,0,0,0,0,0,0,0,0,0,0.0,0.0,1510416.0,,,,,,,,,,,,,,,,,,,,,,,,,,,,,,,,,,,,2,2,GIM,CHE,0,0,22,1,1,30,20,7,14,E/E,False,False,0.5,0.5
2026-08-16,K League 2,2026,PAJU CITIZEN,SEONGNAM FC,2,1,0,1,H,0,0,0,0,0,0,0,0,0,0,0,0,0,0,0,0,0.0,0.0,1510417.0,,,,,,,,,,,,,,,,,,,,,,,,,,,,,,,,,,,,3,1,PAJ,SEO,2,0,22,3,0,21,23,14,10,SEO/PAJ,False,False,1.5,0.0
2026-08-16,K League 2,2026,SEOUL E-LAND FC,ANSAN GREENERS,3,1,1,1,H,0,0,0,0,0,0,0,0,0,0,0,0,0,0,0,0,0.0,0.0,1510418.0,,,,,,,,,,,,,,,,,,,,,,,,,,,,,,,,,,,,4,2,SEO,ANS,2,0,22,3,0,37,19,4,15,E/SEO,False,True,1.5,0.0
2026-08-22,K League 2,2026,ANSAN GREENERS,SEONGNAM FC,1,2,1,0,A,0,0,0,0,0,0,0,0,0,0,0,0,0,0,0,0,0.0,0.0,1510419.0,,,,,,,,,,,,,,,,,,,,,,,,,,,,,,,,,,,,3,1,ANS,SEO,2,0,23,0,3,19,23,15,11,ANS/SEO,False,False,0.0,1.5
2026-08-22,K League 2,2026,CHEONAN CITY,SUWON BLUEWINGS,0,1,0,0,A,0,0,0,0,0,0,0,0,0,0,0,0,0,0,0,0,0.0,0.0,1510420.0,,,,,,,,,,,,,,,,,,,,,,,,,,,,,,,,,,,,1,0,CHE,SUW,1,0,23,0,3,21,41,14,1,E/SUW,True,False,0.0,1.5
2026-08-22,K League 2,2026,SUWON CITY FC,GIMHAE CITY,2,0,1,0,H,0,0,0,0,0,0,0,0,0,0,0,0,0,0,0,0,0.0,0.0,1510422.0,,,,,,,,,,,,,,,,,,,,,,,,,,,,,,,,,,,,2,1,SUW,GIM,1,0,23,3,0,37,12,4,17,SUW/SUW,False,True,1.5,0.0
2026-08-22,K League 2,2026,DAEGU FC,BUSAN I PARK,1,1,0,0,D,0,0,0,0,0,0,0,0,0,0,0,0,0,0,0,0,0.0,0.0,1510421.0,,,,,,,,,,,,,,,,,,,,,,,,,,,,,,,,,,,,2,0,DAE,BUS,2,0,23,1,1,38,37,4,5,E/E,True,True,0.5,0.5
2026-08-23,K League 2,2026,CHEONGJU,GYEONGNAM FC,1,1,1,1,D,0,0,0,0,0,0,0,0,0,0,0,0,0,0,0,0,0.0,0.0,1510424.0,,,,,,,,,,,,,,,,,,,,,,,,,,,,,,,,,,,,2,2,CHE,GYE,0,0,23,1,1,22,26,13,9,E/E,False,False,0.5,0.5
2026-08-23,K League 2,2026,ASAN MUGUNGHWA,YONGIN CITY,2,1,1,0,H,0,0,0,0,0,0,0,0,0,0,0,0,0,0,0,0,0.0,0.0,1510423.0,,,,,,,,,,,,,,,,,,,,,,,,,,,,,,,,,,,,3,1,ASA,YON,2,0,23,3,0,28,22,8,13,ASA/ASA,False,False,1.5,0.0
2026-08-23,K League 2,2026,SEOUL E-LAND FC,PAJU CITIZEN,1,1,0,0,D,0,0,0,0,0,0,0,0,0,0,0,0,0,0,0,0,0.0,0.0,1510426.0,,,,,,,,,,,,,,,,,,,,,,,,,,,,,,,,,,,,2,0,SEO,PAJ,2,0,23,1,1,40,24,3,11,E/E,False,True,0.5,0.5
2026-08-23,K League 2,2026,JEONNAM DRAGONS,HWASEONG,1,0,1,0,H,0,0,0,0,0,0,0,0,0,0,0,0,0,0,0,0,0.0,0.0,1510425.0,,,,,,,,,,,,,,,,,,,,,,,,,,,,,,,,,,,,1,1,JEO,HWA,0,0,23,3,0,13,36,16,6,JEO/JEO,True,False,2.0,0.0
2026-08-28,K League 2,2026,JEONNAM DRAGONS,CHEONAN CITY,1,0,0,0,H,0,0,0,0,0,0,0,0,0,0,0,0,0,0,0,0,0.0,0.0,1510428.0,,,,,,,,,,,,,,,,,,,,,,,,,,,,,,,,,,,,1,0,JEO,CHE,1,0,24,3,0,16,21,16,14,E/JEO,False,False,1.5,0.0
2026-08-28,K League 2,2026,ANSAN GREENERS,DAEGU FC,1,2,1,0,A,0,0,0,0,0,0,0,0,0,0,0,0,0,0,0,0,0.0,0.0,1510427.0,,,,,,,,,,,,,,,,,,,,,,,,,,,,,,,,,,,,3,1,ANS,DAE,2,0,24,0,3,19,39,16,4,ANS/DAE,True,False,0.0,1.5
2026-08-29,K League 2,2026,SEONGNAM FC,SEOUL E-LAND FC,1,1,0,0,D,0,0,0,0,0,0,0,0,0,0,0,0,0,0,0,0,0.0,0.0,1510432.0,,,,,,,,,,,,,,,,,,,,,,,,,,,,,,,,,,,,2,0,SEO,SEO,2,0,24,1,1,26,41,10,3,E/E,True,False,0.5,0.5
2026-08-29,K League 2,2026,HWASEONG,CHEONGJU,2,1,0,0,H,0,0,0,0,0,0,0,0,0,0,0,0,0,0,0,0,0.0,0.0,1510431.0,,,,,,,,,,,,,,,,,,,,,,,,,,,,,,,,,,,,3,0,HWA,CHE,3,0,24,3,0,36,23,6,12,E/HWA,False,True,1.5,0.0
2026-08-29,K League 2,2026,GYEONGNAM FC,PAJU CITIZEN,1,0,0,0,H,0,0,0,0,0,0,0,0,0,0,0,0,0,0,0,0,0.0,0.0,1510430.0,,,,,,,,,,,,,,,,,,,,,,,,,,,,,,,,,,,,1,0,GYE,PAJ,1,0,24,3,0,27,25,9,11,E/GYE,False,False,1.5,0.0
2026-08-29,K League 2,2026,GIMPO CITIZEN,SUWON BLUEWINGS,1,4,0,1,A,0,0,0,0,0,0,0,0,0,0,0,0,0,0,0,0,0.0,0.0,1510429.0,,,,,,,,,,,,,,,,,,,,,,,,,,,,,,,,,,,,5,1,GIM,SUW,4,0,24,0,3,31,44,8,1,SUW/SUW,True,False,0.0,1.5
2026-08-30,K League 2,2026,GIMHAE CITY,YONGIN CITY,0,3,0,3,A,0,0,0,0,0,0,0,0,0,0,0,0,0,0,0,0,0.0,0.0,1510433.0,,,,,,,,,,,,,,,,,,,,,,,,,,,,,,,,,,,,3,3,GIM,YON,0,0,24,0,3,12,22,17,13,YON/YON,False,False,0.0,1.5
2026-08-30,K League 2,2026,SUWON CITY FC,BUSAN I PARK,2,1,1,1,H,0,0,0,0,0,0,0,0,0,0,0,0,0,0,0,0,0.0,0.0,1510434.0,,,,,,,,,,,,,,,,,,,,,,,,,,,,,,,,,,,,3,2,SUW,BUS,1,0,24,3,0,40,38,4,6,E/SUW,True,True,2.0,0.0
2026-08-15,LaLiga EA Sports,2026/2027,ALAVES,GETAFE,3,0,0,0,H,18,6,8,2,16,13,5,3,4,3,0,1,354,339,2,5,52.0,48.0,1570333.0,,,,,,,,,,,,,,,,,,,,,,,,,,,,,,,,,,,,3,0,ALA,GET,3,8,1,3,0,0,0,1,2,E/ALA,True,True,2.89,-0.6000000000000001
2026-08-15,LaLiga EA Sports,2026/2027,SEVILLA,RAYO VALLECANO,2,1,0,1,H,13,6,4,3,18,18,1,2,4,4,1,0,319,335,2,2,49.0,51.0,1570341.0,,,,,,,,,,,,,,,,,,,,,,,,,,,,,,,,,,,,3,1,SEV,RAY,2,3,1,3,0,0,0,2,3,RAY/SEV,True,True,1.81,-0.07000000000000006
2026-08-16,LaLiga EA Sports,2026/2027,ESPANYOL,LEVANTE,3,0,2,0,H,16,4,6,0,17,7,0,1,3,0,0,0,457,390,0,3,54.0,46.0,1570338.0,,,,,,,,,,,,,,,,,,,,,,,,,,,,,,,,,,,,3,2,ESP,LEV,1,1,1,3,0,0,0,3,4,ESP/ESP,True,True,2.58,-0.25000000000000006
2026-08-16,LaLiga EA Sports,2026/2027,RACING SANTANDER,VILLARREAL,2,2,2,2,D,17,12,3,7,14,14,6,10,2,4,0,0,377,536,5,3,41.0,59.0,1570339.0,,,,,,,,,,,,,,,,,,,,,,,,,,,,,,,,,,,,4,4,RAC,VIL,0,16,1,1,1,0,0,4,5,E/E,True,True,0.49999999999999994,1.38
2026-08-17,LaLiga EA Sports,2026/2027,DEPORTIVO LA CORUNA,ELCHE,1,1,1,0,D,8,11,3,6,17,12,2,6,2,2,0,0,401,641,5,2,39.0,61.0,1570337.0,,,,,,,,,,,,,,,,,,,,,,,,,,,,,,,,,,,,2,1,DEP,ELC,1,8,1,1,1,0,0,6,7,DEP/E,False,True,0.4299999999999999,1.31
2026-08-19,LaLiga EA Sports,2026/2027,ATLETICO MADRID,MALAGA,2,0,0,0,H,15,5,6,1,17,11,6,1,2,3,0,0,520,467,1,4,53.0,47.0,1570334.0,,,,,,,,,,,,,,,,,,,,,,,,,,,,,,,,,,,,2,0,ATM,MAL,2,7,1,3,0,0,0,8,9,E/ATM,False,False,2.43,-0.52
2026-08-20,LaLiga EA Sports,2026/2027,RAYO VALLECANO,ALAVES,1,1,0,0,D,8,15,3,3,14,13,9,7,1,2,0,0,323,340,2,2,48.0,52.0,1570351.0,,,,,,,,,,,,,,,,,,,,,,,,,,,,,,,,,,,,2,0,RAY,ALA,2,16,2,1,1,0,3,17,1,E/E,True,False,1.0099999999999998,0.77
2026-08-21,LaLiga EA Sports,2026/2027,REAL BETIS,REAL SOCIEDAD,1,0,0,0,H,18,9,7,3,9,12,4,5,3,3,0,0,481,516,3,6,48.0,52.0,1570345.0,,,,,,,,,,,,,,,,,,,,,,,,,,,,,,,,,,,,1,0,BET,RSO,1,9,2,3,0,0,0,10,11,E/BET,False,False,2.2,-0.030000000000000138
2026-08-22,LaLiga EA Sports,2026/2027,ATHLETIC CLUB,SEVILLA,1,3,0,1,A,18,7,8,4,11,16,10,3,2,5,1,0,517,285,2,6,65.0,35.0,1570343.0,,,,,,,,,,,,,,,,,,,,,,,,,,,,,,,,,,,,4,1,ATH,SEV,3,13,2,0,3,0,3,11,4,SEV/SEV,True,False,0.99,1.1500000000000001
2026-08-22,LaLiga EA Sports,2026/2027,ESPANYOL,REAL MADRID,1,2,1,1,A,5,6,2,5,7,1,0,0,1,1,0,0,129,242,3,1,35.0,65.0,1570347.0,,,,,,,,,,,,,,,,,,,,,,,,,,,,,,,,,,,,3,2,ESP,RMA,1,0,2,0,3,3,0,3,11,E/RMA,False,True,-0.05000000000000002,2.55
2026-08-22,LaLiga EA Sports,2026/2027,VALENCIA,CELTA VIGO,0,0,0,0,D,8,7,2,3,17,17,1,2,2,3,0,0,486,616,3,2,44.0,56.0,1570352.0,,,,,,,,,,,,,,,,,,,,,,,,,,,,,,,,,,,,0,0,VAL,CEL,0,3,2,1,1,0,0,12,13,E/E,False,False,0.46,0.6299999999999999
2026-08-23,LaLiga EA Sports,2026/2027,ATLETICO MADRID,VILLARREAL,2,2,0,0,D,19,13,4,6,12,13,5,3,3,2,1,0,520,498,4,2,52.0,48.0,1570344.0,,,,,,,,,,,,,,,,,,,,,,,,,,,,,,,,,,,,4,0,ATM,VIL,4,8,2,1,1,3,1,4,8,E/E,False,True,0.43999999999999995,1.05
2026-08-23,LaLiga EA Sports,2026/2027,ELCHE,BARCELONA,0,5,0,2,A,7,11,2,7,13,12,3,1,1,0,0,0,435,533,2,2,46.0,54.0,1570346.0,,,,,,,,,,,,,,,,,,,,,,,,,,,,,,,,,,,,5,2,ELC,FCB,3,4,2,0,3,1,0,10,14,FCB/FCB,False,False,-0.02000000000000003,2.4399999999999995
2026-08-23,LaLiga EA Sports,2026/2027,GETAFE,RACING SANTANDER,1,0,0,0,H,12,6,1,3,14,17,8,6,1,3,0,0,332,469,3,0,43.0,57.0,1570348.0,,,,,,,,,,,,,,,,,,,,,,,,,,,,,,,,,,,,1,0,GET,RAC,1,14,2,3,0,0,1,19,9,E/GET,False,False,1.6799999999999997,0.23999999999999988
2026-08-24,LaLiga EA Sports,2026/2027,MALAGA,DEPORTIVO LA CORUNA,1,1,1,1,D,13,6,2,4,12,12,7,4,1,4,0,0,528,433,4,1,55.0,45.0,1570349.0,,,,,,,,,,,,,,,,,,,,,,,,,,,,,,,,,,,,2,2,MAL,DEP,0,11,2,1,1,0,1,19,10,E/E,False,False,0.7700000000000002,0.66
2026-08-24,LaLiga EA Sports,2026/2027,OSASUNA,LEVANTE,0,0,0,0,D,12,11,7,1,9,12,9,4,2,1,0,0,343,410,1,7,46.0,54.0,1570350.0,,,,,,,,,,,,,,,,,,,,,,,,,,,,,,,,,,,,0,0,OSA,LEV,0,13,2,1,1,0,0,17,20,E/E,False,False,1.67,0.22
2026-08-25,LaLiga EA Sports,2026/2027,VALENCIA,REAL BETIS,0,1,0,0,A,16,15,3,3,10,11,8,2,2,1,0,0,371,540,2,3,42.0,58.0,1570342.0,,,,,,,,,,,,,,,,,,,,,,,,,,,,,,,,,,,,1,0,VAL,BET,1,10,3,0,3,1,3,11,7,E/BET,False,False,0.4599999999999999,1.64
2026-08-26,LaLiga EA Sports,2026/2027,REAL MADRID,REAL SOCIEDAD,4,1,1,1,H,20,10,11,3,10,8,4,7,3,3,0,0,581,554,2,7,51.0,49.0,1570340.0,,,,,,,,,,,,,,,,,,,,,,,,,,,,,,,,,,,,5,2,RMA,RSO,3,11,3,3,0,3,0,7,19,E/RMA,False,False,2.76,-0.13000000000000012
2026-08-27,LaLiga EA Sports,2026/2027,BARCELONA,ATHLETIC CLUB,2,0,1,0,H,22,4,10,0,13,6,12,4,1,2,0,0,615,243,0,8,71.0,29.0,1570335.0,,,,,,,,,,,,,,,,,,,,,,,,,,,,,,,,,,,,2,1,FCB,ATH,1,16,3,3,0,3,0,6,19,FCB/FCB,False,True,3.42,-0.74
2026-08-27,LaLiga EA Sports,2026/2027,CELTA VIGO,OSASUNA,1,2,1,0,A,4,13,2,5,7,16,5,3,1,1,1,0,561,524,2,1,52.0,48.0,1570336.0,,,,,,,,,,,,,,,,,,,,,,,,,,,,,,,,,,,,3,1,CEL,OSA,2,8,3,0,3,1,1,11,12,CEL/OSA,False,False,-0.11000000000000001,2.0999999999999996
2026-08-28,LaLiga EA Sports,2026/2027,ALAVES,VILLARREAL,1,0,1,0,H,9,19,2,6,15,8,5,9,3,1,0,0,197,649,6,1,24.0,76.0,1570353.0,,,,,,,,,,,,,,,,,,,,,,,,,,,,,,,,,,,,1,1,ALA,VIL,0,14,3,3,0,4,2,5,10,ALA/ALA,False,True,1.27,1.0499999999999998
2026-08-28,LaLiga EA Sports,2026/2027,RACING SANTANDER,ELCHE,3,2,3,0,H,13,18,6,7,17,19,5,10,2,1,0,0,378,554,5,3,40.0,60.0,1570359.0,,,,,,,,,,,,,,,,,,,,,,,,,,,,,,,,,,,,5,3,RAC,ELC,2,15,3,3,0,1,1,13,18,RAC/RAC,False,False,1.8999999999999997,1.0499999999999998
2026-08-29,LaLiga EA Sports,2026/2027,LEVANTE,REAL BETIS,5,2,2,2,H,19,20,10,6,9,7,5,8,1,1,0,0,378,573,4,4,40.0,60.0,1570357.0,,,,,,,,,,,,,,,,,,,,,,,,,,,,,,,,,,,,7,4,LEV,BET,3,13,4,3,0,1,6,17,5,E/LEV,True,False,3.19,0.6
2026-08-29,LaLiga EA Sports,2026/2027,REAL SOCIEDAD,ESPANYOL,2,1,1,1,H,17,11,10,3,19,14,7,3,2,4,0,0,423,403,2,7,51.0,49.0,1570361.0,,,,,,,,,,,,,,,,,,,,,,,,,,,,,,,,,,,,3,2,RSO,ESP,1,10,4,3,0,0,3,19,10,E/RSO,False,False,2.94,-0.44000000000000006
2026-08-29,LaLiga EA Sports,2026/2027,SEVILLA,ATLETICO MADRID,1,3,0,3,A,20,12,5,5,20,16,4,2,2,2,0,0,371,532,2,4,42.0,58.0,1570362.0,,,,,,,,,,,,,,,,,,,,,,,,,,,,,,,,,,,,4,3,SEV,ATM,1,6,4,0,3,6,4,4,6,ATM/ATM,True,True,0.4599999999999999,2.3200000000000003
2026-08-30,LaLiga EA Sports,2026/2027,CELTA VIGO,ATHLETIC CLUB,0,2,0,2,A,8,17,2,7,8,17,4,7,0,3,0,0,574,489,5,2,54.0,46.0,1570355.0,,,,,,,,,,,,,,,,,,,,,,,,,,,,,,,,,,,,2,2,CEL,ATH,0,11,4,0,3,1,0,16,20,ATH/ATH,False,False,0.009999999999999953,2.42
2026-08-30,LaLiga EA Sports,2026/2027,DEPORTIVO LA CORUNA,VALENCIA,3,1,2,1,H,11,12,4,4,14,5,5,5,2,1,1,0,454,555,3,3,45.0,55.0,1570356.0,,,,,,,,,,,,,,,,,,,,,,,,,,,,,,,,,,,,4,3,DEP,VAL,1,10,4,3,0,2,1,14,17,DEP/DEP,False,False,1.6000000000000003,0.44999999999999996
2026-08-30,LaLiga EA Sports,2026/2027,REAL MADRID,MALAGA,4,0,3,0,H,19,14,8,1,6,9,9,6,0,2,0,0,599,464,1,4,56.0,44.0,1570360.0,,,,,,,,,,,,,,,,,,,,,,,,,,,,,,,,,,,,4,3,RMA,MAL,1,15,4,3,0,6,1,4,17,RMA/RMA,False,True,2.9800000000000004,-0.32999999999999996
2026-08-31,LaLiga EA Sports,2026/2027,BARCELONA,RAYO VALLECANO,5,2,2,1,H,26,11,9,5,4,11,9,5,0,1,0,0,647,284,3,5,69.0,31.0,1570354.0,,,,,,,,,,,,,,,,,,,,,,,,,,,,,,,,,,,,7,3,FCB,RAY,4,14,4,3,0,6,1,4,16,FCB/FCB,False,True,2.9499999999999997,0.27
2026-08-31,LaLiga EA Sports,2026/2027,OSASUNA,GETAFE,1,0,1,0,H,10,11,2,1,17,14,1,3,5,4,0,0,382,455,1,1,45.0,55.0,1570358.0,,,,,,,,,,,,,,,,,,,,,,,,,,,,,,,,,,,,1,1,OSA,GET,0,4,4,3,0,4,3,8,13,OSA/OSA,False,False,1.24,-0.22
2026-09-03,LaLiga EA Sports,2026/2027,REAL SOCIEDAD,CELTA VIGO,0,0,0,0,D,16,7,5,2,15,11,11,3,2,3,0,0,526,522,2,5,51.0,49.0,1570392.0,,,,,,,,,,,,,,,,,,,,,,,,,,,,,,,,,,,,0,0,RSO,CEL,0,14,5,1,1,3,1,13,17,E/E,False,False,1.44,0.18000000000000005
2026-09-04,LaLiga EA Sports,2026/2027,REAL BETIS,REAL MADRID,1,0,0,0,H,10,20,5,8,11,13,6,10,3,3,0,0,412,586,6,4,42.0,58.0,1570365.0,,,,,,,,,,,,,,,,,,,,,,,,,,,,,,,,,,,,1,0,BET,RMA,1,16,5,3,0,6,9,7,2,E/BET,True,False,2.1500000000000004,1.03
2026-09-05,LaLiga EA Sports,2026/2027,ATHLETIC CLUB,ATLETICO MADRID,3,0,0,0,H,11,15,4,5,8,6,3,8,0,1,0,0,386,632,5,1,38.0,62.0,1570364.0,,,,,,,,,,,,,,,,,,,,,,,,,,,,,,,,,,,,3,0,ATH,ATM,3,11,5,3,0,3,7,13,4,E/ATH,True,False,2.34,0.7900000000000001
2026-09-05,LaLiga EA Sports,2026/2027,RAYO VALLECANO,RACING SANTANDER,3,2,2,2,H,16,9,10,4,15,12,9,6,3,2,2,0,384,412,2,6,49.0,51.0,1570370.0,,,,,,,,,,,,,,,,,,,,,,,,,,,,,,,,,,,,5,4,RAY,RAC,1,15,5,3,0,1,4,18,11,E/RAY,False,False,2.33,0.020000000000000018
2026-08-14,LaLiga Hypermotion,2026/2027,REAL SOCIEDAD II,CASTELLON,0,1,0,1,A,4,13,1,5,22,21,5,8,2,4,0,0,345,516,4,1,41.0,59.0,1569881.0,,,,,,,,,,,,,,,,,,,,,,,,,,,,,,,,,,,,1,1,SOC,CAS,0,13,1,0,3,0,0,1,2,CAS/CAS,True,True,-0.21000000000000002,2.6
2026-08-15,LaLiga Hypermotion,2026/2027,FC ANDORRA,AD CEUTA FC,5,1,1,0,H,25,5,11,1,22,8,2,2,3,1,0,0,514,296,0,6,63.0,37.0,1569872.0,,,,,,,,,,,,,,,,,,,,,,,,,,,,,,,,,,,,6,1,AND,AD,5,4,1,3,0,0,0,2,3,AND/AND,True,True,3.3600000000000003,-0.44000000000000006
2026-08-15,LaLiga Hypermotion,2026/2027,CADIZ,CELTA DE VIGO II,0,0,0,0,D,17,5,3,5,14,21,6,2,4,3,0,0,513,390,5,3,57.0,43.0,1569874.0,,,,,,,,,,,,,,,,,,,,,,,,,,,,,,,,,,,,0,0,CAD,CEL,0,8,1,1,1,0,0,3,4,E/E,True,True,0.5599999999999999,0.78
2026-08-15,LaLiga Hypermotion,2026/2027,MALLORCA,VALLADOLID,2,0,0,0,H,7,12,3,1,14,12,3,3,2,2,0,0,469,514,1,1,48.0,52.0,1569879.0,,,,,,,,,,,,,,,,,,,,,,,,,,,,,,,,,,,,2,0,MAL,VLL,2,6,1,3,0,0,0,5,6,E/MAL,True,True,2.29,-0.11000000000000001
2026-08-15,LaLiga Hypermotion,2026/2027,OVIEDO,GRANADA CF,0,0,0,0,D,9,10,3,3,17,13,3,2,2,3,0,0,503,320,3,2,61.0,39.0,1569880.0,,,,,,,,,,,,,,,,,,,,,,,,,,,,,,,,,,,,0,0,OVI,GRA,0,5,1,1,1,0,0,6,7,E/E,False,True,0.71,0.5399999999999998
2026-08-16,LaLiga Hypermotion,2026/2027,BURGOS,CORDOBA,3,2,2,2,H,13,20,5,8,14,11,1,7,1,3,0,0,297,411,6,2,41.0,59.0,1569873.0,,,,,,,,,,,,,,,,,,,,,,,,,,,,,,,,,,,,5,4,BUR,COR,1,8,1,3,0,0,0,8,9,E/BUR,False,False,1.6600000000000001,0.98
2026-08-16,LaLiga Hypermotion,2026/2027,EIBAR,TENERIFE,1,3,1,2,A,16,7,5,4,12,14,7,3,0,1,0,0,574,314,1,4,65.0,35.0,1569875.0,,,,,,,,,,,,,,,,,,,,,,,,,,,,,,,,,,,,4,3,EIB,TEN,1,10,1,0,3,0,0,9,10,TEN/TEN,False,False,0.8400000000000001,1.7599999999999998
2026-08-16,LaLiga Hypermotion,2026/2027,GIRONA,LEGANES,1,1,0,0,D,27,5,7,3,6,16,9,0,2,3,0,0,640,308,2,6,69.0,31.0,1569877.0,,,,,,,,,,,,,,,,,,,,,,,,,,,,,,,,,,,,2,0,GIR,LEG,2,9,1,1,1,0,0,10,11,E/E,False,False,1.65,0.11999999999999983
2026-08-16,LaLiga Hypermotion,2026/2027,LAS PALMAS,ALBACETE,2,1,1,0,H,12,12,4,4,6,16,3,6,1,2,0,0,586,278,3,2,66.0,34.0,1569878.0,,,,,,,,,,,,,,,,,,,,,,,,,,,,,,,,,,,,3,1,LPA,ALB,2,9,1,3,0,0,0,12,13,LPA/LPA,False,False,1.83,0.4399999999999999
2026-08-17,LaLiga Hypermotion,2026/2027,ALMERIA,ELDENSE,3,0,3,0,H,15,11,5,3,7,12,7,8,1,3,0,0,579,432,3,2,57.0,43.0,1569871.0,,,,,,,,,,,,,,,,,,,,,,,,,,,,,,,,,,,,3,3,ALM,ELD,0,15,1,3,0,0,0,13,14,ALM/ALM,False,False,2.19,0.15999999999999992
2026-08-17,LaLiga Hypermotion,2026/2027,SPORTING GIJON,SABADELL,0,0,0,0,D,8,15,5,2,7,20,1,8,1,3,0,0,454,344,2,5,56.0,44.0,1569876.0,,,,,,,,,,,,,,,,,,,,,,,,,,,,,,,,,,,,0,0,SPO,SAB,0,9,1,1,1,0,0,14,15,E/E,False,False,0.9400000000000001,0.63
2026-08-21,LaLiga Hypermotion,2026/2027,CORDOBA,GIRONA,2,1,2,0,H,11,10,3,3,23,10,2,3,4,5,0,0,376,469,2,1,45.0,55.0,1569886.0,,,,,,,,,,,,,,,,,,,,,,,,,,,,,,,,,,,,3,2,COR,GIR,1,5,2,3,0,0,1,16,8,COR/COR,False,False,1.44,-0.09000000000000002
2026-08-22,LaLiga Hypermotion,2026/2027,ALBACETE,REAL SOCIEDAD II,1,2,0,2,A,17,12,7,6,7,11,5,6,2,1,0,0,542,316,4,6,64.0,36.0,1569882.0,,,,,,,,,,,,,,,,,,,,,,,,,,,,,,,,,,,,3,2,ALB,SOC,1,11,2,0,3,0,0,17,18,SOC/SOC,False,False,0.6799999999999999,2.1499999999999995
2026-08-22,LaLiga Hypermotion,2026/2027,AD CEUTA FC,LAS PALMAS,0,2,0,1,A,18,9,4,4,18,15,6,4,2,0,0,0,418,376,2,4,53.0,47.0,1569885.0,,,,,,,,,,,,,,,,,,,,,,,,,,,,,,,,,,,,2,1,AD,LPA,1,10,2,0,3,0,3,22,6,LPA/LPA,True,False,0.42,1.98
2026-08-22,LaLiga Hypermotion,2026/2027,ELDENSE,CADIZ,2,2,0,0,D,3,0,2,0,4,8,4,1,0,1,0,0,214,204,0,2,52.0,48.0,1569888.0,,,,,,,,,,,,,,,,,,,,,,,,,,,,,,,,,,,,4,0,ELD,CAD,4,5,2,1,1,0,1,21,11,E/E,False,False,0.98,0.27
2026-08-22,LaLiga Hypermotion,2026/2027,OVIEDO,LEGANES,0,1,0,1,A,24,5,5,2,16,7,9,2,3,0,0,1,573,260,1,4,70.0,30.0,1569891.0,,,,,,,,,,,,,,,,,,,,,,,,,,,,,,,,,,,,1,1,OVI,LEG,0,11,2,0,3,1,1,13,11,LEG/LEG,False,False,0.76,1.2200000000000002
2026-08-23,LaLiga Hypermotion,2026/2027,CASTELLON,SABADELL,0,0,0,0,D,8,11,1,1,9,13,5,3,2,5,0,0,600,254,0,1,70.0,30.0,1569883.0,,,,,,,,,,,,,,,,,,,,,,,,,,,,,,,,,,,,0,0,CAS,SAB,0,8,2,1,1,3,1,8,15,E/E,False,False,0.5900000000000001,0.15000000000000002
2026-08-23,LaLiga Hypermotion,2026/2027,EIBAR,VALLADOLID,1,0,0,0,H,12,11,3,4,8,13,5,5,3,4,0,0,426,571,4,2,42.0,58.0,1569887.0,,,,,,,,,,,,,,,,,,,,,,,,,,,,,,,,,,,,1,0,EIB,VLL,1,10,2,3,0,0,0,20,21,E/EIB,False,False,1.5999999999999999,0.19999999999999996
2026-08-23,LaLiga Hypermotion,2026/2027,SPORTING GIJON,BURGOS,1,0,1,0,H,10,7,5,1,15,12,4,4,0,2,0,0,423,554,1,4,44.0,56.0,1569889.0,,,,,,,,,,,,,,,,,,,,,,,,,,,,,,,,,,,,1,1,SPO,BUR,0,8,2,3,0,1,3,16,8,SPO/SPO,False,False,2.3200000000000003,-0.18
2026-08-23,LaLiga Hypermotion,2026/2027,TENERIFE,ALMERIA,1,0,1,0,H,15,9,2,1,14,8,5,7,2,0,0,0,343,544,1,1,39.0,61.0,1569892.0,,,,,,,,,,,,,,,,,,,,,,,,,,,,,,,,,,,,1,1,TEN,ALM,0,12,2,3,0,3,3,7,6,TEN/TEN,True,False,2.16,0.30000000000000004
2026-08-24,LaLiga Hypermotion,2026/2027,CELTA DE VIGO II,FC ANDORRA,4,2,0,0,H,10,17,7,5,13,18,4,4,4,3,0,0,310,560,3,3,36.0,64.0,1569884.0,,,,,,,,,,,,,,,,,,,,,,,,,,,,,,,,,,,,6,0,CEL,AND,6,8,2,3,0,1,3,15,6,E/CEL,True,False,2.52,0.21999999999999997
2026-08-24,LaLiga Hypermotion,2026/2027,GRANADA CF,MALLORCA,2,0,1,0,H,14,18,6,4,8,14,7,1,1,3,0,0,296,478,4,5,39.0,61.0,1569890.0,,,,,,,,,,,,,,,,,,,,,,,,,,,,,,,,,,,,2,1,GRA,MAL,1,8,2,3,0,1,3,16,9,GRA/GRA,False,False,2.4299999999999997,-0.09000000000000014
2026-08-28,LaLiga Hypermotion,2026/2027,TENERIFE,SPORTING GIJON,0,1,0,0,A,11,5,4,1,14,13,4,1,1,5,0,0,418,417,0,4,51.0,49.0,1569903.0,,,,,,,,,,,,,,,,,,,,,,,,,,,,,,,,,,,,1,0,TEN,SPO,1,5,3,0,3,6,4,1,7,E/SPO,False,True,0.63,1.42
2026-08-29,LaLiga Hypermotion,2026/2027,ALBACETE,OVIEDO,0,1,0,1,A,10,9,2,5,10,14,8,5,3,3,0,0,502,303,4,2,63.0,37.0,1569893.0,,,,,,,,,,,,,,,,,,,,,,,,,,,,,,,,,,,,1,1,ALB,OVI,0,13,3,0,3,0,1,20,18,OVI/OVI,False,False,0.04999999999999993,1.9399999999999997
2026-08-29,LaLiga Hypermotion,2026/2027,GIRONA,LAS PALMAS,5,2,1,0,H,17,5,8,5,17,13,4,1,2,2,0,1,421,544,3,3,44.0,56.0,1569899.0,,,,,,,,,,,,,,,,,,,,,,,,,,,,,,,,,,,,7,1,GIR,LPA,6,5,3,3,0,1,6,18,2,GIR/GIR,True,False,2.93,-0.13000000000000006
2026-08-29,LaLiga Hypermotion,2026/2027,LEGANES,ELDENSE,1,0,0,0,H,11,16,6,4,13,10,0,8,1,0,0,0,502,448,4,5,52.0,48.0,1569900.0,,,,,,,,,,,,,,,,,,,,,,,,,,,,,,,,,,,,1,0,LEG,ELD,1,8,3,3,0,4,1,7,19,E/LEG,False,False,1.9399999999999995,0.7
2026-08-29,LaLiga Hypermotion,2026/2027,SABADELL,ALMERIA,1,0,0,0,H,14,11,4,2,17,8,4,3,5,2,0,0,335,445,2,3,43.0,57.0,1569902.0,,,,,,,,,,,,,,,,,,,,,,,,,,,,,,,,,,,,1,0,SAB,ALM,1,7,3,3,0,2,3,18,11,E/SAB,False,False,1.6400000000000001,-0.030000000000000027
2026-08-30,LaLiga Hypermotion,2026/2027,FC ANDORRA,EIBAR,0,1,0,0,A,28,4,5,1,11,5,6,2,1,0,0,1,711,196,0,5,78.0,22.0,1569894.0,,,,,,,,,,,,,,,,,,,,,,,,,,,,,,,,,,,,1,0,AND,EIB,1,8,3,0,3,3,3,11,17,E/EIB,False,False,0.86,1.13
2026-08-30,LaLiga Hypermotion,2026/2027,CADIZ,VALLADOLID,1,1,1,1,D,10,14,2,6,16,12,4,6,4,4,0,0,484,457,6,1,51.0,49.0,1569896.0,,,,,,,,,,,,,,,,,,,,,,,,,,,,,,,,,,,,2,2,CAD,VLL,0,10,3,1,1,2,0,18,21,E/E,False,False,0.17999999999999994,1.1199999999999997
2026-08-30,LaLiga Hypermotion,2026/2027,CORDOBA,GRANADA CF,1,3,1,0,A,15,17,3,5,21,18,6,3,1,1,0,0,392,284,2,2,58.0,42.0,1569898.0,,,,,,,,,,,,,,,,,,,,,,,,,,,,,,,,,,,,4,1,COR,GRA,3,9,3,0,3,3,4,14,9,COR/GRA,False,False,0.33999999999999997,2.03
2026-08-30,LaLiga Hypermotion,2026/2027,MALLORCA,AD CEUTA FC,3,0,1,0,H,13,5,4,0,11,14,3,3,2,3,0,0,480,431,1,1,53.0,47.0,1569901.0,,,,,,,,,,,,,,,,,,,,,,,,,,,,,,,,,,,,3,1,MAL,AD,2,6,3,3,0,3,0,17,22,MAL/MAL,False,False,1.99,-0.41000000000000003
2026-08-31,LaLiga Hypermotion,2026/2027,BURGOS,REAL SOCIEDAD II,2,2,1,1,D,12,15,4,5,13,18,6,4,1,2,0,0,467,404,3,2,54.0,46.0,1569895.0,,,,,,,,,,,,,,,,,,,,,,,,,,,,,,,,,,,,4,2,BUR,SOC,2,10,3,1,1,3,3,16,17,E/E,False,False,0.9700000000000001,0.9299999999999999
2026-08-31,LaLiga Hypermotion,2026/2027,CELTA DE VIGO II,CASTELLON,1,2,0,1,A,12,13,4,5,11,10,3,3,1,3,0,0,443,515,3,2,46.0,54.0,1569897.0,,,,,,,,,,,,,,,,,,,,,,,,,,,,,,,,,,,,3,1,CEL,CAS,2,6,3,0,3,4,4,10,11,CAS/CAS,False,False,0.33999999999999997,1.8399999999999996
2026-09-04,LaLiga Hypermotion,2026/2027,LAS PALMAS,LEGANES,0,0,0,0,D,3,10,1,2,12,15,3,4,3,2,0,0,415,432,2,1,49.0,51.0,1569910.0,,,,,,,,,,,,,,,,,,,,,,,,,,,,,,,,,,,,0,0,LPA,LEG,0,7,4,1,1,6,7,7,3,E/E,True,False,0.32000000000000006,0.69
2026-09-05,LaLiga Hypermotion,2026/2027,REAL SOCIEDAD II,TENERIFE,1,1,0,0,D,8,4,1,1,13,12,2,3,2,4,0,0,479,364,0,0,56.0,44.0,1569912.0,,,,,,,,,,,,,,,,,,,,,,,,,,,,,,,,,,,,2,0,SOC,TEN,2,5,4,1,1,4,6,13,7,E/E,False,False,0.4399999999999999,0.30999999999999994
2026-09-05,LaLiga Hypermotion,2026/2027,SPORTING GIJON,GIRONA,0,2,0,1,A,20,10,5,3,7,12,4,0,1,3,0,0,561,387,1,5,60.0,40.0,1569909.0,,,,,,,,,,,,,,,,,,,,,,,,,,,,,,,,,,,,2,1,SPO,GIR,1,4,4,0,3,7,4,5,11,GIR/GIR,False,True,0.7000000000000001,1.8199999999999998
2026-09-05,LaLiga Hypermotion,2026/2027,VALLADOLID,FC ANDORRA,1,0,1,0,H,9,13,3,4,14,21,2,4,2,4,1,0,271,498,4,3,36.0,64.0,1569914.0,,,,,,,,,,,,,,,,,,,,,,,,,,,,,,,,,,,,1,1,VLL,AND,0,6,4,3,0,1,3,19,15,VLL/VLL,False,False,1.32,0.20999999999999985
2026-09-05,LaLiga Hypermotion,2026/2027,AD CEUTA FC,CELTA DE VIGO II,0,2,0,1,A,18,15,6,4,22,19,8,4,2,5,1,0,381,417,2,6,49.0,51.0,1569906.0,,,,,,,,,,,,,,,,,,,,,,,,,,,,,,,,,,,,2,1,AD,CEL,1,12,4,0,3,0,4,22,12,CEL/CEL,False,False,0.5700000000000001,1.34
2026-07-17,Liga I Rumania,2026/2027,FCSB,ARGES PITESTI,2,0,2,0,H,12,21,5,6,9,16,7,5,2,1,0,0,325,420,6,3,44.0,56.0,1565185.0,,,,,,,,,,,,,,,,,,,,,,,,,,,,,,,,,,,,2,2,FCS,ARG,0,12,1,3,0,0,0,1,2,FCS/FCS,True,True,2.5,0.6599999999999999
2026-07-17,Liga I Rumania,2026/2027,FC VOLUNTARI,FC BOTOSANI,2,2,1,1,D,20,11,6,3,8,12,5,1,0,0,0,0,388,399,0,5,50.0,50.0,1565186.0,,,,,,,,,,,,,,,,,,,,,,,,,,,,,,,,,,,,4,2,VOL,BOT,2,6,1,1,1,0,0,2,3,E/E,True,True,1.48,0.6
2026-07-18,Liga I Rumania,2026/2027,OTELUL,CFR 1907 CLUJ,2,1,1,0,H,15,15,6,4,10,9,6,4,0,1,0,0,373,464,3,3,45.0,55.0,1565187.0,,,,,,,,,,,,,,,,,,,,,,,,,,,,,,,,,,,,3,1,OTE,CFR,2,10,1,3,0,0,0,4,5,OTE/OTE,True,True,2.92,0.2799999999999999
2026-07-18,Liga I Rumania,2026/2027,UNIVERSITATEA CRAIOVA,UTA ARAD,4,0,0,0,H,13,8,4,2,7,11,4,2,3,1,0,0,595,313,2,1,66.0,34.0,1565190.0,,,,,,,,,,,,,,,,,,,,,,,,,,,,,,,,,,,,4,0,UNI,UTA,4,6,1,3,0,0,0,5,6,E/UNI,True,True,2.3600000000000003,0.019999999999999976
2026-07-19,Liga I Rumania,2026/2027,PETROLUL PLOIESTI,DINAMO BUCURESTI,1,0,1,0,H,8,22,3,3,11,11,3,6,4,3,0,0,241,503,3,2,32.0,68.0,1565188.0,,,,,,,,,,,,,,,,,,,,,,,,,,,,,,,,,,,,1,1,PET,DIN,0,9,1,3,0,0,0,6,7,PET/PET,False,True,1.4299999999999997,0.24
2026-07-19,Liga I Rumania,2026/2027,UNIVERSITATEA CLUJ,FARUL CONSTANTA,2,1,1,0,H,12,22,2,4,8,12,2,4,1,3,0,0,492,540,3,0,48.0,52.0,1565189.0,,,,,,,,,,,,,,,,,,,,,,,,,,,,,,,,,,,,3,1,UNI,FAR,2,6,1,3,0,0,0,7,8,UNI/UNI,False,False,1.52,0.3599999999999999
2026-07-20,Liga I Rumania,2026/2027,CORVINUL HUNEDOARA,CSIKSZEREDA,3,0,0,0,H,22,11,7,5,15,16,2,4,0,0,0,0,519,336,5,4,61.0,39.0,1565183.0,,,,,,,,,,,,,,,,,,,,,,,,,,,,,,,,,,,,3,0,COR,CSI,3,6,1,3,0,0,0,8,9,E/COR,False,False,2.32,0.5599999999999999
2026-07-20,Liga I Rumania,2026/2027,RAPID,SEPSI OSK SFANTU GHEORGHE,1,0,0,0,H,29,5,7,1,10,11,12,2,3,2,0,1,556,292,1,5,67.0,33.0,1565184.0,,,,,,,,,,,,,,,,,,,,,,,,,,,,,,,,,,,,1,0,RAP,SEP,1,14,1,3,0,0,0,9,10,E/RAP,False,False,2.76,-0.79
2026-07-24,Liga I Rumania,2026/2027,ARGES PITESTI,PETROLUL PLOIESTI,1,0,1,0,H,9,15,3,3,21,14,4,6,4,6,1,0,288,481,3,2,37.0,63.0,1565195.0,,,,,,,,,,,,,,,,,,,,,,,,,,,,,,,,,,,,1,1,ARG,PET,0,10,2,3,0,0,3,14,6,ARG/ARG,True,False,1.73,-0.08000000000000007
2026-07-24,Liga I Rumania,2026/2027,UTA ARAD,OTELUL,2,2,0,2,D,24,5,9,3,13,22,7,4,2,2,1,0,435,330,1,7,58.0,42.0,1565198.0,,,,,,,,,,,,,,,,,,,,,,,,,,,,,,,,,,,,4,2,UTA,OTE,2,11,2,1,1,0,3,16,4,OTE/E,True,False,1.5199999999999998,0.35999999999999993
2026-07-25,Liga I Rumania,2026/2027,DINAMO BUCURESTI,UNIVERSITATEA CRAIOVA,5,1,2,0,H,18,9,7,5,12,9,8,1,2,1,0,1,369,425,4,2,47.0,53.0,1565193.0,,,,,,,,,,,,,,,,,,,,,,,,,,,,,,,,,,,,6,2,DIN,UNI,4,9,2,3,0,0,3,14,2,DIN/DIN,True,False,2.9799999999999995,-0.06000000000000008
2026-07-25,Liga I Rumania,2026/2027,FARUL CONSTANTA,CORVINUL HUNEDOARA,2,0,0,0,H,20,8,10,1,9,11,6,4,2,2,0,1,526,296,1,8,64.0,36.0,1565194.0,,,,,,,,,,,,,,,,,,,,,,,,,,,,,,,,,,,,2,0,FAR,COR,2,10,2,3,0,0,3,14,3,E/FAR,True,False,3.4699999999999998,-0.72
2026-07-26,Liga I Rumania,2026/2027,CSIKSZEREDA,FCSB,0,2,0,2,A,9,22,2,12,16,11,3,8,3,2,0,0,487,424,10,2,54.0,46.0,1565192.0,,,,,,,,,,,,,,,,,,,,,,,,,,,,,,,,,,,,2,2,CSI,FCS,0,11,2,0,3,0,3,16,3,FCS/FCS,True,False,-0.6100000000000001,3.3399999999999994
2026-07-26,Liga I Rumania,2026/2027,SEPSI OSK SFANTU GHEORGHE,UNIVERSITATEA CLUJ,1,0,1,0,H,13,14,9,3,9,11,3,5,0,3,0,0,466,445,3,8,50.0,50.0,1565197.0,,,,,,,,,,,,,,,,,,,,,,,,,,,,,,,,,,,,1,1,SEP,UNI,0,8,2,3,0,0,3,15,6,SEP/SEP,True,False,3.2499999999999996,-0.1100000000000001
2026-07-27,Liga I Rumania,2026/2027,CFR 1907 CLUJ,FC VOLUNTARI,5,0,3,0,H,21,9,10,1,14,8,10,0,1,0,0,1,696,298,1,5,70.0,30.0,1565191.0,,,,,,,,,,,,,,,,,,,,,,,,,,,,,,,,,,,,5,3,CFR,VOL,2,10,2,3,0,0,1,15,12,CFR/CFR,False,False,3.35,-0.8
2026-07-27,Liga I Rumania,2026/2027,FC BOTOSANI,RAPID,1,1,0,1,D,12,13,5,5,6,22,5,4,5,6,0,1,478,347,4,4,58.0,42.0,1565196.0,,,,,,,,,,,,,,,,,,,,,,,,,,,,,,,,,,,,2,1,BOT,RAP,1,9,2,1,1,1,3,13,7,RAP/E,False,False,0.6699999999999999,0.24999999999999978
2026-07-31,Liga I Rumania,2026/2027,ARGES PITESTI,CSIKSZEREDA,1,0,0,0,H,15,1,6,1,12,15,3,2,2,5,0,0,356,378,1,5,49.0,51.0,1565200.0,,,,,,,,,,,,,,,,,,,,,,,,,,,,,,,,,,,,1,0,ARG,CSI,1,5,3,3,0,3,0,12,16,E/ARG,False,False,2.26,-0.6100000000000001
2026-07-31,Liga I Rumania,2026/2027,OTELUL,DINAMO BUCURESTI,1,1,0,1,D,6,12,3,4,12,16,3,4,0,3,0,0,431,441,3,2,49.0,51.0,1565204.0,,,,,,,,,,,,,,,,,,,,,,,,,,,,,,,,,,,,2,1,OTE,DIN,1,7,3,1,1,4,3,3,6,DIN/E,True,True,0.8200000000000001,0.79
2026-08-01,Liga I Rumania,2026/2027,FC VOLUNTARI,UTA ARAD,1,0,0,0,H,9,18,3,1,10,14,2,3,2,2,0,0,316,519,0,2,37.0,63.0,1565203.0,,,,,,,,,,,,,,,,,,,,,,,,,,,,,,,,,,,,1,0,VOL,UTA,1,5,3,3,0,1,1,15,14,E/VOL,False,False,1.74,-0.09000000000000002
2026-08-01,Liga I Rumania,2026/2027,UNIVERSITATEA CRAIOVA,PETROLUL PLOIESTI,4,0,2,0,H,26,8,11,2,15,9,4,2,1,2,0,0,578,345,2,7,62.0,38.0,1565206.0,,,,,,,,,,,,,,,,,,,,,,,,,,,,,,,,,,,,4,2,UNI,PET,2,6,3,3,0,3,3,10,12,UNI/UNI,False,False,3.11,-0.43000000000000005
2026-08-02,Liga I Rumania,2026/2027,CORVINUL HUNEDOARA,SEPSI OSK SFANTU GHEORGHE,1,1,1,1,D,16,13,4,3,13,10,3,2,0,3,0,0,413,527,2,3,45.0,55.0,1565199.0,,,,,,,,,,,,,,,,,,,,,,,,,,,,,,,,,,,,2,2,COR,SEP,0,5,3,1,1,3,3,10,12,E/E,False,False,1.06,0.49
2026-08-02,Liga I Rumania,2026/2027,RAPID,CFR 1907 CLUJ,3,1,3,0,H,11,25,7,6,9,9,8,10,1,2,0,0,345,557,5,4,39.0,61.0,1565201.0,,,,,,,,,,,,,,,,,,,,,,,,,,,,,,,,,,,,4,3,RAP,CFR,1,18,3,3,0,4,3,7,10,RAP/RAP,False,False,2.3499999999999996,0.6899999999999997
2026-08-03,Liga I Rumania,2026/2027,FCSB,FARUL CONSTANTA,2,2,0,2,D,21,16,6,6,9,16,5,3,4,2,0,0,579,288,4,4,67.0,33.0,1565202.0,,,,,,,,,,,,,,,,,,,,,,,,,,,,,,,,,,,,4,2,FCS,FAR,2,8,3,1,1,6,3,3,11,FAR/E,False,True,0.8899999999999998,0.95
2026-08-03,Liga I Rumania,2026/2027,UNIVERSITATEA CLUJ,FC BOTOSANI,2,1,0,1,H,18,14,6,4,13,11,7,2,3,2,0,0,468,355,3,4,58.0,42.0,1565205.0,,,,,,,,,,,,,,,,,,,,,,,,,,,,,,,,,,,,3,1,UNI,BOT,2,9,3,3,0,3,2,12,14,BOT/UNI,False,False,2.21,0.05999999999999989
2026-08-07,Liga I Rumania,2026/2027,UTA ARAD,RAPID,0,0,0,0,D,9,10,1,4,10,15,4,8,4,3,0,0,307,596,4,1,34.0,66.0,1565214.0,,,,,,,,,,,,,,,,,,,,,,,,,,,,,,,,,,,,0,0,UTA,RAP,0,12,4,1,1,1,7,15,2,E/E,True,False,0.08999999999999997,1.07
2026-08-08,Liga I Rumania,2026/2027,DINAMO BUCURESTI,FC VOLUNTARI,4,0,1,0,H,22,5,6,2,9,6,3,3,1,2,0,0,550,334,2,2,62.0,38.0,1565208.0,,,,,,,,,,,,,,,,,,,,,,,,,,,,,,,,,,,,4,1,DIN,VOL,3,6,4,3,0,4,4,7,11,DIN/DIN,False,False,2.2899999999999996,-0.11000000000000004
2026-08-08,Liga I Rumania,2026/2027,FARUL CONSTANTA,CSIKSZEREDA,3,2,3,1,H,11,3,6,2,10,16,1,3,1,5,0,0,588,479,0,3,54.0,46.0,1565209.0,,,,,,,,,,,,,,,,,,,,,,,,,,,,,,,,,,,,5,4,FAR,CSI,1,4,4,3,0,4,0,8,16,FAR/FAR,False,False,2.1899999999999995,-0.37
2026-08-09,Liga I Rumania,2026/2027,PETROLUL PLOIESTI,OTELUL,1,0,1,0,H,10,8,3,1,14,12,4,5,3,2,0,1,251,463,1,2,35.0,65.0,1565211.0,,,,,,,,,,,,,,,,,,,,,,,,,,,,,,,,,,,,1,1,PET,OTE,0,9,4,3,0,3,5,13,8,PET/PET,False,False,1.7,-0.28
2026-08-09,Liga I Rumania,2026/2027,UNIVERSITATEA CRAIOVA,ARGES PITESTI,0,1,0,1,A,27,11,4,1,12,9,12,1,3,3,0,0,615,162,0,4,80.0,20.0,1565213.0,,,,,,,,,,,,,,,,,,,,,,,,,,,,,,,,,,,,1,1,UNI,ARG,0,13,4,0,3,6,6,5,7,ARG/ARG,False,True,0.8299999999999998,1.46
2026-08-10,Liga I Rumania,2026/2027,FC BOTOSANI,CORVINUL HUNEDOARA,0,0,0,0,D,19,16,2,3,12,13,10,3,2,5,0,1,379,308,3,2,55.0,45.0,1565210.0,,,,,,,,,,,,,,,,,,,,,,,,,,,,,,,,,,,,0,0,BOT,COR,0,13,4,1,1,2,4,14,10,E/E,False,False,0.8899999999999999,0.050000000000000044
2026-08-10,Liga I Rumania,2026/2027,SEPSI OSK SFANTU GHEORGHE,FCSB,0,0,0,0,D,14,14,2,5,13,12,8,5,2,3,0,0,317,517,5,2,38.0,62.0,1565212.0,,,,,,,,,,,,,,,,,,,,,,,,,,,,,,,,,,,,0,0,SEP,FCS,0,13,4,1,1,4,7,11,4,E/E,True,False,0.6500000000000001,0.94
2026-08-14,Liga I Rumania,2026/2027,ARGES PITESTI,FARUL CONSTANTA,1,1,1,1,D,13,8,4,4,8,9,3,2,1,1,0,0,507,416,3,3,55.0,45.0,1565217.0,,,,,,,,,,,,,,,,,,,,,,,,,,,,,,,,,,,,2,2,ARG,FAR,0,5,5,1,1,9,7,1,5,E/E,True,True,0.9100000000000003,0.8400000000000002
2026-08-14,Liga I Rumania,2026/2027,FC VOLUNTARI,PETROLUL PLOIESTI,1,2,1,1,A,16,19,5,5,17,11,3,3,5,3,0,0,471,388,3,4,55.0,45.0,1565220.0,,,,,,,,,,,,,,,,,,,,,,,,,,,,,,,,,,,,3,2,VOL,PET,1,6,5,0,3,4,6,12,8,E/PET,False,False,0.09000000000000008,1.7899999999999998
2026-08-15,Liga I Rumania,2026/2027,CSIKSZEREDA,SEPSI OSK SFANTU GHEORGHE,0,0,0,0,D,11,12,3,4,15,13,3,6,2,2,0,0,269,543,4,3,34.0,66.0,1565216.0,,,,,,,,,,,,,,,,,,,,,,,,,,,,,,,,,,,,0,0,CSI,SEP,0,9,5,1,1,0,5,16,11,E/E,False,False,0.5800000000000001,0.99
2026-08-15,Liga I Rumania,2026/2027,RAPID,DINAMO BUCURESTI,0,1,0,0,A,13,12,5,1,16,10,7,3,1,2,0,0,373,469,1,5,45.0,55.0,1565218.0,,,,,,,,,,,,,,,,,,,,,,,,,,,,,,,,,,,,1,0,RAP,DIN,1,10,5,0,3,8,7,4,6,E/DIN,True,True,0.89,1.7099999999999997
2026-08-16,Liga I Rumania,2026/2027,CORVINUL HUNEDOARA,CFR 1907 CLUJ,3,0,1,0,H,22,9,8,1,8,6,8,0,1,0,0,0,405,495,1,5,46.0,54.0,1565215.0,,,,,,,,,,,,,,,,,,,,,,,,,,,,,,,,,,,,3,1,COR,CFR,2,8,5,3,0,5,3,10,13,COR/COR,False,False,2.95,-0.41000000000000003
2026-08-16,Liga I Rumania,2026/2027,OTELUL,UNIVERSITATEA CRAIOVA,1,1,0,0,D,12,12,2,2,11,14,4,1,2,6,0,1,477,263,1,2,65.0,35.0,1565221.0,,,,,,,,,,,,,,,,,,,,,,,,,,,,,,,,,,,,2,0,OTE,UNI,2,5,5,1,1,5,6,11,8,E/E,False,False,0.6800000000000002,-0.17999999999999994
2026-08-17,Liga I Rumania,2026/2027,FCSB,FC BOTOSANI,3,2,1,1,H,22,12,8,3,11,14,13,5,2,4,0,0,435,299,1,4,60.0,40.0,1565219.0,,,,,,,,,,,,,,,,,,,,,,,,,,,,,,,,,,,,5,2,FCS,BOT,3,18,5,3,0,8,3,5,14,E/FCS,False,True,2.9,-0.3600000000000001
2026-08-17,Liga I Rumania,2026/2027,UNIVERSITATEA CLUJ,UTA ARAD,2,1,1,0,H,13,20,6,6,15,18,4,7,1,2,1,0,463,323,5,4,57.0,43.0,1565222.0,,,,,,,,,,,,,,,,,,,,,,,,,,,,,,,,,,,,3,1,UNI,UTA,2,11,5,3,0,6,2,9,15,UNI/UNI,False,False,1.8099999999999996,0.6699999999999999
2026-08-21,Liga I Rumania,2026/2027,PETROLUL PLOIESTI,RAPID,0,2,0,0,A,19,15,5,4,8,10,7,2,0,3,0,0,403,344,2,5,55.0,45.0,1565227.0,,,,,,,,,,,,,,,,,,,,,,,,,,,,,,,,,,,,2,0,PET,RAP,2,9,6,0,3,9,8,5,8,E/RAP,False,True,0.8600000000000001,2.01
2026-08-22,Liga I Rumania,2026/2027,DINAMO BUCURESTI,UNIVERSITATEA CLUJ,2,1,1,0,H,11,19,4,4,11,13,5,4,6,5,1,0,369,462,3,2,44.0,56.0,1565224.0,,,,,,,,,,,,,,,,,,,,,,,,,,,,,,,,,,,,3,1,DIN,UNI,2,9,6,3,0,10,9,3,5,DIN/DIN,True,True,1.7200000000000002,0.0
2026-08-22,Liga I Rumania,2026/2027,UTA ARAD,CORVINUL HUNEDOARA,0,0,0,0,D,17,10,1,1,19,18,4,3,5,1,0,0,348,279,1,1,56.0,44.0,1565230.0,,,,,,,,,,,,,,,,,,,,,,,,,,,,,,,,,,,,0,0,UTA,COR,0,7,6,1,1,2,8,15,7,E/E,False,False,0.24,0.5700000000000001
2026-08-23,Liga I Rumania,2026/2027,CFR 1907 CLUJ,FCSB,1,0,0,0,H,7,18,2,5,12,16,3,3,2,2,0,0,265,512,5,1,34.0,66.0,1565223.0,,,,,,,,,,,,,,,,,,,,,,,,,,,,,,,,,,,,1,0,CFR,FCS,1,6,6,3,0,3,11,13,2,E/CFR,True,False,1.9400000000000002,0.54
2026-08-23,Liga I Rumania,2026/2027,SEPSI OSK SFANTU GHEORGHE,FARUL CONSTANTA,1,1,0,0,D,15,13,4,4,10,11,6,9,2,3,0,0,575,408,3,3,58.0,42.0,1565228.0,,,,,,,,,,,,,,,,,,,,,,,,,,,,,,,,,,,,2,0,SEP,FAR,2,15,6,1,1,6,8,12,8,E/E,False,False,0.8200000000000003,0.9299999999999999
2026-08-23,Liga I Rumania,2026/2027,UNIVERSITATEA CRAIOVA,FC VOLUNTARI,3,1,1,0,H,24,3,11,1,9,8,8,1,2,2,0,0,645,318,0,8,67.0,33.0,1565229.0,,,,,,,,,,,,,,,,,,,,,,,,,,,,,,,,,,,,4,1,UNI,VOL,3,9,6,3,0,7,4,9,13,UNI/UNI,False,False,3.28,-0.71
2026-08-24,Liga I Rumania,2026/2027,FC BOTOSANI,CSIKSZEREDA,1,0,0,0,H,21,12,7,5,18,18,10,1,3,4,0,1,551,215,5,6,71.0,29.0,1565225.0,,,,,,,,,,,,,,,,,,,,,,,,,,,,,,,,,,,,1,0,BOT,CSI,1,11,6,3,0,3,1,14,16,E/BOT,False,False,2.4799999999999995,-0.4000000000000001
2026-08-24,Liga I Rumania,2026/2027,OTELUL,ARGES PITESTI,1,0,0,0,H,17,12,5,2,5,12,2,3,2,2,0,0,463,266,2,4,62.0,38.0,1565226.0,,,,,,,,,,,,,,,,,,,,,,,,,,,,,,,,,,,,1,0,OTE,ARG,1,5,6,3,0,6,10,12,5,E/OTE,True,False,2.49,-0.04000000000000001
2026-08-28,Liga I Rumania,2026/2027,FC VOLUNTARI,OTELUL,2,2,2,1,D,18,15,7,3,8,16,7,8,1,0,0,0,369,509,2,5,42.0,58.0,1565237.0,,,,,,,,,,,,,,,,,,,,,,,,,,,,,,,,,,,,4,3,VOL,OTE,1,15,7,1,1,4,9,14,8,VOL/E,False,False,1.49,0.8599999999999999
2026-08-28,Liga I Rumania,2026/2027,UNIVERSITATEA CLUJ,PETROLUL PLOIESTI,2,3,1,2,A,23,11,9,8,10,10,10,4,2,2,0,0,544,238,5,7,70.0,30.0,1565238.0,,,,,,,,,,,,,,,,,,,,,,,,,,,,,,,,,,,,5,3,UNI,PET,2,14,7,0,3,9,9,9,10,PET/PET,False,False,1.1699999999999997,2.05
2026-08-29,Liga I Rumania,2026/2027,CORVINUL HUNEDOARA,DINAMO BUCURESTI,1,1,1,0,D,12,24,4,6,11,7,3,6,2,3,0,0,263,565,5,3,33.0,67.0,1565231.0,,,,,,,,,,,,,,,,,,,,,,,,,,,,,,,,,,,,2,1,COR,DIN,1,9,7,1,1,9,13,8,1,COR/E,True,False,0.6300000000000001,1.14
2026-08-29,Liga I Rumania,2026/2027,CSIKSZEREDA,CFR 1907 CLUJ,2,3,1,2,A,12,14,6,8,12,17,4,2,1,2,0,0,321,436,5,4,42.0,58.0,1565232.0,,,,,,,,,,,,,,,,,,,,,,,,,,,,,,,,,,,,5,3,CSI,CFR,2,6,7,0,3,1,6,16,12,CFR/CFR,False,False,0.5599999999999999,2.22
2026-08-29,Liga I Rumania,2026/2027,ARGES PITESTI,SEPSI OSK SFANTU GHEORGHE,0,1,0,0,A,16,7,2,2,15,11,8,1,3,1,0,0,402,363,1,2,54.0,46.0,1565234.0,,,,,,,,,,,,,,,,,,,,,,,,,,,,,,,,,,,,1,0,ARG,SEP,1,9,7,0,3,10,7,8,12,E/SEP,False,False,0.2799999999999999,1.49
2026-08-30,Liga I Rumania,2026/2027,FARUL CONSTANTA,FC BOTOSANI,0,0,0,0,D,17,14,6,1,10,15,6,5,2,5,0,0,395,423,1,6,48.0,52.0,1565233.0,,,,,,,,,,,,,,,,,,,,,,,,,,,,,,,,,,,,0,0,FAR,BOT,0,11,7,1,1,9,6,10,13,E/E,False,False,1.3499999999999999,-0.020000000000000018
2026-08-30,Liga I Rumania,2026/2027,FCSB,UTA ARAD,1,3,0,1,A,18,8,6,5,8,16,5,4,0,2,0,0,473,293,2,5,62.0,38.0,1565236.0,,,,,,,,,,,,,,,,,,,,,,,,,,,,,,,,,,,,4,1,FCS,UTA,3,9,7,0,3,11,3,3,15,UTA/UTA,False,True,0.82,2.3499999999999996
2026-08-31,Liga I Rumania,2026/2027,RAPID,UNIVERSITATEA CRAIOVA,1,1,0,1,D,15,21,6,6,7,10,3,3,4,3,0,0,418,502,5,5,45.0,55.0,1565235.0,,,,,,,,,,,,,,,,,,,,,,,,,,,,,,,,,,,,2,1,RAP,UNI,1,6,7,1,1,11,10,3,5,UNI/E,True,True,0.7899999999999999,0.8899999999999999
2026-09-04,Liga I Rumania,2026/2027,CFR 1907 CLUJ,FARUL CONSTANTA,0,0,0,0,D,8,14,3,3,10,12,5,6,1,1,0,0,345,617,3,3,36.0,64.0,1565239.0,,,,,,,,,,,,,,,,,,,,,,,,,,,,,,,,,,,,0,0,CFR,FAR,0,11,8,1,1,9,10,11,7,E/E,False,False,0.8299999999999998,0.9
2026-09-05,Liga I Rumania,2026/2027,FC BOTOSANI,SEPSI OSK SFANTU GHEORGHE,5,0,4,0,H,13,10,6,1,15,18,6,2,1,2,0,0,427,361,1,1,54.0,46.0,1565241.0,,,,,,,,,,,,,,,,,,,,,,,,,,,,,,,,,,,,5,4,BOT,SEP,1,8,8,3,0,7,10,13,10,BOT/BOT,False,False,2.5100000000000002,-0.37000000000000005
2026-09-05,Liga I Rumania,2026/2027,UTA ARAD,CSIKSZEREDA,5,1,1,0,H,16,10,6,4,17,16,4,4,1,1,0,0,420,360,2,1,53.0,47.0,1565246.0,,,,,,,,,,,,,,,,,,,,,,,,,,,,,,,,,,,,6,1,UTA,CSI,5,8,8,3,0,6,1,14,16,UTA/UTA,False,False,2.2199999999999998,0.31999999999999995
2026-09-05,Liga I Rumania,2026/2027,DINAMO BUCURESTI,FCSB,2,1,1,0,H,23,7,14,2,13,10,8,6,3,3,1,1,447,272,1,12,62.0,38.0,1565240.0,,,,,,,,,,,,,,,,,,,,,,,,,,,,,,,,,,,,3,1,DIN,FCS,2,14,8,3,0,14,11,1,5,DIN/DIN,True,True,3.7299999999999995,-0.81
2026-08-07,Liga Portugal,2026/2027,ESTORIL,FAMALICAO,1,1,0,1,D,14,6,3,3,12,13,7,6,1,2,0,0,429,433,0,2,50.0,50.0,1575447.0,,,,,,,,,,,,,,,,,,,,,,,,,,,,,,,,,,,,2,1,EST,FAM,1,13,1,1,1,0,0,1,2,FAM/E,True,True,0.9299999999999998,0.76
2026-08-08,Liga Portugal,2026/2027,MARITIMO,CASA PIA,1,0,0,0,H,16,9,4,4,17,13,2,6,2,2,0,0,305,470,4,3,39.0,61.0,1575451.0,,,,,,,,,,,,,,,,,,,,,,,,,,,,,,,,,,,,1,0,MAR,CAS,1,8,1,3,0,0,0,3,4,E/MAR,True,True,2.1799999999999997,0.4599999999999999
2026-08-08,Liga Portugal,2026/2027,VITORIA SC,AROUCA,0,1,0,0,A,24,4,3,2,9,7,5,2,2,5,0,1,495,380,1,3,58.0,42.0,1575454.0,,,,,,,,,,,,,,,,,,,,,,,,,,,,,,,,,,,,1,0,VIT,ARO,1,7,1,0,3,0,0,4,5,E/ARO,True,True,0.35999999999999993,1.4
2026-08-08,Liga Portugal,2026/2027,ESTRELA,SPORTING CP,2,2,0,0,D,8,15,3,8,13,14,5,4,2,2,0,0,349,446,6,2,44.0,56.0,1575448.0,,,,,,,,,,,,,,,,,,,,,,,,,,,,,,,,,,,,4,0,EST,SPO,4,9,1,1,1,0,0,5,6,E/E,True,True,0.52,1.4499999999999997
2026-08-09,Liga Portugal,2026/2027,FC PORTO,ALVERCA,2,0,2,0,H,9,15,3,5,13,10,7,9,0,4,0,0,397,339,5,1,54.0,46.0,1575449.0,,,,,,,,,,,,,,,,,,,,,,,,,,,,,,,,,,,,2,2,POR,ALV,0,16,1,3,0,0,0,7,8,POR/POR,False,False,1.8699999999999999,0.51
2026-08-09,Liga Portugal,2026/2027,BENFICA,ACADEMICO VISEU,2,2,1,0,D,28,8,11,4,14,13,10,2,2,4,0,0,515,314,2,8,62.0,38.0,1575446.0,,,,,,,,,,,,,,,,,,,,,,,,,,,,,,,,,,,,4,1,BEN,ACA,3,12,1,1,1,0,0,8,9,BEN/E,False,False,2.21,0.04999999999999999
2026-08-09,Liga Portugal,2026/2027,MOREIRENSE,SC BRAGA,2,2,1,1,D,7,13,3,4,15,20,4,2,4,2,0,0,340,616,2,1,36.0,64.0,1575452.0,,,,,,,,,,,,,,,,,,,,,,,,,,,,,,,,,,,,4,2,MOR,BRA,2,6,1,1,1,0,0,10,11,E/E,False,False,0.5099999999999999,0.77
2026-08-09,Liga Portugal,2026/2027,GIL VICENTE,RIO AVE,1,0,0,0,H,13,6,5,2,14,9,5,2,2,3,0,1,487,285,2,4,63.0,37.0,1575450.0,,,,,,,,,,,,,,,,,,,,,,,,,,,,,,,,,,,,1,0,GIL,RIO,1,7,1,3,0,0,0,12,13,E/GIL,False,False,2.1599999999999997,-0.5
2026-08-10,Liga Portugal,2026/2027,SANTA CLARA,NACIONAL,2,2,2,2,D,19,10,7,4,15,14,4,4,2,2,0,0,389,373,2,4,52.0,48.0,1575453.0,,,,,,,,,,,,,,,,,,,,,,,,,,,,,,,,,,,,4,4,SAN,NAC,0,8,1,1,1,0,0,13,14,E/E,False,False,1.27,0.6699999999999999
2026-08-14,Liga Portugal,2026/2027,SPORTING CP,VITORIA SC,3,2,3,0,H,5,12,3,3,12,21,5,1,4,4,0,0,512,398,1,0,56.0,44.0,1575463.0,,,,,,,,,,,,,,,,,,,,,,,,,,,,,,,,,,,,5,3,SPO,VIT,2,6,2,3,0,1,0,6,16,SPO/SPO,False,True,1.63,-0.1500000000000001
2026-08-15,Liga Portugal,2026/2027,ALVERCA,ESTRELA,2,2,0,0,D,14,10,4,7,10,12,2,0,2,4,1,0,330,397,5,2,46.0,54.0,1575456.0,,,,,,,,,,,,,,,,,,,,,,,,,,,,,,,,,,,,4,0,ALV,EST,4,2,2,1,1,0,1,18,6,E/E,True,False,0.3999999999999999,0.91
2026-08-15,Liga Portugal,2026/2027,ACADEMICO VISEU,SANTA CLARA,0,1,0,1,A,10,8,1,2,11,16,4,2,1,3,0,0,477,318,1,1,60.0,40.0,1575455.0,,,,,,,,,,,,,,,,,,,,,,,,,,,,,,,,,,,,1,1,ACA,SAN,0,6,2,0,3,1,1,8,11,SAN/SAN,False,False,0.10999999999999999,1.47
2026-08-15,Liga Portugal,2026/2027,RIO AVE,FC PORTO,0,2,0,1,A,13,14,1,6,1,10,6,6,0,0,0,0,407,441,4,1,48.0,52.0,1575462.0,,,,,,,,,,,,,,,,,,,,,,,,,,,,,,,,,,,,2,1,RIO,POR,1,12,2,0,3,0,3,17,3,POR/POR,True,False,0.03,2.5300000000000002
2026-08-16,Liga Portugal,2026/2027,NACIONAL,ESTORIL,2,0,0,0,H,20,9,3,5,13,13,7,4,2,4,0,1,451,316,5,1,59.0,41.0,1575461.0,,,,,,,,,,,,,,,,,,,,,,,,,,,,,,,,,,,,2,0,NAC,EST,2,11,2,3,0,1,1,11,12,E/NAC,False,False,1.7699999999999998,0.010000000000000009
2026-08-16,Liga Portugal,2026/2027,AROUCA,MOREIRENSE,4,0,3,0,H,15,5,6,1,10,9,5,3,3,4,0,0,492,483,1,2,51.0,49.0,1575457.0,,,,,,,,,,,,,,,,,,,,,,,,,,,,,,,,,,,,4,3,ARO,MOR,1,8,2,3,0,3,1,6,10,ARO/ARO,False,True,2.24,-0.5
2026-08-16,Liga Portugal,2026/2027,FAMALICAO,MARITIMO,1,2,1,1,A,14,9,4,4,11,16,5,1,1,2,0,0,623,306,2,3,67.0,33.0,1575460.0,,,,,,,,,,,,,,,,,,,,,,,,,,,,,,,,,,,,3,2,FAM,MAR,1,6,2,0,3,1,3,11,6,E/MAR,True,False,0.5299999999999999,1.6500000000000001
2026-08-17,Liga Portugal,2026/2027,CASA PIA,BENFICA,0,7,0,2,A,3,20,0,8,11,13,1,3,3,0,1,0,343,620,2,0,36.0,64.0,1575459.0,,,,,,,,,,,,,,,,,,,,,,,,,,,,,,,,,,,,7,2,CAS,BEN,5,4,2,0,3,0,1,16,9,BEN/BEN,False,False,-0.9600000000000001,2.83
2026-08-22,Liga Portugal,2026/2027,MARITIMO,ACADEMICO VISEU,2,2,0,2,D,11,13,4,7,15,16,4,5,2,6,0,0,368,332,5,2,53.0,47.0,1575468.0,,,,,,,,,,,,,,,,,,,,,,,,,,,,,,,,,,,,4,2,MAR,ACA,2,9,3,1,1,6,1,3,12,ACA/E,False,True,0.6499999999999999,0.9199999999999999
2026-08-22,Liga Portugal,2026/2027,ESTORIL,RIO AVE,0,2,0,1,A,18,3,6,3,11,14,6,3,1,1,0,0,430,356,1,6,55.0,45.0,1575464.0,,,,,,,,,,,,,,,,,,,,,,,,,,,,,,,,,,,,2,1,EST,RIO,1,9,3,0,3,1,0,14,17,RIO/RIO,False,False,0.8899999999999998,1.5799999999999996
2026-08-22,Liga Portugal,2026/2027,SPORTING CP,ALVERCA,3,1,1,0,H,15,10,7,3,13,17,3,4,1,3,0,0,611,414,2,5,59.0,41.0,1575471.0,,,,,,,,,,,,,,,,,,,,,,,,,,,,,,,,,,,,4,1,SPO,ALV,3,7,3,3,0,4,1,6,14,SPO/SPO,False,True,2.3699999999999997,-0.06000000000000011
2026-08-23,Liga Portugal,2026/2027,VITORIA SC,NACIONAL,1,0,1,0,H,23,7,5,0,18,8,4,3,2,1,0,0,382,423,0,3,48.0,52.0,1575472.0,,,,,,,,,,,,,,,,,,,,,,,,,,,,,,,,,,,,1,1,VIT,NAC,0,7,3,3,0,0,4,17,6,VIT/VIT,True,False,2.69,-0.28
2026-08-23,Liga Portugal,2026/2027,SANTA CLARA,FAMALICAO,1,0,1,0,H,12,9,2,3,16,16,1,9,1,3,0,0,266,569,3,1,32.0,68.0,1575470.0,,,,,,,,,,,,,,,,,,,,,,,,,,,,,,,,,,,,1,1,SAN,FAM,0,10,3,3,0,4,1,7,14,SAN/SAN,False,False,1.42,0.48
2026-08-23,Liga Portugal,2026/2027,FC PORTO,AROUCA,2,0,0,0,H,23,4,10,1,16,8,12,2,1,0,0,0,463,415,1,8,53.0,47.0,1575466.0,,,,,,,,,,,,,,,,,,,,,,,,,,,,,,,,,,,,2,0,POR,ARO,2,14,3,3,0,6,6,5,4,E/POR,True,True,3.91,-0.49
2026-08-24,Liga Portugal,2026/2027,GIL VICENTE,CASA PIA,2,0,2,0,H,8,13,4,2,11,12,3,4,1,1,0,0,519,392,2,2,56.0,44.0,1575467.0,,,,,,,,,,,,,,,,,,,,,,,,,,,,,,,,,,,,2,2,GIL,CAS,0,7,3,3,0,3,0,8,18,GIL/GIL,False,False,1.9699999999999998,0.13999999999999999
2026-08-28,Liga Portugal,2026/2027,RIO AVE,SPORTING CP,0,4,0,4,A,6,14,0,7,7,14,2,3,1,1,0,0,388,613,3,0,39.0,61.0,1575481.0,,,,,,,,,,,,,,,,,,,,,,,,,,,,,,,,,,,,4,4,RIO,SPO,0,5,4,0,3,3,7,10,2,SPO/SPO,True,False,-0.41000000000000003,2.5599999999999996
2026-08-29,Liga Portugal,2026/2027,AROUCA,MARITIMO,2,1,1,1,H,17,12,7,4,8,10,2,3,2,1,0,0,493,457,3,5,52.0,48.0,1575475.0,,,,,,,,,,,,,,,,,,,,,,,,,,,,,,,,,,,,3,2,ARO,MAR,1,5,4,3,0,6,7,5,3,E/ARO,True,True,2.6899999999999995,0.26
2026-08-29,Liga Portugal,2026/2027,ALVERCA,SANTA CLARA,1,1,0,0,D,5,15,1,3,14,9,10,4,1,2,0,0,351,356,2,0,50.0,50.0,1575474.0,,,,,,,,,,,,,,,,,,,,,,,,,,,,,,,,,,,,2,0,ALV,SAN,2,14,4,1,1,1,7,15,4,E/E,True,False,0.8200000000000001,0.7
2026-08-29,Liga Portugal,2026/2027,ACADEMICO VISEU,FC PORTO,0,3,0,3,A,9,5,1,4,13,19,1,1,0,0,0,0,510,384,1,1,57.0,43.0,1575473.0,,,,,,,,,,,,,,,,,,,,,,,,,,,,,,,,,,,,3,3,ACA,POR,0,2,4,0,3,2,9,12,2,POR/POR,True,False,-0.020000000000000014,2.08
2026-08-30,Liga Portugal,2026/2027,NACIONAL,ESTRELA,2,3,1,1,A,10,14,5,4,12,9,4,3,2,1,0,0,410,390,1,3,51.0,49.0,1575480.0,,,,,,,,,,,,,,,,,,,,,,,,,,,,,,,,,,,,5,2,NAC,EST,3,7,4,0,3,4,2,8,11,E/EST,False,False,0.48999999999999994,1.8199999999999998
2026-08-30,Liga Portugal,2026/2027,CASA PIA,MOREIRENSE,0,1,0,1,A,14,6,2,5,14,18,5,1,1,3,0,0,444,278,4,2,63.0,37.0,1575478.0,,,,,,,,,,,,,,,,,,,,,,,,,,,,,,,,,,,,1,1,CAS,MOR,0,6,4,0,3,0,1,18,16,MOR/MOR,False,False,0.17999999999999997,1.7999999999999996
2026-08-30,Liga Portugal,2026/2027,FAMALICAO,GIL VICENTE,0,0,0,0,D,7,7,1,1,10,19,6,3,2,4,0,0,495,389,1,1,56.0,44.0,1575479.0,,,,,,,,,,,,,,,,,,,,,,,,,,,,,,,,,,,,0,0,FAM,GIL,0,9,4,1,1,1,6,16,6,E/E,True,False,0.6400000000000001,0.22999999999999998
2026-08-31,Liga Portugal,2026/2027,BENFICA,ESTORIL,2,1,1,0,H,25,4,8,2,14,12,9,0,0,1,0,0,616,327,1,6,66.0,34.0,1575476.0,,,,,,,,,,,,,,,,,,,,,,,,,,,,,,,,,,,,3,1,BEN,EST,2,9,4,3,0,4,1,8,17,BEN/BEN,False,False,3.0500000000000003,-0.38
2026-08-31,Liga Portugal,2026/2027,SC BRAGA,VITORIA SC,1,0,0,0,H,9,8,4,2,11,18,2,2,2,3,0,0,489,406,2,3,54.0,46.0,1575477.0,,,,,,,,,,,,,,,,,,,,,,,,,,,,,,,,,,,,1,0,BRA,VIT,1,4,4,3,0,1,3,16,11,E/BRA,False,False,1.86,-0.14000000000000007
2026-09-04,Liga Portugal,2026/2027,FC PORTO,MOREIRENSE,2,1,1,1,H,23,7,9,2,11,12,9,1,1,2,0,1,563,252,1,7,70.0,30.0,1575485.0,,,,,,,,,,,,,,,,,,,,,,,,,,,,,,,,,,,,3,2,POR,MOR,1,10,5,3,0,12,4,1,11,E/POR,False,True,3.0799999999999996,-0.73
2026-09-05,Liga Portugal,2026/2027,ESTRELA,FAMALICAO,2,2,0,1,D,14,14,4,4,11,9,5,5,3,2,0,0,300,450,2,2,41.0,59.0,1575484.0,,,,,,,,,,,,,,,,,,,,,,,,,,,,,,,,,,,,4,1,EST,FAM,3,10,5,1,1,5,2,8,14,FAM/E,False,False,0.75,0.8500000000000001
2026-09-05,Liga Portugal,2026/2027,MARITIMO,BENFICA,0,3,0,1,A,6,11,1,6,22,14,3,5,2,3,0,0,331,515,3,1,40.0,60.0,1575487.0,,,,,,,,,,,,,,,,,,,,,,,,,,,,,,,,,,,,3,1,MAR,BEN,2,8,5,0,3,7,7,7,5,BEN/BEN,True,False,-0.30000000000000004,2.24
2026-09-05,Liga Portugal,2026/2027,ALVERCA,SC BRAGA,1,2,1,0,A,6,16,2,6,11,15,2,2,1,4,0,0,309,691,4,1,32.0,68.0,1575482.0,,,,,,,,,,,,,,,,,,,,,,,,,,,,,,,,,,,,3,1,ALV,BRA,2,4,5,0,3,2,4,15,9,ALV/BRA,False,False,-0.040000000000000056,1.96
2026-08-29,Liga Portugal 2,2026/2027,PORTIMONENSE,LEIXOES,0,2,0,1,A,5,9,2,5,0,0,2,8,3,3,0,0,0,0,0,0,42.0,58.0,1576473.0,,,,,,,,,,,,,,,,,,,,,,,,,,,,,,,,,,,,2,1,POR,LEI,1,10,1,0,3,0,0,1,2,LEI/LEI,True,True,-0.31000000000000005,2.71
2026-09-05,Liga Portugal 2,2026/2027,TONDELA,FC PORTO B,3,0,1,0,H,16,2,8,1,0,0,6,3,3,4,0,0,0,0,0,0,44.0,56.0,1576483.0,,,,,,,,,,,,,,,,,,,,,,,,,,,,,,,,,,,,3,1,TON,POR,2,9,1,3,0,0,0,2,3,TON/TON,True,True,3.09,-0.62
2026-09-05,Liga Portugal 2,2026/2027,PENAFIEL,ACADEMICA,4,1,2,0,H,10,20,6,9,0,0,2,4,5,2,2,0,0,0,0,0,45.0,55.0,1576481.0,,,,,,,,,,,,,,,,,,,,,,,,,,,,,,,,,,,,5,2,PEN,ACA,3,6,1,3,0,0,0,3,4,PEN/PEN,True,True,1.4699999999999998,1.0099999999999998
2026-09-05,Liga Portugal 2,2026/2027,FEIRENSE,SPORTING CP B,1,3,0,1,A,10,11,5,4,0,0,7,3,1,2,0,0,0,0,0,0,51.0,49.0,1576477.0,,,,,,,,,,,,,,,,,,,,,,,,,,,,,,,,,,,,4,1,FEI,SPO,3,10,1,0,3,0,0,4,5,SPO/SPO,True,True,0.7400000000000001,2.16
2026-09-05,Liga Portugal 2,2026/2027,BENFICA B,TORREENSE,0,2,0,1,A,8,16,2,6,0,0,4,3,2,0,0,0,0,0,0,0,54.0,46.0,1576476.0,,,,,,,,,,,,,,,,,,,,,,,,,,,,,,,,,,,,2,1,BEN,TOR,1,7,1,0,3,0,0,5,6,TOR/TOR,True,True,-0.06000000000000005,2.8699999999999997
2026-08-21,Ligue 1,2026/2027,MARSEILLE,STRASBOURG,4,0,0,0,H,14,5,8,2,6,12,3,4,1,2,0,1,687,337,2,4,67.0,33.0,1552733.0,,,,,,,,,,,,,,,,,,,,,,,,,,,,,,,,,,,,4,0,MAR,STR,4,7,1,3,0,0,0,1,2,E/MAR,True,True,3.07,-0.41000000000000003
2026-08-22,Ligue 1,2026/2027,LE MANS,STADE BRESTOIS 29,2,2,1,1,D,8,26,5,7,14,12,1,10,1,1,0,0,416,399,4,3,50.0,50.0,1552731.0,,,,,,,,,,,,,,,,,,,,,,,,,,,,,,,,,,,,4,2,LE,STA,2,11,1,1,1,0,0,2,3,E/E,True,True,0.65,1.68
2026-08-22,Ligue 1,2026/2027,LENS,AUXERRE,5,2,1,0,H,12,10,9,4,6,21,4,7,1,1,0,1,470,415,2,4,53.0,47.0,1552732.0,,,,,,,,,,,,,,,,,,,,,,,,,,,,,,,,,,,,7,1,LEN,AUX,6,11,1,3,0,0,0,4,5,LEN/LEN,True,True,3.1099999999999994,0.06999999999999995
2026-08-22,Ligue 1,2026/2027,NICE,LORIENT,0,0,0,0,D,11,7,1,2,10,6,7,2,1,0,0,0,512,290,2,1,64.0,36.0,1552734.0,,,,,,,,,,,,,,,,,,,,,,,,,,,,,,,,,,,,0,0,NIC,LOR,0,9,1,1,1,0,0,5,6,E/E,True,True,0.7600000000000001,0.71
2026-08-22,Ligue 1,2026/2027,TOULOUSE,LYON,0,2,0,0,A,17,6,2,1,11,10,6,4,1,1,0,0,306,352,1,2,47.0,53.0,1552736.0,,,,,,,,,,,,,,,,,,,,,,,,,,,,,,,,,,,,2,0,TOU,LYO,2,10,1,0,3,0,0,7,8,E/LYO,False,False,0.37,1.5299999999999998
2026-08-22,Ligue 1,2026/2027,ESTAC TROYES,PARIS FC,0,0,0,0,D,9,10,2,1,8,14,6,2,2,1,0,0,458,681,1,2,42.0,58.0,1552737.0,,,,,,,,,,,,,,,,,,,,,,,,,,,,,,,,,,,,0,0,EST,PAR,0,8,1,1,1,0,0,8,9,E/E,False,False,0.81,0.43000000000000005
2026-08-23,Ligue 1,2026/2027,ANGERS,LILLE,0,2,0,2,A,20,11,2,8,11,13,8,3,2,2,0,0,473,385,6,2,57.0,43.0,1552729.0,,,,,,,,,,,,,,,,,,,,,,,,,,,,,,,,,,,,2,2,ANG,LIL,0,11,1,0,3,0,0,10,11,LIL/LIL,False,False,0.03999999999999998,2.3899999999999997
2026-08-23,Ligue 1,2026/2027,LE HAVRE,MONACO,0,1,0,1,A,14,15,4,7,13,12,7,4,3,2,0,0,409,429,6,3,50.0,50.0,1552730.0,,,,,,,,,,,,,,,,,,,,,,,,,,,,,,,,,,,,1,1,LE,MON,0,11,1,0,3,0,0,11,12,MON/MON,False,False,0.21999999999999997,2.2099999999999995
2026-08-23,Ligue 1,2026/2027,RENNES,PARIS SAINT GERMAIN,2,2,2,0,D,9,19,3,5,7,6,0,10,2,2,0,0,326,737,3,0,31.0,69.0,1552735.0,,,,,,,,,,,,,,,,,,,,,,,,,,,,,,,,,,,,4,2,REN,PSG,2,10,1,1,1,0,0,12,13,REN/E,False,False,0.29999999999999993,1.4000000000000001
2026-08-28,Ligue 1,2026/2027,LILLE,PARIS SAINT GERMAIN,2,2,1,0,D,9,18,4,4,11,7,0,5,2,1,0,0,297,810,2,2,27.0,73.0,1552746.0,,,,,,,,,,,,,,,,,,,,,,,,,,,,,,,,,,,,4,1,LIL,PSG,3,5,2,1,1,3,1,4,9,LIL/E,False,True,0.6000000000000001,1.05
2026-08-29,Ligue 1,2026/2027,AUXERRE,ANGERS,1,3,1,1,A,20,15,7,6,16,6,7,10,3,2,0,0,494,317,3,7,60.0,40.0,1552738.0,,,,,,,,,,,,,,,,,,,,,,,,,,,,,,,,,,,,4,2,AUX,ANG,2,17,2,0,3,0,0,17,16,E/ANG,False,False,0.6000000000000001,2.2099999999999995
2026-08-29,Ligue 1,2026/2027,STADE BRESTOIS 29,TOULOUSE,2,2,1,1,D,27,6,7,2,19,18,7,2,2,3,0,0,432,445,0,5,51.0,49.0,1552739.0,,,,,,,,,,,,,,,,,,,,,,,,,,,,,,,,,,,,4,2,STA,TOU,2,9,2,1,1,1,0,9,16,E/E,False,False,1.56,0.10999999999999999
2026-08-29,Ligue 1,2026/2027,LORIENT,ESTAC TROYES,1,2,0,2,A,15,11,6,2,9,11,2,5,0,0,0,0,677,318,0,4,67.0,33.0,1552740.0,,,,,,,,,,,,,,,,,,,,,,,,,,,,,,,,,,,,3,2,LOR,EST,1,7,2,0,3,1,1,12,13,EST/EST,False,False,0.7999999999999999,1.71
2026-08-29,Ligue 1,2026/2027,LYON,LE HAVRE,1,1,0,0,D,15,12,5,4,7,16,5,5,0,2,0,0,459,344,3,5,57.0,43.0,1552741.0,,,,,,,,,,,,,,,,,,,,,,,,,,,,,,,,,,,,2,0,LYO,LE,2,10,2,1,1,3,0,5,16,E/E,False,True,1.2,0.8
2026-08-29,Ligue 1,2026/2027,STRASBOURG,LENS,2,1,0,1,H,16,17,7,7,10,11,3,6,2,2,0,0,444,415,6,5,52.0,48.0,1552745.0,,,,,,,,,,,,,,,,,,,,,,,,,,,,,,,,,,,,3,1,STR,LEN,2,9,2,3,0,0,3,17,5,LEN/STR,True,False,2.5299999999999994,0.74
2026-08-30,Ligue 1,2026/2027,MONACO,MARSEILLE,2,0,1,0,H,11,13,5,2,9,10,5,7,4,0,0,0,356,648,2,3,36.0,64.0,1552742.0,,,,,,,,,,,,,,,,,,,,,,,,,,,,,,,,,,,,2,1,MON,MAR,1,12,2,3,0,3,3,6,4,MON/MON,True,True,2.36,0.30000000000000004
2026-08-30,Ligue 1,2026/2027,PARIS FC,NICE,3,0,1,0,H,15,16,4,4,7,7,2,4,0,1,0,0,584,691,4,1,45.0,55.0,1552743.0,,,,,,,,,,,,,,,,,,,,,,,,,,,,,,,,,,,,3,1,PAR,NIC,2,6,2,3,0,1,1,14,13,PAR/PAR,False,False,1.92,0.45999999999999996
2026-08-30,Ligue 1,2026/2027,RENNES,LE MANS,3,2,2,1,H,22,12,8,5,15,15,8,6,3,2,0,1,501,282,3,5,64.0,36.0,1552744.0,,,,,,,,,,,,,,,,,,,,,,,,,,,,,,,,,,,,5,3,REN,LE,2,14,2,3,0,1,1,13,12,REN/REN,False,False,2.4299999999999997,0.03999999999999998
2026-09-03,Ligue 1,2026/2027,TOULOUSE,LILLE,0,1,0,0,A,24,10,10,6,16,9,6,2,1,0,0,0,516,462,5,9,53.0,47.0,1552754.0,,,,,,,,,,,,,,,,,,,,,,,,,,,,,,,,,,,,1,0,TOU,LIL,1,8,3,0,3,1,4,16,3,E/LIL,True,False,1.3599999999999999,1.88
2026-09-04,Ligue 1,2026/2027,LYON,AUXERRE,3,1,2,1,H,21,8,7,3,11,8,9,5,2,2,0,0,522,291,2,5,63.0,37.0,1552750.0,,,,,,,,,,,,,,,,,,,,,,,,,,,,,,,,,,,,4,3,LYO,AUX,1,14,3,3,0,4,0,4,18,LYO/LYO,False,True,2.55,-0.030000000000000082
2026-09-04,Ligue 1,2026/2027,PARIS SAINT GERMAIN,MONACO,1,2,1,0,A,23,4,10,2,9,11,6,0,1,1,0,0,757,355,0,9,68.0,32.0,1552753.0,,,,,,,,,,,,,,,,,,,,,,,,,,,,,,,,,,,,3,1,PSG,MON,2,6,3,0,3,2,6,12,3,PSG/MON,True,False,1.5999999999999999,1.08
2026-09-05,Ligue 1,2026/2027,LENS,LORIENT,0,1,0,0,A,17,8,6,3,18,6,8,0,2,1,1,0,578,458,2,6,57.0,43.0,1552749.0,,,,,,,,,,,,,,,,,,,,,,,,,,,,,,,,,,,,1,0,LEN,LOR,1,8,3,0,3,3,1,7,14,E/LOR,False,False,0.7,1.39
2026-08-08,Ligue 2,2026/2027,BOULOGNE,NANCY,0,0,0,0,D,4,11,1,2,20,11,1,6,1,0,0,0,318,531,2,1,38.0,62.0,1552423.0,,,,,,,,,,,,,,,,,,,,,,,,,,,,,,,,,,,,0,0,BOU,NAN,0,7,1,1,1,0,0,1,2,E/E,True,True,0.3800000000000001,1.03
2026-08-08,Ligue 2,2026/2027,CLERMONT FOOT,REIMS,0,0,0,0,D,3,10,0,0,17,11,3,2,1,1,0,0,453,501,0,0,48.0,52.0,1552424.0,,,,,,,,,,,,,,,,,,,,,,,,,,,,,,,,,,,,0,0,CLE,REI,0,5,1,1,1,0,0,3,4,E/E,True,True,0.51,0.44000000000000006
2026-08-08,Ligue 2,2026/2027,DUNKERQUE,GRENOBLE,4,2,1,1,H,17,8,6,2,18,9,10,2,2,3,0,0,497,361,0,2,58.0,42.0,1552425.0,,,,,,,,,,,,,,,,,,,,,,,,,,,,,,,,,,,,6,2,DUN,GRE,4,12,1,3,0,0,0,5,6,E/DUN,True,True,3.0599999999999996,-0.40000000000000013
2026-08-08,Ligue 2,2026/2027,METZ,GUINGAMP,2,1,0,0,H,15,12,7,7,16,10,5,3,2,1,0,0,377,557,6,5,41.0,59.0,1552426.0,,,,,,,,,,,,,,,,,,,,,,,,,,,,,,,,,,,,3,0,MET,GUI,3,8,1,3,0,0,0,6,7,E/MET,False,True,2.1899999999999995,0.65
2026-08-08,Ligue 2,2026/2027,MONTPELLIER,DIJON,1,1,0,0,D,22,10,5,4,20,18,4,0,3,3,0,0,434,359,3,4,55.0,45.0,1552427.0,,,,,,,,,,,,,,,,,,,,,,,,,,,,,,,,,,,,2,0,MON,DIJ,2,4,1,1,1,0,0,7,8,E/E,False,False,0.95,0.4700000000000001
2026-08-08,Ligue 2,2026/2027,NANTES,RED STAR FC 93,0,1,0,0,A,11,12,2,3,13,13,4,8,2,3,0,0,440,422,2,2,51.0,49.0,1552428.0,,,,,,,,,,,,,,,,,,,,,,,,,,,,,,,,,,,,1,0,NAN,RED,1,12,1,0,3,0,0,9,10,E/RED,False,False,-0.010000000000000037,1.8699999999999999
2026-08-08,Ligue 2,2026/2027,PAU,ANNECY,0,1,0,1,A,16,9,2,3,12,10,6,4,3,0,0,1,585,253,2,2,71.0,29.0,1552429.0,,,,,,,,,,,,,,,,,,,,,,,,,,,,,,,,,,,,1,1,PAU,ANN,0,10,1,0,3,0,0,10,11,ANN/ANN,False,False,0.06999999999999995,1.6799999999999997
2026-08-08,Ligue 2,2026/2027,RODEZ,LAVAL,3,1,0,0,H,20,6,9,1,13,5,8,4,1,1,0,1,382,525,0,6,44.0,56.0,1552430.0,,,,,,,,,,,,,,,,,,,,,,,,,,,,,,,,,,,,4,0,ROD,LAV,4,12,1,3,0,0,0,11,12,E/ROD,False,False,3.0199999999999996,-0.61
2026-08-08,Ligue 2,2026/2027,SOCHAUX,SAINT ETIENNE,0,3,0,3,A,11,11,1,5,14,10,6,1,0,1,0,0,493,455,4,2,53.0,47.0,1552431.0,,,,,,,,,,,,,,,,,,,,,,,,,,,,,,,,,,,,3,3,SOC,SAI,0,7,1,0,3,0,0,12,13,SAI/SAI,False,False,0.18000000000000005,2.03
2026-08-14,Ligue 2,2026/2027,ANNECY,RODEZ,2,0,1,0,H,12,9,6,3,15,12,8,7,2,0,0,0,412,387,3,4,50.0,50.0,1552432.0,,,,,,,,,,,,,,,,,,,,,,,,,,,,,,,,,,,,2,1,ANN,ROD,1,15,2,3,0,3,3,6,3,ANN/ANN,True,True,2.8099999999999996,0.33999999999999997
2026-08-14,Ligue 2,2026/2027,DIJON,PAU,0,1,0,0,A,16,6,9,3,11,17,6,2,0,2,0,0,639,325,2,9,66.0,34.0,1552433.0,,,,,,,,,,,,,,,,,,,,,,,,,,,,,,,,,,,,1,0,DIJ,PAU,1,8,2,0,3,1,0,8,15,E/PAU,False,False,1.4599999999999997,1.28
2026-08-14,Ligue 2,2026/2027,GRENOBLE,METZ,0,0,0,0,D,9,9,2,1,12,15,1,5,2,2,0,0,375,544,1,2,40.0,60.0,1552434.0,,,,,,,,,,,,,,,,,,,,,,,,,,,,,,,,,,,,0,0,GRE,MET,0,6,2,1,1,0,3,16,4,E/E,True,False,0.5,0.5800000000000001
2026-08-14,Ligue 2,2026/2027,GUINGAMP,BOULOGNE,1,0,0,0,H,14,12,3,2,14,15,3,4,1,2,0,0,524,373,2,2,59.0,41.0,1552435.0,,,,,,,,,,,,,,,,,,,,,,,,,,,,,,,,,,,,1,0,GUI,BOU,1,7,2,3,0,0,1,15,9,E/GUI,False,False,1.8199999999999998,0.08999999999999997
2026-08-14,Ligue 2,2026/2027,LAVAL,NANTES,2,1,1,1,H,9,17,5,3,14,11,2,7,1,0,0,0,366,510,2,3,41.0,59.0,1552436.0,,,,,,,,,,,,,,,,,,,,,,,,,,,,,,,,,,,,3,2,LAV,NAN,1,9,2,3,0,0,0,17,16,E/LAV,False,False,1.96,0.51
2026-08-14,Ligue 2,2026/2027,NANCY,MONTPELLIER,0,1,0,0,A,12,13,4,4,18,27,6,6,2,5,0,0,389,348,3,4,53.0,47.0,1552437.0,,,,,,,,,,,,,,,,,,,,,,,,,,,,,,,,,,,,1,0,NAN,MON,1,12,2,0,3,1,1,11,10,E/MON,False,False,0.37999999999999995,1.58
2026-08-14,Ligue 2,2026/2027,RED STAR FC 93,SOCHAUX,0,0,0,0,D,20,6,5,2,7,11,12,1,2,0,0,0,548,276,2,5,67.0,33.0,1552438.0,,,,,,,,,,,,,,,,,,,,,,,,,,,,,,,,,,,,0,0,RED,SOC,0,13,2,1,1,3,0,6,18,E/E,False,True,1.53,0.3600000000000001
2026-08-14,Ligue 2,2026/2027,REIMS,DUNKERQUE,3,3,1,1,D,9,16,4,9,14,11,2,8,2,4,1,0,290,439,6,1,40.0,60.0,1552439.0,,,,,,,,,,,,,,,,,,,,,,,,,,,,,,,,,,,,6,2,REI,DUN,4,10,2,1,1,1,3,12,6,E/E,True,False,0.14000000000000007,1.6099999999999999
2026-08-14,Ligue 2,2026/2027,SAINT ETIENNE,CLERMONT FOOT,3,1,1,0,H,21,5,5,2,15,15,7,6,1,1,0,0,519,340,1,2,61.0,39.0,1552440.0,,,,,,,,,,,,,,,,,,,,,,,,,,,,,,,,,,,,4,1,SAI,CLE,3,13,2,3,0,3,1,6,12,SAI/SAI,False,True,2.28,0.11000000000000001
2026-08-21,Ligue 2,2026/2027,BOULOGNE,RED STAR FC 93,1,1,0,1,D,17,6,9,3,15,18,3,3,4,4,0,0,435,375,2,8,54.0,46.0,1552441.0,,,,,,,,,,,,,,,,,,,,,,,,,,,,,,,,,,,,2,1,BOU,RED,1,6,3,1,1,1,4,13,6,RED/E,True,False,1.3899999999999997,0.18999999999999984
2026-08-21,Ligue 2,2026/2027,CLERMONT FOOT,DIJON,1,1,0,0,D,8,18,2,6,7,19,2,7,0,2,0,0,391,603,5,1,39.0,61.0,1552442.0,,,,,,,,,,,,,,,,,,,,,,,,,,,,,,,,,,,,2,0,CLE,DIJ,2,9,3,1,1,1,1,16,13,E/E,False,False,0.45999999999999996,1.41
2026-08-21,Ligue 2,2026/2027,DUNKERQUE,MONTPELLIER,0,1,0,0,A,12,11,3,5,17,19,5,7,3,2,0,0,453,314,4,3,58.0,42.0,1552443.0,,,,,,,,,,,,,,,,,,,,,,,,,,,,,,,,,,,,1,0,DUN,MON,1,12,3,0,3,4,4,4,6,E/MON,True,True,0.009999999999999898,2.65
2026-08-21,Ligue 2,2026/2027,PAU,NANCY,0,1,0,0,A,15,8,1,3,16,18,5,4,3,2,0,0,387,454,2,1,46.0,54.0,1552446.0,,,,,,,,,,,,,,,,,,,,,,,,,,,,,,,,,,,,1,0,PAU,NAN,1,9,3,0,3,3,1,9,15,E/NAN,False,False,-0.13000000000000006,1.8
2026-08-21,Ligue 2,2026/2027,SOCHAUX,GUINGAMP,1,0,1,0,H,8,18,3,6,21,11,2,8,1,5,0,0,308,615,6,2,33.0,67.0,1552448.0,,,,,,,,,,,,,,,,,,,,,,,,,,,,,,,,,,,,1,1,SOC,GUI,0,10,3,3,0,1,3,17,9,SOC/SOC,False,False,1.49,0.6099999999999999
2026-08-22,Ligue 2,2026/2027,METZ,LAVAL,1,1,0,0,D,17,11,7,3,14,16,4,7,2,3,1,0,349,454,2,6,44.0,56.0,1552444.0,,,,,,,,,,,,,,,,,,,,,,,,,,,,,,,,,,,,2,0,MET,LAV,2,11,3,1,1,4,3,6,10,E/E,False,True,1.01,0.57
2026-08-22,Ligue 2,2026/2027,NANTES,RODEZ,2,5,2,1,A,14,16,6,5,14,18,4,6,2,3,0,0,512,341,1,4,59.0,41.0,1552445.0,,,,,,,,,,,,,,,,,,,,,,,,,,,,,,,,,,,,7,3,NAN,ROD,4,10,3,0,3,0,3,18,10,NAN/ROD,False,False,0.5299999999999998,1.8699999999999999
2026-08-22,Ligue 2,2026/2027,SAINT ETIENNE,GRENOBLE,4,0,3,0,H,18,2,10,1,14,19,6,2,1,3,0,0,669,331,0,6,66.0,34.0,1552449.0,,,,,,,,,,,,,,,,,,,,,,,,,,,,,,,,,,,,4,3,SAI,GRE,1,8,3,3,0,6,1,2,17,SAI/SAI,False,True,3.11,-0.67
2026-08-24,Ligue 2,2026/2027,REIMS,ANNECY,3,1,0,1,H,20,7,10,2,5,12,4,2,0,0,0,0,465,402,1,7,54.0,46.0,1552447.0,,,,,,,,,,,,,,,,,,,,,,,,,,,,,,,,,,,,4,1,REI,ANN,3,6,3,3,0,2,6,13,4,ANN/REI,True,False,3.56,-0.18
2026-08-28,Ligue 2,2026/2027,CLERMONT FOOT,SOCHAUX,0,0,0,0,D,6,5,2,1,15,15,8,3,1,1,0,0,521,385,1,1,57.0,43.0,1552451.0,,,,,,,,,,,,,,,,,,,,,,,,,,,,,,,,,,,,0,0,CLE,SOC,0,11,4,1,1,2,4,16,11,E/E,False,False,0.9899999999999999,0.44000000000000006
2026-08-28,Ligue 2,2026/2027,LAVAL,GRENOBLE,0,3,0,2,A,15,7,4,5,12,15,8,0,1,4,0,0,635,315,2,4,68.0,32.0,1552454.0,,,,,,,,,,,,,,,,,,,,,,,,,,,,,,,,,,,,3,2,LAV,GRE,1,8,4,0,3,4,1,11,17,GRE/GRE,False,False,0.65,1.4899999999999998
2026-08-28,Ligue 2,2026/2027,MONTPELLIER,BOULOGNE,0,0,0,0,D,12,13,6,8,14,20,7,1,2,3,0,1,575,280,8,6,68.0,32.0,1552455.0,,,,,,,,,,,,,,,,,,,,,,,,,,,,,,,,,,,,0,0,MON,BOU,0,8,4,1,1,7,2,2,17,E/E,False,True,1.13,0.76
2026-08-28,Ligue 2,2026/2027,NANCY,DUNKERQUE,2,0,1,0,H,18,8,4,2,15,14,1,3,0,2,0,1,528,368,2,2,59.0,41.0,1552456.0,,,,,,,,,,,,,,,,,,,,,,,,,,,,,,,,,,,,2,1,NAN,DUN,1,4,4,3,0,4,4,10,9,NAN/NAN,False,False,1.9899999999999998,-0.22
2026-08-28,Ligue 2,2026/2027,RODEZ,PAU,2,2,1,2,D,10,14,5,2,21,8,5,3,3,1,0,0,490,370,0,3,58.0,42.0,1552458.0,,,,,,,,,,,,,,,,,,,,,,,,,,,,,,,,,,,,4,3,ROD,PAU,1,8,4,1,1,6,3,4,15,PAU/E,False,True,1.0399999999999998,0.5000000000000001
2026-08-29,Ligue 2,2026/2027,ANNECY,METZ,1,1,1,1,D,14,14,6,1,18,8,7,6,2,2,0,0,393,373,0,5,51.0,49.0,1552450.0,,,,,,,,,,,,,,,,,,,,,,,,,,,,,,,,,,,,2,2,ANN,MET,0,13,4,1,1,6,5,5,7,E/E,False,True,1.3800000000000001,0.31
2026-08-29,Ligue 2,2026/2027,GUINGAMP,NANTES,3,3,2,1,D,14,20,7,6,11,22,1,5,1,2,0,0,342,490,3,4,41.0,59.0,1552453.0,,,,,,,,,,,,,,,,,,,,,,,,,,,,,,,,,,,,6,3,GUI,NAN,3,6,4,1,1,3,0,14,18,GUI/E,False,False,1.0999999999999999,1.0799999999999998
2026-08-29,Ligue 2,2026/2027,RED STAR FC 93,REIMS,1,4,1,2,A,12,10,5,8,12,15,7,2,2,4,0,0,476,380,4,4,56.0,44.0,1552457.0,,,,,,,,,,,,,,,,,,,,,,,,,,,,,,,,,,,,5,3,RED,REI,2,9,4,0,3,5,5,8,7,REI/REI,False,False,0.4599999999999999,2.0100000000000002
2026-08-31,Ligue 2,2026/2027,DIJON,SAINT ETIENNE,2,3,1,1,A,13,17,7,12,13,14,3,3,1,1,0,0,513,549,8,5,48.0,52.0,1552452.0,,,,,,,,,,,,,,,,,,,,,,,,,,,,,,,,,,,,5,2,DIJ,SAI,3,6,4,0,3,2,9,17,1,E/SAI,True,False,0.44000000000000006,2.9399999999999995
2026-09-04,Ligue 2,2026/2027,GRENOBLE,ANNECY,1,2,0,0,A,10,13,2,4,12,12,5,6,0,3,0,0,354,442,2,1,44.0,56.0,1552461.0,,,,,,,,,,,,,,,,,,,,,,,,,,,,,,,,,,,,3,0,GRE,ANN,3,11,5,0,3,4,7,13,6,E/ANN,True,False,0.22999999999999998,1.8999999999999997
2026-09-04,Ligue 2,2026/2027,LAVAL,RED STAR FC 93,1,2,0,2,A,15,16,3,7,15,20,5,6,2,3,0,1,478,426,5,2,53.0,47.0,1552462.0,,,,,,,,,,,,,,,,,,,,,,,,,,,,,,,,,,,,3,2,LAV,RED,1,11,5,0,3,4,5,14,8,RED/RED,False,False,0.029999999999999916,2.05
2026-09-04,Ligue 2,2026/2027,PAU,SOCHAUX,1,1,1,0,D,19,12,8,3,21,15,8,1,1,1,0,1,416,359,2,6,55.0,45.0,1552465.0,,,,,,,,,,,,,,,,,,,,,,,,,,,,,,,,,,,,2,1,PAU,SOC,1,9,5,1,1,4,5,12,9,PAU/E,False,False,1.8299999999999996,0.08999999999999997
2026-09-04,Ligue 2,2026/2027,BOULOGNE,DIJON,1,1,1,0,D,15,12,3,6,10,15,10,5,2,2,0,0,422,498,6,2,46.0,54.0,1552459.0,,,,,,,,,,,,,,,,,,,,,,,,,,,,,,,,,,,,2,1,BOU,DIJ,1,15,5,1,1,3,2,15,17,BOU/E,False,False,0.8499999999999999,1.1
2026-09-04,Ligue 2,2026/2027,DUNKERQUE,CLERMONT FOOT,1,1,1,0,D,17,14,2,3,15,12,2,7,1,2,0,0,373,582,2,1,39.0,61.0,1552460.0,,,,,,,,,,,,,,,,,,,,,,,,,,,,,,,,,,,,2,1,DUN,CLE,1,9,5,1,1,4,3,11,17,DUN/E,False,False,0.51,0.96
2026-09-05,Ligue 2,2026/2027,REIMS,GUINGAMP,2,2,0,1,D,9,17,3,7,13,12,0,3,1,1,0,0,504,457,4,1,52.0,48.0,1552466.0,,,,,,,,,,,,,,,,,,,,,,,,,,,,,,,,,,,,4,1,REI,GUI,3,3,5,1,1,8,4,3,12,GUI/E,False,True,0.43999999999999984,1.4499999999999997
2026-09-05,Ligue 2,2026/2027,METZ,RODEZ,4,1,3,1,H,19,19,8,6,11,11,7,7,2,0,0,0,459,324,5,4,57.0,43.0,1552463.0,,,,,,,,,,,,,,,,,,,,,,,,,,,,,,,,,,,,5,4,MET,ROD,1,14,5,3,0,6,7,8,6,MET/MET,True,False,2.91,0.7099999999999999
2026-09-05,Ligue 2,2026/2027,SAINT ETIENNE,MONTPELLIER,3,1,1,1,H,14,6,5,3,18,21,5,4,1,2,0,0,431,525,2,2,45.0,55.0,1552467.0,,,,,,,,,,,,,,,,,,,,,,,,,,,,,,,,,,,,4,2,SAI,MON,2,9,5,3,0,12,8,1,5,E/SAI,True,True,2.67,0.09999999999999992
2026-07-25,NB I Hungria,2026/2027,KISVARDA FC,BUDAPEST HONVED,1,1,0,0,D,15,16,3,4,11,7,1,7,0,2,0,0,264,566,3,2,32.0,68.0,1560202.0,,,,,,,,,,,,,,,,,,,,,,,,,,,,,,,,,,,,2,0,KIS,BUD,2,8,1,1,1,0,0,1,2,E/E,True,True,0.66,1.08
2026-07-26,NB I Hungria,2026/2027,DEBRECENI VSC,PUSKAS ACADEMY,0,2,0,2,A,20,10,4,4,11,11,7,4,2,4,0,1,441,301,2,2,60.0,40.0,1560201.0,,,,,,,,,,,,,,,,,,,,,,,,,,,,,,,,,,,,2,2,DEB,PUS,0,11,1,0,3,0,0,3,4,PUS/PUS,True,True,0.47000000000000003,1.81
2026-07-26,NB I Hungria,2026/2027,PAKS,FERENCVAROSI TC,4,2,2,2,H,17,12,7,5,18,17,7,2,3,0,0,0,291,468,3,3,39.0,61.0,1560205.0,,,,,,,,,,,,,,,,,,,,,,,,,,,,,,,,,,,,6,4,PAK,FER,2,9,1,3,0,0,0,4,5,E/PAK,True,True,2.8099999999999996,0.36
2026-07-26,NB I Hungria,2026/2027,VASAS,GYORI ETO FC,2,2,0,0,D,10,12,2,3,14,7,2,3,0,4,1,0,240,392,2,1,36.0,64.0,1560206.0,,,,,,,,,,,,,,,,,,,,,,,,,,,,,,,,,,,,4,0,VAS,GYO,4,5,1,1,1,0,0,5,6,E/E,True,True,0.43999999999999995,0.5599999999999999
2026-07-27,NB I Hungria,2026/2027,MTK BUDAPEST,ZALAEGERSZEGI TE,3,0,1,0,H,15,12,6,4,10,17,1,5,0,2,0,0,517,578,4,3,47.0,53.0,1560203.0,,,,,,,,,,,,,,,,,,,,,,,,,,,,,,,,,,,,3,1,MTK,ZAL,2,6,1,3,0,0,0,7,8,MTK/MTK,False,False,2.1499999999999995,0.3299999999999999
2026-07-31,NB I Hungria,2026/2027,PUSKAS ACADEMY,KISVARDA FC,0,2,0,1,A,14,16,4,6,12,14,7,5,1,2,1,0,503,305,4,3,62.0,38.0,1560210.0,,,,,,,,,,,,,,,,,,,,,,,,,,,,,,,,,,,,2,1,PUS,KIS,1,12,2,0,3,3,1,3,6,KIS/KIS,True,True,0.19999999999999996,2.6099999999999994
2026-08-01,NB I Hungria,2026/2027,BUDAPEST HONVED,MTK BUDAPEST,3,3,2,1,D,16,11,5,5,14,14,4,3,1,2,1,0,340,446,2,2,43.0,57.0,1560209.0,,,,,,,,,,,,,,,,,,,,,,,,,,,,,,,,,,,,6,3,BUD,MTK,3,7,2,1,1,1,3,7,2,BUD/E,True,False,0.7899999999999998,0.8699999999999999
2026-08-02,NB I Hungria,2026/2027,UJPEST,DEBRECENI VSC,4,2,2,1,H,18,16,8,5,14,16,6,11,1,5,0,0,243,318,4,4,43.0,57.0,1560211.0,,,,,,,,,,,,,,,,,,,,,,,,,,,,,,,,,,,,6,3,UJP,DEB,3,17,2,3,0,0,0,8,11,UJP/UJP,False,False,2.4299999999999997,0.28
2026-08-03,NB I Hungria,2026/2027,ZALAEGERSZEGI TE,PAKS,5,2,3,2,H,13,13,9,4,13,11,3,7,3,3,0,0,330,498,2,4,39.0,61.0,1560212.0,,,,,,,,,,,,,,,,,,,,,,,,,,,,,,,,,,,,7,5,ZAL,PAK,2,10,2,3,0,0,3,11,3,ZAL/ZAL,True,False,2.8599999999999994,0.13999999999999996
2026-08-07,NB I Hungria,2026/2027,MTK BUDAPEST,PUSKAS ACADEMY,2,3,0,2,A,17,18,9,7,10,20,8,4,2,4,0,0,552,405,4,7,58.0,42.0,1560216.0,,,,,,,,,,,,,,,,,,,,,,,,,,,,,,,,,,,,5,2,MTK,PUS,3,12,3,0,3,4,3,1,5,PUS/PUS,True,True,1.1199999999999999,2.2399999999999998
2026-08-08,NB I Hungria,2026/2027,KISVARDA FC,UJPEST,2,4,1,2,A,10,17,2,8,20,13,6,4,2,0,0,0,311,400,7,0,45.0,55.0,1560215.0,,,,,,,,,,,,,,,,,,,,,,,,,,,,,,,,,,,,6,3,KIS,UJP,3,10,3,0,3,4,3,3,4,UJP/UJP,True,True,-0.08,3.18
2026-08-09,NB I Hungria,2026/2027,PAKS,BUDAPEST HONVED,2,2,0,0,D,18,14,6,7,12,12,4,4,1,2,0,0,417,377,5,4,53.0,47.0,1560217.0,,,,,,,,,,,,,,,,,,,,,,,,,,,,,,,,,,,,4,0,PAK,BUD,4,8,3,1,1,3,2,6,7,E/E,False,True,1.0699999999999996,1.17
2026-08-16,NB I Hungria,2026/2027,DEBRECENI VSC,GYORI ETO FC,1,1,0,1,D,21,11,6,1,14,9,13,5,3,2,0,0,337,437,0,5,45.0,55.0,1560219.0,,,,,,,,,,,,,,,,,,,,,,,,,,,,,,,,,,,,2,1,DEB,GYO,1,18,3,1,1,0,1,12,9,GYO/E,False,False,1.5999999999999999,0.13999999999999996
2026-08-16,NB I Hungria,2026/2027,PUSKAS ACADEMY,PAKS,3,2,2,1,H,14,16,5,5,14,8,2,7,2,0,0,0,354,415,3,2,45.0,55.0,1560222.0,,,,,,,,,,,,,,,,,,,,,,,,,,,,,,,,,,,,5,3,PUS,PAK,2,9,4,3,0,6,4,2,5,PUS/PUS,True,True,2.26,0.81
2026-08-17,NB I Hungria,2026/2027,ZALAEGERSZEGI TE,FERENCVAROSI TC,0,1,0,1,A,9,12,5,4,12,12,2,1,2,2,0,0,442,421,3,5,51.0,49.0,1560224.0,,,,,,,,,,,,,,,,,,,,,,,,,,,,,,,,,,,,1,1,ZAL,FER,0,3,4,0,3,3,0,7,12,FER/FER,False,False,0.43,1.6600000000000001
2026-08-21,NB I Hungria,2026/2027,PAKS,UJPEST,2,0,2,0,H,19,22,9,5,18,11,6,1,3,0,1,0,291,415,5,6,43.0,57.0,1560229.0,,,,,,,,,,,,,,,,,,,,,,,,,,,,,,,,,,,,2,2,PAK,UJP,0,7,5,3,0,4,6,5,2,PAK/PAK,True,True,2.829999999999999,0.22999999999999998
2026-08-23,NB I Hungria,2026/2027,GYORI ETO FC,ZALAEGERSZEGI TE,3,0,1,0,H,10,24,6,6,13,10,2,7,3,4,0,0,450,447,6,2,50.0,50.0,1560226.0,,,,,,,,,,,,,,,,,,,,,,,,,,,,,,,,,,,,3,1,GYO,ZAL,2,9,5,3,0,2,3,9,7,GYO/GYO,False,False,1.7599999999999996,0.5099999999999999
2026-08-23,NB I Hungria,2026/2027,KISVARDA FC,DEBRECENI VSC,0,0,0,0,D,22,10,3,2,13,12,9,6,4,0,1,1,294,297,2,3,50.0,50.0,1560227.0,,,,,,,,,,,,,,,,,,,,,,,,,,,,,,,,,,,,0,0,KIS,DEB,0,15,5,1,1,4,1,6,11,E/E,False,True,0.5300000000000001,0.52
2026-08-28,NB I Hungria,2026/2027,DEBRECENI VSC,MTK BUDAPEST,2,2,1,2,D,21,14,8,7,11,7,15,3,3,3,0,0,407,263,5,5,62.0,38.0,1560231.0,,,,,,,,,,,,,,,,,,,,,,,,,,,,,,,,,,,,4,3,DEB,MTK,1,18,6,1,1,2,4,10,6,MTK/E,True,False,1.7399999999999995,0.6999999999999997
2026-08-29,NB I Hungria,2026/2027,BUDAPEST HONVED,ZALAEGERSZEGI TE,1,0,1,0,H,16,10,5,0,6,8,5,6,0,1,0,0,421,421,0,3,50.0,50.0,1560232.0,,,,,,,,,,,,,,,,,,,,,,,,,,,,,,,,,,,,1,1,BUD,ZAL,0,11,6,3,0,3,3,7,10,BUD/BUD,False,False,2.38,-0.14999999999999997
2026-08-29,NB I Hungria,2026/2027,NYIREGYHAZA,PAKS,1,1,0,0,D,21,11,4,5,15,17,6,5,3,3,0,0,422,308,4,3,51.0,49.0,1560234.0,,,,,,,,,,,,,,,,,,,,,,,,,,,,,,,,,,,,2,0,NYI,PAK,2,11,6,1,1,0,7,12,2,E/E,True,False,0.75,0.8800000000000001
2026-08-29,NB I Hungria,2026/2027,UJPEST,VASAS,3,1,0,0,H,13,15,7,3,13,12,3,1,2,1,0,0,519,521,2,4,50.0,50.0,1560236.0,,,,,,,,,,,,,,,,,,,,,,,,,,,,,,,,,,,,4,0,UJP,VAS,4,4,6,3,0,6,1,3,11,E/UJP,False,True,2.3299999999999996,-0.010000000000000092
2026-08-30,NB I Hungria,2026/2027,KISVARDA FC,GYORI ETO FC,1,1,1,1,D,18,10,3,2,16,12,8,3,2,4,0,0,334,422,1,2,45.0,55.0,1560233.0,,,,,,,,,,,,,,,,,,,,,,,,,,,,,,,,,,,,2,2,KIS,GYO,0,11,6,1,1,5,5,7,5,E/E,True,False,0.99,0.24
2026-08-30,NB I Hungria,2026/2027,PUSKAS ACADEMY,FERENCVAROSI TC,1,2,0,0,A,6,16,3,6,15,14,2,5,2,3,0,0,323,522,4,2,38.0,62.0,1560235.0,,,,,,,,,,,,,,,,,,,,,,,,,,,,,,,,,,,,3,0,PUS,FER,3,7,6,0,3,9,3,2,8,E/FER,False,True,-0.0500000000000001,2.66
2026-09-03,NB I Hungria,2026/2027,GYORI ETO FC,FERENCVAROSI TC,0,3,0,1,A,11,16,3,7,13,23,4,9,2,1,0,0,385,436,4,3,41.0,59.0,1560214.0,,,,,,,,,,,,,,,,,,,,,,,,,,,,,,,,,,,,3,1,GYO,FER,2,13,7,0,3,6,6,4,7,FER/FER,False,True,-0.08000000000000007,3.17
2026-09-04,NB I Hungria,2026/2027,VASAS,NYIREGYHAZA,3,2,2,1,H,14,17,5,7,14,18,7,7,3,5,0,1,331,376,5,2,48.0,52.0,1560241.0,,,,,,,,,,,,,,,,,,,,,,,,,,,,,,,,,,,,5,3,VAS,NYI,2,14,7,3,0,1,1,12,11,VAS/VAS,False,False,1.8099999999999998,0.26000000000000023
2026-09-05,NB I Hungria,2026/2027,MTK BUDAPEST,KISVARDA FC,1,2,0,0,A,25,10,10,4,12,15,6,1,1,1,0,0,567,360,2,9,63.0,37.0,1560239.0,,,,,,,,,,,,,,,,,,,,,,,,,,,,,,,,,,,,3,0,MTK,KIS,3,7,7,0,3,5,6,8,7,E/KIS,False,False,1.48,1.4300000000000002
2026-09-05,NB I Hungria,2026/2027,PAKS,DEBRECENI VSC,2,4,1,3,A,34,14,13,7,7,11,8,7,1,1,0,0,363,360,3,11,63.0,37.0,1560240.0,,,,,,,,,,,,,,,,,,,,,,,,,,,,,,,,,,,,6,4,PAK,DEB,2,15,7,0,3,8,3,5,10,DEB/DEB,False,True,1.7599999999999998,2.4899999999999998
2026-08-21,Premier League,2026/2027,ARSENAL,COVENTRY,3,0,2,0,H,20,4,6,1,10,13,8,2,1,1,0,0,616,347,1,2,64.0,36.0,1557367.0,,,,,,,,,,,,,,,,,,,,,,,,,,,,,,,,,,,,3,2,ARS,COV,1,10,1,3,0,0,0,1,2,ARS/ARS,True,True,3.11,-0.31000000000000005
2026-08-22,Premier League,2026/2027,HULL CITY,MANCHESTER UNITED,2,0,2,0,H,8,21,4,5,10,9,1,6,2,1,0,0,252,654,5,2,28.0,72.0,1557368.0,,,,,,,,,,,,,,,,,,,,,,,,,,,,,,,,,,,,2,2,HUL,MUN,0,7,1,3,0,0,0,2,3,HUL/HUL,True,True,2.08,0.7300000000000001
2026-08-22,Premier League,2026/2027,EVERTON,CRYSTAL PALACE,2,0,1,0,H,16,11,5,4,5,15,4,0,0,1,0,0,413,570,4,3,42.0,58.0,1557369.0,,,,,,,,,,,,,,,,,,,,,,,,,,,,,,,,,,,,2,1,EVE,CRY,1,4,1,3,0,0,0,3,4,EVE/EVE,True,True,2.75,0.16999999999999996
2026-08-22,Premier League,2026/2027,IPSWICH,SUNDERLAND,2,1,1,1,H,10,11,3,4,12,14,3,5,0,3,0,0,325,549,2,1,38.0,62.0,1557370.0,,,,,,,,,,,,,,,,,,,,,,,,,,,,,,,,,,,,3,2,IPS,SUN,1,8,1,3,0,0,0,4,5,E/IPS,True,True,2.3,0.33999999999999986
2026-08-22,Premier League,2026/2027,NOTTINGHAM FOREST,LEEDS,0,1,0,0,A,12,11,2,3,15,14,3,2,2,1,0,0,411,326,2,3,56.0,44.0,1557371.0,,,,,,,,,,,,,,,,,,,,,,,,,,,,,,,,,,,,1,0,NOT,LEE,1,5,1,0,3,0,0,5,6,E/LEE,True,True,0.06,2.29
2026-08-22,Premier League,2026/2027,BRENTFORD,TOTTENHAM,3,0,2,0,H,26,9,8,4,17,14,7,3,1,1,0,0,360,549,4,5,40.0,60.0,1557372.0,,,,,,,,,,,,,,,,,,,,,,,,,,,,,,,,,,,,3,2,BRE,TOT,1,10,1,3,0,0,0,6,7,BRE/BRE,False,True,2.69,0.10999999999999996
2026-08-23,Premier League,2026/2027,BRIGHTON,ASTON VILLA,4,0,4,0,H,21,6,6,0,12,11,5,2,2,3,0,1,647,242,0,3,73.0,27.0,1557373.0,,,,,,,,,,,,,,,,,,,,,,,,,,,,,,,,,,,,4,4,BRI,AST,0,7,1,3,0,0,0,7,8,BRI/BRI,False,False,2.4099999999999997,-0.8500000000000001
2026-08-23,Premier League,2026/2027,MANCHESTER CITY,BOURNEMOUTH,2,1,0,1,H,13,5,6,4,11,11,8,3,1,2,0,0,640,333,3,4,66.0,34.0,1557374.0,,,,,,,,,,,,,,,,,,,,,,,,,,,,,,,,,,,,3,1,MCI,BOU,2,11,1,3,0,0,0,8,9,BOU/MCI,False,False,2.4399999999999995,0.08999999999999991
2026-08-23,Premier League,2026/2027,NEWCASTLE,LIVERPOOL,2,2,1,0,D,13,27,4,7,16,15,2,6,5,3,0,0,296,445,5,3,39.0,61.0,1557375.0,,,,,,,,,,,,,,,,,,,,,,,,,,,,,,,,,,,,4,1,NEW,LIV,3,8,1,1,1,0,0,9,10,NEW/E,False,False,0.22999999999999998,1.31
2026-08-24,Premier League,2026/2027,FULHAM,CHELSEA,2,3,1,2,A,14,18,6,6,12,7,6,4,2,3,0,0,639,394,3,4,62.0,38.0,1557376.0,,,,,,,,,,,,,,,,,,,,,,,,,,,,,,,,,,,,5,3,FUL,CHE,2,10,1,0,3,0,0,11,12,CHE/CHE,False,False,0.6199999999999999,1.8799999999999997
2026-08-28,Premier League,2026/2027,CRYSTAL PALACE,MANCHESTER CITY,1,4,0,1,A,9,18,1,9,8,10,2,6,1,2,0,0,272,766,4,1,27.0,73.0,1557381.0,,,,,,,,,,,,,,,,,,,,,,,,,,,,,,,,,,,,5,1,CRY,MCI,4,8,2,0,3,0,3,17,8,MCI/MCI,False,False,-0.42000000000000004,2.8599999999999994
2026-08-29,Premier League,2026/2027,BOURNEMOUTH,EVERTON,1,1,1,0,D,17,13,5,7,11,14,10,7,3,2,0,0,453,313,5,4,59.0,41.0,1557378.0,,,,,,,,,,,,,,,,,,,,,,,,,,,,,,,,,,,,2,1,BOU,EVE,1,17,2,1,1,0,3,14,6,BOU/E,True,False,0.9599999999999997,1.2500000000000002
2026-08-29,Premier League,2026/2027,COVENTRY,HULL CITY,0,1,0,0,A,11,6,3,2,11,8,6,2,1,4,0,0,584,271,1,3,69.0,31.0,1557380.0,,,,,,,,,,,,,,,,,,,,,,,,,,,,,,,,,,,,1,0,COV,HUL,1,8,2,0,3,0,3,17,6,E/HUL,True,False,0.51,1.23
2026-08-29,Premier League,2026/2027,LIVERPOOL,NOTTINGHAM FOREST,2,2,0,1,D,13,12,4,3,13,10,3,5,4,2,0,0,625,281,1,2,69.0,31.0,1557383.0,,,,,,,,,,,,,,,,,,,,,,,,,,,,,,,,,,,,4,1,LIV,NOT,3,8,2,1,1,1,0,11,15,NOT/E,False,False,0.6,0.74
2026-08-29,Premier League,2026/2027,TOTTENHAM,NEWCASTLE,0,2,0,0,A,17,11,6,2,15,9,9,7,1,2,0,0,498,373,0,4,58.0,42.0,1557386.0,,,,,,,,,,,,,,,,,,,,,,,,,,,,,,,,,,,,2,0,TOT,NEW,2,16,2,0,3,0,1,17,11,E/NEW,False,False,1.0099999999999998,1.4700000000000002
2026-08-30,Premier League,2026/2027,CHELSEA,BRIGHTON,4,3,3,1,H,17,15,6,6,6,12,4,7,1,3,0,0,227,647,4,1,26.0,74.0,1557379.0,,,,,,,,,,,,,,,,,,,,,,,,,,,,,,,,,,,,7,4,CHE,BRI,3,11,2,3,0,3,3,8,5,CHE/CHE,True,False,2.5599999999999996,0.57
2026-08-30,Premier League,2026/2027,LEEDS,BRENTFORD,1,1,0,1,D,12,22,2,5,5,13,5,6,0,4,0,0,369,425,4,1,47.0,53.0,1557382.0,,,,,,,,,,,,,,,,,,,,,,,,,,,,,,,,,,,,2,1,LEE,BRE,1,11,2,1,1,3,3,10,8,BRE/E,False,False,0.68,0.9499999999999998
2026-08-30,Premier League,2026/2027,MANCHESTER UNITED,IPSWICH,5,2,1,1,H,33,9,11,5,7,12,8,4,1,3,0,0,546,359,3,6,60.0,40.0,1557384.0,,,,,,,,,,,,,,,,,,,,,,,,,,,,,,,,,,,,7,2,MUN,IPS,5,12,2,3,0,0,3,16,10,E/MUN,False,False,3.1199999999999997,-0.06000000000000008
2026-08-30,Premier League,2026/2027,SUNDERLAND,FULHAM,1,0,0,0,H,12,11,4,0,10,15,3,4,0,2,0,0,390,560,0,3,41.0,59.0,1557385.0,,,,,,,,,,,,,,,,,,,,,,,,,,,,,,,,,,,,1,0,SUN,FUL,1,7,2,3,0,0,0,16,15,E/SUN,False,False,2.17,-0.26
2026-08-31,Premier League,2026/2027,ASTON VILLA,ARSENAL,0,1,0,0,A,7,7,0,2,17,6,2,4,3,1,0,0,337,528,1,0,39.0,61.0,1557377.0,,,,,,,,,,,,,,,,,,,,,,,,,,,,,,,,,,,,1,0,AST,ARS,1,6,2,0,3,0,3,18,9,E/ARS,False,False,-0.38000000000000006,1.8599999999999999
2026-09-04,Premier League,2026/2027,IPSWICH,LIVERPOOL,0,2,0,2,A,14,10,5,7,6,13,4,3,1,3,0,0,428,531,5,5,45.0,55.0,1557393.0,,,,,,,,,,,,,,,,,,,,,,,,,,,,,,,,,,,,2,2,IPS,LIV,0,7,3,0,3,3,2,12,13,LIV/LIV,False,False,0.44000000000000006,2.0699999999999994
2026-09-05,Premier League,2026/2027,NEWCASTLE,BOURNEMOUTH,2,2,1,2,D,8,17,2,5,19,17,4,3,2,3,0,0,459,335,4,0,57.0,43.0,1557395.0,,,,,,,,,,,,,,,,,,,,,,,,,,,,,,,,,,,,4,3,NEW,BOU,1,7,3,1,1,4,1,7,15,BOU/E,False,False,0.48999999999999994,0.9199999999999997
2026-09-05,Premier League,2026/2027,FULHAM,CRYSTAL PALACE,2,3,2,1,A,25,10,6,5,6,7,7,1,0,0,0,0,672,369,2,5,65.0,35.0,1557391.0,,,,,,,,,,,,,,,,,,,,,,,,,,,,,,,,,,,,5,3,FUL,CRY,2,8,3,0,3,0,0,16,18,FUL/CRY,False,False,0.98,1.8599999999999999
2026-09-05,Premier League,2026/2027,MANCHESTER CITY,COVENTRY,1,0,1,0,H,15,12,4,3,7,17,4,5,1,2,0,0,803,217,3,2,78.0,22.0,1557394.0,,,,,,,,,,,,,,,,,,,,,,,,,,,,,,,,,,,,1,1,MCI,COV,0,9,3,3,0,6,0,1,18,MCI/MCI,False,True,1.9500000000000002,0.21999999999999992
2026-09-05,Premier League,2026/2027,BRIGHTON,LEEDS,1,1,0,1,D,20,10,5,5,13,16,7,6,3,3,0,0,490,239,3,4,67.0,33.0,1557389.0,,,,,,,,,,,,,,,,,,,,,,,,,,,,,,,,,,,,2,1,BRI,LEE,1,13,3,1,1,3,4,10,9,LEE/E,False,False,0.9299999999999999,0.8600000000000001
2026-09-05,Premier League,2026/2027,BRENTFORD,SUNDERLAND,1,1,0,0,D,12,14,2,5,19,9,4,3,3,2,0,0,364,379,2,1,49.0,51.0,1557388.0,,,,,,,,,,,,,,,,,,,,,,,,,,,,,,,,,,,,2,0,BRE,SUN,2,7,3,1,1,4,3,9,12,E/E,False,False,0.3899999999999999,1.0199999999999998
2026-09-05,Premier League,2026/2027,NOTTINGHAM FOREST,TOTTENHAM,0,0,0,0,D,12,12,2,0,22,13,2,10,2,2,0,0,311,443,0,1,41.0,59.0,1557396.0,,,,,,,,,,,,,,,,,,,,,,,,,,,,,,,,,,,,0,0,NOT,TOT,0,12,3,1,1,1,0,16,19,E/E,False,False,0.49999999999999994,0.6599999999999999
2026-09-05,Premier League,2026/2027,HULL CITY,ASTON VILLA,0,0,0,0,D,11,13,4,1,10,5,3,4,2,0,0,0,229,683,1,4,26.0,74.0,1557392.0,,,,,,,,,,,,,,,,,,,,,,,,,,,,,,,,,,,,0,0,HUL,AST,0,7,3,1,1,6,0,3,20,E/E,False,True,0.9200000000000002,0.5900000000000001
2026-07-31,Premiership Escocia,2026/2027,DUNDEE UTD,RANGERS,1,1,1,0,D,11,21,3,7,16,14,5,10,1,3,0,0,299,362,6,2,45.0,55.0,1556628.0,,,,,,,,,,,,,,,,,,,,,,,,,,,,,,,,,,,,2,1,DUN,RAN,1,15,1,1,1,0,0,1,2,DUN/E,True,True,0.5499999999999999,1.4999999999999998
2026-08-01,Premiership Escocia,2026/2027,FALKIRK,ST MIRREN,0,2,0,1,A,10,15,1,5,18,18,7,7,0,4,0,0,432,321,4,1,58.0,42.0,1556629.0,,,,,,,,,,,,,,,,,,,,,,,,,,,,,,,,,,,,2,1,FAL,ST,1,14,1,0,3,0,0,3,4,ST/ST,True,True,0.10999999999999999,2.5100000000000002
2026-08-01,Premiership Escocia,2026/2027,ABERDEEN,HEART OF MIDLOTHIAN,2,1,0,1,H,11,19,3,4,10,17,4,6,3,2,0,1,359,350,3,1,51.0,49.0,1556630.0,,,,,,,,,,,,,,,,,,,,,,,,,,,,,,,,,,,,3,1,ABE,HEA,2,10,1,3,0,0,0,4,5,HEA/ABE,True,True,2.0300000000000002,0.22000000000000003
2026-08-02,Premiership Escocia,2026/2027,ST JOHNSTONE,KILMARNOCK,4,3,1,1,H,15,7,5,4,6,13,6,3,2,2,0,0,534,428,2,2,55.0,45.0,1556631.0,,,,,,,,,,,,,,,,,,,,,,,,,,,,,,,,,,,,7,2,ST,KIL,5,9,1,3,0,0,0,5,6,E/ST,True,True,2.5899999999999994,0.18
2026-08-02,Premiership Escocia,2026/2027,HIBERNIAN,MOTHERWELL,1,2,0,1,A,19,9,6,5,14,13,9,2,1,3,0,0,444,505,3,3,48.0,52.0,1556632.0,,,,,,,,,,,,,,,,,,,,,,,,,,,,,,,,,,,,3,1,HIB,MOT,2,11,1,0,3,0,0,6,7,MOT/MOT,False,True,0.9599999999999999,2.07
2026-08-03,Premiership Escocia,2026/2027,CELTIC,DUNDEE,1,0,0,0,H,18,11,4,3,9,7,9,4,1,1,0,0,653,341,3,3,65.0,35.0,1556633.0,,,,,,,,,,,,,,,,,,,,,,,,,,,,,,,,,,,,1,0,CEL,DUN,1,13,1,3,0,0,0,7,8,E/CEL,False,False,2.22,0.16999999999999996
2026-08-08,Premiership Escocia,2026/2027,DUNDEE,ABERDEEN,2,0,1,0,H,18,9,7,3,9,12,5,4,1,3,0,0,362,410,3,5,47.0,53.0,1556634.0,,,,,,,,,,,,,,,,,,,,,,,,,,,,,,,,,,,,2,1,DUN,ABE,1,9,2,3,0,0,3,11,3,DUN/DUN,True,False,2.9699999999999998,-0.10000000000000012
2026-08-08,Premiership Escocia,2026/2027,ST MIRREN,ST JOHNSTONE,1,0,0,0,H,13,9,4,2,11,8,5,2,2,1,0,0,462,413,2,3,52.0,48.0,1556637.0,,,,,,,,,,,,,,,,,,,,,,,,,,,,,,,,,,,,1,0,ST,ST,1,7,2,3,0,3,3,1,2,E/ST,True,True,2.51,-2.7755575615628914e-17
2026-08-09,Premiership Escocia,2026/2027,HEART OF MIDLOTHIAN,DUNDEE UTD,4,0,2,0,H,12,10,7,0,11,11,7,2,1,2,0,0,351,494,0,3,42.0,58.0,1556635.0,,,,,,,,,,,,,,,,,,,,,,,,,,,,,,,,,,,,4,2,HEA,DUN,2,9,2,3,0,0,1,10,7,HEA/HEA,False,False,2.76,-0.5900000000000001
2026-08-09,Premiership Escocia,2026/2027,MOTHERWELL,FALKIRK,0,0,0,0,D,11,10,1,1,17,16,2,2,2,2,0,0,571,405,1,1,58.0,42.0,1556636.0,,,,,,,,,,,,,,,,,,,,,,,,,,,,,,,,,,,,0,0,MOT,FAL,0,4,2,1,1,3,0,3,12,E/E,False,True,0.4599999999999999,0.4599999999999999
2026-08-09,Premiership Escocia,2026/2027,KILMARNOCK,CELTIC,1,5,0,3,A,10,33,6,16,12,10,5,7,1,0,0,0,370,661,11,4,36.0,64.0,1556638.0,,,,,,,,,,,,,,,,,,,,,,,,,,,,,,,,,,,,6,3,KIL,CEL,3,12,2,0,3,0,3,11,5,CEL/CEL,True,False,0.10999999999999985,3.8499999999999996
2026-08-09,Premiership Escocia,2026/2027,RANGERS,HIBERNIAN,1,2,0,1,A,25,8,9,2,12,12,7,3,1,1,0,0,664,214,0,8,76.0,24.0,1556639.0,,,,,,,,,,,,,,,,,,,,,,,,,,,,,,,,,,,,3,1,RAN,HIB,2,10,2,0,3,1,0,8,11,HIB/HIB,False,False,1.4399999999999997,1.2599999999999998
2026-08-22,Premiership Escocia,2026/2027,DUNDEE UTD,DUNDEE,0,2,0,1,A,23,14,5,4,11,11,6,5,4,3,0,0,500,242,2,4,68.0,32.0,1556640.0,,,,,,,,,,,,,,,,,,,,,,,,,,,,,,,,,,,,2,1,DUN,DUN,1,11,3,0,3,1,3,11,5,DUN/DUN,True,False,0.3500000000000001,1.68
2026-08-29,Premiership Escocia,2026/2027,CELTIC,FALKIRK,2,1,2,0,H,19,5,8,1,7,14,6,3,1,4,0,0,583,459,1,6,56.0,44.0,1556647.0,,,,,,,,,,,,,,,,,,,,,,,,,,,,,,,,,,,,3,2,CEL,FAL,1,9,3,3,0,6,1,1,10,CEL/CEL,False,True,2.79,-0.62
2026-08-29,Premiership Escocia,2026/2027,HEART OF MIDLOTHIAN,ST JOHNSTONE,2,1,2,0,H,16,9,7,4,11,14,8,4,0,0,0,0,427,485,3,7,47.0,53.0,1556649.0,,,,,,,,,,,,,,,,,,,,,,,,,,,,,,,,,,,,3,2,HEA,ST,1,12,3,3,0,3,3,5,6,HEA/HEA,True,True,3.1699999999999995,0.2899999999999999
2026-08-29,Premiership Escocia,2026/2027,KILMARNOCK,DUNDEE UTD,0,4,0,3,A,16,21,4,8,11,12,3,5,3,3,0,0,435,419,4,5,51.0,49.0,1556650.0,,,,,,,,,,,,,,,,,,,,,,,,,,,,,,,,,,,,4,3,KIL,DUN,1,8,4,0,3,0,1,12,11,DUN/DUN,False,False,-0.05000000000000007,2.3899999999999997
2026-08-30,Premiership Escocia,2026/2027,ABERDEEN,RANGERS,0,1,0,0,A,10,18,2,5,21,15,6,6,6,3,0,0,288,377,3,2,44.0,56.0,1556646.0,,,,,,,,,,,,,,,,,,,,,,,,,,,,,,,,,,,,1,0,ABE,RAN,1,12,4,0,3,3,1,9,10,E/RAN,False,False,-0.37000000000000005,2.0300000000000002
2026-08-30,Premiership Escocia,2026/2027,DUNDEE,HIBERNIAN,1,2,0,1,A,11,25,3,7,8,14,3,5,1,1,0,0,389,615,5,2,39.0,61.0,1556648.0,,,,,,,,,,,,,,,,,,,,,,,,,,,,,,,,,,,,3,1,DUN,HIB,2,8,4,0,3,6,3,3,8,HIB/HIB,False,True,0.04999999999999993,2.9899999999999998
2026-08-30,Premiership Escocia,2026/2027,ST MIRREN,MOTHERWELL,3,3,3,2,D,23,22,9,7,14,12,7,7,2,2,0,0,422,513,4,6,45.0,55.0,1556651.0,,,,,,,,,,,,,,,,,,,,,,,,,,,,,,,,,,,,6,5,ST,MOT,1,14,4,1,1,6,4,3,6,ST/E,True,True,1.51,1.11
2026-09-02,Premiership Escocia,2026/2027,CELTIC,ABERDEEN,3,0,3,0,H,27,9,12,2,10,7,15,5,1,1,0,0,746,377,2,9,61.0,39.0,1556652.0,,,,,,,,,,,,,,,,,,,,,,,,,,,,,,,,,,,,3,3,CEL,ABE,0,20,5,3,0,9,3,1,10,CEL/CEL,False,True,3.7499999999999996,-0.45000000000000007
2026-09-02,Premiership Escocia,2026/2027,KILMARNOCK,ST MIRREN,0,1,0,1,A,9,10,2,1,12,13,7,3,2,2,0,0,457,520,0,2,43.0,57.0,1556656.0,,,,,,,,,,,,,,,,,,,,,,,,,,,,,,,,,,,,1,1,KIL,ST,0,10,5,0,3,0,7,12,2,ST/ST,True,False,0.34,1.3599999999999997
2026-09-02,Premiership Escocia,2026/2027,DUNDEE,ST JOHNSTONE,1,1,0,0,D,10,15,2,3,16,14,2,5,0,2,0,0,396,583,4,2,48.0,52.0,1556653.0,,,,,,,,,,,,,,,,,,,,,,,,,,,,,,,,,,,,2,0,DUN,ST,2,7,5,1,1,6,3,4,9,E/E,False,True,0.65,0.8600000000000001
2026-09-02,Premiership Escocia,2026/2027,MOTHERWELL,DUNDEE UTD,3,0,1,0,H,25,5,8,1,8,6,9,3,1,0,0,1,754,295,1,5,60.0,40.0,1556657.0,,,,,,,,,,,,,,,,,,,,,,,,,,,,,,,,,,,,3,1,MOT,DUN,2,12,5,3,0,5,4,6,9,MOT/MOT,False,True,2.9400000000000004,-0.53
2026-09-02,Premiership Escocia,2026/2027,FALKIRK,RANGERS,1,2,1,1,A,12,16,5,6,12,17,5,6,2,1,0,0,390,426,4,5,43.0,57.0,1556654.0,,,,,,,,,,,,,,,,,,,,,,,,,,,,,,,,,,,,3,2,FAL,RAN,1,11,5,0,3,1,4,11,7,E/RAN,False,False,0.37999999999999995,2.25
2026-09-03,Premiership Escocia,2026/2027,HIBERNIAN,HEART OF MIDLOTHIAN,1,3,0,2,A,17,12,4,5,16,9,7,8,2,0,2,0,376,378,2,3,55.0,45.0,1556655.0,,,,,,,,,,,,,,,,,,,,,,,,,,,,,,,,,,,,4,2,HIB,HEA,2,15,5,0,3,6,6,7,6,HEA/HEA,True,False,-0.1600000000000001,2.3099999999999996
2026-09-05,Premiership Escocia,2026/2027,ABERDEEN,KILMARNOCK,0,0,0,0,D,10,11,2,4,13,13,6,7,5,1,0,1,468,381,4,2,55.0,45.0,1556658.0,,,,,,,,,,,,,,,,,,,,,,,,,,,,,,,,,,,,0,0,ABE,KIL,0,13,6,1,1,3,0,10,12,E/E,False,False,0.2600000000000001,0.8799999999999999
2026-09-05,Premiership Escocia,2026/2027,RANGERS,MOTHERWELL,1,0,1,0,H,27,8,6,3,7,12,7,5,0,0,0,0,387,574,3,4,41.0,59.0,1556661.0,,,,,,,,,,,,,,,,,,,,,,,,,,,,,,,,,,,,1,1,RAN,MOT,0,12,6,3,0,7,8,6,4,RAN/RAN,True,True,3.0,0.2599999999999999
2026-09-05,Premiership Escocia,2026/2027,DUNDEE UTD,FALKIRK,1,1,0,1,D,27,12,9,4,16,14,14,5,3,2,0,0,458,286,3,8,62.0,38.0,1556659.0,,,,,,,,,,,,,,,,,,,,,,,,,,,,,,,,,,,,2,1,DUN,FAL,1,19,6,1,1,4,1,9,11,FAL/E,False,False,1.95,0.4200000000000001
2026-01-30,Primera Division Chile,2026,UNIVERSIDAD DE CHILE,A. ITALIANO,0,0,0,0,D,5,5,1,2,9,7,2,3,2,2,2,0,307,477,2,1,39.0,61.0,1505353.0,0.0,0.0,0.0,0.0,0.0,0.0,0.0,0.0,0.0,0.0,0.0,0.0,0.0,0.0,0.0,0.0,0.0,0.0,0.0,0.0,0.0,0.0,0.0,0.0,0.0,0.0,0.0,0.0,0.0,0.0,0.0,0.0,0.0,0.0,0.0,0,0,UNI,A.,0,5,1,1,1,0,0,1,2,E/E,True,True,-0.10999999999999993,0.6599999999999999
2026-01-31,Primera Division Chile,2026,DEPORTES LIMACHE,COLO COLO,3,1,3,0,H,9,18,4,7,1,6,3,4,1,2,0,0,239,628,6,1,27.0,73.0,1505351.0,0.0,0.0,0.0,0.0,0.0,0.0,0.0,0.0,0.0,0.0,0.0,0.0,0.0,0.0,0.0,0.0,0.0,0.0,0.0,0.0,0.0,0.0,0.0,0.0,0.0,0.0,0.0,0.0,0.0,0.0,0.0,0.0,0.0,0.0,0.0,4,3,DEP,COL,1,7,1,3,0,0,0,3,4,DEP/DEP,True,True,2.2199999999999998,0.79
2026-01-31,Primera Division Chile,2026,UNIVERSIDAD DE CONCEPCION,COQUIMBO UNIDO,1,0,0,0,H,13,8,4,1,8,12,11,1,4,4,0,1,391,395,1,3,51.0,49.0,1505354.0,0.0,0.0,0.0,0.0,0.0,0.0,0.0,0.0,0.0,0.0,0.0,0.0,0.0,0.0,0.0,0.0,0.0,0.0,0.0,0.0,0.0,0.0,0.0,0.0,0.0,0.0,0.0,0.0,0.0,0.0,0.0,0.0,0.0,0.0,0.0,1,0,UNI,COQ,1,12,1,3,0,0,0,4,5,E/UNI,True,True,2.6800000000000006,-0.8700000000000001
2026-01-31,Primera Division Chile,2026,COBRESAL,HUACHIPATO,1,0,1,0,H,18,13,5,0,17,10,6,4,3,3,0,0,420,394,0,4,52.0,48.0,1505347.0,0.0,0.0,0.0,0.0,0.0,0.0,0.0,0.0,0.0,0.0,0.0,0.0,0.0,0.0,0.0,0.0,0.0,0.0,0.0,0.0,0.0,0.0,0.0,0.0,0.0,0.0,0.0,0.0,0.0,0.0,0.0,0.0,0.0,0.0,0.0,1,1,COB,HUA,0,10,1,3,0,0,0,5,6,COB/COB,True,True,2.67,-0.47000000000000003
2026-02-01,Primera Division Chile,2026,D. LA SERENA,U. CATOLICA,2,2,2,1,D,10,13,5,4,19,16,0,3,5,5,1,0,258,349,2,3,42.0,58.0,1505350.0,0.0,0.0,0.0,0.0,0.0,0.0,0.0,0.0,0.0,0.0,0.0,0.0,0.0,0.0,0.0,0.0,0.0,0.0,0.0,0.0,0.0,0.0,0.0,0.0,0.0,0.0,0.0,0.0,0.0,0.0,0.0,0.0,0.0,0.0,0.0,4,3,D.,U.,1,3,1,1,1,0,0,6,7,D./E,False,True,0.24,0.5
2026-02-01,Primera Division Chile,2026,PALESTINO,NUBLENSE,1,1,1,0,D,14,9,7,3,10,14,7,8,3,3,1,0,440,316,2,6,57.0,43.0,1505352.0,0.0,0.0,0.0,0.0,0.0,0.0,0.0,0.0,0.0,0.0,0.0,0.0,0.0,0.0,0.0,0.0,0.0,0.0,0.0,0.0,0.0,0.0,0.0,0.0,0.0,0.0,0.0,0.0,0.0,0.0,0.0,0.0,0.0,0.0,0.0,2,1,PAL,NUB,1,15,1,1,1,0,0,8,9,PAL/E,False,False,1.04,0.5599999999999998
2026-02-02,Primera Division Chile,2026,EVERTON DE VINA,UNION LA CALERA,0,1,0,1,A,15,7,4,2,18,16,6,2,4,3,1,0,333,339,1,4,51.0,49.0,1505349.0,0.0,0.0,0.0,0.0,0.0,0.0,0.0,0.0,0.0,0.0,0.0,0.0,0.0,0.0,0.0,0.0,0.0,0.0,0.0,0.0,0.0,0.0,0.0,0.0,0.0,0.0,0.0,0.0,0.0,0.0,0.0,0.0,0.0,0.0,0.0,1,1,EVE,UNI,0,8,1,0,3,0,0,10,11,UNI/UNI,False,False,0.10999999999999999,1.28
2026-02-02,Primera Division Chile,2026,O'HIGGINS,CONCEPCION,2,1,1,0,H,13,12,6,3,11,11,3,3,3,1,0,0,388,425,2,4,48.0,52.0,1505348.0,0.0,0.0,0.0,0.0,0.0,0.0,0.0,0.0,0.0,0.0,0.0,0.0,0.0,0.0,0.0,0.0,0.0,0.0,0.0,0.0,0.0,0.0,0.0,0.0,0.0,0.0,0.0,0.0,0.0,0.0,0.0,0.0,0.0,0.0,0.0,3,1,O'H,CON,2,6,1,3,0,0,0,11,12,O'H/O'H,False,False,2.04,0.13999999999999993
2026-02-06,Primera Division Chile,2026,A. ITALIANO,UNIVERSIDAD DE CONCEPCION,3,0,2,0,H,13,15,5,3,12,14,3,7,3,4,0,0,367,398,3,2,47.0,53.0,1505355.0,0.0,0.0,0.0,0.0,0.0,0.0,0.0,0.0,0.0,0.0,0.0,0.0,0.0,0.0,0.0,0.0,0.0,0.0,0.0,0.0,0.0,0.0,0.0,0.0,0.0,0.0,0.0,0.0,0.0,0.0,0.0,0.0,0.0,0.0,0.0,3,2,A.,UNI,1,10,2,3,0,1,3,11,3,A./A.,True,False,2.3099999999999996,0.09000000000000002
2026-02-07,Primera Division Chile,2026,COQUIMBO UNIDO,PALESTINO,3,1,2,0,H,10,13,4,6,12,11,6,5,2,4,1,0,243,468,5,2,34.0,66.0,1505357.0,0.0,0.0,0.0,0.0,0.0,0.0,0.0,0.0,0.0,0.0,0.0,0.0,0.0,0.0,0.0,0.0,0.0,0.0,0.0,0.0,0.0,0.0,0.0,0.0,0.0,0.0,0.0,0.0,0.0,0.0,0.0,0.0,0.0,0.0,0.0,4,2,COQ,PAL,2,11,2,3,0,0,1,13,9,COQ/COQ,False,False,1.55,0.42999999999999994
2026-02-07,Primera Division Chile,2026,O'HIGGINS,D. LA SERENA,1,0,0,0,H,10,7,4,3,11,14,3,3,1,4,0,0,315,343,3,3,48.0,52.0,1505360.0,0.0,0.0,0.0,0.0,0.0,0.0,0.0,0.0,0.0,0.0,0.0,0.0,0.0,0.0,0.0,0.0,0.0,0.0,0.0,0.0,0.0,0.0,0.0,0.0,0.0,0.0,0.0,0.0,0.0,0.0,0.0,0.0,0.0,0.0,0.0,1,0,O'H,D.,1,6,2,3,0,3,1,4,8,E/O'H,False,True,1.94,-0.06000000000000005
2026-02-07,Primera Division Chile,2026,COLO COLO,EVERTON DE VINA,2,0,0,0,H,19,10,7,1,15,8,8,4,1,4,0,1,387,352,1,6,53.0,47.0,1505356.0,0.0,0.0,0.0,0.0,0.0,0.0,0.0,0.0,0.0,0.0,0.0,0.0,0.0,0.0,0.0,0.0,0.0,0.0,0.0,0.0,0.0,0.0,0.0,0.0,0.0,0.0,0.0,0.0,0.0,0.0,0.0,0.0,0.0,0.0,0.0,2,0,COL,EVE,2,12,2,3,0,0,0,16,15,E/COL,False,False,2.7199999999999998,-0.81
2026-02-08,Primera Division Chile,2026,HUACHIPATO,UNIVERSIDAD DE CHILE,2,1,1,1,H,12,9,9,2,9,13,7,4,2,1,0,0,309,497,0,7,39.0,61.0,1505358.0,0.0,0.0,0.0,0.0,0.0,0.0,0.0,0.0,0.0,0.0,0.0,0.0,0.0,0.0,0.0,0.0,0.0,0.0,0.0,0.0,0.0,0.0,0.0,0.0,0.0,0.0,0.0,0.0,0.0,0.0,0.0,0.0,0.0,0.0,0.0,3,2,HUA,UNI,1,11,2,3,0,0,1,15,11,E/HUA,False,False,2.8199999999999994,-0.19000000000000003
2026-02-08,Primera Division Chile,2026,NUBLENSE,DEPORTES LIMACHE,1,1,0,1,D,23,2,3,1,11,7,11,3,1,2,0,1,443,271,0,2,63.0,37.0,1505359.0,0.0,0.0,0.0,0.0,0.0,0.0,0.0,0.0,0.0,0.0,0.0,0.0,0.0,0.0,0.0,0.0,0.0,0.0,0.0,0.0,0.0,0.0,0.0,0.0,0.0,0.0,0.0,0.0,0.0,0.0,0.0,0.0,0.0,0.0,0.0,2,1,NUB,DEP,1,14,2,1,1,1,3,11,3,DEP/E,True,False,1.2899999999999998,-0.019999999999999962
2026-02-08,Primera Division Chile,2026,U. CATOLICA,CONCEPCION,2,0,0,0,H,13,15,6,3,18,8,3,8,2,1,1,0,392,430,3,4,47.0,53.0,1505361.0,0.0,0.0,0.0,0.0,0.0,0.0,0.0,0.0,0.0,0.0,0.0,0.0,0.0,0.0,0.0,0.0,0.0,0.0,0.0,0.0,0.0,0.0,0.0,0.0,0.0,0.0,0.0,0.0,0.0,0.0,0.0,0.0,0.0,0.0,0.0,2,0,U.,CON,2,11,2,3,0,1,0,11,15,E/U.,False,False,1.7899999999999996,0.3899999999999999
2026-02-09,Primera Division Chile,2026,UNION LA CALERA,COBRESAL,3,1,3,1,H,14,9,5,1,16,12,3,6,2,3,0,0,397,396,0,2,49.0,51.0,1505362.0,0.0,0.0,0.0,0.0,0.0,0.0,0.0,0.0,0.0,0.0,0.0,0.0,0.0,0.0,0.0,0.0,0.0,0.0,0.0,0.0,0.0,0.0,0.0,0.0,0.0,0.0,0.0,0.0,0.0,0.0,0.0,0.0,0.0,0.0,0.0,4,4,UNI,COB,0,9,2,3,0,3,3,7,6,UNI/UNI,True,False,2.53,-0.16
2026-02-13,Primera Division Chile,2026,EVERTON DE VINA,HUACHIPATO,0,3,0,0,A,12,12,3,9,12,16,2,7,2,3,0,0,378,316,7,3,54.0,46.0,1505365.0,0.0,0.0,0.0,0.0,0.0,0.0,0.0,0.0,0.0,0.0,0.0,0.0,0.0,0.0,0.0,0.0,0.0,0.0,0.0,0.0,0.0,0.0,0.0,0.0,0.0,0.0,0.0,0.0,0.0,0.0,0.0,0.0,0.0,0.0,0.0,3,0,EVE,HUA,3,9,3,0,3,0,3,16,8,E/HUA,False,False,-0.24000000000000007,2.71
2026-02-13,Primera Division Chile,2026,PALESTINO,UNIVERSIDAD DE CHILE,0,0,0,0,D,8,10,3,3,12,10,3,1,3,0,0,0,352,536,2,3,41.0,59.0,1505369.0,0.0,0.0,0.0,0.0,0.0,0.0,0.0,0.0,0.0,0.0,0.0,0.0,0.0,0.0,0.0,0.0,0.0,0.0,0.0,0.0,0.0,0.0,0.0,0.0,0.0,0.0,0.0,0.0,0.0,0.0,0.0,0.0,0.0,0.0,0.0,0,0,PAL,UNI,0,4,3,1,1,1,1,14,13,E/E,False,False,0.6299999999999999,0.79
2026-02-14,Primera Division Chile,2026,D. LA SERENA,COQUIMBO UNIDO,0,1,0,0,A,4,9,0,4,10,12,4,2,3,2,1,0,311,309,3,0,50.0,50.0,1505366.0,0.0,0.0,0.0,0.0,0.0,0.0,0.0,0.0,0.0,0.0,0.0,0.0,0.0,0.0,0.0,0.0,0.0,0.0,0.0,0.0,0.0,0.0,0.0,0.0,0.0,0.0,0.0,0.0,0.0,0.0,0.0,0.0,0.0,0.0,0.0,1,0,D.,COQ,1,6,3,0,3,1,3,14,7,E/COQ,False,False,-0.5900000000000001,1.9200000000000002
2026-02-14,Primera Division Chile,2026,DEPORTES LIMACHE,O'HIGGINS,2,1,1,1,H,10,15,7,3,11,8,1,5,1,1,0,0,268,459,2,3,36.0,64.0,1505367.0,0.0,0.0,0.0,0.0,0.0,0.0,0.0,0.0,0.0,0.0,0.0,0.0,0.0,0.0,0.0,0.0,0.0,0.0,0.0,0.0,0.0,0.0,0.0,0.0,0.0,0.0,0.0,0.0,0.0,0.0,0.0,0.0,0.0,0.0,0.0,3,2,DEP,O'H,1,6,3,3,0,4,6,6,4,E/DEP,True,True,2.7499999999999996,0.2299999999999999
2026-02-14,Primera Division Chile,2026,COBRESAL,U. CATOLICA,3,2,2,1,H,11,25,8,6,9,5,5,11,2,0,0,0,286,504,4,4,36.0,64.0,1505363.0,0.0,0.0,0.0,0.0,0.0,0.0,0.0,0.0,0.0,0.0,0.0,0.0,0.0,0.0,0.0,0.0,0.0,0.0,0.0,0.0,0.0,0.0,0.0,0.0,0.0,0.0,0.0,0.0,0.0,0.0,0.0,0.0,0.0,0.0,0.0,5,3,COB,U.,2,16,3,3,0,3,4,9,7,COB/COB,False,False,2.23,0.9499999999999998
2026-02-15,Primera Division Chile,2026,UNIVERSIDAD DE CONCEPCION,CONCEPCION,2,1,0,1,H,13,7,9,1,16,10,5,3,5,2,1,1,339,351,0,7,49.0,51.0,1505370.0,0.0,0.0,0.0,0.0,0.0,0.0,0.0,0.0,0.0,0.0,0.0,0.0,0.0,0.0,0.0,0.0,0.0,0.0,0.0,0.0,0.0,0.0,0.0,0.0,0.0,0.0,0.0,0.0,0.0,0.0,0.0,0.0,0.0,0.0,0.0,3,1,UNI,CON,2,8,3,3,0,3,0,10,15,CON/UNI,False,False,2.2399999999999998,-0.7
2026-02-15,Primera Division Chile,2026,NUBLENSE,A. ITALIANO,1,0,1,0,H,10,11,2,6,23,11,4,6,3,2,1,1,318,482,6,1,41.0,59.0,1505368.0,0.0,0.0,0.0,0.0,0.0,0.0,0.0,0.0,0.0,0.0,0.0,0.0,0.0,0.0,0.0,0.0,0.0,0.0,0.0,0.0,0.0,0.0,0.0,0.0,0.0,0.0,0.0,0.0,0.0,0.0,0.0,0.0,0.0,0.0,0.0,1,1,NUB,A.,0,10,3,3,0,2,4,11,8,NUB/NUB,False,False,1.03,0.5700000000000001
2026-02-15,Primera Division Chile,2026,COLO COLO,UNION LA CALERA,1,0,0,0,H,21,6,5,0,10,7,10,3,2,6,0,0,520,321,0,4,62.0,38.0,1505364.0,0.0,0.0,0.0,0.0,0.0,0.0,0.0,0.0,0.0,0.0,0.0,0.0,0.0,0.0,0.0,0.0,0.0,0.0,0.0,0.0,0.0,0.0,0.0,0.0,0.0,0.0,0.0,0.0,0.0,0.0,0.0,0.0,0.0,0.0,0.0,1,0,COL,UNI,1,13,3,3,0,3,6,11,3,E/COL,True,False,2.9899999999999998,-0.9000000000000001
2026-02-20,Primera Division Chile,2026,UNION LA CALERA,NUBLENSE,0,1,0,0,A,7,7,3,1,10,11,5,4,1,4,0,0,555,327,0,3,62.0,38.0,1505378.0,0.0,0.0,0.0,0.0,0.0,0.0,0.0,0.0,0.0,0.0,0.0,0.0,0.0,0.0,0.0,0.0,0.0,0.0,0.0,0.0,0.0,0.0,0.0,0.0,0.0,0.0,0.0,0.0,0.0,0.0,0.0,0.0,0.0,0.0,0.0,1,0,UNI,NUB,1,9,4,0,3,6,5,4,9,E/NUB,False,True,0.47,1.6999999999999997
2026-02-20,Primera Division Chile,2026,CONCEPCION,COBRESAL,1,1,0,0,D,20,9,6,3,15,13,9,3,0,4,0,0,507,260,2,6,66.0,34.0,1505372.0,0.0,0.0,0.0,0.0,0.0,0.0,0.0,0.0,0.0,0.0,0.0,0.0,0.0,0.0,0.0,0.0,0.0,0.0,0.0,0.0,0.0,0.0,0.0,0.0,0.0,0.0,0.0,0.0,0.0,0.0,0.0,0.0,0.0,0.0,0.0,2,0,CON,COB,2,12,4,1,1,0,6,15,8,E/E,False,False,1.64,0.21999999999999986
2026-02-21,Primera Division Chile,2026,HUACHIPATO,PALESTINO,2,1,0,1,H,21,12,7,2,11,13,3,4,1,3,0,0,431,333,1,5,56.0,44.0,1505373.0,0.0,0.0,0.0,0.0,0.0,0.0,0.0,0.0,0.0,0.0,0.0,0.0,0.0,0.0,0.0,0.0,0.0,0.0,0.0,0.0,0.0,0.0,0.0,0.0,0.0,0.0,0.0,0.0,0.0,0.0,0.0,0.0,0.0,0.0,0.0,3,1,HUA,PAL,2,7,4,3,0,6,2,4,13,PAL/HUA,False,True,2.4199999999999995,-0.21000000000000008
2026-02-21,Primera Division Chile,2026,O'HIGGINS,COLO COLO,0,1,0,0,A,9,11,2,3,12,15,6,5,3,2,0,0,326,451,2,2,44.0,56.0,1505375.0,0.0,0.0,0.0,0.0,0.0,0.0,0.0,0.0,0.0,0.0,0.0,0.0,0.0,0.0,0.0,0.0,0.0,0.0,0.0,0.0,0.0,0.0,0.0,0.0,0.0,0.0,0.0,0.0,0.0,0.0,0.0,0.0,0.0,0.0,0.0,1,0,O'H,COL,1,11,4,0,3,6,6,8,6,E/COL,True,False,0.04999999999999993,1.7799999999999996
2026-02-21,Primera Division Chile,2026,U. CATOLICA,COQUIMBO UNIDO,3,1,1,1,H,15,9,7,4,9,16,1,5,5,4,0,1,440,310,4,3,59.0,41.0,1505376.0,0.0,0.0,0.0,0.0,0.0,0.0,0.0,0.0,0.0,0.0,0.0,0.0,0.0,0.0,0.0,0.0,0.0,0.0,0.0,0.0,0.0,0.0,0.0,0.0,0.0,0.0,0.0,0.0,0.0,0.0,0.0,0.0,0.0,0.0,0.0,4,2,U.,COQ,2,6,4,3,0,4,6,11,6,E/U.,True,False,2.2999999999999994,-0.1700000000000001
2026-02-22,Primera Division Chile,2026,D. LA SERENA,UNIVERSIDAD DE CONCEPCION,1,1,1,1,D,14,10,7,4,15,15,5,4,1,2,0,0,458,307,3,6,60.0,40.0,1505374.0,0.0,0.0,0.0,0.0,0.0,0.0,0.0,0.0,0.0,0.0,0.0,0.0,0.0,0.0,0.0,0.0,0.0,0.0,0.0,0.0,0.0,0.0,0.0,0.0,0.0,0.0,0.0,0.0,0.0,0.0,0.0,0.0,0.0,0.0,0.0,2,2,D.,UNI,0,9,4,1,1,1,6,14,10,E/E,False,False,1.42,0.6499999999999999
2026-02-22,Primera Division Chile,2026,A. ITALIANO,EVERTON DE VINA,1,0,0,0,H,12,9,4,1,8,18,4,1,1,4,0,0,371,331,1,3,53.0,47.0,1505371.0,0.0,0.0,0.0,0.0,0.0,0.0,0.0,0.0,0.0,0.0,0.0,0.0,0.0,0.0,0.0,0.0,0.0,0.0,0.0,0.0,0.0,0.0,0.0,0.0,0.0,0.0,0.0,0.0,0.0,0.0,0.0,0.0,0.0,0.0,0.0,1,0,A.,EVE,1,5,4,3,0,4,0,11,16,E/A.,False,False,2.1300000000000003,-0.48000000000000004
2026-02-22,Primera Division Chile,2026,UNIVERSIDAD DE CHILE,DEPORTES LIMACHE,2,2,1,1,D,10,8,5,5,9,13,5,3,1,2,0,0,517,284,2,3,65.0,35.0,1505377.0,0.0,0.0,0.0,0.0,0.0,0.0,0.0,0.0,0.0,0.0,0.0,0.0,0.0,0.0,0.0,0.0,0.0,0.0,0.0,0.0,0.0,0.0,0.0,0.0,0.0,0.0,0.0,0.0,0.0,0.0,0.0,0.0,0.0,0.0,0.0,4,2,UNI,DEP,2,8,4,1,1,2,7,12,5,E/E,True,False,1.0899999999999999,0.8499999999999999
2026-02-27,Primera Division Chile,2026,COBRESAL,D. LA SERENA,0,1,0,1,A,15,13,6,3,14,14,7,1,3,2,0,0,456,342,2,6,58.0,42.0,1505379.0,0.0,0.0,0.0,0.0,0.0,0.0,0.0,0.0,0.0,0.0,0.0,0.0,0.0,0.0,0.0,0.0,0.0,0.0,0.0,0.0,0.0,0.0,0.0,0.0,0.0,0.0,0.0,0.0,0.0,0.0,0.0,0.0,0.0,0.0,0.0,1,1,COB,D.,0,8,5,0,3,7,2,7,13,D./D.,False,False,0.7799999999999998,1.36
2026-02-27,Primera Division Chile,2026,UNION LA CALERA,A. ITALIANO,3,0,1,0,H,11,14,6,4,9,10,6,4,1,3,1,1,397,357,4,3,53.0,47.0,1505386.0,0.0,0.0,0.0,0.0,0.0,0.0,0.0,0.0,0.0,0.0,0.0,0.0,0.0,0.0,0.0,0.0,0.0,0.0,0.0,0.0,0.0,0.0,0.0,0.0,0.0,0.0,0.0,0.0,0.0,0.0,0.0,0.0,0.0,0.0,0.0,3,1,UNI,A.,2,10,5,3,0,6,7,9,6,UNI/UNI,True,False,2.57,-0.1700000000000001
2026-02-28,Primera Division Chile,2026,COQUIMBO UNIDO,CONCEPCION,0,1,0,1,A,17,8,3,3,7,6,6,3,3,4,1,0,519,274,2,3,66.0,34.0,1505381.0,0.0,0.0,0.0,0.0,0.0,0.0,0.0,0.0,0.0,0.0,0.0,0.0,0.0,0.0,0.0,0.0,0.0,0.0,0.0,0.0,0.0,0.0,0.0,0.0,0.0,0.0,0.0,0.0,0.0,0.0,0.0,0.0,0.0,0.0,0.0,1,1,COQ,CON,0,9,5,0,3,6,1,10,15,CON/CON,False,False,-0.010000000000000009,1.4299999999999997
2026-02-28,Primera Division Chile,2026,DEPORTES LIMACHE,HUACHIPATO,3,0,1,0,H,18,10,7,1,9,10,4,1,1,1,0,0,374,429,1,4,46.0,54.0,1505382.0,0.0,0.0,0.0,0.0,0.0,0.0,0.0,0.0,0.0,0.0,0.0,0.0,0.0,0.0,0.0,0.0,0.0,0.0,0.0,0.0,0.0,0.0,0.0,0.0,0.0,0.0,0.0,0.0,0.0,0.0,0.0,0.0,0.0,0.0,0.0,3,1,DEP,HUA,2,5,5,3,0,8,9,4,1,DEP/DEP,True,True,3.08,-0.33000000000000007
2026-02-28,Primera Division Chile,2026,PALESTINO,O'HIGGINS,4,2,1,1,H,19,8,7,4,16,9,3,2,4,2,0,0,377,325,2,2,54.0,46.0,1505384.0,0.0,0.0,0.0,0.0,0.0,0.0,0.0,0.0,0.0,0.0,0.0,0.0,0.0,0.0,0.0,0.0,0.0,0.0,0.0,0.0,0.0,0.0,0.0,0.0,0.0,0.0,0.0,0.0,0.0,0.0,0.0,0.0,0.0,0.0,0.0,6,2,PAL,O'H,4,5,5,3,0,2,6,15,10,E/PAL,False,False,2.0599999999999996,0.08999999999999997
2026-03-01,Primera Division Chile,2026,UNIVERSIDAD DE CONCEPCION,EVERTON DE VINA,0,3,0,2,A,19,13,4,9,13,12,8,2,3,2,1,0,443,396,7,4,54.0,46.0,1505385.0,0.0,0.0,0.0,0.0,0.0,0.0,0.0,0.0,0.0,0.0,0.0,0.0,0.0,0.0,0.0,0.0,0.0,0.0,0.0,0.0,0.0,0.0,0.0,0.0,0.0,0.0,0.0,0.0,0.0,0.0,0.0,0.0,0.0,0.0,0.0,3,2,UNI,EVE,1,10,5,0,3,7,0,9,16,EVE/EVE,False,False,-0.040000000000000036,2.3899999999999992
2026-03-01,Primera Division Chile,2026,COLO COLO,UNIVERSIDAD DE CHILE,0,1,0,0,A,11,5,4,4,10,16,4,1,2,2,0,0,402,298,3,4,58.0,42.0,1505380.0,0.0,0.0,0.0,0.0,0.0,0.0,0.0,0.0,0.0,0.0,0.0,0.0,0.0,0.0,0.0,0.0,0.0,0.0,0.0,0.0,0.0,0.0,0.0,0.0,0.0,0.0,0.0,0.0,0.0,0.0,0.0,0.0,0.0,0.0,0.0,1,0,COL,UNI,1,5,5,0,3,9,3,3,15,E/UNI,False,True,0.37999999999999995,2.17
2026-03-01,Primera Division Chile,2026,NUBLENSE,U. CATOLICA,1,2,1,1,A,6,10,3,6,18,17,3,5,4,7,1,1,254,386,4,2,40.0,60.0,1505383.0,0.0,0.0,0.0,0.0,0.0,0.0,0.0,0.0,0.0,0.0,0.0,0.0,0.0,0.0,0.0,0.0,0.0,0.0,0.0,0.0,0.0,0.0,0.0,0.0,0.0,0.0,0.0,0.0,0.0,0.0,0.0,0.0,0.0,0.0,0.0,3,2,NUB,U.,1,8,5,0,3,8,7,5,6,E/U.,True,True,-0.45000000000000007,1.9899999999999998
2026-03-06,Primera Division Chile,2026,D. LA SERENA,UNION LA CALERA,3,0,2,0,H,10,13,5,4,12,12,2,10,3,5,0,0,349,473,4,1,42.0,58.0,1505391.0,0.0,0.0,0.0,0.0,0.0,0.0,0.0,0.0,0.0,0.0,0.0,0.0,0.0,0.0,0.0,0.0,0.0,0.0,0.0,0.0,0.0,0.0,0.0,0.0,0.0,0.0,0.0,0.0,0.0,0.0,0.0,0.0,0.0,0.0,0.0,3,2,D.,UNI,1,12,6,3,0,5,9,14,3,D./D.,True,False,2.15,0.30999999999999994
2026-03-06,Primera Division Chile,2026,CONCEPCION,NUBLENSE,0,2,0,1,A,8,14,2,6,13,8,9,4,2,4,0,0,448,349,4,2,57.0,43.0,1505388.0,0.0,0.0,0.0,0.0,0.0,0.0,0.0,0.0,0.0,0.0,0.0,0.0,0.0,0.0,0.0,0.0,0.0,0.0,0.0,0.0,0.0,0.0,0.0,0.0,0.0,0.0,0.0,0.0,0.0,0.0,0.0,0.0,0.0,0.0,0.0,2,1,CON,NUB,1,13,6,0,3,4,8,15,7,NUB/NUB,False,False,0.16999999999999993,1.92
2026-03-07,Primera Division Chile,2026,EVERTON DE VINA,DEPORTES LIMACHE,1,0,0,0,H,11,13,3,2,11,7,5,5,2,4,0,0,356,410,3,2,46.0,54.0,1505389.0,0.0,0.0,0.0,0.0,0.0,0.0,0.0,0.0,0.0,0.0,0.0,0.0,0.0,0.0,0.0,0.0,0.0,0.0,0.0,0.0,0.0,0.0,0.0,0.0,0.0,0.0,0.0,0.0,0.0,0.0,0.0,0.0,0.0,0.0,0.0,1,0,EVE,DEP,1,10,6,3,0,3,11,16,1,E/EVE,True,False,2.3,-0.10000000000000009
2026-03-07,Primera Division Chile,2026,HUACHIPATO,COQUIMBO UNIDO,1,3,0,1,A,10,16,2,5,6,7,5,10,2,4,0,0,472,350,1,1,57.0,43.0,1505390.0,0.0,0.0,0.0,0.0,0.0,0.0,0.0,0.0,0.0,0.0,0.0,0.0,0.0,0.0,0.0,0.0,0.0,0.0,0.0,0.0,0.0,0.0,0.0,0.0,0.0,0.0,0.0,0.0,0.0,0.0,0.0,0.0,0.0,0.0,0.0,4,1,HUA,COQ,3,15,6,0,3,9,6,4,12,COQ/COQ,False,True,-0.10000000000000003,2.65
2026-03-07,Primera Division Chile,2026,A. ITALIANO,COLO COLO,0,1,0,1,A,4,11,0,2,10,9,4,5,1,2,0,0,336,409,1,0,45.0,55.0,1505387.0,0.0,0.0,0.0,0.0,0.0,0.0,0.0,0.0,0.0,0.0,0.0,0.0,0.0,0.0,0.0,0.0,0.0,0.0,0.0,0.0,0.0,0.0,0.0,0.0,0.0,0.0,0.0,0.0,0.0,0.0,0.0,0.0,0.0,0.0,0.0,1,1,A.,COL,0,9,6,0,3,7,9,9,6,COL/COL,True,False,-0.1,1.7699999999999998
2026-03-07,Primera Division Chile,2026,O'HIGGINS,U. CATOLICA,1,0,1,0,H,8,8,3,3,15,9,5,4,3,3,0,0,348,544,3,1,39.0,61.0,1505392.0,0.0,0.0,0.0,0.0,0.0,0.0,0.0,0.0,0.0,0.0,0.0,0.0,0.0,0.0,0.0,0.0,0.0,0.0,0.0,0.0,0.0,0.0,0.0,0.0,0.0,0.0,0.0,0.0,0.0,0.0,0.0,0.0,0.0,0.0,0.0,1,1,O'H,U.,0,9,6,3,0,6,10,13,4,O'H/O'H,True,False,2.17,0.09999999999999987
2026-03-08,Primera Division Chile,2026,PALESTINO,COBRESAL,4,2,1,0,H,31,7,11,5,11,4,2,5,2,4,0,1,586,335,3,8,63.0,37.0,1505393.0,0.0,0.0,0.0,0.0,0.0,0.0,0.0,0.0,0.0,0.0,0.0,0.0,0.0,0.0,0.0,0.0,0.0,0.0,0.0,0.0,0.0,0.0,0.0,0.0,0.0,0.0,0.0,0.0,0.0,0.0,0.0,0.0,0.0,0.0,0.0,6,1,PAL,COB,5,7,6,3,0,5,7,15,10,PAL/PAL,False,False,2.6999999999999997,-0.24000000000000005
2026-03-09,Primera Division Chile,2026,UNIVERSIDAD DE CHILE,UNIVERSIDAD DE CONCEPCION,1,1,0,1,D,20,12,7,4,11,3,11,5,2,3,1,0,560,278,3,6,67.0,33.0,1505394.0,0.0,0.0,0.0,0.0,0.0,0.0,0.0,0.0,0.0,0.0,0.0,0.0,0.0,0.0,0.0,0.0,0.0,0.0,0.0,0.0,0.0,0.0,0.0,0.0,0.0,0.0,0.0,0.0,0.0,0.0,0.0,0.0,0.0,0.0,0.0,2,1,UNI,UNI,1,16,6,1,1,6,7,14,13,UNI/E,False,False,1.35,0.48
2026-03-13,Primera Division Chile,2026,A. ITALIANO,CONCEPCION,3,0,3,0,H,7,17,3,3,7,13,2,2,2,2,0,0,423,412,3,0,50.0,50.0,1505395.0,0.0,0.0,0.0,0.0,0.0,0.0,0.0,0.0,0.0,0.0,0.0,0.0,0.0,0.0,0.0,0.0,0.0,0.0,0.0,0.0,0.0,0.0,0.0,0.0,0.0,0.0,0.0,0.0,0.0,0.0,0.0,0.0,0.0,0.0,0.0,3,3,A.,CON,0,4,7,3,0,7,4,13,16,A./A.,False,False,1.66,0.15999999999999992
2026-03-14,Primera Division Chile,2026,COQUIMBO UNIDO,UNIVERSIDAD DE CHILE,0,1,0,0,A,18,8,3,3,10,9,10,3,2,2,0,0,341,345,2,3,51.0,49.0,1505398.0,0.0,0.0,0.0,0.0,0.0,0.0,0.0,0.0,0.0,0.0,0.0,0.0,0.0,0.0,0.0,0.0,0.0,0.0,0.0,0.0,0.0,0.0,0.0,0.0,0.0,0.0,0.0,0.0,0.0,0.0,0.0,0.0,0.0,0.0,0.0,1,0,COQ,UNI,1,13,7,0,3,9,7,6,13,E/UNI,False,True,0.54,2.05
2026-03-14,Primera Division Chile,2026,U. CATOLICA,EVERTON DE VINA,2,2,1,2,D,14,5,3,3,14,18,4,3,5,2,1,1,507,265,1,0,66.0,34.0,1505400.0,0.0,0.0,0.0,0.0,0.0,0.0,0.0,0.0,0.0,0.0,0.0,0.0,0.0,0.0,0.0,0.0,0.0,0.0,0.0,0.0,0.0,0.0,0.0,0.0,0.0,0.0,0.0,0.0,0.0,0.0,0.0,0.0,0.0,0.0,0.0,4,3,U.,EVE,1,7,7,1,1,10,6,4,15,EVE/E,False,True,0.18999999999999995,0.41999999999999993
2026-03-15,Primera Division Chile,2026,UNIVERSIDAD DE CONCEPCION,PALESTINO,1,0,0,0,H,9,10,1,3,6,17,2,5,3,5,0,0,385,484,3,0,44.0,56.0,1505401.0,0.0,0.0,0.0,0.0,0.0,0.0,0.0,0.0,0.0,0.0,0.0,0.0,0.0,0.0,0.0,0.0,0.0,0.0,0.0,0.0,0.0,0.0,0.0,0.0,0.0,0.0,0.0,0.0,0.0,0.0,0.0,0.0,0.0,0.0,0.0,1,0,UNI,PAL,1,7,7,3,0,8,8,13,12,E/UNI,False,False,1.2,0.10999999999999988
2026-03-15,Primera Division Chile,2026,COBRESAL,DEPORTES LIMACHE,2,5,0,3,A,22,13,4,8,7,7,6,5,1,0,0,0,387,376,3,2,51.0,49.0,1505396.0,0.0,0.0,0.0,0.0,0.0,0.0,0.0,0.0,0.0,0.0,0.0,0.0,0.0,0.0,0.0,0.0,0.0,0.0,0.0,0.0,0.0,0.0,0.0,0.0,0.0,0.0,0.0,0.0,0.0,0.0,0.0,0.0,0.0,0.0,0.0,7,3,COB,DEP,4,11,7,0,3,7,11,14,2,DEP/DEP,True,False,0.30000000000000004,2.63
2026-03-15,Primera Division Chile,2026,NUBLENSE,D. LA SERENA,2,2,1,0,D,16,10,5,3,11,8,9,3,3,4,0,0,395,369,1,2,54.0,46.0,1505399.0,0.0,0.0,0.0,0.0,0.0,0.0,0.0,0.0,0.0,0.0,0.0,0.0,0.0,0.0,0.0,0.0,0.0,0.0,0.0,0.0,0.0,0.0,0.0,0.0,0.0,0.0,0.0,0.0,0.0,0.0,0.0,0.0,0.0,0.0,0.0,4,1,NUB,D.,3,12,7,1,1,11,8,4,12,NUB/E,False,True,1.19,0.2699999999999999
2026-03-16,Primera Division Chile,2026,UNION LA CALERA,O'HIGGINS,3,3,0,2,D,15,13,5,6,9,9,7,3,3,4,0,0,433,371,3,2,55.0,45.0,1505402.0,0.0,0.0,0.0,0.0,0.0,0.0,0.0,0.0,0.0,0.0,0.0,0.0,0.0,0.0,0.0,0.0,0.0,0.0,0.0,0.0,0.0,0.0,0.0,0.0,0.0,0.0,0.0,0.0,0.0,0.0,0.0,0.0,0.0,0.0,0.0,6,2,UNI,O'H,4,10,7,1,1,9,9,9,12,O'H/E,False,False,0.94,0.7599999999999997
2026-03-16,Primera Division Chile,2026,COLO COLO,HUACHIPATO,2,0,1,0,H,11,8,2,2,11,8,10,3,2,2,0,0,447,372,2,0,55.0,45.0,1505397.0,0.0,0.0,0.0,0.0,0.0,0.0,0.0,0.0,0.0,0.0,0.0,0.0,0.0,0.0,0.0,0.0,0.0,0.0,0.0,0.0,0.0,0.0,0.0,0.0,0.0,0.0,0.0,0.0,0.0,0.0,0.0,0.0,0.0,0.0,0.0,2,1,COL,HUA,1,13,7,3,0,12,9,3,12,COL/COL,False,True,1.9400000000000002,-0.050000000000000044
2026-04-02,Primera Division Chile,2026,U. CATOLICA,PALESTINO,6,1,2,1,H,15,12,7,2,10,12,4,6,1,6,0,1,390,320,1,1,55.0,45.0,1505409.0,0.0,0.0,0.0,0.0,0.0,0.0,0.0,0.0,0.0,0.0,0.0,0.0,0.0,0.0,0.0,0.0,0.0,0.0,0.0,0.0,0.0,0.0,0.0,0.0,0.0,0.0,0.0,0.0,0.0,0.0,0.0,0.0,0.0,0.0,0.0,7,3,U.,PAL,4,10,8,3,0,11,8,4,13,U./U.,False,True,2.4299999999999997,-0.6800000000000002
2026-04-03,Primera Division Chile,2026,COQUIMBO UNIDO,COBRESAL,3,2,1,0,H,22,12,11,4,10,13,8,5,4,1,0,0,473,344,3,8,58.0,42.0,1505403.0,0.0,0.0,0.0,0.0,0.0,0.0,0.0,0.0,0.0,0.0,0.0,0.0,0.0,0.0,0.0,0.0,0.0,0.0,0.0,0.0,0.0,0.0,0.0,0.0,0.0,0.0,0.0,0.0,0.0,0.0,0.0,0.0,0.0,0.0,0.0,5,1,COQ,COB,4,13,8,3,0,9,7,11,15,COQ/COQ,False,False,2.8499999999999996,0.039999999999999925
2026-04-03,Primera Division Chile,2026,O'HIGGINS,A. ITALIANO,2,1,1,1,H,22,9,8,1,6,12,6,6,3,4,0,0,373,401,1,6,48.0,52.0,1505408.0,0.0,0.0,0.0,0.0,0.0,0.0,0.0,0.0,0.0,0.0,0.0,0.0,0.0,0.0,0.0,0.0,0.0,0.0,0.0,0.0,0.0,0.0,0.0,0.0,0.0,0.0,0.0,0.0,0.0,0.0,0.0,0.0,0.0,0.0,0.0,3,2,O'H,A.,1,12,8,3,0,10,10,10,7,E/O'H,False,False,2.5300000000000002,-0.47
2026-04-04,Primera Division Chile,2026,DEPORTES LIMACHE,UNION LA CALERA,4,0,1,0,H,15,7,8,1,7,4,1,12,1,1,0,0,356,532,1,4,39.0,61.0,1505407.0,0.0,0.0,0.0,0.0,0.0,0.0,0.0,0.0,0.0,0.0,0.0,0.0,0.0,0.0,0.0,0.0,0.0,0.0,0.0,0.0,0.0,0.0,0.0,0.0,0.0,0.0,0.0,0.0,0.0,0.0,0.0,0.0,0.0,0.0,0.0,4,1,DEP,UNI,3,13,8,3,0,14,10,3,8,DEP/DEP,False,True,2.36,0.23000000000000007
2026-04-04,Primera Division Chile,2026,EVERTON DE VINA,NUBLENSE,0,0,0,0,D,10,12,3,3,6,12,6,1,3,4,0,0,431,447,3,3,49.0,51.0,1505405.0,0.0,0.0,0.0,0.0,0.0,0.0,0.0,0.0,0.0,0.0,0.0,0.0,0.0,0.0,0.0,0.0,0.0,0.0,0.0,0.0,0.0,0.0,0.0,0.0,0.0,0.0,0.0,0.0,0.0,0.0,0.0,0.0,0.0,0.0,0.0,0,0,EVE,NUB,0,7,8,1,1,7,12,14,5,E/E,True,False,0.78,0.32999999999999996
2026-04-05,Primera Division Chile,2026,CONCEPCION,COLO COLO,0,1,0,0,A,8,8,1,4,8,8,5,5,4,3,0,0,243,511,3,1,33.0,67.0,1505404.0,0.0,0.0,0.0,0.0,0.0,0.0,0.0,0.0,0.0,0.0,0.0,0.0,0.0,0.0,0.0,0.0,0.0,0.0,0.0,0.0,0.0,0.0,0.0,0.0,0.0,0.0,0.0,0.0,0.0,0.0,0.0,0.0,0.0,0.0,0.0,1,0,CON,COL,1,10,8,0,3,4,15,16,2,E/COL,True,False,-0.30000000000000004,1.9000000000000001
2026-04-05,Primera Division Chile,2026,UNIVERSIDAD DE CHILE,D. LA SERENA,4,0,0,0,H,14,8,6,4,11,7,10,9,4,3,0,0,325,336,4,2,49.0,51.0,1505410.0,0.0,0.0,0.0,0.0,0.0,0.0,0.0,0.0,0.0,0.0,0.0,0.0,0.0,0.0,0.0,0.0,0.0,0.0,0.0,0.0,0.0,0.0,0.0,0.0,0.0,0.0,0.0,0.0,0.0,0.0,0.0,0.0,0.0,0.0,0.0,4,0,UNI,D.,4,19,8,3,0,10,9,9,11,E/UNI,False,False,2.1199999999999997,0.25
2026-04-07,Primera Division Chile,2026,HUACHIPATO,UNIVERSIDAD DE CONCEPCION,5,1,1,1,H,17,18,12,6,15,9,2,3,3,3,0,0,388,468,5,7,46.0,54.0,1505406.0,0.0,0.0,0.0,0.0,0.0,0.0,0.0,0.0,0.0,0.0,0.0,0.0,0.0,0.0,0.0,0.0,0.0,0.0,0.0,0.0,0.0,0.0,0.0,0.0,0.0,0.0,0.0,0.0,0.0,0.0,0.0,0.0,0.0,0.0,0.0,6,2,HUA,UNI,4,5,8,3,0,9,11,12,8,E/HUA,False,False,2.74,0.10999999999999982
2026-04-11,Primera Division Chile,2026,O'HIGGINS,HUACHIPATO,0,2,0,1,A,17,11,4,4,9,8,10,2,4,3,0,0,485,295,2,4,64.0,36.0,1505415.0,0.0,0.0,0.0,0.0,0.0,0.0,0.0,0.0,0.0,0.0,0.0,0.0,0.0,0.0,0.0,0.0,0.0,0.0,0.0,0.0,0.0,0.0,0.0,0.0,0.0,0.0,0.0,0.0,0.0,0.0,0.0,0.0,0.0,0.0,0.0,2,1,O'H,HUA,1,12,9,0,3,13,12,6,7,HUA/HUA,False,True,0.45999999999999985,2.0
2026-04-11,Primera Division Chile,2026,D. LA SERENA,EVERTON DE VINA,1,0,1,0,H,13,7,5,2,15,9,10,6,3,3,0,0,352,322,2,4,52.0,48.0,1505413.0,0.0,0.0,0.0,0.0,0.0,0.0,0.0,0.0,0.0,0.0,0.0,0.0,0.0,0.0,0.0,0.0,0.0,0.0,0.0,0.0,0.0,0.0,0.0,0.0,0.0,0.0,0.0,0.0,0.0,0.0,0.0,0.0,0.0,0.0,0.0,1,1,D.,EVE,0,16,9,3,0,9,8,12,13,D./D.,False,False,2.2299999999999995,-0.15000000000000002
2026-04-11,Primera Division Chile,2026,A. ITALIANO,U. CATOLICA,3,4,2,3,A,11,12,5,7,7,12,3,5,6,4,2,0,333,388,3,2,46.0,54.0,1505411.0,0.0,0.0,0.0,0.0,0.0,0.0,0.0,0.0,0.0,0.0,0.0,0.0,0.0,0.0,0.0,0.0,0.0,0.0,0.0,0.0,0.0,0.0,0.0,0.0,0.0,0.0,0.0,0.0,0.0,0.0,0.0,0.0,0.0,0.0,0.0,7,5,A.,U.,2,8,9,0,3,10,14,11,4,U./U.,True,False,-0.65,2.09
2026-04-12,Primera Division Chile,2026,PALESTINO,DEPORTES LIMACHE,1,0,0,0,H,9,6,2,1,9,8,6,3,4,1,1,0,248,488,1,1,34.0,66.0,1505416.0,0.0,0.0,0.0,0.0,0.0,0.0,0.0,0.0,0.0,0.0,0.0,0.0,0.0,0.0,0.0,0.0,0.0,0.0,0.0,0.0,0.0,0.0,0.0,0.0,0.0,0.0,0.0,0.0,0.0,0.0,0.0,0.0,0.0,0.0,0.0,1,0,PAL,DEP,1,9,9,3,0,8,17,14,2,E/PAL,True,False,1.8399999999999999,-0.01999999999999999
2026-04-12,Primera Division Chile,2026,NUBLENSE,UNIVERSIDAD DE CHILE,1,0,0,0,H,10,12,4,1,15,7,0,8,4,3,0,0,307,511,0,3,37.0,63.0,1505414.0,0.0,0.0,0.0,0.0,0.0,0.0,0.0,0.0,0.0,0.0,0.0,0.0,0.0,0.0,0.0,0.0,0.0,0.0,0.0,0.0,0.0,0.0,0.0,0.0,0.0,0.0,0.0,0.0,0.0,0.0,0.0,0.0,0.0,0.0,0.0,1,0,NUB,UNI,1,8,9,3,0,13,13,6,5,E/NUB,True,True,1.9900000000000002,0.04999999999999993
2026-04-13,Primera Division Chile,2026,UNIVERSIDAD DE CONCEPCION,COBRESAL,1,0,1,0,H,8,11,2,1,11,10,4,6,4,2,0,0,484,512,1,1,49.0,51.0,1505417.0,0.0,0.0,0.0,0.0,0.0,0.0,0.0,0.0,0.0,0.0,0.0,0.0,0.0,0.0,0.0,0.0,0.0,0.0,0.0,0.0,0.0,0.0,0.0,0.0,0.0,0.0,0.0,0.0,0.0,0.0,0.0,0.0,0.0,0.0,0.0,1,1,UNI,COB,0,10,9,3,0,11,7,11,15,UNI/UNI,False,False,1.4300000000000002,0.07
2026-04-14,Primera Division Chile,2026,UNION LA CALERA,CONCEPCION,1,0,0,0,H,18,12,3,3,5,7,8,8,1,3,0,0,365,480,3,2,44.0,56.0,1505418.0,0.0,0.0,0.0,0.0,0.0,0.0,0.0,0.0,0.0,0.0,0.0,0.0,0.0,0.0,0.0,0.0,0.0,0.0,0.0,0.0,0.0,0.0,0.0,0.0,0.0,0.0,0.0,0.0,0.0,0.0,0.0,0.0,0.0,0.0,0.0,1,0,UNI,CON,1,16,9,3,0,10,4,13,16,E/UNI,False,False,1.9399999999999995,0.23999999999999988
2026-04-18,Primera Division Chile,2026,DEPORTES LIMACHE,UNIVERSIDAD DE CONCEPCION,3,0,1,0,H,25,14,7,5,7,9,8,9,0,3,0,0,403,438,5,4,48.0,52.0,1505425.0,0.0,0.0,0.0,0.0,0.0,0.0,0.0,0.0,0.0,0.0,0.0,0.0,0.0,0.0,0.0,0.0,0.0,0.0,0.0,0.0,0.0,0.0,0.0,0.0,0.0,0.0,0.0,0.0,0.0,0.0,0.0,0.0,0.0,0.0,0.0,3,1,DEP,UNI,2,17,10,3,0,17,14,2,6,DEP/DEP,True,True,3.0199999999999996,0.3899999999999999
2026-04-18,Primera Division Chile,2026,EVERTON DE VINA,UNIVERSIDAD DE CHILE,0,0,0,0,D,10,15,6,6,8,12,4,8,2,3,0,0,257,464,6,7,36.0,64.0,1505423.0,0.0,0.0,0.0,0.0,0.0,0.0,0.0,0.0,0.0,0.0,0.0,0.0,0.0,0.0,0.0,0.0,0.0,0.0,0.0,0.0,0.0,0.0,0.0,0.0,0.0,0.0,0.0,0.0,0.0,0.0,0.0,0.0,0.0,0.0,0.0,0,0,EVE,UNI,0,12,10,1,1,8,13,14,7,E/E,False,False,0.94,1.1199999999999999
2026-04-19,Primera Division Chile,2026,CONCEPCION,D. LA SERENA,3,3,1,3,D,9,10,3,3,7,8,1,5,1,3,1,0,272,336,1,0,45.0,55.0,1505422.0,0.0,0.0,0.0,0.0,0.0,0.0,0.0,0.0,0.0,0.0,0.0,0.0,0.0,0.0,0.0,0.0,0.0,0.0,0.0,0.0,0.0,0.0,0.0,0.0,0.0,0.0,0.0,0.0,0.0,0.0,0.0,0.0,0.0,0.0,0.0,6,4,CON,D.,2,6,10,1,1,4,12,16,11,D./E,False,False,0.4,0.7299999999999998
2026-04-19,Primera Division Chile,2026,COQUIMBO UNIDO,NUBLENSE,1,1,1,0,D,9,14,3,6,8,10,3,2,3,4,1,0,370,519,6,2,42.0,58.0,1505421.0,0.0,0.0,0.0,0.0,0.0,0.0,0.0,0.0,0.0,0.0,0.0,0.0,0.0,0.0,0.0,0.0,0.0,0.0,0.0,0.0,0.0,0.0,0.0,0.0,0.0,0.0,0.0,0.0,0.0,0.0,0.0,0.0,0.0,0.0,0.0,2,1,COQ,NUB,1,5,10,1,1,12,16,11,4,COQ/E,True,False,0.20999999999999985,0.89
2026-04-19,Primera Division Chile,2026,COBRESAL,O'HIGGINS,2,3,1,0,A,14,15,4,5,12,7,8,6,2,0,0,0,339,473,2,2,42.0,58.0,1505419.0,0.0,0.0,0.0,0.0,0.0,0.0,0.0,0.0,0.0,0.0,0.0,0.0,0.0,0.0,0.0,0.0,0.0,0.0,0.0,0.0,0.0,0.0,0.0,0.0,0.0,0.0,0.0,0.0,0.0,0.0,0.0,0.0,0.0,0.0,0.0,5,1,COB,O'H,4,14,10,0,3,7,13,15,10,COB/O'H,False,False,0.43,2.1899999999999995
2026-04-19,Primera Division Chile,2026,COLO COLO,PALESTINO,0,1,0,1,A,17,8,4,4,8,10,10,4,2,3,0,0,574,236,3,6,71.0,29.0,1505420.0,0.0,0.0,0.0,0.0,0.0,0.0,0.0,0.0,0.0,0.0,0.0,0.0,0.0,0.0,0.0,0.0,0.0,0.0,0.0,0.0,0.0,0.0,0.0,0.0,0.0,0.0,0.0,0.0,0.0,0.0,0.0,0.0,0.0,0.0,0.0,1,1,COL,PAL,0,14,10,0,3,18,11,2,12,PAL/PAL,False,True,0.6199999999999999,2.1
2026-04-20,Primera Division Chile,2026,HUACHIPATO,A. ITALIANO,3,2,0,1,H,11,15,5,4,10,6,1,5,4,2,0,0,317,342,2,3,49.0,51.0,1505424.0,0.0,0.0,0.0,0.0,0.0,0.0,0.0,0.0,0.0,0.0,0.0,0.0,0.0,0.0,0.0,0.0,0.0,0.0,0.0,0.0,0.0,0.0,0.0,0.0,0.0,0.0,0.0,0.0,0.0,0.0,0.0,0.0,0.0,0.0,0.0,5,1,HUA,A.,4,6,10,3,0,15,10,6,13,A./HUA,False,True,1.5999999999999996,0.37999999999999995
2026-04-21,Primera Division Chile,2026,U. CATOLICA,UNION LA CALERA,1,2,1,0,A,11,9,5,4,8,6,6,3,5,2,1,0,475,347,2,4,58.0,42.0,1505426.0,0.0,0.0,0.0,0.0,0.0,0.0,0.0,0.0,0.0,0.0,0.0,0.0,0.0,0.0,0.0,0.0,0.0,0.0,0.0,0.0,0.0,0.0,0.0,0.0,0.0,0.0,0.0,0.0,0.0,0.0,0.0,0.0,0.0,0.0,0.0,3,1,U.,UNI,2,9,10,0,3,17,13,4,12,U./UNI,False,True,0.040000000000000036,2.1799999999999997
2026-04-24,Primera Division Chile,2026,PALESTINO,CONCEPCION,0,1,0,1,A,19,10,2,3,10,13,4,0,3,2,0,0,467,236,2,2,67.0,33.0,1505431.0,0.0,0.0,0.0,0.0,0.0,0.0,0.0,0.0,0.0,0.0,0.0,0.0,0.0,0.0,0.0,0.0,0.0,0.0,0.0,0.0,0.0,0.0,0.0,0.0,0.0,0.0,0.0,0.0,0.0,0.0,0.0,0.0,0.0,0.0,0.0,1,1,PAL,CON,0,4,11,0,3,14,5,9,16,CON/CON,False,False,0.04999999999999993,1.5699999999999998
2026-04-24,Primera Division Chile,2026,UNION LA CALERA,COQUIMBO UNIDO,1,2,0,0,A,12,10,4,6,5,12,4,4,5,5,0,0,463,338,4,3,58.0,42.0,1505434.0,0.0,0.0,0.0,0.0,0.0,0.0,0.0,0.0,0.0,0.0,0.0,0.0,0.0,0.0,0.0,0.0,0.0,0.0,0.0,0.0,0.0,0.0,0.0,0.0,0.0,0.0,0.0,0.0,0.0,0.0,0.0,0.0,0.0,0.0,0.0,3,0,UNI,COQ,3,8,11,0,3,16,13,7,11,E/COQ,False,False,-0.08000000000000007,1.8199999999999998
2026-04-25,Primera Division Chile,2026,A. ITALIANO,DEPORTES LIMACHE,2,2,1,1,D,13,11,2,3,12,6,1,4,2,2,0,1,402,456,1,1,46.0,54.0,1505427.0,0.0,0.0,0.0,0.0,0.0,0.0,0.0,0.0,0.0,0.0,0.0,0.0,0.0,0.0,0.0,0.0,0.0,0.0,0.0,0.0,0.0,0.0,0.0,0.0,0.0,0.0,0.0,0.0,0.0,0.0,0.0,0.0,0.0,0.0,0.0,4,2,A.,DEP,2,5,11,1,1,10,20,13,1,E/E,True,False,0.4200000000000001,0.5800000000000001
2026-04-25,Primera Division Chile,2026,NUBLENSE,O'HIGGINS,0,2,0,2,A,15,7,2,5,11,11,4,6,2,2,1,0,396,482,3,2,46.0,54.0,1505430.0,0.0,0.0,0.0,0.0,0.0,0.0,0.0,0.0,0.0,0.0,0.0,0.0,0.0,0.0,0.0,0.0,0.0,0.0,0.0,0.0,0.0,0.0,0.0,0.0,0.0,0.0,0.0,0.0,0.0,0.0,0.0,0.0,0.0,0.0,0.0,2,2,NUB,O'H,0,10,11,0,3,17,16,5,7,O'H/O'H,False,True,-0.32,2.67
2026-04-25,Primera Division Chile,2026,UNIVERSIDAD DE CHILE,U. CATOLICA,1,0,1,0,H,15,7,4,4,10,13,7,3,4,5,0,0,363,387,4,3,48.0,52.0,1505432.0,0.0,0.0,0.0,0.0,0.0,0.0,0.0,0.0,0.0,0.0,0.0,0.0,0.0,0.0,0.0,0.0,0.0,0.0,0.0,0.0,0.0,0.0,0.0,0.0,0.0,0.0,0.0,0.0,0.0,0.0,0.0,0.0,0.0,0.0,0.0,1,1,UNI,U.,0,10,11,3,0,14,17,9,5,UNI/UNI,True,False,2.29,-0.08999999999999997
2026-04-26,Primera Division Chile,2026,D. LA SERENA,HUACHIPATO,0,0,0,0,D,12,10,3,4,12,11,7,1,3,2,1,0,452,378,4,3,55.0,45.0,1505429.0,0.0,0.0,0.0,0.0,0.0,0.0,0.0,0.0,0.0,0.0,0.0,0.0,0.0,0.0,0.0,0.0,0.0,0.0,0.0,0.0,0.0,0.0,0.0,0.0,0.0,0.0,0.0,0.0,0.0,0.0,0.0,0.0,0.0,0.0,0.0,0,0,D.,HUA,0,8,11,1,1,13,18,12,3,E/E,True,False,0.53,0.6599999999999999
2026-04-26,Primera Division Chile,2026,UNIVERSIDAD DE CONCEPCION,COLO COLO,1,2,0,1,A,10,17,5,5,14,12,4,5,4,2,0,0,269,498,3,4,35.0,65.0,1505433.0,0.0,0.0,0.0,0.0,0.0,0.0,0.0,0.0,0.0,0.0,0.0,0.0,0.0,0.0,0.0,0.0,0.0,0.0,0.0,0.0,0.0,0.0,0.0,0.0,0.0,0.0,0.0,0.0,0.0,0.0,0.0,0.0,0.0,0.0,0.0,3,1,UNI,COL,2,9,11,0,3,14,18,12,4,COL/COL,True,False,0.19999999999999996,1.97
2026-04-26,Primera Division Chile,2026,EVERTON DE VINA,COBRESAL,3,1,2,1,H,17,15,4,6,9,11,2,4,1,4,0,0,454,332,5,2,57.0,43.0,1505428.0,0.0,0.0,0.0,0.0,0.0,0.0,0.0,0.0,0.0,0.0,0.0,0.0,0.0,0.0,0.0,0.0,0.0,0.0,0.0,0.0,0.0,0.0,0.0,0.0,0.0,0.0,0.0,0.0,0.0,0.0,0.0,0.0,0.0,0.0,0.0,4,3,EVE,COB,1,6,11,3,0,9,7,14,16,EVE/EVE,False,False,1.72,0.45999999999999985
2026-05-03,Primera Division Chile,2026,COLO COLO,COQUIMBO UNIDO,3,1,1,0,H,16,7,9,3,7,9,4,3,1,3,0,0,494,305,2,5,61.0,39.0,1505412.0,0.0,0.0,0.0,0.0,0.0,0.0,0.0,0.0,0.0,0.0,0.0,0.0,0.0,0.0,0.0,0.0,0.0,0.0,0.0,0.0,0.0,0.0,0.0,0.0,0.0,0.0,0.0,0.0,0.0,0.0,0.0,0.0,0.0,0.0,0.0,4,1,COL,COQ,3,7,12,3,0,21,16,2,8,COL/COL,False,True,2.7399999999999998,-0.2300000000000001
2026-05-16,Primera Division Chile,2026,PALESTINO,D. LA SERENA,5,1,3,0,H,25,11,10,4,14,6,2,4,0,1,0,0,341,438,3,5,44.0,56.0,1505442.0,0.0,0.0,0.0,0.0,0.0,0.0,0.0,0.0,0.0,0.0,0.0,0.0,0.0,0.0,0.0,0.0,0.0,0.0,0.0,0.0,0.0,0.0,0.0,0.0,0.0,0.0,0.0,0.0,0.0,0.0,0.0,0.0,0.0,0.0,0.0,6,3,PAL,D.,3,6,13,3,0,14,14,11,10,PAL/PAL,False,False,2.82,0.16
2026-05-16,Primera Division Chile,2026,COQUIMBO UNIDO,A. ITALIANO,3,0,2,0,H,14,5,8,0,12,8,8,1,1,4,0,0,369,358,1,5,51.0,49.0,1505437.0,0.0,0.0,0.0,0.0,0.0,0.0,0.0,0.0,0.0,0.0,0.0,0.0,0.0,0.0,0.0,0.0,0.0,0.0,0.0,0.0,0.0,0.0,0.0,0.0,0.0,0.0,0.0,0.0,0.0,0.0,0.0,0.0,0.0,0.0,0.0,3,2,COQ,A.,1,9,13,3,0,16,11,9,14,COQ/COQ,False,False,2.98,-0.91
2026-05-16,Primera Division Chile,2026,O'HIGGINS,UNIVERSIDAD DE CONCEPCION,0,1,0,1,A,36,6,10,1,17,11,16,0,3,4,0,0,466,359,0,10,58.0,42.0,1505441.0,0.0,0.0,0.0,0.0,0.0,0.0,0.0,0.0,0.0,0.0,0.0,0.0,0.0,0.0,0.0,0.0,0.0,0.0,0.0,0.0,0.0,0.0,0.0,0.0,0.0,0.0,0.0,0.0,0.0,0.0,0.0,0.0,0.0,0.0,0.0,1,1,O'H,UNI,0,16,13,0,3,19,14,5,12,UNI/UNI,False,True,1.95,0.9299999999999998
2026-05-17,Primera Division Chile,2026,DEPORTES LIMACHE,U. CATOLICA,0,2,0,2,A,9,12,3,3,11,6,2,7,5,2,2,0,326,445,1,3,43.0,57.0,1505440.0,0.0,0.0,0.0,0.0,0.0,0.0,0.0,0.0,0.0,0.0,0.0,0.0,0.0,0.0,0.0,0.0,0.0,0.0,0.0,0.0,0.0,0.0,0.0,0.0,0.0,0.0,0.0,0.0,0.0,0.0,0.0,0.0,0.0,0.0,0.0,2,2,DEP,U.,0,9,13,0,3,21,17,2,6,U./U.,True,True,-0.7400000000000001,2.41
2026-05-17,Primera Division Chile,2026,HUACHIPATO,UNION LA CALERA,3,1,0,1,H,12,12,5,4,11,10,2,4,4,3,0,0,378,377,2,2,49.0,51.0,1505439.0,0.0,0.0,0.0,0.0,0.0,0.0,0.0,0.0,0.0,0.0,0.0,0.0,0.0,0.0,0.0,0.0,0.0,0.0,0.0,0.0,0.0,0.0,0.0,0.0,0.0,0.0,0.0,0.0,0.0,0.0,0.0,0.0,0.0,0.0,0.0,4,1,HUA,UNI,3,6,13,3,0,19,16,4,11,UNI/HUA,False,True,1.67,0.20999999999999996
2026-05-17,Primera Division Chile,2026,COBRESAL,UNIVERSIDAD DE CHILE,1,0,0,0,H,16,13,5,4,11,8,5,8,2,1,0,0,253,554,4,4,32.0,68.0,1505435.0,0.0,0.0,0.0,0.0,0.0,0.0,0.0,0.0,0.0,0.0,0.0,0.0,0.0,0.0,0.0,0.0,0.0,0.0,0.0,0.0,0.0,0.0,0.0,0.0,0.0,0.0,0.0,0.0,0.0,0.0,0.0,0.0,0.0,0.0,0.0,1,0,COB,UNI,1,13,13,3,0,7,17,16,7,E/COB,False,False,1.9399999999999997,0.55
2026-05-17,Primera Division Chile,2026,COLO COLO,NUBLENSE,6,2,2,1,H,18,7,11,3,6,6,4,4,1,0,0,0,602,266,2,5,69.0,31.0,1505436.0,0.0,0.0,0.0,0.0,0.0,0.0,0.0,0.0,0.0,0.0,0.0,0.0,0.0,0.0,0.0,0.0,0.0,0.0,0.0,0.0,0.0,0.0,0.0,0.0,0.0,0.0,0.0,0.0,0.0,0.0,0.0,0.0,0.0,0.0,0.0,8,3,COL,NUB,5,8,13,3,0,24,17,1,8,COL/COL,False,True,3.02,0.01999999999999992
2026-05-18,Primera Division Chile,2026,CONCEPCION,EVERTON DE VINA,0,2,0,0,A,16,13,3,6,8,8,4,9,3,0,0,0,453,442,4,4,51.0,49.0,1505438.0,0.0,0.0,0.0,0.0,0.0,0.0,0.0,0.0,0.0,0.0,0.0,0.0,0.0,0.0,0.0,0.0,0.0,0.0,0.0,0.0,0.0,0.0,0.0,0.0,0.0,0.0,0.0,0.0,0.0,0.0,0.0,0.0,0.0,0.0,0.0,2,0,CON,EVE,2,13,13,0,3,8,12,16,13,E/EVE,False,False,-0.13000000000000012,2.62
2026-05-22,Primera Division Chile,2026,EVERTON DE VINA,COQUIMBO UNIDO,1,1,0,0,D,6,12,2,4,10,9,5,7,5,3,1,0,396,363,3,2,52.0,48.0,1505445.0,0.0,0.0,0.0,0.0,0.0,0.0,0.0,0.0,0.0,0.0,0.0,0.0,0.0,0.0,0.0,0.0,0.0,0.0,0.0,0.0,0.0,0.0,0.0,0.0,0.0,0.0,0.0,0.0,0.0,0.0,0.0,0.0,0.0,0.0,0.0,2,0,EVE,COQ,2,12,14,1,1,15,19,12,5,E/E,True,False,-0.039999999999999925,0.95
2026-05-23,Primera Division Chile,2026,A. ITALIANO,COBRESAL,2,1,1,1,H,18,12,3,4,6,9,4,3,0,1,0,0,461,468,4,1,50.0,50.0,1505443.0,0.0,0.0,0.0,0.0,0.0,0.0,0.0,0.0,0.0,0.0,0.0,0.0,0.0,0.0,0.0,0.0,0.0,0.0,0.0,0.0,0.0,0.0,0.0,0.0,0.0,0.0,0.0,0.0,0.0,0.0,0.0,0.0,0.0,0.0,0.0,3,2,A.,COB,1,7,14,3,0,11,10,14,15,E/A.,False,False,1.89,0.42000000000000004
2026-05-23,Primera Division Chile,2026,NUBLENSE,UNIVERSIDAD DE CONCEPCION,2,2,2,0,D,13,18,6,5,11,4,2,5,3,1,0,0,270,517,2,4,34.0,66.0,1505447.0,0.0,0.0,0.0,0.0,0.0,0.0,0.0,0.0,0.0,0.0,0.0,0.0,0.0,0.0,0.0,0.0,0.0,0.0,0.0,0.0,0.0,0.0,0.0,0.0,0.0,0.0,0.0,0.0,0.0,0.0,0.0,0.0,0.0,0.0,0.0,4,2,NUB,UNI,2,7,14,1,1,17,17,9,10,NUB/E,False,False,0.8499999999999999,1.0599999999999998
2026-05-24,Primera Division Chile,2026,UNION LA CALERA,PALESTINO,1,2,1,2,A,10,10,4,3,7,7,5,5,1,2,1,0,517,331,1,3,62.0,38.0,1505450.0,0.0,0.0,0.0,0.0,0.0,0.0,0.0,0.0,0.0,0.0,0.0,0.0,0.0,0.0,0.0,0.0,0.0,0.0,0.0,0.0,0.0,0.0,0.0,0.0,0.0,0.0,0.0,0.0,0.0,0.0,0.0,0.0,0.0,0.0,0.0,3,3,UNI,PAL,0,10,14,0,3,16,17,12,10,PAL/PAL,False,False,0.25,1.7
2026-05-24,Primera Division Chile,2026,CONCEPCION,HUACHIPATO,2,0,1,0,H,13,11,5,3,13,16,5,3,2,4,0,0,306,381,3,3,45.0,55.0,1505444.0,0.0,0.0,0.0,0.0,0.0,0.0,0.0,0.0,0.0,0.0,0.0,0.0,0.0,0.0,0.0,0.0,0.0,0.0,0.0,0.0,0.0,0.0,0.0,0.0,0.0,0.0,0.0,0.0,0.0,0.0,0.0,0.0,0.0,0.0,0.0,2,1,CON,HUA,1,8,14,3,0,8,22,16,2,CON/CON,True,False,2.59,-0.15000000000000005
2026-05-24,Primera Division Chile,2026,D. LA SERENA,DEPORTES LIMACHE,4,1,1,0,H,12,11,7,2,8,9,4,6,2,0,0,0,302,453,2,4,40.0,60.0,1505446.0,0.0,0.0,0.0,0.0,0.0,0.0,0.0,0.0,0.0,0.0,0.0,0.0,0.0,0.0,0.0,0.0,0.0,0.0,0.0,0.0,0.0,0.0,0.0,0.0,0.0,0.0,0.0,0.0,0.0,0.0,0.0,0.0,0.0,0.0,0.0,5,1,D.,DEP,4,10,14,3,0,14,21,14,3,D./D.,True,False,2.8299999999999996,0.16999999999999998
2026-05-24,Primera Division Chile,2026,U. CATOLICA,COLO COLO,1,2,1,2,A,17,8,3,4,10,18,8,1,3,4,0,1,324,350,2,3,50.0,50.0,1505448.0,0.0,0.0,0.0,0.0,0.0,0.0,0.0,0.0,0.0,0.0,0.0,0.0,0.0,0.0,0.0,0.0,0.0,0.0,0.0,0.0,0.0,0.0,0.0,0.0,0.0,0.0,0.0,0.0,0.0,0.0,0.0,0.0,0.0,0.0,0.0,3,3,U.,COL,0,9,14,0,3,20,27,4,1,COL/COL,True,True,0.32999999999999985,1.69
2026-05-29,Primera Division Chile,2026,COBRESAL,NUBLENSE,0,1,0,1,A,16,8,3,4,7,15,9,4,2,3,0,0,517,228,2,3,69.0,31.0,1505451.0,0.0,0.0,0.0,0.0,0.0,0.0,0.0,0.0,0.0,0.0,0.0,0.0,0.0,0.0,0.0,0.0,0.0,0.0,0.0,0.0,0.0,0.0,0.0,0.0,0.0,0.0,0.0,0.0,0.0,0.0,0.0,0.0,0.0,0.0,0.0,1,1,COB,NUB,0,13,15,0,3,10,18,16,8,NUB/NUB,False,False,0.42,1.6700000000000004
2026-05-30,Primera Division Chile,2026,UNIVERSIDAD DE CONCEPCION,UNION LA CALERA,0,0,0,0,D,18,5,4,2,8,7,4,6,3,2,0,0,484,316,1,4,60.0,40.0,1505458.0,0.0,0.0,0.0,0.0,0.0,0.0,0.0,0.0,0.0,0.0,0.0,0.0,0.0,0.0,0.0,0.0,0.0,0.0,0.0,0.0,0.0,0.0,0.0,0.0,0.0,0.0,0.0,0.0,0.0,0.0,0.0,0.0,0.0,0.0,0.0,0,0,UNI,UNI,0,10,15,1,1,18,16,9,13,E/E,False,False,0.78,0.6200000000000001
2026-05-30,Primera Division Chile,2026,D. LA SERENA,COLO COLO,2,4,1,1,A,8,15,3,7,12,10,2,4,2,1,0,0,273,541,3,1,34.0,66.0,1505453.0,0.0,0.0,0.0,0.0,0.0,0.0,0.0,0.0,0.0,0.0,0.0,0.0,0.0,0.0,0.0,0.0,0.0,0.0,0.0,0.0,0.0,0.0,0.0,0.0,0.0,0.0,0.0,0.0,0.0,0.0,0.0,0.0,0.0,0.0,0.0,6,2,D.,COL,4,6,15,0,3,17,30,11,1,E/COL,True,False,-0.08000000000000008,2.46
2026-05-30,Primera Division Chile,2026,UNIVERSIDAD DE CHILE,CONCEPCION,2,1,1,0,H,20,8,6,1,9,10,8,1,6,3,0,1,579,336,1,4,63.0,37.0,1505457.0,0.0,0.0,0.0,0.0,0.0,0.0,0.0,0.0,0.0,0.0,0.0,0.0,0.0,0.0,0.0,0.0,0.0,0.0,0.0,0.0,0.0,0.0,0.0,0.0,0.0,0.0,0.0,0.0,0.0,0.0,0.0,0.0,0.0,0.0,0.0,3,1,UNI,CON,2,9,15,3,0,17,11,10,15,UNI/UNI,False,False,2.13,-0.81
2026-05-31,Primera Division Chile,2026,DEPORTES LIMACHE,COQUIMBO UNIDO,2,3,1,1,A,13,14,5,3,7,7,4,5,1,4,1,1,286,470,2,3,38.0,62.0,1505454.0,0.0,0.0,0.0,0.0,0.0,0.0,0.0,0.0,0.0,0.0,0.0,0.0,0.0,0.0,0.0,0.0,0.0,0.0,0.0,0.0,0.0,0.0,0.0,0.0,0.0,0.0,0.0,0.0,0.0,0.0,0.0,0.0,0.0,0.0,0.0,5,2,DEP,COQ,3,9,15,0,3,21,20,3,7,E/COQ,False,True,0.3500000000000001,1.7199999999999998
2026-05-31,Primera Division Chile,2026,HUACHIPATO,U. CATOLICA,0,3,0,0,A,13,16,5,5,11,13,8,7,1,2,0,0,364,401,2,6,48.0,52.0,1505452.0,0.0,0.0,0.0,0.0,0.0,0.0,0.0,0.0,0.0,0.0,0.0,0.0,0.0,0.0,0.0,0.0,0.0,0.0,0.0,0.0,0.0,0.0,0.0,0.0,0.0,0.0,0.0,0.0,0.0,0.0,0.0,0.0,0.0,0.0,0.0,3,0,HUA,U.,3,15,15,0,3,22,20,3,6,E/U.,True,True,0.66,2.49
2026-05-31,Primera Division Chile,2026,O'HIGGINS,EVERTON DE VINA,2,3,1,2,A,14,14,5,5,10,7,5,4,3,2,0,0,536,331,3,4,62.0,38.0,1505455.0,0.0,0.0,0.0,0.0,0.0,0.0,0.0,0.0,0.0,0.0,0.0,0.0,0.0,0.0,0.0,0.0,0.0,0.0,0.0,0.0,0.0,0.0,0.0,0.0,0.0,0.0,0.0,0.0,0.0,0.0,0.0,0.0,0.0,0.0,0.0,5,3,O'H,EVE,2,9,15,0,3,19,16,9,13,EVE/EVE,False,False,0.37,1.9000000000000001
2026-06-01,Primera Division Chile,2026,PALESTINO,A. ITALIANO,0,0,0,0,D,18,19,5,3,10,10,5,8,3,2,1,0,273,432,3,5,39.0,61.0,1505456.0,0.0,0.0,0.0,0.0,0.0,0.0,0.0,0.0,0.0,0.0,0.0,0.0,0.0,0.0,0.0,0.0,0.0,0.0,0.0,0.0,0.0,0.0,0.0,0.0,0.0,0.0,0.0,0.0,0.0,0.0,0.0,0.0,0.0,0.0,0.0,0,0,PAL,A.,0,13,15,1,1,20,14,8,14,E/E,False,False,0.6400000000000001,0.8
2026-06-13,Primera Division Chile,2026,A. ITALIANO,D. LA SERENA,1,1,0,0,D,12,17,4,5,11,6,8,3,2,2,0,0,389,391,4,3,50.0,50.0,1505459.0,0.0,0.0,0.0,0.0,0.0,0.0,0.0,0.0,0.0,0.0,0.0,0.0,0.0,0.0,0.0,0.0,0.0,0.0,0.0,0.0,0.0,0.0,0.0,0.0,0.0,0.0,0.0,0.0,0.0,0.0,0.0,0.0,0.0,0.0,0.0,2,0,A.,D.,2,11,16,1,1,15,17,14,12,E/E,False,False,0.99,0.8400000000000003
2026-06-13,Primera Division Chile,2026,COQUIMBO UNIDO,O'HIGGINS,0,0,0,0,D,17,6,5,2,17,8,7,2,2,1,0,1,0,0,2,5,57.0,43.0,1505461.0,0.0,0.0,0.0,0.0,0.0,0.0,0.0,0.0,0.0,0.0,0.0,0.0,0.0,0.0,0.0,0.0,0.0,0.0,0.0,0.0,0.0,0.0,0.0,0.0,0.0,0.0,0.0,0.0,0.0,0.0,0.0,0.0,0.0,0.0,0.0,0,0,COQ,O'H,0,9,16,1,1,23,19,3,10,E/E,False,True,1.26,0.16000000000000003
2026-06-13,Primera Division Chile,2026,EVERTON DE VINA,PALESTINO,1,2,0,2,A,22,12,10,4,13,10,14,4,2,4,0,0,0,0,2,9,53.0,47.0,1505463.0,0.0,0.0,0.0,0.0,0.0,0.0,0.0,0.0,0.0,0.0,0.0,0.0,0.0,0.0,0.0,0.0,0.0,0.0,0.0,0.0,0.0,0.0,0.0,0.0,0.0,0.0,0.0,0.0,0.0,0.0,0.0,0.0,0.0,0.0,0.0,3,2,EVE,PAL,1,18,16,0,3,19,21,10,6,PAL/PAL,True,False,1.72,1.12
2026-06-13,Primera Division Chile,2026,COLO COLO,COBRESAL,3,0,3,0,H,27,8,11,2,13,6,5,2,0,0,0,0,0,0,3,8,74.0,26.0,1505460.0,0.0,0.0,0.0,0.0,0.0,0.0,0.0,0.0,0.0,0.0,0.0,0.0,0.0,0.0,0.0,0.0,0.0,0.0,0.0,0.0,0.0,0.0,0.0,0.0,0.0,0.0,0.0,0.0,0.0,0.0,0.0,0.0,0.0,0.0,0.0,3,3,COL,COB,0,7,16,3,0,33,10,1,16,COL/COL,False,True,3.26,-0.25000000000000006
2026-06-14,Primera Division Chile,2026,NUBLENSE,HUACHIPATO,2,2,1,2,D,20,13,6,4,9,5,10,7,1,3,0,0,0,0,2,4,58.0,42.0,1505464.0,0.0,0.0,0.0,0.0,0.0,0.0,0.0,0.0,0.0,0.0,0.0,0.0,0.0,0.0,0.0,0.0,0.0,0.0,0.0,0.0,0.0,0.0,0.0,0.0,0.0,0.0,0.0,0.0,0.0,0.0,0.0,0.0,0.0,0.0,0.0,4,3,NUB,HUA,1,17,16,1,1,21,22,7,5,HUA/E,True,False,1.46,0.6500000000000001
2026-06-14,Primera Division Chile,2026,CONCEPCION,DEPORTES LIMACHE,3,2,1,0,H,23,7,12,4,11,9,7,3,0,1,0,0,0,0,2,8,49.0,51.0,1505462.0,0.0,0.0,0.0,0.0,0.0,0.0,0.0,0.0,0.0,0.0,0.0,0.0,0.0,0.0,0.0,0.0,0.0,0.0,0.0,0.0,0.0,0.0,0.0,0.0,0.0,0.0,0.0,0.0,0.0,0.0,0.0,0.0,0.0,0.0,0.0,5,1,CON,DEP,4,10,16,3,0,11,21,15,7,CON/CON,False,False,3.3899999999999997,-0.09000000000000011
2026-06-14,Primera Division Chile,2026,UNION LA CALERA,UNIVERSIDAD DE CHILE,2,2,1,2,D,14,13,6,5,14,7,5,2,2,4,0,0,0,0,3,4,48.0,52.0,1505466.0,0.0,0.0,0.0,0.0,0.0,0.0,0.0,0.0,0.0,0.0,0.0,0.0,0.0,0.0,0.0,0.0,0.0,0.0,0.0,0.0,0.0,0.0,0.0,0.0,0.0,0.0,0.0,0.0,0.0,0.0,0.0,0.0,0.0,0.0,0.0,4,3,UNI,UNI,1,7,16,1,1,17,20,13,8,UNI/E,False,False,1.16,0.55
2026-06-14,Primera Division Chile,2026,U. CATOLICA,UNIVERSIDAD DE CONCEPCION,5,1,2,1,H,14,11,6,1,11,7,6,3,1,2,0,1,0,0,0,1,54.0,46.0,1505465.0,0.0,0.0,0.0,0.0,0.0,0.0,0.0,0.0,0.0,0.0,0.0,0.0,0.0,0.0,0.0,0.0,0.0,0.0,0.0,0.0,0.0,0.0,0.0,0.0,0.0,0.0,0.0,0.0,0.0,0.0,0.0,0.0,0.0,0.0,0.0,6,3,U.,UNI,3,9,16,3,0,23,19,4,11,U./U.,False,True,2.49,-0.5700000000000001
2026-06-19,Primera Division Chile,2026,UNIVERSIDAD DE CHILE,O'HIGGINS,2,0,1,0,H,14,8,8,4,9,11,5,3,1,5,0,1,463,326,4,6,59.0,41.0,1505449.0,0.0,0.0,0.0,0.0,0.0,0.0,0.0,0.0,0.0,0.0,0.0,0.0,0.0,0.0,0.0,0.0,0.0,0.0,0.0,0.0,0.0,0.0,0.0,0.0,0.0,0.0,0.0,0.0,0.0,0.0,0.0,0.0,0.0,0.0,0.0,2,1,UNI,O'H,1,8,17,3,0,21,20,8,9,UNI/UNI,False,False,2.59,-0.5
2026-07-25,Primera Division Chile,2026,COLO COLO,DEPORTES LIMACHE,3,1,0,0,H,16,13,7,5,7,11,6,8,2,3,1,0,542,309,4,4,62.0,38.0,1505468.0,0.0,0.0,0.0,0.0,0.0,0.0,0.0,0.0,0.0,0.0,0.0,0.0,0.0,0.0,0.0,0.0,0.0,0.0,0.0,0.0,0.0,0.0,0.0,0.0,0.0,0.0,0.0,0.0,0.0,0.0,0.0,0.0,0.0,0.0,0.0,4,0,COL,DEP,4,14,17,3,0,36,21,1,8,E/COL,False,True,1.9899999999999993,0.38
2026-07-25,Primera Division Chile,2026,HUACHIPATO,COBRESAL,3,3,1,0,D,15,17,5,6,6,11,4,1,0,1,1,0,551,304,4,5,65.0,35.0,1505470.0,0.0,0.0,0.0,0.0,0.0,0.0,0.0,0.0,0.0,0.0,0.0,0.0,0.0,0.0,0.0,0.0,0.0,0.0,0.0,0.0,0.0,0.0,0.0,0.0,0.0,0.0,0.0,0.0,0.0,0.0,0.0,0.0,0.0,0.0,0.0,6,1,HUA,COB,5,5,17,1,1,23,10,6,16,HUA/E,False,True,0.8799999999999999,1.0199999999999998
2026-07-26,Primera Division Chile,2026,U. CATOLICA,D. LA SERENA,3,3,2,0,D,15,18,4,9,8,6,6,5,0,2,0,0,401,425,6,1,49.0,51.0,1505473.0,0.0,0.0,0.0,0.0,0.0,0.0,0.0,0.0,0.0,0.0,0.0,0.0,0.0,0.0,0.0,0.0,0.0,0.0,0.0,0.0,0.0,0.0,0.0,0.0,0.0,0.0,0.0,0.0,0.0,0.0,0.0,0.0,0.0,0.0,0.0,6,2,U.,D.,4,11,18,1,1,26,18,2,12,U./E,False,True,0.8500000000000002,1.5799999999999998
2026-07-26,Primera Division Chile,2026,NUBLENSE,PALESTINO,2,0,2,0,H,18,12,7,4,18,11,2,4,1,4,0,0,420,351,4,4,53.0,47.0,1505471.0,0.0,0.0,0.0,0.0,0.0,0.0,0.0,0.0,0.0,0.0,0.0,0.0,0.0,0.0,0.0,0.0,0.0,0.0,0.0,0.0,0.0,0.0,0.0,0.0,0.0,0.0,0.0,0.0,0.0,0.0,0.0,0.0,0.0,0.0,0.0,2,2,NUB,PAL,0,6,18,3,0,22,24,7,5,NUB/NUB,True,False,2.7699999999999996,0.009999999999999953
2026-07-26,Primera Division Chile,2026,A. ITALIANO,UNIVERSIDAD DE CHILE,1,2,0,1,A,13,10,5,4,11,12,2,5,2,2,0,0,404,386,2,4,50.0,50.0,1505467.0,0.0,0.0,0.0,0.0,0.0,0.0,0.0,0.0,0.0,0.0,0.0,0.0,0.0,0.0,0.0,0.0,0.0,0.0,0.0,0.0,0.0,0.0,0.0,0.0,0.0,0.0,0.0,0.0,0.0,0.0,0.0,0.0,0.0,0.0,0.0,3,1,A.,UNI,2,7,18,0,3,16,24,14,4,UNI/UNI,True,False,0.35000000000000003,1.86
2026-07-27,Primera Division Chile,2026,CONCEPCION,O'HIGGINS,2,0,1,0,H,20,7,9,2,11,11,4,4,3,3,0,1,320,457,1,7,42.0,58.0,1505472.0,0.0,0.0,0.0,0.0,0.0,0.0,0.0,0.0,0.0,0.0,0.0,0.0,0.0,0.0,0.0,0.0,0.0,0.0,0.0,0.0,0.0,0.0,0.0,0.0,0.0,0.0,0.0,0.0,0.0,0.0,0.0,0.0,0.0,0.0,0.0,2,1,CON,O'H,1,8,18,3,0,14,20,15,9,CON/CON,False,False,2.5699999999999994,-0.5800000000000001
2026-07-27,Primera Division Chile,2026,UNION LA CALERA,EVERTON DE VINA,1,1,0,0,D,9,13,3,5,14,10,9,10,3,3,0,0,514,281,6,2,65.0,35.0,1505474.0,0.0,0.0,0.0,0.0,0.0,0.0,0.0,0.0,0.0,0.0,0.0,0.0,0.0,0.0,0.0,0.0,0.0,0.0,0.0,0.0,0.0,0.0,0.0,0.0,0.0,0.0,0.0,0.0,0.0,0.0,0.0,0.0,0.0,0.0,0.0,2,0,UNI,EVE,2,19,18,1,1,18,19,13,10,E/E,False,False,0.6499999999999999,1.12
2026-08-01,Primera Division Chile,2026,UNIVERSIDAD DE CONCEPCION,A. ITALIANO,0,1,0,1,A,13,5,6,1,15,8,9,2,2,3,0,1,475,250,0,6,66.0,34.0,1505482.0,0.0,0.0,0.0,0.0,0.0,0.0,0.0,0.0,0.0,0.0,0.0,0.0,0.0,0.0,0.0,0.0,0.0,0.0,0.0,0.0,0.0,0.0,0.0,0.0,0.0,0.0,0.0,0.0,0.0,0.0,0.0,0.0,0.0,0.0,0.0,1,1,UNI,A.,0,11,19,0,3,19,16,13,15,A./A.,False,False,1.0599999999999998,0.72
2026-08-01,Primera Division Chile,2026,COBRESAL,UNION LA CALERA,4,0,1,0,H,26,12,10,5,16,7,5,5,1,0,0,1,486,394,4,6,54.0,46.0,1505475.0,0.0,0.0,0.0,0.0,0.0,0.0,0.0,0.0,0.0,0.0,0.0,0.0,0.0,0.0,0.0,0.0,0.0,0.0,0.0,0.0,0.0,0.0,0.0,0.0,0.0,0.0,0.0,0.0,0.0,0.0,0.0,0.0,0.0,0.0,0.0,4,1,COB,UNI,3,10,19,3,0,11,19,16,13,COB/COB,False,False,2.8,0.15000000000000002
2026-08-01,Primera Division Chile,2026,EVERTON DE VINA,COLO COLO,3,4,2,2,A,18,9,8,5,9,10,7,3,2,1,0,0,324,610,1,5,36.0,64.0,1505477.0,0.0,0.0,0.0,0.0,0.0,0.0,0.0,0.0,0.0,0.0,0.0,0.0,0.0,0.0,0.0,0.0,0.0,0.0,0.0,0.0,0.0,0.0,0.0,0.0,0.0,0.0,0.0,0.0,0.0,0.0,0.0,0.0,0.0,0.0,0.0,7,4,EVE,COL,3,10,19,0,3,20,39,9,1,E/COL,True,False,1.04,1.7599999999999998
2026-08-01,Primera Division Chile,2026,PALESTINO,COQUIMBO UNIDO,2,1,1,1,H,8,12,3,5,13,11,3,3,4,2,0,1,427,441,2,1,49.0,51.0,1505480.0,0.0,0.0,0.0,0.0,0.0,0.0,0.0,0.0,0.0,0.0,0.0,0.0,0.0,0.0,0.0,0.0,0.0,0.0,0.0,0.0,0.0,0.0,0.0,0.0,0.0,0.0,0.0,0.0,0.0,0.0,0.0,0.0,0.0,0.0,0.0,3,2,PAL,COQ,1,6,19,3,0,24,24,7,5,E/PAL,True,False,1.8900000000000001,0.23999999999999994
2026-08-02,Primera Division Chile,2026,CONCEPCION,U. CATOLICA,3,0,2,0,H,10,16,3,5,10,13,4,4,2,4,0,0,279,474,6,0,37.0,63.0,1505476.0,0.0,0.0,0.0,0.0,0.0,0.0,0.0,0.0,0.0,0.0,0.0,0.0,0.0,0.0,0.0,0.0,0.0,0.0,0.0,0.0,0.0,0.0,0.0,0.0,0.0,0.0,0.0,0.0,0.0,0.0,0.0,0.0,0.0,0.0,0.0,3,2,CON,U.,1,8,19,3,0,17,27,15,2,CON/CON,True,False,2.12,0.32000000000000006
2026-08-02,Primera Division Chile,2026,D. LA SERENA,O'HIGGINS,1,2,1,0,A,15,14,3,3,13,15,8,7,2,1,0,0,329,469,1,4,41.0,59.0,1505478.0,0.0,0.0,0.0,0.0,0.0,0.0,0.0,0.0,0.0,0.0,0.0,0.0,0.0,0.0,0.0,0.0,0.0,0.0,0.0,0.0,0.0,0.0,0.0,0.0,0.0,0.0,0.0,0.0,0.0,0.0,0.0,0.0,0.0,0.0,0.0,3,1,D.,O'H,2,15,19,0,3,19,20,13,11,D./O'H,False,False,0.35999999999999993,1.89
2026-08-02,Primera Division Chile,2026,UNIVERSIDAD DE CHILE,HUACHIPATO,2,0,0,0,H,30,6,11,2,4,4,13,2,1,1,0,1,739,227,2,9,77.0,23.0,1505481.0,0.0,0.0,0.0,0.0,0.0,0.0,0.0,0.0,0.0,0.0,0.0,0.0,0.0,0.0,0.0,0.0,0.0,0.0,0.0,0.0,0.0,0.0,0.0,0.0,0.0,0.0,0.0,0.0,0.0,0.0,0.0,0.0,0.0,0.0,0.0,2,0,UNI,HUA,2,15,19,3,0,27,24,3,7,E/UNI,False,True,3.5599999999999996,-0.76
2026-08-08,Primera Division Chile,2026,U. CATOLICA,COBRESAL,2,0,0,0,H,16,9,6,3,10,7,10,2,1,3,0,0,493,365,3,5,58.0,42.0,1505488.0,0.0,0.0,0.0,0.0,0.0,0.0,0.0,0.0,0.0,0.0,0.0,0.0,0.0,0.0,0.0,0.0,0.0,0.0,0.0,0.0,0.0,0.0,0.0,0.0,0.0,0.0,0.0,0.0,0.0,0.0,0.0,0.0,0.0,0.0,0.0,2,0,U.,COB,2,12,20,3,0,27,14,3,16,E/U.,False,True,2.61,-0.2500000000000001
2026-08-08,Primera Division Chile,2026,HUACHIPATO,EVERTON DE VINA,1,4,1,3,A,6,24,1,13,11,10,3,7,3,3,0,0,346,426,9,0,45.0,55.0,1505486.0,0.0,0.0,0.0,0.0,0.0,0.0,0.0,0.0,0.0,0.0,0.0,0.0,0.0,0.0,0.0,0.0,0.0,0.0,0.0,0.0,0.0,0.0,0.0,0.0,0.0,0.0,0.0,0.0,0.0,0.0,0.0,0.0,0.0,0.0,0.0,5,4,HUA,EVE,1,10,20,0,3,24,20,7,10,EVE/EVE,False,False,-0.79,3.3900000000000006
2026-08-08,Primera Division Chile,2026,COQUIMBO UNIDO,D. LA SERENA,1,1,0,0,D,12,6,5,1,16,9,12,0,2,4,1,1,381,281,0,4,60.0,40.0,1505484.0,0.0,0.0,0.0,0.0,0.0,0.0,0.0,0.0,0.0,0.0,0.0,0.0,0.0,0.0,0.0,0.0,0.0,0.0,0.0,0.0,0.0,0.0,0.0,0.0,0.0,0.0,0.0,0.0,0.0,0.0,0.0,0.0,0.0,0.0,0.0,2,0,COQ,D.,2,12,20,1,1,24,19,6,13,E/E,False,True,1.35,-0.49
2026-08-09,Primera Division Chile,2026,CONCEPCION,UNIVERSIDAD DE CONCEPCION,1,0,1,0,H,9,12,2,4,13,14,4,3,4,5,1,0,283,462,4,1,39.0,61.0,1505485.0,0.0,0.0,0.0,0.0,0.0,0.0,0.0,0.0,0.0,0.0,0.0,0.0,0.0,0.0,0.0,0.0,0.0,0.0,0.0,0.0,0.0,0.0,0.0,0.0,0.0,0.0,0.0,0.0,0.0,0.0,0.0,0.0,0.0,0.0,0.0,1,1,CON,UNI,0,7,20,3,0,20,19,11,15,CON/CON,False,False,1.0899999999999999,0.07000000000000006
2026-08-09,Primera Division Chile,2026,O'HIGGINS,DEPORTES LIMACHE,1,3,0,2,A,18,14,8,7,11,13,9,9,4,2,0,0,468,227,5,7,67.0,33.0,1505487.0,0.0,0.0,0.0,0.0,0.0,0.0,0.0,0.0,0.0,0.0,0.0,0.0,0.0,0.0,0.0,0.0,0.0,0.0,0.0,0.0,0.0,0.0,0.0,0.0,0.0,0.0,0.0,0.0,0.0,0.0,0.0,0.0,0.0,0.0,0.0,4,2,O'H,DEP,2,18,20,0,3,23,21,10,11,DEP/DEP,False,False,0.7199999999999999,2.2199999999999998
2026-08-09,Primera Division Chile,2026,UNION LA CALERA,COLO COLO,1,2,1,0,A,3,19,1,8,10,6,2,12,1,2,0,0,256,696,5,1,27.0,73.0,1505490.0,0.0,0.0,0.0,0.0,0.0,0.0,0.0,0.0,0.0,0.0,0.0,0.0,0.0,0.0,0.0,0.0,0.0,0.0,0.0,0.0,0.0,0.0,0.0,0.0,0.0,0.0,0.0,0.0,0.0,0.0,0.0,0.0,0.0,0.0,0.0,3,1,UNI,COL,2,14,20,0,3,19,42,14,1,UNI/COL,True,False,-0.49,3.0100000000000002
2026-08-10,Primera Division Chile,2026,UNIVERSIDAD DE CHILE,PALESTINO,2,1,2,0,H,20,8,11,1,9,14,5,4,0,2,0,0,427,368,1,9,53.0,47.0,1505489.0,0.0,0.0,0.0,0.0,0.0,0.0,0.0,0.0,0.0,0.0,0.0,0.0,0.0,0.0,0.0,0.0,0.0,0.0,0.0,0.0,0.0,0.0,0.0,0.0,0.0,0.0,0.0,0.0,0.0,0.0,0.0,0.0,0.0,0.0,0.0,3,2,UNI,PAL,1,9,20,3,0,30,27,3,4,UNI/UNI,True,True,3.77,-0.5
2026-08-11,Primera Division Chile,2026,A. ITALIANO,NUBLENSE,2,2,1,1,D,12,3,7,2,12,20,3,1,2,3,0,0,527,389,0,5,58.0,42.0,1505483.0,0.0,0.0,0.0,0.0,0.0,0.0,0.0,0.0,0.0,0.0,0.0,0.0,0.0,0.0,0.0,0.0,0.0,0.0,0.0,0.0,0.0,0.0,0.0,0.0,0.0,0.0,0.0,0.0,0.0,0.0,0.0,0.0,0.0,0.0,0.0,4,2,A.,NUB,2,4,20,1,1,19,25,13,6,E/E,True,False,1.3800000000000001,0.13999999999999996
2026-08-14,Primera Division Chile,2026,UNIVERSIDAD DE CONCEPCION,D. LA SERENA,0,2,0,1,A,14,11,5,4,10,16,8,2,1,3,0,0,502,239,2,5,68.0,32.0,1505498.0,0.0,0.0,0.0,0.0,0.0,0.0,0.0,0.0,0.0,0.0,0.0,0.0,0.0,0.0,0.0,0.0,0.0,0.0,0.0,0.0,0.0,0.0,0.0,0.0,0.0,0.0,0.0,0.0,0.0,0.0,0.0,0.0,0.0,0.0,0.0,2,1,UNI,D.,1,10,21,0,3,19,20,15,13,D./D.,False,False,0.81,1.4900000000000002
2026-08-15,Primera Division Chile,2026,DEPORTES LIMACHE,UNIVERSIDAD DE CHILE,1,3,1,1,A,9,24,4,8,9,7,3,6,2,0,0,0,301,540,5,3,36.0,64.0,1505495.0,0.0,0.0,0.0,0.0,0.0,0.0,0.0,0.0,0.0,0.0,0.0,0.0,0.0,0.0,0.0,0.0,0.0,0.0,0.0,0.0,0.0,0.0,0.0,0.0,0.0,0.0,0.0,0.0,0.0,0.0,0.0,0.0,0.0,0.0,0.0,4,2,DEP,UNI,2,9,21,0,3,24,33,7,2,E/UNI,True,False,0.02999999999999997,2.7399999999999998
2026-08-16,Primera Division Chile,2026,NUBLENSE,UNION LA CALERA,2,1,2,0,H,15,10,4,4,7,10,10,2,0,2,0,0,392,401,3,2,50.0,50.0,1505496.0,0.0,0.0,0.0,0.0,0.0,0.0,0.0,0.0,0.0,0.0,0.0,0.0,0.0,0.0,0.0,0.0,0.0,0.0,0.0,0.0,0.0,0.0,0.0,0.0,0.0,0.0,0.0,0.0,0.0,0.0,0.0,0.0,0.0,0.0,0.0,3,2,NUB,UNI,1,12,21,3,0,26,19,5,14,NUB/NUB,False,True,2.3600000000000003,0.09999999999999998
2026-08-16,Primera Division Chile,2026,COBRESAL,CONCEPCION,0,2,0,1,A,22,16,5,3,18,9,5,2,3,2,0,0,513,282,0,5,65.0,35.0,1505491.0,0.0,0.0,0.0,0.0,0.0,0.0,0.0,0.0,0.0,0.0,0.0,0.0,0.0,0.0,0.0,0.0,0.0,0.0,0.0,0.0,0.0,0.0,0.0,0.0,0.0,0.0,0.0,0.0,0.0,0.0,0.0,0.0,0.0,0.0,0.0,2,1,COB,CON,1,7,21,0,3,14,23,16,11,CON/CON,False,False,0.5099999999999999,1.5
2026-08-16,Primera Division Chile,2026,COLO COLO,O'HIGGINS,2,2,0,0,D,13,13,4,3,11,10,9,4,2,2,0,0,455,361,1,2,56.0,44.0,1505492.0,0.0,0.0,0.0,0.0,0.0,0.0,0.0,0.0,0.0,0.0,0.0,0.0,0.0,0.0,0.0,0.0,0.0,0.0,0.0,0.0,0.0,0.0,0.0,0.0,0.0,0.0,0.0,0.0,0.0,0.0,0.0,0.0,0.0,0.0,0.0,4,0,COL,O'H,4,13,21,1,1,45,23,1,12,E/E,False,True,1.12,0.5700000000000001
2026-08-18,Primera Division Chile,2026,PALESTINO,HUACHIPATO,5,1,1,1,H,20,6,7,3,6,11,4,2,2,2,0,0,590,267,3,2,69.0,31.0,1505497.0,0.0,0.0,0.0,0.0,0.0,0.0,0.0,0.0,0.0,0.0,0.0,0.0,0.0,0.0,0.0,0.0,0.0,0.0,0.0,0.0,0.0,0.0,0.0,0.0,0.0,0.0,0.0,0.0,0.0,0.0,0.0,0.0,0.0,0.0,0.0,6,2,PAL,HUA,4,6,21,3,0,27,24,5,9,E/PAL,False,True,2.36,-0.08000000000000008
2026-08-22,Primera Division Chile,2026,A. ITALIANO,UNION LA CALERA,0,0,0,0,D,15,10,1,2,11,15,6,8,4,4,0,0,389,358,3,1,52.0,48.0,1505499.0,0.0,0.0,0.0,0.0,0.0,0.0,0.0,0.0,0.0,0.0,0.0,0.0,0.0,0.0,0.0,0.0,0.0,0.0,0.0,0.0,0.0,0.0,0.0,0.0,0.0,0.0,0.0,0.0,0.0,0.0,0.0,0.0,0.0,0.0,0.0,0,0,A.,UNI,0,14,22,1,1,20,19,13,14,E/E,False,False,0.29000000000000004,0.6299999999999998
2026-08-22,Primera Division Chile,2026,HUACHIPATO,DEPORTES LIMACHE,1,3,0,3,A,13,16,5,7,19,12,5,6,3,3,0,1,389,319,4,3,55.0,45.0,1505502.0,0.0,0.0,0.0,0.0,0.0,0.0,0.0,0.0,0.0,0.0,0.0,0.0,0.0,0.0,0.0,0.0,0.0,0.0,0.0,0.0,0.0,0.0,0.0,0.0,0.0,0.0,0.0,0.0,0.0,0.0,0.0,0.0,0.0,0.0,0.0,4,3,HUA,DEP,1,11,22,0,3,24,24,10,8,DEP/DEP,False,False,0.22999999999999987,1.9499999999999993
2026-08-23,Primera Division Chile,2026,U. CATOLICA,NUBLENSE,1,2,0,0,A,10,14,1,7,9,14,2,2,5,3,2,0,325,460,5,0,42.0,58.0,1505505.0,0.0,0.0,0.0,0.0,0.0,0.0,0.0,0.0,0.0,0.0,0.0,0.0,0.0,0.0,0.0,0.0,0.0,0.0,0.0,0.0,0.0,0.0,0.0,0.0,0.0,0.0,0.0,0.0,0.0,0.0,0.0,0.0,0.0,0.0,0.0,3,0,U.,NUB,3,4,22,0,3,30,29,3,5,E/NUB,True,True,-1.1400000000000001,2.76
2026-08-23,Primera Division Chile,2026,D. LA SERENA,COBRESAL,3,3,1,1,D,19,21,10,8,15,10,5,7,2,3,0,0,405,329,6,8,55.0,45.0,1505503.0,0.0,0.0,0.0,0.0,0.0,0.0,0.0,0.0,0.0,0.0,0.0,0.0,0.0,0.0,0.0,0.0,0.0,0.0,0.0,0.0,0.0,0.0,0.0,0.0,0.0,0.0,0.0,0.0,0.0,0.0,0.0,0.0,0.0,0.0,0.0,6,2,D.,COB,4,12,22,1,1,23,14,12,16,E/E,False,False,1.51,1.15
2026-08-23,Primera Division Chile,2026,CONCEPCION,COQUIMBO UNIDO,1,1,0,1,D,19,5,4,2,11,17,6,1,2,5,0,0,484,309,1,3,62.0,38.0,1505500.0,0.0,0.0,0.0,0.0,0.0,0.0,0.0,0.0,0.0,0.0,0.0,0.0,0.0,0.0,0.0,0.0,0.0,0.0,0.0,0.0,0.0,0.0,0.0,0.0,0.0,0.0,0.0,0.0,0.0,0.0,0.0,0.0,0.0,0.0,0.0,2,1,CON,COQ,1,7,22,1,1,26,25,7,8,COQ/E,False,False,1.08,0.030000000000000138
2026-08-23,Primera Division Chile,2026,UNIVERSIDAD DE CHILE,COLO COLO,1,2,1,1,A,17,13,2,5,11,19,4,6,4,4,0,0,428,317,3,1,58.0,42.0,1505506.0,0.0,0.0,0.0,0.0,0.0,0.0,0.0,0.0,0.0,0.0,0.0,0.0,0.0,0.0,0.0,0.0,0.0,0.0,0.0,0.0,0.0,0.0,0.0,0.0,0.0,0.0,0.0,0.0,0.0,0.0,0.0,0.0,0.0,0.0,0.0,3,2,UNI,COL,1,10,22,0,3,36,46,2,1,E/COL,True,True,-0.27,2.47
2026-08-23,Primera Division Chile,2026,O'HIGGINS,PALESTINO,0,1,0,0,A,8,22,3,3,9,15,0,3,3,2,1,0,303,556,2,3,34.0,66.0,1505504.0,0.0,0.0,0.0,0.0,0.0,0.0,0.0,0.0,0.0,0.0,0.0,0.0,0.0,0.0,0.0,0.0,0.0,0.0,0.0,0.0,0.0,0.0,0.0,0.0,0.0,0.0,0.0,0.0,0.0,0.0,0.0,0.0,0.0,0.0,0.0,1,0,O'H,PAL,1,3,22,0,3,24,30,10,5,E/PAL,True,False,-0.3100000000000001,1.7499999999999998
2026-08-24,Primera Division Chile,2026,EVERTON DE VINA,UNIVERSIDAD DE CONCEPCION,3,1,3,1,H,20,8,8,2,11,16,8,4,1,6,0,0,490,340,2,5,59.0,41.0,1505501.0,0.0,0.0,0.0,0.0,0.0,0.0,0.0,0.0,0.0,0.0,0.0,0.0,0.0,0.0,0.0,0.0,0.0,0.0,0.0,0.0,0.0,0.0,0.0,0.0,0.0,0.0,0.0,0.0,0.0,0.0,0.0,0.0,0.0,0.0,0.0,4,4,EVE,UNI,0,12,22,3,0,23,19,12,15,EVE/EVE,False,False,2.82,-0.6600000000000001
2026-08-26,Primera Division Chile,2026,COQUIMBO UNIDO,U. CATOLICA,1,2,1,0,A,10,5,2,2,12,7,6,2,2,1,0,0,431,458,0,1,49.0,51.0,1505493.0,2.25,3.2,3.1,0.0,0.0,0.0,0.0,0.0,0.0,0.0,0.0,0.0,0.0,0.0,0.0,0.0,0.0,0.0,0.0,0.0,0.0,0.0,0.0,0.0,0.0,0.0,0.0,0.0,0.0,0.0,0.0,0.0,0.0,0.0,0.0,3,1,COQ,U.,2,8,23,0,3,26,30,9,5,COQ/U.,True,False,0.26,1.58
2026-08-28,Primera Division Chile,2026,COBRESAL,PALESTINO,2,0,1,0,H,10,22,5,3,10,5,3,10,4,1,1,0,224,605,4,3,26.0,74.0,1505507.0,2.45,3.4,2.55,0.0,0.0,0.0,0.0,0.0,0.0,0.0,0.0,0.0,0.0,0.0,0.0,0.0,0.0,0.0,0.0,0.0,0.0,0.0,0.0,0.0,0.0,0.0,0.0,0.0,0.0,0.0,0.0,0.0,0.0,0.0,0.0,2,1,COB,PAL,1,13,23,3,0,15,33,16,4,COB/COB,True,False,1.9,0.5399999999999999
2026-08-29,Primera Division Chile,2026,DEPORTES LIMACHE,EVERTON DE VINA,0,3,0,2,A,12,20,3,5,10,9,2,2,4,3,1,0,361,404,2,2,47.0,53.0,1505510.0,2.7,3.4,2.38,0.0,0.0,0.0,0.0,0.0,0.0,0.0,0.0,0.0,0.0,0.0,0.0,0.0,0.0,0.0,0.0,0.0,0.0,0.0,0.0,0.0,0.0,0.0,0.0,0.0,0.0,0.0,0.0,0.0,0.0,0.0,0.0,3,2,DEP,EVE,1,4,23,0,3,27,26,6,8,EVE/EVE,False,True,-0.39000000000000007,2.3600000000000003
2026-08-30,Primera Division Chile,2026,NUBLENSE,CONCEPCION,0,1,0,1,A,15,14,3,5,13,7,3,2,3,1,0,0,408,393,4,3,52.0,48.0,1505511.0,2.15,2.88,3.7,0.0,0.0,0.0,0.0,0.0,0.0,0.0,0.0,0.0,0.0,0.0,0.0,0.0,0.0,0.0,0.0,0.0,0.0,0.0,0.0,0.0,0.0,0.0,0.0,0.0,0.0,0.0,0.0,0.0,0.0,0.0,0.0,1,1,NUB,CON,0,5,23,0,3,32,27,5,8,CON/CON,False,True,0.009999999999999953,2.54
2026-08-30,Primera Division Chile,2026,UNIVERSIDAD DE CONCEPCION,UNIVERSIDAD DE CHILE,2,1,2,0,H,6,18,4,4,15,9,0,15,6,1,1,0,198,527,4,2,26.0,74.0,1505513.0,4.5,3.7,1.67,0.0,0.0,0.0,0.0,0.0,0.0,0.0,0.0,0.0,0.0,0.0,0.0,0.0,0.0,0.0,0.0,0.0,0.0,0.0,0.0,0.0,0.0,0.0,0.0,0.0,0.0,0.0,0.0,0.0,0.0,0.0,0.0,3,2,UNI,UNI,1,15,23,3,0,19,36,15,2,UNI/UNI,True,False,1.25,1.0499999999999998
2026-08-30,Primera Division Chile,2026,COLO COLO,A. ITALIANO,5,1,2,1,H,20,9,8,5,11,5,4,6,1,0,0,0,556,339,2,4,61.0,39.0,1505508.0,1.42,4.33,6.0,0.0,0.0,0.0,0.0,0.0,0.0,0.0,0.0,0.0,0.0,0.0,0.0,0.0,0.0,0.0,0.0,0.0,0.0,0.0,0.0,0.0,0.0,0.0,0.0,0.0,0.0,0.0,0.0,0.0,0.0,0.0,0.0,6,3,COL,A.,3,10,23,3,0,49,21,1,14,COL/COL,False,True,2.43,0.5700000000000001
2026-08-31,Primera Division Chile,2026,UNION LA CALERA,D. LA SERENA,0,1,0,1,A,19,7,7,2,11,12,9,2,2,3,0,0,456,320,1,7,61.0,39.0,1505514.0,2.2,3.2,3.1,0.0,0.0,0.0,0.0,0.0,0.0,0.0,0.0,0.0,0.0,0.0,0.0,0.0,0.0,0.0,0.0,0.0,0.0,0.0,0.0,0.0,0.0,0.0,0.0,0.0,0.0,0.0,0.0,0.0,0.0,0.0,0.0,1,1,UNI,D.,0,11,23,0,3,20,24,15,10,D./D.,False,False,1.1600000000000001,1.07
2026-09-01,Primera Division Chile,2026,U. CATOLICA,O'HIGGINS,3,2,2,1,H,15,15,5,9,10,10,7,10,2,4,0,0,354,460,7,2,43.0,57.0,1505512.0,1.7,3.75,4.33,0.0,0.0,0.0,0.0,0.0,0.0,0.0,0.0,0.0,0.0,0.0,0.0,0.0,0.0,0.0,0.0,0.0,0.0,0.0,0.0,0.0,0.0,0.0,0.0,0.0,0.0,0.0,0.0,0.0,0.0,0.0,0.0,5,3,U.,O'H,2,17,24,3,0,33,24,3,11,U./U.,False,True,1.75,1.06
2026-09-02,Primera Division Chile,2026,COQUIMBO UNIDO,UNIVERSIDAD DE CONCEPCION,1,0,0,0,H,18,11,6,4,12,10,12,4,1,3,0,0,507,341,4,5,60.0,40.0,1505469.0,1.55,3.7,6.5,0.0,0.0,0.0,0.0,0.0,0.0,0.0,0.0,0.0,0.0,0.0,0.0,0.0,0.0,0.0,0.0,0.0,0.0,0.0,0.0,0.0,0.0,0.0,0.0,0.0,0.0,0.0,0.0,0.0,0.0,0.0,0.0,1,0,COQ,UNI,1,16,24,3,0,26,22,10,13,E/COQ,False,False,2.6199999999999997,-0.04000000000000009
2026-09-03,Primera Division Chile,2026,DEPORTES LIMACHE,NUBLENSE,2,0,0,0,H,15,13,9,4,9,11,4,5,1,2,0,0,374,411,4,7,48.0,52.0,1505479.0,3.0,3.5,2.2,0.0,0.0,0.0,0.0,0.0,0.0,0.0,0.0,0.0,0.0,0.0,0.0,0.0,0.0,0.0,0.0,0.0,0.0,0.0,0.0,0.0,0.0,0.0,0.0,0.0,0.0,0.0,0.0,0.0,0.0,0.0,0.0,2,0,DEP,NUB,2,9,24,3,0,27,32,9,5,E/DEP,True,False,3.1499999999999995,0.11999999999999994
2026-08-13,Saudi Pro League,2026/2027,ABHA,AL-HAZM,1,2,0,2,A,10,8,6,3,10,16,5,1,2,3,0,0,512,302,1,5,63.0,37.0,1602972.0,,,,,,,,,,,,,,,,,,,,,,,,,,,,,,,,,,,,3,2,ABH,AL-,1,6,1,0,3,0,0,1,2,AL-/AL-,True,True,0.7799999999999998,1.7999999999999998
2026-08-13,Saudi Pro League,2026/2027,AL SHABAB,AL-QADISIYAH FC,1,3,1,1,A,8,15,3,6,13,13,6,9,2,1,0,0,353,428,3,2,45.0,55.0,1602974.0,,,,,,,,,,,,,,,,,,,,,,,,,,,,,,,,,,,,4,2,AL,AL-,2,15,1,0,3,0,0,2,3,E/AL-,True,True,0.06999999999999995,2.98
2026-08-14,Saudi Pro League,2026/2027,NEOM,AL-FAYHA,2,1,2,0,H,15,13,5,5,5,11,3,4,0,1,1,0,558,473,5,2,54.0,46.0,1602975.0,,,,,,,,,,,,,,,,,,,,,,,,,,,,,,,,,,,,3,2,NEO,AL-,1,7,1,3,0,0,0,3,4,NEO/NEO,True,True,2.32,0.5399999999999999
2026-08-14,Saudi Pro League,2026/2027,AL-HILAL SAUDI FC,AL-FAISALY FC,4,2,3,0,H,16,8,5,5,18,15,7,1,0,1,0,0,374,376,3,1,50.0,50.0,1602977.0,,,,,,,,,,,,,,,,,,,,,,,,,,,,,,,,,,,,6,3,AL-,AL-,3,8,1,3,0,0,0,4,5,AL-/AL-,True,True,2.83,0.31000000000000005
2026-08-14,Saudi Pro League,2026/2027,AL-ETTIFAQ,AL RIYADH,4,2,1,1,H,20,7,11,4,11,8,7,0,2,1,0,1,465,245,2,7,66.0,34.0,1602976.0,,,,,,,,,,,,,,,,,,,,,,,,,,,,,,,,,,,,6,2,AL-,AL,4,7,1,3,0,0,0,5,6,E/AL-,True,True,3.5999999999999996,-0.44000000000000006
2026-08-15,Saudi Pro League,2026/2027,AL TAAWON,AL KHALEEJ SAIHAT,0,0,0,0,D,12,9,3,6,10,14,6,4,1,3,0,0,362,336,6,3,53.0,47.0,1602978.0,,,,,,,,,,,,,,,,,,,,,,,,,,,,,,,,,,,,0,0,AL,AL,0,10,1,1,1,0,0,6,7,E/E,False,True,0.77,1.03
2026-08-15,Saudi Pro League,2026/2027,AL-ITTIHAD FC,AL KHOLOOD,1,1,1,0,D,15,11,4,5,9,13,5,3,1,1,1,0,422,436,4,3,49.0,51.0,1602979.0,,,,,,,,,,,,,,,,,,,,,,,,,,,,,,,,,,,,2,1,AL-,AL,1,8,1,1,1,0,0,8,9,AL-/E,False,False,0.6900000000000001,1.0
2026-08-15,Saudi Pro League,2026/2027,AL-NASSR,AL-FATEH,3,0,2,0,H,18,9,9,3,11,10,6,4,1,1,0,0,449,308,3,6,59.0,41.0,1602980.0,,,,,,,,,,,,,,,,,,,,,,,,,,,,,,,,,,,,3,2,AL-,AL-,1,10,1,3,0,0,0,10,11,AL-/AL-,False,False,2.82,-0.020000000000000046
2026-08-20,Saudi Pro League,2026/2027,AL-FAYHA,AL-HILAL SAUDI FC,0,3,0,1,A,8,25,3,11,8,9,1,5,1,0,0,0,382,573,7,3,40.0,60.0,1602981.0,,,,,,,,,,,,,,,,,,,,,,,,,,,,,,,,,,,,3,1,AL-,AL-,2,6,2,0,3,0,3,14,2,AL-/AL-,True,False,-0.2500000000000001,3.23
2026-08-21,Saudi Pro League,2026/2027,AL RIYADH,AL-NASSR,0,4,0,2,A,11,17,1,5,13,9,3,9,0,0,0,0,347,444,1,1,43.0,57.0,1602982.0,,,,,,,,,,,,,,,,,,,,,,,,,,,,,,,,,,,,4,2,AL,AL-,2,12,2,0,3,0,3,15,2,AL-/AL-,True,False,-0.12999999999999998,2.5900000000000003
2026-08-21,Saudi Pro League,2026/2027,AL-HAZM,AL DIRIYAH,0,1,0,1,A,5,11,2,5,8,6,4,1,2,1,0,0,444,374,4,2,55.0,45.0,1602983.0,,,,,,,,,,,,,,,,,,,,,,,,,,,,,,,,,,,,1,1,AL-,AL,0,5,2,0,3,3,0,5,11,AL/AL,False,True,0.03,2.5199999999999996
2026-08-21,Saudi Pro League,2026/2027,AL-FAISALY FC,NEOM,0,2,0,0,A,7,8,3,3,7,15,1,3,2,0,0,0,460,339,1,3,58.0,42.0,1602984.0,,,,,,,,,,,,,,,,,,,,,,,,,,,,,,,,,,,,2,0,AL-,NEO,2,4,2,0,3,0,3,14,5,E/NEO,True,False,0.08999999999999991,1.9299999999999997
2026-08-21,Saudi Pro League,2026/2027,AL-QADISIYAH FC,AL-ITTIHAD FC,0,1,0,1,A,26,5,9,2,11,8,15,1,1,2,0,1,556,295,1,8,66.0,34.0,1602985.0,,,,,,,,,,,,,,,,,,,,,,,,,,,,,,,,,,,,1,1,AL-,AL-,0,16,2,0,3,3,1,5,8,AL-/AL-,False,True,1.8799999999999997,1.1500000000000001
2026-08-22,Saudi Pro League,2026/2027,AL-FATEH,AL-ETTIFAQ,0,1,0,0,A,11,14,4,3,12,9,6,11,0,0,0,0,333,398,2,4,45.0,55.0,1602986.0,,,,,,,,,,,,,,,,,,,,,,,,,,,,,,,,,,,,1,0,AL-,AL-,1,17,2,0,3,0,3,15,5,E/AL-,True,False,0.53,2.1799999999999997
2026-08-22,Saudi Pro League,2026/2027,AL KHOLOOD,AL TAAWON,3,2,3,0,H,11,13,6,3,19,24,3,4,4,0,0,0,305,474,0,3,39.0,61.0,1602987.0,,,,,,,,,,,,,,,,,,,,,,,,,,,,,,,,,,,,5,3,AL,AL,2,7,2,3,0,1,1,9,10,AL/AL,False,False,1.92,0.2899999999999999
2026-08-22,Saudi Pro League,2026/2027,AL KHALEEJ SAIHAT,AL SHABAB,0,0,0,0,D,8,15,3,5,11,11,3,6,1,1,0,0,378,448,4,3,46.0,54.0,1602989.0,,,,,,,,,,,,,,,,,,,,,,,,,,,,,,,,,,,,0,0,AL,AL,0,9,2,1,1,1,0,10,14,E/E,False,False,0.63,1.24
2026-08-22,Saudi Pro League,2026/2027,AL-AHLI JEDDAH,ABHA,4,0,2,0,H,16,12,7,3,18,11,2,4,2,2,0,0,428,412,3,3,50.0,50.0,1602988.0,,,,,,,,,,,,,,,,,,,,,,,,,,,,,,,,,,,,4,2,AL-,ABH,2,6,2,3,0,0,0,13,14,AL-/AL-,False,False,2.2199999999999998,0.05999999999999994
2026-08-24,Saudi Pro League,2026/2027,NEOM,AL-QADISIYAH FC,0,2,0,1,A,16,9,5,3,17,11,2,2,1,1,0,0,476,448,1,5,52.0,48.0,1602990.0,,,,,,,,,,,,,,,,,,,,,,,,,,,,,,,,,,,,2,1,NEO,AL-,1,4,3,0,3,6,3,4,8,AL-/AL-,False,True,0.5599999999999999,2.16
2026-08-24,Saudi Pro League,2026/2027,AL-ITTIHAD FC,AL-HAZM,3,2,2,1,H,15,8,6,2,21,11,4,3,3,3,0,0,441,388,0,2,54.0,46.0,1602991.0,,,,,,,,,,,,,,,,,,,,,,,,,,,,,,,,,,,,5,3,AL-,AL-,2,7,3,3,0,4,3,7,10,AL-/AL-,False,False,2.1399999999999997,-0.2300000000000001
2026-08-25,Saudi Pro League,2026/2027,ABHA,AL KHALEEJ SAIHAT,1,1,1,1,D,15,8,4,1,8,6,5,2,2,1,0,0,432,397,0,3,52.0,48.0,1602992.0,,,,,,,,,,,,,,,,,,,,,,,,,,,,,,,,,,,,2,2,ABH,AL,0,7,3,1,1,0,2,17,11,E/E,False,False,1.06,0.3500000000000001
2026-08-25,Saudi Pro League,2026/2027,AL TAAWON,AL-FAYHA,0,0,0,0,D,26,12,6,5,10,8,12,3,1,1,0,0,544,348,5,6,62.0,38.0,1602993.0,,,,,,,,,,,,,,,,,,,,,,,,,,,,,,,,,,,,0,0,AL,AL-,0,15,3,1,1,1,0,12,16,E/E,False,False,1.5899999999999999,0.7600000000000001
2026-08-25,Saudi Pro League,2026/2027,AL-ETTIFAQ,AL-NASSR,2,3,2,0,A,14,14,5,9,11,10,2,6,1,1,0,1,455,290,6,3,60.0,40.0,1602994.0,,,,,,,,,,,,,,,,,,,,,,,,,,,,,,,,,,,,5,2,AL-,AL-,3,8,3,0,3,6,6,5,2,AL-/AL-,True,True,0.18000000000000002,3.0099999999999993
2026-08-25,Saudi Pro League,2026/2027,AL SHABAB,AL RIYADH,3,3,2,2,D,25,12,9,4,5,13,10,4,0,2,0,1,519,275,1,6,65.0,35.0,1602995.0,,,,,,,,,,,,,,,,,,,,,,,,,,,,,,,,,,,,6,4,AL,AL,2,14,3,1,1,1,0,13,18,E/E,False,False,2.07,0.20000000000000012
2026-08-26,Saudi Pro League,2026/2027,AL-FAISALY FC,AL-FATEH,1,1,1,1,D,12,14,4,7,12,15,2,4,4,2,1,0,326,382,6,3,46.0,54.0,1602996.0,,,,,,,,,,,,,,,,,,,,,,,,,,,,,,,,,,,,2,2,AL-,AL-,0,6,3,1,1,0,0,17,18,E/E,False,False,0.12,1.31
2026-08-26,Saudi Pro League,2026/2027,AL DIRIYAH,AL KHOLOOD,1,1,0,0,D,10,9,1,4,14,10,8,1,0,3,0,0,522,384,3,0,58.0,42.0,1602997.0,,,,,,,,,,,,,,,,,,,,,,,,,,,,,,,,,,,,2,0,AL,AL,2,9,3,1,1,3,4,9,7,E/E,False,False,0.8300000000000001,0.64
2026-08-28,Saudi Pro League,2026/2027,AL RIYADH,NEOM,1,0,0,0,H,10,12,3,3,13,9,5,5,3,1,0,0,264,550,3,2,33.0,67.0,1602998.0,,,,,,,,,,,,,,,,,,,,,,,,,,,,,,,,,,,,1,0,AL,NEO,1,10,4,3,0,1,6,18,6,E/AL,True,False,2.1499999999999995,0.35
2026-08-28,Saudi Pro League,2026/2027,AL-FAYHA,ABHA,3,2,1,0,H,18,8,6,5,8,16,5,3,0,3,0,0,444,355,3,3,56.0,44.0,1602999.0,,,,,,,,,,,,,,,,,,,,,,,,,,,,,,,,,,,,5,1,AL-,ABH,4,8,4,3,0,1,1,16,18,AL-/AL-,False,False,2.34,0.19999999999999996
2026-08-28,Saudi Pro League,2026/2027,AL KHALEEJ SAIHAT,AL-HILAL SAUDI FC,1,5,1,5,A,12,23,4,7,5,7,3,2,1,1,0,0,405,467,2,3,47.0,53.0,1603000.0,,,,,,,,,,,,,,,,,,,,,,,,,,,,,,,,,,,,6,6,AL,AL-,0,5,4,0,3,3,6,12,3,AL-/AL-,True,False,0.26,2.2899999999999996
2026-08-28,Saudi Pro League,2026/2027,AL-NASSR,AL TAAWON,2,1,1,1,H,16,5,5,2,15,8,10,4,2,1,0,0,417,310,1,3,58.0,42.0,1603001.0,,,,,,,,,,,,,,,,,,,,,,,,,,,,,,,,,,,,3,2,AL-,AL,1,14,4,3,0,9,2,2,14,E/AL-,False,True,2.3699999999999997,-0.05000000000000002
2026-08-29,Saudi Pro League,2026/2027,AL KHOLOOD,AL-AHLI JEDDAH,3,1,1,0,H,4,16,3,3,17,10,1,4,2,1,0,0,250,534,2,0,31.0,69.0,1603002.0,,,,,,,,,,,,,,,,,,,,,,,,,,,,,,,,,,,,4,1,AL,AL-,3,5,4,3,0,5,3,7,11,AL/AL,False,False,1.5699999999999998,0.3799999999999999
2026-08-29,Saudi Pro League,2026/2027,AL-FATEH,AL-ITTIHAD FC,0,0,0,0,D,11,24,7,8,10,15,1,10,3,5,0,0,323,522,8,7,37.0,63.0,1603004.0,,,,,,,,,,,,,,,,,,,,,,,,,,,,,,,,,,,,0,0,AL-,AL-,0,11,4,1,1,1,7,17,4,E/E,True,False,0.7,1.3299999999999998
2026-08-29,Saudi Pro League,2026/2027,AL-ETTIFAQ,AL DIRIYAH,0,3,0,1,A,17,16,7,7,7,7,6,6,1,1,0,0,428,365,4,7,54.0,46.0,1603003.0,,,,,,,,,,,,,,,,,,,,,,,,,,,,,,,,,,,,3,1,AL-,AL,2,12,4,0,3,6,4,6,8,AL/AL,False,True,0.78,2.78
2026-08-30,Saudi Pro League,2026/2027,AL-HAZM,AL SHABAB,1,1,0,0,D,8,11,4,6,15,11,3,8,1,3,0,1,362,444,4,3,45.0,55.0,1603005.0,,,,,,,,,,,,,,,,,,,,,,,,,,,,,,,,,,,,2,0,AL-,AL,2,11,4,1,1,3,2,12,14,E/E,False,False,0.6900000000000001,0.99
2026-08-30,Saudi Pro League,2026/2027,AL-QADISIYAH FC,AL-FAISALY FC,3,1,2,1,H,17,5,9,2,12,7,4,2,0,3,0,0,520,387,1,7,57.0,43.0,1603006.0,,,,,,,,,,,,,,,,,,,,,,,,,,,,,,,,,,,,4,3,AL-,AL-,1,6,4,3,0,6,1,6,17,AL-/AL-,False,True,2.9099999999999997,-0.43000000000000005
2026-09-01,Saudi Pro League,2026/2027,AL-HILAL SAUDI FC,AL-AHLI JEDDAH,3,0,2,0,H,12,13,6,1,14,9,3,4,2,3,0,1,421,324,1,3,56.0,44.0,1603007.0,,,,,,,,,,,,,,,,,,,,,,,,,,,,,,,,,,,,3,2,AL-,AL-,1,7,5,3,0,9,3,2,12,AL-/AL-,False,True,2.2199999999999998,-0.56
2026-09-03,Saudi Pro League,2026/2027,AL-FAYHA,AL KHOLOOD,2,2,1,1,D,10,16,4,4,12,5,3,7,0,2,0,0,350,531,2,3,39.0,61.0,1603008.0,,,,,,,,,,,,,,,,,,,,,,,,,,,,,,,,,,,,4,2,AL-,AL,2,10,5,1,1,4,8,10,4,E/E,True,False,0.9100000000000003,0.9900000000000002
2026-09-03,Saudi Pro League,2026/2027,NEOM,AL KHALEEJ SAIHAT,3,0,3,0,H,11,6,4,0,10,12,3,2,1,1,0,0,381,304,0,1,53.0,47.0,1603009.0,,,,,,,,,,,,,,,,,,,,,,,,,,,,,,,,,,,,3,3,NEO,AL,0,5,5,3,0,6,3,7,14,NEO/NEO,False,False,2.11,-0.26
2026-09-03,Saudi Pro League,2026/2027,AL DIRIYAH,AL-QADISIYAH FC,0,2,0,0,A,8,7,2,4,12,17,3,5,1,5,1,0,375,583,2,2,40.0,60.0,1603010.0,,,,,,,,,,,,,,,,,,,,,,,,,,,,,,,,,,,,2,0,AL,AL-,2,8,5,0,3,7,9,7,3,E/AL-,True,False,-0.2,1.69
2026-01-28,Serie A Brasil,2026,INTERNACIONAL,ATLETICO PARANAENSE,0,1,0,1,A,19,6,7,2,13,11,14,1,3,1,0,0,588,242,1,5,71.0,29.0,1492116.0,0.0,0.0,0.0,0.0,0.0,0.0,0.0,0.0,0.0,0.0,0.0,0.0,0.0,0.0,0.0,0.0,0.0,0.0,0.0,0.0,0.0,0.0,0.0,0.0,0.0,0.0,0.0,0.0,0.0,0.0,0.0,0.0,0.0,0.0,0.0,1,1,INT,ATM,0,15,1,0,3,0,0,1,2,ATM/ATM,True,True,1.33,1.6199999999999999
2026-01-28,Serie A Brasil,2026,VITORIA,REMO,2,0,0,0,H,20,13,7,1,13,17,4,1,2,4,0,0,311,410,1,5,42.0,58.0,1492119.0,0.0,0.0,0.0,0.0,0.0,0.0,0.0,0.0,0.0,0.0,0.0,0.0,0.0,0.0,0.0,0.0,0.0,0.0,0.0,0.0,0.0,0.0,0.0,0.0,0.0,0.0,0.0,0.0,0.0,0.0,0.0,0.0,0.0,0.0,0.0,2,0,VIT,REM,2,5,1,3,0,0,0,2,3,E/VIT,True,True,2.98,-0.6300000000000001
2026-01-28,Serie A Brasil,2026,CORITIBA,RB BRAGANTINO,0,1,0,0,A,8,28,2,10,9,19,1,5,1,6,1,1,187,462,9,2,29.0,71.0,1492114.0,0.0,0.0,0.0,0.0,0.0,0.0,0.0,0.0,0.0,0.0,0.0,0.0,0.0,0.0,0.0,0.0,0.0,0.0,0.0,0.0,0.0,0.0,0.0,0.0,0.0,0.0,0.0,0.0,0.0,0.0,0.0,0.0,0.0,0.0,0.0,1,0,COR,RB,1,6,1,0,3,0,0,3,4,E/RB,True,True,-0.6,2.78
2026-01-28,Serie A Brasil,2026,ATLETICO-MG,PALMEIRAS,2,2,1,1,D,15,14,2,7,14,20,5,7,4,2,0,0,383,338,5,1,52.0,48.0,1492110.0,0.0,0.0,0.0,0.0,0.0,0.0,0.0,0.0,0.0,0.0,0.0,0.0,0.0,0.0,0.0,0.0,0.0,0.0,0.0,0.0,0.0,0.0,0.0,0.0,0.0,0.0,0.0,0.0,0.0,0.0,0.0,0.0,0.0,0.0,0.0,4,2,ATM,PAL,2,12,1,1,1,0,0,4,5,E/E,True,True,0.15999999999999992,1.5
2026-01-28,Serie A Brasil,2026,FLUMINENSE,GREMIO,2,1,0,0,H,10,12,6,3,13,13,3,6,1,1,0,0,490,448,2,4,52.0,48.0,1492115.0,0.0,0.0,0.0,0.0,0.0,0.0,0.0,0.0,0.0,0.0,0.0,0.0,0.0,0.0,0.0,0.0,0.0,0.0,0.0,0.0,0.0,0.0,0.0,0.0,0.0,0.0,0.0,0.0,0.0,0.0,0.0,0.0,0.0,0.0,0.0,3,0,FLU,GRE,3,9,1,3,0,0,0,6,7,E/FLU,False,True,2.1799999999999997,0.2899999999999999
2026-01-28,Serie A Brasil,2026,CORINTHIANS,BAHIA,1,2,1,2,A,17,11,5,6,14,14,4,6,3,5,0,1,470,321,4,4,59.0,41.0,1492113.0,0.0,0.0,0.0,0.0,0.0,0.0,0.0,0.0,0.0,0.0,0.0,0.0,0.0,0.0,0.0,0.0,0.0,0.0,0.0,0.0,0.0,0.0,0.0,0.0,0.0,0.0,0.0,0.0,0.0,0.0,0.0,0.0,0.0,0.0,0.0,3,3,COR,BAH,0,10,1,0,3,0,0,7,8,BAH/BAH,False,False,0.22999999999999987,1.62
2026-01-28,Serie A Brasil,2026,CHAPECOENSE-SC,SANTOS,4,2,1,1,H,8,25,4,5,10,5,1,14,2,3,0,0,281,540,3,0,34.0,66.0,1492112.0,0.0,0.0,0.0,0.0,0.0,0.0,0.0,0.0,0.0,0.0,0.0,0.0,0.0,0.0,0.0,0.0,0.0,0.0,0.0,0.0,0.0,0.0,0.0,0.0,0.0,0.0,0.0,0.0,0.0,0.0,0.0,0.0,0.0,0.0,0.0,6,2,CHA,SAN,4,15,1,3,0,0,0,8,9,E/CHA,False,False,1.4200000000000002,0.9299999999999999
2026-01-29,Serie A Brasil,2026,SAO PAULO,FLAMENGO,2,1,0,0,H,10,15,4,5,14,11,2,6,0,0,0,0,379,542,4,2,41.0,59.0,1492118.0,0.0,0.0,0.0,0.0,0.0,0.0,0.0,0.0,0.0,0.0,0.0,0.0,0.0,0.0,0.0,0.0,0.0,0.0,0.0,0.0,0.0,0.0,0.0,0.0,0.0,0.0,0.0,0.0,0.0,0.0,0.0,0.0,0.0,0.0,0.0,3,0,SAO,FLA,3,8,1,3,0,0,0,9,10,E/SAO,False,False,1.83,0.81
2026-01-29,Serie A Brasil,2026,MIRASSOL,VASCO DA GAMA,2,1,1,1,H,13,13,4,5,16,10,5,5,2,1,0,0,411,463,4,3,47.0,53.0,1492117.0,0.0,0.0,0.0,0.0,0.0,0.0,0.0,0.0,0.0,0.0,0.0,0.0,0.0,0.0,0.0,0.0,0.0,0.0,0.0,0.0,0.0,0.0,0.0,0.0,0.0,0.0,0.0,0.0,0.0,0.0,0.0,0.0,0.0,0.0,0.0,3,2,MIR,VAS,1,10,1,3,0,0,0,10,11,E/MIR,False,False,1.8,0.6000000000000001
2026-01-30,Serie A Brasil,2026,BOTAFOGO,CRUZEIRO,4,0,0,0,H,10,17,5,4,10,12,3,7,1,2,0,0,380,449,4,1,46.0,54.0,1492111.0,0.0,0.0,0.0,0.0,0.0,0.0,0.0,0.0,0.0,0.0,0.0,0.0,0.0,0.0,0.0,0.0,0.0,0.0,0.0,0.0,0.0,0.0,0.0,0.0,0.0,0.0,0.0,0.0,0.0,0.0,0.0,0.0,0.0,0.0,0.0,4,0,BOT,CRU,4,10,1,3,0,0,0,11,12,E/BOT,False,False,1.9599999999999995,0.4399999999999999
2026-02-04,Serie A Brasil,2026,FLAMENGO,INTERNACIONAL,1,1,0,1,D,19,9,5,5,20,18,4,3,4,3,0,0,588,326,4,4,65.0,35.0,1492124.0,0.0,0.0,0.0,0.0,0.0,0.0,0.0,0.0,0.0,0.0,0.0,0.0,0.0,0.0,0.0,0.0,0.0,0.0,0.0,0.0,0.0,0.0,0.0,0.0,0.0,0.0,0.0,0.0,0.0,0.0,0.0,0.0,0.0,0.0,0.0,2,1,FLA,INT,1,7,2,1,1,0,0,14,16,INT/E,False,False,0.7399999999999999,0.7699999999999998
2026-02-04,Serie A Brasil,2026,RB BRAGANTINO,ATLETICO-MG,1,0,1,0,H,19,11,5,2,14,8,6,12,3,2,0,0,371,403,2,4,48.0,52.0,1492122.0,0.0,0.0,0.0,0.0,0.0,0.0,0.0,0.0,0.0,0.0,0.0,0.0,0.0,0.0,0.0,0.0,0.0,0.0,0.0,0.0,0.0,0.0,0.0,0.0,0.0,0.0,0.0,0.0,0.0,0.0,0.0,0.0,0.0,0.0,0.0,1,1,RB,ATM,0,18,2,3,0,3,1,9,10,RB/RB,False,False,1.91,0.3300000000000001
2026-02-04,Serie A Brasil,2026,SANTOS,SAO PAULO,1,1,1,0,D,12,9,3,3,15,21,7,4,5,1,0,0,394,391,2,2,51.0,49.0,1492128.0,0.0,0.0,0.0,0.0,0.0,0.0,0.0,0.0,0.0,0.0,0.0,0.0,0.0,0.0,0.0,0.0,0.0,0.0,0.0,0.0,0.0,0.0,0.0,0.0,0.0,0.0,0.0,0.0,0.0,0.0,0.0,0.0,0.0,0.0,0.0,2,1,SAN,SAO,1,11,2,1,1,0,3,18,7,SAN/E,False,False,0.5699999999999998,0.76
2026-02-04,Serie A Brasil,2026,REMO,MIRASSOL,2,2,2,0,D,18,8,7,5,15,9,4,4,2,2,0,0,277,486,3,5,36.0,64.0,1492127.0,0.0,0.0,0.0,0.0,0.0,0.0,0.0,0.0,0.0,0.0,0.0,0.0,0.0,0.0,0.0,0.0,0.0,0.0,0.0,0.0,0.0,0.0,0.0,0.0,0.0,0.0,0.0,0.0,0.0,0.0,0.0,0.0,0.0,0.0,0.0,4,2,REM,MIR,2,8,2,1,1,0,3,19,8,REM/E,False,False,1.22,0.8199999999999998
2026-02-05,Serie A Brasil,2026,PALMEIRAS,VITORIA,5,1,3,0,H,17,9,8,4,13,16,6,4,1,4,0,0,426,285,2,2,60.0,40.0,1492126.0,0.0,0.0,0.0,0.0,0.0,0.0,0.0,0.0,0.0,0.0,0.0,0.0,0.0,0.0,0.0,0.0,0.0,0.0,0.0,0.0,0.0,0.0,0.0,0.0,0.0,0.0,0.0,0.0,0.0,0.0,0.0,0.0,0.0,0.0,0.0,6,3,PAL,VIT,3,10,2,3,0,1,3,10,6,PAL/PAL,True,False,3.1199999999999997,-0.12000000000000005
2026-02-05,Serie A Brasil,2026,GREMIO,BOTAFOGO,5,3,1,2,H,14,9,8,4,13,16,4,2,0,3,0,0,356,471,1,3,44.0,56.0,1492125.0,0.0,0.0,0.0,0.0,0.0,0.0,0.0,0.0,0.0,0.0,0.0,0.0,0.0,0.0,0.0,0.0,0.0,0.0,0.0,0.0,0.0,0.0,0.0,0.0,0.0,0.0,0.0,0.0,0.0,0.0,0.0,0.0,0.0,0.0,0.0,8,3,GRE,BOT,5,6,2,3,0,0,3,16,5,BOT/GRE,True,False,3.16,-0.08000000000000013
2026-02-05,Serie A Brasil,2026,BAHIA,FLUMINENSE,1,1,0,1,D,19,13,6,4,12,13,6,4,0,3,1,0,350,512,3,5,42.0,58.0,1492121.0,0.0,0.0,0.0,0.0,0.0,0.0,0.0,0.0,0.0,0.0,0.0,0.0,0.0,0.0,0.0,0.0,0.0,0.0,0.0,0.0,0.0,0.0,0.0,0.0,0.0,0.0,0.0,0.0,0.0,0.0,0.0,0.0,0.0,0.0,0.0,2,1,BAH,FLU,1,10,2,1,1,3,3,9,8,FLU/E,False,False,1.17,0.58
2026-02-05,Serie A Brasil,2026,VASCO DA GAMA,CHAPECOENSE-SC,1,1,0,0,D,30,7,13,1,15,11,14,0,0,0,0,0,572,289,0,10,67.0,33.0,1492129.0,0.0,0.0,0.0,0.0,0.0,0.0,0.0,0.0,0.0,0.0,0.0,0.0,0.0,0.0,0.0,0.0,0.0,0.0,0.0,0.0,0.0,0.0,0.0,0.0,0.0,0.0,0.0,0.0,0.0,0.0,0.0,0.0,0.0,0.0,0.0,2,0,VAS,CHA,2,14,2,1,1,0,3,18,8,E/E,False,False,3.1000000000000005,-0.28
2026-02-06,Serie A Brasil,2026,CRUZEIRO,CORITIBA,1,2,1,1,A,19,10,4,2,9,17,12,2,3,2,0,0,551,270,0,3,68.0,32.0,1492123.0,0.0,0.0,0.0,0.0,0.0,0.0,0.0,0.0,0.0,0.0,0.0,0.0,0.0,0.0,0.0,0.0,0.0,0.0,0.0,0.0,0.0,0.0,0.0,0.0,0.0,0.0,0.0,0.0,0.0,0.0,0.0,0.0,0.0,0.0,0.0,3,2,CRU,COR,1,14,2,0,3,0,0,20,19,E/COR,False,False,0.76,1.2600000000000002
2026-02-11,Serie A Brasil,2026,VITORIA,FLAMENGO,1,2,0,2,A,10,6,3,2,12,21,7,2,3,4,0,0,330,438,0,2,44.0,56.0,1492139.0,0.0,0.0,0.0,0.0,0.0,0.0,0.0,0.0,0.0,0.0,0.0,0.0,0.0,0.0,0.0,0.0,0.0,0.0,0.0,0.0,0.0,0.0,0.0,0.0,0.0,0.0,0.0,0.0,0.0,0.0,0.0,0.0,0.0,0.0,0.0,3,2,VIT,FLA,1,9,3,0,3,3,1,12,14,FLA/FLA,False,False,0.3599999999999999,1.21
2026-02-11,Serie A Brasil,2026,CHAPECOENSE-SC,CORITIBA,3,3,1,1,D,21,13,8,5,4,8,6,5,2,1,0,0,436,424,2,5,51.0,49.0,1492132.0,0.0,0.0,0.0,0.0,0.0,0.0,0.0,0.0,0.0,0.0,0.0,0.0,0.0,0.0,0.0,0.0,0.0,0.0,0.0,0.0,0.0,0.0,0.0,0.0,0.0,0.0,0.0,0.0,0.0,0.0,0.0,0.0,0.0,0.0,0.0,6,2,CHA,COR,4,11,3,1,1,4,3,3,12,E/E,False,True,1.45,0.8800000000000001
2026-02-11,Serie A Brasil,2026,MIRASSOL,CRUZEIRO,2,2,1,1,D,18,9,10,4,12,10,9,0,4,2,1,0,394,324,2,9,56.0,44.0,1492136.0,0.0,0.0,0.0,0.0,0.0,0.0,0.0,0.0,0.0,0.0,0.0,0.0,0.0,0.0,0.0,0.0,0.0,0.0,0.0,0.0,0.0,0.0,0.0,0.0,0.0,0.0,0.0,0.0,0.0,0.0,0.0,0.0,0.0,0.0,0.0,4,2,MIR,CRU,2,9,3,1,1,4,0,4,20,E/E,False,True,1.6,0.22000000000000008
2026-02-11,Serie A Brasil,2026,ATLETICO-MG,REMO,3,3,1,1,D,18,18,8,6,10,14,6,5,0,2,0,0,483,330,3,5,59.0,41.0,1492131.0,0.0,0.0,0.0,0.0,0.0,0.0,0.0,0.0,0.0,0.0,0.0,0.0,0.0,0.0,0.0,0.0,0.0,0.0,0.0,0.0,0.0,0.0,0.0,0.0,0.0,0.0,0.0,0.0,0.0,0.0,0.0,0.0,0.0,0.0,0.0,6,2,ATM,REM,4,11,3,1,1,1,1,14,18,E/E,False,False,1.5999999999999999,0.9299999999999999
2026-02-12,Serie A Brasil,2026,SAO PAULO,GREMIO,2,0,1,0,H,18,5,4,1,11,16,3,3,2,4,0,1,516,381,1,2,58.0,42.0,1492137.0,0.0,0.0,0.0,0.0,0.0,0.0,0.0,0.0,0.0,0.0,0.0,0.0,0.0,0.0,0.0,0.0,0.0,0.0,0.0,0.0,0.0,0.0,0.0,0.0,0.0,0.0,0.0,0.0,0.0,0.0,0.0,0.0,0.0,0.0,0.0,2,1,SAO,GRE,1,6,3,3,0,4,3,7,11,SAO/SAO,False,False,1.9400000000000002,-0.61
2026-02-12,Serie A Brasil,2026,VASCO DA GAMA,BAHIA,0,1,0,1,A,26,8,4,3,15,14,8,4,5,5,0,0,466,302,2,4,62.0,38.0,1492138.0,0.0,0.0,0.0,0.0,0.0,0.0,0.0,0.0,0.0,0.0,0.0,0.0,0.0,0.0,0.0,0.0,0.0,0.0,0.0,0.0,0.0,0.0,0.0,0.0,0.0,0.0,0.0,0.0,0.0,0.0,0.0,0.0,0.0,0.0,0.0,1,1,VAS,BAH,0,12,3,0,3,1,4,16,7,BAH/BAH,False,False,0.27,1.29
2026-02-12,Serie A Brasil,2026,ATLETICO PARANAENSE,SANTOS,2,1,1,1,H,12,10,5,5,15,15,8,2,1,3,0,0,399,307,4,3,57.0,43.0,1492130.0,0.0,0.0,0.0,0.0,0.0,0.0,0.0,0.0,0.0,0.0,0.0,0.0,0.0,0.0,0.0,0.0,0.0,0.0,0.0,0.0,0.0,0.0,0.0,0.0,0.0,0.0,0.0,0.0,0.0,0.0,0.0,0.0,0.0,0.0,0.0,3,2,ATM,SAN,1,10,3,3,0,3,1,11,17,E/ATM,False,False,2.26,0.1399999999999999
2026-02-12,Serie A Brasil,2026,FLUMINENSE,BOTAFOGO,1,0,0,0,H,10,5,5,3,18,11,4,0,5,3,1,0,332,351,3,4,49.0,51.0,1492134.0,0.0,0.0,0.0,0.0,0.0,0.0,0.0,0.0,0.0,0.0,0.0,0.0,0.0,0.0,0.0,0.0,0.0,0.0,0.0,0.0,0.0,0.0,0.0,0.0,0.0,0.0,0.0,0.0,0.0,0.0,0.0,0.0,0.0,0.0,0.0,1,0,FLU,BOT,1,4,3,3,0,4,3,8,11,E/FLU,False,False,1.5500000000000003,-0.1800000000000001
2026-02-12,Serie A Brasil,2026,CORINTHIANS,RB BRAGANTINO,2,0,0,0,H,13,9,5,4,17,24,3,3,4,4,0,0,458,292,4,3,61.0,39.0,1492133.0,0.0,0.0,0.0,0.0,0.0,0.0,0.0,0.0,0.0,0.0,0.0,0.0,0.0,0.0,0.0,0.0,0.0,0.0,0.0,0.0,0.0,0.0,0.0,0.0,0.0,0.0,0.0,0.0,0.0,0.0,0.0,0.0,0.0,0.0,0.0,2,0,COR,RB,2,6,3,3,0,0,6,20,5,E/COR,True,False,2.2399999999999998,0.03999999999999998
2026-02-13,Serie A Brasil,2026,INTERNACIONAL,PALMEIRAS,1,3,1,1,A,26,11,4,7,13,8,16,4,1,1,0,0,473,302,4,3,62.0,38.0,1492135.0,0.0,0.0,0.0,0.0,0.0,0.0,0.0,0.0,0.0,0.0,0.0,0.0,0.0,0.0,0.0,0.0,0.0,0.0,0.0,0.0,0.0,0.0,0.0,0.0,0.0,0.0,0.0,0.0,0.0,0.0,0.0,0.0,0.0,0.0,0.0,4,2,INT,PAL,2,20,3,0,3,1,4,17,8,E/PAL,False,False,0.8700000000000001,2.13
2026-02-19,Serie A Brasil,2026,ATLETICO PARANAENSE,CORINTHIANS,0,1,0,1,A,19,4,5,1,15,10,8,0,3,4,0,0,438,355,0,4,56.0,44.0,1492120.0,0.0,0.0,0.0,0.0,0.0,0.0,0.0,0.0,0.0,0.0,0.0,0.0,0.0,0.0,0.0,0.0,0.0,0.0,0.0,0.0,0.0,0.0,0.0,0.0,0.0,0.0,0.0,0.0,0.0,0.0,0.0,0.0,0.0,0.0,0.0,1,1,ATM,COR,0,8,4,0,3,6,3,5,12,COR/COR,False,True,0.8,1.3399999999999999
2026-02-25,Serie A Brasil,2026,RB BRAGANTINO,ATLETICO PARANAENSE,1,1,1,0,D,7,18,3,6,18,16,2,7,5,2,2,0,249,381,5,2,39.0,61.0,1492142.0,0.0,0.0,0.0,0.0,0.0,0.0,0.0,0.0,0.0,0.0,0.0,0.0,0.0,0.0,0.0,0.0,0.0,0.0,0.0,0.0,0.0,0.0,0.0,0.0,0.0,0.0,0.0,0.0,0.0,0.0,0.0,0.0,0.0,0.0,0.0,2,1,RB,ATM,1,9,5,1,1,6,6,7,6,RB/E,True,False,-0.3900000000000001,1.36
2026-02-25,Serie A Brasil,2026,REMO,INTERNACIONAL,1,1,1,1,D,12,18,7,4,16,14,8,12,5,1,0,0,320,459,3,5,42.0,58.0,1492148.0,0.0,0.0,0.0,0.0,0.0,0.0,0.0,0.0,0.0,0.0,0.0,0.0,0.0,0.0,0.0,0.0,0.0,0.0,0.0,0.0,0.0,0.0,0.0,0.0,0.0,0.0,0.0,0.0,0.0,0.0,0.0,0.0,0.0,0.0,0.0,2,2,REM,INT,0,20,5,1,1,2,1,16,19,E/E,False,False,1.01,1.09
2026-02-25,Serie A Brasil,2026,CORITIBA,SAO PAULO,0,1,0,0,A,18,9,2,5,5,19,3,7,4,3,0,0,344,493,5,2,42.0,58.0,1492143.0,0.0,0.0,0.0,0.0,0.0,0.0,0.0,0.0,0.0,0.0,0.0,0.0,0.0,0.0,0.0,0.0,0.0,0.0,0.0,0.0,0.0,0.0,0.0,0.0,0.0,0.0,0.0,0.0,0.0,0.0,0.0,0.0,0.0,0.0,0.0,1,0,COR,SAO,1,10,4,0,3,4,7,10,2,E/SAO,True,False,-0.34,2.1399999999999997
2026-02-25,Serie A Brasil,2026,CRUZEIRO,CORINTHIANS,1,1,1,0,D,11,4,3,2,15,14,5,3,3,3,1,0,356,385,1,2,48.0,52.0,1492144.0,0.0,0.0,0.0,0.0,0.0,0.0,0.0,0.0,0.0,0.0,0.0,0.0,0.0,0.0,0.0,0.0,0.0,0.0,0.0,0.0,0.0,0.0,0.0,0.0,0.0,0.0,0.0,0.0,0.0,0.0,0.0,0.0,0.0,0.0,0.0,2,1,CRU,COR,1,8,5,1,1,1,6,20,7,CRU/E,False,False,0.49,0.4
2026-02-26,Serie A Brasil,2026,PALMEIRAS,FLUMINENSE,2,1,2,1,H,13,18,6,7,16,16,5,11,3,4,0,0,311,577,6,5,35.0,65.0,1492147.0,0.0,0.0,0.0,0.0,0.0,0.0,0.0,0.0,0.0,0.0,0.0,0.0,0.0,0.0,0.0,0.0,0.0,0.0,0.0,0.0,0.0,0.0,0.0,0.0,0.0,0.0,0.0,0.0,0.0,0.0,0.0,0.0,0.0,0.0,0.0,3,3,PAL,FLU,0,16,5,3,0,7,7,2,4,PAL/PAL,True,True,2.2799999999999994,0.7999999999999999
2026-02-26,Serie A Brasil,2026,GREMIO,ATLETICO-MG,2,1,0,0,H,18,8,7,2,14,5,6,3,4,1,0,1,476,282,1,5,63.0,37.0,1492146.0,0.0,0.0,0.0,0.0,0.0,0.0,0.0,0.0,0.0,0.0,0.0,0.0,0.0,0.0,0.0,0.0,0.0,0.0,0.0,0.0,0.0,0.0,0.0,0.0,0.0,0.0,0.0,0.0,0.0,0.0,0.0,0.0,0.0,0.0,0.0,3,0,GRE,ATM,3,9,5,3,0,3,2,13,16,E/GRE,False,False,2.29,-0.37
2026-02-26,Serie A Brasil,2026,SANTOS,VASCO DA GAMA,2,1,1,1,H,8,16,4,2,19,17,5,2,1,1,0,0,311,454,1,2,41.0,59.0,1492149.0,0.0,0.0,0.0,0.0,0.0,0.0,0.0,0.0,0.0,0.0,0.0,0.0,0.0,0.0,0.0,0.0,0.0,0.0,0.0,0.0,0.0,0.0,0.0,0.0,0.0,0.0,0.0,0.0,0.0,0.0,0.0,0.0,0.0,0.0,0.0,3,2,SAN,VAS,1,7,5,3,0,1,1,20,19,E/SAN,False,False,2.11,-2.7755575615628914e-17
2026-03-11,Serie A Brasil,2026,MIRASSOL,SANTOS,2,2,1,0,D,20,16,9,2,9,7,6,7,2,2,0,0,439,359,0,6,54.0,46.0,1492156.0,0.0,0.0,0.0,0.0,0.0,0.0,0.0,0.0,0.0,0.0,0.0,0.0,0.0,0.0,0.0,0.0,0.0,0.0,0.0,0.0,0.0,0.0,0.0,0.0,0.0,0.0,0.0,0.0,0.0,0.0,0.0,0.0,0.0,0.0,0.0,4,1,MIR,SAN,3,13,6,1,1,5,4,10,13,MIR/E,False,False,1.7099999999999997,0.38000000000000006
2026-03-11,Serie A Brasil,2026,ATLETICO-MG,INTERNACIONAL,1,0,1,0,H,7,19,3,7,16,20,2,14,2,2,0,0,285,499,7,2,35.0,65.0,1492151.0,0.0,0.0,0.0,0.0,0.0,0.0,0.0,0.0,0.0,0.0,0.0,0.0,0.0,0.0,0.0,0.0,0.0,0.0,0.0,0.0,0.0,0.0,0.0,0.0,0.0,0.0,0.0,0.0,0.0,0.0,0.0,0.0,0.0,0.0,0.0,1,1,ATM,INT,0,16,6,3,0,2,2,17,18,ATM/ATM,False,False,1.22,1.36
2026-03-11,Serie A Brasil,2026,BAHIA,VITORIA,1,1,1,1,D,13,6,7,2,17,19,7,3,1,1,0,0,482,287,1,6,63.0,37.0,1492152.0,0.0,0.0,0.0,0.0,0.0,0.0,0.0,0.0,0.0,0.0,0.0,0.0,0.0,0.0,0.0,0.0,0.0,0.0,0.0,0.0,0.0,0.0,0.0,0.0,0.0,0.0,0.0,0.0,0.0,0.0,0.0,0.0,0.0,0.0,0.0,2,2,BAH,VIT,0,10,6,1,1,7,3,4,17,E/E,False,True,1.64,0.3600000000000001
2026-03-12,Serie A Brasil,2026,FLAMENGO,CRUZEIRO,2,0,1,0,H,15,13,7,4,19,13,4,7,2,2,0,0,394,494,4,4,44.0,56.0,1492154.0,0.0,0.0,0.0,0.0,0.0,0.0,0.0,0.0,0.0,0.0,0.0,0.0,0.0,0.0,0.0,0.0,0.0,0.0,0.0,0.0,0.0,0.0,0.0,0.0,0.0,0.0,0.0,0.0,0.0,0.0,0.0,0.0,0.0,0.0,0.0,2,1,FLA,CRU,1,11,6,3,0,4,2,13,19,FLA/FLA,False,False,2.2099999999999995,0.32
2026-03-12,Serie A Brasil,2026,CORINTHIANS,CORITIBA,0,2,0,1,A,11,4,1,2,15,18,8,6,2,2,0,0,552,210,0,1,73.0,27.0,1492153.0,0.0,0.0,0.0,0.0,0.0,0.0,0.0,0.0,0.0,0.0,0.0,0.0,0.0,0.0,0.0,0.0,0.0,0.0,0.0,0.0,0.0,0.0,0.0,0.0,0.0,0.0,0.0,0.0,0.0,0.0,0.0,0.0,0.0,0.0,0.0,2,1,COR,COR,1,14,6,0,3,7,4,5,14,COR/COR,False,True,0.13,2.19
2026-03-12,Serie A Brasil,2026,REMO,FLUMINENSE,0,2,0,1,A,10,15,3,7,11,14,6,4,2,1,0,0,304,659,5,3,33.0,67.0,1492157.0,0.0,0.0,0.0,0.0,0.0,0.0,0.0,0.0,0.0,0.0,0.0,0.0,0.0,0.0,0.0,0.0,0.0,0.0,0.0,0.0,0.0,0.0,0.0,0.0,0.0,0.0,0.0,0.0,0.0,0.0,0.0,0.0,0.0,0.0,0.0,2,1,REM,FLU,1,10,6,0,3,3,7,17,6,FLU/FLU,True,False,0.11999999999999994,2.38
2026-03-12,Serie A Brasil,2026,VASCO DA GAMA,PALMEIRAS,2,1,0,1,H,17,8,6,3,6,18,9,5,2,2,0,0,439,438,2,4,50.0,50.0,1492159.0,0.0,0.0,0.0,0.0,0.0,0.0,0.0,0.0,0.0,0.0,0.0,0.0,0.0,0.0,0.0,0.0,0.0,0.0,0.0,0.0,0.0,0.0,0.0,0.0,0.0,0.0,0.0,0.0,0.0,0.0,0.0,0.0,0.0,0.0,0.0,3,1,VAS,PAL,2,14,6,3,0,1,10,20,1,PAL/VAS,True,False,2.9,0.019999999999999907
2026-03-12,Serie A Brasil,2026,SAO PAULO,CHAPECOENSE-SC,2,0,0,0,H,18,7,7,1,13,12,11,6,0,1,0,0,486,286,1,5,63.0,37.0,1492158.0,0.0,0.0,0.0,0.0,0.0,0.0,0.0,0.0,0.0,0.0,0.0,0.0,0.0,0.0,0.0,0.0,0.0,0.0,0.0,0.0,0.0,0.0,0.0,0.0,0.0,0.0,0.0,0.0,0.0,0.0,0.0,0.0,0.0,0.0,0.0,2,0,SAO,CHA,2,17,6,3,0,10,5,2,12,E/SAO,False,True,2.9299999999999997,-0.22
2026-03-13,Serie A Brasil,2026,GREMIO,RB BRAGANTINO,1,1,1,0,D,13,20,6,8,13,13,4,6,2,4,0,0,267,436,7,4,39.0,61.0,1492155.0,0.0,0.0,0.0,0.0,0.0,0.0,0.0,0.0,0.0,0.0,0.0,0.0,0.0,0.0,0.0,0.0,0.0,0.0,0.0,0.0,0.0,0.0,0.0,0.0,0.0,0.0,0.0,0.0,0.0,0.0,0.0,0.0,0.0,0.0,0.0,2,1,GRE,RB,1,10,6,1,1,6,7,11,9,GRE/E,False,False,0.8800000000000001,1.2199999999999998
2026-03-14,Serie A Brasil,2026,VITORIA,ATLETICO-MG,2,0,1,0,H,9,12,4,3,18,13,4,10,2,3,0,0,244,487,3,2,33.0,67.0,1492169.0,0.0,0.0,0.0,0.0,0.0,0.0,0.0,0.0,0.0,0.0,0.0,0.0,0.0,0.0,0.0,0.0,0.0,0.0,0.0,0.0,0.0,0.0,0.0,0.0,0.0,0.0,0.0,0.0,0.0,0.0,0.0,0.0,0.0,0.0,0.0,2,1,VIT,ATM,1,14,7,3,0,4,5,16,13,VIT/VIT,False,False,1.7500000000000004,0.37
2026-03-14,Serie A Brasil,2026,BOTAFOGO,FLAMENGO,0,3,0,2,A,7,18,1,6,16,10,2,4,3,2,1,0,419,578,3,1,42.0,58.0,1492160.0,0.0,0.0,0.0,0.0,0.0,0.0,0.0,0.0,0.0,0.0,0.0,0.0,0.0,0.0,0.0,0.0,0.0,0.0,0.0,0.0,0.0,0.0,0.0,0.0,0.0,0.0,0.0,0.0,0.0,0.0,0.0,0.0,0.0,0.0,0.0,3,2,BOT,FLA,1,6,7,0,3,3,7,17,6,FLA/FLA,True,False,-0.6800000000000002,2.31
2026-03-15,Serie A Brasil,2026,INTERNACIONAL,BAHIA,0,1,0,1,A,14,7,2,1,20,20,7,1,3,2,0,0,380,359,1,2,53.0,47.0,1492166.0,0.0,0.0,0.0,0.0,0.0,0.0,0.0,0.0,0.0,0.0,0.0,0.0,0.0,0.0,0.0,0.0,0.0,0.0,0.0,0.0,0.0,0.0,0.0,0.0,0.0,0.0,0.0,0.0,0.0,0.0,0.0,0.0,0.0,0.0,0.0,1,1,INT,BAH,0,8,7,0,3,2,8,19,5,BAH/BAH,True,False,0.28,1.26
2026-03-15,Serie A Brasil,2026,FLUMINENSE,ATLETICO PARANAENSE,3,2,2,1,H,24,4,10,2,14,9,7,1,2,3,0,1,680,183,0,7,79.0,21.0,1492165.0,0.0,0.0,0.0,0.0,0.0,0.0,0.0,0.0,0.0,0.0,0.0,0.0,0.0,0.0,0.0,0.0,0.0,0.0,0.0,0.0,0.0,0.0,0.0,0.0,0.0,0.0,0.0,0.0,0.0,0.0,0.0,0.0,0.0,0.0,0.0,5,3,FLU,ATM,2,8,7,3,0,10,7,5,8,FLU/FLU,False,True,3.03,-0.8400000000000001
2026-03-15,Serie A Brasil,2026,SANTOS,CORINTHIANS,1,1,1,1,D,11,10,4,3,20,15,4,6,5,2,1,0,299,383,2,3,44.0,56.0,1492168.0,0.0,0.0,0.0,0.0,0.0,0.0,0.0,0.0,0.0,0.0,0.0,0.0,0.0,0.0,0.0,0.0,0.0,0.0,0.0,0.0,0.0,0.0,0.0,0.0,0.0,0.0,0.0,0.0,0.0,0.0,0.0,0.0,0.0,0.0,0.0,2,2,SAN,COR,0,10,7,1,1,5,7,14,10,E/E,False,False,0.28000000000000025,0.77
2026-03-15,Serie A Brasil,2026,PALMEIRAS,MIRASSOL,1,0,1,0,H,11,12,4,2,14,17,2,4,1,4,0,0,360,469,2,3,43.0,57.0,1492167.0,0.0,0.0,0.0,0.0,0.0,0.0,0.0,0.0,0.0,0.0,0.0,0.0,0.0,0.0,0.0,0.0,0.0,0.0,0.0,0.0,0.0,0.0,0.0,0.0,0.0,0.0,0.0,0.0,0.0,0.0,0.0,0.0,0.0,0.0,0.0,1,1,PAL,MIR,0,6,7,3,0,10,6,4,12,PAL/PAL,False,True,1.92,-0.14
2026-03-15,Serie A Brasil,2026,CORITIBA,REMO,1,0,1,0,H,8,14,4,1,13,11,4,6,2,3,0,0,289,384,1,3,42.0,58.0,1492163.0,0.0,0.0,0.0,0.0,0.0,0.0,0.0,0.0,0.0,0.0,0.0,0.0,0.0,0.0,0.0,0.0,0.0,0.0,0.0,0.0,0.0,0.0,0.0,0.0,0.0,0.0,0.0,0.0,0.0,0.0,0.0,0.0,0.0,0.0,0.0,1,1,COR,REM,0,10,7,3,0,7,3,8,18,COR/COR,False,False,1.9300000000000004,-0.13000000000000006
2026-03-15,Serie A Brasil,2026,CRUZEIRO,VASCO DA GAMA,3,3,1,0,D,20,15,6,7,9,11,5,4,1,2,0,1,459,315,2,3,60.0,40.0,1492164.0,0.0,0.0,0.0,0.0,0.0,0.0,0.0,0.0,0.0,0.0,0.0,0.0,0.0,0.0,0.0,0.0,0.0,0.0,0.0,0.0,0.0,0.0,0.0,0.0,0.0,0.0,0.0,0.0,0.0,0.0,0.0,0.0,0.0,0.0,0.0,6,1,CRU,VAS,5,9,7,1,1,2,4,20,16,CRU/E,False,False,1.1199999999999997,0.8999999999999999
2026-03-15,Serie A Brasil,2026,RB BRAGANTINO,SAO PAULO,1,2,1,0,A,13,4,3,3,18,13,6,4,4,4,0,0,318,328,1,2,50.0,50.0,1492161.0,0.0,0.0,0.0,0.0,0.0,0.0,0.0,0.0,0.0,0.0,0.0,0.0,0.0,0.0,0.0,0.0,0.0,0.0,0.0,0.0,0.0,0.0,0.0,0.0,0.0,0.0,0.0,0.0,0.0,0.0,0.0,0.0,0.0,0.0,0.0,3,1,RB,SAO,2,10,7,0,3,8,13,8,2,RB/SAO,True,False,0.12,1.48
2026-03-16,Serie A Brasil,2026,CHAPECOENSE-SC,GREMIO,1,1,1,1,D,11,13,1,4,16,10,4,5,3,3,0,0,290,574,3,0,35.0,65.0,1492162.0,0.0,0.0,0.0,0.0,0.0,0.0,0.0,0.0,0.0,0.0,0.0,0.0,0.0,0.0,0.0,0.0,0.0,0.0,0.0,0.0,0.0,0.0,0.0,0.0,0.0,0.0,0.0,0.0,0.0,0.0,0.0,0.0,0.0,0.0,0.0,2,2,CHA,GRE,0,9,7,1,1,5,7,14,9,E/E,False,False,0.25,0.9199999999999999
2026-03-18,Serie A Brasil,2026,BAHIA,RB BRAGANTINO,2,0,2,0,H,15,16,9,3,15,16,7,7,3,1,0,0,457,333,3,6,57.0,43.0,1492172.0,0.0,0.0,0.0,0.0,0.0,0.0,0.0,0.0,0.0,0.0,0.0,0.0,0.0,0.0,0.0,0.0,0.0,0.0,0.0,0.0,0.0,0.0,0.0,0.0,0.0,0.0,0.0,0.0,0.0,0.0,0.0,0.0,0.0,0.0,0.0,2,2,BAH,RB,0,14,8,3,0,11,8,4,9,BAH/BAH,False,True,2.6099999999999994,0.10999999999999996
2026-03-18,Serie A Brasil,2026,PALMEIRAS,BOTAFOGO,2,1,1,0,H,19,6,6,3,13,13,6,1,1,2,0,1,401,368,2,5,52.0,48.0,1492177.0,0.0,0.0,0.0,0.0,0.0,0.0,0.0,0.0,0.0,0.0,0.0,0.0,0.0,0.0,0.0,0.0,0.0,0.0,0.0,0.0,0.0,0.0,0.0,0.0,0.0,0.0,0.0,0.0,0.0,0.0,0.0,0.0,0.0,0.0,0.0,3,1,PAL,BOT,2,7,8,3,0,13,3,3,17,PAL/PAL,False,True,2.4299999999999997,-0.3700000000000001
2026-03-18,Serie A Brasil,2026,ATLETICO PARANAENSE,CRUZEIRO,2,1,2,0,H,8,11,4,2,26,20,4,6,2,3,0,0,392,410,1,2,49.0,51.0,1492170.0,0.0,0.0,0.0,0.0,0.0,0.0,0.0,0.0,0.0,0.0,0.0,0.0,0.0,0.0,0.0,0.0,0.0,0.0,0.0,0.0,0.0,0.0,0.0,0.0,0.0,0.0,0.0,0.0,0.0,0.0,0.0,0.0,0.0,0.0,0.0,3,2,ATM,CRU,1,10,8,3,0,7,3,10,19,ATM/ATM,False,False,1.8800000000000001,0.019999999999999962
2026-03-18,Serie A Brasil,2026,ATLETICO-MG,SAO PAULO,1,0,0,0,H,13,12,4,3,16,17,4,1,1,1,0,0,239,584,3,3,30.0,70.0,1492171.0,0.0,0.0,0.0,0.0,0.0,0.0,0.0,0.0,0.0,0.0,0.0,0.0,0.0,0.0,0.0,0.0,0.0,0.0,0.0,0.0,0.0,0.0,0.0,0.0,0.0,0.0,0.0,0.0,0.0,0.0,0.0,0.0,0.0,0.0,0.0,1,0,ATM,SAO,1,5,8,3,0,5,16,16,2,E/ATM,True,False,2.5300000000000002,0.11999999999999991
2026-03-18,Serie A Brasil,2026,MIRASSOL,CORITIBA,0,1,0,0,A,21,14,6,4,8,11,7,2,2,2,0,0,592,275,3,6,69.0,31.0,1492176.0,0.0,0.0,0.0,0.0,0.0,0.0,0.0,0.0,0.0,0.0,0.0,0.0,0.0,0.0,0.0,0.0,0.0,0.0,0.0,0.0,0.0,0.0,0.0,0.0,0.0,0.0,0.0,0.0,0.0,0.0,0.0,0.0,0.0,0.0,0.0,1,0,MIR,COR,1,9,8,0,3,6,10,14,6,E/COR,True,False,0.81,1.5600000000000003
2026-03-19,Serie A Brasil,2026,SANTOS,INTERNACIONAL,1,2,0,0,A,11,17,2,6,6,12,3,8,4,3,0,0,441,282,6,1,61.0,39.0,1492178.0,0.0,0.0,0.0,0.0,0.0,0.0,0.0,0.0,0.0,0.0,0.0,0.0,0.0,0.0,0.0,0.0,0.0,0.0,0.0,0.0,0.0,0.0,0.0,0.0,0.0,0.0,0.0,0.0,0.0,0.0,0.0,0.0,0.0,0.0,0.0,3,0,SAN,INT,3,11,8,0,3,6,2,15,20,E/INT,False,False,-0.41000000000000003,2.34
2026-03-19,Serie A Brasil,2026,VASCO DA GAMA,FLUMINENSE,3,2,0,1,H,16,14,6,5,9,10,5,5,2,0,0,0,400,382,3,3,52.0,48.0,1492179.0,0.0,0.0,0.0,0.0,0.0,0.0,0.0,0.0,0.0,0.0,0.0,0.0,0.0,0.0,0.0,0.0,0.0,0.0,0.0,0.0,0.0,0.0,0.0,0.0,0.0,0.0,0.0,0.0,0.0,0.0,0.0,0.0,0.0,0.0,0.0,5,1,VAS,FLU,4,10,8,3,0,5,13,16,4,FLU/VAS,True,False,2.5999999999999996,0.6
2026-03-19,Serie A Brasil,2026,GREMIO,VITORIA,2,0,1,0,H,16,8,5,1,15,17,4,5,1,3,0,0,351,454,0,3,44.0,56.0,1492175.0,0.0,0.0,0.0,0.0,0.0,0.0,0.0,0.0,0.0,0.0,0.0,0.0,0.0,0.0,0.0,0.0,0.0,0.0,0.0,0.0,0.0,0.0,0.0,0.0,0.0,0.0,0.0,0.0,0.0,0.0,0.0,0.0,0.0,0.0,0.0,2,1,GRE,VIT,1,9,8,3,0,8,7,8,13,GRE/GRE,False,False,2.2,-0.23000000000000004
2026-03-19,Serie A Brasil,2026,FLAMENGO,REMO,3,0,1,0,H,11,7,3,1,15,11,7,2,2,2,0,0,680,365,1,0,65.0,35.0,1492174.0,0.0,0.0,0.0,0.0,0.0,0.0,0.0,0.0,0.0,0.0,0.0,0.0,0.0,0.0,0.0,0.0,0.0,0.0,0.0,0.0,0.0,0.0,0.0,0.0,0.0,0.0,0.0,0.0,0.0,0.0,0.0,0.0,0.0,0.0,0.0,3,1,FLA,REM,2,9,8,3,0,10,3,7,19,FLA/FLA,False,False,2.01,-0.24000000000000005
2026-03-20,Serie A Brasil,2026,CHAPECOENSE-SC,CORINTHIANS,0,0,0,0,D,14,13,4,4,18,11,6,4,3,4,0,0,284,529,4,5,36.0,64.0,1492173.0,0.0,0.0,0.0,0.0,0.0,0.0,0.0,0.0,0.0,0.0,0.0,0.0,0.0,0.0,0.0,0.0,0.0,0.0,0.0,0.0,0.0,0.0,0.0,0.0,0.0,0.0,0.0,0.0,0.0,0.0,0.0,0.0,0.0,0.0,0.0,0,0,CHA,COR,0,10,8,1,1,6,8,14,9,E/E,False,False,0.8200000000000001,0.5800000000000001
2026-03-21,Serie A Brasil,2026,RB BRAGANTINO,BOTAFOGO,1,2,1,1,A,18,8,6,3,12,9,11,6,2,3,0,0,400,287,0,5,60.0,40.0,1492181.0,0.0,0.0,0.0,0.0,0.0,0.0,0.0,0.0,0.0,0.0,0.0,0.0,0.0,0.0,0.0,0.0,0.0,0.0,0.0,0.0,0.0,0.0,0.0,0.0,0.0,0.0,0.0,0.0,0.0,0.0,0.0,0.0,0.0,0.0,0.0,3,2,RB,BOT,1,17,9,0,3,8,3,12,18,E/BOT,False,False,0.9799999999999998,1.43
2026-03-21,Serie A Brasil,2026,FLUMINENSE,ATLETICO-MG,1,0,1,0,H,14,14,4,5,18,15,3,2,5,5,0,0,466,362,4,3,56.0,44.0,1492184.0,0.0,0.0,0.0,0.0,0.0,0.0,0.0,0.0,0.0,0.0,0.0,0.0,0.0,0.0,0.0,0.0,0.0,0.0,0.0,0.0,0.0,0.0,0.0,0.0,0.0,0.0,0.0,0.0,0.0,0.0,0.0,0.0,0.0,0.0,0.0,1,1,FLU,ATM,0,5,9,3,0,13,8,5,11,FLU/FLU,False,True,1.46,0.09000000000000008
2026-03-22,Serie A Brasil,2026,SAO PAULO,PALMEIRAS,0,1,0,1,A,2,6,0,2,13,21,10,1,3,5,0,0,544,337,1,0,63.0,37.0,1492187.0,0.0,0.0,0.0,0.0,0.0,0.0,0.0,0.0,0.0,0.0,0.0,0.0,0.0,0.0,0.0,0.0,0.0,0.0,0.0,0.0,0.0,0.0,0.0,0.0,0.0,0.0,0.0,0.0,0.0,0.0,0.0,0.0,0.0,0.0,0.0,1,1,SAO,PAL,0,11,9,0,3,16,16,2,1,PAL/PAL,True,True,0.07999999999999996,1.6500000000000001
2026-03-22,Serie A Brasil,2026,VASCO DA GAMA,GREMIO,2,1,2,1,H,9,10,5,3,11,4,0,2,3,1,0,0,324,548,2,3,37.0,63.0,1492188.0,0.0,0.0,0.0,0.0,0.0,0.0,0.0,0.0,0.0,0.0,0.0,0.0,0.0,0.0,0.0,0.0,0.0,0.0,0.0,0.0,0.0,0.0,0.0,0.0,0.0,0.0,0.0,0.0,0.0,0.0,0.0,0.0,0.0,0.0,0.0,3,3,VAS,GRE,0,2,9,3,0,8,11,10,7,VAS/VAS,False,False,1.76,0.19999999999999993
2026-03-22,Serie A Brasil,2026,ATLETICO PARANAENSE,CORITIBA,2,0,1,0,H,6,4,4,1,11,10,7,4,0,2,0,1,367,325,1,2,53.0,47.0,1492180.0,0.0,0.0,0.0,0.0,0.0,0.0,0.0,0.0,0.0,0.0,0.0,0.0,0.0,0.0,0.0,0.0,0.0,0.0,0.0,0.0,0.0,0.0,0.0,0.0,0.0,0.0,0.0,0.0,0.0,0.0,0.0,0.0,0.0,0.0,0.0,2,1,ATM,COR,1,11,9,3,0,10,13,9,6,ATM/ATM,True,False,2.8200000000000003,-0.44000000000000006
2026-03-22,Serie A Brasil,2026,CRUZEIRO,SANTOS,0,0,0,0,D,8,5,3,1,18,16,6,0,2,4,0,0,478,320,1,3,61.0,39.0,1492183.0,0.0,0.0,0.0,0.0,0.0,0.0,0.0,0.0,0.0,0.0,0.0,0.0,0.0,0.0,0.0,0.0,0.0,0.0,0.0,0.0,0.0,0.0,0.0,0.0,0.0,0.0,0.0,0.0,0.0,0.0,0.0,0.0,0.0,0.0,0.0,0,0,CRU,SAN,0,6,9,1,1,3,6,19,17,E/E,False,False,1.0,-0.020000000000000018
2026-03-22,Serie A Brasil,2026,REMO,BAHIA,4,1,1,1,H,16,10,10,3,15,10,5,9,2,1,0,0,271,457,2,6,38.0,62.0,1492186.0,0.0,0.0,0.0,0.0,0.0,0.0,0.0,0.0,0.0,0.0,0.0,0.0,0.0,0.0,0.0,0.0,0.0,0.0,0.0,0.0,0.0,0.0,0.0,0.0,0.0,0.0,0.0,0.0,0.0,0.0,0.0,0.0,0.0,0.0,0.0,5,2,REM,BAH,3,14,9,3,0,3,14,20,4,E/REM,True,False,3.2199999999999998,0.19999999999999993
2026-03-22,Serie A Brasil,2026,INTERNACIONAL,CHAPECOENSE-SC,2,0,1,0,H,14,10,7,0,16,9,4,4,2,3,0,1,402,432,0,5,48.0,52.0,1492185.0,0.0,0.0,0.0,0.0,0.0,0.0,0.0,0.0,0.0,0.0,0.0,0.0,0.0,0.0,0.0,0.0,0.0,0.0,0.0,0.0,0.0,0.0,0.0,0.0,0.0,0.0,0.0,0.0,0.0,0.0,0.0,0.0,0.0,0.0,0.0,2,1,INT,CHA,1,8,9,3,0,5,7,19,13,INT/INT,False,False,2.4699999999999998,-0.78
2026-03-22,Serie A Brasil,2026,VITORIA,MIRASSOL,1,0,1,0,H,13,16,6,3,18,8,4,5,3,3,0,0,295,437,3,5,40.0,60.0,1492189.0,0.0,0.0,0.0,0.0,0.0,0.0,0.0,0.0,0.0,0.0,0.0,0.0,0.0,0.0,0.0,0.0,0.0,0.0,0.0,0.0,0.0,0.0,0.0,0.0,0.0,0.0,0.0,0.0,0.0,0.0,0.0,0.0,0.0,0.0,0.0,1,1,VIT,MIR,0,9,9,3,0,7,6,16,17,VIT/VIT,False,False,2.05,0.01999999999999985
2026-03-22,Serie A Brasil,2026,CORINTHIANS,FLAMENGO,1,1,1,1,D,12,10,2,2,21,13,6,2,2,3,0,1,416,354,1,1,54.0,46.0,1492182.0,0.0,0.0,0.0,0.0,0.0,0.0,0.0,0.0,0.0,0.0,0.0,0.0,0.0,0.0,0.0,0.0,0.0,0.0,0.0,0.0,0.0,0.0,0.0,0.0,0.0,0.0,0.0,0.0,0.0,0.0,0.0,0.0,0.0,0.0,0.0,2,2,COR,FLA,0,8,9,1,1,9,13,11,5,E/E,True,False,0.76,0.13
2026-03-29,Serie A Brasil,2026,ATLETICO PARANAENSE,BOTAFOGO,4,1,2,1,H,11,12,8,3,15,13,1,8,2,3,0,0,352,404,2,4,46.0,54.0,1492150.0,0.0,0.0,0.0,0.0,0.0,0.0,0.0,0.0,0.0,0.0,0.0,0.0,0.0,0.0,0.0,0.0,0.0,0.0,0.0,0.0,0.0,0.0,0.0,0.0,0.0,0.0,0.0,0.0,0.0,0.0,0.0,0.0,0.0,0.0,0.0,5,3,ATM,BOT,2,9,10,3,0,13,6,6,17,ATM/ATM,False,True,2.2399999999999998,0.1299999999999999
2026-04-01,Serie A Brasil,2026,INTERNACIONAL,SAO PAULO,1,1,1,0,D,6,15,4,3,18,15,2,11,1,1,0,0,294,584,2,3,34.0,66.0,1492197.0,0.0,0.0,0.0,0.0,0.0,0.0,0.0,0.0,0.0,0.0,0.0,0.0,0.0,0.0,0.0,0.0,0.0,0.0,0.0,0.0,0.0,0.0,0.0,0.0,0.0,0.0,0.0,0.0,0.0,0.0,0.0,0.0,0.0,0.0,0.0,2,1,INT,SAO,1,13,11,1,1,8,16,12,3,INT/E,True,False,0.7300000000000001,1.16
2026-04-01,Serie A Brasil,2026,BOTAFOGO,MIRASSOL,3,2,2,1,H,11,19,5,4,14,14,2,8,3,3,0,0,317,569,2,2,35.0,65.0,1492191.0,0.0,0.0,0.0,0.0,0.0,0.0,0.0,0.0,0.0,0.0,0.0,0.0,0.0,0.0,0.0,0.0,0.0,0.0,0.0,0.0,0.0,0.0,0.0,0.0,0.0,0.0,0.0,0.0,0.0,0.0,0.0,0.0,0.0,0.0,0.0,5,3,BOT,MIR,2,10,11,3,0,6,6,18,17,BOT/BOT,False,False,1.69,0.4099999999999999
2026-04-01,Serie A Brasil,2026,BAHIA,ATLETICO PARANAENSE,3,0,2,0,H,7,12,5,4,15,19,3,1,2,2,0,0,463,418,4,2,52.0,48.0,1492190.0,0.0,0.0,0.0,0.0,0.0,0.0,0.0,0.0,0.0,0.0,0.0,0.0,0.0,0.0,0.0,0.0,0.0,0.0,0.0,0.0,0.0,0.0,0.0,0.0,0.0,0.0,0.0,0.0,0.0,0.0,0.0,0.0,0.0,0.0,0.0,3,2,BAH,ATM,1,4,11,3,0,14,16,6,3,BAH/BAH,True,True,2.4799999999999995,0.13999999999999996
2026-04-01,Serie A Brasil,2026,CRUZEIRO,VITORIA,3,0,3,0,H,11,4,6,1,15,12,5,6,1,3,0,0,547,369,1,2,59.0,41.0,1492195.0,0.0,0.0,0.0,0.0,0.0,0.0,0.0,0.0,0.0,0.0,0.0,0.0,0.0,0.0,0.0,0.0,0.0,0.0,0.0,0.0,0.0,0.0,0.0,0.0,0.0,0.0,0.0,0.0,0.0,0.0,0.0,0.0,0.0,0.0,0.0,3,3,CRU,VIT,0,11,11,3,0,4,10,20,11,CRU/CRU,False,False,2.38,-0.25000000000000006
2026-04-01,Serie A Brasil,2026,CORITIBA,VASCO DA GAMA,1,1,0,1,D,18,11,4,2,11,11,3,4,2,1,0,0,585,312,1,4,65.0,35.0,1492194.0,0.0,0.0,0.0,0.0,0.0,0.0,0.0,0.0,0.0,0.0,0.0,0.0,0.0,0.0,0.0,0.0,0.0,0.0,0.0,0.0,0.0,0.0,0.0,0.0,0.0,0.0,0.0,0.0,0.0,0.0,0.0,0.0,0.0,0.0,0.0,2,1,COR,VAS,1,7,11,1,1,13,11,7,9,VAS/E,False,False,0.8699999999999999,0.64
2026-04-02,Serie A Brasil,2026,FLUMINENSE,CORINTHIANS,3,1,2,0,H,20,12,10,4,10,13,8,10,1,4,0,1,526,337,3,7,60.0,40.0,1492196.0,0.0,0.0,0.0,0.0,0.0,0.0,0.0,0.0,0.0,0.0,0.0,0.0,0.0,0.0,0.0,0.0,0.0,0.0,0.0,0.0,0.0,0.0,0.0,0.0,0.0,0.0,0.0,0.0,0.0,0.0,0.0,0.0,0.0,0.0,0.0,4,2,FLU,COR,2,18,11,3,0,16,10,4,10,FLU/FLU,False,True,2.8999999999999995,-0.21000000000000008
2026-04-02,Serie A Brasil,2026,SANTOS,REMO,2,0,1,0,H,7,11,3,4,17,14,7,4,4,3,0,0,508,373,4,1,58.0,42.0,1492199.0,0.0,0.0,0.0,0.0,0.0,0.0,0.0,0.0,0.0,0.0,0.0,0.0,0.0,0.0,0.0,0.0,0.0,0.0,0.0,0.0,0.0,0.0,0.0,0.0,0.0,0.0,0.0,0.0,0.0,0.0,0.0,0.0,0.0,0.0,0.0,2,1,SAN,REM,1,11,11,3,0,7,6,17,20,SAN/SAN,False,False,1.62,0.20999999999999985
2026-04-02,Serie A Brasil,2026,CHAPECOENSE-SC,ATLETICO-MG,0,4,0,3,A,19,20,4,8,19,4,7,3,1,0,0,0,379,487,4,3,45.0,55.0,1492193.0,0.0,0.0,0.0,0.0,0.0,0.0,0.0,0.0,0.0,0.0,0.0,0.0,0.0,0.0,0.0,0.0,0.0,0.0,0.0,0.0,0.0,0.0,0.0,0.0,0.0,0.0,0.0,0.0,0.0,0.0,0.0,0.0,0.0,0.0,0.0,4,3,CHA,ATM,1,10,11,0,3,7,8,17,15,ATM/ATM,False,False,0.39,2.51
2026-04-03,Serie A Brasil,2026,PALMEIRAS,GREMIO,2,1,1,0,H,16,10,4,5,12,15,8,2,0,3,0,0,486,328,4,2,60.0,40.0,1492198.0,0.0,0.0,0.0,0.0,0.0,0.0,0.0,0.0,0.0,0.0,0.0,0.0,0.0,0.0,0.0,0.0,0.0,0.0,0.0,0.0,0.0,0.0,0.0,0.0,0.0,0.0,0.0,0.0,0.0,0.0,0.0,0.0,0.0,0.0,0.0,3,1,PAL,GRE,2,10,11,3,0,19,11,1,9,PAL/PAL,False,True,2.21,0.18999999999999995
2026-04-03,Serie A Brasil,2026,RB BRAGANTINO,FLAMENGO,3,0,2,0,H,18,7,6,1,12,12,7,5,4,1,0,1,464,372,1,3,56.0,44.0,1492192.0,0.0,0.0,0.0,0.0,0.0,0.0,0.0,0.0,0.0,0.0,0.0,0.0,0.0,0.0,0.0,0.0,0.0,0.0,0.0,0.0,0.0,0.0,0.0,0.0,0.0,0.0,0.0,0.0,0.0,0.0,0.0,0.0,0.0,0.0,0.0,3,2,RB,FLA,1,12,11,3,0,8,14,16,6,RB/RB,True,False,2.7,-0.39000000000000007
2026-04-04,Serie A Brasil,2026,SAO PAULO,CRUZEIRO,4,1,2,0,H,11,14,5,7,21,14,6,4,2,0,0,0,270,478,6,1,36.0,64.0,1492208.0,0.0,0.0,0.0,0.0,0.0,0.0,0.0,0.0,0.0,0.0,0.0,0.0,0.0,0.0,0.0,0.0,0.0,0.0,0.0,0.0,0.0,0.0,0.0,0.0,0.0,0.0,0.0,0.0,0.0,0.0,0.0,0.0,0.0,0.0,0.0,5,2,SAO,CRU,3,10,12,3,0,17,7,4,17,SAO/SAO,False,True,1.9200000000000002,0.88
2026-04-04,Serie A Brasil,2026,CORITIBA,FLUMINENSE,1,1,0,0,D,10,15,4,4,8,14,3,10,1,0,0,0,266,551,3,3,33.0,67.0,1492204.0,0.0,0.0,0.0,0.0,0.0,0.0,0.0,0.0,0.0,0.0,0.0,0.0,0.0,0.0,0.0,0.0,0.0,0.0,0.0,0.0,0.0,0.0,0.0,0.0,0.0,0.0,0.0,0.0,0.0,0.0,0.0,0.0,0.0,0.0,0.0,2,0,COR,FLU,2,13,12,1,1,14,19,7,3,E/E,True,False,0.7500000000000003,1.34
2026-04-05,Serie A Brasil,2026,VASCO DA GAMA,BOTAFOGO,1,2,0,0,A,17,18,5,9,11,16,3,2,2,4,0,0,511,303,8,4,63.0,37.0,1492209.0,0.0,0.0,0.0,0.0,0.0,0.0,0.0,0.0,0.0,0.0,0.0,0.0,0.0,0.0,0.0,0.0,0.0,0.0,0.0,0.0,0.0,0.0,0.0,0.0,0.0,0.0,0.0,0.0,0.0,0.0,0.0,0.0,0.0,0.0,0.0,3,0,VAS,BOT,3,5,12,0,3,12,9,8,16,E/BOT,False,False,0.21000000000000002,2.2399999999999998
2026-04-05,Serie A Brasil,2026,CHAPECOENSE-SC,VITORIA,1,1,0,0,D,25,15,6,9,16,14,9,1,2,3,0,1,353,277,8,5,58.0,42.0,1492202.0,0.0,0.0,0.0,0.0,0.0,0.0,0.0,0.0,0.0,0.0,0.0,0.0,0.0,0.0,0.0,0.0,0.0,0.0,0.0,0.0,0.0,0.0,0.0,0.0,0.0,0.0,0.0,0.0,0.0,0.0,0.0,0.0,0.0,0.0,0.0,2,0,CHA,VIT,2,10,12,1,1,7,10,17,15,E/E,False,False,1.18,0.8699999999999999
2026-04-05,Serie A Brasil,2026,FLAMENGO,SANTOS,3,1,0,0,H,19,17,4,2,2,12,2,7,0,2,0,0,613,357,1,1,63.0,37.0,1492205.0,0.0,0.0,0.0,0.0,0.0,0.0,0.0,0.0,0.0,0.0,0.0,0.0,0.0,0.0,0.0,0.0,0.0,0.0,0.0,0.0,0.0,0.0,0.0,0.0,0.0,0.0,0.0,0.0,0.0,0.0,0.0,0.0,0.0,0.0,0.0,4,0,FLA,SAN,4,9,12,3,0,14,10,7,14,E/FLA,False,False,1.96,0.21000000000000002
2026-04-05,Serie A Brasil,2026,ATLETICO-MG,ATLETICO PARANAENSE,2,1,1,0,H,15,11,5,3,9,13,2,8,0,1,0,0,479,477,2,3,49.0,51.0,1492200.0,0.0,0.0,0.0,0.0,0.0,0.0,0.0,0.0,0.0,0.0,0.0,0.0,0.0,0.0,0.0,0.0,0.0,0.0,0.0,0.0,0.0,0.0,0.0,0.0,0.0,0.0,0.0,0.0,0.0,0.0,0.0,0.0,0.0,0.0,0.0,3,1,ATM,ATM,2,10,12,3,0,11,16,10,6,ATM/ATM,True,False,2.54,0.45999999999999996
2026-04-05,Serie A Brasil,2026,BAHIA,PALMEIRAS,1,2,0,1,A,19,8,6,5,18,17,7,5,2,4,0,0,490,347,4,4,59.0,41.0,1492201.0,0.0,0.0,0.0,0.0,0.0,0.0,0.0,0.0,0.0,0.0,0.0,0.0,0.0,0.0,0.0,0.0,0.0,0.0,0.0,0.0,0.0,0.0,0.0,0.0,0.0,0.0,0.0,0.0,0.0,0.0,0.0,0.0,0.0,0.0,0.0,3,1,BAH,PAL,2,12,12,0,3,17,22,5,1,PAL/PAL,True,True,0.7,2.16
2026-04-05,Serie A Brasil,2026,CORINTHIANS,INTERNACIONAL,0,1,0,0,A,11,8,2,3,16,19,7,4,2,3,0,0,462,249,2,2,65.0,35.0,1492203.0,0.0,0.0,0.0,0.0,0.0,0.0,0.0,0.0,0.0,0.0,0.0,0.0,0.0,0.0,0.0,0.0,0.0,0.0,0.0,0.0,0.0,0.0,0.0,0.0,0.0,0.0,0.0,0.0,0.0,0.0,0.0,0.0,0.0,0.0,0.0,1,0,COR,INT,1,11,12,0,3,10,9,14,16,E/INT,False,False,0.21999999999999997,1.6099999999999997
2026-04-05,Serie A Brasil,2026,MIRASSOL,RB BRAGANTINO,0,1,0,0,A,15,16,2,5,7,10,12,6,2,3,0,0,357,311,4,2,54.0,46.0,1492207.0,0.0,0.0,0.0,0.0,0.0,0.0,0.0,0.0,0.0,0.0,0.0,0.0,0.0,0.0,0.0,0.0,0.0,0.0,0.0,0.0,0.0,0.0,0.0,0.0,0.0,0.0,0.0,0.0,0.0,0.0,0.0,0.0,0.0,0.0,0.0,1,0,MIR,RB,1,18,12,0,3,6,11,19,13,E/RB,False,False,0.3300000000000001,1.91
2026-04-05,Serie A Brasil,2026,GREMIO,REMO,0,0,0,0,D,20,11,3,4,8,9,8,3,2,3,0,1,512,303,4,3,63.0,37.0,1492206.0,0.0,0.0,0.0,0.0,0.0,0.0,0.0,0.0,0.0,0.0,0.0,0.0,0.0,0.0,0.0,0.0,0.0,0.0,0.0,0.0,0.0,0.0,0.0,0.0,0.0,0.0,0.0,0.0,0.0,0.0,0.0,0.0,0.0,0.0,0.0,0,0,GRE,REM,0,11,12,1,1,11,6,13,20,E/E,False,False,0.8899999999999999,0.39
2026-04-11,Serie A Brasil,2026,VITORIA,SAO PAULO,2,0,1,0,H,15,16,6,5,11,11,1,6,2,3,0,1,361,501,5,4,41.0,59.0,1492219.0,0.0,0.0,0.0,0.0,0.0,0.0,0.0,0.0,0.0,0.0,0.0,0.0,0.0,0.0,0.0,0.0,0.0,0.0,0.0,0.0,0.0,0.0,0.0,0.0,0.0,0.0,0.0,0.0,0.0,0.0,0.0,0.0,0.0,0.0,0.0,2,1,VIT,SAO,1,7,13,3,0,11,20,14,2,VIT/VIT,True,False,2.38,0.17999999999999994
2026-04-11,Serie A Brasil,2026,REMO,VASCO DA GAMA,1,1,0,0,D,12,19,2,3,12,10,3,6,0,2,0,0,338,441,2,1,43.0,57.0,1492217.0,0.0,0.0,0.0,0.0,0.0,0.0,0.0,0.0,0.0,0.0,0.0,0.0,0.0,0.0,0.0,0.0,0.0,0.0,0.0,0.0,0.0,0.0,0.0,0.0,0.0,0.0,0.0,0.0,0.0,0.0,0.0,0.0,0.0,0.0,0.0,2,0,REM,VAS,2,9,13,1,1,7,12,18,12,E/E,False,False,0.68,0.8899999999999999
2026-04-11,Serie A Brasil,2026,MIRASSOL,BAHIA,1,2,1,0,A,16,14,6,8,20,14,8,4,5,1,1,0,362,526,6,6,42.0,58.0,1492216.0,0.0,0.0,0.0,0.0,0.0,0.0,0.0,0.0,0.0,0.0,0.0,0.0,0.0,0.0,0.0,0.0,0.0,0.0,0.0,0.0,0.0,0.0,0.0,0.0,0.0,0.0,0.0,0.0,0.0,0.0,0.0,0.0,0.0,0.0,0.0,3,1,MIR,BAH,2,12,13,0,3,6,17,20,5,MIR/BAH,True,False,0.06999999999999995,2.3400000000000003
2026-04-11,Serie A Brasil,2026,SANTOS,ATLETICO-MG,1,0,0,0,H,18,11,2,3,8,17,5,7,3,1,0,0,396,493,3,1,45.0,55.0,1492218.0,0.0,0.0,0.0,0.0,0.0,0.0,0.0,0.0,0.0,0.0,0.0,0.0,0.0,0.0,0.0,0.0,0.0,0.0,0.0,0.0,0.0,0.0,0.0,0.0,0.0,0.0,0.0,0.0,0.0,0.0,0.0,0.0,0.0,0.0,0.0,1,0,SAN,ATM,1,12,13,3,0,10,14,15,8,E/SAN,False,False,1.4599999999999997,0.5
2026-04-11,Serie A Brasil,2026,INTERNACIONAL,GREMIO,0,0,0,0,D,11,4,3,1,19,20,8,2,4,3,0,1,338,296,1,3,54.0,46.0,1492215.0,0.0,0.0,0.0,0.0,0.0,0.0,0.0,0.0,0.0,0.0,0.0,0.0,0.0,0.0,0.0,0.0,0.0,0.0,0.0,0.0,0.0,0.0,0.0,0.0,0.0,0.0,0.0,0.0,0.0,0.0,0.0,0.0,0.0,0.0,0.0,0,0,INT,GRE,0,10,13,1,1,12,12,14,13,E/E,False,False,0.8599999999999998,-0.1100000000000001
2026-04-12,Serie A Brasil,2026,ATLETICO PARANAENSE,CHAPECOENSE-SC,2,0,0,0,H,14,8,6,1,15,17,5,0,2,4,0,0,417,316,1,4,58.0,42.0,1492210.0,0.0,0.0,0.0,0.0,0.0,0.0,0.0,0.0,0.0,0.0,0.0,0.0,0.0,0.0,0.0,0.0,0.0,0.0,0.0,0.0,0.0,0.0,0.0,0.0,0.0,0.0,0.0,0.0,0.0,0.0,0.0,0.0,0.0,0.0,0.0,2,0,ATM,CHA,2,5,13,3,0,16,8,6,17,E/ATM,False,True,2.4,-0.6500000000000001
2026-04-12,Serie A Brasil,2026,BOTAFOGO,CORITIBA,2,2,0,1,D,20,14,8,5,14,7,7,4,2,4,0,0,468,307,3,6,61.0,39.0,1492211.0,0.0,0.0,0.0,0.0,0.0,0.0,0.0,0.0,0.0,0.0,0.0,0.0,0.0,0.0,0.0,0.0,0.0,0.0,0.0,0.0,0.0,0.0,0.0,0.0,0.0,0.0,0.0,0.0,0.0,0.0,0.0,0.0,0.0,0.0,0.0,4,1,BOT,COR,3,11,13,1,1,12,15,15,7,COR/E,False,False,1.52,0.51
2026-04-12,Serie A Brasil,2026,FLUMINENSE,FLAMENGO,1,2,0,1,A,19,17,6,9,14,12,8,2,2,3,0,1,608,405,6,5,60.0,40.0,1492214.0,0.0,0.0,0.0,0.0,0.0,0.0,0.0,0.0,0.0,0.0,0.0,0.0,0.0,0.0,0.0,0.0,0.0,0.0,0.0,0.0,0.0,0.0,0.0,0.0,0.0,0.0,0.0,0.0,0.0,0.0,0.0,0.0,0.0,0.0,0.0,3,1,FLU,FLA,2,10,13,0,3,20,17,2,6,FLA/FLA,True,True,0.6099999999999999,2.4399999999999995
2026-04-12,Serie A Brasil,2026,CORINTHIANS,PALMEIRAS,0,0,0,0,D,6,16,4,4,17,16,2,7,2,1,2,0,215,445,5,4,32.0,68.0,1492212.0,0.0,0.0,0.0,0.0,0.0,0.0,0.0,0.0,0.0,0.0,0.0,0.0,0.0,0.0,0.0,0.0,0.0,0.0,0.0,0.0,0.0,0.0,0.0,0.0,0.0,0.0,0.0,0.0,0.0,0.0,0.0,0.0,0.0,0.0,0.0,0,0,COR,PAL,0,9,13,1,1,10,25,16,1,E/E,True,False,0.16000000000000014,1.11
2026-04-12,Serie A Brasil,2026,CRUZEIRO,RB BRAGANTINO,2,1,1,1,H,16,15,7,4,16,21,2,7,0,2,0,0,333,339,3,5,49.0,51.0,1492213.0,0.0,0.0,0.0,0.0,0.0,0.0,0.0,0.0,0.0,0.0,0.0,0.0,0.0,0.0,0.0,0.0,0.0,0.0,0.0,0.0,0.0,0.0,0.0,0.0,0.0,0.0,0.0,0.0,0.0,0.0,0.0,0.0,0.0,0.0,0.0,3,2,CRU,RB,1,9,13,3,0,7,14,19,9,E/CRU,False,False,2.3099999999999996,0.35999999999999993
2026-04-18,Serie A Brasil,2026,CHAPECOENSE-SC,BOTAFOGO,1,4,1,3,A,9,13,3,8,6,7,4,4,0,0,0,0,496,526,4,3,49.0,51.0,1492221.0,0.0,0.0,0.0,0.0,0.0,0.0,0.0,0.0,0.0,0.0,0.0,0.0,0.0,0.0,0.0,0.0,0.0,0.0,0.0,0.0,0.0,0.0,0.0,0.0,0.0,0.0,0.0,0.0,0.0,0.0,0.0,0.0,0.0,0.0,0.0,5,4,CHA,BOT,1,8,14,0,3,8,13,19,15,BOT/BOT,False,False,0.16999999999999993,2.6700000000000004
2026-04-18,Serie A Brasil,2026,VASCO DA GAMA,SAO PAULO,2,1,0,1,H,20,10,5,4,14,20,6,5,1,2,0,0,431,264,1,3,62.0,38.0,1492228.0,0.0,0.0,0.0,0.0,0.0,0.0,0.0,0.0,0.0,0.0,0.0,0.0,0.0,0.0,0.0,0.0,0.0,0.0,0.0,0.0,0.0,0.0,0.0,0.0,0.0,0.0,0.0,0.0,0.0,0.0,0.0,0.0,0.0,0.0,0.0,3,1,VAS,SAO,2,11,14,3,0,13,20,13,3,SAO/VAS,True,False,2.6499999999999995,0.27999999999999997
2026-04-18,Serie A Brasil,2026,VITORIA,CORINTHIANS,0,0,0,0,D,13,7,1,0,13,14,4,2,1,2,0,0,429,357,0,1,54.0,46.0,1492229.0,0.0,0.0,0.0,0.0,0.0,0.0,0.0,0.0,0.0,0.0,0.0,0.0,0.0,0.0,0.0,0.0,0.0,0.0,0.0,0.0,0.0,0.0,0.0,0.0,0.0,0.0,0.0,0.0,0.0,0.0,0.0,0.0,0.0,0.0,0.0,0,0,VIT,COR,0,6,14,1,1,14,11,12,16,E/E,False,False,0.7100000000000001,0.27
2026-04-18,Serie A Brasil,2026,CRUZEIRO,GREMIO,2,0,0,0,H,18,9,6,1,16,13,4,1,4,3,0,0,312,455,1,4,41.0,59.0,1492223.0,0.0,0.0,0.0,0.0,0.0,0.0,0.0,0.0,0.0,0.0,0.0,0.0,0.0,0.0,0.0,0.0,0.0,0.0,0.0,0.0,0.0,0.0,0.0,0.0,0.0,0.0,0.0,0.0,0.0,0.0,0.0,0.0,0.0,0.0,0.0,2,0,CRU,GRE,2,5,14,3,0,10,13,17,13,E/CRU,False,False,2.1300000000000003,-0.4800000000000001
2026-04-19,Serie A Brasil,2026,INTERNACIONAL,MIRASSOL,1,2,0,2,A,24,10,9,4,6,15,11,2,0,4,0,0,619,251,1,6,72.0,28.0,1492225.0,0.0,0.0,0.0,0.0,0.0,0.0,0.0,0.0,0.0,0.0,0.0,0.0,0.0,0.0,0.0,0.0,0.0,0.0,0.0,0.0,0.0,0.0,0.0,0.0,0.0,0.0,0.0,0.0,0.0,0.0,0.0,0.0,0.0,0.0,0.0,3,2,INT,MIR,1,13,14,0,3,13,6,13,20,MIR/MIR,False,False,1.66,1.1300000000000003
2026-04-19,Serie A Brasil,2026,SANTOS,FLUMINENSE,2,3,1,1,A,7,10,4,3,13,14,6,4,5,3,0,0,444,502,0,2,47.0,53.0,1492227.0,0.0,0.0,0.0,0.0,0.0,0.0,0.0,0.0,0.0,0.0,0.0,0.0,0.0,0.0,0.0,0.0,0.0,0.0,0.0,0.0,0.0,0.0,0.0,0.0,0.0,0.0,0.0,0.0,0.0,0.0,0.0,0.0,0.0,0.0,0.0,5,2,SAN,FLU,3,10,14,0,3,13,20,14,3,E/FLU,True,False,0.17000000000000004,1.53
2026-04-19,Serie A Brasil,2026,CORITIBA,ATLETICO-MG,2,0,1,0,H,2,23,2,7,17,10,2,8,2,1,1,1,196,638,7,0,23.0,77.0,1492222.0,0.0,0.0,0.0,0.0,0.0,0.0,0.0,0.0,0.0,0.0,0.0,0.0,0.0,0.0,0.0,0.0,0.0,0.0,0.0,0.0,0.0,0.0,0.0,0.0,0.0,0.0,0.0,0.0,0.0,0.0,0.0,0.0,0.0,0.0,0.0,2,1,COR,ATM,1,10,14,3,0,16,14,7,11,COR/COR,False,False,0.9400000000000002,0.96
2026-04-19,Serie A Brasil,2026,PALMEIRAS,ATLETICO PARANAENSE,1,0,1,0,H,10,9,2,3,9,22,9,3,3,4,1,0,406,378,3,1,51.0,49.0,1492226.0,0.0,0.0,0.0,0.0,0.0,0.0,0.0,0.0,0.0,0.0,0.0,0.0,0.0,0.0,0.0,0.0,0.0,0.0,0.0,0.0,0.0,0.0,0.0,0.0,0.0,0.0,0.0,0.0,0.0,0.0,0.0,0.0,0.0,0.0,0.0,1,1,PAL,ATM,0,12,14,3,0,26,19,1,6,PAL/PAL,True,True,1.99,-0.08000000000000002
2026-04-19,Serie A Brasil,2026,RB BRAGANTINO,REMO,4,2,2,2,H,16,6,8,3,11,12,1,1,1,1,0,0,423,400,1,5,51.0,49.0,1492220.0,0.0,0.0,0.0,0.0,0.0,0.0,0.0,0.0,0.0,0.0,0.0,0.0,0.0,0.0,0.0,0.0,0.0,0.0,0.0,0.0,0.0,0.0,0.0,0.0,0.0,0.0,0.0,0.0,0.0,0.0,0.0,0.0,0.0,0.0,0.0,6,4,RB,REM,2,2,14,3,0,14,8,12,19,E/RB,False,False,2.48,-0.020000000000000073
2026-04-19,Serie A Brasil,2026,FLAMENGO,BAHIA,2,0,1,0,H,20,13,8,5,12,8,6,1,2,0,0,0,561,506,5,6,52.0,48.0,1492224.0,0.0,0.0,0.0,0.0,0.0,0.0,0.0,0.0,0.0,0.0,0.0,0.0,0.0,0.0,0.0,0.0,0.0,0.0,0.0,0.0,0.0,0.0,0.0,0.0,0.0,0.0,0.0,0.0,0.0,0.0,0.0,0.0,0.0,0.0,0.0,2,1,FLA,BAH,1,7,14,3,0,20,20,3,5,FLA/FLA,True,True,3.03,0.27999999999999997
2026-04-25,Serie A Brasil,2026,BAHIA,SANTOS,2,2,0,2,D,18,11,5,5,16,16,5,3,3,4,0,0,519,293,3,3,64.0,36.0,1492232.0,0.0,0.0,0.0,0.0,0.0,0.0,0.0,0.0,0.0,0.0,0.0,0.0,0.0,0.0,0.0,0.0,0.0,0.0,0.0,0.0,0.0,0.0,0.0,0.0,0.0,0.0,0.0,0.0,0.0,0.0,0.0,0.0,0.0,0.0,0.0,4,2,BAH,SAN,2,8,15,1,1,20,13,5,15,SAN/E,False,True,0.8899999999999999,0.6499999999999998
2026-04-25,Serie A Brasil,2026,BOTAFOGO,INTERNACIONAL,2,2,0,0,D,16,8,7,4,16,14,3,5,2,3,0,0,318,284,2,5,53.0,47.0,1492233.0,0.0,0.0,0.0,0.0,0.0,0.0,0.0,0.0,0.0,0.0,0.0,0.0,0.0,0.0,0.0,0.0,0.0,0.0,0.0,0.0,0.0,0.0,0.0,0.0,0.0,0.0,0.0,0.0,0.0,0.0,0.0,0.0,0.0,0.0,0.0,4,0,BOT,INT,4,8,15,1,1,16,13,9,15,E/E,False,False,1.2,0.6399999999999999
2026-04-25,Serie A Brasil,2026,REMO,CRUZEIRO,0,1,0,1,A,14,6,1,6,15,22,4,1,1,3,0,0,325,393,5,1,47.0,53.0,1492238.0,0.0,0.0,0.0,0.0,0.0,0.0,0.0,0.0,0.0,0.0,0.0,0.0,0.0,0.0,0.0,0.0,0.0,0.0,0.0,0.0,0.0,0.0,0.0,0.0,0.0,0.0,0.0,0.0,0.0,0.0,0.0,0.0,0.0,0.0,0.0,1,1,REM,CRU,0,5,15,0,3,8,13,19,16,CRU/CRU,False,False,-0.07000000000000005,2.0199999999999996
2026-04-26,Serie A Brasil,2026,SAO PAULO,MIRASSOL,1,0,0,0,H,17,10,1,1,11,14,12,4,1,2,0,0,418,381,1,0,53.0,47.0,1492239.0,0.0,0.0,0.0,0.0,0.0,0.0,0.0,0.0,0.0,0.0,0.0,0.0,0.0,0.0,0.0,0.0,0.0,0.0,0.0,0.0,0.0,0.0,0.0,0.0,0.0,0.0,0.0,0.0,0.0,0.0,0.0,0.0,0.0,0.0,0.0,1,0,SAO,MIR,1,16,15,3,0,20,9,5,18,E/SAO,False,True,2.02,-0.14
2026-04-26,Serie A Brasil,2026,GREMIO,CORITIBA,1,0,1,0,H,22,15,6,4,20,11,5,2,3,2,0,2,442,341,4,5,56.0,44.0,1492237.0,0.0,0.0,0.0,0.0,0.0,0.0,0.0,0.0,0.0,0.0,0.0,0.0,0.0,0.0,0.0,0.0,0.0,0.0,0.0,0.0,0.0,0.0,0.0,0.0,0.0,0.0,0.0,0.0,0.0,0.0,0.0,0.0,0.0,0.0,0.0,1,1,GRE,COR,0,7,15,3,0,13,19,16,7,GRE/GRE,False,False,2.1099999999999994,-0.4000000000000001
2026-04-26,Serie A Brasil,2026,CORINTHIANS,VASCO DA GAMA,1,0,1,0,H,13,21,5,7,12,17,5,7,2,4,1,0,323,476,7,4,40.0,60.0,1492235.0,0.0,0.0,0.0,0.0,0.0,0.0,0.0,0.0,0.0,0.0,0.0,0.0,0.0,0.0,0.0,0.0,0.0,0.0,0.0,0.0,0.0,0.0,0.0,0.0,0.0,0.0,0.0,0.0,0.0,0.0,0.0,0.0,0.0,0.0,0.0,1,1,COR,VAS,0,12,15,3,0,12,16,17,10,COR/COR,False,False,1.5599999999999998,0.65
2026-04-26,Serie A Brasil,2026,ATLETICO PARANAENSE,VITORIA,3,1,1,1,H,23,7,11,2,16,15,4,4,5,4,0,0,370,244,1,8,61.0,39.0,1492230.0,0.0,0.0,0.0,0.0,0.0,0.0,0.0,0.0,0.0,0.0,0.0,0.0,0.0,0.0,0.0,0.0,0.0,0.0,0.0,0.0,0.0,0.0,0.0,0.0,0.0,0.0,0.0,0.0,0.0,0.0,0.0,0.0,0.0,0.0,0.0,4,2,ATM,VIT,2,8,15,3,0,19,15,6,14,E/ATM,False,True,2.67,-0.53
2026-04-26,Serie A Brasil,2026,RB BRAGANTINO,PALMEIRAS,0,1,0,1,A,19,6,4,3,12,17,9,4,1,2,0,0,451,301,2,4,61.0,39.0,1492234.0,0.0,0.0,0.0,0.0,0.0,0.0,0.0,0.0,0.0,0.0,0.0,0.0,0.0,0.0,0.0,0.0,0.0,0.0,0.0,0.0,0.0,0.0,0.0,0.0,0.0,0.0,0.0,0.0,0.0,0.0,0.0,0.0,0.0,0.0,0.0,1,1,RB,PAL,0,13,15,0,3,17,29,8,1,PAL/PAL,True,False,0.72,1.57
2026-04-26,Serie A Brasil,2026,FLUMINENSE,CHAPECOENSE-SC,2,1,0,0,H,30,8,12,3,6,16,7,1,1,4,0,1,740,305,2,10,71.0,29.0,1492236.0,0.0,0.0,0.0,0.0,0.0,0.0,0.0,0.0,0.0,0.0,0.0,0.0,0.0,0.0,0.0,0.0,0.0,0.0,0.0,0.0,0.0,0.0,0.0,0.0,0.0,0.0,0.0,0.0,0.0,0.0,0.0,0.0,0.0,0.0,0.0,3,0,FLU,CHA,3,8,15,3,0,23,8,3,20,E/FLU,False,True,3.38,-0.8900000000000001
2026-04-26,Serie A Brasil,2026,ATLETICO-MG,FLAMENGO,0,4,0,3,A,18,9,6,6,10,13,8,1,1,2,0,0,492,486,2,6,51.0,49.0,1492231.0,0.0,0.0,0.0,0.0,0.0,0.0,0.0,0.0,0.0,0.0,0.0,0.0,0.0,0.0,0.0,0.0,0.0,0.0,0.0,0.0,0.0,0.0,0.0,0.0,0.0,0.0,0.0,0.0,0.0,0.0,0.0,0.0,0.0,0.0,0.0,4,3,ATM,FLA,1,9,15,0,3,14,23,15,3,FLA/FLA,True,False,0.8799999999999999,1.7899999999999996
2026-05-02,Serie A Brasil,2026,BOTAFOGO,REMO,1,2,1,0,A,16,18,5,9,14,10,9,6,2,2,0,0,447,327,7,4,58.0,42.0,1492241.0,0.0,0.0,0.0,0.0,0.0,0.0,0.0,0.0,0.0,0.0,0.0,0.0,0.0,0.0,0.0,0.0,0.0,0.0,0.0,0.0,0.0,0.0,0.0,0.0,0.0,0.0,0.0,0.0,0.0,0.0,0.0,0.0,0.0,0.0,0.0,3,1,BOT,REM,2,15,16,0,3,17,8,8,19,BOT/REM,False,False,0.43,2.519999999999999
2026-05-02,Serie A Brasil,2026,PALMEIRAS,SANTOS,1,1,0,1,D,22,14,3,4,9,5,9,4,1,1,0,0,448,392,3,2,54.0,46.0,1492247.0,0.0,0.0,0.0,0.0,0.0,0.0,0.0,0.0,0.0,0.0,0.0,0.0,0.0,0.0,0.0,0.0,0.0,0.0,0.0,0.0,0.0,0.0,0.0,0.0,0.0,0.0,0.0,0.0,0.0,0.0,0.0,0.0,0.0,0.0,0.0,2,1,PAL,SAN,1,13,16,1,1,32,14,1,16,SAN/E,False,True,1.0199999999999998,0.8700000000000002
2026-05-02,Serie A Brasil,2026,VITORIA,CORITIBA,4,1,2,1,H,11,5,7,1,13,11,2,4,3,1,0,1,518,324,1,3,61.0,39.0,1492249.0,0.0,0.0,0.0,0.0,0.0,0.0,0.0,0.0,0.0,0.0,0.0,0.0,0.0,0.0,0.0,0.0,0.0,0.0,0.0,0.0,0.0,0.0,0.0,0.0,0.0,0.0,0.0,0.0,0.0,0.0,0.0,0.0,0.0,0.0,0.0,5,3,VIT,COR,2,6,16,3,0,15,19,15,7,VIT/VIT,False,False,2.2199999999999998,-0.39
2026-05-02,Serie A Brasil,2026,ATLETICO PARANAENSE,GREMIO,0,0,0,0,D,11,7,5,0,11,13,7,3,2,2,1,1,368,436,0,4,45.0,55.0,1492240.0,0.0,0.0,0.0,0.0,0.0,0.0,0.0,0.0,0.0,0.0,0.0,0.0,0.0,0.0,0.0,0.0,0.0,0.0,0.0,0.0,0.0,0.0,0.0,0.0,0.0,0.0,0.0,0.0,0.0,0.0,0.0,0.0,0.0,0.0,0.0,0,0,ATM,GRE,0,10,16,1,1,22,16,5,12,E/E,False,True,1.09,-0.19
2026-05-03,Serie A Brasil,2026,CRUZEIRO,ATLETICO-MG,1,3,0,2,A,14,6,2,4,15,17,5,1,4,7,2,1,495,230,1,1,69.0,31.0,1492243.0,0.0,0.0,0.0,0.0,0.0,0.0,0.0,0.0,0.0,0.0,0.0,0.0,0.0,0.0,0.0,0.0,0.0,0.0,0.0,0.0,0.0,0.0,0.0,0.0,0.0,0.0,0.0,0.0,0.0,0.0,0.0,0.0,0.0,0.0,0.0,4,2,CRU,ATM,2,6,16,0,3,16,14,13,17,ATM/ATM,False,False,-0.5700000000000001,0.9999999999999996
2026-05-03,Serie A Brasil,2026,SAO PAULO,BAHIA,2,2,1,0,D,18,20,8,7,12,11,13,10,4,3,0,0,316,508,4,6,38.0,62.0,1492248.0,0.0,0.0,0.0,0.0,0.0,0.0,0.0,0.0,0.0,0.0,0.0,0.0,0.0,0.0,0.0,0.0,0.0,0.0,0.0,0.0,0.0,0.0,0.0,0.0,0.0,0.0,0.0,0.0,0.0,0.0,0.0,0.0,0.0,0.0,0.0,4,1,SAO,BAH,3,23,16,1,1,23,21,4,6,SAO/E,True,True,1.4,1.0899999999999999
2026-05-03,Serie A Brasil,2026,FLAMENGO,VASCO DA GAMA,2,2,1,0,D,12,20,6,6,15,12,5,6,3,3,0,0,470,486,4,3,49.0,51.0,1492244.0,0.0,0.0,0.0,0.0,0.0,0.0,0.0,0.0,0.0,0.0,0.0,0.0,0.0,0.0,0.0,0.0,0.0,0.0,0.0,0.0,0.0,0.0,0.0,0.0,0.0,0.0,0.0,0.0,0.0,0.0,0.0,0.0,0.0,0.0,0.0,4,1,FLA,VAS,3,11,16,1,1,26,16,2,13,FLA/E,False,True,0.9299999999999999,0.9999999999999998
2026-05-03,Serie A Brasil,2026,INTERNACIONAL,FLUMINENSE,2,0,1,0,H,18,11,9,6,25,18,3,3,4,3,0,0,312,634,6,7,33.0,67.0,1492245.0,0.0,0.0,0.0,0.0,0.0,0.0,0.0,0.0,0.0,0.0,0.0,0.0,0.0,0.0,0.0,0.0,0.0,0.0,0.0,0.0,0.0,0.0,0.0,0.0,0.0,0.0,0.0,0.0,0.0,0.0,0.0,0.0,0.0,0.0,0.0,2,1,INT,FLU,1,6,16,3,0,14,26,17,3,INT/INT,True,False,2.7399999999999998,0.23999999999999977
2026-05-03,Serie A Brasil,2026,CHAPECOENSE-SC,RB BRAGANTINO,1,2,1,1,A,19,7,3,2,8,10,6,2,2,2,0,0,447,371,0,2,55.0,45.0,1492242.0,0.0,0.0,0.0,0.0,0.0,0.0,0.0,0.0,0.0,0.0,0.0,0.0,0.0,0.0,0.0,0.0,0.0,0.0,0.0,0.0,0.0,0.0,0.0,0.0,0.0,0.0,0.0,0.0,0.0,0.0,0.0,0.0,0.0,0.0,0.0,3,2,CHA,RB,1,8,16,0,3,8,17,20,9,E/RB,False,False,0.41,1.43
2026-05-03,Serie A Brasil,2026,MIRASSOL,CORINTHIANS,2,1,2,0,H,7,11,5,3,19,13,1,5,5,2,0,0,345,547,2,3,39.0,61.0,1492246.0,0.0,0.0,0.0,0.0,0.0,0.0,0.0,0.0,0.0,0.0,0.0,0.0,0.0,0.0,0.0,0.0,0.0,0.0,0.0,0.0,0.0,0.0,0.0,0.0,0.0,0.0,0.0,0.0,0.0,0.0,0.0,0.0,0.0,0.0,0.0,3,2,MIR,COR,1,6,16,3,0,9,15,19,16,MIR/MIR,False,False,1.5499999999999998,0.22999999999999993
2026-05-09,Serie A Brasil,2026,CORITIBA,INTERNACIONAL,2,2,1,0,D,8,22,3,4,11,10,3,8,1,3,0,0,306,532,2,1,36.0,64.0,1492253.0,0.0,0.0,0.0,0.0,0.0,0.0,0.0,0.0,0.0,0.0,0.0,0.0,0.0,0.0,0.0,0.0,0.0,0.0,0.0,0.0,0.0,0.0,0.0,0.0,0.0,0.0,0.0,0.0,0.0,0.0,0.0,0.0,0.0,0.0,0.0,4,1,COR,INT,3,11,17,1,1,19,17,8,10,COR/E,False,False,0.64,0.99
2026-05-09,Serie A Brasil,2026,FLUMINENSE,VITORIA,2,2,1,0,D,12,10,5,3,15,7,6,3,4,2,0,0,522,385,1,3,58.0,42.0,1492254.0,0.0,0.0,0.0,0.0,0.0,0.0,0.0,0.0,0.0,0.0,0.0,0.0,0.0,0.0,0.0,0.0,0.0,0.0,0.0,0.0,0.0,0.0,0.0,0.0,0.0,0.0,0.0,0.0,0.0,0.0,0.0,0.0,0.0,0.0,0.0,4,1,FLU,VIT,3,9,17,1,1,26,18,3,10,FLU/E,False,True,0.9400000000000001,0.53
2026-05-10,Serie A Brasil,2026,BAHIA,CRUZEIRO,1,2,1,1,A,8,20,3,7,14,16,6,8,3,4,0,0,351,411,5,2,46.0,54.0,1492251.0,0.0,0.0,0.0,0.0,0.0,0.0,0.0,0.0,0.0,0.0,0.0,0.0,0.0,0.0,0.0,0.0,0.0,0.0,0.0,0.0,0.0,0.0,0.0,0.0,0.0,0.0,0.0,0.0,0.0,0.0,0.0,0.0,0.0,0.0,0.0,3,2,BAH,CRU,1,14,17,0,3,22,16,6,15,E/CRU,False,True,-0.06000000000000008,2.78
2026-05-10,Serie A Brasil,2026,ATLETICO-MG,BOTAFOGO,1,1,1,0,D,17,18,7,5,9,12,6,4,0,2,0,0,307,407,4,6,44.0,56.0,1492250.0,0.0,0.0,0.0,0.0,0.0,0.0,0.0,0.0,0.0,0.0,0.0,0.0,0.0,0.0,0.0,0.0,0.0,0.0,0.0,0.0,0.0,0.0,0.0,0.0,0.0,0.0,0.0,0.0,0.0,0.0,0.0,0.0,0.0,0.0,0.0,2,1,ATM,BOT,1,10,17,1,1,17,17,15,12,ATM/E,False,False,1.52,0.7799999999999998
2026-05-10,Serie A Brasil,2026,REMO,PALMEIRAS,1,1,1,1,D,15,18,4,5,6,6,5,17,1,2,1,0,220,455,4,3,33.0,67.0,1492257.0,0.0,0.0,0.0,0.0,0.0,0.0,0.0,0.0,0.0,0.0,0.0,0.0,0.0,0.0,0.0,0.0,0.0,0.0,0.0,0.0,0.0,0.0,0.0,0.0,0.0,0.0,0.0,0.0,0.0,0.0,0.0,0.0,0.0,0.0,0.0,2,2,REM,PAL,0,22,17,1,1,11,33,19,1,E/E,True,False,0.41000000000000003,1.6
2026-05-10,Serie A Brasil,2026,SANTOS,RB BRAGANTINO,2,0,1,0,H,9,11,3,3,13,18,7,3,1,4,0,0,446,387,3,1,53.0,47.0,1492258.0,0.0,0.0,0.0,0.0,0.0,0.0,0.0,0.0,0.0,0.0,0.0,0.0,0.0,0.0,0.0,0.0,0.0,0.0,0.0,0.0,0.0,0.0,0.0,0.0,0.0,0.0,0.0,0.0,0.0,0.0,0.0,0.0,0.0,0.0,0.0,2,1,SAN,RB,1,10,17,3,0,15,20,16,7,SAN/SAN,False,False,1.9899999999999998,-0.09000000000000008
2026-05-10,Serie A Brasil,2026,CORINTHIANS,SAO PAULO,3,2,1,1,H,15,7,6,4,12,13,7,7,4,4,0,0,379,401,3,3,50.0,50.0,1492252.0,0.0,0.0,0.0,0.0,0.0,0.0,0.0,0.0,0.0,0.0,0.0,0.0,0.0,0.0,0.0,0.0,0.0,0.0,0.0,0.0,0.0,0.0,0.0,0.0,0.0,0.0,0.0,0.0,0.0,0.0,0.0,0.0,0.0,0.0,0.0,5,2,COR,SAO,3,14,17,3,0,15,24,17,4,E/COR,True,False,2.51,0.10999999999999988
2026-05-10,Serie A Brasil,2026,MIRASSOL,CHAPECOENSE-SC,1,1,0,0,D,22,11,4,4,10,20,8,1,1,5,0,0,475,346,4,3,58.0,42.0,1492256.0,0.0,0.0,0.0,0.0,0.0,0.0,0.0,0.0,0.0,0.0,0.0,0.0,0.0,0.0,0.0,0.0,0.0,0.0,0.0,0.0,0.0,0.0,0.0,0.0,0.0,0.0,0.0,0.0,0.0,0.0,0.0,0.0,0.0,0.0,0.0,2,0,MIR,CHA,2,9,17,1,1,12,8,18,20,E/E,False,False,1.1800000000000002,0.29000000000000015
2026-05-10,Serie A Brasil,2026,GREMIO,FLAMENGO,0,1,0,0,A,6,20,3,5,10,10,0,6,1,3,0,0,337,726,4,2,32.0,68.0,1492255.0,0.0,0.0,0.0,0.0,0.0,0.0,0.0,0.0,0.0,0.0,0.0,0.0,0.0,0.0,0.0,0.0,0.0,0.0,0.0,0.0,0.0,0.0,0.0,0.0,0.0,0.0,0.0,0.0,0.0,0.0,0.0,0.0,0.0,0.0,0.0,1,0,GRE,FLA,1,6,17,0,3,17,27,17,2,E/FLA,True,False,-0.020000000000000046,2.1000000000000005
2026-05-10,Serie A Brasil,2026,VASCO DA GAMA,ATLETICO PARANAENSE,1,0,1,0,H,16,9,6,3,6,9,4,3,4,1,0,0,480,427,3,5,53.0,47.0,1492259.0,0.0,0.0,0.0,0.0,0.0,0.0,0.0,0.0,0.0,0.0,0.0,0.0,0.0,0.0,0.0,0.0,0.0,0.0,0.0,0.0,0.0,0.0,0.0,0.0,0.0,0.0,0.0,0.0,0.0,0.0,0.0,0.0,0.0,0.0,0.0,1,1,VAS,ATM,0,7,17,3,0,17,23,16,5,VAS/VAS,True,False,2.49,0.11999999999999991
2026-05-16,Serie A Brasil,2026,INTERNACIONAL,VASCO DA GAMA,4,1,2,0,H,12,14,7,3,17,11,3,4,2,2,0,1,342,509,2,3,40.0,60.0,1492267.0,0.0,0.0,0.0,0.0,0.0,0.0,0.0,0.0,0.0,0.0,0.0,0.0,0.0,0.0,0.0,0.0,0.0,0.0,0.0,0.0,0.0,0.0,0.0,0.0,0.0,0.0,0.0,0.0,0.0,0.0,0.0,0.0,0.0,0.0,0.0,5,2,INT,VAS,3,7,18,3,0,18,20,12,7,INT/INT,False,False,2.2699999999999996,-0.21000000000000008
2026-05-16,Serie A Brasil,2026,ATLETICO-MG,MIRASSOL,3,1,1,1,H,15,7,6,3,6,14,5,6,0,1,0,0,389,401,1,3,49.0,51.0,1492261.0,0.0,0.0,0.0,0.0,0.0,0.0,0.0,0.0,0.0,0.0,0.0,0.0,0.0,0.0,0.0,0.0,0.0,0.0,0.0,0.0,0.0,0.0,0.0,0.0,0.0,0.0,0.0,0.0,0.0,0.0,0.0,0.0,0.0,0.0,0.0,4,2,ATM,MIR,2,11,18,3,0,18,13,16,18,E/ATM,False,False,2.38,0.24999999999999997
2026-05-16,Serie A Brasil,2026,FLUMINENSE,SAO PAULO,2,1,2,0,H,10,14,3,7,13,10,3,5,2,5,0,0,473,468,6,1,50.0,50.0,1492266.0,0.0,0.0,0.0,0.0,0.0,0.0,0.0,0.0,0.0,0.0,0.0,0.0,0.0,0.0,0.0,0.0,0.0,0.0,0.0,0.0,0.0,0.0,0.0,0.0,0.0,0.0,0.0,0.0,0.0,0.0,0.0,0.0,0.0,0.0,0.0,3,2,FLU,SAO,1,8,18,3,0,27,24,3,4,FLU/FLU,True,True,1.95,0.5899999999999999
2026-05-17,Serie A Brasil,2026,PALMEIRAS,CRUZEIRO,1,1,1,1,D,16,11,2,4,19,14,6,5,2,4,0,0,364,405,3,1,47.0,53.0,1492268.0,0.0,0.0,0.0,0.0,0.0,0.0,0.0,0.0,0.0,0.0,0.0,0.0,0.0,0.0,0.0,0.0,0.0,0.0,0.0,0.0,0.0,0.0,0.0,0.0,0.0,0.0,0.0,0.0,0.0,0.0,0.0,0.0,0.0,0.0,0.0,2,2,PAL,CRU,0,11,18,1,1,34,19,1,13,E/E,False,True,0.6000000000000001,0.7299999999999999
2026-05-17,Serie A Brasil,2026,SANTOS,CORITIBA,0,3,0,3,A,13,9,3,5,13,15,3,3,4,2,1,0,440,262,2,3,63.0,37.0,1492269.0,0.0,0.0,0.0,0.0,0.0,0.0,0.0,0.0,0.0,0.0,0.0,0.0,0.0,0.0,0.0,0.0,0.0,0.0,0.0,0.0,0.0,0.0,0.0,0.0,0.0,0.0,0.0,0.0,0.0,0.0,0.0,0.0,0.0,0.0,0.0,3,3,SAN,COR,0,6,18,0,3,18,20,15,9,COR/COR,False,False,-0.36000000000000004,1.99
2026-05-17,Serie A Brasil,2026,BAHIA,GREMIO,1,1,0,0,D,17,3,6,1,18,14,7,3,4,5,0,0,445,306,0,5,60.0,40.0,1492262.0,0.0,0.0,0.0,0.0,0.0,0.0,0.0,0.0,0.0,0.0,0.0,0.0,0.0,0.0,0.0,0.0,0.0,0.0,0.0,0.0,0.0,0.0,0.0,0.0,0.0,0.0,0.0,0.0,0.0,0.0,0.0,0.0,0.0,0.0,0.0,2,0,BAH,GRE,2,10,18,1,1,22,17,7,17,E/E,False,False,1.2399999999999998,-0.14
2026-05-17,Serie A Brasil,2026,BOTAFOGO,CORINTHIANS,3,1,2,1,H,13,19,5,1,22,8,3,2,6,1,0,0,255,468,0,2,35.0,65.0,1492263.0,0.0,0.0,0.0,0.0,0.0,0.0,0.0,0.0,0.0,0.0,0.0,0.0,0.0,0.0,0.0,0.0,0.0,0.0,0.0,0.0,0.0,0.0,0.0,0.0,0.0,0.0,0.0,0.0,0.0,0.0,0.0,0.0,0.0,0.0,0.0,4,3,BOT,COR,1,5,18,3,0,18,18,14,16,BOT/BOT,False,False,1.71,-0.16
2026-05-17,Serie A Brasil,2026,CHAPECOENSE-SC,REMO,2,3,1,1,A,18,11,8,4,10,6,3,9,2,1,0,0,440,405,2,6,52.0,48.0,1492265.0,0.0,0.0,0.0,0.0,0.0,0.0,0.0,0.0,0.0,0.0,0.0,0.0,0.0,0.0,0.0,0.0,0.0,0.0,0.0,0.0,0.0,0.0,0.0,0.0,0.0,0.0,0.0,0.0,0.0,0.0,0.0,0.0,0.0,0.0,0.0,5,2,CHA,REM,3,12,18,0,3,9,12,20,19,E/REM,False,False,0.77,1.9900000000000002
2026-05-17,Serie A Brasil,2026,RB BRAGANTINO,VITORIA,2,0,1,0,H,23,7,5,2,21,11,7,6,4,2,0,0,334,348,2,3,50.0,50.0,1492264.0,0.0,0.0,0.0,0.0,0.0,0.0,0.0,0.0,0.0,0.0,0.0,0.0,0.0,0.0,0.0,0.0,0.0,0.0,0.0,0.0,0.0,0.0,0.0,0.0,0.0,0.0,0.0,0.0,0.0,0.0,0.0,0.0,0.0,0.0,0.0,2,1,RB,VIT,1,13,18,3,0,20,19,11,14,RB/RB,False,False,1.98,0.010000000000000009
2026-05-17,Serie A Brasil,2026,ATLETICO PARANAENSE,FLAMENGO,1,1,1,0,D,18,12,5,3,9,12,9,7,2,3,0,1,288,533,3,4,36.0,64.0,1492260.0,0.0,0.0,0.0,0.0,0.0,0.0,0.0,0.0,0.0,0.0,0.0,0.0,0.0,0.0,0.0,0.0,0.0,0.0,0.0,0.0,0.0,0.0,0.0,0.0,0.0,0.0,0.0,0.0,0.0,0.0,0.0,0.0,0.0,0.0,0.0,2,1,ATM,FLA,1,16,18,1,1,23,30,5,2,ATM/E,True,True,1.2100000000000002,0.32000000000000006
2026-05-23,Serie A Brasil,2026,SAO PAULO,BOTAFOGO,1,1,1,0,D,14,14,4,6,20,19,4,3,4,4,0,0,363,311,5,3,54.0,46.0,1492277.0,0.0,0.0,0.0,0.0,0.0,0.0,0.0,0.0,0.0,0.0,0.0,0.0,0.0,0.0,0.0,0.0,0.0,0.0,0.0,0.0,0.0,0.0,0.0,0.0,0.0,0.0,0.0,0.0,0.0,0.0,0.0,0.0,0.0,0.0,0.0,2,1,SAO,BOT,1,7,19,1,1,24,21,4,10,SAO/E,False,True,0.5399999999999999,0.87
2026-05-23,Serie A Brasil,2026,VITORIA,INTERNACIONAL,2,0,1,0,H,8,20,4,2,15,18,4,6,2,3,0,1,306,375,2,2,43.0,57.0,1492279.0,0.0,0.0,0.0,0.0,0.0,0.0,0.0,0.0,0.0,0.0,0.0,0.0,0.0,0.0,0.0,0.0,0.0,0.0,0.0,0.0,0.0,0.0,0.0,0.0,0.0,0.0,0.0,0.0,0.0,0.0,0.0,0.0,0.0,0.0,0.0,2,1,VIT,INT,1,10,19,3,0,19,21,14,10,VIT/VIT,False,False,1.8800000000000001,-0.23000000000000004
2026-05-23,Serie A Brasil,2026,GREMIO,SANTOS,3,2,1,1,H,12,13,5,4,12,13,8,5,1,3,0,1,438,445,2,2,50.0,50.0,1492274.0,0.0,0.0,0.0,0.0,0.0,0.0,0.0,0.0,0.0,0.0,0.0,0.0,0.0,0.0,0.0,0.0,0.0,0.0,0.0,0.0,0.0,0.0,0.0,0.0,0.0,0.0,0.0,0.0,0.0,0.0,0.0,0.0,0.0,0.0,0.0,5,2,GRE,SAN,3,13,19,3,0,18,18,15,16,E/GRE,False,False,2.2499999999999996,-0.1100000000000001
2026-05-23,Serie A Brasil,2026,MIRASSOL,FLUMINENSE,1,0,1,0,H,13,10,8,1,12,14,4,5,2,3,0,0,267,553,1,7,32.0,68.0,1492275.0,0.0,0.0,0.0,0.0,0.0,0.0,0.0,0.0,0.0,0.0,0.0,0.0,0.0,0.0,0.0,0.0,0.0,0.0,0.0,0.0,0.0,0.0,0.0,0.0,0.0,0.0,0.0,0.0,0.0,0.0,0.0,0.0,0.0,0.0,0.0,1,1,MIR,FLU,0,9,19,3,0,13,30,19,3,MIR/MIR,True,False,3.0500000000000003,-0.38000000000000006
2026-05-24,Serie A Brasil,2026,FLAMENGO,PALMEIRAS,0,3,0,1,A,22,12,3,6,9,19,8,4,5,6,1,0,465,536,3,3,48.0,52.0,1492273.0,0.0,0.0,0.0,0.0,0.0,0.0,0.0,0.0,0.0,0.0,0.0,0.0,0.0,0.0,0.0,0.0,0.0,0.0,0.0,0.0,0.0,0.0,0.0,0.0,0.0,0.0,0.0,0.0,0.0,0.0,0.0,0.0,0.0,0.0,0.0,3,1,FLA,PAL,2,12,19,0,3,31,35,2,1,PAL/PAL,True,True,-0.2800000000000001,2.19
2026-05-24,Serie A Brasil,2026,CRUZEIRO,CHAPECOENSE-SC,2,1,1,0,H,18,8,7,4,13,15,9,2,1,3,0,0,473,243,3,5,66.0,34.0,1492272.0,0.0,0.0,0.0,0.0,0.0,0.0,0.0,0.0,0.0,0.0,0.0,0.0,0.0,0.0,0.0,0.0,0.0,0.0,0.0,0.0,0.0,0.0,0.0,0.0,0.0,0.0,0.0,0.0,0.0,0.0,0.0,0.0,0.0,0.0,0.0,3,1,CRU,CHA,2,11,19,3,0,20,9,15,20,CRU/CRU,False,False,2.6599999999999997,-0.13000000000000006
2026-05-24,Serie A Brasil,2026,REMO,ATLETICO PARANAENSE,1,2,1,1,A,3,16,2,9,9,14,3,10,1,4,1,0,335,430,8,1,44.0,56.0,1492276.0,0.0,0.0,0.0,0.0,0.0,0.0,0.0,0.0,0.0,0.0,0.0,0.0,0.0,0.0,0.0,0.0,0.0,0.0,0.0,0.0,0.0,0.0,0.0,0.0,0.0,0.0,0.0,0.0,0.0,0.0,0.0,0.0,0.0,0.0,0.0,3,2,REM,ATM,1,13,19,0,3,15,24,19,5,E/ATM,True,False,-0.55,2.7899999999999996
2026-05-24,Serie A Brasil,2026,CORINTHIANS,ATLETICO-MG,1,0,0,0,H,10,11,4,2,15,14,3,0,1,2,0,0,515,371,2,3,58.0,42.0,1492270.0,0.0,0.0,0.0,0.0,0.0,0.0,0.0,0.0,0.0,0.0,0.0,0.0,0.0,0.0,0.0,0.0,0.0,0.0,0.0,0.0,0.0,0.0,0.0,0.0,0.0,0.0,0.0,0.0,0.0,0.0,0.0,0.0,0.0,0.0,0.0,1,0,COR,ATM,1,3,19,3,0,18,21,16,13,E/COR,False,False,2.05,-0.16000000000000003
2026-05-24,Serie A Brasil,2026,VASCO DA GAMA,RB BRAGANTINO,0,3,0,1,A,14,21,6,9,13,14,6,6,1,3,0,0,385,259,7,6,59.0,41.0,1492278.0,0.0,0.0,0.0,0.0,0.0,0.0,0.0,0.0,0.0,0.0,0.0,0.0,0.0,0.0,0.0,0.0,0.0,0.0,0.0,0.0,0.0,0.0,0.0,0.0,0.0,0.0,0.0,0.0,0.0,0.0,0.0,0.0,0.0,0.0,0.0,3,1,VAS,RB,2,12,19,0,3,20,23,16,8,RB/RB,False,False,0.53,2.4299999999999997
2026-05-25,Serie A Brasil,2026,CORITIBA,BAHIA,3,2,0,1,H,13,14,7,1,11,17,3,6,0,3,0,0,336,429,0,4,44.0,56.0,1492271.0,0.0,0.0,0.0,0.0,0.0,0.0,0.0,0.0,0.0,0.0,0.0,0.0,0.0,0.0,0.0,0.0,0.0,0.0,0.0,0.0,0.0,0.0,0.0,0.0,0.0,0.0,0.0,0.0,0.0,0.0,0.0,0.0,0.0,0.0,0.0,5,1,COR,BAH,4,9,19,3,0,23,23,7,8,BAH/COR,False,False,2.53,-0.26
2026-05-30,Serie A Brasil,2026,FLAMENGO,CORITIBA,3,0,1,0,H,21,10,9,2,10,2,6,4,3,0,0,1,641,394,2,6,62.0,38.0,1492284.0,0.0,0.0,0.0,0.0,0.0,0.0,0.0,0.0,0.0,0.0,0.0,0.0,0.0,0.0,0.0,0.0,0.0,0.0,0.0,0.0,0.0,0.0,0.0,0.0,0.0,0.0,0.0,0.0,0.0,0.0,0.0,0.0,0.0,0.0,0.0,3,1,FLA,COR,2,10,20,3,0,31,26,2,6,FLA/FLA,True,True,3.17,-0.32
2026-05-30,Serie A Brasil,2026,ATLETICO PARANAENSE,MIRASSOL,1,0,0,0,H,13,10,2,2,11,11,6,4,2,3,0,0,396,405,2,1,50.0,50.0,1492280.0,0.0,0.0,0.0,0.0,0.0,0.0,0.0,0.0,0.0,0.0,0.0,0.0,0.0,0.0,0.0,0.0,0.0,0.0,0.0,0.0,0.0,0.0,0.0,0.0,0.0,0.0,0.0,0.0,0.0,0.0,0.0,0.0,0.0,0.0,0.0,1,0,ATM,MIR,1,10,20,3,0,27,16,4,18,E/ATM,False,True,1.72,-0.020000000000000018
2026-05-30,Serie A Brasil,2026,BAHIA,BOTAFOGO,2,1,0,1,H,24,13,9,6,14,16,10,4,4,5,0,1,496,240,4,8,69.0,31.0,1492281.0,0.0,0.0,0.0,0.0,0.0,0.0,0.0,0.0,0.0,0.0,0.0,0.0,0.0,0.0,0.0,0.0,0.0,0.0,0.0,0.0,0.0,0.0,0.0,0.0,0.0,0.0,0.0,0.0,0.0,0.0,0.0,0.0,0.0,0.0,0.0,3,1,BAH,BOT,2,14,20,3,0,23,22,8,10,BOT/BAH,False,False,2.57,-0.3000000000000001
2026-05-30,Serie A Brasil,2026,GREMIO,CORINTHIANS,1,3,1,1,A,10,24,3,9,23,20,4,8,3,2,1,0,295,432,6,1,41.0,59.0,1492285.0,0.0,0.0,0.0,0.0,0.0,0.0,0.0,0.0,0.0,0.0,0.0,0.0,0.0,0.0,0.0,0.0,0.0,0.0,0.0,0.0,0.0,0.0,0.0,0.0,0.0,0.0,0.0,0.0,0.0,0.0,0.0,0.0,0.0,0.0,0.0,4,2,GRE,COR,2,12,20,0,3,21,21,13,15,E/COR,False,False,-0.5100000000000001,2.8199999999999994
2026-05-30,Serie A Brasil,2026,SANTOS,VITORIA,3,1,1,0,H,5,22,4,9,17,8,1,5,3,4,1,0,334,412,8,1,44.0,56.0,1492288.0,0.0,0.0,0.0,0.0,0.0,0.0,0.0,0.0,0.0,0.0,0.0,0.0,0.0,0.0,0.0,0.0,0.0,0.0,0.0,0.0,0.0,0.0,0.0,0.0,0.0,0.0,0.0,0.0,0.0,0.0,0.0,0.0,0.0,0.0,0.0,4,1,SAN,VIT,3,6,20,3,0,18,22,17,12,SAN/SAN,False,False,1.05,0.9799999999999999
2026-05-31,Serie A Brasil,2026,RB BRAGANTINO,INTERNACIONAL,3,1,2,0,H,18,8,7,2,19,17,6,1,2,4,0,0,343,321,1,4,52.0,48.0,1492282.0,0.0,0.0,0.0,0.0,0.0,0.0,0.0,0.0,0.0,0.0,0.0,0.0,0.0,0.0,0.0,0.0,0.0,0.0,0.0,0.0,0.0,0.0,0.0,0.0,0.0,0.0,0.0,0.0,0.0,0.0,0.0,0.0,0.0,0.0,0.0,4,2,RB,INT,2,7,20,3,0,26,21,5,13,RB/RB,False,True,2.53,-0.52
2026-05-31,Serie A Brasil,2026,PALMEIRAS,CHAPECOENSE-SC,1,0,0,0,H,13,15,4,3,9,9,3,2,1,1,1,0,493,517,3,3,48.0,52.0,1492286.0,0.0,0.0,0.0,0.0,0.0,0.0,0.0,0.0,0.0,0.0,0.0,0.0,0.0,0.0,0.0,0.0,0.0,0.0,0.0,0.0,0.0,0.0,0.0,0.0,0.0,0.0,0.0,0.0,0.0,0.0,0.0,0.0,0.0,0.0,0.0,1,0,PAL,CHA,1,5,20,3,0,38,9,1,20,E/PAL,False,True,1.71,0.18999999999999997
2026-05-31,Serie A Brasil,2026,VASCO DA GAMA,ATLETICO-MG,0,1,0,1,A,25,10,8,4,20,17,3,4,1,1,0,0,487,334,3,8,60.0,40.0,1492289.0,0.0,0.0,0.0,0.0,0.0,0.0,0.0,0.0,0.0,0.0,0.0,0.0,0.0,0.0,0.0,0.0,0.0,0.0,0.0,0.0,0.0,0.0,0.0,0.0,0.0,0.0,0.0,0.0,0.0,0.0,0.0,0.0,0.0,0.0,0.0,1,1,VAS,ATM,0,7,20,0,3,20,21,17,14,ATM/ATM,False,False,0.9699999999999999,1.74
2026-05-31,Serie A Brasil,2026,CRUZEIRO,FLUMINENSE,1,1,0,1,D,19,10,3,5,12,15,5,4,2,2,0,0,583,370,4,2,61.0,39.0,1492283.0,0.0,0.0,0.0,0.0,0.0,0.0,0.0,0.0,0.0,0.0,0.0,0.0,0.0,0.0,0.0,0.0,0.0,0.0,0.0,0.0,0.0,0.0,0.0,0.0,0.0,0.0,0.0,0.0,0.0,0.0,0.0,0.0,0.0,0.0,0.0,2,1,CRU,FLU,1,9,20,1,1,23,30,11,4,FLU/E,True,False,0.6699999999999999,1.0
2026-05-31,Serie A Brasil,2026,REMO,SAO PAULO,1,0,0,0,H,9,9,2,4,7,14,6,7,1,2,0,0,301,470,4,1,40.0,60.0,1492287.0,0.0,0.0,0.0,0.0,0.0,0.0,0.0,0.0,0.0,0.0,0.0,0.0,0.0,0.0,0.0,0.0,0.0,0.0,0.0,0.0,0.0,0.0,0.0,0.0,0.0,0.0,0.0,0.0,0.0,0.0,0.0,0.0,0.0,0.0,0.0,1,0,REM,SAO,1,13,20,3,0,15,25,19,8,E/REM,False,False,1.6600000000000001,0.53
2026-07-16,Serie A Brasil,2026,BOTAFOGO,SANTOS,2,1,1,0,H,17,22,7,9,10,13,5,5,3,2,0,0,377,414,8,5,48.0,52.0,1492291.0,0.0,0.0,0.0,0.0,0.0,0.0,0.0,0.0,0.0,0.0,0.0,0.0,0.0,0.0,0.0,0.0,0.0,0.0,0.0,0.0,0.0,0.0,0.0,0.0,0.0,0.0,0.0,0.0,0.0,0.0,0.0,0.0,0.0,0.0,0.0,3,1,BOT,SAN,2,10,21,3,0,22,21,12,15,BOT/BOT,False,False,1.9499999999999995,0.9499999999999997
2026-07-16,Serie A Brasil,2026,VITORIA,VASCO DA GAMA,1,0,0,0,H,14,13,6,3,12,15,3,2,0,0,0,0,385,394,3,5,50.0,50.0,1492299.0,0.0,0.0,0.0,0.0,0.0,0.0,0.0,0.0,0.0,0.0,0.0,0.0,0.0,0.0,0.0,0.0,0.0,0.0,0.0,0.0,0.0,0.0,0.0,0.0,0.0,0.0,0.0,0.0,0.0,0.0,0.0,0.0,0.0,0.0,0.0,1,0,VIT,VAS,1,5,21,3,0,22,20,13,17,E/VIT,False,False,2.36,0.18999999999999992
2026-07-17,Serie A Brasil,2026,BAHIA,CHAPECOENSE-SC,2,0,2,0,H,17,10,6,2,17,17,10,6,2,0,0,0,504,267,2,4,65.0,35.0,1492140.0,0.0,0.0,0.0,0.0,0.0,0.0,0.0,0.0,0.0,0.0,0.0,0.0,0.0,0.0,0.0,0.0,0.0,0.0,0.0,0.0,0.0,0.0,0.0,0.0,0.0,0.0,0.0,0.0,0.0,0.0,0.0,0.0,0.0,0.0,0.0,2,2,BAH,CHA,0,16,21,3,0,26,9,6,20,BAH/BAH,False,True,2.4799999999999995,0.09999999999999998
2026-07-17,Serie A Brasil,2026,FLUMINENSE,RB BRAGANTINO,1,1,0,1,D,25,6,4,2,6,9,11,4,2,4,1,2,578,294,1,3,67.0,33.0,1492295.0,0.0,0.0,0.0,0.0,0.0,0.0,0.0,0.0,0.0,0.0,0.0,0.0,0.0,0.0,0.0,0.0,0.0,0.0,0.0,0.0,0.0,0.0,0.0,0.0,0.0,0.0,0.0,0.0,0.0,0.0,0.0,0.0,0.0,0.0,0.0,2,1,FLU,RB,1,15,21,1,1,31,29,3,5,RB/E,True,True,1.02,-0.31999999999999995
2026-07-17,Serie A Brasil,2026,MIRASSOL,GREMIO,2,1,2,0,H,14,9,3,4,14,9,5,4,1,3,0,0,340,445,3,1,45.0,55.0,1492297.0,0.0,0.0,0.0,0.0,0.0,0.0,0.0,0.0,0.0,0.0,0.0,0.0,0.0,0.0,0.0,0.0,0.0,0.0,0.0,0.0,0.0,0.0,0.0,0.0,0.0,0.0,0.0,0.0,0.0,0.0,0.0,0.0,0.0,0.0,0.0,3,2,MIR,GRE,1,9,21,3,0,16,21,19,15,MIR/MIR,False,False,1.8199999999999998,0.2499999999999999
2026-07-21,Serie A Brasil,2026,ATLETICO-MG,BAHIA,1,1,1,0,D,16,21,4,4,4,12,6,4,0,2,0,0,399,406,3,3,53.0,47.0,1492290.0,0.0,0.0,0.0,0.0,0.0,0.0,0.0,0.0,0.0,0.0,0.0,0.0,0.0,0.0,0.0,0.0,0.0,0.0,0.0,0.0,0.0,0.0,0.0,0.0,0.0,0.0,0.0,0.0,0.0,0.0,0.0,0.0,0.0,0.0,0.0,2,1,ATM,BAH,1,10,22,1,1,24,29,11,6,ATM/E,True,False,1.12,0.78
2026-07-22,Serie A Brasil,2026,CORITIBA,PALMEIRAS,1,3,0,2,A,17,13,6,6,10,16,8,4,1,3,0,0,436,435,3,5,51.0,49.0,1492294.0,0.0,0.0,0.0,0.0,0.0,0.0,0.0,0.0,0.0,0.0,0.0,0.0,0.0,0.0,0.0,0.0,0.0,0.0,0.0,0.0,0.0,0.0,0.0,0.0,0.0,0.0,0.0,0.0,0.0,0.0,0.0,0.0,0.0,0.0,0.0,4,2,COR,PAL,2,12,22,0,3,26,41,7,1,PAL/PAL,True,False,0.82,1.8399999999999996
2026-07-23,Serie A Brasil,2026,INTERNACIONAL,CRUZEIRO,1,2,0,1,A,21,13,3,6,18,14,5,7,1,6,1,0,337,400,3,1,47.0,53.0,1492296.0,0.0,0.0,0.0,0.0,0.0,0.0,0.0,0.0,0.0,0.0,0.0,0.0,0.0,0.0,0.0,0.0,0.0,0.0,0.0,0.0,0.0,0.0,0.0,0.0,0.0,0.0,0.0,0.0,0.0,0.0,0.0,0.0,0.0,0.0,0.0,3,1,INT,CRU,2,12,22,0,3,21,24,14,13,CRU/CRU,False,False,-0.09000000000000011,1.9
2026-07-23,Serie A Brasil,2026,SAO PAULO,ATLETICO PARANAENSE,1,2,1,0,A,18,11,3,3,7,15,7,3,0,1,0,0,629,263,1,2,70.0,30.0,1492298.0,0.0,0.0,0.0,0.0,0.0,0.0,0.0,0.0,0.0,0.0,0.0,0.0,0.0,0.0,0.0,0.0,0.0,0.0,0.0,0.0,0.0,0.0,0.0,0.0,0.0,0.0,0.0,0.0,0.0,0.0,0.0,0.0,0.0,0.0,0.0,3,1,SAO,ATM,2,10,22,0,3,25,30,9,5,SAO/ATM,True,False,0.5899999999999999,1.7099999999999995
2026-07-23,Serie A Brasil,2026,CHAPECOENSE-SC,FLAMENGO,0,4,0,2,A,13,10,3,6,9,8,5,3,1,0,0,0,378,683,3,3,36.0,64.0,1492292.0,0.0,0.0,0.0,0.0,0.0,0.0,0.0,0.0,0.0,0.0,0.0,0.0,0.0,0.0,0.0,0.0,0.0,0.0,0.0,0.0,0.0,0.0,0.0,0.0,0.0,0.0,0.0,0.0,0.0,0.0,0.0,0.0,0.0,0.0,0.0,4,2,CHA,FLA,2,8,22,0,3,9,34,20,2,FLA/FLA,True,False,0.2399999999999999,2.3
2026-07-23,Serie A Brasil,2026,BOTAFOGO,VITORIA,0,0,0,0,D,19,5,6,1,16,14,9,3,1,1,0,0,373,297,1,6,57.0,43.0,1492141.0,0.0,0.0,0.0,0.0,0.0,0.0,0.0,0.0,0.0,0.0,0.0,0.0,0.0,0.0,0.0,0.0,0.0,0.0,0.0,0.0,0.0,0.0,0.0,0.0,0.0,0.0,0.0,0.0,0.0,0.0,0.0,0.0,0.0,0.0,0.0,0,0,BOT,VIT,0,12,22,1,1,25,25,10,12,E/E,False,False,1.6399999999999997,0.22
2026-07-23,Serie A Brasil,2026,CORINTHIANS,REMO,3,0,3,0,H,15,3,7,0,12,9,3,4,1,1,0,0,516,398,0,4,56.0,44.0,1492293.0,0.0,0.0,0.0,0.0,0.0,0.0,0.0,0.0,0.0,0.0,0.0,0.0,0.0,0.0,0.0,0.0,0.0,0.0,0.0,0.0,0.0,0.0,0.0,0.0,0.0,0.0,0.0,0.0,0.0,0.0,0.0,0.0,0.0,0.0,0.0,3,3,COR,REM,0,7,22,3,0,24,18,13,19,COR/COR,False,False,2.5199999999999996,-0.31000000000000005
2026-07-25,Serie A Brasil,2026,SANTOS,CHAPECOENSE-SC,2,2,1,0,D,21,5,7,3,11,13,12,1,3,4,0,0,594,335,2,5,64.0,36.0,1492308.0,0.0,0.0,0.0,0.0,0.0,0.0,0.0,0.0,0.0,0.0,0.0,0.0,0.0,0.0,0.0,0.0,0.0,0.0,0.0,0.0,0.0,0.0,0.0,0.0,0.0,0.0,0.0,0.0,0.0,0.0,0.0,0.0,0.0,0.0,0.0,4,1,SAN,CHA,3,13,23,1,1,21,9,15,20,SAN/E,False,False,1.68,0.009999999999999898
2026-07-25,Serie A Brasil,2026,ATLETICO PARANAENSE,INTERNACIONAL,2,0,1,0,H,14,13,4,3,13,8,3,7,0,0,0,0,353,417,3,2,46.0,54.0,1492300.0,0.0,0.0,0.0,0.0,0.0,0.0,0.0,0.0,0.0,0.0,0.0,0.0,0.0,0.0,0.0,0.0,0.0,0.0,0.0,0.0,0.0,0.0,0.0,0.0,0.0,0.0,0.0,0.0,0.0,0.0,0.0,0.0,0.0,0.0,0.0,2,1,ATM,INT,1,10,23,3,0,33,21,3,15,ATM/ATM,False,True,1.96,0.54
2026-07-25,Serie A Brasil,2026,VASCO DA GAMA,MIRASSOL,1,1,0,1,D,20,10,4,3,12,7,9,5,1,1,0,0,472,349,2,3,58.0,42.0,1492309.0,0.0,0.0,0.0,0.0,0.0,0.0,0.0,0.0,0.0,0.0,0.0,0.0,0.0,0.0,0.0,0.0,0.0,0.0,0.0,0.0,0.0,0.0,0.0,0.0,0.0,0.0,0.0,0.0,0.0,0.0,0.0,0.0,0.0,0.0,0.0,2,1,VAS,MIR,1,14,23,1,1,20,19,17,18,MIR/E,False,False,1.2,0.7200000000000001
2026-07-26,Serie A Brasil,2026,BAHIA,CORINTHIANS,1,1,1,1,D,13,5,2,2,17,18,7,2,2,5,0,0,474,323,1,1,60.0,40.0,1492301.0,0.0,0.0,0.0,0.0,0.0,0.0,0.0,0.0,0.0,0.0,0.0,0.0,0.0,0.0,0.0,0.0,0.0,0.0,0.0,0.0,0.0,0.0,0.0,0.0,0.0,0.0,0.0,0.0,0.0,0.0,0.0,0.0,0.0,0.0,0.0,2,2,BAH,COR,0,9,23,1,1,30,27,6,7,E/E,False,True,0.81,0.16000000000000003
2026-07-26,Serie A Brasil,2026,CRUZEIRO,BOTAFOGO,0,1,0,1,A,16,8,6,4,14,18,9,1,4,5,0,0,449,286,3,6,62.0,38.0,1492303.0,0.0,0.0,0.0,0.0,0.0,0.0,0.0,0.0,0.0,0.0,0.0,0.0,0.0,0.0,0.0,0.0,0.0,0.0,0.0,0.0,0.0,0.0,0.0,0.0,0.0,0.0,0.0,0.0,0.0,0.0,0.0,0.0,0.0,0.0,0.0,1,1,CRU,BOT,0,10,23,0,3,27,26,8,9,BOT/BOT,False,False,0.7299999999999999,1.1700000000000002
2026-07-26,Serie A Brasil,2026,FLAMENGO,SAO PAULO,1,1,0,0,D,18,4,6,1,15,19,5,2,1,3,0,0,510,439,0,5,54.0,46.0,1492304.0,0.0,0.0,0.0,0.0,0.0,0.0,0.0,0.0,0.0,0.0,0.0,0.0,0.0,0.0,0.0,0.0,0.0,0.0,0.0,0.0,0.0,0.0,0.0,0.0,0.0,0.0,0.0,0.0,0.0,0.0,0.0,0.0,0.0,0.0,0.0,2,0,FLA,SAO,2,7,23,1,1,37,25,2,12,E/E,False,True,1.4599999999999997,0.04999999999999993
2026-07-26,Serie A Brasil,2026,GREMIO,FLUMINENSE,1,1,0,0,D,12,7,5,3,12,9,9,2,2,4,0,0,466,476,2,4,51.0,49.0,1492305.0,0.0,0.0,0.0,0.0,0.0,0.0,0.0,0.0,0.0,0.0,0.0,0.0,0.0,0.0,0.0,0.0,0.0,0.0,0.0,0.0,0.0,0.0,0.0,0.0,0.0,0.0,0.0,0.0,0.0,0.0,0.0,0.0,0.0,0.0,0.0,2,0,GRE,FLU,2,11,23,1,1,21,32,16,4,E/E,True,False,1.31,0.21999999999999986
2026-07-26,Serie A Brasil,2026,RB BRAGANTINO,CORITIBA,0,0,0,0,D,20,5,3,3,17,3,8,1,3,2,0,0,404,327,3,3,56.0,44.0,1492302.0,0.0,0.0,0.0,0.0,0.0,0.0,0.0,0.0,0.0,0.0,0.0,0.0,0.0,0.0,0.0,0.0,0.0,0.0,0.0,0.0,0.0,0.0,0.0,0.0,0.0,0.0,0.0,0.0,0.0,0.0,0.0,0.0,0.0,0.0,0.0,0,0,RB,COR,0,9,23,1,1,30,26,6,11,E/E,False,True,0.8799999999999999,0.48999999999999994
2026-07-26,Serie A Brasil,2026,PALMEIRAS,ATLETICO-MG,1,2,0,0,A,22,9,6,4,7,11,10,5,0,3,0,0,669,307,2,5,69.0,31.0,1492306.0,0.0,0.0,0.0,0.0,0.0,0.0,0.0,0.0,0.0,0.0,0.0,0.0,0.0,0.0,0.0,0.0,0.0,0.0,0.0,0.0,0.0,0.0,0.0,0.0,0.0,0.0,0.0,0.0,0.0,0.0,0.0,0.0,0.0,0.0,0.0,3,0,PAL,ATM,3,15,23,0,3,44,25,1,13,E/ATM,False,True,1.0999999999999999,2.05
2026-07-26,Serie A Brasil,2026,REMO,VITORIA,2,0,1,0,H,15,14,9,6,16,8,4,9,3,1,0,0,278,508,5,7,35.0,65.0,1492307.0,0.0,0.0,0.0,0.0,0.0,0.0,0.0,0.0,0.0,0.0,0.0,0.0,0.0,0.0,0.0,0.0,0.0,0.0,0.0,0.0,0.0,0.0,0.0,0.0,0.0,0.0,0.0,0.0,0.0,0.0,0.0,0.0,0.0,0.0,0.0,2,1,REM,VIT,1,13,23,3,0,18,26,19,13,REM/REM,False,False,2.2699999999999996,0.72
2026-07-29,Serie A Brasil,2026,INTERNACIONAL,FLAMENGO,1,1,1,0,D,16,14,5,5,11,14,2,3,1,3,0,0,259,705,4,4,27.0,73.0,1492316.0,0.0,0.0,0.0,0.0,0.0,0.0,0.0,0.0,0.0,0.0,0.0,0.0,0.0,0.0,0.0,0.0,0.0,0.0,0.0,0.0,0.0,0.0,0.0,0.0,0.0,0.0,0.0,0.0,0.0,0.0,0.0,0.0,0.0,0.0,0.0,2,1,INT,FLA,1,5,24,1,1,21,38,16,2,INT/E,True,False,0.9400000000000001,0.8099999999999998
2026-07-29,Serie A Brasil,2026,MIRASSOL,REMO,2,1,1,1,H,8,13,4,2,15,5,6,3,2,2,0,0,474,394,1,3,54.0,46.0,1492317.0,0.0,0.0,0.0,0.0,0.0,0.0,0.0,0.0,0.0,0.0,0.0,0.0,0.0,0.0,0.0,0.0,0.0,0.0,0.0,0.0,0.0,0.0,0.0,0.0,0.0,0.0,0.0,0.0,0.0,0.0,0.0,0.0,0.0,0.0,0.0,3,2,MIR,REM,1,9,24,3,0,20,21,19,18,E/MIR,False,False,2.0399999999999996,-0.07
2026-07-30,Serie A Brasil,2026,FLUMINENSE,BAHIA,0,0,0,0,D,24,10,11,0,7,9,8,1,1,1,0,0,528,387,0,10,58.0,42.0,1492315.0,0.0,0.0,0.0,0.0,0.0,0.0,0.0,0.0,0.0,0.0,0.0,0.0,0.0,0.0,0.0,0.0,0.0,0.0,0.0,0.0,0.0,0.0,0.0,0.0,0.0,0.0,0.0,0.0,0.0,0.0,0.0,0.0,0.0,0.0,0.0,0,0,FLU,BAH,0,9,24,1,1,33,31,4,6,E/E,True,True,2.4299999999999997,-0.26
2026-07-30,Serie A Brasil,2026,VITORIA,PALMEIRAS,0,4,0,2,A,10,16,3,5,10,15,6,1,3,2,2,0,229,508,2,3,32.0,68.0,1492319.0,0.0,0.0,0.0,0.0,0.0,0.0,0.0,0.0,0.0,0.0,0.0,0.0,0.0,0.0,0.0,0.0,0.0,0.0,0.0,0.0,0.0,0.0,0.0,0.0,0.0,0.0,0.0,0.0,0.0,0.0,0.0,0.0,0.0,0.0,0.0,4,2,VIT,PAL,2,7,24,0,3,26,44,13,1,PAL/PAL,True,False,-0.32000000000000006,1.8299999999999998
2026-07-30,Serie A Brasil,2026,CORINTHIANS,ATLETICO PARANAENSE,0,0,0,0,D,7,5,4,1,16,15,6,2,3,4,0,0,429,404,1,4,52.0,48.0,1492313.0,0.0,0.0,0.0,0.0,0.0,0.0,0.0,0.0,0.0,0.0,0.0,0.0,0.0,0.0,0.0,0.0,0.0,0.0,0.0,0.0,0.0,0.0,0.0,0.0,0.0,0.0,0.0,0.0,0.0,0.0,0.0,0.0,0.0,0.0,0.0,0,0,COR,ATM,0,8,24,1,1,28,36,8,3,E/E,True,False,1.01,0.030000000000000027
2026-07-31,Serie A Brasil,2026,CORITIBA,CRUZEIRO,0,1,0,0,A,19,20,2,4,13,18,4,2,1,1,0,0,408,413,3,2,50.0,50.0,1492314.0,0.0,0.0,0.0,0.0,0.0,0.0,0.0,0.0,0.0,0.0,0.0,0.0,0.0,0.0,0.0,0.0,0.0,0.0,0.0,0.0,0.0,0.0,0.0,0.0,0.0,0.0,0.0,0.0,0.0,0.0,0.0,0.0,0.0,0.0,0.0,1,0,COR,CRU,1,6,24,0,3,27,27,10,11,E/CRU,False,False,0.16,1.92
2026-08-08,Serie A Brasil,2026,GREMIO,SAO PAULO,2,1,0,1,H,12,18,5,5,12,19,7,7,4,3,0,0,421,462,4,3,48.0,52.0,1492326.0,0.0,0.0,0.0,0.0,0.0,0.0,0.0,0.0,0.0,0.0,0.0,0.0,0.0,0.0,0.0,0.0,0.0,0.0,0.0,0.0,0.0,0.0,0.0,0.0,0.0,0.0,0.0,0.0,0.0,0.0,0.0,0.0,0.0,0.0,0.0,3,1,GRE,SAO,2,14,25,3,0,22,26,17,12,SAO/GRE,False,False,1.81,0.41000000000000003
2026-08-08,Serie A Brasil,2026,REMO,ATLETICO-MG,2,2,1,2,D,12,10,4,2,13,13,5,2,1,2,0,0,388,562,0,2,41.0,59.0,1492328.0,0.0,0.0,0.0,0.0,0.0,0.0,0.0,0.0,0.0,0.0,0.0,0.0,0.0,0.0,0.0,0.0,0.0,0.0,0.0,0.0,0.0,0.0,0.0,0.0,0.0,0.0,0.0,0.0,0.0,0.0,0.0,0.0,0.0,0.0,0.0,4,3,REM,ATM,1,7,25,1,1,21,28,19,10,ATM/E,False,False,1.1099999999999999,0.4000000000000001
2026-08-08,Serie A Brasil,2026,CORITIBA,CHAPECOENSE-SC,2,1,1,0,H,15,12,4,3,14,11,5,6,1,1,0,0,277,497,2,2,36.0,64.0,1492323.0,0.0,0.0,0.0,0.0,0.0,0.0,0.0,0.0,0.0,0.0,0.0,0.0,0.0,0.0,0.0,0.0,0.0,0.0,0.0,0.0,0.0,0.0,0.0,0.0,0.0,0.0,0.0,0.0,0.0,0.0,0.0,0.0,0.0,0.0,0.0,3,1,COR,CHA,2,11,25,3,0,27,10,11,20,COR/COR,False,False,1.98,0.3500000000000001
2026-08-09,Serie A Brasil,2026,BOTAFOGO,FLUMINENSE,1,1,1,0,D,20,14,7,4,16,19,7,7,4,3,1,0,324,471,3,6,41.0,59.0,1492321.0,0.0,0.0,0.0,0.0,0.0,0.0,0.0,0.0,0.0,0.0,0.0,0.0,0.0,0.0,0.0,0.0,0.0,0.0,0.0,0.0,0.0,0.0,0.0,0.0,0.0,0.0,0.0,0.0,0.0,0.0,0.0,0.0,0.0,0.0,0.0,2,1,BOT,FLU,1,14,25,1,1,29,34,9,4,BOT/E,True,False,0.9100000000000001,0.66
2026-08-09,Serie A Brasil,2026,CRUZEIRO,MIRASSOL,3,1,1,1,H,11,13,3,4,14,18,4,1,3,2,0,0,374,379,3,0,50.0,50.0,1492324.0,0.0,0.0,0.0,0.0,0.0,0.0,0.0,0.0,0.0,0.0,0.0,0.0,0.0,0.0,0.0,0.0,0.0,0.0,0.0,0.0,0.0,0.0,0.0,0.0,0.0,0.0,0.0,0.0,0.0,0.0,0.0,0.0,0.0,0.0,0.0,4,2,CRU,MIR,2,5,25,3,0,30,23,9,15,E/CRU,False,False,1.63,0.21999999999999992
2026-08-09,Serie A Brasil,2026,BAHIA,VASCO DA GAMA,0,0,0,0,D,11,14,2,3,13,10,4,6,1,2,0,0,383,364,3,2,51.0,49.0,1492320.0,0.0,0.0,0.0,0.0,0.0,0.0,0.0,0.0,0.0,0.0,0.0,0.0,0.0,0.0,0.0,0.0,0.0,0.0,0.0,0.0,0.0,0.0,0.0,0.0,0.0,0.0,0.0,0.0,0.0,0.0,0.0,0.0,0.0,0.0,0.0,0,0,BAH,VAS,0,10,25,1,1,32,21,6,19,E/E,False,True,0.6300000000000001,0.8699999999999999
2026-08-09,Serie A Brasil,2026,PALMEIRAS,INTERNACIONAL,0,0,0,0,D,22,9,3,2,11,16,5,2,1,3,0,0,545,343,2,2,62.0,38.0,1492327.0,0.0,0.0,0.0,0.0,0.0,0.0,0.0,0.0,0.0,0.0,0.0,0.0,0.0,0.0,0.0,0.0,0.0,0.0,0.0,0.0,0.0,0.0,0.0,0.0,0.0,0.0,0.0,0.0,0.0,0.0,0.0,0.0,0.0,0.0,0.0,0,0,PAL,INT,0,7,25,1,1,47,22,1,17,E/E,False,True,0.9600000000000001,0.35
2026-08-09,Serie A Brasil,2026,SANTOS,ATLETICO PARANAENSE,0,2,0,2,A,22,8,2,4,12,11,10,2,1,1,0,0,568,351,2,2,62.0,38.0,1492329.0,0.0,0.0,0.0,0.0,0.0,0.0,0.0,0.0,0.0,0.0,0.0,0.0,0.0,0.0,0.0,0.0,0.0,0.0,0.0,0.0,0.0,0.0,0.0,0.0,0.0,0.0,0.0,0.0,0.0,0.0,0.0,0.0,0.0,0.0,0.0,2,2,SAN,ATM,0,12,25,0,3,22,37,17,3,ATM/ATM,True,False,0.45999999999999996,1.8
2026-08-09,Serie A Brasil,2026,RB BRAGANTINO,CORINTHIANS,0,2,0,0,A,10,9,2,4,12,14,3,2,1,3,0,0,352,389,2,2,48.0,52.0,1492322.0,0.0,0.0,0.0,0.0,0.0,0.0,0.0,0.0,0.0,0.0,0.0,0.0,0.0,0.0,0.0,0.0,0.0,0.0,0.0,0.0,0.0,0.0,0.0,0.0,0.0,0.0,0.0,0.0,0.0,0.0,0.0,0.0,0.0,0.0,0.0,2,0,RB,COR,2,5,25,0,3,31,29,7,10,E/COR,False,False,0.10999999999999999,1.74
2026-08-09,Serie A Brasil,2026,FLAMENGO,VITORIA,2,0,1,0,H,19,7,6,1,13,8,8,1,1,1,0,0,669,387,1,4,63.0,37.0,1492325.0,0.0,0.0,0.0,0.0,0.0,0.0,0.0,0.0,0.0,0.0,0.0,0.0,0.0,0.0,0.0,0.0,0.0,0.0,0.0,0.0,0.0,0.0,0.0,0.0,0.0,0.0,0.0,0.0,0.0,0.0,0.0,0.0,0.0,0.0,0.0,2,1,FLA,VIT,1,9,25,3,0,39,26,3,13,FLA/FLA,False,True,2.63,-0.3600000000000001
2026-08-15,Serie A Brasil,2026,FLUMINENSE,PALMEIRAS,3,2,1,1,H,17,15,6,7,16,17,5,5,4,3,0,0,486,318,5,3,60.0,40.0,1492334.0,0.0,0.0,0.0,0.0,0.0,0.0,0.0,0.0,0.0,0.0,0.0,0.0,0.0,0.0,0.0,0.0,0.0,0.0,0.0,0.0,0.0,0.0,0.0,0.0,0.0,0.0,0.0,0.0,0.0,0.0,0.0,0.0,0.0,0.0,0.0,5,2,FLU,PAL,3,10,26,3,0,35,48,4,1,E/FLU,True,True,2.3,0.6
2026-08-15,Serie A Brasil,2026,ATLETICO PARANAENSE,RB BRAGANTINO,1,1,0,0,D,20,16,7,5,7,8,8,5,0,1,0,0,459,460,4,6,50.0,50.0,1492330.0,0.0,0.0,0.0,0.0,0.0,0.0,0.0,0.0,0.0,0.0,0.0,0.0,0.0,0.0,0.0,0.0,0.0,0.0,0.0,0.0,0.0,0.0,0.0,0.0,0.0,0.0,0.0,0.0,0.0,0.0,0.0,0.0,0.0,0.0,0.0,2,0,ATM,RB,2,13,26,1,1,40,31,3,8,E/E,False,True,1.6,0.8899999999999999
2026-08-16,Serie A Brasil,2026,SAO PAULO,CORITIBA,1,1,1,0,D,19,8,6,1,15,10,6,3,2,1,0,0,600,314,0,5,66.0,34.0,1492337.0,0.0,0.0,0.0,0.0,0.0,0.0,0.0,0.0,0.0,0.0,0.0,0.0,0.0,0.0,0.0,0.0,0.0,0.0,0.0,0.0,0.0,0.0,0.0,0.0,0.0,0.0,0.0,0.0,0.0,0.0,0.0,0.0,0.0,0.0,0.0,2,1,SAO,COR,1,9,26,1,1,26,30,12,10,SAO/E,False,False,1.39,0.28
2026-08-16,Serie A Brasil,2026,CHAPECOENSE-SC,BAHIA,3,3,1,2,D,12,19,3,4,16,9,3,5,1,2,0,0,283,555,3,0,35.0,65.0,1492332.0,0.0,0.0,0.0,0.0,0.0,0.0,0.0,0.0,0.0,0.0,0.0,0.0,0.0,0.0,0.0,0.0,0.0,0.0,0.0,0.0,0.0,0.0,0.0,0.0,0.0,0.0,0.0,0.0,0.0,0.0,0.0,0.0,0.0,0.0,0.0,6,3,CHA,BAH,3,8,26,1,1,10,33,20,5,BAH/E,True,False,0.7000000000000001,0.9400000000000002
2026-08-16,Serie A Brasil,2026,VASCO DA GAMA,SANTOS,0,3,0,0,A,19,11,3,5,14,11,4,2,2,0,0,0,408,324,2,4,57.0,43.0,1492338.0,0.0,0.0,0.0,0.0,0.0,0.0,0.0,0.0,0.0,0.0,0.0,0.0,0.0,0.0,0.0,0.0,0.0,0.0,0.0,0.0,0.0,0.0,0.0,0.0,0.0,0.0,0.0,0.0,0.0,0.0,0.0,0.0,0.0,0.0,0.0,3,0,VAS,SAN,3,6,26,0,3,22,22,18,17,E/SAN,False,False,0.15999999999999998,2.12
2026-08-16,Serie A Brasil,2026,ATLETICO-MG,GREMIO,3,0,1,0,H,15,9,5,1,14,11,8,6,3,3,0,0,480,464,1,2,51.0,49.0,1492331.0,0.0,0.0,0.0,0.0,0.0,0.0,0.0,0.0,0.0,0.0,0.0,0.0,0.0,0.0,0.0,0.0,0.0,0.0,0.0,0.0,0.0,0.0,0.0,0.0,0.0,0.0,0.0,0.0,0.0,0.0,0.0,0.0,0.0,0.0,0.0,3,1,ATM,GRE,2,14,26,3,0,29,25,11,15,ATM/ATM,False,False,2.1799999999999997,-0.26
2026-08-16,Serie A Brasil,2026,VITORIA,BOTAFOGO,1,0,1,0,H,22,17,4,3,19,18,8,4,2,3,0,0,344,402,3,2,46.0,54.0,1492339.0,0.0,0.0,0.0,0.0,0.0,0.0,0.0,0.0,0.0,0.0,0.0,0.0,0.0,0.0,0.0,0.0,0.0,0.0,0.0,0.0,0.0,0.0,0.0,0.0,0.0,0.0,0.0,0.0,0.0,0.0,0.0,0.0,0.0,0.0,0.0,1,1,VIT,BOT,0,12,26,3,0,26,30,13,11,VIT/VIT,False,False,2.07,-0.01000000000000012
2026-08-16,Serie A Brasil,2026,MIRASSOL,FLAMENGO,1,5,0,1,A,16,15,5,8,12,4,4,3,3,0,0,0,391,539,3,3,43.0,57.0,1492336.0,0.0,0.0,0.0,0.0,0.0,0.0,0.0,0.0,0.0,0.0,0.0,0.0,0.0,0.0,0.0,0.0,0.0,0.0,0.0,0.0,0.0,0.0,0.0,0.0,0.0,0.0,0.0,0.0,0.0,0.0,0.0,0.0,0.0,0.0,0.0,6,1,MIR,FLA,5,7,26,0,3,23,42,17,2,FLA/FLA,True,False,0.19,2.52
2026-08-16,Serie A Brasil,2026,CORINTHIANS,CRUZEIRO,1,2,0,1,A,20,15,6,6,16,14,3,8,1,4,0,0,457,410,4,5,53.0,47.0,1492333.0,0.0,0.0,0.0,0.0,0.0,0.0,0.0,0.0,0.0,0.0,0.0,0.0,0.0,0.0,0.0,0.0,0.0,0.0,0.0,0.0,0.0,0.0,0.0,0.0,0.0,0.0,0.0,0.0,0.0,0.0,0.0,0.0,0.0,0.0,0.0,3,1,COR,CRU,2,11,26,0,3,32,33,8,6,CRU/CRU,True,False,0.4899999999999999,2.0399999999999996
2026-08-17,Serie A Brasil,2026,INTERNACIONAL,REMO,1,1,1,0,D,11,12,3,3,13,12,4,5,1,4,0,0,339,522,2,2,40.0,60.0,1492335.0,0.0,0.0,0.0,0.0,0.0,0.0,0.0,0.0,0.0,0.0,0.0,0.0,0.0,0.0,0.0,0.0,0.0,0.0,0.0,0.0,0.0,0.0,0.0,0.0,0.0,0.0,0.0,0.0,0.0,0.0,0.0,0.0,0.0,0.0,0.0,2,1,INT,REM,1,9,26,1,1,23,22,16,18,INT/E,False,False,0.8,0.5699999999999998
2026-08-22,Serie A Brasil,2026,FLUMINENSE,REMO,2,1,0,1,H,20,7,9,1,10,10,11,2,1,1,0,0,713,268,0,7,73.0,27.0,1492345.0,0.0,0.0,0.0,0.0,0.0,0.0,0.0,0.0,0.0,0.0,0.0,0.0,0.0,0.0,0.0,0.0,0.0,0.0,0.0,0.0,0.0,0.0,0.0,0.0,0.0,0.0,0.0,0.0,0.0,0.0,0.0,0.0,0.0,0.0,0.0,3,1,FLU,REM,2,13,27,3,0,38,23,4,17,REM/FLU,False,True,3.2099999999999995,-0.52
2026-08-22,Serie A Brasil,2026,INTERNACIONAL,ATLETICO-MG,0,0,0,0,D,23,11,3,5,18,15,6,5,5,3,0,0,445,413,4,3,52.0,48.0,1492346.0,0.0,0.0,0.0,0.0,0.0,0.0,0.0,0.0,0.0,0.0,0.0,0.0,0.0,0.0,0.0,0.0,0.0,0.0,0.0,0.0,0.0,0.0,0.0,0.0,0.0,0.0,0.0,0.0,0.0,0.0,0.0,0.0,0.0,0.0,0.0,0,0,INT,ATM,0,11,27,1,1,24,32,16,8,E/E,False,False,0.4,0.9299999999999999
2026-08-22,Serie A Brasil,2026,CRUZEIRO,FLAMENGO,2,1,0,1,H,24,14,6,3,13,7,3,3,3,1,0,0,497,562,2,4,48.0,52.0,1492344.0,0.0,0.0,0.0,0.0,0.0,0.0,0.0,0.0,0.0,0.0,0.0,0.0,0.0,0.0,0.0,0.0,0.0,0.0,0.0,0.0,0.0,0.0,0.0,0.0,0.0,0.0,0.0,0.0,0.0,0.0,0.0,0.0,0.0,0.0,0.0,3,1,CRU,FLA,2,6,27,3,0,36,45,5,2,FLA/CRU,True,True,2.54,0.13999999999999993
2026-08-23,Serie A Brasil,2026,PALMEIRAS,VASCO DA GAMA,4,1,0,0,H,13,12,5,4,8,21,5,3,1,3,0,0,551,407,3,1,57.0,43.0,1492347.0,0.0,0.0,0.0,0.0,0.0,0.0,0.0,0.0,0.0,0.0,0.0,0.0,0.0,0.0,0.0,0.0,0.0,0.0,0.0,0.0,0.0,0.0,0.0,0.0,0.0,0.0,0.0,0.0,0.0,0.0,0.0,0.0,0.0,0.0,0.0,5,0,PAL,VAS,5,8,27,3,0,48,22,1,19,E/PAL,False,True,2.1399999999999997,0.09999999999999998
2026-08-23,Serie A Brasil,2026,VITORIA,BAHIA,0,2,0,0,A,14,28,2,9,13,10,7,7,4,3,0,0,301,341,6,2,47.0,53.0,1492349.0,0.0,0.0,0.0,0.0,0.0,0.0,0.0,0.0,0.0,0.0,0.0,0.0,0.0,0.0,0.0,0.0,0.0,0.0,0.0,0.0,0.0,0.0,0.0,0.0,0.0,0.0,0.0,0.0,0.0,0.0,0.0,0.0,0.0,0.0,0.0,2,0,VIT,BAH,2,14,27,0,3,29,34,12,6,E/BAH,True,False,-0.34,2.6599999999999993
2026-08-23,Serie A Brasil,2026,RB BRAGANTINO,GREMIO,1,0,0,0,H,27,14,4,1,9,12,8,5,2,3,0,0,453,406,1,2,54.0,46.0,1492341.0,0.0,0.0,0.0,0.0,0.0,0.0,0.0,0.0,0.0,0.0,0.0,0.0,0.0,0.0,0.0,0.0,0.0,0.0,0.0,0.0,0.0,0.0,0.0,0.0,0.0,0.0,0.0,0.0,0.0,0.0,0.0,0.0,0.0,0.0,0.0,1,0,RB,GRE,1,13,27,3,0,32,25,8,16,E/RB,False,False,2.15,-0.26000000000000006
2026-08-23,Serie A Brasil,2026,SANTOS,MIRASSOL,1,1,0,1,D,21,5,7,3,9,13,10,2,2,3,0,1,577,333,2,6,64.0,36.0,1492348.0,0.0,0.0,0.0,0.0,0.0,0.0,0.0,0.0,0.0,0.0,0.0,0.0,0.0,0.0,0.0,0.0,0.0,0.0,0.0,0.0,0.0,0.0,0.0,0.0,0.0,0.0,0.0,0.0,0.0,0.0,0.0,0.0,0.0,0.0,0.0,2,1,SAN,MIR,1,12,27,1,1,25,23,14,17,MIR/E,False,False,1.66,-0.05000000000000021
2026-08-23,Serie A Brasil,2026,CHAPECOENSE-SC,SAO PAULO,1,0,1,0,H,13,22,4,5,17,7,7,3,4,1,0,0,236,791,5,3,23.0,77.0,1492342.0,0.0,0.0,0.0,0.0,0.0,0.0,0.0,0.0,0.0,0.0,0.0,0.0,0.0,0.0,0.0,0.0,0.0,0.0,0.0,0.0,0.0,0.0,0.0,0.0,0.0,0.0,0.0,0.0,0.0,0.0,0.0,0.0,0.0,0.0,0.0,1,1,CHA,SAO,0,10,27,3,0,11,27,20,13,CHA/CHA,False,False,1.7400000000000002,0.4600000000000001
2026-08-23,Serie A Brasil,2026,CORITIBA,CORINTHIANS,2,1,1,0,H,12,16,3,3,8,9,4,14,2,2,0,0,314,552,2,1,35.0,65.0,1492343.0,0.0,0.0,0.0,0.0,0.0,0.0,0.0,0.0,0.0,0.0,0.0,0.0,0.0,0.0,0.0,0.0,0.0,0.0,0.0,0.0,0.0,0.0,0.0,0.0,0.0,0.0,0.0,0.0,0.0,0.0,0.0,0.0,0.0,0.0,0.0,3,1,COR,COR,2,18,27,3,0,31,32,10,9,COR/COR,False,False,1.5199999999999998,0.72
2026-08-24,Serie A Brasil,2026,BOTAFOGO,ATLETICO PARANAENSE,2,3,0,2,A,32,7,8,6,12,9,13,2,2,1,0,0,488,412,3,6,56.0,44.0,1492340.0,0.0,0.0,0.0,0.0,0.0,0.0,0.0,0.0,0.0,0.0,0.0,0.0,0.0,0.0,0.0,0.0,0.0,0.0,0.0,0.0,0.0,0.0,0.0,0.0,0.0,0.0,0.0,0.0,0.0,0.0,0.0,0.0,0.0,0.0,0.0,5,2,BOT,ATM,3,15,27,0,3,30,41,11,3,ATM/ATM,True,False,1.3099999999999998,1.74
2026-08-29,Serie A Brasil,2026,ATLETICO-MG,VITORIA,2,1,1,0,H,18,14,8,3,12,13,4,5,2,1,0,0,636,395,2,6,61.0,39.0,1492351.0,1.75,3.5,4.75,0.0,0.0,0.0,0.0,0.0,0.0,0.0,0.0,0.0,0.0,0.0,0.0,0.0,0.0,0.0,0.0,0.0,0.0,0.0,0.0,0.0,0.0,0.0,0.0,0.0,0.0,0.0,0.0,0.0,0.0,0.0,0.0,3,1,ATM,VIT,2,9,28,3,0,33,29,9,12,ATM/ATM,False,False,2.45,0.11999999999999991
2026-08-29,Serie A Brasil,2026,SAO PAULO,RB BRAGANTINO,2,1,2,0,H,17,8,8,3,11,14,9,7,3,4,0,0,282,468,2,6,38.0,62.0,1492358.0,2.15,3.4,3.4,0.0,0.0,0.0,0.0,0.0,0.0,0.0,0.0,0.0,0.0,0.0,0.0,0.0,0.0,0.0,0.0,0.0,0.0,0.0,0.0,0.0,0.0,0.0,0.0,0.0,0.0,0.0,0.0,0.0,0.0,0.0,0.0,3,2,SAO,RB,1,16,28,3,0,27,35,13,8,SAO/SAO,False,False,2.5600000000000005,-0.18000000000000005
2026-08-30,Serie A Brasil,2026,VASCO DA GAMA,CRUZEIRO,3,1,1,0,H,21,11,9,6,15,12,11,2,2,1,0,0,386,470,5,7,46.0,54.0,1492359.0,2.35,3.2,3.0,0.0,0.0,0.0,0.0,0.0,0.0,0.0,0.0,0.0,0.0,0.0,0.0,0.0,0.0,0.0,0.0,0.0,0.0,0.0,0.0,0.0,0.0,0.0,0.0,0.0,0.0,0.0,0.0,0.0,0.0,0.0,0.0,4,1,VAS,CRU,3,13,28,3,0,22,39,19,5,VAS/VAS,True,False,3.3599999999999994,0.22999999999999995
2026-08-30,Serie A Brasil,2026,ATLETICO PARANAENSE,FLUMINENSE,3,3,1,1,D,17,12,8,6,15,12,8,3,2,2,0,0,445,526,3,5,47.0,53.0,1492350.0,2.15,3.1,3.5,0.0,0.0,0.0,0.0,0.0,0.0,0.0,0.0,0.0,0.0,0.0,0.0,0.0,0.0,0.0,0.0,0.0,0.0,0.0,0.0,0.0,0.0,0.0,0.0,0.0,0.0,0.0,0.0,0.0,0.0,0.0,0.0,6,2,ATM,FLU,4,11,28,1,1,44,41,3,4,E/E,True,True,1.5399999999999998,0.7899999999999998
2026-08-30,Serie A Brasil,2026,FLAMENGO,BOTAFOGO,3,0,1,0,H,18,14,6,4,8,9,5,3,0,2,0,0,653,366,4,3,63.0,37.0,1492354.0,1.4,4.33,7.5,0.0,0.0,0.0,0.0,0.0,0.0,0.0,0.0,0.0,0.0,0.0,0.0,0.0,0.0,0.0,0.0,0.0,0.0,0.0,0.0,0.0,0.0,0.0,0.0,0.0,0.0,0.0,0.0,0.0,0.0,0.0,0.0,3,1,FLA,BOT,2,8,28,3,0,45,30,2,12,FLA/FLA,False,True,2.3899999999999997,0.14999999999999997
2026-08-30,Serie A Brasil,2026,CORINTHIANS,SANTOS,0,1,0,1,A,18,8,2,4,9,16,8,1,4,3,0,0,592,376,3,2,62.0,38.0,1492353.0,1.83,3.3,4.33,0.0,0.0,0.0,0.0,0.0,0.0,0.0,0.0,0.0,0.0,0.0,0.0,0.0,0.0,0.0,0.0,0.0,0.0,0.0,0.0,0.0,0.0,0.0,0.0,0.0,0.0,0.0,0.0,0.0,0.0,0.0,0.0,1,1,COR,SAN,0,9,28,0,3,32,26,10,14,SAN/SAN,False,False,0.07999999999999996,1.5899999999999999
2026-08-30,Serie A Brasil,2026,GREMIO,CHAPECOENSE-SC,3,1,2,1,H,12,32,5,9,11,10,5,7,3,2,0,0,540,461,7,2,53.0,47.0,1492355.0,1.53,4.0,5.75,0.0,0.0,0.0,0.0,0.0,0.0,0.0,0.0,0.0,0.0,0.0,0.0,0.0,0.0,0.0,0.0,0.0,0.0,0.0,0.0,0.0,0.0,0.0,0.0,0.0,0.0,0.0,0.0,0.0,0.0,0.0,0.0,4,3,GRE,CHA,1,12,28,3,0,25,14,16,20,GRE/GRE,False,False,1.6099999999999997,1.15
2026-08-30,Serie A Brasil,2026,MIRASSOL,PALMEIRAS,1,1,0,0,D,11,14,5,3,16,11,3,4,2,2,0,1,424,464,2,4,48.0,52.0,1492356.0,3.6,3.25,2.05,0.0,0.0,0.0,0.0,0.0,0.0,0.0,0.0,0.0,0.0,0.0,0.0,0.0,0.0,0.0,0.0,0.0,0.0,0.0,0.0,0.0,0.0,0.0,0.0,0.0,0.0,0.0,0.0,0.0,0.0,0.0,0.0,2,0,MIR,PAL,2,7,28,1,1,24,51,18,1,E/E,True,False,0.97,0.3899999999999999
2026-08-30,Serie A Brasil,2026,BAHIA,INTERNACIONAL,3,2,3,1,H,13,12,6,3,10,17,3,3,4,2,0,0,541,411,1,4,57.0,43.0,1492352.0,1.9,3.4,3.9,0.0,0.0,0.0,0.0,0.0,0.0,0.0,0.0,0.0,0.0,0.0,0.0,0.0,0.0,0.0,0.0,0.0,0.0,0.0,0.0,0.0,0.0,0.0,0.0,0.0,0.0,0.0,0.0,0.0,0.0,0.0,0.0,5,4,BAH,INT,1,6,28,3,0,37,25,6,16,BAH/BAH,False,True,1.94,0.039999999999999925
2026-08-31,Serie A Brasil,2026,REMO,CORITIBA,2,3,0,0,A,32,11,7,5,11,10,9,4,3,1,0,0,423,288,3,5,61.0,39.0,1492357.0,2.05,3.3,3.8,0.0,0.0,0.0,0.0,0.0,0.0,0.0,0.0,0.0,0.0,0.0,0.0,0.0,0.0,0.0,0.0,0.0,0.0,0.0,0.0,0.0,0.0,0.0,0.0,0.0,0.0,0.0,0.0,0.0,0.0,0.0,0.0,5,0,REM,COR,5,13,28,0,3,23,34,19,9,E/COR,False,False,0.8699999999999999,1.82
2026-09-02,Serie A Brasil,2026,FLAMENGO,MIRASSOL,2,0,2,0,H,14,8,4,2,8,11,9,7,0,2,0,0,634,483,2,2,56.0,44.0,1492145.0,1.17,7.5,15.0,0.0,0.0,0.0,0.0,0.0,0.0,0.0,0.0,0.0,0.0,0.0,0.0,0.0,0.0,0.0,0.0,0.0,0.0,0.0,0.0,0.0,0.0,0.0,0.0,0.0,0.0,0.0,0.0,0.0,0.0,0.0,0.0,2,2,FLA,MIR,0,16,29,3,0,48,25,2,17,FLA/FLA,False,True,2.31,0.07
2026-08-22,Serie A Italia,2026/2027,GENOA,NAPOLI,0,2,0,0,A,11,13,2,4,10,8,5,5,2,1,0,0,431,507,2,2,46.0,54.0,1550091.0,,,,,,,,,,,,,,,,,,,,,,,,,,,,,,,,,,,,2,0,GEN,NAP,2,10,1,0,3,0,0,1,2,E/NAP,True,True,0.04999999999999996,2.55
2026-08-22,Serie A Italia,2026/2027,INTER,MONZA,4,1,1,1,H,13,7,5,3,5,14,3,3,2,2,0,0,709,292,2,1,70.0,30.0,1550092.0,,,,,,,,,,,,,,,,,,,,,,,,,,,,,,,,,,,,5,2,INT,MON,3,6,1,3,0,0,0,2,3,E/INT,True,True,2.49,0.08999999999999997
2026-08-22,Serie A Italia,2026/2027,PARMA,CAGLIARI,0,1,0,0,A,13,14,2,5,6,20,3,2,0,2,0,0,443,497,4,2,47.0,53.0,1550093.0,,,,,,,,,,,,,,,,,,,,,,,,,,,,,,,,,,,,1,0,PAR,CAG,1,5,1,0,3,0,0,3,4,E/CAG,True,True,0.16,2.49
2026-08-22,Serie A Italia,2026/2027,UDINESE,COMO,1,1,1,0,D,17,20,3,6,13,11,1,10,3,0,0,0,403,583,5,2,41.0,59.0,1550095.0,,,,,,,,,,,,,,,,,,,,,,,,,,,,,,,,,,,,2,1,UDI,COM,1,11,1,1,1,0,0,4,5,UDI/E,True,True,0.1999999999999999,1.73
2026-08-23,Serie A Italia,2026/2027,ATALANTA,SASSUOLO,2,1,1,0,H,14,22,7,8,9,10,4,4,0,0,0,0,596,466,7,5,56.0,44.0,1550088.0,,,,,,,,,,,,,,,,,,,,,,,,,,,,,,,,,,,,3,1,ATA,SAS,2,8,1,3,0,0,0,6,7,ATA/ATA,False,True,2.27,0.9699999999999999
2026-08-23,Serie A Italia,2026/2027,FROSINONE,JUVENTUS,0,1,0,1,A,11,20,2,5,15,18,3,12,2,2,0,0,272,478,4,2,37.0,63.0,1550090.0,,,,,,,,,,,,,,,,,,,,,,,,,,,,,,,,,,,,1,1,FRO,JUV,0,15,1,0,3,0,0,7,8,JUV/JUV,False,False,-0.24,2.4899999999999998
2026-08-23,Serie A Italia,2026/2027,TORINO,AC MILAN,1,2,0,0,A,8,19,1,4,10,9,2,4,0,1,0,0,384,547,2,0,41.0,59.0,1550094.0,,,,,,,,,,,,,,,,,,,,,,,,,,,,,,,,,,,,3,0,TOR,MIL,3,6,1,0,3,0,0,8,9,E/MIL,False,False,-0.030000000000000013,2.1100000000000003
2026-08-23,Serie A Italia,2026/2027,VENEZIA,LECCE,0,2,0,0,A,19,12,7,5,8,12,5,3,1,3,0,0,632,260,2,6,71.0,29.0,1550096.0,,,,,,,,,,,,,,,,,,,,,,,,,,,,,,,,,,,,2,0,VEN,LEC,2,8,1,0,3,0,0,9,10,E/LEC,False,False,0.89,1.6499999999999997
2026-08-24,Serie A Italia,2026/2027,AS ROMA,FIORENTINA,4,0,1,0,H,17,9,8,4,15,11,2,3,2,2,0,0,538,343,4,4,61.0,39.0,1550087.0,,,,,,,,,,,,,,,,,,,,,,,,,,,,,,,,,,,,4,1,ROM,FIO,3,5,1,3,0,0,0,10,11,ROM/ROM,False,False,2.34,0.10999999999999999
2026-08-24,Serie A Italia,2026/2027,BOLOGNA,LAZIO,0,1,0,0,A,13,10,5,3,18,19,8,6,4,4,0,0,446,315,2,4,59.0,41.0,1550089.0,,,,,,,,,,,,,,,,,,,,,,,,,,,,,,,,,,,,1,0,BOL,LAZ,1,14,1,0,3,0,0,11,12,E/LAZ,False,False,0.48,1.44
2026-08-28,Serie A Italia,2026/2027,AC MILAN,VENEZIA,2,0,0,0,H,16,8,5,2,8,11,2,2,1,3,0,0,506,367,2,4,58.0,42.0,1550097.0,,,,,,,,,,,,,,,,,,,,,,,,,,,,,,,,,,,,2,0,MIL,VEN,2,4,2,3,0,3,0,6,18,E/MIL,False,True,2.11,-0.19000000000000006
2026-08-29,Serie A Italia,2026/2027,FIORENTINA,FROSINONE,0,3,0,2,A,25,12,4,6,14,21,8,5,3,3,0,0,416,274,3,4,60.0,40.0,1550100.0,,,,,,,,,,,,,,,,,,,,,,,,,,,,,,,,,,,,3,2,FIO,FRO,1,13,2,0,3,0,0,20,15,FRO/FRO,False,False,0.29999999999999993,1.9899999999999995
2026-08-29,Serie A Italia,2026/2027,JUVENTUS,PARMA,2,0,0,0,H,21,4,6,3,23,12,10,2,2,3,0,0,533,404,3,4,58.0,42.0,1550101.0,,,,,,,,,,,,,,,,,,,,,,,,,,,,,,,,,,,,2,0,JUV,PAR,2,12,2,3,0,3,0,9,15,E/JUV,False,False,2.51,-0.2500000000000001
2026-08-29,Serie A Italia,2026/2027,MONZA,UDINESE,2,3,1,3,A,15,12,5,5,10,12,3,3,1,0,0,0,420,418,2,3,51.0,49.0,1550104.0,,,,,,,,,,,,,,,,,,,,,,,,,,,,,,,,,,,,5,4,MON,UDI,1,6,2,0,3,0,1,17,11,UDI/UDI,False,False,0.4900000000000001,2.09
2026-08-29,Serie A Italia,2026/2027,SASSUOLO,TORINO,2,1,1,1,H,19,10,7,4,12,9,4,3,3,1,0,0,436,527,3,5,46.0,54.0,1550106.0,,,,,,,,,,,,,,,,,,,,,,,,,,,,,,,,,,,,3,2,SAS,TOR,1,7,2,3,0,0,0,13,14,E/SAS,False,False,2.1899999999999995,0.21999999999999995
2026-08-30,Serie A Italia,2026/2027,CAGLIARI,INTER,0,1,0,1,A,10,31,0,7,6,5,8,6,2,1,0,0,362,683,5,0,35.0,65.0,1550099.0,,,,,,,,,,,,,,,,,,,,,,,,,,,,,,,,,,,,1,1,CAG,INT,0,14,2,0,3,3,3,10,5,INT/INT,True,False,-0.27,2.5899999999999994
2026-08-30,Serie A Italia,2026/2027,LAZIO,GENOA,1,0,1,0,H,15,8,2,1,18,6,4,2,1,2,0,0,488,565,1,1,46.0,54.0,1550102.0,,,,,,,,,,,,,,,,,,,,,,,,,,,,,,,,,,,,1,1,LAZ,GEN,0,6,2,3,0,3,0,10,16,LAZ/LAZ,False,False,1.8099999999999998,-0.13
2026-08-30,Serie A Italia,2026/2027,NAPOLI,COMO,1,2,1,2,A,13,21,2,6,9,5,2,7,1,0,0,0,442,609,4,1,42.0,58.0,1550105.0,,,,,,,,,,,,,,,,,,,,,,,,,,,,,,,,,,,,3,3,NAP,COM,0,9,2,0,3,3,1,8,13,COM/COM,False,False,-0.14000000000000007,2.61
2026-08-31,Serie A Italia,2026/2027,ATALANTA,BOLOGNA,1,0,0,0,H,6,16,2,3,10,13,1,2,1,0,0,0,478,681,3,1,42.0,58.0,1550098.0,,,,,,,,,,,,,,,,,,,,,,,,,,,,,,,,,,,,1,0,ATA,BOL,1,3,2,3,0,3,0,11,14,E/ATA,False,False,1.5599999999999998,0.42999999999999994
2026-08-31,Serie A Italia,2026/2027,LECCE,AS ROMA,0,4,0,3,A,7,15,3,8,9,8,2,1,1,1,0,0,376,680,4,2,36.0,64.0,1550103.0,,,,,,,,,,,,,,,,,,,,,,,,,,,,,,,,,,,,4,3,LEC,ROM,1,3,2,0,3,3,3,10,8,ROM/ROM,False,False,0.029999999999999943,2.46
2026-09-04,Serie A Italia,2026/2027,GENOA,COMO,1,4,1,3,A,11,20,2,9,8,7,5,4,2,1,0,0,361,618,5,1,38.0,62.0,1550112.0,,,,,,,,,,,,,,,,,,,,,,,,,,,,,,,,,,,,5,4,GEN,COM,1,9,3,0,3,0,4,16,8,COM/COM,False,False,-0.18000000000000005,2.7499999999999996
2026-09-05,Serie A Italia,2026/2027,FIORENTINA,TORINO,1,2,0,0,A,14,7,6,4,13,9,3,5,0,0,0,0,350,551,2,4,40.0,60.0,1550110.0,,,,,,,,,,,,,,,,,,,,,,,,,,,,,,,,,,,,3,0,FIO,TOR,3,8,3,0,3,0,0,20,14,E/TOR,False,False,0.75,1.9899999999999998
2026-09-05,Serie A Italia,2026/2027,INTER,NAPOLI,3,2,0,0,H,29,16,8,7,7,7,10,5,1,2,0,0,544,341,6,5,63.0,37.0,1550113.0,,,,,,,,,,,,,,,,,,,,,,,,,,,,,,,,,,,,5,0,INT,NAP,5,15,3,3,0,6,3,3,10,E/INT,False,True,2.65,0.49999999999999994
2026-03-21,Serie B Brasil,2026,VILA NOVA,CRB,2,2,0,1,D,0,1,0,1,5,3,1,1,2,1,0,0,56,91,1,0,39.0,61.0,1520609.0,0.0,0.0,0.0,0.0,0.0,0.0,0.0,0.0,0.0,0.0,0.0,0.0,0.0,0.0,0.0,0.0,0.0,0.0,0.0,0.0,0.0,0.0,0.0,0.0,0.0,0.0,0.0,0.0,0.0,0.0,0.0,0.0,0.0,0.0,0.0,4,1,VIL,CRB,3,2,1,1,1,0,0,1,2,CRB/E,True,True,0.27999999999999997,0.5800000000000001
2026-03-21,Serie B Brasil,2026,CEARA,SAO BERNARDO,1,1,1,0,D,21,4,6,3,8,18,7,3,2,0,0,0,409,386,2,6,52.0,48.0,1520603.0,0.0,0.0,0.0,0.0,0.0,0.0,0.0,0.0,0.0,0.0,0.0,0.0,0.0,0.0,0.0,0.0,0.0,0.0,0.0,0.0,0.0,0.0,0.0,0.0,0.0,0.0,0.0,0.0,0.0,0.0,0.0,0.0,0.0,0.0,0.0,2,1,CEA,SAO,1,10,1,1,1,0,0,3,4,CEA/E,True,True,1.34,0.6599999999999999
2026-03-21,Serie B Brasil,2026,OPERARIO-PR,ATLETICO GOIANIENSE,1,0,1,0,H,17,9,10,0,14,12,7,7,2,2,0,0,322,438,0,9,42.0,58.0,1520608.0,0.0,0.0,0.0,0.0,0.0,0.0,0.0,0.0,0.0,0.0,0.0,0.0,0.0,0.0,0.0,0.0,0.0,0.0,0.0,0.0,0.0,0.0,0.0,0.0,0.0,0.0,0.0,0.0,0.0,0.0,0.0,0.0,0.0,0.0,0.0,1,1,OPE,ATM,0,14,1,3,0,0,0,5,6,OPE/OPE,True,True,3.51,-0.49
2026-03-21,Serie B Brasil,2026,CUIABA,SPORT RECIFE,0,0,0,0,D,13,10,4,1,20,21,0,1,1,2,0,0,361,504,1,4,42.0,58.0,1520604.0,0.0,0.0,0.0,0.0,0.0,0.0,0.0,0.0,0.0,0.0,0.0,0.0,0.0,0.0,0.0,0.0,0.0,0.0,0.0,0.0,0.0,0.0,0.0,0.0,0.0,0.0,0.0,0.0,0.0,0.0,0.0,0.0,0.0,0.0,0.0,0,0,CUI,SPO,0,1,1,1,1,0,0,6,7,E/E,False,True,0.93,0.3
2026-03-22,Serie B Brasil,2026,AVAI,JUVENTUDE,2,0,1,0,H,16,8,5,1,15,14,3,3,3,0,0,0,327,452,1,3,42.0,58.0,1520601.0,0.0,0.0,0.0,0.0,0.0,0.0,0.0,0.0,0.0,0.0,0.0,0.0,0.0,0.0,0.0,0.0,0.0,0.0,0.0,0.0,0.0,0.0,0.0,0.0,0.0,0.0,0.0,0.0,0.0,0.0,0.0,0.0,0.0,0.0,0.0,2,1,AVA,JUV,1,6,1,3,0,0,0,8,9,AVA/AVA,False,False,1.99,-0.009999999999999981
2026-03-22,Serie B Brasil,2026,NAUTICO RECIFE,CRICIUMA,0,1,0,1,A,2,2,0,1,2,1,1,0,0,0,0,0,32,19,0,0,63.0,37.0,1520606.0,0.0,0.0,0.0,0.0,0.0,0.0,0.0,0.0,0.0,0.0,0.0,0.0,0.0,0.0,0.0,0.0,0.0,0.0,0.0,0.0,0.0,0.0,0.0,0.0,0.0,0.0,0.0,0.0,0.0,0.0,0.0,0.0,0.0,0.0,0.0,1,1,NAU,CRI,0,1,1,0,3,0,0,9,10,CRI/CRI,False,False,0.0,1.63
2026-03-22,Serie B Brasil,2026,GOIAS,AMERICA MINEIRO,3,1,2,0,H,9,24,3,9,10,6,3,8,1,1,1,0,259,469,8,0,34.0,66.0,1520605.0,0.0,0.0,0.0,0.0,0.0,0.0,0.0,0.0,0.0,0.0,0.0,0.0,0.0,0.0,0.0,0.0,0.0,0.0,0.0,0.0,0.0,0.0,0.0,0.0,0.0,0.0,0.0,0.0,0.0,0.0,0.0,0.0,0.0,0.0,0.0,4,2,GOI,AME,2,11,1,3,0,0,0,10,11,GOI/GOI,False,False,1.14,1.4399999999999995
2026-03-22,Serie B Brasil,2026,ATHLETIC CLUB,PONTE PRETA,2,1,2,1,H,17,10,8,3,21,15,3,3,3,2,0,0,336,433,2,6,44.0,56.0,1520600.0,0.0,0.0,0.0,0.0,0.0,0.0,0.0,0.0,0.0,0.0,0.0,0.0,0.0,0.0,0.0,0.0,0.0,0.0,0.0,0.0,0.0,0.0,0.0,0.0,0.0,0.0,0.0,0.0,0.0,0.0,0.0,0.0,0.0,0.0,0.0,3,3,ATH,PON,0,6,1,3,0,0,0,11,12,ATH/ATH,False,False,2.34,-0.06000000000000005
2026-03-22,Serie B Brasil,2026,NOVORIZONTINO,LONDRINA,1,3,0,0,A,22,11,8,3,9,9,9,7,0,3,0,0,401,344,0,7,55.0,45.0,1520607.0,0.0,0.0,0.0,0.0,0.0,0.0,0.0,0.0,0.0,0.0,0.0,0.0,0.0,0.0,0.0,0.0,0.0,0.0,0.0,0.0,0.0,0.0,0.0,0.0,0.0,0.0,0.0,0.0,0.0,0.0,0.0,0.0,0.0,0.0,0.0,4,0,NOV,LON,4,16,1,0,3,0,0,12,13,E/LON,False,False,1.3599999999999999,1.42
2026-03-31,Serie B Brasil,2026,JUVENTUDE,NOVORIZONTINO,0,0,0,0,D,13,9,4,0,13,15,4,8,4,3,0,0,476,302,0,4,60.0,40.0,1520615.0,0.0,0.0,0.0,0.0,0.0,0.0,0.0,0.0,0.0,0.0,0.0,0.0,0.0,0.0,0.0,0.0,0.0,0.0,0.0,0.0,0.0,0.0,0.0,0.0,0.0,0.0,0.0,0.0,0.0,0.0,0.0,0.0,0.0,0.0,0.0,0,0,JUV,NOV,0,12,2,1,1,0,0,20,19,E/E,False,False,0.7400000000000001,0.31999999999999995
2026-03-31,Serie B Brasil,2026,FORTALEZA EC,CUIABA,0,0,0,0,D,14,4,2,0,19,18,4,0,1,2,0,0,510,368,0,2,59.0,41.0,1520614.0,0.0,0.0,0.0,0.0,0.0,0.0,0.0,0.0,0.0,0.0,0.0,0.0,0.0,0.0,0.0,0.0,0.0,0.0,0.0,0.0,0.0,0.0,0.0,0.0,0.0,0.0,0.0,0.0,0.0,0.0,0.0,0.0,0.0,0.0,0.0,0,0,FOR,CUI,0,4,2,1,1,0,1,15,11,E/E,False,False,0.9,0.12
2026-04-01,Serie B Brasil,2026,AMERICA MINEIRO,BOTAFOGO SP,1,2,1,1,A,14,13,1,5,15,17,11,7,2,4,0,0,480,225,3,0,68.0,32.0,1520610.0,0.0,0.0,0.0,0.0,0.0,0.0,0.0,0.0,0.0,0.0,0.0,0.0,0.0,0.0,0.0,0.0,0.0,0.0,0.0,0.0,0.0,0.0,0.0,0.0,0.0,0.0,0.0,0.0,0.0,0.0,0.0,0.0,0.0,0.0,0.0,3,2,AME,BOT,1,18,2,0,3,0,0,20,16,E/BOT,False,False,0.11000000000000004,1.9300000000000002
2026-04-01,Serie B Brasil,2026,SPORT RECIFE,VILA NOVA,1,1,0,0,D,10,16,7,2,11,12,6,3,2,4,1,1,317,505,1,6,39.0,61.0,1520619.0,0.0,0.0,0.0,0.0,0.0,0.0,0.0,0.0,0.0,0.0,0.0,0.0,0.0,0.0,0.0,0.0,0.0,0.0,0.0,0.0,0.0,0.0,0.0,0.0,0.0,0.0,0.0,0.0,0.0,0.0,0.0,0.0,0.0,0.0,0.0,2,0,SPO,VIL,2,9,2,1,1,1,1,13,9,E/E,False,False,1.24,-0.16999999999999993
2026-04-01,Serie B Brasil,2026,ATLETICO GOIANIENSE,NAUTICO RECIFE,1,2,1,0,A,11,9,2,4,22,17,7,1,1,4,0,1,311,333,2,1,49.0,51.0,1520611.0,0.0,0.0,0.0,0.0,0.0,0.0,0.0,0.0,0.0,0.0,0.0,0.0,0.0,0.0,0.0,0.0,0.0,0.0,0.0,0.0,0.0,0.0,0.0,0.0,0.0,0.0,0.0,0.0,0.0,0.0,0.0,0.0,0.0,0.0,0.0,3,1,ATM,NAU,2,8,2,0,3,0,0,18,19,ATM/NAU,False,False,0.32999999999999996,1.2599999999999998
2026-04-01,Serie B Brasil,2026,LONDRINA,GOIAS,2,2,1,1,D,8,12,5,3,16,15,6,6,4,5,0,0,288,432,2,3,40.0,60.0,1520616.0,0.0,0.0,0.0,0.0,0.0,0.0,0.0,0.0,0.0,0.0,0.0,0.0,0.0,0.0,0.0,0.0,0.0,0.0,0.0,0.0,0.0,0.0,0.0,0.0,0.0,0.0,0.0,0.0,0.0,0.0,0.0,0.0,0.0,0.0,0.0,4,2,LON,GOI,2,12,2,1,1,3,3,2,1,E/E,True,True,0.8800000000000002,0.38
2026-04-02,Serie B Brasil,2026,PONTE PRETA,CEARA,1,1,0,0,D,9,14,4,4,20,13,4,6,2,3,0,1,427,304,3,3,58.0,42.0,1520617.0,0.0,0.0,0.0,0.0,0.0,0.0,0.0,0.0,0.0,0.0,0.0,0.0,0.0,0.0,0.0,0.0,0.0,0.0,0.0,0.0,0.0,0.0,0.0,0.0,0.0,0.0,0.0,0.0,0.0,0.0,0.0,0.0,0.0,0.0,0.0,2,0,PON,CEA,2,10,2,1,1,0,1,18,13,E/E,False,False,0.78,0.5700000000000001
2026-04-02,Serie B Brasil,2026,CRICIUMA,ATHLETIC CLUB,1,1,0,1,D,33,7,7,2,10,21,9,2,3,5,0,1,502,209,1,6,71.0,29.0,1520613.0,0.0,0.0,0.0,0.0,0.0,0.0,0.0,0.0,0.0,0.0,0.0,0.0,0.0,0.0,0.0,0.0,0.0,0.0,0.0,0.0,0.0,0.0,0.0,0.0,0.0,0.0,0.0,0.0,0.0,0.0,0.0,0.0,0.0,0.0,0.0,2,1,CRI,ATH,1,11,2,1,1,3,3,7,4,ATH/E,True,False,1.5599999999999998,-0.37999999999999995
2026-04-02,Serie B Brasil,2026,CRB,AVAI,0,1,0,0,A,27,15,6,3,10,14,5,5,1,6,0,1,539,409,2,6,57.0,43.0,1520612.0,0.0,0.0,0.0,0.0,0.0,0.0,0.0,0.0,0.0,0.0,0.0,0.0,0.0,0.0,0.0,0.0,0.0,0.0,0.0,0.0,0.0,0.0,0.0,0.0,0.0,0.0,0.0,0.0,0.0,0.0,0.0,0.0,0.0,0.0,0.0,1,0,CRB,AVA,1,10,2,0,3,1,3,13,5,E/AVA,True,False,0.7999999999999999,0.9499999999999997
2026-04-02,Serie B Brasil,2026,SAO BERNARDO,OPERARIO-PR,1,2,1,1,A,16,15,5,7,7,8,6,8,2,3,0,0,477,523,5,4,48.0,52.0,1520618.0,0.0,0.0,0.0,0.0,0.0,0.0,0.0,0.0,0.0,0.0,0.0,0.0,0.0,0.0,0.0,0.0,0.0,0.0,0.0,0.0,0.0,0.0,0.0,0.0,0.0,0.0,0.0,0.0,0.0,0.0,0.0,0.0,0.0,0.0,0.0,3,2,SAO,OPE,1,14,2,0,3,1,3,13,7,E/OPE,False,False,0.3399999999999999,2.2799999999999994
2026-04-04,Serie B Brasil,2026,FORTALEZA EC,JUVENTUDE,2,1,2,0,H,11,18,4,6,23,11,5,2,3,0,0,0,280,476,5,3,37.0,63.0,1520624.0,0.0,0.0,0.0,0.0,0.0,0.0,0.0,0.0,0.0,0.0,0.0,0.0,0.0,0.0,0.0,0.0,0.0,0.0,0.0,0.0,0.0,0.0,0.0,0.0,0.0,0.0,0.0,0.0,0.0,0.0,0.0,0.0,0.0,0.0,0.0,3,2,FOR,JUV,1,7,3,3,0,1,1,13,18,FOR/FOR,False,False,1.7099999999999997,0.7
2026-04-04,Serie B Brasil,2026,NAUTICO RECIFE,PONTE PRETA,1,0,0,0,H,23,4,6,4,14,21,17,3,3,1,0,2,448,206,3,5,69.0,31.0,1520627.0,0.0,0.0,0.0,0.0,0.0,0.0,0.0,0.0,0.0,0.0,0.0,0.0,0.0,0.0,0.0,0.0,0.0,0.0,0.0,0.0,0.0,0.0,0.0,0.0,0.0,0.0,0.0,0.0,0.0,0.0,0.0,0.0,0.0,0.0,0.0,1,0,NAU,PON,1,20,3,3,0,3,1,9,16,E/NAU,False,False,2.6899999999999995,-0.4900000000000001
2026-04-04,Serie B Brasil,2026,CUIABA,CEARA,0,2,0,0,A,16,7,6,2,14,20,1,2,0,4,0,0,500,277,0,5,65.0,35.0,1520623.0,0.0,0.0,0.0,0.0,0.0,0.0,0.0,0.0,0.0,0.0,0.0,0.0,0.0,0.0,0.0,0.0,0.0,0.0,0.0,0.0,0.0,0.0,0.0,0.0,0.0,0.0,0.0,0.0,0.0,0.0,0.0,0.0,0.0,0.0,0.0,2,0,CUI,CEA,2,3,3,0,3,2,2,13,11,E/CEA,False,False,0.8099999999999999,1.1800000000000002
2026-04-04,Serie B Brasil,2026,VILA NOVA,ATLETICO GOIANIENSE,2,1,0,1,H,17,10,5,4,16,24,8,3,3,2,0,0,357,267,3,3,58.0,42.0,1520629.0,0.0,0.0,0.0,0.0,0.0,0.0,0.0,0.0,0.0,0.0,0.0,0.0,0.0,0.0,0.0,0.0,0.0,0.0,0.0,0.0,0.0,0.0,0.0,0.0,0.0,0.0,0.0,0.0,0.0,0.0,0.0,0.0,0.0,0.0,0.0,3,1,VIL,ATM,2,11,3,3,0,2,0,11,19,ATM/VIL,False,False,2.09,0.13999999999999996
2026-04-04,Serie B Brasil,2026,LONDRINA,SPORT RECIFE,1,2,1,0,A,13,16,3,4,13,13,5,7,2,0,0,0,281,481,2,2,38.0,62.0,1520626.0,0.0,0.0,0.0,0.0,0.0,0.0,0.0,0.0,0.0,0.0,0.0,0.0,0.0,0.0,0.0,0.0,0.0,0.0,0.0,0.0,0.0,0.0,0.0,0.0,0.0,0.0,0.0,0.0,0.0,0.0,0.0,0.0,0.0,0.0,0.0,3,1,LON,SPO,2,12,3,0,3,4,2,7,12,LON/SPO,False,False,0.15999999999999992,2.2
2026-04-05,Serie B Brasil,2026,AVAI,OPERARIO-PR,0,0,0,0,D,13,6,4,3,19,19,9,4,2,6,0,0,328,362,3,4,49.0,51.0,1520621.0,0.0,0.0,0.0,0.0,0.0,0.0,0.0,0.0,0.0,0.0,0.0,0.0,0.0,0.0,0.0,0.0,0.0,0.0,0.0,0.0,0.0,0.0,0.0,0.0,0.0,0.0,0.0,0.0,0.0,0.0,0.0,0.0,0.0,0.0,0.0,0,0,AVA,OPE,0,13,3,1,1,6,6,1,2,E/E,True,True,1.12,0.16999999999999993
2026-04-05,Serie B Brasil,2026,NOVORIZONTINO,CRB,1,1,0,0,D,19,11,3,4,19,12,5,1,4,5,0,0,354,509,3,2,43.0,57.0,1520628.0,0.0,0.0,0.0,0.0,0.0,0.0,0.0,0.0,0.0,0.0,0.0,0.0,0.0,0.0,0.0,0.0,0.0,0.0,0.0,0.0,0.0,0.0,0.0,0.0,0.0,0.0,0.0,0.0,0.0,0.0,0.0,0.0,0.0,0.0,0.0,2,0,NOV,CRB,2,6,3,1,1,1,1,17,14,E/E,False,False,0.58,0.4
2026-04-05,Serie B Brasil,2026,ATHLETIC CLUB,AMERICA MINEIRO,1,1,1,0,D,7,17,3,6,14,12,4,7,3,1,1,0,222,393,5,2,36.0,64.0,1520620.0,0.0,0.0,0.0,0.0,0.0,0.0,0.0,0.0,0.0,0.0,0.0,0.0,0.0,0.0,0.0,0.0,0.0,0.0,0.0,0.0,0.0,0.0,0.0,0.0,0.0,0.0,0.0,0.0,0.0,0.0,0.0,0.0,0.0,0.0,0.0,2,1,ATH,AME,1,11,3,1,1,4,0,9,20,ATH/E,False,False,0.1599999999999998,1.42
2026-04-05,Serie B Brasil,2026,BOTAFOGO SP,SAO BERNARDO,1,2,1,0,A,14,11,3,6,11,11,9,7,3,2,0,0,316,316,3,2,50.0,50.0,1520622.0,0.0,0.0,0.0,0.0,0.0,0.0,0.0,0.0,0.0,0.0,0.0,0.0,0.0,0.0,0.0,0.0,0.0,0.0,0.0,0.0,0.0,0.0,0.0,0.0,0.0,0.0,0.0,0.0,0.0,0.0,0.0,0.0,0.0,0.0,0.0,3,1,BOT,SAO,2,16,3,0,3,3,1,12,16,BOT/SAO,False,False,0.1599999999999998,2.2199999999999998
2026-04-07,Serie B Brasil,2026,GOIAS,CRICIUMA,1,0,0,0,H,13,9,3,1,9,11,6,7,1,0,0,0,460,393,1,2,54.0,46.0,1520625.0,0.0,0.0,0.0,0.0,0.0,0.0,0.0,0.0,0.0,0.0,0.0,0.0,0.0,0.0,0.0,0.0,0.0,0.0,0.0,0.0,0.0,0.0,0.0,0.0,0.0,0.0,0.0,0.0,0.0,0.0,0.0,0.0,0.0,0.0,0.0,1,0,GOI,CRI,1,13,3,3,0,4,4,8,10,E/GOI,False,False,1.96,0.22999999999999998
2026-04-10,Serie B Brasil,2026,CRICIUMA,BOTAFOGO SP,1,0,0,0,H,12,12,3,1,15,15,9,6,4,2,1,0,347,334,1,2,51.0,49.0,1520634.0,0.0,0.0,0.0,0.0,0.0,0.0,0.0,0.0,0.0,0.0,0.0,0.0,0.0,0.0,0.0,0.0,0.0,0.0,0.0,0.0,0.0,0.0,0.0,0.0,0.0,0.0,0.0,0.0,0.0,0.0,0.0,0.0,0.0,0.0,0.0,1,0,CRI,BOT,1,15,4,3,0,4,3,12,13,E/CRI,False,False,1.58,-0.07999999999999996
2026-04-11,Serie B Brasil,2026,JUVENTUDE,GOIAS,2,0,1,0,H,10,5,7,1,19,16,6,1,0,1,0,2,279,397,1,6,43.0,57.0,1520635.0,0.0,0.0,0.0,0.0,0.0,0.0,0.0,0.0,0.0,0.0,0.0,0.0,0.0,0.0,0.0,0.0,0.0,0.0,0.0,0.0,0.0,0.0,0.0,0.0,0.0,0.0,0.0,0.0,0.0,0.0,0.0,0.0,0.0,0.0,0.0,2,1,JUV,GOI,1,7,4,3,0,1,7,19,1,JUV/JUV,True,False,3.28,-0.87
2026-04-11,Serie B Brasil,2026,SPORT RECIFE,AVAI,2,2,1,1,D,21,16,10,4,8,16,7,8,2,7,0,0,414,291,2,8,59.0,41.0,1520639.0,0.0,0.0,0.0,0.0,0.0,0.0,0.0,0.0,0.0,0.0,0.0,0.0,0.0,0.0,0.0,0.0,0.0,0.0,0.0,0.0,0.0,0.0,0.0,0.0,0.0,0.0,0.0,0.0,0.0,0.0,0.0,0.0,0.0,0.0,0.0,4,2,SPO,AVA,2,15,4,1,1,5,7,9,1,E/E,True,False,1.79,0.15999999999999992
2026-04-11,Serie B Brasil,2026,PONTE PRETA,VILA NOVA,0,1,0,1,A,17,14,5,5,12,15,9,4,1,4,0,0,355,379,4,5,50.0,50.0,1520637.0,0.0,0.0,0.0,0.0,0.0,0.0,0.0,0.0,0.0,0.0,0.0,0.0,0.0,0.0,0.0,0.0,0.0,0.0,0.0,0.0,0.0,0.0,0.0,0.0,0.0,0.0,0.0,0.0,0.0,0.0,0.0,0.0,0.0,0.0,0.0,1,1,PON,VIL,0,13,4,0,3,1,5,18,8,VIL/VIL,False,False,0.77,1.62
2026-04-11,Serie B Brasil,2026,CEARA,NAUTICO RECIFE,1,0,0,0,H,10,15,5,3,12,15,3,4,4,4,0,0,301,445,3,4,40.0,60.0,1520632.0,0.0,0.0,0.0,0.0,0.0,0.0,0.0,0.0,0.0,0.0,0.0,0.0,0.0,0.0,0.0,0.0,0.0,0.0,0.0,0.0,0.0,0.0,0.0,0.0,0.0,0.0,0.0,0.0,0.0,0.0,0.0,0.0,0.0,0.0,0.0,1,0,CEA,NAU,1,7,4,3,0,5,6,8,7,E/CEA,False,False,1.77,-0.06000000000000005
2026-04-12,Serie B Brasil,2026,AMERICA MINEIRO,NOVORIZONTINO,0,3,0,0,A,6,15,3,8,14,10,4,5,1,3,0,0,376,326,5,4,54.0,46.0,1520630.0,0.0,0.0,0.0,0.0,0.0,0.0,0.0,0.0,0.0,0.0,0.0,0.0,0.0,0.0,0.0,0.0,0.0,0.0,0.0,0.0,0.0,0.0,0.0,0.0,0.0,0.0,0.0,0.0,0.0,0.0,0.0,0.0,0.0,0.0,0.0,3,0,AME,NOV,3,9,4,0,3,1,2,18,16,E/NOV,False,False,0.04999999999999993,2.42
2026-04-12,Serie B Brasil,2026,OPERARIO-PR,CUIABA,0,0,0,0,D,13,11,3,2,17,18,2,1,2,5,0,1,440,300,2,3,59.0,41.0,1520636.0,0.0,0.0,0.0,0.0,0.0,0.0,0.0,0.0,0.0,0.0,0.0,0.0,0.0,0.0,0.0,0.0,0.0,0.0,0.0,0.0,0.0,0.0,0.0,0.0,0.0,0.0,0.0,0.0,0.0,0.0,0.0,0.0,0.0,0.0,0.0,0,0,OPE,CUI,0,3,4,1,1,7,2,4,17,E/E,False,True,0.73,-0.08999999999999997
2026-04-12,Serie B Brasil,2026,SAO BERNARDO,FORTALEZA EC,0,1,0,0,A,15,17,2,6,10,17,4,6,1,3,0,0,426,452,5,3,48.0,52.0,1520638.0,0.0,0.0,0.0,0.0,0.0,0.0,0.0,0.0,0.0,0.0,0.0,0.0,0.0,0.0,0.0,0.0,0.0,0.0,0.0,0.0,0.0,0.0,0.0,0.0,0.0,0.0,0.0,0.0,0.0,0.0,0.0,0.0,0.0,0.0,0.0,1,0,SAO,FOR,1,10,4,0,3,4,4,13,12,E/FOR,False,False,-0.020000000000000046,2.2199999999999998
2026-04-12,Serie B Brasil,2026,CRB,ATHLETIC CLUB,2,3,2,0,A,9,12,4,5,15,21,1,6,2,2,0,0,339,367,2,2,48.0,52.0,1520633.0,0.0,0.0,0.0,0.0,0.0,0.0,0.0,0.0,0.0,0.0,0.0,0.0,0.0,0.0,0.0,0.0,0.0,0.0,0.0,0.0,0.0,0.0,0.0,0.0,0.0,0.0,0.0,0.0,0.0,0.0,0.0,0.0,0.0,0.0,0.0,5,2,CRB,ATH,3,7,4,0,3,2,5,17,11,CRB/ATH,False,False,0.07999999999999996,2.1299999999999994
2026-04-12,Serie B Brasil,2026,ATLETICO GOIANIENSE,LONDRINA,2,1,1,0,H,17,6,5,1,26,12,8,2,1,1,0,0,416,421,0,3,50.0,50.0,1520631.0,0.0,0.0,0.0,0.0,0.0,0.0,0.0,0.0,0.0,0.0,0.0,0.0,0.0,0.0,0.0,0.0,0.0,0.0,0.0,0.0,0.0,0.0,0.0,0.0,0.0,0.0,0.0,0.0,0.0,0.0,0.0,0.0,0.0,0.0,0.0,3,1,ATM,LON,2,10,4,3,0,0,4,20,12,ATM/ATM,False,False,2.46,-0.26
2026-04-18,Serie B Brasil,2026,AMERICA MINEIRO,SPORT RECIFE,0,0,0,0,D,17,9,6,0,14,15,8,3,1,4,0,0,317,323,0,6,50.0,50.0,1520640.0,0.0,0.0,0.0,0.0,0.0,0.0,0.0,0.0,0.0,0.0,0.0,0.0,0.0,0.0,0.0,0.0,0.0,0.0,0.0,0.0,0.0,0.0,0.0,0.0,0.0,0.0,0.0,0.0,0.0,0.0,0.0,0.0,0.0,0.0,0.0,0,0,AME,SPO,0,11,5,1,1,1,6,20,9,E/E,False,False,1.6399999999999997,-0.21000000000000005
2026-04-18,Serie B Brasil,2026,NAUTICO RECIFE,SAO BERNARDO,0,3,0,0,A,18,11,2,5,15,16,10,2,2,6,0,0,419,286,2,3,61.0,39.0,1520647.0,0.0,0.0,0.0,0.0,0.0,0.0,0.0,0.0,0.0,0.0,0.0,0.0,0.0,0.0,0.0,0.0,0.0,0.0,0.0,0.0,0.0,0.0,0.0,0.0,0.0,0.0,0.0,0.0,0.0,0.0,0.0,0.0,0.0,0.0,0.0,3,0,NAU,SAO,3,12,5,0,3,6,4,10,13,E/SAO,False,False,0.31,1.4499999999999997
2026-04-18,Serie B Brasil,2026,VILA NOVA,OPERARIO-PR,2,1,1,1,H,10,7,4,3,22,7,3,6,7,2,0,0,304,366,2,2,45.0,55.0,1520649.0,0.0,0.0,0.0,0.0,0.0,0.0,0.0,0.0,0.0,0.0,0.0,0.0,0.0,0.0,0.0,0.0,0.0,0.0,0.0,0.0,0.0,0.0,0.0,0.0,0.0,0.0,0.0,0.0,0.0,0.0,0.0,0.0,0.0,0.0,0.0,3,2,VIL,OPE,1,9,5,3,0,8,8,4,5,E/VIL,True,True,1.7799999999999998,0.29000000000000004
2026-04-18,Serie B Brasil,2026,AVAI,PONTE PRETA,1,2,1,1,A,12,12,2,8,16,16,5,4,4,2,0,0,471,306,6,1,61.0,39.0,1520641.0,0.0,0.0,0.0,0.0,0.0,0.0,0.0,0.0,0.0,0.0,0.0,0.0,0.0,0.0,0.0,0.0,0.0,0.0,0.0,0.0,0.0,0.0,0.0,0.0,0.0,0.0,0.0,0.0,0.0,0.0,0.0,0.0,0.0,0.0,0.0,3,2,AVA,PON,1,9,5,0,3,8,1,3,20,E/PON,False,True,-0.33000000000000007,3.0
2026-04-18,Serie B Brasil,2026,CRB,JUVENTUDE,0,1,0,1,A,15,8,6,2,15,19,5,2,4,2,1,0,459,356,1,6,57.0,43.0,1520643.0,0.0,0.0,0.0,0.0,0.0,0.0,0.0,0.0,0.0,0.0,0.0,0.0,0.0,0.0,0.0,0.0,0.0,0.0,0.0,0.0,0.0,0.0,0.0,0.0,0.0,0.0,0.0,0.0,0.0,0.0,0.0,0.0,0.0,0.0,0.0,1,1,CRB,JUV,0,7,5,0,3,2,4,19,14,JUV/JUV,False,False,0.35999999999999976,1.3
2026-04-19,Serie B Brasil,2026,LONDRINA,CEARA,0,0,0,0,D,18,13,3,6,18,10,14,4,1,0,0,0,337,341,6,3,51.0,49.0,1520646.0,0.0,0.0,0.0,0.0,0.0,0.0,0.0,0.0,0.0,0.0,0.0,0.0,0.0,0.0,0.0,0.0,0.0,0.0,0.0,0.0,0.0,0.0,0.0,0.0,0.0,0.0,0.0,0.0,0.0,0.0,0.0,0.0,0.0,0.0,0.0,0,0,LON,CEA,0,18,5,1,1,4,8,14,2,E/E,True,False,1.17,1.17
2026-04-19,Serie B Brasil,2026,BOTAFOGO SP,ATLETICO GOIANIENSE,1,1,1,1,D,12,10,4,3,14,14,7,5,2,3,0,0,353,282,2,3,56.0,44.0,1520642.0,0.0,0.0,0.0,0.0,0.0,0.0,0.0,0.0,0.0,0.0,0.0,0.0,0.0,0.0,0.0,0.0,0.0,0.0,0.0,0.0,0.0,0.0,0.0,0.0,0.0,0.0,0.0,0.0,0.0,0.0,0.0,0.0,0.0,0.0,0.0,2,2,BOT,ATM,0,12,5,1,1,3,3,16,17,E/E,False,False,1.0,0.5599999999999999
2026-04-19,Serie B Brasil,2026,GOIAS,CUIABA,0,2,0,0,A,8,11,0,4,15,26,4,4,2,2,0,0,515,269,2,0,66.0,34.0,1520645.0,0.0,0.0,0.0,0.0,0.0,0.0,0.0,0.0,0.0,0.0,0.0,0.0,0.0,0.0,0.0,0.0,0.0,0.0,0.0,0.0,0.0,0.0,0.0,0.0,0.0,0.0,0.0,0.0,0.0,0.0,0.0,0.0,0.0,0.0,0.0,2,0,GOI,CUI,2,8,5,0,3,7,3,8,18,E/CUI,False,False,-0.28,2.02
2026-04-19,Serie B Brasil,2026,FORTALEZA EC,CRICIUMA,3,2,2,1,H,14,6,4,3,18,16,4,3,3,2,0,0,334,429,0,3,44.0,56.0,1520644.0,0.0,0.0,0.0,0.0,0.0,0.0,0.0,0.0,0.0,0.0,0.0,0.0,0.0,0.0,0.0,0.0,0.0,0.0,0.0,0.0,0.0,0.0,0.0,0.0,0.0,0.0,0.0,0.0,0.0,0.0,0.0,0.0,0.0,0.0,0.0,5,3,FOR,CRI,2,7,5,3,0,7,7,7,9,FOR/FOR,False,False,1.7900000000000003,0.11999999999999994
2026-04-19,Serie B Brasil,2026,NOVORIZONTINO,ATHLETIC CLUB,2,1,1,1,H,22,7,8,2,11,15,11,1,1,4,0,2,502,305,1,6,63.0,37.0,1520648.0,0.0,0.0,0.0,0.0,0.0,0.0,0.0,0.0,0.0,0.0,0.0,0.0,0.0,0.0,0.0,0.0,0.0,0.0,0.0,0.0,0.0,0.0,0.0,0.0,0.0,0.0,0.0,0.0,0.0,0.0,0.0,0.0,0.0,0.0,0.0,3,2,NOV,ATH,1,12,5,3,0,5,8,14,4,E/NOV,True,False,3.5300000000000002,-1.17
2026-04-23,Serie B Brasil,2026,CUIABA,BOTAFOGO SP,1,1,0,0,D,17,10,5,3,20,7,6,4,4,3,0,0,355,267,2,4,57.0,43.0,1520654.0,0.0,0.0,0.0,0.0,0.0,0.0,0.0,0.0,0.0,0.0,0.0,0.0,0.0,0.0,0.0,0.0,0.0,0.0,0.0,0.0,0.0,0.0,0.0,0.0,0.0,0.0,0.0,0.0,0.0,0.0,0.0,0.0,0.0,0.0,0.0,2,0,CUI,BOT,2,10,6,1,1,6,4,13,16,E/E,False,False,0.92,0.47999999999999987
2026-04-24,Serie B Brasil,2026,PONTE PRETA,AMERICA MINEIRO,1,0,1,0,H,10,11,3,4,29,13,2,10,4,2,0,0,221,486,4,2,31.0,69.0,1520657.0,0.0,0.0,0.0,0.0,0.0,0.0,0.0,0.0,0.0,0.0,0.0,0.0,0.0,0.0,0.0,0.0,0.0,0.0,0.0,0.0,0.0,0.0,0.0,0.0,0.0,0.0,0.0,0.0,0.0,0.0,0.0,0.0,0.0,0.0,0.0,1,1,PON,AME,0,12,6,3,0,4,2,18,20,PON/PON,False,False,1.25,0.71
2026-04-25,Serie B Brasil,2026,SPORT RECIFE,NOVORIZONTINO,1,0,0,0,H,10,10,5,4,13,21,3,5,4,5,0,0,402,302,4,3,56.0,44.0,1520659.0,0.0,0.0,0.0,0.0,0.0,0.0,0.0,0.0,0.0,0.0,0.0,0.0,0.0,0.0,0.0,0.0,0.0,0.0,0.0,0.0,0.0,0.0,0.0,0.0,0.0,0.0,0.0,0.0,0.0,0.0,0.0,0.0,0.0,0.0,0.0,1,0,SPO,NOV,1,8,6,3,0,7,8,9,4,E/SPO,True,False,2.1999999999999997,0.040000000000000036
2026-04-26,Serie B Brasil,2026,JUVENTUDE,LONDRINA,1,0,1,0,H,8,13,5,3,22,16,3,8,3,3,0,0,332,488,3,4,41.0,59.0,1520655.0,0.0,0.0,0.0,0.0,0.0,0.0,0.0,0.0,0.0,0.0,0.0,0.0,0.0,0.0,0.0,0.0,0.0,0.0,0.0,0.0,0.0,0.0,0.0,0.0,0.0,0.0,0.0,0.0,0.0,0.0,0.0,0.0,0.0,0.0,0.0,1,1,JUV,LON,0,11,6,3,0,7,5,11,16,JUV/JUV,False,False,1.7899999999999998,0.24
2026-04-26,Serie B Brasil,2026,CEARA,VILA NOVA,3,3,3,1,D,8,11,5,6,17,12,3,4,1,3,0,0,324,394,3,2,46.0,54.0,1520652.0,0.0,0.0,0.0,0.0,0.0,0.0,0.0,0.0,0.0,0.0,0.0,0.0,0.0,0.0,0.0,0.0,0.0,0.0,0.0,0.0,0.0,0.0,0.0,0.0,0.0,0.0,0.0,0.0,0.0,0.0,0.0,0.0,0.0,0.0,0.0,6,4,CEA,VIL,2,7,6,1,1,9,11,5,1,CEA/E,True,True,0.92,0.9899999999999998
2026-04-26,Serie B Brasil,2026,OPERARIO-PR,FORTALEZA EC,0,0,0,0,D,21,12,3,2,9,12,11,7,1,3,0,0,486,277,1,3,64.0,36.0,1520656.0,0.0,0.0,0.0,0.0,0.0,0.0,0.0,0.0,0.0,0.0,0.0,0.0,0.0,0.0,0.0,0.0,0.0,0.0,0.0,0.0,0.0,0.0,0.0,0.0,0.0,0.0,0.0,0.0,0.0,0.0,0.0,0.0,0.0,0.0,0.0,0,0,OPE,FOR,0,18,6,1,1,8,10,9,3,E/E,True,False,1.1599999999999997,0.48
2026-04-26,Serie B Brasil,2026,CRICIUMA,CRB,3,1,2,0,H,17,17,7,5,13,12,9,5,1,1,0,0,323,439,4,4,42.0,58.0,1520653.0,0.0,0.0,0.0,0.0,0.0,0.0,0.0,0.0,0.0,0.0,0.0,0.0,0.0,0.0,0.0,0.0,0.0,0.0,0.0,0.0,0.0,0.0,0.0,0.0,0.0,0.0,0.0,0.0,0.0,0.0,0.0,0.0,0.0,0.0,0.0,4,2,CRI,CRB,2,14,6,3,0,7,2,11,19,CRI/CRI,False,False,2.55,0.3699999999999999
2026-04-26,Serie B Brasil,2026,ATLETICO GOIANIENSE,AVAI,2,1,1,0,H,16,9,6,4,22,10,6,1,5,4,0,0,330,473,3,4,41.0,59.0,1520651.0,0.0,0.0,0.0,0.0,0.0,0.0,0.0,0.0,0.0,0.0,0.0,0.0,0.0,0.0,0.0,0.0,0.0,0.0,0.0,0.0,0.0,0.0,0.0,0.0,0.0,0.0,0.0,0.0,0.0,0.0,0.0,0.0,0.0,0.0,0.0,3,1,ATM,AVA,2,7,6,3,0,4,8,18,8,ATM/ATM,False,False,1.98,-0.1700000000000001
2026-04-27,Serie B Brasil,2026,ATHLETIC CLUB,NAUTICO RECIFE,0,1,0,0,A,9,14,5,1,14,15,7,4,3,4,0,0,409,342,0,5,54.0,46.0,1520650.0,0.0,0.0,0.0,0.0,0.0,0.0,0.0,0.0,0.0,0.0,0.0,0.0,0.0,0.0,0.0,0.0,0.0,0.0,0.0,0.0,0.0,0.0,0.0,0.0,0.0,0.0,0.0,0.0,0.0,0.0,0.0,0.0,0.0,0.0,0.0,1,0,ATH,NAU,1,11,6,0,3,8,6,8,16,E/NAU,False,False,0.67,1.06
2026-05-02,Serie B Brasil,2026,BOTAFOGO SP,NAUTICO RECIFE,1,1,1,0,D,10,13,7,3,18,18,11,2,2,2,0,0,277,321,2,7,47.0,53.0,1520663.0,0.0,0.0,0.0,0.0,0.0,0.0,0.0,0.0,0.0,0.0,0.0,0.0,0.0,0.0,0.0,0.0,0.0,0.0,0.0,0.0,0.0,0.0,0.0,0.0,0.0,0.0,0.0,0.0,0.0,0.0,0.0,0.0,0.0,0.0,0.0,2,1,BOT,NAU,1,13,7,1,1,5,9,18,8,BOT/E,False,False,1.71,0.27999999999999986
2026-05-02,Serie B Brasil,2026,CUIABA,CRICIUMA,1,1,1,0,D,9,10,5,5,17,10,3,2,1,0,0,0,396,443,3,4,47.0,53.0,1520664.0,0.0,0.0,0.0,0.0,0.0,0.0,0.0,0.0,0.0,0.0,0.0,0.0,0.0,0.0,0.0,0.0,0.0,0.0,0.0,0.0,0.0,0.0,0.0,0.0,0.0,0.0,0.0,0.0,0.0,0.0,0.0,0.0,0.0,0.0,0.0,2,1,CUI,CRI,1,5,7,1,1,7,10,13,4,CUI/E,True,False,1.0099999999999998,1.04
2026-05-02,Serie B Brasil,2026,FORTALEZA EC,GOIAS,4,1,0,1,H,17,10,9,4,11,17,3,3,4,3,0,1,380,511,1,5,43.0,57.0,1520665.0,0.0,0.0,0.0,0.0,0.0,0.0,0.0,0.0,0.0,0.0,0.0,0.0,0.0,0.0,0.0,0.0,0.0,0.0,0.0,0.0,0.0,0.0,0.0,0.0,0.0,0.0,0.0,0.0,0.0,0.0,0.0,0.0,0.0,0.0,0.0,5,1,FOR,GOI,4,6,7,3,0,11,7,2,15,GOI/FOR,False,True,2.3399999999999994,-0.31000000000000005
2026-05-03,Serie B Brasil,2026,OPERARIO-PR,LONDRINA,3,0,2,0,H,14,10,5,3,11,16,5,4,2,5,0,0,461,362,3,2,55.0,45.0,1520666.0,0.0,0.0,0.0,0.0,0.0,0.0,0.0,0.0,0.0,0.0,0.0,0.0,0.0,0.0,0.0,0.0,0.0,0.0,0.0,0.0,0.0,0.0,0.0,0.0,0.0,0.0,0.0,0.0,0.0,0.0,0.0,0.0,0.0,0.0,0.0,3,2,OPE,LON,1,9,7,3,0,9,5,8,18,OPE/OPE,False,False,2.07,-0.20000000000000007
2026-05-03,Serie B Brasil,2026,SAO BERNARDO,PONTE PRETA,3,0,1,0,H,11,11,6,0,11,10,2,6,2,3,0,0,465,464,0,3,49.0,51.0,1520667.0,0.0,0.0,0.0,0.0,0.0,0.0,0.0,0.0,0.0,0.0,0.0,0.0,0.0,0.0,0.0,0.0,0.0,0.0,0.0,0.0,0.0,0.0,0.0,0.0,0.0,0.0,0.0,0.0,0.0,0.0,0.0,0.0,0.0,0.0,0.0,3,1,SAO,PON,2,8,7,3,0,7,7,13,15,SAO/SAO,False,False,2.1799999999999997,-0.34
2026-05-03,Serie B Brasil,2026,SPORT RECIFE,CEARA,2,0,0,0,H,16,10,5,1,13,16,9,11,2,4,0,0,282,354,1,3,45.0,55.0,1520668.0,0.0,0.0,0.0,0.0,0.0,0.0,0.0,0.0,0.0,0.0,0.0,0.0,0.0,0.0,0.0,0.0,0.0,0.0,0.0,0.0,0.0,0.0,0.0,0.0,0.0,0.0,0.0,0.0,0.0,0.0,0.0,0.0,0.0,0.0,0.0,2,0,SPO,CEA,2,20,7,3,0,10,10,7,6,E/SPO,True,False,2.73,-0.12999999999999995
2026-05-03,Serie B Brasil,2026,ATLETICO GOIANIENSE,JUVENTUDE,0,0,0,0,D,16,5,6,1,15,14,5,1,3,3,1,0,348,363,2,6,50.0,50.0,1520661.0,0.0,0.0,0.0,0.0,0.0,0.0,0.0,0.0,0.0,0.0,0.0,0.0,0.0,0.0,0.0,0.0,0.0,0.0,0.0,0.0,0.0,0.0,0.0,0.0,0.0,0.0,0.0,0.0,0.0,0.0,0.0,0.0,0.0,0.0,0.0,0,0,ATM,JUV,0,6,7,1,1,7,10,14,8,E/E,False,False,1.0299999999999998,-1.1102230246251565e-16
2026-05-03,Serie B Brasil,2026,AMERICA MINEIRO,CRB,1,2,1,1,A,9,16,4,8,18,20,3,4,4,4,0,0,358,460,6,3,44.0,56.0,1520660.0,0.0,0.0,0.0,0.0,0.0,0.0,0.0,0.0,0.0,0.0,0.0,0.0,0.0,0.0,0.0,0.0,0.0,0.0,0.0,0.0,0.0,0.0,0.0,0.0,0.0,0.0,0.0,0.0,0.0,0.0,0.0,0.0,0.0,0.0,0.0,3,2,AME,CRB,1,7,7,0,3,2,2,20,19,E/CRB,False,False,-0.13000000000000006,2.24
2026-05-03,Serie B Brasil,2026,AVAI,NOVORIZONTINO,3,3,1,0,D,0,0,0,0,0,0,0,0,1,0,0,0,6,5,0,0,55.0,45.0,1520662.0,0.0,0.0,0.0,0.0,0.0,0.0,0.0,0.0,0.0,0.0,0.0,0.0,0.0,0.0,0.0,0.0,0.0,0.0,0.0,0.0,0.0,0.0,0.0,0.0,0.0,0.0,0.0,0.0,0.0,0.0,0.0,0.0,0.0,0.0,0.0,6,1,AVA,NOV,5,0,7,1,1,8,8,10,11,AVA/E,False,False,0.4,0.5
2026-05-04,Serie B Brasil,2026,VILA NOVA,ATHLETIC CLUB,1,1,0,0,D,22,2,5,2,12,14,9,1,2,3,0,1,512,253,1,4,68.0,32.0,1520669.0,0.0,0.0,0.0,0.0,0.0,0.0,0.0,0.0,0.0,0.0,0.0,0.0,0.0,0.0,0.0,0.0,0.0,0.0,0.0,0.0,0.0,0.0,0.0,0.0,0.0,0.0,0.0,0.0,0.0,0.0,0.0,0.0,0.0,0.0,0.0,2,0,VIL,ATH,2,10,7,1,1,12,8,4,12,E/E,False,True,1.38,-0.12999999999999995
2026-05-09,Serie B Brasil,2026,GOIAS,VILA NOVA,1,0,0,0,H,12,11,3,1,15,10,4,5,6,2,1,0,244,451,1,2,36.0,64.0,1520674.0,0.0,0.0,0.0,0.0,0.0,0.0,0.0,0.0,0.0,0.0,0.0,0.0,0.0,0.0,0.0,0.0,0.0,0.0,0.0,0.0,0.0,0.0,0.0,0.0,0.0,0.0,0.0,0.0,0.0,0.0,0.0,0.0,0.0,0.0,0.0,1,0,GOI,VIL,1,9,8,3,0,7,13,15,3,E/GOI,True,False,1.65,-0.030000000000000027
2026-05-09,Serie B Brasil,2026,ATHLETIC CLUB,CUIABA,0,0,0,0,D,8,7,1,1,11,17,6,6,3,2,0,0,438,333,1,2,56.0,44.0,1520670.0,0.0,0.0,0.0,0.0,0.0,0.0,0.0,0.0,0.0,0.0,0.0,0.0,0.0,0.0,0.0,0.0,0.0,0.0,0.0,0.0,0.0,0.0,0.0,0.0,0.0,0.0,0.0,0.0,0.0,0.0,0.0,0.0,0.0,0.0,0.0,0,0,ATH,CUI,0,12,8,1,1,9,8,13,14,E/E,False,False,0.48,0.5800000000000001
2026-05-09,Serie B Brasil,2026,PONTE PRETA,SPORT RECIFE,1,3,1,2,A,16,10,5,4,17,11,11,2,5,4,0,1,271,323,1,3,48.0,52.0,1520679.0,0.0,0.0,0.0,0.0,0.0,0.0,0.0,0.0,0.0,0.0,0.0,0.0,0.0,0.0,0.0,0.0,0.0,0.0,0.0,0.0,0.0,0.0,0.0,0.0,0.0,0.0,0.0,0.0,0.0,0.0,0.0,0.0,0.0,0.0,0.0,4,3,PON,SPO,1,13,8,0,3,7,13,16,2,SPO/SPO,True,False,0.56,1.08
2026-05-09,Serie B Brasil,2026,CEARA,ATLETICO GOIANIENSE,0,1,0,1,A,32,5,9,1,14,15,11,1,2,2,0,1,487,166,0,9,75.0,25.0,1520672.0,0.0,0.0,0.0,0.0,0.0,0.0,0.0,0.0,0.0,0.0,0.0,0.0,0.0,0.0,0.0,0.0,0.0,0.0,0.0,0.0,0.0,0.0,0.0,0.0,0.0,0.0,0.0,0.0,0.0,0.0,0.0,0.0,0.0,0.0,0.0,1,1,CEA,ATM,0,12,8,0,3,10,8,8,15,ATM/ATM,False,False,1.63,0.5800000000000001
2026-05-09,Serie B Brasil,2026,CRB,OPERARIO-PR,3,0,2,0,H,15,8,5,2,15,14,6,1,2,4,0,0,352,499,2,2,42.0,58.0,1520673.0,0.0,0.0,0.0,0.0,0.0,0.0,0.0,0.0,0.0,0.0,0.0,0.0,0.0,0.0,0.0,0.0,0.0,0.0,0.0,0.0,0.0,0.0,0.0,0.0,0.0,0.0,0.0,0.0,0.0,0.0,0.0,0.0,0.0,0.0,0.0,3,2,CRB,OPE,1,7,8,3,0,5,12,18,4,CRB/CRB,True,False,2.73,-0.42000000000000004
2026-05-10,Serie B Brasil,2026,JUVENTUDE,CRICIUMA,0,0,0,0,D,15,14,5,2,14,18,7,9,2,4,0,0,377,295,2,5,55.0,45.0,1520675.0,0.0,0.0,0.0,0.0,0.0,0.0,0.0,0.0,0.0,0.0,0.0,0.0,0.0,0.0,0.0,0.0,0.0,0.0,0.0,0.0,0.0,0.0,0.0,0.0,0.0,0.0,0.0,0.0,0.0,0.0,0.0,0.0,0.0,0.0,0.0,0,0,JUV,CRI,0,16,8,1,1,11,11,6,5,E/E,True,True,1.12,0.45999999999999996
2026-05-10,Serie B Brasil,2026,NAUTICO RECIFE,AMERICA MINEIRO,4,0,2,0,H,18,5,6,0,19,16,3,3,2,3,0,1,423,297,0,3,58.0,42.0,1520677.0,0.0,0.0,0.0,0.0,0.0,0.0,0.0,0.0,0.0,0.0,0.0,0.0,0.0,0.0,0.0,0.0,0.0,0.0,0.0,0.0,0.0,0.0,0.0,0.0,0.0,0.0,0.0,0.0,0.0,0.0,0.0,0.0,0.0,0.0,0.0,4,2,NAU,AME,2,6,8,3,0,10,2,11,20,NAU/NAU,False,False,2.2899999999999996,-0.76
2026-05-10,Serie B Brasil,2026,AVAI,FORTALEZA EC,0,0,0,0,D,20,9,6,2,19,16,5,4,3,3,0,2,486,389,2,6,55.0,45.0,1520671.0,0.0,0.0,0.0,0.0,0.0,0.0,0.0,0.0,0.0,0.0,0.0,0.0,0.0,0.0,0.0,0.0,0.0,0.0,0.0,0.0,0.0,0.0,0.0,0.0,0.0,0.0,0.0,0.0,0.0,0.0,0.0,0.0,0.0,0.0,0.0,0,0,AVA,FOR,0,9,8,1,1,9,14,13,2,E/E,True,False,1.1699999999999997,-0.20000000000000007
2026-05-10,Serie B Brasil,2026,NOVORIZONTINO,BOTAFOGO SP,1,0,0,0,H,9,6,3,1,17,15,5,1,4,2,0,0,336,419,1,2,45.0,55.0,1520678.0,0.0,0.0,0.0,0.0,0.0,0.0,0.0,0.0,0.0,0.0,0.0,0.0,0.0,0.0,0.0,0.0,0.0,0.0,0.0,0.0,0.0,0.0,0.0,0.0,0.0,0.0,0.0,0.0,0.0,0.0,0.0,0.0,0.0,0.0,0.0,1,0,NOV,BOT,1,6,8,3,0,9,6,14,18,E/NOV,False,False,1.73,-0.25000000000000006
2026-05-12,Serie B Brasil,2026,LONDRINA,SAO BERNARDO,1,3,0,2,A,13,8,1,3,13,6,9,2,3,1,0,0,489,455,0,1,53.0,47.0,1520676.0,0.0,0.0,0.0,0.0,0.0,0.0,0.0,0.0,0.0,0.0,0.0,0.0,0.0,0.0,0.0,0.0,0.0,0.0,0.0,0.0,0.0,0.0,0.0,0.0,0.0,0.0,0.0,0.0,0.0,0.0,0.0,0.0,0.0,0.0,0.0,4,2,LON,SAO,2,11,8,0,3,5,10,19,10,SAO/SAO,False,False,0.10999999999999993,1.72
2026-05-16,Serie B Brasil,2026,OPERARIO-PR,NAUTICO RECIFE,2,6,1,2,A,17,18,7,8,8,18,7,5,4,1,1,0,323,387,2,5,46.0,54.0,1520685.0,0.0,0.0,0.0,0.0,0.0,0.0,0.0,0.0,0.0,0.0,0.0,0.0,0.0,0.0,0.0,0.0,0.0,0.0,0.0,0.0,0.0,0.0,0.0,0.0,0.0,0.0,0.0,0.0,0.0,0.0,0.0,0.0,0.0,0.0,0.0,8,3,OPE,NAU,5,12,9,0,3,12,13,8,5,NAU/NAU,True,False,0.25,2.36
2026-05-16,Serie B Brasil,2026,SAO BERNARDO,AMERICA MINEIRO,1,1,0,1,D,15,11,4,4,16,16,6,7,3,5,0,0,416,439,3,3,49.0,51.0,1520687.0,0.0,0.0,0.0,0.0,0.0,0.0,0.0,0.0,0.0,0.0,0.0,0.0,0.0,0.0,0.0,0.0,0.0,0.0,0.0,0.0,0.0,0.0,0.0,0.0,0.0,0.0,0.0,0.0,0.0,0.0,0.0,0.0,0.0,0.0,0.0,2,1,SAO,AME,1,13,9,1,1,13,2,4,20,AME/E,False,True,0.76,0.6300000000000003
2026-05-16,Serie B Brasil,2026,GOIAS,BOTAFOGO SP,1,0,0,0,H,17,7,6,2,19,11,4,5,4,3,0,0,502,405,2,5,55.0,45.0,1520684.0,0.0,0.0,0.0,0.0,0.0,0.0,0.0,0.0,0.0,0.0,0.0,0.0,0.0,0.0,0.0,0.0,0.0,0.0,0.0,0.0,0.0,0.0,0.0,0.0,0.0,0.0,0.0,0.0,0.0,0.0,0.0,0.0,0.0,0.0,0.0,1,0,GOI,BOT,1,9,9,3,0,10,6,14,18,E/GOI,False,False,2.0,-0.13000000000000012
2026-05-16,Serie B Brasil,2026,CUIABA,NOVORIZONTINO,0,0,0,0,D,22,10,8,3,14,12,8,4,3,2,0,0,367,250,3,8,60.0,40.0,1520683.0,0.0,0.0,0.0,0.0,0.0,0.0,0.0,0.0,0.0,0.0,0.0,0.0,0.0,0.0,0.0,0.0,0.0,0.0,0.0,0.0,0.0,0.0,0.0,0.0,0.0,0.0,0.0,0.0,0.0,0.0,0.0,0.0,0.0,0.0,0.0,0,0,CUI,NOV,0,12,9,1,1,9,12,15,7,E/E,False,False,1.5699999999999996,0.38999999999999996
2026-05-17,Serie B Brasil,2026,ATHLETIC CLUB,JUVENTUDE,1,1,1,0,D,18,10,5,4,22,16,5,3,2,3,0,0,295,384,3,4,44.0,56.0,1520680.0,0.0,0.0,0.0,0.0,0.0,0.0,0.0,0.0,0.0,0.0,0.0,0.0,0.0,0.0,0.0,0.0,0.0,0.0,0.0,0.0,0.0,0.0,0.0,0.0,0.0,0.0,0.0,0.0,0.0,0.0,0.0,0.0,0.0,0.0,0.0,2,1,ATH,JUV,1,8,9,1,1,10,12,13,9,ATH/E,False,False,1.04,0.6
2026-05-17,Serie B Brasil,2026,VILA NOVA,AVAI,2,0,2,0,H,14,7,6,3,21,16,2,1,4,3,0,0,339,432,3,4,45.0,55.0,1520689.0,0.0,0.0,0.0,0.0,0.0,0.0,0.0,0.0,0.0,0.0,0.0,0.0,0.0,0.0,0.0,0.0,0.0,0.0,0.0,0.0,0.0,0.0,0.0,0.0,0.0,0.0,0.0,0.0,0.0,0.0,0.0,0.0,0.0,0.0,0.0,2,2,VIL,AVA,0,3,9,3,0,13,10,5,13,VIL/VIL,False,True,1.9300000000000002,-0.14000000000000015
2026-05-17,Serie B Brasil,2026,CEARA,FORTALEZA EC,2,1,0,1,H,10,17,5,5,20,21,3,2,3,4,0,0,359,350,4,3,50.0,50.0,1520681.0,0.0,0.0,0.0,0.0,0.0,0.0,0.0,0.0,0.0,0.0,0.0,0.0,0.0,0.0,0.0,0.0,0.0,0.0,0.0,0.0,0.0,0.0,0.0,0.0,0.0,0.0,0.0,0.0,0.0,0.0,0.0,0.0,0.0,0.0,0.0,3,1,CEA,FOR,2,5,9,3,0,10,15,13,4,FOR/CEA,True,False,2.3099999999999996,0.14
2026-05-17,Serie B Brasil,2026,CRICIUMA,ATLETICO GOIANIENSE,1,1,0,0,D,13,18,2,4,14,16,8,9,3,4,0,0,435,218,3,1,67.0,33.0,1520682.0,0.0,0.0,0.0,0.0,0.0,0.0,0.0,0.0,0.0,0.0,0.0,0.0,0.0,0.0,0.0,0.0,0.0,0.0,0.0,0.0,0.0,0.0,0.0,0.0,0.0,0.0,0.0,0.0,0.0,0.0,0.0,0.0,0.0,0.0,0.0,2,0,CRI,ATM,2,17,9,1,1,12,11,10,13,E/E,False,False,0.52,0.89
2026-05-17,Serie B Brasil,2026,SPORT RECIFE,CRB,1,2,0,1,A,13,12,3,6,14,13,3,2,2,4,0,0,386,314,5,2,55.0,45.0,1520688.0,0.0,0.0,0.0,0.0,0.0,0.0,0.0,0.0,0.0,0.0,0.0,0.0,0.0,0.0,0.0,0.0,0.0,0.0,0.0,0.0,0.0,0.0,0.0,0.0,0.0,0.0,0.0,0.0,0.0,0.0,0.0,0.0,0.0,0.0,0.0,3,1,SPO,CRB,2,5,9,0,3,16,8,2,16,CRB/CRB,False,True,0.05999999999999994,2.39
2026-05-18,Serie B Brasil,2026,PONTE PRETA,LONDRINA,1,4,0,1,A,16,19,5,9,16,8,11,4,6,1,0,1,365,335,5,4,54.0,46.0,1520686.0,0.0,0.0,0.0,0.0,0.0,0.0,0.0,0.0,0.0,0.0,0.0,0.0,0.0,0.0,0.0,0.0,0.0,0.0,0.0,0.0,0.0,0.0,0.0,0.0,0.0,0.0,0.0,0.0,0.0,0.0,0.0,0.0,0.0,0.0,0.0,5,1,PON,LON,4,15,9,0,3,7,5,17,19,LON/LON,False,False,0.17000000000000004,2.2299999999999995
2026-05-22,Serie B Brasil,2026,NAUTICO RECIFE,CUIABA,1,0,0,0,H,10,7,2,2,16,20,6,1,3,2,0,0,515,259,2,1,67.0,33.0,1520697.0,0.0,0.0,0.0,0.0,0.0,0.0,0.0,0.0,0.0,0.0,0.0,0.0,0.0,0.0,0.0,0.0,0.0,0.0,0.0,0.0,0.0,0.0,0.0,0.0,0.0,0.0,0.0,0.0,0.0,0.0,0.0,0.0,0.0,0.0,0.0,1,0,NAU,CUI,1,7,10,3,0,16,10,1,15,E/NAU,False,True,1.68,-0.07
2026-05-23,Serie B Brasil,2026,NOVORIZONTINO,CEARA,2,1,1,1,H,15,5,6,1,18,12,5,2,1,3,0,1,360,391,0,4,49.0,51.0,1520698.0,0.0,0.0,0.0,0.0,0.0,0.0,0.0,0.0,0.0,0.0,0.0,0.0,0.0,0.0,0.0,0.0,0.0,0.0,0.0,0.0,0.0,0.0,0.0,0.0,0.0,0.0,0.0,0.0,0.0,0.0,0.0,0.0,0.0,0.0,0.0,3,2,NOV,CEA,1,7,10,3,0,13,13,6,8,E/NOV,False,True,2.46,-0.7000000000000001
2026-05-23,Serie B Brasil,2026,FORTALEZA EC,LONDRINA,3,0,1,0,H,17,9,4,2,14,15,5,1,3,4,0,0,459,437,2,1,52.0,48.0,1520695.0,0.0,0.0,0.0,0.0,0.0,0.0,0.0,0.0,0.0,0.0,0.0,0.0,0.0,0.0,0.0,0.0,0.0,0.0,0.0,0.0,0.0,0.0,0.0,0.0,0.0,0.0,0.0,0.0,0.0,0.0,0.0,0.0,0.0,0.0,0.0,3,1,FOR,LON,2,6,10,3,0,15,8,5,17,FOR/FOR,False,True,1.93,-0.3500000000000001
2026-05-23,Serie B Brasil,2026,JUVENTUDE,SPORT RECIFE,0,1,0,0,A,16,10,2,2,19,13,9,2,1,4,0,0,360,346,1,2,52.0,48.0,1520696.0,0.0,0.0,0.0,0.0,0.0,0.0,0.0,0.0,0.0,0.0,0.0,0.0,0.0,0.0,0.0,0.0,0.0,0.0,0.0,0.0,0.0,0.0,0.0,0.0,0.0,0.0,0.0,0.0,0.0,0.0,0.0,0.0,0.0,0.0,0.0,1,0,JUV,SPO,1,11,10,0,3,13,16,8,3,E/SPO,True,False,0.51,1.2200000000000002
2026-05-24,Serie B Brasil,2026,ATLETICO GOIANIENSE,SAO BERNARDO,0,1,0,0,A,17,11,4,5,15,13,8,4,0,2,0,0,377,405,4,5,49.0,51.0,1520691.0,0.0,0.0,0.0,0.0,0.0,0.0,0.0,0.0,0.0,0.0,0.0,0.0,0.0,0.0,0.0,0.0,0.0,0.0,0.0,0.0,0.0,0.0,0.0,0.0,0.0,0.0,0.0,0.0,0.0,0.0,0.0,0.0,0.0,0.0,0.0,1,0,ATM,SAO,1,12,10,0,3,12,14,11,6,E/SAO,True,False,0.67,1.89
2026-05-24,Serie B Brasil,2026,CRB,PONTE PRETA,4,2,1,2,H,33,10,11,4,16,8,12,5,1,2,0,0,447,331,2,8,58.0,42.0,1520694.0,0.0,0.0,0.0,0.0,0.0,0.0,0.0,0.0,0.0,0.0,0.0,0.0,0.0,0.0,0.0,0.0,0.0,0.0,0.0,0.0,0.0,0.0,0.0,0.0,0.0,0.0,0.0,0.0,0.0,0.0,0.0,0.0,0.0,0.0,0.0,6,3,CRB,PON,3,17,10,3,0,11,7,13,18,PON/CRB,False,False,3.3499999999999996,-0.14000000000000007
2026-05-24,Serie B Brasil,2026,AMERICA MINEIRO,VILA NOVA,1,2,1,0,A,17,12,5,4,15,16,4,4,3,3,0,0,455,459,2,4,50.0,50.0,1520690.0,0.0,0.0,0.0,0.0,0.0,0.0,0.0,0.0,0.0,0.0,0.0,0.0,0.0,0.0,0.0,0.0,0.0,0.0,0.0,0.0,0.0,0.0,0.0,0.0,0.0,0.0,0.0,0.0,0.0,0.0,0.0,0.0,0.0,0.0,0.0,3,1,AME,VIL,2,8,10,0,3,3,16,20,5,AME/VIL,True,False,0.37,1.6700000000000002
2026-05-24,Serie B Brasil,2026,AVAI,GOIAS,0,2,0,0,A,7,12,3,8,15,18,1,6,1,2,1,0,340,626,6,3,35.0,65.0,1520692.0,0.0,0.0,0.0,0.0,0.0,0.0,0.0,0.0,0.0,0.0,0.0,0.0,0.0,0.0,0.0,0.0,0.0,0.0,0.0,0.0,0.0,0.0,0.0,0.0,0.0,0.0,0.0,0.0,0.0,0.0,0.0,0.0,0.0,0.0,0.0,2,0,AVA,GOI,2,7,10,0,3,10,13,15,11,E/GOI,False,False,-0.37000000000000005,2.6300000000000003
2026-05-24,Serie B Brasil,2026,OPERARIO-PR,CRICIUMA,1,1,0,0,D,20,13,6,6,13,18,8,6,2,3,0,0,351,353,5,4,50.0,50.0,1520699.0,0.0,0.0,0.0,0.0,0.0,0.0,0.0,0.0,0.0,0.0,0.0,0.0,0.0,0.0,0.0,0.0,0.0,0.0,0.0,0.0,0.0,0.0,0.0,0.0,0.0,0.0,0.0,0.0,0.0,0.0,0.0,0.0,0.0,0.0,0.0,2,0,OPE,CRI,2,14,10,1,1,12,13,13,9,E/E,False,False,1.18,0.94
2026-05-25,Serie B Brasil,2026,BOTAFOGO SP,ATHLETIC CLUB,1,2,0,1,A,12,8,6,2,13,14,6,2,4,2,0,0,411,254,0,5,62.0,38.0,1520693.0,0.0,0.0,0.0,0.0,0.0,0.0,0.0,0.0,0.0,0.0,0.0,0.0,0.0,0.0,0.0,0.0,0.0,0.0,0.0,0.0,0.0,0.0,0.0,0.0,0.0,0.0,0.0,0.0,0.0,0.0,0.0,0.0,0.0,0.0,0.0,3,1,BOT,ATH,2,8,10,0,3,6,11,19,14,ATH/ATH,False,False,0.66,1.28
2026-05-30,Serie B Brasil,2026,JUVENTUDE,AMERICA MINEIRO,3,0,1,0,H,16,16,6,8,16,14,5,5,0,2,0,0,296,508,8,3,38.0,62.0,1520705.0,0.0,0.0,0.0,0.0,0.0,0.0,0.0,0.0,0.0,0.0,0.0,0.0,0.0,0.0,0.0,0.0,0.0,0.0,0.0,0.0,0.0,0.0,0.0,0.0,0.0,0.0,0.0,0.0,0.0,0.0,0.0,0.0,0.0,0.0,0.0,3,1,JUV,AME,2,10,11,3,0,13,3,12,20,JUV/JUV,False,False,2.15,0.8499999999999999
2026-05-30,Serie B Brasil,2026,ATLETICO GOIANIENSE,GOIAS,1,1,0,0,D,17,6,6,3,13,14,9,2,4,3,0,0,383,327,2,5,55.0,45.0,1520701.0,0.0,0.0,0.0,0.0,0.0,0.0,0.0,0.0,0.0,0.0,0.0,0.0,0.0,0.0,0.0,0.0,0.0,0.0,0.0,0.0,0.0,0.0,0.0,0.0,0.0,0.0,0.0,0.0,0.0,0.0,0.0,0.0,0.0,0.0,0.0,2,0,ATM,GOI,2,11,11,1,1,12,16,14,8,E/E,False,False,1.2599999999999998,0.2699999999999998
2026-05-30,Serie B Brasil,2026,AVAI,CRICIUMA,1,2,0,1,A,11,17,3,3,16,25,3,9,2,2,0,0,371,265,1,1,57.0,43.0,1520702.0,0.0,0.0,0.0,0.0,0.0,0.0,0.0,0.0,0.0,0.0,0.0,0.0,0.0,0.0,0.0,0.0,0.0,0.0,0.0,0.0,0.0,0.0,0.0,0.0,0.0,0.0,0.0,0.0,0.0,0.0,0.0,0.0,0.0,0.0,0.0,3,1,AVA,CRI,2,12,11,0,3,10,14,16,10,CRI/CRI,False,False,0.06999999999999995,1.99
2026-05-30,Serie B Brasil,2026,ATHLETIC CLUB,FORTALEZA EC,1,0,0,0,H,12,14,2,4,17,15,8,7,0,1,0,0,348,413,4,1,46.0,54.0,1520700.0,0.0,0.0,0.0,0.0,0.0,0.0,0.0,0.0,0.0,0.0,0.0,0.0,0.0,0.0,0.0,0.0,0.0,0.0,0.0,0.0,0.0,0.0,0.0,0.0,0.0,0.0,0.0,0.0,0.0,0.0,0.0,0.0,0.0,0.0,0.0,1,0,ATH,FOR,1,15,11,3,0,14,18,11,4,E/ATH,True,False,2.36,0.5900000000000001
2026-05-30,Serie B Brasil,2026,SPORT RECIFE,NAUTICO RECIFE,2,0,1,0,H,8,19,5,6,18,18,1,8,5,3,0,0,252,369,6,3,40.0,60.0,1520709.0,0.0,0.0,0.0,0.0,0.0,0.0,0.0,0.0,0.0,0.0,0.0,0.0,0.0,0.0,0.0,0.0,0.0,0.0,0.0,0.0,0.0,0.0,0.0,0.0,0.0,0.0,0.0,0.0,0.0,0.0,0.0,0.0,0.0,0.0,0.0,2,1,SPO,NAU,1,9,11,3,0,19,19,2,1,SPO/SPO,True,True,1.84,0.7299999999999998
2026-05-31,Serie B Brasil,2026,LONDRINA,VILA NOVA,0,1,0,0,A,7,18,5,3,13,14,2,9,5,6,2,1,239,457,2,5,34.0,66.0,1520706.0,0.0,0.0,0.0,0.0,0.0,0.0,0.0,0.0,0.0,0.0,0.0,0.0,0.0,0.0,0.0,0.0,0.0,0.0,0.0,0.0,0.0,0.0,0.0,0.0,0.0,0.0,0.0,0.0,0.0,0.0,0.0,0.0,0.0,0.0,0.0,1,0,LON,VIL,1,11,11,0,3,8,19,17,2,E/VIL,True,False,-0.48,1.2599999999999998
2026-05-31,Serie B Brasil,2026,SAO BERNARDO,NOVORIZONTINO,1,1,1,1,D,11,10,4,3,16,12,6,1,3,2,0,0,373,318,2,3,54.0,46.0,1520708.0,0.0,0.0,0.0,0.0,0.0,0.0,0.0,0.0,0.0,0.0,0.0,0.0,0.0,0.0,0.0,0.0,0.0,0.0,0.0,0.0,0.0,0.0,0.0,0.0,0.0,0.0,0.0,0.0,0.0,0.0,0.0,0.0,0.0,0.0,0.0,2,2,SAO,NOV,0,7,11,1,1,17,16,5,9,E/E,False,True,0.9299999999999999,0.48000000000000004
2026-05-31,Serie B Brasil,2026,CEARA,OPERARIO-PR,1,2,1,0,A,20,9,8,2,18,12,7,2,6,4,2,0,382,351,0,7,53.0,47.0,1520703.0,0.0,0.0,0.0,0.0,0.0,0.0,0.0,0.0,0.0,0.0,0.0,0.0,0.0,0.0,0.0,0.0,0.0,0.0,0.0,0.0,0.0,0.0,0.0,0.0,0.0,0.0,0.0,0.0,0.0,0.0,0.0,0.0,0.0,0.0,0.0,3,1,CEA,OPE,2,9,11,0,3,13,13,12,14,CEA/OPE,False,False,0.30999999999999983,0.9599999999999999
2026-05-31,Serie B Brasil,2026,CUIABA,CRB,2,0,2,0,H,15,14,8,4,13,7,7,4,2,0,0,0,347,529,4,6,40.0,60.0,1520704.0,0.0,0.0,0.0,0.0,0.0,0.0,0.0,0.0,0.0,0.0,0.0,0.0,0.0,0.0,0.0,0.0,0.0,0.0,0.0,0.0,0.0,0.0,0.0,0.0,0.0,0.0,0.0,0.0,0.0,0.0,0.0,0.0,0.0,0.0,0.0,2,2,CUI,CRB,0,11,11,3,0,10,14,15,12,CUI/CUI,False,False,2.57,0.25999999999999995
2026-06-01,Serie B Brasil,2026,PONTE PRETA,BOTAFOGO SP,0,0,0,0,D,7,29,1,4,18,15,5,12,4,2,2,0,199,411,4,1,32.0,68.0,1520707.0,0.0,0.0,0.0,0.0,0.0,0.0,0.0,0.0,0.0,0.0,0.0,0.0,0.0,0.0,0.0,0.0,0.0,0.0,0.0,0.0,0.0,0.0,0.0,0.0,0.0,0.0,0.0,0.0,0.0,0.0,0.0,0.0,0.0,0.0,0.0,0,0,PON,BOT,0,17,11,1,1,7,6,18,19,E/E,False,False,-0.44000000000000006,1.35
2026-06-05,Serie B Brasil,2026,OPERARIO-PR,JUVENTUDE,2,1,1,0,H,13,10,3,6,16,18,4,3,3,4,0,0,392,377,5,1,51.0,49.0,1520716.0,0.0,0.0,0.0,0.0,0.0,0.0,0.0,0.0,0.0,0.0,0.0,0.0,0.0,0.0,0.0,0.0,0.0,0.0,0.0,0.0,0.0,0.0,0.0,0.0,0.0,0.0,0.0,0.0,0.0,0.0,0.0,0.0,0.0,0.0,0.0,3,1,OPE,JUV,2,7,12,3,0,16,16,11,10,OPE/OPE,False,False,1.4899999999999998,0.41999999999999993
2026-06-06,Serie B Brasil,2026,CRICIUMA,LONDRINA,1,0,1,0,H,13,9,4,2,14,11,8,5,2,2,0,0,506,331,2,3,60.0,40.0,1520713.0,0.0,0.0,0.0,0.0,0.0,0.0,0.0,0.0,0.0,0.0,0.0,0.0,0.0,0.0,0.0,0.0,0.0,0.0,0.0,0.0,0.0,0.0,0.0,0.0,0.0,0.0,0.0,0.0,0.0,0.0,0.0,0.0,0.0,0.0,0.0,1,1,CRI,LON,0,13,12,3,0,17,8,8,17,CRI/CRI,False,False,2.0999999999999996,-0.010000000000000037
2026-06-07,Serie B Brasil,2026,CRB,SAO BERNARDO,2,3,1,1,A,32,10,6,5,11,16,8,0,3,5,0,0,410,304,2,5,59.0,41.0,1520712.0,0.0,0.0,0.0,0.0,0.0,0.0,0.0,0.0,0.0,0.0,0.0,0.0,0.0,0.0,0.0,0.0,0.0,0.0,0.0,0.0,0.0,0.0,0.0,0.0,0.0,0.0,0.0,0.0,0.0,0.0,0.0,0.0,0.0,0.0,0.0,5,2,CRB,SAO,3,8,12,0,3,14,18,12,6,E/SAO,True,False,0.7499999999999998,1.29
2026-06-08,Serie B Brasil,2026,AMERICA MINEIRO,ATLETICO GOIANIENSE,1,2,1,1,A,15,17,6,7,13,11,8,2,0,1,0,0,546,325,4,5,63.0,37.0,1520710.0,0.0,0.0,0.0,0.0,0.0,0.0,0.0,0.0,0.0,0.0,0.0,0.0,0.0,0.0,0.0,0.0,0.0,0.0,0.0,0.0,0.0,0.0,0.0,0.0,0.0,0.0,0.0,0.0,0.0,0.0,0.0,0.0,0.0,0.0,0.0,3,2,AME,ATM,1,10,12,0,3,3,13,20,15,E/ATM,False,False,0.9099999999999998,2.09
2026-06-08,Serie B Brasil,2026,VILA NOVA,BOTAFOGO SP,1,0,1,0,H,17,7,4,1,13,16,9,9,1,4,0,0,299,290,0,4,51.0,49.0,1520719.0,0.0,0.0,0.0,0.0,0.0,0.0,0.0,0.0,0.0,0.0,0.0,0.0,0.0,0.0,0.0,0.0,0.0,0.0,0.0,0.0,0.0,0.0,0.0,0.0,0.0,0.0,0.0,0.0,0.0,0.0,0.0,0.0,0.0,0.0,0.0,1,1,VIL,BOT,0,18,12,3,0,22,7,2,19,VIL/VIL,False,True,2.22,-0.18
2026-06-09,Serie B Brasil,2026,PONTE PRETA,CUIABA,1,2,1,1,A,13,7,3,5,18,12,7,3,4,1,1,0,337,407,3,2,46.0,54.0,1520717.0,0.0,0.0,0.0,0.0,0.0,0.0,0.0,0.0,0.0,0.0,0.0,0.0,0.0,0.0,0.0,0.0,0.0,0.0,0.0,0.0,0.0,0.0,0.0,0.0,0.0,0.0,0.0,0.0,0.0,0.0,0.0,0.0,0.0,0.0,0.0,3,2,PON,CUI,1,10,12,0,3,8,13,18,14,E/CUI,False,False,-0.15999999999999998,2.01
2026-06-09,Serie B Brasil,2026,NAUTICO RECIFE,FORTALEZA EC,0,1,0,1,A,31,4,10,1,6,16,10,4,3,4,0,2,506,192,1,9,73.0,27.0,1520715.0,0.0,0.0,0.0,0.0,0.0,0.0,0.0,0.0,0.0,0.0,0.0,0.0,0.0,0.0,0.0,0.0,0.0,0.0,0.0,0.0,0.0,0.0,0.0,0.0,0.0,0.0,0.0,0.0,0.0,0.0,0.0,0.0,0.0,0.0,0.0,1,1,NAU,FOR,0,14,12,0,3,19,18,5,7,FOR/FOR,False,True,1.5699999999999998,0.7499999999999999
2026-06-10,Serie B Brasil,2026,CEARA,AVAI,2,1,2,0,H,17,11,4,2,14,11,8,0,3,3,0,0,289,408,1,2,42.0,58.0,1520711.0,0.0,0.0,0.0,0.0,0.0,0.0,0.0,0.0,0.0,0.0,0.0,0.0,0.0,0.0,0.0,0.0,0.0,0.0,0.0,0.0,0.0,0.0,0.0,0.0,0.0,0.0,0.0,0.0,0.0,0.0,0.0,0.0,0.0,0.0,0.0,3,2,CEA,AVA,1,8,12,3,0,13,10,15,16,CEA/CEA,False,False,2.0999999999999996,-0.3600000000000001
2026-06-10,Serie B Brasil,2026,GOIAS,NOVORIZONTINO,0,4,0,1,A,22,14,6,6,6,11,9,4,3,1,0,0,488,206,1,6,71.0,29.0,1520714.0,0.0,0.0,0.0,0.0,0.0,0.0,0.0,0.0,0.0,0.0,0.0,0.0,0.0,0.0,0.0,0.0,0.0,0.0,0.0,0.0,0.0,0.0,0.0,0.0,0.0,0.0,0.0,0.0,0.0,0.0,0.0,0.0,0.0,0.0,0.0,4,1,GOI,NOV,3,13,12,0,3,17,17,10,8,NOV/NOV,False,False,0.6699999999999998,2.0199999999999996
2026-06-11,Serie B Brasil,2026,SPORT RECIFE,ATHLETIC CLUB,1,1,0,0,D,19,8,4,3,4,13,8,2,1,2,0,0,572,288,2,3,66.0,34.0,1520718.0,0.0,0.0,0.0,0.0,0.0,0.0,0.0,0.0,0.0,0.0,0.0,0.0,0.0,0.0,0.0,0.0,0.0,0.0,0.0,0.0,0.0,0.0,0.0,0.0,0.0,0.0,0.0,0.0,0.0,0.0,0.0,0.0,0.0,0.0,0.0,2,0,SPO,ATH,2,10,12,1,1,22,17,2,9,E/E,False,True,1.21,0.48999999999999994
2026-06-12,Serie B Brasil,2026,ATLETICO GOIANIENSE,CRB,3,3,0,3,D,20,12,9,7,11,10,13,3,3,4,0,0,526,246,4,7,69.0,31.0,1520721.0,0.0,0.0,0.0,0.0,0.0,0.0,0.0,0.0,0.0,0.0,0.0,0.0,0.0,0.0,0.0,0.0,0.0,0.0,0.0,0.0,0.0,0.0,0.0,0.0,0.0,0.0,0.0,0.0,0.0,0.0,0.0,0.0,0.0,0.0,0.0,6,3,ATM,CRB,3,16,13,1,1,16,14,14,15,CRB/E,False,False,1.7899999999999998,0.59
2026-06-14,Serie B Brasil,2026,JUVENTUDE,PONTE PRETA,3,0,2,0,H,26,6,9,1,18,16,7,2,1,3,0,1,423,273,1,6,62.0,38.0,1520726.0,0.0,0.0,0.0,0.0,0.0,0.0,0.0,0.0,0.0,0.0,0.0,0.0,0.0,0.0,0.0,0.0,0.0,0.0,0.0,0.0,0.0,0.0,0.0,0.0,0.0,0.0,0.0,0.0,0.0,0.0,0.0,0.0,0.0,0.0,0.0,3,2,JUV,PON,1,9,13,3,0,16,8,12,18,JUV/JUV,False,False,3.01,-0.8900000000000001
2026-06-14,Serie B Brasil,2026,SAO BERNARDO,SPORT RECIFE,0,0,0,0,D,9,23,3,6,16,10,3,11,0,3,1,0,288,502,6,3,42.0,58.0,1520729.0,0.0,0.0,0.0,0.0,0.0,0.0,0.0,0.0,0.0,0.0,0.0,0.0,0.0,0.0,0.0,0.0,0.0,0.0,0.0,0.0,0.0,0.0,0.0,0.0,0.0,0.0,0.0,0.0,0.0,0.0,0.0,0.0,0.0,0.0,0.0,0,0,SAO,SPO,0,14,13,1,1,21,23,3,2,E/E,True,True,0.32999999999999996,1.44
2026-06-14,Serie B Brasil,2026,ATHLETIC CLUB,GOIAS,1,1,0,1,D,16,8,2,1,13,15,5,4,4,3,1,0,449,344,0,1,57.0,43.0,1520720.0,0.0,0.0,0.0,0.0,0.0,0.0,0.0,0.0,0.0,0.0,0.0,0.0,0.0,0.0,0.0,0.0,0.0,0.0,0.0,0.0,0.0,0.0,0.0,0.0,0.0,0.0,0.0,0.0,0.0,0.0,0.0,0.0,0.0,0.0,0.0,2,1,ATH,GOI,1,9,13,1,1,18,17,10,12,GOI/E,False,False,0.27,0.35
2026-06-14,Serie B Brasil,2026,CUIABA,VILA NOVA,1,0,0,0,H,7,10,4,3,12,10,5,2,1,1,0,0,452,441,3,3,51.0,49.0,1520724.0,0.0,0.0,0.0,0.0,0.0,0.0,0.0,0.0,0.0,0.0,0.0,0.0,0.0,0.0,0.0,0.0,0.0,0.0,0.0,0.0,0.0,0.0,0.0,0.0,0.0,0.0,0.0,0.0,0.0,0.0,0.0,0.0,0.0,0.0,0.0,1,0,CUI,VIL,1,7,13,3,0,16,25,13,1,E/CUI,True,False,2.56,0.14999999999999997
2026-06-14,Serie B Brasil,2026,BOTAFOGO SP,OPERARIO-PR,2,1,0,1,H,14,9,5,4,16,15,2,3,4,3,0,0,362,413,3,3,47.0,53.0,1520722.0,0.0,0.0,0.0,0.0,0.0,0.0,0.0,0.0,0.0,0.0,0.0,0.0,0.0,0.0,0.0,0.0,0.0,0.0,0.0,0.0,0.0,0.0,0.0,0.0,0.0,0.0,0.0,0.0,0.0,0.0,0.0,0.0,0.0,0.0,0.0,3,1,BOT,OPE,2,5,13,3,0,7,19,19,11,OPE/BOT,False,False,1.69,0.15999999999999998
2026-06-14,Serie B Brasil,2026,NOVORIZONTINO,NAUTICO RECIFE,2,2,0,1,D,19,12,7,5,11,21,5,4,3,3,0,0,335,337,3,5,51.0,49.0,1520728.0,0.0,0.0,0.0,0.0,0.0,0.0,0.0,0.0,0.0,0.0,0.0,0.0,0.0,0.0,0.0,0.0,0.0,0.0,0.0,0.0,0.0,0.0,0.0,0.0,0.0,0.0,0.0,0.0,0.0,0.0,0.0,0.0,0.0,0.0,0.0,4,1,NOV,NAU,3,9,13,1,1,20,19,5,8,NAU/E,False,True,1.17,0.6999999999999998
2026-06-16,Serie B Brasil,2026,CRICIUMA,CEARA,1,1,1,0,D,11,7,5,2,12,13,2,2,0,0,0,0,0,0,2,4,60.0,40.0,1520723.0,0.0,0.0,0.0,0.0,0.0,0.0,0.0,0.0,0.0,0.0,0.0,0.0,0.0,0.0,0.0,0.0,0.0,0.0,0.0,0.0,0.0,0.0,0.0,0.0,0.0,0.0,0.0,0.0,0.0,0.0,0.0,0.0,0.0,0.0,0.0,2,1,CRI,CEA,1,4,13,1,1,20,16,7,14,CRI/E,False,False,1.21,0.61
2026-06-16,Serie B Brasil,2026,LONDRINA,AVAI,3,2,1,1,H,16,3,6,3,9,15,9,4,2,2,0,0,0,0,1,5,48.0,52.0,1520727.0,0.0,0.0,0.0,0.0,0.0,0.0,0.0,0.0,0.0,0.0,0.0,0.0,0.0,0.0,0.0,0.0,0.0,0.0,0.0,0.0,0.0,0.0,0.0,0.0,0.0,0.0,0.0,0.0,0.0,0.0,0.0,0.0,0.0,0.0,0.0,5,2,LON,AVA,3,13,13,3,0,8,10,18,17,E/LON,False,False,2.42,-0.030000000000000082
2026-06-16,Serie B Brasil,2026,FORTALEZA EC,AMERICA MINEIRO,0,3,0,2,A,26,8,10,7,11,11,10,0,1,2,0,0,605,339,4,10,65.0,35.0,1520725.0,0.0,0.0,0.0,0.0,0.0,0.0,0.0,0.0,0.0,0.0,0.0,0.0,0.0,0.0,0.0,0.0,0.0,0.0,0.0,0.0,0.0,0.0,0.0,0.0,0.0,0.0,0.0,0.0,0.0,0.0,0.0,0.0,0.0,0.0,0.0,3,2,FOR,AME,1,10,13,0,3,21,3,4,20,AME/AME,False,True,1.5499999999999998,2.15
2026-06-19,Serie B Brasil,2026,SPORT RECIFE,ATLETICO GOIANIENSE,1,1,1,0,D,10,13,2,5,16,18,6,4,2,2,0,0,414,318,3,1,56.0,44.0,1520738.0,0.0,0.0,0.0,0.0,0.0,0.0,0.0,0.0,0.0,0.0,0.0,0.0,0.0,0.0,0.0,0.0,0.0,0.0,0.0,0.0,0.0,0.0,0.0,0.0,0.0,0.0,0.0,0.0,0.0,0.0,0.0,0.0,0.0,0.0,0.0,2,1,SPO,ATM,1,10,14,1,1,24,17,2,14,SPO/E,False,True,0.5700000000000001,1.03
2026-06-20,Serie B Brasil,2026,LONDRINA,ATHLETIC CLUB,2,0,0,0,H,16,11,2,1,16,22,2,8,1,3,0,1,329,316,1,0,51.0,49.0,1520735.0,0.0,0.0,0.0,0.0,0.0,0.0,0.0,0.0,0.0,0.0,0.0,0.0,0.0,0.0,0.0,0.0,0.0,0.0,0.0,0.0,0.0,0.0,0.0,0.0,0.0,0.0,0.0,0.0,0.0,0.0,0.0,0.0,0.0,0.0,0.0,2,0,LON,ATH,2,10,14,3,0,11,19,16,10,E/LON,False,False,1.59,-0.14
2026-06-20,Serie B Brasil,2026,CEARA,BOTAFOGO SP,0,1,0,0,A,11,14,2,5,18,17,7,5,2,2,0,0,385,317,3,2,55.0,45.0,1520732.0,0.0,0.0,0.0,0.0,0.0,0.0,0.0,0.0,0.0,0.0,0.0,0.0,0.0,0.0,0.0,0.0,0.0,0.0,0.0,0.0,0.0,0.0,0.0,0.0,0.0,0.0,0.0,0.0,0.0,0.0,0.0,0.0,0.0,0.0,0.0,1,0,CEA,BOT,1,12,14,0,3,17,10,14,17,E/BOT,False,False,0.10000000000000003,2.0599999999999996
2026-06-20,Serie B Brasil,2026,VILA NOVA,NAUTICO RECIFE,4,3,4,1,H,13,20,6,7,14,12,2,10,2,2,0,0,264,524,4,2,33.0,67.0,1520739.0,0.0,0.0,0.0,0.0,0.0,0.0,0.0,0.0,0.0,0.0,0.0,0.0,0.0,0.0,0.0,0.0,0.0,0.0,0.0,0.0,0.0,0.0,0.0,0.0,0.0,0.0,0.0,0.0,0.0,0.0,0.0,0.0,0.0,0.0,0.0,7,5,VIL,NAU,2,12,14,3,0,25,20,2,7,VIL/VIL,False,True,1.75,1.01
2026-06-21,Serie B Brasil,2026,AVAI,CUIABA,1,0,1,0,H,8,18,2,7,10,6,1,13,2,1,0,0,306,444,7,1,40.0,60.0,1520731.0,0.0,0.0,0.0,0.0,0.0,0.0,0.0,0.0,0.0,0.0,0.0,0.0,0.0,0.0,0.0,0.0,0.0,0.0,0.0,0.0,0.0,0.0,0.0,0.0,0.0,0.0,0.0,0.0,0.0,0.0,0.0,0.0,0.0,0.0,0.0,1,1,AVA,CUI,0,14,14,3,0,10,19,18,9,AVA/AVA,False,False,1.04,1.48
2026-06-21,Serie B Brasil,2026,CRB,FORTALEZA EC,1,1,1,0,D,15,22,7,5,4,11,7,7,1,1,0,0,356,514,4,6,41.0,59.0,1520733.0,0.0,0.0,0.0,0.0,0.0,0.0,0.0,0.0,0.0,0.0,0.0,0.0,0.0,0.0,0.0,0.0,0.0,0.0,0.0,0.0,0.0,0.0,0.0,0.0,0.0,0.0,0.0,0.0,0.0,0.0,0.0,0.0,0.0,0.0,0.0,2,1,CRB,FOR,1,14,14,1,1,15,21,15,5,CRB/E,True,False,1.4100000000000001,1.0099999999999998
2026-06-21,Serie B Brasil,2026,SAO BERNARDO,JUVENTUDE,0,1,0,0,A,17,8,5,3,16,13,1,4,3,4,0,0,511,382,2,5,57.0,43.0,1520737.0,0.0,0.0,0.0,0.0,0.0,0.0,0.0,0.0,0.0,0.0,0.0,0.0,0.0,0.0,0.0,0.0,0.0,0.0,0.0,0.0,0.0,0.0,0.0,0.0,0.0,0.0,0.0,0.0,0.0,0.0,0.0,0.0,0.0,0.0,0.0,1,0,SAO,JUV,1,5,14,0,3,22,19,3,8,E/JUV,False,True,0.27,1.98
2026-06-21,Serie B Brasil,2026,GOIAS,OPERARIO-PR,0,3,0,3,A,17,10,5,3,13,20,10,0,1,2,0,0,506,364,0,5,59.0,41.0,1520734.0,0.0,0.0,0.0,0.0,0.0,0.0,0.0,0.0,0.0,0.0,0.0,0.0,0.0,0.0,0.0,0.0,0.0,0.0,0.0,0.0,0.0,0.0,0.0,0.0,0.0,0.0,0.0,0.0,0.0,0.0,0.0,0.0,0.0,0.0,0.0,3,3,GOI,OPE,0,10,14,0,3,18,19,13,11,OPE/OPE,False,False,1.0,1.3
2026-06-22,Serie B Brasil,2026,PONTE PRETA,NOVORIZONTINO,0,2,0,1,A,8,19,0,7,13,14,4,6,1,3,1,0,188,562,4,1,26.0,74.0,1520736.0,0.0,0.0,0.0,0.0,0.0,0.0,0.0,0.0,0.0,0.0,0.0,0.0,0.0,0.0,0.0,0.0,0.0,0.0,0.0,0.0,0.0,0.0,0.0,0.0,0.0,0.0,0.0,0.0,0.0,0.0,0.0,0.0,0.0,0.0,0.0,2,1,PON,NOV,1,10,14,0,3,8,21,19,7,NOV/NOV,False,False,-0.62,2.4699999999999998
2026-06-23,Serie B Brasil,2026,AMERICA MINEIRO,CRICIUMA,0,1,0,1,A,8,13,1,3,18,15,1,7,2,3,0,0,408,397,2,1,51.0,49.0,1520730.0,0.0,0.0,0.0,0.0,0.0,0.0,0.0,0.0,0.0,0.0,0.0,0.0,0.0,0.0,0.0,0.0,0.0,0.0,0.0,0.0,0.0,0.0,0.0,0.0,0.0,0.0,0.0,0.0,0.0,0.0,0.0,0.0,0.0,0.0,0.0,1,1,AME,CRI,0,8,14,0,3,6,21,20,8,CRI/CRI,False,False,-0.29000000000000004,1.93
2026-06-25,Serie B Brasil,2026,CUIABA,LONDRINA,2,2,0,2,D,24,7,6,3,14,10,9,0,5,5,1,0,518,273,1,4,67.0,33.0,1520744.0,0.0,0.0,0.0,0.0,0.0,0.0,0.0,0.0,0.0,0.0,0.0,0.0,0.0,0.0,0.0,0.0,0.0,0.0,0.0,0.0,0.0,0.0,0.0,0.0,0.0,0.0,0.0,0.0,0.0,0.0,0.0,0.0,0.0,0.0,0.0,4,2,CUI,LON,2,9,15,1,1,19,14,10,16,LON/E,False,False,0.95,-0.030000000000000082
2026-06-26,Serie B Brasil,2026,NOVORIZONTINO,VILA NOVA,2,1,1,1,H,18,9,5,3,16,15,6,4,1,4,0,1,373,363,2,3,51.0,49.0,1520748.0,0.0,0.0,0.0,0.0,0.0,0.0,0.0,0.0,0.0,0.0,0.0,0.0,0.0,0.0,0.0,0.0,0.0,0.0,0.0,0.0,0.0,0.0,0.0,0.0,0.0,0.0,0.0,0.0,0.0,0.0,0.0,0.0,0.0,0.0,0.0,3,2,NOV,VIL,1,10,15,3,0,24,28,3,1,E/NOV,True,True,2.72,-0.37000000000000005
2026-06-27,Serie B Brasil,2026,OPERARIO-PR,AMERICA MINEIRO,1,0,0,0,H,20,10,7,5,17,15,7,6,1,4,0,0,321,414,4,6,44.0,56.0,1520749.0,0.0,0.0,0.0,0.0,0.0,0.0,0.0,0.0,0.0,0.0,0.0,0.0,0.0,0.0,0.0,0.0,0.0,0.0,0.0,0.0,0.0,0.0,0.0,0.0,0.0,0.0,0.0,0.0,0.0,0.0,0.0,0.0,0.0,0.0,0.0,1,0,OPE,AME,1,13,15,3,0,22,6,8,20,E/OPE,False,False,2.4299999999999997,0.15999999999999992
2026-06-27,Serie B Brasil,2026,CRICIUMA,SAO BERNARDO,1,0,1,0,H,17,10,4,3,15,10,7,2,2,5,0,0,417,404,3,3,51.0,49.0,1520743.0,0.0,0.0,0.0,0.0,0.0,0.0,0.0,0.0,0.0,0.0,0.0,0.0,0.0,0.0,0.0,0.0,0.0,0.0,0.0,0.0,0.0,0.0,0.0,0.0,0.0,0.0,0.0,0.0,0.0,0.0,0.0,0.0,0.0,0.0,0.0,1,1,CRI,SAO,0,9,15,3,0,24,22,5,6,CRI/CRI,True,True,2.56,-0.29000000000000004
2026-06-28,Serie B Brasil,2026,ATLETICO GOIANIENSE,PONTE PRETA,2,0,2,0,H,21,9,10,2,12,14,3,5,1,1,0,0,406,339,2,7,54.0,46.0,1520741.0,0.0,0.0,0.0,0.0,0.0,0.0,0.0,0.0,0.0,0.0,0.0,0.0,0.0,0.0,0.0,0.0,0.0,0.0,0.0,0.0,0.0,0.0,0.0,0.0,0.0,0.0,0.0,0.0,0.0,0.0,0.0,0.0,0.0,0.0,0.0,2,2,ATM,PON,0,8,15,3,0,18,8,12,19,ATM/ATM,False,False,2.8499999999999996,-0.11000000000000001
2026-06-28,Serie B Brasil,2026,JUVENTUDE,CEARA,2,0,2,0,H,10,10,5,2,17,15,6,4,0,1,0,0,204,208,2,3,51.0,49.0,1520746.0,0.0,0.0,0.0,0.0,0.0,0.0,0.0,0.0,0.0,0.0,0.0,0.0,0.0,0.0,0.0,0.0,0.0,0.0,0.0,0.0,0.0,0.0,0.0,0.0,0.0,0.0,0.0,0.0,0.0,0.0,0.0,0.0,0.0,0.0,0.0,2,2,JUV,CEA,0,10,15,3,0,22,17,7,14,JUV/JUV,False,False,2.37,0.03
2026-06-28,Serie B Brasil,2026,ATHLETIC CLUB,AVAI,1,0,0,0,H,28,4,8,1,12,12,8,3,1,1,0,0,446,345,1,7,57.0,43.0,1520740.0,0.0,0.0,0.0,0.0,0.0,0.0,0.0,0.0,0.0,0.0,0.0,0.0,0.0,0.0,0.0,0.0,0.0,0.0,0.0,0.0,0.0,0.0,0.0,0.0,0.0,0.0,0.0,0.0,0.0,0.0,0.0,0.0,0.0,0.0,0.0,1,0,ATH,AVA,1,11,15,3,0,19,13,12,18,E/ATH,False,False,2.89,-0.36
2026-06-28,Serie B Brasil,2026,FORTALEZA EC,SPORT RECIFE,2,1,1,0,H,12,16,7,5,20,9,2,6,3,2,0,0,334,505,4,5,40.0,60.0,1520745.0,0.0,0.0,0.0,0.0,0.0,0.0,0.0,0.0,0.0,0.0,0.0,0.0,0.0,0.0,0.0,0.0,0.0,0.0,0.0,0.0,0.0,0.0,0.0,0.0,0.0,0.0,0.0,0.0,0.0,0.0,0.0,0.0,0.0,0.0,0.0,3,1,FOR,SPO,2,8,15,3,0,22,25,8,4,FOR/FOR,True,False,2.4799999999999995,0.4599999999999999
2026-06-28,Serie B Brasil,2026,NAUTICO RECIFE,GOIAS,0,1,0,1,A,27,16,9,6,11,11,6,3,1,1,0,0,475,307,5,9,62.0,38.0,1520747.0,0.0,0.0,0.0,0.0,0.0,0.0,0.0,0.0,0.0,0.0,0.0,0.0,0.0,0.0,0.0,0.0,0.0,0.0,0.0,0.0,0.0,0.0,0.0,0.0,0.0,0.0,0.0,0.0,0.0,0.0,0.0,0.0,0.0,0.0,0.0,1,1,NAU,GOI,0,9,15,0,3,20,18,11,13,GOI/GOI,False,False,1.1899999999999997,1.88
2026-06-30,Serie B Brasil,2026,BOTAFOGO SP,CRB,0,1,0,1,A,19,8,6,4,17,16,11,6,1,3,0,0,486,338,3,6,60.0,40.0,1520742.0,0.0,0.0,0.0,0.0,0.0,0.0,0.0,0.0,0.0,0.0,0.0,0.0,0.0,0.0,0.0,0.0,0.0,0.0,0.0,0.0,0.0,0.0,0.0,0.0,0.0,0.0,0.0,0.0,0.0,0.0,0.0,0.0,0.0,0.0,0.0,1,1,BOT,CRB,0,17,15,0,3,13,16,17,15,CRB/CRB,False,False,1.0299999999999998,1.58
2026-07-02,Serie B Brasil,2026,CUIABA,AMERICA MINEIRO,1,0,0,0,H,15,9,6,1,10,12,7,2,1,1,0,0,460,381,1,5,56.0,44.0,1520753.0,0.0,0.0,0.0,0.0,0.0,0.0,0.0,0.0,0.0,0.0,0.0,0.0,0.0,0.0,0.0,0.0,0.0,0.0,0.0,0.0,0.0,0.0,0.0,0.0,0.0,0.0,0.0,0.0,0.0,0.0,0.0,0.0,0.0,0.0,0.0,1,0,CUI,AME,1,9,16,3,0,20,6,13,20,E/CUI,False,False,2.56,-0.29000000000000004
2026-07-03,Serie B Brasil,2026,FORTALEZA EC,PONTE PRETA,2,0,0,0,H,16,11,6,3,18,20,7,4,4,3,0,0,453,252,3,4,64.0,36.0,1520754.0,0.0,0.0,0.0,0.0,0.0,0.0,0.0,0.0,0.0,0.0,0.0,0.0,0.0,0.0,0.0,0.0,0.0,0.0,0.0,0.0,0.0,0.0,0.0,0.0,0.0,0.0,0.0,0.0,0.0,0.0,0.0,0.0,0.0,0.0,0.0,2,0,FOR,PON,2,11,16,3,0,25,8,6,19,E/FOR,False,True,2.12,-0.09000000000000014
2026-07-04,Serie B Brasil,2026,CRICIUMA,SPORT RECIFE,1,0,1,0,H,10,14,5,4,13,17,2,4,4,3,0,0,296,360,4,3,46.0,54.0,1520752.0,0.0,0.0,0.0,0.0,0.0,0.0,0.0,0.0,0.0,0.0,0.0,0.0,0.0,0.0,0.0,0.0,0.0,0.0,0.0,0.0,0.0,0.0,0.0,0.0,0.0,0.0,0.0,0.0,0.0,0.0,0.0,0.0,0.0,0.0,0.0,1,1,CRI,SPO,0,6,16,3,0,27,25,4,6,CRI/CRI,True,True,2.17,0.20999999999999996
2026-07-04,Serie B Brasil,2026,LONDRINA,CRB,5,0,2,0,H,12,19,8,6,9,9,2,11,3,3,0,0,251,519,5,3,33.0,67.0,1520756.0,0.0,0.0,0.0,0.0,0.0,0.0,0.0,0.0,0.0,0.0,0.0,0.0,0.0,0.0,0.0,0.0,0.0,0.0,0.0,0.0,0.0,0.0,0.0,0.0,0.0,0.0,0.0,0.0,0.0,0.0,0.0,0.0,0.0,0.0,0.0,5,2,LON,CRB,3,13,16,3,0,15,19,16,14,LON/LON,False,False,1.9800000000000002,0.7099999999999997
2026-07-04,Serie B Brasil,2026,NOVORIZONTINO,ATLETICO GOIANIENSE,3,0,1,0,H,14,8,7,0,12,11,5,6,2,1,0,0,308,476,0,3,40.0,60.0,1520758.0,0.0,0.0,0.0,0.0,0.0,0.0,0.0,0.0,0.0,0.0,0.0,0.0,0.0,0.0,0.0,0.0,0.0,0.0,0.0,0.0,0.0,0.0,0.0,0.0,0.0,0.0,0.0,0.0,0.0,0.0,0.0,0.0,0.0,0.0,0.0,3,1,NOV,ATM,2,11,16,3,0,27,21,4,11,NOV/NOV,False,True,2.4799999999999995,-0.25
2026-07-04,Serie B Brasil,2026,GOIAS,CEARA,2,0,1,0,H,5,16,3,0,16,13,2,14,2,1,0,0,287,447,0,1,38.0,62.0,1520755.0,0.0,0.0,0.0,0.0,0.0,0.0,0.0,0.0,0.0,0.0,0.0,0.0,0.0,0.0,0.0,0.0,0.0,0.0,0.0,0.0,0.0,0.0,0.0,0.0,0.0,0.0,0.0,0.0,0.0,0.0,0.0,0.0,0.0,0.0,0.0,2,1,GOI,CEA,1,16,16,3,0,21,17,12,16,GOI/GOI,False,False,1.5699999999999998,0.41000000000000003
2026-07-05,Serie B Brasil,2026,NAUTICO RECIFE,JUVENTUDE,0,0,0,0,D,16,11,3,5,25,15,6,2,3,2,0,0,403,222,5,3,64.0,36.0,1520757.0,0.0,0.0,0.0,0.0,0.0,0.0,0.0,0.0,0.0,0.0,0.0,0.0,0.0,0.0,0.0,0.0,0.0,0.0,0.0,0.0,0.0,0.0,0.0,0.0,0.0,0.0,0.0,0.0,0.0,0.0,0.0,0.0,0.0,0.0,0.0,0,0,NAU,JUV,0,8,16,1,1,20,25,13,5,E/E,True,False,0.6599999999999999,0.8800000000000001
2026-07-06,Serie B Brasil,2026,VILA NOVA,SAO BERNARDO,2,1,1,0,H,16,9,5,6,10,11,6,6,0,3,0,0,323,378,5,3,47.0,53.0,1520759.0,0.0,0.0,0.0,0.0,0.0,0.0,0.0,0.0,0.0,0.0,0.0,0.0,0.0,0.0,0.0,0.0,0.0,0.0,0.0,0.0,0.0,0.0,0.0,0.0,0.0,0.0,0.0,0.0,0.0,0.0,0.0,0.0,0.0,0.0,0.0,3,1,VIL,SAO,2,12,16,3,0,28,22,4,10,VIL/VIL,False,True,2.13,0.5299999999999999
2026-07-06,Serie B Brasil,2026,BOTAFOGO SP,AVAI,3,1,1,0,H,9,11,5,4,19,10,6,2,0,2,0,0,322,530,3,2,39.0,61.0,1520751.0,0.0,0.0,0.0,0.0,0.0,0.0,0.0,0.0,0.0,0.0,0.0,0.0,0.0,0.0,0.0,0.0,0.0,0.0,0.0,0.0,0.0,0.0,0.0,0.0,0.0,0.0,0.0,0.0,0.0,0.0,0.0,0.0,0.0,0.0,0.0,4,1,BOT,AVA,3,8,16,3,0,13,13,17,18,BOT/BOT,False,False,2.3099999999999996,0.12999999999999995
2026-07-07,Serie B Brasil,2026,ATHLETIC CLUB,OPERARIO-PR,0,1,0,0,A,18,11,2,4,16,13,8,6,2,1,0,1,418,377,4,2,53.0,47.0,1520750.0,0.0,0.0,0.0,0.0,0.0,0.0,0.0,0.0,0.0,0.0,0.0,0.0,0.0,0.0,0.0,0.0,0.0,0.0,0.0,0.0,0.0,0.0,0.0,0.0,0.0,0.0,0.0,0.0,0.0,0.0,0.0,0.0,0.0,0.0,0.0,1,0,ATH,OPE,1,14,16,0,3,22,25,11,7,E/OPE,False,False,0.18,1.7899999999999996
2026-07-08,Serie B Brasil,2026,PONTE PRETA,CRICIUMA,1,2,0,1,A,11,17,4,4,16,11,1,6,4,1,0,0,267,418,2,3,49.0,51.0,1520767.0,0.0,0.0,0.0,0.0,0.0,0.0,0.0,0.0,0.0,0.0,0.0,0.0,0.0,0.0,0.0,0.0,0.0,0.0,0.0,0.0,0.0,0.0,0.0,0.0,0.0,0.0,0.0,0.0,0.0,0.0,0.0,0.0,0.0,0.0,0.0,3,1,PON,CRI,2,7,17,0,3,8,30,19,3,CRI/CRI,True,False,-0.07000000000000006,2.08
2026-07-10,Serie B Brasil,2026,JUVENTUDE,VILA NOVA,1,0,1,0,H,11,8,5,0,24,16,5,2,4,1,0,0,322,423,0,4,43.0,57.0,1520765.0,0.0,0.0,0.0,0.0,0.0,0.0,0.0,0.0,0.0,0.0,0.0,0.0,0.0,0.0,0.0,0.0,0.0,0.0,0.0,0.0,0.0,0.0,0.0,0.0,0.0,0.0,0.0,0.0,0.0,0.0,0.0,0.0,0.0,0.0,0.0,1,1,JUV,VIL,0,7,17,3,0,26,31,6,2,JUV/JUV,True,True,2.56,-0.35
2026-07-10,Serie B Brasil,2026,SPORT RECIFE,BOTAFOGO SP,3,3,0,2,D,21,12,5,4,17,22,7,2,2,4,1,0,444,175,1,2,71.0,29.0,1520769.0,0.0,0.0,0.0,0.0,0.0,0.0,0.0,0.0,0.0,0.0,0.0,0.0,0.0,0.0,0.0,0.0,0.0,0.0,0.0,0.0,0.0,0.0,0.0,0.0,0.0,0.0,0.0,0.0,0.0,0.0,0.0,0.0,0.0,0.0,0.0,6,2,SPO,BOT,4,9,17,1,1,25,16,7,17,BOT/E,False,False,0.9100000000000001,0.41000000000000003
2026-07-12,Serie B Brasil,2026,OPERARIO-PR,NOVORIZONTINO,2,1,1,1,H,10,12,4,5,21,19,10,2,2,1,0,0,402,316,4,2,56.0,44.0,1520766.0,0.0,0.0,0.0,0.0,0.0,0.0,0.0,0.0,0.0,0.0,0.0,0.0,0.0,0.0,0.0,0.0,0.0,0.0,0.0,0.0,0.0,0.0,0.0,0.0,0.0,0.0,0.0,0.0,0.0,0.0,0.0,0.0,0.0,0.0,0.0,3,2,OPE,NOV,1,12,17,3,0,28,30,6,3,E/OPE,True,True,2.61,0.35
2026-07-12,Serie B Brasil,2026,AVAI,NAUTICO RECIFE,2,0,1,0,H,15,16,3,1,17,12,6,5,1,1,1,0,257,553,1,1,31.0,69.0,1520762.0,0.0,0.0,0.0,0.0,0.0,0.0,0.0,0.0,0.0,0.0,0.0,0.0,0.0,0.0,0.0,0.0,0.0,0.0,0.0,0.0,0.0,0.0,0.0,0.0,0.0,0.0,0.0,0.0,0.0,0.0,0.0,0.0,0.0,0.0,0.0,2,1,AVA,NAU,1,11,17,3,0,13,21,18,12,AVA/AVA,False,False,1.75,0.02999999999999997
2026-07-12,Serie B Brasil,2026,SAO BERNARDO,CUIABA,2,2,2,2,D,11,9,3,3,9,15,6,7,2,2,0,0,612,210,2,1,73.0,27.0,1520768.0,0.0,0.0,0.0,0.0,0.0,0.0,0.0,0.0,0.0,0.0,0.0,0.0,0.0,0.0,0.0,0.0,0.0,0.0,0.0,0.0,0.0,0.0,0.0,0.0,0.0,0.0,0.0,0.0,0.0,0.0,0.0,0.0,0.0,0.0,0.0,4,4,SAO,CUI,0,13,17,1,1,22,23,10,9,E/E,False,False,0.76,0.8299999999999998
2026-07-12,Serie B Brasil,2026,ATLETICO GOIANIENSE,FORTALEZA EC,1,0,1,0,H,6,15,2,3,9,16,1,11,1,5,1,0,297,496,3,1,36.0,64.0,1520761.0,0.0,0.0,0.0,0.0,0.0,0.0,0.0,0.0,0.0,0.0,0.0,0.0,0.0,0.0,0.0,0.0,0.0,0.0,0.0,0.0,0.0,0.0,0.0,0.0,0.0,0.0,0.0,0.0,0.0,0.0,0.0,0.0,0.0,0.0,0.0,1,1,ATM,FOR,0,12,17,3,0,21,28,13,6,ATM/ATM,True,False,1.63,0.38
2026-07-12,Serie B Brasil,2026,CRB,GOIAS,2,2,0,2,D,21,4,3,2,12,10,6,1,3,0,0,0,420,488,0,2,47.0,53.0,1520764.0,0.0,0.0,0.0,0.0,0.0,0.0,0.0,0.0,0.0,0.0,0.0,0.0,0.0,0.0,0.0,0.0,0.0,0.0,0.0,0.0,0.0,0.0,0.0,0.0,0.0,0.0,0.0,0.0,0.0,0.0,0.0,0.0,0.0,0.0,0.0,4,2,CRB,GOI,2,7,17,1,1,19,24,14,10,GOI/E,False,False,0.8299999999999998,0.5800000000000001
2026-07-13,Serie B Brasil,2026,AMERICA MINEIRO,LONDRINA,1,1,1,0,D,23,11,6,2,14,20,7,7,1,3,0,0,462,284,1,4,62.0,38.0,1520760.0,0.0,0.0,0.0,0.0,0.0,0.0,0.0,0.0,0.0,0.0,0.0,0.0,0.0,0.0,0.0,0.0,0.0,0.0,0.0,0.0,0.0,0.0,0.0,0.0,0.0,0.0,0.0,0.0,0.0,0.0,0.0,0.0,0.0,0.0,0.0,2,1,AME,LON,1,14,17,1,1,6,18,20,15,AME/E,False,False,1.4099999999999997,0.41000000000000003
2026-07-13,Serie B Brasil,2026,CEARA,ATHLETIC CLUB,0,0,0,0,D,12,13,2,1,9,9,7,6,1,4,0,0,423,226,1,2,65.0,35.0,1520763.0,0.0,0.0,0.0,0.0,0.0,0.0,0.0,0.0,0.0,0.0,0.0,0.0,0.0,0.0,0.0,0.0,0.0,0.0,0.0,0.0,0.0,0.0,0.0,0.0,0.0,0.0,0.0,0.0,0.0,0.0,0.0,0.0,0.0,0.0,0.0,0,0,CEA,ATH,0,13,17,1,1,17,22,17,12,E/E,False,False,0.8800000000000001,0.31000000000000005
2026-07-16,Serie B Brasil,2026,CRB,NAUTICO RECIFE,2,1,1,0,H,20,6,8,2,13,12,4,3,1,1,0,0,360,467,1,6,43.0,57.0,1520772.0,0.0,0.0,0.0,0.0,0.0,0.0,0.0,0.0,0.0,0.0,0.0,0.0,0.0,0.0,0.0,0.0,0.0,0.0,0.0,0.0,0.0,0.0,0.0,0.0,0.0,0.0,0.0,0.0,0.0,0.0,0.0,0.0,0.0,0.0,0.0,3,1,CRB,NAU,2,7,18,3,0,20,21,14,13,CRB/CRB,False,False,2.64,-0.13
2026-07-17,Serie B Brasil,2026,AMERICA MINEIRO,CEARA,1,1,0,0,D,12,11,4,3,12,12,4,5,3,3,0,0,484,321,2,3,60.0,40.0,1520770.0,0.0,0.0,0.0,0.0,0.0,0.0,0.0,0.0,0.0,0.0,0.0,0.0,0.0,0.0,0.0,0.0,0.0,0.0,0.0,0.0,0.0,0.0,0.0,0.0,0.0,0.0,0.0,0.0,0.0,0.0,0.0,0.0,0.0,0.0,0.0,2,0,AME,CEA,2,9,18,1,1,7,18,20,16,E/E,False,False,0.75,0.62
2026-07-17,Serie B Brasil,2026,JUVENTUDE,CUIABA,2,0,1,0,H,14,15,4,5,26,24,3,5,3,2,0,0,251,333,5,2,43.0,57.0,1520775.0,0.0,0.0,0.0,0.0,0.0,0.0,0.0,0.0,0.0,0.0,0.0,0.0,0.0,0.0,0.0,0.0,0.0,0.0,0.0,0.0,0.0,0.0,0.0,0.0,0.0,0.0,0.0,0.0,0.0,0.0,0.0,0.0,0.0,0.0,0.0,2,1,JUV,CUI,1,8,18,3,0,29,24,5,9,JUV/JUV,False,True,1.5999999999999999,0.54
2026-07-17,Serie B Brasil,2026,SAO BERNARDO,AVAI,1,1,1,0,D,11,5,3,2,16,9,9,2,3,2,0,0,574,458,1,2,57.0,43.0,1520778.0,0.0,0.0,0.0,0.0,0.0,0.0,0.0,0.0,0.0,0.0,0.0,0.0,0.0,0.0,0.0,0.0,0.0,0.0,0.0,0.0,0.0,0.0,0.0,0.0,0.0,0.0,0.0,0.0,0.0,0.0,0.0,0.0,0.0,0.0,0.0,2,1,SAO,AVA,1,11,18,1,1,23,16,11,18,SAO/E,False,False,0.96,0.37000000000000005
2026-07-18,Serie B Brasil,2026,LONDRINA,BOTAFOGO SP,0,0,0,0,D,22,5,5,0,9,18,8,3,2,2,0,0,433,332,0,6,57.0,43.0,1520776.0,0.0,0.0,0.0,0.0,0.0,0.0,0.0,0.0,0.0,0.0,0.0,0.0,0.0,0.0,0.0,0.0,0.0,0.0,0.0,0.0,0.0,0.0,0.0,0.0,0.0,0.0,0.0,0.0,0.0,0.0,0.0,0.0,0.0,0.0,0.0,0,0,LON,BOT,0,11,18,1,1,19,17,15,17,E/E,False,False,1.39,0.04000000000000001
2026-07-18,Serie B Brasil,2026,FORTALEZA EC,NOVORIZONTINO,1,0,1,0,H,17,19,4,4,17,6,10,6,4,1,0,0,333,530,3,3,38.0,62.0,1520774.0,0.0,0.0,0.0,0.0,0.0,0.0,0.0,0.0,0.0,0.0,0.0,0.0,0.0,0.0,0.0,0.0,0.0,0.0,0.0,0.0,0.0,0.0,0.0,0.0,0.0,0.0,0.0,0.0,0.0,0.0,0.0,0.0,0.0,0.0,0.0,1,1,FOR,NOV,0,16,18,3,0,28,30,6,5,FOR/FOR,True,True,2.3800000000000003,0.3999999999999999
2026-07-18,Serie B Brasil,2026,SPORT RECIFE,OPERARIO-PR,2,2,1,1,D,23,16,8,6,24,8,7,1,6,2,0,0,376,311,4,6,55.0,45.0,1520779.0,0.0,0.0,0.0,0.0,0.0,0.0,0.0,0.0,0.0,0.0,0.0,0.0,0.0,0.0,0.0,0.0,0.0,0.0,0.0,0.0,0.0,0.0,0.0,0.0,0.0,0.0,0.0,0.0,0.0,0.0,0.0,0.0,0.0,0.0,0.0,4,2,SPO,OPE,2,8,18,1,1,26,31,7,5,E/E,True,False,1.13,0.7099999999999997
2026-07-18,Serie B Brasil,2026,PONTE PRETA,GOIAS,1,2,1,2,A,14,8,4,2,20,19,5,2,1,2,0,0,298,372,0,3,46.0,54.0,1520777.0,0.0,0.0,0.0,0.0,0.0,0.0,0.0,0.0,0.0,0.0,0.0,0.0,0.0,0.0,0.0,0.0,0.0,0.0,0.0,0.0,0.0,0.0,0.0,0.0,0.0,0.0,0.0,0.0,0.0,0.0,0.0,0.0,0.0,0.0,0.0,3,3,PON,GOI,0,7,18,0,3,8,25,20,8,GOI/GOI,False,False,0.61,1.4000000000000001
2026-07-18,Serie B Brasil,2026,CRICIUMA,VILA NOVA,2,0,1,0,H,9,12,4,2,19,20,5,2,5,3,0,0,231,404,2,2,37.0,63.0,1520773.0,0.0,0.0,0.0,0.0,0.0,0.0,0.0,0.0,0.0,0.0,0.0,0.0,0.0,0.0,0.0,0.0,0.0,0.0,0.0,0.0,0.0,0.0,0.0,0.0,0.0,0.0,0.0,0.0,0.0,0.0,0.0,0.0,0.0,0.0,0.0,2,1,CRI,VIL,1,7,18,3,0,33,31,1,5,CRI/CRI,True,True,2.21,-0.20000000000000007
2026-07-18,Serie B Brasil,2026,ATLETICO GOIANIENSE,ATHLETIC CLUB,0,0,0,0,D,18,8,4,2,13,11,8,1,3,3,0,0,435,387,2,3,53.0,47.0,1520771.0,0.0,0.0,0.0,0.0,0.0,0.0,0.0,0.0,0.0,0.0,0.0,0.0,0.0,0.0,0.0,0.0,0.0,0.0,0.0,0.0,0.0,0.0,0.0,0.0,0.0,0.0,0.0,0.0,0.0,0.0,0.0,0.0,0.0,0.0,0.0,0,0,ATM,ATH,0,9,18,1,1,24,23,11,12,E/E,False,False,1.0799999999999998,0.19000000000000006
2026-07-21,Serie B Brasil,2026,AVAI,AMERICA MINEIRO,2,1,0,1,H,10,8,4,6,12,19,3,3,0,5,0,0,379,391,5,2,49.0,51.0,1520781.0,0.0,0.0,0.0,0.0,0.0,0.0,0.0,0.0,0.0,0.0,0.0,0.0,0.0,0.0,0.0,0.0,0.0,0.0,0.0,0.0,0.0,0.0,0.0,0.0,0.0,0.0,0.0,0.0,0.0,0.0,0.0,0.0,0.0,0.0,0.0,3,1,AVA,AME,2,6,19,3,0,17,8,18,19,AME/AVA,False,False,1.8900000000000001,0.29000000000000004
2026-07-21,Serie B Brasil,2026,NOVORIZONTINO,CRICIUMA,0,1,0,0,A,13,10,2,1,14,10,7,7,3,1,0,0,330,363,0,2,48.0,52.0,1520787.0,0.0,0.0,0.0,0.0,0.0,0.0,0.0,0.0,0.0,0.0,0.0,0.0,0.0,0.0,0.0,0.0,0.0,0.0,0.0,0.0,0.0,0.0,0.0,0.0,0.0,0.0,0.0,0.0,0.0,0.0,0.0,0.0,0.0,0.0,0.0,1,0,NOV,CRI,1,14,19,0,3,30,36,6,1,E/CRI,True,True,0.16000000000000003,2.1599999999999997
2026-07-22,Serie B Brasil,2026,VILA NOVA,FORTALEZA EC,2,1,2,0,H,10,9,4,3,18,12,4,4,1,3,0,0,371,340,2,3,52.0,48.0,1520789.0,0.0,0.0,0.0,0.0,0.0,0.0,0.0,0.0,0.0,0.0,0.0,0.0,0.0,0.0,0.0,0.0,0.0,0.0,0.0,0.0,0.0,0.0,0.0,0.0,0.0,0.0,0.0,0.0,0.0,0.0,0.0,0.0,0.0,0.0,0.0,3,2,VIL,FOR,1,8,19,3,0,31,31,5,4,VIL/VIL,True,True,2.47,0.0699999999999999
2026-07-22,Serie B Brasil,2026,CEARA,CRB,0,1,0,1,A,20,12,6,3,18,14,7,1,4,3,0,0,405,391,2,6,52.0,48.0,1520783.0,0.0,0.0,0.0,0.0,0.0,0.0,0.0,0.0,0.0,0.0,0.0,0.0,0.0,0.0,0.0,0.0,0.0,0.0,0.0,0.0,0.0,0.0,0.0,0.0,0.0,0.0,0.0,0.0,0.0,0.0,0.0,0.0,0.0,0.0,0.0,1,1,CEA,CRB,0,8,19,0,3,19,23,17,13,CRB/CRB,False,False,0.6799999999999998,1.26
2026-07-22,Serie B Brasil,2026,OPERARIO-PR,PONTE PRETA,3,2,1,1,H,20,11,4,5,17,20,6,6,1,6,0,1,341,213,3,1,62.0,38.0,1520788.0,0.0,0.0,0.0,0.0,0.0,0.0,0.0,0.0,0.0,0.0,0.0,0.0,0.0,0.0,0.0,0.0,0.0,0.0,0.0,0.0,0.0,0.0,0.0,0.0,0.0,0.0,0.0,0.0,0.0,0.0,0.0,0.0,0.0,0.0,0.0,5,2,OPE,PON,3,12,19,3,0,32,8,4,20,E/OPE,False,True,1.9300000000000002,-0.12
2026-07-22,Serie B Brasil,2026,GOIAS,SPORT RECIFE,1,1,0,1,D,15,6,3,3,15,11,9,2,3,0,0,0,482,380,2,2,57.0,43.0,1520785.0,0.0,0.0,0.0,0.0,0.0,0.0,0.0,0.0,0.0,0.0,0.0,0.0,0.0,0.0,0.0,0.0,0.0,0.0,0.0,0.0,0.0,0.0,0.0,0.0,0.0,0.0,0.0,0.0,0.0,0.0,0.0,0.0,0.0,0.0,0.0,2,1,GOI,SPO,1,11,19,1,1,28,27,7,8,SPO/E,False,False,0.9099999999999999,0.72
2026-07-23,Serie B Brasil,2026,NAUTICO RECIFE,LONDRINA,2,1,1,0,H,17,11,4,4,18,21,8,7,4,1,0,0,309,281,3,2,52.0,48.0,1520786.0,0.0,0.0,0.0,0.0,0.0,0.0,0.0,0.0,0.0,0.0,0.0,0.0,0.0,0.0,0.0,0.0,0.0,0.0,0.0,0.0,0.0,0.0,0.0,0.0,0.0,0.0,0.0,0.0,0.0,0.0,0.0,0.0,0.0,0.0,0.0,3,1,NAU,LON,2,15,19,3,0,21,20,14,15,NAU/NAU,False,False,1.7600000000000002,0.49
2026-07-23,Serie B Brasil,2026,ATHLETIC CLUB,SAO BERNARDO,2,1,1,1,H,10,20,5,11,17,7,2,6,1,3,0,0,327,508,9,3,39.0,61.0,1520780.0,0.0,0.0,0.0,0.0,0.0,0.0,0.0,0.0,0.0,0.0,0.0,0.0,0.0,0.0,0.0,0.0,0.0,0.0,0.0,0.0,0.0,0.0,0.0,0.0,0.0,0.0,0.0,0.0,0.0,0.0,0.0,0.0,0.0,0.0,0.0,3,2,ATH,SAO,1,8,19,3,0,24,24,14,11,E/ATH,False,False,1.58,1.3599999999999999
2026-07-23,Serie B Brasil,2026,CUIABA,ATLETICO GOIANIENSE,0,1,0,0,A,14,6,3,3,10,17,8,2,3,3,0,0,410,342,2,3,56.0,44.0,1520784.0,0.0,0.0,0.0,0.0,0.0,0.0,0.0,0.0,0.0,0.0,0.0,0.0,0.0,0.0,0.0,0.0,0.0,0.0,0.0,0.0,0.0,0.0,0.0,0.0,0.0,0.0,0.0,0.0,0.0,0.0,0.0,0.0,0.0,0.0,0.0,1,0,CUI,ATM,1,10,19,0,3,24,25,13,11,E/ATM,False,False,0.3599999999999999,1.44
2026-07-24,Serie B Brasil,2026,BOTAFOGO SP,JUVENTUDE,4,2,2,0,H,13,18,4,3,22,16,4,9,3,1,1,0,234,404,1,0,37.0,63.0,1520782.0,0.0,0.0,0.0,0.0,0.0,0.0,0.0,0.0,0.0,0.0,0.0,0.0,0.0,0.0,0.0,0.0,0.0,0.0,0.0,0.0,0.0,0.0,0.0,0.0,0.0,0.0,0.0,0.0,0.0,0.0,0.0,0.0,0.0,0.0,0.0,6,2,BOT,JUV,4,13,19,3,0,18,32,18,4,BOT/BOT,True,False,1.9200000000000004,0.52
2026-07-26,Serie B Brasil,2026,CRICIUMA,NAUTICO RECIFE,0,0,0,0,D,16,12,5,4,18,18,7,4,0,4,0,0,355,287,4,5,56.0,44.0,1520793.0,0.0,0.0,0.0,0.0,0.0,0.0,0.0,0.0,0.0,0.0,0.0,0.0,0.0,0.0,0.0,0.0,0.0,0.0,0.0,0.0,0.0,0.0,0.0,0.0,0.0,0.0,0.0,0.0,0.0,0.0,0.0,0.0,0.0,0.0,0.0,0,0,CRI,NAU,0,11,20,1,1,39,24,1,13,E/E,False,True,1.32,0.51
2026-07-26,Serie B Brasil,2026,SAO BERNARDO,CEARA,3,4,1,0,A,18,17,5,8,13,20,10,3,1,2,1,0,407,357,4,2,54.0,46.0,1520798.0,0.0,0.0,0.0,0.0,0.0,0.0,0.0,0.0,0.0,0.0,0.0,0.0,0.0,0.0,0.0,0.0,0.0,0.0,0.0,0.0,0.0,0.0,0.0,0.0,0.0,0.0,0.0,0.0,0.0,0.0,0.0,0.0,0.0,0.0,0.0,7,1,SAO,CEA,6,13,20,0,3,24,19,13,18,SAO/CEA,False,False,0.44000000000000006,2.1999999999999997
2026-07-26,Serie B Brasil,2026,AMERICA MINEIRO,GOIAS,1,0,0,0,H,5,19,2,7,11,10,2,10,2,1,0,0,320,620,7,2,34.0,66.0,1520790.0,0.0,0.0,0.0,0.0,0.0,0.0,0.0,0.0,0.0,0.0,0.0,0.0,0.0,0.0,0.0,0.0,0.0,0.0,0.0,0.0,0.0,0.0,0.0,0.0,0.0,0.0,0.0,0.0,0.0,0.0,0.0,0.0,0.0,0.0,0.0,1,0,AME,GOI,1,12,20,3,0,8,29,19,7,E/AME,False,False,1.1500000000000001,1.31
2026-07-26,Serie B Brasil,2026,LONDRINA,NOVORIZONTINO,1,4,1,3,A,21,10,3,6,10,11,5,9,1,2,0,0,444,364,2,1,55.0,45.0,1520796.0,0.0,0.0,0.0,0.0,0.0,0.0,0.0,0.0,0.0,0.0,0.0,0.0,0.0,0.0,0.0,0.0,0.0,0.0,0.0,0.0,0.0,0.0,0.0,0.0,0.0,0.0,0.0,0.0,0.0,0.0,0.0,0.0,0.0,0.0,0.0,5,4,LON,NOV,1,14,20,0,3,20,30,17,6,NOV/NOV,True,False,0.11999999999999991,2.4
2026-07-27,Serie B Brasil,2026,SPORT RECIFE,CUIABA,1,1,0,0,D,17,10,3,3,10,10,8,11,1,1,0,0,506,223,2,2,68.0,32.0,1520799.0,0.0,0.0,0.0,0.0,0.0,0.0,0.0,0.0,0.0,0.0,0.0,0.0,0.0,0.0,0.0,0.0,0.0,0.0,0.0,0.0,0.0,0.0,0.0,0.0,0.0,0.0,0.0,0.0,0.0,0.0,0.0,0.0,0.0,0.0,0.0,2,0,SPO,CUI,2,19,20,1,1,28,24,8,14,E/E,False,False,0.88,1.09
2026-07-27,Serie B Brasil,2026,ATLETICO GOIANIENSE,OPERARIO-PR,3,1,2,1,H,16,16,7,3,14,13,3,2,2,1,0,0,411,458,2,4,48.0,52.0,1520791.0,0.0,0.0,0.0,0.0,0.0,0.0,0.0,0.0,0.0,0.0,0.0,0.0,0.0,0.0,0.0,0.0,0.0,0.0,0.0,0.0,0.0,0.0,0.0,0.0,0.0,0.0,0.0,0.0,0.0,0.0,0.0,0.0,0.0,0.0,0.0,4,3,ATM,OPE,1,5,20,3,0,28,35,9,2,ATM/ATM,True,False,2.8099999999999996,0.039999999999999925
2026-07-27,Serie B Brasil,2026,CRB,VILA NOVA,2,0,2,0,H,22,11,10,4,11,14,6,5,0,2,0,0,358,450,4,8,44.0,56.0,1520792.0,0.0,0.0,0.0,0.0,0.0,0.0,0.0,0.0,0.0,0.0,0.0,0.0,0.0,0.0,0.0,0.0,0.0,0.0,0.0,0.0,0.0,0.0,0.0,0.0,0.0,0.0,0.0,0.0,0.0,0.0,0.0,0.0,0.0,0.0,0.0,2,2,CRB,VIL,0,11,20,3,0,26,34,11,3,CRB/CRB,True,False,3.4999999999999996,0.02999999999999997
2026-07-28,Serie B Brasil,2026,PONTE PRETA,ATHLETIC CLUB,1,1,1,0,D,13,12,6,4,21,18,1,1,4,5,0,0,333,267,3,5,55.0,45.0,1520797.0,0.0,0.0,0.0,0.0,0.0,0.0,0.0,0.0,0.0,0.0,0.0,0.0,0.0,0.0,0.0,0.0,0.0,0.0,0.0,0.0,0.0,0.0,0.0,0.0,0.0,0.0,0.0,0.0,0.0,0.0,0.0,0.0,0.0,0.0,0.0,2,1,PON,ATH,1,2,20,1,1,8,27,20,11,PON/E,False,False,0.83,0.33000000000000007
2026-07-28,Serie B Brasil,2026,JUVENTUDE,AVAI,1,0,0,0,H,11,10,6,1,10,19,3,3,1,2,0,0,255,216,1,5,55.0,45.0,1520795.0,0.0,0.0,0.0,0.0,0.0,0.0,0.0,0.0,0.0,0.0,0.0,0.0,0.0,0.0,0.0,0.0,0.0,0.0,0.0,0.0,0.0,0.0,0.0,0.0,0.0,0.0,0.0,0.0,0.0,0.0,0.0,0.0,0.0,0.0,0.0,1,0,JUV,AVA,1,6,20,3,0,32,20,5,18,E/JUV,False,True,2.34,-0.26
2026-07-29,Serie B Brasil,2026,FORTALEZA EC,BOTAFOGO SP,1,0,0,0,H,18,9,5,5,13,18,10,6,0,3,0,0,397,341,5,4,54.0,46.0,1520794.0,0.0,0.0,0.0,0.0,0.0,0.0,0.0,0.0,0.0,0.0,0.0,0.0,0.0,0.0,0.0,0.0,0.0,0.0,0.0,0.0,0.0,0.0,0.0,0.0,0.0,0.0,0.0,0.0,0.0,0.0,0.0,0.0,0.0,0.0,0.0,1,0,FOR,BOT,1,16,20,3,0,31,21,6,16,E/FOR,False,True,2.38,0.30000000000000004
2026-08-07,Serie B Brasil,2026,OPERARIO-PR,SAO BERNARDO,1,3,0,1,A,23,15,6,6,19,15,7,3,2,2,0,0,529,324,3,5,63.0,37.0,1520808.0,0.0,0.0,0.0,0.0,0.0,0.0,0.0,0.0,0.0,0.0,0.0,0.0,0.0,0.0,0.0,0.0,0.0,0.0,0.0,0.0,0.0,0.0,0.0,0.0,0.0,0.0,0.0,0.0,0.0,0.0,0.0,0.0,0.0,0.0,0.0,4,1,OPE,SAO,3,10,21,0,3,35,24,3,14,SAO/SAO,False,True,0.69,2.4099999999999993
2026-08-07,Serie B Brasil,2026,CEARA,PONTE PRETA,2,0,1,0,H,20,7,8,1,12,16,3,2,1,5,0,1,474,208,1,6,69.0,31.0,1520803.0,0.0,0.0,0.0,0.0,0.0,0.0,0.0,0.0,0.0,0.0,0.0,0.0,0.0,0.0,0.0,0.0,0.0,0.0,0.0,0.0,0.0,0.0,0.0,0.0,0.0,0.0,0.0,0.0,0.0,0.0,0.0,0.0,0.0,0.0,0.0,2,1,CEA,PON,1,5,21,3,0,22,9,15,20,CEA/CEA,False,False,2.66,-0.96
2026-08-08,Serie B Brasil,2026,VILA NOVA,SPORT RECIFE,0,1,0,1,A,15,5,1,3,11,19,14,2,1,5,0,0,432,282,2,1,62.0,38.0,1520809.0,0.0,0.0,0.0,0.0,0.0,0.0,0.0,0.0,0.0,0.0,0.0,0.0,0.0,0.0,0.0,0.0,0.0,0.0,0.0,0.0,0.0,0.0,0.0,0.0,0.0,0.0,0.0,0.0,0.0,0.0,0.0,0.0,0.0,0.0,0.0,1,1,VIL,SPO,0,16,21,0,3,34,29,5,8,SPO/SPO,False,True,0.56,1.72
2026-08-08,Serie B Brasil,2026,BOTAFOGO SP,AMERICA MINEIRO,2,1,0,0,H,14,8,4,2,16,21,4,9,1,2,0,0,301,367,1,3,45.0,55.0,1520802.0,0.0,0.0,0.0,0.0,0.0,0.0,0.0,0.0,0.0,0.0,0.0,0.0,0.0,0.0,0.0,0.0,0.0,0.0,0.0,0.0,0.0,0.0,0.0,0.0,0.0,0.0,0.0,0.0,0.0,0.0,0.0,0.0,0.0,0.0,0.0,3,0,BOT,AME,3,13,21,3,0,21,11,16,19,E/BOT,False,False,1.92,0.27
2026-08-09,Serie B Brasil,2026,ATHLETIC CLUB,CRICIUMA,2,0,1,0,H,7,13,2,2,14,9,5,6,2,2,0,0,264,493,2,0,35.0,65.0,1520800.0,0.0,0.0,0.0,0.0,0.0,0.0,0.0,0.0,0.0,0.0,0.0,0.0,0.0,0.0,0.0,0.0,0.0,0.0,0.0,0.0,0.0,0.0,0.0,0.0,0.0,0.0,0.0,0.0,0.0,0.0,0.0,0.0,0.0,0.0,0.0,2,1,ATH,CRI,1,11,21,3,0,28,40,11,1,ATH/ATH,True,False,2.13,0.2
2026-08-09,Serie B Brasil,2026,NAUTICO RECIFE,ATLETICO GOIANIENSE,1,1,1,0,D,16,17,5,6,15,15,5,5,4,2,0,0,278,398,5,4,42.0,58.0,1520806.0,0.0,0.0,0.0,0.0,0.0,0.0,0.0,0.0,0.0,0.0,0.0,0.0,0.0,0.0,0.0,0.0,0.0,0.0,0.0,0.0,0.0,0.0,0.0,0.0,0.0,0.0,0.0,0.0,0.0,0.0,0.0,0.0,0.0,0.0,0.0,2,1,NAU,ATM,1,10,21,1,1,25,31,13,8,NAU/E,False,False,0.6999999999999998,1.0999999999999999
2026-08-09,Serie B Brasil,2026,NOVORIZONTINO,JUVENTUDE,0,1,0,0,A,15,10,4,1,19,17,8,6,1,5,0,0,367,320,0,4,54.0,46.0,1520807.0,0.0,0.0,0.0,0.0,0.0,0.0,0.0,0.0,0.0,0.0,0.0,0.0,0.0,0.0,0.0,0.0,0.0,0.0,0.0,0.0,0.0,0.0,0.0,0.0,0.0,0.0,0.0,0.0,0.0,0.0,0.0,0.0,0.0,0.0,0.0,1,0,NOV,JUV,1,14,21,0,3,33,35,6,2,E/JUV,True,True,0.73,1.59
2026-08-09,Serie B Brasil,2026,CUIABA,FORTALEZA EC,1,1,1,0,D,16,5,3,1,11,10,3,3,2,2,0,1,467,379,1,2,57.0,43.0,1520804.0,0.0,0.0,0.0,0.0,0.0,0.0,0.0,0.0,0.0,0.0,0.0,0.0,0.0,0.0,0.0,0.0,0.0,0.0,0.0,0.0,0.0,0.0,0.0,0.0,0.0,0.0,0.0,0.0,0.0,0.0,0.0,0.0,0.0,0.0,0.0,2,1,CUI,FOR,1,6,21,1,1,25,34,14,4,CUI/E,True,False,0.7899999999999998,0.14000000000000007
2026-08-10,Serie B Brasil,2026,GOIAS,LONDRINA,1,0,1,0,H,14,16,5,4,9,12,5,8,3,3,0,0,515,416,4,4,55.0,45.0,1520805.0,0.0,0.0,0.0,0.0,0.0,0.0,0.0,0.0,0.0,0.0,0.0,0.0,0.0,0.0,0.0,0.0,0.0,0.0,0.0,0.0,0.0,0.0,0.0,0.0,0.0,0.0,0.0,0.0,0.0,0.0,0.0,0.0,0.0,0.0,0.0,1,1,GOI,LON,0,13,21,3,0,29,20,11,17,GOI/GOI,False,False,1.8399999999999996,0.35
2026-08-11,Serie B Brasil,2026,AVAI,CRB,0,1,0,1,A,23,18,9,3,20,15,14,2,2,2,0,0,484,499,2,8,50.0,50.0,1520801.0,0.0,0.0,0.0,0.0,0.0,0.0,0.0,0.0,0.0,0.0,0.0,0.0,0.0,0.0,0.0,0.0,0.0,0.0,0.0,0.0,0.0,0.0,0.0,0.0,0.0,0.0,0.0,0.0,0.0,0.0,0.0,0.0,0.0,0.0,0.0,1,1,AVA,CRB,0,16,21,0,3,20,29,18,11,CRB/CRB,False,False,1.66,1.12
2026-08-14,Serie B Brasil,2026,PONTE PRETA,NAUTICO RECIFE,1,1,1,0,D,13,14,6,4,17,17,6,6,3,5,0,2,214,360,3,5,37.0,63.0,1520817.0,0.0,0.0,0.0,0.0,0.0,0.0,0.0,0.0,0.0,0.0,0.0,0.0,0.0,0.0,0.0,0.0,0.0,0.0,0.0,0.0,0.0,0.0,0.0,0.0,0.0,0.0,0.0,0.0,0.0,0.0,0.0,0.0,0.0,0.0,0.0,2,1,PON,NAU,1,12,22,1,1,9,26,20,13,PON/E,False,False,1.0799999999999998,-0.019999999999999907
2026-08-14,Serie B Brasil,2026,SAO BERNARDO,BOTAFOGO SP,0,1,0,0,A,15,17,3,3,8,12,12,11,2,1,0,0,465,253,2,3,64.0,36.0,1520818.0,0.0,0.0,0.0,0.0,0.0,0.0,0.0,0.0,0.0,0.0,0.0,0.0,0.0,0.0,0.0,0.0,0.0,0.0,0.0,0.0,0.0,0.0,0.0,0.0,0.0,0.0,0.0,0.0,0.0,0.0,0.0,0.0,0.0,0.0,0.0,1,0,SAO,BOT,1,23,22,0,3,27,24,12,16,E/BOT,False,False,0.48000000000000004,2.0099999999999993
2026-08-14,Serie B Brasil,2026,SPORT RECIFE,LONDRINA,2,1,2,1,H,12,15,4,3,11,13,1,3,1,1,0,0,446,416,2,2,51.0,49.0,1520819.0,0.0,0.0,0.0,0.0,0.0,0.0,0.0,0.0,0.0,0.0,0.0,0.0,0.0,0.0,0.0,0.0,0.0,0.0,0.0,0.0,0.0,0.0,0.0,0.0,0.0,0.0,0.0,0.0,0.0,0.0,0.0,0.0,0.0,0.0,0.0,3,3,SPO,LON,0,4,22,3,0,32,20,7,17,SPO/SPO,False,False,1.8399999999999999,0.2799999999999999
2026-08-15,Serie B Brasil,2026,CEARA,CUIABA,1,3,0,1,A,7,14,3,5,17,13,4,5,2,1,0,0,487,267,3,2,64.0,36.0,1520812.0,0.0,0.0,0.0,0.0,0.0,0.0,0.0,0.0,0.0,0.0,0.0,0.0,0.0,0.0,0.0,0.0,0.0,0.0,0.0,0.0,0.0,0.0,0.0,0.0,0.0,0.0,0.0,0.0,0.0,0.0,0.0,0.0,0.0,0.0,0.0,4,1,CEA,CUI,3,9,22,0,3,25,26,16,15,CUI/CUI,False,False,0.09999999999999992,2.17
2026-08-15,Serie B Brasil,2026,CRICIUMA,GOIAS,1,0,1,0,H,16,8,4,3,23,6,9,2,5,2,0,0,362,550,3,3,41.0,59.0,1520814.0,0.0,0.0,0.0,0.0,0.0,0.0,0.0,0.0,0.0,0.0,0.0,0.0,0.0,0.0,0.0,0.0,0.0,0.0,0.0,0.0,0.0,0.0,0.0,0.0,0.0,0.0,0.0,0.0,0.0,0.0,0.0,0.0,0.0,0.0,0.0,1,1,CRI,GOI,0,11,22,3,0,40,32,1,10,CRI/CRI,False,True,1.8600000000000003,-0.030000000000000027
2026-08-15,Serie B Brasil,2026,ATLETICO GOIANIENSE,VILA NOVA,0,2,0,1,A,11,7,3,3,11,15,15,3,4,2,0,0,376,212,1,3,65.0,35.0,1520811.0,0.0,0.0,0.0,0.0,0.0,0.0,0.0,0.0,0.0,0.0,0.0,0.0,0.0,0.0,0.0,0.0,0.0,0.0,0.0,0.0,0.0,0.0,0.0,0.0,0.0,0.0,0.0,0.0,0.0,0.0,0.0,0.0,0.0,0.0,0.0,2,1,ATM,VIL,1,18,22,0,3,32,34,8,6,VIL/VIL,True,False,0.5899999999999997,1.4499999999999997
2026-08-15,Serie B Brasil,2026,JUVENTUDE,FORTALEZA EC,0,0,0,0,D,16,7,4,2,16,11,5,4,3,1,0,0,451,445,2,4,51.0,49.0,1520815.0,0.0,0.0,0.0,0.0,0.0,0.0,0.0,0.0,0.0,0.0,0.0,0.0,0.0,0.0,0.0,0.0,0.0,0.0,0.0,0.0,0.0,0.0,0.0,0.0,0.0,0.0,0.0,0.0,0.0,0.0,0.0,0.0,0.0,0.0,0.0,0,0,JUV,FOR,0,9,22,1,1,38,35,2,5,E/E,True,True,0.8699999999999999,0.6000000000000001
2026-08-16,Serie B Brasil,2026,OPERARIO-PR,AVAI,1,2,0,0,A,21,9,5,3,17,14,6,0,1,3,0,0,558,250,1,4,68.0,32.0,1520816.0,0.0,0.0,0.0,0.0,0.0,0.0,0.0,0.0,0.0,0.0,0.0,0.0,0.0,0.0,0.0,0.0,0.0,0.0,0.0,0.0,0.0,0.0,0.0,0.0,0.0,0.0,0.0,0.0,0.0,0.0,0.0,0.0,0.0,0.0,0.0,3,0,OPE,AVA,3,6,22,0,3,35,20,6,18,E/AVA,False,True,0.8,1.78
2026-08-16,Serie B Brasil,2026,AMERICA MINEIRO,ATHLETIC CLUB,1,3,0,1,A,21,14,6,6,11,12,6,4,1,2,0,0,434,405,4,5,52.0,48.0,1520810.0,0.0,0.0,0.0,0.0,0.0,0.0,0.0,0.0,0.0,0.0,0.0,0.0,0.0,0.0,0.0,0.0,0.0,0.0,0.0,0.0,0.0,0.0,0.0,0.0,0.0,0.0,0.0,0.0,0.0,0.0,0.0,0.0,0.0,0.0,0.0,4,1,AME,ATH,3,10,22,0,3,11,31,19,11,ATH/ATH,False,False,0.72,1.9799999999999998
2026-08-16,Serie B Brasil,2026,CRB,NOVORIZONTINO,0,0,0,0,D,20,7,4,2,10,13,6,7,2,2,0,0,611,302,3,4,67.0,33.0,1520813.0,0.0,0.0,0.0,0.0,0.0,0.0,0.0,0.0,0.0,0.0,0.0,0.0,0.0,0.0,0.0,0.0,0.0,0.0,0.0,0.0,0.0,0.0,0.0,0.0,0.0,0.0,0.0,0.0,0.0,0.0,0.0,0.0,0.0,0.0,0.0,0,0,CRB,NOV,0,13,22,1,1,32,33,10,8,E/E,False,False,0.9600000000000002,0.6300000000000001
2026-08-18,Serie B Brasil,2026,LONDRINA,ATLETICO GOIANIENSE,0,0,0,0,D,17,18,4,4,12,13,7,5,1,1,0,0,350,453,4,4,44.0,56.0,1520826.0,0.0,0.0,0.0,0.0,0.0,0.0,0.0,0.0,0.0,0.0,0.0,0.0,0.0,0.0,0.0,0.0,0.0,0.0,0.0,0.0,0.0,0.0,0.0,0.0,0.0,0.0,0.0,0.0,0.0,0.0,0.0,0.0,0.0,0.0,0.0,0,0,LON,ATM,0,12,23,1,1,20,32,18,10,E/E,False,False,1.05,0.9100000000000003
2026-08-19,Serie B Brasil,2026,NAUTICO RECIFE,CEARA,1,0,1,0,H,30,13,14,4,22,13,9,3,6,1,0,0,376,364,3,12,51.0,49.0,1520827.0,0.0,0.0,0.0,0.0,0.0,0.0,0.0,0.0,0.0,0.0,0.0,0.0,0.0,0.0,0.0,0.0,0.0,0.0,0.0,0.0,0.0,0.0,0.0,0.0,0.0,0.0,0.0,0.0,0.0,0.0,0.0,0.0,0.0,0.0,0.0,1,1,NAU,CEA,0,12,23,3,0,27,25,15,16,NAU/NAU,False,False,3.19,-0.23000000000000007
2026-08-19,Serie B Brasil,2026,GOIAS,JUVENTUDE,0,1,0,0,A,17,8,5,2,17,20,4,3,1,1,0,0,496,451,1,5,53.0,47.0,1520825.0,0.0,0.0,0.0,0.0,0.0,0.0,0.0,0.0,0.0,0.0,0.0,0.0,0.0,0.0,0.0,0.0,0.0,0.0,0.0,0.0,0.0,0.0,0.0,0.0,0.0,0.0,0.0,0.0,0.0,0.0,0.0,0.0,0.0,0.0,0.0,1,0,GOI,JUV,1,7,23,0,3,32,39,11,2,E/JUV,True,False,0.6900000000000001,1.52
2026-08-19,Serie B Brasil,2026,AVAI,SPORT RECIFE,2,1,0,0,H,19,13,3,4,18,15,6,3,1,1,0,0,342,596,3,1,38.0,62.0,1520821.0,0.0,0.0,0.0,0.0,0.0,0.0,0.0,0.0,0.0,0.0,0.0,0.0,0.0,0.0,0.0,0.0,0.0,0.0,0.0,0.0,0.0,0.0,0.0,0.0,0.0,0.0,0.0,0.0,0.0,0.0,0.0,0.0,0.0,0.0,0.0,3,0,AVA,SPO,3,9,23,3,0,23,35,17,5,E/AVA,True,False,2.3899999999999997,0.38
2026-08-19,Serie B Brasil,2026,FORTALEZA EC,SAO BERNARDO,1,1,1,1,D,24,14,5,5,9,8,8,6,1,0,0,0,533,509,4,4,51.0,49.0,1520824.0,0.0,0.0,0.0,0.0,0.0,0.0,0.0,0.0,0.0,0.0,0.0,0.0,0.0,0.0,0.0,0.0,0.0,0.0,0.0,0.0,0.0,0.0,0.0,0.0,0.0,0.0,0.0,0.0,0.0,0.0,0.0,0.0,0.0,0.0,0.0,2,2,FOR,SAO,0,14,23,1,1,36,27,4,14,E/E,False,True,1.1799999999999997,1.1400000000000001
2026-08-19,Serie B Brasil,2026,VILA NOVA,PONTE PRETA,6,0,3,0,H,25,4,15,2,14,18,9,4,0,3,0,0,457,261,2,9,64.0,36.0,1520829.0,0.0,0.0,0.0,0.0,0.0,0.0,0.0,0.0,0.0,0.0,0.0,0.0,0.0,0.0,0.0,0.0,0.0,0.0,0.0,0.0,0.0,0.0,0.0,0.0,0.0,0.0,0.0,0.0,0.0,0.0,0.0,0.0,0.0,0.0,0.0,6,3,VIL,PON,3,13,23,3,0,37,10,4,20,VIL/VIL,False,True,4.02,-0.73
2026-08-19,Serie B Brasil,2026,CUIABA,OPERARIO-PR,1,0,0,0,H,6,21,1,3,16,12,4,9,3,2,0,0,320,422,3,0,44.0,56.0,1520823.0,0.0,0.0,0.0,0.0,0.0,0.0,0.0,0.0,0.0,0.0,0.0,0.0,0.0,0.0,0.0,0.0,0.0,0.0,0.0,0.0,0.0,0.0,0.0,0.0,0.0,0.0,0.0,0.0,0.0,0.0,0.0,0.0,0.0,0.0,0.0,1,0,CUI,OPE,1,13,23,3,0,29,35,13,6,E/CUI,True,False,1.72,0.5700000000000001
2026-08-20,Serie B Brasil,2026,BOTAFOGO SP,CRICIUMA,1,1,0,0,D,16,10,3,5,6,13,11,8,0,3,0,0,491,365,4,2,58.0,42.0,1520822.0,0.0,0.0,0.0,0.0,0.0,0.0,0.0,0.0,0.0,0.0,0.0,0.0,0.0,0.0,0.0,0.0,0.0,0.0,0.0,0.0,0.0,0.0,0.0,0.0,0.0,0.0,0.0,0.0,0.0,0.0,0.0,0.0,0.0,0.0,0.0,2,0,BOT,CRI,2,19,23,1,1,27,43,15,1,E/E,True,False,1.09,0.98
2026-08-20,Serie B Brasil,2026,ATHLETIC CLUB,CRB,0,2,0,1,A,13,24,2,6,13,15,2,7,2,1,0,0,446,444,3,2,50.0,50.0,1520820.0,0.0,0.0,0.0,0.0,0.0,0.0,0.0,0.0,0.0,0.0,0.0,0.0,0.0,0.0,0.0,0.0,0.0,0.0,0.0,0.0,0.0,0.0,0.0,0.0,0.0,0.0,0.0,0.0,0.0,0.0,0.0,0.0,0.0,0.0,0.0,2,1,ATH,CRB,1,9,23,0,3,34,33,8,10,CRB/CRB,False,False,-0.24000000000000007,2.51
2026-08-20,Serie B Brasil,2026,NOVORIZONTINO,AMERICA MINEIRO,3,0,1,0,H,24,7,8,2,15,12,13,2,3,2,0,0,412,423,2,5,50.0,50.0,1520828.0,0.0,0.0,0.0,0.0,0.0,0.0,0.0,0.0,0.0,0.0,0.0,0.0,0.0,0.0,0.0,0.0,0.0,0.0,0.0,0.0,0.0,0.0,0.0,0.0,0.0,0.0,0.0,0.0,0.0,0.0,0.0,0.0,0.0,0.0,0.0,3,1,NOV,AME,2,15,23,3,0,34,11,8,19,NOV/NOV,False,False,2.91,-0.46
2026-08-22,Serie B Brasil,2026,CEARA,LONDRINA,2,1,1,1,H,13,12,5,4,18,17,8,1,1,2,0,0,362,398,3,3,49.0,51.0,1520832.0,0.0,0.0,0.0,0.0,0.0,0.0,0.0,0.0,0.0,0.0,0.0,0.0,0.0,0.0,0.0,0.0,0.0,0.0,0.0,0.0,0.0,0.0,0.0,0.0,0.0,0.0,0.0,0.0,0.0,0.0,0.0,0.0,0.0,0.0,0.0,3,2,CEA,LON,1,9,24,3,0,25,21,17,18,E/CEA,False,False,2.3299999999999996,0.03999999999999995
2026-08-22,Serie B Brasil,2026,CUIABA,GOIAS,1,1,0,1,D,26,5,7,2,10,14,9,0,1,2,0,0,502,446,1,5,55.0,45.0,1520834.0,0.0,0.0,0.0,0.0,0.0,0.0,0.0,0.0,0.0,0.0,0.0,0.0,0.0,0.0,0.0,0.0,0.0,0.0,0.0,0.0,0.0,0.0,0.0,0.0,0.0,0.0,0.0,0.0,0.0,0.0,0.0,0.0,0.0,0.0,0.0,2,1,CUI,GOI,1,9,24,1,1,32,32,11,12,GOI/E,False,False,1.7999999999999998,0.07
2026-08-23,Serie B Brasil,2026,PONTE PRETA,AVAI,0,2,0,0,A,12,16,2,4,18,22,6,4,1,4,0,0,404,250,2,2,62.0,38.0,1520837.0,0.0,0.0,0.0,0.0,0.0,0.0,0.0,0.0,0.0,0.0,0.0,0.0,0.0,0.0,0.0,0.0,0.0,0.0,0.0,0.0,0.0,0.0,0.0,0.0,0.0,0.0,0.0,0.0,0.0,0.0,0.0,0.0,0.0,0.0,0.0,2,0,PON,AVA,2,10,24,0,3,10,26,20,17,E/AVA,False,False,0.22,1.6800000000000002
2026-08-23,Serie B Brasil,2026,SAO BERNARDO,NAUTICO RECIFE,1,1,0,0,D,15,10,3,2,13,16,4,3,0,1,0,0,432,477,1,2,47.0,53.0,1520838.0,0.0,0.0,0.0,0.0,0.0,0.0,0.0,0.0,0.0,0.0,0.0,0.0,0.0,0.0,0.0,0.0,0.0,0.0,0.0,0.0,0.0,0.0,0.0,0.0,0.0,0.0,0.0,0.0,0.0,0.0,0.0,0.0,0.0,0.0,0.0,2,0,SAO,NAU,2,7,24,1,1,28,30,15,13,E/E,False,False,0.99,0.6200000000000001
2026-08-23,Serie B Brasil,2026,OPERARIO-PR,VILA NOVA,0,0,0,0,D,9,11,2,3,19,14,5,7,3,2,0,0,393,257,3,2,60.0,40.0,1520836.0,0.0,0.0,0.0,0.0,0.0,0.0,0.0,0.0,0.0,0.0,0.0,0.0,0.0,0.0,0.0,0.0,0.0,0.0,0.0,0.0,0.0,0.0,0.0,0.0,0.0,0.0,0.0,0.0,0.0,0.0,0.0,0.0,0.0,0.0,0.0,0,0,OPE,VIL,0,12,24,1,1,35,40,8,3,E/E,True,False,0.45999999999999996,0.8999999999999999
2026-08-23,Serie B Brasil,2026,CRICIUMA,FORTALEZA EC,0,2,0,1,A,22,14,5,6,14,16,10,4,2,1,0,0,568,238,4,5,71.0,29.0,1520833.0,0.0,0.0,0.0,0.0,0.0,0.0,0.0,0.0,0.0,0.0,0.0,0.0,0.0,0.0,0.0,0.0,0.0,0.0,0.0,0.0,0.0,0.0,0.0,0.0,0.0,0.0,0.0,0.0,0.0,0.0,0.0,0.0,0.0,0.0,0.0,2,1,CRI,FOR,1,14,24,0,3,44,37,1,5,FOR/FOR,True,True,0.6699999999999999,2.55
2026-08-24,Serie B Brasil,2026,SPORT RECIFE,AMERICA MINEIRO,3,0,2,0,H,17,18,7,3,18,9,5,10,0,0,0,0,401,423,3,3,48.0,52.0,1520839.0,0.0,0.0,0.0,0.0,0.0,0.0,0.0,0.0,0.0,0.0,0.0,0.0,0.0,0.0,0.0,0.0,0.0,0.0,0.0,0.0,0.0,0.0,0.0,0.0,0.0,0.0,0.0,0.0,0.0,0.0,0.0,0.0,0.0,0.0,0.0,3,2,SPO,AME,1,15,24,3,0,35,11,8,19,SPO/SPO,False,False,2.4499999999999997,0.4999999999999999
2026-08-24,Serie B Brasil,2026,ATHLETIC CLUB,NOVORIZONTINO,1,4,0,1,A,10,17,1,8,12,7,9,5,3,0,1,0,399,487,4,0,46.0,54.0,1520830.0,0.0,0.0,0.0,0.0,0.0,0.0,0.0,0.0,0.0,0.0,0.0,0.0,0.0,0.0,0.0,0.0,0.0,0.0,0.0,0.0,0.0,0.0,0.0,0.0,0.0,0.0,0.0,0.0,0.0,0.0,0.0,0.0,0.0,0.0,0.0,5,1,ATH,NOV,4,14,24,0,3,34,37,9,6,NOV/NOV,True,False,-0.45000000000000007,2.72
2026-08-25,Serie B Brasil,2026,ATLETICO GOIANIENSE,BOTAFOGO SP,3,0,2,0,H,22,7,6,1,13,12,7,5,1,3,0,0,358,408,1,3,47.0,53.0,1520831.0,0.0,0.0,0.0,0.0,0.0,0.0,0.0,0.0,0.0,0.0,0.0,0.0,0.0,0.0,0.0,0.0,0.0,0.0,0.0,0.0,0.0,0.0,0.0,0.0,0.0,0.0,0.0,0.0,0.0,0.0,0.0,0.0,0.0,0.0,0.0,3,2,ATM,BOT,1,12,24,3,0,33,28,11,16,ATM/ATM,False,False,2.5,-0.3400000000000001
2026-08-25,Serie B Brasil,2026,JUVENTUDE,CRB,2,1,0,1,H,13,17,9,4,16,13,5,7,1,1,0,0,424,457,4,5,49.0,51.0,1520835.0,0.0,0.0,0.0,0.0,0.0,0.0,0.0,0.0,0.0,0.0,0.0,0.0,0.0,0.0,0.0,0.0,0.0,0.0,0.0,0.0,0.0,0.0,0.0,0.0,0.0,0.0,0.0,0.0,0.0,0.0,0.0,0.0,0.0,0.0,0.0,3,1,JUV,CRB,2,12,24,3,0,42,36,2,8,CRB/JUV,False,True,2.6599999999999993,0.30000000000000004
2026-08-28,Serie B Brasil,2026,GOIAS,SAO BERNARDO,2,1,1,0,H,14,11,4,4,14,19,4,9,1,0,0,0,341,486,3,2,41.0,59.0,1520845.0,1.83,3.4,4.5,0.0,0.0,0.0,0.0,0.0,0.0,0.0,0.0,0.0,0.0,0.0,0.0,0.0,0.0,0.0,0.0,0.0,0.0,0.0,0.0,0.0,0.0,0.0,0.0,0.0,0.0,0.0,0.0,0.0,0.0,0.0,0.0,3,1,GOI,SAO,2,13,25,3,0,33,29,12,14,GOI/GOI,False,False,1.82,0.77
2026-08-28,Serie B Brasil,2026,NAUTICO RECIFE,ATHLETIC CLUB,2,1,0,1,H,26,6,9,1,16,13,8,2,2,1,0,1,537,238,0,7,70.0,30.0,1520847.0,1.8,3.6,4.33,0.0,0.0,0.0,0.0,0.0,0.0,0.0,0.0,0.0,0.0,0.0,0.0,0.0,0.0,0.0,0.0,0.0,0.0,0.0,0.0,0.0,0.0,0.0,0.0,0.0,0.0,0.0,0.0,0.0,0.0,0.0,0.0,3,1,NAU,ATH,2,10,25,3,0,31,34,13,11,ATH/NAU,False,False,2.9599999999999995,-0.7100000000000001
2026-08-28,Serie B Brasil,2026,NOVORIZONTINO,SPORT RECIFE,2,1,1,0,H,24,13,9,1,14,8,9,3,1,2,0,0,345,522,0,7,41.0,59.0,1520848.0,1.62,3.6,6.0,0.0,0.0,0.0,0.0,0.0,0.0,0.0,0.0,0.0,0.0,0.0,0.0,0.0,0.0,0.0,0.0,0.0,0.0,0.0,0.0,0.0,0.0,0.0,0.0,0.0,0.0,0.0,0.0,0.0,0.0,0.0,0.0,3,1,NOV,SPO,2,12,25,3,0,40,38,4,6,NOV/NOV,True,True,3.59,-0.53
2026-08-29,Serie B Brasil,2026,BOTAFOGO SP,CUIABA,1,2,0,0,A,15,16,5,4,13,14,4,4,2,1,0,0,467,319,2,4,60.0,40.0,1520842.0,2.15,2.9,3.9,0.0,0.0,0.0,0.0,0.0,0.0,0.0,0.0,0.0,0.0,0.0,0.0,0.0,0.0,0.0,0.0,0.0,0.0,0.0,0.0,0.0,0.0,0.0,0.0,0.0,0.0,0.0,0.0,0.0,0.0,0.0,0.0,3,0,BOT,CUI,3,8,25,0,3,28,33,16,13,E/CUI,False,False,0.47000000000000003,1.87
2026-08-30,Serie B Brasil,2026,AMERICA MINEIRO,PONTE PRETA,2,0,0,0,H,35,7,12,2,13,9,12,2,0,1,0,0,688,187,2,10,79.0,21.0,1520840.0,1.11,8.0,21.0,0.0,0.0,0.0,0.0,0.0,0.0,0.0,0.0,0.0,0.0,0.0,0.0,0.0,0.0,0.0,0.0,0.0,0.0,0.0,0.0,0.0,0.0,0.0,0.0,0.0,0.0,0.0,0.0,0.0,0.0,0.0,0.0,2,0,AME,PON,2,14,25,3,0,11,10,19,20,E/AME,False,False,3.76,-0.54
2026-08-30,Serie B Brasil,2026,AVAI,ATLETICO GOIANIENSE,0,1,0,0,A,16,17,6,3,18,10,7,7,1,1,0,0,324,447,2,6,42.0,58.0,1520841.0,2.55,3.1,2.8,0.0,0.0,0.0,0.0,0.0,0.0,0.0,0.0,0.0,0.0,0.0,0.0,0.0,0.0,0.0,0.0,0.0,0.0,0.0,0.0,0.0,0.0,0.0,0.0,0.0,0.0,0.0,0.0,0.0,0.0,0.0,0.0,1,0,AVA,ATM,1,14,25,0,3,29,36,15,7,E/ATM,False,False,0.8599999999999999,1.7599999999999998
2026-08-30,Serie B Brasil,2026,CRB,CRICIUMA,2,1,1,1,H,23,16,10,5,14,9,2,6,1,2,0,0,503,387,4,8,55.0,45.0,1520843.0,2.2,3.25,3.3,0.0,0.0,0.0,0.0,0.0,0.0,0.0,0.0,0.0,0.0,0.0,0.0,0.0,0.0,0.0,0.0,0.0,0.0,0.0,0.0,0.0,0.0,0.0,0.0,0.0,0.0,0.0,0.0,0.0,0.0,0.0,0.0,3,2,CRB,CRI,1,8,25,3,0,36,44,9,2,E/CRB,True,False,3.13,0.31
2026-08-30,Serie B Brasil,2026,VILA NOVA,CEARA,2,0,1,0,H,16,7,7,3,18,10,5,7,2,3,0,0,293,334,3,5,46.0,54.0,1520849.0,1.9,3.3,4.33,0.0,0.0,0.0,0.0,0.0,0.0,0.0,0.0,0.0,0.0,0.0,0.0,0.0,0.0,0.0,0.0,0.0,0.0,0.0,0.0,0.0,0.0,0.0,0.0,0.0,0.0,0.0,0.0,0.0,0.0,0.0,0.0,2,1,VIL,CEA,1,12,25,3,0,41,28,4,17,VIL/VIL,False,True,2.3099999999999996,0.04999999999999993
2026-08-31,Serie B Brasil,2026,FORTALEZA EC,OPERARIO-PR,1,1,1,1,D,31,9,6,4,11,12,11,1,1,1,0,0,564,388,3,6,60.0,40.0,1520844.0,1.73,3.4,5.25,0.0,0.0,0.0,0.0,0.0,0.0,0.0,0.0,0.0,0.0,0.0,0.0,0.0,0.0,0.0,0.0,0.0,0.0,0.0,0.0,0.0,0.0,0.0,0.0,0.0,0.0,0.0,0.0,0.0,0.0,0.0,0.0,2,2,FOR,OPE,0,12,25,1,1,40,36,5,10,E/E,False,True,1.63,0.5300000000000001
2026-09-01,Serie B Brasil,2026,LONDRINA,JUVENTUDE,0,0,0,0,D,7,8,2,2,16,17,5,1,1,0,0,0,406,570,2,2,51.0,49.0,1520846.0,3.1,3.1,2.4,0.0,0.0,0.0,0.0,0.0,0.0,0.0,0.0,0.0,0.0,0.0,0.0,0.0,0.0,0.0,0.0,0.0,0.0,0.0,0.0,0.0,0.0,0.0,0.0,0.0,0.0,0.0,0.0,0.0,0.0,0.0,0.0,0,0,LON,JUV,0,6,25,1,1,21,45,18,1,E/E,True,False,0.8300000000000001,0.6500000000000001
2026-09-03,Serie B Brasil,2026,NAUTICO RECIFE,BOTAFOGO SP,1,0,0,0,H,8,11,4,5,0,0,5,2,2,2,0,0,0,0,0,0,54.0,46.0,1520857.0,1.9,3.2,4.5,0.0,0.0,0.0,0.0,0.0,0.0,0.0,0.0,0.0,0.0,0.0,0.0,0.0,0.0,0.0,0.0,0.0,0.0,0.0,0.0,0.0,0.0,0.0,0.0,0.0,0.0,0.0,0.0,0.0,0.0,0.0,0.0,1,0,NAU,BOT,1,7,26,3,0,34,28,12,16,E/NAU,False,False,1.86,0.35000000000000003
2026-08-21,Serie B Italia,2026/2027,VICENZA VIRTUS,CATANZARO,3,2,1,1,H,23,13,9,6,15,16,10,6,2,3,0,0,337,396,4,6,47.0,53.0,1601498.0,,,,,,,,,,,,,,,,,,,,,,,,,,,,,,,,,,,,5,2,VIC,CAT,3,16,1,3,0,0,0,1,2,E/VIC,True,True,3.2299999999999995,0.25
2026-08-22,Serie B Italia,2026/2027,AVELLINO,AREZZO,1,2,1,0,A,8,14,2,2,6,10,2,2,1,1,0,0,362,224,1,1,61.0,39.0,1601493.0,,,,,,,,,,,,,,,,,,,,,,,,,,,,,,,,,,,,3,1,AVE,ARE,2,4,1,0,3,0,0,2,3,AVE/ARE,True,True,0.16,2.16
2026-08-22,Serie B Italia,2026/2027,BENEVENTO,MODENA,1,2,1,0,A,10,5,1,1,7,7,2,3,0,0,0,0,262,304,1,0,47.0,53.0,1601494.0,,,,,,,,,,,,,,,,,,,,,,,,,,,,,,,,,,,,3,1,BEN,MOD,2,5,1,0,3,0,0,3,4,BEN/MOD,True,True,0.14,2.21
2026-08-22,Serie B Italia,2026/2027,CARRARESE,MANTOVA,1,2,0,1,A,10,12,2,4,19,17,2,3,1,1,0,0,430,465,3,1,48.0,52.0,1601495.0,,,,,,,,,,,,,,,,,,,,,,,,,,,,,,,,,,,,3,1,CAR,MAN,2,5,1,0,3,0,0,4,5,MAN/MAN,True,True,0.03999999999999998,2.51
2026-08-22,Serie B Italia,2026/2027,EMPOLI,CREMONESE,1,0,1,0,H,9,8,5,2,11,6,1,2,0,2,1,0,209,430,2,4,33.0,67.0,1601497.0,,,,,,,,,,,,,,,,,,,,,,,,,,,,,,,,,,,,1,1,EMP,CRE,0,3,1,3,0,0,0,5,6,EMP/EMP,True,True,2.4099999999999997,-0.07
2026-08-22,Serie B Italia,2026/2027,SUDTIROL,VIRTUS ENTELLA,1,0,0,0,H,8,15,2,3,15,18,1,5,3,1,1,0,397,403,3,1,48.0,52.0,1601501.0,,,,,,,,,,,,,,,,,,,,,,,,,,,,,,,,,,,,1,0,SUD,VIR,1,6,1,3,0,0,0,6,7,E/SUD,False,True,1.0499999999999998,0.48
2026-08-23,Serie B Italia,2026/2027,CESENA,SAMPDORIA,1,1,1,0,D,7,21,2,9,18,8,0,12,3,1,1,0,297,513,8,1,35.0,65.0,1601496.0,,,,,,,,,,,,,,,,,,,,,,,,,,,,,,,,,,,,2,1,CES,SAM,1,12,1,1,1,0,0,7,8,CES/E,False,False,-0.44,2.2499999999999996
2026-08-23,Serie B Italia,2026/2027,PALERMO,JUVE STABIA,1,0,1,0,H,16,13,5,4,21,11,6,6,4,1,0,0,374,445,4,3,46.0,54.0,1601499.0,,,,,,,,,,,,,,,,,,,,,,,,,,,,,,,,,,,,1,1,PAL,JUV,0,12,1,3,0,0,0,9,10,PAL/PAL,False,False,1.8299999999999996,0.43000000000000005
2026-08-23,Serie B Italia,2026/2027,PISA,PADOVA,0,1,0,0,A,22,11,7,2,7,18,4,6,1,2,0,0,527,366,1,7,58.0,42.0,1601500.0,,,,,,,,,,,,,,,,,,,,,,,,,,,,,,,,,,,,1,0,PIS,PAD,1,10,1,0,3,0,0,10,11,E/PAD,False,False,0.9300000000000003,1.47
2026-08-23,Serie B Italia,2026/2027,HELLAS VERONA,ASCOLI,1,2,1,0,A,24,10,7,3,14,16,5,4,2,3,0,0,343,422,1,6,46.0,54.0,1601502.0,,,,,,,,,,,,,,,,,,,,,,,,,,,,,,,,,,,,3,1,HEL,ASC,2,9,1,0,3,0,0,11,12,HEL/ASC,False,False,0.8699999999999999,1.3999999999999997
2026-08-28,Serie B Italia,2026/2027,CREMONESE,MODENA,0,3,0,2,A,8,10,2,3,14,13,8,2,2,1,0,0,448,469,1,2,50.0,50.0,1601507.0,,,,,,,,,,,,,,,,,,,,,,,,,,,,,,,,,,,,3,2,CRE,MOD,1,10,2,0,3,0,3,17,3,MOD/MOD,True,False,0.31,1.69
2026-08-29,Serie B Italia,2026/2027,ASCOLI,CARRARESE,1,1,0,0,D,20,18,6,4,10,13,10,9,4,3,0,0,566,217,3,5,71.0,29.0,1601504.0,,,,,,,,,,,,,,,,,,,,,,,,,,,,,,,,,,,,2,0,ASC,CAR,2,19,2,1,1,3,0,5,15,E/E,False,True,1.12,0.75
2026-08-29,Serie B Italia,2026/2027,AVELLINO,VICENZA VIRTUS,3,0,2,0,H,10,18,8,3,14,16,2,7,4,3,0,0,351,475,3,5,41.0,59.0,1601505.0,,,,,,,,,,,,,,,,,,,,,,,,,,,,,,,,,,,,3,2,AVE,VIC,1,9,2,3,0,0,3,14,3,AVE/AVE,True,False,2.6100000000000003,0.05999999999999994
2026-08-29,Serie B Italia,2026/2027,VIRTUS ENTELLA,CESENA,1,2,1,2,A,14,7,3,3,7,18,6,2,1,2,0,0,517,374,1,2,59.0,41.0,1601508.0,,,,,,,,,,,,,,,,,,,,,,,,,,,,,,,,,,,,3,3,VIR,CES,0,8,2,0,3,0,1,17,11,CES/CES,False,False,0.45999999999999996,1.5799999999999998
2026-08-29,Serie B Italia,2026/2027,PADOVA,HELLAS VERONA,1,1,1,0,D,7,14,2,3,12,18,2,6,4,1,0,0,316,494,2,3,39.0,61.0,1601510.0,,,,,,,,,,,,,,,,,,,,,,,,,,,,,,,,,,,,2,1,PAD,HEL,1,8,2,1,1,3,0,10,16,PAD/E,False,False,0.22999999999999998,1.0099999999999998
2026-08-29,Serie B Italia,2026/2027,SAMPDORIA,JUVE STABIA,1,2,1,0,A,17,17,6,5,8,10,2,7,2,2,0,0,405,487,3,5,45.0,55.0,1601512.0,,,,,,,,,,,,,,,,,,,,,,,,,,,,,,,,,,,,3,1,SAM,JUV,2,9,2,0,3,1,0,12,17,SAM/JUV,False,False,0.40999999999999986,2.0599999999999996
2026-08-30,Serie B Italia,2026/2027,AREZZO,PALERMO,2,3,0,1,A,15,17,5,7,13,13,9,4,1,2,0,0,337,463,3,3,43.0,57.0,1601503.0,,,,,,,,,,,,,,,,,,,,,,,,,,,,,,,,,,,,5,1,ARE,PAL,4,13,2,0,3,3,3,6,10,PAL/PAL,False,True,0.67,2.6199999999999997
2026-08-30,Serie B Italia,2026/2027,BENEVENTO,SUDTIROL,1,1,0,0,D,24,9,5,2,16,12,11,1,1,1,0,0,446,463,1,3,51.0,49.0,1601506.0,,,,,,,,,,,,,,,,,,,,,,,,,,,,,,,,,,,,2,0,BEN,SUD,2,12,2,1,1,0,3,17,9,E/E,False,False,1.5799999999999998,0.28000000000000014
2026-08-30,Serie B Italia,2026/2027,MANTOVA,EMPOLI,3,1,0,0,H,16,6,9,2,13,20,3,6,2,6,0,0,366,409,1,6,46.0,54.0,1601509.0,,,,,,,,,,,,,,,,,,,,,,,,,,,,,,,,,,,,4,0,MAN,EMP,4,9,2,3,0,3,3,8,9,E/MAN,False,False,2.579999999999999,-0.51
2026-08-30,Serie B Italia,2026/2027,PISA,CATANZARO,2,1,2,1,H,19,15,9,7,15,12,6,8,3,2,0,0,377,471,6,6,45.0,55.0,1601511.0,,,,,,,,,,,,,,,,,,,,,,,,,,,,,,,,,,,,3,3,PIS,CAT,0,14,2,3,0,0,0,18,17,PIS/PIS,False,False,2.34,0.6799999999999999
2026-09-05,Serie B Italia,2026/2027,SUDTIROL,CATANZARO,2,0,0,0,H,9,12,4,2,9,7,3,5,1,1,0,0,370,456,2,2,44.0,56.0,1601521.0,,,,,,,,,,,,,,,,,,,,,,,,,,,,,,,,,,,,2,0,SUD,CAT,2,8,3,3,0,4,0,6,18,E/SUD,False,True,1.9499999999999997,0.18999999999999997
2026-09-05,Serie B Italia,2026/2027,ASCOLI,BENEVENTO,1,0,0,0,H,12,4,4,0,7,12,7,5,2,3,0,1,381,291,0,3,57.0,43.0,1601513.0,,,,,,,,,,,,,,,,,,,,,,,,,,,,,,,,,,,,1,0,ASC,BEN,1,12,3,3,0,4,1,6,14,E/ASC,False,True,2.15,-0.6400000000000001
2026-09-05,Serie B Italia,2026/2027,CARRARESE,EMPOLI,0,1,0,0,A,9,16,5,2,10,12,1,7,0,2,0,0,437,618,1,5,41.0,59.0,1601514.0,,,,,,,,,,,,,,,,,,,,,,,,,,,,,,,,,,,,1,0,CAR,EMP,1,8,3,0,3,1,3,14,12,E/EMP,False,False,0.56,1.6800000000000002
2026-08-22,Super League Grecia,2026/2027,AEK ATHENS FC,IRAKLIS 1908,4,0,2,0,H,24,7,11,1,19,17,5,2,1,0,0,0,510,381,1,7,58.0,42.0,1593289.0,,,,,,,,,,,,,,,,,,,,,,,,,,,,,,,,,,,,4,2,AEK,IRA,2,7,1,3,0,0,0,1,2,AEK/AEK,True,True,3.71,-0.4
2026-08-22,Super League Grecia,2026/2027,KALAMATA,ARIS THESSALONIKIS,2,3,1,1,A,7,19,3,7,15,23,1,10,3,3,1,0,197,323,3,1,37.0,63.0,1593290.0,,,,,,,,,,,,,,,,,,,,,,,,,,,,,,,,,,,,5,2,KAL,ARI,3,11,1,0,3,0,0,2,3,E/ARI,True,True,-0.6000000000000001,3.08
2026-08-22,Super League Grecia,2026/2027,OLYMPIAKOS PIRAEUS,ATROMITOS,1,0,0,0,H,26,8,10,1,14,14,14,4,3,6,1,0,515,233,1,8,69.0,31.0,1593292.0,,,,,,,,,,,,,,,,,,,,,,,,,,,,,,,,,,,,1,0,OLY,ATR,1,18,1,3,0,0,0,3,4,E/OLY,True,True,3.5200000000000005,-1.03
2026-08-23,Super League Grecia,2026/2027,OFI,VOLOS NFC,2,0,2,0,H,9,10,2,1,16,17,5,2,1,3,0,0,460,362,1,1,56.0,44.0,1593291.0,,,,,,,,,,,,,,,,,,,,,,,,,,,,,,,,,,,,2,2,OFI,VOL,0,7,1,3,0,0,0,4,5,OFI/OFI,True,True,2.36,-0.25000000000000006
2026-08-23,Super League Grecia,2026/2027,PANETOLIKOS,ASTERAS TRIPOLIS,3,1,1,0,H,4,14,4,6,19,14,1,3,0,0,0,0,296,428,5,1,40.0,60.0,1593294.0,,,,,,,,,,,,,,,,,,,,,,,,,,,,,,,,,,,,4,1,PAN,AST,3,4,1,3,0,0,0,5,6,PAN/PAN,True,True,2.29,0.83
2026-08-23,Super League Grecia,2026/2027,PAOK,LEVADIAKOS,4,0,2,0,H,13,8,5,1,21,13,3,1,0,0,0,0,506,423,1,1,54.0,46.0,1593295.0,,,,,,,,,,,,,,,,,,,,,,,,,,,,,,,,,,,,4,2,PAO,LEV,2,4,1,3,0,0,0,6,7,PAO/PAO,False,True,2.33,-0.11
2026-08-29,Super League Grecia,2026/2027,PANETOLIKOS,KALAMATA,2,0,1,0,H,20,11,4,3,22,15,4,3,3,5,0,0,312,393,3,2,44.0,56.0,1593301.0,,,,,,,,,,,,,,,,,,,,,,,,,,,,,,,,,,,,2,1,PAN,KAL,1,7,2,3,0,3,0,3,9,PAN/PAN,False,True,1.7900000000000003,-0.18000000000000005
2026-08-29,Super League Grecia,2026/2027,VOLOS NFC,IRAKLIS 1908,1,1,0,1,D,17,10,3,1,18,23,2,2,4,3,0,1,400,245,0,2,63.0,37.0,1593302.0,,,,,,,,,,,,,,,,,,,,,,,,,,,,,,,,,,,,2,1,VOL,IRA,1,4,2,1,1,0,0,11,13,IRA/E,False,False,0.5599999999999998,0.009999999999999898
2026-08-30,Super League Grecia,2026/2027,ARIS THESSALONIKIS,OFI,2,1,1,0,H,17,10,10,3,16,23,3,1,5,2,0,0,386,523,2,8,42.0,58.0,1593296.0,,,,,,,,,,,,,,,,,,,,,,,,,,,,,,,,,,,,3,1,ARI,OFI,2,4,2,3,0,3,3,5,4,ARI/ARI,True,True,2.98,-0.26000000000000006
2026-08-30,Super League Grecia,2026/2027,ASTERAS TRIPOLIS,OLYMPIAKOS PIRAEUS,0,1,0,1,A,10,15,3,7,8,18,3,6,3,4,0,0,389,386,6,3,50.0,50.0,1593297.0,,,,,,,,,,,,,,,,,,,,,,,,,,,,,,,,,,,,1,1,AST,OLY,0,9,2,0,3,0,3,12,6,OLY/OLY,True,False,-0.1700000000000001,2.24
2026-08-30,Super League Grecia,2026/2027,ATROMITOS,PAOK,1,2,1,1,A,16,14,3,4,19,18,2,6,1,1,0,0,328,394,2,1,46.0,54.0,1593298.0,,,,,,,,,,,,,,,,,,,,,,,,,,,,,,,,,,,,3,2,ATR,PAO,1,8,2,0,3,0,3,11,5,E/PAO,True,False,0.12999999999999998,2.11
2026-08-30,Super League Grecia,2026/2027,KIFISIA,AEK ATHENS FC,1,1,0,0,D,14,9,3,5,20,14,1,2,5,2,1,0,286,551,4,2,35.0,65.0,1593299.0,,,,,,,,,,,,,,,,,,,,,,,,,,,,,,,,,,,,2,0,KIF,AEK,2,3,2,1,1,0,3,9,5,E/E,True,False,-0.040000000000000036,0.9800000000000002
2026-08-31,Super League Grecia,2026/2027,LEVADIAKOS,PANATHINAIKOS,0,2,0,1,A,8,15,2,6,18,19,5,5,2,4,1,0,332,485,5,2,41.0,59.0,1593300.0,,,,,,,,,,,,,,,,,,,,,,,,,,,,,,,,,,,,2,1,LEV,PAN,1,10,2,0,3,0,0,14,10,PAN/PAN,False,False,-0.30000000000000004,2.05
2026-09-05,Super League Grecia,2026/2027,VOLOS NFC,OLYMPIAKOS PIRAEUS,1,1,0,1,D,6,17,1,4,15,19,0,9,6,1,0,0,262,471,2,0,36.0,64.0,1593309.0,,,,,,,,,,,,,,,,,,,,,,,,,,,,,,,,,,,,2,1,VOL,OLY,1,9,3,1,1,1,6,9,4,OLY/E,True,False,-0.33000000000000007,1.4
2026-09-05,Super League Grecia,2026/2027,AEK ATHENS FC,ARIS THESSALONIKIS,5,0,1,0,H,21,7,10,2,16,17,2,2,2,0,0,0,542,357,2,5,60.0,40.0,1593303.0,,,,,,,,,,,,,,,,,,,,,,,,,,,,,,,,,,,,5,1,AEK,ARI,4,4,3,3,0,4,6,5,4,AEK/AEK,True,True,3.26,-0.14
2026-07-25,Super League Suiza,2026/2027,LAUSANNE,GRASSHOPPERS,1,1,1,0,D,8,13,2,3,13,22,5,2,3,4,0,0,423,389,2,1,52.0,48.0,1555347.0,,,,,,,,,,,,,,,,,,,,,,,,,,,,,,,,,,,,2,1,LAU,GRA,1,7,1,1,1,0,0,1,2,LAU/E,True,True,0.5599999999999999,0.44999999999999996
2026-07-25,Super League Suiza,2026/2027,SERVETTE FC,FC BASEL 1893,0,1,0,0,A,19,12,4,1,12,15,11,5,0,0,0,0,463,359,0,4,57.0,43.0,1555348.0,,,,,,,,,,,,,,,,,,,,,,,,,,,,,,,,,,,,1,0,SER,BAS,1,16,1,0,3,0,0,3,4,E/BAS,True,True,1.0,1.98
2026-07-25,Super League Suiza,2026/2027,FC LUZERN,FC THUN,1,3,1,1,A,22,20,4,7,13,10,12,6,3,1,0,0,386,335,4,3,54.0,46.0,1555349.0,,,,,,,,,,,,,,,,,,,,,,,,,,,,,,,,,,,,4,2,LUZ,THU,2,18,1,0,3,0,0,4,5,E/THU,True,True,0.43000000000000005,2.809999999999999
2026-07-26,Super League Suiza,2026/2027,BSC YOUNG BOYS,FC SION,4,2,2,1,H,19,19,9,5,18,9,6,4,1,2,0,0,327,459,3,5,42.0,58.0,1555350.0,,,,,,,,,,,,,,,,,,,,,,,,,,,,,,,,,,,,6,3,BSC,SIO,3,10,1,3,0,0,0,5,6,BSC/BSC,True,True,3.2199999999999993,0.18
2026-07-26,Super League Suiza,2026/2027,FC LUGANO,FC VADUZ,2,1,2,0,H,22,11,8,3,14,10,9,3,1,1,0,1,401,440,2,6,48.0,52.0,1555351.0,,,,,,,,,,,,,,,,,,,,,,,,,,,,,,,,,,,,3,2,LUG,VAD,1,12,1,3,0,0,0,6,7,LUG/LUG,False,True,2.8400000000000003,-0.33000000000000007
2026-07-26,Super League Suiza,2026/2027,FC ST. GALLEN,FC ZURICH,2,1,0,0,H,15,11,4,3,13,27,4,4,1,3,0,0,294,349,2,2,46.0,54.0,1555352.0,,,,,,,,,,,,,,,,,,,,,,,,,,,,,,,,,,,,3,0,ST.,ZUR,3,8,1,3,0,0,0,7,8,E/ST.,False,False,1.9700000000000002,0.0699999999999999
2026-08-01,Super League Suiza,2026/2027,FC BASEL 1893,LAUSANNE,0,1,0,0,A,13,4,3,1,16,15,7,4,2,5,0,0,453,414,0,3,53.0,47.0,1555353.0,,,,,,,,,,,,,,,,,,,,,,,,,,,,,,,,,,,,1,0,BAS,LAU,1,11,2,0,3,3,1,5,6,E/LAU,True,True,0.47000000000000003,1.56
2026-08-01,Super League Suiza,2026/2027,FC ZURICH,SERVETTE FC,2,1,1,0,H,9,16,4,6,17,8,4,7,3,2,0,0,372,454,5,2,44.0,56.0,1555354.0,,,,,,,,,,,,,,,,,,,,,,,,,,,,,,,,,,,,3,1,ZUR,SER,2,11,2,3,0,0,0,9,10,ZUR/ZUR,False,False,1.5599999999999998,0.77
2026-08-01,Super League Suiza,2026/2027,FC THUN,BSC YOUNG BOYS,0,6,0,3,A,10,23,3,16,15,15,4,5,1,1,0,0,310,474,9,3,40.0,60.0,1555355.0,,,,,,,,,,,,,,,,,,,,,,,,,,,,,,,,,,,,6,3,THU,BSC,3,9,2,0,3,3,3,3,2,BSC/BSC,True,True,-0.3500000000000001,4.32
2026-08-02,Super League Suiza,2026/2027,FC VADUZ,FC ST. GALLEN,2,3,1,1,A,16,24,5,7,5,12,4,9,1,1,0,0,393,322,4,3,54.0,46.0,1555356.0,,,,,,,,,,,,,,,,,,,,,,,,,,,,,,,,,,,,5,2,VAD,ST.,3,13,2,0,3,0,3,9,4,E/ST.,True,False,0.31999999999999995,2.57
2026-08-02,Super League Suiza,2026/2027,FC SION,FC LUZERN,3,0,1,0,H,18,11,7,3,7,13,3,2,1,0,0,1,514,344,3,4,59.0,41.0,1555358.0,,,,,,,,,,,,,,,,,,,,,,,,,,,,,,,,,,,,3,1,SIO,LUZ,2,5,2,3,0,0,0,10,12,SIO/SIO,False,False,2.4099999999999997,-0.11000000000000007
2026-08-02,Super League Suiza,2026/2027,GRASSHOPPERS,FC LUGANO,1,4,1,0,A,11,15,4,6,11,4,3,4,2,0,0,0,434,608,2,3,42.0,58.0,1555357.0,,,,,,,,,,,,,,,,,,,,,,,,,,,,,,,,,,,,5,1,GRA,LUG,4,7,2,0,3,1,3,9,5,GRA/LUG,True,False,0.16999999999999993,2.34
2026-08-08,Super League Suiza,2026/2027,LAUSANNE,BSC YOUNG BOYS,2,2,0,0,D,11,17,4,6,14,13,3,2,3,3,0,1,472,360,4,2,57.0,43.0,1555360.0,,,,,,,,,,,,,,,,,,,,,,,,,,,,,,,,,,,,4,0,LAU,BSC,4,5,3,1,1,4,6,4,1,E/E,True,True,0.61,0.69
2026-08-08,Super League Suiza,2026/2027,SERVETTE FC,GRASSHOPPERS,2,1,1,1,H,16,11,9,3,11,11,7,5,2,5,0,1,405,358,2,7,53.0,47.0,1555361.0,,,,,,,,,,,,,,,,,,,,,,,,,,,,,,,,,,,,3,2,SER,GRA,1,12,3,3,0,0,1,11,9,E/SER,False,False,2.7499999999999996,-0.6400000000000001
2026-08-09,Super League Suiza,2026/2027,FC LUGANO,FC ZURICH,5,0,2,0,H,16,9,8,1,12,14,5,2,0,3,0,0,558,336,1,3,62.0,38.0,1555362.0,,,,,,,,,,,,,,,,,,,,,,,,,,,,,,,,,,,,5,2,LUG,ZUR,3,7,3,3,0,6,3,2,6,LUG/LUG,True,True,3.3600000000000003,-0.55
2026-08-09,Super League Suiza,2026/2027,FC BASEL 1893,FC THUN,4,2,2,0,H,11,13,7,2,10,15,1,5,1,3,0,0,391,426,0,3,47.0,53.0,1555359.0,,,,,,,,,,,,,,,,,,,,,,,,,,,,,,,,,,,,6,2,BAS,THU,4,6,3,3,0,3,3,6,8,BAS/BAS,False,True,2.2999999999999994,-0.12000000000000008
2026-08-09,Super League Suiza,2026/2027,FC SION,FC VADUZ,3,2,1,2,H,19,11,6,4,7,10,6,5,2,4,0,0,459,386,2,3,54.0,46.0,1555363.0,,,,,,,,,,,,,,,,,,,,,,,,,,,,,,,,,,,,5,3,SIO,VAD,2,11,3,3,0,3,0,6,11,VAD/SIO,False,True,2.1999999999999997,0.029999999999999916
2026-08-09,Super League Suiza,2026/2027,FC ST. GALLEN,FC LUZERN,2,2,1,0,D,24,12,11,3,7,16,6,9,2,6,0,0,388,236,1,8,61.0,39.0,1555364.0,,,,,,,,,,,,,,,,,,,,,,,,,,,,,,,,,,,,4,1,ST.,LUZ,3,15,3,1,1,6,0,5,12,ST./E,False,True,1.9199999999999997,0.12999999999999978
2026-08-22,Super League Suiza,2026/2027,FC LUZERN,LAUSANNE,1,0,1,0,H,17,6,7,2,11,19,7,2,2,4,0,0,389,432,2,6,48.0,52.0,1555365.0,,,,,,,,,,,,,,,,,,,,,,,,,,,,,,,,,,,,1,1,LUZ,LAU,0,9,4,3,0,1,5,11,6,LUZ/LUZ,True,False,3.0599999999999996,-0.4900000000000001
2026-08-22,Super League Suiza,2026/2027,FC ZURICH,FC BASEL 1893,1,2,1,0,A,10,14,3,6,16,9,4,6,5,4,0,0,281,438,4,2,39.0,61.0,1555366.0,,,,,,,,,,,,,,,,,,,,,,,,,,,,,,,,,,,,3,1,ZUR,BAS,2,10,4,0,3,3,6,9,5,ZUR/BAS,True,False,-0.2700000000000001,2.07
2026-08-23,Super League Suiza,2026/2027,BSC YOUNG BOYS,FC VADUZ,4,2,2,2,H,20,16,9,6,12,11,6,4,0,4,0,0,346,531,4,5,41.0,59.0,1555367.0,,,,,,,,,,,,,,,,,,,,,,,,,,,,,,,,,,,,6,4,BSC,VAD,2,10,4,3,0,7,0,3,12,E/BSC,False,True,2.7699999999999996,0.1299999999999999
2026-08-29,Super League Suiza,2026/2027,LAUSANNE,FC ZURICH,2,3,1,0,A,10,11,3,4,17,12,6,6,2,3,0,0,467,337,1,1,57.0,43.0,1555371.0,,,,,,,,,,,,,,,,,,,,,,,,,,,,,,,,,,,,5,1,LAU,ZUR,4,12,5,0,3,5,3,6,10,LAU/ZUR,False,True,0.23000000000000004,2.33
2026-08-29,Super League Suiza,2026/2027,SERVETTE FC,FC LUZERN,1,1,1,1,D,23,7,5,2,11,10,13,1,4,0,0,1,549,328,1,4,64.0,36.0,1555372.0,,,,,,,,,,,,,,,,,,,,,,,,,,,,,,,,,,,,2,2,SER,LUZ,0,14,5,1,1,3,4,9,8,E/E,False,False,1.38,0.09000000000000008
2026-08-29,Super League Suiza,2026/2027,BSC YOUNG BOYS,FC BASEL 1893,3,3,3,2,D,21,12,9,4,14,7,9,3,3,2,0,0,469,421,1,5,53.0,47.0,1555373.0,,,,,,,,,,,,,,,,,,,,,,,,,,,,,,,,,,,,6,5,BSC,BAS,1,12,5,1,1,10,9,1,3,BSC/E,True,True,1.74,0.4200000000000001
2026-08-30,Super League Suiza,2026/2027,FC SION,FC LUGANO,1,2,0,1,A,18,7,6,4,9,22,8,4,0,3,0,0,535,390,2,4,58.0,42.0,1555374.0,,,,,,,,,,,,,,,,,,,,,,,,,,,,,,,,,,,,3,1,SIO,LUG,2,12,5,0,3,6,9,5,3,LUG/LUG,True,True,1.02,2.04
2026-08-30,Super League Suiza,2026/2027,FC ST. GALLEN,FC THUN,3,4,0,1,A,25,7,7,5,13,17,6,1,2,2,0,0,466,222,1,4,68.0,32.0,1555375.0,,,,,,,,,,,,,,,,,,,,,,,,,,,,,,,,,,,,7,1,ST.,THU,6,7,5,0,3,7,3,4,10,THU/THU,False,True,0.8800000000000001,2.13
2026-08-30,Super League Suiza,2026/2027,FC VADUZ,GRASSHOPPERS,5,2,2,2,H,13,16,6,3,11,12,5,9,2,1,0,0,407,350,1,1,53.0,47.0,1555376.0,,,,,,,,,,,,,,,,,,,,,,,,,,,,,,,,,,,,7,4,VAD,GRA,3,14,5,3,0,0,1,12,11,E/VAD,False,False,2.1199999999999997,0.3999999999999999
2026-09-01,Super League Suiza,2026/2027,FC ZURICH,BSC YOUNG BOYS,2,4,1,2,A,16,8,7,7,8,10,3,3,1,3,0,0,406,470,2,5,47.0,53.0,1555377.0,,,,,,,,,,,,,,,,,,,,,,,,,,,,,,,,,,,,6,3,ZUR,BSC,3,6,6,0,3,6,11,7,2,BSC/BSC,True,False,0.6900000000000001,1.9899999999999995
2026-09-02,Super League Suiza,2026/2027,FC LUZERN,FC VADUZ,2,1,0,0,H,23,9,8,4,14,12,3,4,5,4,0,0,348,476,3,6,43.0,57.0,1555379.0,,,,,,,,,,,,,,,,,,,,,,,,,,,,,,,,,,,,3,0,LUZ,VAD,3,7,6,3,0,5,3,9,11,E/LUZ,False,False,2.07,-0.06000000000000005
2026-09-02,Super League Suiza,2026/2027,FC THUN,LAUSANNE,0,0,0,0,D,22,10,5,3,19,9,6,2,3,1,0,0,432,340,3,5,57.0,43.0,1555380.0,,,,,,,,,,,,,,,,,,,,,,,,,,,,,,,,,,,,0,0,THU,LAU,0,8,6,1,1,6,5,7,9,E/E,False,False,1.06,0.58
2026-09-02,Super League Suiza,2026/2027,GRASSHOPPERS,FC ST. GALLEN,2,0,1,0,H,22,20,8,4,11,8,7,14,1,2,0,0,309,380,4,6,43.0,57.0,1555378.0,,,,,,,,,,,,,,,,,,,,,,,,,,,,,,,,,,,,2,1,GRA,ST.,1,21,6,3,0,1,7,12,5,GRA/GRA,True,False,2.97,0.56
2026-09-03,Super League Suiza,2026/2027,FC BASEL 1893,FC SION,1,2,1,0,A,11,19,3,6,12,13,4,7,2,2,1,0,499,495,4,2,46.0,54.0,1555381.0,,,,,,,,,,,,,,,,,,,,,,,,,,,,,,,,,,,,3,1,BAS,SIO,2,11,6,0,3,10,6,3,7,BAS/SIO,False,True,-0.2400000000000001,2.82
2026-09-03,Super League Suiza,2026/2027,FC LUGANO,SERVETTE FC,1,0,0,0,H,20,10,3,2,13,9,11,3,2,2,0,0,616,325,2,2,66.0,34.0,1555382.0,,,,,,,,,,,,,,,,,,,,,,,,,,,,,,,,,,,,1,0,LUG,SER,1,14,6,3,0,12,4,2,10,E/LUG,False,True,2.1399999999999997,-0.12000000000000002
2026-09-05,Super League Suiza,2026/2027,BSC YOUNG BOYS,FC LUZERN,3,3,1,0,D,28,17,10,7,12,14,8,2,4,5,0,0,413,360,4,7,54.0,46.0,1555384.0,,,,,,,,,,,,,,,,,,,,,,,,,,,,,,,,,,,,6,1,BSC,LUZ,5,10,7,1,1,14,8,2,5,BSC/E,True,True,1.6099999999999999,0.4900000000000001
2026-09-05,Super League Suiza,2026/2027,FC VADUZ,LAUSANNE,3,1,1,1,H,22,7,11,3,9,18,7,3,0,4,0,0,519,355,2,7,59.0,41.0,1555383.0,,,,,,,,,,,,,,,,,,,,,,,,,,,,,,,,,,,,4,2,VAD,LAU,2,10,7,3,0,3,6,12,8,E/VAD,False,False,3.29,-0.4900000000000001
2026-09-05,Super League Suiza,2026/2027,GRASSHOPPERS,FC ZURICH,2,2,0,0,D,20,11,7,6,15,14,8,4,2,6,0,0,249,347,4,5,43.0,57.0,1555385.0,,,,,,,,,,,,,,,,,,,,,,,,,,,,,,,,,,,,4,0,GRA,ZUR,4,12,7,1,1,4,6,12,10,E/E,False,False,1.3699999999999999,0.48999999999999977
2026-08-14,Super Lig,2026/2027,GALATASARAY,CORUM FK,2,2,0,0,D,38,8,13,3,11,6,8,1,1,0,0,1,523,306,1,11,64.0,36.0,1584370.0,,,,,,,,,,,,,,,,,,,,,,,,,,,,,,,,,,,,4,0,GAL,COR,4,9,1,1,1,0,0,1,2,E/E,True,True,2.58,-0.06000000000000008
2026-08-15,Super Lig,2026/2027,KONYASPOR,RIZESPOR,0,1,0,0,A,7,14,3,5,12,11,1,7,1,4,0,0,376,478,4,3,44.0,56.0,1584374.0,,,,,,,,,,,,,,,,,,,,,,,,,,,,,,,,,,,,1,0,KON,RIZ,1,8,1,0,3,0,0,3,4,E/RIZ,True,True,0.009999999999999926,2.5300000000000002
2026-08-15,Super Lig,2026/2027,KASIMPASA,TRABZONSPOR,1,1,0,1,D,9,13,4,5,17,9,3,10,2,0,0,0,332,490,4,3,40.0,60.0,1584373.0,,,,,,,,,,,,,,,,,,,,,,,,,,,,,,,,,,,,2,1,KAS,TRA,1,13,1,1,1,0,0,4,5,TRA/E,True,True,0.6000000000000001,1.49
2026-08-15,Super Lig,2026/2027,GENCLERBIRLIGI S.K.,FENERBAHCE,2,1,1,1,H,10,27,3,11,7,10,1,12,0,1,0,0,281,678,10,1,29.0,71.0,1584372.0,,,,,,,,,,,,,,,,,,,,,,,,,,,,,,,,,,,,3,2,GEN,FEN,1,13,1,3,0,0,0,6,7,E/GEN,False,True,1.21,1.98
2026-08-15,Super Lig,2026/2027,GAZIANTEP FK,ALANYASPOR,1,1,0,1,D,13,11,5,2,14,21,0,4,3,3,0,0,541,332,1,4,61.0,39.0,1584371.0,,,,,,,,,,,,,,,,,,,,,,,,,,,,,,,,,,,,2,1,GAZ,ALA,1,4,1,1,1,0,0,7,8,ALA/E,False,False,0.7699999999999998,0.44999999999999996
2026-08-16,Super Lig,2026/2027,BASAKSEHIR,KOCAELISPOR,2,0,1,0,H,17,8,5,4,14,14,8,2,2,2,0,0,469,461,4,3,51.0,49.0,1584368.0,,,,,,,,,,,,,,,,,,,,,,,,,,,,,,,,,,,,2,1,BAS,KOC,1,10,1,3,0,0,0,9,10,BAS/BAS,False,False,2.2099999999999995,0.08999999999999991
2026-08-16,Super Lig,2026/2027,BESIKTAS,EYUPSPOR,1,0,1,0,H,19,4,5,1,20,14,8,2,2,3,0,1,521,268,1,4,66.0,34.0,1584369.0,,,,,,,,,,,,,,,,,,,,,,,,,,,,,,,,,,,,1,1,BES,EYU,0,10,1,3,0,0,0,10,11,BES/BES,False,False,2.36,-0.7100000000000001
2026-08-16,Super Lig,2026/2027,AMED,ERZURUMSPOR FK,3,0,0,0,H,13,5,5,1,10,12,4,4,1,0,0,0,440,505,1,2,46.0,54.0,1584367.0,,,,,,,,,,,,,,,,,,,,,,,,,,,,,,,,,,,,3,0,AME,ERZ,3,8,1,3,0,0,0,11,12,E/AME,False,False,2.22,0.020000000000000004
2026-08-17,Super Lig,2026/2027,SAMSUNSPOR,GOZTEPE,3,3,2,1,D,21,20,3,7,8,13,4,8,1,4,0,0,509,230,4,0,69.0,31.0,1584375.0,,,,,,,,,,,,,,,,,,,,,,,,,,,,,,,,,,,,6,3,SAM,GOZ,3,12,1,1,1,0,0,12,13,SAM/E,False,False,0.5399999999999998,1.3199999999999998
2026-08-21,Super Lig,2026/2027,ERZURUMSPOR FK,GALATASARAY,0,4,0,3,A,12,10,4,4,11,12,2,2,1,0,0,0,505,536,0,4,48.0,52.0,1584378.0,,,,,,,,,,,,,,,,,,,,,,,,,,,,,,,,,,,,4,3,ERZ,GAL,1,4,2,0,3,0,1,18,8,GAL/GAL,False,False,0.36,1.96
2026-08-22,Super Lig,2026/2027,RIZESPOR,SAMSUNSPOR,0,2,0,1,A,28,6,8,3,13,11,10,1,1,1,0,0,520,364,1,8,60.0,40.0,1584383.0,,,,,,,,,,,,,,,,,,,,,,,,,,,,,,,,,,,,2,1,RIZ,SAM,1,11,2,0,3,3,1,5,7,SAM/SAM,False,True,1.4299999999999997,1.7999999999999998
2026-08-22,Super Lig,2026/2027,CORUM FK,KASIMPASA,0,1,0,1,A,16,6,2,1,12,13,7,0,1,3,0,0,716,247,0,2,75.0,25.0,1584377.0,,,,,,,,,,,,,,,,,,,,,,,,,,,,,,,,,,,,1,1,COR,KAS,0,7,2,0,3,1,1,9,10,KAS/KAS,False,False,0.5000000000000001,1.1099999999999997
2026-08-22,Super Lig,2026/2027,FENERBAHCE,KONYASPOR,4,2,3,1,H,20,17,9,8,11,10,7,3,0,3,0,0,417,446,6,5,49.0,51.0,1584380.0,,,,,,,,,,,,,,,,,,,,,,,,,,,,,,,,,,,,6,4,FEN,KON,2,10,2,3,0,0,0,14,15,FEN/FEN,False,False,2.7399999999999998,0.45999999999999996
2026-08-23,Super Lig,2026/2027,TRABZONSPOR,BASAKSEHIR,2,1,1,1,H,19,12,8,4,13,18,5,1,3,4,0,0,477,422,3,7,53.0,47.0,1584384.0,,,,,,,,,,,,,,,,,,,,,,,,,,,,,,,,,,,,3,2,TRA,BAS,1,6,2,3,0,1,3,11,5,E/TRA,True,False,2.9299999999999997,-0.2500000000000001
2026-08-23,Super Lig,2026/2027,EYUPSPOR,GAZIANTEP FK,0,1,0,0,A,12,9,1,2,16,17,4,2,0,1,0,1,437,357,1,1,56.0,44.0,1584379.0,,,,,,,,,,,,,,,,,,,,,,,,,,,,,,,,,,,,1,0,EYU,GAZ,1,6,2,0,3,0,1,15,12,E/GAZ,False,False,0.21,1.42
2026-08-23,Super Lig,2026/2027,GOZTEPE,GENCLERBIRLIGI S.K.,0,1,0,0,A,16,10,6,2,15,12,6,5,1,2,0,0,357,359,1,6,51.0,49.0,1584381.0,,,,,,,,,,,,,,,,,,,,,,,,,,,,,,,,,,,,1,0,GOZ,GEN,1,11,2,0,3,1,3,12,9,E/GEN,False,False,0.9,1.43
2026-08-23,Super Lig,2026/2027,ALANYASPOR,BESIKTAS,1,0,0,0,H,9,14,3,6,14,14,7,7,0,0,0,0,295,560,6,2,35.0,65.0,1584376.0,,,,,,,,,,,,,,,,,,,,,,,,,,,,,,,,,,,,1,0,ALA,BES,1,14,2,3,0,1,3,12,10,E/ALA,False,False,1.8599999999999999,0.9599999999999999
2026-08-24,Super Lig,2026/2027,KOCAELISPOR,AMED,2,0,1,0,H,11,12,3,1,9,16,3,7,0,2,0,0,377,465,1,1,44.0,56.0,1584382.0,,,,,,,,,,,,,,,,,,,,,,,,,,,,,,,,,,,,2,1,KOC,AME,1,10,2,3,0,0,3,15,8,KOC/KOC,False,False,1.9099999999999997,0.08999999999999997
2026-08-28,Super Lig,2026/2027,GENCLERBIRLIGI S.K.,ERZURUMSPOR FK,1,1,0,0,D,16,9,5,4,15,11,3,5,3,3,0,0,400,455,3,3,47.0,53.0,1584391.0,,,,,,,,,,,,,,,,,,,,,,,,,,,,,,,,,,,,2,0,GEN,ERZ,2,8,3,1,1,6,0,1,18,E/E,False,True,0.8,0.74
2026-08-29,Super Lig,2026/2027,GALATASARAY,GOZTEPE,3,2,1,1,H,34,9,11,4,5,12,6,2,2,2,0,0,468,235,2,8,67.0,33.0,1584389.0,,,,,,,,,,,,,,,,,,,,,,,,,,,,,,,,,,,,5,2,GAL,GOZ,3,8,3,3,0,4,1,2,14,E/GAL,False,True,3.01,-0.17000000000000007
2026-08-29,Super Lig,2026/2027,GAZIANTEP FK,RIZESPOR,1,2,0,2,A,16,10,4,4,10,17,8,0,1,2,0,0,489,401,2,4,56.0,44.0,1584390.0,,,,,,,,,,,,,,,,,,,,,,,,,,,,,,,,,,,,3,2,GAZ,RIZ,1,8,3,0,3,4,3,6,13,RIZ/RIZ,False,True,0.7000000000000001,2.04
2026-08-29,Super Lig,2026/2027,KONYASPOR,KOCAELISPOR,1,2,1,0,A,10,15,0,7,16,12,1,4,1,3,1,0,400,493,6,0,44.0,56.0,1584392.0,,,,,,,,,,,,,,,,,,,,,,,,,,,,,,,,,,,,3,1,KON,KOC,2,5,3,0,3,0,3,18,12,KON/KOC,False,False,-0.7300000000000001,2.4299999999999997
2026-08-30,Super Lig,2026/2027,BASAKSEHIR,KASIMPASA,1,1,1,0,D,12,12,2,3,11,13,5,3,3,1,0,0,640,362,2,1,64.0,36.0,1584386.0,,,,,,,,,,,,,,,,,,,,,,,,,,,,,,,,,,,,2,1,BAS,KAS,1,8,3,1,1,3,4,11,7,BAS/E,False,False,0.54,0.8
2026-08-30,Super Lig,2026/2027,EYUPSPOR,ALANYASPOR,2,1,1,1,H,11,7,4,2,16,22,1,2,3,1,0,0,484,292,1,2,63.0,37.0,1584388.0,,,,,,,,,,,,,,,,,,,,,,,,,,,,,,,,,,,,3,2,EYU,ALA,1,3,3,3,0,0,4,17,9,E/EYU,False,False,1.7099999999999997,0.07999999999999999
2026-08-30,Super Lig,2026/2027,SAMSUNSPOR,FENERBAHCE,0,2,0,1,A,6,15,0,7,13,18,1,6,0,1,0,0,552,404,5,0,58.0,42.0,1584393.0,,,,,,,,,,,,,,,,,,,,,,,,,,,,,,,,,,,,2,1,SAM,FEN,1,7,3,0,3,4,3,6,11,FEN/FEN,False,True,-0.42000000000000004,3.2299999999999995
2026-08-31,Super Lig,2026/2027,AMED,TRABZONSPOR,2,1,1,1,H,17,8,7,5,18,10,2,5,5,3,0,0,352,525,4,5,40.0,60.0,1584385.0,,,,,,,,,,,,,,,,,,,,,,,,,,,,,,,,,,,,3,2,AME,TRA,1,7,3,3,0,3,4,12,8,E/AME,False,False,1.7999999999999998,0.30999999999999983
2026-08-31,Super Lig,2026/2027,BESIKTAS,CORUM FK,6,2,2,0,H,18,11,7,3,9,11,8,6,2,3,0,0,409,387,1,1,52.0,48.0,1584387.0,,,,,,,,,,,,,,,,,,,,,,,,,,,,,,,,,,,,8,2,BES,COR,6,14,3,3,0,3,1,13,15,BES/BES,False,False,2.4799999999999995,-0.06000000000000008
2026-09-04,Super Lig,2026/2027,BASAKSEHIR,GALATASARAY,2,3,0,1,A,12,13,3,6,14,15,6,5,2,3,1,0,399,433,3,2,48.0,52.0,1584394.0,,,,,,,,,,,,,,,,,,,,,,,,,,,,,,,,,,,,5,1,BAS,GAL,4,11,4,0,3,4,7,9,1,GAL/GAL,True,False,-0.10000000000000003,2.08
2026-09-05,Super Lig,2026/2027,ERZURUMSPOR FK,KONYASPOR,1,0,1,0,H,12,14,4,1,13,11,4,3,1,4,0,0,275,515,1,3,34.0,66.0,1584396.0,,,,,,,,,,,,,,,,,,,,,,,,,,,,,,,,,,,,1,1,ERZ,KON,0,7,4,3,0,1,0,17,18,ERZ/ERZ,False,False,2.0900000000000003,-0.38
2026-09-05,Super Lig,2026/2027,FENERBAHCE,BESIKTAS,1,2,1,1,A,9,14,2,6,18,21,2,7,4,3,0,0,426,419,4,1,46.0,54.0,1584397.0,,,,,,,,,,,,,,,,,,,,,,,,,,,,,,,,,,,,3,2,FEN,BES,1,9,4,0,3,6,6,4,3,E/BES,True,True,-0.44000000000000006,2.8099999999999996
2026-07-24,Superliga Dinamarca,2026/2027,VIBORG,ODENSE,1,0,0,0,H,10,19,3,4,15,11,7,10,2,1,0,0,350,469,4,2,43.0,57.0,1548974.0,,,,,,,,,,,,,,,,,,,,,,,,,,,,,,,,,,,,1,0,VIB,ODE,1,17,1,3,0,0,0,1,2,E/VIB,True,True,2.2,0.71
2026-07-25,Superliga Dinamarca,2026/2027,AARHUS,BRONDBY,1,1,0,0,D,13,14,3,2,12,23,10,6,1,5,0,0,388,335,1,2,54.0,46.0,1548975.0,,,,,,,,,,,,,,,,,,,,,,,,,,,,,,,,,,,,2,0,AAR,BRO,2,16,1,1,1,0,0,2,3,E/E,True,True,1.13,0.25
2026-07-26,Superliga Dinamarca,2026/2027,SONDERJYSKE,FC MIDTJYLLAND,2,3,2,2,A,17,12,4,5,14,10,5,4,1,2,0,0,321,456,2,1,42.0,58.0,1548976.0,,,,,,,,,,,,,,,,,,,,,,,,,,,,,,,,,,,,5,4,SON,MID,1,9,1,0,3,0,0,4,5,E/MID,True,True,0.42000000000000004,2.45
2026-07-26,Superliga Dinamarca,2026/2027,AC HORSENS,FC NORDSJAELLAND,1,1,1,1,D,8,23,4,6,7,8,4,13,1,1,0,0,310,714,5,3,30.0,70.0,1548978.0,,,,,,,,,,,,,,,,,,,,,,,,,,,,,,,,,,,,2,2,HOR,NOR,0,17,1,1,1,0,0,5,6,E/E,True,True,0.64,1.67
2026-07-26,Superliga Dinamarca,2026/2027,FC COPENHAGEN,LYNGBY,3,2,1,2,H,12,21,6,6,14,15,5,5,2,2,0,0,497,352,2,3,58.0,42.0,1548979.0,,,,,,,,,,,,,,,,,,,,,,,,,,,,,,,,,,,,5,3,COP,LYN,2,10,1,3,0,0,0,7,8,LYN/COP,False,False,2.0499999999999994,0.5499999999999998
2026-07-27,Superliga Dinamarca,2026/2027,RANDERS FC,SILKEBORG,1,1,1,1,D,8,12,2,6,13,4,5,7,1,0,0,0,535,629,5,1,46.0,54.0,1548977.0,,,,,,,,,,,,,,,,,,,,,,,,,,,,,,,,,,,,2,2,RAN,SIL,0,12,1,1,1,0,0,8,9,E/E,False,False,0.51,1.5499999999999998
2026-08-01,Superliga Dinamarca,2026/2027,LYNGBY,AARHUS,2,2,0,1,D,21,8,7,3,19,14,4,2,2,3,0,0,464,298,1,5,62.0,38.0,1548980.0,,,,,,,,,,,,,,,,,,,,,,,,,,,,,,,,,,,,4,1,LYN,AAR,3,6,2,1,1,0,1,11,4,AAR/E,True,False,1.3599999999999999,0.31999999999999984
2026-08-02,Superliga Dinamarca,2026/2027,FC MIDTJYLLAND,AC HORSENS,2,1,2,0,H,19,4,7,2,11,21,7,3,2,3,0,0,449,321,1,5,58.0,42.0,1548981.0,,,,,,,,,,,,,,,,,,,,,,,,,,,,,,,,,,,,3,2,MID,HOR,1,10,2,3,0,3,1,1,6,MID/MID,True,True,3.0399999999999996,-0.3400000000000001
2026-08-02,Superliga Dinamarca,2026/2027,FC NORDSJAELLAND,RANDERS FC,1,0,0,0,H,18,11,5,4,10,7,11,4,2,2,0,0,711,361,4,4,67.0,33.0,1548982.0,,,,,,,,,,,,,,,,,,,,,,,,,,,,,,,,,,,,1,0,NOR,RAN,1,15,2,3,0,1,1,6,7,E/NOR,False,True,2.3199999999999994,0.13000000000000006
2026-08-02,Superliga Dinamarca,2026/2027,BRONDBY,VIBORG,1,0,0,0,H,23,13,6,3,12,16,8,3,2,3,0,0,468,396,3,4,55.0,45.0,1548983.0,,,,,,,,,,,,,,,,,,,,,,,,,,,,,,,,,,,,1,0,BRO,VIB,1,11,2,3,0,1,3,6,4,E/BRO,True,True,2.8899999999999997,-0.16000000000000011
2026-08-02,Superliga Dinamarca,2026/2027,SILKEBORG,FC COPENHAGEN,1,3,1,2,A,13,10,5,6,10,9,7,4,2,2,0,0,456,579,3,4,44.0,56.0,1548984.0,,,,,,,,,,,,,,,,,,,,,,,,,,,,,,,,,,,,4,3,SIL,COP,1,11,2,0,3,1,3,7,4,COP/COP,True,False,0.52,2.01
2026-08-03,Superliga Dinamarca,2026/2027,ODENSE,SONDERJYSKE,1,0,0,0,H,17,8,4,3,10,12,7,9,1,1,0,0,499,392,2,3,56.0,44.0,1548985.0,,,,,,,,,,,,,,,,,,,,,,,,,,,,,,,,,,,,1,0,ODE,SON,1,16,2,3,0,0,0,12,11,E/ODE,False,False,2.02,0.45999999999999996
2026-08-07,Superliga Dinamarca,2026/2027,SONDERJYSKE,VIBORG,0,0,0,0,D,9,18,3,4,18,7,4,7,1,0,0,0,312,601,4,3,34.0,66.0,1548986.0,,,,,,,,,,,,,,,,,,,,,,,,,,,,,,,,,,,,0,0,SON,VIB,0,11,3,1,1,0,3,12,5,E/E,True,False,0.71,1.22
2026-08-09,Superliga Dinamarca,2026/2027,RANDERS FC,LYNGBY,2,0,1,0,H,10,13,3,5,9,16,3,9,0,1,0,0,427,564,4,1,42.0,58.0,1548987.0,,,,,,,,,,,,,,,,,,,,,,,,,,,,,,,,,,,,2,1,RAN,LYN,1,12,3,3,0,1,1,10,8,RAN/RAN,False,False,1.6700000000000002,0.89
2026-08-09,Superliga Dinamarca,2026/2027,AC HORSENS,BRONDBY,0,2,0,1,A,10,9,3,2,17,9,3,6,2,2,0,0,461,421,1,3,52.0,48.0,1548988.0,,,,,,,,,,,,,,,,,,,,,,,,,,,,,,,,,,,,2,1,HOR,BRO,1,9,3,0,3,1,4,9,4,BRO/BRO,True,False,0.18,1.69
2026-08-10,Superliga Dinamarca,2026/2027,SILKEBORG,ODENSE,1,0,0,0,H,14,10,4,3,7,17,6,3,1,3,0,0,546,516,3,3,51.0,49.0,1548989.0,,,,,,,,,,,,,,,,,,,,,,,,,,,,,,,,,,,,1,0,SIL,ODE,1,9,3,3,0,1,3,10,7,E/SIL,False,False,2.09,-0.020000000000000073
2026-08-14,Superliga Dinamarca,2026/2027,VIBORG,AARHUS,2,1,1,1,H,12,22,3,7,15,14,3,10,0,1,0,0,311,601,6,1,34.0,66.0,1548990.0,,,,,,,,,,,,,,,,,,,,,,,,,,,,,,,,,,,,3,2,VIB,AAR,1,13,4,3,0,4,2,6,9,E/VIB,False,True,1.55,1.2399999999999998
2026-08-16,Superliga Dinamarca,2026/2027,ODENSE,AC HORSENS,1,2,1,1,A,16,13,1,6,11,11,9,3,1,0,0,0,589,433,4,1,58.0,42.0,1548991.0,,,,,,,,,,,,,,,,,,,,,,,,,,,,,,,,,,,,3,2,ODE,HOR,1,12,4,0,3,3,1,8,12,E/HOR,False,False,0.13999999999999993,2.32
2026-08-16,Superliga Dinamarca,2026/2027,FC NORDSJAELLAND,SILKEBORG,1,0,0,0,H,20,4,7,0,10,9,8,1,2,2,0,0,620,519,0,6,55.0,45.0,1548992.0,,,,,,,,,,,,,,,,,,,,,,,,,,,,,,,,,,,,1,0,NOR,SIL,1,9,4,3,0,4,4,6,7,E/NOR,False,True,2.7299999999999995,-0.6600000000000001
2026-08-16,Superliga Dinamarca,2026/2027,LYNGBY,FC MIDTJYLLAND,1,1,0,0,D,9,9,2,2,19,18,3,5,2,3,0,0,329,443,1,1,43.0,57.0,1548993.0,,,,,,,,,,,,,,,,,,,,,,,,,,,,,,,,,,,,2,0,LYN,MID,2,8,4,1,1,1,6,12,5,E/E,True,False,0.55,0.5900000000000001
2026-08-16,Superliga Dinamarca,2026/2027,RANDERS FC,FC COPENHAGEN,0,4,0,3,A,10,19,0,6,10,11,6,4,1,0,0,0,527,431,2,0,56.0,44.0,1548994.0,,,,,,,,,,,,,,,,,,,,,,,,,,,,,,,,,,,,4,3,RAN,COP,1,10,4,0,3,4,6,6,5,COP/COP,True,True,-0.18,2.98
2026-08-17,Superliga Dinamarca,2026/2027,BRONDBY,SONDERJYSKE,3,2,3,0,H,18,10,4,5,9,12,10,1,2,4,0,0,589,336,3,1,64.0,36.0,1548995.0,,,,,,,,,,,,,,,,,,,,,,,,,,,,,,,,,,,,5,3,BRO,SON,2,11,4,3,0,7,1,2,12,BRO/BRO,False,True,2.13,5.551115123125783e-17
2026-08-23,Superliga Dinamarca,2026/2027,AARHUS,ODENSE,2,2,1,2,D,31,6,5,2,2,14,15,0,0,6,0,0,668,279,0,3,71.0,29.0,1548996.0,,,,,,,,,,,,,,,,,,,,,,,,,,,,,,,,,,,,4,3,AAR,ODE,1,15,5,1,1,2,3,10,9,ODE/E,False,False,1.9,-0.35000000000000003
2026-08-23,Superliga Dinamarca,2026/2027,SONDERJYSKE,FC NORDSJAELLAND,0,3,0,1,A,10,25,5,9,21,11,6,4,2,2,0,0,399,667,6,4,38.0,62.0,1548997.0,,,,,,,,,,,,,,,,,,,,,,,,,,,,,,,,,,,,3,1,SON,NOR,2,10,5,0,3,1,7,12,4,NOR/NOR,True,False,0.3200000000000001,2.4799999999999995
2026-08-23,Superliga Dinamarca,2026/2027,FC MIDTJYLLAND,RANDERS FC,1,0,1,0,H,20,8,6,2,12,26,10,5,1,2,0,0,425,308,2,5,58.0,42.0,1548998.0,,,,,,,,,,,,,,,,,,,,,,,,,,,,,,,,,,,,1,1,MID,RAN,0,15,5,3,0,7,4,4,9,MID/MID,False,True,2.5999999999999996,-0.15000000000000008
2026-08-23,Superliga Dinamarca,2026/2027,AC HORSENS,LYNGBY,2,1,1,0,H,10,17,5,7,21,10,2,9,4,3,0,0,398,535,6,4,42.0,58.0,1548999.0,,,,,,,,,,,,,,,,,,,,,,,,,,,,,,,,,,,,3,1,HOR,LYN,2,11,5,3,0,4,2,7,11,HOR/HOR,False,False,1.42,0.9099999999999999
2026-08-23,Superliga Dinamarca,2026/2027,VIBORG,FC COPENHAGEN,4,0,3,0,H,10,8,5,0,10,17,1,6,0,3,0,0,436,545,0,2,44.0,56.0,1549000.0,,,,,,,,,,,,,,,,,,,,,,,,,,,,,,,,,,,,4,3,VIB,COP,1,7,5,3,0,7,9,5,4,VIB/VIB,True,True,2.6799999999999997,-0.27
2026-08-24,Superliga Dinamarca,2026/2027,BRONDBY,SILKEBORG,3,1,0,1,H,17,13,5,4,15,10,9,5,3,3,0,0,502,402,3,2,56.0,44.0,1549001.0,,,,,,,,,,,,,,,,,,,,,,,,,,,,,,,,,,,,4,1,BRO,SIL,3,14,5,3,0,10,4,3,8,SIL/BRO,False,True,2.0999999999999996,0.11999999999999994
2026-08-28,Superliga Dinamarca,2026/2027,AC HORSENS,VIBORG,2,3,0,2,A,9,12,5,6,15,13,3,6,3,1,0,0,444,407,4,3,52.0,48.0,1549002.0,,,,,,,,,,,,,,,,,,,,,,,,,,,,,,,,,,,,5,2,HOR,VIB,3,9,6,0,3,7,10,6,2,VIB/VIB,True,True,0.17999999999999994,2.79
2026-08-30,Superliga Dinamarca,2026/2027,LYNGBY,ODENSE,1,1,0,0,D,18,18,1,8,14,17,4,6,4,4,0,0,419,498,7,0,45.0,55.0,1549003.0,,,,,,,,,,,,,,,,,,,,,,,,,,,,,,,,,,,,2,0,LYN,ODE,2,10,6,1,1,2,4,11,7,E/E,False,False,-0.07,1.4699999999999998
2026-08-30,Superliga Dinamarca,2026/2027,SILKEBORG,FC MIDTJYLLAND,1,1,1,0,D,12,15,5,4,10,10,4,7,0,0,0,1,366,468,3,4,43.0,57.0,1549004.0,,,,,,,,,,,,,,,,,,,,,,,,,,,,,,,,,,,,2,1,SIL,MID,1,11,6,1,1,4,10,8,4,SIL/E,True,False,1.1099999999999999,0.8700000000000001
2026-08-30,Superliga Dinamarca,2026/2027,RANDERS FC,AARHUS,2,1,2,0,H,8,17,5,6,14,15,1,5,3,2,1,0,362,522,5,3,41.0,59.0,1549005.0,,,,,,,,,,,,,,,,,,,,,,,,,,,,,,,,,,,,3,2,RAN,AAR,1,6,6,3,0,4,3,9,10,RAN/RAN,False,False,1.3499999999999999,0.6799999999999999
2026-08-30,Superliga Dinamarca,2026/2027,FC NORDSJAELLAND,BRONDBY,3,1,2,0,H,15,16,9,4,8,15,4,5,3,1,0,0,405,607,3,5,40.0,60.0,1549006.0,,,,,,,,,,,,,,,,,,,,,,,,,,,,,,,,,,,,4,2,NOR,BRO,2,9,6,3,0,10,13,4,2,NOR/NOR,True,True,2.9499999999999993,0.21999999999999995
2026-08-31,Superliga Dinamarca,2026/2027,FC COPENHAGEN,SONDERJYSKE,3,1,2,1,H,25,11,8,2,6,10,7,3,1,1,0,1,567,392,1,5,59.0,41.0,1549007.0,,,,,,,,,,,,,,,,,,,,,,,,,,,,,,,,,,,,4,3,COP,SON,1,10,6,3,0,9,1,5,12,COP/COP,False,True,2.79,-0.44000000000000006
2026-09-02,Superliga Dinamarca,2026/2027,AARHUS,FC MIDTJYLLAND,0,2,0,1,A,18,14,3,7,19,20,8,5,2,3,0,0,449,302,5,3,58.0,42.0,1549008.0,,,,,,,,,,,,,,,,,,,,,,,,,,,,,,,,,,,,2,1,AAR,MID,1,13,7,0,3,3,11,10,5,MID/MID,True,False,0.1999999999999999,2.1899999999999995
2026-09-03,Superliga Dinamarca,2026/2027,FC COPENHAGEN,FC NORDSJAELLAND,2,0,2,0,H,21,10,7,1,14,10,2,0,3,2,0,0,414,611,1,5,41.0,59.0,1549009.0,,,,,,,,,,,,,,,,,,,,,,,,,,,,,,,,,,,,2,2,COP,NOR,0,2,7,3,0,12,13,5,2,COP/COP,True,True,2.8,-0.44000000000000006
2026-09-04,Superliga Dinamarca,2026/2027,VIBORG,LYNGBY,0,2,0,1,A,18,6,3,2,13,14,7,5,1,1,0,0,591,399,0,4,60.0,40.0,1549010.0,,,,,,,,,,,,,,,,,,,,,,,,,,,,,,,,,,,,2,1,VIB,LYN,1,12,7,0,3,13,3,3,11,LYN/LYN,False,True,0.5,2.1599999999999997
2026-09-05,Superliga Dinamarca,2026/2027,AARHUS,SILKEBORG,2,2,0,2,D,16,10,6,4,13,7,8,4,1,0,0,0,578,357,2,4,62.0,38.0,1549011.0,,,,,,,,,,,,,,,,,,,,,,,,,,,,,,,,,,,,4,2,AAR,SIL,2,12,8,1,1,3,5,11,10,SIL/E,False,False,1.42,0.84
2026-08-07,TFF 1. Lig,2026/2027,BOLUSPOR,MANISA F.K.,1,2,1,2,A,6,13,2,5,17,6,3,3,2,0,0,0,307,614,3,1,34.0,66.0,1585692.0,,,,,,,,,,,,,,,,,,,,,,,,,,,,,,,,,,,,3,3,BOL,MAN,0,6,1,0,3,0,0,1,2,MAN/MAN,True,True,-0.06,2.7399999999999998
2026-08-08,TFF 1. Lig,2026/2027,BANDIRMASPOR,ISTANBULSPOR,3,0,2,0,H,9,12,7,3,14,16,1,3,3,3,0,1,445,364,3,4,54.0,46.0,1585690.0,,,,,,,,,,,,,,,,,,,,,,,,,,,,,,,,,,,,3,2,BAN,IST,1,4,1,3,0,0,0,2,3,BAN/BAN,True,True,2.59,-0.32000000000000006
2026-08-08,TFF 1. Lig,2026/2027,SIVASSPOR,ESENLER EROKSPOR,0,0,0,0,D,16,7,5,0,7,12,8,2,2,2,0,0,351,420,0,5,46.0,54.0,1585696.0,,,,,,,,,,,,,,,,,,,,,,,,,,,,,,,,,,,,0,0,SIV,ESE,0,10,1,1,1,0,0,3,4,E/E,True,True,1.41,-0.010000000000000037
2026-08-08,TFF 1. Lig,2026/2027,UMRANIYESPOR,MARDIN 1969,0,0,0,0,D,11,7,6,1,11,14,6,6,1,2,0,0,392,444,1,6,46.0,54.0,1585697.0,,,,,,,,,,,,,,,,,,,,,,,,,,,,,,,,,,,,0,0,UMR,MAR,0,12,1,1,1,0,0,5,6,E/E,True,True,1.4299999999999997,0.33
2026-08-08,TFF 1. Lig,2026/2027,ANTALYASPOR,KECIORENGUCU,4,3,1,0,H,14,18,4,6,14,9,4,5,2,2,0,0,455,300,3,0,59.0,41.0,1585689.0,,,,,,,,,,,,,,,,,,,,,,,,,,,,,,,,,,,,7,1,ANT,KEC,6,9,1,3,0,0,0,7,8,ANT/ANT,False,False,1.7,0.6699999999999999
2026-08-09,TFF 1. Lig,2026/2027,SARIYER,MUGLASPOR,2,0,1,0,H,7,11,3,1,9,17,5,3,1,3,0,0,453,424,1,1,44.0,56.0,1585695.0,,,,,,,,,,,,,,,,,,,,,,,,,,,,,,,,,,,,2,1,SAR,MUG,1,8,1,3,0,0,0,8,9,SAR/SAR,False,False,1.9899999999999998,-0.25000000000000006
2026-08-09,TFF 1. Lig,2026/2027,IGDIR FK,FATIH KARAGUMRUK,2,0,1,0,H,11,7,5,5,19,15,3,4,1,2,0,0,449,383,5,3,54.0,46.0,1585693.0,,,,,,,,,,,,,,,,,,,,,,,,,,,,,,,,,,,,2,1,IGD,FAT,1,7,1,3,0,0,0,9,10,IGD/IGD,False,False,1.9699999999999998,0.4399999999999999
2026-08-09,TFF 1. Lig,2026/2027,BODRUM FK,BURSASPOR,0,2,0,2,A,6,14,1,7,5,16,4,3,0,2,0,0,341,484,6,1,42.0,58.0,1585691.0,,,,,,,,,,,,,,,,,,,,,,,,,,,,,,,,,,,,2,2,BOD,BUR,0,7,1,0,3,0,0,10,11,BUR/BUR,False,False,-0.060000000000000026,2.3699999999999997
2026-08-09,TFF 1. Lig,2026/2027,VANSPOR FK,KAYSERISPOR,0,2,0,1,A,9,17,2,4,5,7,5,5,0,0,0,0,236,730,2,2,25.0,75.0,1585698.0,,,,,,,,,,,,,,,,,,,,,,,,,,,,,,,,,,,,2,1,VAN,KAY,1,10,1,0,3,0,0,11,12,KAY/KAY,False,False,0.24999999999999997,2.15
2026-08-10,TFF 1. Lig,2026/2027,PENDIKSPOR,BATMAN PETROLSPOR,2,2,0,1,D,18,8,7,5,11,10,4,1,1,4,0,1,470,302,2,5,62.0,38.0,1585694.0,,,,,,,,,,,,,,,,,,,,,,,,,,,,,,,,,,,,4,1,PEN,BAT,3,5,1,1,1,0,0,12,13,BAT/E,False,False,1.38,0.21999999999999997
2026-08-14,TFF 1. Lig,2026/2027,ESENLER EROKSPOR,SARIYER,1,1,0,0,D,15,5,3,3,17,8,4,3,3,2,0,0,532,359,2,2,60.0,40.0,1585701.0,,,,,,,,,,,,,,,,,,,,,,,,,,,,,,,,,,,,2,0,ESE,SAR,2,7,2,1,1,1,3,11,2,E/E,True,False,0.6399999999999999,0.6699999999999999
2026-08-15,TFF 1. Lig,2026/2027,ISTANBULSPOR,BODRUM FK,2,2,2,0,D,15,14,9,5,5,7,5,6,1,1,0,0,416,467,3,7,47.0,53.0,1585702.0,,,,,,,,,,,,,,,,,,,,,,,,,,,,,,,,,,,,4,2,IST,BOD,2,11,2,1,1,0,0,20,18,IST/E,False,False,1.63,0.9
2026-08-15,TFF 1. Lig,2026/2027,FATIH KARAGUMRUK,UMRANIYESPOR,2,1,0,0,H,15,16,7,7,11,12,2,7,0,2,0,0,390,549,6,5,42.0,58.0,1585703.0,,,,,,,,,,,,,,,,,,,,,,,,,,,,,,,,,,,,3,0,FAT,UMR,3,9,2,3,0,0,1,19,12,E/FAT,False,False,2.1599999999999997,0.81
2026-08-15,TFF 1. Lig,2026/2027,BURSASPOR,IGDIR FK,1,0,1,0,H,5,10,2,4,14,15,3,4,0,1,0,1,458,448,4,1,51.0,49.0,1585700.0,,,,,,,,,,,,,,,,,,,,,,,,,,,,,,,,,,,,1,1,BUR,IGD,0,7,2,3,0,3,3,4,3,BUR/BUR,True,True,2.17,0.2899999999999999
2026-08-15,TFF 1. Lig,2026/2027,MANISA F.K.,VANSPOR FK,4,1,3,0,H,14,11,7,3,11,10,3,3,2,2,0,1,463,392,2,3,54.0,46.0,1585706.0,,,,,,,,,,,,,,,,,,,,,,,,,,,,,,,,,,,,5,3,MAN,VAN,2,6,2,3,0,3,0,6,20,MAN/MAN,False,True,2.2899999999999996,-0.26000000000000006
2026-08-16,TFF 1. Lig,2026/2027,KAYSERISPOR,SIVASSPOR,2,0,2,0,H,16,15,5,2,11,14,6,5,5,2,0,1,392,485,2,3,44.0,56.0,1585704.0,,,,,,,,,,,,,,,,,,,,,,,,,,,,,,,,,,,,2,2,KAY,SIV,0,11,2,3,0,3,1,5,12,KAY/KAY,False,True,1.85,-0.27
2026-08-16,TFF 1. Lig,2026/2027,KECIORENGUCU,PENDIKSPOR,4,1,2,1,H,10,18,5,4,10,10,2,6,3,0,0,0,326,461,3,1,41.0,59.0,1585705.0,,,,,,,,,,,,,,,,,,,,,,,,,,,,,,,,,,,,5,3,KEC,PEN,2,8,2,3,0,0,1,17,10,KEC/KEC,False,False,1.7299999999999998,0.61
2026-08-16,TFF 1. Lig,2026/2027,MARDIN 1969,ANTALYASPOR,2,0,1,0,H,19,11,7,3,16,11,7,1,3,1,0,0,267,547,3,5,34.0,66.0,1585707.0,,,,,,,,,,,,,,,,,,,,,,,,,,,,,,,,,,,,2,1,MAR,ANT,1,8,2,3,0,1,3,12,7,MAR/MAR,False,False,2.4299999999999997,-0.09000000000000011
2026-08-16,TFF 1. Lig,2026/2027,MUGLASPOR,BANDIRMASPOR,0,0,0,0,D,10,7,4,2,20,19,5,2,3,1,0,0,280,559,2,4,34.0,66.0,1585708.0,,,,,,,,,,,,,,,,,,,,,,,,,,,,,,,,,,,,0,0,MUG,BAN,0,7,2,1,1,0,3,19,6,E/E,True,False,0.9099999999999999,0.5000000000000001
2026-08-17,TFF 1. Lig,2026/2027,BATMAN PETROLSPOR,BOLUSPOR,2,0,1,0,H,15,11,3,4,12,13,9,1,5,4,0,0,374,261,4,1,59.0,41.0,1585699.0,,,,,,,,,,,,,,,,,,,,,,,,,,,,,,,,,,,,2,1,BAT,BOL,1,10,2,3,0,1,0,12,19,BAT/BAT,False,False,1.6800000000000002,-0.08000000000000007
2026-08-21,TFF 1. Lig,2026/2027,FATIH KARAGUMRUK,BURSASPOR,2,1,2,0,H,9,22,3,4,9,9,2,11,0,2,0,0,282,638,4,1,31.0,69.0,1585714.0,,,,,,,,,,,,,,,,,,,,,,,,,,,,,,,,,,,,3,2,FAT,BUR,1,13,3,3,0,3,6,11,3,FAT/FAT,True,False,2.13,0.76
2026-08-22,TFF 1. Lig,2026/2027,UMRANIYESPOR,ESENLER EROKSPOR,1,1,0,0,D,11,10,3,4,12,15,3,9,0,3,0,0,334,499,4,2,40.0,60.0,1585717.0,,,,,,,,,,,,,,,,,,,,,,,,,,,,,,,,,,,,2,0,UMR,ESE,2,12,3,1,1,1,2,13,12,E/E,False,False,0.72,1.04
2026-08-22,TFF 1. Lig,2026/2027,IGDIR FK,KAYSERISPOR,0,1,0,0,A,13,10,2,3,12,7,6,4,0,2,0,0,470,405,2,2,54.0,46.0,1585713.0,,,,,,,,,,,,,,,,,,,,,,,,,,,,,,,,,,,,1,0,IGD,KAY,1,10,3,0,3,3,6,10,2,E/KAY,True,False,0.37,1.7299999999999998
2026-08-22,TFF 1. Lig,2026/2027,ANTALYASPOR,PENDIKSPOR,2,3,0,2,A,12,6,3,5,8,20,11,1,4,1,0,0,471,345,2,1,59.0,41.0,1585709.0,,,,,,,,,,,,,,,,,,,,,,,,,,,,,,,,,,,,5,2,ANT,PEN,3,12,3,0,3,3,1,12,17,PEN/PEN,False,False,0.32999999999999996,1.8299999999999998
2026-08-22,TFF 1. Lig,2026/2027,BODRUM FK,MUGLASPOR,0,0,0,0,D,18,7,4,2,20,10,9,2,5,3,1,1,415,347,2,4,56.0,44.0,1585711.0,,,,,,,,,,,,,,,,,,,,,,,,,,,,,,,,,,,,0,0,BOD,MUG,0,11,3,1,1,1,1,15,17,E/E,False,False,0.6599999999999999,-0.030000000000000027
2026-08-23,TFF 1. Lig,2026/2027,BANDIRMASPOR,KECIORENGUCU,1,1,1,0,D,17,7,8,3,15,12,5,3,2,2,0,0,464,285,2,7,62.0,38.0,1585710.0,,,,,,,,,,,,,,,,,,,,,,,,,,,,,,,,,,,,2,1,BAN,KEC,1,8,3,1,1,4,3,5,10,BAN/E,False,True,1.5399999999999998,0.39999999999999997
2026-08-23,TFF 1. Lig,2026/2027,BOLUSPOR,MARDIN 1969,0,3,0,2,A,10,11,0,5,9,3,2,4,1,1,0,0,413,496,2,0,46.0,54.0,1585712.0,,,,,,,,,,,,,,,,,,,,,,,,,,,,,,,,,,,,3,2,BOL,MAR,1,6,3,0,3,0,4,19,9,MAR/MAR,False,False,-0.32999999999999996,2.31
2026-08-23,TFF 1. Lig,2026/2027,SARIYER,BATMAN PETROLSPOR,1,2,0,1,A,19,10,9,3,10,19,7,3,1,3,0,1,460,330,1,7,59.0,41.0,1585715.0,,,,,,,,,,,,,,,,,,,,,,,,,,,,,,,,,,,,3,1,SAR,BAT,2,10,3,0,3,4,4,9,8,BAT/BAT,False,False,1.3899999999999997,0.9599999999999997
2026-08-23,TFF 1. Lig,2026/2027,VANSPOR FK,ISTANBULSPOR,3,2,2,2,H,11,13,6,3,14,17,4,1,0,2,0,0,411,403,1,3,50.0,50.0,1585718.0,,,,,,,,,,,,,,,,,,,,,,,,,,,,,,,,,,,,5,4,VAN,IST,1,5,3,3,0,0,1,19,18,E/VAN,False,False,2.43,-0.08000000000000011
2026-08-24,TFF 1. Lig,2026/2027,SIVASSPOR,MANISA F.K.,2,2,2,1,D,17,13,7,2,14,18,8,2,2,4,0,0,332,375,0,5,48.0,52.0,1585716.0,,,,,,,,,,,,,,,,,,,,,,,,,,,,,,,,,,,,4,3,SIV,MAN,1,10,3,1,1,1,6,18,4,SIV/E,True,False,1.61,-0.010000000000000009
2026-08-28,TFF 1. Lig,2026/2027,ANTALYASPOR,SARIYER,1,2,1,0,A,7,11,2,3,18,14,4,0,4,3,1,0,479,462,1,1,52.0,48.0,1585719.0,,,,,,,,,,,,,,,,,,,,,,,,,,,,,,,,,,,,3,1,ANT,SAR,2,4,4,0,3,3,4,13,9,ANT/SAR,False,False,-0.30000000000000004,1.4699999999999998
2026-08-28,TFF 1. Lig,2026/2027,KECIORENGUCU,UMRANIYESPOR,2,2,1,2,D,26,13,8,3,18,10,3,5,3,3,0,0,443,435,2,6,51.0,49.0,1585724.0,,,,,,,,,,,,,,,,,,,,,,,,,,,,,,,,,,,,4,3,KEC,UMR,1,8,4,1,1,4,2,9,15,UMR/E,False,False,1.2999999999999996,0.43999999999999995
2026-08-28,TFF 1. Lig,2026/2027,MUGLASPOR,BOLUSPOR,2,0,1,0,H,14,8,6,1,16,14,3,0,2,3,0,1,518,334,1,4,61.0,39.0,1585727.0,,,,,,,,,,,,,,,,,,,,,,,,,,,,,,,,,,,,2,1,MUG,BOL,1,3,4,3,0,2,0,18,20,MUG/MUG,False,False,2.3,-0.7600000000000001
2026-08-28,TFF 1. Lig,2026/2027,PENDIKSPOR,BANDIRMASPOR,1,1,1,1,D,13,8,7,3,20,15,5,3,2,3,0,0,399,439,1,5,47.0,53.0,1585728.0,,,,,,,,,,,,,,,,,,,,,,,,,,,,,,,,,,,,2,2,PEN,BAN,0,8,4,1,1,4,5,11,8,E/E,False,False,1.39,0.34999999999999987
2026-08-29,TFF 1. Lig,2026/2027,BATMAN PETROLSPOR,SIVASSPOR,2,1,0,1,H,21,6,8,2,9,19,6,1,4,2,0,0,405,241,1,6,63.0,37.0,1585720.0,,,,,,,,,,,,,,,,,,,,,,,,,,,,,,,,,,,,3,1,BAT,SIV,2,7,4,3,0,7,2,4,17,SIV/BAT,False,True,2.4800000000000004,-0.37000000000000005
2026-08-29,TFF 1. Lig,2026/2027,ISTANBULSPOR,FATIH KARAGUMRUK,1,1,1,1,D,7,11,3,5,11,12,2,7,1,3,0,0,333,460,4,2,42.0,58.0,1585722.0,,,,,,,,,,,,,,,,,,,,,,,,,,,,,,,,,,,,2,2,IST,FAT,0,9,4,1,1,1,6,19,8,E/E,False,False,0.5599999999999999,1.11
2026-08-29,TFF 1. Lig,2026/2027,KAYSERISPOR,BURSASPOR,1,2,1,0,A,14,11,2,4,14,14,5,5,3,2,0,0,424,483,2,1,47.0,53.0,1585723.0,,,,,,,,,,,,,,,,,,,,,,,,,,,,,,,,,,,,3,1,KAY,BUR,2,10,4,0,3,9,6,2,8,KAY/BUR,False,True,-0.05000000000000007,2.45
2026-08-29,TFF 1. Lig,2026/2027,MARDIN 1969,VANSPOR FK,1,1,0,0,D,16,8,5,1,13,15,7,2,5,2,1,0,407,342,0,4,55.0,45.0,1585726.0,,,,,,,,,,,,,,,,,,,,,,,,,,,,,,,,,,,,2,0,MAR,VAN,2,9,4,1,1,7,3,4,16,E/E,False,True,0.76,0.15999999999999998
2026-08-30,TFF 1. Lig,2026/2027,ESENLER EROKSPOR,IGDIR FK,0,1,0,1,A,14,6,5,3,12,20,5,7,1,5,0,0,504,242,2,5,67.0,33.0,1585721.0,,,,,,,,,,,,,,,,,,,,,,,,,,,,,,,,,,,,1,1,ESE,IGD,0,12,4,0,3,3,3,13,14,IGD/IGD,False,False,0.61,1.4499999999999997
2026-08-30,TFF 1. Lig,2026/2027,MANISA F.K.,BODRUM FK,0,0,0,0,D,13,8,2,2,7,13,4,4,0,0,0,0,498,384,2,1,56.0,44.0,1585725.0,,,,,,,,,,,,,,,,,,,,,,,,,,,,,,,,,,,,0,0,MAN,BOD,0,8,4,1,1,7,2,5,17,E/E,False,True,0.8200000000000002,0.8200000000000002
2026-09-01,TFF 1. Lig,2026/2027,BANDIRMASPOR,ANTALYASPOR,0,1,0,1,A,10,8,4,3,15,10,7,1,4,1,1,0,496,267,2,4,63.0,37.0,1585729.0,,,,,,,,,,,,,,,,,,,,,,,,,,,,,,,,,,,,1,1,BAN,ANT,0,8,5,0,3,6,3,8,17,ANT/ANT,False,False,0.13,1.56
2026-09-01,TFF 1. Lig,2026/2027,UMRANIYESPOR,MUGLASPOR,0,1,0,1,A,15,5,3,2,12,12,3,1,3,4,0,0,636,329,1,3,66.0,34.0,1585737.0,,,,,,,,,,,,,,,,,,,,,,,,,,,,,,,,,,,,1,1,UMR,MUG,0,4,5,0,3,3,5,15,12,MUG/MUG,False,False,0.17999999999999994,1.2399999999999998
2026-09-01,TFF 1. Lig,2026/2027,BOLUSPOR,KECIORENGUCU,0,2,0,2,A,10,15,2,6,8,16,3,6,3,1,0,0,413,465,4,2,45.0,55.0,1585731.0,,,,,,,,,,,,,,,,,,,,,,,,,,,,,,,,,,,,2,2,BOL,KEC,0,9,5,0,3,0,5,20,12,KEC/KEC,False,False,-0.2700000000000001,2.4399999999999995
2026-09-01,TFF 1. Lig,2026/2027,SARIYER,PENDIKSPOR,2,0,0,0,H,8,11,3,0,10,5,1,3,2,1,0,1,515,444,0,1,51.0,49.0,1585735.0,,,,,,,,,,,,,,,,,,,,,,,,,,,,,,,,,,,,2,0,SAR,PEN,2,4,5,3,0,7,5,8,13,E/SAR,False,False,1.74,-0.37
2026-09-02,TFF 1. Lig,2026/2027,VANSPOR FK,BATMAN PETROLSPOR,0,2,0,1,A,6,13,1,3,15,13,3,5,2,1,0,0,339,478,0,2,42.0,58.0,1585738.0,,,,,,,,,,,,,,,,,,,,,,,,,,,,,,,,,,,,2,1,VAN,BAT,1,8,5,0,3,4,10,14,2,BAT/BAT,True,False,-0.15000000000000002,1.9899999999999998
2026-09-02,TFF 1. Lig,2026/2027,SIVASSPOR,MARDIN 1969,2,2,0,2,D,13,18,4,4,20,16,2,6,2,3,0,0,364,290,3,2,54.0,46.0,1585736.0,,,,,,,,,,,,,,,,,,,,,,,,,,,,,,,,,,,,4,2,SIV,MAR,2,8,5,1,1,2,8,18,5,MAR/E,True,False,0.6800000000000002,0.8600000000000001
2026-09-02,TFF 1. Lig,2026/2027,FATIH KARAGUMRUK,KAYSERISPOR,1,1,0,0,D,11,11,4,4,12,15,4,7,2,4,0,0,428,480,3,3,47.0,53.0,1585734.0,,,,,,,,,,,,,,,,,,,,,,,,,,,,,,,,,,,,2,0,FAT,KAY,2,11,5,1,1,7,9,9,4,E/E,True,False,0.76,0.7700000000000001
2026-09-03,TFF 1. Lig,2026/2027,IGDIR FK,MANISA F.K.,4,2,3,1,H,23,14,6,7,15,10,7,6,2,4,0,0,368,338,5,2,52.0,48.0,1585733.0,,,,,,,,,,,,,,,,,,,,,,,,,,,,,,,,,,,,6,4,IGD,MAN,2,13,5,3,0,6,8,11,7,IGD/IGD,False,False,2.0799999999999996,0.51
2026-09-03,TFF 1. Lig,2026/2027,BURSASPOR,ISTANBULSPOR,4,0,1,0,H,17,4,6,1,9,10,8,1,3,4,0,0,586,284,1,3,67.0,33.0,1585732.0,,,,,,,,,,,,,,,,,,,,,,,,,,,,,,,,,,,,4,1,BUR,IST,3,9,5,3,0,9,2,6,19,BUR/BUR,False,True,2.4299999999999997,-0.6600000000000001
2026-09-03,TFF 1. Lig,2026/2027,BODRUM FK,ESENLER EROKSPOR,0,0,0,0,D,9,19,4,4,15,6,1,4,4,3,0,0,301,488,4,4,37.0,63.0,1585730.0,,,,,,,,,,,,,,,,,,,,,,,,,,,,,,,,,,,,0,0,BOD,ESE,0,5,5,1,1,3,3,17,15,E/E,False,False,0.4700000000000002,0.78
2026-09-05,TFF 1. Lig,2026/2027,BANDIRMASPOR,BOLUSPOR,6,0,5,0,H,27,12,13,4,16,9,6,4,1,2,0,0,455,302,4,6,60.0,40.0,1585740.0,,,,,,,,,,,,,,,,,,,,,,,,,,,,,,,,,,,,6,5,BAN,BOL,1,10,6,3,0,6,0,11,20,BAN/BAN,False,False,3.3699999999999997,-0.17000000000000004
2026-09-05,TFF 1. Lig,2026/2027,KECIORENGUCU,SARIYER,3,0,1,0,H,18,8,6,1,16,9,5,4,2,0,0,0,316,498,1,3,39.0,61.0,1585744.0,,,,,,,,,,,,,,,,,,,,,,,,,,,,,,,,,,,,3,1,KEC,SAR,2,9,6,3,0,8,10,8,3,KEC/KEC,True,False,2.82,-0.050000000000000044
2026-09-05,TFF 1. Lig,2026/2027,PENDIKSPOR,UMRANIYESPOR,1,0,1,0,H,9,10,3,6,20,10,3,4,1,2,0,0,385,523,5,2,43.0,57.0,1585748.0,,,,,,,,,,,,,,,,,,,,,,,,,,,,,,,,,,,,1,1,PEN,UMR,0,7,6,3,0,5,3,13,17,PEN/PEN,False,False,1.6199999999999997,0.69
