fixture_id,League,Season,Date,Home,Away,FTHG,FTAG,Result,Round
831004,Eliteserien Noruega,2022/2023,2022-04-02,Ham-Kam,Lillestrom,2,2,2-2,Regular Season - 1
831005,Eliteserien Noruega,2022/2023,2022-04-02,Molde,Valerenga,1,0,1-0,Regular Season - 1
831007,Eliteserien Noruega,2022/2023,2022-04-03,Haugesund,Sandefjord,1,3,1-3,Regular Season - 1
831010,Eliteserien Noruega,2022/2023,2022-04-03,ODD Ballklubb,Tromso,2,0,2-0,Regular Season - 1
831009,Eliteserien Noruega,2022/2023,2022-04-03,Sarpsborg 08 FF,Viking,0,1,0-1,Regular Season - 1
831006,Eliteserien Noruega,2022/2023,2022-04-03,Aalesund,Kristiansund BK,1,0,1-0,Regular Season - 1
831008,Eliteserien Noruega,2022/2023,2022-04-03,jerv,Stromsgodset,1,0,1-0,Regular Season - 1
831011,Eliteserien Noruega,2022/2023,2022-04-03,Bodo/Glimt,Rosenborg,2,2,2-2,Regular Season - 1
831012,Eliteserien Noruega,2022/2023,2022-04-09,Lillestrom,jerv,4,0,4-0,Regular Season - 2
831014,Eliteserien Noruega,2022/2023,2022-04-10,Kristiansund BK,Sarpsborg 08 FF,2,3,2-3,Regular Season - 2
831015,Eliteserien Noruega,2022/2023,2022-04-10,Stromsgodset,Molde,1,3,1-3,Regular Season - 2
831017,Eliteserien Noruega,2022/2023,2022-04-10,Tromso,Ham-Kam,2,1,2-1,Regular Season - 2
831018,Eliteserien Noruega,2022/2023,2022-04-10,Valerenga,Haugesund,2,1,2-1,Regular Season - 2
831016,Eliteserien Noruega,2022/2023,2022-04-10,Rosenborg,ODD Ballklubb,1,0,1-0,Regular Season - 2
831013,Eliteserien Noruega,2022/2023,2022-04-10,Sandefjord,Bodo/Glimt,1,2,1-2,Regular Season - 2
831019,Eliteserien Noruega,2022/2023,2022-04-10,Viking,Aalesund,1,0,1-0,Regular Season - 2
831022,Eliteserien Noruega,2022/2023,2022-04-18,Haugesund,Stromsgodset,0,1,0-1,Regular Season - 3
831024,Eliteserien Noruega,2022/2023,2022-04-18,Molde,Lillestrom,1,2,1-2,Regular Season - 3
831026,Eliteserien Noruega,2022/2023,2022-04-18,ODD Ballklubb,Viking,2,1,2-1,Regular Season - 3
831025,Eliteserien Noruega,2022/2023,2022-04-18,Sarpsborg 08 FF,Rosenborg,1,1,1-1,Regular Season - 3
831020,Eliteserien Noruega,2022/2023,2022-04-18,Aalesund,Tromso,2,2,2-2,Regular Season - 3
831023,Eliteserien Noruega,2022/2023,2022-04-18,jerv,Kristiansund BK,1,0,1-0,Regular Season - 3
831021,Eliteserien Noruega,2022/2023,2022-04-18,Ham-Kam,Sandefjord,3,0,3-0,Regular Season - 3
831027,Eliteserien Noruega,2022/2023,2022-04-18,Bodo/Glimt,Valerenga,5,1,5-1,Regular Season - 3
831028,Eliteserien Noruega,2022/2023,2022-04-23,ODD Ballklubb,Aalesund,2,3,2-3,Regular Season - 4
831029,Eliteserien Noruega,2022/2023,2022-04-23,Stromsgodset,Sandefjord,0,5,0-5,Regular Season - 4
831030,Eliteserien Noruega,2022/2023,2022-04-24,Kristiansund BK,Ham-Kam,2,2,2-2,Regular Season - 4
831031,Eliteserien Noruega,2022/2023,2022-04-24,Lillestrom,Haugesund,1,0,1-0,Regular Season - 4
831032,Eliteserien Noruega,2022/2023,2022-04-24,Tromso,Sarpsborg 08 FF,2,5,2-5,Regular Season - 4
831034,Eliteserien Noruega,2022/2023,2022-04-24,Valerenga,jerv,1,0,1-0,Regular Season - 4
831033,Eliteserien Noruega,2022/2023,2022-04-24,Viking,Bodo/Glimt,2,0,2-0,Regular Season - 4
831035,Eliteserien Noruega,2022/2023,2022-04-24,Rosenborg,Molde,0,0,0-0,Regular Season - 4
831119,Eliteserien Noruega,2022/2023,2022-04-28,Lillestrom,Aalesund,2,0,2-0,Regular Season - 15
831131,Eliteserien Noruega,2022/2023,2022-04-30,Viking,Haugesund,5,1,5-1,Regular Season - 16
831036,Eliteserien Noruega,2022/2023,2022-05-07,Sarpsborg 08 FF,ODD Ballklubb,1,0,1-0,Regular Season - 5
831037,Eliteserien Noruega,2022/2023,2022-05-07,Molde,Viking,3,4,3-4,Regular Season - 5
831041,Eliteserien Noruega,2022/2023,2022-05-08,Stromsgodset,Rosenborg,3,0,3-0,Regular Season - 5
831038,Eliteserien Noruega,2022/2023,2022-05-08,Bodo/Glimt,Lillestrom,1,1,1-1,Regular Season - 5
831039,Eliteserien Noruega,2022/2023,2022-05-08,Haugesund,Kristiansund BK,2,0,2-0,Regular Season - 5
831042,Eliteserien Noruega,2022/2023,2022-05-08,Sandefjord,Valerenga,1,3,1-3,Regular Season - 5
831040,Eliteserien Noruega,2022/2023,2022-05-08,jerv,Tromso,1,1,1-1,Regular Season - 5
831043,Eliteserien Noruega,2022/2023,2022-05-08,Ham-Kam,Aalesund,0,0,0-0,Regular Season - 5
831143,Eliteserien Noruega,2022/2023,2022-05-11,Molde,ODD Ballklubb,3,0,3-0,Regular Season - 18
831098,Eliteserien Noruega,2022/2023,2022-05-12,Tromso,Valerenga,1,0,1-0,Regular Season - 12
831147,Eliteserien Noruega,2022/2023,2022-05-12,Viking,Stromsgodset,0,0,0-0,Regular Season - 18
831046,Eliteserien Noruega,2022/2023,2022-05-16,Kristiansund BK,Stromsgodset,0,3,0-3,Regular Season - 6
831047,Eliteserien Noruega,2022/2023,2022-05-16,Lillestrom,Sarpsborg 08 FF,1,0,1-0,Regular Season - 6
831045,Eliteserien Noruega,2022/2023,2022-05-16,Bodo/Glimt,Tromso,1,1,1-1,Regular Season - 6
831049,Eliteserien Noruega,2022/2023,2022-05-16,ODD Ballklubb,Haugesund,0,4,0-4,Regular Season - 6
831048,Eliteserien Noruega,2022/2023,2022-05-16,Rosenborg,Sandefjord,3,0,3-0,Regular Season - 6
831044,Eliteserien Noruega,2022/2023,2022-05-16,Aalesund,Molde,0,2,0-2,Regular Season - 6
831050,Eliteserien Noruega,2022/2023,2022-05-16,Viking,jerv,3,0,3-0,Regular Season - 6
831051,Eliteserien Noruega,2022/2023,2022-05-16,Valerenga,Ham-Kam,1,1,1-1,Regular Season - 6
831052,Eliteserien Noruega,2022/2023,2022-05-21,Sandefjord,Lillestrom,1,4,1-4,Regular Season - 7
831053,Eliteserien Noruega,2022/2023,2022-05-21,Molde,Kristiansund BK,2,1,2-1,Regular Season - 7
831056,Eliteserien Noruega,2022/2023,2022-05-22,Stromsgodset,Valerenga,3,2,3-2,Regular Season - 7
831058,Eliteserien Noruega,2022/2023,2022-05-22,Tromso,Viking,1,1,1-1,Regular Season - 7
831054,Eliteserien Noruega,2022/2023,2022-05-22,Haugesund,Bodo/Glimt,1,4,1-4,Regular Season - 7
831057,Eliteserien Noruega,2022/2023,2022-05-22,Sarpsborg 08 FF,Aalesund,1,2,1-2,Regular Season - 7
831055,Eliteserien Noruega,2022/2023,2022-05-22,jerv,ODD Ballklubb,0,1,0-1,Regular Season - 7
831059,Eliteserien Noruega,2022/2023,2022-05-22,Ham-Kam,Rosenborg,1,1,1-1,Regular Season - 7
831061,Eliteserien Noruega,2022/2023,2022-05-25,Bodo/Glimt,Stromsgodset,2,2,2-2,Regular Season - 8
831063,Eliteserien Noruega,2022/2023,2022-05-25,ODD Ballklubb,Sandefjord,0,1,0-1,Regular Season - 8
831060,Eliteserien Noruega,2022/2023,2022-05-25,Aalesund,jerv,2,1,2-1,Regular Season - 8
831064,Eliteserien Noruega,2022/2023,2022-05-25,Viking,Ham-Kam,1,1,1-1,Regular Season - 8
831065,Eliteserien Noruega,2022/2023,2022-05-25,Lillestrom,Valerenga,2,0,2-0,Regular Season - 8
831066,Eliteserien Noruega,2022/2023,2022-05-26,Rosenborg,Haugesund,3,3,3-3,Regular Season - 8
831067,Eliteserien Noruega,2022/2023,2022-05-26,Sarpsborg 08 FF,Molde,1,2,1-2,Regular Season - 8
831068,Eliteserien Noruega,2022/2023,2022-05-28,Ham-Kam,ODD Ballklubb,1,2,1-2,Regular Season - 9
831069,Eliteserien Noruega,2022/2023,2022-05-28,Stromsgodset,Viking,3,2,3-2,Regular Season - 9
831073,Eliteserien Noruega,2022/2023,2022-05-29,Tromso,Lillestrom,2,2,2-2,Regular Season - 9
831070,Eliteserien Noruega,2022/2023,2022-05-29,Haugesund,Aalesund,2,2,2-2,Regular Season - 9
831074,Eliteserien Noruega,2022/2023,2022-05-29,Molde,Bodo/Glimt,3,1,3-1,Regular Season - 9
831071,Eliteserien Noruega,2022/2023,2022-05-29,jerv,Sarpsborg 08 FF,0,5,0-5,Regular Season - 9
831075,Eliteserien Noruega,2022/2023,2022-05-29,Valerenga,Rosenborg,0,4,0-4,Regular Season - 9
831076,Eliteserien Noruega,2022/2023,2022-06-18,Sarpsborg 08 FF,Stromsgodset,5,1,5-1,Regular Season - 10
831077,Eliteserien Noruega,2022/2023,2022-06-18,Kristiansund BK,Bodo/Glimt,0,2,0-2,Regular Season - 10
831079,Eliteserien Noruega,2022/2023,2022-06-19,Lillestrom,Rosenborg,3,1,3-1,Regular Season - 10
831081,Eliteserien Noruega,2022/2023,2022-06-19,Tromso,Haugesund,1,1,1-1,Regular Season - 10
831080,Eliteserien Noruega,2022/2023,2022-06-19,ODD Ballklubb,Molde,1,2,1-2,Regular Season - 10
831082,Eliteserien Noruega,2022/2023,2022-06-19,Viking,Sandefjord,1,2,1-2,Regular Season - 10
831078,Eliteserien Noruega,2022/2023,2022-06-19,jerv,Ham-Kam,1,2,1-2,Regular Season - 10
831083,Eliteserien Noruega,2022/2023,2022-06-19,Aalesund,Valerenga,2,2,2-2,Regular Season - 10
831084,Eliteserien Noruega,2022/2023,2022-06-25,Haugesund,Viking,4,2,4-2,Regular Season - 11
831085,Eliteserien Noruega,2022/2023,2022-06-25,Rosenborg,Kristiansund BK,3,1,3-1,Regular Season - 11
831088,Eliteserien Noruega,2022/2023,2022-06-26,Stromsgodset,Lillestrom,3,0,3-0,Regular Season - 11
831090,Eliteserien Noruega,2022/2023,2022-06-26,Bodo/Glimt,Aalesund,2,0,2-0,Regular Season - 11
831089,Eliteserien Noruega,2022/2023,2022-06-26,Sandefjord,Tromso,2,2,2-2,Regular Season - 11
831086,Eliteserien Noruega,2022/2023,2022-06-26,Ham-Kam,Sarpsborg 08 FF,3,2,3-2,Regular Season - 11
831091,Eliteserien Noruega,2022/2023,2022-06-26,Valerenga,ODD Ballklubb,0,1,0-1,Regular Season - 11
831092,Eliteserien Noruega,2022/2023,2022-07-02,jerv,Haugesund,1,0,1-0,Regular Season - 12
831093,Eliteserien Noruega,2022/2023,2022-07-02,ODD Ballklubb,Bodo/Glimt,3,2,3-2,Regular Season - 12
831096,Eliteserien Noruega,2022/2023,2022-07-03,Kristiansund BK,Lillestrom,1,3,1-3,Regular Season - 12
831097,Eliteserien Noruega,2022/2023,2022-07-03,Sarpsborg 08 FF,Sandefjord,4,3,4-3,Regular Season - 12
831094,Eliteserien Noruega,2022/2023,2022-07-03,Aalesund,Stromsgodset,1,0,1-0,Regular Season - 12
831095,Eliteserien Noruega,2022/2023,2022-07-03,Ham-Kam,Molde,0,0,0-0,Regular Season - 12
831099,Eliteserien Noruega,2022/2023,2022-07-03,Viking,Rosenborg,1,1,1-1,Regular Season - 12
831087,Eliteserien Noruega,2022/2023,2022-07-06,Molde,jerv,1,1,1-1,Regular Season - 11
831100,Eliteserien Noruega,2022/2023,2022-07-09,Bodo/Glimt,Sarpsborg 08 FF,4,1,4-1,Regular Season - 13
831103,Eliteserien Noruega,2022/2023,2022-07-09,Stromsgodset,ODD Ballklubb,0,0,0-0,Regular Season - 13
831101,Eliteserien Noruega,2022/2023,2022-07-10,Lillestrom,Viking,0,1,0-1,Regular Season - 13
831106,Eliteserien Noruega,2022/2023,2022-07-10,Valerenga,Kristiansund BK,3,0,3-0,Regular Season - 13
831102,Eliteserien Noruega,2022/2023,2022-07-10,Molde,Tromso,5,1,5-1,Regular Season - 13
831104,Eliteserien Noruega,2022/2023,2022-07-10,Rosenborg,jerv,3,2,3-2,Regular Season - 13
831107,Eliteserien Noruega,2022/2023,2022-07-10,Haugesund,Ham-Kam,1,1,1-1,Regular Season - 13
831105,Eliteserien Noruega,2022/2023,2022-07-12,Sandefjord,Aalesund,2,2,2-2,Regular Season - 13
831108,Eliteserien Noruega,2022/2023,2022-07-16,jerv,Sandefjord,1,2,1-2,Regular Season - 14
831109,Eliteserien Noruega,2022/2023,2022-07-16,Ham-Kam,Bodo/Glimt,0,2,0-2,Regular Season - 14
831110,Eliteserien Noruega,2022/2023,2022-07-17,Molde,Haugesund,1,0,1-0,Regular Season - 14
831112,Eliteserien Noruega,2022/2023,2022-07-17,ODD Ballklubb,Lillestrom,1,2,1-2,Regular Season - 14
831111,Eliteserien Noruega,2022/2023,2022-07-17,Sarpsborg 08 FF,Valerenga,0,1,0-1,Regular Season - 14
831114,Eliteserien Noruega,2022/2023,2022-07-17,Viking,Kristiansund BK,2,1,2-1,Regular Season - 14
831115,Eliteserien Noruega,2022/2023,2022-07-17,Aalesund,Rosenborg,0,0,0-0,Regular Season - 14
831116,Eliteserien Noruega,2022/2023,2022-07-23,Bodo/Glimt,jerv,5,0,5-0,Regular Season - 15
831121,Eliteserien Noruega,2022/2023,2022-07-23,Rosenborg,Tromso,3,0,3-0,Regular Season - 15
831118,Eliteserien Noruega,2022/2023,2022-07-24,Kristiansund BK,ODD Ballklubb,2,2,2-2,Regular Season - 15
831123,Eliteserien Noruega,2022/2023,2022-07-24,Valerenga,Viking,4,2,4-2,Regular Season - 15
831117,Eliteserien Noruega,2022/2023,2022-07-24,Haugesund,Sarpsborg 08 FF,3,1,3-1,Regular Season - 15
831122,Eliteserien Noruega,2022/2023,2022-07-24,Sandefjord,Molde,2,3,2-3,Regular Season - 15
831120,Eliteserien Noruega,2022/2023,2022-07-24,Stromsgodset,Ham-Kam,1,1,1-1,Regular Season - 15
831072,Eliteserien Noruega,2022/2023,2022-07-27,Sandefjord,Kristiansund BK,2,0,2-0,Regular Season - 9
831124,Eliteserien Noruega,2022/2023,2022-07-30,Aalesund,Bodo/Glimt,1,2,1-2,Regular Season - 16
831130,Eliteserien Noruega,2022/2023,2022-07-30,Tromso,Sandefjord,3,0,3-0,Regular Season - 16
831129,Eliteserien Noruega,2022/2023,2022-07-30,ODD Ballklubb,Rosenborg,2,3,2-3,Regular Season - 16
831125,Eliteserien Noruega,2022/2023,2022-07-30,Ham-Kam,Kristiansund BK,0,1,0-1,Regular Season - 16
831126,Eliteserien Noruega,2022/2023,2022-07-30,jerv,Valerenga,2,5,2-5,Regular Season - 16
831127,Eliteserien Noruega,2022/2023,2022-07-31,Molde,Stromsgodset,3,0,3-0,Regular Season - 16
831128,Eliteserien Noruega,2022/2023,2022-07-31,Sarpsborg 08 FF,Lillestrom,0,2,0-2,Regular Season - 16
831062,Eliteserien Noruega,2022/2023,2022-08-03,Kristiansund BK,Tromso,1,1,1-1,Regular Season - 8
831132,Eliteserien Noruega,2022/2023,2022-08-06,Bodo/Glimt,ODD Ballklubb,7,0,7-0,Regular Season - 17
831137,Eliteserien Noruega,2022/2023,2022-08-06,Rosenborg,Ham-Kam,2,1,2-1,Regular Season - 17
831134,Eliteserien Noruega,2022/2023,2022-08-07,Kristiansund BK,Molde,2,3,2-3,Regular Season - 17
831135,Eliteserien Noruega,2022/2023,2022-08-07,Lillestrom,Tromso,1,1,1-1,Regular Season - 17
831136,Eliteserien Noruega,2022/2023,2022-08-07,Stromsgodset,Sarpsborg 08 FF,3,1,3-1,Regular Season - 17
831133,Eliteserien Noruega,2022/2023,2022-08-07,Haugesund,jerv,3,1,3-1,Regular Season - 17
831138,Eliteserien Noruega,2022/2023,2022-08-07,Sandefjord,Viking,2,2,2-2,Regular Season - 17
831139,Eliteserien Noruega,2022/2023,2022-08-07,Valerenga,Aalesund,4,0,4-0,Regular Season - 17
831144,Eliteserien Noruega,2022/2023,2022-08-12,Sandefjord,Rosenborg,2,5,2-5,Regular Season - 18
831145,Eliteserien Noruega,2022/2023,2022-08-12,Sarpsborg 08 FF,Bodo/Glimt,1,4,1-4,Regular Season - 18
831140,Eliteserien Noruega,2022/2023,2022-08-13,Aalesund,Haugesund,1,2,1-2,Regular Season - 18
831146,Eliteserien Noruega,2022/2023,2022-08-14,Tromso,Kristiansund BK,2,1,2-1,Regular Season - 18
831142,Eliteserien Noruega,2022/2023,2022-08-14,jerv,Lillestrom,1,0,1-0,Regular Season - 18
831141,Eliteserien Noruega,2022/2023,2022-08-14,Ham-Kam,Valerenga,1,1,1-1,Regular Season - 18
831148,Eliteserien Noruega,2022/2023,2022-08-20,Bodo/Glimt,Ham-Kam,2,2,2-2,Regular Season - 19
831154,Eliteserien Noruega,2022/2023,2022-08-20,ODD Ballklubb,Sarpsborg 08 FF,1,0,1-0,Regular Season - 19
831151,Eliteserien Noruega,2022/2023,2022-08-21,Lillestrom,Sandefjord,3,0,3-0,Regular Season - 19
831152,Eliteserien Noruega,2022/2023,2022-08-21,Stromsgodset,jerv,6,0,6-0,Regular Season - 19
831155,Eliteserien Noruega,2022/2023,2022-08-21,Valerenga,Tromso,1,0,1-0,Regular Season - 19
831149,Eliteserien Noruega,2022/2023,2022-08-21,Haugesund,Molde,0,1,0-1,Regular Season - 19
831153,Eliteserien Noruega,2022/2023,2022-08-21,Rosenborg,Aalesund,2,1,2-1,Regular Season - 19
831161,Eliteserien Noruega,2022/2023,2022-08-27,Sandefjord,Stromsgodset,2,2,2-2,Regular Season - 20
831158,Eliteserien Noruega,2022/2023,2022-08-27,jerv,Bodo/Glimt,0,2,0-2,Regular Season - 20
831159,Eliteserien Noruega,2022/2023,2022-08-28,Lillestrom,Kristiansund BK,1,1,1-1,Regular Season - 20
831160,Eliteserien Noruega,2022/2023,2022-08-28,Molde,Sarpsborg 08 FF,4,1,4-1,Regular Season - 20
831156,Eliteserien Noruega,2022/2023,2022-08-28,Aalesund,ODD Ballklubb,1,1,1-1,Regular Season - 20
831163,Eliteserien Noruega,2022/2023,2022-08-28,Viking,Valerenga,1,2,1-2,Regular Season - 20
831157,Eliteserien Noruega,2022/2023,2022-08-28,Ham-Kam,Haugesund,1,0,1-0,Regular Season - 20
831162,Eliteserien Noruega,2022/2023,2022-08-28,Tromso,Rosenborg,4,3,4-3,Regular Season - 20
831150,Eliteserien Noruega,2022/2023,2022-08-31,Kristiansund BK,Viking,2,1,2-1,Regular Season - 19
831113,Eliteserien Noruega,2022/2023,2022-08-31,Tromso,Stromsgodset,1,0,1-0,Regular Season - 14
831164,Eliteserien Noruega,2022/2023,2022-09-03,Bodo/Glimt,Molde,1,4,1-4,Regular Season - 21
831166,Eliteserien Noruega,2022/2023,2022-09-04,Kristiansund BK,Sandefjord,3,1,3-1,Regular Season - 21
831167,Eliteserien Noruega,2022/2023,2022-09-04,Stromsgodset,Aalesund,1,2,1-2,Regular Season - 21
831165,Eliteserien Noruega,2022/2023,2022-09-04,Haugesund,Tromso,2,1,2-1,Regular Season - 21
831170,Eliteserien Noruega,2022/2023,2022-09-04,ODD Ballklubb,jerv,2,1,2-1,Regular Season - 21
831168,Eliteserien Noruega,2022/2023,2022-09-04,Rosenborg,Viking,4,1,4-1,Regular Season - 21
831169,Eliteserien Noruega,2022/2023,2022-09-04,Sarpsborg 08 FF,Ham-Kam,2,1,2-1,Regular Season - 21
831171,Eliteserien Noruega,2022/2023,2022-09-04,Valerenga,Lillestrom,3,1,3-1,Regular Season - 21
831178,Eliteserien Noruega,2022/2023,2022-09-10,Sandefjord,ODD Ballklubb,1,3,1-3,Regular Season - 22
831177,Eliteserien Noruega,2022/2023,2022-09-10,Lillestrom,Stromsgodset,2,1,2-1,Regular Season - 22
831176,Eliteserien Noruega,2022/2023,2022-09-11,Kristiansund BK,Valerenga,3,2,3-2,Regular Season - 22
831179,Eliteserien Noruega,2022/2023,2022-09-11,Tromso,Bodo/Glimt,3,2,3-2,Regular Season - 22
831172,Eliteserien Noruega,2022/2023,2022-09-11,Aalesund,Sarpsborg 08 FF,1,3,1-3,Regular Season - 22
831175,Eliteserien Noruega,2022/2023,2022-09-11,jerv,Molde,2,4,2-4,Regular Season - 22
831173,Eliteserien Noruega,2022/2023,2022-09-11,Ham-Kam,Viking,1,2,1-2,Regular Season - 22
831174,Eliteserien Noruega,2022/2023,2022-09-11,Haugesund,Rosenborg,2,1,2-1,Regular Season - 22
831185,Eliteserien Noruega,2022/2023,2022-09-17,ODD Ballklubb,Ham-Kam,2,0,2-0,Regular Season - 23
831182,Eliteserien Noruega,2022/2023,2022-09-18,Stromsgodset,Kristiansund BK,4,1,4-1,Regular Season - 23
831187,Eliteserien Noruega,2022/2023,2022-09-18,Valerenga,Sandefjord,4,0,4-0,Regular Season - 23
831180,Eliteserien Noruega,2022/2023,2022-09-18,Bodo/Glimt,Haugesund,1,1,1-1,Regular Season - 23
831183,Eliteserien Noruega,2022/2023,2022-09-18,Rosenborg,Lillestrom,3,1,3-1,Regular Season - 23
831184,Eliteserien Noruega,2022/2023,2022-09-18,Sarpsborg 08 FF,jerv,4,3,4-3,Regular Season - 23
831186,Eliteserien Noruega,2022/2023,2022-09-18,Viking,Tromso,2,2,2-2,Regular Season - 23
831181,Eliteserien Noruega,2022/2023,2022-09-18,Molde,Aalesund,3,0,3-0,Regular Season - 23
831194,Eliteserien Noruega,2022/2023,2022-10-01,Tromso,Molde,0,1,0-1,Regular Season - 24
831192,Eliteserien Noruega,2022/2023,2022-10-01,Lillestrom,Bodo/Glimt,1,4,1-4,Regular Season - 24
831195,Eliteserien Noruega,2022/2023,2022-10-01,Valerenga,Stromsgodset,4,0,4-0,Regular Season - 24
831190,Eliteserien Noruega,2022/2023,2022-10-02,Haugesund,ODD Ballklubb,2,2,2-2,Regular Season - 24
831193,Eliteserien Noruega,2022/2023,2022-10-02,Sandefjord,Sarpsborg 08 FF,1,1,1-1,Regular Season - 24
831188,Eliteserien Noruega,2022/2023,2022-10-02,Aalesund,Viking,2,1,2-1,Regular Season - 24
831189,Eliteserien Noruega,2022/2023,2022-10-02,Ham-Kam,jerv,2,1,2-1,Regular Season - 24
831191,Eliteserien Noruega,2022/2023,2022-10-02,Kristiansund BK,Rosenborg,4,4,4-4,Regular Season - 24
831201,Eliteserien Noruega,2022/2023,2022-10-08,Sarpsborg 08 FF,Haugesund,4,0,4-0,Regular Season - 25
831199,Eliteserien Noruega,2022/2023,2022-10-09,Stromsgodset,Tromso,1,2,1-2,Regular Season - 25
831196,Eliteserien Noruega,2022/2023,2022-10-09,Bodo/Glimt,Sandefjord,4,1,4-1,Regular Season - 25
831198,Eliteserien Noruega,2022/2023,2022-10-09,Molde,Ham-Kam,5,0,5-0,Regular Season - 25
831202,Eliteserien Noruega,2022/2023,2022-10-09,ODD Ballklubb,Kristiansund BK,1,1,1-1,Regular Season - 25
831203,Eliteserien Noruega,2022/2023,2022-10-09,Viking,Lillestrom,0,3,0-3,Regular Season - 25
831200,Eliteserien Noruega,2022/2023,2022-10-09,Rosenborg,Valerenga,3,0,3-0,Regular Season - 25
831209,Eliteserien Noruega,2022/2023,2022-10-15,Tromso,ODD Ballklubb,3,2,3-2,Regular Season - 26
831207,Eliteserien Noruega,2022/2023,2022-10-15,Rosenborg,Stromsgodset,3,0,3-0,Regular Season - 26
831205,Eliteserien Noruega,2022/2023,2022-10-16,Kristiansund BK,Haugesund,0,1,0-1,Regular Season - 26
831211,Eliteserien Noruega,2022/2023,2022-10-16,Valerenga,Bodo/Glimt,0,6,0-6,Regular Season - 26
831208,Eliteserien Noruega,2022/2023,2022-10-16,Sandefjord,jerv,1,2,1-2,Regular Season - 26
831204,Eliteserien Noruega,2022/2023,2022-10-16,Aalesund,Ham-Kam,0,0,0-0,Regular Season - 26
831210,Eliteserien Noruega,2022/2023,2022-10-16,Viking,Sarpsborg 08 FF,0,1,0-1,Regular Season - 26
831206,Eliteserien Noruega,2022/2023,2022-10-16,Lillestrom,Molde,0,1,0-1,Regular Season - 26
831197,Eliteserien Noruega,2022/2023,2022-10-19,jerv,Aalesund,0,1,0-1,Regular Season - 25
831219,Eliteserien Noruega,2022/2023,2022-10-22,ODD Ballklubb,Valerenga,2,1,2-1,Regular Season - 27
831214,Eliteserien Noruega,2022/2023,2022-10-22,Ham-Kam,Stromsgodset,1,1,1-1,Regular Season - 27
831213,Eliteserien Noruega,2022/2023,2022-10-23,Bodo/Glimt,Kristiansund BK,5,0,5-0,Regular Season - 27
831215,Eliteserien Noruega,2022/2023,2022-10-23,Haugesund,Lillestrom,0,1,0-1,Regular Season - 27
831218,Eliteserien Noruega,2022/2023,2022-10-23,Sarpsborg 08 FF,Tromso,1,1,1-1,Regular Season - 27
831212,Eliteserien Noruega,2022/2023,2022-10-23,Aalesund,Sandefjord,1,0,1-0,Regular Season - 27
831216,Eliteserien Noruega,2022/2023,2022-10-23,jerv,Viking,2,2,2-2,Regular Season - 27
831217,Eliteserien Noruega,2022/2023,2022-10-23,Molde,Rosenborg,2,1,2-1,Regular Season - 27
831222,Eliteserien Noruega,2022/2023,2022-10-29,Stromsgodset,Haugesund,1,2,1-2,Regular Season - 28
831227,Eliteserien Noruega,2022/2023,2022-10-29,Valerenga,Sarpsborg 08 FF,3,3,3-3,Regular Season - 28
831220,Eliteserien Noruega,2022/2023,2022-10-30,Kristiansund BK,Aalesund,4,0,4-0,Regular Season - 28
831221,Eliteserien Noruega,2022/2023,2022-10-30,Lillestrom,ODD Ballklubb,0,2,0-2,Regular Season - 28
831225,Eliteserien Noruega,2022/2023,2022-10-30,Tromso,jerv,2,2,2-2,Regular Season - 28
831223,Eliteserien Noruega,2022/2023,2022-10-30,Rosenborg,Bodo/Glimt,3,2,3-2,Regular Season - 28
831224,Eliteserien Noruega,2022/2023,2022-10-30,Sandefjord,Ham-Kam,1,2,1-2,Regular Season - 28
831226,Eliteserien Noruega,2022/2023,2022-10-30,Viking,Molde,1,4,1-4,Regular Season - 28
831229,Eliteserien Noruega,2022/2023,2022-11-06,Bodo/Glimt,Viking,5,4,5-4,Regular Season - 29
831231,Eliteserien Noruega,2022/2023,2022-11-06,Haugesund,Valerenga,1,1,1-1,Regular Season - 29
831233,Eliteserien Noruega,2022/2023,2022-11-06,Molde,Sandefjord,2,1,2-1,Regular Season - 29
831235,Eliteserien Noruega,2022/2023,2022-11-06,ODD Ballklubb,Stromsgodset,5,1,5-1,Regular Season - 29
831234,Eliteserien Noruega,2022/2023,2022-11-06,Sarpsborg 08 FF,Kristiansund BK,2,2,2-2,Regular Season - 29
831228,Eliteserien Noruega,2022/2023,2022-11-06,Aalesund,Lillestrom,2,1,2-1,Regular Season - 29
831232,Eliteserien Noruega,2022/2023,2022-11-06,jerv,Rosenborg,2,4,2-4,Regular Season - 29
831230,Eliteserien Noruega,2022/2023,2022-11-06,Ham-Kam,Tromso,1,2,1-2,Regular Season - 29
831236,Eliteserien Noruega,2022/2023,2022-11-13,Kristiansund BK,jerv,1,1,1-1,Regular Season - 30
831237,Eliteserien Noruega,2022/2023,2022-11-13,Lillestrom,Ham-Kam,3,1,3-1,Regular Season - 30
831238,Eliteserien Noruega,2022/2023,2022-11-13,Stromsgodset,Bodo/Glimt,2,4,2-4,Regular Season - 30
831241,Eliteserien Noruega,2022/2023,2022-11-13,Tromso,Aalesund,2,2,2-2,Regular Season - 30
831243,Eliteserien Noruega,2022/2023,2022-11-13,Valerenga,Molde,1,2,1-2,Regular Season - 30
831239,Eliteserien Noruega,2022/2023,2022-11-13,Rosenborg,Sarpsborg 08 FF,2,3,2-3,Regular Season - 30
831240,Eliteserien Noruega,2022/2023,2022-11-13,Sandefjord,Haugesund,2,2,2-2,Regular Season - 30
831242,Eliteserien Noruega,2022/2023,2022-11-13,Viking,ODD Ballklubb,1,1,1-1,Regular Season - 30
973276,Eliteserien Noruega,2022/2023,2022-11-16,Sandefjord,Kongsvinger,4,0,4-0,Relegation Round
973277,Eliteserien Noruega,2022/2023,2022-11-19,Kongsvinger,Sandefjord,2,1,2-1,Relegation Round
1001567,Eliteserien Noruega,2023/2024,2023-04-10,Rosenborg,Viking,1,0,1-0,Regular Season - 1
1001572,Eliteserien Noruega,2023/2024,2023-04-10,Stabaek,ODD Ballklubb,0,0,0-0,Regular Season - 1
1001573,Eliteserien Noruega,2023/2024,2023-04-10,Tromso,Molde,1,0,1-0,Regular Season - 1
1001571,Eliteserien Noruega,2023/2024,2023-04-10,Sarpsborg 08 FF,Bodo/Glimt,0,2,0-2,Regular Season - 1
1001568,Eliteserien Noruega,2023/2024,2023-04-10,Aalesund,Valerenga,0,1,0-1,Regular Season - 1
1001569,Eliteserien Noruega,2023/2024,2023-04-10,Ham-Kam,Sandefjord,2,0,2-0,Regular Season - 1
1001574,Eliteserien Noruega,2023/2024,2023-04-10,Brann,Haugesund,3,0,3-0,Regular Season - 1
1001575,Eliteserien Noruega,2023/2024,2023-04-15,Viking,Lillestrom,2,0,2-0,Regular Season - 2
1001581,Eliteserien Noruega,2023/2024,2023-04-16,Stromsgodset,Aalesund,1,0,1-0,Regular Season - 2
1001576,Eliteserien Noruega,2023/2024,2023-04-16,Bodo/Glimt,Stabaek,4,0,4-0,Regular Season - 2
1001577,Eliteserien Noruega,2023/2024,2023-04-16,Haugesund,Ham-Kam,3,2,3-2,Regular Season - 2
1001578,Eliteserien Noruega,2023/2024,2023-04-16,Molde,Rosenborg,1,1,1-1,Regular Season - 2
1001579,Eliteserien Noruega,2023/2024,2023-04-16,ODD Ballklubb,Brann,2,0,2-0,Regular Season - 2
1001580,Eliteserien Noruega,2023/2024,2023-04-16,Sandefjord,Tromso,0,0,0-0,Regular Season - 2
1001582,Eliteserien Noruega,2023/2024,2023-04-16,Valerenga,Sarpsborg 08 FF,0,2,0-2,Regular Season - 2
1001570,Eliteserien Noruega,2023/2024,2023-04-19,Lillestrom,Stromsgodset,4,3,4-3,Regular Season - 1
1001583,Eliteserien Noruega,2023/2024,2023-04-22,Brann,Valerenga,3,1,3-1,Regular Season - 3
1001588,Eliteserien Noruega,2023/2024,2023-04-23,Stabaek,Haugesund,3,0,3-0,Regular Season - 3
1001589,Eliteserien Noruega,2023/2024,2023-04-23,Tromso,Viking,1,1,1-1,Regular Season - 3
1001586,Eliteserien Noruega,2023/2024,2023-04-23,Rosenborg,Sandefjord,1,1,1-1,Regular Season - 3
1001587,Eliteserien Noruega,2023/2024,2023-04-23,Sarpsborg 08 FF,ODD Ballklubb,0,0,0-0,Regular Season - 3
1001584,Eliteserien Noruega,2023/2024,2023-04-23,Aalesund,Bodo/Glimt,0,3,0-3,Regular Season - 3
1001585,Eliteserien Noruega,2023/2024,2023-04-23,Ham-Kam,Stromsgodset,2,0,2-0,Regular Season - 3
1001590,Eliteserien Noruega,2023/2024,2023-04-23,Lillestrom,Molde,2,1,2-1,Regular Season - 3
1001591,Eliteserien Noruega,2023/2024,2023-04-29,Bodo/Glimt,Brann,2,2,2-2,Regular Season - 4
1001595,Eliteserien Noruega,2023/2024,2023-04-30,Stromsgodset,Tromso,0,1,0-1,Regular Season - 4
1001592,Eliteserien Noruega,2023/2024,2023-04-30,Haugesund,Sarpsborg 08 FF,0,0,0-0,Regular Season - 4
1001593,Eliteserien Noruega,2023/2024,2023-04-30,Molde,Stabaek,2,3,2-3,Regular Season - 4
1001594,Eliteserien Noruega,2023/2024,2023-04-30,Sandefjord,Aalesund,4,0,4-0,Regular Season - 4
1001596,Eliteserien Noruega,2023/2024,2023-04-30,Viking,Ham-Kam,7,3,7-3,Regular Season - 4
1001597,Eliteserien Noruega,2023/2024,2023-04-30,ODD Ballklubb,Rosenborg,0,0,0-0,Regular Season - 4
1001598,Eliteserien Noruega,2023/2024,2023-05-01,Valerenga,Lillestrom,3,4,3-4,Regular Season - 4
1001704,Eliteserien Noruega,2023/2024,2023-05-03,Bodo/Glimt,ODD Ballklubb,2,0,2-0,Regular Season - 18
1001697,Eliteserien Noruega,2023/2024,2023-05-03,Molde,Aalesund,3,0,3-0,Regular Season - 17
1001706,Eliteserien Noruega,2023/2024,2023-05-03,Rosenborg,Brann,0,2,0-2,Regular Season - 18
1001599,Eliteserien Noruega,2023/2024,2023-05-06,Rosenborg,Valerenga,1,3,1-3,Regular Season - 5
1001602,Eliteserien Noruega,2023/2024,2023-05-07,Stabaek,Sarpsborg 08 FF,1,1,1-1,Regular Season - 5
1001603,Eliteserien Noruega,2023/2024,2023-05-07,Tromso,ODD Ballklubb,0,1,0-1,Regular Season - 5
1001600,Eliteserien Noruega,2023/2024,2023-05-07,Aalesund,Haugesund,0,0,0-0,Regular Season - 5
1001604,Eliteserien Noruega,2023/2024,2023-05-07,Viking,Stromsgodset,1,1,1-1,Regular Season - 5
1001601,Eliteserien Noruega,2023/2024,2023-05-07,Ham-Kam,Molde,0,4,0-4,Regular Season - 5
1001605,Eliteserien Noruega,2023/2024,2023-05-07,Lillestrom,Bodo/Glimt,1,2,1-2,Regular Season - 5
1001606,Eliteserien Noruega,2023/2024,2023-05-08,Brann,Sandefjord,0,0,0-0,Regular Season - 5
1001607,Eliteserien Noruega,2023/2024,2023-05-12,ODD Ballklubb,Lillestrom,0,1,0-1,Regular Season - 6
1001613,Eliteserien Noruega,2023/2024,2023-05-13,Stabaek,Aalesund,1,0,1-0,Regular Season - 6
1001608,Eliteserien Noruega,2023/2024,2023-05-13,Bodo/Glimt,Rosenborg,3,2,3-2,Regular Season - 6
1001610,Eliteserien Noruega,2023/2024,2023-05-13,Molde,Stromsgodset,3,2,3-2,Regular Season - 6
1001611,Eliteserien Noruega,2023/2024,2023-05-13,Sandefjord,Viking,1,2,1-2,Regular Season - 6
1001612,Eliteserien Noruega,2023/2024,2023-05-13,Sarpsborg 08 FF,Brann,2,1,2-1,Regular Season - 6
1001609,Eliteserien Noruega,2023/2024,2023-05-13,Ham-Kam,Tromso,1,2,1-2,Regular Season - 6
1001614,Eliteserien Noruega,2023/2024,2023-05-13,Haugesund,Valerenga,1,1,1-1,Regular Season - 6
1001616,Eliteserien Noruega,2023/2024,2023-05-16,Brann,Stabaek,4,1,4-1,Regular Season - 7
1001617,Eliteserien Noruega,2023/2024,2023-05-16,Lillestrom,Sarpsborg 08 FF,1,2,1-2,Regular Season - 7
1001619,Eliteserien Noruega,2023/2024,2023-05-16,Stromsgodset,Sandefjord,1,0,1-0,Regular Season - 7
1001620,Eliteserien Noruega,2023/2024,2023-05-16,Tromso,Bodo/Glimt,2,3,2-3,Regular Season - 7
1001622,Eliteserien Noruega,2023/2024,2023-05-16,Valerenga,Ham-Kam,3,0,3-0,Regular Season - 7
1001618,Eliteserien Noruega,2023/2024,2023-05-16,Rosenborg,Haugesund,1,0,1-0,Regular Season - 7
1001615,Eliteserien Noruega,2023/2024,2023-05-16,Aalesund,Molde,3,1,3-1,Regular Season - 7
1001621,Eliteserien Noruega,2023/2024,2023-05-16,Viking,ODD Ballklubb,3,2,3-2,Regular Season - 7
1001624,Eliteserien Noruega,2023/2024,2023-05-29,Brann,Rosenborg,3,1,3-1,Regular Season - 8
1001629,Eliteserien Noruega,2023/2024,2023-05-29,Stabaek,Valerenga,2,1,2-1,Regular Season - 8
1001623,Eliteserien Noruega,2023/2024,2023-05-29,Bodo/Glimt,Viking,5,1,5-1,Regular Season - 8
1001625,Eliteserien Noruega,2023/2024,2023-05-29,Haugesund,Tromso,1,2,1-2,Regular Season - 8
1001626,Eliteserien Noruega,2023/2024,2023-05-29,Molde,Sandefjord,5,0,5-0,Regular Season - 8
1001627,Eliteserien Noruega,2023/2024,2023-05-29,ODD Ballklubb,Stromsgodset,1,1,1-1,Regular Season - 8
1001628,Eliteserien Noruega,2023/2024,2023-05-29,Sarpsborg 08 FF,Aalesund,3,1,3-1,Regular Season - 8
1001630,Eliteserien Noruega,2023/2024,2023-05-29,Ham-Kam,Lillestrom,0,0,0-0,Regular Season - 8
1001632,Eliteserien Noruega,2023/2024,2023-06-04,Lillestrom,Stabaek,3,1,3-1,Regular Season - 9
1001635,Eliteserien Noruega,2023/2024,2023-06-04,Stromsgodset,Haugesund,1,2,1-2,Regular Season - 9
1001636,Eliteserien Noruega,2023/2024,2023-06-04,Tromso,Sarpsborg 08 FF,2,1,2-1,Regular Season - 9
1001637,Eliteserien Noruega,2023/2024,2023-06-04,Valerenga,Bodo/Glimt,1,3,1-3,Regular Season - 9
1001633,Eliteserien Noruega,2023/2024,2023-06-04,Rosenborg,Ham-Kam,4,0,4-0,Regular Season - 9
1001634,Eliteserien Noruega,2023/2024,2023-06-04,Sandefjord,ODD Ballklubb,4,1,4-1,Regular Season - 9
1001631,Eliteserien Noruega,2023/2024,2023-06-04,Aalesund,Brann,1,3,1-3,Regular Season - 9
1001638,Eliteserien Noruega,2023/2024,2023-06-04,Viking,Molde,3,4,3-4,Regular Season - 9
1001644,Eliteserien Noruega,2023/2024,2023-06-11,Stabaek,Rosenborg,2,2,2-2,Regular Season - 10
1001645,Eliteserien Noruega,2023/2024,2023-06-11,Valerenga,Stromsgodset,0,1,0-1,Regular Season - 10
1001640,Eliteserien Noruega,2023/2024,2023-06-11,Bodo/Glimt,Ham-Kam,3,0,3-0,Regular Season - 10
1001641,Eliteserien Noruega,2023/2024,2023-06-11,Haugesund,Sandefjord,3,2,3-2,Regular Season - 10
1001642,Eliteserien Noruega,2023/2024,2023-06-11,ODD Ballklubb,Molde,1,0,1-0,Regular Season - 10
1001643,Eliteserien Noruega,2023/2024,2023-06-11,Sarpsborg 08 FF,Viking,1,3,1-3,Regular Season - 10
1001639,Eliteserien Noruega,2023/2024,2023-06-11,Aalesund,Tromso,2,3,2-3,Regular Season - 10
1001646,Eliteserien Noruega,2023/2024,2023-06-11,Brann,Lillestrom,2,2,2-2,Regular Season - 10
1001647,Eliteserien Noruega,2023/2024,2023-06-24,Viking,Brann,3,1,3-1,Regular Season - 11
1001653,Eliteserien Noruega,2023/2024,2023-06-25,Tromso,Stabaek,2,1,2-1,Regular Season - 11
1001650,Eliteserien Noruega,2023/2024,2023-06-25,Molde,Haugesund,1,0,1-0,Regular Season - 11
1001651,Eliteserien Noruega,2023/2024,2023-06-25,Rosenborg,Sarpsborg 08 FF,0,3,0-3,Regular Season - 11
1001648,Eliteserien Noruega,2023/2024,2023-06-25,Ham-Kam,ODD Ballklubb,0,1,0-1,Regular Season - 11
1001654,Eliteserien Noruega,2023/2024,2023-06-25,Stromsgodset,Bodo/Glimt,2,0,2-0,Regular Season - 11
1001655,Eliteserien Noruega,2023/2024,2023-07-01,Valerenga,Viking,1,2,1-2,Regular Season - 12
1001657,Eliteserien Noruega,2023/2024,2023-07-02,Brann,Ham-Kam,2,1,2-1,Regular Season - 12
1001659,Eliteserien Noruega,2023/2024,2023-07-02,Lillestrom,Tromso,0,1,0-1,Regular Season - 12
1001658,Eliteserien Noruega,2023/2024,2023-07-02,Haugesund,ODD Ballklubb,2,1,2-1,Regular Season - 12
1001660,Eliteserien Noruega,2023/2024,2023-07-02,Sarpsborg 08 FF,Sandefjord,6,1,6-1,Regular Season - 12
1001656,Eliteserien Noruega,2023/2024,2023-07-02,Aalesund,Rosenborg,1,0,1-0,Regular Season - 12
1001661,Eliteserien Noruega,2023/2024,2023-07-02,Bodo/Glimt,Molde,2,2,2-2,Regular Season - 12
1001662,Eliteserien Noruega,2023/2024,2023-07-03,Stabaek,Stromsgodset,0,1,0-1,Regular Season - 12
1001663,Eliteserien Noruega,2023/2024,2023-07-07,Ham-Kam,Aalesund,2,1,2-1,Regular Season - 13
1001664,Eliteserien Noruega,2023/2024,2023-07-08,Viking,Haugesund,2,0,2-0,Regular Season - 13
1001668,Eliteserien Noruega,2023/2024,2023-07-09,Stromsgodset,Sarpsborg 08 FF,5,2,5-2,Regular Season - 13
1001669,Eliteserien Noruega,2023/2024,2023-07-09,Tromso,Valerenga,0,0,0-0,Regular Season - 13
1001665,Eliteserien Noruega,2023/2024,2023-07-09,ODD Ballklubb,Bodo/Glimt,0,2,0-2,Regular Season - 13
1001666,Eliteserien Noruega,2023/2024,2023-07-09,Rosenborg,Lillestrom,1,2,1-2,Regular Season - 13
1001667,Eliteserien Noruega,2023/2024,2023-07-09,Sandefjord,Stabaek,0,0,0-0,Regular Season - 13
1001670,Eliteserien Noruega,2023/2024,2023-07-09,Molde,Brann,2,0,2-0,Regular Season - 13
1001671,Eliteserien Noruega,2023/2024,2023-07-15,Valerenga,Molde,0,4,0-4,Regular Season - 14
1001674,Eliteserien Noruega,2023/2024,2023-07-16,Lillestrom,Sandefjord,4,2,4-2,Regular Season - 14
1001677,Eliteserien Noruega,2023/2024,2023-07-16,Stabaek,Viking,0,1,0-1,Regular Season - 14
1001673,Eliteserien Noruega,2023/2024,2023-07-16,Bodo/Glimt,Haugesund,2,1,2-1,Regular Season - 14
1001675,Eliteserien Noruega,2023/2024,2023-07-16,Rosenborg,Tromso,2,1,2-1,Regular Season - 14
1001676,Eliteserien Noruega,2023/2024,2023-07-16,Sarpsborg 08 FF,Ham-Kam,2,3,2-3,Regular Season - 14
1001672,Eliteserien Noruega,2023/2024,2023-07-16,Aalesund,ODD Ballklubb,0,3,0-3,Regular Season - 14
1001678,Eliteserien Noruega,2023/2024,2023-07-16,Brann,Stromsgodset,1,0,1-0,Regular Season - 14
1001649,Eliteserien Noruega,2023/2024,2023-07-19,Lillestrom,Aalesund,5,1,5-1,Regular Season - 11
1001679,Eliteserien Noruega,2023/2024,2023-07-22,Molde,Sarpsborg 08 FF,5,1,5-1,Regular Season - 15
1001684,Eliteserien Noruega,2023/2024,2023-07-23,Tromso,Brann,3,1,3-1,Regular Season - 15
1001681,Eliteserien Noruega,2023/2024,2023-07-23,Haugesund,Lillestrom,1,0,1-0,Regular Season - 15
1001682,Eliteserien Noruega,2023/2024,2023-07-23,ODD Ballklubb,Valerenga,2,1,2-1,Regular Season - 15
1001683,Eliteserien Noruega,2023/2024,2023-07-23,Sandefjord,Bodo/Glimt,2,5,2-5,Regular Season - 15
1001680,Eliteserien Noruega,2023/2024,2023-07-23,Ham-Kam,Stabaek,3,2,3-2,Regular Season - 15
1001685,Eliteserien Noruega,2023/2024,2023-07-23,Stromsgodset,Rosenborg,0,1,0-1,Regular Season - 15
1001686,Eliteserien Noruega,2023/2024,2023-07-24,Viking,Aalesund,3,1,3-1,Regular Season - 15
1001694,Eliteserien Noruega,2023/2024,2023-07-29,Valerenga,Sandefjord,2,3,2-3,Regular Season - 16
1001693,Eliteserien Noruega,2023/2024,2023-07-29,Stabaek,Molde,0,1,0-1,Regular Season - 16
1001689,Eliteserien Noruega,2023/2024,2023-07-30,Brann,Viking,0,2,0-2,Regular Season - 16
1001690,Eliteserien Noruega,2023/2024,2023-07-30,Lillestrom,Ham-Kam,3,1,3-1,Regular Season - 16
1001691,Eliteserien Noruega,2023/2024,2023-07-30,Rosenborg,ODD Ballklubb,3,2,3-2,Regular Season - 16
1001692,Eliteserien Noruega,2023/2024,2023-07-30,Sarpsborg 08 FF,Haugesund,2,1,2-1,Regular Season - 16
1001687,Eliteserien Noruega,2023/2024,2023-07-30,Aalesund,Stromsgodset,1,0,1-0,Regular Season - 16
1001688,Eliteserien Noruega,2023/2024,2023-07-30,Bodo/Glimt,Tromso,0,2,0-2,Regular Season - 16
1001700,Eliteserien Noruega,2023/2024,2023-08-05,Stromsgodset,Valerenga,1,3,1-3,Regular Season - 17
1001701,Eliteserien Noruega,2023/2024,2023-08-06,Tromso,Lillestrom,3,1,3-1,Regular Season - 17
1001696,Eliteserien Noruega,2023/2024,2023-08-06,Haugesund,Rosenborg,1,2,1-2,Regular Season - 17
1001698,Eliteserien Noruega,2023/2024,2023-08-06,ODD Ballklubb,Stabaek,4,0,4-0,Regular Season - 17
1001699,Eliteserien Noruega,2023/2024,2023-08-06,Sandefjord,Sarpsborg 08 FF,5,1,5-1,Regular Season - 17
1001695,Eliteserien Noruega,2023/2024,2023-08-06,Ham-Kam,Brann,0,2,0-2,Regular Season - 17
1001702,Eliteserien Noruega,2023/2024,2023-08-06,Viking,Bodo/Glimt,3,2,3-2,Regular Season - 17
1001707,Eliteserien Noruega,2023/2024,2023-08-12,Sandefjord,Molde,2,2,2-2,Regular Season - 18
1001708,Eliteserien Noruega,2023/2024,2023-08-12,Sarpsborg 08 FF,Stromsgodset,1,2,1-2,Regular Season - 18
1001705,Eliteserien Noruega,2023/2024,2023-08-13,Lillestrom,Viking,1,3,1-3,Regular Season - 18
1001703,Eliteserien Noruega,2023/2024,2023-08-13,Aalesund,Ham-Kam,0,2,0-2,Regular Season - 18
1001710,Eliteserien Noruega,2023/2024,2023-08-13,Valerenga,Haugesund,1,1,1-1,Regular Season - 18
1001714,Eliteserien Noruega,2023/2024,2023-08-19,Molde,Valerenga,0,0,0-0,Regular Season - 19
1001715,Eliteserien Noruega,2023/2024,2023-08-19,ODD Ballklubb,Sarpsborg 08 FF,0,3,0-3,Regular Season - 19
1001711,Eliteserien Noruega,2023/2024,2023-08-20,Brann,Aalesund,5,1,5-1,Regular Season - 19
1001717,Eliteserien Noruega,2023/2024,2023-08-20,Tromso,Sandefjord,1,0,1-0,Regular Season - 19
1001713,Eliteserien Noruega,2023/2024,2023-08-20,Haugesund,Bodo/Glimt,1,3,1-3,Regular Season - 19
1001718,Eliteserien Noruega,2023/2024,2023-08-20,Viking,Stabaek,1,0,1-0,Regular Season - 19
1001712,Eliteserien Noruega,2023/2024,2023-08-20,Ham-Kam,Rosenborg,3,0,3-0,Regular Season - 19
1001716,Eliteserien Noruega,2023/2024,2023-08-20,Stromsgodset,Lillestrom,1,2,1-2,Regular Season - 19
1001724,Eliteserien Noruega,2023/2024,2023-08-26,Sarpsborg 08 FF,Tromso,4,0,4-0,Regular Season - 20
1001726,Eliteserien Noruega,2023/2024,2023-08-27,Valerenga,ODD Ballklubb,2,2,2-2,Regular Season - 20
1001723,Eliteserien Noruega,2023/2024,2023-08-27,Sandefjord,Haugesund,0,0,0-0,Regular Season - 20
1001722,Eliteserien Noruega,2023/2024,2023-08-27,Rosenborg,Aalesund,4,0,4-0,Regular Season - 20
1001734,Eliteserien Noruega,2023/2024,2023-09-02,Viking,Valerenga,1,1,1-1,Regular Season - 21
1001728,Eliteserien Noruega,2023/2024,2023-09-03,Brann,Sarpsborg 08 FF,1,0,1-0,Regular Season - 21
1001732,Eliteserien Noruega,2023/2024,2023-09-03,Stromsgodset,Stabaek,2,1,2-1,Regular Season - 21
1001733,Eliteserien Noruega,2023/2024,2023-09-03,Tromso,Rosenborg,3,1,3-1,Regular Season - 21
1001730,Eliteserien Noruega,2023/2024,2023-09-03,Haugesund,Molde,1,2,1-2,Regular Season - 21
1001731,Eliteserien Noruega,2023/2024,2023-09-03,ODD Ballklubb,Sandefjord,3,2,3-2,Regular Season - 21
1001727,Eliteserien Noruega,2023/2024,2023-09-03,Aalesund,Lillestrom,1,1,1-1,Regular Season - 21
1001729,Eliteserien Noruega,2023/2024,2023-09-03,Ham-Kam,Bodo/Glimt,4,4,4-4,Regular Season - 21
1001735,Eliteserien Noruega,2023/2024,2023-09-16,Haugesund,Viking,0,2,0-2,Regular Season - 22
1001736,Eliteserien Noruega,2023/2024,2023-09-16,Molde,ODD Ballklubb,4,1,4-1,Regular Season - 22
1001738,Eliteserien Noruega,2023/2024,2023-09-16,Sandefjord,Stromsgodset,2,0,2-0,Regular Season - 22
1001740,Eliteserien Noruega,2023/2024,2023-09-17,Stabaek,Brann,0,1,0-1,Regular Season - 22
1001741,Eliteserien Noruega,2023/2024,2023-09-17,Tromso,Ham-Kam,2,1,2-1,Regular Season - 22
1001737,Eliteserien Noruega,2023/2024,2023-09-17,Rosenborg,Bodo/Glimt,1,1,1-1,Regular Season - 22
1001739,Eliteserien Noruega,2023/2024,2023-09-17,Sarpsborg 08 FF,Lillestrom,3,1,3-1,Regular Season - 22
1001742,Eliteserien Noruega,2023/2024,2023-09-17,Valerenga,Aalesund,3,1,3-1,Regular Season - 22
1001743,Eliteserien Noruega,2023/2024,2023-09-23,Aalesund,Stabaek,1,1,1-1,Regular Season - 23
1001747,Eliteserien Noruega,2023/2024,2023-09-24,Lillestrom,Rosenborg,3,0,3-0,Regular Season - 23
1001749,Eliteserien Noruega,2023/2024,2023-09-24,Stromsgodset,Molde,1,1,1-1,Regular Season - 23
1001744,Eliteserien Noruega,2023/2024,2023-09-24,Bodo/Glimt,Valerenga,4,2,4-2,Regular Season - 23
1001748,Eliteserien Noruega,2023/2024,2023-09-24,ODD Ballklubb,Haugesund,1,1,1-1,Regular Season - 23
1001750,Eliteserien Noruega,2023/2024,2023-09-24,Viking,Sandefjord,4,3,4-3,Regular Season - 23
1001746,Eliteserien Noruega,2023/2024,2023-09-24,Ham-Kam,Sarpsborg 08 FF,1,1,1-1,Regular Season - 23
1001745,Eliteserien Noruega,2023/2024,2023-09-24,Brann,Tromso,2,1,2-1,Regular Season - 23
1001709,Eliteserien Noruega,2023/2024,2023-09-30,Stabaek,Tromso,0,1,0-1,Regular Season - 18
1001720,Eliteserien Noruega,2023/2024,2023-10-01,Lillestrom,Brann,0,2,0-2,Regular Season - 20
1001721,Eliteserien Noruega,2023/2024,2023-10-01,Molde,Viking,4,0,4-0,Regular Season - 20
1001652,Eliteserien Noruega,2023/2024,2023-10-01,Sandefjord,Valerenga,1,2,1-2,Regular Season - 11
1001719,Eliteserien Noruega,2023/2024,2023-10-01,Bodo/Glimt,Stromsgodset,2,0,2-0,Regular Season - 20
1001725,Eliteserien Noruega,2023/2024,2023-10-04,Stabaek,Ham-Kam,5,2,5-2,Regular Season - 20
1001753,Eliteserien Noruega,2023/2024,2023-10-07,ODD Ballklubb,Viking,1,1,1-1,Regular Season - 24
1001756,Eliteserien Noruega,2023/2024,2023-10-08,Stabaek,Lillestrom,1,0,1-0,Regular Season - 24
1001757,Eliteserien Noruega,2023/2024,2023-10-08,Tromso,Aalesund,1,2,1-2,Regular Season - 24
1001751,Eliteserien Noruega,2023/2024,2023-10-08,Haugesund,Stromsgodset,1,0,1-0,Regular Season - 24
1001752,Eliteserien Noruega,2023/2024,2023-10-08,Molde,Bodo/Glimt,1,3,1-3,Regular Season - 24
1001754,Eliteserien Noruega,2023/2024,2023-10-08,Sandefjord,Ham-Kam,0,1,0-1,Regular Season - 24
1001755,Eliteserien Noruega,2023/2024,2023-10-08,Sarpsborg 08 FF,Rosenborg,5,2,5-2,Regular Season - 24
1001758,Eliteserien Noruega,2023/2024,2023-10-08,Valerenga,Brann,1,2,1-2,Regular Season - 24
1001760,Eliteserien Noruega,2023/2024,2023-10-21,Bodo/Glimt,Sandefjord,4,3,4-3,Regular Season - 25
1001761,Eliteserien Noruega,2023/2024,2023-10-21,Brann,Molde,3,2,3-2,Regular Season - 25
1001763,Eliteserien Noruega,2023/2024,2023-10-22,Lillestrom,Valerenga,2,0,2-0,Regular Season - 25
1001765,Eliteserien Noruega,2023/2024,2023-10-22,Stromsgodset,ODD Ballklubb,3,1,3-1,Regular Season - 25
1001764,Eliteserien Noruega,2023/2024,2023-10-22,Rosenborg,Stabaek,1,1,1-1,Regular Season - 25
1001759,Eliteserien Noruega,2023/2024,2023-10-22,Aalesund,Sarpsborg 08 FF,3,2,3-2,Regular Season - 25
1001762,Eliteserien Noruega,2023/2024,2023-10-22,Ham-Kam,Haugesund,0,3,0-3,Regular Season - 25
1001766,Eliteserien Noruega,2023/2024,2023-10-22,Viking,Tromso,3,4,3-4,Regular Season - 25
1001768,Eliteserien Noruega,2023/2024,2023-10-28,Haugesund,Aalesund,6,1,6-1,Regular Season - 26
1001773,Eliteserien Noruega,2023/2024,2023-10-29,Stromsgodset,Viking,1,0,1-0,Regular Season - 26
1001770,Eliteserien Noruega,2023/2024,2023-10-29,ODD Ballklubb,Ham-Kam,2,0,2-0,Regular Season - 26
1001771,Eliteserien Noruega,2023/2024,2023-10-29,Sandefjord,Brann,1,1,1-1,Regular Season - 26
1001772,Eliteserien Noruega,2023/2024,2023-10-29,Sarpsborg 08 FF,Stabaek,2,2,2-2,Regular Season - 26
1001774,Eliteserien Noruega,2023/2024,2023-10-29,Valerenga,Rosenborg,1,3,1-3,Regular Season - 26
1001767,Eliteserien Noruega,2023/2024,2023-10-30,Bodo/Glimt,Lillestrom,3,1,3-1,Regular Season - 26
1001769,Eliteserien Noruega,2023/2024,2023-10-30,Molde,Tromso,1,4,1-4,Regular Season - 26
1001777,Eliteserien Noruega,2023/2024,2023-11-04,Ham-Kam,Viking,3,0,3-0,Regular Season - 27
1001776,Eliteserien Noruega,2023/2024,2023-11-05,Brann,ODD Ballklubb,2,1,2-1,Regular Season - 27
1001778,Eliteserien Noruega,2023/2024,2023-11-05,Lillestrom,Haugesund,1,0,1-0,Regular Season - 27
1001781,Eliteserien Noruega,2023/2024,2023-11-05,Stabaek,Bodo/Glimt,0,4,0-4,Regular Season - 27
1001779,Eliteserien Noruega,2023/2024,2023-11-05,Rosenborg,Molde,3,1,3-1,Regular Season - 27
1001780,Eliteserien Noruega,2023/2024,2023-11-05,Sarpsborg 08 FF,Valerenga,3,2,3-2,Regular Season - 27
1001782,Eliteserien Noruega,2023/2024,2023-11-05,Tromso,Stromsgodset,0,1,0-1,Regular Season - 27
1001775,Eliteserien Noruega,2023/2024,2023-11-06,Aalesund,Sandefjord,0,3,0-3,Regular Season - 27
1001784,Eliteserien Noruega,2023/2024,2023-11-11,Haugesund,Brann,0,2,0-2,Regular Season - 28
1001788,Eliteserien Noruega,2023/2024,2023-11-12,Stromsgodset,Ham-Kam,0,1,0-1,Regular Season - 28
1001790,Eliteserien Noruega,2023/2024,2023-11-12,Valerenga,Stabaek,0,0,0-0,Regular Season - 28
1001783,Eliteserien Noruega,2023/2024,2023-11-12,Bodo/Glimt,Aalesund,1,0,1-0,Regular Season - 28
1001786,Eliteserien Noruega,2023/2024,2023-11-12,ODD Ballklubb,Tromso,1,2,1-2,Regular Season - 28
1001787,Eliteserien Noruega,2023/2024,2023-11-12,Sandefjord,Rosenborg,3,2,3-2,Regular Season - 28
1001789,Eliteserien Noruega,2023/2024,2023-11-12,Viking,Sarpsborg 08 FF,2,1,2-1,Regular Season - 28
1001785,Eliteserien Noruega,2023/2024,2023-11-12,Molde,Lillestrom,4,0,4-0,Regular Season - 28
1001792,Eliteserien Noruega,2023/2024,2023-11-26,Brann,Bodo/Glimt,4,2,4-2,Regular Season - 29
1001794,Eliteserien Noruega,2023/2024,2023-11-26,Lillestrom,ODD Ballklubb,4,4,4-4,Regular Season - 29
1001797,Eliteserien Noruega,2023/2024,2023-11-26,Stabaek,Sandefjord,2,1,2-1,Regular Season - 29
1001798,Eliteserien Noruega,2023/2024,2023-11-26,Tromso,Haugesund,2,1,2-1,Regular Season - 29
1001795,Eliteserien Noruega,2023/2024,2023-11-26,Rosenborg,Stromsgodset,1,3,1-3,Regular Season - 29
1001796,Eliteserien Noruega,2023/2024,2023-11-26,Sarpsborg 08 FF,Molde,1,3,1-3,Regular Season - 29
1001791,Eliteserien Noruega,2023/2024,2023-11-26,Aalesund,Viking,0,4,0-4,Regular Season - 29
1001793,Eliteserien Noruega,2023/2024,2023-11-26,Ham-Kam,Valerenga,0,2,0-2,Regular Season - 29
1001804,Eliteserien Noruega,2023/2024,2023-12-03,Stromsgodset,Brann,3,0,3-0,Regular Season - 30
1001806,Eliteserien Noruega,2023/2024,2023-12-03,Valerenga,Tromso,1,1,1-1,Regular Season - 30
1001799,Eliteserien Noruega,2023/2024,2023-12-03,Bodo/Glimt,Sarpsborg 08 FF,2,0,2-0,Regular Season - 30
1001800,Eliteserien Noruega,2023/2024,2023-12-03,Haugesund,Stabaek,3,0,3-0,Regular Season - 30
1001801,Eliteserien Noruega,2023/2024,2023-12-03,Molde,Ham-Kam,1,1,1-1,Regular Season - 30
1001802,Eliteserien Noruega,2023/2024,2023-12-03,ODD Ballklubb,Aalesund,4,1,4-1,Regular Season - 30
1001803,Eliteserien Noruega,2023/2024,2023-12-03,Sandefjord,Lillestrom,1,0,1-0,Regular Season - 30
1001805,Eliteserien Noruega,2023/2024,2023-12-03,Viking,Rosenborg,1,5,1-5,Regular Season - 30
1145731,Eliteserien Noruega,2023/2024,2023-12-06,Kristiansund BK,Valerenga,0,2,0-2,Relegation Round
1164320,Eliteserien Noruega,2024/2025,2024-03-31,ODD Ballklubb,Haugesund,1,2,1-2,Regular Season - 1
1164321,Eliteserien Noruega,2024/2025,2024-04-01,Fredrikstad,Bodo/Glimt,0,2,0-2,Regular Season - 1
1164324,Eliteserien Noruega,2024/2025,2024-04-01,Lillestrom,Kristiansund BK,2,3,2-3,Regular Season - 1
1164323,Eliteserien Noruega,2024/2025,2024-04-01,Tromso,Brann,2,4,2-4,Regular Season - 1
1164322,Eliteserien Noruega,2024/2025,2024-04-01,Molde,Stromsgodset,4,0,4-0,Regular Season - 1
1164325,Eliteserien Noruega,2024/2025,2024-04-01,Rosenborg,Sandefjord,2,0,2-0,Regular Season - 1
1164326,Eliteserien Noruega,2024/2025,2024-04-01,Viking,Sarpsborg 08 FF,1,0,1-0,Regular Season - 1
1164327,Eliteserien Noruega,2024/2025,2024-04-02,KFUM Oslo,Ham-Kam,1,1,1-1,Regular Season - 1
1164328,Eliteserien Noruega,2024/2025,2024-04-06,Bodo/Glimt,Viking,1,0,1-0,Regular Season - 2
1164329,Eliteserien Noruega,2024/2025,2024-04-07,Kristiansund BK,KFUM Oslo,1,1,1-1,Regular Season - 2
1164332,Eliteserien Noruega,2024/2025,2024-04-07,Stromsgodset,Rosenborg,1,0,1-0,Regular Season - 2
1164333,Eliteserien Noruega,2024/2025,2024-04-07,Haugesund,Lillestrom,0,2,0-2,Regular Season - 2
1164331,Eliteserien Noruega,2024/2025,2024-04-07,Sarpsborg 08 FF,ODD Ballklubb,0,1,0-1,Regular Season - 2
1164330,Eliteserien Noruega,2024/2025,2024-04-07,Ham-Kam,Molde,0,1,0-1,Regular Season - 2
1164335,Eliteserien Noruega,2024/2025,2024-04-07,Brann,Fredrikstad,0,2,0-2,Regular Season - 2
1164336,Eliteserien Noruega,2024/2025,2024-04-13,Fredrikstad,Sarpsborg 08 FF,2,2,2-2,Regular Season - 3
1164337,Eliteserien Noruega,2024/2025,2024-04-14,Viking,Brann,1,1,1-1,Regular Season - 3
1164338,Eliteserien Noruega,2024/2025,2024-04-14,Tromso,Haugesund,0,1,0-1,Regular Season - 3
1164339,Eliteserien Noruega,2024/2025,2024-04-14,Molde,Kristiansund BK,2,0,2-0,Regular Season - 3
1164340,Eliteserien Noruega,2024/2025,2024-04-14,ODD Ballklubb,Sandefjord,2,2,2-2,Regular Season - 3
1164341,Eliteserien Noruega,2024/2025,2024-04-14,Rosenborg,Ham-Kam,1,0,1-0,Regular Season - 3
1164342,Eliteserien Noruega,2024/2025,2024-04-14,Lillestrom,Bodo/Glimt,0,5,0-5,Regular Season - 3
1164343,Eliteserien Noruega,2024/2025,2024-04-16,KFUM Oslo,Stromsgodset,1,3,1-3,Regular Season - 3
1164440,Eliteserien Noruega,2024/2025,2024-04-17,Brann,Ham-Kam,1,0,1-0,Regular Season - 16
1164449,Eliteserien Noruega,2024/2025,2024-04-17,Molde,ODD Ballklubb,1,2,1-2,Regular Season - 17
1164344,Eliteserien Noruega,2024/2025,2024-04-21,Ham-Kam,Stromsgodset,0,1,0-1,Regular Season - 4
1164347,Eliteserien Noruega,2024/2025,2024-04-21,Brann,ODD Ballklubb,2,0,2-0,Regular Season - 4
1164350,Eliteserien Noruega,2024/2025,2024-04-21,Kristiansund BK,Tromso,1,0,1-0,Regular Season - 4
1164349,Eliteserien Noruega,2024/2025,2024-04-21,Haugesund,Rosenborg,1,3,1-3,Regular Season - 4
1164345,Eliteserien Noruega,2024/2025,2024-04-21,Sandefjord,Lillestrom,0,1,0-1,Regular Season - 4
1164346,Eliteserien Noruega,2024/2025,2024-04-21,Sarpsborg 08 FF,KFUM Oslo,0,2,0-2,Regular Season - 4
1164348,Eliteserien Noruega,2024/2025,2024-04-21,Viking,Fredrikstad,1,1,1-1,Regular Season - 4
1164351,Eliteserien Noruega,2024/2025,2024-04-21,Bodo/Glimt,Molde,1,1,1-1,Regular Season - 4
1164352,Eliteserien Noruega,2024/2025,2024-04-27,Rosenborg,Bodo/Glimt,1,3,1-3,Regular Season - 5
1164356,Eliteserien Noruega,2024/2025,2024-04-28,Lillestrom,Ham-Kam,1,1,1-1,Regular Season - 5
1164358,Eliteserien Noruega,2024/2025,2024-04-28,Stromsgodset,Kristiansund BK,2,2,2-2,Regular Season - 5
1164354,Eliteserien Noruega,2024/2025,2024-04-28,Tromso,Sarpsborg 08 FF,0,3,0-3,Regular Season - 5
1164357,Eliteserien Noruega,2024/2025,2024-04-28,Molde,Haugesund,2,1,2-1,Regular Season - 5
1164355,Eliteserien Noruega,2024/2025,2024-04-28,KFUM Oslo,Brann,0,0,0-0,Regular Season - 5
1164353,Eliteserien Noruega,2024/2025,2024-04-28,Fredrikstad,Sandefjord,1,0,1-0,Regular Season - 5
1164359,Eliteserien Noruega,2024/2025,2024-04-28,ODD Ballklubb,Viking,3,3,3-3,Regular Season - 5
1164360,Eliteserien Noruega,2024/2025,2024-05-04,Brann,Rosenborg,3,0,3-0,Regular Season - 6
1164362,Eliteserien Noruega,2024/2025,2024-05-05,Kristiansund BK,Ham-Kam,1,1,1-1,Regular Season - 6
1164365,Eliteserien Noruega,2024/2025,2024-05-05,Bodo/Glimt,Stromsgodset,1,0,1-0,Regular Season - 6
1164361,Eliteserien Noruega,2024/2025,2024-05-05,Haugesund,KFUM Oslo,0,1,0-1,Regular Season - 6
1164364,Eliteserien Noruega,2024/2025,2024-05-05,ODD Ballklubb,Fredrikstad,0,2,0-2,Regular Season - 6
1164366,Eliteserien Noruega,2024/2025,2024-05-05,Sandefjord,Molde,3,1,3-1,Regular Season - 6
1164363,Eliteserien Noruega,2024/2025,2024-05-05,Sarpsborg 08 FF,Lillestrom,1,0,1-0,Regular Season - 6
1164367,Eliteserien Noruega,2024/2025,2024-05-05,Viking,Tromso,2,1,2-1,Regular Season - 6
1164368,Eliteserien Noruega,2024/2025,2024-05-11,Molde,Rosenborg,2,2,2-2,Regular Season - 7
1164369,Eliteserien Noruega,2024/2025,2024-05-12,Kristiansund BK,Bodo/Glimt,2,4,2-4,Regular Season - 7
1164370,Eliteserien Noruega,2024/2025,2024-05-12,Stromsgodset,Viking,0,1,0-1,Regular Season - 7
1164374,Eliteserien Noruega,2024/2025,2024-05-12,Tromso,ODD Ballklubb,4,0,4-0,Regular Season - 7
1164373,Eliteserien Noruega,2024/2025,2024-05-12,Sandefjord,Sarpsborg 08 FF,4,1,4-1,Regular Season - 7
1164371,Eliteserien Noruega,2024/2025,2024-05-12,KFUM Oslo,Fredrikstad,1,4,1-4,Regular Season - 7
1164372,Eliteserien Noruega,2024/2025,2024-05-12,Ham-Kam,Haugesund,2,2,2-2,Regular Season - 7
1164375,Eliteserien Noruega,2024/2025,2024-05-12,Lillestrom,Brann,0,2,0-2,Regular Season - 7
1164376,Eliteserien Noruega,2024/2025,2024-05-16,Brann,Sandefjord,2,1,2-1,Regular Season - 8
1164380,Eliteserien Noruega,2024/2025,2024-05-16,Bodo/Glimt,Tromso,4,0,4-0,Regular Season - 8
1164377,Eliteserien Noruega,2024/2025,2024-05-16,Haugesund,Kristiansund BK,1,0,1-0,Regular Season - 8
1164382,Eliteserien Noruega,2024/2025,2024-05-16,ODD Ballklubb,Molde,0,4,0-4,Regular Season - 8
1164383,Eliteserien Noruega,2024/2025,2024-05-16,Rosenborg,KFUM Oslo,1,3,1-3,Regular Season - 8
1164378,Eliteserien Noruega,2024/2025,2024-05-16,Sarpsborg 08 FF,Ham-Kam,1,7,1-7,Regular Season - 8
1164379,Eliteserien Noruega,2024/2025,2024-05-16,Viking,Lillestrom,1,4,1-4,Regular Season - 8
1164381,Eliteserien Noruega,2024/2025,2024-05-16,Fredrikstad,Stromsgodset,4,1,4-1,Regular Season - 8
1164384,Eliteserien Noruega,2024/2025,2024-05-20,Kristiansund BK,Brann,2,2,2-2,Regular Season - 9
1164389,Eliteserien Noruega,2024/2025,2024-05-20,Lillestrom,Fredrikstad,0,3,0-3,Regular Season - 9
1164386,Eliteserien Noruega,2024/2025,2024-05-20,Stromsgodset,Haugesund,2,0,2-0,Regular Season - 9
1164390,Eliteserien Noruega,2024/2025,2024-05-20,Molde,Sarpsborg 08 FF,2,4,2-4,Regular Season - 9
1164385,Eliteserien Noruega,2024/2025,2024-05-20,Sandefjord,Viking,0,3,0-3,Regular Season - 9
1164388,Eliteserien Noruega,2024/2025,2024-05-20,KFUM Oslo,ODD Ballklubb,0,0,0-0,Regular Season - 9
1164387,Eliteserien Noruega,2024/2025,2024-05-20,Ham-Kam,Bodo/Glimt,1,0,1-0,Regular Season - 9
1164391,Eliteserien Noruega,2024/2025,2024-05-20,Tromso,Rosenborg,3,2,3-2,Regular Season - 9
1164392,Eliteserien Noruega,2024/2025,2024-05-24,Bodo/Glimt,KFUM Oslo,2,2,2-2,Regular Season - 10
1164393,Eliteserien Noruega,2024/2025,2024-05-25,Fredrikstad,Tromso,0,0,0-0,Regular Season - 10
1164397,Eliteserien Noruega,2024/2025,2024-05-26,Haugesund,Sandefjord,2,1,2-1,Regular Season - 10
1164394,Eliteserien Noruega,2024/2025,2024-05-26,ODD Ballklubb,Lillestrom,2,1,2-1,Regular Season - 10
1164398,Eliteserien Noruega,2024/2025,2024-05-26,Rosenborg,Kristiansund BK,2,1,2-1,Regular Season - 10
1164395,Eliteserien Noruega,2024/2025,2024-05-26,Sarpsborg 08 FF,Stromsgodset,1,3,1-3,Regular Season - 10
1164396,Eliteserien Noruega,2024/2025,2024-05-26,Viking,Ham-Kam,3,0,3-0,Regular Season - 10
1164399,Eliteserien Noruega,2024/2025,2024-05-26,Brann,Molde,1,3,1-3,Regular Season - 10
1164458,Eliteserien Noruega,2024/2025,2024-05-29,Brann,Kristiansund BK,2,1,2-1,Regular Season - 18
1164457,Eliteserien Noruega,2024/2025,2024-05-29,Tromso,Fredrikstad,3,0,3-0,Regular Season - 18
1164471,Eliteserien Noruega,2024/2025,2024-05-29,Bodo/Glimt,Sandefjord,1,1,1-1,Regular Season - 19
1164400,Eliteserien Noruega,2024/2025,2024-06-01,Ham-Kam,Brann,1,2,1-2,Regular Season - 11
1164401,Eliteserien Noruega,2024/2025,2024-06-02,Molde,Viking,2,2,2-2,Regular Season - 11
1164405,Eliteserien Noruega,2024/2025,2024-06-02,Kristiansund BK,Sarpsborg 08 FF,3,1,3-1,Regular Season - 11
1164402,Eliteserien Noruega,2024/2025,2024-06-02,Stromsgodset,ODD Ballklubb,1,1,1-1,Regular Season - 11
1164406,Eliteserien Noruega,2024/2025,2024-06-02,Tromso,Lillestrom,1,2,1-2,Regular Season - 11
1164403,Eliteserien Noruega,2024/2025,2024-06-02,Haugesund,Bodo/Glimt,0,1,0-1,Regular Season - 11
1164404,Eliteserien Noruega,2024/2025,2024-06-02,KFUM Oslo,Sandefjord,3,3,3-3,Regular Season - 11
1164407,Eliteserien Noruega,2024/2025,2024-06-02,Rosenborg,Fredrikstad,1,1,1-1,Regular Season - 11
1164408,Eliteserien Noruega,2024/2025,2024-06-27,Sandefjord,Ham-Kam,1,2,1-2,Regular Season - 12
1164409,Eliteserien Noruega,2024/2025,2024-06-27,Lillestrom,KFUM Oslo,2,1,2-1,Regular Season - 12
1164410,Eliteserien Noruega,2024/2025,2024-06-28,Brann,Stromsgodset,0,0,0-0,Regular Season - 12
1164412,Eliteserien Noruega,2024/2025,2024-06-28,ODD Ballklubb,Kristiansund BK,1,1,1-1,Regular Season - 12
1164411,Eliteserien Noruega,2024/2025,2024-06-28,Sarpsborg 08 FF,Bodo/Glimt,1,2,1-2,Regular Season - 12
1164414,Eliteserien Noruega,2024/2025,2024-06-28,Tromso,Molde,0,2,0-2,Regular Season - 12
1164415,Eliteserien Noruega,2024/2025,2024-06-30,Viking,Rosenborg,4,2,4-2,Regular Season - 12
1164334,Eliteserien Noruega,2024/2025,2024-07-03,Sandefjord,Tromso,1,2,1-2,Regular Season - 2
1164416,Eliteserien Noruega,2024/2025,2024-07-07,Bodo/Glimt,Brann,5,1,5-1,Regular Season - 13
1164421,Eliteserien Noruega,2024/2025,2024-07-07,Haugesund,Sarpsborg 08 FF,1,2,1-2,Regular Season - 13
1164420,Eliteserien Noruega,2024/2025,2024-07-07,Molde,Lillestrom,3,0,3-0,Regular Season - 13
1164417,Eliteserien Noruega,2024/2025,2024-07-07,KFUM Oslo,Viking,1,2,1-2,Regular Season - 13
1164419,Eliteserien Noruega,2024/2025,2024-07-07,Ham-Kam,Tromso,0,0,0-0,Regular Season - 13
1164422,Eliteserien Noruega,2024/2025,2024-07-07,Rosenborg,ODD Ballklubb,2,1,2-1,Regular Season - 13
1164418,Eliteserien Noruega,2024/2025,2024-07-08,Kristiansund BK,Fredrikstad,3,1,3-1,Regular Season - 13
1164423,Eliteserien Noruega,2024/2025,2024-07-08,Stromsgodset,Sandefjord,1,1,1-1,Regular Season - 13
1164424,Eliteserien Noruega,2024/2025,2024-07-12,Sarpsborg 08 FF,Rosenborg,4,1,4-1,Regular Season - 14
1164427,Eliteserien Noruega,2024/2025,2024-07-13,Lillestrom,Stromsgodset,3,1,3-1,Regular Season - 14
1164426,Eliteserien Noruega,2024/2025,2024-07-13,ODD Ballklubb,Ham-Kam,1,2,1-2,Regular Season - 14
1164428,Eliteserien Noruega,2024/2025,2024-07-13,Sandefjord,Bodo/Glimt,2,1,2-1,Regular Season - 14
1164429,Eliteserien Noruega,2024/2025,2024-07-13,Viking,Kristiansund BK,2,0,2-0,Regular Season - 14
1164425,Eliteserien Noruega,2024/2025,2024-07-13,Fredrikstad,Molde,0,0,0-0,Regular Season - 14
1164430,Eliteserien Noruega,2024/2025,2024-07-13,Brann,Haugesund,1,1,1-1,Regular Season - 14
1164431,Eliteserien Noruega,2024/2025,2024-07-13,Tromso,KFUM Oslo,1,2,1-2,Regular Season - 14
1164432,Eliteserien Noruega,2024/2025,2024-07-19,Bodo/Glimt,ODD Ballklubb,3,1,3-1,Regular Season - 15
1164433,Eliteserien Noruega,2024/2025,2024-07-20,Sarpsborg 08 FF,Brann,1,1,1-1,Regular Season - 15
1164437,Eliteserien Noruega,2024/2025,2024-07-20,Molde,KFUM Oslo,2,3,2-3,Regular Season - 15
1164434,Eliteserien Noruega,2024/2025,2024-07-21,Stromsgodset,Tromso,0,1,0-1,Regular Season - 15
1164436,Eliteserien Noruega,2024/2025,2024-07-21,Haugesund,Viking,1,0,1-0,Regular Season - 15
1164435,Eliteserien Noruega,2024/2025,2024-07-21,Ham-Kam,Fredrikstad,0,1,0-1,Regular Season - 15
1164443,Eliteserien Noruega,2024/2025,2024-07-27,KFUM Oslo,Bodo/Glimt,1,1,1-1,Regular Season - 16
1164442,Eliteserien Noruega,2024/2025,2024-07-27,Fredrikstad,Rosenborg,2,2,2-2,Regular Season - 16
1164444,Eliteserien Noruega,2024/2025,2024-07-28,Lillestrom,Sarpsborg 08 FF,2,2,2-2,Regular Season - 16
1164447,Eliteserien Noruega,2024/2025,2024-07-28,Tromso,Kristiansund BK,0,0,0-0,Regular Season - 16
1164445,Eliteserien Noruega,2024/2025,2024-07-28,ODD Ballklubb,Stromsgodset,2,0,2-0,Regular Season - 16
1164446,Eliteserien Noruega,2024/2025,2024-07-28,Sandefjord,Haugesund,4,3,4-3,Regular Season - 16
1164441,Eliteserien Noruega,2024/2025,2024-07-28,Viking,Molde,1,0,1-0,Regular Season - 16
1164454,Eliteserien Noruega,2024/2025,2024-08-03,Bodo/Glimt,Haugesund,4,2,4-2,Regular Season - 17
1164453,Eliteserien Noruega,2024/2025,2024-08-04,Kristiansund BK,Lillestrom,2,1,2-1,Regular Season - 17
1164452,Eliteserien Noruega,2024/2025,2024-08-04,Stromsgodset,Brann,2,3,2-3,Regular Season - 17
1164451,Eliteserien Noruega,2024/2025,2024-08-04,Sarpsborg 08 FF,Sandefjord,2,1,2-1,Regular Season - 17
1164455,Eliteserien Noruega,2024/2025,2024-08-04,Fredrikstad,KFUM Oslo,0,0,0-0,Regular Season - 17
1164448,Eliteserien Noruega,2024/2025,2024-08-04,Ham-Kam,Viking,3,3,3-3,Regular Season - 17
1164450,Eliteserien Noruega,2024/2025,2024-08-04,Rosenborg,Tromso,1,0,1-0,Regular Season - 17
1164456,Eliteserien Noruega,2024/2025,2024-08-09,Sandefjord,Stromsgodset,2,2,2-2,Regular Season - 18
1164459,Eliteserien Noruega,2024/2025,2024-08-10,Haugesund,Ham-Kam,0,1,0-1,Regular Season - 18
1164463,Eliteserien Noruega,2024/2025,2024-08-10,Viking,Bodo/Glimt,1,1,1-1,Regular Season - 18
1164462,Eliteserien Noruega,2024/2025,2024-08-11,ODD Ballklubb,Sarpsborg 08 FF,1,1,1-1,Regular Season - 18
1164460,Eliteserien Noruega,2024/2025,2024-08-11,KFUM Oslo,Rosenborg,1,0,1-0,Regular Season - 18
1164461,Eliteserien Noruega,2024/2025,2024-08-11,Lillestrom,Molde,1,2,1-2,Regular Season - 18
1164413,Eliteserien Noruega,2024/2025,2024-08-14,Fredrikstad,Haugesund,1,0,1-0,Regular Season - 12
1164470,Eliteserien Noruega,2024/2025,2024-08-17,Stromsgodset,Lillestrom,3,2,3-2,Regular Season - 19
1164465,Eliteserien Noruega,2024/2025,2024-08-18,Fredrikstad,Brann,0,4,0-4,Regular Season - 19
1164469,Eliteserien Noruega,2024/2025,2024-08-18,Sarpsborg 08 FF,Haugesund,2,2,2-2,Regular Season - 19
1164466,Eliteserien Noruega,2024/2025,2024-08-18,KFUM Oslo,Tromso,0,1,0-1,Regular Season - 19
1164464,Eliteserien Noruega,2024/2025,2024-08-18,Ham-Kam,ODD Ballklubb,1,0,1-0,Regular Season - 19
1164468,Eliteserien Noruega,2024/2025,2024-08-18,Rosenborg,Viking,2,1,2-1,Regular Season - 19
1164439,Eliteserien Noruega,2024/2025,2024-08-21,Rosenborg,Lillestrom,4,0,4-0,Regular Season - 15
1164479,Eliteserien Noruega,2024/2025,2024-08-24,Bodo/Glimt,Sarpsborg 08 FF,6,0,6-0,Regular Season - 20
1164478,Eliteserien Noruega,2024/2025,2024-08-25,Lillestrom,Tromso,0,1,0-1,Regular Season - 20
1164477,Eliteserien Noruega,2024/2025,2024-08-25,Haugesund,Fredrikstad,1,0,1-0,Regular Season - 20
1164473,Eliteserien Noruega,2024/2025,2024-08-25,Molde,Ham-Kam,3,0,3-0,Regular Season - 20
1164475,Eliteserien Noruega,2024/2025,2024-08-25,Sandefjord,Kristiansund BK,1,0,1-0,Regular Season - 20
1164476,Eliteserien Noruega,2024/2025,2024-08-25,Viking,Stromsgodset,5,2,5-2,Regular Season - 20
1164474,Eliteserien Noruega,2024/2025,2024-08-25,ODD Ballklubb,Rosenborg,1,3,1-3,Regular Season - 20
1164482,Eliteserien Noruega,2024/2025,2024-08-30,KFUM Oslo,Lillestrom,2,0,2-0,Regular Season - 21
1164485,Eliteserien Noruega,2024/2025,2024-08-31,Fredrikstad,ODD Ballklubb,2,0,2-0,Regular Season - 21
1164486,Eliteserien Noruega,2024/2025,2024-09-01,Kristiansund BK,Haugesund,2,2,2-2,Regular Season - 21
1164487,Eliteserien Noruega,2024/2025,2024-09-01,Stromsgodset,Bodo/Glimt,0,1,0-1,Regular Season - 21
1164484,Eliteserien Noruega,2024/2025,2024-09-01,Tromso,Viking,2,2,2-2,Regular Season - 21
1164483,Eliteserien Noruega,2024/2025,2024-09-01,Rosenborg,Molde,2,1,2-1,Regular Season - 21
1164480,Eliteserien Noruega,2024/2025,2024-09-01,Ham-Kam,Sandefjord,1,1,1-1,Regular Season - 21
1164481,Eliteserien Noruega,2024/2025,2024-09-01,Brann,Sarpsborg 08 FF,1,3,1-3,Regular Season - 21
1164493,Eliteserien Noruega,2024/2025,2024-09-13,Bodo/Glimt,Ham-Kam,3,0,3-0,Regular Season - 22
1164495,Eliteserien Noruega,2024/2025,2024-09-14,Viking,KFUM Oslo,1,0,1-0,Regular Season - 22
1164489,Eliteserien Noruega,2024/2025,2024-09-14,Molde,Fredrikstad,6,1,6-1,Regular Season - 22
1164490,Eliteserien Noruega,2024/2025,2024-09-15,ODD Ballklubb,Tromso,1,0,1-0,Regular Season - 22
1164494,Eliteserien Noruega,2024/2025,2024-09-15,Haugesund,Stromsgodset,0,0,0-0,Regular Season - 22
1164492,Eliteserien Noruega,2024/2025,2024-09-15,Sandefjord,Brann,2,2,2-2,Regular Season - 22
1164491,Eliteserien Noruega,2024/2025,2024-09-15,Sarpsborg 08 FF,Kristiansund BK,0,2,0-2,Regular Season - 22
1164488,Eliteserien Noruega,2024/2025,2024-09-15,Lillestrom,Rosenborg,1,1,1-1,Regular Season - 22
1164467,Eliteserien Noruega,2024/2025,2024-09-18,Kristiansund BK,Molde,0,4,0-4,Regular Season - 19
1164472,Eliteserien Noruega,2024/2025,2024-09-18,Brann,KFUM Oslo,2,0,2-0,Regular Season - 20
1164499,Eliteserien Noruega,2024/2025,2024-09-21,Stromsgodset,Sarpsborg 08 FF,2,1,2-1,Regular Season - 23
1164496,Eliteserien Noruega,2024/2025,2024-09-21,Ham-Kam,Lillestrom,5,0,5-0,Regular Season - 23
1164497,Eliteserien Noruega,2024/2025,2024-09-22,Brann,Bodo/Glimt,4,1,4-1,Regular Season - 23
1164503,Eliteserien Noruega,2024/2025,2024-09-22,Kristiansund BK,ODD Ballklubb,0,0,0-0,Regular Season - 23
1164501,Eliteserien Noruega,2024/2025,2024-09-22,Tromso,Sandefjord,3,0,3-0,Regular Season - 23
1164500,Eliteserien Noruega,2024/2025,2024-09-22,Rosenborg,Haugesund,4,0,4-0,Regular Season - 23
1164498,Eliteserien Noruega,2024/2025,2024-09-22,Fredrikstad,Viking,3,2,3-2,Regular Season - 23
1164502,Eliteserien Noruega,2024/2025,2024-09-23,KFUM Oslo,Molde,1,1,1-1,Regular Season - 23
1164508,Eliteserien Noruega,2024/2025,2024-09-28,Molde,Tromso,5,3,5-3,Regular Season - 24
1164505,Eliteserien Noruega,2024/2025,2024-09-28,Haugesund,Brann,0,1,0-1,Regular Season - 24
1164507,Eliteserien Noruega,2024/2025,2024-09-28,Sarpsborg 08 FF,Fredrikstad,0,1,0-1,Regular Season - 24
1164509,Eliteserien Noruega,2024/2025,2024-09-29,Stromsgodset,Ham-Kam,1,1,1-1,Regular Season - 24
1164506,Eliteserien Noruega,2024/2025,2024-09-29,Lillestrom,Viking,1,4,1-4,Regular Season - 24
1164504,Eliteserien Noruega,2024/2025,2024-09-29,Bodo/Glimt,Kristiansund BK,4,0,4-0,Regular Season - 24
1164510,Eliteserien Noruega,2024/2025,2024-09-29,ODD Ballklubb,KFUM Oslo,1,3,1-3,Regular Season - 24
1164511,Eliteserien Noruega,2024/2025,2024-09-29,Sandefjord,Rosenborg,0,1,0-1,Regular Season - 24
1164438,Eliteserien Noruega,2024/2025,2024-10-05,Kristiansund BK,Sandefjord,2,1,2-1,Regular Season - 15
1164519,Eliteserien Noruega,2024/2025,2024-10-19,Molde,Sandefjord,0,1,0-1,Regular Season - 25
1164515,Eliteserien Noruega,2024/2025,2024-10-19,Tromso,Bodo/Glimt,0,0,0-0,Regular Season - 25
1164517,Eliteserien Noruega,2024/2025,2024-10-20,Rosenborg,Brann,1,2,1-2,Regular Season - 25
1164516,Eliteserien Noruega,2024/2025,2024-10-20,Kristiansund BK,Stromsgodset,0,0,0-0,Regular Season - 25
1164518,Eliteserien Noruega,2024/2025,2024-10-20,Viking,ODD Ballklubb,3,3,3-3,Regular Season - 25
1164514,Eliteserien Noruega,2024/2025,2024-10-20,KFUM Oslo,Haugesund,0,0,0-0,Regular Season - 25
1164512,Eliteserien Noruega,2024/2025,2024-10-20,Ham-Kam,Sarpsborg 08 FF,0,2,0-2,Regular Season - 25
1164513,Eliteserien Noruega,2024/2025,2024-10-20,Fredrikstad,Lillestrom,2,1,2-1,Regular Season - 25
1164522,Eliteserien Noruega,2024/2025,2024-10-26,Stromsgodset,Fredrikstad,2,0,2-0,Regular Season - 26
1164521,Eliteserien Noruega,2024/2025,2024-10-27,Lillestrom,ODD Ballklubb,3,0,3-0,Regular Season - 26
1164527,Eliteserien Noruega,2024/2025,2024-10-27,Haugesund,Molde,0,3,0-3,Regular Season - 26
1164524,Eliteserien Noruega,2024/2025,2024-10-27,Sandefjord,KFUM Oslo,2,1,2-1,Regular Season - 26
1164525,Eliteserien Noruega,2024/2025,2024-10-27,Sarpsborg 08 FF,Viking,1,2,1-2,Regular Season - 26
1164520,Eliteserien Noruega,2024/2025,2024-10-27,Ham-Kam,Kristiansund BK,1,0,1-0,Regular Season - 26
1164526,Eliteserien Noruega,2024/2025,2024-10-27,Brann,Tromso,4,0,4-0,Regular Season - 26
1164523,Eliteserien Noruega,2024/2025,2024-10-28,Bodo/Glimt,Rosenborg,2,3,2-3,Regular Season - 26
1164535,Eliteserien Noruega,2024/2025,2024-11-02,Viking,Sandefjord,3,2,3-2,Regular Season - 27
1164531,Eliteserien Noruega,2024/2025,2024-11-03,Lillestrom,Haugesund,0,1,0-1,Regular Season - 27
1164530,Eliteserien Noruega,2024/2025,2024-11-03,Tromso,Ham-Kam,3,3,3-3,Regular Season - 27
1164532,Eliteserien Noruega,2024/2025,2024-11-03,Molde,Bodo/Glimt,3,3,3-3,Regular Season - 27
1164533,Eliteserien Noruega,2024/2025,2024-11-03,ODD Ballklubb,Brann,0,3,0-3,Regular Season - 27
1164528,Eliteserien Noruega,2024/2025,2024-11-03,KFUM Oslo,Sarpsborg 08 FF,1,2,1-2,Regular Season - 27
1164534,Eliteserien Noruega,2024/2025,2024-11-03,Fredrikstad,Kristiansund BK,1,1,1-1,Regular Season - 27
1164529,Eliteserien Noruega,2024/2025,2024-11-03,Rosenborg,Stromsgodset,1,0,1-0,Regular Season - 27
1164541,Eliteserien Noruega,2024/2025,2024-11-09,Brann,Lillestrom,2,1,2-1,Regular Season - 28
1164536,Eliteserien Noruega,2024/2025,2024-11-10,Kristiansund BK,Viking,0,1,0-1,Regular Season - 28
1164538,Eliteserien Noruega,2024/2025,2024-11-10,Stromsgodset,KFUM Oslo,1,0,1-0,Regular Season - 28
1164540,Eliteserien Noruega,2024/2025,2024-11-10,Haugesund,Tromso,2,0,2-0,Regular Season - 28
1164537,Eliteserien Noruega,2024/2025,2024-11-10,Sandefjord,ODD Ballklubb,1,0,1-0,Regular Season - 28
1164543,Eliteserien Noruega,2024/2025,2024-11-10,Sarpsborg 08 FF,Molde,2,2,2-2,Regular Season - 28
1164542,Eliteserien Noruega,2024/2025,2024-11-10,Ham-Kam,Rosenborg,0,2,0-2,Regular Season - 28
1164539,Eliteserien Noruega,2024/2025,2024-11-10,Bodo/Glimt,Fredrikstad,2,2,2-2,Regular Season - 28
1164549,Eliteserien Noruega,2024/2025,2024-11-23,Lillestrom,Sandefjord,0,3,0-3,Regular Season - 29
1164550,Eliteserien Noruega,2024/2025,2024-11-23,Tromso,Stromsgodset,2,0,2-0,Regular Season - 29
1164545,Eliteserien Noruega,2024/2025,2024-11-23,Molde,Brann,2,1,2-1,Regular Season - 29
1164546,Eliteserien Noruega,2024/2025,2024-11-23,ODD Ballklubb,Bodo/Glimt,0,2,0-2,Regular Season - 29
1164547,Eliteserien Noruega,2024/2025,2024-11-23,Rosenborg,Sarpsborg 08 FF,1,1,1-1,Regular Season - 29
1164551,Eliteserien Noruega,2024/2025,2024-11-23,Viking,Haugesund,5,1,5-1,Regular Season - 29
1164548,Eliteserien Noruega,2024/2025,2024-11-23,KFUM Oslo,Kristiansund BK,1,2,1-2,Regular Season - 29
1164544,Eliteserien Noruega,2024/2025,2024-11-23,Fredrikstad,Ham-Kam,1,0,1-0,Regular Season - 29
1164553,Eliteserien Noruega,2024/2025,2024-12-01,Brann,Viking,1,1,1-1,Regular Season - 30
1164554,Eliteserien Noruega,2024/2025,2024-12-01,Kristiansund BK,Rosenborg,0,4,0-4,Regular Season - 30
1164555,Eliteserien Noruega,2024/2025,2024-12-01,Stromsgodset,Molde,1,0,1-0,Regular Season - 30
1164559,Eliteserien Noruega,2024/2025,2024-12-01,Bodo/Glimt,Lillestrom,5,2,5-2,Regular Season - 30
1164557,Eliteserien Noruega,2024/2025,2024-12-01,Haugesund,ODD Ballklubb,2,1,2-1,Regular Season - 30
1164556,Eliteserien Noruega,2024/2025,2024-12-01,Sandefjord,Fredrikstad,0,1,0-1,Regular Season - 30
1164558,Eliteserien Noruega,2024/2025,2024-12-01,Sarpsborg 08 FF,Tromso,2,1,2-1,Regular Season - 30
1164552,Eliteserien Noruega,2024/2025,2024-12-01,Ham-Kam,KFUM Oslo,0,2,0-2,Regular Season - 30
1319936,Eliteserien Noruega,2024/2025,2024-12-05,Moss,Haugesund,0,0,0-0,Relegation Round
1319937,Eliteserien Noruega,2024/2025,2024-12-08,Haugesund,Moss,2,0,2-0,Relegation Round
1342186,Eliteserien Noruega,2025/2026,2025-03-29,Stromsgodset,Rosenborg,1,2,1-2,Regular Season - 1
1342187,Eliteserien Noruega,2025/2026,2025-03-29,Fredrikstad,Brann,3,0,3-0,Regular Season - 1
1342188,Eliteserien Noruega,2025/2026,2025-03-30,Valerenga,Viking,3,1,3-1,Regular Season - 1
1342192,Eliteserien Noruega,2025/2026,2025-03-30,Tromso,Haugesund,1,0,1-0,Regular Season - 1
1342191,Eliteserien Noruega,2025/2026,2025-03-30,Molde,Sarpsborg 08 FF,0,2,0-2,Regular Season - 1
1342190,Eliteserien Noruega,2025/2026,2025-03-30,KFUM Oslo,Sandefjord,3,1,3-1,Regular Season - 1
1342189,Eliteserien Noruega,2025/2026,2025-03-30,Ham-Kam,Kristiansund BK,2,1,2-1,Regular Season - 1
1342193,Eliteserien Noruega,2025/2026,2025-03-30,Bryne,Bodo/Glimt,0,1,0-1,Regular Season - 1
1342196,Eliteserien Noruega,2025/2026,2025-04-05,Bodo/Glimt,Ham-Kam,3,0,3-0,Regular Season - 2
1342194,Eliteserien Noruega,2025/2026,2025-04-05,Rosenborg,Fredrikstad,1,0,1-0,Regular Season - 2
1342195,Eliteserien Noruega,2025/2026,2025-04-06,Brann,Tromso,3,1,3-1,Regular Season - 2
1342198,Eliteserien Noruega,2025/2026,2025-04-06,Kristiansund BK,Bryne,2,1,2-1,Regular Season - 2
1342197,Eliteserien Noruega,2025/2026,2025-04-06,Haugesund,Stromsgodset,0,5,0-5,Regular Season - 2
1342199,Eliteserien Noruega,2025/2026,2025-04-06,Sandefjord,Molde,3,0,3-0,Regular Season - 2
1342200,Eliteserien Noruega,2025/2026,2025-04-06,Sarpsborg 08 FF,Valerenga,1,1,1-1,Regular Season - 2
1342201,Eliteserien Noruega,2025/2026,2025-04-06,Viking,KFUM Oslo,3,1,3-1,Regular Season - 2
1342314,Eliteserien Noruega,2025/2026,2025-04-09,Fredrikstad,Valerenga,2,0,2-0,Regular Season - 17
1342315,Eliteserien Noruega,2025/2026,2025-04-10,Brann,Stromsgodset,2,1,2-1,Regular Season - 17
1342306,Eliteserien Noruega,2025/2026,2025-04-10,Viking,Kristiansund BK,3,1,3-1,Regular Season - 16
1342202,Eliteserien Noruega,2025/2026,2025-04-20,Tromso,Kristiansund BK,2,3,2-3,Regular Season - 3
1342203,Eliteserien Noruega,2025/2026,2025-04-21,Valerenga,Rosenborg,0,2,0-2,Regular Season - 3
1342208,Eliteserien Noruega,2025/2026,2025-04-21,Stromsgodset,Brann,1,2,1-2,Regular Season - 3
1342204,Eliteserien Noruega,2025/2026,2025-04-21,Bryne,Haugesund,3,1,3-1,Regular Season - 3
1342207,Eliteserien Noruega,2025/2026,2025-04-21,KFUM Oslo,Sarpsborg 08 FF,1,3,1-3,Regular Season - 3
1342205,Eliteserien Noruega,2025/2026,2025-04-21,Fredrikstad,Sandefjord,3,1,3-1,Regular Season - 3
1342206,Eliteserien Noruega,2025/2026,2025-04-21,Ham-Kam,Viking,2,5,2-5,Regular Season - 3
1342209,Eliteserien Noruega,2025/2026,2025-04-21,Molde,Bodo/Glimt,2,2,2-2,Regular Season - 3
1342210,Eliteserien Noruega,2025/2026,2025-04-27,Rosenborg,Molde,0,0,0-0,Regular Season - 4
1342212,Eliteserien Noruega,2025/2026,2025-04-27,Brann,Bryne,3,2,3-2,Regular Season - 4
1342214,Eliteserien Noruega,2025/2026,2025-04-27,Kristiansund BK,Valerenga,0,2,0-2,Regular Season - 4
1342211,Eliteserien Noruega,2025/2026,2025-04-27,Bodo/Glimt,KFUM Oslo,3,0,3-0,Regular Season - 4
1342213,Eliteserien Noruega,2025/2026,2025-04-27,Haugesund,Fredrikstad,0,0,0-0,Regular Season - 4
1342215,Eliteserien Noruega,2025/2026,2025-04-27,Sandefjord,Ham-Kam,2,0,2-0,Regular Season - 4
1342216,Eliteserien Noruega,2025/2026,2025-04-27,Sarpsborg 08 FF,Stromsgodset,2,3,2-3,Regular Season - 4
1342217,Eliteserien Noruega,2025/2026,2025-04-27,Viking,Tromso,4,4,4-4,Regular Season - 4
1342322,Eliteserien Noruega,2025/2026,2025-04-30,Viking,Haugesund,5,1,5-1,Regular Season - 18
1342316,Eliteserien Noruega,2025/2026,2025-05-01,Rosenborg,Kristiansund BK,1,1,1-1,Regular Season - 17
1342219,Eliteserien Noruega,2025/2026,2025-05-02,Ham-Kam,KFUM Oslo,0,0,0-0,Regular Season - 5
1342220,Eliteserien Noruega,2025/2026,2025-05-03,Valerenga,Brann,2,4,2-4,Regular Season - 5
1342222,Eliteserien Noruega,2025/2026,2025-05-04,Stromsgodset,Kristiansund BK,1,2,1-2,Regular Season - 5
1342223,Eliteserien Noruega,2025/2026,2025-05-04,Tromso,Sandefjord,0,1,0-1,Regular Season - 5
1342221,Eliteserien Noruega,2025/2026,2025-05-04,Molde,Haugesund,2,1,2-1,Regular Season - 5
1342224,Eliteserien Noruega,2025/2026,2025-05-04,Viking,Sarpsborg 08 FF,0,0,0-0,Regular Season - 5
1342225,Eliteserien Noruega,2025/2026,2025-05-04,Rosenborg,Bryne,3,0,3-0,Regular Season - 5
1342227,Eliteserien Noruega,2025/2026,2025-05-11,Brann,Rosenborg,0,0,0-0,Regular Season - 6
1342230,Eliteserien Noruega,2025/2026,2025-05-11,Kristiansund BK,Fredrikstad,0,1,0-1,Regular Season - 6
1342231,Eliteserien Noruega,2025/2026,2025-05-11,Sandefjord,Valerenga,2,1,2-1,Regular Season - 6
1342232,Eliteserien Noruega,2025/2026,2025-05-11,Sarpsborg 08 FF,Ham-Kam,4,0,4-0,Regular Season - 6
1342228,Eliteserien Noruega,2025/2026,2025-05-11,Bryne,Molde,0,3,0-3,Regular Season - 6
1342229,Eliteserien Noruega,2025/2026,2025-05-11,KFUM Oslo,Tromso,1,3,1-3,Regular Season - 6
1342233,Eliteserien Noruega,2025/2026,2025-05-11,Haugesund,Viking,1,4,1-4,Regular Season - 6
1342234,Eliteserien Noruega,2025/2026,2025-05-16,Brann,Sarpsborg 08 FF,2,2,2-2,Regular Season - 7
1342238,Eliteserien Noruega,2025/2026,2025-05-16,Stromsgodset,Bryne,0,2,0-2,Regular Season - 7
1342239,Eliteserien Noruega,2025/2026,2025-05-16,Tromso,Bodo/Glimt,2,1,2-1,Regular Season - 7
1342236,Eliteserien Noruega,2025/2026,2025-05-16,Molde,Kristiansund BK,0,1,0-1,Regular Season - 7
1342237,Eliteserien Noruega,2025/2026,2025-05-16,Rosenborg,Haugesund,1,0,1-0,Regular Season - 7
1342240,Eliteserien Noruega,2025/2026,2025-05-16,Viking,Sandefjord,3,1,3-1,Regular Season - 7
1342235,Eliteserien Noruega,2025/2026,2025-05-16,Fredrikstad,KFUM Oslo,1,0,1-0,Regular Season - 7
1342241,Eliteserien Noruega,2025/2026,2025-05-16,Valerenga,Ham-Kam,1,1,1-1,Regular Season - 7
1342242,Eliteserien Noruega,2025/2026,2025-05-24,Bryne,Fredrikstad,4,3,4-3,Regular Season - 8
1342243,Eliteserien Noruega,2025/2026,2025-05-24,Bodo/Glimt,Rosenborg,4,0,4-0,Regular Season - 8
1342244,Eliteserien Noruega,2025/2026,2025-05-25,Ham-Kam,Molde,2,1,2-1,Regular Season - 8
1342245,Eliteserien Noruega,2025/2026,2025-05-25,Kristiansund BK,Viking,0,1,0-1,Regular Season - 8
1342246,Eliteserien Noruega,2025/2026,2025-05-25,Sandefjord,Stromsgodset,3,2,3-2,Regular Season - 8
1342247,Eliteserien Noruega,2025/2026,2025-05-25,Sarpsborg 08 FF,Tromso,0,1,0-1,Regular Season - 8
1342248,Eliteserien Noruega,2025/2026,2025-05-25,Haugesund,Brann,0,2,0-2,Regular Season - 8
1342249,Eliteserien Noruega,2025/2026,2025-05-26,KFUM Oslo,Valerenga,0,1,0-1,Regular Season - 8
1342323,Eliteserien Noruega,2025/2026,2025-05-28,Fredrikstad,Rosenborg,0,2,0-2,Regular Season - 18
1342330,Eliteserien Noruega,2025/2026,2025-05-28,Bodo/Glimt,Viking,2,4,2-4,Regular Season - 19
1342298,Eliteserien Noruega,2025/2026,2025-05-29,Brann,Molde,0,3,0-3,Regular Season - 15
1342250,Eliteserien Noruega,2025/2026,2025-05-31,Stromsgodset,Ham-Kam,0,3,0-3,Regular Season - 9
1342251,Eliteserien Noruega,2025/2026,2025-05-31,Tromso,Valerenga,2,1,2-1,Regular Season - 9
1342252,Eliteserien Noruega,2025/2026,2025-06-01,Fredrikstad,Sarpsborg 08 FF,1,1,1-1,Regular Season - 9
1342253,Eliteserien Noruega,2025/2026,2025-06-01,Brann,Kristiansund BK,4,2,4-2,Regular Season - 9
1342255,Eliteserien Noruega,2025/2026,2025-06-01,Haugesund,Bodo/Glimt,0,4,0-4,Regular Season - 9
1342256,Eliteserien Noruega,2025/2026,2025-06-01,Rosenborg,KFUM Oslo,1,1,1-1,Regular Season - 9
1342254,Eliteserien Noruega,2025/2026,2025-06-01,Bryne,Sandefjord,3,2,3-2,Regular Season - 9
1342257,Eliteserien Noruega,2025/2026,2025-06-01,Molde,Viking,0,1,0-1,Regular Season - 9
1342258,Eliteserien Noruega,2025/2026,2025-06-21,Bodo/Glimt,Brann,3,0,3-0,Regular Season - 10
1342265,Eliteserien Noruega,2025/2026,2025-06-22,Valerenga,Molde,2,3,2-3,Regular Season - 10
1342261,Eliteserien Noruega,2025/2026,2025-06-22,Kristiansund BK,Rosenborg,4,1,4-1,Regular Season - 10
1342262,Eliteserien Noruega,2025/2026,2025-06-22,Sandefjord,Haugesund,4,0,4-0,Regular Season - 10
1342263,Eliteserien Noruega,2025/2026,2025-06-22,Sarpsborg 08 FF,Bryne,1,1,1-1,Regular Season - 10
1342260,Eliteserien Noruega,2025/2026,2025-06-22,KFUM Oslo,Stromsgodset,5,0,5-0,Regular Season - 10
1342259,Eliteserien Noruega,2025/2026,2025-06-22,Ham-Kam,Tromso,1,3,1-3,Regular Season - 10
1342264,Eliteserien Noruega,2025/2026,2025-06-22,Viking,Fredrikstad,3,0,3-0,Regular Season - 10
1342272,Eliteserien Noruega,2025/2026,2025-06-28,Rosenborg,Viking,1,1,1-1,Regular Season - 11
1342270,Eliteserien Noruega,2025/2026,2025-06-29,Haugesund,Kristiansund BK,0,0,0-0,Regular Season - 11
1342266,Eliteserien Noruega,2025/2026,2025-06-29,Bodo/Glimt,Sarpsborg 08 FF,1,2,1-2,Regular Season - 11
1342271,Eliteserien Noruega,2025/2026,2025-06-29,Molde,KFUM Oslo,2,3,2-3,Regular Season - 11
1342268,Eliteserien Noruega,2025/2026,2025-06-29,Bryne,Ham-Kam,1,1,1-1,Regular Season - 11
1342269,Eliteserien Noruega,2025/2026,2025-06-29,Fredrikstad,Tromso,0,1,0-1,Regular Season - 11
1342273,Eliteserien Noruega,2025/2026,2025-06-29,Stromsgodset,Valerenga,0,2,0-2,Regular Season - 11
1342267,Eliteserien Noruega,2025/2026,2025-06-30,Brann,Sandefjord,1,0,1-0,Regular Season - 11
1342274,Eliteserien Noruega,2025/2026,2025-07-05,Ham-Kam,Brann,1,1,1-1,Regular Season - 12
1342280,Eliteserien Noruega,2025/2026,2025-07-05,Viking,Stromsgodset,1,0,1-0,Regular Season - 12
1342281,Eliteserien Noruega,2025/2026,2025-07-05,Valerenga,Fredrikstad,1,1,1-1,Regular Season - 12
1342276,Eliteserien Noruega,2025/2026,2025-07-05,Kristiansund BK,Bodo/Glimt,1,1,1-1,Regular Season - 12
1342279,Eliteserien Noruega,2025/2026,2025-07-05,Tromso,Molde,1,0,1-0,Regular Season - 12
1342277,Eliteserien Noruega,2025/2026,2025-07-06,Sandefjord,Rosenborg,2,0,2-0,Regular Season - 12
1342278,Eliteserien Noruega,2025/2026,2025-07-06,Sarpsborg 08 FF,Haugesund,3,1,3-1,Regular Season - 12
1342275,Eliteserien Noruega,2025/2026,2025-07-06,KFUM Oslo,Bryne,1,1,1-1,Regular Season - 12
1342282,Eliteserien Noruega,2025/2026,2025-07-12,Bodo/Glimt,Sandefjord,2,0,2-0,Regular Season - 13
1342285,Eliteserien Noruega,2025/2026,2025-07-12,Fredrikstad,Molde,4,2,4-2,Regular Season - 13
1342284,Eliteserien Noruega,2025/2026,2025-07-13,Bryne,Valerenga,1,0,1-0,Regular Season - 13
1342287,Eliteserien Noruega,2025/2026,2025-07-13,Kristiansund BK,Sarpsborg 08 FF,0,0,0-0,Regular Season - 13
1342289,Eliteserien Noruega,2025/2026,2025-07-13,Stromsgodset,Tromso,2,3,2-3,Regular Season - 13
1342286,Eliteserien Noruega,2025/2026,2025-07-13,Haugesund,KFUM Oslo,0,2,0-2,Regular Season - 13
1342288,Eliteserien Noruega,2025/2026,2025-07-13,Rosenborg,Ham-Kam,2,0,2-0,Regular Season - 13
1342283,Eliteserien Noruega,2025/2026,2025-07-13,Brann,Viking,3,1,3-1,Regular Season - 13
1342218,Eliteserien Noruega,2025/2026,2025-07-16,Fredrikstad,Bodo/Glimt,0,1,0-1,Regular Season - 5
1342294,Eliteserien Noruega,2025/2026,2025-07-18,Sarpsborg 08 FF,Rosenborg,2,2,2-2,Regular Season - 14
1342291,Eliteserien Noruega,2025/2026,2025-07-19,KFUM Oslo,Brann,2,0,2-0,Regular Season - 14
1342292,Eliteserien Noruega,2025/2026,2025-07-19,Molde,Stromsgodset,4,1,4-1,Regular Season - 14
1342296,Eliteserien Noruega,2025/2026,2025-07-19,Viking,Bodo/Glimt,2,4,2-4,Regular Season - 14
1342297,Eliteserien Noruega,2025/2026,2025-07-20,Valerenga,Haugesund,3,0,3-0,Regular Season - 14
1342295,Eliteserien Noruega,2025/2026,2025-07-20,Tromso,Bryne,3,1,3-1,Regular Season - 14
1342293,Eliteserien Noruega,2025/2026,2025-07-20,Sandefjord,Kristiansund BK,6,0,6-0,Regular Season - 14
1342290,Eliteserien Noruega,2025/2026,2025-07-20,Ham-Kam,Fredrikstad,1,1,1-1,Regular Season - 14
1342301,Eliteserien Noruega,2025/2026,2025-07-25,Fredrikstad,Stromsgodset,3,2,3-2,Regular Season - 15
1342303,Eliteserien Noruega,2025/2026,2025-07-26,Kristiansund BK,KFUM Oslo,0,5,0-5,Regular Season - 15
1342302,Eliteserien Noruega,2025/2026,2025-07-26,Haugesund,Ham-Kam,0,3,0-3,Regular Season - 15
1342305,Eliteserien Noruega,2025/2026,2025-07-26,Sandefjord,Sarpsborg 08 FF,3,2,3-2,Regular Season - 15
1342299,Eliteserien Noruega,2025/2026,2025-07-26,Bodo/Glimt,Valerenga,7,2,7-2,Regular Season - 15
1342304,Eliteserien Noruega,2025/2026,2025-07-27,Rosenborg,Tromso,4,1,4-1,Regular Season - 15
1342300,Eliteserien Noruega,2025/2026,2025-07-27,Bryne,Viking,1,3,1-3,Regular Season - 15
1342226,Eliteserien Noruega,2025/2026,2025-07-30,Bodo/Glimt,Stromsgodset,1,0,1-0,Regular Season - 6
1342312,Eliteserien Noruega,2025/2026,2025-08-02,Tromso,Fredrikstad,0,0,0-0,Regular Season - 16
1342310,Eliteserien Noruega,2025/2026,2025-08-02,Sarpsborg 08 FF,Brann,1,4,1-4,Regular Season - 16
1342307,Eliteserien Noruega,2025/2026,2025-08-03,Ham-Kam,Bodo/Glimt,1,3,1-3,Regular Season - 16
1342311,Eliteserien Noruega,2025/2026,2025-08-03,Stromsgodset,Haugesund,2,0,2-0,Regular Season - 16
1342313,Eliteserien Noruega,2025/2026,2025-08-03,Valerenga,Sandefjord,2,1,2-1,Regular Season - 16
1342309,Eliteserien Noruega,2025/2026,2025-08-03,Molde,Bryne,2,0,2-0,Regular Season - 16
1342308,Eliteserien Noruega,2025/2026,2025-08-03,KFUM Oslo,Rosenborg,4,1,4-1,Regular Season - 16
1342320,Eliteserien Noruega,2025/2026,2025-08-09,Molde,Ham-Kam,1,0,1-0,Regular Season - 17
1342317,Eliteserien Noruega,2025/2026,2025-08-09,Bodo/Glimt,Tromso,1,1,1-1,Regular Season - 17
1342319,Eliteserien Noruega,2025/2026,2025-08-10,Haugesund,Sarpsborg 08 FF,3,2,3-2,Regular Season - 17
1342318,Eliteserien Noruega,2025/2026,2025-08-10,Bryne,KFUM Oslo,0,0,0-0,Regular Season - 17
1342321,Eliteserien Noruega,2025/2026,2025-08-10,Sandefjord,Viking,1,2,1-2,Regular Season - 17
1342327,Eliteserien Noruega,2025/2026,2025-08-15,Stromsgodset,Bodo/Glimt,0,5,0-5,Regular Season - 18
1342328,Eliteserien Noruega,2025/2026,2025-08-17,Tromso,Brann,1,2,1-2,Regular Season - 18
1342326,Eliteserien Noruega,2025/2026,2025-08-17,Kristiansund BK,Sandefjord,2,2,2-2,Regular Season - 18
1342325,Eliteserien Noruega,2025/2026,2025-08-17,KFUM Oslo,Molde,0,0,0-0,Regular Season - 18
1342324,Eliteserien Noruega,2025/2026,2025-08-17,Ham-Kam,Bryne,1,0,1-0,Regular Season - 18
1342329,Eliteserien Noruega,2025/2026,2025-08-17,Valerenga,Sarpsborg 08 FF,4,0,4-0,Regular Season - 18
1342334,Eliteserien Noruega,2025/2026,2025-08-22,KFUM Oslo,Ham-Kam,2,2,2-2,Regular Season - 19
1342333,Eliteserien Noruega,2025/2026,2025-08-24,Haugesund,Valerenga,2,3,2-3,Regular Season - 19
1342332,Eliteserien Noruega,2025/2026,2025-08-24,Bryne,Stromsgodset,2,2,2-2,Regular Season - 19
1342335,Eliteserien Noruega,2025/2026,2025-08-24,Molde,Tromso,2,0,2-0,Regular Season - 19
1342337,Eliteserien Noruega,2025/2026,2025-08-25,Sarpsborg 08 FF,Kristiansund BK,0,1,0-1,Regular Season - 19
1342345,Eliteserien Noruega,2025/2026,2025-08-30,Valerenga,Bryne,3,2,3-2,Regular Season - 20
1342340,Eliteserien Noruega,2025/2026,2025-08-31,Kristiansund BK,Brann,2,2,2-2,Regular Season - 20
1342343,Eliteserien Noruega,2025/2026,2025-08-31,Tromso,KFUM Oslo,2,0,2-0,Regular Season - 20
1342341,Eliteserien Noruega,2025/2026,2025-08-31,Sandefjord,Bodo/Glimt,1,2,1-2,Regular Season - 20
1342344,Eliteserien Noruega,2025/2026,2025-08-31,Viking,Rosenborg,2,1,2-1,Regular Season - 20
1342338,Eliteserien Noruega,2025/2026,2025-08-31,Fredrikstad,Haugesund,2,2,2-2,Regular Season - 20
1342339,Eliteserien Noruega,2025/2026,2025-08-31,Ham-Kam,Sarpsborg 08 FF,1,3,1-3,Regular Season - 20
1342342,Eliteserien Noruega,2025/2026,2025-08-31,Stromsgodset,Molde,3,1,3-1,Regular Season - 20
1342346,Eliteserien Noruega,2025/2026,2025-09-12,Bodo/Glimt,Kristiansund BK,7,1,7-1,Regular Season - 21
1342352,Eliteserien Noruega,2025/2026,2025-09-13,Molde,Fredrikstad,1,2,1-2,Regular Season - 21
1342347,Eliteserien Noruega,2025/2026,2025-09-13,Brann,Valerenga,3,2,3-2,Regular Season - 21
1342348,Eliteserien Noruega,2025/2026,2025-09-14,Bryne,Tromso,0,2,0-2,Regular Season - 21
1342353,Eliteserien Noruega,2025/2026,2025-09-14,Sarpsborg 08 FF,Sandefjord,2,1,2-1,Regular Season - 21
1342349,Eliteserien Noruega,2025/2026,2025-09-14,Ham-Kam,Stromsgodset,1,2,1-2,Regular Season - 21
1342351,Eliteserien Noruega,2025/2026,2025-09-14,KFUM Oslo,Viking,2,2,2-2,Regular Season - 21
1342350,Eliteserien Noruega,2025/2026,2025-09-14,Haugesund,Rosenborg,0,3,0-3,Regular Season - 21
1342354,Eliteserien Noruega,2025/2026,2025-09-20,Fredrikstad,Bryne,1,1,1-1,Regular Season - 22
1342357,Eliteserien Noruega,2025/2026,2025-09-20,Sandefjord,Brann,0,3,0-3,Regular Season - 22
1342361,Eliteserien Noruega,2025/2026,2025-09-20,Valerenga,KFUM Oslo,1,1,1-1,Regular Season - 22
1342356,Eliteserien Noruega,2025/2026,2025-09-21,Rosenborg,Bodo/Glimt,1,1,1-1,Regular Season - 22
1342355,Eliteserien Noruega,2025/2026,2025-09-21,Kristiansund BK,Haugesund,2,0,2-0,Regular Season - 22
1342358,Eliteserien Noruega,2025/2026,2025-09-21,Stromsgodset,Sarpsborg 08 FF,2,1,2-1,Regular Season - 22
1342359,Eliteserien Noruega,2025/2026,2025-09-21,Tromso,Ham-Kam,1,0,1-0,Regular Season - 22
1342360,Eliteserien Noruega,2025/2026,2025-09-21,Viking,Molde,1,0,1-0,Regular Season - 22
1342368,Eliteserien Noruega,2025/2026,2025-09-27,Sarpsborg 08 FF,Viking,3,3,3-3,Regular Season - 23
1342331,Eliteserien Noruega,2025/2026,2025-09-28,Brann,Fredrikstad,1,0,1-0,Regular Season - 19
1342369,Eliteserien Noruega,2025/2026,2025-09-28,Tromso,Stromsgodset,3,1,3-1,Regular Season - 23
1342363,Eliteserien Noruega,2025/2026,2025-09-28,Bryne,Kristiansund BK,2,0,2-0,Regular Season - 23
1342364,Eliteserien Noruega,2025/2026,2025-09-28,Ham-Kam,Rosenborg,4,0,4-0,Regular Season - 23
1342367,Eliteserien Noruega,2025/2026,2025-09-28,Molde,Valerenga,4,1,4-1,Regular Season - 23
1342365,Eliteserien Noruega,2025/2026,2025-09-29,Haugesund,Sandefjord,2,3,2-3,Regular Season - 23
1342366,Eliteserien Noruega,2025/2026,2025-10-01,KFUM Oslo,Fredrikstad,2,1,2-1,Regular Season - 23
1342377,Eliteserien Noruega,2025/2026,2025-10-04,Valerenga,Tromso,1,0,1-0,Regular Season - 24
1342374,Eliteserien Noruega,2025/2026,2025-10-04,Sandefjord,Bryne,1,0,1-0,Regular Season - 24
1342372,Eliteserien Noruega,2025/2026,2025-10-04,Kristiansund BK,Molde,2,1,2-1,Regular Season - 24
1342376,Eliteserien Noruega,2025/2026,2025-10-05,Viking,Brann,3,0,3-0,Regular Season - 24
1342375,Eliteserien Noruega,2025/2026,2025-10-05,Stromsgodset,KFUM Oslo,1,1,1-1,Regular Season - 24
1342370,Eliteserien Noruega,2025/2026,2025-10-05,Bodo/Glimt,Haugesund,2,0,2-0,Regular Season - 24
1342371,Eliteserien Noruega,2025/2026,2025-10-05,Fredrikstad,Ham-Kam,1,1,1-1,Regular Season - 24
1342373,Eliteserien Noruega,2025/2026,2025-10-05,Rosenborg,Sarpsborg 08 FF,2,3,2-3,Regular Season - 24
1342383,Eliteserien Noruega,2025/2026,2025-10-18,Sarpsborg 08 FF,Bodo/Glimt,2,5,2-5,Regular Season - 25
1342379,Eliteserien Noruega,2025/2026,2025-10-18,Bryne,Rosenborg,2,2,2-2,Regular Season - 25
1342378,Eliteserien Noruega,2025/2026,2025-10-18,Brann,Haugesund,4,1,4-1,Regular Season - 25
1342385,Eliteserien Noruega,2025/2026,2025-10-19,Tromso,Viking,1,3,1-3,Regular Season - 25
1342382,Eliteserien Noruega,2025/2026,2025-10-19,Molde,Sandefjord,1,3,1-3,Regular Season - 25
1342381,Eliteserien Noruega,2025/2026,2025-10-19,KFUM Oslo,Kristiansund BK,1,1,1-1,Regular Season - 25
1342380,Eliteserien Noruega,2025/2026,2025-10-19,Ham-Kam,Valerenga,2,1,2-1,Regular Season - 25
1342384,Eliteserien Noruega,2025/2026,2025-10-19,Stromsgodset,Fredrikstad,0,3,0-3,Regular Season - 25
1342392,Eliteserien Noruega,2025/2026,2025-10-25,Viking,Bryne,5,1,5-1,Regular Season - 26
1342391,Eliteserien Noruega,2025/2026,2025-10-25,Sarpsborg 08 FF,KFUM Oslo,2,1,2-1,Regular Season - 26
1342389,Eliteserien Noruega,2025/2026,2025-10-26,Rosenborg,Brann,2,3,2-3,Regular Season - 26
1342388,Eliteserien Noruega,2025/2026,2025-10-26,Kristiansund BK,Ham-Kam,1,3,1-3,Regular Season - 26
1342386,Eliteserien Noruega,2025/2026,2025-10-26,Bodo/Glimt,Molde,4,1,4-1,Regular Season - 26
1342387,Eliteserien Noruega,2025/2026,2025-10-26,Haugesund,Tromso,2,3,2-3,Regular Season - 26
1342390,Eliteserien Noruega,2025/2026,2025-10-26,Sandefjord,Fredrikstad,0,0,0-0,Regular Season - 26
1342393,Eliteserien Noruega,2025/2026,2025-10-26,Valerenga,Stromsgodset,2,1,2-1,Regular Season - 26
1342362,Eliteserien Noruega,2025/2026,2025-10-29,Brann,Bodo/Glimt,1,2,1-2,Regular Season - 23
1342336,Eliteserien Noruega,2025/2026,2025-10-29,Rosenborg,Sandefjord,1,1,1-1,Regular Season - 19
1342401,Eliteserien Noruega,2025/2026,2025-11-01,Valerenga,Bodo/Glimt,3,1,3-1,Regular Season - 27
1342398,Eliteserien Noruega,2025/2026,2025-11-01,Molde,Rosenborg,4,2,4-2,Regular Season - 27
1342399,Eliteserien Noruega,2025/2026,2025-11-02,Stromsgodset,Viking,1,2,1-2,Regular Season - 27
1342394,Eliteserien Noruega,2025/2026,2025-11-02,Bryne,Brann,2,1,2-1,Regular Season - 27
1342397,Eliteserien Noruega,2025/2026,2025-11-02,KFUM Oslo,Haugesund,1,4,1-4,Regular Season - 27
1342395,Eliteserien Noruega,2025/2026,2025-11-02,Fredrikstad,Kristiansund BK,3,1,3-1,Regular Season - 27
1342396,Eliteserien Noruega,2025/2026,2025-11-02,Ham-Kam,Sandefjord,3,1,3-1,Regular Season - 27
1342400,Eliteserien Noruega,2025/2026,2025-11-02,Tromso,Sarpsborg 08 FF,4,0,4-0,Regular Season - 27
1342408,Eliteserien Noruega,2025/2026,2025-11-08,Sarpsborg 08 FF,Fredrikstad,0,2,0-2,Regular Season - 28
1342409,Eliteserien Noruega,2025/2026,2025-11-08,Viking,Ham-Kam,3,0,3-0,Regular Season - 28
1342406,Eliteserien Noruega,2025/2026,2025-11-09,Rosenborg,Valerenga,1,0,1-0,Regular Season - 28
1342403,Eliteserien Noruega,2025/2026,2025-11-09,Brann,KFUM Oslo,1,1,1-1,Regular Season - 28
1342405,Eliteserien Noruega,2025/2026,2025-11-09,Kristiansund BK,Stromsgodset,2,1,2-1,Regular Season - 28
1342402,Eliteserien Noruega,2025/2026,2025-11-09,Bodo/Glimt,Bryne,5,0,5-0,Regular Season - 28
1342407,Eliteserien Noruega,2025/2026,2025-11-09,Sandefjord,Tromso,1,0,1-0,Regular Season - 28
1342404,Eliteserien Noruega,2025/2026,2025-11-09,Haugesund,Molde,0,2,0-2,Regular Season - 28
1342413,Eliteserien Noruega,2025/2026,2025-11-21,KFUM Oslo,Bodo/Glimt,1,2,1-2,Regular Season - 29
1342416,Eliteserien Noruega,2025/2026,2025-11-22,Tromso,Rosenborg,1,0,1-0,Regular Season - 29
1342415,Eliteserien Noruega,2025/2026,2025-11-22,Stromsgodset,Sandefjord,2,6,2-6,Regular Season - 29
1342414,Eliteserien Noruega,2025/2026,2025-11-22,Molde,Brann,4,0,4-0,Regular Season - 29
1342410,Eliteserien Noruega,2025/2026,2025-11-23,Bryne,Sarpsborg 08 FF,0,3,0-3,Regular Season - 29
1342412,Eliteserien Noruega,2025/2026,2025-11-23,Ham-Kam,Haugesund,5,0,5-0,Regular Season - 29
1342411,Eliteserien Noruega,2025/2026,2025-11-23,Fredrikstad,Viking,0,1,0-1,Regular Season - 29
1342419,Eliteserien Noruega,2025/2026,2025-11-30,Brann,Ham-Kam,3,1,3-1,Regular Season - 30
1342421,Eliteserien Noruega,2025/2026,2025-11-30,Kristiansund BK,Tromso,1,3,1-3,Regular Season - 30
1342418,Eliteserien Noruega,2025/2026,2025-11-30,Bodo/Glimt,Fredrikstad,5,0,5-0,Regular Season - 30
1342420,Eliteserien Noruega,2025/2026,2025-11-30,Haugesund,Bryne,1,4,1-4,Regular Season - 30
1342422,Eliteserien Noruega,2025/2026,2025-11-30,Rosenborg,Stromsgodset,6,0,6-0,Regular Season - 30
1342423,Eliteserien Noruega,2025/2026,2025-11-30,Sandefjord,KFUM Oslo,2,0,2-0,Regular Season - 30
1342424,Eliteserien Noruega,2025/2026,2025-11-30,Sarpsborg 08 FF,Molde,1,0,1-0,Regular Season - 30
1342425,Eliteserien Noruega,2025/2026,2025-11-30,Viking,Valerenga,5,1,5-1,Regular Season - 30
1488553,Eliteserien Noruega,2025/2026,2025-12-07,Bryne,Aalesund,0,4,0-4,Final
1488554,Eliteserien Noruega,2025/2026,2025-12-11,Aalesund,Bryne,0,1,0-1,Final
831246,Allsvenskan Suecia,2022/2023,2022-04-02,Hammarby FF,Helsingborg,2,1,2-1,Regular Season - 1
831244,Allsvenskan Suecia,2022/2023,2022-04-02,BK Hacken,AIK Stockholm,4,2,4-2,Regular Season - 1
831248,Allsvenskan Suecia,2022/2023,2022-04-03,IFK Goteborg,IFK Varnamo,2,1,2-1,Regular Season - 1
831250,Allsvenskan Suecia,2022/2023,2022-04-03,Sirius,GIF Sundsvall,2,1,2-1,Regular Season - 1
831251,Allsvenskan Suecia,2022/2023,2022-04-03,Kalmar FF,Malmo FF,0,1,0-1,Regular Season - 1
831249,Allsvenskan Suecia,2022/2023,2022-04-03,IFK Norrkoping,Varbergs BoIS FC,0,1,0-1,Regular Season - 1
831247,Allsvenskan Suecia,2022/2023,2022-04-04,IF Elfsborg,Mjallby AIF,0,2,0-2,Regular Season - 1
831245,Allsvenskan Suecia,2022/2023,2022-04-04,Djurgardens IF,Degerfors IF,3,1,3-1,Regular Season - 1
831258,Allsvenskan Suecia,2022/2023,2022-04-09,GIF Sundsvall,Hammarby FF,1,5,1-5,Regular Season - 2
831253,Allsvenskan Suecia,2022/2023,2022-04-09,Degerfors IF,BK Hacken,1,2,1-2,Regular Season - 2
831254,Allsvenskan Suecia,2022/2023,2022-04-10,Helsingborg,IFK Goteborg,0,1,0-1,Regular Season - 2
831259,Allsvenskan Suecia,2022/2023,2022-04-10,Varbergs BoIS FC,Kalmar FF,0,3,0-3,Regular Season - 2
831252,Allsvenskan Suecia,2022/2023,2022-04-10,AIK Stockholm,IFK Norrkoping,1,0,1-0,Regular Season - 2
831257,Allsvenskan Suecia,2022/2023,2022-04-10,Mjallby AIF,Djurgardens IF,1,0,1-0,Regular Season - 2
831255,Allsvenskan Suecia,2022/2023,2022-04-11,IFK Varnamo,Sirius,0,0,0-0,Regular Season - 2
831256,Allsvenskan Suecia,2022/2023,2022-04-11,Malmo FF,IF Elfsborg,1,1,1-1,Regular Season - 2
831262,Allsvenskan Suecia,2022/2023,2022-04-15,Hammarby FF,Mjallby AIF,2,0,2-0,Regular Season - 3
831261,Allsvenskan Suecia,2022/2023,2022-04-16,Djurgardens IF,IFK Norrkoping,2,1,2-1,Regular Season - 3
831267,Allsvenskan Suecia,2022/2023,2022-04-16,Varbergs BoIS FC,GIF Sundsvall,2,0,2-0,Regular Season - 3
831265,Allsvenskan Suecia,2022/2023,2022-04-17,Kalmar FF,Degerfors IF,2,0,2-0,Regular Season - 3
831266,Allsvenskan Suecia,2022/2023,2022-04-17,Malmo FF,AIK Stockholm,3,0,3-0,Regular Season - 3
831260,Allsvenskan Suecia,2022/2023,2022-04-17,BK Hacken,IFK Goteborg,0,2,0-2,Regular Season - 3
831264,Allsvenskan Suecia,2022/2023,2022-04-17,Sirius,Helsingborg,1,0,1-0,Regular Season - 3
831263,Allsvenskan Suecia,2022/2023,2022-04-17,IF Elfsborg,IFK Varnamo,4,1,4-1,Regular Season - 3
831271,Allsvenskan Suecia,2022/2023,2022-04-20,IFK Goteborg,Djurgardens IF,1,1,1-1,Regular Season - 4
831275,Allsvenskan Suecia,2022/2023,2022-04-20,GIF Sundsvall,Kalmar FF,1,0,1-0,Regular Season - 4
831268,Allsvenskan Suecia,2022/2023,2022-04-20,AIK Stockholm,Varbergs BoIS FC,1,0,1-0,Regular Season - 4
831272,Allsvenskan Suecia,2022/2023,2022-04-20,IFK Norrkoping,BK Hacken,1,1,1-1,Regular Season - 4
831274,Allsvenskan Suecia,2022/2023,2022-04-20,Mjallby AIF,Sirius,3,0,3-0,Regular Season - 4
831270,Allsvenskan Suecia,2022/2023,2022-04-21,Helsingborg,IF Elfsborg,1,0,1-0,Regular Season - 4
831273,Allsvenskan Suecia,2022/2023,2022-04-21,IFK Varnamo,Malmo FF,0,0,0-0,Regular Season - 4
831269,Allsvenskan Suecia,2022/2023,2022-04-21,Degerfors IF,Hammarby FF,0,1,0-1,Regular Season - 4
831276,Allsvenskan Suecia,2022/2023,2022-04-24,AIK Stockholm,Djurgardens IF,1,0,1-0,Regular Season - 5
831283,Allsvenskan Suecia,2022/2023,2022-04-24,Varbergs BoIS FC,Mjallby AIF,0,0,0-0,Regular Season - 5
831277,Allsvenskan Suecia,2022/2023,2022-04-24,Helsingborg,BK Hacken,1,1,1-1,Regular Season - 5
831280,Allsvenskan Suecia,2022/2023,2022-04-25,Sirius,Hammarby FF,0,3,0-3,Regular Season - 5
831278,Allsvenskan Suecia,2022/2023,2022-04-25,IF Elfsborg,GIF Sundsvall,3,1,3-1,Regular Season - 5
831279,Allsvenskan Suecia,2022/2023,2022-04-25,IFK Varnamo,Degerfors IF,2,0,2-0,Regular Season - 5
831282,Allsvenskan Suecia,2022/2023,2022-04-25,Malmo FF,IFK Goteborg,1,0,1-0,Regular Season - 5
831281,Allsvenskan Suecia,2022/2023,2022-04-26,Kalmar FF,IFK Norrkoping,1,2,1-2,Regular Season - 5
831286,Allsvenskan Suecia,2022/2023,2022-04-30,Djurgardens IF,Sirius,4,0,4-0,Regular Season - 6
831285,Allsvenskan Suecia,2022/2023,2022-05-01,Degerfors IF,IF Elfsborg,0,6,0-6,Regular Season - 6
831290,Allsvenskan Suecia,2022/2023,2022-05-01,Mjallby AIF,Helsingborg,2,1,2-1,Regular Season - 6
831284,Allsvenskan Suecia,2022/2023,2022-05-01,BK Hacken,Varbergs BoIS FC,3,1,3-1,Regular Season - 6
831291,Allsvenskan Suecia,2022/2023,2022-05-01,GIF Sundsvall,AIK Stockholm,0,2,0-2,Regular Season - 6
831288,Allsvenskan Suecia,2022/2023,2022-05-02,IFK Goteborg,Kalmar FF,1,2,1-2,Regular Season - 6
831289,Allsvenskan Suecia,2022/2023,2022-05-02,IFK Norrkoping,IFK Varnamo,2,0,2-0,Regular Season - 6
831287,Allsvenskan Suecia,2022/2023,2022-05-02,Hammarby FF,Malmo FF,0,0,0-0,Regular Season - 6
831366,Allsvenskan Suecia,2022/2023,2022-05-05,Djurgardens IF,Helsingborg,2,2,2-2,Regular Season - 16
831292,Allsvenskan Suecia,2022/2023,2022-05-07,AIK Stockholm,IFK Goteborg,1,0,1-0,Regular Season - 7
831297,Allsvenskan Suecia,2022/2023,2022-05-07,Malmo FF,Mjallby AIF,2,0,2-0,Regular Season - 7
831296,Allsvenskan Suecia,2022/2023,2022-05-08,Kalmar FF,Hammarby FF,2,0,2-0,Regular Season - 7
831299,Allsvenskan Suecia,2022/2023,2022-05-08,Varbergs BoIS FC,Sirius,0,2,0-2,Regular Season - 7
831298,Allsvenskan Suecia,2022/2023,2022-05-09,GIF Sundsvall,Degerfors IF,2,3,2-3,Regular Season - 7
831293,Allsvenskan Suecia,2022/2023,2022-05-09,Helsingborg,IFK Norrkoping,0,1,0-1,Regular Season - 7
831295,Allsvenskan Suecia,2022/2023,2022-05-09,IFK Varnamo,BK Hacken,1,2,1-2,Regular Season - 7
831294,Allsvenskan Suecia,2022/2023,2022-05-09,IF Elfsborg,Djurgardens IF,0,0,0-0,Regular Season - 7
831364,Allsvenskan Suecia,2022/2023,2022-05-11,AIK Stockholm,Malmo FF,2,0,2-0,Regular Season - 16
831307,Allsvenskan Suecia,2022/2023,2022-05-14,Mjallby AIF,IFK Varnamo,1,1,1-1,Regular Season - 8
831306,Allsvenskan Suecia,2022/2023,2022-05-14,Sirius,IF Elfsborg,2,0,2-0,Regular Season - 8
831303,Allsvenskan Suecia,2022/2023,2022-05-15,Hammarby FF,AIK Stockholm,3,3,3-3,Regular Season - 8
831300,Allsvenskan Suecia,2022/2023,2022-05-15,BK Hacken,Kalmar FF,3,1,3-1,Regular Season - 8
831304,Allsvenskan Suecia,2022/2023,2022-05-15,IFK Goteborg,Varbergs BoIS FC,1,1,1-1,Regular Season - 8
831305,Allsvenskan Suecia,2022/2023,2022-05-15,IFK Norrkoping,GIF Sundsvall,5,1,5-1,Regular Season - 8
831301,Allsvenskan Suecia,2022/2023,2022-05-15,Degerfors IF,Helsingborg,2,1,2-1,Regular Season - 8
831302,Allsvenskan Suecia,2022/2023,2022-05-16,Djurgardens IF,Malmo FF,4,0,4-0,Regular Season - 8
831308,Allsvenskan Suecia,2022/2023,2022-05-21,AIK Stockholm,Sirius,2,2,2-2,Regular Season - 9
831309,Allsvenskan Suecia,2022/2023,2022-05-21,Helsingborg,IFK Varnamo,1,4,1-4,Regular Season - 9
831310,Allsvenskan Suecia,2022/2023,2022-05-22,Hammarby FF,IFK Norrkoping,3,0,3-0,Regular Season - 9
831311,Allsvenskan Suecia,2022/2023,2022-05-22,IF Elfsborg,IFK Goteborg,3,1,3-1,Regular Season - 9
831315,Allsvenskan Suecia,2022/2023,2022-05-22,Varbergs BoIS FC,Degerfors IF,2,1,2-1,Regular Season - 9
831312,Allsvenskan Suecia,2022/2023,2022-05-22,Kalmar FF,Djurgardens IF,1,0,1-0,Regular Season - 9
831313,Allsvenskan Suecia,2022/2023,2022-05-22,Malmo FF,BK Hacken,1,2,1-2,Regular Season - 9
831314,Allsvenskan Suecia,2022/2023,2022-05-23,GIF Sundsvall,Mjallby AIF,2,0,2-0,Regular Season - 9
831320,Allsvenskan Suecia,2022/2023,2022-05-28,IFK Goteborg,GIF Sundsvall,2,0,2-0,Regular Season - 10
831323,Allsvenskan Suecia,2022/2023,2022-05-28,Mjallby AIF,Kalmar FF,1,1,1-1,Regular Season - 10
831316,Allsvenskan Suecia,2022/2023,2022-05-28,BK Hacken,Sirius,4,3,4-3,Regular Season - 10
831318,Allsvenskan Suecia,2022/2023,2022-05-29,Djurgardens IF,Varbergs BoIS FC,4,0,4-0,Regular Season - 10
831321,Allsvenskan Suecia,2022/2023,2022-05-29,IFK Norrkoping,IF Elfsborg,2,2,2-2,Regular Season - 10
831317,Allsvenskan Suecia,2022/2023,2022-05-29,Degerfors IF,Malmo FF,0,2,0-2,Regular Season - 10
831319,Allsvenskan Suecia,2022/2023,2022-05-29,Helsingborg,AIK Stockholm,1,2,1-2,Regular Season - 10
831322,Allsvenskan Suecia,2022/2023,2022-05-29,IFK Varnamo,Hammarby FF,1,0,1-0,Regular Season - 10
831325,Allsvenskan Suecia,2022/2023,2022-06-26,Hammarby FF,BK Hacken,2,2,2-2,Regular Season - 11
831324,Allsvenskan Suecia,2022/2023,2022-06-26,Degerfors IF,AIK Stockholm,1,1,1-1,Regular Season - 11
831330,Allsvenskan Suecia,2022/2023,2022-06-26,Mjallby AIF,IFK Norrkoping,1,1,1-1,Regular Season - 11
831331,Allsvenskan Suecia,2022/2023,2022-06-26,GIF Sundsvall,Djurgardens IF,2,5,2-5,Regular Season - 11
831327,Allsvenskan Suecia,2022/2023,2022-06-27,Sirius,IFK Goteborg,1,2,1-2,Regular Season - 11
831326,Allsvenskan Suecia,2022/2023,2022-06-27,IF Elfsborg,Varbergs BoIS FC,4,1,4-1,Regular Season - 11
831328,Allsvenskan Suecia,2022/2023,2022-06-27,Kalmar FF,IFK Varnamo,1,0,1-0,Regular Season - 11
831329,Allsvenskan Suecia,2022/2023,2022-06-27,Malmo FF,Helsingborg,2,1,2-1,Regular Season - 11
831338,Allsvenskan Suecia,2022/2023,2022-07-01,GIF Sundsvall,Malmo FF,2,1,2-1,Regular Season - 12
831332,Allsvenskan Suecia,2022/2023,2022-07-02,AIK Stockholm,Mjallby AIF,0,1,0-1,Regular Season - 12
831335,Allsvenskan Suecia,2022/2023,2022-07-02,Helsingborg,Kalmar FF,1,1,1-1,Regular Season - 12
831334,Allsvenskan Suecia,2022/2023,2022-07-03,Djurgardens IF,Hammarby FF,1,0,1-0,Regular Season - 12
831339,Allsvenskan Suecia,2022/2023,2022-07-03,Varbergs BoIS FC,IFK Varnamo,3,0,3-0,Regular Season - 12
831333,Allsvenskan Suecia,2022/2023,2022-07-03,BK Hacken,IF Elfsborg,1,1,1-1,Regular Season - 12
831337,Allsvenskan Suecia,2022/2023,2022-07-03,IFK Norrkoping,Sirius,0,1,0-1,Regular Season - 12
831336,Allsvenskan Suecia,2022/2023,2022-07-04,IFK Goteborg,Degerfors IF,2,0,2-0,Regular Season - 12
831346,Allsvenskan Suecia,2022/2023,2022-07-09,Malmo FF,Varbergs BoIS FC,3,0,3-0,Regular Season - 13
831340,Allsvenskan Suecia,2022/2023,2022-07-09,Degerfors IF,IFK Norrkoping,1,1,1-1,Regular Season - 13
831343,Allsvenskan Suecia,2022/2023,2022-07-10,IF Elfsborg,AIK Stockholm,2,2,2-2,Regular Season - 13
831347,Allsvenskan Suecia,2022/2023,2022-07-10,Mjallby AIF,BK Hacken,1,2,1-2,Regular Season - 13
831345,Allsvenskan Suecia,2022/2023,2022-07-10,Kalmar FF,Sirius,1,1,1-1,Regular Season - 13
831342,Allsvenskan Suecia,2022/2023,2022-07-11,Hammarby FF,IFK Goteborg,3,0,3-0,Regular Season - 13
831341,Allsvenskan Suecia,2022/2023,2022-07-11,Helsingborg,Djurgardens IF,0,2,0-2,Regular Season - 13
831344,Allsvenskan Suecia,2022/2023,2022-07-11,IFK Varnamo,GIF Sundsvall,1,1,1-1,Regular Season - 13
831352,Allsvenskan Suecia,2022/2023,2022-07-16,IFK Norrkoping,Malmo FF,0,2,0-2,Regular Season - 14
831349,Allsvenskan Suecia,2022/2023,2022-07-16,Djurgardens IF,IFK Varnamo,5,0,5-0,Regular Season - 14
831350,Allsvenskan Suecia,2022/2023,2022-07-17,Hammarby FF,IF Elfsborg,3,0,3-0,Regular Season - 14
831351,Allsvenskan Suecia,2022/2023,2022-07-17,IFK Goteborg,Mjallby AIF,1,1,1-1,Regular Season - 14
831353,Allsvenskan Suecia,2022/2023,2022-07-17,Sirius,Degerfors IF,2,0,2-0,Regular Season - 14
831348,Allsvenskan Suecia,2022/2023,2022-07-17,AIK Stockholm,Kalmar FF,1,0,1-0,Regular Season - 14
831354,Allsvenskan Suecia,2022/2023,2022-07-18,GIF Sundsvall,BK Hacken,1,5,1-5,Regular Season - 14
831355,Allsvenskan Suecia,2022/2023,2022-07-18,Varbergs BoIS FC,Helsingborg,0,0,0-0,Regular Season - 14
831361,Allsvenskan Suecia,2022/2023,2022-07-23,Malmo FF,Sirius,3,1,3-1,Regular Season - 15
831362,Allsvenskan Suecia,2022/2023,2022-07-23,Mjallby AIF,Degerfors IF,2,1,2-1,Regular Season - 15
831357,Allsvenskan Suecia,2022/2023,2022-07-24,Helsingborg,GIF Sundsvall,1,0,1-0,Regular Season - 15
831359,Allsvenskan Suecia,2022/2023,2022-07-24,IFK Varnamo,AIK Stockholm,2,3,2-3,Regular Season - 15
831356,Allsvenskan Suecia,2022/2023,2022-07-24,BK Hacken,Djurgardens IF,1,2,1-2,Regular Season - 15
831360,Allsvenskan Suecia,2022/2023,2022-07-24,Kalmar FF,IF Elfsborg,1,0,1-0,Regular Season - 15
831358,Allsvenskan Suecia,2022/2023,2022-07-25,IFK Norrkoping,IFK Goteborg,0,2,0-2,Regular Season - 15
831363,Allsvenskan Suecia,2022/2023,2022-07-25,Varbergs BoIS FC,Hammarby FF,0,3,0-3,Regular Season - 15
831365,Allsvenskan Suecia,2022/2023,2022-07-30,Degerfors IF,Kalmar FF,2,1,2-1,Regular Season - 16
831371,Allsvenskan Suecia,2022/2023,2022-07-30,GIF Sundsvall,Varbergs BoIS FC,1,3,1-3,Regular Season - 16
831367,Allsvenskan Suecia,2022/2023,2022-07-31,Hammarby FF,IFK Varnamo,1,2,1-2,Regular Season - 16
831370,Allsvenskan Suecia,2022/2023,2022-07-31,Sirius,Mjallby AIF,0,1,0-1,Regular Season - 16
831368,Allsvenskan Suecia,2022/2023,2022-07-31,IF Elfsborg,BK Hacken,4,4,4-4,Regular Season - 16
831369,Allsvenskan Suecia,2022/2023,2022-08-01,IFK Goteborg,IFK Norrkoping,2,0,2-0,Regular Season - 16
831374,Allsvenskan Suecia,2022/2023,2022-08-06,IFK Norrkoping,Degerfors IF,2,0,2-0,Regular Season - 17
831373,Allsvenskan Suecia,2022/2023,2022-08-07,Hammarby FF,GIF Sundsvall,3,0,3-0,Regular Season - 17
831376,Allsvenskan Suecia,2022/2023,2022-08-07,Sirius,Malmo FF,2,1,2-1,Regular Season - 17
831377,Allsvenskan Suecia,2022/2023,2022-08-07,Kalmar FF,AIK Stockholm,1,0,1-0,Regular Season - 17
831375,Allsvenskan Suecia,2022/2023,2022-08-07,IFK Varnamo,Djurgardens IF,0,0,0-0,Regular Season - 17
831378,Allsvenskan Suecia,2022/2023,2022-08-07,Mjallby AIF,IF Elfsborg,1,1,1-1,Regular Season - 17
831372,Allsvenskan Suecia,2022/2023,2022-08-08,BK Hacken,Helsingborg,5,0,5-0,Regular Season - 17
831379,Allsvenskan Suecia,2022/2023,2022-08-08,Varbergs BoIS FC,IFK Goteborg,0,4,0-4,Regular Season - 17
831384,Allsvenskan Suecia,2022/2023,2022-08-13,Helsingborg,Sirius,0,0,0-0,Regular Season - 18
831383,Allsvenskan Suecia,2022/2023,2022-08-14,Djurgardens IF,Kalmar FF,3,2,3-2,Regular Season - 18
831387,Allsvenskan Suecia,2022/2023,2022-08-14,Malmo FF,GIF Sundsvall,3,1,3-1,Regular Season - 18
831380,Allsvenskan Suecia,2022/2023,2022-08-14,AIK Stockholm,IFK Varnamo,2,2,2-2,Regular Season - 18
831385,Allsvenskan Suecia,2022/2023,2022-08-14,IF Elfsborg,IFK Norrkoping,1,1,1-1,Regular Season - 18
831382,Allsvenskan Suecia,2022/2023,2022-08-14,Degerfors IF,Varbergs BoIS FC,1,1,1-1,Regular Season - 18
831381,Allsvenskan Suecia,2022/2023,2022-08-15,BK Hacken,Mjallby AIF,1,0,1-0,Regular Season - 18
831386,Allsvenskan Suecia,2022/2023,2022-08-15,IFK Goteborg,Hammarby FF,0,1,0-1,Regular Season - 18
831395,Allsvenskan Suecia,2022/2023,2022-08-20,Varbergs BoIS FC,Djurgardens IF,2,2,2-2,Regular Season - 19
831390,Allsvenskan Suecia,2022/2023,2022-08-21,IFK Varnamo,IF Elfsborg,1,1,1-1,Regular Season - 19
831393,Allsvenskan Suecia,2022/2023,2022-08-21,Mjallby AIF,Malmo FF,1,1,1-1,Regular Season - 19
831394,Allsvenskan Suecia,2022/2023,2022-08-21,GIF Sundsvall,Helsingborg,1,2,1-2,Regular Season - 19
831389,Allsvenskan Suecia,2022/2023,2022-08-21,IFK Norrkoping,AIK Stockholm,2,4,2-4,Regular Season - 19
831391,Allsvenskan Suecia,2022/2023,2022-08-22,Sirius,BK Hacken,0,1,0-1,Regular Season - 19
831392,Allsvenskan Suecia,2022/2023,2022-08-22,Kalmar FF,IFK Goteborg,1,0,1-0,Regular Season - 19
831388,Allsvenskan Suecia,2022/2023,2022-08-22,Hammarby FF,Degerfors IF,5,1,5-1,Regular Season - 19
831397,Allsvenskan Suecia,2022/2023,2022-08-27,BK Hacken,IFK Varnamo,4,1,4-1,Regular Season - 20
831398,Allsvenskan Suecia,2022/2023,2022-08-27,Degerfors IF,GIF Sundsvall,3,1,3-1,Regular Season - 20
831401,Allsvenskan Suecia,2022/2023,2022-08-28,IFK Goteborg,Sirius,2,0,2-0,Regular Season - 20
831396,Allsvenskan Suecia,2022/2023,2022-08-28,AIK Stockholm,Hammarby FF,2,2,2-2,Regular Season - 20
831403,Allsvenskan Suecia,2022/2023,2022-08-28,Varbergs BoIS FC,IFK Norrkoping,1,1,1-1,Regular Season - 20
831402,Allsvenskan Suecia,2022/2023,2022-08-28,Malmo FF,Kalmar FF,0,1,0-1,Regular Season - 20
831400,Allsvenskan Suecia,2022/2023,2022-08-28,Helsingborg,Mjallby AIF,0,1,0-1,Regular Season - 20
831399,Allsvenskan Suecia,2022/2023,2022-08-29,Djurgardens IF,IF Elfsborg,2,1,2-1,Regular Season - 20
831405,Allsvenskan Suecia,2022/2023,2022-09-04,BK Hacken,Degerfors IF,2,2,2-2,Regular Season - 21
831409,Allsvenskan Suecia,2022/2023,2022-09-04,Sirius,Djurgardens IF,0,1,0-1,Regular Season - 21
831406,Allsvenskan Suecia,2022/2023,2022-09-04,IF Elfsborg,Malmo FF,3,2,3-2,Regular Season - 21
831404,Allsvenskan Suecia,2022/2023,2022-09-04,AIK Stockholm,GIF Sundsvall,4,0,4-0,Regular Season - 21
831410,Allsvenskan Suecia,2022/2023,2022-09-05,Kalmar FF,Varbergs BoIS FC,1,0,1-0,Regular Season - 21
831408,Allsvenskan Suecia,2022/2023,2022-09-05,IFK Varnamo,Helsingborg,3,2,3-2,Regular Season - 21
831411,Allsvenskan Suecia,2022/2023,2022-09-05,Mjallby AIF,IFK Goteborg,1,4,1-4,Regular Season - 21
831407,Allsvenskan Suecia,2022/2023,2022-09-05,IFK Norrkoping,Hammarby FF,4,1,4-1,Regular Season - 21
831415,Allsvenskan Suecia,2022/2023,2022-09-10,Sirius,IFK Varnamo,2,3,2-3,Regular Season - 22
831412,Allsvenskan Suecia,2022/2023,2022-09-10,Degerfors IF,Mjallby AIF,0,0,0-0,Regular Season - 22
831413,Allsvenskan Suecia,2022/2023,2022-09-11,Hammarby FF,Djurgardens IF,0,0,0-0,Regular Season - 22
831418,Allsvenskan Suecia,2022/2023,2022-09-11,GIF Sundsvall,IF Elfsborg,0,2,0-2,Regular Season - 22
831417,Allsvenskan Suecia,2022/2023,2022-09-11,Malmo FF,IFK Norrkoping,2,1,2-1,Regular Season - 22
831419,Allsvenskan Suecia,2022/2023,2022-09-11,Varbergs BoIS FC,AIK Stockholm,2,0,2-0,Regular Season - 22
831416,Allsvenskan Suecia,2022/2023,2022-09-12,Kalmar FF,BK Hacken,1,1,1-1,Regular Season - 22
831414,Allsvenskan Suecia,2022/2023,2022-09-12,IFK Goteborg,Helsingborg,1,3,1-3,Regular Season - 22
831421,Allsvenskan Suecia,2022/2023,2022-09-17,BK Hacken,Hammarby FF,1,1,1-1,Regular Season - 23
831425,Allsvenskan Suecia,2022/2023,2022-09-17,IFK Norrkoping,Kalmar FF,2,2,2-2,Regular Season - 23
831426,Allsvenskan Suecia,2022/2023,2022-09-17,IFK Varnamo,Varbergs BoIS FC,1,0,1-0,Regular Season - 23
831424,Allsvenskan Suecia,2022/2023,2022-09-18,IF Elfsborg,Sirius,3,0,3-0,Regular Season - 23
831423,Allsvenskan Suecia,2022/2023,2022-09-18,Helsingborg,Malmo FF,1,2,1-2,Regular Season - 23
831427,Allsvenskan Suecia,2022/2023,2022-09-18,Mjallby AIF,GIF Sundsvall,1,1,1-1,Regular Season - 23
831422,Allsvenskan Suecia,2022/2023,2022-09-18,Djurgardens IF,IFK Goteborg,3,0,3-0,Regular Season - 23
831420,Allsvenskan Suecia,2022/2023,2022-09-18,AIK Stockholm,Degerfors IF,1,1,1-1,Regular Season - 23
831433,Allsvenskan Suecia,2022/2023,2022-10-01,Malmo FF,Hammarby FF,0,0,0-0,Regular Season - 24
831428,Allsvenskan Suecia,2022/2023,2022-10-01,Degerfors IF,Djurgardens IF,3,0,3-0,Regular Season - 24
831434,Allsvenskan Suecia,2022/2023,2022-10-02,GIF Sundsvall,IFK Norrkoping,1,3,1-3,Regular Season - 24
831435,Allsvenskan Suecia,2022/2023,2022-10-02,Varbergs BoIS FC,BK Hacken,1,1,1-1,Regular Season - 24
831431,Allsvenskan Suecia,2022/2023,2022-10-02,Sirius,AIK Stockholm,1,1,1-1,Regular Season - 24
831432,Allsvenskan Suecia,2022/2023,2022-10-02,Kalmar FF,Helsingborg,2,0,2-0,Regular Season - 24
831430,Allsvenskan Suecia,2022/2023,2022-10-03,IFK Varnamo,Mjallby AIF,2,1,2-1,Regular Season - 24
831429,Allsvenskan Suecia,2022/2023,2022-10-03,IFK Goteborg,IF Elfsborg,1,3,1-3,Regular Season - 24
831437,Allsvenskan Suecia,2022/2023,2022-10-08,Degerfors IF,Sirius,0,0,0-0,Regular Season - 25
831440,Allsvenskan Suecia,2022/2023,2022-10-09,IF Elfsborg,Kalmar FF,0,2,0-2,Regular Season - 25
831443,Allsvenskan Suecia,2022/2023,2022-10-09,GIF Sundsvall,IFK Goteborg,3,2,3-2,Regular Season - 25
831442,Allsvenskan Suecia,2022/2023,2022-10-09,Malmo FF,IFK Varnamo,0,0,0-0,Regular Season - 25
831438,Allsvenskan Suecia,2022/2023,2022-10-09,Djurgardens IF,BK Hacken,0,1,0-1,Regular Season - 25
831436,Allsvenskan Suecia,2022/2023,2022-10-09,AIK Stockholm,Helsingborg,2,0,2-0,Regular Season - 25
831441,Allsvenskan Suecia,2022/2023,2022-10-10,IFK Norrkoping,Mjallby AIF,2,2,2-2,Regular Season - 25
831439,Allsvenskan Suecia,2022/2023,2022-10-10,Hammarby FF,Varbergs BoIS FC,5,1,5-1,Regular Season - 25
831447,Allsvenskan Suecia,2022/2023,2022-10-14,IF Elfsborg,Degerfors IF,1,1,1-1,Regular Season - 26
831444,Allsvenskan Suecia,2022/2023,2022-10-15,BK Hacken,GIF Sundsvall,4,1,4-1,Regular Season - 26
831446,Allsvenskan Suecia,2022/2023,2022-10-15,Helsingborg,Varbergs BoIS FC,1,3,1-3,Regular Season - 26
831450,Allsvenskan Suecia,2022/2023,2022-10-15,Sirius,IFK Norrkoping,2,0,2-0,Regular Season - 26
831449,Allsvenskan Suecia,2022/2023,2022-10-15,IFK Varnamo,Kalmar FF,1,3,1-3,Regular Season - 26
831445,Allsvenskan Suecia,2022/2023,2022-10-16,Djurgardens IF,AIK Stockholm,1,2,1-2,Regular Season - 26
831451,Allsvenskan Suecia,2022/2023,2022-10-16,Mjallby AIF,Hammarby FF,0,3,0-3,Regular Season - 26
831448,Allsvenskan Suecia,2022/2023,2022-10-17,IFK Goteborg,Malmo FF,2,1,2-1,Regular Season - 26
831458,Allsvenskan Suecia,2022/2023,2022-10-19,GIF Sundsvall,IFK Varnamo,1,2,1-2,Regular Season - 27
831452,Allsvenskan Suecia,2022/2023,2022-10-19,AIK Stockholm,BK Hacken,1,2,1-2,Regular Season - 27
831455,Allsvenskan Suecia,2022/2023,2022-10-19,IFK Norrkoping,Helsingborg,2,0,2-0,Regular Season - 27
831459,Allsvenskan Suecia,2022/2023,2022-10-19,Varbergs BoIS FC,IF Elfsborg,0,3,0-3,Regular Season - 27
831454,Allsvenskan Suecia,2022/2023,2022-10-20,Hammarby FF,Sirius,1,1,1-1,Regular Season - 27
831456,Allsvenskan Suecia,2022/2023,2022-10-20,Kalmar FF,Mjallby AIF,1,2,1-2,Regular Season - 27
831457,Allsvenskan Suecia,2022/2023,2022-10-20,Malmo FF,Djurgardens IF,2,3,2-3,Regular Season - 27
831453,Allsvenskan Suecia,2022/2023,2022-10-20,Degerfors IF,IFK Goteborg,3,1,3-1,Regular Season - 27
831463,Allsvenskan Suecia,2022/2023,2022-10-23,IF Elfsborg,Hammarby FF,2,1,2-1,Regular Season - 28
831462,Allsvenskan Suecia,2022/2023,2022-10-23,Helsingborg,Degerfors IF,1,2,1-2,Regular Season - 28
831460,Allsvenskan Suecia,2022/2023,2022-10-23,BK Hacken,Malmo FF,2,1,2-1,Regular Season - 28
831461,Allsvenskan Suecia,2022/2023,2022-10-24,Djurgardens IF,GIF Sundsvall,4,0,4-0,Regular Season - 28
831466,Allsvenskan Suecia,2022/2023,2022-10-24,Sirius,Kalmar FF,0,0,0-0,Regular Season - 28
831465,Allsvenskan Suecia,2022/2023,2022-10-24,IFK Varnamo,IFK Norrkoping,1,1,1-1,Regular Season - 28
831467,Allsvenskan Suecia,2022/2023,2022-10-24,Mjallby AIF,Varbergs BoIS FC,4,1,4-1,Regular Season - 28
831464,Allsvenskan Suecia,2022/2023,2022-10-24,IFK Goteborg,AIK Stockholm,1,0,1-0,Regular Season - 28
831468,Allsvenskan Suecia,2022/2023,2022-10-29,Degerfors IF,IFK Varnamo,0,0,0-0,Regular Season - 29
831471,Allsvenskan Suecia,2022/2023,2022-10-30,IFK Goteborg,BK Hacken,0,4,0-4,Regular Season - 29
831474,Allsvenskan Suecia,2022/2023,2022-10-30,GIF Sundsvall,Sirius,2,3,2-3,Regular Season - 29
831473,Allsvenskan Suecia,2022/2023,2022-10-30,Mjallby AIF,AIK Stockholm,1,2,1-2,Regular Season - 29
831469,Allsvenskan Suecia,2022/2023,2022-10-30,Hammarby FF,Kalmar FF,4,2,4-2,Regular Season - 29
831475,Allsvenskan Suecia,2022/2023,2022-10-30,Varbergs BoIS FC,Malmo FF,2,5,2-5,Regular Season - 29
831470,Allsvenskan Suecia,2022/2023,2022-10-31,IF Elfsborg,Helsingborg,3,0,3-0,Regular Season - 29
831472,Allsvenskan Suecia,2022/2023,2022-10-31,IFK Norrkoping,Djurgardens IF,0,1,0-1,Regular Season - 29
831478,Allsvenskan Suecia,2022/2023,2022-11-06,Djurgardens IF,Mjallby AIF,0,1,0-1,Regular Season - 30
831477,Allsvenskan Suecia,2022/2023,2022-11-06,BK Hacken,IFK Norrkoping,3,3,3-3,Regular Season - 30
831481,Allsvenskan Suecia,2022/2023,2022-11-06,Sirius,Varbergs BoIS FC,2,3,2-3,Regular Season - 30
831482,Allsvenskan Suecia,2022/2023,2022-11-06,Kalmar FF,GIF Sundsvall,4,0,4-0,Regular Season - 30
831483,Allsvenskan Suecia,2022/2023,2022-11-06,Malmo FF,Degerfors IF,2,2,2-2,Regular Season - 30
831476,Allsvenskan Suecia,2022/2023,2022-11-06,AIK Stockholm,IF Elfsborg,0,1,0-1,Regular Season - 30
831479,Allsvenskan Suecia,2022/2023,2022-11-06,Helsingborg,Hammarby FF,0,2,0-2,Regular Season - 30
831480,Allsvenskan Suecia,2022/2023,2022-11-06,IFK Varnamo,IFK Goteborg,1,4,1-4,Regular Season - 30
971747,Allsvenskan Suecia,2022/2023,2022-11-10,Osters IF,Varbergs BoIS FC,1,2,1-2,Relegation Round
971748,Allsvenskan Suecia,2022/2023,2022-11-13,Varbergs BoIS FC,Osters IF,2,1,2-1,Relegation Round
1001807,Allsvenskan Suecia,2023/2024,2023-04-01,Malmo FF,Kalmar FF,1,0,1-0,Regular Season - 1
1001808,Allsvenskan Suecia,2023/2024,2023-04-01,Djurgardens IF,IF Brommapojkarna,3,1,3-1,Regular Season - 1
1001809,Allsvenskan Suecia,2023/2024,2023-04-02,Hammarby FF,Degerfors IF,3,1,3-1,Regular Season - 1
1001810,Allsvenskan Suecia,2023/2024,2023-04-02,IFK Norrkoping,Sirius,1,1,1-1,Regular Season - 1
1001811,Allsvenskan Suecia,2023/2024,2023-04-02,IFK Goteborg,IFK Varnamo,0,1,0-1,Regular Season - 1
1001812,Allsvenskan Suecia,2023/2024,2023-04-02,Halmstad,AIK Stockholm,2,1,2-1,Regular Season - 1
1001813,Allsvenskan Suecia,2023/2024,2023-04-03,Mjallby AIF,Varbergs BoIS FC,2,2,2-2,Regular Season - 1
1001814,Allsvenskan Suecia,2023/2024,2023-04-03,IF Elfsborg,BK Hacken,0,2,0-2,Regular Season - 1
1001815,Allsvenskan Suecia,2023/2024,2023-04-08,IF Brommapojkarna,Malmo FF,1,2,1-2,Regular Season - 2
1001816,Allsvenskan Suecia,2023/2024,2023-04-08,Degerfors IF,Halmstad,3,1,3-1,Regular Season - 2
1001817,Allsvenskan Suecia,2023/2024,2023-04-09,BK Hacken,Hammarby FF,3,1,3-1,Regular Season - 2
1001818,Allsvenskan Suecia,2023/2024,2023-04-09,Sirius,Djurgardens IF,0,0,0-0,Regular Season - 2
1001819,Allsvenskan Suecia,2023/2024,2023-04-09,Kalmar FF,IFK Goteborg,2,0,2-0,Regular Season - 2
1001821,Allsvenskan Suecia,2023/2024,2023-04-10,IFK Varnamo,Mjallby AIF,0,1,0-1,Regular Season - 2
1001820,Allsvenskan Suecia,2023/2024,2023-04-10,AIK Stockholm,IFK Norrkoping,0,3,0-3,Regular Season - 2
1001822,Allsvenskan Suecia,2023/2024,2023-04-10,Varbergs BoIS FC,IF Elfsborg,0,0,0-0,Regular Season - 2
1001823,Allsvenskan Suecia,2023/2024,2023-04-15,IF Elfsborg,IF Brommapojkarna,5,0,5-0,Regular Season - 3
1001824,Allsvenskan Suecia,2023/2024,2023-04-15,BK Hacken,Kalmar FF,1,3,1-3,Regular Season - 3
1001825,Allsvenskan Suecia,2023/2024,2023-04-16,AIK Stockholm,Hammarby FF,2,0,2-0,Regular Season - 3
1001826,Allsvenskan Suecia,2023/2024,2023-04-16,IFK Norrkoping,IFK Varnamo,2,1,2-1,Regular Season - 3
1001827,Allsvenskan Suecia,2023/2024,2023-04-16,Halmstad,Djurgardens IF,2,0,2-0,Regular Season - 3
1001828,Allsvenskan Suecia,2023/2024,2023-04-16,Mjallby AIF,Degerfors IF,2,0,2-0,Regular Season - 3
1001829,Allsvenskan Suecia,2023/2024,2023-04-17,Varbergs BoIS FC,Sirius,1,1,1-1,Regular Season - 3
1001830,Allsvenskan Suecia,2023/2024,2023-04-17,IFK Goteborg,Malmo FF,0,1,0-1,Regular Season - 3
1001831,Allsvenskan Suecia,2023/2024,2023-04-22,Hammarby FF,Varbergs BoIS FC,2,0,2-0,Regular Season - 4
1001832,Allsvenskan Suecia,2023/2024,2023-04-22,Degerfors IF,IF Elfsborg,1,2,1-2,Regular Season - 4
1001833,Allsvenskan Suecia,2023/2024,2023-04-23,Djurgardens IF,IFK Goteborg,1,0,1-0,Regular Season - 4
1001834,Allsvenskan Suecia,2023/2024,2023-04-23,Kalmar FF,Halmstad,2,0,2-0,Regular Season - 4
1001835,Allsvenskan Suecia,2023/2024,2023-04-23,Sirius,BK Hacken,1,4,1-4,Regular Season - 4
1001837,Allsvenskan Suecia,2023/2024,2023-04-24,IF Brommapojkarna,Mjallby AIF,2,0,2-0,Regular Season - 4
1001836,Allsvenskan Suecia,2023/2024,2023-04-24,IFK Varnamo,AIK Stockholm,1,0,1-0,Regular Season - 4
1001838,Allsvenskan Suecia,2023/2024,2023-04-24,Malmo FF,IFK Norrkoping,3,0,3-0,Regular Season - 4
1001839,Allsvenskan Suecia,2023/2024,2023-04-29,AIK Stockholm,Sirius,0,0,0-0,Regular Season - 5
1001840,Allsvenskan Suecia,2023/2024,2023-04-29,Mjallby AIF,IF Elfsborg,0,1,0-1,Regular Season - 5
1001841,Allsvenskan Suecia,2023/2024,2023-04-29,BK Hacken,IFK Varnamo,3,1,3-1,Regular Season - 5
1001842,Allsvenskan Suecia,2023/2024,2023-04-29,Halmstad,IF Brommapojkarna,0,2,0-2,Regular Season - 5
1001843,Allsvenskan Suecia,2023/2024,2023-04-30,Malmo FF,Hammarby FF,4,2,4-2,Regular Season - 5
1001844,Allsvenskan Suecia,2023/2024,2023-04-30,Varbergs BoIS FC,Kalmar FF,0,0,0-0,Regular Season - 5
1001845,Allsvenskan Suecia,2023/2024,2023-04-30,Degerfors IF,Djurgardens IF,2,1,2-1,Regular Season - 5
1001846,Allsvenskan Suecia,2023/2024,2023-05-01,IFK Goteborg,IFK Norrkoping,1,1,1-1,Regular Season - 5
1001848,Allsvenskan Suecia,2023/2024,2023-05-03,BK Hacken,Djurgardens IF,4,1,4-1,Regular Season - 6
1001847,Allsvenskan Suecia,2023/2024,2023-05-03,IF Elfsborg,Halmstad,6,1,6-1,Regular Season - 6
1001849,Allsvenskan Suecia,2023/2024,2023-05-03,Kalmar FF,Sirius,2,2,2-2,Regular Season - 6
1001850,Allsvenskan Suecia,2023/2024,2023-05-03,Mjallby AIF,AIK Stockholm,0,0,0-0,Regular Season - 6
1001851,Allsvenskan Suecia,2023/2024,2023-05-04,IFK Goteborg,Degerfors IF,6,0,6-0,Regular Season - 6
1001852,Allsvenskan Suecia,2023/2024,2023-05-04,IFK Norrkoping,Hammarby FF,2,0,2-0,Regular Season - 6
1001853,Allsvenskan Suecia,2023/2024,2023-05-04,IFK Varnamo,IF Brommapojkarna,0,1,0-1,Regular Season - 6
1001854,Allsvenskan Suecia,2023/2024,2023-05-04,Varbergs BoIS FC,Malmo FF,0,6,0-6,Regular Season - 6
1001855,Allsvenskan Suecia,2023/2024,2023-05-07,Malmo FF,AIK Stockholm,3,1,3-1,Regular Season - 7
1001856,Allsvenskan Suecia,2023/2024,2023-05-07,Halmstad,BK Hacken,1,0,1-0,Regular Season - 7
1001857,Allsvenskan Suecia,2023/2024,2023-05-08,Sirius,IF Elfsborg,3,4,3-4,Regular Season - 7
1001858,Allsvenskan Suecia,2023/2024,2023-05-08,IF Brommapojkarna,IFK Goteborg,0,0,0-0,Regular Season - 7
1001859,Allsvenskan Suecia,2023/2024,2023-05-08,Degerfors IF,IFK Norrkoping,0,2,0-2,Regular Season - 7
1001860,Allsvenskan Suecia,2023/2024,2023-05-08,Djurgardens IF,Kalmar FF,3,1,3-1,Regular Season - 7
1001861,Allsvenskan Suecia,2023/2024,2023-05-09,Hammarby FF,Mjallby AIF,0,0,0-0,Regular Season - 7
1001862,Allsvenskan Suecia,2023/2024,2023-05-09,IFK Varnamo,Varbergs BoIS FC,3,1,3-1,Regular Season - 7
1001863,Allsvenskan Suecia,2023/2024,2023-05-13,BK Hacken,Degerfors IF,6,1,6-1,Regular Season - 8
1001865,Allsvenskan Suecia,2023/2024,2023-05-13,Varbergs BoIS FC,IFK Norrkoping,1,3,1-3,Regular Season - 8
1001866,Allsvenskan Suecia,2023/2024,2023-05-14,Hammarby FF,Djurgardens IF,4,3,4-3,Regular Season - 8
1001867,Allsvenskan Suecia,2023/2024,2023-05-14,IF Elfsborg,IFK Varnamo,2,0,2-0,Regular Season - 8
1001864,Allsvenskan Suecia,2023/2024,2023-05-14,Mjallby AIF,Sirius,3,0,3-0,Regular Season - 8
1001869,Allsvenskan Suecia,2023/2024,2023-05-14,Kalmar FF,IF Brommapojkarna,1,3,1-3,Regular Season - 8
1001868,Allsvenskan Suecia,2023/2024,2023-05-14,Halmstad,Malmo FF,0,1,0-1,Regular Season - 8
1001870,Allsvenskan Suecia,2023/2024,2023-05-15,AIK Stockholm,IFK Goteborg,2,2,2-2,Regular Season - 8
1001871,Allsvenskan Suecia,2023/2024,2023-05-20,Degerfors IF,AIK Stockholm,2,1,2-1,Regular Season - 9
1001872,Allsvenskan Suecia,2023/2024,2023-05-21,Djurgardens IF,Mjallby AIF,2,0,2-0,Regular Season - 9
1001874,Allsvenskan Suecia,2023/2024,2023-05-21,IF Brommapojkarna,Varbergs BoIS FC,2,1,2-1,Regular Season - 9
1001873,Allsvenskan Suecia,2023/2024,2023-05-21,Malmo FF,BK Hacken,2,2,2-2,Regular Season - 9
1001875,Allsvenskan Suecia,2023/2024,2023-05-21,IFK Goteborg,Hammarby FF,1,1,1-1,Regular Season - 9
1001876,Allsvenskan Suecia,2023/2024,2023-05-21,Sirius,Halmstad,1,2,1-2,Regular Season - 9
1001877,Allsvenskan Suecia,2023/2024,2023-05-22,IFK Varnamo,Kalmar FF,0,1,0-1,Regular Season - 9
1001878,Allsvenskan Suecia,2023/2024,2023-05-22,IFK Norrkoping,IF Elfsborg,1,2,1-2,Regular Season - 9
1001943,Allsvenskan Suecia,2023/2024,2023-05-24,Djurgardens IF,BK Hacken,1,0,1-0,Regular Season - 18
1001949,Allsvenskan Suecia,2023/2024,2023-05-25,Degerfors IF,Hammarby FF,2,2,2-2,Regular Season - 18
1001879,Allsvenskan Suecia,2023/2024,2023-05-27,Mjallby AIF,Halmstad,0,2,0-2,Regular Season - 10
1001880,Allsvenskan Suecia,2023/2024,2023-05-27,IF Brommapojkarna,Sirius,1,2,1-2,Regular Season - 10
1001881,Allsvenskan Suecia,2023/2024,2023-05-28,Djurgardens IF,AIK Stockholm,1,0,1-0,Regular Season - 10
1001882,Allsvenskan Suecia,2023/2024,2023-05-28,Kalmar FF,IFK Norrkoping,2,1,2-1,Regular Season - 10
1001883,Allsvenskan Suecia,2023/2024,2023-05-28,IF Elfsborg,Malmo FF,3,0,3-0,Regular Season - 10
1001884,Allsvenskan Suecia,2023/2024,2023-05-29,Hammarby FF,IFK Varnamo,0,2,0-2,Regular Season - 10
1001885,Allsvenskan Suecia,2023/2024,2023-05-29,Degerfors IF,Varbergs BoIS FC,1,1,1-1,Regular Season - 10
1001886,Allsvenskan Suecia,2023/2024,2023-05-29,BK Hacken,IFK Goteborg,4,1,4-1,Regular Season - 10
1001887,Allsvenskan Suecia,2023/2024,2023-06-03,IFK Goteborg,Mjallby AIF,0,1,0-1,Regular Season - 11
1001888,Allsvenskan Suecia,2023/2024,2023-06-03,IFK Norrkoping,IF Brommapojkarna,0,2,0-2,Regular Season - 11
1001889,Allsvenskan Suecia,2023/2024,2023-06-04,AIK Stockholm,Kalmar FF,1,1,1-1,Regular Season - 11
1001890,Allsvenskan Suecia,2023/2024,2023-06-04,Halmstad,Hammarby FF,0,0,0-0,Regular Season - 11
1001892,Allsvenskan Suecia,2023/2024,2023-06-04,Sirius,IFK Varnamo,2,0,2-0,Regular Season - 11
1001891,Allsvenskan Suecia,2023/2024,2023-06-04,IF Elfsborg,Djurgardens IF,1,1,1-1,Regular Season - 11
1001893,Allsvenskan Suecia,2023/2024,2023-06-05,Varbergs BoIS FC,BK Hacken,0,2,0-2,Regular Season - 11
1001894,Allsvenskan Suecia,2023/2024,2023-06-05,Malmo FF,Degerfors IF,5,0,5-0,Regular Season - 11
1001895,Allsvenskan Suecia,2023/2024,2023-06-09,Hammarby FF,IF Brommapojkarna,2,1,2-1,Regular Season - 12
1001896,Allsvenskan Suecia,2023/2024,2023-06-10,Kalmar FF,Degerfors IF,2,1,2-1,Regular Season - 12
1001897,Allsvenskan Suecia,2023/2024,2023-06-10,IFK Varnamo,Malmo FF,1,3,1-3,Regular Season - 12
1001898,Allsvenskan Suecia,2023/2024,2023-06-10,Varbergs BoIS FC,Halmstad,1,2,1-2,Regular Season - 12
1001900,Allsvenskan Suecia,2023/2024,2023-06-11,Sirius,IFK Goteborg,2,0,2-0,Regular Season - 12
1001899,Allsvenskan Suecia,2023/2024,2023-06-11,AIK Stockholm,IF Elfsborg,1,2,1-2,Regular Season - 12
1001901,Allsvenskan Suecia,2023/2024,2023-06-11,Djurgardens IF,IFK Norrkoping,2,2,2-2,Regular Season - 12
1001902,Allsvenskan Suecia,2023/2024,2023-06-11,BK Hacken,Mjallby AIF,3,0,3-0,Regular Season - 12
1001903,Allsvenskan Suecia,2023/2024,2023-07-01,IF Brommapojkarna,AIK Stockholm,0,2,0-2,Regular Season - 13
1001904,Allsvenskan Suecia,2023/2024,2023-07-01,Degerfors IF,IFK Varnamo,0,2,0-2,Regular Season - 13
1001905,Allsvenskan Suecia,2023/2024,2023-07-01,Malmo FF,Sirius,3,0,3-0,Regular Season - 13
1001906,Allsvenskan Suecia,2023/2024,2023-07-02,IFK Norrkoping,BK Hacken,2,2,2-2,Regular Season - 13
1001907,Allsvenskan Suecia,2023/2024,2023-07-02,Halmstad,IFK Goteborg,0,0,0-0,Regular Season - 13
1001908,Allsvenskan Suecia,2023/2024,2023-07-02,Djurgardens IF,Varbergs BoIS FC,2,0,2-0,Regular Season - 13
1001909,Allsvenskan Suecia,2023/2024,2023-07-03,IF Elfsborg,Hammarby FF,2,0,2-0,Regular Season - 13
1001910,Allsvenskan Suecia,2023/2024,2023-07-03,Mjallby AIF,Kalmar FF,1,1,1-1,Regular Season - 13
1001911,Allsvenskan Suecia,2023/2024,2023-07-08,AIK Stockholm,BK Hacken,1,2,1-2,Regular Season - 14
1001912,Allsvenskan Suecia,2023/2024,2023-07-08,IFK Varnamo,Djurgardens IF,1,2,1-2,Regular Season - 14
1001913,Allsvenskan Suecia,2023/2024,2023-07-08,IF Brommapojkarna,Degerfors IF,1,2,1-2,Regular Season - 14
1001915,Allsvenskan Suecia,2023/2024,2023-07-09,Sirius,Hammarby FF,1,2,1-2,Regular Season - 14
1001914,Allsvenskan Suecia,2023/2024,2023-07-09,Malmo FF,Mjallby AIF,1,2,1-2,Regular Season - 14
1001916,Allsvenskan Suecia,2023/2024,2023-07-09,Kalmar FF,IF Elfsborg,0,4,0-4,Regular Season - 14
1001917,Allsvenskan Suecia,2023/2024,2023-07-10,IFK Goteborg,Varbergs BoIS FC,1,2,1-2,Regular Season - 14
1001918,Allsvenskan Suecia,2023/2024,2023-07-10,IFK Norrkoping,Halmstad,1,2,1-2,Regular Season - 14
1001919,Allsvenskan Suecia,2023/2024,2023-07-15,Halmstad,IFK Varnamo,2,2,2-2,Regular Season - 15
1001920,Allsvenskan Suecia,2023/2024,2023-07-15,BK Hacken,IF Brommapojkarna,4,2,4-2,Regular Season - 15
1001921,Allsvenskan Suecia,2023/2024,2023-07-15,Degerfors IF,Sirius,0,3,0-3,Regular Season - 15
1001922,Allsvenskan Suecia,2023/2024,2023-07-16,Hammarby FF,Kalmar FF,3,1,3-1,Regular Season - 15
1001923,Allsvenskan Suecia,2023/2024,2023-07-16,IF Elfsborg,IFK Goteborg,1,1,1-1,Regular Season - 15
1001924,Allsvenskan Suecia,2023/2024,2023-07-16,Mjallby AIF,IFK Norrkoping,1,2,1-2,Regular Season - 15
1001925,Allsvenskan Suecia,2023/2024,2023-07-17,Djurgardens IF,Malmo FF,2,0,2-0,Regular Season - 15
1001926,Allsvenskan Suecia,2023/2024,2023-07-17,Varbergs BoIS FC,AIK Stockholm,1,2,1-2,Regular Season - 15
1001934,Allsvenskan Suecia,2023/2024,2023-07-21,IF Brommapojkarna,Hammarby FF,1,0,1-0,Regular Season - 16
1001928,Allsvenskan Suecia,2023/2024,2023-07-22,Djurgardens IF,IF Elfsborg,0,4,0-4,Regular Season - 16
1001933,Allsvenskan Suecia,2023/2024,2023-07-22,IFK Varnamo,BK Hacken,1,0,1-0,Regular Season - 16
1001927,Allsvenskan Suecia,2023/2024,2023-07-23,AIK Stockholm,Malmo FF,0,0,0-0,Regular Season - 16
1001930,Allsvenskan Suecia,2023/2024,2023-07-23,IFK Norrkoping,Degerfors IF,1,0,1-0,Regular Season - 16
1001929,Allsvenskan Suecia,2023/2024,2023-07-23,IFK Goteborg,Halmstad,0,0,0-0,Regular Season - 16
1001932,Allsvenskan Suecia,2023/2024,2023-07-23,Kalmar FF,Varbergs BoIS FC,1,0,1-0,Regular Season - 16
1001931,Allsvenskan Suecia,2023/2024,2023-07-24,Sirius,Mjallby AIF,2,3,2-3,Regular Season - 16
1001938,Allsvenskan Suecia,2023/2024,2023-07-29,BK Hacken,IF Elfsborg,3,1,3-1,Regular Season - 17
1001942,Allsvenskan Suecia,2023/2024,2023-07-29,Degerfors IF,IF Brommapojkarna,2,0,2-0,Regular Season - 17
1001939,Allsvenskan Suecia,2023/2024,2023-07-29,Halmstad,Varbergs BoIS FC,0,5,0-5,Regular Season - 17
1001935,Allsvenskan Suecia,2023/2024,2023-07-30,Hammarby FF,IFK Norrkoping,2,1,2-1,Regular Season - 17
1001941,Allsvenskan Suecia,2023/2024,2023-07-30,Mjallby AIF,Djurgardens IF,0,1,0-1,Regular Season - 17
1001936,Allsvenskan Suecia,2023/2024,2023-07-30,IFK Goteborg,Kalmar FF,2,0,2-0,Regular Season - 17
1001940,Allsvenskan Suecia,2023/2024,2023-07-31,Sirius,AIK Stockholm,0,1,0-1,Regular Season - 17
1001937,Allsvenskan Suecia,2023/2024,2023-07-31,Malmo FF,IFK Varnamo,3,1,3-1,Regular Season - 17
1001948,Allsvenskan Suecia,2023/2024,2023-08-05,IF Brommapojkarna,IFK Varnamo,0,2,0-2,Regular Season - 18
1001946,Allsvenskan Suecia,2023/2024,2023-08-06,IF Elfsborg,Sirius,1,0,1-0,Regular Season - 18
1001947,Allsvenskan Suecia,2023/2024,2023-08-06,Kalmar FF,AIK Stockholm,1,1,1-1,Regular Season - 18
1001944,Allsvenskan Suecia,2023/2024,2023-08-07,Malmo FF,Halmstad,3,0,3-0,Regular Season - 18
1001945,Allsvenskan Suecia,2023/2024,2023-08-07,IFK Norrkoping,IFK Goteborg,3,0,3-0,Regular Season - 18
1001950,Allsvenskan Suecia,2023/2024,2023-08-07,Varbergs BoIS FC,Mjallby AIF,0,3,0-3,Regular Season - 18
1001951,Allsvenskan Suecia,2023/2024,2023-08-12,AIK Stockholm,IF Brommapojkarna,2,2,2-2,Regular Season - 19
1001953,Allsvenskan Suecia,2023/2024,2023-08-13,IFK Goteborg,Djurgardens IF,2,1,2-1,Regular Season - 19
1001956,Allsvenskan Suecia,2023/2024,2023-08-13,Sirius,Kalmar FF,3,0,3-0,Regular Season - 19
1001952,Allsvenskan Suecia,2023/2024,2023-08-13,Hammarby FF,IF Elfsborg,1,0,1-0,Regular Season - 19
1001954,Allsvenskan Suecia,2023/2024,2023-08-13,BK Hacken,Varbergs BoIS FC,2,0,2-0,Regular Season - 19
1001955,Allsvenskan Suecia,2023/2024,2023-08-13,Halmstad,IFK Norrkoping,1,3,1-3,Regular Season - 19
1001958,Allsvenskan Suecia,2023/2024,2023-08-14,IFK Varnamo,Degerfors IF,0,1,0-1,Regular Season - 19
1001957,Allsvenskan Suecia,2023/2024,2023-08-14,Mjallby AIF,Malmo FF,1,0,1-0,Regular Season - 19
1001964,Allsvenskan Suecia,2023/2024,2023-08-19,IF Brommapojkarna,Halmstad,3,1,3-1,Regular Season - 20
1001965,Allsvenskan Suecia,2023/2024,2023-08-19,Degerfors IF,IFK Goteborg,1,2,1-2,Regular Season - 20
1001966,Allsvenskan Suecia,2023/2024,2023-08-19,Varbergs BoIS FC,IFK Varnamo,0,3,0-3,Regular Season - 20
1001962,Allsvenskan Suecia,2023/2024,2023-08-20,BK Hacken,Sirius,3,2,3-2,Regular Season - 20
1001959,Allsvenskan Suecia,2023/2024,2023-08-20,Malmo FF,Djurgardens IF,0,0,0-0,Regular Season - 20
1001961,Allsvenskan Suecia,2023/2024,2023-08-20,IF Elfsborg,Mjallby AIF,2,0,2-0,Regular Season - 20
1001963,Allsvenskan Suecia,2023/2024,2023-08-20,Kalmar FF,Hammarby FF,0,0,0-0,Regular Season - 20
1001960,Allsvenskan Suecia,2023/2024,2023-08-21,IFK Norrkoping,AIK Stockholm,3,1,3-1,Regular Season - 20
1001974,Allsvenskan Suecia,2023/2024,2023-08-27,IF Brommapojkarna,Kalmar FF,2,3,2-3,Regular Season - 21
1001973,Allsvenskan Suecia,2023/2024,2023-08-27,IFK Varnamo,Halmstad,0,0,0-0,Regular Season - 21
1001972,Allsvenskan Suecia,2023/2024,2023-08-27,Mjallby AIF,Hammarby FF,0,3,0-3,Regular Season - 21
1001968,Allsvenskan Suecia,2023/2024,2023-08-27,Djurgardens IF,Degerfors IF,4,1,4-1,Regular Season - 21
1001969,Allsvenskan Suecia,2023/2024,2023-08-27,IFK Goteborg,BK Hacken,4,2,4-2,Regular Season - 21
1001970,Allsvenskan Suecia,2023/2024,2023-08-28,IF Elfsborg,IFK Norrkoping,3,2,3-2,Regular Season - 21
1001967,Allsvenskan Suecia,2023/2024,2023-08-28,AIK Stockholm,Varbergs BoIS FC,3,0,3-0,Regular Season - 21
1001971,Allsvenskan Suecia,2023/2024,2023-08-28,Sirius,Malmo FF,1,3,1-3,Regular Season - 21
1001978,Allsvenskan Suecia,2023/2024,2023-09-02,Halmstad,Sirius,2,1,2-1,Regular Season - 22
1001980,Allsvenskan Suecia,2023/2024,2023-09-02,IFK Varnamo,IF Elfsborg,1,0,1-0,Regular Season - 22
1001975,Allsvenskan Suecia,2023/2024,2023-09-03,Hammarby FF,AIK Stockholm,4,2,4-2,Regular Season - 22
1001979,Allsvenskan Suecia,2023/2024,2023-09-03,Kalmar FF,Mjallby AIF,0,2,0-2,Regular Season - 22
1001981,Allsvenskan Suecia,2023/2024,2023-09-03,Degerfors IF,BK Hacken,1,0,1-0,Regular Season - 22
1001976,Allsvenskan Suecia,2023/2024,2023-09-03,Malmo FF,IFK Goteborg,2,2,2-2,Regular Season - 22
1001977,Allsvenskan Suecia,2023/2024,2023-09-03,IFK Norrkoping,Djurgardens IF,0,2,0-2,Regular Season - 22
1001982,Allsvenskan Suecia,2023/2024,2023-09-03,Varbergs BoIS FC,IF Brommapojkarna,4,3,4-3,Regular Season - 22
1001986,Allsvenskan Suecia,2023/2024,2023-09-16,IFK Goteborg,IF Brommapojkarna,1,0,1-0,Regular Season - 23
1001990,Allsvenskan Suecia,2023/2024,2023-09-16,Sirius,Varbergs BoIS FC,7,0,7-0,Regular Season - 23
1001984,Allsvenskan Suecia,2023/2024,2023-09-16,Djurgardens IF,IFK Varnamo,1,2,1-2,Regular Season - 23
1001985,Allsvenskan Suecia,2023/2024,2023-09-17,Hammarby FF,Malmo FF,1,3,1-3,Regular Season - 23
1001989,Allsvenskan Suecia,2023/2024,2023-09-17,BK Hacken,Halmstad,3,2,3-2,Regular Season - 23
1001988,Allsvenskan Suecia,2023/2024,2023-09-17,IF Elfsborg,Kalmar FF,0,3,0-3,Regular Season - 23
1001987,Allsvenskan Suecia,2023/2024,2023-09-18,IFK Norrkoping,Mjallby AIF,0,2,0-2,Regular Season - 23
1001983,Allsvenskan Suecia,2023/2024,2023-09-18,AIK Stockholm,Degerfors IF,2,0,2-0,Regular Season - 23
1001997,Allsvenskan Suecia,2023/2024,2023-09-23,Degerfors IF,Malmo FF,1,2,1-2,Regular Season - 24
1001996,Allsvenskan Suecia,2023/2024,2023-09-23,IF Brommapojkarna,IFK Norrkoping,2,2,2-2,Regular Season - 24
1001991,Allsvenskan Suecia,2023/2024,2023-09-24,AIK Stockholm,Djurgardens IF,2,0,2-0,Regular Season - 24
1001994,Allsvenskan Suecia,2023/2024,2023-09-24,Mjallby AIF,IFK Goteborg,0,1,0-1,Regular Season - 24
1001993,Allsvenskan Suecia,2023/2024,2023-09-24,Kalmar FF,BK Hacken,1,0,1-0,Regular Season - 24
1001998,Allsvenskan Suecia,2023/2024,2023-09-24,Varbergs BoIS FC,Hammarby FF,0,1,0-1,Regular Season - 24
1001992,Allsvenskan Suecia,2023/2024,2023-09-25,Halmstad,IF Elfsborg,0,1,0-1,Regular Season - 24
1001995,Allsvenskan Suecia,2023/2024,2023-09-25,IFK Varnamo,Sirius,0,1,0-1,Regular Season - 24
1001999,Allsvenskan Suecia,2023/2024,2023-09-30,Djurgardens IF,Halmstad,1,0,1-0,Regular Season - 25
1002002,Allsvenskan Suecia,2023/2024,2023-09-30,IFK Norrkoping,Kalmar FF,1,0,1-0,Regular Season - 25
1002004,Allsvenskan Suecia,2023/2024,2023-10-01,BK Hacken,AIK Stockholm,2,0,2-0,Regular Season - 25
1002005,Allsvenskan Suecia,2023/2024,2023-10-01,Sirius,Degerfors IF,3,2,3-2,Regular Season - 25
1002000,Allsvenskan Suecia,2023/2024,2023-10-01,Hammarby FF,IFK Goteborg,1,1,1-1,Regular Season - 25
1002006,Allsvenskan Suecia,2023/2024,2023-10-01,Mjallby AIF,IFK Varnamo,2,3,2-3,Regular Season - 25
1002003,Allsvenskan Suecia,2023/2024,2023-10-02,IF Elfsborg,Varbergs BoIS FC,2,1,2-1,Regular Season - 25
1002001,Allsvenskan Suecia,2023/2024,2023-10-02,Malmo FF,IF Brommapojkarna,2,1,2-1,Regular Season - 25
1002007,Allsvenskan Suecia,2023/2024,2023-10-07,AIK Stockholm,Mjallby AIF,1,0,1-0,Regular Season - 26
1002010,Allsvenskan Suecia,2023/2024,2023-10-07,Halmstad,Degerfors IF,0,0,0-0,Regular Season - 26
1002009,Allsvenskan Suecia,2023/2024,2023-10-07,IFK Goteborg,Sirius,0,1,0-1,Regular Season - 26
1002013,Allsvenskan Suecia,2023/2024,2023-10-08,IF Brommapojkarna,IF Elfsborg,0,3,0-3,Regular Season - 26
1002011,Allsvenskan Suecia,2023/2024,2023-10-08,Kalmar FF,Malmo FF,1,0,1-0,Regular Season - 26
1002012,Allsvenskan Suecia,2023/2024,2023-10-08,IFK Varnamo,IFK Norrkoping,2,1,2-1,Regular Season - 26
1002008,Allsvenskan Suecia,2023/2024,2023-10-08,Hammarby FF,BK Hacken,2,2,2-2,Regular Season - 26
1002014,Allsvenskan Suecia,2023/2024,2023-10-08,Varbergs BoIS FC,Djurgardens IF,0,1,0-1,Regular Season - 26
1002022,Allsvenskan Suecia,2023/2024,2023-10-21,Degerfors IF,Kalmar FF,1,3,1-3,Regular Season - 27
1002020,Allsvenskan Suecia,2023/2024,2023-10-21,Sirius,IF Brommapojkarna,3,2,3-2,Regular Season - 27
1002015,Allsvenskan Suecia,2023/2024,2023-10-22,Djurgardens IF,Hammarby FF,0,0,0-0,Regular Season - 27
1002019,Allsvenskan Suecia,2023/2024,2023-10-22,Halmstad,Mjallby AIF,1,1,1-1,Regular Season - 27
1002018,Allsvenskan Suecia,2023/2024,2023-10-22,BK Hacken,IFK Norrkoping,4,1,4-1,Regular Season - 27
1002016,Allsvenskan Suecia,2023/2024,2023-10-22,Malmo FF,Varbergs BoIS FC,5,0,5-0,Regular Season - 27
1002021,Allsvenskan Suecia,2023/2024,2023-10-23,IFK Varnamo,IFK Goteborg,3,1,3-1,Regular Season - 27
1002017,Allsvenskan Suecia,2023/2024,2023-10-23,IF Elfsborg,AIK Stockholm,3,0,3-0,Regular Season - 27
1002029,Allsvenskan Suecia,2023/2024,2023-10-28,IF Brommapojkarna,Djurgardens IF,1,2,1-2,Regular Season - 28
1002030,Allsvenskan Suecia,2023/2024,2023-10-28,Varbergs BoIS FC,Degerfors IF,1,1,1-1,Regular Season - 28
1002027,Allsvenskan Suecia,2023/2024,2023-10-29,Kalmar FF,IFK Varnamo,1,3,1-3,Regular Season - 28
1002026,Allsvenskan Suecia,2023/2024,2023-10-29,IFK Norrkoping,Malmo FF,0,1,0-1,Regular Season - 28
1002028,Allsvenskan Suecia,2023/2024,2023-10-29,Mjallby AIF,BK Hacken,2,1,2-1,Regular Season - 28
1002023,Allsvenskan Suecia,2023/2024,2023-10-29,AIK Stockholm,Halmstad,1,1,1-1,Regular Season - 28
1002024,Allsvenskan Suecia,2023/2024,2023-10-30,Hammarby FF,Sirius,2,2,2-2,Regular Season - 28
1002025,Allsvenskan Suecia,2023/2024,2023-10-30,IFK Goteborg,IF Elfsborg,1,2,1-2,Regular Season - 28
1002038,Allsvenskan Suecia,2023/2024,2023-11-04,IFK Varnamo,Hammarby FF,0,0,0-0,Regular Season - 29
1002031,Allsvenskan Suecia,2023/2024,2023-11-04,Djurgardens IF,Sirius,2,4,2-4,Regular Season - 29
1002035,Allsvenskan Suecia,2023/2024,2023-11-05,BK Hacken,Malmo FF,4,2,4-2,Regular Season - 29
1002036,Allsvenskan Suecia,2023/2024,2023-11-05,Halmstad,Kalmar FF,3,0,3-0,Regular Season - 29
1002034,Allsvenskan Suecia,2023/2024,2023-11-05,IF Elfsborg,Degerfors IF,2,2,2-2,Regular Season - 29
1002037,Allsvenskan Suecia,2023/2024,2023-11-05,Mjallby AIF,IF Brommapojkarna,1,2,1-2,Regular Season - 29
1002033,Allsvenskan Suecia,2023/2024,2023-11-06,IFK Norrkoping,Varbergs BoIS FC,4,3,4-3,Regular Season - 29
1002032,Allsvenskan Suecia,2023/2024,2023-11-06,IFK Goteborg,AIK Stockholm,1,1,1-1,Regular Season - 29
1002040,Allsvenskan Suecia,2023/2024,2023-11-12,Hammarby FF,Halmstad,2,2,2-2,Regular Season - 30
1002042,Allsvenskan Suecia,2023/2024,2023-11-12,Sirius,IFK Norrkoping,2,0,2-0,Regular Season - 30
1002044,Allsvenskan Suecia,2023/2024,2023-11-12,IF Brommapojkarna,BK Hacken,2,1,2-1,Regular Season - 30
1002043,Allsvenskan Suecia,2023/2024,2023-11-12,Kalmar FF,Djurgardens IF,2,1,2-1,Regular Season - 30
1002041,Allsvenskan Suecia,2023/2024,2023-11-12,Malmo FF,IF Elfsborg,1,0,1-0,Regular Season - 30
1002039,Allsvenskan Suecia,2023/2024,2023-11-12,AIK Stockholm,IFK Varnamo,3,1,3-1,Regular Season - 30
1002046,Allsvenskan Suecia,2023/2024,2023-11-12,Varbergs BoIS FC,IFK Goteborg,1,2,1-2,Regular Season - 30
1002045,Allsvenskan Suecia,2023/2024,2023-11-12,Degerfors IF,Mjallby AIF,1,2,1-2,Regular Season - 30
1143739,Allsvenskan Suecia,2023/2024,2023-11-24,Utsikten,IF Brommapojkarna,0,7,0-7,Relegation Round
1143740,Allsvenskan Suecia,2023/2024,2023-11-27,IF Brommapojkarna,Utsikten,0,0,0-0,Relegation Round
1164080,Allsvenskan Suecia,2024/2025,2024-03-30,IFK Norrkoping,Malmo FF,1,5,1-5,Regular Season - 1
1164081,Allsvenskan Suecia,2024/2025,2024-03-31,Hammarby FF,Kalmar FF,3,1,3-1,Regular Season - 1
1164082,Allsvenskan Suecia,2024/2025,2024-03-31,Gais,IF Brommapojkarna,0,4,0-4,Regular Season - 1
1164083,Allsvenskan Suecia,2024/2025,2024-03-31,BK Hacken,Mjallby AIF,0,1,0-1,Regular Season - 1
1164084,Allsvenskan Suecia,2024/2025,2024-04-01,IFK Goteborg,Djurgardens IF,1,4,1-4,Regular Season - 1
1164085,Allsvenskan Suecia,2024/2025,2024-04-01,Sirius,Halmstad,3,0,3-0,Regular Season - 1
1164087,Allsvenskan Suecia,2024/2025,2024-04-01,IF Elfsborg,IFK Varnamo,2,2,2-2,Regular Season - 1
1164086,Allsvenskan Suecia,2024/2025,2024-04-01,AIK Stockholm,Vasteras SK FK,1,0,1-0,Regular Season - 1
1164088,Allsvenskan Suecia,2024/2025,2024-04-06,IF Brommapojkarna,AIK Stockholm,2,2,2-2,Regular Season - 2
1164089,Allsvenskan Suecia,2024/2025,2024-04-06,Mjallby AIF,IFK Norrkoping,3,0,3-0,Regular Season - 2
1164090,Allsvenskan Suecia,2024/2025,2024-04-07,Malmo FF,Hammarby FF,2,0,2-0,Regular Season - 2
1164091,Allsvenskan Suecia,2024/2025,2024-04-07,Halmstad,IFK Goteborg,1,0,1-0,Regular Season - 2
1164093,Allsvenskan Suecia,2024/2025,2024-04-07,Vasteras SK FK,IF Elfsborg,0,1,0-1,Regular Season - 2
1164094,Allsvenskan Suecia,2024/2025,2024-04-08,Kalmar FF,Sirius,1,2,1-2,Regular Season - 2
1164092,Allsvenskan Suecia,2024/2025,2024-04-08,IFK Varnamo,Gais,1,2,1-2,Regular Season - 2
1164095,Allsvenskan Suecia,2024/2025,2024-04-08,Djurgardens IF,BK Hacken,3,3,3-3,Regular Season - 2
1164096,Allsvenskan Suecia,2024/2025,2024-04-13,Mjallby AIF,AIK Stockholm,1,1,1-1,Regular Season - 3
1164097,Allsvenskan Suecia,2024/2025,2024-04-13,Vasteras SK FK,Halmstad,0,1,0-1,Regular Season - 3
1164099,Allsvenskan Suecia,2024/2025,2024-04-14,Kalmar FF,IFK Goteborg,0,1,0-1,Regular Season - 3
1164098,Allsvenskan Suecia,2024/2025,2024-04-14,IFK Norrkoping,Gais,1,0,1-0,Regular Season - 3
1164100,Allsvenskan Suecia,2024/2025,2024-04-14,Djurgardens IF,Sirius,2,0,2-0,Regular Season - 3
1164102,Allsvenskan Suecia,2024/2025,2024-04-15,BK Hacken,IF Brommapojkarna,4,3,4-3,Regular Season - 3
1164101,Allsvenskan Suecia,2024/2025,2024-04-15,IFK Varnamo,Malmo FF,0,4,0-4,Regular Season - 3
1164103,Allsvenskan Suecia,2024/2025,2024-04-15,Hammarby FF,IF Elfsborg,3,0,3-0,Regular Season - 3
1164104,Allsvenskan Suecia,2024/2025,2024-04-20,IFK Goteborg,IFK Norrkoping,1,1,1-1,Regular Season - 4
1164105,Allsvenskan Suecia,2024/2025,2024-04-20,Sirius,IFK Varnamo,0,1,0-1,Regular Season - 4
1164106,Allsvenskan Suecia,2024/2025,2024-04-20,Malmo FF,Vasteras SK FK,1,0,1-0,Regular Season - 4
1164107,Allsvenskan Suecia,2024/2025,2024-04-21,AIK Stockholm,Djurgardens IF,2,0,2-0,Regular Season - 4
1164108,Allsvenskan Suecia,2024/2025,2024-04-21,Gais,Mjallby AIF,2,1,2-1,Regular Season - 4
1164109,Allsvenskan Suecia,2024/2025,2024-04-21,BK Hacken,Hammarby FF,2,1,2-1,Regular Season - 4
1164110,Allsvenskan Suecia,2024/2025,2024-04-21,Halmstad,IF Brommapojkarna,0,2,0-2,Regular Season - 4
1164111,Allsvenskan Suecia,2024/2025,2024-04-22,IF Elfsborg,Kalmar FF,1,2,1-2,Regular Season - 4
1164113,Allsvenskan Suecia,2024/2025,2024-04-24,IFK Goteborg,BK Hacken,0,1,0-1,Regular Season - 5
1164114,Allsvenskan Suecia,2024/2025,2024-04-24,IF Brommapojkarna,Sirius,1,1,1-1,Regular Season - 5
1164112,Allsvenskan Suecia,2024/2025,2024-04-24,AIK Stockholm,IFK Varnamo,2,0,2-0,Regular Season - 5
1164115,Allsvenskan Suecia,2024/2025,2024-04-25,Djurgardens IF,Malmo FF,0,1,0-1,Regular Season - 5
1164118,Allsvenskan Suecia,2024/2025,2024-04-25,Kalmar FF,Gais,2,3,2-3,Regular Season - 5
1164116,Allsvenskan Suecia,2024/2025,2024-04-25,IFK Norrkoping,IF Elfsborg,4,2,4-2,Regular Season - 5
1164117,Allsvenskan Suecia,2024/2025,2024-04-25,Halmstad,Hammarby FF,2,1,2-1,Regular Season - 5
1164119,Allsvenskan Suecia,2024/2025,2024-04-25,Vasteras SK FK,Mjallby AIF,2,1,2-1,Regular Season - 5
1164120,Allsvenskan Suecia,2024/2025,2024-04-28,Malmo FF,AIK Stockholm,5,0,5-0,Regular Season - 6
1164121,Allsvenskan Suecia,2024/2025,2024-04-28,IFK Varnamo,Halmstad,1,3,1-3,Regular Season - 6
1164122,Allsvenskan Suecia,2024/2025,2024-04-28,Djurgardens IF,Gais,1,0,1-0,Regular Season - 6
1164123,Allsvenskan Suecia,2024/2025,2024-04-28,BK Hacken,IFK Norrkoping,1,2,1-2,Regular Season - 6
1164126,Allsvenskan Suecia,2024/2025,2024-04-29,IF Brommapojkarna,IFK Goteborg,0,3,0-3,Regular Season - 6
1164124,Allsvenskan Suecia,2024/2025,2024-04-29,IF Elfsborg,Sirius,2,0,2-0,Regular Season - 6
1164125,Allsvenskan Suecia,2024/2025,2024-04-29,Mjallby AIF,Kalmar FF,3,2,3-2,Regular Season - 6
1164127,Allsvenskan Suecia,2024/2025,2024-04-29,Hammarby FF,Vasteras SK FK,2,1,2-1,Regular Season - 6
1164128,Allsvenskan Suecia,2024/2025,2024-05-04,Kalmar FF,Halmstad,5,2,5-2,Regular Season - 7
1164129,Allsvenskan Suecia,2024/2025,2024-05-04,Mjallby AIF,IF Brommapojkarna,1,1,1-1,Regular Season - 7
1164130,Allsvenskan Suecia,2024/2025,2024-05-04,Sirius,BK Hacken,0,3,0-3,Regular Season - 7
1164131,Allsvenskan Suecia,2024/2025,2024-05-05,IF Elfsborg,Malmo FF,3,1,3-1,Regular Season - 7
1164132,Allsvenskan Suecia,2024/2025,2024-05-05,Vasteras SK FK,Djurgardens IF,0,2,0-2,Regular Season - 7
1164134,Allsvenskan Suecia,2024/2025,2024-05-05,Hammarby FF,IFK Varnamo,1,2,1-2,Regular Season - 7
1164133,Allsvenskan Suecia,2024/2025,2024-05-05,AIK Stockholm,IFK Norrkoping,6,2,6-2,Regular Season - 7
1164135,Allsvenskan Suecia,2024/2025,2024-05-06,Gais,IFK Goteborg,2,1,2-1,Regular Season - 7
1164136,Allsvenskan Suecia,2024/2025,2024-05-11,AIK Stockholm,Sirius,1,3,1-3,Regular Season - 8
1164137,Allsvenskan Suecia,2024/2025,2024-05-11,Halmstad,Mjallby AIF,1,3,1-3,Regular Season - 8
1164138,Allsvenskan Suecia,2024/2025,2024-05-11,Gais,Vasteras SK FK,2,0,2-0,Regular Season - 8
1164140,Allsvenskan Suecia,2024/2025,2024-05-12,BK Hacken,Kalmar FF,3,1,3-1,Regular Season - 8
1164139,Allsvenskan Suecia,2024/2025,2024-05-12,IFK Norrkoping,Hammarby FF,1,2,1-2,Regular Season - 8
1164141,Allsvenskan Suecia,2024/2025,2024-05-12,Djurgardens IF,IF Elfsborg,2,0,2-0,Regular Season - 8
1164142,Allsvenskan Suecia,2024/2025,2024-05-12,IFK Varnamo,IF Brommapojkarna,1,1,1-1,Regular Season - 8
1164143,Allsvenskan Suecia,2024/2025,2024-05-13,IFK Goteborg,Malmo FF,0,3,0-3,Regular Season - 8
1164144,Allsvenskan Suecia,2024/2025,2024-05-15,IF Elfsborg,AIK Stockholm,6,1,6-1,Regular Season - 9
1164145,Allsvenskan Suecia,2024/2025,2024-05-15,Halmstad,BK Hacken,3,0,3-0,Regular Season - 9
1164146,Allsvenskan Suecia,2024/2025,2024-05-15,Mjallby AIF,Hammarby FF,3,0,3-0,Regular Season - 9
1164147,Allsvenskan Suecia,2024/2025,2024-05-15,Vasteras SK FK,IFK Varnamo,0,2,0-2,Regular Season - 9
1164149,Allsvenskan Suecia,2024/2025,2024-05-16,Sirius,IFK Goteborg,2,2,2-2,Regular Season - 9
1164151,Allsvenskan Suecia,2024/2025,2024-05-16,IF Brommapojkarna,Djurgardens IF,0,5,0-5,Regular Season - 9
1164150,Allsvenskan Suecia,2024/2025,2024-05-16,Kalmar FF,IFK Norrkoping,1,1,1-1,Regular Season - 9
1164148,Allsvenskan Suecia,2024/2025,2024-05-16,Malmo FF,Gais,1,0,1-0,Regular Season - 9
1164152,Allsvenskan Suecia,2024/2025,2024-05-19,Hammarby FF,AIK Stockholm,2,1,2-1,Regular Season - 10
1164153,Allsvenskan Suecia,2024/2025,2024-05-19,IF Brommapojkarna,IFK Norrkoping,2,1,2-1,Regular Season - 10
1164155,Allsvenskan Suecia,2024/2025,2024-05-19,IFK Varnamo,Kalmar FF,0,2,0-2,Regular Season - 10
1164154,Allsvenskan Suecia,2024/2025,2024-05-19,Gais,IF Elfsborg,2,1,2-1,Regular Season - 10
1164156,Allsvenskan Suecia,2024/2025,2024-05-20,Djurgardens IF,Halmstad,2,0,2-0,Regular Season - 10
1164157,Allsvenskan Suecia,2024/2025,2024-05-20,Sirius,Vasteras SK FK,0,0,0-0,Regular Season - 10
1164158,Allsvenskan Suecia,2024/2025,2024-05-20,BK Hacken,Malmo FF,2,2,2-2,Regular Season - 10
1164159,Allsvenskan Suecia,2024/2025,2024-05-21,IFK Goteborg,Mjallby AIF,1,0,1-0,Regular Season - 10
1164161,Allsvenskan Suecia,2024/2025,2024-05-24,IF Elfsborg,Halmstad,2,0,2-0,Regular Season - 11
1164160,Allsvenskan Suecia,2024/2025,2024-05-24,Malmo FF,Kalmar FF,5,0,5-0,Regular Season - 11
1164162,Allsvenskan Suecia,2024/2025,2024-05-25,Gais,BK Hacken,3,0,3-0,Regular Season - 11
1164163,Allsvenskan Suecia,2024/2025,2024-05-25,Mjallby AIF,Djurgardens IF,1,3,1-3,Regular Season - 11
1164164,Allsvenskan Suecia,2024/2025,2024-05-26,Hammarby FF,Sirius,3,0,3-0,Regular Season - 11
1164165,Allsvenskan Suecia,2024/2025,2024-05-26,Vasteras SK FK,IF Brommapojkarna,1,1,1-1,Regular Season - 11
1164166,Allsvenskan Suecia,2024/2025,2024-05-27,IFK Norrkoping,IFK Varnamo,0,4,0-4,Regular Season - 11
1164167,Allsvenskan Suecia,2024/2025,2024-05-27,AIK Stockholm,IFK Goteborg,5,2,5-2,Regular Season - 11
1164208,Allsvenskan Suecia,2024/2025,2024-05-28,Malmo FF,IF Elfsborg,2,1,2-1,Regular Season - 17
1164209,Allsvenskan Suecia,2024/2025,2024-05-29,Mjallby AIF,BK Hacken,2,1,2-1,Regular Season - 17
1164168,Allsvenskan Suecia,2024/2025,2024-06-01,IFK Goteborg,IF Elfsborg,1,0,1-0,Regular Season - 12
1164169,Allsvenskan Suecia,2024/2025,2024-06-01,IF Brommapojkarna,Malmo FF,2,2,2-2,Regular Season - 12
1164171,Allsvenskan Suecia,2024/2025,2024-06-01,Sirius,IFK Norrkoping,5,1,5-1,Regular Season - 12
1164170,Allsvenskan Suecia,2024/2025,2024-06-01,Halmstad,Gais,4,0,4-0,Regular Season - 12
1164172,Allsvenskan Suecia,2024/2025,2024-06-02,Djurgardens IF,Hammarby FF,0,3,0-3,Regular Season - 12
1164173,Allsvenskan Suecia,2024/2025,2024-06-02,Kalmar FF,Vasteras SK FK,0,4,0-4,Regular Season - 12
1164174,Allsvenskan Suecia,2024/2025,2024-06-02,BK Hacken,AIK Stockholm,4,1,4-1,Regular Season - 12
1164175,Allsvenskan Suecia,2024/2025,2024-06-02,IFK Varnamo,Mjallby AIF,1,2,1-2,Regular Season - 12
1164179,Allsvenskan Suecia,2024/2025,2024-07-06,IF Elfsborg,IF Brommapojkarna,3,0,3-0,Regular Season - 13
1164181,Allsvenskan Suecia,2024/2025,2024-07-06,Mjallby AIF,Sirius,3,2,3-2,Regular Season - 13
1164176,Allsvenskan Suecia,2024/2025,2024-07-07,AIK Stockholm,Kalmar FF,1,2,1-2,Regular Season - 13
1164182,Allsvenskan Suecia,2024/2025,2024-07-07,IFK Varnamo,IFK Goteborg,2,0,2-0,Regular Season - 13
1164177,Allsvenskan Suecia,2024/2025,2024-07-07,Malmo FF,Halmstad,5,1,5-1,Regular Season - 13
1164180,Allsvenskan Suecia,2024/2025,2024-07-07,Gais,Hammarby FF,0,0,0-0,Regular Season - 13
1164178,Allsvenskan Suecia,2024/2025,2024-07-08,IFK Norrkoping,Djurgardens IF,1,3,1-3,Regular Season - 13
1164183,Allsvenskan Suecia,2024/2025,2024-07-08,Vasteras SK FK,BK Hacken,1,2,1-2,Regular Season - 13
1164190,Allsvenskan Suecia,2024/2025,2024-07-13,Mjallby AIF,Malmo FF,2,1,2-1,Regular Season - 14
1164188,Allsvenskan Suecia,2024/2025,2024-07-13,Sirius,Gais,3,1,3-1,Regular Season - 14
1164184,Allsvenskan Suecia,2024/2025,2024-07-14,Djurgardens IF,IFK Varnamo,1,0,1-0,Regular Season - 14
1164186,Allsvenskan Suecia,2024/2025,2024-07-14,BK Hacken,IF Elfsborg,3,5,3-5,Regular Season - 14
1164189,Allsvenskan Suecia,2024/2025,2024-07-14,Kalmar FF,IF Brommapojkarna,0,1,0-1,Regular Season - 14
1164191,Allsvenskan Suecia,2024/2025,2024-07-14,Vasteras SK FK,IFK Norrkoping,2,1,2-1,Regular Season - 14
1164185,Allsvenskan Suecia,2024/2025,2024-07-15,Hammarby FF,IFK Goteborg,0,1,0-1,Regular Season - 14
1164187,Allsvenskan Suecia,2024/2025,2024-07-15,Halmstad,AIK Stockholm,1,2,1-2,Regular Season - 14
1164193,Allsvenskan Suecia,2024/2025,2024-07-19,Sirius,Malmo FF,3,4,3-4,Regular Season - 15
1164197,Allsvenskan Suecia,2024/2025,2024-07-20,Kalmar FF,Djurgardens IF,2,1,2-1,Regular Season - 15
1164198,Allsvenskan Suecia,2024/2025,2024-07-20,IFK Varnamo,BK Hacken,2,2,2-2,Regular Season - 15
1164199,Allsvenskan Suecia,2024/2025,2024-07-20,IF Brommapojkarna,Hammarby FF,0,2,0-2,Regular Season - 15
1164194,Allsvenskan Suecia,2024/2025,2024-07-21,IFK Norrkoping,Halmstad,1,0,1-0,Regular Season - 15
1164192,Allsvenskan Suecia,2024/2025,2024-07-21,IFK Goteborg,Vasteras SK FK,1,1,1-1,Regular Season - 15
1164195,Allsvenskan Suecia,2024/2025,2024-07-21,IF Elfsborg,Mjallby AIF,3,1,3-1,Regular Season - 15
1164196,Allsvenskan Suecia,2024/2025,2024-07-22,Gais,AIK Stockholm,2,0,2-0,Regular Season - 15
1164203,Allsvenskan Suecia,2024/2025,2024-07-27,IFK Norrkoping,Kalmar FF,2,0,2-0,Regular Season - 16
1164202,Allsvenskan Suecia,2024/2025,2024-07-27,IFK Goteborg,IF Brommapojkarna,3,4,3-4,Regular Season - 16
1164207,Allsvenskan Suecia,2024/2025,2024-07-27,Malmo FF,Sirius,0,1,0-1,Regular Season - 16
1164206,Allsvenskan Suecia,2024/2025,2024-07-27,Halmstad,IFK Varnamo,1,0,1-0,Regular Season - 16
1164201,Allsvenskan Suecia,2024/2025,2024-07-28,Hammarby FF,Mjallby AIF,3,0,3-0,Regular Season - 16
1164205,Allsvenskan Suecia,2024/2025,2024-07-28,BK Hacken,Vasteras SK FK,4,0,4-0,Regular Season - 16
1164204,Allsvenskan Suecia,2024/2025,2024-07-28,IF Elfsborg,Djurgardens IF,1,2,1-2,Regular Season - 16
1164200,Allsvenskan Suecia,2024/2025,2024-07-29,AIK Stockholm,Gais,0,1,0-1,Regular Season - 16
1164211,Allsvenskan Suecia,2024/2025,2024-08-03,Gais,IFK Norrkoping,0,1,0-1,Regular Season - 17
1164215,Allsvenskan Suecia,2024/2025,2024-08-03,Vasteras SK FK,AIK Stockholm,1,2,1-2,Regular Season - 17
1164214,Allsvenskan Suecia,2024/2025,2024-08-03,IF Brommapojkarna,Halmstad,4,1,4-1,Regular Season - 17
1164210,Allsvenskan Suecia,2024/2025,2024-08-04,Djurgardens IF,IFK Goteborg,1,1,1-1,Regular Season - 17
1164213,Allsvenskan Suecia,2024/2025,2024-08-04,IFK Varnamo,Sirius,2,4,2-4,Regular Season - 17
1164212,Allsvenskan Suecia,2024/2025,2024-08-04,Kalmar FF,Hammarby FF,1,4,1-4,Regular Season - 17
1164219,Allsvenskan Suecia,2024/2025,2024-08-10,IFK Norrkoping,Vasteras SK FK,2,1,2-1,Regular Season - 18
1164222,Allsvenskan Suecia,2024/2025,2024-08-10,Halmstad,Malmo FF,0,1,0-1,Regular Season - 18
1164218,Allsvenskan Suecia,2024/2025,2024-08-10,IFK Goteborg,IFK Varnamo,0,0,0-0,Regular Season - 18
1164223,Allsvenskan Suecia,2024/2025,2024-08-11,Sirius,Kalmar FF,3,1,3-1,Regular Season - 18
1164220,Allsvenskan Suecia,2024/2025,2024-08-11,IF Elfsborg,Gais,2,1,2-1,Regular Season - 18
1164216,Allsvenskan Suecia,2024/2025,2024-08-11,AIK Stockholm,Mjallby AIF,1,0,1-0,Regular Season - 18
1164217,Allsvenskan Suecia,2024/2025,2024-08-12,Hammarby FF,IF Brommapojkarna,3,3,3-3,Regular Season - 18
1164225,Allsvenskan Suecia,2024/2025,2024-08-17,IFK Goteborg,Sirius,1,1,1-1,Regular Season - 19
1164226,Allsvenskan Suecia,2024/2025,2024-08-17,Malmo FF,IFK Norrkoping,2,1,2-1,Regular Season - 19
1164229,Allsvenskan Suecia,2024/2025,2024-08-17,IFK Varnamo,Hammarby FF,0,3,0-3,Regular Season - 19
1164231,Allsvenskan Suecia,2024/2025,2024-08-17,Vasteras SK FK,Kalmar FF,2,1,2-1,Regular Season - 19
1164224,Allsvenskan Suecia,2024/2025,2024-08-18,Djurgardens IF,AIK Stockholm,0,2,0-2,Regular Season - 19
1164230,Allsvenskan Suecia,2024/2025,2024-08-18,IF Brommapojkarna,BK Hacken,1,3,1-3,Regular Season - 19
1164228,Allsvenskan Suecia,2024/2025,2024-08-18,Mjallby AIF,IF Elfsborg,1,1,1-1,Regular Season - 19
1164227,Allsvenskan Suecia,2024/2025,2024-08-18,Gais,Halmstad,3,1,3-1,Regular Season - 19
1164232,Allsvenskan Suecia,2024/2025,2024-08-24,Kalmar FF,Malmo FF,2,2,2-2,Regular Season - 20
1164239,Allsvenskan Suecia,2024/2025,2024-08-25,Sirius,Djurgardens IF,0,1,0-1,Regular Season - 20
1164236,Allsvenskan Suecia,2024/2025,2024-08-25,IF Elfsborg,IFK Goteborg,3,1,3-1,Regular Season - 20
1164237,Allsvenskan Suecia,2024/2025,2024-08-25,BK Hacken,IFK Varnamo,1,1,1-1,Regular Season - 20
1164233,Allsvenskan Suecia,2024/2025,2024-08-25,AIK Stockholm,IF Brommapojkarna,2,1,2-1,Regular Season - 20
1164234,Allsvenskan Suecia,2024/2025,2024-08-26,Hammarby FF,Gais,0,0,0-0,Regular Season - 20
1164235,Allsvenskan Suecia,2024/2025,2024-08-26,IFK Norrkoping,Mjallby AIF,1,2,1-2,Regular Season - 20
1164238,Allsvenskan Suecia,2024/2025,2024-08-26,Halmstad,Vasteras SK FK,0,1,0-1,Regular Season - 20
1164245,Allsvenskan Suecia,2024/2025,2024-08-31,IFK Varnamo,AIK Stockholm,0,1,0-1,Regular Season - 21
1164243,Allsvenskan Suecia,2024/2025,2024-08-31,Gais,Kalmar FF,1,1,1-1,Regular Season - 21
1164244,Allsvenskan Suecia,2024/2025,2024-08-31,Mjallby AIF,Halmstad,3,1,3-1,Regular Season - 21
1164247,Allsvenskan Suecia,2024/2025,2024-08-31,Vasteras SK FK,Sirius,1,2,1-2,Regular Season - 21
1164246,Allsvenskan Suecia,2024/2025,2024-09-01,IF Brommapojkarna,IF Elfsborg,3,3,3-3,Regular Season - 21
1164241,Allsvenskan Suecia,2024/2025,2024-09-01,Malmo FF,Djurgardens IF,4,0,4-0,Regular Season - 21
1164240,Allsvenskan Suecia,2024/2025,2024-09-01,IFK Goteborg,Hammarby FF,0,1,0-1,Regular Season - 21
1164242,Allsvenskan Suecia,2024/2025,2024-09-01,IFK Norrkoping,BK Hacken,3,3,3-3,Regular Season - 21
1164255,Allsvenskan Suecia,2024/2025,2024-09-14,Vasteras SK FK,Gais,2,3,2-3,Regular Season - 22
1164249,Allsvenskan Suecia,2024/2025,2024-09-15,Djurgardens IF,Mjallby AIF,1,1,1-1,Regular Season - 22
1164253,Allsvenskan Suecia,2024/2025,2024-09-15,Sirius,IF Brommapojkarna,3,2,3-2,Regular Season - 22
1164248,Allsvenskan Suecia,2024/2025,2024-09-15,AIK Stockholm,Malmo FF,0,0,0-0,Regular Season - 22
1164251,Allsvenskan Suecia,2024/2025,2024-09-15,BK Hacken,IFK Goteborg,3,3,3-3,Regular Season - 22
1164254,Allsvenskan Suecia,2024/2025,2024-09-15,Kalmar FF,IFK Varnamo,3,1,3-1,Regular Season - 22
1164252,Allsvenskan Suecia,2024/2025,2024-09-15,Halmstad,IF Elfsborg,0,1,0-1,Regular Season - 22
1164250,Allsvenskan Suecia,2024/2025,2024-09-16,Hammarby FF,IFK Norrkoping,1,1,1-1,Regular Season - 22
1164267,Allsvenskan Suecia,2024/2025,2024-09-18,Gais,Malmo FF,0,0,0-0,Regular Season - 24
1164221,Allsvenskan Suecia,2024/2025,2024-09-19,BK Hacken,Djurgardens IF,1,2,1-2,Regular Season - 18
1164266,Allsvenskan Suecia,2024/2025,2024-09-19,IF Elfsborg,IFK Norrkoping,2,2,2-2,Regular Season - 24
1164261,Allsvenskan Suecia,2024/2025,2024-09-21,Kalmar FF,AIK Stockholm,0,1,0-1,Regular Season - 23
1164263,Allsvenskan Suecia,2024/2025,2024-09-21,IF Brommapojkarna,Mjallby AIF,0,0,0-0,Regular Season - 23
1164259,Allsvenskan Suecia,2024/2025,2024-09-22,IF Elfsborg,Hammarby FF,0,0,0-0,Regular Season - 23
1164262,Allsvenskan Suecia,2024/2025,2024-09-22,IFK Varnamo,Vasteras SK FK,2,0,2-0,Regular Season - 23
1164260,Allsvenskan Suecia,2024/2025,2024-09-22,Gais,Djurgardens IF,3,0,3-0,Regular Season - 23
1164257,Allsvenskan Suecia,2024/2025,2024-09-22,Malmo FF,BK Hacken,4,0,4-0,Regular Season - 23
1164256,Allsvenskan Suecia,2024/2025,2024-09-23,IFK Goteborg,Halmstad,1,1,1-1,Regular Season - 23
1164264,Allsvenskan Suecia,2024/2025,2024-09-25,Djurgardens IF,IF Brommapojkarna,2,1,2-1,Regular Season - 24
1164269,Allsvenskan Suecia,2024/2025,2024-09-25,Sirius,AIK Stockholm,0,1,0-1,Regular Season - 24
1164270,Allsvenskan Suecia,2024/2025,2024-09-25,Mjallby AIF,IFK Varnamo,1,1,1-1,Regular Season - 24
1164265,Allsvenskan Suecia,2024/2025,2024-09-26,Hammarby FF,BK Hacken,2,0,2-0,Regular Season - 24
1164268,Allsvenskan Suecia,2024/2025,2024-09-26,Halmstad,Kalmar FF,2,2,2-2,Regular Season - 24
1164271,Allsvenskan Suecia,2024/2025,2024-09-26,Vasteras SK FK,IFK Goteborg,1,1,1-1,Regular Season - 24
1164272,Allsvenskan Suecia,2024/2025,2024-09-29,AIK Stockholm,Hammarby FF,1,0,1-0,Regular Season - 25
1164276,Allsvenskan Suecia,2024/2025,2024-09-29,Halmstad,IFK Norrkoping,0,0,0-0,Regular Season - 25
1164278,Allsvenskan Suecia,2024/2025,2024-09-29,IFK Varnamo,Djurgardens IF,1,1,1-1,Regular Season - 25
1164275,Allsvenskan Suecia,2024/2025,2024-09-29,BK Hacken,Sirius,2,0,2-0,Regular Season - 25
1164277,Allsvenskan Suecia,2024/2025,2024-09-29,Kalmar FF,IF Elfsborg,1,3,1-3,Regular Season - 25
1164274,Allsvenskan Suecia,2024/2025,2024-09-29,Malmo FF,Mjallby AIF,2,0,2-0,Regular Season - 25
1164279,Allsvenskan Suecia,2024/2025,2024-09-30,IF Brommapojkarna,Vasteras SK FK,2,1,2-1,Regular Season - 25
1164273,Allsvenskan Suecia,2024/2025,2024-09-30,IFK Goteborg,Gais,2,0,2-0,Regular Season - 25
1164258,Allsvenskan Suecia,2024/2025,2024-10-03,IFK Norrkoping,Sirius,0,2,0-2,Regular Season - 23
1164282,Allsvenskan Suecia,2024/2025,2024-10-05,Hammarby FF,Halmstad,1,0,1-0,Regular Season - 26
1164286,Allsvenskan Suecia,2024/2025,2024-10-05,Mjallby AIF,Vasteras SK FK,2,1,2-1,Regular Season - 26
1164287,Allsvenskan Suecia,2024/2025,2024-10-05,IF Brommapojkarna,Gais,2,0,2-0,Regular Season - 26
1164281,Allsvenskan Suecia,2024/2025,2024-10-06,Djurgardens IF,Kalmar FF,1,1,1-1,Regular Season - 26
1164280,Allsvenskan Suecia,2024/2025,2024-10-06,AIK Stockholm,BK Hacken,0,2,0-2,Regular Season - 26
1164285,Allsvenskan Suecia,2024/2025,2024-10-06,Sirius,IF Elfsborg,4,1,4-1,Regular Season - 26
1164283,Allsvenskan Suecia,2024/2025,2024-10-06,Malmo FF,IFK Varnamo,1,1,1-1,Regular Season - 26
1164284,Allsvenskan Suecia,2024/2025,2024-10-06,IFK Norrkoping,IFK Goteborg,0,2,0-2,Regular Season - 26
1164291,Allsvenskan Suecia,2024/2025,2024-10-19,IF Elfsborg,BK Hacken,1,3,1-3,Regular Season - 27
1164295,Allsvenskan Suecia,2024/2025,2024-10-19,Vasteras SK FK,Malmo FF,1,1,1-1,Regular Season - 27
1164293,Allsvenskan Suecia,2024/2025,2024-10-19,Halmstad,Sirius,3,1,3-1,Regular Season - 27
1164294,Allsvenskan Suecia,2024/2025,2024-10-20,Kalmar FF,Mjallby AIF,0,3,0-3,Regular Season - 27
1164292,Allsvenskan Suecia,2024/2025,2024-10-20,Gais,IFK Varnamo,0,0,0-0,Regular Season - 27
1164288,Allsvenskan Suecia,2024/2025,2024-10-21,Hammarby FF,Djurgardens IF,2,0,2-0,Regular Season - 27
1164290,Allsvenskan Suecia,2024/2025,2024-10-21,IFK Norrkoping,IF Brommapojkarna,1,1,1-1,Regular Season - 27
1164289,Allsvenskan Suecia,2024/2025,2024-10-21,IFK Goteborg,AIK Stockholm,1,2,1-2,Regular Season - 27
1164300,Allsvenskan Suecia,2024/2025,2024-10-26,Sirius,Hammarby FF,0,3,0-3,Regular Season - 28
1164301,Allsvenskan Suecia,2024/2025,2024-10-26,Mjallby AIF,Gais,1,1,1-1,Regular Season - 28
1164303,Allsvenskan Suecia,2024/2025,2024-10-26,IF Brommapojkarna,Kalmar FF,1,2,1-2,Regular Season - 28
1164296,Allsvenskan Suecia,2024/2025,2024-10-27,AIK Stockholm,IF Elfsborg,2,1,2-1,Regular Season - 28
1164302,Allsvenskan Suecia,2024/2025,2024-10-27,IFK Varnamo,IFK Norrkoping,1,2,1-2,Regular Season - 28
1164299,Allsvenskan Suecia,2024/2025,2024-10-27,BK Hacken,Halmstad,0,1,0-1,Regular Season - 28
1164297,Allsvenskan Suecia,2024/2025,2024-10-28,Djurgardens IF,Vasteras SK FK,2,1,2-1,Regular Season - 28
1164298,Allsvenskan Suecia,2024/2025,2024-10-28,Malmo FF,IFK Goteborg,2,1,2-1,Regular Season - 28
1164304,Allsvenskan Suecia,2024/2025,2024-11-02,Hammarby FF,Malmo FF,2,2,2-2,Regular Season - 29
1164307,Allsvenskan Suecia,2024/2025,2024-11-02,IF Elfsborg,Vasteras SK FK,1,0,1-0,Regular Season - 29
1164305,Allsvenskan Suecia,2024/2025,2024-11-02,IFK Goteborg,Kalmar FF,1,1,1-1,Regular Season - 29
1164308,Allsvenskan Suecia,2024/2025,2024-11-03,BK Hacken,Gais,1,2,1-2,Regular Season - 29
1164311,Allsvenskan Suecia,2024/2025,2024-11-03,IF Brommapojkarna,IFK Varnamo,0,1,0-1,Regular Season - 29
1164310,Allsvenskan Suecia,2024/2025,2024-11-03,Sirius,Mjallby AIF,1,1,1-1,Regular Season - 29
1164309,Allsvenskan Suecia,2024/2025,2024-11-03,Halmstad,Djurgardens IF,1,0,1-0,Regular Season - 29
1164306,Allsvenskan Suecia,2024/2025,2024-11-04,IFK Norrkoping,AIK Stockholm,1,0,1-0,Regular Season - 29
1164313,Allsvenskan Suecia,2024/2025,2024-11-10,Djurgardens IF,IFK Norrkoping,3,1,3-1,Regular Season - 30
1164316,Allsvenskan Suecia,2024/2025,2024-11-10,Kalmar FF,BK Hacken,1,0,1-0,Regular Season - 30
1164314,Allsvenskan Suecia,2024/2025,2024-11-10,Malmo FF,IF Brommapojkarna,2,1,2-1,Regular Season - 30
1164312,Allsvenskan Suecia,2024/2025,2024-11-10,AIK Stockholm,Halmstad,5,1,5-1,Regular Season - 30
1164318,Allsvenskan Suecia,2024/2025,2024-11-10,IFK Varnamo,IF Elfsborg,0,0,0-0,Regular Season - 30
1164315,Allsvenskan Suecia,2024/2025,2024-11-10,Gais,Sirius,2,1,2-1,Regular Season - 30
1164317,Allsvenskan Suecia,2024/2025,2024-11-10,Mjallby AIF,IFK Goteborg,1,0,1-0,Regular Season - 30
1164319,Allsvenskan Suecia,2024/2025,2024-11-10,Vasteras SK FK,Hammarby FF,1,0,1-0,Regular Season - 30
1316121,Allsvenskan Suecia,2024/2025,2024-11-21,Landskrona BoIS,IFK Varnamo,2,2,2-2,Relegation Round
1316122,Allsvenskan Suecia,2024/2025,2024-11-24,IFK Varnamo,Landskrona BoIS,1,0,1-0,Relegation Round
1341946,Allsvenskan Suecia,2025/2026,2025-03-29,Djurgardens IF,Malmo FF,0,1,0-1,Regular Season - 1
1341947,Allsvenskan Suecia,2025/2026,2025-03-29,BK Hacken,IF Brommapojkarna,2,0,2-0,Regular Season - 1
1341948,Allsvenskan Suecia,2025/2026,2025-03-30,Hammarby FF,IFK Goteborg,4,0,4-0,Regular Season - 1
1341949,Allsvenskan Suecia,2025/2026,2025-03-30,IF Elfsborg,Mjallby AIF,2,2,2-2,Regular Season - 1
1341950,Allsvenskan Suecia,2025/2026,2025-03-30,IFK Norrkoping,Osters IF,4,3,4-3,Regular Season - 1
1341951,Allsvenskan Suecia,2025/2026,2025-03-30,Halmstad,Degerfors IF,0,5,0-5,Regular Season - 1
1341952,Allsvenskan Suecia,2025/2026,2025-03-31,IFK Varnamo,Sirius,1,2,1-2,Regular Season - 1
1341953,Allsvenskan Suecia,2025/2026,2025-03-31,Gais,AIK Stockholm,0,1,0-1,Regular Season - 1
1341954,Allsvenskan Suecia,2025/2026,2025-04-05,IFK Goteborg,Halmstad,1,0,1-0,Regular Season - 2
1341960,Allsvenskan Suecia,2025/2026,2025-04-05,Sirius,Djurgardens IF,0,1,0-1,Regular Season - 2
1341955,Allsvenskan Suecia,2025/2026,2025-04-05,Osters IF,BK Hacken,2,0,2-0,Regular Season - 2
1341957,Allsvenskan Suecia,2025/2026,2025-04-06,IF Brommapojkarna,Hammarby FF,0,2,0-2,Regular Season - 2
1341956,Allsvenskan Suecia,2025/2026,2025-04-06,AIK Stockholm,IFK Norrkoping,4,3,4-3,Regular Season - 2
1341959,Allsvenskan Suecia,2025/2026,2025-04-06,Degerfors IF,IFK Varnamo,1,0,1-0,Regular Season - 2
1341958,Allsvenskan Suecia,2025/2026,2025-04-06,Mjallby AIF,Gais,1,1,1-1,Regular Season - 2
1341961,Allsvenskan Suecia,2025/2026,2025-04-07,Malmo FF,IF Elfsborg,2,1,2-1,Regular Season - 2
1341962,Allsvenskan Suecia,2025/2026,2025-04-12,BK Hacken,Mjallby AIF,0,3,0-3,Regular Season - 3
1341963,Allsvenskan Suecia,2025/2026,2025-04-12,IF Elfsborg,IFK Norrkoping,2,0,2-0,Regular Season - 3
1341964,Allsvenskan Suecia,2025/2026,2025-04-13,Hammarby FF,Djurgardens IF,2,0,2-0,Regular Season - 3
1341965,Allsvenskan Suecia,2025/2026,2025-04-13,IFK Varnamo,IFK Goteborg,0,1,0-1,Regular Season - 3
1341967,Allsvenskan Suecia,2025/2026,2025-04-13,Sirius,IF Brommapojkarna,0,3,0-3,Regular Season - 3
1341966,Allsvenskan Suecia,2025/2026,2025-04-13,Gais,Degerfors IF,2,0,2-0,Regular Season - 3
1341968,Allsvenskan Suecia,2025/2026,2025-04-14,Halmstad,Osters IF,1,0,1-0,Regular Season - 3
1341969,Allsvenskan Suecia,2025/2026,2025-04-14,AIK Stockholm,Malmo FF,0,0,0-0,Regular Season - 3
1341970,Allsvenskan Suecia,2025/2026,2025-04-18,Malmo FF,Sirius,1,1,1-1,Regular Season - 4
1341971,Allsvenskan Suecia,2025/2026,2025-04-18,Mjallby AIF,Hammarby FF,3,1,3-1,Regular Season - 4
1341972,Allsvenskan Suecia,2025/2026,2025-04-19,IFK Norrkoping,Halmstad,3,0,3-0,Regular Season - 4
1341973,Allsvenskan Suecia,2025/2026,2025-04-19,Degerfors IF,IF Elfsborg,0,1,0-1,Regular Season - 4
1341974,Allsvenskan Suecia,2025/2026,2025-04-20,IF Brommapojkarna,IFK Varnamo,3,2,3-2,Regular Season - 4
1341975,Allsvenskan Suecia,2025/2026,2025-04-20,Osters IF,AIK Stockholm,0,1,0-1,Regular Season - 4
1341976,Allsvenskan Suecia,2025/2026,2025-04-20,IFK Goteborg,BK Hacken,2,3,2-3,Regular Season - 4
1341977,Allsvenskan Suecia,2025/2026,2025-04-21,Djurgardens IF,Gais,0,0,0-0,Regular Season - 4
1341978,Allsvenskan Suecia,2025/2026,2025-04-23,Hammarby FF,Malmo FF,2,0,2-0,Regular Season - 5
1341980,Allsvenskan Suecia,2025/2026,2025-04-23,BK Hacken,Degerfors IF,3,4,3-4,Regular Season - 5
1341979,Allsvenskan Suecia,2025/2026,2025-04-23,IF Elfsborg,Sirius,4,3,4-3,Regular Season - 5
1341981,Allsvenskan Suecia,2025/2026,2025-04-23,Halmstad,Mjallby AIF,1,3,1-3,Regular Season - 5
1341982,Allsvenskan Suecia,2025/2026,2025-04-24,Djurgardens IF,Osters IF,1,0,1-0,Regular Season - 5
1341984,Allsvenskan Suecia,2025/2026,2025-04-24,IFK Norrkoping,IFK Goteborg,2,3,2-3,Regular Season - 5
1341985,Allsvenskan Suecia,2025/2026,2025-04-24,IFK Varnamo,AIK Stockholm,1,2,1-2,Regular Season - 5
1341983,Allsvenskan Suecia,2025/2026,2025-04-24,Gais,IF Brommapojkarna,1,1,1-1,Regular Season - 5
1341986,Allsvenskan Suecia,2025/2026,2025-04-27,BK Hacken,Hammarby FF,1,1,1-1,Regular Season - 6
1341987,Allsvenskan Suecia,2025/2026,2025-04-27,Mjallby AIF,Degerfors IF,4,1,4-1,Regular Season - 6
1341988,Allsvenskan Suecia,2025/2026,2025-04-27,AIK Stockholm,IF Elfsborg,2,0,2-0,Regular Season - 6
1341989,Allsvenskan Suecia,2025/2026,2025-04-27,Sirius,Halmstad,1,1,1-1,Regular Season - 6
1341990,Allsvenskan Suecia,2025/2026,2025-04-27,IFK Varnamo,IFK Norrkoping,1,3,1-3,Regular Season - 6
1341992,Allsvenskan Suecia,2025/2026,2025-04-28,IFK Goteborg,Gais,1,1,1-1,Regular Season - 6
1341993,Allsvenskan Suecia,2025/2026,2025-04-29,Malmo FF,Osters IF,2,0,2-0,Regular Season - 6
1341994,Allsvenskan Suecia,2025/2026,2025-05-03,Degerfors IF,Sirius,1,1,1-1,Regular Season - 7
1341995,Allsvenskan Suecia,2025/2026,2025-05-03,Halmstad,IFK Varnamo,4,2,4-2,Regular Season - 7
1341996,Allsvenskan Suecia,2025/2026,2025-05-04,Djurgardens IF,AIK Stockholm,1,1,1-1,Regular Season - 7
1341997,Allsvenskan Suecia,2025/2026,2025-05-04,IFK Norrkoping,BK Hacken,0,2,0-2,Regular Season - 7
1341998,Allsvenskan Suecia,2025/2026,2025-05-04,Osters IF,Hammarby FF,0,3,0-3,Regular Season - 7
1341999,Allsvenskan Suecia,2025/2026,2025-05-04,Mjallby AIF,IFK Goteborg,1,0,1-0,Regular Season - 7
1342000,Allsvenskan Suecia,2025/2026,2025-05-05,Malmo FF,IF Brommapojkarna,1,2,1-2,Regular Season - 7
1342001,Allsvenskan Suecia,2025/2026,2025-05-05,IF Elfsborg,Gais,2,0,2-0,Regular Season - 7
1342002,Allsvenskan Suecia,2025/2026,2025-05-10,IF Brommapojkarna,Halmstad,0,1,0-1,Regular Season - 8
1342004,Allsvenskan Suecia,2025/2026,2025-05-10,Sirius,BK Hacken,2,0,2-0,Regular Season - 8
1342003,Allsvenskan Suecia,2025/2026,2025-05-10,Gais,IFK Varnamo,1,1,1-1,Regular Season - 8
1342006,Allsvenskan Suecia,2025/2026,2025-05-11,Hammarby FF,IFK Norrkoping,1,1,1-1,Regular Season - 8
1342005,Allsvenskan Suecia,2025/2026,2025-05-11,AIK Stockholm,Mjallby AIF,2,1,2-1,Regular Season - 8
1342008,Allsvenskan Suecia,2025/2026,2025-05-11,Degerfors IF,Malmo FF,1,4,1-4,Regular Season - 8
1342007,Allsvenskan Suecia,2025/2026,2025-05-11,Osters IF,IF Elfsborg,0,1,0-1,Regular Season - 8
1342009,Allsvenskan Suecia,2025/2026,2025-05-12,IFK Goteborg,Djurgardens IF,1,2,1-2,Regular Season - 8
1342010,Allsvenskan Suecia,2025/2026,2025-05-14,Hammarby FF,Sirius,3,2,3-2,Regular Season - 9
1342011,Allsvenskan Suecia,2025/2026,2025-05-14,BK Hacken,AIK Stockholm,3,3,3-3,Regular Season - 9
1342012,Allsvenskan Suecia,2025/2026,2025-05-14,Halmstad,Gais,1,3,1-3,Regular Season - 9
1342013,Allsvenskan Suecia,2025/2026,2025-05-15,Djurgardens IF,Mjallby AIF,1,3,1-3,Regular Season - 9
1342015,Allsvenskan Suecia,2025/2026,2025-05-15,IFK Goteborg,Osters IF,0,1,0-1,Regular Season - 9
1342014,Allsvenskan Suecia,2025/2026,2025-05-15,IF Elfsborg,IF Brommapojkarna,4,3,4-3,Regular Season - 9
1342016,Allsvenskan Suecia,2025/2026,2025-05-15,IFK Norrkoping,Degerfors IF,1,2,1-2,Regular Season - 9
1342017,Allsvenskan Suecia,2025/2026,2025-05-15,IFK Varnamo,Malmo FF,2,2,2-2,Regular Season - 9
1342019,Allsvenskan Suecia,2025/2026,2025-05-18,BK Hacken,IFK Varnamo,2,0,2-0,Regular Season - 10
1342018,Allsvenskan Suecia,2025/2026,2025-05-18,AIK Stockholm,Hammarby FF,0,0,0-0,Regular Season - 10
1342021,Allsvenskan Suecia,2025/2026,2025-05-18,Malmo FF,Halmstad,3,0,3-0,Regular Season - 10
1342020,Allsvenskan Suecia,2025/2026,2025-05-18,Osters IF,Gais,1,1,1-1,Regular Season - 10
1342023,Allsvenskan Suecia,2025/2026,2025-05-19,Sirius,IFK Norrkoping,1,2,1-2,Regular Season - 10
1342024,Allsvenskan Suecia,2025/2026,2025-05-19,Degerfors IF,IFK Goteborg,1,3,1-3,Regular Season - 10
1342022,Allsvenskan Suecia,2025/2026,2025-05-19,Mjallby AIF,IF Brommapojkarna,1,0,1-0,Regular Season - 10
1342025,Allsvenskan Suecia,2025/2026,2025-05-19,IF Elfsborg,Djurgardens IF,4,0,4-0,Regular Season - 10
1342083,Allsvenskan Suecia,2025/2026,2025-05-22,Hammarby FF,Mjallby AIF,1,2,1-2,Regular Season - 18
1342087,Allsvenskan Suecia,2025/2026,2025-05-22,Malmo FF,AIK Stockholm,0,0,0-0,Regular Season - 18
1342026,Allsvenskan Suecia,2025/2026,2025-05-24,IFK Varnamo,Osters IF,1,1,1-1,Regular Season - 11
1342027,Allsvenskan Suecia,2025/2026,2025-05-24,Gais,Sirius,2,1,2-1,Regular Season - 11
1342028,Allsvenskan Suecia,2025/2026,2025-05-25,IFK Goteborg,Malmo FF,1,0,1-0,Regular Season - 11
1342029,Allsvenskan Suecia,2025/2026,2025-05-25,Halmstad,IF Elfsborg,1,4,1-4,Regular Season - 11
1342033,Allsvenskan Suecia,2025/2026,2025-05-25,Djurgardens IF,BK Hacken,1,1,1-1,Regular Season - 11
1342031,Allsvenskan Suecia,2025/2026,2025-05-25,IF Brommapojkarna,AIK Stockholm,0,1,0-1,Regular Season - 11
1342032,Allsvenskan Suecia,2025/2026,2025-05-26,IFK Norrkoping,Mjallby AIF,1,1,1-1,Regular Season - 11
1342030,Allsvenskan Suecia,2025/2026,2025-05-26,Hammarby FF,Degerfors IF,1,0,1-0,Regular Season - 11
1341991,Allsvenskan Suecia,2025/2026,2025-05-29,IF Brommapojkarna,Djurgardens IF,0,1,0-1,Regular Season - 6
1342034,Allsvenskan Suecia,2025/2026,2025-05-31,IF Elfsborg,Hammarby FF,0,2,0-2,Regular Season - 12
1342035,Allsvenskan Suecia,2025/2026,2025-05-31,IFK Norrkoping,Gais,0,3,0-3,Regular Season - 12
1342036,Allsvenskan Suecia,2025/2026,2025-05-31,Degerfors IF,Osters IF,1,2,1-2,Regular Season - 12
1342037,Allsvenskan Suecia,2025/2026,2025-06-01,IF Brommapojkarna,IFK Goteborg,1,3,1-3,Regular Season - 12
1342038,Allsvenskan Suecia,2025/2026,2025-06-01,Malmo FF,BK Hacken,3,0,3-0,Regular Season - 12
1342039,Allsvenskan Suecia,2025/2026,2025-06-01,Halmstad,Djurgardens IF,1,0,1-0,Regular Season - 12
1342041,Allsvenskan Suecia,2025/2026,2025-06-01,Sirius,AIK Stockholm,3,1,3-1,Regular Season - 12
1342040,Allsvenskan Suecia,2025/2026,2025-06-01,Mjallby AIF,IFK Varnamo,2,0,2-0,Regular Season - 12
1342044,Allsvenskan Suecia,2025/2026,2025-06-28,Hammarby FF,Halmstad,2,0,2-0,Regular Season - 13
1342046,Allsvenskan Suecia,2025/2026,2025-06-28,Osters IF,Sirius,2,2,2-2,Regular Season - 13
1342042,Allsvenskan Suecia,2025/2026,2025-06-29,AIK Stockholm,IFK Goteborg,3,0,3-0,Regular Season - 13
1342048,Allsvenskan Suecia,2025/2026,2025-06-29,Degerfors IF,IF Brommapojkarna,0,3,0-3,Regular Season - 13
1342045,Allsvenskan Suecia,2025/2026,2025-06-29,BK Hacken,Gais,1,3,1-3,Regular Season - 13
1342049,Allsvenskan Suecia,2025/2026,2025-06-29,IFK Varnamo,IF Elfsborg,0,0,0-0,Regular Season - 13
1342043,Allsvenskan Suecia,2025/2026,2025-06-30,Djurgardens IF,IFK Norrkoping,1,1,1-1,Regular Season - 13
1342047,Allsvenskan Suecia,2025/2026,2025-06-30,Mjallby AIF,Malmo FF,1,1,1-1,Regular Season - 13
1342053,Allsvenskan Suecia,2025/2026,2025-07-05,Gais,Malmo FF,0,0,0-0,Regular Season - 14
1342055,Allsvenskan Suecia,2025/2026,2025-07-05,Osters IF,Mjallby AIF,0,1,0-1,Regular Season - 14
1342051,Allsvenskan Suecia,2025/2026,2025-07-05,Hammarby FF,IFK Varnamo,1,0,1-0,Regular Season - 14
1342054,Allsvenskan Suecia,2025/2026,2025-07-06,IFK Goteborg,Sirius,3,1,3-1,Regular Season - 14
1342057,Allsvenskan Suecia,2025/2026,2025-07-06,Halmstad,AIK Stockholm,2,0,2-0,Regular Season - 14
1342050,Allsvenskan Suecia,2025/2026,2025-07-06,Djurgardens IF,Degerfors IF,5,1,5-1,Regular Season - 14
1342052,Allsvenskan Suecia,2025/2026,2025-07-06,IF Elfsborg,BK Hacken,0,2,0-2,Regular Season - 14
1342056,Allsvenskan Suecia,2025/2026,2025-07-07,IFK Norrkoping,IF Brommapojkarna,0,1,0-1,Regular Season - 14
1342061,Allsvenskan Suecia,2025/2026,2025-07-12,IFK Goteborg,IF Elfsborg,1,2,1-2,Regular Season - 15
1342063,Allsvenskan Suecia,2025/2026,2025-07-12,Malmo FF,IFK Norrkoping,3,1,3-1,Regular Season - 15
1342059,Allsvenskan Suecia,2025/2026,2025-07-13,IF Brommapojkarna,Osters IF,2,0,2-0,Regular Season - 15
1342060,Allsvenskan Suecia,2025/2026,2025-07-13,Gais,Hammarby FF,3,2,3-2,Regular Season - 15
1342058,Allsvenskan Suecia,2025/2026,2025-07-13,AIK Stockholm,Degerfors IF,3,0,3-0,Regular Season - 15
1342065,Allsvenskan Suecia,2025/2026,2025-07-13,IFK Varnamo,Djurgardens IF,1,0,1-0,Regular Season - 15
1342062,Allsvenskan Suecia,2025/2026,2025-07-13,BK Hacken,Halmstad,4,1,4-1,Regular Season - 15
1342064,Allsvenskan Suecia,2025/2026,2025-07-14,Sirius,Mjallby AIF,1,2,1-2,Regular Season - 15
1342066,Allsvenskan Suecia,2025/2026,2025-07-19,Djurgardens IF,IF Elfsborg,1,0,1-0,Regular Season - 16
1342068,Allsvenskan Suecia,2025/2026,2025-07-19,Osters IF,Malmo FF,0,2,0-2,Regular Season - 16
1342073,Allsvenskan Suecia,2025/2026,2025-07-19,Degerfors IF,Gais,0,3,0-3,Regular Season - 16
1342071,Allsvenskan Suecia,2025/2026,2025-07-20,Sirius,IFK Goteborg,0,1,0-1,Regular Season - 16
1342069,Allsvenskan Suecia,2025/2026,2025-07-20,Mjallby AIF,AIK Stockholm,2,0,2-0,Regular Season - 16
1342067,Allsvenskan Suecia,2025/2026,2025-07-20,Hammarby FF,IF Brommapojkarna,3,2,3-2,Regular Season - 16
1342072,Allsvenskan Suecia,2025/2026,2025-07-20,Halmstad,BK Hacken,0,0,0-0,Regular Season - 16
1342070,Allsvenskan Suecia,2025/2026,2025-07-21,IFK Norrkoping,IFK Varnamo,3,1,3-1,Regular Season - 16
1342075,Allsvenskan Suecia,2025/2026,2025-07-26,IF Brommapojkarna,Malmo FF,2,3,2-3,Regular Season - 17
1342077,Allsvenskan Suecia,2025/2026,2025-07-26,Gais,Halmstad,3,0,3-0,Regular Season - 17
1342080,Allsvenskan Suecia,2025/2026,2025-07-26,Degerfors IF,IFK Norrkoping,0,0,0-0,Regular Season - 17
1342078,Allsvenskan Suecia,2025/2026,2025-07-27,BK Hacken,Djurgardens IF,1,6,1-6,Regular Season - 17
1342074,Allsvenskan Suecia,2025/2026,2025-07-27,AIK Stockholm,Osters IF,0,0,0-0,Regular Season - 17
1342081,Allsvenskan Suecia,2025/2026,2025-07-27,IFK Varnamo,Hammarby FF,2,3,2-3,Regular Season - 17
1342079,Allsvenskan Suecia,2025/2026,2025-07-27,Mjallby AIF,Sirius,2,1,2-1,Regular Season - 17
1342076,Allsvenskan Suecia,2025/2026,2025-07-28,IF Elfsborg,IFK Goteborg,4,3,4-3,Regular Season - 17
1342084,Allsvenskan Suecia,2025/2026,2025-08-02,IF Brommapojkarna,IFK Norrkoping,6,4,6-4,Regular Season - 18
1342089,Allsvenskan Suecia,2025/2026,2025-08-02,IFK Varnamo,Gais,2,2,2-2,Regular Season - 18
1342082,Allsvenskan Suecia,2025/2026,2025-08-03,Djurgardens IF,Halmstad,1,1,1-1,Regular Season - 18
1342086,Allsvenskan Suecia,2025/2026,2025-08-03,BK Hacken,IF Elfsborg,1,2,1-2,Regular Season - 18
1342088,Allsvenskan Suecia,2025/2026,2025-08-03,Sirius,Osters IF,1,1,1-1,Regular Season - 18
1342085,Allsvenskan Suecia,2025/2026,2025-08-04,IFK Goteborg,Degerfors IF,3,0,3-0,Regular Season - 18
1342094,Allsvenskan Suecia,2025/2026,2025-08-09,Malmo FF,Mjallby AIF,1,3,1-3,Regular Season - 19
1342096,Allsvenskan Suecia,2025/2026,2025-08-09,Halmstad,Sirius,0,1,0-1,Regular Season - 19
1342090,Allsvenskan Suecia,2025/2026,2025-08-10,AIK Stockholm,Djurgardens IF,0,0,0-0,Regular Season - 19
1342097,Allsvenskan Suecia,2025/2026,2025-08-10,Degerfors IF,BK Hacken,0,0,0-0,Regular Season - 19
1342095,Allsvenskan Suecia,2025/2026,2025-08-10,IFK Norrkoping,Hammarby FF,0,2,0-2,Regular Season - 19
1342093,Allsvenskan Suecia,2025/2026,2025-08-10,Osters IF,IF Brommapojkarna,1,1,1-1,Regular Season - 19
1342091,Allsvenskan Suecia,2025/2026,2025-08-11,IF Elfsborg,IFK Varnamo,2,2,2-2,Regular Season - 19
1342092,Allsvenskan Suecia,2025/2026,2025-08-11,Gais,IFK Goteborg,0,1,0-1,Regular Season - 19
1342104,Allsvenskan Suecia,2025/2026,2025-08-16,Halmstad,Malmo FF,0,4,0-4,Regular Season - 20
1342103,Allsvenskan Suecia,2025/2026,2025-08-16,IFK Norrkoping,IF Elfsborg,2,1,2-1,Regular Season - 20
1342100,Allsvenskan Suecia,2025/2026,2025-08-17,IFK Goteborg,AIK Stockholm,2,1,2-1,Regular Season - 20
1342099,Allsvenskan Suecia,2025/2026,2025-08-17,IF Brommapojkarna,Sirius,2,4,2-4,Regular Season - 20
1342098,Allsvenskan Suecia,2025/2026,2025-08-17,Hammarby FF,Gais,1,2,1-2,Regular Season - 20
1342101,Allsvenskan Suecia,2025/2026,2025-08-17,BK Hacken,Osters IF,0,2,0-2,Regular Season - 20
1342102,Allsvenskan Suecia,2025/2026,2025-08-17,Mjallby AIF,Djurgardens IF,1,1,1-1,Regular Season - 20
1342105,Allsvenskan Suecia,2025/2026,2025-08-18,IFK Varnamo,Degerfors IF,3,2,3-2,Regular Season - 20
1342106,Allsvenskan Suecia,2025/2026,2025-08-24,Djurgardens IF,IF Brommapojkarna,1,0,1-0,Regular Season - 21
1342111,Allsvenskan Suecia,2025/2026,2025-08-24,Sirius,Hammarby FF,3,1,3-1,Regular Season - 21
1342107,Allsvenskan Suecia,2025/2026,2025-08-24,IF Elfsborg,Halmstad,1,2,1-2,Regular Season - 21
1342110,Allsvenskan Suecia,2025/2026,2025-08-24,Malmo FF,IFK Goteborg,0,0,0-0,Regular Season - 21
1342113,Allsvenskan Suecia,2025/2026,2025-08-24,IFK Varnamo,BK Hacken,1,5,1-5,Regular Season - 21
1342112,Allsvenskan Suecia,2025/2026,2025-08-24,Degerfors IF,AIK Stockholm,0,1,0-1,Regular Season - 21
1342108,Allsvenskan Suecia,2025/2026,2025-08-25,Gais,Mjallby AIF,0,2,0-2,Regular Season - 21
1342109,Allsvenskan Suecia,2025/2026,2025-08-25,Osters IF,IFK Norrkoping,1,2,1-2,Regular Season - 21
1342118,Allsvenskan Suecia,2025/2026,2025-08-30,IFK Goteborg,IFK Varnamo,1,0,1-0,Regular Season - 22
1342116,Allsvenskan Suecia,2025/2026,2025-08-30,IF Brommapojkarna,IF Elfsborg,3,0,3-0,Regular Season - 22
1342120,Allsvenskan Suecia,2025/2026,2025-08-30,Mjallby AIF,Halmstad,1,0,1-0,Regular Season - 22
1342119,Allsvenskan Suecia,2025/2026,2025-08-31,Malmo FF,Degerfors IF,1,1,1-1,Regular Season - 22
1342114,Allsvenskan Suecia,2025/2026,2025-08-31,AIK Stockholm,Sirius,2,1,2-1,Regular Season - 22
1342121,Allsvenskan Suecia,2025/2026,2025-08-31,IFK Norrkoping,Djurgardens IF,0,4,0-4,Regular Season - 22
1342115,Allsvenskan Suecia,2025/2026,2025-08-31,Hammarby FF,Osters IF,4,0,4-0,Regular Season - 22
1342117,Allsvenskan Suecia,2025/2026,2025-08-31,Gais,BK Hacken,2,1,2-1,Regular Season - 22
1342129,Allsvenskan Suecia,2025/2026,2025-09-13,Degerfors IF,Mjallby AIF,0,1,0-1,Regular Season - 23
1342128,Allsvenskan Suecia,2025/2026,2025-09-13,Halmstad,IFK Norrkoping,1,1,1-1,Regular Season - 23
1342123,Allsvenskan Suecia,2025/2026,2025-09-14,Djurgardens IF,Hammarby FF,3,3,3-3,Regular Season - 23
1342126,Allsvenskan Suecia,2025/2026,2025-09-14,Osters IF,IFK Varnamo,4,3,4-3,Regular Season - 23
1342127,Allsvenskan Suecia,2025/2026,2025-09-14,Sirius,Gais,3,0,3-0,Regular Season - 23
1342124,Allsvenskan Suecia,2025/2026,2025-09-14,IF Elfsborg,Malmo FF,2,2,2-2,Regular Season - 23
1342122,Allsvenskan Suecia,2025/2026,2025-09-15,AIK Stockholm,IF Brommapojkarna,2,1,2-1,Regular Season - 23
1342125,Allsvenskan Suecia,2025/2026,2025-09-15,BK Hacken,IFK Goteborg,1,2,1-2,Regular Season - 23
1342133,Allsvenskan Suecia,2025/2026,2025-09-20,Malmo FF,Djurgardens IF,0,1,0-1,Regular Season - 24
1342131,Allsvenskan Suecia,2025/2026,2025-09-20,Gais,IF Elfsborg,2,0,2-0,Regular Season - 24
1342134,Allsvenskan Suecia,2025/2026,2025-09-20,Mjallby AIF,Osters IF,1,1,1-1,Regular Season - 24
1342130,Allsvenskan Suecia,2025/2026,2025-09-21,Hammarby FF,BK Hacken,4,0,4-0,Regular Season - 24
1342132,Allsvenskan Suecia,2025/2026,2025-09-21,IFK Goteborg,IF Brommapojkarna,0,1,0-1,Regular Season - 24
1342136,Allsvenskan Suecia,2025/2026,2025-09-21,Sirius,Degerfors IF,1,3,1-3,Regular Season - 24
1342137,Allsvenskan Suecia,2025/2026,2025-09-22,IFK Varnamo,Halmstad,1,2,1-2,Regular Season - 24
1342135,Allsvenskan Suecia,2025/2026,2025-09-22,IFK Norrkoping,AIK Stockholm,3,1,3-1,Regular Season - 24
1342141,Allsvenskan Suecia,2025/2026,2025-09-27,IF Elfsborg,Degerfors IF,1,2,1-2,Regular Season - 25
1342142,Allsvenskan Suecia,2025/2026,2025-09-27,BK Hacken,IFK Norrkoping,2,0,2-0,Regular Season - 25
1342140,Allsvenskan Suecia,2025/2026,2025-09-28,IF Brommapojkarna,Mjallby AIF,0,1,0-1,Regular Season - 25
1342145,Allsvenskan Suecia,2025/2026,2025-09-28,Halmstad,Hammarby FF,1,0,1-0,Regular Season - 25
1342144,Allsvenskan Suecia,2025/2026,2025-09-28,Malmo FF,IFK Varnamo,3,2,3-2,Regular Season - 25
1342138,Allsvenskan Suecia,2025/2026,2025-09-28,AIK Stockholm,Gais,1,1,1-1,Regular Season - 25
1342139,Allsvenskan Suecia,2025/2026,2025-09-29,Djurgardens IF,Sirius,8,2,8-2,Regular Season - 25
1342143,Allsvenskan Suecia,2025/2026,2025-09-29,Osters IF,IFK Goteborg,0,2,0-2,Regular Season - 25
1342153,Allsvenskan Suecia,2025/2026,2025-10-04,Degerfors IF,Djurgardens IF,1,1,1-1,Regular Season - 26
1342150,Allsvenskan Suecia,2025/2026,2025-10-04,Osters IF,Halmstad,3,0,3-0,Regular Season - 26
1342151,Allsvenskan Suecia,2025/2026,2025-10-04,Mjallby AIF,IF Elfsborg,2,0,2-0,Regular Season - 26
1342148,Allsvenskan Suecia,2025/2026,2025-10-04,Gais,IFK Norrkoping,2,1,2-1,Regular Season - 26
1342149,Allsvenskan Suecia,2025/2026,2025-10-05,IFK Goteborg,Hammarby FF,1,2,1-2,Regular Season - 26
1342146,Allsvenskan Suecia,2025/2026,2025-10-05,AIK Stockholm,IFK Varnamo,2,3,2-3,Regular Season - 26
1342152,Allsvenskan Suecia,2025/2026,2025-10-05,Sirius,Malmo FF,5,1,5-1,Regular Season - 26
1342147,Allsvenskan Suecia,2025/2026,2025-10-05,IF Brommapojkarna,BK Hacken,1,3,1-3,Regular Season - 26
1342159,Allsvenskan Suecia,2025/2026,2025-10-18,IFK Norrkoping,Malmo FF,0,2,0-2,Regular Season - 27
1342158,Allsvenskan Suecia,2025/2026,2025-10-18,BK Hacken,Sirius,1,1,1-1,Regular Season - 27
1342154,Allsvenskan Suecia,2025/2026,2025-10-19,Hammarby FF,AIK Stockholm,2,1,2-1,Regular Season - 27
1342156,Allsvenskan Suecia,2025/2026,2025-10-19,Gais,Djurgardens IF,3,2,3-2,Regular Season - 27
1342155,Allsvenskan Suecia,2025/2026,2025-10-19,IF Elfsborg,Osters IF,5,1,5-1,Regular Season - 27
1342161,Allsvenskan Suecia,2025/2026,2025-10-19,IFK Varnamo,IF Brommapojkarna,1,1,1-1,Regular Season - 27
1342160,Allsvenskan Suecia,2025/2026,2025-10-20,Degerfors IF,Halmstad,0,1,0-1,Regular Season - 27
1342157,Allsvenskan Suecia,2025/2026,2025-10-20,IFK Goteborg,Mjallby AIF,0,2,0-2,Regular Season - 27
1342163,Allsvenskan Suecia,2025/2026,2025-10-25,Djurgardens IF,IFK Varnamo,6,2,6-2,Regular Season - 28
1342165,Allsvenskan Suecia,2025/2026,2025-10-25,Osters IF,Degerfors IF,1,2,1-2,Regular Season - 28
1342168,Allsvenskan Suecia,2025/2026,2025-10-26,Sirius,IF Elfsborg,4,0,4-0,Regular Season - 28
1342167,Allsvenskan Suecia,2025/2026,2025-10-26,Mjallby AIF,IFK Norrkoping,2,1,2-1,Regular Season - 28
1342162,Allsvenskan Suecia,2025/2026,2025-10-26,AIK Stockholm,BK Hacken,2,2,2-2,Regular Season - 28
1342169,Allsvenskan Suecia,2025/2026,2025-10-26,Halmstad,IFK Goteborg,0,3,0-3,Regular Season - 28
1342164,Allsvenskan Suecia,2025/2026,2025-10-27,IF Brommapojkarna,Gais,0,2,0-2,Regular Season - 28
1342166,Allsvenskan Suecia,2025/2026,2025-10-27,Malmo FF,Hammarby FF,1,3,1-3,Regular Season - 28
1342173,Allsvenskan Suecia,2025/2026,2025-11-01,BK Hacken,Malmo FF,1,1,1-1,Regular Season - 29
1342174,Allsvenskan Suecia,2025/2026,2025-11-01,IFK Norrkoping,Sirius,1,2,1-2,Regular Season - 29
1342171,Allsvenskan Suecia,2025/2026,2025-11-02,IF Elfsborg,AIK Stockholm,0,3,0-3,Regular Season - 29
1342175,Allsvenskan Suecia,2025/2026,2025-11-02,Halmstad,IF Brommapojkarna,0,0,0-0,Regular Season - 29
1342170,Allsvenskan Suecia,2025/2026,2025-11-02,Djurgardens IF,IFK Goteborg,0,0,0-0,Regular Season - 29
1342172,Allsvenskan Suecia,2025/2026,2025-11-02,Gais,Osters IF,1,1,1-1,Regular Season - 29
1342177,Allsvenskan Suecia,2025/2026,2025-11-03,IFK Varnamo,Mjallby AIF,0,5,0-5,Regular Season - 29
1342176,Allsvenskan Suecia,2025/2026,2025-11-03,Degerfors IF,Hammarby FF,1,1,1-1,Regular Season - 29
1342179,Allsvenskan Suecia,2025/2026,2025-11-09,Hammarby FF,IF Elfsborg,3,0,3-0,Regular Season - 30
1342181,Allsvenskan Suecia,2025/2026,2025-11-09,IFK Goteborg,IFK Norrkoping,2,0,2-0,Regular Season - 30
1342185,Allsvenskan Suecia,2025/2026,2025-11-09,Sirius,IFK Varnamo,3,1,3-1,Regular Season - 30
1342180,Allsvenskan Suecia,2025/2026,2025-11-09,IF Brommapojkarna,Degerfors IF,1,3,1-3,Regular Season - 30
1342183,Allsvenskan Suecia,2025/2026,2025-11-09,Malmo FF,Gais,2,1,2-1,Regular Season - 30
1342178,Allsvenskan Suecia,2025/2026,2025-11-09,AIK Stockholm,Halmstad,0,2,0-2,Regular Season - 30
1342182,Allsvenskan Suecia,2025/2026,2025-11-09,Osters IF,Djurgardens IF,1,3,1-3,Regular Season - 30
1342184,Allsvenskan Suecia,2025/2026,2025-11-09,Mjallby AIF,BK Hacken,1,0,1-0,Regular Season - 30
1485784,Allsvenskan Suecia,2025/2026,2025-11-22,Orgryte IS,IFK Norrkoping,3,0,3-0,Final
1485785,Allsvenskan Suecia,2025/2026,2025-11-29,IFK Norrkoping,Orgryte IS,0,0,0-0,Final
