fixture_id,League,Season,Date,Home,Away,FTHG,FTAG,Result,Round
825995,Super Liga Malasia,2022/2023,2022-03-04,Sabah FA,Negeri Sembilan,0,1,0-1,Regular Season - 1
825991,Super Liga Malasia,2022/2023,2022-03-04,Selangor United,Kedah,0,1,0-1,Regular Season - 1
825992,Super Liga Malasia,2022/2023,2022-03-04,Kuala Lumpur FA,Selangor,3,3,3-3,Regular Season - 1
825993,Super Liga Malasia,2022/2023,2022-03-04,Johor Darul Takzim FC,Penang,1,0,1-0,Regular Season - 1
825996,Super Liga Malasia,2022/2023,2022-03-05,Petaling Jaya City,Melaka United,1,0,1-0,Regular Season - 1
844274,Super Liga Malasia,2022/2023,2022-03-08,Penang,Melaka United,1,1,1-1,Regular Season - 2
844276,Super Liga Malasia,2022/2023,2022-03-09,Sabah FA,Petaling Jaya City,3,1,3-1,Regular Season - 2
844278,Super Liga Malasia,2022/2023,2022-03-09,Johor Darul Takzim FC,Selangor United,6,0,6-0,Regular Season - 2
844279,Super Liga Malasia,2022/2023,2022-03-09,Kedah,Kuala Lumpur FA,3,2,3-2,Regular Season - 2
844280,Super Liga Malasia,2022/2023,2022-04-05,Selangor United,Penang,1,1,1-1,Regular Season - 3
844282,Super Liga Malasia,2022/2023,2022-04-05,Negeri Sembilan,Selangor,2,2,2-2,Regular Season - 3
844281,Super Liga Malasia,2022/2023,2022-04-05,Melaka United,Sabah FA,0,1,0-1,Regular Season - 3
844285,Super Liga Malasia,2022/2023,2022-04-06,Petaling Jaya City,Terengganu,3,0,3-0,Regular Season - 3
844283,Super Liga Malasia,2022/2023,2022-04-06,Kuala Lumpur FA,Johor Darul Takzim FC,0,3,0-3,Regular Season - 3
844284,Super Liga Malasia,2022/2023,2022-04-06,Kedah,Pahang,1,0,1-0,Regular Season - 3
844286,Super Liga Malasia,2022/2023,2022-04-09,Penang,Negeri Sembilan,1,1,1-1,Regular Season - 4
844288,Super Liga Malasia,2022/2023,2022-04-09,Kuala Lumpur FA,Melaka United,2,0,2-0,Regular Season - 4
844287,Super Liga Malasia,2022/2023,2022-04-09,Pahang,Petaling Jaya City,1,1,1-1,Regular Season - 4
844289,Super Liga Malasia,2022/2023,2022-04-10,Selangor United,Sabah FA,0,1,0-1,Regular Season - 4
844290,Super Liga Malasia,2022/2023,2022-04-10,Johor Darul Takzim FC,Terengganu,2,1,2-1,Regular Season - 4
844291,Super Liga Malasia,2022/2023,2022-04-10,Selangor,Kedah,4,1,4-1,Regular Season - 4
844292,Super Liga Malasia,2022/2023,2022-04-16,Negeri Sembilan,Petaling Jaya City,3,1,3-1,Regular Season - 5
844293,Super Liga Malasia,2022/2023,2022-04-16,Kuala Lumpur FA,Sabah FA,2,0,2-0,Regular Season - 5
844294,Super Liga Malasia,2022/2023,2022-04-16,Pahang,Melaka United,1,2,1-2,Regular Season - 5
844295,Super Liga Malasia,2022/2023,2022-04-17,Selangor United,Terengganu,0,2,0-2,Regular Season - 5
844296,Super Liga Malasia,2022/2023,2022-04-17,Penang,Kedah,1,2,1-2,Regular Season - 5
844298,Super Liga Malasia,2022/2023,2022-04-22,Terengganu,Selangor,2,0,2-0,Regular Season - 6
844300,Super Liga Malasia,2022/2023,2022-04-23,Petaling Jaya City,Selangor United,1,3,1-3,Regular Season - 6
844299,Super Liga Malasia,2022/2023,2022-04-23,Pahang,Penang,3,1,3-1,Regular Season - 6
844301,Super Liga Malasia,2022/2023,2022-04-24,Sabah FA,Kedah,4,0,4-0,Regular Season - 6
844302,Super Liga Malasia,2022/2023,2022-04-24,Negeri Sembilan,Kuala Lumpur FA,2,1,2-1,Regular Season - 6
844275,Super Liga Malasia,2022/2023,2022-04-29,Selangor,Pahang,3,1,3-1,Regular Season - 2
844304,Super Liga Malasia,2022/2023,2022-05-06,Selangor United,Negeri Sembilan,1,2,1-2,Regular Season - 7
844305,Super Liga Malasia,2022/2023,2022-05-06,Kedah,Melaka United,2,3,2-3,Regular Season - 7
844307,Super Liga Malasia,2022/2023,2022-05-07,Kuala Lumpur FA,Pahang,1,2,1-2,Regular Season - 7
844310,Super Liga Malasia,2022/2023,2022-05-10,Kuala Lumpur FA,Penang,3,2,3-2,Regular Season - 8
844312,Super Liga Malasia,2022/2023,2022-05-10,Petaling Jaya City,Kedah,3,3,3-3,Regular Season - 8
844314,Super Liga Malasia,2022/2023,2022-05-11,Pahang,Selangor United,1,2,1-2,Regular Season - 8
844315,Super Liga Malasia,2022/2023,2022-05-11,Negeri Sembilan,Johor Darul Takzim FC,0,1,0-1,Regular Season - 8
844317,Super Liga Malasia,2022/2023,2022-05-17,Selangor United,Kuala Lumpur FA,1,2,1-2,Regular Season - 9
844318,Super Liga Malasia,2022/2023,2022-05-17,Penang,Sabah FA,2,4,2-4,Regular Season - 9
844319,Super Liga Malasia,2022/2023,2022-05-17,Kedah,Negeri Sembilan,0,0,0-0,Regular Season - 9
844320,Super Liga Malasia,2022/2023,2022-05-18,Johor Darul Takzim FC,Pahang,2,2,2-2,Regular Season - 9
844323,Super Liga Malasia,2022/2023,2022-06-18,Sabah FA,Pahang,2,1,2-1,Regular Season - 10
844322,Super Liga Malasia,2022/2023,2022-06-18,Melaka United,Negeri Sembilan,0,0,0-0,Regular Season - 10
844326,Super Liga Malasia,2022/2023,2022-06-18,Penang,Petaling Jaya City,1,1,1-1,Regular Season - 10
844325,Super Liga Malasia,2022/2023,2022-06-18,Terengganu,Kuala Lumpur FA,2,0,2-0,Regular Season - 10
844324,Super Liga Malasia,2022/2023,2022-06-19,Selangor,Selangor United,7,0,7-0,Regular Season - 10
844308,Super Liga Malasia,2022/2023,2022-06-22,Penang,Terengganu,2,1,2-1,Regular Season - 7
844297,Super Liga Malasia,2022/2023,2022-06-24,Johor Darul Takzim FC,Selangor,5,1,5-1,Regular Season - 5
844328,Super Liga Malasia,2022/2023,2022-06-25,Negeri Sembilan,Pahang,3,0,3-0,Regular Season - 11
844329,Super Liga Malasia,2022/2023,2022-06-25,Melaka United,Selangor United,2,3,2-3,Regular Season - 11
844306,Super Liga Malasia,2022/2023,2022-06-28,Johor Darul Takzim FC,Petaling Jaya City,4,0,4-0,Regular Season - 7
844309,Super Liga Malasia,2022/2023,2022-06-28,Selangor,Sabah FA,1,1,1-1,Regular Season - 7
844277,Super Liga Malasia,2022/2023,2022-06-29,Terengganu,Negeri Sembilan,0,0,0-0,Regular Season - 2
844303,Super Liga Malasia,2022/2023,2022-07-02,Melaka United,Johor Darul Takzim FC,1,1,1-1,Regular Season - 6
844334,Super Liga Malasia,2022/2023,2022-07-03,Negeri Sembilan,Sabah FA,0,1,0-1,Regular Season - 12
844335,Super Liga Malasia,2022/2023,2022-07-03,Terengganu,Pahang,2,1,2-1,Regular Season - 12
844311,Super Liga Malasia,2022/2023,2022-07-05,Melaka United,Selangor,2,0,2-0,Regular Season - 8
844330,Super Liga Malasia,2022/2023,2022-07-15,Sabah FA,Johor Darul Takzim FC,1,2,1-2,Regular Season - 11
844331,Super Liga Malasia,2022/2023,2022-07-15,Terengganu,Kedah,2,1,2-1,Regular Season - 11
844332,Super Liga Malasia,2022/2023,2022-07-16,Kuala Lumpur FA,Petaling Jaya City,0,0,0-0,Regular Season - 11
844333,Super Liga Malasia,2022/2023,2022-07-16,Selangor,Penang,2,0,2-0,Regular Season - 11
844313,Super Liga Malasia,2022/2023,2022-07-19,Sabah FA,Terengganu,2,1,2-1,Regular Season - 8
844336,Super Liga Malasia,2022/2023,2022-07-19,Kedah,Selangor United,3,1,3-1,Regular Season - 12
844338,Super Liga Malasia,2022/2023,2022-07-20,Penang,Johor Darul Takzim FC,0,1,0-1,Regular Season - 12
844339,Super Liga Malasia,2022/2023,2022-07-20,Melaka United,Petaling Jaya City,2,2,2-2,Regular Season - 12
844337,Super Liga Malasia,2022/2023,2022-07-20,Selangor,Kuala Lumpur FA,1,1,1-1,Regular Season - 12
844340,Super Liga Malasia,2022/2023,2022-07-26,Petaling Jaya City,Sabah FA,1,2,1-2,Regular Season - 13
844341,Super Liga Malasia,2022/2023,2022-07-26,Melaka United,Penang,4,1,4-1,Regular Season - 13
844343,Super Liga Malasia,2022/2023,2022-07-27,Selangor United,Johor Darul Takzim FC,0,4,0-4,Regular Season - 13
844342,Super Liga Malasia,2022/2023,2022-07-27,Pahang,Selangor,2,0,2-0,Regular Season - 13
844344,Super Liga Malasia,2022/2023,2022-07-27,Negeri Sembilan,Terengganu,2,1,2-1,Regular Season - 13
844345,Super Liga Malasia,2022/2023,2022-07-27,Kuala Lumpur FA,Kedah,2,1,2-1,Regular Season - 13
844346,Super Liga Malasia,2022/2023,2022-07-31,Sabah FA,Melaka United,2,1,2-1,Regular Season - 14
844347,Super Liga Malasia,2022/2023,2022-07-31,Penang,Selangor United,2,3,2-3,Regular Season - 14
844348,Super Liga Malasia,2022/2023,2022-07-31,Selangor,Negeri Sembilan,2,3,2-3,Regular Season - 14
844349,Super Liga Malasia,2022/2023,2022-08-01,Johor Darul Takzim FC,Kuala Lumpur FA,5,0,5-0,Regular Season - 14
844351,Super Liga Malasia,2022/2023,2022-08-01,Terengganu,Petaling Jaya City,0,0,0-0,Regular Season - 14
844350,Super Liga Malasia,2022/2023,2022-08-01,Pahang,Kedah,2,0,2-0,Regular Season - 14
844353,Super Liga Malasia,2022/2023,2022-08-09,Sabah FA,Selangor United,1,0,1-0,Regular Season - 15
844352,Super Liga Malasia,2022/2023,2022-08-09,Negeri Sembilan,Penang,3,2,3-2,Regular Season - 15
844354,Super Liga Malasia,2022/2023,2022-08-09,Petaling Jaya City,Pahang,0,3,0-3,Regular Season - 15
844356,Super Liga Malasia,2022/2023,2022-08-10,Terengganu,Johor Darul Takzim FC,1,2,1-2,Regular Season - 15
844358,Super Liga Malasia,2022/2023,2022-08-13,Petaling Jaya City,Negeri Sembilan,0,2,0-2,Regular Season - 16
844360,Super Liga Malasia,2022/2023,2022-08-13,Terengganu,Selangor United,1,0,1-0,Regular Season - 16
844361,Super Liga Malasia,2022/2023,2022-08-13,Melaka United,Pahang,2,2,2-2,Regular Season - 16
844364,Super Liga Malasia,2022/2023,2022-08-17,Selangor United,Petaling Jaya City,0,0,0-0,Regular Season - 17
844365,Super Liga Malasia,2022/2023,2022-08-17,Selangor,Terengganu,0,2,0-2,Regular Season - 17
844369,Super Liga Malasia,2022/2023,2022-08-17,Kedah,Sabah FA,1,1,1-1,Regular Season - 17
844366,Super Liga Malasia,2022/2023,2022-08-18,Kuala Lumpur FA,Negeri Sembilan,1,0,1-0,Regular Season - 17
844368,Super Liga Malasia,2022/2023,2022-08-18,Penang,Pahang,2,3,2-3,Regular Season - 17
825994,Super Liga Malasia,2022/2023,2022-08-21,Pahang,Terengganu,1,2,1-2,Regular Season - 1
844321,Super Liga Malasia,2022/2023,2022-08-21,Selangor,Petaling Jaya City,0,1,0-1,Regular Season - 9
844367,Super Liga Malasia,2022/2023,2022-08-29,Johor Darul Takzim FC,Melaka United,4,0,4-0,Regular Season - 17
844359,Super Liga Malasia,2022/2023,2022-09-01,Sabah FA,Kuala Lumpur FA,2,2,2-2,Regular Season - 16
844363,Super Liga Malasia,2022/2023,2022-09-02,Kedah,Penang,1,0,1-0,Regular Season - 16
844362,Super Liga Malasia,2022/2023,2022-09-03,Selangor,Johor Darul Takzim FC,1,1,1-1,Regular Season - 16
844316,Super Liga Malasia,2022/2023,2022-09-03,Terengganu,Melaka United,5,0,5-0,Regular Season - 9
844371,Super Liga Malasia,2022/2023,2022-09-09,Negeri Sembilan,Selangor United,3,2,3-2,Regular Season - 18
844373,Super Liga Malasia,2022/2023,2022-09-09,Melaka United,Kedah,0,3,0-3,Regular Season - 18
844370,Super Liga Malasia,2022/2023,2022-09-10,Sabah FA,Selangor,2,3,2-3,Regular Season - 18
844372,Super Liga Malasia,2022/2023,2022-09-11,Pahang,Kuala Lumpur FA,0,2,0-2,Regular Season - 18
844375,Super Liga Malasia,2022/2023,2022-09-14,Terengganu,Penang,3,0,3-0,Regular Season - 18
844357,Super Liga Malasia,2022/2023,2022-09-14,Kedah,Selangor,3,1,3-1,Regular Season - 15
844374,Super Liga Malasia,2022/2023,2022-09-15,Petaling Jaya City,Johor Darul Takzim FC,2,2,2-2,Regular Season - 18
844355,Super Liga Malasia,2022/2023,2022-09-15,Melaka United,Kuala Lumpur FA,0,0,0-0,Regular Season - 15
844381,Super Liga Malasia,2022/2023,2022-09-24,Penang,Kuala Lumpur FA,1,0,1-0,Regular Season - 19
844386,Super Liga Malasia,2022/2023,2022-09-28,Kuala Lumpur FA,Selangor United,5,0,5-0,Regular Season - 20
844376,Super Liga Malasia,2022/2023,2022-10-01,Selangor United,Pahang,1,4,1-4,Regular Season - 19
844377,Super Liga Malasia,2022/2023,2022-10-01,Johor Darul Takzim FC,Negeri Sembilan,5,0,5-0,Regular Season - 19
844380,Super Liga Malasia,2022/2023,2022-10-01,Terengganu,Sabah FA,2,0,2-0,Regular Season - 19
844378,Super Liga Malasia,2022/2023,2022-10-01,Selangor,Melaka United,5,0,5-0,Regular Season - 19
844379,Super Liga Malasia,2022/2023,2022-10-01,Kedah,Petaling Jaya City,0,1,0-1,Regular Season - 19
844327,Super Liga Malasia,2022/2023,2022-10-04,Kedah,Johor Darul Takzim FC,1,3,1-3,Regular Season - 10
844384,Super Liga Malasia,2022/2023,2022-10-07,Sabah FA,Penang,4,1,4-1,Regular Season - 20
844382,Super Liga Malasia,2022/2023,2022-10-07,Petaling Jaya City,Selangor,0,1,0-1,Regular Season - 20
844385,Super Liga Malasia,2022/2023,2022-10-07,Melaka United,Terengganu,2,4,2-4,Regular Season - 20
844387,Super Liga Malasia,2022/2023,2022-10-07,Pahang,Johor Darul Takzim FC,0,0,0-0,Regular Season - 20
844383,Super Liga Malasia,2022/2023,2022-10-08,Negeri Sembilan,Kedah,4,3,4-3,Regular Season - 20
844391,Super Liga Malasia,2022/2023,2022-10-11,Selangor United,Selangor,0,1,0-1,Regular Season - 21
844388,Super Liga Malasia,2022/2023,2022-10-11,Negeri Sembilan,Melaka United,2,0,2-0,Regular Season - 21
844392,Super Liga Malasia,2022/2023,2022-10-11,Pahang,Sabah FA,1,2,1-2,Regular Season - 21
844389,Super Liga Malasia,2022/2023,2022-10-11,Petaling Jaya City,Penang,2,0,2-0,Regular Season - 21
844390,Super Liga Malasia,2022/2023,2022-10-11,Kuala Lumpur FA,Terengganu,1,2,1-2,Regular Season - 21
844393,Super Liga Malasia,2022/2023,2022-10-11,Johor Darul Takzim FC,Kedah,4,1,4-1,Regular Season - 21
844394,Super Liga Malasia,2022/2023,2022-10-15,Penang,Selangor,1,1,1-1,Regular Season - 22
844395,Super Liga Malasia,2022/2023,2022-10-15,Selangor United,Melaka United,1,0,1-0,Regular Season - 22
844399,Super Liga Malasia,2022/2023,2022-10-15,Petaling Jaya City,Kuala Lumpur FA,1,0,1-0,Regular Season - 22
844398,Super Liga Malasia,2022/2023,2022-10-15,Johor Darul Takzim FC,Sabah FA,3,0,3-0,Regular Season - 22
844396,Super Liga Malasia,2022/2023,2022-10-15,Pahang,Negeri Sembilan,2,0,2-0,Regular Season - 22
844397,Super Liga Malasia,2022/2023,2022-10-15,Kedah,Terengganu,1,3,1-3,Regular Season - 22
997417,Super Liga Malasia,2023/2024,2023-02-24,Johor Darul Takzim FC,Terengganu,2,0,2-0,Regular Season - 1
997418,Super Liga Malasia,2023/2024,2023-02-25,Kelantan FA,Kuching FA,1,2,1-2,Regular Season - 1
997419,Super Liga Malasia,2023/2024,2023-02-25,Sabah FA,Pdrm,4,0,4-0,Regular Season - 1
997420,Super Liga Malasia,2023/2024,2023-02-25,Kuala Lumpur FA,Penang,2,2,2-2,Regular Season - 1
997421,Super Liga Malasia,2023/2024,2023-02-25,Perak,Kedah,1,4,1-4,Regular Season - 1
997422,Super Liga Malasia,2023/2024,2023-02-26,Selangor,Kelantan United,1,0,1-0,Regular Season - 1
997423,Super Liga Malasia,2023/2024,2023-02-26,Negeri Sembilan,Pahang,1,1,1-1,Regular Season - 1
997424,Super Liga Malasia,2023/2024,2023-02-28,Pdrm,Perak,0,0,0-0,Regular Season - 2
997425,Super Liga Malasia,2023/2024,2023-03-01,Sabah FA,Kelantan United,3,1,3-1,Regular Season - 2
997426,Super Liga Malasia,2023/2024,2023-03-01,Kuala Lumpur FA,Johor Darul Takzim FC,0,3,0-3,Regular Season - 2
997428,Super Liga Malasia,2023/2024,2023-03-01,Penang,Negeri Sembilan,0,0,0-0,Regular Season - 2
997427,Super Liga Malasia,2023/2024,2023-03-01,Kedah,Terengganu,1,0,1-0,Regular Season - 2
997429,Super Liga Malasia,2023/2024,2023-03-02,Kuching FA,Selangor,0,5,0-5,Regular Season - 2
997430,Super Liga Malasia,2023/2024,2023-03-02,Pahang,Kelantan FA,4,1,4-1,Regular Season - 2
997431,Super Liga Malasia,2023/2024,2023-03-04,Kelantan United,Perak,0,0,0-0,Regular Season - 3
997432,Super Liga Malasia,2023/2024,2023-03-04,Kedah,Pdrm,0,1,0-1,Regular Season - 3
997433,Super Liga Malasia,2023/2024,2023-03-05,Selangor,Pahang,1,1,1-1,Regular Season - 3
997435,Super Liga Malasia,2023/2024,2023-03-05,Kelantan FA,Penang,2,0,2-0,Regular Season - 3
997434,Super Liga Malasia,2023/2024,2023-03-05,Terengganu,Kuala Lumpur FA,0,0,0-0,Regular Season - 3
997436,Super Liga Malasia,2023/2024,2023-03-06,Kuching FA,Sabah FA,1,2,1-2,Regular Season - 3
997437,Super Liga Malasia,2023/2024,2023-03-06,Negeri Sembilan,Johor Darul Takzim FC,0,7,0-7,Regular Season - 3
997438,Super Liga Malasia,2023/2024,2023-03-11,Johor Darul Takzim FC,Kelantan FA,5,1,5-1,Regular Season - 4
997440,Super Liga Malasia,2023/2024,2023-03-11,Terengganu,Pdrm,1,0,1-0,Regular Season - 4
997441,Super Liga Malasia,2023/2024,2023-03-12,Penang,Selangor,1,2,1-2,Regular Season - 4
997442,Super Liga Malasia,2023/2024,2023-03-12,Pahang,Sabah FA,1,1,1-1,Regular Season - 4
997443,Super Liga Malasia,2023/2024,2023-03-12,Perak,Kuching FA,2,0,2-0,Regular Season - 4
997444,Super Liga Malasia,2023/2024,2023-03-13,Kelantan United,Kedah,2,3,2-3,Regular Season - 4
997445,Super Liga Malasia,2023/2024,2023-03-16,Negeri Sembilan,Terengganu,2,1,2-1,Regular Season - 5
997446,Super Liga Malasia,2023/2024,2023-03-16,Perak,Pahang,0,3,0-3,Regular Season - 5
997448,Super Liga Malasia,2023/2024,2023-03-17,Kelantan FA,Kuala Lumpur FA,2,2,2-2,Regular Season - 5
997447,Super Liga Malasia,2023/2024,2023-03-17,Sabah FA,Penang,5,2,5-2,Regular Season - 5
997449,Super Liga Malasia,2023/2024,2023-03-17,Selangor,Johor Darul Takzim FC,0,4,0-4,Regular Season - 5
997450,Super Liga Malasia,2023/2024,2023-03-17,Kedah,Kuching FA,3,0,3-0,Regular Season - 5
997451,Super Liga Malasia,2023/2024,2023-03-18,Pdrm,Kelantan United,2,0,2-0,Regular Season - 5
997453,Super Liga Malasia,2023/2024,2023-03-31,Penang,Perak,3,1,3-1,Regular Season - 6
997455,Super Liga Malasia,2023/2024,2023-03-31,Kuala Lumpur FA,Selangor,1,3,1-3,Regular Season - 6
997452,Super Liga Malasia,2023/2024,2023-03-31,Terengganu,Kelantan United,2,1,2-1,Regular Season - 6
997454,Super Liga Malasia,2023/2024,2023-03-31,Johor Darul Takzim FC,Sabah FA,4,0,4-0,Regular Season - 6
997456,Super Liga Malasia,2023/2024,2023-04-01,Kuching FA,Pdrm,0,1,0-1,Regular Season - 6
997458,Super Liga Malasia,2023/2024,2023-04-01,Negeri Sembilan,Kelantan FA,4,2,4-2,Regular Season - 6
997457,Super Liga Malasia,2023/2024,2023-04-01,Pahang,Kedah,1,1,1-1,Regular Season - 6
997459,Super Liga Malasia,2023/2024,2023-04-04,Terengganu,Kelantan FA,5,0,5-0,Regular Season - 7
997461,Super Liga Malasia,2023/2024,2023-04-04,Perak,Johor Darul Takzim FC,0,5,0-5,Regular Season - 7
997460,Super Liga Malasia,2023/2024,2023-04-04,Selangor,Negeri Sembilan,2,1,2-1,Regular Season - 7
997463,Super Liga Malasia,2023/2024,2023-04-05,Kuching FA,Kelantan United,1,1,1-1,Regular Season - 7
997465,Super Liga Malasia,2023/2024,2023-04-05,Pdrm,Pahang,1,2,1-2,Regular Season - 7
997555,Super Liga Malasia,2023/2024,2023-04-05,Kuala Lumpur FA,Sabah FA,2,0,2-0,Regular Season - 7
997464,Super Liga Malasia,2023/2024,2023-04-05,Kedah,Penang,1,0,1-0,Regular Season - 7
997467,Super Liga Malasia,2023/2024,2023-04-09,Penang,Pdrm,4,2,4-2,Regular Season - 8
997466,Super Liga Malasia,2023/2024,2023-04-09,Terengganu,Kuching FA,2,0,2-0,Regular Season - 8
997468,Super Liga Malasia,2023/2024,2023-04-09,Johor Darul Takzim FC,Kedah,6,0,6-0,Regular Season - 8
997469,Super Liga Malasia,2023/2024,2023-04-09,Selangor,Kelantan FA,3,0,3-0,Regular Season - 8
997472,Super Liga Malasia,2023/2024,2023-04-10,Negeri Sembilan,Sabah FA,1,1,1-1,Regular Season - 8
997471,Super Liga Malasia,2023/2024,2023-04-10,Kuala Lumpur FA,Perak,1,0,1-0,Regular Season - 8
997470,Super Liga Malasia,2023/2024,2023-04-10,Pahang,Kelantan United,1,0,1-0,Regular Season - 8
997473,Super Liga Malasia,2023/2024,2023-04-18,Kuching FA,Pahang,0,1,0-1,Regular Season - 9
997475,Super Liga Malasia,2023/2024,2023-04-18,Penang,Kelantan United,2,0,2-0,Regular Season - 9
997476,Super Liga Malasia,2023/2024,2023-04-18,Selangor,Terengganu,5,1,5-1,Regular Season - 9
997474,Super Liga Malasia,2023/2024,2023-04-18,Kedah,Kuala Lumpur FA,2,3,2-3,Regular Season - 9
997477,Super Liga Malasia,2023/2024,2023-04-19,Sabah FA,Kelantan FA,6,1,6-1,Regular Season - 9
997479,Super Liga Malasia,2023/2024,2023-04-19,Pdrm,Johor Darul Takzim FC,0,1,0-1,Regular Season - 9
997478,Super Liga Malasia,2023/2024,2023-04-19,Perak,Negeri Sembilan,1,1,1-1,Regular Season - 9
997575,Super Liga Malasia,2023/2024,2023-04-27,Sabah FA,Selangor,2,1,2-1,Regular Season - 10
997483,Super Liga Malasia,2023/2024,2023-04-27,Kuala Lumpur FA,Pdrm,3,0,3-0,Regular Season - 10
997484,Super Liga Malasia,2023/2024,2023-04-27,Penang,Kuching FA,2,1,2-1,Regular Season - 10
997485,Super Liga Malasia,2023/2024,2023-04-28,Negeri Sembilan,Kedah,1,2,1-2,Regular Season - 10
997486,Super Liga Malasia,2023/2024,2023-04-28,Kelantan FA,Perak,2,3,2-3,Regular Season - 10
997482,Super Liga Malasia,2023/2024,2023-04-28,Terengganu,Pahang,1,2,1-2,Regular Season - 10
997480,Super Liga Malasia,2023/2024,2023-05-13,Johor Darul Takzim FC,Kelantan United,6,0,6-0,Regular Season - 10
997531,Super Liga Malasia,2023/2024,2023-05-14,Negeri Sembilan,Kuala Lumpur FA,2,1,2-1,Regular Season - 4
997489,Super Liga Malasia,2023/2024,2023-05-18,Pdrm,Negeri Sembilan,1,2,1-2,Regular Season - 11
997487,Super Liga Malasia,2023/2024,2023-05-19,Sabah FA,Terengganu,2,2,2-2,Regular Season - 11
997488,Super Liga Malasia,2023/2024,2023-05-19,Kuching FA,Johor Darul Takzim FC,0,4,0-4,Regular Season - 11
997490,Super Liga Malasia,2023/2024,2023-05-19,Kedah,Kelantan FA,5,0,5-0,Regular Season - 11
997491,Super Liga Malasia,2023/2024,2023-05-20,Pahang,Penang,1,0,1-0,Regular Season - 11
997492,Super Liga Malasia,2023/2024,2023-05-20,Perak,Selangor,0,4,0-4,Regular Season - 11
997493,Super Liga Malasia,2023/2024,2023-05-20,Kelantan United,Kuala Lumpur FA,1,3,1-3,Regular Season - 11
997494,Super Liga Malasia,2023/2024,2023-05-23,Sabah FA,Perak,3,1,3-1,Regular Season - 12
997496,Super Liga Malasia,2023/2024,2023-05-23,Kelantan FA,Pdrm,1,4,1-4,Regular Season - 12
997495,Super Liga Malasia,2023/2024,2023-05-23,Negeri Sembilan,Kelantan United,3,3,3-3,Regular Season - 12
997497,Super Liga Malasia,2023/2024,2023-05-24,Johor Darul Takzim FC,Pahang,2,0,2-0,Regular Season - 12
997500,Super Liga Malasia,2023/2024,2023-05-24,Kuala Lumpur FA,Kuching FA,1,1,1-1,Regular Season - 12
997499,Super Liga Malasia,2023/2024,2023-05-24,Terengganu,Penang,1,0,1-0,Regular Season - 12
997498,Super Liga Malasia,2023/2024,2023-05-24,Selangor,Kedah,3,2,3-2,Regular Season - 12
997501,Super Liga Malasia,2023/2024,2023-06-02,Kedah,Sabah FA,2,1,2-1,Regular Season - 13
997502,Super Liga Malasia,2023/2024,2023-06-02,Kelantan United,Kelantan FA,4,1,4-1,Regular Season - 13
997503,Super Liga Malasia,2023/2024,2023-06-03,Perak,Terengganu,0,3,0-3,Regular Season - 13
997504,Super Liga Malasia,2023/2024,2023-06-03,Pdrm,Selangor,1,0,1-0,Regular Season - 13
997505,Super Liga Malasia,2023/2024,2023-06-03,Penang,Johor Darul Takzim FC,0,2,0-2,Regular Season - 13
997506,Super Liga Malasia,2023/2024,2023-06-04,Kuching FA,Negeri Sembilan,1,1,1-1,Regular Season - 13
997507,Super Liga Malasia,2023/2024,2023-06-04,Pahang,Kuala Lumpur FA,1,2,1-2,Regular Season - 13
997509,Super Liga Malasia,2023/2024,2023-06-07,Kedah,Perak,3,0,3-0,Regular Season - 14
997508,Super Liga Malasia,2023/2024,2023-06-07,Kelantan United,Selangor,1,7,1-7,Regular Season - 14
997512,Super Liga Malasia,2023/2024,2023-06-08,Pdrm,Sabah FA,1,0,1-0,Regular Season - 14
997510,Super Liga Malasia,2023/2024,2023-06-08,Penang,Kuala Lumpur FA,1,1,1-1,Regular Season - 14
997511,Super Liga Malasia,2023/2024,2023-06-09,Pahang,Negeri Sembilan,4,3,4-3,Regular Season - 14
997514,Super Liga Malasia,2023/2024,2023-06-09,Terengganu,Johor Darul Takzim FC,1,3,1-3,Regular Season - 14
997518,Super Liga Malasia,2023/2024,2023-06-23,Kelantan FA,Pahang,0,5,0-5,Regular Season - 15
997517,Super Liga Malasia,2023/2024,2023-06-23,Perak,Pdrm,1,2,1-2,Regular Season - 15
997521,Super Liga Malasia,2023/2024,2023-06-26,Negeri Sembilan,Penang,1,1,1-1,Regular Season - 15
997519,Super Liga Malasia,2023/2024,2023-06-26,Kelantan United,Sabah FA,0,3,0-3,Regular Season - 15
997516,Super Liga Malasia,2023/2024,2023-07-03,Terengganu,Kedah,1,0,1-0,Regular Season - 15
997515,Super Liga Malasia,2023/2024,2023-07-03,Johor Darul Takzim FC,Kuala Lumpur FA,6,1,6-1,Regular Season - 15
997520,Super Liga Malasia,2023/2024,2023-07-03,Selangor,Kuching FA,2,1,2-1,Regular Season - 15
997522,Super Liga Malasia,2023/2024,2023-07-07,Kuala Lumpur FA,Terengganu,3,3,3-3,Regular Season - 16
997523,Super Liga Malasia,2023/2024,2023-07-07,Perak,Kelantan United,1,1,1-1,Regular Season - 16
997524,Super Liga Malasia,2023/2024,2023-07-08,Sabah FA,Kuching FA,4,3,4-3,Regular Season - 16
997526,Super Liga Malasia,2023/2024,2023-07-08,Penang,Kelantan FA,4,3,4-3,Regular Season - 16
997525,Super Liga Malasia,2023/2024,2023-07-08,Johor Darul Takzim FC,Negeri Sembilan,2,0,2-0,Regular Season - 16
997528,Super Liga Malasia,2023/2024,2023-07-09,Pahang,Selangor,1,0,1-0,Regular Season - 16
997527,Super Liga Malasia,2023/2024,2023-07-09,Pdrm,Kedah,0,2,0-2,Regular Season - 16
997530,Super Liga Malasia,2023/2024,2023-07-14,Kelantan FA,Johor Darul Takzim FC,0,5,0-5,Regular Season - 17
997529,Super Liga Malasia,2023/2024,2023-07-14,Kedah,Kelantan United,3,1,3-1,Regular Season - 17
997439,Super Liga Malasia,2023/2024,2023-07-15,Kuala Lumpur FA,Negeri Sembilan,1,1,1-1,Regular Season - 17
997532,Super Liga Malasia,2023/2024,2023-07-15,Sabah FA,Pahang,4,0,4-0,Regular Season - 17
997533,Super Liga Malasia,2023/2024,2023-07-15,Selangor,Penang,3,0,3-0,Regular Season - 17
997535,Super Liga Malasia,2023/2024,2023-07-16,Kuching FA,Perak,1,2,1-2,Regular Season - 17
997534,Super Liga Malasia,2023/2024,2023-07-16,Pdrm,Terengganu,0,0,0-0,Regular Season - 17
997513,Super Liga Malasia,2023/2024,2023-07-21,Kuching FA,Kelantan FA,2,2,2-2,Regular Season - 14
997481,Super Liga Malasia,2023/2024,2023-07-23,Selangor,Sabah FA,1,0,1-0,Regular Season - 23
997536,Super Liga Malasia,2023/2024,2023-07-28,Terengganu,Negeri Sembilan,1,1,1-1,Regular Season - 18
997537,Super Liga Malasia,2023/2024,2023-07-28,Kelantan United,Pdrm,2,2,2-2,Regular Season - 18
997538,Super Liga Malasia,2023/2024,2023-07-29,Kuala Lumpur FA,Kelantan FA,5,1,5-1,Regular Season - 18
997540,Super Liga Malasia,2023/2024,2023-07-29,Kuching FA,Kedah,0,1,0-1,Regular Season - 18
997539,Super Liga Malasia,2023/2024,2023-07-29,Johor Darul Takzim FC,Selangor,2,0,2-0,Regular Season - 18
997541,Super Liga Malasia,2023/2024,2023-07-30,Pahang,Perak,1,0,1-0,Regular Season - 18
997542,Super Liga Malasia,2023/2024,2023-07-30,Penang,Sabah FA,1,2,1-2,Regular Season - 18
997545,Super Liga Malasia,2023/2024,2023-08-08,Selangor,Kuala Lumpur FA,2,0,2-0,Regular Season - 19
997544,Super Liga Malasia,2023/2024,2023-08-08,Kedah,Pahang,2,0,2-0,Regular Season - 19
997543,Super Liga Malasia,2023/2024,2023-08-08,Kelantan United,Terengganu,1,4,1-4,Regular Season - 19
997546,Super Liga Malasia,2023/2024,2023-08-09,Sabah FA,Johor Darul Takzim FC,1,5,1-5,Regular Season - 19
997547,Super Liga Malasia,2023/2024,2023-08-09,Kelantan FA,Negeri Sembilan,2,0,2-0,Regular Season - 19
997549,Super Liga Malasia,2023/2024,2023-08-09,Perak,Penang,3,1,3-1,Regular Season - 19
997462,Super Liga Malasia,2023/2024,2023-08-13,Sabah FA,Kuala Lumpur FA,3,2,3-2,Regular Season - 20
997553,Super Liga Malasia,2023/2024,2023-08-13,Johor Darul Takzim FC,Perak,5,0,5-0,Regular Season - 20
997556,Super Liga Malasia,2023/2024,2023-08-14,Kelantan FA,Terengganu,0,8,0-8,Regular Season - 20
997554,Super Liga Malasia,2023/2024,2023-08-14,Negeri Sembilan,Selangor,0,4,0-4,Regular Season - 20
997552,Super Liga Malasia,2023/2024,2023-08-22,Penang,Kedah,1,2,1-2,Regular Season - 20
997557,Super Liga Malasia,2023/2024,2023-08-25,Kelantan FA,Selangor,2,11,2-11,Regular Season - 21
997559,Super Liga Malasia,2023/2024,2023-08-26,Kuching FA,Terengganu,0,2,0-2,Regular Season - 21
997558,Super Liga Malasia,2023/2024,2023-08-26,Sabah FA,Negeri Sembilan,3,1,3-1,Regular Season - 21
997561,Super Liga Malasia,2023/2024,2023-08-26,Kedah,Johor Darul Takzim FC,3,3,3-3,Regular Season - 21
997562,Super Liga Malasia,2023/2024,2023-08-27,Pdrm,Penang,3,0,3-0,Regular Season - 21
997560,Super Liga Malasia,2023/2024,2023-08-27,Perak,Kuala Lumpur FA,0,4,0-4,Regular Season - 21
997563,Super Liga Malasia,2023/2024,2023-08-27,Kelantan United,Pahang,1,5,1-5,Regular Season - 21
997550,Super Liga Malasia,2023/2024,2023-09-04,Kelantan United,Kuching FA,2,1,2-1,Regular Season - 20
997564,Super Liga Malasia,2023/2024,2023-09-27,Johor Darul Takzim FC,Pdrm,4,0,4-0,Regular Season - 22
997565,Super Liga Malasia,2023/2024,2023-09-29,Terengganu,Selangor,0,4,0-4,Regular Season - 22
997567,Super Liga Malasia,2023/2024,2023-09-30,Kuala Lumpur FA,Kedah,0,1,0-1,Regular Season - 22
997568,Super Liga Malasia,2023/2024,2023-09-30,Pahang,Kuching FA,3,2,3-2,Regular Season - 22
997569,Super Liga Malasia,2023/2024,2023-10-01,Negeri Sembilan,Perak,0,1,0-1,Regular Season - 22
997570,Super Liga Malasia,2023/2024,2023-10-01,Kelantan United,Penang,1,0,1-0,Regular Season - 22
997548,Super Liga Malasia,2023/2024,2023-10-08,Pdrm,Kuching FA,1,1,1-1,Regular Season - 19
997574,Super Liga Malasia,2023/2024,2023-10-27,Pdrm,Kuala Lumpur FA,2,0,2-0,Regular Season - 23
997573,Super Liga Malasia,2023/2024,2023-10-28,Kedah,Negeri Sembilan,3,0,3-0,Regular Season - 23
997576,Super Liga Malasia,2023/2024,2023-10-28,Kelantan United,Johor Darul Takzim FC,0,2,0-2,Regular Season - 23
997571,Super Liga Malasia,2023/2024,2023-10-28,Kuching FA,Penang,0,0,0-0,Regular Season - 23
997572,Super Liga Malasia,2023/2024,2023-10-28,Perak,Kelantan FA,8,0,8-0,Regular Season - 23
997577,Super Liga Malasia,2023/2024,2023-10-29,Pahang,Terengganu,2,2,2-2,Regular Season - 23
997551,Super Liga Malasia,2023/2024,2023-11-08,Pahang,Pdrm,2,3,2-3,Regular Season - 20
997566,Super Liga Malasia,2023/2024,2023-11-20,Kelantan FA,Sabah FA,0,7,0-7,Regular Season - 22
997578,Super Liga Malasia,2023/2024,2023-11-23,Johor Darul Takzim FC,Kuching FA,2,0,2-0,Regular Season - 24
997579,Super Liga Malasia,2023/2024,2023-11-24,Terengganu,Sabah FA,0,4,0-4,Regular Season - 24
997581,Super Liga Malasia,2023/2024,2023-11-25,Selangor,Perak,4,0,4-0,Regular Season - 24
997582,Super Liga Malasia,2023/2024,2023-11-25,Negeri Sembilan,Pdrm,2,0,2-0,Regular Season - 24
997583,Super Liga Malasia,2023/2024,2023-11-26,Penang,Pahang,3,2,3-2,Regular Season - 24
997580,Super Liga Malasia,2023/2024,2023-11-26,Kelantan FA,Kedah,1,6,1-6,Regular Season - 24
997584,Super Liga Malasia,2023/2024,2023-11-26,Kuala Lumpur FA,Kelantan United,3,0,3-0,Regular Season - 24
997585,Super Liga Malasia,2023/2024,2023-12-01,Kelantan United,Negeri Sembilan,0,4,0-4,Regular Season - 25
997586,Super Liga Malasia,2023/2024,2023-12-02,Kedah,Selangor,0,1,0-1,Regular Season - 25
997589,Super Liga Malasia,2023/2024,2023-12-03,Penang,Terengganu,1,1,1-1,Regular Season - 25
997590,Super Liga Malasia,2023/2024,2023-12-03,Pahang,Johor Darul Takzim FC,0,2,0-2,Regular Season - 25
997591,Super Liga Malasia,2023/2024,2023-12-03,Perak,Sabah FA,0,1,0-1,Regular Season - 25
997587,Super Liga Malasia,2023/2024,2023-12-10,Kuching FA,Kuala Lumpur FA,2,3,2-3,Regular Season - 25
997588,Super Liga Malasia,2023/2024,2023-12-10,Pdrm,Kelantan FA,7,2,7-2,Regular Season - 25
997598,Super Liga Malasia,2023/2024,2023-12-16,Johor Darul Takzim FC,Penang,8,0,8-0,Regular Season - 26
997595,Super Liga Malasia,2023/2024,2023-12-16,Kelantan FA,Kelantan United,2,6,2-6,Regular Season - 26
997597,Super Liga Malasia,2023/2024,2023-12-16,Kuala Lumpur FA,Pahang,0,0,0-0,Regular Season - 26
997596,Super Liga Malasia,2023/2024,2023-12-17,Negeri Sembilan,Kuching FA,1,4,1-4,Regular Season - 26
997593,Super Liga Malasia,2023/2024,2023-12-17,Sabah FA,Kedah,2,0,2-0,Regular Season - 26
997592,Super Liga Malasia,2023/2024,2023-12-17,Terengganu,Perak,3,0,3-0,Regular Season - 26
997594,Super Liga Malasia,2023/2024,2023-12-17,Selangor,Pdrm,3,1,3-1,Regular Season - 26
1194462,Super Liga Malasia,2024/2025,2024-05-10,Johor Darul Takzim FC,Selangor,3,0,3-0,Regular Season - 1
1194463,Super Liga Malasia,2024/2025,2024-05-11,Pdrm,Kedah,0,1,0-1,Regular Season - 1
1194464,Super Liga Malasia,2024/2025,2024-05-11,Pahang,Kelantan United,1,0,1-0,Regular Season - 1
1194465,Super Liga Malasia,2024/2025,2024-05-11,Terengganu,Perak,3,1,3-1,Regular Season - 1
1194466,Super Liga Malasia,2024/2025,2024-05-12,Sabah FA,Penang,0,0,0-0,Regular Season - 1
1194467,Super Liga Malasia,2024/2025,2024-05-12,Kuala Lumpur FA,Kuching FA,1,1,1-1,Regular Season - 1
1194468,Super Liga Malasia,2024/2025,2024-05-17,Kelantan United,Sabah FA,2,3,2-3,Regular Season - 2
1194469,Super Liga Malasia,2024/2025,2024-05-18,Johor Darul Takzim FC,Negeri Sembilan,3,1,3-1,Regular Season - 2
1194470,Super Liga Malasia,2024/2025,2024-05-18,Selangor,Kedah,1,0,1-0,Regular Season - 2
1194471,Super Liga Malasia,2024/2025,2024-05-18,Perak,Pdrm,2,3,2-3,Regular Season - 2
1194472,Super Liga Malasia,2024/2025,2024-05-19,Kuching FA,Pahang,2,2,2-2,Regular Season - 2
1194473,Super Liga Malasia,2024/2025,2024-05-19,Penang,Terengganu,0,0,0-0,Regular Season - 2
1194474,Super Liga Malasia,2024/2025,2024-05-24,Terengganu,Kelantan United,3,0,3-0,Regular Season - 3
1194475,Super Liga Malasia,2024/2025,2024-05-24,Kedah,Perak,0,2,0-2,Regular Season - 3
1194476,Super Liga Malasia,2024/2025,2024-05-25,Kuala Lumpur FA,Johor Darul Takzim FC,1,5,1-5,Regular Season - 3
1194477,Super Liga Malasia,2024/2025,2024-05-25,Sabah FA,Kuching FA,2,1,2-1,Regular Season - 3
1194478,Super Liga Malasia,2024/2025,2024-05-25,Pdrm,Penang,1,1,1-1,Regular Season - 3
1194479,Super Liga Malasia,2024/2025,2024-05-26,Selangor,Negeri Sembilan,4,0,4-0,Regular Season - 3
1194480,Super Liga Malasia,2024/2025,2024-06-21,Negeri Sembilan,Kuala Lumpur FA,0,3,0-3,Regular Season - 4
1194481,Super Liga Malasia,2024/2025,2024-06-22,Johor Darul Takzim FC,Pahang,3,0,3-0,Regular Season - 4
1194482,Super Liga Malasia,2024/2025,2024-06-22,Kuching FA,Terengganu,1,1,1-1,Regular Season - 4
1194483,Super Liga Malasia,2024/2025,2024-06-22,Penang,Kedah,0,1,0-1,Regular Season - 4
1194484,Super Liga Malasia,2024/2025,2024-06-23,Selangor,Perak,2,1,2-1,Regular Season - 4
1194485,Super Liga Malasia,2024/2025,2024-06-23,Kelantan United,Pdrm,1,0,1-0,Regular Season - 4
1194486,Super Liga Malasia,2024/2025,2024-07-12,Kuching FA,Pdrm,2,0,2-0,Regular Season - 5
1194487,Super Liga Malasia,2024/2025,2024-07-12,Kedah,Kelantan United,3,0,3-0,Regular Season - 5
1194488,Super Liga Malasia,2024/2025,2024-07-13,Pahang,Negeri Sembilan,0,2,0-2,Regular Season - 5
1194489,Super Liga Malasia,2024/2025,2024-07-13,Sabah FA,Johor Darul Takzim FC,1,3,1-3,Regular Season - 5
1194490,Super Liga Malasia,2024/2025,2024-07-13,Perak,Penang,0,2,0-2,Regular Season - 5
1194491,Super Liga Malasia,2024/2025,2024-07-14,Kuala Lumpur FA,Selangor,1,0,1-0,Regular Season - 5
1194495,Super Liga Malasia,2024/2025,2024-07-25,Sabah FA,Negeri Sembilan,2,0,2-0,Regular Season - 6
1194492,Super Liga Malasia,2024/2025,2024-07-26,Johor Darul Takzim FC,Terengganu,4,0,4-0,Regular Season - 6
1194494,Super Liga Malasia,2024/2025,2024-07-26,Kedah,Kuching FA,1,1,1-1,Regular Season - 6
1194493,Super Liga Malasia,2024/2025,2024-07-26,Kelantan United,Perak,1,3,1-3,Regular Season - 6
1194496,Super Liga Malasia,2024/2025,2024-07-27,Selangor,Penang,4,1,4-1,Regular Season - 6
1194497,Super Liga Malasia,2024/2025,2024-07-27,Kuala Lumpur FA,Pahang,0,0,0-0,Regular Season - 6
1194499,Super Liga Malasia,2024/2025,2024-07-30,Perak,Kuching FA,1,2,1-2,Regular Season - 7
1194500,Super Liga Malasia,2024/2025,2024-07-30,Terengganu,Negeri Sembilan,3,2,3-2,Regular Season - 7
1194498,Super Liga Malasia,2024/2025,2024-07-31,Kuala Lumpur FA,Sabah FA,3,0,3-0,Regular Season - 7
1194501,Super Liga Malasia,2024/2025,2024-07-31,Pahang,Selangor,1,1,1-1,Regular Season - 7
1194502,Super Liga Malasia,2024/2025,2024-07-31,Pdrm,Johor Darul Takzim FC,1,1,1-1,Regular Season - 7
1194503,Super Liga Malasia,2024/2025,2024-08-01,Penang,Kelantan United,3,0,3-0,Regular Season - 7
1194504,Super Liga Malasia,2024/2025,2024-08-09,Johor Darul Takzim FC,Kedah,6,0,6-0,Regular Season - 8
1194505,Super Liga Malasia,2024/2025,2024-08-09,Pahang,Sabah FA,2,3,2-3,Regular Season - 8
1194506,Super Liga Malasia,2024/2025,2024-08-10,Selangor,Kelantan United,2,0,2-0,Regular Season - 8
1194507,Super Liga Malasia,2024/2025,2024-08-10,Kuala Lumpur FA,Terengganu,0,2,0-2,Regular Season - 8
1194508,Super Liga Malasia,2024/2025,2024-08-11,Kuching FA,Penang,2,2,2-2,Regular Season - 8
1194509,Super Liga Malasia,2024/2025,2024-08-11,Negeri Sembilan,Pdrm,1,2,1-2,Regular Season - 8
1194510,Super Liga Malasia,2024/2025,2024-08-13,Sabah FA,Selangor,1,2,1-2,Regular Season - 9
1194511,Super Liga Malasia,2024/2025,2024-08-16,Terengganu,Pahang,1,1,1-1,Regular Season - 9
1194512,Super Liga Malasia,2024/2025,2024-08-16,Pdrm,Kuala Lumpur FA,2,1,2-1,Regular Season - 9
1194513,Super Liga Malasia,2024/2025,2024-08-17,Kedah,Negeri Sembilan,2,2,2-2,Regular Season - 9
1194514,Super Liga Malasia,2024/2025,2024-08-26,Kuching FA,Kelantan United,1,0,1-0,Regular Season - 9
1194516,Super Liga Malasia,2024/2025,2024-09-12,Johor Darul Takzim FC,Penang,5,0,5-0,Regular Season - 10
1194517,Super Liga Malasia,2024/2025,2024-09-13,Selangor,Kuching FA,4,0,4-0,Regular Season - 10
1194518,Super Liga Malasia,2024/2025,2024-09-14,Negeri Sembilan,Perak,0,1,0-1,Regular Season - 10
1194519,Super Liga Malasia,2024/2025,2024-09-14,Kuala Lumpur FA,Kedah,5,0,5-0,Regular Season - 10
1194520,Super Liga Malasia,2024/2025,2024-09-15,Sabah FA,Terengganu,1,1,1-1,Regular Season - 10
1194521,Super Liga Malasia,2024/2025,2024-09-15,Pahang,Pdrm,5,1,5-1,Regular Season - 10
1194522,Super Liga Malasia,2024/2025,2024-09-20,Kedah,Pahang,2,2,2-2,Regular Season - 11
1194523,Super Liga Malasia,2024/2025,2024-09-21,Pdrm,Sabah FA,1,0,1-0,Regular Season - 11
1194524,Super Liga Malasia,2024/2025,2024-09-21,Perak,Kuala Lumpur FA,1,0,1-0,Regular Season - 11
1194526,Super Liga Malasia,2024/2025,2024-09-22,Penang,Negeri Sembilan,2,2,2-2,Regular Season - 11
1194527,Super Liga Malasia,2024/2025,2024-09-22,Kelantan United,Johor Darul Takzim FC,1,6,1-6,Regular Season - 11
1194528,Super Liga Malasia,2024/2025,2024-09-27,Johor Darul Takzim FC,Kuching FA,2,1,2-1,Regular Season - 12
1194529,Super Liga Malasia,2024/2025,2024-09-27,Negeri Sembilan,Kelantan United,2,3,2-3,Regular Season - 12
1194525,Super Liga Malasia,2024/2025,2024-09-28,Terengganu,Selangor,0,1,0-1,Regular Season - 11
1194531,Super Liga Malasia,2024/2025,2024-09-28,Pahang,Perak,0,3,0-3,Regular Season - 12
1194532,Super Liga Malasia,2024/2025,2024-09-29,Kuala Lumpur FA,Penang,4,2,4-2,Regular Season - 12
1194533,Super Liga Malasia,2024/2025,2024-10-04,Terengganu,Pdrm,1,1,1-1,Regular Season - 12
1194535,Super Liga Malasia,2024/2025,2024-10-18,Kelantan United,Kuala Lumpur FA,1,3,1-3,Regular Season - 13
1194537,Super Liga Malasia,2024/2025,2024-10-19,Perak,Sabah FA,2,4,2-4,Regular Season - 13
1194536,Super Liga Malasia,2024/2025,2024-10-19,Pdrm,Selangor,1,1,1-1,Regular Season - 13
1194538,Super Liga Malasia,2024/2025,2024-10-19,Kedah,Terengganu,1,0,1-0,Regular Season - 13
1194534,Super Liga Malasia,2024/2025,2024-10-20,Kuching FA,Negeri Sembilan,1,1,1-1,Regular Season - 13
1194539,Super Liga Malasia,2024/2025,2024-10-20,Penang,Pahang,0,1,0-1,Regular Season - 13
1310457,Super Liga Malasia,2024/2025,2024-10-25,Penang,Sabah FA,0,4,0-4,Regular Season - 14
1310458,Super Liga Malasia,2024/2025,2024-10-25,Kedah,Pdrm,1,1,1-1,Regular Season - 14
1310459,Super Liga Malasia,2024/2025,2024-10-25,Kelantan United,Pahang,1,1,1-1,Regular Season - 14
1310460,Super Liga Malasia,2024/2025,2024-10-26,Perak,Terengganu,2,2,2-2,Regular Season - 14
1310461,Super Liga Malasia,2024/2025,2024-10-26,Kuching FA,Kuala Lumpur FA,3,1,3-1,Regular Season - 14
1310462,Super Liga Malasia,2024/2025,2024-10-27,Selangor,Johor Darul Takzim FC,0,3,0-3,Regular Season - 14
1194530,Super Liga Malasia,2024/2025,2024-10-29,Sabah FA,Kedah,5,2,5-2,Regular Season - 12
1310463,Super Liga Malasia,2024/2025,2024-11-01,Negeri Sembilan,Johor Darul Takzim FC,0,4,0-4,Regular Season - 15
1310464,Super Liga Malasia,2024/2025,2024-11-01,Terengganu,Penang,1,0,1-0,Regular Season - 15
1310466,Super Liga Malasia,2024/2025,2024-11-02,Pdrm,Perak,1,1,1-1,Regular Season - 15
1310467,Super Liga Malasia,2024/2025,2024-11-02,Kedah,Selangor,0,1,0-1,Regular Season - 15
1310468,Super Liga Malasia,2024/2025,2024-11-03,Sabah FA,Kelantan United,4,1,4-1,Regular Season - 15
1194515,Super Liga Malasia,2024/2025,2024-11-10,Perak,Johor Darul Takzim FC,0,5,0-5,Regular Season - 9
1310470,Super Liga Malasia,2024/2025,2024-12-04,Perak,Kedah,1,1,1-1,Regular Season - 16
1310469,Super Liga Malasia,2024/2025,2024-12-04,Kelantan United,Terengganu,1,2,1-2,Regular Season - 16
1310473,Super Liga Malasia,2024/2025,2024-12-04,Kuching FA,Sabah FA,1,2,1-2,Regular Season - 16
1310471,Super Liga Malasia,2024/2025,2024-12-04,Penang,Pdrm,2,0,2-0,Regular Season - 16
1310472,Super Liga Malasia,2024/2025,2024-12-08,Johor Darul Takzim FC,Kuala Lumpur FA,3,0,3-0,Regular Season - 16
1310474,Super Liga Malasia,2024/2025,2024-12-09,Negeri Sembilan,Selangor,0,4,0-4,Regular Season - 16
1315640,Super Liga Malasia,2024/2025,2024-12-17,Kuala Lumpur FA,Negeri Sembilan,2,1,2-1,Regular Season - 17
1315639,Super Liga Malasia,2024/2025,2024-12-17,Perak,Selangor,1,2,1-2,Regular Season - 17
1315641,Super Liga Malasia,2024/2025,2024-12-17,Pahang,Johor Darul Takzim FC,1,3,1-3,Regular Season - 17
1315642,Super Liga Malasia,2024/2025,2024-12-18,Pdrm,Kelantan United,5,0,5-0,Regular Season - 17
1315643,Super Liga Malasia,2024/2025,2024-12-18,Kedah,Penang,1,0,1-0,Regular Season - 17
1315646,Super Liga Malasia,2024/2025,2025-01-10,Kelantan United,Kedah,0,1,0-1,Regular Season - 18
1315645,Super Liga Malasia,2024/2025,2025-01-10,Negeri Sembilan,Pahang,2,1,2-1,Regular Season - 18
1315647,Super Liga Malasia,2024/2025,2025-01-11,Pdrm,Kuching FA,0,2,0-2,Regular Season - 18
1315648,Super Liga Malasia,2024/2025,2025-01-11,Johor Darul Takzim FC,Sabah FA,4,0,4-0,Regular Season - 18
1315649,Super Liga Malasia,2024/2025,2025-01-12,Selangor,Kuala Lumpur FA,1,0,1-0,Regular Season - 18
1315650,Super Liga Malasia,2024/2025,2025-01-12,Penang,Perak,3,3,3-3,Regular Season - 18
1315652,Super Liga Malasia,2024/2025,2025-01-25,Negeri Sembilan,Sabah FA,1,2,1-2,Regular Season - 19
1315653,Super Liga Malasia,2024/2025,2025-01-25,Penang,Selangor,1,1,1-1,Regular Season - 19
1315654,Super Liga Malasia,2024/2025,2025-01-25,Terengganu,Johor Darul Takzim FC,0,1,0-1,Regular Season - 19
1315656,Super Liga Malasia,2024/2025,2025-01-26,Pahang,Kuala Lumpur FA,1,1,1-1,Regular Season - 19
1315655,Super Liga Malasia,2024/2025,2025-01-26,Perak,Kelantan United,7,0,7-0,Regular Season - 19
1315657,Super Liga Malasia,2024/2025,2025-02-05,Johor Darul Takzim FC,Pdrm,4,0,4-0,Regular Season - 20
1315658,Super Liga Malasia,2024/2025,2025-02-07,Kuching FA,Perak,1,1,1-1,Regular Season - 20
1315659,Super Liga Malasia,2024/2025,2025-02-07,Kelantan United,Penang,1,6,1-6,Regular Season - 20
1315660,Super Liga Malasia,2024/2025,2025-02-08,Selangor,Pahang,2,0,2-0,Regular Season - 20
1315662,Super Liga Malasia,2024/2025,2025-02-09,Negeri Sembilan,Terengganu,0,2,0-2,Regular Season - 20
1315664,Super Liga Malasia,2024/2025,2025-02-14,Terengganu,Kuala Lumpur FA,1,2,1-2,Regular Season - 21
1315665,Super Liga Malasia,2024/2025,2025-02-16,Sabah FA,Pahang,2,2,2-2,Regular Season - 21
1315666,Super Liga Malasia,2024/2025,2025-02-16,Penang,Kuching FA,1,1,1-1,Regular Season - 21
1315661,Super Liga Malasia,2024/2025,2025-02-21,Sabah FA,Kuala Lumpur FA,1,1,1-1,Regular Season - 20
1315644,Super Liga Malasia,2024/2025,2025-02-21,Terengganu,Kuching FA,2,2,2-2,Regular Season - 17
1315672,Super Liga Malasia,2024/2025,2025-02-24,Johor Darul Takzim FC,Perak,2,0,2-0,Regular Season - 22
1315669,Super Liga Malasia,2024/2025,2025-02-26,Kuala Lumpur FA,Pdrm,2,1,2-1,Regular Season - 22
1315671,Super Liga Malasia,2024/2025,2025-02-26,Negeri Sembilan,Kedah,2,0,2-0,Regular Season - 22
1315670,Super Liga Malasia,2024/2025,2025-02-26,Kelantan United,Kuching FA,0,3,0-3,Regular Season - 22
1315673,Super Liga Malasia,2024/2025,2025-02-27,Pahang,Terengganu,1,5,1-5,Regular Season - 22
1315674,Super Liga Malasia,2024/2025,2025-02-27,Selangor,Sabah FA,0,0,0-0,Regular Season - 22
1310465,Super Liga Malasia,2024/2025,2025-03-04,Pahang,Kuching FA,0,2,0-2,Regular Season - 15
1315676,Super Liga Malasia,2024/2025,2025-03-07,Terengganu,Sabah FA,2,2,2-2,Regular Season - 23
1315675,Super Liga Malasia,2024/2025,2025-03-07,Kedah,Kuala Lumpur FA,2,3,2-3,Regular Season - 23
1315678,Super Liga Malasia,2024/2025,2025-03-08,Pdrm,Pahang,1,3,1-3,Regular Season - 23
1315677,Super Liga Malasia,2024/2025,2025-03-08,Perak,Negeri Sembilan,0,0,0-0,Regular Season - 23
1315667,Super Liga Malasia,2024/2025,2025-03-08,Kelantan United,Selangor,0,7,0-7,Regular Season - 21
1315651,Super Liga Malasia,2024/2025,2025-03-12,Kuching FA,Kedah,3,0,3-0,Regular Season - 19
1315663,Super Liga Malasia,2024/2025,2025-03-15,Pdrm,Negeri Sembilan,2,1,2-1,Regular Season - 21
1315680,Super Liga Malasia,2024/2025,2025-03-16,Kuching FA,Selangor,2,1,2-1,Regular Season - 23
1315679,Super Liga Malasia,2024/2025,2025-03-16,Penang,Johor Darul Takzim FC,0,3,0-3,Regular Season - 23
1315668,Super Liga Malasia,2024/2025,2025-03-29,Kedah,Johor Darul Takzim FC,1,6,1-6,Regular Season - 21
1315683,Super Liga Malasia,2024/2025,2025-04-05,Selangor,Terengganu,1,0,1-0,Regular Season - 24
1315684,Super Liga Malasia,2024/2025,2025-04-05,Negeri Sembilan,Penang,0,2,0-2,Regular Season - 24
1315685,Super Liga Malasia,2024/2025,2025-04-06,Kuala Lumpur FA,Perak,1,2,1-2,Regular Season - 24
1315682,Super Liga Malasia,2024/2025,2025-04-08,Sabah FA,Pdrm,1,0,1-0,Regular Season - 24
1315686,Super Liga Malasia,2024/2025,2025-04-08,Pahang,Kedah,6,0,6-0,Regular Season - 24
1315681,Super Liga Malasia,2024/2025,2025-04-10,Johor Darul Takzim FC,Kelantan United,9,0,9-0,Regular Season - 24
1315690,Super Liga Malasia,2024/2025,2025-04-12,Pdrm,Terengganu,1,0,1-0,Regular Season - 25
1315689,Super Liga Malasia,2024/2025,2025-04-12,Perak,Pahang,0,1,0-1,Regular Season - 25
1315688,Super Liga Malasia,2024/2025,2025-04-12,Kedah,Sabah FA,1,1,1-1,Regular Season - 25
1315692,Super Liga Malasia,2024/2025,2025-04-13,Penang,Kuala Lumpur FA,1,0,1-0,Regular Season - 25
1315687,Super Liga Malasia,2024/2025,2025-04-13,Kelantan United,Negeri Sembilan,1,2,1-2,Regular Season - 25
1315691,Super Liga Malasia,2024/2025,2025-04-16,Kuching FA,Johor Darul Takzim FC,0,2,0-2,Regular Season - 25
1361492,Super Liga Malasia,2024/2025,2025-04-19,Pahang,Penang,3,2,3-2,Regular Season - 26
1361488,Super Liga Malasia,2024/2025,2025-04-19,Selangor,Pdrm,2,0,2-0,Regular Season - 26
1361490,Super Liga Malasia,2024/2025,2025-04-20,Negeri Sembilan,Kuching FA,1,3,1-3,Regular Season - 26
1361487,Super Liga Malasia,2024/2025,2025-04-20,Sabah FA,Perak,0,1,0-1,Regular Season - 26
1361491,Super Liga Malasia,2024/2025,2025-04-20,Kuala Lumpur FA,Kelantan United,5,2,5-2,Regular Season - 26
1361489,Super Liga Malasia,2024/2025,2025-04-20,Terengganu,Kedah,3,0,3-0,Regular Season - 26
1404107,Super Liga Malasia,2025/2026,2025-08-08,Johor Darul Takzim FC,Selangor,3,0,3-0,Regular Season - 1
1404108,Super Liga Malasia,2025/2026,2025-08-09,Imigresen,Kuala Lumpur FA,0,3,0-3,Regular Season - 1
1404109,Super Liga Malasia,2025/2026,2025-08-09,Kuching FA,Kelantan United,4,0,4-0,Regular Season - 1
1404110,Super Liga Malasia,2025/2026,2025-08-09,Pdrm,DPMM FC Brunei,2,2,2-2,Regular Season - 1
1404112,Super Liga Malasia,2025/2026,2025-08-10,Penang,Terengganu,0,3,0-3,Regular Season - 1
1404113,Super Liga Malasia,2025/2026,2025-08-12,Johor Darul Takzim FC,Negeri Sembilan,5,3,5-3,Regular Season - 2
1404114,Super Liga Malasia,2025/2026,2025-08-12,Selangor,DPMM FC Brunei,3,0,3-0,Regular Season - 2
1404115,Super Liga Malasia,2025/2026,2025-08-12,Kelantan United,Imigresen,1,1,1-1,Regular Season - 2
1404116,Super Liga Malasia,2025/2026,2025-08-13,Melaka,Penang,1,1,1-1,Regular Season - 2
1404118,Super Liga Malasia,2025/2026,2025-08-13,Kuala Lumpur FA,Sabah FA,1,1,1-1,Regular Season - 2
1404117,Super Liga Malasia,2025/2026,2025-08-13,Terengganu,Pdrm,2,2,2-2,Regular Season - 2
1404119,Super Liga Malasia,2025/2026,2025-08-22,DPMM FC Brunei,Terengganu,0,5,0-5,Regular Season - 3
1404120,Super Liga Malasia,2025/2026,2025-08-23,Sabah FA,Kelantan United,0,0,0-0,Regular Season - 3
1404121,Super Liga Malasia,2025/2026,2025-08-23,Pdrm,Melaka,0,0,0-0,Regular Season - 3
1404122,Super Liga Malasia,2025/2026,2025-08-24,Penang,Kuala Lumpur FA,1,2,1-2,Regular Season - 3
1404123,Super Liga Malasia,2025/2026,2025-08-24,Kuching FA,Johor Darul Takzim FC,0,1,0-1,Regular Season - 3
1404124,Super Liga Malasia,2025/2026,2025-08-24,Negeri Sembilan,Selangor,2,1,2-1,Regular Season - 3
1404127,Super Liga Malasia,2025/2026,2025-08-27,Kuala Lumpur FA,Pdrm,3,1,3-1,Regular Season - 4
1404126,Super Liga Malasia,2025/2026,2025-08-27,Selangor,Terengganu,5,2,5-2,Regular Season - 4
1404125,Super Liga Malasia,2025/2026,2025-08-28,Imigresen,Johor Darul Takzim FC,0,3,0-3,Regular Season - 4
1404111,Super Liga Malasia,2025/2026,2025-08-29,Sabah FA,Melaka,1,1,1-1,Regular Season - 1
1445996,Super Liga Malasia,2025/2026,2025-08-29,Negeri Sembilan,Kuching FA,2,2,2-2,Regular Season - 4
1404129,Super Liga Malasia,2025/2026,2025-08-30,Penang,Kelantan United,0,1,0-1,Regular Season - 4
1466798,Super Liga Malasia,2025/2026,2025-09-11,Johor Darul Takzim FC,Penang,6,0,6-0,Regular Season - 6
1404130,Super Liga Malasia,2025/2026,2025-09-19,Terengganu,Melaka,4,0,4-0,Regular Season - 5
1404131,Super Liga Malasia,2025/2026,2025-09-20,Imigresen,Negeri Sembilan,1,1,1-1,Regular Season - 5
1404133,Super Liga Malasia,2025/2026,2025-09-20,Pdrm,Kelantan United,3,1,3-1,Regular Season - 5
1404134,Super Liga Malasia,2025/2026,2025-09-21,Kuching FA,Selangor,1,0,1-0,Regular Season - 5
1404135,Super Liga Malasia,2025/2026,2025-09-21,Johor Darul Takzim FC,Sabah FA,8,0,8-0,Regular Season - 5
1404132,Super Liga Malasia,2025/2026,2025-09-22,DPMM FC Brunei,Kuala Lumpur FA,0,4,0-4,Regular Season - 5
1404136,Super Liga Malasia,2025/2026,2025-09-26,DPMM FC Brunei,Kelantan United,1,2,1-2,Regular Season - 6
1404138,Super Liga Malasia,2025/2026,2025-09-27,Kuala Lumpur FA,Terengganu,1,0,1-0,Regular Season - 6
1404139,Super Liga Malasia,2025/2026,2025-09-27,Negeri Sembilan,Sabah FA,3,0,3-0,Regular Season - 6
1404141,Super Liga Malasia,2025/2026,2025-09-28,Kuching FA,Imigresen,4,0,4-0,Regular Season - 6
1404128,Super Liga Malasia,2025/2026,2025-09-30,Melaka,DPMM FC Brunei,0,1,0-1,Regular Season - 4
1404142,Super Liga Malasia,2025/2026,2025-10-03,Terengganu,Kelantan United,4,1,4-1,Regular Season - 7
1404143,Super Liga Malasia,2025/2026,2025-10-04,Penang,Negeri Sembilan,2,1,2-1,Regular Season - 7
1404144,Super Liga Malasia,2025/2026,2025-10-04,Sabah FA,Kuching FA,0,1,0-1,Regular Season - 7
1404146,Super Liga Malasia,2025/2026,2025-10-05,Imigresen,Selangor,1,3,1-3,Regular Season - 7
1404147,Super Liga Malasia,2025/2026,2025-10-05,Pdrm,Johor Darul Takzim FC,0,7,0-7,Regular Season - 7
1404148,Super Liga Malasia,2025/2026,2025-10-24,Kelantan United,Melaka,2,1,2-1,Regular Season - 8
1404149,Super Liga Malasia,2025/2026,2025-10-25,Kuching FA,Penang,1,1,1-1,Regular Season - 8
1404150,Super Liga Malasia,2025/2026,2025-10-25,Johor Darul Takzim FC,DPMM FC Brunei,10,0,10-0,Regular Season - 8
1404151,Super Liga Malasia,2025/2026,2025-10-25,Negeri Sembilan,Pdrm,2,0,2-0,Regular Season - 8
1404152,Super Liga Malasia,2025/2026,2025-10-26,Imigresen,Sabah FA,2,2,2-2,Regular Season - 8
1404153,Super Liga Malasia,2025/2026,2025-10-26,Selangor,Kuala Lumpur FA,0,0,0-0,Regular Season - 8
1404154,Super Liga Malasia,2025/2026,2025-10-31,Terengganu,Johor Darul Takzim FC,0,5,0-5,Regular Season - 9
1404155,Super Liga Malasia,2025/2026,2025-11-01,Sabah FA,Selangor,1,2,1-2,Regular Season - 9
1404156,Super Liga Malasia,2025/2026,2025-11-01,Kuala Lumpur FA,Kelantan United,2,1,2-1,Regular Season - 9
1404157,Super Liga Malasia,2025/2026,2025-11-01,Pdrm,Kuching FA,0,5,0-5,Regular Season - 9
1404158,Super Liga Malasia,2025/2026,2025-11-02,DPMM FC Brunei,Negeri Sembilan,2,2,2-2,Regular Season - 9
1404159,Super Liga Malasia,2025/2026,2025-11-02,Penang,Imigresen,0,1,0-1,Regular Season - 9
1404160,Super Liga Malasia,2025/2026,2025-11-21,Johor Darul Takzim FC,Melaka,7,1,7-1,Regular Season - 10
1404161,Super Liga Malasia,2025/2026,2025-11-22,Negeri Sembilan,Terengganu,1,1,1-1,Regular Season - 10
1404162,Super Liga Malasia,2025/2026,2025-11-22,Kuching FA,DPMM FC Brunei,1,0,1-0,Regular Season - 10
1404163,Super Liga Malasia,2025/2026,2025-11-22,Selangor,Kelantan United,2,0,2-0,Regular Season - 10
1404164,Super Liga Malasia,2025/2026,2025-11-23,Imigresen,Pdrm,5,0,5-0,Regular Season - 10
1404165,Super Liga Malasia,2025/2026,2025-11-23,Sabah FA,Penang,3,2,3-2,Regular Season - 10
1404145,Super Liga Malasia,2025/2026,2025-11-30,Melaka,Kuala Lumpur FA,0,3,0-3,Regular Season - 7
1404166,Super Liga Malasia,2025/2026,2025-12-05,Terengganu,Kuching FA,1,1,1-1,Regular Season - 11
1404167,Super Liga Malasia,2025/2026,2025-12-06,Pdrm,Sabah FA,1,4,1-4,Regular Season - 11
1404168,Super Liga Malasia,2025/2026,2025-12-06,Melaka,Negeri Sembilan,2,0,2-0,Regular Season - 11
1404170,Super Liga Malasia,2025/2026,2025-12-07,DPMM FC Brunei,Imigresen,4,2,4-2,Regular Season - 11
1404169,Super Liga Malasia,2025/2026,2025-12-07,Penang,Selangor,1,5,1-5,Regular Season - 11
1404171,Super Liga Malasia,2025/2026,2025-12-17,Kuala Lumpur FA,Johor Darul Takzim FC,0,4,0-4,Regular Season - 11
1404174,Super Liga Malasia,2025/2026,2025-12-19,Penang,Pdrm,3,0,3-0,Regular Season - 12
1404172,Super Liga Malasia,2025/2026,2025-12-19,Imigresen,Terengganu,2,3,2-3,Regular Season - 12
1404173,Super Liga Malasia,2025/2026,2025-12-19,Kuching FA,Melaka,4,0,4-0,Regular Season - 12
1404175,Super Liga Malasia,2025/2026,2025-12-20,Johor Darul Takzim FC,Kelantan United,4,1,4-1,Regular Season - 12
1404176,Super Liga Malasia,2025/2026,2025-12-20,Sabah FA,DPMM FC Brunei,1,3,1-3,Regular Season - 12
1404177,Super Liga Malasia,2025/2026,2025-12-20,Negeri Sembilan,Kuala Lumpur FA,1,1,1-1,Regular Season - 12
1404178,Super Liga Malasia,2025/2026,2025-12-23,DPMM FC Brunei,Penang,2,0,2-0,Regular Season - 13
1404180,Super Liga Malasia,2025/2026,2025-12-23,Pdrm,Selangor,1,3,1-3,Regular Season - 13
1404179,Super Liga Malasia,2025/2026,2025-12-23,Terengganu,Sabah FA,1,3,1-3,Regular Season - 13
1404181,Super Liga Malasia,2025/2026,2025-12-24,Kuala Lumpur FA,Kuching FA,1,1,1-1,Regular Season - 13
1404183,Super Liga Malasia,2025/2026,2025-12-24,Kelantan United,Negeri Sembilan,0,2,0-2,Regular Season - 13
1404182,Super Liga Malasia,2025/2026,2025-12-24,Melaka,Imigresen,0,2,0-2,Regular Season - 13
1404137,Super Liga Malasia,2025/2026,2025-12-28,Selangor,Melaka,3,0,3-0,Regular Season - 6
1404184,Super Liga Malasia,2025/2026,2026-01-02,Kelantan United,Kuching FA,0,1,0-1,Regular Season - 14
1404186,Super Liga Malasia,2025/2026,2026-01-03,DPMM FC Brunei,Pdrm,3,1,3-1,Regular Season - 14
1404187,Super Liga Malasia,2025/2026,2026-01-03,Terengganu,Penang,0,2,0-2,Regular Season - 14
1404188,Super Liga Malasia,2025/2026,2026-01-04,Kuala Lumpur FA,Imigresen,4,2,4-2,Regular Season - 14
1404189,Super Liga Malasia,2025/2026,2026-01-04,Selangor,Johor Darul Takzim FC,0,2,0-2,Regular Season - 14
1404190,Super Liga Malasia,2025/2026,2026-01-09,Sabah FA,Kuala Lumpur FA,1,1,1-1,Regular Season - 15
1404191,Super Liga Malasia,2025/2026,2026-01-09,Negeri Sembilan,Johor Darul Takzim FC,0,1,0-1,Regular Season - 15
1404192,Super Liga Malasia,2025/2026,2026-01-10,Imigresen,Kelantan United,3,0,3-0,Regular Season - 15
1404193,Super Liga Malasia,2025/2026,2026-01-10,DPMM FC Brunei,Selangor,2,5,2-5,Regular Season - 15
1404194,Super Liga Malasia,2025/2026,2026-01-10,Pdrm,Terengganu,0,1,0-1,Regular Season - 15
1404195,Super Liga Malasia,2025/2026,2026-01-11,Penang,Melaka,5,0,5-0,Regular Season - 15
1404197,Super Liga Malasia,2025/2026,2026-01-13,Terengganu,DPMM FC Brunei,1,0,1-0,Regular Season - 16
1404198,Super Liga Malasia,2025/2026,2026-01-13,Kelantan United,Sabah FA,3,2,3-2,Regular Season - 16
1404199,Super Liga Malasia,2025/2026,2026-01-14,Kuala Lumpur FA,Penang,0,1,0-1,Regular Season - 16
1404196,Super Liga Malasia,2025/2026,2026-01-14,Johor Darul Takzim FC,Kuching FA,2,1,2-1,Regular Season - 16
1404200,Super Liga Malasia,2025/2026,2026-01-14,Selangor,Negeri Sembilan,1,0,1-0,Regular Season - 16
1404201,Super Liga Malasia,2025/2026,2026-01-14,Melaka,Pdrm,3,0,3-0,Regular Season - 16
1404202,Super Liga Malasia,2025/2026,2026-01-30,Pdrm,Kuala Lumpur FA,1,1,1-1,Regular Season - 17
1404203,Super Liga Malasia,2025/2026,2026-01-31,DPMM FC Brunei,Melaka,1,1,1-1,Regular Season - 17
1404204,Super Liga Malasia,2025/2026,2026-01-31,Kuching FA,Negeri Sembilan,2,0,2-0,Regular Season - 17
1404205,Super Liga Malasia,2025/2026,2026-01-31,Kelantan United,Penang,1,1,1-1,Regular Season - 17
1404206,Super Liga Malasia,2025/2026,2026-02-01,Johor Darul Takzim FC,Imigresen,5,0,5-0,Regular Season - 17
1404207,Super Liga Malasia,2025/2026,2026-02-01,Terengganu,Selangor,1,1,1-1,Regular Season - 17
1404209,Super Liga Malasia,2025/2026,2026-02-21,Negeri Sembilan,Imigresen,1,2,1-2,Regular Season - 18
1404210,Super Liga Malasia,2025/2026,2026-02-21,Kelantan United,Pdrm,0,1,0-1,Regular Season - 18
1404208,Super Liga Malasia,2025/2026,2026-02-21,Melaka,Terengganu,1,2,1-2,Regular Season - 18
1404211,Super Liga Malasia,2025/2026,2026-02-22,Sabah FA,Johor Darul Takzim FC,1,6,1-6,Regular Season - 18
1404212,Super Liga Malasia,2025/2026,2026-02-22,Kuala Lumpur FA,DPMM FC Brunei,4,0,4-0,Regular Season - 18
1404213,Super Liga Malasia,2025/2026,2026-02-22,Selangor,Kuching FA,1,0,1-0,Regular Season - 18
1404218,Super Liga Malasia,2025/2026,2026-02-27,Penang,Johor Darul Takzim FC,0,4,0-4,Regular Season - 19
1404215,Super Liga Malasia,2025/2026,2026-02-27,Terengganu,Kuala Lumpur FA,0,1,0-1,Regular Season - 19
1404214,Super Liga Malasia,2025/2026,2026-02-27,Kelantan United,DPMM FC Brunei,0,3,0-3,Regular Season - 19
1404216,Super Liga Malasia,2025/2026,2026-02-28,Sabah FA,Negeri Sembilan,1,1,1-1,Regular Season - 19
1404217,Super Liga Malasia,2025/2026,2026-02-28,Melaka,Selangor,0,0,0-0,Regular Season - 19
1404219,Super Liga Malasia,2025/2026,2026-03-01,Imigresen,Kuching FA,0,1,0-1,Regular Season - 19
1404220,Super Liga Malasia,2025/2026,2026-03-06,Kelantan United,Terengganu,0,2,0-2,Regular Season - 20
1404221,Super Liga Malasia,2025/2026,2026-03-07,Kuching FA,Sabah FA,2,0,2-0,Regular Season - 20
1404222,Super Liga Malasia,2025/2026,2026-03-07,Negeri Sembilan,Penang,3,3,3-3,Regular Season - 20
1404223,Super Liga Malasia,2025/2026,2026-03-07,Kuala Lumpur FA,Melaka,2,1,2-1,Regular Season - 20
1404230,Super Liga Malasia,2025/2026,2026-03-08,Selangor,Imigresen,4,0,4-0,Regular Season - 20
1404224,Super Liga Malasia,2025/2026,2026-03-13,Pdrm,Negeri Sembilan,1,6,1-6,Regular Season - 21
1404226,Super Liga Malasia,2025/2026,2026-03-14,Sabah FA,Imigresen,1,2,1-2,Regular Season - 21
1404227,Super Liga Malasia,2025/2026,2026-03-14,Penang,Kuching FA,0,1,0-1,Regular Season - 21
1404225,Super Liga Malasia,2025/2026,2026-03-15,DPMM FC Brunei,Johor Darul Takzim FC,0,3,0-3,Regular Season - 21
1404229,Super Liga Malasia,2025/2026,2026-03-15,Kuala Lumpur FA,Selangor,2,3,2-3,Regular Season - 21
1404228,Super Liga Malasia,2025/2026,2026-03-15,Melaka,Kelantan United,2,1,2-1,Regular Season - 21
1404231,Super Liga Malasia,2025/2026,2026-03-18,Johor Darul Takzim FC,Pdrm,7,0,7-0,Regular Season - 20
1404232,Super Liga Malasia,2025/2026,2026-04-10,Kelantan United,Kuala Lumpur FA,0,2,0-2,Regular Season - 22
1404234,Super Liga Malasia,2025/2026,2026-04-11,Johor Darul Takzim FC,Terengganu,1,1,1-1,Regular Season - 22
1404235,Super Liga Malasia,2025/2026,2026-04-11,Selangor,Sabah FA,1,1,1-1,Regular Season - 22
1404233,Super Liga Malasia,2025/2026,2026-04-11,Imigresen,Penang,0,0,0-0,Regular Season - 22
1404236,Super Liga Malasia,2025/2026,2026-04-12,Kuching FA,Pdrm,4,1,4-1,Regular Season - 22
1404237,Super Liga Malasia,2025/2026,2026-04-12,Negeri Sembilan,DPMM FC Brunei,2,2,2-2,Regular Season - 22
1404185,Super Liga Malasia,2025/2026,2026-04-23,Melaka,Sabah FA,1,0,1-0,Regular Season - 14
1404238,Super Liga Malasia,2025/2026,2026-04-24,Kelantan United,Selangor,0,6,0-6,Regular Season - 23
1404239,Super Liga Malasia,2025/2026,2026-04-25,Pdrm,Imigresen,0,5,0-5,Regular Season - 23
1404240,Super Liga Malasia,2025/2026,2026-04-25,DPMM FC Brunei,Kuching FA,2,2,2-2,Regular Season - 23
1404241,Super Liga Malasia,2025/2026,2026-04-25,Terengganu,Negeri Sembilan,2,2,2-2,Regular Season - 23
1404242,Super Liga Malasia,2025/2026,2026-04-26,Penang,Sabah FA,0,0,0-0,Regular Season - 23
1404243,Super Liga Malasia,2025/2026,2026-04-28,Melaka,Johor Darul Takzim FC,1,2,1-2,Regular Season - 23
1404244,Super Liga Malasia,2025/2026,2026-05-01,Kuching FA,Terengganu,2,1,2-1,Regular Season - 24
1404245,Super Liga Malasia,2025/2026,2026-05-02,Sabah FA,Pdrm,5,1,5-1,Regular Season - 24
1404246,Super Liga Malasia,2025/2026,2026-05-02,Johor Darul Takzim FC,Kuala Lumpur FA,7,0,7-0,Regular Season - 24
1404247,Super Liga Malasia,2025/2026,2026-05-02,Selangor,Penang,4,0,4-0,Regular Season - 24
1404249,Super Liga Malasia,2025/2026,2026-05-03,Negeri Sembilan,Melaka,0,0,0-0,Regular Season - 24
1404248,Super Liga Malasia,2025/2026,2026-05-03,Imigresen,DPMM FC Brunei,3,1,3-1,Regular Season - 24
1404251,Super Liga Malasia,2025/2026,2026-05-08,Pdrm,Penang,1,1,1-1,Regular Season - 25
1404250,Super Liga Malasia,2025/2026,2026-05-08,Terengganu,Imigresen,1,3,1-3,Regular Season - 25
1404253,Super Liga Malasia,2025/2026,2026-05-09,DPMM FC Brunei,Sabah FA,0,1,0-1,Regular Season - 25
1404252,Super Liga Malasia,2025/2026,2026-05-09,Melaka,Kuching FA,1,3,1-3,Regular Season - 25
1404254,Super Liga Malasia,2025/2026,2026-05-10,Kuala Lumpur FA,Negeri Sembilan,2,2,2-2,Regular Season - 25
1404255,Super Liga Malasia,2025/2026,2026-05-10,Kelantan United,Johor Darul Takzim FC,1,14,1-14,Regular Season - 25
1404261,Super Liga Malasia,2025/2026,2026-05-15,Penang,DPMM FC Brunei,2,1,2-1,Regular Season - 26
1404260,Super Liga Malasia,2025/2026,2026-05-15,Sabah FA,Terengganu,0,1,0-1,Regular Season - 26
1404257,Super Liga Malasia,2025/2026,2026-05-16,Negeri Sembilan,Kelantan United,2,1,2-1,Regular Season - 26
1404256,Super Liga Malasia,2025/2026,2026-05-16,Imigresen,Melaka,1,1,1-1,Regular Season - 26
1404258,Super Liga Malasia,2025/2026,2026-05-17,Selangor,Pdrm,6,0,6-0,Regular Season - 26
1404259,Super Liga Malasia,2025/2026,2026-05-17,Kuching FA,Kuala Lumpur FA,1,0,1-0,Regular Season - 26
899527,Liga 1 Indonesia,2022/2023,2022-07-23,PSIS Semarang,Cilegon United,1,1,1-1,Regular Season - 1
899529,Liga 1 Indonesia,2022/2023,2022-07-23,Persepam Madura Utd,Barito Putera,8,0,8-0,Regular Season - 1
899528,Liga 1 Indonesia,2022/2023,2022-07-23,PSS Sleman,PSM Makassar,1,2,1-2,Regular Season - 1
899530,Liga 1 Indonesia,2022/2023,2022-07-23,Bali United,Persija Jakarta,1,0,1-0,Regular Season - 1
899531,Liga 1 Indonesia,2022/2023,2022-07-24,Pusamania Borneo,Arema FC,3,0,3-0,Regular Season - 1
899532,Liga 1 Indonesia,2022/2023,2022-07-24,Bhayangkara FC,Persib Bandung,2,2,2-2,Regular Season - 1
899533,Liga 1 Indonesia,2022/2023,2022-07-25,Persis Solo,Dewa United,2,3,2-3,Regular Season - 1
899534,Liga 1 Indonesia,2022/2023,2022-07-25,Persita,Persik Kediri,2,0,2-0,Regular Season - 1
899535,Liga 1 Indonesia,2022/2023,2022-07-25,PS TIRA,Persebaya Surabaya,1,0,1-0,Regular Season - 1
899536,Liga 1 Indonesia,2022/2023,2022-07-29,PSM Makassar,Bali United,2,0,2-0,Regular Season - 2
899537,Liga 1 Indonesia,2022/2023,2022-07-29,Cilegon United,PSS Sleman,3,3,3-3,Regular Season - 2
899540,Liga 1 Indonesia,2022/2023,2022-07-30,Persib Bandung,Persepam Madura Utd,1,3,1-3,Regular Season - 2
899538,Liga 1 Indonesia,2022/2023,2022-07-30,Arema FC,PSIS Semarang,2,1,2-1,Regular Season - 2
899539,Liga 1 Indonesia,2022/2023,2022-07-30,Barito Putera,Pusamania Borneo,3,1,3-1,Regular Season - 2
899541,Liga 1 Indonesia,2022/2023,2022-07-31,Persik Kediri,Bhayangkara FC,1,1,1-1,Regular Season - 2
899542,Liga 1 Indonesia,2022/2023,2022-07-31,Persija Jakarta,Persis Solo,2,1,2-1,Regular Season - 2
899543,Liga 1 Indonesia,2022/2023,2022-07-31,Dewa United,PS TIRA,1,3,1-3,Regular Season - 2
899544,Liga 1 Indonesia,2022/2023,2022-08-01,Persebaya Surabaya,Persita,2,0,2-0,Regular Season - 2
899545,Liga 1 Indonesia,2022/2023,2022-08-04,Bali United,Cilegon United,3,2,3-2,Regular Season - 3
899546,Liga 1 Indonesia,2022/2023,2022-08-05,PSM Makassar,Persija Jakarta,1,1,1-1,Regular Season - 3
899547,Liga 1 Indonesia,2022/2023,2022-08-05,Arema FC,PSS Sleman,0,0,0-0,Regular Season - 3
899548,Liga 1 Indonesia,2022/2023,2022-08-06,PSIS Semarang,Barito Putera,2,1,2-1,Regular Season - 3
899549,Liga 1 Indonesia,2022/2023,2022-08-06,Persepam Madura Utd,Persik Kediri,1,0,1-0,Regular Season - 3
899550,Liga 1 Indonesia,2022/2023,2022-08-07,Pusamania Borneo,Persib Bandung,4,1,4-1,Regular Season - 3
899551,Liga 1 Indonesia,2022/2023,2022-08-07,PS TIRA,Persis Solo,2,0,2-0,Regular Season - 3
899553,Liga 1 Indonesia,2022/2023,2022-08-07,Bhayangkara FC,Persebaya Surabaya,1,0,1-0,Regular Season - 3
899552,Liga 1 Indonesia,2022/2023,2022-08-07,Persita,Dewa United,1,0,1-0,Regular Season - 3
899556,Liga 1 Indonesia,2022/2023,2022-08-12,Persik Kediri,Pusamania Borneo,1,2,1-2,Regular Season - 4
899555,Liga 1 Indonesia,2022/2023,2022-08-13,Persib Bandung,PSIS Semarang,2,1,2-1,Regular Season - 4
899554,Liga 1 Indonesia,2022/2023,2022-08-13,PSS Sleman,Barito Putera,1,0,1-0,Regular Season - 4
899557,Liga 1 Indonesia,2022/2023,2022-08-13,Bali United,Arema FC,1,2,1-2,Regular Season - 4
899558,Liga 1 Indonesia,2022/2023,2022-08-14,Dewa United,Bhayangkara FC,2,0,2-0,Regular Season - 4
899559,Liga 1 Indonesia,2022/2023,2022-08-14,Persebaya Surabaya,Persepam Madura Utd,2,2,2-2,Regular Season - 4
899560,Liga 1 Indonesia,2022/2023,2022-08-14,Persis Solo,Persita,1,2,1-2,Regular Season - 4
899561,Liga 1 Indonesia,2022/2023,2022-08-14,PS TIRA,Persija Jakarta,1,1,1-1,Regular Season - 4
899562,Liga 1 Indonesia,2022/2023,2022-08-15,Cilegon United,PSM Makassar,1,2,1-2,Regular Season - 4
899563,Liga 1 Indonesia,2022/2023,2022-08-18,PSIS Semarang,Persik Kediri,2,1,2-1,Regular Season - 5
899564,Liga 1 Indonesia,2022/2023,2022-08-18,Barito Putera,Bali United,1,2,1-2,Regular Season - 5
899565,Liga 1 Indonesia,2022/2023,2022-08-19,Bhayangkara FC,Persis Solo,0,1,0-1,Regular Season - 5
899566,Liga 1 Indonesia,2022/2023,2022-08-19,Pusamania Borneo,Persebaya Surabaya,2,1,2-1,Regular Season - 5
899567,Liga 1 Indonesia,2022/2023,2022-08-19,Persepam Madura Utd,Dewa United,1,0,1-0,Regular Season - 5
899569,Liga 1 Indonesia,2022/2023,2022-08-19,PSS Sleman,Persib Bandung,0,1,0-1,Regular Season - 5
899568,Liga 1 Indonesia,2022/2023,2022-08-19,Persita,PS TIRA,5,3,5-3,Regular Season - 5
899570,Liga 1 Indonesia,2022/2023,2022-08-20,PSM Makassar,Arema FC,1,0,1-0,Regular Season - 5
899571,Liga 1 Indonesia,2022/2023,2022-08-20,Cilegon United,Persija Jakarta,0,3,0-3,Regular Season - 5
899576,Liga 1 Indonesia,2022/2023,2022-08-23,Persib Bandung,Bali United,2,3,2-3,Regular Season - 6
899573,Liga 1 Indonesia,2022/2023,2022-08-23,Persebaya Surabaya,PSIS Semarang,1,0,1-0,Regular Season - 6
899572,Liga 1 Indonesia,2022/2023,2022-08-23,Persik Kediri,PSS Sleman,0,2,0-2,Regular Season - 6
899574,Liga 1 Indonesia,2022/2023,2022-08-23,Pusamania Borneo,Dewa United,3,0,3-0,Regular Season - 6
899575,Liga 1 Indonesia,2022/2023,2022-08-23,PS TIRA,Bhayangkara FC,0,1,0-1,Regular Season - 6
899577,Liga 1 Indonesia,2022/2023,2022-08-23,Persis Solo,Persepam Madura Utd,1,0,1-0,Regular Season - 6
899578,Liga 1 Indonesia,2022/2023,2022-08-24,Arema FC,Cilegon United,4,2,4-2,Regular Season - 6
899580,Liga 1 Indonesia,2022/2023,2022-08-24,Persija Jakarta,Persita,1,0,1-0,Regular Season - 6
899581,Liga 1 Indonesia,2022/2023,2022-08-27,Bali United,Persik Kediri,4,0,4-0,Regular Season - 7
899582,Liga 1 Indonesia,2022/2023,2022-08-27,Persepam Madura Utd,PS TIRA,2,1,2-1,Regular Season - 7
899583,Liga 1 Indonesia,2022/2023,2022-08-27,PSS Sleman,Persebaya Surabaya,0,1,0-1,Regular Season - 7
899584,Liga 1 Indonesia,2022/2023,2022-08-28,Bhayangkara FC,Persita,2,3,2-3,Regular Season - 7
899586,Liga 1 Indonesia,2022/2023,2022-08-28,Pusamania Borneo,Persis Solo,2,1,2-1,Regular Season - 7
899587,Liga 1 Indonesia,2022/2023,2022-08-28,Arema FC,Persija Jakarta,0,1,0-1,Regular Season - 7
899589,Liga 1 Indonesia,2022/2023,2022-08-29,Dewa United,PSIS Semarang,2,1,2-1,Regular Season - 7
899588,Liga 1 Indonesia,2022/2023,2022-08-29,Cilegon United,Barito Putera,2,1,2-1,Regular Season - 7
899585,Liga 1 Indonesia,2022/2023,2022-08-29,PSM Makassar,Persib Bandung,5,1,5-1,Regular Season - 7
899592,Liga 1 Indonesia,2022/2023,2022-09-02,Persebaya Surabaya,Bali United,0,1,0-1,Regular Season - 8
899591,Liga 1 Indonesia,2022/2023,2022-09-02,Persita,Persepam Madura Utd,0,1,0-1,Regular Season - 8
899590,Liga 1 Indonesia,2022/2023,2022-09-02,Persik Kediri,PSM Makassar,0,0,0-0,Regular Season - 8
899593,Liga 1 Indonesia,2022/2023,2022-09-03,Persis Solo,PSIS Semarang,0,0,0-0,Regular Season - 8
899594,Liga 1 Indonesia,2022/2023,2022-09-03,PS TIRA,Pusamania Borneo,3,2,3-2,Regular Season - 8
899595,Liga 1 Indonesia,2022/2023,2022-09-03,Persija Jakarta,Bhayangkara FC,2,1,2-1,Regular Season - 8
899596,Liga 1 Indonesia,2022/2023,2022-09-04,Persib Bandung,Cilegon United,2,1,2-1,Regular Season - 8
899597,Liga 1 Indonesia,2022/2023,2022-09-04,Dewa United,PSS Sleman,0,0,0-0,Regular Season - 8
899598,Liga 1 Indonesia,2022/2023,2022-09-04,Barito Putera,Arema FC,1,1,1-1,Regular Season - 8
899599,Liga 1 Indonesia,2022/2023,2022-09-08,Persepam Madura Utd,Bhayangkara FC,1,0,1-0,Regular Season - 9
899600,Liga 1 Indonesia,2022/2023,2022-09-09,PSIS Semarang,PS TIRA,3,2,3-2,Regular Season - 9
899601,Liga 1 Indonesia,2022/2023,2022-09-09,Pusamania Borneo,Persita,2,2,2-2,Regular Season - 9
899602,Liga 1 Indonesia,2022/2023,2022-09-10,Bali United,Dewa United,6,0,6-0,Regular Season - 9
899603,Liga 1 Indonesia,2022/2023,2022-09-10,PSS Sleman,Persis Solo,2,1,2-1,Regular Season - 9
899606,Liga 1 Indonesia,2022/2023,2022-09-10,Cilegon United,Persik Kediri,1,1,1-1,Regular Season - 9
899604,Liga 1 Indonesia,2022/2023,2022-09-10,PSM Makassar,Persebaya Surabaya,3,0,3-0,Regular Season - 9
899607,Liga 1 Indonesia,2022/2023,2022-09-11,Arema FC,Persib Bandung,1,2,1-2,Regular Season - 9
899605,Liga 1 Indonesia,2022/2023,2022-09-11,Barito Putera,Persija Jakarta,0,1,0-1,Regular Season - 9
899608,Liga 1 Indonesia,2022/2023,2022-09-13,Bhayangkara FC,Pusamania Borneo,2,2,2-2,Regular Season - 10
899609,Liga 1 Indonesia,2022/2023,2022-09-14,Persita,PSIS Semarang,1,0,1-0,Regular Season - 10
899614,Liga 1 Indonesia,2022/2023,2022-09-15,Persebaya Surabaya,Cilegon United,1,2,1-2,Regular Season - 10
899610,Liga 1 Indonesia,2022/2023,2022-09-15,PS TIRA,PSS Sleman,2,0,2-0,Regular Season - 10
899611,Liga 1 Indonesia,2022/2023,2022-09-15,Dewa United,PSM Makassar,1,1,1-1,Regular Season - 10
899612,Liga 1 Indonesia,2022/2023,2022-09-15,Persis Solo,Bali United,2,0,2-0,Regular Season - 10
899613,Liga 1 Indonesia,2022/2023,2022-09-16,Persib Bandung,Barito Putera,5,2,5-2,Regular Season - 10
899615,Liga 1 Indonesia,2022/2023,2022-09-17,Persik Kediri,Arema FC,0,1,0-1,Regular Season - 10
899616,Liga 1 Indonesia,2022/2023,2022-09-17,Persija Jakarta,Persepam Madura Utd,0,0,0-0,Regular Season - 10
899625,Liga 1 Indonesia,2022/2023,2022-09-29,Barito Putera,Persik Kediri,2,2,2-2,Regular Season - 11
899617,Liga 1 Indonesia,2022/2023,2022-09-29,Persis Solo,PSM Makassar,1,1,1-1,Regular Season - 11
899618,Liga 1 Indonesia,2022/2023,2022-09-29,PSS Sleman,Persita,1,2,1-2,Regular Season - 11
899620,Liga 1 Indonesia,2022/2023,2022-09-30,Bali United,PS TIRA,1,2,1-2,Regular Season - 11
899621,Liga 1 Indonesia,2022/2023,2022-10-01,Pusamania Borneo,Persepam Madura Utd,3,0,3-0,Regular Season - 11
899772,Liga 1 Indonesia,2022/2023,2022-10-01,Dewa United,Cilegon United,2,2,2-2,Regular Season - 11
899622,Liga 1 Indonesia,2022/2023,2022-10-01,Arema FC,Persebaya Surabaya,2,3,2-3,Regular Season - 11
899628,Liga 1 Indonesia,2022/2023,2022-12-05,PSM Makassar,PS TIRA,2,0,2-0,Regular Season - 12
899633,Liga 1 Indonesia,2022/2023,2022-12-05,Bhayangkara FC,PSS Sleman,3,1,3-1,Regular Season - 12
899630,Liga 1 Indonesia,2022/2023,2022-12-05,Persepam Madura Utd,PSIS Semarang,0,3,0-3,Regular Season - 12
899629,Liga 1 Indonesia,2022/2023,2022-12-05,Persita,Bali United,2,3,2-3,Regular Season - 12
899632,Liga 1 Indonesia,2022/2023,2022-12-06,Persebaya Surabaya,Barito Putera,3,2,3-2,Regular Season - 12
899631,Liga 1 Indonesia,2022/2023,2022-12-06,Persija Jakarta,Pusamania Borneo,1,0,1-0,Regular Season - 12
899626,Liga 1 Indonesia,2022/2023,2022-12-06,Persis Solo,Cilegon United,6,1,6-1,Regular Season - 12
899627,Liga 1 Indonesia,2022/2023,2022-12-07,Dewa United,Arema FC,0,2,0-2,Regular Season - 12
899634,Liga 1 Indonesia,2022/2023,2022-12-07,Persik Kediri,Persib Bandung,0,3,0-3,Regular Season - 12
899635,Liga 1 Indonesia,2022/2023,2022-12-08,PSM Makassar,Persita,3,1,3-1,Regular Season - 13
899642,Liga 1 Indonesia,2022/2023,2022-12-08,PSS Sleman,Persepam Madura Utd,0,1,0-1,Regular Season - 13
899639,Liga 1 Indonesia,2022/2023,2022-12-08,Bali United,Bhayangkara FC,3,0,3-0,Regular Season - 13
899636,Liga 1 Indonesia,2022/2023,2022-12-09,Cilegon United,PS TIRA,1,1,1-1,Regular Season - 13
899637,Liga 1 Indonesia,2022/2023,2022-12-09,PSIS Semarang,Pusamania Borneo,2,4,2-4,Regular Season - 13
899643,Liga 1 Indonesia,2022/2023,2022-12-10,Persib Bandung,Persebaya Surabaya,2,1,2-1,Regular Season - 13
899641,Liga 1 Indonesia,2022/2023,2022-12-10,Persija Jakarta,Persik Kediri,1,1,1-1,Regular Season - 13
899638,Liga 1 Indonesia,2022/2023,2022-12-11,Arema FC,Persis Solo,2,1,2-1,Regular Season - 13
899640,Liga 1 Indonesia,2022/2023,2022-12-11,Barito Putera,Dewa United,0,0,0-0,Regular Season - 13
899649,Liga 1 Indonesia,2022/2023,2022-12-12,Pusamania Borneo,PSS Sleman,0,0,0-0,Regular Season - 14
899647,Liga 1 Indonesia,2022/2023,2022-12-12,Bhayangkara FC,PSM Makassar,0,0,0-0,Regular Season - 14
899648,Liga 1 Indonesia,2022/2023,2022-12-12,Persepam Madura Utd,Bali United,1,3,1-3,Regular Season - 14
899651,Liga 1 Indonesia,2022/2023,2022-12-13,Persebaya Surabaya,Persik Kediri,1,1,1-1,Regular Season - 14
899644,Liga 1 Indonesia,2022/2023,2022-12-13,Persita,Cilegon United,4,1,4-1,Regular Season - 14
899650,Liga 1 Indonesia,2022/2023,2022-12-13,PSIS Semarang,Persija Jakarta,2,0,2-0,Regular Season - 14
899645,Liga 1 Indonesia,2022/2023,2022-12-14,PS TIRA,Arema FC,0,1,0-1,Regular Season - 14
899646,Liga 1 Indonesia,2022/2023,2022-12-14,Persis Solo,Barito Putera,0,0,0-0,Regular Season - 14
899652,Liga 1 Indonesia,2022/2023,2022-12-14,Dewa United,Persib Bandung,1,1,1-1,Regular Season - 14
899657,Liga 1 Indonesia,2022/2023,2022-12-15,Bali United,Pusamania Borneo,1,3,1-3,Regular Season - 15
899655,Liga 1 Indonesia,2022/2023,2022-12-15,PSM Makassar,Persepam Madura Utd,0,1,0-1,Regular Season - 15
899661,Liga 1 Indonesia,2022/2023,2022-12-16,Persija Jakarta,Persebaya Surabaya,1,1,1-1,Regular Season - 15
899659,Liga 1 Indonesia,2022/2023,2022-12-16,PSS Sleman,PSIS Semarang,0,1,0-1,Regular Season - 15
899654,Liga 1 Indonesia,2022/2023,2022-12-16,Cilegon United,Bhayangkara FC,2,1,2-1,Regular Season - 15
899656,Liga 1 Indonesia,2022/2023,2022-12-17,Arema FC,Persita,2,0,2-0,Regular Season - 15
899660,Liga 1 Indonesia,2022/2023,2022-12-17,Persik Kediri,Dewa United,1,0,1-0,Regular Season - 15
899653,Liga 1 Indonesia,2022/2023,2022-12-17,Barito Putera,PS TIRA,1,1,1-1,Regular Season - 15
899658,Liga 1 Indonesia,2022/2023,2022-12-18,Persis Solo,Persib Bandung,1,2,1-2,Regular Season - 15
899664,Liga 1 Indonesia,2022/2023,2022-12-19,Cilegon United,Pusamania Borneo,0,0,0-0,Regular Season - 16
899666,Liga 1 Indonesia,2022/2023,2022-12-19,PSM Makassar,PSIS Semarang,2,0,2-0,Regular Season - 16
899669,Liga 1 Indonesia,2022/2023,2022-12-19,Bali United,PSS Sleman,1,2,1-2,Regular Season - 16
899663,Liga 1 Indonesia,2022/2023,2022-12-20,Arema FC,Persepam Madura Utd,0,2,0-2,Regular Season - 16
899662,Liga 1 Indonesia,2022/2023,2022-12-20,Barito Putera,Bhayangkara FC,2,0,2-0,Regular Season - 16
899670,Liga 1 Indonesia,2022/2023,2022-12-20,Persija Jakarta,Dewa United,3,2,3-2,Regular Season - 16
899668,Liga 1 Indonesia,2022/2023,2022-12-21,Persebaya Surabaya,Persis Solo,0,0,0-0,Regular Season - 16
899665,Liga 1 Indonesia,2022/2023,2022-12-21,Persib Bandung,Persita,1,0,1-0,Regular Season - 16
899667,Liga 1 Indonesia,2022/2023,2022-12-21,PS TIRA,Persik Kediri,0,0,0-0,Regular Season - 16
899678,Liga 1 Indonesia,2022/2023,2022-12-22,PSIS Semarang,Bali United,0,3,0-3,Regular Season - 17
899671,Liga 1 Indonesia,2022/2023,2022-12-23,Persepam Madura Utd,Cilegon United,0,0,0-0,Regular Season - 17
899672,Liga 1 Indonesia,2022/2023,2022-12-23,Bhayangkara FC,Arema FC,1,0,1-0,Regular Season - 17
899673,Liga 1 Indonesia,2022/2023,2022-12-23,Pusamania Borneo,PSM Makassar,1,1,1-1,Regular Season - 17
899674,Liga 1 Indonesia,2022/2023,2022-12-24,Persita,Barito Putera,0,3,0-3,Regular Season - 17
899675,Liga 1 Indonesia,2022/2023,2022-12-24,Dewa United,Persebaya Surabaya,1,2,1-2,Regular Season - 17
899677,Liga 1 Indonesia,2022/2023,2022-12-24,PS TIRA,Persib Bandung,1,1,1-1,Regular Season - 17
899676,Liga 1 Indonesia,2022/2023,2022-12-24,Persik Kediri,Persis Solo,1,3,1-3,Regular Season - 17
899679,Liga 1 Indonesia,2022/2023,2023-01-08,PSS Sleman,Persija Jakarta,0,2,0-2,Regular Season - 17
899623,Liga 1 Indonesia,2022/2023,2023-01-09,PSIS Semarang,Bhayangkara FC,0,1,0-1,Regular Season - 11
899579,Liga 1 Indonesia,2022/2023,2023-01-10,Barito Putera,PSM Makassar,1,1,1-1,Regular Season - 6
899624,Liga 1 Indonesia,2022/2023,2023-01-11,Persib Bandung,Persija Jakarta,1,0,1-0,Regular Season - 11
899686,Liga 1 Indonesia,2022/2023,2023-01-14,PSM Makassar,PSS Sleman,4,0,4-0,Regular Season - 18
899680,Liga 1 Indonesia,2022/2023,2023-01-14,Barito Putera,Persepam Madura Utd,1,2,1-2,Regular Season - 18
899687,Liga 1 Indonesia,2022/2023,2023-01-14,Dewa United,Persis Solo,1,1,1-1,Regular Season - 18
899688,Liga 1 Indonesia,2022/2023,2023-01-15,Persija Jakarta,Bali United,3,2,3-2,Regular Season - 18
899685,Liga 1 Indonesia,2022/2023,2023-01-16,Cilegon United,PSIS Semarang,0,1,0-1,Regular Season - 18
899689,Liga 1 Indonesia,2022/2023,2023-01-18,Persita,Persebaya Surabaya,0,5,0-5,Regular Season - 19
899697,Liga 1 Indonesia,2022/2023,2023-01-18,PS TIRA,Dewa United,0,2,0-2,Regular Season - 19
899695,Liga 1 Indonesia,2022/2023,2023-01-19,Bhayangkara FC,Persik Kediri,2,3,2-3,Regular Season - 19
899696,Liga 1 Indonesia,2022/2023,2023-01-19,Persis Solo,Persija Jakarta,1,0,1-0,Regular Season - 19
899693,Liga 1 Indonesia,2022/2023,2023-01-20,Bali United,PSM Makassar,2,2,2-2,Regular Season - 19
899690,Liga 1 Indonesia,2022/2023,2023-01-20,Persepam Madura Utd,Persib Bandung,0,1,0-1,Regular Season - 19
899691,Liga 1 Indonesia,2022/2023,2023-01-21,PSIS Semarang,Arema FC,1,0,1-0,Regular Season - 19
899694,Liga 1 Indonesia,2022/2023,2023-01-21,PSS Sleman,Cilegon United,2,0,2-0,Regular Season - 19
899692,Liga 1 Indonesia,2022/2023,2023-01-21,Pusamania Borneo,Barito Putera,0,0,0-0,Regular Season - 19
899702,Liga 1 Indonesia,2022/2023,2023-01-22,Dewa United,Persita,3,2,3-2,Regular Season - 20
899699,Liga 1 Indonesia,2022/2023,2023-01-23,Persebaya Surabaya,Bhayangkara FC,2,1,2-1,Regular Season - 20
899704,Liga 1 Indonesia,2022/2023,2023-01-23,Persis Solo,PS TIRA,1,1,1-1,Regular Season - 20
899700,Liga 1 Indonesia,2022/2023,2023-01-24,Persik Kediri,Persepam Madura Utd,2,0,2-0,Regular Season - 20
899705,Liga 1 Indonesia,2022/2023,2023-01-25,Persija Jakarta,PSM Makassar,4,2,4-2,Regular Season - 20
899703,Liga 1 Indonesia,2022/2023,2023-01-25,Cilegon United,Bali United,4,4,4-4,Regular Season - 20
899706,Liga 1 Indonesia,2022/2023,2023-01-26,PSS Sleman,Arema FC,2,0,2-0,Regular Season - 20
899698,Liga 1 Indonesia,2022/2023,2023-01-26,Persib Bandung,Pusamania Borneo,1,0,1-0,Regular Season - 20
899714,Liga 1 Indonesia,2022/2023,2023-01-28,Persita,Persis Solo,0,0,0-0,Regular Season - 21
899709,Liga 1 Indonesia,2022/2023,2023-01-28,Bhayangkara FC,Dewa United,1,1,1-1,Regular Season - 21
899715,Liga 1 Indonesia,2022/2023,2023-01-29,Persija Jakarta,PS TIRA,1,0,1-0,Regular Season - 21
899708,Liga 1 Indonesia,2022/2023,2023-01-29,Persepam Madura Utd,Persebaya Surabaya,0,2,0-2,Regular Season - 21
899712,Liga 1 Indonesia,2022/2023,2023-01-30,PSM Makassar,Cilegon United,3,1,3-1,Regular Season - 21
899707,Liga 1 Indonesia,2022/2023,2023-01-30,Pusamania Borneo,Persik Kediri,2,0,2-0,Regular Season - 21
899711,Liga 1 Indonesia,2022/2023,2023-01-31,Barito Putera,PSS Sleman,1,2,1-2,Regular Season - 21
899710,Liga 1 Indonesia,2022/2023,2023-01-31,PSIS Semarang,Persib Bandung,1,3,1-3,Regular Season - 21
899724,Liga 1 Indonesia,2022/2023,2023-02-02,PS TIRA,Persita,1,1,1-1,Regular Season - 22
899717,Liga 1 Indonesia,2022/2023,2023-02-02,Dewa United,Persepam Madura Utd,1,1,1-1,Regular Season - 22
899722,Liga 1 Indonesia,2022/2023,2023-02-02,Persis Solo,Bhayangkara FC,1,3,1-3,Regular Season - 22
899723,Liga 1 Indonesia,2022/2023,2023-02-03,Persija Jakarta,Cilegon United,3,1,3-1,Regular Season - 22
899716,Liga 1 Indonesia,2022/2023,2023-02-03,Persebaya Surabaya,Pusamania Borneo,3,2,3-2,Regular Season - 22
899721,Liga 1 Indonesia,2022/2023,2023-02-04,Arema FC,PSM Makassar,0,1,0-1,Regular Season - 22
899718,Liga 1 Indonesia,2022/2023,2023-02-04,Persik Kediri,PSIS Semarang,1,2,1-2,Regular Season - 22
899719,Liga 1 Indonesia,2022/2023,2023-02-05,Persib Bandung,PSS Sleman,2,0,2-0,Regular Season - 22
899720,Liga 1 Indonesia,2022/2023,2023-02-05,Bali United,Barito Putera,1,2,1-2,Regular Season - 22
899729,Liga 1 Indonesia,2022/2023,2023-02-06,Persepam Madura Utd,Persis Solo,2,3,2-3,Regular Season - 23
899732,Liga 1 Indonesia,2022/2023,2023-02-07,Bhayangkara FC,PS TIRA,3,2,3-2,Regular Season - 23
899731,Liga 1 Indonesia,2022/2023,2023-02-08,Cilegon United,Arema FC,1,2,1-2,Regular Season - 23
899725,Liga 1 Indonesia,2022/2023,2023-02-08,Dewa United,Pusamania Borneo,1,0,1-0,Regular Season - 23
899730,Liga 1 Indonesia,2022/2023,2023-02-09,PSM Makassar,Barito Putera,4,1,4-1,Regular Season - 23
899727,Liga 1 Indonesia,2022/2023,2023-02-09,PSS Sleman,Persik Kediri,2,1,2-1,Regular Season - 23
899728,Liga 1 Indonesia,2022/2023,2023-02-10,Bali United,Persib Bandung,1,1,1-1,Regular Season - 23
899741,Liga 1 Indonesia,2022/2023,2023-02-11,Persita,Bhayangkara FC,1,0,1-0,Regular Season - 24
899740,Liga 1 Indonesia,2022/2023,2023-02-11,PS TIRA,Persepam Madura Utd,0,2,0-2,Regular Season - 24
899742,Liga 1 Indonesia,2022/2023,2023-02-12,Persija Jakarta,Arema FC,2,0,2-0,Regular Season - 24
899738,Liga 1 Indonesia,2022/2023,2023-02-12,Persis Solo,Pusamania Borneo,1,1,1-1,Regular Season - 24
899736,Liga 1 Indonesia,2022/2023,2023-02-13,Persebaya Surabaya,PSS Sleman,4,2,4-2,Regular Season - 24
899734,Liga 1 Indonesia,2022/2023,2023-02-13,PSIS Semarang,Dewa United,3,2,3-2,Regular Season - 24
899739,Liga 1 Indonesia,2022/2023,2023-02-14,Persib Bandung,PSM Makassar,1,2,1-2,Regular Season - 24
899737,Liga 1 Indonesia,2022/2023,2023-02-14,Barito Putera,Cilegon United,4,1,4-1,Regular Season - 24
899735,Liga 1 Indonesia,2022/2023,2023-02-14,Persik Kediri,Bali United,1,1,1-1,Regular Season - 24
899751,Liga 1 Indonesia,2022/2023,2023-02-15,Persepam Madura Utd,Persita,1,1,1-1,Regular Season - 25
899750,Liga 1 Indonesia,2022/2023,2023-02-16,Bhayangkara FC,Persija Jakarta,2,1,2-1,Regular Season - 25
899749,Liga 1 Indonesia,2022/2023,2023-02-16,Pusamania Borneo,PS TIRA,3,1,3-1,Regular Season - 25
899744,Liga 1 Indonesia,2022/2023,2023-02-17,PSIS Semarang,Persis Solo,1,1,1-1,Regular Season - 25
899743,Liga 1 Indonesia,2022/2023,2023-02-17,PSS Sleman,Dewa United,1,3,1-3,Regular Season - 25
899748,Liga 1 Indonesia,2022/2023,2023-02-18,Arema FC,Barito Putera,1,0,1-0,Regular Season - 25
899745,Liga 1 Indonesia,2022/2023,2023-02-18,Bali United,Persebaya Surabaya,4,0,4-0,Regular Season - 25
899746,Liga 1 Indonesia,2022/2023,2023-02-19,PSM Makassar,Persik Kediri,2,1,2-1,Regular Season - 25
899747,Liga 1 Indonesia,2022/2023,2023-02-19,Cilegon United,Persib Bandung,1,3,1-3,Regular Season - 25
899759,Liga 1 Indonesia,2022/2023,2023-02-20,Persita,Pusamania Borneo,1,1,1-1,Regular Season - 26
899758,Liga 1 Indonesia,2022/2023,2023-02-20,Bhayangkara FC,Persepam Madura Utd,4,0,4-0,Regular Season - 26
899753,Liga 1 Indonesia,2022/2023,2023-02-21,Persis Solo,PSS Sleman,4,1,4-1,Regular Season - 26
899755,Liga 1 Indonesia,2022/2023,2023-02-21,PS TIRA,PSIS Semarang,0,0,0-0,Regular Season - 26
899760,Liga 1 Indonesia,2022/2023,2023-02-22,Persija Jakarta,Barito Putera,2,1,2-1,Regular Season - 26
899752,Liga 1 Indonesia,2022/2023,2023-02-22,Dewa United,Bali United,1,2,1-2,Regular Season - 26
899757,Liga 1 Indonesia,2022/2023,2023-02-23,Persib Bandung,Arema FC,1,0,1-0,Regular Season - 26
899756,Liga 1 Indonesia,2022/2023,2023-02-23,Persik Kediri,Cilegon United,5,1,5-1,Regular Season - 26
899754,Liga 1 Indonesia,2022/2023,2023-02-24,Persebaya Surabaya,PSM Makassar,0,1,0-1,Regular Season - 26
899769,Liga 1 Indonesia,2022/2023,2023-02-25,PSIS Semarang,Persita,1,1,1-1,Regular Season - 27
899768,Liga 1 Indonesia,2022/2023,2023-02-25,Pusamania Borneo,Bhayangkara FC,1,3,1-3,Regular Season - 27
899766,Liga 1 Indonesia,2022/2023,2023-02-26,Persepam Madura Utd,Persija Jakarta,0,0,0-0,Regular Season - 27
899764,Liga 1 Indonesia,2022/2023,2023-02-26,PSS Sleman,PS TIRA,1,2,1-2,Regular Season - 27
899767,Liga 1 Indonesia,2022/2023,2023-02-27,Barito Putera,Persib Bandung,2,1,2-1,Regular Season - 27
899762,Liga 1 Indonesia,2022/2023,2023-02-27,Bali United,Persis Solo,3,1,3-1,Regular Season - 27
899765,Liga 1 Indonesia,2022/2023,2023-02-28,Cilegon United,Persebaya Surabaya,2,2,2-2,Regular Season - 27
899763,Liga 1 Indonesia,2022/2023,2023-02-28,Arema FC,Persik Kediri,2,3,2-3,Regular Season - 27
899761,Liga 1 Indonesia,2022/2023,2023-03-01,PSM Makassar,Dewa United,2,0,2-0,Regular Season - 27
899778,Liga 1 Indonesia,2022/2023,2023-03-01,Bhayangkara FC,PSIS Semarang,3,2,3-2,Regular Season - 28
899776,Liga 1 Indonesia,2022/2023,2023-03-02,Persita,PSS Sleman,2,1,2-1,Regular Season - 28
899777,Liga 1 Indonesia,2022/2023,2023-03-03,Persepam Madura Utd,Pusamania Borneo,0,1,0-1,Regular Season - 28
899771,Liga 1 Indonesia,2022/2023,2023-03-03,PS TIRA,Bali United,2,1,2-1,Regular Season - 28
899774,Liga 1 Indonesia,2022/2023,2023-03-04,Persik Kediri,Barito Putera,2,0,2-0,Regular Season - 28
899770,Liga 1 Indonesia,2022/2023,2023-03-05,PSM Makassar,Persis Solo,3,2,3-2,Regular Season - 28
899619,Liga 1 Indonesia,2022/2023,2023-03-05,Cilegon United,Dewa United,0,1,0-1,Regular Season - 28
899786,Liga 1 Indonesia,2022/2023,2023-03-06,PSS Sleman,Bhayangkara FC,0,1,0-1,Regular Season - 29
899787,Liga 1 Indonesia,2022/2023,2023-03-07,PSIS Semarang,Persepam Madura Utd,0,2,0-2,Regular Season - 29
899784,Liga 1 Indonesia,2022/2023,2023-03-07,Bali United,Persita,1,1,1-1,Regular Season - 29
899783,Liga 1 Indonesia,2022/2023,2023-03-08,Persib Bandung,Persik Kediri,0,2,0-2,Regular Season - 29
899785,Liga 1 Indonesia,2022/2023,2023-03-08,Pusamania Borneo,Persija Jakarta,3,1,3-1,Regular Season - 29
899782,Liga 1 Indonesia,2022/2023,2023-03-09,Barito Putera,Persebaya Surabaya,2,1,2-1,Regular Season - 29
899780,Liga 1 Indonesia,2022/2023,2023-03-09,PS TIRA,PSM Makassar,0,1,0-1,Regular Season - 29
899781,Liga 1 Indonesia,2022/2023,2023-03-10,Arema FC,Dewa United,0,0,0-0,Regular Season - 29
899779,Liga 1 Indonesia,2022/2023,2023-03-10,Cilegon United,Persis Solo,2,3,2-3,Regular Season - 29
899794,Liga 1 Indonesia,2022/2023,2023-03-11,Persepam Madura Utd,PSS Sleman,2,1,2-1,Regular Season - 30
899796,Liga 1 Indonesia,2022/2023,2023-03-11,Bhayangkara FC,Bali United,3,1,3-1,Regular Season - 30
899793,Liga 1 Indonesia,2022/2023,2023-03-12,Persik Kediri,Persija Jakarta,2,0,2-0,Regular Season - 30
899795,Liga 1 Indonesia,2022/2023,2023-03-12,Pusamania Borneo,PSIS Semarang,6,1,6-1,Regular Season - 30
899791,Liga 1 Indonesia,2022/2023,2023-03-13,Persebaya Surabaya,Persib Bandung,2,2,2-2,Regular Season - 30
899792,Liga 1 Indonesia,2022/2023,2023-03-13,Persita,PSM Makassar,0,0,0-0,Regular Season - 30
899790,Liga 1 Indonesia,2022/2023,2023-03-14,Dewa United,Barito Putera,1,2,1-2,Regular Season - 30
899788,Liga 1 Indonesia,2022/2023,2023-03-14,PS TIRA,Cilegon United,1,0,1-0,Regular Season - 30
899789,Liga 1 Indonesia,2022/2023,2023-03-15,Persis Solo,Arema FC,1,1,1-1,Regular Season - 30
899803,Liga 1 Indonesia,2022/2023,2023-03-16,Persija Jakarta,PSIS Semarang,1,0,1-0,Regular Season - 31
899805,Liga 1 Indonesia,2022/2023,2023-03-16,Bali United,Persepam Madura Utd,1,1,1-1,Regular Season - 31
899802,Liga 1 Indonesia,2022/2023,2023-03-17,PSM Makassar,Bhayangkara FC,3,1,3-1,Regular Season - 31
899804,Liga 1 Indonesia,2022/2023,2023-03-18,PSS Sleman,Pusamania Borneo,2,1,2-1,Regular Season - 31
899801,Liga 1 Indonesia,2022/2023,2023-03-18,Persik Kediri,Persebaya Surabaya,1,0,1-0,Regular Season - 31
899797,Liga 1 Indonesia,2022/2023,2023-03-19,Arema FC,PS TIRA,3,1,3-1,Regular Season - 31
899800,Liga 1 Indonesia,2022/2023,2023-03-19,Cilegon United,Persita,1,2,1-2,Regular Season - 31
899799,Liga 1 Indonesia,2022/2023,2023-03-20,Persib Bandung,Dewa United,2,1,2-1,Regular Season - 31
899798,Liga 1 Indonesia,2022/2023,2023-03-21,Barito Putera,Persis Solo,2,3,2-3,Regular Season - 31
899681,Liga 1 Indonesia,2022/2023,2023-03-24,Arema FC,Pusamania Borneo,0,0,0-0,Regular Season - 18
899683,Liga 1 Indonesia,2022/2023,2023-03-24,Persib Bandung,Bhayangkara FC,2,1,2-1,Regular Season - 18
899682,Liga 1 Indonesia,2022/2023,2023-03-24,Persik Kediri,Persita,3,1,3-1,Regular Season - 18
899684,Liga 1 Indonesia,2022/2023,2023-03-25,Persebaya Surabaya,PS TIRA,3,2,3-2,Regular Season - 18
899701,Liga 1 Indonesia,2022/2023,2023-03-26,Barito Putera,PSIS Semarang,3,0,3-0,Regular Season - 20
899713,Liga 1 Indonesia,2022/2023,2023-03-27,Arema FC,Bali United,1,3,1-3,Regular Season - 21
899733,Liga 1 Indonesia,2022/2023,2023-03-28,Persita,Persija Jakarta,1,0,1-0,Regular Season - 23
899726,Liga 1 Indonesia,2022/2023,2023-03-29,PSIS Semarang,Persebaya Surabaya,1,2,1-2,Regular Season - 23
899810,Liga 1 Indonesia,2022/2023,2023-03-30,Bhayangkara FC,Cilegon United,5,1,5-1,Regular Season - 32
899813,Liga 1 Indonesia,2022/2023,2023-03-30,Dewa United,Persik Kediri,1,3,1-3,Regular Season - 32
899775,Liga 1 Indonesia,2022/2023,2023-03-31,Persija Jakarta,Persib Bandung,2,0,2-0,Regular Season - 28
899807,Liga 1 Indonesia,2022/2023,2023-03-31,Persepam Madura Utd,PSM Makassar,1,3,1-3,Regular Season - 32
899809,Liga 1 Indonesia,2022/2023,2023-03-31,PS TIRA,Barito Putera,3,1,3-1,Regular Season - 32
899808,Liga 1 Indonesia,2022/2023,2023-04-01,Persita,Arema FC,0,1,0-1,Regular Season - 32
899806,Liga 1 Indonesia,2022/2023,2023-04-02,PSIS Semarang,PSS Sleman,5,2,5-2,Regular Season - 32
899812,Liga 1 Indonesia,2022/2023,2023-04-03,Pusamania Borneo,Bali United,5,1,5-1,Regular Season - 32
899811,Liga 1 Indonesia,2022/2023,2023-04-04,Persib Bandung,Persis Solo,3,1,3-1,Regular Season - 32
899820,Liga 1 Indonesia,2022/2023,2023-04-05,Bhayangkara FC,Barito Putera,1,1,1-1,Regular Season - 33
899814,Liga 1 Indonesia,2022/2023,2023-04-05,Persebaya Surabaya,Persija Jakarta,0,1,0-1,Regular Season - 32
899815,Liga 1 Indonesia,2022/2023,2023-04-06,PSIS Semarang,PSM Makassar,4,0,4-0,Regular Season - 33
899816,Liga 1 Indonesia,2022/2023,2023-04-07,Persepam Madura Utd,Arema FC,1,1,1-1,Regular Season - 33
899819,Liga 1 Indonesia,2022/2023,2023-04-07,PSS Sleman,Bali United,2,0,2-0,Regular Season - 33
899818,Liga 1 Indonesia,2022/2023,2023-04-07,Persik Kediri,PS TIRA,2,0,2-0,Regular Season - 33
899822,Liga 1 Indonesia,2022/2023,2023-04-08,Persis Solo,Persebaya Surabaya,3,3,3-3,Regular Season - 33
899821,Liga 1 Indonesia,2022/2023,2023-04-09,Pusamania Borneo,Cilegon United,4,2,4-2,Regular Season - 33
899817,Liga 1 Indonesia,2022/2023,2023-04-09,Persita,Persib Bandung,4,0,4-0,Regular Season - 33
899823,Liga 1 Indonesia,2022/2023,2023-04-10,Dewa United,Persija Jakarta,0,1,0-1,Regular Season - 33
899773,Liga 1 Indonesia,2022/2023,2023-04-11,Persebaya Surabaya,Arema FC,1,0,1-0,Regular Season - 28
899830,Liga 1 Indonesia,2022/2023,2023-04-12,Bali United,PSIS Semarang,3,2,3-2,Regular Season - 34
899826,Liga 1 Indonesia,2022/2023,2023-04-13,Cilegon United,Persepam Madura Utd,0,0,0-0,Regular Season - 34
899829,Liga 1 Indonesia,2022/2023,2023-04-13,Persis Solo,Persik Kediri,1,0,1-0,Regular Season - 34
899824,Liga 1 Indonesia,2022/2023,2023-04-14,Arema FC,Bhayangkara FC,0,3,0-3,Regular Season - 34
899827,Liga 1 Indonesia,2022/2023,2023-04-14,Barito Putera,Persita,1,0,1-0,Regular Season - 34
899832,Liga 1 Indonesia,2022/2023,2023-04-15,Persija Jakarta,PSS Sleman,5,0,5-0,Regular Season - 34
899831,Liga 1 Indonesia,2022/2023,2023-04-15,Persib Bandung,PS TIRA,1,4,1-4,Regular Season - 34
899828,Liga 1 Indonesia,2022/2023,2023-04-15,Persebaya Surabaya,Dewa United,3,0,3-0,Regular Season - 34
899825,Liga 1 Indonesia,2022/2023,2023-04-16,PSM Makassar,Pusamania Borneo,3,0,3-0,Regular Season - 34
1029951,Liga 1 Indonesia,2023/2024,2023-07-01,Bali United,PSS Sleman,0,1,0-1,Regular Season - 1
1029954,Liga 1 Indonesia,2023/2024,2023-07-01,Persis Solo,Persebaya Surabaya,2,3,2-3,Regular Season - 1
1029953,Liga 1 Indonesia,2023/2024,2023-07-02,Persib Bandung,Persepam Madura Utd,1,1,1-1,Regular Season - 1
1029952,Liga 1 Indonesia,2023/2024,2023-07-02,Dewa United,Arema FC,1,0,1-0,Regular Season - 1
1029955,Liga 1 Indonesia,2023/2024,2023-07-02,Barito Putera,Persita,2,0,2-0,Regular Season - 1
1029956,Liga 1 Indonesia,2023/2024,2023-07-03,Cilegon United,PS TIRA,2,1,2-1,Regular Season - 1
1029957,Liga 1 Indonesia,2023/2024,2023-07-03,Persik Kediri,Pusamania Borneo,1,1,1-1,Regular Season - 1
1029950,Liga 1 Indonesia,2023/2024,2023-07-03,Persija Jakarta,PSM Makassar,1,1,1-1,Regular Season - 1
1029958,Liga 1 Indonesia,2023/2024,2023-07-03,PSIS Semarang,Bhayangkara FC,3,1,3-1,Regular Season - 1
1029960,Liga 1 Indonesia,2023/2024,2023-07-07,PSS Sleman,Persis Solo,2,2,2-2,Regular Season - 2
1029959,Liga 1 Indonesia,2023/2024,2023-07-07,Arema FC,Persib Bandung,3,3,3-3,Regular Season - 2
1029964,Liga 1 Indonesia,2023/2024,2023-07-08,PSM Makassar,Dewa United,1,2,1-2,Regular Season - 2
1029963,Liga 1 Indonesia,2023/2024,2023-07-08,Persebaya Surabaya,Barito Putera,1,1,1-1,Regular Season - 2
1029961,Liga 1 Indonesia,2023/2024,2023-07-08,Pusamania Borneo,Bali United,3,1,3-1,Regular Season - 2
1029962,Liga 1 Indonesia,2023/2024,2023-07-08,Persita,PSIS Semarang,2,0,2-0,Regular Season - 2
1029965,Liga 1 Indonesia,2023/2024,2023-07-09,Persepam Madura Utd,Persik Kediri,3,2,3-2,Regular Season - 2
1029967,Liga 1 Indonesia,2023/2024,2023-07-09,Bhayangkara FC,Cilegon United,1,2,1-2,Regular Season - 2
1029966,Liga 1 Indonesia,2023/2024,2023-07-09,PS TIRA,Persija Jakarta,0,0,0-0,Regular Season - 2
1029969,Liga 1 Indonesia,2023/2024,2023-07-14,PS TIRA,PSM Makassar,0,1,0-1,Regular Season - 3
1029968,Liga 1 Indonesia,2023/2024,2023-07-14,Barito Putera,PSS Sleman,3,1,3-1,Regular Season - 3
1029970,Liga 1 Indonesia,2023/2024,2023-07-14,Persib Bandung,Dewa United,2,2,2-2,Regular Season - 3
1029974,Liga 1 Indonesia,2023/2024,2023-07-15,Cilegon United,Persita,0,1,0-1,Regular Season - 3
1029972,Liga 1 Indonesia,2023/2024,2023-07-15,Persik Kediri,Arema FC,5,2,5-2,Regular Season - 3
1029973,Liga 1 Indonesia,2023/2024,2023-07-15,Bali United,Persepam Madura Utd,2,1,2-1,Regular Season - 3
1029971,Liga 1 Indonesia,2023/2024,2023-07-15,Persis Solo,Pusamania Borneo,2,1,2-1,Regular Season - 3
1029975,Liga 1 Indonesia,2023/2024,2023-07-16,PSIS Semarang,Persebaya Surabaya,2,0,2-0,Regular Season - 3
1029976,Liga 1 Indonesia,2023/2024,2023-07-16,Persija Jakarta,Bhayangkara FC,4,1,4-1,Regular Season - 3
1029977,Liga 1 Indonesia,2023/2024,2023-07-21,Pusamania Borneo,Barito Putera,2,1,2-1,Regular Season - 4
1029982,Liga 1 Indonesia,2023/2024,2023-07-21,PSS Sleman,PSIS Semarang,2,2,2-2,Regular Season - 4
1029979,Liga 1 Indonesia,2023/2024,2023-07-21,Arema FC,Bali United,1,3,1-3,Regular Season - 4
1029978,Liga 1 Indonesia,2023/2024,2023-07-21,Dewa United,Persik Kediri,3,0,3-0,Regular Season - 4
1029981,Liga 1 Indonesia,2023/2024,2023-07-22,Persita,Persija Jakarta,1,0,1-0,Regular Season - 4
1029983,Liga 1 Indonesia,2023/2024,2023-07-22,PSM Makassar,Persib Bandung,4,2,4-2,Regular Season - 4
1029980,Liga 1 Indonesia,2023/2024,2023-07-22,Bhayangkara FC,PS TIRA,1,3,1-3,Regular Season - 4
1029985,Liga 1 Indonesia,2023/2024,2023-07-23,Persebaya Surabaya,Cilegon United,2,2,2-2,Regular Season - 4
1029984,Liga 1 Indonesia,2023/2024,2023-07-23,Persepam Madura Utd,Persis Solo,4,3,4-3,Regular Season - 4
1029987,Liga 1 Indonesia,2023/2024,2023-07-28,PS TIRA,Persita,2,2,2-2,Regular Season - 5
1029986,Liga 1 Indonesia,2023/2024,2023-07-28,PSIS Semarang,Pusamania Borneo,0,0,0-0,Regular Season - 5
1029988,Liga 1 Indonesia,2023/2024,2023-07-28,Persik Kediri,Persib Bandung,1,2,1-2,Regular Season - 5
1029989,Liga 1 Indonesia,2023/2024,2023-07-29,Bali United,Dewa United,3,1,3-1,Regular Season - 5
1029990,Liga 1 Indonesia,2023/2024,2023-07-29,Bhayangkara FC,PSM Makassar,0,0,0-0,Regular Season - 5
1029991,Liga 1 Indonesia,2023/2024,2023-07-30,Cilegon United,PSS Sleman,0,0,0-0,Regular Season - 5
1029993,Liga 1 Indonesia,2023/2024,2023-07-30,Persis Solo,Arema FC,1,1,1-1,Regular Season - 5
1029992,Liga 1 Indonesia,2023/2024,2023-07-30,Persija Jakarta,Persebaya Surabaya,1,0,1-0,Regular Season - 5
1029994,Liga 1 Indonesia,2023/2024,2023-07-30,Barito Putera,Persepam Madura Utd,1,2,1-2,Regular Season - 5
1029995,Liga 1 Indonesia,2023/2024,2023-08-03,PSM Makassar,Persik Kediri,1,2,1-2,Regular Season - 6
1029997,Liga 1 Indonesia,2023/2024,2023-08-03,Persib Bandung,Bali United,0,0,0-0,Regular Season - 6
1029996,Liga 1 Indonesia,2023/2024,2023-08-03,Persita,Bhayangkara FC,0,1,0-1,Regular Season - 6
1029998,Liga 1 Indonesia,2023/2024,2023-08-04,Persebaya Surabaya,PS TIRA,1,2,1-2,Regular Season - 6
1030000,Liga 1 Indonesia,2023/2024,2023-08-04,Dewa United,Persis Solo,0,0,0-0,Regular Season - 6
1030001,Liga 1 Indonesia,2023/2024,2023-08-04,Pusamania Borneo,Cilegon United,1,1,1-1,Regular Season - 6
1029999,Liga 1 Indonesia,2023/2024,2023-08-04,PSS Sleman,Persija Jakarta,1,3,1-3,Regular Season - 6
1030002,Liga 1 Indonesia,2023/2024,2023-08-05,Arema FC,Barito Putera,0,4,0-4,Regular Season - 6
1030003,Liga 1 Indonesia,2023/2024,2023-08-05,Persepam Madura Utd,PSIS Semarang,1,0,1-0,Regular Season - 6
1030004,Liga 1 Indonesia,2023/2024,2023-08-07,Persita,PSM Makassar,0,1,0-1,Regular Season - 7
1030005,Liga 1 Indonesia,2023/2024,2023-08-07,Bali United,Persik Kediri,1,1,1-1,Regular Season - 7
1030006,Liga 1 Indonesia,2023/2024,2023-08-08,Bhayangkara FC,Persebaya Surabaya,1,2,1-2,Regular Season - 7
1030007,Liga 1 Indonesia,2023/2024,2023-08-08,PS TIRA,PSS Sleman,2,3,2-3,Regular Season - 7
1030008,Liga 1 Indonesia,2023/2024,2023-08-08,Persis Solo,Persib Bandung,2,1,2-1,Regular Season - 7
1030010,Liga 1 Indonesia,2023/2024,2023-08-09,PSIS Semarang,Arema FC,2,0,2-0,Regular Season - 7
1030009,Liga 1 Indonesia,2023/2024,2023-08-09,Barito Putera,Dewa United,2,1,2-1,Regular Season - 7
1030011,Liga 1 Indonesia,2023/2024,2023-08-09,Persija Jakarta,Pusamania Borneo,1,1,1-1,Regular Season - 7
1030012,Liga 1 Indonesia,2023/2024,2023-08-09,Cilegon United,Persepam Madura Utd,3,1,3-1,Regular Season - 7
1030174,Liga 1 Indonesia,2023/2024,2023-08-11,Bali United,PSM Makassar,3,2,3-2,Regular Season - 8
1030015,Liga 1 Indonesia,2023/2024,2023-08-12,Persebaya Surabaya,Persita,1,0,1-0,Regular Season - 8
1030014,Liga 1 Indonesia,2023/2024,2023-08-12,Persik Kediri,Persis Solo,2,0,2-0,Regular Season - 8
1030017,Liga 1 Indonesia,2023/2024,2023-08-13,Persib Bandung,Barito Putera,1,1,1-1,Regular Season - 8
1030019,Liga 1 Indonesia,2023/2024,2023-08-13,PSS Sleman,Bhayangkara FC,3,1,3-1,Regular Season - 8
1030016,Liga 1 Indonesia,2023/2024,2023-08-13,Pusamania Borneo,PS TIRA,3,2,3-2,Regular Season - 8
1030018,Liga 1 Indonesia,2023/2024,2023-08-13,Persepam Madura Utd,Persija Jakarta,2,0,2-0,Regular Season - 8
1030020,Liga 1 Indonesia,2023/2024,2023-08-14,Dewa United,PSIS Semarang,1,4,1-4,Regular Season - 8
1030021,Liga 1 Indonesia,2023/2024,2023-08-14,Arema FC,Cilegon United,0,1,0-1,Regular Season - 8
1030030,Liga 1 Indonesia,2023/2024,2023-08-18,Persebaya Surabaya,PSM Makassar,1,0,1-0,Regular Season - 9
1030024,Liga 1 Indonesia,2023/2024,2023-08-18,Bhayangkara FC,Pusamania Borneo,0,2,0-2,Regular Season - 9
1030023,Liga 1 Indonesia,2023/2024,2023-08-18,Persita,PSS Sleman,2,3,2-3,Regular Season - 9
1030022,Liga 1 Indonesia,2023/2024,2023-08-19,PS TIRA,Persepam Madura Utd,0,3,0-3,Regular Season - 9
1030025,Liga 1 Indonesia,2023/2024,2023-08-19,Cilegon United,Dewa United,0,0,0-0,Regular Season - 9
1030028,Liga 1 Indonesia,2023/2024,2023-08-19,Barito Putera,Persik Kediri,2,0,2-0,Regular Season - 9
1030029,Liga 1 Indonesia,2023/2024,2023-08-19,Persis Solo,Bali United,3,1,3-1,Regular Season - 9
1030026,Liga 1 Indonesia,2023/2024,2023-08-20,Persija Jakarta,Arema FC,2,2,2-2,Regular Season - 9
1030027,Liga 1 Indonesia,2023/2024,2023-08-20,PSIS Semarang,Persib Bandung,1,2,1-2,Regular Season - 9
1030032,Liga 1 Indonesia,2023/2024,2023-08-25,Persepam Madura Utd,Bhayangkara FC,0,0,0-0,Regular Season - 10
1030031,Liga 1 Indonesia,2023/2024,2023-08-25,Persik Kediri,PSIS Semarang,1,1,1-1,Regular Season - 10
1030033,Liga 1 Indonesia,2023/2024,2023-08-25,Pusamania Borneo,Persita,2,1,2-1,Regular Season - 10
1030034,Liga 1 Indonesia,2023/2024,2023-08-25,Dewa United,Persija Jakarta,2,0,2-0,Regular Season - 10
1030035,Liga 1 Indonesia,2023/2024,2023-08-26,PSS Sleman,Persebaya Surabaya,0,0,0-0,Regular Season - 10
1030037,Liga 1 Indonesia,2023/2024,2023-08-26,Persib Bandung,Cilegon United,2,1,2-1,Regular Season - 10
1030038,Liga 1 Indonesia,2023/2024,2023-08-27,Bali United,Barito Putera,2,1,2-1,Regular Season - 10
1030036,Liga 1 Indonesia,2023/2024,2023-08-28,Arema FC,PS TIRA,1,0,1-0,Regular Season - 10
1030039,Liga 1 Indonesia,2023/2024,2023-08-28,PSM Makassar,Persis Solo,1,0,1-0,Regular Season - 10
1030040,Liga 1 Indonesia,2023/2024,2023-09-01,Persita,Persepam Madura Utd,1,3,1-3,Regular Season - 11
1030042,Liga 1 Indonesia,2023/2024,2023-09-01,Bhayangkara FC,Arema FC,0,2,0-2,Regular Season - 11
1030043,Liga 1 Indonesia,2023/2024,2023-09-02,Persija Jakarta,Persib Bandung,1,1,1-1,Regular Season - 11
1030045,Liga 1 Indonesia,2023/2024,2023-09-02,Cilegon United,Persik Kediri,1,0,1-0,Regular Season - 11
1030044,Liga 1 Indonesia,2023/2024,2023-09-02,PSIS Semarang,Bali United,2,1,2-1,Regular Season - 11
1030048,Liga 1 Indonesia,2023/2024,2023-09-03,Persebaya Surabaya,Pusamania Borneo,2,1,2-1,Regular Season - 11
1030041,Liga 1 Indonesia,2023/2024,2023-09-03,PS TIRA,Dewa United,1,1,1-1,Regular Season - 11
1030047,Liga 1 Indonesia,2023/2024,2023-09-03,Barito Putera,Persis Solo,2,0,2-0,Regular Season - 11
1030046,Liga 1 Indonesia,2023/2024,2023-09-03,PSS Sleman,PSM Makassar,1,1,1-1,Regular Season - 11
1030049,Liga 1 Indonesia,2023/2024,2023-09-15,PSM Makassar,Barito Putera,2,0,2-0,Regular Season - 12
1030051,Liga 1 Indonesia,2023/2024,2023-09-15,Bali United,Cilegon United,1,2,1-2,Regular Season - 12
1030050,Liga 1 Indonesia,2023/2024,2023-09-15,Dewa United,Bhayangkara FC,2,2,2-2,Regular Season - 12
1030052,Liga 1 Indonesia,2023/2024,2023-09-16,Arema FC,Persita,0,0,0-0,Regular Season - 12
1030053,Liga 1 Indonesia,2023/2024,2023-09-16,Persib Bandung,PS TIRA,2,0,2-0,Regular Season - 12
1030054,Liga 1 Indonesia,2023/2024,2023-09-16,Persis Solo,PSIS Semarang,2,0,2-0,Regular Season - 12
1030055,Liga 1 Indonesia,2023/2024,2023-09-17,Persepam Madura Utd,Persebaya Surabaya,3,0,3-0,Regular Season - 12
1030056,Liga 1 Indonesia,2023/2024,2023-09-17,Pusamania Borneo,PSS Sleman,1,0,1-0,Regular Season - 12
1030057,Liga 1 Indonesia,2023/2024,2023-09-17,Persik Kediri,Persija Jakarta,1,2,1-2,Regular Season - 12
1030058,Liga 1 Indonesia,2023/2024,2023-09-22,Cilegon United,Persis Solo,1,2,1-2,Regular Season - 13
1030060,Liga 1 Indonesia,2023/2024,2023-09-22,PSIS Semarang,Barito Putera,1,0,1-0,Regular Season - 13
1030059,Liga 1 Indonesia,2023/2024,2023-09-22,Persita,Dewa United,1,0,1-0,Regular Season - 13
1030062,Liga 1 Indonesia,2023/2024,2023-09-23,Persebaya Surabaya,Arema FC,3,1,3-1,Regular Season - 13
1030061,Liga 1 Indonesia,2023/2024,2023-09-23,PS TIRA,Persik Kediri,2,3,2-3,Regular Season - 13
1030063,Liga 1 Indonesia,2023/2024,2023-09-23,Bhayangkara FC,Persib Bandung,1,2,1-2,Regular Season - 13
1030065,Liga 1 Indonesia,2023/2024,2023-09-24,PSS Sleman,Persepam Madura Utd,1,1,1-1,Regular Season - 13
1030066,Liga 1 Indonesia,2023/2024,2023-09-24,Persija Jakarta,Bali United,1,1,1-1,Regular Season - 13
1030219,Liga 1 Indonesia,2023/2024,2023-09-25,Pusamania Borneo,PSM Makassar,1,0,1-0,Regular Season - 13
1030067,Liga 1 Indonesia,2023/2024,2023-09-29,Barito Putera,Cilegon United,1,1,1-1,Regular Season - 14
1030069,Liga 1 Indonesia,2023/2024,2023-09-29,Bali United,PS TIRA,2,0,2-0,Regular Season - 14
1030071,Liga 1 Indonesia,2023/2024,2023-09-30,Arema FC,PSS Sleman,2,1,2-1,Regular Season - 14
1030068,Liga 1 Indonesia,2023/2024,2023-09-30,PSIS Semarang,PSM Makassar,2,1,2-1,Regular Season - 14
1030070,Liga 1 Indonesia,2023/2024,2023-09-30,Dewa United,Persebaya Surabaya,1,1,1-1,Regular Season - 14
1030072,Liga 1 Indonesia,2023/2024,2023-09-30,Persik Kediri,Bhayangkara FC,2,0,2-0,Regular Season - 14
1030073,Liga 1 Indonesia,2023/2024,2023-09-30,Persis Solo,Persija Jakarta,2,2,2-2,Regular Season - 14
1030074,Liga 1 Indonesia,2023/2024,2023-10-01,Persepam Madura Utd,Pusamania Borneo,1,2,1-2,Regular Season - 14
1030075,Liga 1 Indonesia,2023/2024,2023-10-01,Persib Bandung,Persita,5,0,5-0,Regular Season - 14
1030078,Liga 1 Indonesia,2023/2024,2023-10-06,PS TIRA,Persis Solo,2,2,2-2,Regular Season - 15
1030076,Liga 1 Indonesia,2023/2024,2023-10-06,Cilegon United,PSIS Semarang,2,1,2-1,Regular Season - 15
1030077,Liga 1 Indonesia,2023/2024,2023-10-06,Arema FC,Pusamania Borneo,0,1,0-1,Regular Season - 15
1030079,Liga 1 Indonesia,2023/2024,2023-10-06,Dewa United,PSS Sleman,3,1,3-1,Regular Season - 15
1030080,Liga 1 Indonesia,2023/2024,2023-10-07,Persebaya Surabaya,Persib Bandung,2,3,2-3,Regular Season - 15
1030081,Liga 1 Indonesia,2023/2024,2023-10-07,Persija Jakarta,Barito Putera,1,1,1-1,Regular Season - 15
1030083,Liga 1 Indonesia,2023/2024,2023-10-08,PSM Makassar,Persepam Madura Utd,0,2,0-2,Regular Season - 15
1030084,Liga 1 Indonesia,2023/2024,2023-10-08,Bhayangkara FC,Bali United,1,2,1-2,Regular Season - 15
1030082,Liga 1 Indonesia,2023/2024,2023-10-08,Persita,Persik Kediri,2,2,2-2,Regular Season - 15
1030243,Liga 1 Indonesia,2023/2024,2023-10-20,Bali United,Persebaya Surabaya,3,1,3-1,Regular Season - 16
1030086,Liga 1 Indonesia,2023/2024,2023-10-20,PS TIRA,PSIS Semarang,2,3,2-3,Regular Season - 16
1030085,Liga 1 Indonesia,2023/2024,2023-10-20,PSM Makassar,Arema FC,3,0,3-0,Regular Season - 16
1030088,Liga 1 Indonesia,2023/2024,2023-10-21,Bhayangkara FC,Barito Putera,1,1,1-1,Regular Season - 16
1030089,Liga 1 Indonesia,2023/2024,2023-10-21,PSS Sleman,Persik Kediri,2,2,2-2,Regular Season - 16
1030090,Liga 1 Indonesia,2023/2024,2023-10-21,Pusamania Borneo,Persib Bandung,1,1,1-1,Regular Season - 16
1030092,Liga 1 Indonesia,2023/2024,2023-10-22,Persepam Madura Utd,Dewa United,1,4,1-4,Regular Season - 16
1030091,Liga 1 Indonesia,2023/2024,2023-10-22,Persita,Persis Solo,2,1,2-1,Regular Season - 16
1030093,Liga 1 Indonesia,2023/2024,2023-10-22,Persija Jakarta,Cilegon United,1,2,1-2,Regular Season - 16
1030095,Liga 1 Indonesia,2023/2024,2023-10-27,Persik Kediri,Persebaya Surabaya,4,0,4-0,Regular Season - 17
1030094,Liga 1 Indonesia,2023/2024,2023-10-27,Barito Putera,PS TIRA,1,1,1-1,Regular Season - 17
1030096,Liga 1 Indonesia,2023/2024,2023-10-28,Arema FC,Persepam Madura Utd,1,1,1-1,Regular Season - 17
1030099,Liga 1 Indonesia,2023/2024,2023-10-28,Pusamania Borneo,Dewa United,3,1,3-1,Regular Season - 17
1030097,Liga 1 Indonesia,2023/2024,2023-10-28,Persib Bandung,PSS Sleman,4,1,4-1,Regular Season - 17
1030098,Liga 1 Indonesia,2023/2024,2023-10-29,Persis Solo,Bhayangkara FC,2,1,2-1,Regular Season - 17
1030100,Liga 1 Indonesia,2023/2024,2023-10-29,PSIS Semarang,Persija Jakarta,2,1,2-1,Regular Season - 17
1030101,Liga 1 Indonesia,2023/2024,2023-10-30,Cilegon United,PSM Makassar,1,1,1-1,Regular Season - 17
1030102,Liga 1 Indonesia,2023/2024,2023-10-30,Bali United,Persita,3,0,3-0,Regular Season - 17
1030108,Liga 1 Indonesia,2023/2024,2023-11-01,Persepam Madura Utd,Persib Bandung,0,1,0-1,Regular Season - 18
1030104,Liga 1 Indonesia,2023/2024,2023-11-02,Arema FC,Dewa United,2,1,2-1,Regular Season - 18
1030107,Liga 1 Indonesia,2023/2024,2023-11-02,Pusamania Borneo,Persik Kediri,3,0,3-0,Regular Season - 18
1030111,Liga 1 Indonesia,2023/2024,2023-11-02,Bhayangkara FC,PSIS Semarang,1,1,1-1,Regular Season - 18
1030103,Liga 1 Indonesia,2023/2024,2023-11-03,PSS Sleman,Bali United,0,1,0-1,Regular Season - 18
1030105,Liga 1 Indonesia,2023/2024,2023-11-03,PSM Makassar,Persija Jakarta,2,3,2-3,Regular Season - 18
1030109,Liga 1 Indonesia,2023/2024,2023-11-04,PS TIRA,Cilegon United,2,1,2-1,Regular Season - 18
1030110,Liga 1 Indonesia,2023/2024,2023-11-04,Persita,Barito Putera,2,2,2-2,Regular Season - 18
1030113,Liga 1 Indonesia,2023/2024,2023-11-08,Persib Bandung,Arema FC,2,2,2-2,Regular Season - 19
1030112,Liga 1 Indonesia,2023/2024,2023-11-08,Persik Kediri,Persepam Madura Utd,4,0,4-0,Regular Season - 19
1030114,Liga 1 Indonesia,2023/2024,2023-11-08,Persis Solo,PSS Sleman,1,1,1-1,Regular Season - 19
1030116,Liga 1 Indonesia,2023/2024,2023-11-09,PSIS Semarang,Persita,4,0,4-0,Regular Season - 19
1030115,Liga 1 Indonesia,2023/2024,2023-11-09,Barito Putera,Persebaya Surabaya,2,0,2-0,Regular Season - 19
1030117,Liga 1 Indonesia,2023/2024,2023-11-09,Persija Jakarta,PS TIRA,4,0,4-0,Regular Season - 19
1030119,Liga 1 Indonesia,2023/2024,2023-11-09,Cilegon United,Bhayangkara FC,1,1,1-1,Regular Season - 19
1030120,Liga 1 Indonesia,2023/2024,2023-11-12,Bali United,Pusamania Borneo,1,2,1-2,Regular Season - 19
1030118,Liga 1 Indonesia,2023/2024,2023-11-12,Dewa United,PSM Makassar,1,1,1-1,Regular Season - 19
1030124,Liga 1 Indonesia,2023/2024,2023-11-23,Persepam Madura Utd,Bali United,1,2,1-2,Regular Season - 20
1030121,Liga 1 Indonesia,2023/2024,2023-11-23,PSM Makassar,PS TIRA,3,1,3-1,Regular Season - 20
1030122,Liga 1 Indonesia,2023/2024,2023-11-23,Persita,Cilegon United,3,0,3-0,Regular Season - 20
1030123,Liga 1 Indonesia,2023/2024,2023-11-26,PSS Sleman,Barito Putera,2,1,2-1,Regular Season - 20
1030128,Liga 1 Indonesia,2023/2024,2023-11-26,Dewa United,Persib Bandung,1,5,1-5,Regular Season - 20
1030126,Liga 1 Indonesia,2023/2024,2023-11-27,Arema FC,Persik Kediri,0,1,0-1,Regular Season - 20
1030125,Liga 1 Indonesia,2023/2024,2023-11-27,Pusamania Borneo,Persis Solo,1,0,1-0,Regular Season - 20
1030127,Liga 1 Indonesia,2023/2024,2023-11-27,Bhayangkara FC,Persija Jakarta,2,2,2-2,Regular Season - 20
1030132,Liga 1 Indonesia,2023/2024,2023-12-01,Cilegon United,Persebaya Surabaya,0,0,0-0,Regular Season - 21
1030133,Liga 1 Indonesia,2023/2024,2023-12-02,Barito Putera,Pusamania Borneo,0,0,0-0,Regular Season - 21
1030131,Liga 1 Indonesia,2023/2024,2023-12-02,Persik Kediri,Dewa United,0,0,0-0,Regular Season - 21
1030135,Liga 1 Indonesia,2023/2024,2023-12-03,PS TIRA,Bhayangkara FC,2,2,2-2,Regular Season - 21
1030130,Liga 1 Indonesia,2023/2024,2023-12-03,PSIS Semarang,PSS Sleman,1,0,1-0,Regular Season - 21
1030136,Liga 1 Indonesia,2023/2024,2023-12-03,Persija Jakarta,Persita,1,1,1-1,Regular Season - 21
1030137,Liga 1 Indonesia,2023/2024,2023-12-04,Bali United,Arema FC,3,2,3-2,Regular Season - 21
1030138,Liga 1 Indonesia,2023/2024,2023-12-04,Persib Bandung,PSM Makassar,0,0,0-0,Regular Season - 21
1030139,Liga 1 Indonesia,2023/2024,2023-12-08,Dewa United,Bali United,1,1,1-1,Regular Season - 22
1030140,Liga 1 Indonesia,2023/2024,2023-12-08,PSM Makassar,Bhayangkara FC,1,1,1-1,Regular Season - 22
1030141,Liga 1 Indonesia,2023/2024,2023-12-08,PSS Sleman,Cilegon United,1,0,1-0,Regular Season - 22
1030142,Liga 1 Indonesia,2023/2024,2023-12-09,Persebaya Surabaya,Persija Jakarta,1,1,1-1,Regular Season - 22
1030143,Liga 1 Indonesia,2023/2024,2023-12-09,Arema FC,Persis Solo,3,1,3-1,Regular Season - 22
1030144,Liga 1 Indonesia,2023/2024,2023-12-09,Pusamania Borneo,PSIS Semarang,2,0,2-0,Regular Season - 22
1030145,Liga 1 Indonesia,2023/2024,2023-12-10,Persepam Madura Utd,Barito Putera,4,1,4-1,Regular Season - 22
1030147,Liga 1 Indonesia,2023/2024,2023-12-10,Persib Bandung,Persik Kediri,0,2,0-2,Regular Season - 22
1030146,Liga 1 Indonesia,2023/2024,2023-12-10,Persita,PS TIRA,2,1,2-1,Regular Season - 22
1030106,Liga 1 Indonesia,2023/2024,2023-12-13,Persebaya Surabaya,Persis Solo,1,1,1-1,Regular Season - 18
1030149,Liga 1 Indonesia,2023/2024,2023-12-16,PSIS Semarang,Persepam Madura Utd,2,2,2-2,Regular Season - 23
1030151,Liga 1 Indonesia,2023/2024,2023-12-16,Cilegon United,Pusamania Borneo,0,1,0-1,Regular Season - 23
1030150,Liga 1 Indonesia,2023/2024,2023-12-16,Persija Jakarta,PSS Sleman,1,0,1-0,Regular Season - 23
1030152,Liga 1 Indonesia,2023/2024,2023-12-17,PS TIRA,Persebaya Surabaya,1,1,1-1,Regular Season - 23
1030148,Liga 1 Indonesia,2023/2024,2023-12-17,Persis Solo,Dewa United,1,2,1-2,Regular Season - 23
1030154,Liga 1 Indonesia,2023/2024,2023-12-17,Bhayangkara FC,Persita,3,0,3-0,Regular Season - 23
1030153,Liga 1 Indonesia,2023/2024,2023-12-17,Barito Putera,Arema FC,1,0,1-0,Regular Season - 23
1030155,Liga 1 Indonesia,2023/2024,2023-12-18,Persik Kediri,PSM Makassar,1,1,1-1,Regular Season - 23
1030156,Liga 1 Indonesia,2023/2024,2023-12-18,Bali United,Persib Bandung,0,0,0-0,Regular Season - 23
1030129,Liga 1 Indonesia,2023/2024,2024-01-30,Persebaya Surabaya,PSIS Semarang,1,1,1-1,Regular Season - 20
1030134,Liga 1 Indonesia,2023/2024,2024-01-30,Persis Solo,Persepam Madura Utd,3,2,3-2,Regular Season - 21
1030157,Liga 1 Indonesia,2023/2024,2024-02-04,PSM Makassar,Persita,4,0,4-0,Regular Season - 24
1030160,Liga 1 Indonesia,2023/2024,2024-02-04,Persib Bandung,Persis Solo,2,2,2-2,Regular Season - 24
1030159,Liga 1 Indonesia,2023/2024,2024-02-04,Persebaya Surabaya,Bhayangkara FC,1,0,1-0,Regular Season - 24
1030158,Liga 1 Indonesia,2023/2024,2024-02-04,PSS Sleman,PS TIRA,2,2,2-2,Regular Season - 24
1030161,Liga 1 Indonesia,2023/2024,2024-02-05,Arema FC,PSIS Semarang,1,4,1-4,Regular Season - 24
1030162,Liga 1 Indonesia,2023/2024,2024-02-05,Persik Kediri,Bali United,1,0,1-0,Regular Season - 24
1030164,Liga 1 Indonesia,2023/2024,2024-02-06,Persepam Madura Utd,Cilegon United,2,2,2-2,Regular Season - 24
1030163,Liga 1 Indonesia,2023/2024,2024-02-06,Dewa United,Barito Putera,2,2,2-2,Regular Season - 24
1030165,Liga 1 Indonesia,2023/2024,2024-02-06,Pusamania Borneo,Persija Jakarta,3,1,3-1,Regular Season - 24
1030167,Liga 1 Indonesia,2023/2024,2024-02-22,Bhayangkara FC,PSS Sleman,1,4,1-4,Regular Season - 25
1030166,Liga 1 Indonesia,2023/2024,2024-02-22,PS TIRA,Pusamania Borneo,2,3,2-3,Regular Season - 25
1030168,Liga 1 Indonesia,2023/2024,2024-02-22,Persija Jakarta,Persepam Madura Utd,0,1,0-1,Regular Season - 25
1030169,Liga 1 Indonesia,2023/2024,2024-02-22,Cilegon United,Arema FC,2,3,2-3,Regular Season - 25
1030170,Liga 1 Indonesia,2023/2024,2024-02-23,PSIS Semarang,Dewa United,1,1,1-1,Regular Season - 25
1030171,Liga 1 Indonesia,2023/2024,2024-02-23,Persita,Persebaya Surabaya,1,1,1-1,Regular Season - 25
1030172,Liga 1 Indonesia,2023/2024,2024-02-23,Barito Putera,Persib Bandung,1,1,1-1,Regular Season - 25
1030173,Liga 1 Indonesia,2023/2024,2024-02-24,Persis Solo,Persik Kediri,2,1,2-1,Regular Season - 25
1030013,Liga 1 Indonesia,2023/2024,2024-02-24,PSM Makassar,Bali United,0,0,0-0,Regular Season - 25
1030175,Liga 1 Indonesia,2023/2024,2024-02-26,Arema FC,Persija Jakarta,3,2,3-2,Regular Season - 26
1030176,Liga 1 Indonesia,2023/2024,2024-02-26,Pusamania Borneo,Bhayangkara FC,4,0,4-0,Regular Season - 26
1030177,Liga 1 Indonesia,2023/2024,2024-02-26,Persepam Madura Utd,PS TIRA,3,2,3-2,Regular Season - 26
1030178,Liga 1 Indonesia,2023/2024,2024-02-27,PSS Sleman,Persita,3,3,3-3,Regular Season - 26
1030179,Liga 1 Indonesia,2023/2024,2024-02-27,Dewa United,Cilegon United,5,0,5-0,Regular Season - 26
1030183,Liga 1 Indonesia,2023/2024,2024-02-27,Persib Bandung,PSIS Semarang,3,0,3-0,Regular Season - 26
1030181,Liga 1 Indonesia,2023/2024,2024-02-28,Persik Kediri,Barito Putera,3,1,3-1,Regular Season - 26
1030182,Liga 1 Indonesia,2023/2024,2024-02-28,PSM Makassar,Persebaya Surabaya,0,0,0-0,Regular Season - 26
1030180,Liga 1 Indonesia,2023/2024,2024-02-29,Bali United,Persis Solo,3,2,3-2,Regular Season - 26
1030184,Liga 1 Indonesia,2023/2024,2024-03-01,PS TIRA,Arema FC,0,1,0-1,Regular Season - 27
1030185,Liga 1 Indonesia,2023/2024,2024-03-01,Bhayangkara FC,Persepam Madura Utd,3,2,3-2,Regular Season - 27
1030186,Liga 1 Indonesia,2023/2024,2024-03-02,Persita,Pusamania Borneo,0,1,0-1,Regular Season - 27
1030187,Liga 1 Indonesia,2023/2024,2024-03-02,Persija Jakarta,Dewa United,4,1,4-1,Regular Season - 27
1030190,Liga 1 Indonesia,2023/2024,2024-03-03,Persebaya Surabaya,PSS Sleman,2,1,2-1,Regular Season - 27
1030188,Liga 1 Indonesia,2023/2024,2024-03-03,PSIS Semarang,Persik Kediri,2,1,2-1,Regular Season - 27
1030189,Liga 1 Indonesia,2023/2024,2024-03-03,Cilegon United,Persib Bandung,0,4,0-4,Regular Season - 27
1030191,Liga 1 Indonesia,2023/2024,2024-03-04,Barito Putera,Bali United,4,3,4-3,Regular Season - 27
1030192,Liga 1 Indonesia,2023/2024,2024-03-04,Persis Solo,PSM Makassar,1,0,1-0,Regular Season - 27
1030196,Liga 1 Indonesia,2023/2024,2024-03-06,Persepam Madura Utd,Persita,3,2,3-2,Regular Season - 28
1030194,Liga 1 Indonesia,2023/2024,2024-03-06,Arema FC,Bhayangkara FC,0,0,0-0,Regular Season - 28
1030193,Liga 1 Indonesia,2023/2024,2024-03-07,Dewa United,PS TIRA,2,1,2-1,Regular Season - 28
1030197,Liga 1 Indonesia,2023/2024,2024-03-07,Pusamania Borneo,Persebaya Surabaya,2,1,2-1,Regular Season - 28
1030200,Liga 1 Indonesia,2023/2024,2024-03-08,PSM Makassar,PSS Sleman,2,1,2-1,Regular Season - 28
1030195,Liga 1 Indonesia,2023/2024,2024-03-08,Persik Kediri,Cilegon United,4,3,4-3,Regular Season - 28
1030201,Liga 1 Indonesia,2023/2024,2024-03-08,Bali United,PSIS Semarang,2,0,2-0,Regular Season - 28
1030199,Liga 1 Indonesia,2023/2024,2024-03-09,Persib Bandung,Persija Jakarta,2,1,2-1,Regular Season - 28
1030198,Liga 1 Indonesia,2023/2024,2024-03-09,Persis Solo,Barito Putera,2,1,2-1,Regular Season - 28
1030203,Liga 1 Indonesia,2023/2024,2024-03-13,Persebaya Surabaya,Persepam Madura Utd,0,0,0-0,Regular Season - 29
1030202,Liga 1 Indonesia,2023/2024,2024-03-13,Persita,Arema FC,4,3,4-3,Regular Season - 29
1030204,Liga 1 Indonesia,2023/2024,2024-03-14,PSS Sleman,Pusamania Borneo,0,1,0-1,Regular Season - 29
1030206,Liga 1 Indonesia,2023/2024,2024-03-15,PS TIRA,Persib Bandung,1,3,1-3,Regular Season - 29
1030207,Liga 1 Indonesia,2023/2024,2024-03-15,Barito Putera,PSM Makassar,3,1,3-1,Regular Season - 29
1030208,Liga 1 Indonesia,2023/2024,2024-03-16,Persija Jakarta,Persik Kediri,2,0,2-0,Regular Season - 29
1030209,Liga 1 Indonesia,2023/2024,2024-03-16,Bhayangkara FC,Dewa United,2,3,2-3,Regular Season - 29
1030205,Liga 1 Indonesia,2023/2024,2024-03-17,PSIS Semarang,Persis Solo,0,2,0-2,Regular Season - 29
1030210,Liga 1 Indonesia,2023/2024,2024-03-17,Cilegon United,Bali United,1,1,1-1,Regular Season - 29
1030212,Liga 1 Indonesia,2023/2024,2024-03-27,Arema FC,Persebaya Surabaya,0,1,0-1,Regular Season - 30
1030211,Liga 1 Indonesia,2023/2024,2024-03-27,Dewa United,Persita,4,1,4-1,Regular Season - 30
1030214,Liga 1 Indonesia,2023/2024,2024-03-28,Persib Bandung,Bhayangkara FC,0,0,0-0,Regular Season - 30
1030213,Liga 1 Indonesia,2023/2024,2024-03-28,Persik Kediri,PS TIRA,5,2,5-2,Regular Season - 30
1030064,Liga 1 Indonesia,2023/2024,2024-03-29,PSM Makassar,Pusamania Borneo,1,1,1-1,Regular Season - 30
1030216,Liga 1 Indonesia,2023/2024,2024-03-29,Persepam Madura Utd,PSS Sleman,0,0,0-0,Regular Season - 30
1030215,Liga 1 Indonesia,2023/2024,2024-03-29,Barito Putera,PSIS Semarang,0,0,0-0,Regular Season - 30
1030217,Liga 1 Indonesia,2023/2024,2024-03-30,Bali United,Persija Jakarta,1,0,1-0,Regular Season - 30
1030218,Liga 1 Indonesia,2023/2024,2024-03-30,Persis Solo,Cilegon United,2,0,2-0,Regular Season - 30
1030223,Liga 1 Indonesia,2023/2024,2024-04-15,PSS Sleman,Arema FC,4,1,4-1,Regular Season - 31
1030222,Liga 1 Indonesia,2023/2024,2024-04-15,Persita,Persib Bandung,3,3,3-3,Regular Season - 31
1030228,Liga 1 Indonesia,2023/2024,2024-04-15,PS TIRA,Bali United,3,2,3-2,Regular Season - 31
1030220,Liga 1 Indonesia,2023/2024,2024-04-16,Persebaya Surabaya,Dewa United,0,3,0-3,Regular Season - 31
1030226,Liga 1 Indonesia,2023/2024,2024-04-16,PSM Makassar,PSIS Semarang,3,1,3-1,Regular Season - 31
1030221,Liga 1 Indonesia,2023/2024,2024-04-16,Bhayangkara FC,Persik Kediri,7,0,7-0,Regular Season - 31
1030225,Liga 1 Indonesia,2023/2024,2024-04-17,Pusamania Borneo,Persepam Madura Utd,0,4,0-4,Regular Season - 31
1030227,Liga 1 Indonesia,2023/2024,2024-04-17,Persija Jakarta,Persis Solo,1,0,1-0,Regular Season - 31
1030224,Liga 1 Indonesia,2023/2024,2024-04-17,Cilegon United,Barito Putera,1,1,1-1,Regular Season - 31
1030234,Liga 1 Indonesia,2023/2024,2024-04-20,Persib Bandung,Persebaya Surabaya,3,1,3-1,Regular Season - 32
1030233,Liga 1 Indonesia,2023/2024,2024-04-20,Persik Kediri,Persita,1,1,1-1,Regular Season - 32
1030235,Liga 1 Indonesia,2023/2024,2024-04-20,Bali United,Bhayangkara FC,2,1,2-1,Regular Season - 32
1030232,Liga 1 Indonesia,2023/2024,2024-04-20,PSS Sleman,Dewa United,2,3,2-3,Regular Season - 32
1030230,Liga 1 Indonesia,2023/2024,2024-04-21,Persepam Madura Utd,PSM Makassar,2,0,2-0,Regular Season - 32
1030229,Liga 1 Indonesia,2023/2024,2024-04-21,Pusamania Borneo,Arema FC,1,2,1-2,Regular Season - 32
1030231,Liga 1 Indonesia,2023/2024,2024-04-21,Barito Putera,Persija Jakarta,2,2,2-2,Regular Season - 32
1030237,Liga 1 Indonesia,2023/2024,2024-04-22,Persis Solo,PS TIRA,2,1,2-1,Regular Season - 32
1030236,Liga 1 Indonesia,2023/2024,2024-04-22,PSIS Semarang,Cilegon United,2,1,2-1,Regular Season - 32
1030087,Liga 1 Indonesia,2023/2024,2024-04-24,Persebaya Surabaya,Bali United,0,2,0-2,Regular Season - 33
1030240,Liga 1 Indonesia,2023/2024,2024-04-24,Persik Kediri,PSS Sleman,4,4,4-4,Regular Season - 33
1030242,Liga 1 Indonesia,2023/2024,2024-04-25,Barito Putera,Bhayangkara FC,1,5,1-5,Regular Season - 33
1030238,Liga 1 Indonesia,2023/2024,2024-04-25,Dewa United,Persepam Madura Utd,2,2,2-2,Regular Season - 33
1030239,Liga 1 Indonesia,2023/2024,2024-04-25,Arema FC,PSM Makassar,3,2,3-2,Regular Season - 33
1030241,Liga 1 Indonesia,2023/2024,2024-04-25,Persib Bandung,Pusamania Borneo,2,1,2-1,Regular Season - 33
1030245,Liga 1 Indonesia,2023/2024,2024-04-26,PSIS Semarang,PS TIRA,3,0,3-0,Regular Season - 33
1030244,Liga 1 Indonesia,2023/2024,2024-04-26,Persis Solo,Persita,1,2,1-2,Regular Season - 33
1030246,Liga 1 Indonesia,2023/2024,2024-04-26,Cilegon United,Persija Jakarta,0,1,0-1,Regular Season - 33
1030250,Liga 1 Indonesia,2023/2024,2024-04-28,Persebaya Surabaya,Persik Kediri,2,1,2-1,Regular Season - 34
1030248,Liga 1 Indonesia,2023/2024,2024-04-29,PS TIRA,Barito Putera,3,4,3-4,Regular Season - 34
1030252,Liga 1 Indonesia,2023/2024,2024-04-30,Dewa United,Pusamania Borneo,2,1,2-1,Regular Season - 34
1030253,Liga 1 Indonesia,2023/2024,2024-04-30,Persija Jakarta,PSIS Semarang,2,1,2-1,Regular Season - 34
1030255,Liga 1 Indonesia,2023/2024,2024-04-30,PSM Makassar,Cilegon United,3,2,3-2,Regular Season - 34
1030249,Liga 1 Indonesia,2023/2024,2024-04-30,Bhayangkara FC,Persis Solo,0,1,0-1,Regular Season - 34
1030251,Liga 1 Indonesia,2023/2024,2024-04-30,Persepam Madura Utd,Arema FC,0,0,0-0,Regular Season - 34
1030254,Liga 1 Indonesia,2023/2024,2024-04-30,PSS Sleman,Persib Bandung,1,0,1-0,Regular Season - 34
1030247,Liga 1 Indonesia,2023/2024,2024-04-30,Persita,Bali United,4,2,4-2,Regular Season - 34
1197665,Liga 1 Indonesia,2023/2024,2024-05-14,Bali United,Persib Bandung,1,1,1-1,Championship - Semi-finals
1198343,Liga 1 Indonesia,2023/2024,2024-05-15,Persepam Madura Utd,Pusamania Borneo,1,0,1-0,Championship - Semi-finals
1197666,Liga 1 Indonesia,2023/2024,2024-05-18,Persib Bandung,Bali United,3,0,3-0,Championship - Semi-finals
1198344,Liga 1 Indonesia,2023/2024,2024-05-19,Pusamania Borneo,Persepam Madura Utd,2,3,2-3,Championship - Semi-finals
1200856,Liga 1 Indonesia,2023/2024,2024-05-25,Bali United,Pusamania Borneo,0,0,0-0,Championship - 3rd Place Final
1200854,Liga 1 Indonesia,2023/2024,2024-05-26,Persib Bandung,Persepam Madura Utd,3,0,3-0,Championship - Finals
1200857,Liga 1 Indonesia,2023/2024,2024-05-30,Pusamania Borneo,Bali United,4,2,4-2,Championship - 3rd Place Final
1200855,Liga 1 Indonesia,2023/2024,2024-05-31,Persepam Madura Utd,Persib Bandung,1,3,1-3,Championship - Finals
1268560,Liga 1 Indonesia,2024/2025,2024-08-09,Persib Bandung,PSBS Biak Numfor,4,1,4-1,Regular Season - 1
1268562,Liga 1 Indonesia,2024/2025,2024-08-10,PSM Makassar,Persis Solo,3,0,3-0,Regular Season - 1
1268561,Liga 1 Indonesia,2024/2025,2024-08-10,Persepam Madura Utd,Malut United,1,1,1-1,Regular Season - 1
1268563,Liga 1 Indonesia,2024/2025,2024-08-10,Persija Jakarta,Barito Putera,3,0,3-0,Regular Season - 1
1268564,Liga 1 Indonesia,2024/2025,2024-08-11,PSIS Semarang,Persita,0,1,0-1,Regular Season - 1
1268565,Liga 1 Indonesia,2024/2025,2024-08-11,Persik Kediri,Bali United,1,3,1-3,Regular Season - 1
1268566,Liga 1 Indonesia,2024/2025,2024-08-11,Persebaya Surabaya,PSS Sleman,1,0,1-0,Regular Season - 1
1268567,Liga 1 Indonesia,2024/2025,2024-08-12,Arema FC,Dewa United,0,0,0-0,Regular Season - 1
1268568,Liga 1 Indonesia,2024/2025,2024-08-12,Semen Padang,Pusamania Borneo,1,3,1-3,Regular Season - 1
1268569,Liga 1 Indonesia,2024/2025,2024-08-16,PSBS Biak Numfor,PSM Makassar,1,2,1-2,Regular Season - 2
1268570,Liga 1 Indonesia,2024/2025,2024-08-16,Malut United,Persebaya Surabaya,0,0,0-0,Regular Season - 2
1268571,Liga 1 Indonesia,2024/2025,2024-08-16,Barito Putera,Persepam Madura Utd,1,0,1-0,Regular Season - 2
1268572,Liga 1 Indonesia,2024/2025,2024-08-17,Arema FC,Pusamania Borneo,0,2,0-2,Regular Season - 2
1268573,Liga 1 Indonesia,2024/2025,2024-08-17,Persis Solo,PSIS Semarang,0,1,0-1,Regular Season - 2
1268574,Liga 1 Indonesia,2024/2025,2024-08-18,Bali United,Semen Padang,2,0,2-0,Regular Season - 2
1268575,Liga 1 Indonesia,2024/2025,2024-08-18,Persita,Persija Jakarta,0,0,0-0,Regular Season - 2
1268576,Liga 1 Indonesia,2024/2025,2024-08-19,PSS Sleman,Persik Kediri,0,2,0-2,Regular Season - 2
1268577,Liga 1 Indonesia,2024/2025,2024-08-19,Dewa United,Persib Bandung,2,2,2-2,Regular Season - 2
1268578,Liga 1 Indonesia,2024/2025,2024-08-23,PSIS Semarang,PSBS Biak Numfor,1,0,1-0,Regular Season - 3
1268579,Liga 1 Indonesia,2024/2025,2024-08-23,Persebaya Surabaya,Barito Putera,2,1,2-1,Regular Season - 3
1268580,Liga 1 Indonesia,2024/2025,2024-08-24,Persepam Madura Utd,Persita,0,1,0-1,Regular Season - 3
1268581,Liga 1 Indonesia,2024/2025,2024-08-24,Persija Jakarta,Persis Solo,2,1,2-1,Regular Season - 3
1268582,Liga 1 Indonesia,2024/2025,2024-08-25,Persik Kediri,Malut United,0,0,0-0,Regular Season - 3
1268583,Liga 1 Indonesia,2024/2025,2024-08-25,Persib Bandung,Arema FC,1,1,1-1,Regular Season - 3
1268584,Liga 1 Indonesia,2024/2025,2024-08-26,Semen Padang,PSS Sleman,1,0,1-0,Regular Season - 3
1268585,Liga 1 Indonesia,2024/2025,2024-08-26,PSM Makassar,Dewa United,3,1,3-1,Regular Season - 3
1268586,Liga 1 Indonesia,2024/2025,2024-08-27,Pusamania Borneo,Bali United,2,0,2-0,Regular Season - 3
1268589,Liga 1 Indonesia,2024/2025,2024-09-11,PSM Makassar,Persib Bandung,0,0,0-0,Regular Season - 4
1268587,Liga 1 Indonesia,2024/2025,2024-09-11,Bali United,Arema FC,0,0,0-0,Regular Season - 4
1268588,Liga 1 Indonesia,2024/2025,2024-09-11,Dewa United,PSIS Semarang,2,1,2-1,Regular Season - 4
1268590,Liga 1 Indonesia,2024/2025,2024-09-12,PSS Sleman,Pusamania Borneo,1,1,1-1,Regular Season - 4
1268591,Liga 1 Indonesia,2024/2025,2024-09-12,PSBS Biak Numfor,Persija Jakarta,3,1,3-1,Regular Season - 4
1268592,Liga 1 Indonesia,2024/2025,2024-09-13,Malut United,Semen Padang,2,1,2-1,Regular Season - 4
1268593,Liga 1 Indonesia,2024/2025,2024-09-13,Persis Solo,Persepam Madura Utd,4,0,4-0,Regular Season - 4
1268594,Liga 1 Indonesia,2024/2025,2024-09-14,Barito Putera,Persik Kediri,2,2,2-2,Regular Season - 4
1268595,Liga 1 Indonesia,2024/2025,2024-09-14,Persita,Persebaya Surabaya,0,1,0-1,Regular Season - 4
1268596,Liga 1 Indonesia,2024/2025,2024-09-15,PSM Makassar,Arema FC,0,1,0-1,Regular Season - 5
1268597,Liga 1 Indonesia,2024/2025,2024-09-15,Persib Bandung,PSIS Semarang,2,1,2-1,Regular Season - 5
1268598,Liga 1 Indonesia,2024/2025,2024-09-16,Bali United,PSS Sleman,0,0,0-0,Regular Season - 5
1268599,Liga 1 Indonesia,2024/2025,2024-09-16,Persija Jakarta,Dewa United,0,0,0-0,Regular Season - 5
1268600,Liga 1 Indonesia,2024/2025,2024-09-17,PSBS Biak Numfor,Persepam Madura Utd,2,1,2-1,Regular Season - 5
1268601,Liga 1 Indonesia,2024/2025,2024-09-17,Pusamania Borneo,Malut United,1,0,1-0,Regular Season - 5
1268602,Liga 1 Indonesia,2024/2025,2024-09-18,Semen Padang,Barito Putera,1,2,1-2,Regular Season - 5
1268603,Liga 1 Indonesia,2024/2025,2024-09-18,Persik Kediri,Persita,1,0,1-0,Regular Season - 5
1268604,Liga 1 Indonesia,2024/2025,2024-09-18,Persebaya Surabaya,Persis Solo,2,1,2-1,Regular Season - 5
1268605,Liga 1 Indonesia,2024/2025,2024-09-20,PSS Sleman,Arema FC,3,1,3-1,Regular Season - 6
1268606,Liga 1 Indonesia,2024/2025,2024-09-20,PSM Makassar,PSIS Semarang,0,0,0-0,Regular Season - 6
1268607,Liga 1 Indonesia,2024/2025,2024-09-21,Dewa United,Persepam Madura Utd,3,3,3-3,Regular Season - 6
1268608,Liga 1 Indonesia,2024/2025,2024-09-21,Malut United,Bali United,1,4,1-4,Regular Season - 6
1268609,Liga 1 Indonesia,2024/2025,2024-09-22,Persita,Semen Padang,1,0,1-0,Regular Season - 6
1268610,Liga 1 Indonesia,2024/2025,2024-09-22,PSBS Biak Numfor,Persebaya Surabaya,0,1,0-1,Regular Season - 6
1268612,Liga 1 Indonesia,2024/2025,2024-09-23,Persib Bandung,Persija Jakarta,2,0,2-0,Regular Season - 6
1268611,Liga 1 Indonesia,2024/2025,2024-09-23,Persis Solo,Persik Kediri,0,1,0-1,Regular Season - 6
1268613,Liga 1 Indonesia,2024/2025,2024-09-23,Barito Putera,Pusamania Borneo,1,1,1-1,Regular Season - 6
1268614,Liga 1 Indonesia,2024/2025,2024-09-26,PSIS Semarang,Arema FC,1,2,1-2,Regular Season - 7
1268615,Liga 1 Indonesia,2024/2025,2024-09-26,PSS Sleman,Malut United,0,1,0-1,Regular Season - 7
1268616,Liga 1 Indonesia,2024/2025,2024-09-27,Bali United,Barito Putera,3,2,3-2,Regular Season - 7
1268617,Liga 1 Indonesia,2024/2025,2024-09-27,Persebaya Surabaya,Dewa United,0,0,0-0,Regular Season - 7
1268618,Liga 1 Indonesia,2024/2025,2024-09-28,Persik Kediri,PSBS Biak Numfor,0,1,0-1,Regular Season - 7
1268620,Liga 1 Indonesia,2024/2025,2024-09-28,Persepam Madura Utd,Persib Bandung,2,2,2-2,Regular Season - 7
1268621,Liga 1 Indonesia,2024/2025,2024-09-29,Semen Padang,Persis Solo,0,0,0-0,Regular Season - 7
1268622,Liga 1 Indonesia,2024/2025,2024-09-29,Persija Jakarta,PSM Makassar,1,1,1-1,Regular Season - 7
1268619,Liga 1 Indonesia,2024/2025,2024-09-30,Pusamania Borneo,Persita,0,0,0-0,Regular Season - 7
1268623,Liga 1 Indonesia,2024/2025,2024-10-17,Dewa United,Persik Kediri,2,3,2-3,Regular Season - 8
1268624,Liga 1 Indonesia,2024/2025,2024-10-17,PSIS Semarang,Persija Jakarta,0,2,0-2,Regular Season - 8
1268626,Liga 1 Indonesia,2024/2025,2024-10-18,Persib Bandung,Persebaya Surabaya,2,0,2-0,Regular Season - 8
1268625,Liga 1 Indonesia,2024/2025,2024-10-18,PSBS Biak Numfor,Semen Padang,3,2,3-2,Regular Season - 8
1268627,Liga 1 Indonesia,2024/2025,2024-10-18,PSM Makassar,Persepam Madura Utd,2,0,2-0,Regular Season - 8
1268628,Liga 1 Indonesia,2024/2025,2024-10-19,Arema FC,Malut United,3,1,3-1,Regular Season - 8
1268629,Liga 1 Indonesia,2024/2025,2024-10-19,Persis Solo,Pusamania Borneo,3,2,3-2,Regular Season - 8
1268630,Liga 1 Indonesia,2024/2025,2024-10-20,Barito Putera,PSS Sleman,0,3,0-3,Regular Season - 8
1268631,Liga 1 Indonesia,2024/2025,2024-10-20,Persita,Bali United,0,1,0-1,Regular Season - 8
1268632,Liga 1 Indonesia,2024/2025,2024-10-23,Persepam Madura Utd,PSIS Semarang,2,0,2-0,Regular Season - 9
1268633,Liga 1 Indonesia,2024/2025,2024-10-23,Persebaya Surabaya,PSM Makassar,1,1,1-1,Regular Season - 9
1268634,Liga 1 Indonesia,2024/2025,2024-10-25,Semen Padang,Dewa United,1,8,1-8,Regular Season - 9
1268635,Liga 1 Indonesia,2024/2025,2024-10-25,Pusamania Borneo,PSBS Biak Numfor,3,0,3-0,Regular Season - 9
1268636,Liga 1 Indonesia,2024/2025,2024-10-26,Malut United,Barito Putera,0,0,0-0,Regular Season - 9
1268637,Liga 1 Indonesia,2024/2025,2024-10-26,Arema FC,Persija Jakarta,1,2,1-2,Regular Season - 9
1268638,Liga 1 Indonesia,2024/2025,2024-10-27,PSS Sleman,Persita,1,2,1-2,Regular Season - 9
1268639,Liga 1 Indonesia,2024/2025,2024-10-27,Bali United,Persis Solo,3,0,3-0,Regular Season - 9
1268640,Liga 1 Indonesia,2024/2025,2024-10-28,Persik Kediri,Persib Bandung,0,2,0-2,Regular Season - 9
1268641,Liga 1 Indonesia,2024/2025,2024-11-01,Barito Putera,Arema FC,1,3,1-3,Regular Season - 10
1268642,Liga 1 Indonesia,2024/2025,2024-11-01,Persib Bandung,Semen Padang,1,1,1-1,Regular Season - 10
1268643,Liga 1 Indonesia,2024/2025,2024-11-02,PSIS Semarang,Persebaya Surabaya,0,1,0-1,Regular Season - 10
1268644,Liga 1 Indonesia,2024/2025,2024-11-02,Pusamania Borneo,Dewa United,1,0,1-0,Regular Season - 10
1268645,Liga 1 Indonesia,2024/2025,2024-11-03,PSBS Biak Numfor,Bali United,2,0,2-0,Regular Season - 10
1268646,Liga 1 Indonesia,2024/2025,2024-11-03,Persis Solo,PSS Sleman,0,2,0-2,Regular Season - 10
1268647,Liga 1 Indonesia,2024/2025,2024-11-04,Persita,Malut United,1,1,1-1,Regular Season - 10
1268648,Liga 1 Indonesia,2024/2025,2024-11-04,PSM Makassar,Persik Kediri,1,1,1-1,Regular Season - 10
1268649,Liga 1 Indonesia,2024/2025,2024-11-06,Persija Jakarta,Persepam Madura Utd,4,1,4-1,Regular Season - 10
1268651,Liga 1 Indonesia,2024/2025,2024-11-21,Persepam Madura Utd,Arema FC,2,4,2-4,Regular Season - 11
1268650,Liga 1 Indonesia,2024/2025,2024-11-21,Malut United,Persis Solo,3,0,3-0,Regular Season - 11
1268652,Liga 1 Indonesia,2024/2025,2024-11-21,Semen Padang,PSM Makassar,1,1,1-1,Regular Season - 11
1268654,Liga 1 Indonesia,2024/2025,2024-11-22,Persebaya Surabaya,Persija Jakarta,2,1,2-1,Regular Season - 11
1268653,Liga 1 Indonesia,2024/2025,2024-11-22,PSS Sleman,PSBS Biak Numfor,0,1,0-1,Regular Season - 11
1268655,Liga 1 Indonesia,2024/2025,2024-11-22,Persib Bandung,Pusamania Borneo,1,0,1-0,Regular Season - 11
1268657,Liga 1 Indonesia,2024/2025,2024-11-23,Barito Putera,Persita,0,2,0-2,Regular Season - 11
1268656,Liga 1 Indonesia,2024/2025,2024-11-23,Persik Kediri,PSIS Semarang,0,1,0-1,Regular Season - 11
1268658,Liga 1 Indonesia,2024/2025,2024-11-23,Dewa United,Bali United,1,0,1-0,Regular Season - 11
1268661,Liga 1 Indonesia,2024/2025,2024-12-01,Persija Jakarta,Persik Kediri,2,0,2-0,Regular Season - 12
1268659,Liga 1 Indonesia,2024/2025,2024-12-01,PSIS Semarang,Semen Padang,1,0,1-0,Regular Season - 12
1268663,Liga 1 Indonesia,2024/2025,2024-12-02,PSM Makassar,Pusamania Borneo,1,0,1-0,Regular Season - 12
1268662,Liga 1 Indonesia,2024/2025,2024-12-02,PSBS Biak Numfor,Malut United,1,3,1-3,Regular Season - 12
1268664,Liga 1 Indonesia,2024/2025,2024-12-02,Persepam Madura Utd,Persebaya Surabaya,1,2,1-2,Regular Season - 12
1268665,Liga 1 Indonesia,2024/2025,2024-12-03,Arema FC,Persita,3,0,3-0,Regular Season - 12
1268666,Liga 1 Indonesia,2024/2025,2024-12-03,Dewa United,PSS Sleman,2,1,2-1,Regular Season - 12
1268667,Liga 1 Indonesia,2024/2025,2024-12-03,Persis Solo,Barito Putera,0,0,0-0,Regular Season - 12
1268669,Liga 1 Indonesia,2024/2025,2024-12-06,Pusamania Borneo,PSIS Semarang,0,0,0-0,Regular Season - 13
1268668,Liga 1 Indonesia,2024/2025,2024-12-06,Persik Kediri,Persepam Madura Utd,1,0,1-0,Regular Season - 13
1268670,Liga 1 Indonesia,2024/2025,2024-12-06,Semen Padang,Persija Jakarta,0,1,0-1,Regular Season - 13
1268671,Liga 1 Indonesia,2024/2025,2024-12-07,Persebaya Surabaya,Arema FC,3,2,3-2,Regular Season - 13
1268672,Liga 1 Indonesia,2024/2025,2024-12-07,Malut United,Dewa United,1,1,1-1,Regular Season - 13
1268673,Liga 1 Indonesia,2024/2025,2024-12-07,Bali United,PSM Makassar,1,1,1-1,Regular Season - 13
1268674,Liga 1 Indonesia,2024/2025,2024-12-08,Barito Putera,PSBS Biak Numfor,0,3,0-3,Regular Season - 13
1268675,Liga 1 Indonesia,2024/2025,2024-12-08,Persita,Persis Solo,2,0,2-0,Regular Season - 13
1268676,Liga 1 Indonesia,2024/2025,2024-12-09,PSS Sleman,Persib Bandung,1,2,1-2,Regular Season - 13
1268677,Liga 1 Indonesia,2024/2025,2024-12-10,Persepam Madura Utd,Semen Padang,0,1,0-1,Regular Season - 14
1268678,Liga 1 Indonesia,2024/2025,2024-12-10,Persija Jakarta,Pusamania Borneo,1,1,1-1,Regular Season - 14
1268679,Liga 1 Indonesia,2024/2025,2024-12-11,Persebaya Surabaya,Persik Kediri,4,1,4-1,Regular Season - 14
1268680,Liga 1 Indonesia,2024/2025,2024-12-11,PSIS Semarang,Bali United,2,1,2-1,Regular Season - 14
1268682,Liga 1 Indonesia,2024/2025,2024-12-12,Arema FC,Persis Solo,1,1,1-1,Regular Season - 14
1268681,Liga 1 Indonesia,2024/2025,2024-12-12,PSBS Biak Numfor,Persita,1,3,1-3,Regular Season - 14
1268683,Liga 1 Indonesia,2024/2025,2024-12-12,Dewa United,Barito Putera,1,1,1-1,Regular Season - 14
1268684,Liga 1 Indonesia,2024/2025,2024-12-13,PSM Makassar,PSS Sleman,1,1,1-1,Regular Season - 14
1268685,Liga 1 Indonesia,2024/2025,2024-12-13,Persib Bandung,Malut United,2,0,2-0,Regular Season - 14
1268686,Liga 1 Indonesia,2024/2025,2024-12-14,Pusamania Borneo,Persepam Madura Utd,5,0,5-0,Regular Season - 15
1268687,Liga 1 Indonesia,2024/2025,2024-12-15,Semen Padang,Persebaya Surabaya,0,0,0-0,Regular Season - 15
1268688,Liga 1 Indonesia,2024/2025,2024-12-15,Bali United,Persija Jakarta,3,1,3-1,Regular Season - 15
1268689,Liga 1 Indonesia,2024/2025,2024-12-16,Persik Kediri,Arema FC,1,0,1-0,Regular Season - 15
1268690,Liga 1 Indonesia,2024/2025,2024-12-16,Persita,Dewa United,0,4,0-4,Regular Season - 15
1268691,Liga 1 Indonesia,2024/2025,2024-12-16,Persis Solo,PSBS Biak Numfor,1,1,1-1,Regular Season - 15
1268692,Liga 1 Indonesia,2024/2025,2024-12-17,Malut United,PSM Makassar,2,2,2-2,Regular Season - 15
1268693,Liga 1 Indonesia,2024/2025,2024-12-17,PSS Sleman,PSIS Semarang,2,1,2-1,Regular Season - 15
1268694,Liga 1 Indonesia,2024/2025,2024-12-18,Barito Putera,Persib Bandung,1,2,1-2,Regular Season - 15
1268695,Liga 1 Indonesia,2024/2025,2024-12-20,Persepam Madura Utd,Bali United,2,1,2-1,Regular Season - 16
1268696,Liga 1 Indonesia,2024/2025,2024-12-20,Persebaya Surabaya,Pusamania Borneo,2,1,2-1,Regular Season - 16
1268697,Liga 1 Indonesia,2024/2025,2024-12-21,Arema FC,PSBS Biak Numfor,3,2,3-2,Regular Season - 16
1268698,Liga 1 Indonesia,2024/2025,2024-12-21,Persik Kediri,Semen Padang,3,1,3-1,Regular Season - 16
1268700,Liga 1 Indonesia,2024/2025,2024-12-21,Persija Jakarta,PSS Sleman,3,1,3-1,Regular Season - 16
1268699,Liga 1 Indonesia,2024/2025,2024-12-21,Dewa United,Persis Solo,2,0,2-0,Regular Season - 16
1268702,Liga 1 Indonesia,2024/2025,2024-12-22,PSM Makassar,Barito Putera,3,2,3-2,Regular Season - 16
1268701,Liga 1 Indonesia,2024/2025,2024-12-22,PSIS Semarang,Malut United,1,3,1-3,Regular Season - 16
1268703,Liga 1 Indonesia,2024/2025,2024-12-22,Persib Bandung,Persita,3,1,3-1,Regular Season - 16
1268704,Liga 1 Indonesia,2024/2025,2024-12-27,Semen Padang,Arema FC,1,2,1-2,Regular Season - 17
1268705,Liga 1 Indonesia,2024/2025,2024-12-27,Pusamania Borneo,Persik Kediri,0,4,0-4,Regular Season - 17
1268706,Liga 1 Indonesia,2024/2025,2024-12-27,PSS Sleman,Persepam Madura Utd,4,0,4-0,Regular Season - 17
1268707,Liga 1 Indonesia,2024/2025,2024-12-28,PSBS Biak Numfor,Dewa United,3,1,3-1,Regular Season - 17
1268708,Liga 1 Indonesia,2024/2025,2024-12-28,Malut United,Persija Jakarta,0,1,0-1,Regular Season - 17
1268709,Liga 1 Indonesia,2024/2025,2024-12-28,Bali United,Persebaya Surabaya,2,0,2-0,Regular Season - 17
1268710,Liga 1 Indonesia,2024/2025,2024-12-29,Persita,PSM Makassar,2,1,2-1,Regular Season - 17
1268711,Liga 1 Indonesia,2024/2025,2024-12-29,Barito Putera,PSIS Semarang,0,0,0-0,Regular Season - 17
1268712,Liga 1 Indonesia,2024/2025,2024-12-29,Persis Solo,Persib Bandung,0,1,0-1,Regular Season - 17
1268660,Liga 1 Indonesia,2024/2025,2025-01-07,Bali United,Persib Bandung,1,1,1-1,Regular Season - 12
1268714,Liga 1 Indonesia,2024/2025,2025-01-10,Barito Putera,Persija Jakarta,2,3,2-3,Regular Season - 18
1268713,Liga 1 Indonesia,2024/2025,2025-01-10,Malut United,Persepam Madura Utd,0,1,0-1,Regular Season - 18
1268715,Liga 1 Indonesia,2024/2025,2025-01-11,PSBS Biak Numfor,Persib Bandung,1,1,1-1,Regular Season - 18
1268716,Liga 1 Indonesia,2024/2025,2025-01-11,PSS Sleman,Persebaya Surabaya,3,1,3-1,Regular Season - 18
1268717,Liga 1 Indonesia,2024/2025,2025-01-11,Dewa United,Arema FC,2,0,2-0,Regular Season - 18
1268718,Liga 1 Indonesia,2024/2025,2025-01-12,Persita,PSIS Semarang,2,1,2-1,Regular Season - 18
1268719,Liga 1 Indonesia,2024/2025,2025-01-12,Bali United,Persik Kediri,1,3,1-3,Regular Season - 18
1268720,Liga 1 Indonesia,2024/2025,2025-01-13,Persis Solo,PSM Makassar,0,1,0-1,Regular Season - 18
1268721,Liga 1 Indonesia,2024/2025,2025-01-14,Pusamania Borneo,Semen Padang,1,3,1-3,Regular Season - 18
1268722,Liga 1 Indonesia,2024/2025,2025-01-17,Persebaya Surabaya,Malut United,0,2,0-2,Regular Season - 19
1268723,Liga 1 Indonesia,2024/2025,2025-01-17,Persib Bandung,Dewa United,0,2,0-2,Regular Season - 19
1268724,Liga 1 Indonesia,2024/2025,2025-01-18,PSM Makassar,PSBS Biak Numfor,1,1,1-1,Regular Season - 19
1268725,Liga 1 Indonesia,2024/2025,2025-01-18,Persepam Madura Utd,Barito Putera,2,4,2-4,Regular Season - 19
1268727,Liga 1 Indonesia,2024/2025,2025-01-19,Pusamania Borneo,Arema FC,3,1,3-1,Regular Season - 19
1268726,Liga 1 Indonesia,2024/2025,2025-01-19,Persik Kediri,PSS Sleman,0,0,0-0,Regular Season - 19
1268728,Liga 1 Indonesia,2024/2025,2025-01-19,Persija Jakarta,Persita,2,0,2-0,Regular Season - 19
1268729,Liga 1 Indonesia,2024/2025,2025-01-20,Semen Padang,Bali United,1,5,1-5,Regular Season - 19
1268730,Liga 1 Indonesia,2024/2025,2025-01-20,PSIS Semarang,Persis Solo,1,2,1-2,Regular Season - 19
1268731,Liga 1 Indonesia,2024/2025,2025-01-24,Arema FC,Persib Bandung,1,3,1-3,Regular Season - 20
1268732,Liga 1 Indonesia,2024/2025,2025-01-24,Persita,Persepam Madura Utd,1,1,1-1,Regular Season - 20
1268733,Liga 1 Indonesia,2024/2025,2025-01-25,Malut United,Persik Kediri,2,1,2-1,Regular Season - 20
1268734,Liga 1 Indonesia,2024/2025,2025-01-25,Barito Putera,Persebaya Surabaya,3,0,3-0,Regular Season - 20
1268735,Liga 1 Indonesia,2024/2025,2025-01-26,PSBS Biak Numfor,PSIS Semarang,1,3,1-3,Regular Season - 20
1268736,Liga 1 Indonesia,2024/2025,2025-01-26,PSS Sleman,Semen Padang,2,4,2-4,Regular Season - 20
1268737,Liga 1 Indonesia,2024/2025,2025-01-26,Persis Solo,Persija Jakarta,3,3,3-3,Regular Season - 20
1268738,Liga 1 Indonesia,2024/2025,2025-01-27,Dewa United,PSM Makassar,3,2,3-2,Regular Season - 20
1268739,Liga 1 Indonesia,2024/2025,2025-01-28,Bali United,Pusamania Borneo,3,2,3-2,Regular Season - 20
1268740,Liga 1 Indonesia,2024/2025,2025-01-31,Persik Kediri,Barito Putera,1,1,1-1,Regular Season - 21
1268741,Liga 1 Indonesia,2024/2025,2025-01-31,Persebaya Surabaya,Persita,1,1,1-1,Regular Season - 21
1268742,Liga 1 Indonesia,2024/2025,2025-02-01,Persepam Madura Utd,Persis Solo,2,0,2-0,Regular Season - 21
1268743,Liga 1 Indonesia,2024/2025,2025-02-01,Persib Bandung,PSM Makassar,1,0,1-0,Regular Season - 21
1268744,Liga 1 Indonesia,2024/2025,2025-02-02,Pusamania Borneo,PSS Sleman,1,0,1-0,Regular Season - 21
1268745,Liga 1 Indonesia,2024/2025,2025-02-02,Semen Padang,Malut United,1,1,1-1,Regular Season - 21
1268746,Liga 1 Indonesia,2024/2025,2025-02-02,Persija Jakarta,PSBS Biak Numfor,2,2,2-2,Regular Season - 21
1268747,Liga 1 Indonesia,2024/2025,2025-02-03,Arema FC,Bali United,1,0,1-0,Regular Season - 21
1268748,Liga 1 Indonesia,2024/2025,2025-02-03,PSIS Semarang,Dewa United,1,4,1-4,Regular Season - 21
1268749,Liga 1 Indonesia,2024/2025,2025-02-07,Persita,Persik Kediri,1,0,1-0,Regular Season - 22
1268750,Liga 1 Indonesia,2024/2025,2025-02-07,Persis Solo,Persebaya Surabaya,2,1,2-1,Regular Season - 22
1268752,Liga 1 Indonesia,2024/2025,2025-02-08,Persepam Madura Utd,PSBS Biak Numfor,0,0,0-0,Regular Season - 22
1268751,Liga 1 Indonesia,2024/2025,2025-02-08,Barito Putera,Semen Padang,2,1,2-1,Regular Season - 22
1268753,Liga 1 Indonesia,2024/2025,2025-02-08,Dewa United,Persija Jakarta,2,1,2-1,Regular Season - 22
1268754,Liga 1 Indonesia,2024/2025,2025-02-09,PSS Sleman,Bali United,1,2,1-2,Regular Season - 22
1268755,Liga 1 Indonesia,2024/2025,2025-02-09,PSIS Semarang,Persib Bandung,0,1,0-1,Regular Season - 22
1268757,Liga 1 Indonesia,2024/2025,2025-02-10,Arema FC,PSM Makassar,1,1,1-1,Regular Season - 22
1268756,Liga 1 Indonesia,2024/2025,2025-02-10,Malut United,Pusamania Borneo,3,0,3-0,Regular Season - 22
1268758,Liga 1 Indonesia,2024/2025,2025-02-14,Semen Padang,Persita,2,0,2-0,Regular Season - 23
1268759,Liga 1 Indonesia,2024/2025,2025-02-14,Persik Kediri,Persis Solo,0,0,0-0,Regular Season - 23
1268760,Liga 1 Indonesia,2024/2025,2025-02-15,Persepam Madura Utd,Dewa United,3,1,3-1,Regular Season - 23
1268761,Liga 1 Indonesia,2024/2025,2025-02-15,Persebaya Surabaya,PSBS Biak Numfor,1,0,1-0,Regular Season - 23
1268762,Liga 1 Indonesia,2024/2025,2025-02-16,Persija Jakarta,Persib Bandung,2,2,2-2,Regular Season - 23
1268763,Liga 1 Indonesia,2024/2025,2025-02-16,Pusamania Borneo,Barito Putera,2,1,2-1,Regular Season - 23
1268764,Liga 1 Indonesia,2024/2025,2025-02-16,PSIS Semarang,PSM Makassar,1,1,1-1,Regular Season - 23
1268765,Liga 1 Indonesia,2024/2025,2025-02-17,Arema FC,PSS Sleman,6,2,6-2,Regular Season - 23
1268766,Liga 1 Indonesia,2024/2025,2025-02-17,Bali United,Malut United,1,1,1-1,Regular Season - 23
1268767,Liga 1 Indonesia,2024/2025,2025-02-21,PSBS Biak Numfor,Persik Kediri,1,1,1-1,Regular Season - 24
1268768,Liga 1 Indonesia,2024/2025,2025-02-21,Persis Solo,Semen Padang,1,1,1-1,Regular Season - 24
1268769,Liga 1 Indonesia,2024/2025,2025-02-21,Dewa United,Persebaya Surabaya,2,0,2-0,Regular Season - 24
1268770,Liga 1 Indonesia,2024/2025,2025-02-22,Persita,Pusamania Borneo,1,2,1-2,Regular Season - 24
1268771,Liga 1 Indonesia,2024/2025,2025-02-22,Persib Bandung,Persepam Madura Utd,0,0,0-0,Regular Season - 24
1268773,Liga 1 Indonesia,2024/2025,2025-02-23,PSM Makassar,Persija Jakarta,1,0,1-0,Regular Season - 24
1268772,Liga 1 Indonesia,2024/2025,2025-02-23,Malut United,PSS Sleman,1,0,1-0,Regular Season - 24
1268774,Liga 1 Indonesia,2024/2025,2025-02-24,Arema FC,PSIS Semarang,2,2,2-2,Regular Season - 24
1268775,Liga 1 Indonesia,2024/2025,2025-02-24,Barito Putera,Bali United,3,1,3-1,Regular Season - 24
1268778,Liga 1 Indonesia,2024/2025,2025-03-01,Persebaya Surabaya,Persib Bandung,4,1,4-1,Regular Season - 25
1268777,Liga 1 Indonesia,2024/2025,2025-03-01,Persik Kediri,Dewa United,1,2,1-2,Regular Season - 25
1268776,Liga 1 Indonesia,2024/2025,2025-03-01,Semen Padang,PSBS Biak Numfor,1,1,1-1,Regular Season - 25
1268779,Liga 1 Indonesia,2024/2025,2025-03-02,Pusamania Borneo,Persis Solo,0,1,0-1,Regular Season - 25
1268781,Liga 1 Indonesia,2024/2025,2025-03-02,Persepam Madura Utd,PSM Makassar,1,3,1-3,Regular Season - 25
1268780,Liga 1 Indonesia,2024/2025,2025-03-02,Bali United,Persita,1,1,1-1,Regular Season - 25
1268782,Liga 1 Indonesia,2024/2025,2025-03-03,PSS Sleman,Barito Putera,1,2,1-2,Regular Season - 25
1268783,Liga 1 Indonesia,2024/2025,2025-03-04,Malut United,Arema FC,2,1,2-1,Regular Season - 25
1268784,Liga 1 Indonesia,2024/2025,2025-03-05,Persija Jakarta,PSIS Semarang,2,0,2-0,Regular Season - 25
1268786,Liga 1 Indonesia,2024/2025,2025-03-05,Persib Bandung,Persik Kediri,4,1,4-1,Regular Season - 26
1268785,Liga 1 Indonesia,2024/2025,2025-03-05,Dewa United,Semen Padang,6,0,6-0,Regular Season - 26
1268787,Liga 1 Indonesia,2024/2025,2025-03-06,PSBS Biak Numfor,Pusamania Borneo,1,0,1-0,Regular Season - 26
1268788,Liga 1 Indonesia,2024/2025,2025-03-06,Persis Solo,Bali United,2,2,2-2,Regular Season - 26
1268789,Liga 1 Indonesia,2024/2025,2025-03-07,PSM Makassar,Persebaya Surabaya,0,1,0-1,Regular Season - 26
1268790,Liga 1 Indonesia,2024/2025,2025-03-07,Persita,PSS Sleman,1,2,1-2,Regular Season - 26
1268791,Liga 1 Indonesia,2024/2025,2025-03-08,Barito Putera,Malut United,1,1,1-1,Regular Season - 26
1268793,Liga 1 Indonesia,2024/2025,2025-03-09,Persija Jakarta,Arema FC,1,3,1-3,Regular Season - 26
1268794,Liga 1 Indonesia,2024/2025,2025-03-10,Dewa United,Pusamania Borneo,0,1,0-1,Regular Season - 27
1268795,Liga 1 Indonesia,2024/2025,2025-03-10,Semen Padang,Persib Bandung,1,4,1-4,Regular Season - 27
1268796,Liga 1 Indonesia,2024/2025,2025-03-11,Bali United,PSBS Biak Numfor,0,2,0-2,Regular Season - 27
1268797,Liga 1 Indonesia,2024/2025,2025-03-11,PSS Sleman,Persis Solo,1,4,1-4,Regular Season - 27
1268798,Liga 1 Indonesia,2024/2025,2025-03-11,Persik Kediri,PSM Makassar,2,2,2-2,Regular Season - 27
1268799,Liga 1 Indonesia,2024/2025,2025-03-12,Malut United,Persita,2,1,2-1,Regular Season - 27
1268800,Liga 1 Indonesia,2024/2025,2025-03-12,Persebaya Surabaya,PSIS Semarang,1,1,1-1,Regular Season - 27
1268802,Liga 1 Indonesia,2024/2025,2025-03-13,Arema FC,Barito Putera,4,2,4-2,Regular Season - 27
1268792,Liga 1 Indonesia,2024/2025,2025-03-16,PSIS Semarang,Persepam Madura Utd,1,2,1-2,Regular Season - 26
1268801,Liga 1 Indonesia,2024/2025,2025-04-06,Persepam Madura Utd,Persija Jakarta,1,0,1-0,Regular Season - 27
1268804,Liga 1 Indonesia,2024/2025,2025-04-10,PSM Makassar,Semen Padang,2,0,2-0,Regular Season - 28
1268805,Liga 1 Indonesia,2024/2025,2025-04-10,Bali United,Dewa United,0,0,0-0,Regular Season - 28
1268806,Liga 1 Indonesia,2024/2025,2025-04-11,PSIS Semarang,Persik Kediri,0,0,0-0,Regular Season - 28
1268803,Liga 1 Indonesia,2024/2025,2025-04-11,PSBS Biak Numfor,PSS Sleman,2,1,2-1,Regular Season - 28
1268807,Liga 1 Indonesia,2024/2025,2025-04-11,Pusamania Borneo,Persib Bandung,2,2,2-2,Regular Season - 28
1268808,Liga 1 Indonesia,2024/2025,2025-04-12,Persis Solo,Malut United,1,3,1-3,Regular Season - 28
1268809,Liga 1 Indonesia,2024/2025,2025-04-12,Persija Jakarta,Persebaya Surabaya,1,1,1-1,Regular Season - 28
1268810,Liga 1 Indonesia,2024/2025,2025-04-13,Persita,Barito Putera,2,1,2-1,Regular Season - 28
1268812,Liga 1 Indonesia,2024/2025,2025-04-17,Semen Padang,PSIS Semarang,3,2,3-2,Regular Season - 29
1268813,Liga 1 Indonesia,2024/2025,2025-04-17,PSS Sleman,Dewa United,0,1,0-1,Regular Season - 29
1268815,Liga 1 Indonesia,2024/2025,2025-04-18,Pusamania Borneo,PSM Makassar,1,1,1-1,Regular Season - 29
1268816,Liga 1 Indonesia,2024/2025,2025-04-18,Persib Bandung,Bali United,2,1,2-1,Regular Season - 29
1268814,Liga 1 Indonesia,2024/2025,2025-04-18,Malut United,PSBS Biak Numfor,1,1,1-1,Regular Season - 29
1268817,Liga 1 Indonesia,2024/2025,2025-04-19,Barito Putera,Persis Solo,0,1,0-1,Regular Season - 29
1268818,Liga 1 Indonesia,2024/2025,2025-04-19,Persik Kediri,Persija Jakarta,0,1,0-1,Regular Season - 29
1268819,Liga 1 Indonesia,2024/2025,2025-04-20,Persita,Arema FC,3,2,3-2,Regular Season - 29
1268820,Liga 1 Indonesia,2024/2025,2025-04-20,Persebaya Surabaya,Persepam Madura Utd,1,0,1-0,Regular Season - 29
1268811,Liga 1 Indonesia,2024/2025,2025-04-24,Arema FC,Persepam Madura Utd,0,1,0-1,Regular Season - 28
1268821,Liga 1 Indonesia,2024/2025,2025-04-25,PSIS Semarang,Pusamania Borneo,2,5,2-5,Regular Season - 30
1268822,Liga 1 Indonesia,2024/2025,2025-04-25,Dewa United,Malut United,1,2,1-2,Regular Season - 30
1268823,Liga 1 Indonesia,2024/2025,2025-04-25,PSM Makassar,Bali United,0,1,0-1,Regular Season - 30
1268824,Liga 1 Indonesia,2024/2025,2025-04-26,PSBS Biak Numfor,Barito Putera,2,1,2-1,Regular Season - 30
1268825,Liga 1 Indonesia,2024/2025,2025-04-26,Persib Bandung,PSS Sleman,3,0,3-0,Regular Season - 30
1268826,Liga 1 Indonesia,2024/2025,2025-04-27,Persis Solo,Persita,1,0,1-0,Regular Season - 30
1268827,Liga 1 Indonesia,2024/2025,2025-04-27,Persija Jakarta,Semen Padang,0,2,0-2,Regular Season - 30
1268828,Liga 1 Indonesia,2024/2025,2025-04-28,Arema FC,Persebaya Surabaya,1,1,1-1,Regular Season - 30
1268829,Liga 1 Indonesia,2024/2025,2025-04-28,Persepam Madura Utd,Persik Kediri,2,1,2-1,Regular Season - 30
1268830,Liga 1 Indonesia,2024/2025,2025-05-01,Bali United,PSIS Semarang,4,0,4-0,Regular Season - 31
1268832,Liga 1 Indonesia,2024/2025,2025-05-02,Barito Putera,Dewa United,1,1,1-1,Regular Season - 31
1268831,Liga 1 Indonesia,2024/2025,2025-05-02,Malut United,Persib Bandung,1,0,1-0,Regular Season - 31
1268833,Liga 1 Indonesia,2024/2025,2025-05-03,Persita,PSBS Biak Numfor,0,2,0-2,Regular Season - 31
1268834,Liga 1 Indonesia,2024/2025,2025-05-03,PSS Sleman,PSM Makassar,3,1,3-1,Regular Season - 31
1268835,Liga 1 Indonesia,2024/2025,2025-05-04,Semen Padang,Persepam Madura Utd,2,1,2-1,Regular Season - 31
1268836,Liga 1 Indonesia,2024/2025,2025-05-04,Pusamania Borneo,Persija Jakarta,1,0,1-0,Regular Season - 31
1268837,Liga 1 Indonesia,2024/2025,2025-05-05,Persik Kediri,Persebaya Surabaya,3,3,3-3,Regular Season - 31
1268838,Liga 1 Indonesia,2024/2025,2025-05-05,Persis Solo,Arema FC,0,1,0-1,Regular Season - 31
1268839,Liga 1 Indonesia,2024/2025,2025-05-09,PSIS Semarang,PSS Sleman,1,2,1-2,Regular Season - 32
1268840,Liga 1 Indonesia,2024/2025,2025-05-09,Dewa United,Persita,3,0,3-0,Regular Season - 32
1268841,Liga 1 Indonesia,2024/2025,2025-05-09,Persib Bandung,Barito Putera,1,1,1-1,Regular Season - 32
1268842,Liga 1 Indonesia,2024/2025,2025-05-10,PSM Makassar,Malut United,3,2,3-2,Regular Season - 32
1268843,Liga 1 Indonesia,2024/2025,2025-05-10,Persepam Madura Utd,Pusamania Borneo,2,3,2-3,Regular Season - 32
1268844,Liga 1 Indonesia,2024/2025,2025-05-10,Persija Jakarta,Bali United,3,0,3-0,Regular Season - 32
1268845,Liga 1 Indonesia,2024/2025,2025-05-11,PSBS Biak Numfor,Persis Solo,0,2,0-2,Regular Season - 32
1268846,Liga 1 Indonesia,2024/2025,2025-05-11,Arema FC,Persik Kediri,0,3,0-3,Regular Season - 32
1268847,Liga 1 Indonesia,2024/2025,2025-05-11,Persebaya Surabaya,Semen Padang,1,1,1-1,Regular Season - 32
1268849,Liga 1 Indonesia,2024/2025,2025-05-16,Persita,Persib Bandung,2,2,2-2,Regular Season - 33
1268848,Liga 1 Indonesia,2024/2025,2025-05-16,Malut United,PSIS Semarang,5,1,5-1,Regular Season - 33
1268851,Liga 1 Indonesia,2024/2025,2025-05-17,Bali United,Persepam Madura Utd,0,2,0-2,Regular Season - 33
1268850,Liga 1 Indonesia,2024/2025,2025-05-17,Barito Putera,PSM Makassar,1,4,1-4,Regular Season - 33
1268852,Liga 1 Indonesia,2024/2025,2025-05-17,PSS Sleman,Persija Jakarta,2,1,2-1,Regular Season - 33
1268853,Liga 1 Indonesia,2024/2025,2025-05-17,Persis Solo,Dewa United,1,1,1-1,Regular Season - 33
1268854,Liga 1 Indonesia,2024/2025,2025-05-18,PSBS Biak Numfor,Arema FC,2,2,2-2,Regular Season - 33
1268855,Liga 1 Indonesia,2024/2025,2025-05-18,Semen Padang,Persik Kediri,1,1,1-1,Regular Season - 33
1268856,Liga 1 Indonesia,2024/2025,2025-05-18,Pusamania Borneo,Persebaya Surabaya,1,1,1-1,Regular Season - 33
1268857,Liga 1 Indonesia,2024/2025,2025-05-23,Persik Kediri,Pusamania Borneo,1,2,1-2,Regular Season - 34
1268859,Liga 1 Indonesia,2024/2025,2025-05-23,Persija Jakarta,Malut United,0,0,0-0,Regular Season - 34
1268862,Liga 1 Indonesia,2024/2025,2025-05-23,PSM Makassar,Persita,1,0,1-0,Regular Season - 34
1268858,Liga 1 Indonesia,2024/2025,2025-05-23,Persebaya Surabaya,Bali United,1,3,1-3,Regular Season - 34
1268863,Liga 1 Indonesia,2024/2025,2025-05-23,Dewa United,PSBS Biak Numfor,4,0,4-0,Regular Season - 34
1268860,Liga 1 Indonesia,2024/2025,2025-05-24,Arema FC,Semen Padang,0,2,0-2,Regular Season - 34
1268864,Liga 1 Indonesia,2024/2025,2025-05-24,Persepam Madura Utd,PSS Sleman,0,3,0-3,Regular Season - 34
1268865,Liga 1 Indonesia,2024/2025,2025-05-24,Persib Bandung,Persis Solo,3,2,3-2,Regular Season - 34
1268861,Liga 1 Indonesia,2024/2025,2025-05-24,PSIS Semarang,Barito Putera,1,2,1-2,Regular Season - 34
1403562,Liga 1 Indonesia,2025/2026,2025-08-08,Pusamania Borneo,Bhayangkara FC,1,0,1-0,Regular Season - 1
1403564,Liga 1 Indonesia,2025/2026,2025-08-08,PSM Makassar,Persijap,1,1,1-1,Regular Season - 1
1403563,Liga 1 Indonesia,2025/2026,2025-08-08,Persebaya Surabaya,PSIM Yogyakarta,0,1,0-1,Regular Season - 1
1403565,Liga 1 Indonesia,2025/2026,2025-08-09,Persib Bandung,Semen Padang,2,0,2-0,Regular Season - 1
1403567,Liga 1 Indonesia,2025/2026,2025-08-09,Persepam Madura Utd,Persis Solo,1,2,1-2,Regular Season - 1
1403566,Liga 1 Indonesia,2025/2026,2025-08-09,Dewa United,Malut United,1,3,1-3,Regular Season - 1
1403568,Liga 1 Indonesia,2025/2026,2025-08-10,Bali United,Persik Kediri,1,1,1-1,Regular Season - 1
1403569,Liga 1 Indonesia,2025/2026,2025-08-10,Persija,Persita,4,0,4-0,Regular Season - 1
1403570,Liga 1 Indonesia,2025/2026,2025-08-11,Arema FC,PSBS Biak Numfor,4,1,4-1,Regular Season - 1
1403571,Liga 1 Indonesia,2025/2026,2025-08-15,Semen Padang,Dewa United,2,0,2-0,Regular Season - 2
1403572,Liga 1 Indonesia,2025/2026,2025-08-15,Malut United,Bali United,3,3,3-3,Regular Season - 2
1403575,Liga 1 Indonesia,2025/2026,2025-08-16,Bhayangkara FC,PSM Makassar,1,1,1-1,Regular Season - 2
1403574,Liga 1 Indonesia,2025/2026,2025-08-16,PSIM Yogyakarta,Arema FC,1,1,1-1,Regular Season - 2
1403573,Liga 1 Indonesia,2025/2026,2025-08-16,Persik Kediri,Persepam Madura Utd,1,2,1-2,Regular Season - 2
1403577,Liga 1 Indonesia,2025/2026,2025-08-16,Persita,Persebaya Surabaya,0,1,0-1,Regular Season - 2
1403576,Liga 1 Indonesia,2025/2026,2025-08-16,Persis Solo,Persija,0,3,0-3,Regular Season - 2
1403578,Liga 1 Indonesia,2025/2026,2025-08-18,PSBS Biak Numfor,Pusamania Borneo,0,1,0-1,Regular Season - 2
1403579,Liga 1 Indonesia,2025/2026,2025-08-18,Persijap,Persib Bandung,2,1,2-1,Regular Season - 2
1403580,Liga 1 Indonesia,2025/2026,2025-08-22,Arema FC,Bhayangkara FC,2,1,2-1,Regular Season - 3
1403581,Liga 1 Indonesia,2025/2026,2025-08-22,Semen Padang,PSM Makassar,1,1,1-1,Regular Season - 3
1403582,Liga 1 Indonesia,2025/2026,2025-08-22,Dewa United,Persik Kediri,3,1,3-1,Regular Season - 3
1403756,Liga 1 Indonesia,2025/2026,2025-08-23,PSBS Biak Numfor,Persis Solo,2,2,2-2,Regular Season - 3
1403583,Liga 1 Indonesia,2025/2026,2025-08-23,Persija,Malut United,1,1,1-1,Regular Season - 3
1403585,Liga 1 Indonesia,2025/2026,2025-08-23,Persebaya Surabaya,Bali United,5,2,5-2,Regular Season - 3
1403586,Liga 1 Indonesia,2025/2026,2025-08-24,Pusamania Borneo,Persijap,3,1,3-1,Regular Season - 3
1403587,Liga 1 Indonesia,2025/2026,2025-08-24,PSIM Yogyakarta,Persib Bandung,1,1,1-1,Regular Season - 3
1403588,Liga 1 Indonesia,2025/2026,2025-08-24,Persepam Madura Utd,Persita,1,1,1-1,Regular Season - 3
1403589,Liga 1 Indonesia,2025/2026,2025-08-29,Bhayangkara FC,Persis Solo,2,0,2-0,Regular Season - 4
1403593,Liga 1 Indonesia,2025/2026,2025-08-29,PSBS Biak Numfor,Persik Kediri,1,2,1-2,Regular Season - 4
1403591,Liga 1 Indonesia,2025/2026,2025-08-29,Dewa United,Persija,1,3,1-3,Regular Season - 4
1403592,Liga 1 Indonesia,2025/2026,2025-08-30,Persijap,Arema FC,0,0,0-0,Regular Season - 4
1403590,Liga 1 Indonesia,2025/2026,2025-08-30,Bali United,Persepam Madura Utd,1,0,1-0,Regular Season - 4
1403594,Liga 1 Indonesia,2025/2026,2025-08-30,Malut United,PSIM Yogyakarta,0,2,0-2,Regular Season - 4
1403598,Liga 1 Indonesia,2025/2026,2025-09-11,Semen Padang,PSBS Biak Numfor,1,2,1-2,Regular Season - 5
1403599,Liga 1 Indonesia,2025/2026,2025-09-11,Persita,PSM Makassar,2,1,2-1,Regular Season - 5
1403600,Liga 1 Indonesia,2025/2026,2025-09-12,Persib Bandung,Persebaya Surabaya,1,0,1-0,Regular Season - 5
1403601,Liga 1 Indonesia,2025/2026,2025-09-12,Persik Kediri,Malut United,2,1,2-1,Regular Season - 5
1403603,Liga 1 Indonesia,2025/2026,2025-09-12,Persepam Madura Utd,Bhayangkara FC,0,0,0-0,Regular Season - 5
1403602,Liga 1 Indonesia,2025/2026,2025-09-13,Arema FC,Dewa United,1,2,1-2,Regular Season - 5
1403604,Liga 1 Indonesia,2025/2026,2025-09-13,Persis Solo,Persijap,1,2,1-2,Regular Season - 5
1403605,Liga 1 Indonesia,2025/2026,2025-09-14,PSIM Yogyakarta,Pusamania Borneo,1,3,1-3,Regular Season - 5
1403606,Liga 1 Indonesia,2025/2026,2025-09-14,Persija,Bali United,1,1,1-1,Regular Season - 5
1403607,Liga 1 Indonesia,2025/2026,2025-09-19,Bhayangkara FC,Persik Kediri,1,0,1-0,Regular Season - 6
1403609,Liga 1 Indonesia,2025/2026,2025-09-19,Persebaya Surabaya,Semen Padang,1,0,1-0,Regular Season - 6
1403608,Liga 1 Indonesia,2025/2026,2025-09-19,Malut United,Persepam Madura Utd,4,1,4-1,Regular Season - 6
1403610,Liga 1 Indonesia,2025/2026,2025-09-20,Dewa United,PSBS Biak Numfor,3,1,3-1,Regular Season - 6
1403611,Liga 1 Indonesia,2025/2026,2025-09-20,Bali United,PSIM Yogyakarta,1,3,1-3,Regular Season - 6
1403614,Liga 1 Indonesia,2025/2026,2025-09-21,Persijap,Persita,1,2,1-2,Regular Season - 6
1403612,Liga 1 Indonesia,2025/2026,2025-09-21,PSM Makassar,Persija,2,0,2-0,Regular Season - 6
1403613,Liga 1 Indonesia,2025/2026,2025-09-22,Arema FC,Persib Bandung,1,2,1-2,Regular Season - 6
1403615,Liga 1 Indonesia,2025/2026,2025-09-22,Pusamania Borneo,Persis Solo,1,0,1-0,Regular Season - 6
1403619,Liga 1 Indonesia,2025/2026,2025-09-25,Bhayangkara FC,Malut United,0,1,0-1,Regular Season - 7
1403616,Liga 1 Indonesia,2025/2026,2025-09-25,PSBS Biak Numfor,Persepam Madura Utd,0,0,0-0,Regular Season - 7
1403617,Liga 1 Indonesia,2025/2026,2025-09-26,Semen Padang,Bali United,1,3,1-3,Regular Season - 7
1403618,Liga 1 Indonesia,2025/2026,2025-09-26,Dewa United,Persebaya Surabaya,1,1,1-1,Regular Season - 7
1403622,Liga 1 Indonesia,2025/2026,2025-09-27,PSM Makassar,PSIM Yogyakarta,0,0,0-0,Regular Season - 7
1403621,Liga 1 Indonesia,2025/2026,2025-09-27,Persita,Persib Bandung,2,1,2-1,Regular Season - 7
1403620,Liga 1 Indonesia,2025/2026,2025-09-27,Persijap,Persik Kediri,0,2,0-2,Regular Season - 7
1403624,Liga 1 Indonesia,2025/2026,2025-09-28,Persis Solo,Arema FC,2,2,2-2,Regular Season - 7
1403623,Liga 1 Indonesia,2025/2026,2025-09-28,Pusamania Borneo,Persija,3,1,3-1,Regular Season - 7
1403597,Liga 1 Indonesia,2025/2026,2025-10-04,Persita,Semen Padang,2,0,2-0,Regular Season - 4
1403634,Liga 1 Indonesia,2025/2026,2025-10-16,Dewa United,Persepam Madura Utd,0,2,0-2,Regular Season - 9
1403635,Liga 1 Indonesia,2025/2026,2025-10-17,Persita,PSIM Yogyakarta,4,0,4-0,Regular Season - 9
1403636,Liga 1 Indonesia,2025/2026,2025-10-17,PSBS Biak Numfor,Persib Bandung,0,3,0-3,Regular Season - 9
1403637,Liga 1 Indonesia,2025/2026,2025-10-18,Pusamania Borneo,Persik Kediri,2,0,2-0,Regular Season - 9
1403638,Liga 1 Indonesia,2025/2026,2025-10-18,Persebaya Surabaya,Persija,1,3,1-3,Regular Season - 9
1403639,Liga 1 Indonesia,2025/2026,2025-10-19,PSM Makassar,Arema FC,1,2,1-2,Regular Season - 9
1403640,Liga 1 Indonesia,2025/2026,2025-10-19,Persijap,Bali United,1,2,1-2,Regular Season - 9
1403641,Liga 1 Indonesia,2025/2026,2025-10-20,Semen Padang,Bhayangkara FC,0,1,0-1,Regular Season - 9
1403642,Liga 1 Indonesia,2025/2026,2025-10-20,Persis Solo,Malut United,1,3,1-3,Regular Season - 9
1403643,Liga 1 Indonesia,2025/2026,2025-10-22,PSIM Yogyakarta,Dewa United,2,0,2-0,Regular Season - 10
1403644,Liga 1 Indonesia,2025/2026,2025-10-24,PSBS Biak Numfor,Persebaya Surabaya,0,0,0-0,Regular Season - 10
1403645,Liga 1 Indonesia,2025/2026,2025-10-24,Persepam Madura Utd,Persija,0,1,0-1,Regular Season - 10
1403646,Liga 1 Indonesia,2025/2026,2025-10-25,Persik Kediri,PSM Makassar,1,1,1-1,Regular Season - 10
1403647,Liga 1 Indonesia,2025/2026,2025-10-25,Bali United,Persita,0,0,0-0,Regular Season - 10
1403648,Liga 1 Indonesia,2025/2026,2025-10-26,Arema FC,Pusamania Borneo,1,3,1-3,Regular Season - 10
1403649,Liga 1 Indonesia,2025/2026,2025-10-26,Malut United,Semen Padang,1,0,1-0,Regular Season - 10
1403650,Liga 1 Indonesia,2025/2026,2025-10-27,Bhayangkara FC,Persijap,2,0,2-0,Regular Season - 10
1403651,Liga 1 Indonesia,2025/2026,2025-10-27,Persib Bandung,Persis Solo,2,0,2-0,Regular Season - 10
1403652,Liga 1 Indonesia,2025/2026,2025-10-31,PSIM Yogyakarta,Persik Kediri,2,1,2-1,Regular Season - 11
1403653,Liga 1 Indonesia,2025/2026,2025-10-31,Persija,PSBS Biak Numfor,3,1,3-1,Regular Season - 11
1403654,Liga 1 Indonesia,2025/2026,2025-11-01,Bhayangkara FC,Persita,1,1,1-1,Regular Season - 11
1403655,Liga 1 Indonesia,2025/2026,2025-11-01,Bali United,Persib Bandung,0,1,0-1,Regular Season - 11
1403656,Liga 1 Indonesia,2025/2026,2025-11-02,PSM Makassar,Persepam Madura Utd,1,1,1-1,Regular Season - 11
1403657,Liga 1 Indonesia,2025/2026,2025-11-02,Persebaya Surabaya,Persis Solo,2,1,2-1,Regular Season - 11
1403658,Liga 1 Indonesia,2025/2026,2025-11-03,Persijap,Malut United,1,2,1-2,Regular Season - 11
1403659,Liga 1 Indonesia,2025/2026,2025-11-03,Semen Padang,Arema FC,1,2,1-2,Regular Season - 11
1403660,Liga 1 Indonesia,2025/2026,2025-11-05,Pusamania Borneo,Dewa United,4,0,4-0,Regular Season - 11
1403661,Liga 1 Indonesia,2025/2026,2025-11-06,PSBS Biak Numfor,Persita,2,1,2-1,Regular Season - 12
1403662,Liga 1 Indonesia,2025/2026,2025-11-07,Bhayangkara FC,Bali United,2,1,2-1,Regular Season - 12
1403663,Liga 1 Indonesia,2025/2026,2025-11-07,Persik Kediri,Persebaya Surabaya,1,1,1-1,Regular Season - 12
1403664,Liga 1 Indonesia,2025/2026,2025-11-08,Arema FC,Persija,1,2,1-2,Regular Season - 12
1403665,Liga 1 Indonesia,2025/2026,2025-11-08,Persis Solo,PSIM Yogyakarta,2,2,2-2,Regular Season - 12
1403666,Liga 1 Indonesia,2025/2026,2025-11-09,Dewa United,PSM Makassar,0,1,0-1,Regular Season - 12
1403668,Liga 1 Indonesia,2025/2026,2025-11-09,Persepam Madura Utd,Persijap,2,1,2-1,Regular Season - 12
1403667,Liga 1 Indonesia,2025/2026,2025-11-09,Semen Padang,Pusamania Borneo,0,2,0-2,Regular Season - 12
1403670,Liga 1 Indonesia,2025/2026,2025-11-20,Persijap,Semen Padang,1,2,1-2,Regular Season - 13
1403671,Liga 1 Indonesia,2025/2026,2025-11-20,Persija,Persik Kediri,3,1,3-1,Regular Season - 13
1403673,Liga 1 Indonesia,2025/2026,2025-11-21,PSM Makassar,PSBS Biak Numfor,5,0,5-0,Regular Season - 13
1403674,Liga 1 Indonesia,2025/2026,2025-11-21,Persib Bandung,Dewa United,1,0,1-0,Regular Season - 13
1403672,Liga 1 Indonesia,2025/2026,2025-11-22,Persebaya Surabaya,Arema FC,1,1,1-1,Regular Season - 13
1403676,Liga 1 Indonesia,2025/2026,2025-11-22,PSIM Yogyakarta,Bhayangkara FC,1,0,1-0,Regular Season - 13
1403675,Liga 1 Indonesia,2025/2026,2025-11-22,Pusamania Borneo,Persepam Madura Utd,1,0,1-0,Regular Season - 13
1403677,Liga 1 Indonesia,2025/2026,2025-11-23,Persita,Malut United,0,0,0-0,Regular Season - 13
1403678,Liga 1 Indonesia,2025/2026,2025-11-23,Bali United,Persis Solo,0,0,0-0,Regular Season - 13
1403680,Liga 1 Indonesia,2025/2026,2025-11-27,Persik Kediri,Semen Padang,2,1,2-1,Regular Season - 14
1403679,Liga 1 Indonesia,2025/2026,2025-11-27,PSBS Biak Numfor,Persijap,3,2,3-2,Regular Season - 14
1403681,Liga 1 Indonesia,2025/2026,2025-11-28,Bhayangkara FC,Persebaya Surabaya,1,1,1-1,Regular Season - 14
1403682,Liga 1 Indonesia,2025/2026,2025-11-28,Persija,PSIM Yogyakarta,2,0,2-0,Regular Season - 14
1403685,Liga 1 Indonesia,2025/2026,2025-11-29,Malut United,Arema FC,1,1,1-1,Regular Season - 14
1403684,Liga 1 Indonesia,2025/2026,2025-11-29,Dewa United,Persita,1,0,1-0,Regular Season - 14
1403683,Liga 1 Indonesia,2025/2026,2025-11-29,Persis Solo,PSM Makassar,3,4,3-4,Regular Season - 14
1403686,Liga 1 Indonesia,2025/2026,2025-11-30,Pusamania Borneo,Bali United,0,1,0-1,Regular Season - 14
1403687,Liga 1 Indonesia,2025/2026,2025-11-30,Persepam Madura Utd,Persib Bandung,1,4,1-4,Regular Season - 14
1403596,Liga 1 Indonesia,2025/2026,2025-12-05,Persib Bandung,Pusamania Borneo,3,1,3-1,Regular Season - 4
1403595,Liga 1 Indonesia,2025/2026,2025-12-06,PSM Makassar,Persebaya Surabaya,1,1,1-1,Regular Season - 4
1403669,Liga 1 Indonesia,2025/2026,2025-12-14,Malut United,Persib Bandung,2,0,2-0,Regular Season - 12
1403688,Liga 1 Indonesia,2025/2026,2025-12-20,Dewa United,Persis Solo,5,1,5-1,Regular Season - 15
1403689,Liga 1 Indonesia,2025/2026,2025-12-20,Persebaya Surabaya,Pusamania Borneo,2,2,2-2,Regular Season - 15
1403691,Liga 1 Indonesia,2025/2026,2025-12-21,PSM Makassar,Malut United,0,1,0-1,Regular Season - 15
1403690,Liga 1 Indonesia,2025/2026,2025-12-21,Persita,Persik Kediri,3,0,3-0,Regular Season - 15
1403692,Liga 1 Indonesia,2025/2026,2025-12-21,Persib Bandung,Bhayangkara FC,2,0,2-0,Regular Season - 15
1403693,Liga 1 Indonesia,2025/2026,2025-12-22,PSBS Biak Numfor,Bali United,0,3,0-3,Regular Season - 15
1403694,Liga 1 Indonesia,2025/2026,2025-12-22,Semen Padang,Persija,1,0,1-0,Regular Season - 15
1403695,Liga 1 Indonesia,2025/2026,2025-12-23,Arema FC,Persepam Madura Utd,2,2,2-2,Regular Season - 15
1403696,Liga 1 Indonesia,2025/2026,2025-12-23,Persijap,PSIM Yogyakarta,1,1,1-1,Regular Season - 15
1403627,Liga 1 Indonesia,2025/2026,2025-12-27,Persik Kediri,Persis Solo,2,1,2-1,Regular Season - 8
1403633,Liga 1 Indonesia,2025/2026,2025-12-27,Persib Bandung,PSM Makassar,1,0,1-0,Regular Season - 8
1403630,Liga 1 Indonesia,2025/2026,2025-12-28,Malut United,Pusamania Borneo,3,2,3-2,Regular Season - 8
1477045,Liga 1 Indonesia,2025/2026,2025-12-28,Persebaya Surabaya,Persijap,4,0,4-0,Regular Season - 8
1403628,Liga 1 Indonesia,2025/2026,2025-12-28,Persepam Madura Utd,Semen Padang,5,1,5-1,Regular Season - 8
1403626,Liga 1 Indonesia,2025/2026,2025-12-29,Bali United,Dewa United,0,0,0-0,Regular Season - 8
1403625,Liga 1 Indonesia,2025/2026,2025-12-29,PSIM Yogyakarta,PSBS Biak Numfor,2,2,2-2,Regular Season - 8
1403629,Liga 1 Indonesia,2025/2026,2025-12-29,Persija,Bhayangkara FC,3,0,3-0,Regular Season - 8
1403632,Liga 1 Indonesia,2025/2026,2025-12-30,Arema FC,Persita,0,1,0-1,Regular Season - 8
1403697,Liga 1 Indonesia,2025/2026,2026-01-03,Pusamania Borneo,PSM Makassar,2,1,2-1,Regular Season - 16
1403698,Liga 1 Indonesia,2025/2026,2026-01-03,Persija,Persijap,2,0,2-0,Regular Season - 16
1403699,Liga 1 Indonesia,2025/2026,2026-01-03,Persepam Madura Utd,Persebaya Surabaya,0,1,0-1,Regular Season - 16
1403703,Liga 1 Indonesia,2025/2026,2026-01-04,Malut United,PSBS Biak Numfor,6,2,6-2,Regular Season - 16
1403701,Liga 1 Indonesia,2025/2026,2026-01-04,PSIM Yogyakarta,Semen Padang,1,0,1-0,Regular Season - 16
1403700,Liga 1 Indonesia,2025/2026,2026-01-04,Persis Solo,Persita,1,3,1-3,Regular Season - 16
1403702,Liga 1 Indonesia,2025/2026,2026-01-04,Bali United,Arema FC,1,0,1-0,Regular Season - 16
1403704,Liga 1 Indonesia,2025/2026,2026-01-05,Bhayangkara FC,Dewa United,1,0,1-0,Regular Season - 16
1403705,Liga 1 Indonesia,2025/2026,2026-01-05,Persik Kediri,Persib Bandung,1,1,1-1,Regular Season - 16
1403706,Liga 1 Indonesia,2025/2026,2026-01-09,Persita,Pusamania Borneo,2,0,2-0,Regular Season - 17
1403707,Liga 1 Indonesia,2025/2026,2026-01-09,PSM Makassar,Bali United,0,2,0-2,Regular Season - 17
1403709,Liga 1 Indonesia,2025/2026,2026-01-10,Persebaya Surabaya,Malut United,2,1,2-1,Regular Season - 17
1403708,Liga 1 Indonesia,2025/2026,2026-01-10,Persepam Madura Utd,PSIM Yogyakarta,0,3,0-3,Regular Season - 17
1403712,Liga 1 Indonesia,2025/2026,2026-01-11,Arema FC,Persik Kediri,2,1,2-1,Regular Season - 17
1403710,Liga 1 Indonesia,2025/2026,2026-01-11,Persib Bandung,Persija,1,0,1-0,Regular Season - 17
1403713,Liga 1 Indonesia,2025/2026,2026-01-11,Semen Padang,Persis Solo,2,3,2-3,Regular Season - 17
1403711,Liga 1 Indonesia,2025/2026,2026-01-12,PSBS Biak Numfor,Bhayangkara FC,4,1,4-1,Regular Season - 17
1403714,Liga 1 Indonesia,2025/2026,2026-01-12,Persijap,Dewa United,0,3,0-3,Regular Season - 17
1403715,Liga 1 Indonesia,2025/2026,2026-01-23,Persis Solo,Pusamania Borneo,0,1,0-1,Regular Season - 18
1403716,Liga 1 Indonesia,2025/2026,2026-01-23,Persija,Persepam Madura Utd,2,0,2-0,Regular Season - 18
1403719,Liga 1 Indonesia,2025/2026,2026-01-24,Malut United,Persik Kediri,4,0,4-0,Regular Season - 18
1403717,Liga 1 Indonesia,2025/2026,2026-01-24,Bali United,Semen Padang,3,3,3-3,Regular Season - 18
1403718,Liga 1 Indonesia,2025/2026,2026-01-24,Persita,Bhayangkara FC,1,1,1-1,Regular Season - 18
1403720,Liga 1 Indonesia,2025/2026,2026-01-24,Persijap,PSM Makassar,2,0,2-0,Regular Season - 18
1403721,Liga 1 Indonesia,2025/2026,2026-01-25,PSIM Yogyakarta,Persebaya Surabaya,0,3,0-3,Regular Season - 18
1403722,Liga 1 Indonesia,2025/2026,2026-01-25,Persib Bandung,PSBS Biak Numfor,1,0,1-0,Regular Season - 18
1403723,Liga 1 Indonesia,2025/2026,2026-01-26,Dewa United,Arema FC,2,0,2-0,Regular Season - 18
1403724,Liga 1 Indonesia,2025/2026,2026-01-30,Persik Kediri,Bali United,3,2,3-2,Regular Season - 19
1403725,Liga 1 Indonesia,2025/2026,2026-01-30,Persita,Persija,0,2,0-2,Regular Season - 19
1403728,Liga 1 Indonesia,2025/2026,2026-01-31,Malut United,Bhayangkara FC,1,2,1-2,Regular Season - 19
1403726,Liga 1 Indonesia,2025/2026,2026-01-31,Persis Solo,Persib Bandung,0,1,0-1,Regular Season - 19
1403727,Liga 1 Indonesia,2025/2026,2026-01-31,Persepam Madura Utd,PSBS Biak Numfor,0,0,0-0,Regular Season - 19
1403729,Liga 1 Indonesia,2025/2026,2026-02-01,Pusamania Borneo,PSIM Yogyakarta,2,1,2-1,Regular Season - 19
1403730,Liga 1 Indonesia,2025/2026,2026-02-01,Persebaya Surabaya,Dewa United,1,1,1-1,Regular Season - 19
1403731,Liga 1 Indonesia,2025/2026,2026-02-02,Arema FC,Persijap,1,0,1-0,Regular Season - 19
1403732,Liga 1 Indonesia,2025/2026,2026-02-02,PSM Makassar,Semen Padang,0,0,0-0,Regular Season - 19
1403733,Liga 1 Indonesia,2025/2026,2026-02-06,PSIM Yogyakarta,Persis Solo,0,0,0-0,Regular Season - 20
1403734,Liga 1 Indonesia,2025/2026,2026-02-06,Persib Bandung,Malut United,2,0,2-0,Regular Season - 20
1403736,Liga 1 Indonesia,2025/2026,2026-02-07,Bhayangkara FC,Pusamania Borneo,1,2,1-2,Regular Season - 20
1477046,Liga 1 Indonesia,2025/2026,2026-02-07,Persik Kediri,Dewa United,2,1,2-1,Regular Season - 20
1403737,Liga 1 Indonesia,2025/2026,2026-02-07,Bali United,Persebaya Surabaya,1,3,1-3,Regular Season - 20
1403738,Liga 1 Indonesia,2025/2026,2026-02-07,Persijap,Persepam Madura Utd,1,0,1-0,Regular Season - 20
1403740,Liga 1 Indonesia,2025/2026,2026-02-08,Semen Padang,Persita,1,0,1-0,Regular Season - 20
1403739,Liga 1 Indonesia,2025/2026,2026-02-08,PSBS Biak Numfor,PSM Makassar,1,2,1-2,Regular Season - 20
1403741,Liga 1 Indonesia,2025/2026,2026-02-08,Persija,Arema FC,0,2,0-2,Regular Season - 20
1403742,Liga 1 Indonesia,2025/2026,2026-02-13,Persik Kediri,PSIM Yogyakarta,2,2,2-2,Regular Season - 21
1403743,Liga 1 Indonesia,2025/2026,2026-02-13,Persis Solo,Persepam Madura Utd,2,2,2-2,Regular Season - 21
1403744,Liga 1 Indonesia,2025/2026,2026-02-13,Malut United,Persijap,4,0,4-0,Regular Season - 21
1403745,Liga 1 Indonesia,2025/2026,2026-02-14,PSM Makassar,Dewa United,0,2,0-2,Regular Season - 21
1403746,Liga 1 Indonesia,2025/2026,2026-02-14,Persebaya Surabaya,Bhayangkara FC,1,2,1-2,Regular Season - 21
1403747,Liga 1 Indonesia,2025/2026,2026-02-15,Arema FC,Semen Padang,3,0,3-0,Regular Season - 21
1403748,Liga 1 Indonesia,2025/2026,2026-02-15,Bali United,Persija,0,1,0-1,Regular Season - 21
1403749,Liga 1 Indonesia,2025/2026,2026-02-16,Persita,PSBS Biak Numfor,2,1,2-1,Regular Season - 21
1403752,Liga 1 Indonesia,2025/2026,2026-02-20,Persik Kediri,Bhayangkara FC,3,4,3-4,Regular Season - 22
1403751,Liga 1 Indonesia,2025/2026,2026-02-20,Persija,PSM Makassar,2,1,2-1,Regular Season - 22
1403753,Liga 1 Indonesia,2025/2026,2026-02-20,Semen Padang,Malut United,2,2,2-2,Regular Season - 22
1403754,Liga 1 Indonesia,2025/2026,2026-02-21,Persepam Madura Utd,Arema FC,2,2,2-2,Regular Season - 22
1403584,Liga 1 Indonesia,2025/2026,2026-02-21,Persis Solo,PSBS Biak Numfor,1,1,1-1,Regular Season - 22
1403755,Liga 1 Indonesia,2025/2026,2026-02-21,Persijap,Persebaya Surabaya,3,1,3-1,Regular Season - 22
1403758,Liga 1 Indonesia,2025/2026,2026-02-22,Persib Bandung,Persita,1,0,1-0,Regular Season - 22
1403757,Liga 1 Indonesia,2025/2026,2026-02-22,Dewa United,Pusamania Borneo,2,1,2-1,Regular Season - 22
1403759,Liga 1 Indonesia,2025/2026,2026-02-23,PSIM Yogyakarta,Bali United,3,3,3-3,Regular Season - 22
1403760,Liga 1 Indonesia,2025/2026,2026-02-24,Malut United,Persija,2,3,2-3,Regular Season - 23
1403761,Liga 1 Indonesia,2025/2026,2026-02-24,Bhayangkara FC,Semen Padang,4,0,4-0,Regular Season - 23
1403762,Liga 1 Indonesia,2025/2026,2026-02-25,Persebaya Surabaya,PSM Makassar,1,0,1-0,Regular Season - 23
1403763,Liga 1 Indonesia,2025/2026,2026-02-26,Pusamania Borneo,Arema FC,3,1,3-1,Regular Season - 23
1403764,Liga 1 Indonesia,2025/2026,2026-02-26,Persib Bandung,Persepam Madura Utd,5,0,5-0,Regular Season - 23
1403765,Liga 1 Indonesia,2025/2026,2026-02-26,Persita,Dewa United,0,1,0-1,Regular Season - 23
1403766,Liga 1 Indonesia,2025/2026,2026-02-27,PSBS Biak Numfor,PSIM Yogyakarta,2,4,2-4,Regular Season - 23
1403767,Liga 1 Indonesia,2025/2026,2026-02-28,Bali United,Persijap,0,0,0-0,Regular Season - 23
1403768,Liga 1 Indonesia,2025/2026,2026-03-01,Persis Solo,Persik Kediri,2,1,2-1,Regular Season - 23
1403769,Liga 1 Indonesia,2025/2026,2026-03-01,Dewa United,Bhayangkara FC,0,2,0-2,Regular Season - 24
1403771,Liga 1 Indonesia,2025/2026,2026-03-02,PSM Makassar,Persita,2,4,2-4,Regular Season - 24
1403770,Liga 1 Indonesia,2025/2026,2026-03-02,Persebaya Surabaya,Persib Bandung,2,2,2-2,Regular Season - 24
1403772,Liga 1 Indonesia,2025/2026,2026-03-03,Persepam Madura Utd,Malut United,1,2,1-2,Regular Season - 24
1403773,Liga 1 Indonesia,2025/2026,2026-03-03,Persija,Pusamania Borneo,2,2,2-2,Regular Season - 24
1403774,Liga 1 Indonesia,2025/2026,2026-03-04,Semen Padang,PSIM Yogyakarta,0,0,0-0,Regular Season - 24
1403776,Liga 1 Indonesia,2025/2026,2026-03-05,Persik Kediri,PSBS Biak Numfor,2,1,2-1,Regular Season - 24
1403775,Liga 1 Indonesia,2025/2026,2026-03-05,Persijap,Persis Solo,0,0,0-0,Regular Season - 24
1403777,Liga 1 Indonesia,2025/2026,2026-03-06,Arema FC,Bali United,3,4,3-4,Regular Season - 24
1403778,Liga 1 Indonesia,2025/2026,2026-03-07,Malut United,PSM Makassar,3,3,3-3,Regular Season - 25
1403779,Liga 1 Indonesia,2025/2026,2026-03-07,Pusamania Borneo,Persebaya Surabaya,5,1,5-1,Regular Season - 25
1403780,Liga 1 Indonesia,2025/2026,2026-03-07,Persita,Persepam Madura Utd,4,1,4-1,Regular Season - 25
1403782,Liga 1 Indonesia,2025/2026,2026-03-09,Persib Bandung,Persik Kediri,3,0,3-0,Regular Season - 25
1403783,Liga 1 Indonesia,2025/2026,2026-03-09,PSBS Biak Numfor,Semen Padang,0,2,0-2,Regular Season - 25
1403784,Liga 1 Indonesia,2025/2026,2026-03-10,Bhayangkara FC,Arema FC,2,1,2-1,Regular Season - 25
1403785,Liga 1 Indonesia,2025/2026,2026-03-11,PSIM Yogyakarta,Persijap,2,2,2-2,Regular Season - 25
1403786,Liga 1 Indonesia,2025/2026,2026-03-12,Persis Solo,Bali United,3,0,3-0,Regular Season - 25
1403750,Liga 1 Indonesia,2025/2026,2026-03-15,Pusamania Borneo,Persib Bandung,1,1,1-1,Regular Season - 21
1403781,Liga 1 Indonesia,2025/2026,2026-03-15,Persija,Dewa United,1,1,1-1,Regular Season - 25
1403787,Liga 1 Indonesia,2025/2026,2026-04-03,Arema FC,Malut United,1,1,1-1,Regular Season - 26
1403788,Liga 1 Indonesia,2025/2026,2026-04-03,Dewa United,PSIM Yogyakarta,1,0,1-0,Regular Season - 26
1403789,Liga 1 Indonesia,2025/2026,2026-04-04,PSM Makassar,Persis Solo,1,1,1-1,Regular Season - 26
1403790,Liga 1 Indonesia,2025/2026,2026-04-04,Persebaya Surabaya,Persita,1,0,1-0,Regular Season - 26
1403791,Liga 1 Indonesia,2025/2026,2026-04-05,Bhayangkara FC,Persija,3,2,3-2,Regular Season - 26
1403792,Liga 1 Indonesia,2025/2026,2026-04-05,Persepam Madura Utd,Pusamania Borneo,1,3,1-3,Regular Season - 26
1403793,Liga 1 Indonesia,2025/2026,2026-04-05,Semen Padang,Persib Bandung,0,2,0-2,Regular Season - 26
1403794,Liga 1 Indonesia,2025/2026,2026-04-06,Persik Kediri,Persijap,0,0,0-0,Regular Season - 26
1403795,Liga 1 Indonesia,2025/2026,2026-04-06,Bali United,PSBS Biak Numfor,6,1,6-1,Regular Season - 26
1403796,Liga 1 Indonesia,2025/2026,2026-04-10,PSIM Yogyakarta,PSM Makassar,1,2,1-2,Regular Season - 27
1403797,Liga 1 Indonesia,2025/2026,2026-04-10,Persita,Arema FC,0,1,0-1,Regular Season - 27
1403798,Liga 1 Indonesia,2025/2026,2026-04-11,Pusamania Borneo,PSBS Biak Numfor,5,1,5-1,Regular Season - 27
1403799,Liga 1 Indonesia,2025/2026,2026-04-11,Persepam Madura Utd,Persik Kediri,2,1,2-1,Regular Season - 27
1403800,Liga 1 Indonesia,2025/2026,2026-04-11,Persija,Persebaya Surabaya,3,0,3-0,Regular Season - 27
1403801,Liga 1 Indonesia,2025/2026,2026-04-11,Persijap,Bhayangkara FC,2,1,2-1,Regular Season - 27
1403802,Liga 1 Indonesia,2025/2026,2026-04-12,Persis Solo,Semen Padang,2,1,2-1,Regular Season - 27
1403804,Liga 1 Indonesia,2025/2026,2026-04-12,Persib Bandung,Bali United,3,2,3-2,Regular Season - 27
1403803,Liga 1 Indonesia,2025/2026,2026-04-12,Malut United,Dewa United,1,2,1-2,Regular Season - 27
1403805,Liga 1 Indonesia,2025/2026,2026-04-17,Bhayangkara FC,PSIM Yogyakarta,2,1,2-1,Regular Season - 28
1403806,Liga 1 Indonesia,2025/2026,2026-04-17,Persebaya Surabaya,Persepam Madura Utd,1,2,1-2,Regular Season - 28
1403807,Liga 1 Indonesia,2025/2026,2026-04-18,Arema FC,Persis Solo,2,0,2-0,Regular Season - 28
1403809,Liga 1 Indonesia,2025/2026,2026-04-18,PSM Makassar,Pusamania Borneo,1,2,1-2,Regular Season - 28
1403808,Liga 1 Indonesia,2025/2026,2026-04-18,PSBS Biak Numfor,Persija,0,1,0-1,Regular Season - 28
1403810,Liga 1 Indonesia,2025/2026,2026-04-19,Persik Kediri,Persita,1,0,1-0,Regular Season - 28
1403811,Liga 1 Indonesia,2025/2026,2026-04-19,Bali United,Malut United,4,1,4-1,Regular Season - 28
1403812,Liga 1 Indonesia,2025/2026,2026-04-20,Semen Padang,Persijap,0,2,0-2,Regular Season - 28
1403813,Liga 1 Indonesia,2025/2026,2026-04-20,Dewa United,Persib Bandung,2,2,2-2,Regular Season - 28
1403815,Liga 1 Indonesia,2025/2026,2026-04-22,PSIM Yogyakarta,Persija,1,1,1-1,Regular Season - 29
1403814,Liga 1 Indonesia,2025/2026,2026-04-22,Persis Solo,Bhayangkara FC,2,1,2-1,Regular Season - 29
1403817,Liga 1 Indonesia,2025/2026,2026-04-23,PSM Makassar,Persik Kediri,3,1,3-1,Regular Season - 29
1403816,Liga 1 Indonesia,2025/2026,2026-04-23,Persita,Bali United,0,1,0-1,Regular Season - 29
1403818,Liga 1 Indonesia,2025/2026,2026-04-23,Malut United,Persebaya Surabaya,0,2,0-2,Regular Season - 29
1403819,Liga 1 Indonesia,2025/2026,2026-04-24,Persijap,PSBS Biak Numfor,2,0,2-0,Regular Season - 29
1403820,Liga 1 Indonesia,2025/2026,2026-04-24,Persib Bandung,Arema FC,0,0,0-0,Regular Season - 29
1403822,Liga 1 Indonesia,2025/2026,2026-04-25,Persepam Madura Utd,Dewa United,1,2,1-2,Regular Season - 29
1403821,Liga 1 Indonesia,2025/2026,2026-04-25,Pusamania Borneo,Semen Padang,3,0,3-0,Regular Season - 29
1403823,Liga 1 Indonesia,2025/2026,2026-04-27,Bali United,PSM Makassar,2,0,2-0,Regular Season - 30
1403824,Liga 1 Indonesia,2025/2026,2026-04-27,Persija,Persis Solo,4,0,4-0,Regular Season - 30
1403825,Liga 1 Indonesia,2025/2026,2026-04-28,Arema FC,Persebaya Surabaya,0,4,0-4,Regular Season - 30
1403826,Liga 1 Indonesia,2025/2026,2026-04-28,PSBS Biak Numfor,Malut United,0,7,0-7,Regular Season - 30
1403828,Liga 1 Indonesia,2025/2026,2026-04-29,Semen Padang,Persepam Madura Utd,0,1,0-1,Regular Season - 30
1403827,Liga 1 Indonesia,2025/2026,2026-04-29,Persik Kediri,Pusamania Borneo,0,1,0-1,Regular Season - 30
1403829,Liga 1 Indonesia,2025/2026,2026-04-29,Dewa United,Persijap,1,0,1-0,Regular Season - 30
1403830,Liga 1 Indonesia,2025/2026,2026-04-30,PSIM Yogyakarta,Persita,0,1,0-1,Regular Season - 30
1403831,Liga 1 Indonesia,2025/2026,2026-04-30,Bhayangkara FC,Persib Bandung,2,4,2-4,Regular Season - 30
1403832,Liga 1 Indonesia,2025/2026,2026-05-02,Persebaya Surabaya,PSBS Biak Numfor,4,0,4-0,Regular Season - 31
1403833,Liga 1 Indonesia,2025/2026,2026-05-02,Malut United,Persis Solo,5,2,5-2,Regular Season - 31
1403834,Liga 1 Indonesia,2025/2026,2026-05-03,Persik Kediri,Arema FC,3,2,3-2,Regular Season - 31
1403835,Liga 1 Indonesia,2025/2026,2026-05-03,Dewa United,Semen Padang,1,0,1-0,Regular Season - 31
1403837,Liga 1 Indonesia,2025/2026,2026-05-04,PSM Makassar,Bhayangkara FC,2,1,2-1,Regular Season - 31
1403836,Liga 1 Indonesia,2025/2026,2026-05-04,Persib Bandung,PSIM Yogyakarta,1,0,1-0,Regular Season - 31
1403838,Liga 1 Indonesia,2025/2026,2026-05-04,Persijap,Persija,0,2,0-2,Regular Season - 31
1403840,Liga 1 Indonesia,2025/2026,2026-05-05,Persepam Madura Utd,Bali United,2,0,2-0,Regular Season - 31
1403839,Liga 1 Indonesia,2025/2026,2026-05-05,Pusamania Borneo,Persita,2,0,2-0,Regular Season - 31
1403841,Liga 1 Indonesia,2025/2026,2026-05-08,Semen Padang,Persik Kediri,0,3,0-3,Regular Season - 32
1403842,Liga 1 Indonesia,2025/2026,2026-05-08,PSBS Biak Numfor,Dewa United,0,5,0-5,Regular Season - 32
1403843,Liga 1 Indonesia,2025/2026,2026-05-09,Arema FC,PSM Makassar,3,0,3-0,Regular Season - 32
1403844,Liga 1 Indonesia,2025/2026,2026-05-09,Persis Solo,Persebaya Surabaya,0,0,0-0,Regular Season - 32
1403846,Liga 1 Indonesia,2025/2026,2026-05-10,Persita,Persijap,0,3,0-3,Regular Season - 32
1403845,Liga 1 Indonesia,2025/2026,2026-05-10,Persija,Persib Bandung,1,2,1-2,Regular Season - 32
1403847,Liga 1 Indonesia,2025/2026,2026-05-10,PSIM Yogyakarta,Malut United,2,0,2-0,Regular Season - 32
1403849,Liga 1 Indonesia,2025/2026,2026-05-11,Bhayangkara FC,Persepam Madura Utd,3,1,3-1,Regular Season - 32
1403848,Liga 1 Indonesia,2025/2026,2026-05-11,Bali United,Pusamania Borneo,2,3,2-3,Regular Season - 32
1403850,Liga 1 Indonesia,2025/2026,2026-05-15,Semen Padang,Persebaya Surabaya,0,7,0-7,Regular Season - 33
1403851,Liga 1 Indonesia,2025/2026,2026-05-15,PSBS Biak Numfor,Arema FC,2,5,2-5,Regular Season - 33
1403852,Liga 1 Indonesia,2025/2026,2026-05-16,Persik Kediri,Persija,1,3,1-3,Regular Season - 33
1403854,Liga 1 Indonesia,2025/2026,2026-05-16,Persis Solo,Dewa United,1,0,1-0,Regular Season - 33
1403853,Liga 1 Indonesia,2025/2026,2026-05-16,Malut United,Persita,1,1,1-1,Regular Season - 33
1403855,Liga 1 Indonesia,2025/2026,2026-05-17,Bali United,Bhayangkara FC,4,1,4-1,Regular Season - 33
1403858,Liga 1 Indonesia,2025/2026,2026-05-17,PSM Makassar,Persib Bandung,1,2,1-2,Regular Season - 33
1403857,Liga 1 Indonesia,2025/2026,2026-05-17,PSIM Yogyakarta,Persepam Madura Utd,2,1,2-1,Regular Season - 33
1403856,Liga 1 Indonesia,2025/2026,2026-05-17,Persijap,Pusamania Borneo,0,0,0-0,Regular Season - 33
1403859,Liga 1 Indonesia,2025/2026,2026-05-22,Arema FC,PSIM Yogyakarta,3,1,3-1,Regular Season - 34
1403861,Liga 1 Indonesia,2025/2026,2026-05-22,Dewa United,Bali United,0,1,0-1,Regular Season - 34
1403860,Liga 1 Indonesia,2025/2026,2026-05-23,Pusamania Borneo,Malut United,7,1,7-1,Regular Season - 34
1403862,Liga 1 Indonesia,2025/2026,2026-05-23,Bhayangkara FC,PSBS Biak Numfor,7,0,7-0,Regular Season - 34
1403863,Liga 1 Indonesia,2025/2026,2026-05-23,Persepam Madura Utd,PSM Makassar,2,0,2-0,Regular Season - 34
1403865,Liga 1 Indonesia,2025/2026,2026-05-23,Persib Bandung,Persijap,0,0,0-0,Regular Season - 34
1403864,Liga 1 Indonesia,2025/2026,2026-05-23,Persebaya Surabaya,Persik Kediri,5,0,5-0,Regular Season - 34
1403867,Liga 1 Indonesia,2025/2026,2026-05-23,Persita,Persis Solo,1,3,1-3,Regular Season - 34
1403866,Liga 1 Indonesia,2025/2026,2026-05-23,Persija,Semen Padang,3,0,3-0,Regular Season - 34
824567,V.League 1 Vietnam,2022/2023,2022-02-25,Binh Duong,Song Lam Nghe An,0,1,0-1,Regular Season - 1
824566,V.League 1 Vietnam,2022/2023,2022-02-25,Binh Dinh,Viettel,0,2,0-2,Regular Season - 1
824569,V.League 1 Vietnam,2022/2023,2022-02-25,Hồng Lĩnh Hà Tĩnh,Hai Phong,0,1,0-1,Regular Season - 1
824568,V.League 1 Vietnam,2022/2023,2022-02-26,Nam Dinh,Hoang Anh Gia Lai,0,0,0-0,Regular Season - 1
824565,V.League 1 Vietnam,2022/2023,2022-02-26,Sai Gon,Da Nang,2,2,2-2,Regular Season - 1
839925,V.League 1 Vietnam,2022/2023,2022-03-01,Song Lam Nghe An,Binh Dinh,1,2,1-2,Regular Season - 2
839924,V.League 1 Vietnam,2022/2023,2022-03-01,Thanh Hóa,Binh Duong,0,1,0-1,Regular Season - 2
839927,V.League 1 Vietnam,2022/2023,2022-03-02,Da Nang,Ho Chi Minh,0,0,0-0,Regular Season - 2
839928,V.League 1 Vietnam,2022/2023,2022-03-02,Hoang Anh Gia Lai,Hồng Lĩnh Hà Tĩnh,0,0,0-0,Regular Season - 2
839929,V.League 1 Vietnam,2022/2023,2022-03-02,Hai Phong,Nam Dinh,2,1,2-1,Regular Season - 2
839930,V.League 1 Vietnam,2022/2023,2022-03-05,Viettel,Sai Gon,2,0,2-0,Regular Season - 3
839932,V.League 1 Vietnam,2022/2023,2022-03-06,Da Nang,Hồng Lĩnh Hà Tĩnh,1,1,1-1,Regular Season - 3
839931,V.League 1 Vietnam,2022/2023,2022-03-06,Song Lam Nghe An,Hoang Anh Gia Lai,2,0,2-0,Regular Season - 3
839933,V.League 1 Vietnam,2022/2023,2022-03-06,Hai Phong,Thanh Hóa,1,1,1-1,Regular Season - 3
839935,V.League 1 Vietnam,2022/2023,2022-03-06,Ho Chi Minh,Binh Duong,1,1,1-1,Regular Season - 3
839936,V.League 1 Vietnam,2022/2023,2022-03-11,Hoang Anh Gia Lai,Viettel,2,2,2-2,Regular Season - 4
839937,V.League 1 Vietnam,2022/2023,2022-03-12,Thanh Hóa,Da Nang,3,0,3-0,Regular Season - 4
839941,V.League 1 Vietnam,2022/2023,2022-03-12,Ha Noi,Ho Chi Minh,0,0,0-0,Regular Season - 4
839939,V.League 1 Vietnam,2022/2023,2022-03-13,Binh Duong,Hai Phong,2,2,2-2,Regular Season - 4
839940,V.League 1 Vietnam,2022/2023,2022-03-13,Hồng Lĩnh Hà Tĩnh,Binh Dinh,1,3,1-3,Regular Season - 4
839938,V.League 1 Vietnam,2022/2023,2022-03-13,Sai Gon,Song Lam Nghe An,1,1,1-1,Regular Season - 4
824570,V.League 1 Vietnam,2022/2023,2022-03-16,Ha Noi,Thanh Hóa,1,0,1-0,Regular Season - 1
839926,V.League 1 Vietnam,2022/2023,2022-04-04,Viettel,Ha Noi,0,1,0-1,Regular Season - 2
839934,V.League 1 Vietnam,2022/2023,2022-06-26,Nam Dinh,Ha Noi,1,1,1-1,Regular Season - 3
839943,V.League 1 Vietnam,2022/2023,2022-07-02,Hai Phong,Sai Gon,3,1,3-1,Regular Season - 5
839942,V.League 1 Vietnam,2022/2023,2022-07-02,Binh Dinh,Hoang Anh Gia Lai,1,1,1-1,Regular Season - 5
839944,V.League 1 Vietnam,2022/2023,2022-07-02,Ho Chi Minh,Thanh Hóa,1,0,1-0,Regular Season - 5
839945,V.League 1 Vietnam,2022/2023,2022-07-03,Da Nang,Ha Noi,2,1,2-1,Regular Season - 5
839946,V.League 1 Vietnam,2022/2023,2022-07-03,Nam Dinh,Binh Duong,0,1,0-1,Regular Season - 5
839947,V.League 1 Vietnam,2022/2023,2022-07-04,Viettel,Hồng Lĩnh Hà Tĩnh,0,1,0-1,Regular Season - 5
839948,V.League 1 Vietnam,2022/2023,2022-07-08,Song Lam Nghe An,Ho Chi Minh,2,0,2-0,Regular Season - 6
839949,V.League 1 Vietnam,2022/2023,2022-07-09,Thanh Hóa,Nam Dinh,1,1,1-1,Regular Season - 6
839950,V.League 1 Vietnam,2022/2023,2022-07-09,Hồng Lĩnh Hà Tĩnh,Binh Duong,3,1,3-1,Regular Season - 6
839951,V.League 1 Vietnam,2022/2023,2022-07-09,Sai Gon,Binh Dinh,1,1,1-1,Regular Season - 6
839952,V.League 1 Vietnam,2022/2023,2022-07-10,Hoang Anh Gia Lai,Da Nang,1,0,1-0,Regular Season - 6
839953,V.League 1 Vietnam,2022/2023,2022-07-10,Ha Noi,Hai Phong,2,1,2-1,Regular Season - 6
839956,V.League 1 Vietnam,2022/2023,2022-07-15,Binh Duong,Da Nang,2,2,2-2,Regular Season - 7
839957,V.League 1 Vietnam,2022/2023,2022-07-15,Hai Phong,Viettel,1,2,1-2,Regular Season - 7
839955,V.League 1 Vietnam,2022/2023,2022-07-15,Song Lam Nghe An,Hồng Lĩnh Hà Tĩnh,1,0,1-0,Regular Season - 7
839954,V.League 1 Vietnam,2022/2023,2022-07-15,Binh Dinh,Nam Dinh,2,1,2-1,Regular Season - 7
839958,V.League 1 Vietnam,2022/2023,2022-07-16,Thanh Hóa,Sai Gon,4,0,4-0,Regular Season - 7
839959,V.League 1 Vietnam,2022/2023,2022-07-16,Ho Chi Minh,Hoang Anh Gia Lai,0,2,0-2,Regular Season - 7
839960,V.League 1 Vietnam,2022/2023,2022-07-19,Da Nang,Song Lam Nghe An,3,1,3-1,Regular Season - 8
839962,V.League 1 Vietnam,2022/2023,2022-07-19,Hai Phong,Binh Dinh,3,1,3-1,Regular Season - 8
839961,V.League 1 Vietnam,2022/2023,2022-07-19,Nam Dinh,Viettel,1,0,1-0,Regular Season - 8
839963,V.League 1 Vietnam,2022/2023,2022-07-20,Hoang Anh Gia Lai,Binh Duong,2,1,2-1,Regular Season - 8
839964,V.League 1 Vietnam,2022/2023,2022-07-20,Ha Noi,Sai Gon,3,1,3-1,Regular Season - 8
839965,V.League 1 Vietnam,2022/2023,2022-07-20,Ho Chi Minh,Hồng Lĩnh Hà Tĩnh,1,2,1-2,Regular Season - 8
839966,V.League 1 Vietnam,2022/2023,2022-07-23,Song Lam Nghe An,Hai Phong,3,0,3-0,Regular Season - 9
839967,V.League 1 Vietnam,2022/2023,2022-07-23,Binh Dinh,Da Nang,0,1,0-1,Regular Season - 9
839969,V.League 1 Vietnam,2022/2023,2022-07-24,Hoang Anh Gia Lai,Thanh Hóa,2,0,2-0,Regular Season - 9
839970,V.League 1 Vietnam,2022/2023,2022-07-24,Hồng Lĩnh Hà Tĩnh,Ha Noi,1,2,1-2,Regular Season - 9
839971,V.League 1 Vietnam,2022/2023,2022-07-24,Sai Gon,Nam Dinh,2,2,2-2,Regular Season - 9
839968,V.League 1 Vietnam,2022/2023,2022-07-24,Viettel,Ho Chi Minh,1,0,1-0,Regular Season - 9
839972,V.League 1 Vietnam,2022/2023,2022-07-29,Da Nang,Nam Dinh,1,0,1-0,Regular Season - 10
839973,V.League 1 Vietnam,2022/2023,2022-07-29,Ho Chi Minh,Hai Phong,2,1,2-1,Regular Season - 10
839974,V.League 1 Vietnam,2022/2023,2022-07-30,Binh Duong,Binh Dinh,2,3,2-3,Regular Season - 10
839975,V.League 1 Vietnam,2022/2023,2022-07-30,Hồng Lĩnh Hà Tĩnh,Sai Gon,3,4,3-4,Regular Season - 10
839976,V.League 1 Vietnam,2022/2023,2022-07-31,Thanh Hóa,Viettel,1,0,1-0,Regular Season - 10
839977,V.League 1 Vietnam,2022/2023,2022-07-31,Ha Noi,Song Lam Nghe An,2,1,2-1,Regular Season - 10
839978,V.League 1 Vietnam,2022/2023,2022-08-05,Hai Phong,Da Nang,1,0,1-0,Regular Season - 11
839979,V.League 1 Vietnam,2022/2023,2022-08-05,Sai Gon,Hoang Anh Gia Lai,0,1,0-1,Regular Season - 11
839981,V.League 1 Vietnam,2022/2023,2022-08-05,Viettel,Binh Duong,0,1,0-1,Regular Season - 11
839980,V.League 1 Vietnam,2022/2023,2022-08-06,Binh Dinh,Ha Noi,0,1,0-1,Regular Season - 11
839983,V.League 1 Vietnam,2022/2023,2022-08-07,Nam Dinh,Ho Chi Minh,2,1,2-1,Regular Season - 11
839982,V.League 1 Vietnam,2022/2023,2022-08-07,Song Lam Nghe An,Thanh Hóa,0,0,0-0,Regular Season - 11
839984,V.League 1 Vietnam,2022/2023,2022-08-12,Thanh Hóa,Hồng Lĩnh Hà Tĩnh,2,0,2-0,Regular Season - 12
839985,V.League 1 Vietnam,2022/2023,2022-08-12,Ho Chi Minh,Binh Dinh,1,2,1-2,Regular Season - 12
839986,V.League 1 Vietnam,2022/2023,2022-08-13,Binh Duong,Sai Gon,2,1,2-1,Regular Season - 12
839987,V.League 1 Vietnam,2022/2023,2022-08-13,Nam Dinh,Song Lam Nghe An,0,1,0-1,Regular Season - 12
839988,V.League 1 Vietnam,2022/2023,2022-08-14,Da Nang,Viettel,0,2,0-2,Regular Season - 12
839989,V.League 1 Vietnam,2022/2023,2022-08-14,Ha Noi,Hoang Anh Gia Lai,2,1,2-1,Regular Season - 12
839990,V.League 1 Vietnam,2022/2023,2022-08-19,Hoang Anh Gia Lai,Hai Phong,1,2,1-2,Regular Season - 13
839991,V.League 1 Vietnam,2022/2023,2022-08-19,Hồng Lĩnh Hà Tĩnh,Nam Dinh,2,0,2-0,Regular Season - 13
839992,V.League 1 Vietnam,2022/2023,2022-08-19,Viettel,Song Lam Nghe An,2,0,2-0,Regular Season - 13
839994,V.League 1 Vietnam,2022/2023,2022-08-20,Binh Duong,Ha Noi,0,3,0-3,Regular Season - 13
839993,V.League 1 Vietnam,2022/2023,2022-08-20,Binh Dinh,Thanh Hóa,2,1,2-1,Regular Season - 13
839995,V.League 1 Vietnam,2022/2023,2022-08-20,Sai Gon,Ho Chi Minh,1,2,1-2,Regular Season - 13
927067,V.League 1 Vietnam,2022/2023,2022-08-26,Hai Phong,Ho Chi Minh,4,3,4-3,Regular Season - 14
927064,V.League 1 Vietnam,2022/2023,2022-08-26,Song Lam Nghe An,Ha Noi,1,1,1-1,Regular Season - 14
927065,V.League 1 Vietnam,2022/2023,2022-08-27,Nam Dinh,Da Nang,2,1,2-1,Regular Season - 14
927066,V.League 1 Vietnam,2022/2023,2022-08-27,Sai Gon,Hồng Lĩnh Hà Tĩnh,3,2,3-2,Regular Season - 14
927068,V.League 1 Vietnam,2022/2023,2022-08-28,Binh Dinh,Binh Duong,4,1,4-1,Regular Season - 14
927069,V.League 1 Vietnam,2022/2023,2022-08-28,Viettel,Thanh Hóa,3,1,3-1,Regular Season - 14
927070,V.League 1 Vietnam,2022/2023,2022-09-02,Binh Duong,Viettel,2,1,2-1,Regular Season - 15
927071,V.League 1 Vietnam,2022/2023,2022-09-02,Ha Noi,Binh Dinh,0,3,0-3,Regular Season - 15
927072,V.League 1 Vietnam,2022/2023,2022-09-03,Thanh Hóa,Song Lam Nghe An,2,0,2-0,Regular Season - 15
927073,V.League 1 Vietnam,2022/2023,2022-09-03,Hoang Anh Gia Lai,Sai Gon,1,1,1-1,Regular Season - 15
927074,V.League 1 Vietnam,2022/2023,2022-09-04,Da Nang,Hai Phong,0,2,0-2,Regular Season - 15
927075,V.League 1 Vietnam,2022/2023,2022-09-04,Ho Chi Minh,Nam Dinh,0,1,0-1,Regular Season - 15
927076,V.League 1 Vietnam,2022/2023,2022-09-13,Binh Duong,Hoang Anh Gia Lai,1,1,1-1,Regular Season - 16
927077,V.League 1 Vietnam,2022/2023,2022-09-13,Song Lam Nghe An,Da Nang,2,2,2-2,Regular Season - 16
927078,V.League 1 Vietnam,2022/2023,2022-09-13,Sai Gon,Ha Noi,1,1,1-1,Regular Season - 16
927080,V.League 1 Vietnam,2022/2023,2022-09-14,Binh Dinh,Hai Phong,0,0,0-0,Regular Season - 16
927079,V.League 1 Vietnam,2022/2023,2022-09-14,Hồng Lĩnh Hà Tĩnh,Ho Chi Minh,1,1,1-1,Regular Season - 16
927081,V.League 1 Vietnam,2022/2023,2022-09-14,Viettel,Nam Dinh,4,0,4-0,Regular Season - 16
927082,V.League 1 Vietnam,2022/2023,2022-09-30,Hai Phong,Hoang Anh Gia Lai,1,1,1-1,Regular Season - 17
927083,V.League 1 Vietnam,2022/2023,2022-09-30,Ho Chi Minh,Sai Gon,0,2,0-2,Regular Season - 17
927084,V.League 1 Vietnam,2022/2023,2022-10-01,Thanh Hóa,Binh Dinh,2,1,2-1,Regular Season - 17
927085,V.League 1 Vietnam,2022/2023,2022-10-01,Nam Dinh,Hồng Lĩnh Hà Tĩnh,2,0,2-0,Regular Season - 17
927086,V.League 1 Vietnam,2022/2023,2022-10-01,Song Lam Nghe An,Viettel,0,1,0-1,Regular Season - 17
927087,V.League 1 Vietnam,2022/2023,2022-10-01,Ha Noi,Binh Duong,5,1,5-1,Regular Season - 17
927088,V.League 1 Vietnam,2022/2023,2022-10-07,Da Nang,Binh Duong,0,4,0-4,Regular Season - 18
927089,V.League 1 Vietnam,2022/2023,2022-10-08,Nam Dinh,Binh Dinh,0,2,0-2,Regular Season - 18
927090,V.League 1 Vietnam,2022/2023,2022-10-08,Sai Gon,Thanh Hóa,0,1,0-1,Regular Season - 18
927092,V.League 1 Vietnam,2022/2023,2022-10-09,Hoang Anh Gia Lai,Ho Chi Minh,1,2,1-2,Regular Season - 18
927091,V.League 1 Vietnam,2022/2023,2022-10-09,Hồng Lĩnh Hà Tĩnh,Song Lam Nghe An,1,1,1-1,Regular Season - 18
927093,V.League 1 Vietnam,2022/2023,2022-10-09,Viettel,Hai Phong,1,1,1-1,Regular Season - 18
927094,V.League 1 Vietnam,2022/2023,2022-10-14,Thanh Hóa,Hai Phong,0,1,0-1,Regular Season - 19
927096,V.League 1 Vietnam,2022/2023,2022-10-14,Hoang Anh Gia Lai,Song Lam Nghe An,1,2,1-2,Regular Season - 19
927095,V.League 1 Vietnam,2022/2023,2022-10-14,Hồng Lĩnh Hà Tĩnh,Da Nang,1,1,1-1,Regular Season - 19
927097,V.League 1 Vietnam,2022/2023,2022-10-14,Sai Gon,Viettel,1,1,1-1,Regular Season - 19
927098,V.League 1 Vietnam,2022/2023,2022-10-15,Binh Duong,Ho Chi Minh,0,0,0-0,Regular Season - 19
927099,V.League 1 Vietnam,2022/2023,2022-10-15,Ha Noi,Nam Dinh,5,2,5-2,Regular Season - 19
927100,V.League 1 Vietnam,2022/2023,2022-10-18,Da Nang,Thanh Hóa,1,0,1-0,Regular Season - 20
927101,V.League 1 Vietnam,2022/2023,2022-10-18,Song Lam Nghe An,Sai Gon,1,2,1-2,Regular Season - 20
927102,V.League 1 Vietnam,2022/2023,2022-10-18,Binh Dinh,Hồng Lĩnh Hà Tĩnh,2,1,2-1,Regular Season - 20
927103,V.League 1 Vietnam,2022/2023,2022-10-18,Viettel,Hoang Anh Gia Lai,2,0,2-0,Regular Season - 20
927104,V.League 1 Vietnam,2022/2023,2022-10-19,Hai Phong,Binh Duong,2,1,2-1,Regular Season - 20
927105,V.League 1 Vietnam,2022/2023,2022-10-19,Ho Chi Minh,Ha Noi,0,6,0-6,Regular Season - 20
927106,V.League 1 Vietnam,2022/2023,2022-10-22,Da Nang,Hoang Anh Gia Lai,0,0,0-0,Regular Season - 21
927107,V.League 1 Vietnam,2022/2023,2022-10-22,Nam Dinh,Thanh Hóa,0,1,0-1,Regular Season - 21
927108,V.League 1 Vietnam,2022/2023,2022-10-22,Binh Dinh,Sai Gon,3,0,3-0,Regular Season - 21
927109,V.League 1 Vietnam,2022/2023,2022-10-23,Binh Duong,Hồng Lĩnh Hà Tĩnh,2,2,2-2,Regular Season - 21
927110,V.League 1 Vietnam,2022/2023,2022-10-23,Hai Phong,Ha Noi,3,2,3-2,Regular Season - 21
927111,V.League 1 Vietnam,2022/2023,2022-10-23,Ho Chi Minh,Song Lam Nghe An,2,2,2-2,Regular Season - 21
927112,V.League 1 Vietnam,2022/2023,2022-10-28,Thanh Hóa,Ho Chi Minh,1,2,1-2,Regular Season - 22
927113,V.League 1 Vietnam,2022/2023,2022-10-28,Hoang Anh Gia Lai,Binh Dinh,1,1,1-1,Regular Season - 22
927114,V.League 1 Vietnam,2022/2023,2022-10-28,Sai Gon,Hai Phong,0,1,0-1,Regular Season - 22
927115,V.League 1 Vietnam,2022/2023,2022-10-30,Binh Duong,Nam Dinh,1,1,1-1,Regular Season - 22
927116,V.League 1 Vietnam,2022/2023,2022-10-30,Hồng Lĩnh Hà Tĩnh,Viettel,0,0,0-0,Regular Season - 22
927117,V.League 1 Vietnam,2022/2023,2022-10-30,Ha Noi,Da Nang,3,0,3-0,Regular Season - 22
927118,V.League 1 Vietnam,2022/2023,2022-11-03,Da Nang,Sai Gon,1,0,1-0,Regular Season - 23
927119,V.League 1 Vietnam,2022/2023,2022-11-03,Hai Phong,Hồng Lĩnh Hà Tĩnh,1,1,1-1,Regular Season - 23
927120,V.League 1 Vietnam,2022/2023,2022-11-03,Song Lam Nghe An,Binh Duong,3,0,3-0,Regular Season - 23
927121,V.League 1 Vietnam,2022/2023,2022-11-04,Thanh Hóa,Ha Noi,1,1,1-1,Regular Season - 23
927122,V.League 1 Vietnam,2022/2023,2022-11-04,Hoang Anh Gia Lai,Nam Dinh,2,0,2-0,Regular Season - 23
927123,V.League 1 Vietnam,2022/2023,2022-11-04,Viettel,Binh Dinh,0,0,0-0,Regular Season - 23
927124,V.League 1 Vietnam,2022/2023,2022-11-08,Nam Dinh,Hai Phong,0,1,0-1,Regular Season - 24
927125,V.League 1 Vietnam,2022/2023,2022-11-08,Hồng Lĩnh Hà Tĩnh,Hoang Anh Gia Lai,1,1,1-1,Regular Season - 24
927126,V.League 1 Vietnam,2022/2023,2022-11-08,Ho Chi Minh,Da Nang,3,0,3-0,Regular Season - 24
927127,V.League 1 Vietnam,2022/2023,2022-11-09,Binh Duong,Thanh Hóa,4,2,4-2,Regular Season - 24
927128,V.League 1 Vietnam,2022/2023,2022-11-09,Binh Dinh,Song Lam Nghe An,1,0,1-0,Regular Season - 24
927129,V.League 1 Vietnam,2022/2023,2022-11-09,Ha Noi,Viettel,1,0,1-0,Regular Season - 24
927131,V.League 1 Vietnam,2022/2023,2022-11-13,Da Nang,Binh Dinh,0,1,0-1,Regular Season - 25
927135,V.League 1 Vietnam,2022/2023,2022-11-13,Ha Noi,Hồng Lĩnh Hà Tĩnh,2,0,2-0,Regular Season - 25
927133,V.League 1 Vietnam,2022/2023,2022-11-13,Hai Phong,Song Lam Nghe An,4,1,4-1,Regular Season - 25
927130,V.League 1 Vietnam,2022/2023,2022-11-13,Ho Chi Minh,Viettel,0,0,0-0,Regular Season - 25
927134,V.League 1 Vietnam,2022/2023,2022-11-13,Nam Dinh,Sai Gon,3,0,3-0,Regular Season - 25
927132,V.League 1 Vietnam,2022/2023,2022-11-13,Thanh Hóa,Hoang Anh Gia Lai,2,3,2-3,Regular Season - 25
927137,V.League 1 Vietnam,2022/2023,2022-11-19,Hoang Anh Gia Lai,Ha Noi,1,1,1-1,Regular Season - 26
927136,V.League 1 Vietnam,2022/2023,2022-11-19,Sai Gon,Binh Duong,2,1,2-1,Regular Season - 26
927139,V.League 1 Vietnam,2022/2023,2022-11-19,Song Lam Nghe An,Nam Dinh,2,1,2-1,Regular Season - 26
927141,V.League 1 Vietnam,2022/2023,2022-11-19,Viettel,Da Nang,3,0,3-0,Regular Season - 26
927138,V.League 1 Vietnam,2022/2023,2022-11-19,Binh Dinh,Ho Chi Minh,2,1,2-1,Regular Season - 26
927140,V.League 1 Vietnam,2022/2023,2022-11-19,Hồng Lĩnh Hà Tĩnh,Thanh Hóa,2,1,2-1,Regular Season - 26
985026,V.League 1 Vietnam,2023/2024,2023-02-03,Nam Dinh,Ho Chi Minh,1,0,1-0,Regular Season - 1
985022,V.League 1 Vietnam,2023/2024,2023-02-03,Sanna Khanh Hoa,Thanh Hóa,1,2,1-2,Regular Season - 1
985023,V.League 1 Vietnam,2023/2024,2023-02-03,Song Lam Nghe An,Da Nang,1,1,1-1,Regular Season - 1
985024,V.League 1 Vietnam,2023/2024,2023-02-03,Công An Nhân Dân,Binh Dinh,5,0,5-0,Regular Season - 1
985025,V.League 1 Vietnam,2023/2024,2023-02-04,Hoang Anh Gia Lai,Hồng Lĩnh Hà Tĩnh,0,0,0-0,Regular Season - 1
985027,V.League 1 Vietnam,2023/2024,2023-02-04,Hai Phong,Binh Duong,2,2,2-2,Regular Season - 1
985028,V.League 1 Vietnam,2023/2024,2023-02-05,Viettel,Ha Noi,1,1,1-1,Regular Season - 1
985029,V.League 1 Vietnam,2023/2024,2023-02-07,Thanh Hóa,Song Lam Nghe An,0,0,0-0,Regular Season - 2
985030,V.League 1 Vietnam,2023/2024,2023-02-07,Binh Dinh,Sanna Khanh Hoa,3,0,3-0,Regular Season - 2
985031,V.League 1 Vietnam,2023/2024,2023-02-08,Binh Duong,Hoang Anh Gia Lai,1,1,1-1,Regular Season - 2
985032,V.League 1 Vietnam,2023/2024,2023-02-08,Da Nang,Nam Dinh,0,1,0-1,Regular Season - 2
985033,V.League 1 Vietnam,2023/2024,2023-02-08,Ho Chi Minh,Hai Phong,0,1,0-1,Regular Season - 2
985034,V.League 1 Vietnam,2023/2024,2023-02-09,Hồng Lĩnh Hà Tĩnh,Viettel,0,0,0-0,Regular Season - 2
985035,V.League 1 Vietnam,2023/2024,2023-02-09,Ha Noi,Công An Nhân Dân,2,0,2-0,Regular Season - 2
985036,V.League 1 Vietnam,2023/2024,2023-02-12,Song Lam Nghe An,Hai Phong,1,1,1-1,Regular Season - 3
985037,V.League 1 Vietnam,2023/2024,2023-02-12,Thanh Hóa,Da Nang,1,0,1-0,Regular Season - 3
985038,V.League 1 Vietnam,2023/2024,2023-02-12,Binh Dinh,Binh Duong,1,0,1-0,Regular Season - 3
985039,V.League 1 Vietnam,2023/2024,2023-02-13,Hồng Lĩnh Hà Tĩnh,Ha Noi,2,3,2-3,Regular Season - 3
985040,V.League 1 Vietnam,2023/2024,2023-02-13,Ho Chi Minh,Sanna Khanh Hoa,0,2,0-2,Regular Season - 3
985041,V.League 1 Vietnam,2023/2024,2023-02-14,Nam Dinh,Hoang Anh Gia Lai,2,2,2-2,Regular Season - 3
985042,V.League 1 Vietnam,2023/2024,2023-02-14,Công An Nhân Dân,Viettel,1,2,1-2,Regular Season - 3
985043,V.League 1 Vietnam,2023/2024,2023-02-17,Binh Duong,Ho Chi Minh,1,2,1-2,Regular Season - 4
985044,V.League 1 Vietnam,2023/2024,2023-02-17,Sanna Khanh Hoa,Song Lam Nghe An,2,2,2-2,Regular Season - 4
985045,V.League 1 Vietnam,2023/2024,2023-02-17,Ha Noi,Thanh Hóa,0,0,0-0,Regular Season - 4
985046,V.League 1 Vietnam,2023/2024,2023-02-18,Da Nang,Binh Dinh,2,3,2-3,Regular Season - 4
985047,V.League 1 Vietnam,2023/2024,2023-02-18,Hai Phong,Hồng Lĩnh Hà Tĩnh,2,3,2-3,Regular Season - 4
985048,V.League 1 Vietnam,2023/2024,2023-02-19,Hoang Anh Gia Lai,Công An Nhân Dân,1,1,1-1,Regular Season - 4
985049,V.League 1 Vietnam,2023/2024,2023-02-19,Viettel,Nam Dinh,0,0,0-0,Regular Season - 4
1004677,V.League 1 Vietnam,2023/2024,2023-04-06,Viettel,Hoang Anh Gia Lai,1,4,1-4,Regular Season - 5
1004678,V.League 1 Vietnam,2023/2024,2023-04-07,Nam Dinh,Sanna Khanh Hoa,1,1,1-1,Regular Season - 5
1004679,V.League 1 Vietnam,2023/2024,2023-04-07,Song Lam Nghe An,Binh Duong,1,1,1-1,Regular Season - 5
1004681,V.League 1 Vietnam,2023/2024,2023-04-08,Binh Dinh,Thanh Hóa,0,1,0-1,Regular Season - 5
1004680,V.League 1 Vietnam,2023/2024,2023-04-08,Hồng Lĩnh Hà Tĩnh,Da Nang,0,0,0-0,Regular Season - 5
1004683,V.League 1 Vietnam,2023/2024,2023-04-08,Ho Chi Minh,Ha Noi,1,3,1-3,Regular Season - 5
1004682,V.League 1 Vietnam,2023/2024,2023-04-08,Công An Nhân Dân,Hai Phong,1,1,1-1,Regular Season - 5
1004684,V.League 1 Vietnam,2023/2024,2023-04-11,Hoang Anh Gia Lai,Sanna Khanh Hoa,1,1,1-1,Regular Season - 6
1004685,V.League 1 Vietnam,2023/2024,2023-04-11,Nam Dinh,Song Lam Nghe An,1,0,1-0,Regular Season - 6
1004686,V.League 1 Vietnam,2023/2024,2023-04-12,Binh Duong,Công An Nhân Dân,1,2,1-2,Regular Season - 6
1004687,V.League 1 Vietnam,2023/2024,2023-04-12,Da Nang,Viettel,0,0,0-0,Regular Season - 6
1004688,V.League 1 Vietnam,2023/2024,2023-04-12,Thanh Hóa,Hồng Lĩnh Hà Tĩnh,4,1,4-1,Regular Season - 6
1004689,V.League 1 Vietnam,2023/2024,2023-04-13,Ha Noi,Hai Phong,3,0,3-0,Regular Season - 6
1004690,V.League 1 Vietnam,2023/2024,2023-04-13,Ho Chi Minh,Binh Dinh,1,1,1-1,Regular Season - 6
1004691,V.League 1 Vietnam,2023/2024,2023-04-15,Song Lam Nghe An,Hoang Anh Gia Lai,3,1,3-1,Regular Season - 7
1004692,V.League 1 Vietnam,2023/2024,2023-04-16,Sanna Khanh Hoa,Da Nang,1,0,1-0,Regular Season - 7
1004693,V.League 1 Vietnam,2023/2024,2023-04-16,Hồng Lĩnh Hà Tĩnh,Binh Duong,3,0,3-0,Regular Season - 7
1004694,V.League 1 Vietnam,2023/2024,2023-04-16,Công An Nhân Dân,Nam Dinh,4,0,4-0,Regular Season - 7
1004695,V.League 1 Vietnam,2023/2024,2023-04-17,Thanh Hóa,Ho Chi Minh,5,3,5-3,Regular Season - 7
1004696,V.League 1 Vietnam,2023/2024,2023-04-17,Binh Dinh,Ha Noi,3,1,3-1,Regular Season - 7
1004697,V.League 1 Vietnam,2023/2024,2023-04-17,Hai Phong,Viettel,0,0,0-0,Regular Season - 7
1004698,V.League 1 Vietnam,2023/2024,2023-05-19,Hoang Anh Gia Lai,Thanh Hóa,2,2,2-2,Regular Season - 8
1004699,V.League 1 Vietnam,2023/2024,2023-05-20,Nam Dinh,Hai Phong,1,1,1-1,Regular Season - 8
1004700,V.League 1 Vietnam,2023/2024,2023-05-20,Song Lam Nghe An,Hồng Lĩnh Hà Tĩnh,2,2,2-2,Regular Season - 8
1004701,V.League 1 Vietnam,2023/2024,2023-05-20,Viettel,Binh Dinh,2,1,2-1,Regular Season - 8
1004702,V.League 1 Vietnam,2023/2024,2023-05-21,Sanna Khanh Hoa,Binh Duong,1,1,1-1,Regular Season - 8
1004703,V.League 1 Vietnam,2023/2024,2023-05-21,Ho Chi Minh,Công An Nhân Dân,3,5,3-5,Regular Season - 8
1004704,V.League 1 Vietnam,2023/2024,2023-05-22,Ha Noi,Da Nang,1,1,1-1,Regular Season - 8
1004705,V.League 1 Vietnam,2023/2024,2023-05-26,Binh Dinh,Nam Dinh,1,1,1-1,Regular Season - 9
1004707,V.League 1 Vietnam,2023/2024,2023-05-26,Hai Phong,Sanna Khanh Hoa,2,1,2-1,Regular Season - 9
1004706,V.League 1 Vietnam,2023/2024,2023-05-26,Công An Nhân Dân,Song Lam Nghe An,2,1,2-1,Regular Season - 9
1004708,V.League 1 Vietnam,2023/2024,2023-05-27,Binh Duong,Ha Noi,1,1,1-1,Regular Season - 9
1004709,V.League 1 Vietnam,2023/2024,2023-05-27,Da Nang,Hoang Anh Gia Lai,1,1,1-1,Regular Season - 9
1004710,V.League 1 Vietnam,2023/2024,2023-05-27,Hồng Lĩnh Hà Tĩnh,Ho Chi Minh,4,3,4-3,Regular Season - 9
1004711,V.League 1 Vietnam,2023/2024,2023-05-28,Thanh Hóa,Viettel,3,2,3-2,Regular Season - 9
1004712,V.League 1 Vietnam,2023/2024,2023-05-30,Binh Dinh,Hai Phong,1,1,1-1,Regular Season - 10
1004713,V.League 1 Vietnam,2023/2024,2023-05-30,Công An Nhân Dân,Sanna Khanh Hoa,0,0,0-0,Regular Season - 10
1004714,V.League 1 Vietnam,2023/2024,2023-05-31,Hoang Anh Gia Lai,Ha Noi,1,0,1-0,Regular Season - 10
1004715,V.League 1 Vietnam,2023/2024,2023-05-31,Nam Dinh,Hồng Lĩnh Hà Tĩnh,1,1,1-1,Regular Season - 10
1004716,V.League 1 Vietnam,2023/2024,2023-05-31,Ho Chi Minh,Da Nang,5,1,5-1,Regular Season - 10
1004717,V.League 1 Vietnam,2023/2024,2023-06-01,Binh Duong,Thanh Hóa,1,1,1-1,Regular Season - 10
1004718,V.League 1 Vietnam,2023/2024,2023-06-01,Viettel,Song Lam Nghe An,3,0,3-0,Regular Season - 10
1004719,V.League 1 Vietnam,2023/2024,2023-06-04,Hồng Lĩnh Hà Tĩnh,Binh Dinh,2,1,2-1,Regular Season - 11
1004720,V.League 1 Vietnam,2023/2024,2023-06-04,Ha Noi,Nam Dinh,1,0,1-0,Regular Season - 11
1004721,V.League 1 Vietnam,2023/2024,2023-06-04,Hai Phong,Hoang Anh Gia Lai,2,0,2-0,Regular Season - 11
1004722,V.League 1 Vietnam,2023/2024,2023-06-05,Da Nang,Binh Duong,1,1,1-1,Regular Season - 11
1004723,V.League 1 Vietnam,2023/2024,2023-06-05,Thanh Hóa,Công An Nhân Dân,1,4,1-4,Regular Season - 11
1004724,V.League 1 Vietnam,2023/2024,2023-06-06,Sanna Khanh Hoa,Viettel,0,0,0-0,Regular Season - 11
1004725,V.League 1 Vietnam,2023/2024,2023-06-06,Song Lam Nghe An,Ho Chi Minh,2,1,2-1,Regular Season - 11
1004728,V.League 1 Vietnam,2023/2024,2023-06-24,Nam Dinh,Thanh Hóa,0,0,0-0,Regular Season - 12
1004729,V.League 1 Vietnam,2023/2024,2023-06-24,Hai Phong,Da Nang,0,0,0-0,Regular Season - 12
1004727,V.League 1 Vietnam,2023/2024,2023-06-24,Công An Nhân Dân,Hồng Lĩnh Hà Tĩnh,4,2,4-2,Regular Season - 12
1004730,V.League 1 Vietnam,2023/2024,2023-06-25,Hoang Anh Gia Lai,Ho Chi Minh,0,0,0-0,Regular Season - 12
1004726,V.League 1 Vietnam,2023/2024,2023-06-25,Sanna Khanh Hoa,Ha Noi,1,2,1-2,Regular Season - 12
1004731,V.League 1 Vietnam,2023/2024,2023-06-25,Song Lam Nghe An,Binh Dinh,0,0,0-0,Regular Season - 12
1004732,V.League 1 Vietnam,2023/2024,2023-06-25,Viettel,Binh Duong,2,1,2-1,Regular Season - 12
1004735,V.League 1 Vietnam,2023/2024,2023-07-02,Binh Duong,Nam Dinh,2,3,2-3,Regular Season - 13
1004737,V.League 1 Vietnam,2023/2024,2023-07-02,Da Nang,Công An Nhân Dân,1,0,1-0,Regular Season - 13
1004733,V.League 1 Vietnam,2023/2024,2023-07-02,Ha Noi,Song Lam Nghe An,0,1,0-1,Regular Season - 13
1004736,V.League 1 Vietnam,2023/2024,2023-07-02,Ho Chi Minh,Viettel,0,1,0-1,Regular Season - 13
1004738,V.League 1 Vietnam,2023/2024,2023-07-02,Thanh Hóa,Hai Phong,0,1,0-1,Regular Season - 13
1004739,V.League 1 Vietnam,2023/2024,2023-07-02,Binh Dinh,Hoang Anh Gia Lai,2,1,2-1,Regular Season - 13
1004734,V.League 1 Vietnam,2023/2024,2023-07-02,Hồng Lĩnh Hà Tĩnh,Sanna Khanh Hoa,0,0,0-0,Regular Season - 13
1048040,V.League 1 Vietnam,2023/2024,2023-07-15,Hoang Anh Gia Lai,Sanna Khanh Hoa,1,0,1-0,Relegation Round - 1
1048042,V.League 1 Vietnam,2023/2024,2023-07-15,Da Nang,Binh Duong,0,0,0-0,Relegation Round - 1
1048041,V.League 1 Vietnam,2023/2024,2023-07-15,Song Lam Nghe An,Ho Chi Minh,2,0,2-0,Relegation Round - 1
1048012,V.League 1 Vietnam,2023/2024,2023-07-15,Viettel,Hai Phong,2,0,2-0,Championship Round - 1
1048013,V.League 1 Vietnam,2023/2024,2023-07-16,Thanh Hóa,Nam Dinh,0,2,0-2,Championship Round - 1
1048014,V.League 1 Vietnam,2023/2024,2023-07-16,Công An Nhân Dân,Hồng Lĩnh Hà Tĩnh,1,1,1-1,Championship Round - 1
1048015,V.League 1 Vietnam,2023/2024,2023-07-17,Ha Noi,Binh Dinh,4,2,4-2,Championship Round - 1
1048018,V.League 1 Vietnam,2023/2024,2023-07-22,Nam Dinh,Viettel,0,0,0-0,Championship Round - 2
1048016,V.League 1 Vietnam,2023/2024,2023-07-22,Binh Dinh,Công An Nhân Dân,0,1,0-1,Championship Round - 2
1048017,V.League 1 Vietnam,2023/2024,2023-07-22,Hồng Lĩnh Hà Tĩnh,Ha Noi,2,2,2-2,Championship Round - 2
1048019,V.League 1 Vietnam,2023/2024,2023-07-22,Hai Phong,Thanh Hóa,0,3,0-3,Championship Round - 2
1048044,V.League 1 Vietnam,2023/2024,2023-07-23,Binh Duong,Hoang Anh Gia Lai,1,2,1-2,Relegation Round - 2
1048043,V.League 1 Vietnam,2023/2024,2023-07-23,Sanna Khanh Hoa,Song Lam Nghe An,3,1,3-1,Relegation Round - 2
1048045,V.League 1 Vietnam,2023/2024,2023-07-23,Ho Chi Minh,Da Nang,1,0,1-0,Relegation Round - 2
1048020,V.League 1 Vietnam,2023/2024,2023-07-27,Thanh Hóa,Binh Dinh,2,0,2-0,Championship Round - 3
1048021,V.League 1 Vietnam,2023/2024,2023-07-27,Viettel,Hồng Lĩnh Hà Tĩnh,4,0,4-0,Championship Round - 3
1048022,V.League 1 Vietnam,2023/2024,2023-07-28,Ha Noi,Nam Dinh,1,0,1-0,Championship Round - 3
1048046,V.League 1 Vietnam,2023/2024,2023-07-29,Hoang Anh Gia Lai,Da Nang,1,0,1-0,Relegation Round - 3
1048047,V.League 1 Vietnam,2023/2024,2023-07-29,Sanna Khanh Hoa,Ho Chi Minh,3,0,3-0,Relegation Round - 3
1048048,V.League 1 Vietnam,2023/2024,2023-07-29,Song Lam Nghe An,Binh Duong,0,2,0-2,Relegation Round - 3
1048023,V.League 1 Vietnam,2023/2024,2023-07-29,Công An Nhân Dân,Hai Phong,0,2,0-2,Championship Round - 3
1048024,V.League 1 Vietnam,2023/2024,2023-08-01,Viettel,Binh Dinh,0,0,0-0,Championship Round - 4
1048025,V.League 1 Vietnam,2023/2024,2023-08-02,Nam Dinh,Công An Nhân Dân,1,2,1-2,Championship Round - 4
1048026,V.League 1 Vietnam,2023/2024,2023-08-02,Hồng Lĩnh Hà Tĩnh,Thanh Hóa,0,0,0-0,Championship Round - 4
1048027,V.League 1 Vietnam,2023/2024,2023-08-02,Ha Noi,Hai Phong,3,1,3-1,Championship Round - 4
1048051,V.League 1 Vietnam,2023/2024,2023-08-05,Binh Duong,Sanna Khanh Hoa,3,0,3-0,Relegation Round - 4
1048049,V.League 1 Vietnam,2023/2024,2023-08-05,Da Nang,Song Lam Nghe An,0,1,0-1,Relegation Round - 4
1048050,V.League 1 Vietnam,2023/2024,2023-08-05,Hoang Anh Gia Lai,Ho Chi Minh,0,1,0-1,Relegation Round - 4
1048028,V.League 1 Vietnam,2023/2024,2023-08-06,Thanh Hóa,Viettel,0,1,0-1,Championship Round - 5
1048029,V.League 1 Vietnam,2023/2024,2023-08-06,Binh Dinh,Hồng Lĩnh Hà Tĩnh,1,1,1-1,Championship Round - 5
1048031,V.League 1 Vietnam,2023/2024,2023-08-06,Hai Phong,Nam Dinh,2,0,2-0,Championship Round - 5
1048030,V.League 1 Vietnam,2023/2024,2023-08-06,Công An Nhân Dân,Ha Noi,2,1,2-1,Championship Round - 5
1048034,V.League 1 Vietnam,2023/2024,2023-08-10,Hồng Lĩnh Hà Tĩnh,Hai Phong,0,0,0-0,Championship Round - 6
1048054,V.League 1 Vietnam,2023/2024,2023-08-11,Ho Chi Minh,Binh Duong,0,0,0-0,Relegation Round - 5
1048053,V.League 1 Vietnam,2023/2024,2023-08-11,Sanna Khanh Hoa,Da Nang,1,3,1-3,Relegation Round - 5
1048052,V.League 1 Vietnam,2023/2024,2023-08-11,Song Lam Nghe An,Hoang Anh Gia Lai,1,0,1-0,Relegation Round - 5
1048032,V.League 1 Vietnam,2023/2024,2023-08-12,Thanh Hóa,Ha Noi,1,3,1-3,Championship Round - 6
1048035,V.League 1 Vietnam,2023/2024,2023-08-12,Viettel,Công An Nhân Dân,0,3,0-3,Championship Round - 6
1048033,V.League 1 Vietnam,2023/2024,2023-08-12,Binh Dinh,Nam Dinh,1,2,1-2,Championship Round - 6
1048037,V.League 1 Vietnam,2023/2024,2023-08-27,Ha Noi,Viettel,3,2,3-2,Championship Round - 7
1048038,V.League 1 Vietnam,2023/2024,2023-08-27,Hai Phong,Binh Dinh,1,2,1-2,Championship Round - 7
1048039,V.League 1 Vietnam,2023/2024,2023-08-27,Nam Dinh,Hồng Lĩnh Hà Tĩnh,2,0,2-0,Championship Round - 7
1048036,V.League 1 Vietnam,2023/2024,2023-08-27,Công An Nhân Dân,Thanh Hóa,1,1,1-1,Championship Round - 7
1135991,V.League 1 Vietnam,2024/2025,2023-10-20,Hai Phong,Hoang Anh Gia Lai,1,1,1-1,Regular Season - 1
1135992,V.League 1 Vietnam,2024/2025,2023-10-21,Thanh Hóa,Hồng Lĩnh Hà Tĩnh,2,2,2-2,Regular Season - 1
1135989,V.League 1 Vietnam,2024/2025,2023-10-22,Song Lam Nghe An,Viettel,1,1,1-1,Regular Season - 1
1135990,V.League 1 Vietnam,2024/2025,2023-10-22,Nam Dinh,Quang Nam,2,1,2-1,Regular Season - 1
1135994,V.League 1 Vietnam,2024/2025,2023-10-22,Ho Chi Minh,Sanna Khanh Hoa,2,0,2-0,Regular Season - 1
1135993,V.League 1 Vietnam,2024/2025,2023-10-22,Công An Nhân Dân,Binh Dinh,1,1,1-1,Regular Season - 1
1136511,V.League 1 Vietnam,2024/2025,2023-10-27,Viettel,Thanh Hóa,1,1,1-1,Regular Season - 2
1136512,V.League 1 Vietnam,2024/2025,2023-10-28,Hoang Anh Gia Lai,Công An Nhân Dân,0,3,0-3,Regular Season - 2
1136513,V.League 1 Vietnam,2024/2025,2023-10-28,Sanna Khanh Hoa,Nam Dinh,2,3,2-3,Regular Season - 2
1136514,V.League 1 Vietnam,2024/2025,2023-10-28,Hồng Lĩnh Hà Tĩnh,Song Lam Nghe An,1,1,1-1,Regular Season - 2
1136516,V.League 1 Vietnam,2024/2025,2023-10-29,Quang Nam,Ho Chi Minh,1,1,1-1,Regular Season - 2
1136515,V.League 1 Vietnam,2024/2025,2023-10-29,Binh Dinh,Binh Duong,0,2,0-2,Regular Season - 2
1136517,V.League 1 Vietnam,2024/2025,2023-10-29,Ha Noi,Hai Phong,3,5,3-5,Regular Season - 2
1136519,V.League 1 Vietnam,2024/2025,2023-11-03,Nam Dinh,Ho Chi Minh,2,1,2-1,Regular Season - 3
1136518,V.League 1 Vietnam,2024/2025,2023-11-03,Binh Dinh,Hoang Anh Gia Lai,3,1,3-1,Regular Season - 3
1136520,V.League 1 Vietnam,2024/2025,2023-11-03,Công An Nhân Dân,Ha Noi,2,0,2-0,Regular Season - 3
1136521,V.League 1 Vietnam,2024/2025,2023-11-04,Quang Nam,Sanna Khanh Hoa,0,1,0-1,Regular Season - 3
1136522,V.League 1 Vietnam,2024/2025,2023-11-04,Binh Duong,Hai Phong,1,0,1-0,Regular Season - 3
1136523,V.League 1 Vietnam,2024/2025,2023-11-04,Thanh Hóa,Song Lam Nghe An,3,1,3-1,Regular Season - 3
1136524,V.League 1 Vietnam,2024/2025,2023-11-04,Viettel,Hồng Lĩnh Hà Tĩnh,1,0,1-0,Regular Season - 3
1135988,V.League 1 Vietnam,2024/2025,2023-11-24,Binh Duong,Ha Noi,0,1,0-1,Regular Season - 1
1136525,V.League 1 Vietnam,2024/2025,2023-12-02,Song Lam Nghe An,Quang Nam,4,4,4-4,Regular Season - 4
1136526,V.League 1 Vietnam,2024/2025,2023-12-02,Sanna Khanh Hoa,Thanh Hóa,0,2,0-2,Regular Season - 4
1136527,V.League 1 Vietnam,2024/2025,2023-12-03,Hoang Anh Gia Lai,Binh Duong,1,1,1-1,Regular Season - 4
1136528,V.League 1 Vietnam,2024/2025,2023-12-03,Hồng Lĩnh Hà Tĩnh,Nam Dinh,2,4,2-4,Regular Season - 4
1136529,V.League 1 Vietnam,2024/2025,2023-12-03,Ha Noi,Binh Dinh,0,1,0-1,Regular Season - 4
1136530,V.League 1 Vietnam,2024/2025,2023-12-03,Ho Chi Minh,Viettel,2,0,2-0,Regular Season - 4
1136531,V.League 1 Vietnam,2024/2025,2023-12-04,Hai Phong,Công An Nhân Dân,3,1,3-1,Regular Season - 4
1136532,V.League 1 Vietnam,2024/2025,2023-12-08,Hoang Anh Gia Lai,Viettel,1,2,1-2,Regular Season - 5
1136534,V.League 1 Vietnam,2024/2025,2023-12-09,Nam Dinh,Công An Nhân Dân,2,2,2-2,Regular Season - 5
1136533,V.League 1 Vietnam,2024/2025,2023-12-09,Binh Dinh,Thanh Hóa,2,3,2-3,Regular Season - 5
1136535,V.League 1 Vietnam,2024/2025,2023-12-09,Ho Chi Minh,Hai Phong,1,1,1-1,Regular Season - 5
1136536,V.League 1 Vietnam,2024/2025,2023-12-10,Quang Nam,Hồng Lĩnh Hà Tĩnh,1,0,1-0,Regular Season - 5
1136537,V.League 1 Vietnam,2024/2025,2023-12-10,Sanna Khanh Hoa,Binh Duong,0,2,0-2,Regular Season - 5
1136538,V.League 1 Vietnam,2024/2025,2023-12-10,Ha Noi,Song Lam Nghe An,2,0,2-0,Regular Season - 5
1136539,V.League 1 Vietnam,2024/2025,2023-12-15,Công An Nhân Dân,Quang Nam,0,0,0-0,Regular Season - 6
1136542,V.League 1 Vietnam,2024/2025,2023-12-16,Hồng Lĩnh Hà Tĩnh,Binh Dinh,0,4,0-4,Regular Season - 6
1136540,V.League 1 Vietnam,2024/2025,2023-12-16,Binh Duong,Nam Dinh,3,2,3-2,Regular Season - 6
1136541,V.League 1 Vietnam,2024/2025,2023-12-16,Thanh Hóa,Ho Chi Minh,1,1,1-1,Regular Season - 6
1136543,V.League 1 Vietnam,2024/2025,2023-12-17,Song Lam Nghe An,Hoang Anh Gia Lai,1,0,1-0,Regular Season - 6
1136544,V.League 1 Vietnam,2024/2025,2023-12-17,Viettel,Ha Noi,0,2,0-2,Regular Season - 6
1136545,V.League 1 Vietnam,2024/2025,2023-12-18,Hai Phong,Sanna Khanh Hoa,3,1,3-1,Regular Season - 6
1136546,V.League 1 Vietnam,2024/2025,2023-12-22,Binh Duong,Thanh Hóa,1,0,1-0,Regular Season - 7
1136547,V.League 1 Vietnam,2024/2025,2023-12-22,Sanna Khanh Hoa,Công An Nhân Dân,2,1,2-1,Regular Season - 7
1136548,V.League 1 Vietnam,2024/2025,2023-12-22,Ha Noi,Hồng Lĩnh Hà Tĩnh,1,1,1-1,Regular Season - 7
1136549,V.League 1 Vietnam,2024/2025,2023-12-22,Ho Chi Minh,Song Lam Nghe An,1,0,1-0,Regular Season - 7
1136551,V.League 1 Vietnam,2024/2025,2023-12-23,Quang Nam,Hai Phong,2,0,2-0,Regular Season - 7
1136552,V.League 1 Vietnam,2024/2025,2023-12-23,Nam Dinh,Hoang Anh Gia Lai,3,0,3-0,Regular Season - 7
1136550,V.League 1 Vietnam,2024/2025,2023-12-23,Binh Dinh,Viettel,4,1,4-1,Regular Season - 7
1136553,V.League 1 Vietnam,2024/2025,2023-12-26,Sanna Khanh Hoa,Song Lam Nghe An,0,1,0-1,Regular Season - 8
1136555,V.League 1 Vietnam,2024/2025,2023-12-26,Ho Chi Minh,Hồng Lĩnh Hà Tĩnh,0,1,0-1,Regular Season - 8
1136554,V.League 1 Vietnam,2024/2025,2023-12-26,Công An Nhân Dân,Binh Duong,3,0,3-0,Regular Season - 8
1136557,V.League 1 Vietnam,2024/2025,2023-12-27,Hoang Anh Gia Lai,Ha Noi,2,0,2-0,Regular Season - 8
1136556,V.League 1 Vietnam,2024/2025,2023-12-27,Quang Nam,Thanh Hóa,0,2,0-2,Regular Season - 8
1136558,V.League 1 Vietnam,2024/2025,2023-12-27,Nam Dinh,Viettel,3,0,3-0,Regular Season - 8
1136559,V.League 1 Vietnam,2024/2025,2023-12-27,Hai Phong,Binh Dinh,0,1,0-1,Regular Season - 8
1148312,V.League 1 Vietnam,2024/2025,2024-02-17,Binh Duong,Quang Nam,1,1,1-1,Regular Season - 9
1148314,V.League 1 Vietnam,2024/2025,2024-02-17,Hai Phong,Nam Dinh,1,3,1-3,Regular Season - 9
1148315,V.League 1 Vietnam,2024/2025,2024-02-17,Viettel,Sanna Khanh Hoa,0,0,0-0,Regular Season - 9
1148317,V.League 1 Vietnam,2024/2025,2024-02-18,Hồng Lĩnh Hà Tĩnh,Hoang Anh Gia Lai,1,0,1-0,Regular Season - 9
1148313,V.League 1 Vietnam,2024/2025,2024-02-18,Song Lam Nghe An,Binh Dinh,2,0,2-0,Regular Season - 9
1148316,V.League 1 Vietnam,2024/2025,2024-02-18,Thanh Hóa,Ha Noi,2,0,2-0,Regular Season - 9
1148318,V.League 1 Vietnam,2024/2025,2024-02-18,Công An Nhân Dân,Ho Chi Minh,2,0,2-0,Regular Season - 9
1148319,V.League 1 Vietnam,2024/2025,2024-02-23,Hoang Anh Gia Lai,Quang Nam,0,0,0-0,Regular Season - 10
1148322,V.League 1 Vietnam,2024/2025,2024-02-23,Hồng Lĩnh Hà Tĩnh,Sanna Khanh Hoa,1,0,1-0,Regular Season - 10
1148320,V.League 1 Vietnam,2024/2025,2024-02-23,Song Lam Nghe An,Công An Nhân Dân,0,1,0-1,Regular Season - 10
1148321,V.League 1 Vietnam,2024/2025,2024-02-23,Thanh Hóa,Hai Phong,3,2,3-2,Regular Season - 10
1148323,V.League 1 Vietnam,2024/2025,2024-02-23,Viettel,Binh Duong,0,1,0-1,Regular Season - 10
1148324,V.League 1 Vietnam,2024/2025,2024-02-24,Binh Dinh,Nam Dinh,2,1,2-1,Regular Season - 10
1148325,V.League 1 Vietnam,2024/2025,2024-02-24,Ha Noi,Ho Chi Minh,3,1,3-1,Regular Season - 10
1148326,V.League 1 Vietnam,2024/2025,2024-02-27,Quang Nam,Viettel,2,0,2-0,Regular Season - 11
1148328,V.League 1 Vietnam,2024/2025,2024-02-27,Sanna Khanh Hoa,Hoang Anh Gia Lai,0,0,0-0,Regular Season - 11
1148327,V.League 1 Vietnam,2024/2025,2024-02-27,Hai Phong,Song Lam Nghe An,2,2,2-2,Regular Season - 11
1148329,V.League 1 Vietnam,2024/2025,2024-02-27,Công An Nhân Dân,Thanh Hóa,3,1,3-1,Regular Season - 11
1148330,V.League 1 Vietnam,2024/2025,2024-02-28,Binh Duong,Hồng Lĩnh Hà Tĩnh,1,0,1-0,Regular Season - 11
1148331,V.League 1 Vietnam,2024/2025,2024-02-28,Nam Dinh,Ha Noi,3,2,3-2,Regular Season - 11
1148332,V.League 1 Vietnam,2024/2025,2024-02-28,Ho Chi Minh,Binh Dinh,2,1,2-1,Regular Season - 11
1148334,V.League 1 Vietnam,2024/2025,2024-03-02,Thanh Hóa,Hoang Anh Gia Lai,1,2,1-2,Regular Season - 12
1148333,V.League 1 Vietnam,2024/2025,2024-03-02,Hai Phong,Viettel,1,1,1-1,Regular Season - 12
1148336,V.League 1 Vietnam,2024/2025,2024-03-03,Quang Nam,Binh Dinh,1,1,1-1,Regular Season - 12
1148337,V.League 1 Vietnam,2024/2025,2024-03-03,Sanna Khanh Hoa,Ha Noi,0,1,0-1,Regular Season - 12
1148335,V.League 1 Vietnam,2024/2025,2024-03-03,Song Lam Nghe An,Nam Dinh,0,1,0-1,Regular Season - 12
1148339,V.League 1 Vietnam,2024/2025,2024-03-03,Ho Chi Minh,Binh Duong,1,0,1-0,Regular Season - 12
1148338,V.League 1 Vietnam,2024/2025,2024-03-03,Công An Nhân Dân,Hồng Lĩnh Hà Tĩnh,1,1,1-1,Regular Season - 12
1148341,V.League 1 Vietnam,2024/2025,2024-03-08,Hồng Lĩnh Hà Tĩnh,Hai Phong,1,1,1-1,Regular Season - 13
1148340,V.League 1 Vietnam,2024/2025,2024-03-08,Nam Dinh,Thanh Hóa,1,1,1-1,Regular Season - 13
1148342,V.League 1 Vietnam,2024/2025,2024-03-08,Ha Noi,Quang Nam,3,1,3-1,Regular Season - 13
1148344,V.League 1 Vietnam,2024/2025,2024-03-09,Hoang Anh Gia Lai,Ho Chi Minh,2,1,2-1,Regular Season - 13
1148343,V.League 1 Vietnam,2024/2025,2024-03-09,Binh Duong,Song Lam Nghe An,3,2,3-2,Regular Season - 13
1148345,V.League 1 Vietnam,2024/2025,2024-03-09,Binh Dinh,Sanna Khanh Hoa,2,2,2-2,Regular Season - 13
1148346,V.League 1 Vietnam,2024/2025,2024-03-09,Viettel,Công An Nhân Dân,3,0,3-0,Regular Season - 13
1182570,V.League 1 Vietnam,2024/2025,2024-03-30,Hoang Anh Gia Lai,Sanna Khanh Hoa,1,1,1-1,Regular Season - 14
1182571,V.League 1 Vietnam,2024/2025,2024-03-30,Song Lam Nghe An,Hai Phong,0,0,0-0,Regular Season - 14
1182572,V.League 1 Vietnam,2024/2025,2024-03-30,Viettel,Quang Nam,3,2,3-2,Regular Season - 14
1182573,V.League 1 Vietnam,2024/2025,2024-03-31,Hồng Lĩnh Hà Tĩnh,Binh Duong,2,0,2-0,Regular Season - 14
1182574,V.League 1 Vietnam,2024/2025,2024-03-31,Thanh Hóa,Công An Nhân Dân,0,2,0-2,Regular Season - 14
1182575,V.League 1 Vietnam,2024/2025,2024-03-31,Binh Dinh,Ho Chi Minh,1,1,1-1,Regular Season - 14
1182576,V.League 1 Vietnam,2024/2025,2024-03-31,Ha Noi,Nam Dinh,1,2,1-2,Regular Season - 14
1182577,V.League 1 Vietnam,2024/2025,2024-04-04,Quang Nam,Hoang Anh Gia Lai,1,1,1-1,Regular Season - 15
1182578,V.League 1 Vietnam,2024/2025,2024-04-04,Binh Duong,Viettel,0,0,0-0,Regular Season - 15
1182579,V.League 1 Vietnam,2024/2025,2024-04-04,Sanna Khanh Hoa,Hồng Lĩnh Hà Tĩnh,0,1,0-1,Regular Season - 15
1182581,V.League 1 Vietnam,2024/2025,2024-04-04,Ho Chi Minh,Ha Noi,1,3,1-3,Regular Season - 15
1182580,V.League 1 Vietnam,2024/2025,2024-04-04,Công An Nhân Dân,Song Lam Nghe An,2,0,2-0,Regular Season - 15
1182582,V.League 1 Vietnam,2024/2025,2024-04-05,Nam Dinh,Binh Dinh,2,4,2-4,Regular Season - 15
1182583,V.League 1 Vietnam,2024/2025,2024-04-05,Hai Phong,Thanh Hóa,2,0,2-0,Regular Season - 15
1191845,V.League 1 Vietnam,2024/2025,2024-05-03,Hồng Lĩnh Hà Tĩnh,Quang Nam,1,2,1-2,Regular Season - 16
1191847,V.League 1 Vietnam,2024/2025,2024-05-04,Song Lam Nghe An,Ha Noi,1,1,1-1,Regular Season - 16
1191846,V.League 1 Vietnam,2024/2025,2024-05-04,Binh Duong,Sanna Khanh Hoa,3,1,3-1,Regular Season - 16
1191848,V.League 1 Vietnam,2024/2025,2024-05-04,Thanh Hóa,Binh Dinh,0,0,0-0,Regular Season - 16
1191850,V.League 1 Vietnam,2024/2025,2024-05-04,Hai Phong,Ho Chi Minh,2,0,2-0,Regular Season - 16
1191849,V.League 1 Vietnam,2024/2025,2024-05-04,Công An Nhân Dân,Nam Dinh,2,3,2-3,Regular Season - 16
1191851,V.League 1 Vietnam,2024/2025,2024-05-05,Viettel,Hoang Anh Gia Lai,0,1,0-1,Regular Season - 16
1191852,V.League 1 Vietnam,2024/2025,2024-05-08,Quang Nam,Công An Nhân Dân,2,0,2-0,Regular Season - 17
1191853,V.League 1 Vietnam,2024/2025,2024-05-08,Nam Dinh,Binh Duong,3,1,3-1,Regular Season - 17
1191854,V.League 1 Vietnam,2024/2025,2024-05-08,Sanna Khanh Hoa,Hai Phong,2,4,2-4,Regular Season - 17
1191855,V.League 1 Vietnam,2024/2025,2024-05-08,Binh Dinh,Hồng Lĩnh Hà Tĩnh,2,0,2-0,Regular Season - 17
1191856,V.League 1 Vietnam,2024/2025,2024-05-08,Ho Chi Minh,Thanh Hóa,2,0,2-0,Regular Season - 17
1191857,V.League 1 Vietnam,2024/2025,2024-05-09,Hoang Anh Gia Lai,Song Lam Nghe An,1,0,1-0,Regular Season - 17
1191858,V.League 1 Vietnam,2024/2025,2024-05-09,Ha Noi,Viettel,0,2,0-2,Regular Season - 17
1191859,V.League 1 Vietnam,2024/2025,2024-05-12,Thanh Hóa,Binh Duong,3,2,3-2,Regular Season - 18
1191861,V.League 1 Vietnam,2024/2025,2024-05-12,Hai Phong,Quang Nam,0,0,0-0,Regular Season - 18
1191860,V.League 1 Vietnam,2024/2025,2024-05-12,Công An Nhân Dân,Sanna Khanh Hoa,3,1,3-1,Regular Season - 18
1191862,V.League 1 Vietnam,2024/2025,2024-05-13,Hoang Anh Gia Lai,Nam Dinh,1,1,1-1,Regular Season - 18
1191864,V.League 1 Vietnam,2024/2025,2024-05-13,Song Lam Nghe An,Ho Chi Minh,0,0,0-0,Regular Season - 18
1191863,V.League 1 Vietnam,2024/2025,2024-05-13,Hồng Lĩnh Hà Tĩnh,Ha Noi,2,2,2-2,Regular Season - 18
1191865,V.League 1 Vietnam,2024/2025,2024-05-13,Viettel,Binh Dinh,1,1,1-1,Regular Season - 18
1191867,V.League 1 Vietnam,2024/2025,2024-05-17,Binh Duong,Công An Nhân Dân,4,1,4-1,Regular Season - 19
1191868,V.League 1 Vietnam,2024/2025,2024-05-17,Thanh Hóa,Quang Nam,3,1,3-1,Regular Season - 19
1191866,V.League 1 Vietnam,2024/2025,2024-05-17,Hồng Lĩnh Hà Tĩnh,Ho Chi Minh,2,1,2-1,Regular Season - 19
1191869,V.League 1 Vietnam,2024/2025,2024-05-17,Ha Noi,Hoang Anh Gia Lai,2,0,2-0,Regular Season - 19
1191870,V.League 1 Vietnam,2024/2025,2024-05-18,Song Lam Nghe An,Sanna Khanh Hoa,2,1,2-1,Regular Season - 19
1191871,V.League 1 Vietnam,2024/2025,2024-05-18,Binh Dinh,Hai Phong,1,1,1-1,Regular Season - 19
1191872,V.League 1 Vietnam,2024/2025,2024-05-18,Viettel,Nam Dinh,2,1,2-1,Regular Season - 19
1191873,V.League 1 Vietnam,2024/2025,2024-05-21,Hoang Anh Gia Lai,Hồng Lĩnh Hà Tĩnh,2,1,2-1,Regular Season - 20
1191874,V.League 1 Vietnam,2024/2025,2024-05-21,Quang Nam,Binh Duong,2,1,2-1,Regular Season - 20
1191875,V.League 1 Vietnam,2024/2025,2024-05-21,Ha Noi,Thanh Hóa,2,1,2-1,Regular Season - 20
1191876,V.League 1 Vietnam,2024/2025,2024-05-21,Ho Chi Minh,Công An Nhân Dân,2,1,2-1,Regular Season - 20
1191877,V.League 1 Vietnam,2024/2025,2024-05-22,Nam Dinh,Hai Phong,2,4,2-4,Regular Season - 20
1191878,V.League 1 Vietnam,2024/2025,2024-05-22,Sanna Khanh Hoa,Viettel,0,1,0-1,Regular Season - 20
1191879,V.League 1 Vietnam,2024/2025,2024-05-22,Binh Dinh,Song Lam Nghe An,1,2,1-2,Regular Season - 20
1191880,V.League 1 Vietnam,2024/2025,2024-05-25,Quang Nam,Ha Noi,0,3,0-3,Regular Season - 21
1191881,V.League 1 Vietnam,2024/2025,2024-05-25,Ho Chi Minh,Hoang Anh Gia Lai,4,1,4-1,Regular Season - 21
1191883,V.League 1 Vietnam,2024/2025,2024-05-26,Song Lam Nghe An,Binh Duong,1,0,1-0,Regular Season - 21
1191882,V.League 1 Vietnam,2024/2025,2024-05-26,Sanna Khanh Hoa,Binh Dinh,1,2,1-2,Regular Season - 21
1191884,V.League 1 Vietnam,2024/2025,2024-05-26,Thanh Hóa,Nam Dinh,2,5,2-5,Regular Season - 21
1191886,V.League 1 Vietnam,2024/2025,2024-05-26,Hai Phong,Hồng Lĩnh Hà Tĩnh,3,2,3-2,Regular Season - 21
1191885,V.League 1 Vietnam,2024/2025,2024-05-26,Công An Nhân Dân,Viettel,1,2,1-2,Regular Season - 21
1198933,V.League 1 Vietnam,2024/2025,2024-05-30,Hoang Anh Gia Lai,Thanh Hóa,1,1,1-1,Regular Season - 22
1198934,V.League 1 Vietnam,2024/2025,2024-05-30,Binh Dinh,Quang Nam,3,0,3-0,Regular Season - 22
1198935,V.League 1 Vietnam,2024/2025,2024-05-30,Hồng Lĩnh Hà Tĩnh,Công An Nhân Dân,1,0,1-0,Regular Season - 22
1198936,V.League 1 Vietnam,2024/2025,2024-05-30,Viettel,Hai Phong,2,1,2-1,Regular Season - 22
1198938,V.League 1 Vietnam,2024/2025,2024-05-31,Binh Duong,Ho Chi Minh,1,2,1-2,Regular Season - 22
1198937,V.League 1 Vietnam,2024/2025,2024-05-31,Nam Dinh,Song Lam Nghe An,1,1,1-1,Regular Season - 22
1198939,V.League 1 Vietnam,2024/2025,2024-05-31,Ha Noi,Sanna Khanh Hoa,5,2,5-2,Regular Season - 22
1198940,V.League 1 Vietnam,2024/2025,2024-06-15,Song Lam Nghe An,Thanh Hóa,0,1,0-1,Regular Season - 23
1198941,V.League 1 Vietnam,2024/2025,2024-06-15,Sanna Khanh Hoa,Quang Nam,0,5,0-5,Regular Season - 23
1198942,V.League 1 Vietnam,2024/2025,2024-06-15,Hồng Lĩnh Hà Tĩnh,Viettel,1,1,1-1,Regular Season - 23
1198943,V.League 1 Vietnam,2024/2025,2024-06-15,Ho Chi Minh,Nam Dinh,1,1,1-1,Regular Season - 23
1198944,V.League 1 Vietnam,2024/2025,2024-06-16,Hoang Anh Gia Lai,Binh Dinh,0,1,0-1,Regular Season - 23
1198945,V.League 1 Vietnam,2024/2025,2024-06-16,Ha Noi,Công An Nhân Dân,2,1,2-1,Regular Season - 23
1198946,V.League 1 Vietnam,2024/2025,2024-06-16,Hai Phong,Binh Duong,3,1,3-1,Regular Season - 23
1198947,V.League 1 Vietnam,2024/2025,2024-06-19,Quang Nam,Song Lam Nghe An,4,2,4-2,Regular Season - 24
1198948,V.League 1 Vietnam,2024/2025,2024-06-19,Thanh Hóa,Sanna Khanh Hoa,1,1,1-1,Regular Season - 24
1198949,V.League 1 Vietnam,2024/2025,2024-06-19,Viettel,Ho Chi Minh,0,0,0-0,Regular Season - 24
1198951,V.League 1 Vietnam,2024/2025,2024-06-20,Binh Duong,Hoang Anh Gia Lai,0,1,0-1,Regular Season - 24
1198950,V.League 1 Vietnam,2024/2025,2024-06-20,Nam Dinh,Hồng Lĩnh Hà Tĩnh,1,0,1-0,Regular Season - 24
1198952,V.League 1 Vietnam,2024/2025,2024-06-20,Binh Dinh,Ha Noi,4,2,4-2,Regular Season - 24
1198953,V.League 1 Vietnam,2024/2025,2024-06-20,Công An Nhân Dân,Hai Phong,5,1,5-1,Regular Season - 24
1198958,V.League 1 Vietnam,2024/2025,2024-06-25,Binh Duong,Binh Dinh,1,1,1-1,Regular Season - 25
1198956,V.League 1 Vietnam,2024/2025,2024-06-25,Hai Phong,Ha Noi,0,1,0-1,Regular Season - 25
1198955,V.League 1 Vietnam,2024/2025,2024-06-25,Ho Chi Minh,Quang Nam,1,0,1-0,Regular Season - 25
1198957,V.League 1 Vietnam,2024/2025,2024-06-25,Nam Dinh,Sanna Khanh Hoa,5,1,5-1,Regular Season - 25
1198959,V.League 1 Vietnam,2024/2025,2024-06-25,Song Lam Nghe An,Hồng Lĩnh Hà Tĩnh,1,1,1-1,Regular Season - 25
1198960,V.League 1 Vietnam,2024/2025,2024-06-25,Thanh Hóa,Viettel,0,5,0-5,Regular Season - 25
1198954,V.League 1 Vietnam,2024/2025,2024-06-25,Công An Nhân Dân,Hoang Anh Gia Lai,5,0,5-0,Regular Season - 25
1198962,V.League 1 Vietnam,2024/2025,2024-06-30,Ha Noi,Binh Duong,3,3,3-3,Regular Season - 26
1198963,V.League 1 Vietnam,2024/2025,2024-06-30,Hoang Anh Gia Lai,Hai Phong,2,1,2-1,Regular Season - 26
1198966,V.League 1 Vietnam,2024/2025,2024-06-30,Quang Nam,Nam Dinh,1,3,1-3,Regular Season - 26
1198964,V.League 1 Vietnam,2024/2025,2024-06-30,Sanna Khanh Hoa,Ho Chi Minh,0,1,0-1,Regular Season - 26
1198961,V.League 1 Vietnam,2024/2025,2024-06-30,Viettel,Song Lam Nghe An,0,2,0-2,Regular Season - 26
1198965,V.League 1 Vietnam,2024/2025,2024-06-30,Binh Dinh,Công An Nhân Dân,4,1,4-1,Regular Season - 26
1198967,V.League 1 Vietnam,2024/2025,2024-06-30,Hồng Lĩnh Hà Tĩnh,Thanh Hóa,0,0,0-0,Regular Season - 26
1227523,V.League 1 Vietnam,2024/2025,2024-07-06,Hồng Lĩnh Hà Tĩnh,Pho Hien,3,2,3-2,Final
1303901,V.League 1 Vietnam,2025/2026,2024-09-14,Thanh Hóa,Binh Duong,1,2,1-2,Regular Season - 1
1303900,V.League 1 Vietnam,2025/2026,2024-09-14,Hồng Lĩnh Hà Tĩnh,Nam Dinh,1,0,1-0,Regular Season - 1
1303902,V.League 1 Vietnam,2025/2026,2024-09-14,Ha Noi,Binh Dinh,1,0,1-0,Regular Season - 1
1303903,V.League 1 Vietnam,2025/2026,2024-09-15,Quang Nam,Hoang Anh Gia Lai,0,4,0-4,Regular Season - 1
1303904,V.League 1 Vietnam,2025/2026,2024-09-15,Song Lam Nghe An,Da Nang,0,0,0-0,Regular Season - 1
1303905,V.League 1 Vietnam,2025/2026,2024-09-15,Hai Phong,Công An Nhân Dân,1,1,1-1,Regular Season - 1
1303906,V.League 1 Vietnam,2025/2026,2024-09-15,Ho Chi Minh,Viettel,0,0,0-0,Regular Season - 1
1303907,V.League 1 Vietnam,2025/2026,2024-09-20,Công An Nhân Dân,Thanh Hóa,0,1,0-1,Regular Season - 2
1303908,V.League 1 Vietnam,2025/2026,2024-09-21,Hoang Anh Gia Lai,Song Lam Nghe An,2,0,2-0,Regular Season - 2
1303909,V.League 1 Vietnam,2025/2026,2024-09-21,Binh Duong,Hai Phong,1,1,1-1,Regular Season - 2
1303911,V.League 1 Vietnam,2025/2026,2024-09-22,Da Nang,Hồng Lĩnh Hà Tĩnh,1,3,1-3,Regular Season - 2
1303910,V.League 1 Vietnam,2025/2026,2024-09-22,Binh Dinh,Ho Chi Minh,1,2,1-2,Regular Season - 2
1303912,V.League 1 Vietnam,2025/2026,2024-09-22,Viettel,Ha Noi,2,1,2-1,Regular Season - 2
1303913,V.League 1 Vietnam,2025/2026,2024-09-23,Nam Dinh,Quang Nam,1,0,1-0,Regular Season - 2
1303914,V.League 1 Vietnam,2025/2026,2024-09-28,Hoang Anh Gia Lai,Nam Dinh,0,0,0-0,Regular Season - 3
1303915,V.League 1 Vietnam,2025/2026,2024-09-28,Viettel,Binh Dinh,0,1,0-1,Regular Season - 3
1303916,V.League 1 Vietnam,2025/2026,2024-09-29,Quang Nam,Da Nang,3,2,3-2,Regular Season - 3
1303917,V.League 1 Vietnam,2025/2026,2024-09-29,Song Lam Nghe An,Hồng Lĩnh Hà Tĩnh,1,1,1-1,Regular Season - 3
1303918,V.League 1 Vietnam,2025/2026,2024-09-29,Ho Chi Minh,Ha Noi,0,2,0-2,Regular Season - 3
1303919,V.League 1 Vietnam,2025/2026,2024-09-30,Thanh Hóa,Hai Phong,3,1,3-1,Regular Season - 3
1303920,V.League 1 Vietnam,2025/2026,2024-09-30,Công An Nhân Dân,Binh Duong,1,0,1-0,Regular Season - 3
1303926,V.League 1 Vietnam,2025/2026,2024-10-03,Da Nang,Hoang Anh Gia Lai,1,1,1-1,Regular Season - 4
1303925,V.League 1 Vietnam,2025/2026,2024-10-03,Hồng Lĩnh Hà Tĩnh,Quang Nam,0,0,0-0,Regular Season - 4
1303924,V.League 1 Vietnam,2025/2026,2024-10-04,Binh Duong,Ho Chi Minh,3,0,3-0,Regular Season - 4
1303922,V.League 1 Vietnam,2025/2026,2024-10-04,Binh Dinh,Thanh Hóa,1,4,1-4,Regular Season - 4
1303927,V.League 1 Vietnam,2025/2026,2024-10-04,Hai Phong,Viettel,2,3,2-3,Regular Season - 4
1303921,V.League 1 Vietnam,2025/2026,2024-10-19,Nam Dinh,Song Lam Nghe An,4,1,4-1,Regular Season - 4
1303923,V.League 1 Vietnam,2025/2026,2024-10-19,Ha Noi,Công An Nhân Dân,1,1,1-1,Regular Season - 4
1303930,V.League 1 Vietnam,2025/2026,2024-10-25,Viettel,Binh Duong,1,0,1-0,Regular Season - 5
1303928,V.League 1 Vietnam,2025/2026,2024-10-26,Hoang Anh Gia Lai,Thanh Hóa,1,1,1-1,Regular Season - 5
1303929,V.League 1 Vietnam,2025/2026,2024-10-26,Ho Chi Minh,Quang Nam,0,0,0-0,Regular Season - 5
1303931,V.League 1 Vietnam,2025/2026,2024-10-27,Binh Dinh,Song Lam Nghe An,2,2,2-2,Regular Season - 5
1303933,V.League 1 Vietnam,2025/2026,2024-10-27,Ha Noi,Hồng Lĩnh Hà Tĩnh,1,1,1-1,Regular Season - 5
1303932,V.League 1 Vietnam,2025/2026,2024-10-28,Da Nang,Hai Phong,0,0,0-0,Regular Season - 5
1303934,V.League 1 Vietnam,2025/2026,2024-10-28,Nam Dinh,Công An Nhân Dân,0,3,0-3,Regular Season - 5
1303935,V.League 1 Vietnam,2025/2026,2024-11-01,Hai Phong,Nam Dinh,1,2,1-2,Regular Season - 6
1303936,V.League 1 Vietnam,2025/2026,2024-11-02,Hồng Lĩnh Hà Tĩnh,Binh Dinh,0,0,0-0,Regular Season - 6
1303937,V.League 1 Vietnam,2025/2026,2024-11-02,Binh Duong,Hoang Anh Gia Lai,4,1,4-1,Regular Season - 6
1303938,V.League 1 Vietnam,2025/2026,2024-11-02,Song Lam Nghe An,Ho Chi Minh,0,0,0-0,Regular Season - 6
1303939,V.League 1 Vietnam,2025/2026,2024-11-03,Quang Nam,Viettel,0,0,0-0,Regular Season - 6
1303940,V.League 1 Vietnam,2025/2026,2024-11-03,Thanh Hóa,Ha Noi,1,1,1-1,Regular Season - 6
1303941,V.League 1 Vietnam,2025/2026,2024-11-03,Công An Nhân Dân,Da Nang,3,0,3-0,Regular Season - 6
1303942,V.League 1 Vietnam,2025/2026,2024-11-09,Hoang Anh Gia Lai,Công An Nhân Dân,1,0,1-0,Regular Season - 7
1303943,V.League 1 Vietnam,2025/2026,2024-11-09,Da Nang,Binh Duong,1,1,1-1,Regular Season - 7
1303944,V.League 1 Vietnam,2025/2026,2024-11-09,Ha Noi,Hai Phong,2,2,2-2,Regular Season - 7
1303945,V.League 1 Vietnam,2025/2026,2024-11-10,Song Lam Nghe An,Thanh Hóa,0,1,0-1,Regular Season - 7
1303946,V.League 1 Vietnam,2025/2026,2024-11-10,Binh Dinh,Quang Nam,1,0,1-0,Regular Season - 7
1303947,V.League 1 Vietnam,2025/2026,2024-11-10,Viettel,Hồng Lĩnh Hà Tĩnh,1,1,1-1,Regular Season - 7
1303948,V.League 1 Vietnam,2025/2026,2024-11-11,Ho Chi Minh,Nam Dinh,0,3,0-3,Regular Season - 7
1303949,V.League 1 Vietnam,2025/2026,2024-11-14,Binh Dinh,Hai Phong,1,0,1-0,Regular Season - 8
1303950,V.League 1 Vietnam,2025/2026,2024-11-14,Ha Noi,Binh Duong,1,0,1-0,Regular Season - 8
1303952,V.League 1 Vietnam,2025/2026,2024-11-15,Quang Nam,Song Lam Nghe An,1,1,1-1,Regular Season - 8
1303951,V.League 1 Vietnam,2025/2026,2024-11-15,Hồng Lĩnh Hà Tĩnh,Hoang Anh Gia Lai,1,0,1-0,Regular Season - 8
1303953,V.League 1 Vietnam,2025/2026,2024-11-15,Viettel,Thanh Hóa,1,2,1-2,Regular Season - 8
1303954,V.League 1 Vietnam,2025/2026,2024-11-16,Nam Dinh,Da Nang,5,0,5-0,Regular Season - 8
1303955,V.League 1 Vietnam,2025/2026,2024-11-16,Ho Chi Minh,Công An Nhân Dân,2,1,2-1,Regular Season - 8
1303956,V.League 1 Vietnam,2025/2026,2024-11-19,Quang Nam,Ha Noi,1,1,1-1,Regular Season - 9
1303957,V.League 1 Vietnam,2025/2026,2024-11-19,Song Lam Nghe An,Viettel,0,5,0-5,Regular Season - 9
1303958,V.League 1 Vietnam,2025/2026,2024-11-19,Hai Phong,Hoang Anh Gia Lai,2,0,2-0,Regular Season - 9
1303959,V.League 1 Vietnam,2025/2026,2024-11-20,Hồng Lĩnh Hà Tĩnh,Ho Chi Minh,1,1,1-1,Regular Season - 9
1303960,V.League 1 Vietnam,2025/2026,2024-11-20,Binh Duong,Nam Dinh,1,4,1-4,Regular Season - 9
1303961,V.League 1 Vietnam,2025/2026,2024-11-20,Thanh Hóa,Da Nang,1,0,1-0,Regular Season - 9
1303962,V.League 1 Vietnam,2025/2026,2024-11-20,Công An Nhân Dân,Binh Dinh,3,0,3-0,Regular Season - 9
1323127,V.League 1 Vietnam,2025/2026,2025-01-14,Thanh Hóa,Nam Dinh,1,1,1-1,Regular Season - 12
1323113,V.League 1 Vietnam,2025/2026,2025-01-17,Hoang Anh Gia Lai,Ho Chi Minh,2,2,2-2,Regular Season - 10
1323114,V.League 1 Vietnam,2025/2026,2025-01-17,Binh Duong,Binh Dinh,2,1,2-1,Regular Season - 10
1323115,V.League 1 Vietnam,2025/2026,2025-01-18,Thanh Hóa,Hồng Lĩnh Hà Tĩnh,1,1,1-1,Regular Season - 10
1323116,V.League 1 Vietnam,2025/2026,2025-01-18,Công An Nhân Dân,Song Lam Nghe An,1,1,1-1,Regular Season - 10
1323118,V.League 1 Vietnam,2025/2026,2025-01-19,Da Nang,Ha Noi,0,2,0-2,Regular Season - 10
1323117,V.League 1 Vietnam,2025/2026,2025-01-19,Nam Dinh,Viettel,0,1,0-1,Regular Season - 10
1323119,V.League 1 Vietnam,2025/2026,2025-01-19,Hai Phong,Quang Nam,0,1,0-1,Regular Season - 10
1323120,V.League 1 Vietnam,2025/2026,2025-01-23,Song Lam Nghe An,Binh Duong,1,0,1-0,Regular Season - 11
1323121,V.League 1 Vietnam,2025/2026,2025-01-24,Hồng Lĩnh Hà Tĩnh,Hai Phong,1,1,1-1,Regular Season - 11
1323122,V.League 1 Vietnam,2025/2026,2025-01-24,Binh Dinh,Nam Dinh,0,0,0-0,Regular Season - 11
1323123,V.League 1 Vietnam,2025/2026,2025-01-24,Ha Noi,Hoang Anh Gia Lai,0,1,0-1,Regular Season - 11
1323124,V.League 1 Vietnam,2025/2026,2025-01-24,Ho Chi Minh,Da Nang,1,0,1-0,Regular Season - 11
1323134,V.League 1 Vietnam,2025/2026,2025-02-05,Nam Dinh,Ha Noi,2,1,2-1,Regular Season - 13
1323128,V.League 1 Vietnam,2025/2026,2025-02-08,Binh Dinh,Da Nang,1,2,1-2,Regular Season - 12
1323129,V.League 1 Vietnam,2025/2026,2025-02-08,Hai Phong,Ho Chi Minh,2,0,2-0,Regular Season - 12
1323130,V.League 1 Vietnam,2025/2026,2025-02-08,Viettel,Hoang Anh Gia Lai,2,1,2-1,Regular Season - 12
1323131,V.League 1 Vietnam,2025/2026,2025-02-09,Quang Nam,Binh Duong,1,2,1-2,Regular Season - 12
1323132,V.League 1 Vietnam,2025/2026,2025-02-09,Ha Noi,Song Lam Nghe An,3,0,3-0,Regular Season - 12
1323133,V.League 1 Vietnam,2025/2026,2025-02-10,Hồng Lĩnh Hà Tĩnh,Công An Nhân Dân,0,0,0-0,Regular Season - 12
1323135,V.League 1 Vietnam,2025/2026,2025-02-14,Da Nang,Viettel,1,1,1-1,Regular Season - 13
1323136,V.League 1 Vietnam,2025/2026,2025-02-14,Ho Chi Minh,Thanh Hóa,2,2,2-2,Regular Season - 13
1323137,V.League 1 Vietnam,2025/2026,2025-02-15,Song Lam Nghe An,Hai Phong,1,0,1-0,Regular Season - 13
1323138,V.League 1 Vietnam,2025/2026,2025-02-15,Công An Nhân Dân,Quang Nam,4,4,4-4,Regular Season - 13
1323139,V.League 1 Vietnam,2025/2026,2025-02-16,Hoang Anh Gia Lai,Binh Dinh,1,1,1-1,Regular Season - 13
1323140,V.League 1 Vietnam,2025/2026,2025-02-16,Binh Duong,Hồng Lĩnh Hà Tĩnh,2,2,2-2,Regular Season - 13
1323125,V.League 1 Vietnam,2025/2026,2025-02-19,Quang Nam,Thanh Hóa,1,0,1-0,Regular Season - 11
1323126,V.League 1 Vietnam,2025/2026,2025-02-19,Viettel,Công An Nhân Dân,2,1,2-1,Regular Season - 11
1323141,V.League 1 Vietnam,2025/2026,2025-02-21,Hoang Anh Gia Lai,Ha Noi,0,3,0-3,Regular Season - 14
1323142,V.League 1 Vietnam,2025/2026,2025-02-22,Binh Duong,Song Lam Nghe An,2,1,2-1,Regular Season - 14
1323143,V.League 1 Vietnam,2025/2026,2025-02-22,Hai Phong,Hồng Lĩnh Hà Tĩnh,1,0,1-0,Regular Season - 14
1323145,V.League 1 Vietnam,2025/2026,2025-02-23,Da Nang,Ho Chi Minh,1,1,1-1,Regular Season - 14
1323144,V.League 1 Vietnam,2025/2026,2025-02-23,Thanh Hóa,Quang Nam,1,1,1-1,Regular Season - 14
1323146,V.League 1 Vietnam,2025/2026,2025-02-23,Công An Nhân Dân,Viettel,2,1,2-1,Regular Season - 14
1323147,V.League 1 Vietnam,2025/2026,2025-02-24,Nam Dinh,Binh Dinh,3,1,3-1,Regular Season - 14
1323149,V.League 1 Vietnam,2025/2026,2025-02-28,Quang Nam,Hai Phong,1,2,1-2,Regular Season - 15
1323148,V.League 1 Vietnam,2025/2026,2025-02-28,Hồng Lĩnh Hà Tĩnh,Thanh Hóa,0,0,0-0,Regular Season - 15
1323150,V.League 1 Vietnam,2025/2026,2025-02-28,Viettel,Nam Dinh,0,2,0-2,Regular Season - 15
1323151,V.League 1 Vietnam,2025/2026,2025-03-01,Song Lam Nghe An,Công An Nhân Dân,1,1,1-1,Regular Season - 15
1323152,V.League 1 Vietnam,2025/2026,2025-03-01,Binh Dinh,Binh Duong,0,1,0-1,Regular Season - 15
1323153,V.League 1 Vietnam,2025/2026,2025-03-02,Ha Noi,Da Nang,3,2,3-2,Regular Season - 15
1323154,V.League 1 Vietnam,2025/2026,2025-03-02,Ho Chi Minh,Hoang Anh Gia Lai,1,0,1-0,Regular Season - 15
1355165,V.League 1 Vietnam,2025/2026,2025-03-07,Hồng Lĩnh Hà Tĩnh,Ha Noi,1,1,1-1,Regular Season - 16
1355166,V.League 1 Vietnam,2025/2026,2025-03-08,Binh Duong,Viettel,1,2,1-2,Regular Season - 16
1355167,V.League 1 Vietnam,2025/2026,2025-03-08,Song Lam Nghe An,Binh Dinh,1,0,1-0,Regular Season - 16
1355168,V.League 1 Vietnam,2025/2026,2025-03-08,Công An Nhân Dân,Nam Dinh,1,1,1-1,Regular Season - 16
1355169,V.League 1 Vietnam,2025/2026,2025-03-09,Quang Nam,Ho Chi Minh,3,1,3-1,Regular Season - 16
1355170,V.League 1 Vietnam,2025/2026,2025-03-09,Thanh Hóa,Hoang Anh Gia Lai,2,2,2-2,Regular Season - 16
1355171,V.League 1 Vietnam,2025/2026,2025-03-09,Hai Phong,Da Nang,1,0,1-0,Regular Season - 16
1355172,V.League 1 Vietnam,2025/2026,2025-04-06,Hoang Anh Gia Lai,Binh Duong,4,0,4-0,Regular Season - 17
1355175,V.League 1 Vietnam,2025/2026,2025-04-06,Nam Dinh,Hai Phong,2,0,2-0,Regular Season - 17
1355176,V.League 1 Vietnam,2025/2026,2025-04-06,Binh Dinh,Hồng Lĩnh Hà Tĩnh,0,1,0-1,Regular Season - 17
1355177,V.League 1 Vietnam,2025/2026,2025-04-06,Ha Noi,Thanh Hóa,3,1,3-1,Regular Season - 17
1355173,V.League 1 Vietnam,2025/2026,2025-04-06,Ho Chi Minh,Song Lam Nghe An,1,1,1-1,Regular Season - 17
1355174,V.League 1 Vietnam,2025/2026,2025-04-06,Viettel,Quang Nam,2,2,2-2,Regular Season - 17
1355178,V.League 1 Vietnam,2025/2026,2025-04-07,Da Nang,Công An Nhân Dân,1,2,1-2,Regular Season - 17
1355179,V.League 1 Vietnam,2025/2026,2025-04-11,Hồng Lĩnh Hà Tĩnh,Viettel,2,2,2-2,Regular Season - 18
1355180,V.League 1 Vietnam,2025/2026,2025-04-12,Quang Nam,Binh Dinh,1,2,1-2,Regular Season - 18
1355181,V.League 1 Vietnam,2025/2026,2025-04-12,Thanh Hóa,Song Lam Nghe An,1,1,1-1,Regular Season - 18
1355182,V.League 1 Vietnam,2025/2026,2025-04-12,Công An Nhân Dân,Hoang Anh Gia Lai,3,1,3-1,Regular Season - 18
1355183,V.League 1 Vietnam,2025/2026,2025-04-13,Binh Duong,Da Nang,1,1,1-1,Regular Season - 18
1355184,V.League 1 Vietnam,2025/2026,2025-04-13,Nam Dinh,Ho Chi Minh,1,1,1-1,Regular Season - 18
1355185,V.League 1 Vietnam,2025/2026,2025-04-13,Hai Phong,Ha Noi,0,0,0-0,Regular Season - 18
1355187,V.League 1 Vietnam,2025/2026,2025-04-18,Hoang Anh Gia Lai,Hồng Lĩnh Hà Tĩnh,0,1,0-1,Regular Season - 19
1355189,V.League 1 Vietnam,2025/2026,2025-04-18,Hai Phong,Binh Dinh,2,0,2-0,Regular Season - 19
1355188,V.League 1 Vietnam,2025/2026,2025-04-18,Công An Nhân Dân,Ho Chi Minh,0,0,0-0,Regular Season - 19
1355190,V.League 1 Vietnam,2025/2026,2025-04-19,Binh Duong,Ha Noi,0,3,0-3,Regular Season - 19
1355186,V.League 1 Vietnam,2025/2026,2025-04-19,Thanh Hóa,Viettel,3,1,3-1,Regular Season - 19
1355192,V.League 1 Vietnam,2025/2026,2025-04-20,Da Nang,Nam Dinh,0,0,0-0,Regular Season - 19
1355191,V.League 1 Vietnam,2025/2026,2025-04-20,Song Lam Nghe An,Quang Nam,1,1,1-1,Regular Season - 19
1355193,V.League 1 Vietnam,2025/2026,2025-04-25,Ho Chi Minh,Hồng Lĩnh Hà Tĩnh,0,1,0-1,Regular Season - 20
1355196,V.League 1 Vietnam,2025/2026,2025-04-25,Viettel,Song Lam Nghe An,1,0,1-0,Regular Season - 20
1355194,V.League 1 Vietnam,2025/2026,2025-04-26,Nam Dinh,Binh Duong,3,1,3-1,Regular Season - 20
1355197,V.League 1 Vietnam,2025/2026,2025-04-27,Hoang Anh Gia Lai,Hai Phong,1,0,1-0,Regular Season - 20
1355198,V.League 1 Vietnam,2025/2026,2025-04-27,Da Nang,Thanh Hóa,1,0,1-0,Regular Season - 20
1355199,V.League 1 Vietnam,2025/2026,2025-04-27,Ha Noi,Quang Nam,2,1,2-1,Regular Season - 20
1355200,V.League 1 Vietnam,2025/2026,2025-05-02,Viettel,Da Nang,6,0,6-0,Regular Season - 21
1355201,V.League 1 Vietnam,2025/2026,2025-05-03,Hồng Lĩnh Hà Tĩnh,Binh Duong,3,1,3-1,Regular Season - 21
1355202,V.League 1 Vietnam,2025/2026,2025-05-03,Hai Phong,Song Lam Nghe An,0,0,0-0,Regular Season - 21
1355204,V.League 1 Vietnam,2025/2026,2025-05-04,Thanh Hóa,Ho Chi Minh,1,2,1-2,Regular Season - 21
1355203,V.League 1 Vietnam,2025/2026,2025-05-04,Binh Dinh,Hoang Anh Gia Lai,2,1,2-1,Regular Season - 21
1355205,V.League 1 Vietnam,2025/2026,2025-05-04,Ha Noi,Nam Dinh,0,3,0-3,Regular Season - 21
1355206,V.League 1 Vietnam,2025/2026,2025-05-05,Quang Nam,Công An Nhân Dân,0,3,0-3,Regular Season - 21
1355208,V.League 1 Vietnam,2025/2026,2025-05-09,Ho Chi Minh,Hai Phong,0,2,0-2,Regular Season - 22
1355207,V.League 1 Vietnam,2025/2026,2025-05-09,Công An Nhân Dân,Hồng Lĩnh Hà Tĩnh,0,0,0-0,Regular Season - 22
1355210,V.League 1 Vietnam,2025/2026,2025-05-10,Da Nang,Binh Dinh,3,1,3-1,Regular Season - 22
1355209,V.League 1 Vietnam,2025/2026,2025-05-10,Song Lam Nghe An,Ha Noi,1,2,1-2,Regular Season - 22
1355211,V.League 1 Vietnam,2025/2026,2025-05-11,Hoang Anh Gia Lai,Viettel,2,1,2-1,Regular Season - 22
1355212,V.League 1 Vietnam,2025/2026,2025-05-11,Binh Duong,Quang Nam,0,0,0-0,Regular Season - 22
1355213,V.League 1 Vietnam,2025/2026,2025-05-11,Nam Dinh,Thanh Hóa,2,1,2-1,Regular Season - 22
1355214,V.League 1 Vietnam,2025/2026,2025-05-16,Hai Phong,Thanh Hóa,2,1,2-1,Regular Season - 23
1355216,V.League 1 Vietnam,2025/2026,2025-05-17,Da Nang,Quang Nam,1,0,1-0,Regular Season - 23
1355215,V.League 1 Vietnam,2025/2026,2025-05-17,Hồng Lĩnh Hà Tĩnh,Song Lam Nghe An,0,1,0-1,Regular Season - 23
1355218,V.League 1 Vietnam,2025/2026,2025-05-18,Nam Dinh,Hoang Anh Gia Lai,6,1,6-1,Regular Season - 23
1355219,V.League 1 Vietnam,2025/2026,2025-05-18,Binh Dinh,Viettel,2,2,2-2,Regular Season - 23
1355220,V.League 1 Vietnam,2025/2026,2025-05-18,Ha Noi,Ho Chi Minh,5,1,5-1,Regular Season - 23
1355221,V.League 1 Vietnam,2025/2026,2025-05-23,Hoang Anh Gia Lai,Da Nang,2,2,2-2,Regular Season - 24
1355222,V.League 1 Vietnam,2025/2026,2025-05-23,Ho Chi Minh,Binh Duong,0,2,0-2,Regular Season - 24
1355224,V.League 1 Vietnam,2025/2026,2025-05-23,Viettel,Hai Phong,2,2,2-2,Regular Season - 24
1355223,V.League 1 Vietnam,2025/2026,2025-05-26,Song Lam Nghe An,Nam Dinh,2,3,2-3,Regular Season - 24
1355227,V.League 1 Vietnam,2025/2026,2025-05-26,Công An Nhân Dân,Ha Noi,0,2,0-2,Regular Season - 24
1355225,V.League 1 Vietnam,2025/2026,2025-05-27,Quang Nam,Hồng Lĩnh Hà Tĩnh,2,0,2-0,Regular Season - 24
1355226,V.League 1 Vietnam,2025/2026,2025-05-27,Thanh Hóa,Binh Dinh,1,1,1-1,Regular Season - 24
1355217,V.League 1 Vietnam,2025/2026,2025-05-30,Binh Duong,Công An Nhân Dân,1,3,1-3,Regular Season - 23
1355195,V.League 1 Vietnam,2025/2026,2025-06-03,Binh Dinh,Công An Nhân Dân,1,5,1-5,Regular Season - 20
1355228,V.League 1 Vietnam,2025/2026,2025-06-15,Ha Noi,Viettel,1,2,1-2,Regular Season - 25
1355232,V.League 1 Vietnam,2025/2026,2025-06-15,Hai Phong,Binh Duong,4,2,4-2,Regular Season - 25
1355229,V.League 1 Vietnam,2025/2026,2025-06-15,Ho Chi Minh,Binh Dinh,1,0,1-0,Regular Season - 25
1355234,V.League 1 Vietnam,2025/2026,2025-06-15,Quang Nam,Nam Dinh,0,2,0-2,Regular Season - 25
1355231,V.League 1 Vietnam,2025/2026,2025-06-15,Song Lam Nghe An,Hoang Anh Gia Lai,3,2,3-2,Regular Season - 25
1355233,V.League 1 Vietnam,2025/2026,2025-06-15,Thanh Hóa,Công An Nhân Dân,1,4,1-4,Regular Season - 25
1355230,V.League 1 Vietnam,2025/2026,2025-06-15,Hồng Lĩnh Hà Tĩnh,Da Nang,2,2,2-2,Regular Season - 25
1355237,V.League 1 Vietnam,2025/2026,2025-06-22,Binh Duong,Thanh Hóa,1,0,1-0,Regular Season - 26
1355241,V.League 1 Vietnam,2025/2026,2025-06-22,Da Nang,Song Lam Nghe An,2,1,2-1,Regular Season - 26
1355236,V.League 1 Vietnam,2025/2026,2025-06-22,Hoang Anh Gia Lai,Quang Nam,3,3,3-3,Regular Season - 26
1355238,V.League 1 Vietnam,2025/2026,2025-06-22,Nam Dinh,Hồng Lĩnh Hà Tĩnh,1,0,1-0,Regular Season - 26
1355240,V.League 1 Vietnam,2025/2026,2025-06-22,Viettel,Ho Chi Minh,2,0,2-0,Regular Season - 26
1355239,V.League 1 Vietnam,2025/2026,2025-06-22,Binh Dinh,Ha Noi,2,4,2-4,Regular Season - 26
1355235,V.League 1 Vietnam,2025/2026,2025-06-22,Công An Nhân Dân,Hai Phong,2,0,2-0,Regular Season - 26
1383815,V.League 1 Vietnam,2025/2026,2025-06-27,Da Nang,Bình Phước,2,0,2-0,1/2 Final
874028,Premier League Hong Kong,2022/2023,2022-07-23,Municipal,Cobán Imperial,1,4,1-4,Apertura - 1
874030,Premier League Hong Kong,2022/2023,2022-07-24,Xelajú,Iztapa,3,0,3-0,Apertura - 1
874029,Premier League Hong Kong,2022/2023,2022-07-24,Santa Lucía,Achuapa,1,0,1-0,Apertura - 1
874027,Premier League Hong Kong,2022/2023,2022-07-24,Guastatoya,Malacateco,0,0,0-0,Apertura - 1
874026,Premier League Hong Kong,2022/2023,2022-07-24,Mixco,Antigua GFC,0,2,0-2,Apertura - 1
874025,Premier League Hong Kong,2022/2023,2022-07-24,Xinabajul,Comunicaciones,1,0,1-0,Apertura - 1
874033,Premier League Hong Kong,2022/2023,2022-07-30,Cobán Imperial,Xinabajul,3,1,3-1,Apertura - 2
874032,Premier League Hong Kong,2022/2023,2022-07-31,Antigua GFC,Xelajú,2,2,2-2,Apertura - 2
874036,Premier League Hong Kong,2022/2023,2022-07-31,Achuapa,Municipal,1,0,1-0,Apertura - 2
874031,Premier League Hong Kong,2022/2023,2022-07-31,Malacateco,Mixco,3,0,3-0,Apertura - 2
874034,Premier League Hong Kong,2022/2023,2022-07-31,Iztapa,Santa Lucía,1,1,1-1,Apertura - 2
874035,Premier League Hong Kong,2022/2023,2022-08-01,Comunicaciones,Guastatoya,0,0,0-0,Apertura - 2
874041,Premier League Hong Kong,2022/2023,2022-08-04,Cobán Imperial,Achuapa,3,2,3-2,Apertura - 3
874040,Premier League Hong Kong,2022/2023,2022-08-07,Mixco,Comunicaciones,1,1,1-1,Apertura - 3
874042,Premier League Hong Kong,2022/2023,2022-08-07,Xelajú,Malacateco,1,0,1-0,Apertura - 3
874038,Premier League Hong Kong,2022/2023,2022-08-07,Santa Lucía,Antigua GFC,0,3,0-3,Apertura - 3
874037,Premier League Hong Kong,2022/2023,2022-08-07,Guastatoya,Xinabajul,1,0,1-0,Apertura - 3
874039,Premier League Hong Kong,2022/2023,2022-08-07,Municipal,Iztapa,1,0,1-0,Apertura - 3
874047,Premier League Hong Kong,2022/2023,2022-08-10,Malacateco,Santa Lucía,3,1,3-1,Apertura - 4
874044,Premier League Hong Kong,2022/2023,2022-08-10,Iztapa,Cobán Imperial,4,3,4-3,Apertura - 4
874043,Premier League Hong Kong,2022/2023,2022-08-10,Guastatoya,Mixco,0,0,0-0,Apertura - 4
874048,Premier League Hong Kong,2022/2023,2022-08-10,Xinabajul,Achuapa,1,1,1-1,Apertura - 4
874045,Premier League Hong Kong,2022/2023,2022-08-11,Comunicaciones,Xelajú,1,0,1-0,Apertura - 4
874046,Premier League Hong Kong,2022/2023,2022-08-11,Antigua GFC,Municipal,0,3,0-3,Apertura - 4
874054,Premier League Hong Kong,2022/2023,2022-08-13,Santa Lucía,Comunicaciones,1,1,1-1,Apertura - 5
874052,Premier League Hong Kong,2022/2023,2022-08-13,Municipal,Malacateco,4,1,4-1,Apertura - 5
874051,Premier League Hong Kong,2022/2023,2022-08-14,Mixco,Xinabajul,2,0,2-0,Apertura - 5
874049,Premier League Hong Kong,2022/2023,2022-08-14,Xelajú,Guastatoya,1,1,1-1,Apertura - 5
874053,Premier League Hong Kong,2022/2023,2022-08-14,Achuapa,Iztapa,1,1,1-1,Apertura - 5
874050,Premier League Hong Kong,2022/2023,2022-08-14,Cobán Imperial,Antigua GFC,3,1,3-1,Apertura - 5
874055,Premier League Hong Kong,2022/2023,2022-08-21,Mixco,Xelajú,2,0,2-0,Apertura - 6
874058,Premier League Hong Kong,2022/2023,2022-08-21,Antigua GFC,Achuapa,6,0,6-0,Apertura - 6
874056,Premier League Hong Kong,2022/2023,2022-08-21,Comunicaciones,Municipal,2,2,2-2,Apertura - 6
874059,Premier League Hong Kong,2022/2023,2022-08-21,Malacateco,Cobán Imperial,1,0,1-0,Apertura - 6
874057,Premier League Hong Kong,2022/2023,2022-08-21,Guastatoya,Santa Lucía,1,1,1-1,Apertura - 6
874060,Premier League Hong Kong,2022/2023,2022-08-21,Xinabajul,Iztapa,1,1,1-1,Apertura - 6
874065,Premier League Hong Kong,2022/2023,2022-08-27,Cobán Imperial,Comunicaciones,2,1,2-1,Apertura - 7
874066,Premier League Hong Kong,2022/2023,2022-08-28,Xelajú,Xinabajul,3,1,3-1,Apertura - 7
874062,Premier League Hong Kong,2022/2023,2022-08-28,Achuapa,Malacateco,2,1,2-1,Apertura - 7
874061,Premier League Hong Kong,2022/2023,2022-08-28,Iztapa,Antigua GFC,4,1,4-1,Apertura - 7
874063,Premier League Hong Kong,2022/2023,2022-08-28,Santa Lucía,Mixco,1,1,1-1,Apertura - 7
874064,Premier League Hong Kong,2022/2023,2022-08-28,Municipal,Guastatoya,0,0,0-0,Apertura - 7
874068,Premier League Hong Kong,2022/2023,2022-08-31,Malacateco,Iztapa,1,1,1-1,Apertura - 8
874071,Premier League Hong Kong,2022/2023,2022-08-31,Guastatoya,Cobán Imperial,3,0,3-0,Apertura - 8
874067,Premier League Hong Kong,2022/2023,2022-08-31,Xinabajul,Antigua GFC,2,1,2-1,Apertura - 8
874072,Premier League Hong Kong,2022/2023,2022-09-01,Comunicaciones,Achuapa,3,0,3-0,Apertura - 8
874070,Premier League Hong Kong,2022/2023,2022-09-01,Mixco,Municipal,1,4,1-4,Apertura - 8
874069,Premier League Hong Kong,2022/2023,2022-09-01,Xelajú,Santa Lucía,4,1,4-1,Apertura - 8
874075,Premier League Hong Kong,2022/2023,2022-09-03,Municipal,Xelajú,1,1,1-1,Apertura - 9
874077,Premier League Hong Kong,2022/2023,2022-09-03,Cobán Imperial,Mixco,0,0,0-0,Apertura - 9
874073,Premier League Hong Kong,2022/2023,2022-09-04,Achuapa,Guastatoya,2,0,2-0,Apertura - 9
874076,Premier League Hong Kong,2022/2023,2022-09-04,Iztapa,Comunicaciones,0,2,0-2,Apertura - 9
874074,Premier League Hong Kong,2022/2023,2022-09-04,Santa Lucía,Xinabajul,0,2,0-2,Apertura - 9
874078,Premier League Hong Kong,2022/2023,2022-09-05,Antigua GFC,Malacateco,2,1,2-1,Apertura - 9
874082,Premier League Hong Kong,2022/2023,2022-09-11,Mixco,Achuapa,2,2,2-2,Apertura - 10
874080,Premier League Hong Kong,2022/2023,2022-09-11,Comunicaciones,Antigua GFC,2,2,2-2,Apertura - 10
874083,Premier League Hong Kong,2022/2023,2022-09-11,Xelajú,Cobán Imperial,1,0,1-0,Apertura - 10
874081,Premier League Hong Kong,2022/2023,2022-09-11,Santa Lucía,Municipal,1,0,1-0,Apertura - 10
874079,Premier League Hong Kong,2022/2023,2022-09-11,Guastatoya,Iztapa,3,0,3-0,Apertura - 10
874084,Premier League Hong Kong,2022/2023,2022-09-11,Xinabajul,Malacateco,3,1,3-1,Apertura - 10
874088,Premier League Hong Kong,2022/2023,2022-09-17,Municipal,Xinabajul,2,0,2-0,Apertura - 11
874087,Premier League Hong Kong,2022/2023,2022-09-17,Cobán Imperial,Santa Lucía,2,1,2-1,Apertura - 11
874086,Premier League Hong Kong,2022/2023,2022-09-18,Antigua GFC,Guastatoya,1,1,1-1,Apertura - 11
874090,Premier League Hong Kong,2022/2023,2022-09-18,Achuapa,Xelajú,1,0,1-0,Apertura - 11
874089,Premier League Hong Kong,2022/2023,2022-09-18,Iztapa,Mixco,3,0,3-0,Apertura - 11
874085,Premier League Hong Kong,2022/2023,2022-09-18,Malacateco,Comunicaciones,4,2,4-2,Apertura - 11
874092,Premier League Hong Kong,2022/2023,2022-09-25,Achuapa,Santa Lucía,2,1,2-1,Apertura - 12
874094,Premier League Hong Kong,2022/2023,2022-09-25,Malacateco,Guastatoya,1,1,1-1,Apertura - 12
874101,Premier League Hong Kong,2022/2023,2022-10-01,Municipal,Achuapa,1,1,1-1,Apertura - 13
874102,Premier League Hong Kong,2022/2023,2022-10-02,Mixco,Malacateco,0,2,0-2,Apertura - 13
874097,Premier League Hong Kong,2022/2023,2022-10-02,Xelajú,Antigua GFC,2,2,2-2,Apertura - 13
874100,Premier League Hong Kong,2022/2023,2022-10-02,Guastatoya,Comunicaciones,0,1,0-1,Apertura - 13
874099,Premier League Hong Kong,2022/2023,2022-10-02,Santa Lucía,Iztapa,2,3,2-3,Apertura - 13
874098,Premier League Hong Kong,2022/2023,2022-10-02,Xinabajul,Cobán Imperial,1,1,1-1,Apertura - 13
874093,Premier League Hong Kong,2022/2023,2022-10-06,Comunicaciones,Xinabajul,1,0,1-0,Apertura - 12
874106,Premier League Hong Kong,2022/2023,2022-10-09,Comunicaciones,Mixco,3,1,3-1,Apertura - 14
874105,Premier League Hong Kong,2022/2023,2022-10-09,Antigua GFC,Santa Lucía,3,2,3-2,Apertura - 14
874107,Premier League Hong Kong,2022/2023,2022-10-09,Achuapa,Cobán Imperial,2,2,2-2,Apertura - 14
874104,Premier League Hong Kong,2022/2023,2022-10-09,Iztapa,Municipal,3,2,3-2,Apertura - 14
874108,Premier League Hong Kong,2022/2023,2022-10-09,Malacateco,Xelajú,1,0,1-0,Apertura - 14
874103,Premier League Hong Kong,2022/2023,2022-10-09,Xinabajul,Guastatoya,3,0,3-0,Apertura - 14
874095,Premier League Hong Kong,2022/2023,2022-10-13,Antigua GFC,Mixco,2,0,2-0,Apertura - 12
874110,Premier League Hong Kong,2022/2023,2022-10-15,Cobán Imperial,Iztapa,1,0,1-0,Apertura - 15
874109,Premier League Hong Kong,2022/2023,2022-10-16,Mixco,Guastatoya,0,1,0-1,Apertura - 15
874111,Premier League Hong Kong,2022/2023,2022-10-16,Xelajú,Comunicaciones,0,1,0-1,Apertura - 15
874114,Premier League Hong Kong,2022/2023,2022-10-16,Achuapa,Xinabajul,2,2,2-2,Apertura - 15
874113,Premier League Hong Kong,2022/2023,2022-10-16,Santa Lucía,Malacateco,1,1,1-1,Apertura - 15
874112,Premier League Hong Kong,2022/2023,2022-10-16,Municipal,Antigua GFC,0,1,0-1,Apertura - 15
874119,Premier League Hong Kong,2022/2023,2022-10-23,Iztapa,Achuapa,4,1,4-1,Apertura - 16
874115,Premier League Hong Kong,2022/2023,2022-10-23,Guastatoya,Xelajú,2,1,2-1,Apertura - 16
874117,Premier League Hong Kong,2022/2023,2022-10-23,Xinabajul,Mixco,1,1,1-1,Apertura - 16
874096,Premier League Hong Kong,2022/2023,2022-10-26,Iztapa,Xelajú,1,1,1-1,Apertura - 12
874122,Premier League Hong Kong,2022/2023,2022-10-29,Municipal,Comunicaciones,2,3,2-3,Apertura - 17
874121,Premier League Hong Kong,2022/2023,2022-10-30,Xelajú,Mixco,1,1,1-1,Apertura - 17
874124,Premier League Hong Kong,2022/2023,2022-10-30,Achuapa,Antigua GFC,0,3,0-3,Apertura - 17
874125,Premier League Hong Kong,2022/2023,2022-10-30,Cobán Imperial,Malacateco,2,1,2-1,Apertura - 17
874126,Premier League Hong Kong,2022/2023,2022-10-30,Iztapa,Xinabajul,0,1,0-1,Apertura - 17
874123,Premier League Hong Kong,2022/2023,2022-10-30,Santa Lucía,Guastatoya,1,0,1-0,Apertura - 17
874091,Premier League Hong Kong,2022/2023,2022-11-02,Cobán Imperial,Municipal,0,0,0-0,Apertura - 12
874132,Premier League Hong Kong,2022/2023,2022-11-06,Mixco,Santa Lucía,0,0,0-0,Apertura - 18
874128,Premier League Hong Kong,2022/2023,2022-11-06,Comunicaciones,Cobán Imperial,2,2,2-2,Apertura - 18
874130,Premier League Hong Kong,2022/2023,2022-11-06,Antigua GFC,Iztapa,4,1,4-1,Apertura - 18
874129,Premier League Hong Kong,2022/2023,2022-11-06,Guastatoya,Municipal,1,3,1-3,Apertura - 18
874131,Premier League Hong Kong,2022/2023,2022-11-06,Malacateco,Achuapa,1,0,1-0,Apertura - 18
874127,Premier League Hong Kong,2022/2023,2022-11-06,Xinabajul,Xelajú,0,2,0-2,Apertura - 18
874118,Premier League Hong Kong,2022/2023,2022-11-09,Malacateco,Municipal,1,0,1-0,Apertura - 16
874116,Premier League Hong Kong,2022/2023,2022-11-10,Antigua GFC,Cobán Imperial,2,0,2-0,Apertura - 16
874120,Premier League Hong Kong,2022/2023,2022-11-10,Comunicaciones,Santa Lucía,2,1,2-1,Apertura - 16
874135,Premier League Hong Kong,2022/2023,2022-11-12,Santa Lucía,Xelajú,1,4,1-4,Apertura - 19
874137,Premier League Hong Kong,2022/2023,2022-11-12,Cobán Imperial,Guastatoya,1,0,1-0,Apertura - 19
874136,Premier League Hong Kong,2022/2023,2022-11-12,Municipal,Mixco,1,0,1-0,Apertura - 19
874133,Premier League Hong Kong,2022/2023,2022-11-13,Antigua GFC,Xinabajul,3,0,3-0,Apertura - 19
874134,Premier League Hong Kong,2022/2023,2022-11-13,Iztapa,Malacateco,2,1,2-1,Apertura - 19
874138,Premier League Hong Kong,2022/2023,2022-11-13,Achuapa,Comunicaciones,2,1,2-1,Apertura - 19
874139,Premier League Hong Kong,2022/2023,2022-11-16,Guastatoya,Achuapa,2,0,2-0,Apertura - 20
874144,Premier League Hong Kong,2022/2023,2022-11-16,Malacateco,Antigua GFC,2,1,2-1,Apertura - 20
874140,Premier League Hong Kong,2022/2023,2022-11-16,Xinabajul,Santa Lucía,2,1,2-1,Apertura - 20
874141,Premier League Hong Kong,2022/2023,2022-11-17,Mixco,Cobán Imperial,2,2,2-2,Apertura - 20
874142,Premier League Hong Kong,2022/2023,2022-11-17,Comunicaciones,Iztapa,2,0,2-0,Apertura - 20
874143,Premier League Hong Kong,2022/2023,2022-11-17,Xelajú,Municipal,1,1,1-1,Apertura - 20
874148,Premier League Hong Kong,2022/2023,2022-11-20,Iztapa,Guastatoya,0,1,0-1,Apertura - 21
874145,Premier League Hong Kong,2022/2023,2022-11-20,Malacateco,Xinabajul,2,1,2-1,Apertura - 21
874147,Premier League Hong Kong,2022/2023,2022-11-20,Achuapa,Mixco,4,1,4-1,Apertura - 21
874146,Premier League Hong Kong,2022/2023,2022-11-23,Cobán Imperial,Xelajú,1,0,1-0,Apertura - 21
874150,Premier League Hong Kong,2022/2023,2022-11-23,Municipal,Santa Lucía,2,0,2-0,Apertura - 21
874149,Premier League Hong Kong,2022/2023,2022-11-24,Antigua GFC,Comunicaciones,3,0,3-0,Apertura - 21
874155,Premier League Hong Kong,2022/2023,2022-11-27,Mixco,Iztapa,2,2,2-2,Apertura - 22
874151,Premier League Hong Kong,2022/2023,2022-11-27,Comunicaciones,Malacateco,2,1,2-1,Apertura - 22
874152,Premier League Hong Kong,2022/2023,2022-11-27,Guastatoya,Antigua GFC,2,2,2-2,Apertura - 22
874156,Premier League Hong Kong,2022/2023,2022-11-27,Xelajú,Achuapa,1,1,1-1,Apertura - 22
874154,Premier League Hong Kong,2022/2023,2022-11-27,Xinabajul,Municipal,0,1,0-1,Apertura - 22
874153,Premier League Hong Kong,2022/2023,2022-11-27,Santa Lucía,Cobán Imperial,1,3,1-3,Apertura - 22
976505,Premier League Hong Kong,2022/2023,2022-11-30,Guastatoya,Comunicaciones,0,0,0-0,Apertura - Quarter-finals
976507,Premier League Hong Kong,2022/2023,2022-11-30,Municipal,Malacateco,2,0,2-0,Apertura - Quarter-finals
976509,Premier League Hong Kong,2022/2023,2022-12-01,Achuapa,Antigua GFC,1,1,1-1,Apertura - Quarter-finals
976511,Premier League Hong Kong,2022/2023,2022-12-02,Xelajú,Cobán Imperial,0,0,0-0,Apertura - Quarter-finals
976508,Premier League Hong Kong,2022/2023,2022-12-03,Malacateco,Municipal,1,0,1-0,Apertura - Quarter-finals
976506,Premier League Hong Kong,2022/2023,2022-12-04,Comunicaciones,Guastatoya,2,0,2-0,Apertura - Quarter-finals
976512,Premier League Hong Kong,2022/2023,2022-12-04,Cobán Imperial,Xelajú,1,0,1-0,Apertura - Quarter-finals
976510,Premier League Hong Kong,2022/2023,2022-12-05,Antigua GFC,Achuapa,2,0,2-0,Apertura - Quarter-finals
978076,Premier League Hong Kong,2022/2023,2022-12-08,Comunicaciones,Cobán Imperial,0,1,0-1,Apertura - Semi-finals
978078,Premier League Hong Kong,2022/2023,2022-12-09,Municipal,Antigua GFC,0,1,0-1,Apertura - Semi-finals
978077,Premier League Hong Kong,2022/2023,2022-12-10,Cobán Imperial,Comunicaciones,2,0,2-0,Apertura - Semi-finals
978079,Premier League Hong Kong,2022/2023,2022-12-12,Antigua GFC,Municipal,1,0,1-0,Apertura - Semi-finals
978662,Premier League Hong Kong,2022/2023,2022-12-15,Cobán Imperial,Antigua GFC,1,0,1-0,Apertura - Finals
978663,Premier League Hong Kong,2022/2023,2022-12-19,Antigua GFC,Cobán Imperial,0,0,0-0,Apertura - Finals
981320,Premier League Hong Kong,2022/2023,2023-01-21,Santa Lucía,Xelajú,1,0,1-0,Clausura - 1
981318,Premier League Hong Kong,2022/2023,2023-01-22,Antigua GFC,Malacateco,0,1,0-1,Clausura - 1
981321,Premier League Hong Kong,2022/2023,2023-01-22,Guastatoya,Municipal,2,1,2-1,Clausura - 1
981319,Premier League Hong Kong,2022/2023,2023-01-22,Iztapa,Mixco,3,1,3-1,Clausura - 1
981316,Premier League Hong Kong,2022/2023,2023-01-22,Achuapa,Cobán Imperial,0,0,0-0,Clausura - 1
981317,Premier League Hong Kong,2022/2023,2023-01-23,Comunicaciones,Xinabajul,0,0,0-0,Clausura - 1
981324,Premier League Hong Kong,2022/2023,2023-01-27,Mixco,Achuapa,3,0,3-0,Clausura - 2
981325,Premier League Hong Kong,2022/2023,2023-01-28,Municipal,Santa Lucía,2,0,2-0,Clausura - 2
981326,Premier League Hong Kong,2022/2023,2023-01-28,Cobán Imperial,Antigua GFC,1,2,1-2,Clausura - 2
981327,Premier League Hong Kong,2022/2023,2023-01-29,Xelajú,Iztapa,3,0,3-0,Clausura - 2
981322,Premier League Hong Kong,2022/2023,2023-01-29,Malacateco,Comunicaciones,1,2,1-2,Clausura - 2
981323,Premier League Hong Kong,2022/2023,2023-01-29,Xinabajul,Guastatoya,1,0,1-0,Clausura - 2
981329,Premier League Hong Kong,2022/2023,2023-02-01,Santa Lucía,Xinabajul,0,1,0-1,Clausura - 3
981330,Premier League Hong Kong,2022/2023,2023-02-01,Iztapa,Municipal,2,2,2-2,Clausura - 3
981333,Premier League Hong Kong,2022/2023,2023-02-01,Guastatoya,Malacateco,4,0,4-0,Clausura - 3
981332,Premier League Hong Kong,2022/2023,2023-02-01,Mixco,Xelajú,0,1,0-1,Clausura - 3
981328,Premier League Hong Kong,2022/2023,2023-02-01,Antigua GFC,Achuapa,6,1,6-1,Clausura - 3
981331,Premier League Hong Kong,2022/2023,2023-02-02,Comunicaciones,Cobán Imperial,1,0,1-0,Clausura - 3
981335,Premier League Hong Kong,2022/2023,2023-02-04,Municipal,Mixco,2,2,2-2,Clausura - 4
981338,Premier League Hong Kong,2022/2023,2023-02-05,Malacateco,Santa Lucía,3,0,3-0,Clausura - 4
981334,Premier League Hong Kong,2022/2023,2023-02-05,Antigua GFC,Comunicaciones,1,2,1-2,Clausura - 4
981339,Premier League Hong Kong,2022/2023,2023-02-05,Achuapa,Xelajú,0,1,0-1,Clausura - 4
981336,Premier League Hong Kong,2022/2023,2023-02-05,Cobán Imperial,Guastatoya,0,0,0-0,Clausura - 4
981337,Premier League Hong Kong,2022/2023,2023-02-05,Xinabajul,Iztapa,1,0,1-0,Clausura - 4
981342,Premier League Hong Kong,2022/2023,2023-02-10,Comunicaciones,Achuapa,0,0,0-0,Clausura - 5
981345,Premier League Hong Kong,2022/2023,2023-02-11,Santa Lucía,Cobán Imperial,2,0,2-0,Clausura - 5
981340,Premier League Hong Kong,2022/2023,2023-02-11,Guastatoya,Antigua GFC,3,1,3-1,Clausura - 5
981341,Premier League Hong Kong,2022/2023,2023-02-11,Mixco,Xinabajul,2,2,2-2,Clausura - 5
981344,Premier League Hong Kong,2022/2023,2023-02-12,Xelajú,Municipal,1,0,1-0,Clausura - 5
981343,Premier League Hong Kong,2022/2023,2023-02-12,Iztapa,Malacateco,2,2,2-2,Clausura - 5
981348,Premier League Hong Kong,2022/2023,2023-02-15,Antigua GFC,Santa Lucía,1,1,1-1,Clausura - 6
981347,Premier League Hong Kong,2022/2023,2023-02-15,Cobán Imperial,Iztapa,2,0,2-0,Clausura - 6
981346,Premier League Hong Kong,2022/2023,2023-02-15,Comunicaciones,Guastatoya,2,0,2-0,Clausura - 6
981349,Premier League Hong Kong,2022/2023,2023-02-15,Xinabajul,Xelajú,0,1,0-1,Clausura - 6
981351,Premier League Hong Kong,2022/2023,2023-02-16,Achuapa,Municipal,0,1,0-1,Clausura - 6
981350,Premier League Hong Kong,2022/2023,2023-02-16,Malacateco,Mixco,1,1,1-1,Clausura - 6
981354,Premier League Hong Kong,2022/2023,2023-02-18,Santa Lucía,Comunicaciones,0,0,0-0,Clausura - 7
981352,Premier League Hong Kong,2022/2023,2023-02-18,Municipal,Xinabajul,3,0,3-0,Clausura - 7
981356,Premier League Hong Kong,2022/2023,2023-02-18,Mixco,Cobán Imperial,1,0,1-0,Clausura - 7
981353,Premier League Hong Kong,2022/2023,2023-02-19,Xelajú,Malacateco,2,1,2-1,Clausura - 7
981355,Premier League Hong Kong,2022/2023,2023-02-19,Iztapa,Antigua GFC,2,1,2-1,Clausura - 7
981357,Premier League Hong Kong,2022/2023,2023-02-19,Guastatoya,Achuapa,3,0,3-0,Clausura - 7
981360,Premier League Hong Kong,2022/2023,2023-02-22,Guastatoya,Santa Lucía,1,0,1-0,Clausura - 8
981358,Premier League Hong Kong,2022/2023,2023-02-22,Achuapa,Xinabajul,4,2,4-2,Clausura - 8
981363,Premier League Hong Kong,2022/2023,2023-02-22,Cobán Imperial,Xelajú,0,1,0-1,Clausura - 8
981361,Premier League Hong Kong,2022/2023,2023-02-22,Comunicaciones,Iztapa,4,2,4-2,Clausura - 8
981359,Premier League Hong Kong,2022/2023,2023-02-23,Malacateco,Municipal,2,2,2-2,Clausura - 8
981362,Premier League Hong Kong,2022/2023,2023-02-23,Antigua GFC,Mixco,2,1,2-1,Clausura - 8
981365,Premier League Hong Kong,2022/2023,2023-02-25,Santa Lucía,Achuapa,1,0,1-0,Clausura - 9
981367,Premier League Hong Kong,2022/2023,2023-02-25,Municipal,Cobán Imperial,1,0,1-0,Clausura - 9
981364,Premier League Hong Kong,2022/2023,2023-02-26,Xelajú,Antigua GFC,0,0,0-0,Clausura - 9
981366,Premier League Hong Kong,2022/2023,2023-02-26,Iztapa,Guastatoya,1,1,1-1,Clausura - 9
981368,Premier League Hong Kong,2022/2023,2023-02-26,Mixco,Comunicaciones,0,0,0-0,Clausura - 9
981369,Premier League Hong Kong,2022/2023,2023-02-26,Xinabajul,Malacateco,1,1,1-1,Clausura - 9
981374,Premier League Hong Kong,2022/2023,2023-03-01,Guastatoya,Mixco,3,0,3-0,Clausura - 10
981372,Premier League Hong Kong,2022/2023,2023-03-01,Santa Lucía,Iztapa,1,2,1-2,Clausura - 10
981375,Premier League Hong Kong,2022/2023,2023-03-01,Achuapa,Malacateco,4,3,4-3,Clausura - 10
981371,Premier League Hong Kong,2022/2023,2023-03-01,Cobán Imperial,Xinabajul,1,1,1-1,Clausura - 10
981373,Premier League Hong Kong,2022/2023,2023-03-02,Comunicaciones,Xelajú,0,0,0-0,Clausura - 10
981370,Premier League Hong Kong,2022/2023,2023-03-02,Antigua GFC,Municipal,2,1,2-1,Clausura - 10
981380,Premier League Hong Kong,2022/2023,2023-03-04,Municipal,Comunicaciones,3,3,3-3,Clausura - 11
981378,Premier League Hong Kong,2022/2023,2023-03-04,Mixco,Santa Lucía,1,0,1-0,Clausura - 11
981381,Premier League Hong Kong,2022/2023,2023-03-05,Xelajú,Guastatoya,0,0,0-0,Clausura - 11
981379,Premier League Hong Kong,2022/2023,2023-03-05,Iztapa,Achuapa,4,0,4-0,Clausura - 11
981376,Premier League Hong Kong,2022/2023,2023-03-05,Malacateco,Cobán Imperial,0,1,0-1,Clausura - 11
981377,Premier League Hong Kong,2022/2023,2023-03-05,Xinabajul,Antigua GFC,3,1,3-1,Clausura - 11
981386,Premier League Hong Kong,2022/2023,2023-03-09,Xinabajul,Comunicaciones,2,1,2-1,Clausura - 12
981382,Premier League Hong Kong,2022/2023,2023-03-11,Mixco,Iztapa,4,2,4-2,Clausura - 12
981383,Premier League Hong Kong,2022/2023,2023-03-12,Xelajú,Santa Lucía,1,0,1-0,Clausura - 12
981384,Premier League Hong Kong,2022/2023,2023-03-12,Cobán Imperial,Achuapa,1,2,1-2,Clausura - 12
981388,Premier League Hong Kong,2022/2023,2023-03-19,Guastatoya,Xinabajul,4,1,4-1,Clausura - 13
981392,Premier League Hong Kong,2022/2023,2023-03-19,Iztapa,Xelajú,1,1,1-1,Clausura - 13
981389,Premier League Hong Kong,2022/2023,2023-03-19,Achuapa,Mixco,1,0,1-0,Clausura - 13
981398,Premier League Hong Kong,2022/2023,2023-03-23,Xelajú,Mixco,0,0,0-0,Clausura - 14
981399,Premier League Hong Kong,2022/2023,2023-03-26,Malacateco,Guastatoya,0,0,0-0,Clausura - 14
981396,Premier League Hong Kong,2022/2023,2023-03-26,Xinabajul,Santa Lucía,5,2,5-2,Clausura - 14
981394,Premier League Hong Kong,2022/2023,2023-03-29,Achuapa,Antigua GFC,0,0,0-0,Clausura - 14
981402,Premier League Hong Kong,2022/2023,2023-04-01,Guastatoya,Cobán Imperial,0,0,0-0,Clausura - 15
981404,Premier League Hong Kong,2022/2023,2023-04-01,Santa Lucía,Malacateco,2,1,2-1,Clausura - 15
981401,Premier League Hong Kong,2022/2023,2023-04-01,Mixco,Municipal,3,1,3-1,Clausura - 15
981400,Premier League Hong Kong,2022/2023,2023-04-02,Comunicaciones,Antigua GFC,4,0,4-0,Clausura - 15
981405,Premier League Hong Kong,2022/2023,2023-04-02,Xelajú,Achuapa,6,1,6-1,Clausura - 15
981403,Premier League Hong Kong,2022/2023,2023-04-02,Iztapa,Xinabajul,1,2,1-2,Clausura - 15
981409,Premier League Hong Kong,2022/2023,2023-04-05,Malacateco,Iztapa,1,0,1-0,Clausura - 16
981410,Premier League Hong Kong,2022/2023,2023-04-05,Municipal,Xelajú,1,0,1-0,Clausura - 16
981408,Premier League Hong Kong,2022/2023,2023-04-05,Achuapa,Comunicaciones,0,2,0-2,Clausura - 16
981411,Premier League Hong Kong,2022/2023,2023-04-05,Cobán Imperial,Santa Lucía,1,0,1-0,Clausura - 16
981407,Premier League Hong Kong,2022/2023,2023-04-05,Xinabajul,Mixco,0,0,0-0,Clausura - 16
981406,Premier League Hong Kong,2022/2023,2023-04-06,Antigua GFC,Guastatoya,3,1,3-1,Clausura - 16
981414,Premier League Hong Kong,2022/2023,2023-04-08,Santa Lucía,Antigua GFC,1,1,1-1,Clausura - 17
981417,Premier League Hong Kong,2022/2023,2023-04-08,Municipal,Achuapa,5,1,5-1,Clausura - 17
981416,Premier League Hong Kong,2022/2023,2023-04-08,Mixco,Malacateco,1,0,1-0,Clausura - 17
981415,Premier League Hong Kong,2022/2023,2023-04-09,Xelajú,Xinabajul,0,0,0-0,Clausura - 17
981412,Premier League Hong Kong,2022/2023,2023-04-09,Guastatoya,Comunicaciones,1,1,1-1,Clausura - 17
981413,Premier League Hong Kong,2022/2023,2023-04-09,Iztapa,Cobán Imperial,0,3,0-3,Clausura - 17
981387,Premier League Hong Kong,2022/2023,2023-04-12,Municipal,Guastatoya,1,0,1-0,Clausura - 12
981393,Premier League Hong Kong,2022/2023,2023-04-13,Comunicaciones,Malacateco,2,2,2-2,Clausura - 13
981391,Premier League Hong Kong,2022/2023,2023-04-13,Antigua GFC,Cobán Imperial,1,1,1-1,Clausura - 13
981418,Premier League Hong Kong,2022/2023,2023-04-15,Achuapa,Guastatoya,3,2,3-2,Clausura - 18
981423,Premier League Hong Kong,2022/2023,2023-04-16,Comunicaciones,Santa Lucía,3,1,3-1,Clausura - 18
981420,Premier League Hong Kong,2022/2023,2023-04-16,Antigua GFC,Iztapa,5,2,5-2,Clausura - 18
981422,Premier League Hong Kong,2022/2023,2023-04-16,Malacateco,Xelajú,1,1,1-1,Clausura - 18
981419,Premier League Hong Kong,2022/2023,2023-04-16,Cobán Imperial,Mixco,0,1,0-1,Clausura - 18
981421,Premier League Hong Kong,2022/2023,2023-04-16,Xinabajul,Municipal,1,2,1-2,Clausura - 18
981427,Premier League Hong Kong,2022/2023,2023-04-19,Iztapa,Comunicaciones,1,5,1-5,Clausura - 19
981425,Premier League Hong Kong,2022/2023,2023-04-19,Municipal,Malacateco,2,1,2-1,Clausura - 19
981426,Premier League Hong Kong,2022/2023,2023-04-19,Santa Lucía,Guastatoya,2,1,2-1,Clausura - 19
981428,Premier League Hong Kong,2022/2023,2023-04-19,Mixco,Antigua GFC,1,2,1-2,Clausura - 19
981424,Premier League Hong Kong,2022/2023,2023-04-19,Xinabajul,Achuapa,1,1,1-1,Clausura - 19
981429,Premier League Hong Kong,2022/2023,2023-04-20,Xelajú,Cobán Imperial,1,1,1-1,Clausura - 19
981432,Premier League Hong Kong,2022/2023,2023-04-23,Comunicaciones,Mixco,1,0,1-0,Clausura - 20
981435,Premier League Hong Kong,2022/2023,2023-04-23,Malacateco,Xinabajul,3,0,3-0,Clausura - 20
981430,Premier League Hong Kong,2022/2023,2023-04-23,Antigua GFC,Xelajú,1,3,1-3,Clausura - 20
981434,Premier League Hong Kong,2022/2023,2023-04-23,Guastatoya,Iztapa,1,1,1-1,Clausura - 20
981431,Premier League Hong Kong,2022/2023,2023-04-23,Achuapa,Santa Lucía,1,0,1-0,Clausura - 20
981433,Premier League Hong Kong,2022/2023,2023-04-23,Cobán Imperial,Municipal,0,2,0-2,Clausura - 20
981390,Premier League Hong Kong,2022/2023,2023-04-26,Santa Lucía,Municipal,0,4,0-4,Clausura - 13
981385,Premier League Hong Kong,2022/2023,2023-04-26,Malacateco,Antigua GFC,1,2,1-2,Clausura - 12
981439,Premier League Hong Kong,2022/2023,2023-04-29,Municipal,Antigua GFC,4,0,4-0,Clausura - 21
981437,Premier League Hong Kong,2022/2023,2023-04-29,Mixco,Guastatoya,1,1,1-1,Clausura - 21
981438,Premier League Hong Kong,2022/2023,2023-04-30,Xelajú,Comunicaciones,1,2,1-2,Clausura - 21
981441,Premier League Hong Kong,2022/2023,2023-04-30,Iztapa,Santa Lucía,1,0,1-0,Clausura - 21
981436,Premier League Hong Kong,2022/2023,2023-04-30,Malacateco,Achuapa,0,0,0-0,Clausura - 21
981440,Premier League Hong Kong,2022/2023,2023-04-30,Xinabajul,Cobán Imperial,0,1,0-1,Clausura - 21
981395,Premier League Hong Kong,2022/2023,2023-05-03,Municipal,Iztapa,4,0,4-0,Clausura - 14
981397,Premier League Hong Kong,2022/2023,2023-05-03,Cobán Imperial,Comunicaciones,1,1,1-1,Clausura - 14
981445,Premier League Hong Kong,2022/2023,2023-05-07,Achuapa,Iztapa,5,3,5-3,Clausura - 22
981443,Premier League Hong Kong,2022/2023,2023-05-07,Antigua GFC,Xinabajul,1,3,1-3,Clausura - 22
981442,Premier League Hong Kong,2022/2023,2023-05-07,Cobán Imperial,Malacateco,2,0,2-0,Clausura - 22
981446,Premier League Hong Kong,2022/2023,2023-05-07,Comunicaciones,Municipal,1,0,1-0,Clausura - 22
981447,Premier League Hong Kong,2022/2023,2023-05-07,Guastatoya,Xelajú,0,3,0-3,Clausura - 22
981444,Premier League Hong Kong,2022/2023,2023-05-07,Santa Lucía,Mixco,0,0,0-0,Clausura - 22
1026930,Premier League Hong Kong,2022/2023,2023-05-10,Guastatoya,Xinabajul,2,0,2-0,Clausura - Quarter-finals
1026932,Premier League Hong Kong,2022/2023,2023-05-10,Mixco,Xelajú,0,1,0-1,Clausura - Quarter-finals
1026934,Premier League Hong Kong,2022/2023,2023-05-11,Achuapa,Comunicaciones,2,0,2-0,Clausura - Quarter-finals
1026936,Premier League Hong Kong,2022/2023,2023-05-12,Antigua GFC,Municipal,2,1,2-1,Clausura - Quarter-finals
1026931,Premier League Hong Kong,2022/2023,2023-05-14,Xinabajul,Guastatoya,1,0,1-0,Clausura - Quarter-finals
1026933,Premier League Hong Kong,2022/2023,2023-05-14,Xelajú,Mixco,1,1,1-1,Clausura - Quarter-finals
1027118,Premier League Hong Kong,2022/2023,2023-05-17,Guastatoya,Xelajú,1,1,1-1,Clausura - Semi-finals
1027120,Premier League Hong Kong,2022/2023,2023-05-19,Antigua GFC,Comunicaciones,0,0,0-0,Clausura - Semi-finals
1027119,Premier League Hong Kong,2022/2023,2023-05-21,Xelajú,Guastatoya,2,1,2-1,Clausura - Semi-finals
1028320,Premier League Hong Kong,2022/2023,2023-05-25,Antigua GFC,Xelajú,2,0,2-0,Clausura - Finals
1028319,Premier League Hong Kong,2022/2023,2023-05-28,Xelajú,Antigua GFC,3,0,3-0,Clausura - Finals
1035202,Premier League Hong Kong,2023/2024,2023-07-29,Malacateco,Xelajú,2,0,2-0,Apertura - 1
1035200,Premier League Hong Kong,2023/2024,2023-07-29,Municipal,Guastatoya,0,1,0-1,Apertura - 1
1035197,Premier League Hong Kong,2023/2024,2023-07-30,Comunicaciones,Xinabajul,1,1,1-1,Apertura - 1
1035201,Premier League Hong Kong,2023/2024,2023-07-30,Antigua GFC,Achuapa,3,0,3-0,Apertura - 1
1035199,Premier League Hong Kong,2023/2024,2023-07-30,Zacapa Tellioz,Mixco,1,0,1-0,Apertura - 1
1035203,Premier League Hong Kong,2023/2024,2023-08-05,Cobán Imperial,Malacateco,1,3,1-3,Apertura - 2
1035207,Premier League Hong Kong,2023/2024,2023-08-05,Mixco,Antigua GFC,0,1,0-1,Apertura - 2
1035205,Premier League Hong Kong,2023/2024,2023-08-06,Xelajú,Comunicaciones,2,0,2-0,Apertura - 2
1035208,Premier League Hong Kong,2023/2024,2023-08-06,Guastatoya,Zacapa Tellioz,0,1,0-1,Apertura - 2
1035206,Premier League Hong Kong,2023/2024,2023-08-06,Achuapa,Municipal,2,2,2-2,Apertura - 2
1035204,Premier League Hong Kong,2023/2024,2023-08-06,Xinabajul,Coatepecano IB,2,2,2-2,Apertura - 2
1035212,Premier League Hong Kong,2023/2024,2023-08-12,Zacapa Tellioz,Achuapa,2,3,2-3,Apertura - 3
1035209,Premier League Hong Kong,2023/2024,2023-08-12,Municipal,Antigua GFC,0,1,0-1,Apertura - 3
1035211,Premier League Hong Kong,2023/2024,2023-08-13,Malacateco,Coatepecano IB,1,0,1-0,Apertura - 3
1035213,Premier League Hong Kong,2023/2024,2023-08-13,Xelajú,Xinabajul,1,1,1-1,Apertura - 3
1035210,Premier League Hong Kong,2023/2024,2023-08-13,Guastatoya,Mixco,2,1,2-1,Apertura - 3
1035214,Premier League Hong Kong,2023/2024,2023-08-14,Comunicaciones,Cobán Imperial,2,0,2-0,Apertura - 3
1035215,Premier League Hong Kong,2023/2024,2023-08-19,Cobán Imperial,Xelajú,1,0,1-0,Apertura - 4
1035217,Premier League Hong Kong,2023/2024,2023-08-19,Coatepecano IB,Comunicaciones,1,1,1-1,Apertura - 4
1035219,Premier League Hong Kong,2023/2024,2023-08-19,Municipal,Mixco,3,1,3-1,Apertura - 4
1035218,Premier League Hong Kong,2023/2024,2023-08-19,Achuapa,Guastatoya,1,3,1-3,Apertura - 4
1035220,Premier League Hong Kong,2023/2024,2023-08-20,Antigua GFC,Zacapa Tellioz,1,0,1-0,Apertura - 4
1035216,Premier League Hong Kong,2023/2024,2023-08-20,Malacateco,Xinabajul,3,1,3-1,Apertura - 4
1035223,Premier League Hong Kong,2023/2024,2023-08-26,Xinabajul,Cobán Imperial,3,3,3-3,Apertura - 5
1035225,Premier League Hong Kong,2023/2024,2023-08-26,Xelajú,Coatepecano IB,1,1,1-1,Apertura - 5
1035221,Premier League Hong Kong,2023/2024,2023-08-26,Mixco,Achuapa,2,0,2-0,Apertura - 5
1035226,Premier League Hong Kong,2023/2024,2023-08-27,Comunicaciones,Malacateco,1,1,1-1,Apertura - 5
1035224,Premier League Hong Kong,2023/2024,2023-08-27,Zacapa Tellioz,Municipal,0,1,0-1,Apertura - 5
1035222,Premier League Hong Kong,2023/2024,2023-08-27,Guastatoya,Antigua GFC,2,2,2-2,Apertura - 5
1035230,Premier League Hong Kong,2023/2024,2023-09-02,Mixco,Zacapa Tellioz,1,0,1-0,Apertura - 6
1035229,Premier League Hong Kong,2023/2024,2023-09-03,Cobán Imperial,Coatepecano IB,2,1,2-1,Apertura - 6
1035228,Premier League Hong Kong,2023/2024,2023-09-04,Xelajú,Malacateco,1,0,1-0,Apertura - 6
1035238,Premier League Hong Kong,2023/2024,2023-09-10,Malacateco,Cobán Imperial,0,0,0-0,Apertura - 7
1035237,Premier League Hong Kong,2023/2024,2023-09-10,Coatepecano IB,Xinabajul,4,1,4-1,Apertura - 7
1035233,Premier League Hong Kong,2023/2024,2023-09-10,Zacapa Tellioz,Guastatoya,2,1,2-1,Apertura - 7
1035198,Premier League Hong Kong,2023/2024,2023-09-13,Coatepecano IB,Cobán Imperial,3,0,3-0,Apertura - 1
1035227,Premier League Hong Kong,2023/2024,2023-09-14,Xinabajul,Comunicaciones,2,2,2-2,Apertura - 6
1035244,Premier League Hong Kong,2023/2024,2023-09-16,Mixco,Guastatoya,1,0,1-0,Apertura - 8
1035243,Premier League Hong Kong,2023/2024,2023-09-17,Antigua GFC,Municipal,0,2,0-2,Apertura - 8
1035240,Premier League Hong Kong,2023/2024,2023-09-17,Coatepecano IB,Malacateco,0,2,0-2,Apertura - 8
1035242,Premier League Hong Kong,2023/2024,2023-09-17,Achuapa,Zacapa Tellioz,3,1,3-1,Apertura - 8
1035239,Premier League Hong Kong,2023/2024,2023-09-17,Cobán Imperial,Comunicaciones,2,1,2-1,Apertura - 8
1035241,Premier League Hong Kong,2023/2024,2023-09-17,Xinabajul,Xelajú,2,0,2-0,Apertura - 8
1035232,Premier League Hong Kong,2023/2024,2023-09-20,Achuapa,Antigua GFC,3,2,3-2,Apertura - 6
1035231,Premier League Hong Kong,2023/2024,2023-09-21,Guastatoya,Municipal,3,1,3-1,Apertura - 6
1035235,Premier League Hong Kong,2023/2024,2023-09-21,Comunicaciones,Xelajú,2,1,2-1,Apertura - 7
1035245,Premier League Hong Kong,2023/2024,2023-09-23,Mixco,Municipal,0,3,0-3,Apertura - 9
1035248,Premier League Hong Kong,2023/2024,2023-09-24,Guastatoya,Achuapa,1,2,1-2,Apertura - 9
1035249,Premier League Hong Kong,2023/2024,2023-09-24,Comunicaciones,Coatepecano IB,5,0,5-0,Apertura - 9
1035250,Premier League Hong Kong,2023/2024,2023-09-24,Xinabajul,Malacateco,2,1,2-1,Apertura - 9
1035247,Premier League Hong Kong,2023/2024,2023-09-25,Xelajú,Cobán Imperial,1,0,1-0,Apertura - 9
1035246,Premier League Hong Kong,2023/2024,2023-09-27,Zacapa Tellioz,Antigua GFC,3,1,3-1,Apertura - 9
1035236,Premier League Hong Kong,2023/2024,2023-09-27,Municipal,Achuapa,2,2,2-2,Apertura - 7
1035254,Premier League Hong Kong,2023/2024,2023-09-30,Municipal,Zacapa Tellioz,4,2,4-2,Apertura - 10
1035251,Premier League Hong Kong,2023/2024,2023-10-01,Malacateco,Comunicaciones,2,3,2-3,Apertura - 10
1035253,Premier League Hong Kong,2023/2024,2023-10-01,Coatepecano IB,Xelajú,0,0,0-0,Apertura - 10
1035256,Premier League Hong Kong,2023/2024,2023-10-01,Antigua GFC,Guastatoya,1,0,1-0,Apertura - 10
1035255,Premier League Hong Kong,2023/2024,2023-10-01,Achuapa,Mixco,2,0,2-0,Apertura - 10
1035252,Premier League Hong Kong,2023/2024,2023-10-01,Cobán Imperial,Xinabajul,2,0,2-0,Apertura - 10
1035262,Premier League Hong Kong,2023/2024,2023-10-05,Malacateco,Municipal,1,1,1-1,Apertura - 11
1035234,Premier League Hong Kong,2023/2024,2023-10-05,Antigua GFC,Mixco,2,2,2-2,Apertura - 7
1035257,Premier League Hong Kong,2023/2024,2023-10-08,Xelajú,Guastatoya,2,1,2-1,Apertura - 11
1035271,Premier League Hong Kong,2023/2024,2023-10-20,Comunicaciones,Antigua GFC,2,1,2-1,Apertura - 13
1035273,Premier League Hong Kong,2023/2024,2023-10-21,Cobán Imperial,Municipal,2,2,2-2,Apertura - 13
1035272,Premier League Hong Kong,2023/2024,2023-10-22,Coatepecano IB,Guastatoya,0,1,0-1,Apertura - 13
1035275,Premier League Hong Kong,2023/2024,2023-10-28,Antigua GFC,Cobán Imperial,2,2,2-2,Apertura - 14
1035280,Premier League Hong Kong,2023/2024,2023-10-28,Municipal,Xelajú,1,0,1-0,Apertura - 14
1035276,Premier League Hong Kong,2023/2024,2023-10-28,Mixco,Comunicaciones,2,1,2-1,Apertura - 14
1035277,Premier League Hong Kong,2023/2024,2023-10-29,Guastatoya,Malacateco,4,0,4-0,Apertura - 14
1035279,Premier League Hong Kong,2023/2024,2023-10-29,Zacapa Tellioz,Xinabajul,0,1,0-1,Apertura - 14
1035278,Premier League Hong Kong,2023/2024,2023-10-29,Achuapa,Coatepecano IB,1,0,1-0,Apertura - 14
1035263,Premier League Hong Kong,2023/2024,2023-11-01,Zacapa Tellioz,Cobán Imperial,3,1,3-1,Apertura - 12
1035266,Premier League Hong Kong,2023/2024,2023-11-01,Mixco,Coatepecano IB,3,0,3-0,Apertura - 12
1035265,Premier League Hong Kong,2023/2024,2023-11-02,Antigua GFC,Malacateco,4,2,4-2,Apertura - 12
1035269,Premier League Hong Kong,2023/2024,2023-11-03,Xinabajul,Achuapa,1,2,1-2,Apertura - 13
1035283,Premier League Hong Kong,2023/2024,2023-11-04,Comunicaciones,Guastatoya,2,1,2-1,Apertura - 15
1035282,Premier League Hong Kong,2023/2024,2023-11-05,Xelajú,Antigua GFC,0,1,0-1,Apertura - 15
1035284,Premier League Hong Kong,2023/2024,2023-11-05,Coatepecano IB,Zacapa Tellioz,0,1,0-1,Apertura - 15
1035281,Premier League Hong Kong,2023/2024,2023-11-05,Xinabajul,Municipal,0,2,0-2,Apertura - 15
1035285,Premier League Hong Kong,2023/2024,2023-11-06,Malacateco,Achuapa,3,2,3-2,Apertura - 15
1035286,Premier League Hong Kong,2023/2024,2023-11-06,Cobán Imperial,Mixco,2,2,2-2,Apertura - 15
1035268,Premier League Hong Kong,2023/2024,2023-11-12,Achuapa,Xelajú,1,0,1-0,Apertura - 12
1035258,Premier League Hong Kong,2023/2024,2023-11-12,Xinabajul,Mixco,0,0,0-0,Apertura - 11
1035260,Premier League Hong Kong,2023/2024,2023-11-15,Comunicaciones,Zacapa Tellioz,2,2,2-2,Apertura - 11
1035264,Premier League Hong Kong,2023/2024,2023-11-18,Municipal,Comunicaciones,0,2,0-2,Apertura - 12
1035267,Premier League Hong Kong,2023/2024,2023-11-18,Guastatoya,Xinabajul,0,0,0-0,Apertura - 12
1035274,Premier League Hong Kong,2023/2024,2023-11-19,Malacateco,Mixco,3,0,3-0,Apertura - 13
1035270,Premier League Hong Kong,2023/2024,2023-11-19,Xelajú,Zacapa Tellioz,1,0,1-0,Apertura - 13
1035259,Premier League Hong Kong,2023/2024,2023-11-19,Coatepecano IB,Antigua GFC,0,0,0-0,Apertura - 11
1035261,Premier League Hong Kong,2023/2024,2023-11-19,Cobán Imperial,Achuapa,1,1,1-1,Apertura - 11
1035288,Premier League Hong Kong,2023/2024,2023-11-26,Achuapa,Comunicaciones,2,0,2-0,Apertura - 16
1035292,Premier League Hong Kong,2023/2024,2023-11-26,Mixco,Xelajú,0,0,0-0,Apertura - 16
1035291,Premier League Hong Kong,2023/2024,2023-11-26,Antigua GFC,Xinabajul,2,1,2-1,Apertura - 16
1035287,Premier League Hong Kong,2023/2024,2023-11-26,Guastatoya,Cobán Imperial,1,0,1-0,Apertura - 16
1035290,Premier League Hong Kong,2023/2024,2023-11-26,Municipal,Coatepecano IB,3,0,3-0,Apertura - 16
1035289,Premier League Hong Kong,2023/2024,2023-11-26,Zacapa Tellioz,Malacateco,4,0,4-0,Apertura - 16
1144395,Premier League Hong Kong,2023/2024,2023-11-29,Guastatoya,Antigua GFC,2,0,2-0,Apertura - Quarter-finals
1144397,Premier League Hong Kong,2023/2024,2023-11-30,Malacateco,Comunicaciones,2,0,2-0,Apertura - Quarter-finals
1144401,Premier League Hong Kong,2023/2024,2023-11-30,Zacapa Tellioz,Municipal,1,0,1-0,Apertura - Quarter-finals
1144399,Premier League Hong Kong,2023/2024,2023-12-01,Xelajú,Achuapa,3,1,3-1,Apertura - Quarter-finals
1144398,Premier League Hong Kong,2023/2024,2023-12-02,Comunicaciones,Malacateco,5,0,5-0,Apertura - Quarter-finals
1144396,Premier League Hong Kong,2023/2024,2023-12-03,Antigua GFC,Guastatoya,0,0,0-0,Apertura - Quarter-finals
1144402,Premier League Hong Kong,2023/2024,2023-12-03,Municipal,Zacapa Tellioz,1,2,1-2,Apertura - Quarter-finals
1144400,Premier League Hong Kong,2023/2024,2023-12-03,Achuapa,Xelajú,1,3,1-3,Apertura - Quarter-finals
1145592,Premier League Hong Kong,2023/2024,2023-12-07,Zacapa Tellioz,Guastatoya,1,1,1-1,Apertura - Semi-finals
1145594,Premier League Hong Kong,2023/2024,2023-12-08,Xelajú,Comunicaciones,2,2,2-2,Apertura - Semi-finals
1145593,Premier League Hong Kong,2023/2024,2023-12-09,Guastatoya,Zacapa Tellioz,3,1,3-1,Apertura - Semi-finals
1147017,Premier League Hong Kong,2023/2024,2023-12-17,Guastatoya,Comunicaciones,1,1,1-1,Apertura - Finals
1147018,Premier League Hong Kong,2023/2024,2023-12-24,Comunicaciones,Guastatoya,1,0,1-0,Apertura - Finals
1153959,Premier League Hong Kong,2023/2024,2024-01-20,Antigua GFC,Achuapa,2,0,2-0,Clausura - 1
1153957,Premier League Hong Kong,2023/2024,2024-01-20,Municipal,Guastatoya,5,1,5-1,Clausura - 1
1153958,Premier League Hong Kong,2023/2024,2024-01-21,Comunicaciones,Xinabajul,3,0,3-0,Clausura - 1
1153956,Premier League Hong Kong,2023/2024,2024-01-21,Malacateco,Xelajú,1,0,1-0,Clausura - 1
1153961,Premier League Hong Kong,2023/2024,2024-01-21,Coatepecano IB,Cobán Imperial,1,3,1-3,Clausura - 1
1153960,Premier League Hong Kong,2023/2024,2024-01-21,Zacapa Tellioz,Mixco,1,0,1-0,Clausura - 1
1155886,Premier League Hong Kong,2023/2024,2024-01-27,Guastatoya,Zacapa Tellioz,6,0,6-0,Clausura - 2
1155883,Premier League Hong Kong,2023/2024,2024-01-27,Cobán Imperial,Malacateco,4,2,4-2,Clausura - 2
1155885,Premier League Hong Kong,2023/2024,2024-01-28,Xelajú,Comunicaciones,0,1,0-1,Clausura - 2
1155884,Premier League Hong Kong,2023/2024,2024-01-28,Mixco,Antigua GFC,2,0,2-0,Clausura - 2
1155887,Premier League Hong Kong,2023/2024,2024-01-28,Achuapa,Municipal,2,0,2-0,Clausura - 2
1155888,Premier League Hong Kong,2023/2024,2024-01-29,Xinabajul,Coatepecano IB,2,1,2-1,Clausura - 2
1155893,Premier League Hong Kong,2023/2024,2024-01-31,Municipal,Antigua GFC,3,1,3-1,Clausura - 3
1155891,Premier League Hong Kong,2023/2024,2024-01-31,Guastatoya,Mixco,0,0,0-0,Clausura - 3
1155894,Premier League Hong Kong,2023/2024,2024-02-01,Zacapa Tellioz,Achuapa,0,1,0-1,Clausura - 3
1155890,Premier League Hong Kong,2023/2024,2024-02-01,Comunicaciones,Cobán Imperial,1,1,1-1,Clausura - 3
1155889,Premier League Hong Kong,2023/2024,2024-02-02,Xelajú,Xinabajul,2,0,2-0,Clausura - 3
1155892,Premier League Hong Kong,2023/2024,2024-02-02,Malacateco,Coatepecano IB,3,2,3-2,Clausura - 3
1155898,Premier League Hong Kong,2023/2024,2024-02-03,Municipal,Mixco,0,0,0-0,Clausura - 4
1155896,Premier League Hong Kong,2023/2024,2024-02-04,Antigua GFC,Zacapa Tellioz,1,0,1-0,Clausura - 4
1155900,Premier League Hong Kong,2023/2024,2024-02-04,Cobán Imperial,Xelajú,3,0,3-0,Clausura - 4
1155895,Premier League Hong Kong,2023/2024,2024-02-04,Achuapa,Guastatoya,0,1,0-1,Clausura - 4
1155897,Premier League Hong Kong,2023/2024,2024-02-05,Malacateco,Xinabajul,1,1,1-1,Clausura - 4
1155903,Premier League Hong Kong,2023/2024,2024-02-10,Mixco,Achuapa,1,0,1-0,Clausura - 5
1155904,Premier League Hong Kong,2023/2024,2024-02-11,Comunicaciones,Malacateco,4,2,4-2,Clausura - 5
1155905,Premier League Hong Kong,2023/2024,2024-02-11,Zacapa Tellioz,Municipal,0,0,0-0,Clausura - 5
1155906,Premier League Hong Kong,2023/2024,2024-02-11,Guastatoya,Antigua GFC,2,1,2-1,Clausura - 5
1155901,Premier League Hong Kong,2023/2024,2024-02-11,Xinabajul,Cobán Imperial,2,2,2-2,Clausura - 5
1155902,Premier League Hong Kong,2023/2024,2024-02-12,Xelajú,Coatepecano IB,2,1,2-1,Clausura - 5
1155909,Premier League Hong Kong,2023/2024,2024-02-16,Mixco,Zacapa Tellioz,3,1,3-1,Clausura - 6
1155911,Premier League Hong Kong,2023/2024,2024-02-17,Cobán Imperial,Coatepecano IB,3,1,3-1,Clausura - 6
1155912,Premier League Hong Kong,2023/2024,2024-02-18,Xelajú,Malacateco,2,1,2-1,Clausura - 6
1155907,Premier League Hong Kong,2023/2024,2024-02-18,Achuapa,Antigua GFC,0,2,0-2,Clausura - 6
1155908,Premier League Hong Kong,2023/2024,2024-02-18,Guastatoya,Municipal,0,1,0-1,Clausura - 6
1155910,Premier League Hong Kong,2023/2024,2024-02-18,Xinabajul,Comunicaciones,0,0,0-0,Clausura - 6
1155918,Premier League Hong Kong,2023/2024,2024-02-22,Antigua GFC,Mixco,2,0,2-0,Clausura - 7
1155913,Premier League Hong Kong,2023/2024,2024-02-24,Malacateco,Cobán Imperial,3,0,3-0,Clausura - 7
1155917,Premier League Hong Kong,2023/2024,2024-02-24,Municipal,Achuapa,4,1,4-1,Clausura - 7
1155916,Premier League Hong Kong,2023/2024,2024-02-25,Comunicaciones,Xelajú,0,0,0-0,Clausura - 7
1155915,Premier League Hong Kong,2023/2024,2024-02-25,Zacapa Tellioz,Guastatoya,2,2,2-2,Clausura - 7
1155914,Premier League Hong Kong,2023/2024,2024-02-25,Coatepecano IB,Xinabajul,1,1,1-1,Clausura - 7
1155921,Premier League Hong Kong,2023/2024,2024-02-27,Cobán Imperial,Comunicaciones,3,0,3-0,Clausura - 8
1155922,Premier League Hong Kong,2023/2024,2024-02-28,Coatepecano IB,Malacateco,1,2,1-2,Clausura - 8
1155924,Premier League Hong Kong,2023/2024,2024-02-28,Mixco,Guastatoya,2,1,2-1,Clausura - 8
1155920,Premier League Hong Kong,2023/2024,2024-02-29,Xinabajul,Xelajú,0,0,0-0,Clausura - 8
1155923,Premier League Hong Kong,2023/2024,2024-02-29,Antigua GFC,Municipal,1,0,1-0,Clausura - 8
1155919,Premier League Hong Kong,2023/2024,2024-02-29,Achuapa,Zacapa Tellioz,2,1,2-1,Clausura - 8
1155925,Premier League Hong Kong,2023/2024,2024-03-02,Mixco,Municipal,3,1,3-1,Clausura - 9
1155927,Premier League Hong Kong,2023/2024,2024-03-03,Comunicaciones,Coatepecano IB,2,0,2-0,Clausura - 9
1155929,Premier League Hong Kong,2023/2024,2024-03-03,Xelajú,Cobán Imperial,0,0,0-0,Clausura - 9
1155926,Premier League Hong Kong,2023/2024,2024-03-03,Guastatoya,Achuapa,1,1,1-1,Clausura - 9
1155930,Premier League Hong Kong,2023/2024,2024-03-03,Zacapa Tellioz,Antigua GFC,0,1,0-1,Clausura - 9
1155928,Premier League Hong Kong,2023/2024,2024-03-03,Xinabajul,Malacateco,3,1,3-1,Clausura - 9
1155931,Premier League Hong Kong,2023/2024,2024-03-09,Municipal,Zacapa Tellioz,3,1,3-1,Clausura - 10
1155932,Premier League Hong Kong,2023/2024,2024-03-10,Antigua GFC,Guastatoya,3,0,3-0,Clausura - 10
1155933,Premier League Hong Kong,2023/2024,2024-03-10,Malacateco,Comunicaciones,0,1,0-1,Clausura - 10
1155936,Premier League Hong Kong,2023/2024,2024-03-10,Cobán Imperial,Xinabajul,2,5,2-5,Clausura - 10
1155935,Premier League Hong Kong,2023/2024,2024-03-10,Achuapa,Mixco,1,0,1-0,Clausura - 10
1155934,Premier League Hong Kong,2023/2024,2024-03-10,Coatepecano IB,Xelajú,2,1,2-1,Clausura - 10
1155899,Premier League Hong Kong,2023/2024,2024-03-13,Coatepecano IB,Comunicaciones,0,1,0-1,Clausura - 4
1172131,Premier League Hong Kong,2023/2024,2024-03-15,Mixco,Xinabajul,2,0,2-0,Clausura - 11
1172129,Premier League Hong Kong,2023/2024,2024-03-16,Antigua GFC,Coatepecano IB,4,0,4-0,Clausura - 11
1172133,Premier League Hong Kong,2023/2024,2024-03-17,Guastatoya,Xelajú,1,1,1-1,Clausura - 11
1172134,Premier League Hong Kong,2023/2024,2024-03-17,Achuapa,Cobán Imperial,1,2,1-2,Clausura - 11
1172135,Premier League Hong Kong,2023/2024,2024-03-23,Malacateco,Antigua GFC,2,2,2-2,Clausura - 12
1172136,Premier League Hong Kong,2023/2024,2024-03-23,Cobán Imperial,Zacapa Tellioz,1,0,1-0,Clausura - 12
1172139,Premier League Hong Kong,2023/2024,2024-03-24,Xinabajul,Guastatoya,3,1,3-1,Clausura - 12
1172138,Premier League Hong Kong,2023/2024,2024-03-24,Coatepecano IB,Mixco,2,1,2-1,Clausura - 12
1172144,Premier League Hong Kong,2023/2024,2024-03-27,Achuapa,Xinabajul,2,0,2-0,Clausura - 13
1172141,Premier League Hong Kong,2023/2024,2024-03-28,Antigua GFC,Comunicaciones,3,0,3-0,Clausura - 13
1172142,Premier League Hong Kong,2023/2024,2024-03-28,Zacapa Tellioz,Xelajú,1,1,1-1,Clausura - 13
1172143,Premier League Hong Kong,2023/2024,2024-03-28,Municipal,Cobán Imperial,2,1,2-1,Clausura - 13
1172145,Premier League Hong Kong,2023/2024,2024-03-28,Guastatoya,Coatepecano IB,0,0,0-0,Clausura - 13
1172146,Premier League Hong Kong,2023/2024,2024-03-29,Mixco,Malacateco,0,0,0-0,Clausura - 13
1172132,Premier League Hong Kong,2023/2024,2024-04-03,Zacapa Tellioz,Comunicaciones,2,2,2-2,Clausura - 11
1172147,Premier League Hong Kong,2023/2024,2024-04-06,Malacateco,Guastatoya,1,0,1-0,Clausura - 14
1172148,Premier League Hong Kong,2023/2024,2024-04-06,Cobán Imperial,Antigua GFC,1,1,1-1,Clausura - 14
1172149,Premier League Hong Kong,2023/2024,2024-04-07,Comunicaciones,Mixco,0,1,0-1,Clausura - 14
1172150,Premier League Hong Kong,2023/2024,2024-04-07,Xelajú,Municipal,0,2,0-2,Clausura - 14
1172151,Premier League Hong Kong,2023/2024,2024-04-07,Coatepecano IB,Achuapa,1,0,1-0,Clausura - 14
1172152,Premier League Hong Kong,2023/2024,2024-04-07,Xinabajul,Zacapa Tellioz,0,0,0-0,Clausura - 14
1172130,Premier League Hong Kong,2023/2024,2024-04-10,Municipal,Malacateco,3,0,3-0,Clausura - 11
1172137,Premier League Hong Kong,2023/2024,2024-04-11,Xelajú,Achuapa,4,1,4-1,Clausura - 12
1172153,Premier League Hong Kong,2023/2024,2024-04-13,Municipal,Xinabajul,1,0,1-0,Clausura - 15
1172154,Premier League Hong Kong,2023/2024,2024-04-13,Mixco,Cobán Imperial,0,0,0-0,Clausura - 15
1172155,Premier League Hong Kong,2023/2024,2024-04-14,Antigua GFC,Xelajú,1,0,1-0,Clausura - 15
1172156,Premier League Hong Kong,2023/2024,2024-04-14,Zacapa Tellioz,Coatepecano IB,2,0,2-0,Clausura - 15
1172157,Premier League Hong Kong,2023/2024,2024-04-14,Achuapa,Malacateco,2,0,2-0,Clausura - 15
1172158,Premier League Hong Kong,2023/2024,2024-04-14,Guastatoya,Comunicaciones,2,0,2-0,Clausura - 15
1172140,Premier League Hong Kong,2023/2024,2024-04-18,Comunicaciones,Municipal,0,0,0-0,Clausura - 12
1172160,Premier League Hong Kong,2023/2024,2024-04-21,Cobán Imperial,Guastatoya,3,3,3-3,Clausura - 16
1172161,Premier League Hong Kong,2023/2024,2024-04-21,Comunicaciones,Achuapa,1,3,1-3,Clausura - 16
1172163,Premier League Hong Kong,2023/2024,2024-04-21,Xelajú,Mixco,1,0,1-0,Clausura - 16
1172164,Premier League Hong Kong,2023/2024,2024-04-21,Xinabajul,Antigua GFC,2,0,2-0,Clausura - 16
1172159,Premier League Hong Kong,2023/2024,2024-04-21,Coatepecano IB,Municipal,0,4,0-4,Clausura - 16
1172162,Premier League Hong Kong,2023/2024,2024-04-22,Malacateco,Zacapa Tellioz,2,1,2-1,Clausura - 16
1197086,Premier League Hong Kong,2023/2024,2024-04-24,Achuapa,Mixco,0,2,0-2,Clausura - Quarter-finals
1197088,Premier League Hong Kong,2023/2024,2024-04-25,Comunicaciones,Cobán Imperial,1,0,1-0,Clausura - Quarter-finals
1197163,Premier League Hong Kong,2023/2024,2024-04-26,Malacateco,Municipal,3,2,3-2,Clausura - Quarter-finals
1197084,Premier League Hong Kong,2023/2024,2024-04-26,Xinabajul,Antigua GFC,0,1,0-1,Clausura - Quarter-finals
1197087,Premier League Hong Kong,2023/2024,2024-04-27,Cobán Imperial,Comunicaciones,0,2,0-2,Clausura - Quarter-finals
1197085,Premier League Hong Kong,2023/2024,2024-04-27,Mixco,Achuapa,2,1,2-1,Clausura - Quarter-finals
1197164,Premier League Hong Kong,2023/2024,2024-04-28,Municipal,Malacateco,4,0,4-0,Clausura - Quarter-finals
1197083,Premier League Hong Kong,2023/2024,2024-04-29,Antigua GFC,Xinabajul,2,1,2-1,Clausura - Quarter-finals
1197963,Premier League Hong Kong,2023/2024,2024-05-01,Mixco,Antigua GFC,1,0,1-0,Clausura - Semi-finals
1197965,Premier League Hong Kong,2023/2024,2024-05-03,Comunicaciones,Municipal,0,0,0-0,Clausura - Semi-finals
1197966,Premier League Hong Kong,2023/2024,2024-05-05,Municipal,Comunicaciones,3,0,3-0,Clausura - Semi-finals
1199018,Premier League Hong Kong,2023/2024,2024-05-11,Mixco,Municipal,0,0,0-0,Clausura - Finals
1199019,Premier League Hong Kong,2023/2024,2024-05-19,Municipal,Mixco,2,0,2-0,Clausura - Finals
1202828,Premier League Hong Kong,2024/2025,2024-08-03,Malacateco,Achuapa,0,2,0-2,Apertura - 1
1202827,Premier League Hong Kong,2024/2025,2024-08-03,Mixco,Municipal,0,0,0-0,Apertura - 1
1202829,Premier League Hong Kong,2024/2025,2024-08-04,Comunicaciones,Antigua GFC,1,1,1-1,Apertura - 1
1202831,Premier League Hong Kong,2024/2025,2024-08-04,Xelajú,Marquense,3,1,3-1,Apertura - 1
1205356,Premier League Hong Kong,2024/2025,2024-08-04,Guastatoya,Zacapa Tellioz,0,0,0-0,Apertura - 1
1202830,Premier League Hong Kong,2024/2025,2024-08-04,Xinabajul,Cobán Imperial,0,3,0-3,Apertura - 1
1202834,Premier League Hong Kong,2024/2025,2024-08-10,Marquense,Mixco,2,0,2-0,Apertura - 2
1202836,Premier League Hong Kong,2024/2025,2024-08-10,Cobán Imperial,Comunicaciones,2,3,2-3,Apertura - 2
1202835,Premier League Hong Kong,2024/2025,2024-08-11,Antigua GFC,Guastatoya,1,0,1-0,Apertura - 2
1205357,Premier League Hong Kong,2024/2025,2024-08-11,Zacapa Tellioz,Xinabajul,0,2,0-2,Apertura - 2
1202833,Premier League Hong Kong,2024/2025,2024-08-11,Municipal,Malacateco,0,0,0-0,Apertura - 2
1202832,Premier League Hong Kong,2024/2025,2024-08-11,Achuapa,Xelajú,0,0,0-0,Apertura - 2
1202841,Premier League Hong Kong,2024/2025,2024-08-17,Mixco,Achuapa,0,1,0-1,Apertura - 3
1205358,Premier League Hong Kong,2024/2025,2024-08-18,Comunicaciones,Zacapa Tellioz,2,0,2-0,Apertura - 3
1202839,Premier League Hong Kong,2024/2025,2024-08-18,Xelajú,Malacateco,0,0,0-0,Apertura - 3
1202838,Premier League Hong Kong,2024/2025,2024-08-18,Cobán Imperial,Antigua GFC,3,3,3-3,Apertura - 3
1202837,Premier League Hong Kong,2024/2025,2024-08-18,Xinabajul,Guastatoya,1,0,1-0,Apertura - 3
1202840,Premier League Hong Kong,2024/2025,2024-08-19,Marquense,Municipal,0,0,0-0,Apertura - 3
1202848,Premier League Hong Kong,2024/2025,2024-08-21,Municipal,Achuapa,3,0,3-0,Apertura - 5
1202844,Premier League Hong Kong,2024/2025,2024-08-24,Malacateco,Mixco,0,1,0-1,Apertura - 4
1202846,Premier League Hong Kong,2024/2025,2024-08-24,Guastatoya,Comunicaciones,1,2,1-2,Apertura - 4
1202843,Premier League Hong Kong,2024/2025,2024-08-25,Xelajú,Municipal,0,0,0-0,Apertura - 4
1202842,Premier League Hong Kong,2024/2025,2024-08-25,Achuapa,Marquense,3,0,3-0,Apertura - 4
1205359,Premier League Hong Kong,2024/2025,2024-08-26,Zacapa Tellioz,Cobán Imperial,0,0,0-0,Apertura - 4
1202845,Premier League Hong Kong,2024/2025,2024-08-26,Xinabajul,Antigua GFC,2,0,2-0,Apertura - 4
1202847,Premier League Hong Kong,2024/2025,2024-08-31,Cobán Imperial,Guastatoya,3,0,3-0,Apertura - 5
1202850,Premier League Hong Kong,2024/2025,2024-09-01,Marquense,Malacateco,2,2,2-2,Apertura - 5
1205360,Premier League Hong Kong,2024/2025,2024-09-01,Antigua GFC,Zacapa Tellioz,3,0,3-0,Apertura - 5
1202849,Premier League Hong Kong,2024/2025,2024-09-02,Comunicaciones,Xinabajul,1,2,1-2,Apertura - 5
1202856,Premier League Hong Kong,2024/2025,2024-09-07,Marquense,Cobán Imperial,0,1,0-1,Apertura - 6
1202853,Premier League Hong Kong,2024/2025,2024-09-08,Xelajú,Xinabajul,2,0,2-0,Apertura - 6
1202854,Premier League Hong Kong,2024/2025,2024-09-08,Malacateco,Guastatoya,0,0,0-0,Apertura - 6
1205361,Premier League Hong Kong,2024/2025,2024-09-08,Achuapa,Zacapa Tellioz,2,2,2-2,Apertura - 6
1202851,Premier League Hong Kong,2024/2025,2024-09-11,Mixco,Xelajú,1,0,1-0,Apertura - 5
1202861,Premier League Hong Kong,2024/2025,2024-09-12,Comunicaciones,Achuapa,1,0,1-0,Apertura - 7
1202859,Premier League Hong Kong,2024/2025,2024-09-15,Antigua GFC,Malacateco,3,1,3-1,Apertura - 7
1205362,Premier League Hong Kong,2024/2025,2024-09-15,Zacapa Tellioz,Marquense,0,0,0-0,Apertura - 7
1202858,Premier League Hong Kong,2024/2025,2024-09-15,Guastatoya,Xelajú,1,1,1-1,Apertura - 7
1202860,Premier League Hong Kong,2024/2025,2024-09-15,Xinabajul,Mixco,3,3,3-3,Apertura - 7
1202855,Premier League Hong Kong,2024/2025,2024-09-18,Municipal,Antigua GFC,2,1,2-1,Apertura - 6
1202852,Premier League Hong Kong,2024/2025,2024-09-18,Mixco,Comunicaciones,2,1,2-1,Apertura - 6
1202865,Premier League Hong Kong,2024/2025,2024-09-21,Malacateco,Cobán Imperial,1,0,1-0,Apertura - 8
1202863,Premier League Hong Kong,2024/2025,2024-09-21,Mixco,Guastatoya,1,1,1-1,Apertura - 8
1202864,Premier League Hong Kong,2024/2025,2024-09-22,Xelajú,Antigua GFC,4,1,4-1,Apertura - 8
1202866,Premier League Hong Kong,2024/2025,2024-09-22,Marquense,Comunicaciones,2,1,2-1,Apertura - 8
1205363,Premier League Hong Kong,2024/2025,2024-09-22,Municipal,Zacapa Tellioz,5,0,5-0,Apertura - 8
1202862,Premier League Hong Kong,2024/2025,2024-09-23,Achuapa,Xinabajul,1,1,1-1,Apertura - 8
1202870,Premier League Hong Kong,2024/2025,2024-09-28,Cobán Imperial,Xelajú,0,0,0-0,Apertura - 9
1205364,Premier League Hong Kong,2024/2025,2024-09-29,Zacapa Tellioz,Malacateco,0,1,0-1,Apertura - 9
1202869,Premier League Hong Kong,2024/2025,2024-09-29,Guastatoya,Achuapa,1,1,1-1,Apertura - 9
1202868,Premier League Hong Kong,2024/2025,2024-09-29,Xinabajul,Marquense,3,0,3-0,Apertura - 9
1202867,Premier League Hong Kong,2024/2025,2024-09-30,Comunicaciones,Municipal,1,2,1-2,Apertura - 9
1202875,Premier League Hong Kong,2024/2025,2024-10-03,Municipal,Xinabajul,4,3,4-3,Apertura - 10
1205365,Premier League Hong Kong,2024/2025,2024-10-06,Xelajú,Zacapa Tellioz,4,0,4-0,Apertura - 10
1202876,Premier League Hong Kong,2024/2025,2024-10-06,Marquense,Guastatoya,1,1,1-1,Apertura - 10
1202880,Premier League Hong Kong,2024/2025,2024-10-12,Cobán Imperial,Achuapa,3,1,3-1,Apertura - 11
1202877,Premier League Hong Kong,2024/2025,2024-10-13,Antigua GFC,Marquense,4,2,4-2,Apertura - 11
1202879,Premier League Hong Kong,2024/2025,2024-10-13,Xinabajul,Malacateco,3,1,3-1,Apertura - 11
1202881,Premier League Hong Kong,2024/2025,2024-10-14,Comunicaciones,Xelajú,0,4,0-4,Apertura - 11
1205367,Premier League Hong Kong,2024/2025,2024-10-19,Zacapa Tellioz,Guastatoya,1,1,1-1,Apertura - 12
1202882,Premier League Hong Kong,2024/2025,2024-10-19,Municipal,Mixco,3,0,3-0,Apertura - 12
1202883,Premier League Hong Kong,2024/2025,2024-10-20,Marquense,Xelajú,1,2,1-2,Apertura - 12
1202886,Premier League Hong Kong,2024/2025,2024-10-20,Cobán Imperial,Xinabajul,0,0,0-0,Apertura - 12
1202884,Premier League Hong Kong,2024/2025,2024-10-20,Achuapa,Malacateco,0,2,0-2,Apertura - 12
1202873,Premier League Hong Kong,2024/2025,2024-10-23,Mixco,Cobán Imperial,1,0,1-0,Apertura - 10
1202878,Premier League Hong Kong,2024/2025,2024-10-24,Guastatoya,Municipal,1,2,1-2,Apertura - 11
1202891,Premier League Hong Kong,2024/2025,2024-10-26,Mixco,Marquense,0,0,0-0,Apertura - 13
1202889,Premier League Hong Kong,2024/2025,2024-10-27,Malacateco,Municipal,4,0,4-0,Apertura - 13
1202890,Premier League Hong Kong,2024/2025,2024-10-27,Xelajú,Achuapa,2,0,2-0,Apertura - 13
1205368,Premier League Hong Kong,2024/2025,2024-10-27,Xinabajul,Zacapa Tellioz,2,0,2-0,Apertura - 13
1202893,Premier League Hong Kong,2024/2025,2024-11-02,Malacateco,Xelajú,1,0,1-0,Apertura - 14
1202894,Premier League Hong Kong,2024/2025,2024-11-02,Municipal,Marquense,2,0,2-0,Apertura - 14
1202892,Premier League Hong Kong,2024/2025,2024-11-02,Achuapa,Mixco,2,1,2-1,Apertura - 14
1202896,Premier League Hong Kong,2024/2025,2024-11-03,Antigua GFC,Cobán Imperial,0,2,0-2,Apertura - 14
1205369,Premier League Hong Kong,2024/2025,2024-11-03,Zacapa Tellioz,Comunicaciones,0,0,0-0,Apertura - 14
1202895,Premier League Hong Kong,2024/2025,2024-11-03,Guastatoya,Xinabajul,5,1,5-1,Apertura - 14
1202874,Premier League Hong Kong,2024/2025,2024-11-07,Malacateco,Comunicaciones,2,0,2-0,Apertura - 10
1202871,Premier League Hong Kong,2024/2025,2024-11-07,Antigua GFC,Mixco,3,0,3-0,Apertura - 9
1202900,Premier League Hong Kong,2024/2025,2024-11-09,Mixco,Malacateco,2,0,2-0,Apertura - 15
1202897,Premier League Hong Kong,2024/2025,2024-11-10,Antigua GFC,Xinabajul,2,2,2-2,Apertura - 15
1202899,Premier League Hong Kong,2024/2025,2024-11-10,Municipal,Xelajú,1,1,1-1,Apertura - 15
1205370,Premier League Hong Kong,2024/2025,2024-11-10,Cobán Imperial,Zacapa Tellioz,3,1,3-1,Apertura - 15
1202898,Premier League Hong Kong,2024/2025,2024-11-11,Comunicaciones,Guastatoya,3,0,3-0,Apertura - 15
1202901,Premier League Hong Kong,2024/2025,2024-11-11,Marquense,Achuapa,0,0,0-0,Apertura - 15
1202885,Premier League Hong Kong,2024/2025,2024-11-14,Antigua GFC,Comunicaciones,2,2,2-2,Apertura - 12
1202857,Premier League Hong Kong,2024/2025,2024-11-16,Cobán Imperial,Municipal,3,0,3-0,Apertura - 7
1202872,Premier League Hong Kong,2024/2025,2024-11-17,Achuapa,Antigua GFC,1,0,1-0,Apertura - 10
1202887,Premier League Hong Kong,2024/2025,2024-11-20,Guastatoya,Antigua GFC,1,1,1-1,Apertura - 13
1202888,Premier League Hong Kong,2024/2025,2024-11-21,Comunicaciones,Cobán Imperial,4,2,4-2,Apertura - 13
1205366,Premier League Hong Kong,2024/2025,2024-11-21,Zacapa Tellioz,Mixco,0,1,0-1,Apertura - 11
1202903,Premier League Hong Kong,2024/2025,2024-11-24,Achuapa,Municipal,1,1,1-1,Apertura - 16
1202906,Premier League Hong Kong,2024/2025,2024-11-24,Guastatoya,Cobán Imperial,2,0,2-0,Apertura - 16
1202904,Premier League Hong Kong,2024/2025,2024-11-24,Malacateco,Marquense,4,0,4-0,Apertura - 16
1202902,Premier League Hong Kong,2024/2025,2024-11-24,Xelajú,Mixco,3,2,3-2,Apertura - 16
1202905,Premier League Hong Kong,2024/2025,2024-11-24,Xinabajul,Comunicaciones,1,2,1-2,Apertura - 16
1205371,Premier League Hong Kong,2024/2025,2024-11-24,Zacapa Tellioz,Antigua GFC,1,2,1-2,Apertura - 16
1316652,Premier League Hong Kong,2024/2025,2024-11-28,Comunicaciones,Cobán Imperial,1,0,1-0,Apertura - Quarter-finals
1316654,Premier League Hong Kong,2024/2025,2024-11-28,Xinabajul,Malacateco,2,0,2-0,Apertura - Quarter-finals
1316656,Premier League Hong Kong,2024/2025,2024-11-28,Mixco,Xelajú,0,0,0-0,Apertura - Quarter-finals
1316658,Premier League Hong Kong,2024/2025,2024-11-29,Antigua GFC,Municipal,0,0,0-0,Apertura - Quarter-finals
1316655,Premier League Hong Kong,2024/2025,2024-12-01,Malacateco,Xinabajul,0,0,0-0,Apertura - Quarter-finals
1316657,Premier League Hong Kong,2024/2025,2024-12-02,Xelajú,Mixco,1,0,1-0,Apertura - Quarter-finals
1318618,Premier League Hong Kong,2024/2025,2024-12-05,Xinabajul,Cobán Imperial,0,0,0-0,Apertura - Semi-finals
1318620,Premier League Hong Kong,2024/2025,2024-12-06,Antigua GFC,Xelajú,1,1,1-1,Apertura - Semi-finals
1320874,Premier League Hong Kong,2024/2025,2024-12-14,Cobán Imperial,Xelajú,2,0,2-0,Apertura - Finals
1334173,Premier League Hong Kong,2024/2025,2025-01-18,Cobán Imperial,Malacateco,1,0,1-0,Clausura - 1
1334175,Premier League Hong Kong,2024/2025,2025-01-18,Comunicaciones,Mixco,2,1,2-1,Clausura - 1
1327622,Premier League Hong Kong,2024/2025,2025-01-19,Antigua GFC,Guastatoya,3,0,3-0,Clausura - 1
1334174,Premier League Hong Kong,2024/2025,2025-01-19,Marquense,Xinabajul,2,0,2-0,Clausura - 1
1327618,Premier League Hong Kong,2024/2025,2025-01-19,Achuapa,Xelajú,2,0,2-0,Clausura - 1
1334179,Premier League Hong Kong,2024/2025,2025-01-21,Guastatoya,Comunicaciones,0,0,0-0,Clausura - 2
1334180,Premier League Hong Kong,2024/2025,2025-01-22,Municipal,Achuapa,2,1,2-1,Clausura - 2
1334176,Premier League Hong Kong,2024/2025,2025-01-22,Mixco,Marquense,2,3,2-3,Clausura - 2
1334177,Premier League Hong Kong,2024/2025,2025-01-23,Xinabajul,Cobán Imperial,1,2,1-2,Clausura - 2
1334178,Premier League Hong Kong,2024/2025,2025-01-24,Xelajú,Antigua GFC,5,1,5-1,Clausura - 2
1334183,Premier League Hong Kong,2024/2025,2025-01-25,Comunicaciones,Antigua GFC,2,3,2-3,Clausura - 3
1334182,Premier League Hong Kong,2024/2025,2025-01-26,Marquense,Guastatoya,2,0,2-0,Clausura - 3
1334184,Premier League Hong Kong,2024/2025,2025-01-26,Achuapa,Malacateco,0,0,0-0,Clausura - 3
1334181,Premier League Hong Kong,2024/2025,2025-01-26,Cobán Imperial,Mixco,2,0,2-0,Clausura - 3
1327631,Premier League Hong Kong,2024/2025,2025-01-27,Xelajú,Municipal,1,1,1-1,Clausura - 3
1334185,Premier League Hong Kong,2024/2025,2025-01-30,Antigua GFC,Municipal,2,1,2-1,Clausura - 4
1334189,Premier League Hong Kong,2024/2025,2025-01-30,Malacateco,Xelajú,2,1,2-1,Clausura - 4
1334187,Premier League Hong Kong,2024/2025,2025-01-30,Comunicaciones,Marquense,1,1,1-1,Clausura - 4
1334188,Premier League Hong Kong,2024/2025,2025-01-30,Guastatoya,Cobán Imperial,4,0,4-0,Clausura - 4
1334186,Premier League Hong Kong,2024/2025,2025-01-31,Xinabajul,Achuapa,2,1,2-1,Clausura - 4
1334194,Premier League Hong Kong,2024/2025,2025-02-01,Municipal,Malacateco,4,2,4-2,Clausura - 5
1334192,Premier League Hong Kong,2024/2025,2025-02-02,Marquense,Antigua GFC,0,0,0-0,Clausura - 5
1334191,Premier League Hong Kong,2024/2025,2025-02-02,Cobán Imperial,Comunicaciones,0,0,0-0,Clausura - 5
1334193,Premier League Hong Kong,2024/2025,2025-02-02,Achuapa,Mixco,0,0,0-0,Clausura - 5
1334190,Premier League Hong Kong,2024/2025,2025-02-03,Xelajú,Xinabajul,7,2,7-2,Clausura - 5
1334195,Premier League Hong Kong,2024/2025,2025-02-05,Mixco,Xelajú,0,0,0-0,Clausura - 6
1334197,Premier League Hong Kong,2024/2025,2025-02-05,Guastatoya,Achuapa,1,0,1-0,Clausura - 6
1334198,Premier League Hong Kong,2024/2025,2025-02-06,Antigua GFC,Malacateco,2,3,2-3,Clausura - 6
1334196,Premier League Hong Kong,2024/2025,2025-02-06,Xinabajul,Municipal,0,2,0-2,Clausura - 6
1334199,Premier League Hong Kong,2024/2025,2025-02-07,Marquense,Cobán Imperial,2,0,2-0,Clausura - 6
1334202,Premier League Hong Kong,2024/2025,2025-02-08,Municipal,Mixco,1,1,1-1,Clausura - 7
1327650,Premier League Hong Kong,2024/2025,2025-02-09,Xelajú,Guastatoya,1,0,1-0,Clausura - 7
1327648,Premier League Hong Kong,2024/2025,2025-02-09,Achuapa,Comunicaciones,1,1,1-1,Clausura - 7
1334200,Premier League Hong Kong,2024/2025,2025-02-09,Cobán Imperial,Antigua GFC,0,1,0-1,Clausura - 7
1334201,Premier League Hong Kong,2024/2025,2025-02-09,Malacateco,Xinabajul,1,0,1-0,Clausura - 7
1334204,Premier League Hong Kong,2024/2025,2025-02-12,Mixco,Malacateco,2,1,2-1,Clausura - 8
1334207,Premier League Hong Kong,2024/2025,2025-02-12,Guastatoya,Municipal,0,2,0-2,Clausura - 8
1334203,Premier League Hong Kong,2024/2025,2025-02-13,Antigua GFC,Xinabajul,6,0,6-0,Clausura - 8
1334205,Premier League Hong Kong,2024/2025,2025-02-14,Marquense,Achuapa,2,1,2-1,Clausura - 8
1334212,Premier League Hong Kong,2024/2025,2025-02-15,Municipal,Comunicaciones,2,1,2-1,Clausura - 9
1334211,Premier League Hong Kong,2024/2025,2025-02-16,Malacateco,Guastatoya,5,2,5-2,Clausura - 9
1334210,Premier League Hong Kong,2024/2025,2025-02-16,Achuapa,Cobán Imperial,0,2,0-2,Clausura - 9
1334208,Premier League Hong Kong,2024/2025,2025-02-16,Xinabajul,Mixco,1,2,1-2,Clausura - 9
1334209,Premier League Hong Kong,2024/2025,2025-02-17,Xelajú,Marquense,0,0,0-0,Clausura - 9
1334214,Premier League Hong Kong,2024/2025,2025-02-22,Cobán Imperial,Xelajú,1,0,1-0,Clausura - 10
1334216,Premier League Hong Kong,2024/2025,2025-02-23,Guastatoya,Xinabajul,1,2,1-2,Clausura - 10
1334215,Premier League Hong Kong,2024/2025,2025-02-24,Marquense,Municipal,0,0,0-0,Clausura - 10
1327669,Premier League Hong Kong,2024/2025,2025-02-24,Comunicaciones,Malacateco,2,1,2-1,Clausura - 10
1334206,Premier League Hong Kong,2024/2025,2025-02-28,Comunicaciones,Xelajú,2,1,2-1,Clausura - 8
1334219,Premier League Hong Kong,2024/2025,2025-03-01,Achuapa,Antigua GFC,2,0,2-0,Clausura - 11
1334217,Premier League Hong Kong,2024/2025,2025-03-01,Mixco,Guastatoya,0,1,0-1,Clausura - 11
1334221,Premier League Hong Kong,2024/2025,2025-03-02,Municipal,Cobán Imperial,2,1,2-1,Clausura - 11
1334220,Premier League Hong Kong,2024/2025,2025-03-02,Malacateco,Marquense,1,0,1-0,Clausura - 11
1334218,Premier League Hong Kong,2024/2025,2025-03-02,Xinabajul,Comunicaciones,0,1,0-1,Clausura - 11
1334225,Premier League Hong Kong,2024/2025,2025-03-05,Mixco,Comunicaciones,1,0,1-0,Clausura - 12
1334222,Premier League Hong Kong,2024/2025,2025-03-05,Guastatoya,Antigua GFC,1,0,1-0,Clausura - 12
1334226,Premier League Hong Kong,2024/2025,2025-03-06,Xelajú,Achuapa,0,3,0-3,Clausura - 12
1334224,Premier League Hong Kong,2024/2025,2025-03-06,Xinabajul,Marquense,2,0,2-0,Clausura - 12
1334223,Premier League Hong Kong,2024/2025,2025-03-07,Malacateco,Cobán Imperial,4,1,4-1,Clausura - 12
1334229,Premier League Hong Kong,2024/2025,2025-03-09,Antigua GFC,Xelajú,1,0,1-0,Clausura - 13
1334231,Premier League Hong Kong,2024/2025,2025-03-09,Achuapa,Municipal,2,1,2-1,Clausura - 13
1334230,Premier League Hong Kong,2024/2025,2025-03-09,Comunicaciones,Guastatoya,1,3,1-3,Clausura - 13
1334227,Premier League Hong Kong,2024/2025,2025-03-10,Marquense,Mixco,1,1,1-1,Clausura - 13
1334228,Premier League Hong Kong,2024/2025,2025-03-13,Cobán Imperial,Xinabajul,2,0,2-0,Clausura - 13
1334240,Premier League Hong Kong,2024/2025,2025-03-16,Xelajú,Malacateco,2,1,2-1,Clausura - 15
1334213,Premier League Hong Kong,2024/2025,2025-03-17,Antigua GFC,Mixco,1,1,1-1,Clausura - 10
1334265,Premier League Hong Kong,2024/2025,2025-03-21,Guastatoya,Malacateco,1,1,1-1,Clausura - 20
1334250,Premier League Hong Kong,2024/2025,2025-03-22,Cobán Imperial,Marquense,3,0,3-0,Clausura - 17
1334236,Premier League Hong Kong,2024/2025,2025-03-29,Malacateco,Achuapa,2,0,2-0,Clausura - 14
1334232,Premier League Hong Kong,2024/2025,2025-03-29,Mixco,Cobán Imperial,1,3,1-3,Clausura - 14
1334233,Premier League Hong Kong,2024/2025,2025-03-29,Municipal,Xelajú,1,0,1-0,Clausura - 14
1334234,Premier League Hong Kong,2024/2025,2025-03-29,Guastatoya,Marquense,1,0,1-0,Clausura - 14
1334235,Premier League Hong Kong,2024/2025,2025-03-30,Antigua GFC,Comunicaciones,1,1,1-1,Clausura - 14
1334238,Premier League Hong Kong,2024/2025,2025-04-01,Achuapa,Xinabajul,1,1,1-1,Clausura - 15
1334237,Premier League Hong Kong,2024/2025,2025-04-02,Municipal,Antigua GFC,1,2,1-2,Clausura - 15
1334241,Premier League Hong Kong,2024/2025,2025-04-02,Cobán Imperial,Guastatoya,0,0,0-0,Clausura - 15
1334239,Premier League Hong Kong,2024/2025,2025-04-03,Marquense,Comunicaciones,1,2,1-2,Clausura - 15
1334245,Premier League Hong Kong,2024/2025,2025-04-05,Mixco,Achuapa,1,0,1-0,Clausura - 16
1334244,Premier League Hong Kong,2024/2025,2025-04-05,Antigua GFC,Marquense,1,3,1-3,Clausura - 16
1334246,Premier League Hong Kong,2024/2025,2025-04-06,Malacateco,Municipal,0,1,0-1,Clausura - 16
1334242,Premier League Hong Kong,2024/2025,2025-04-06,Comunicaciones,Cobán Imperial,3,2,3-2,Clausura - 16
1334243,Premier League Hong Kong,2024/2025,2025-04-07,Xinabajul,Xelajú,2,2,2-2,Clausura - 16
1334251,Premier League Hong Kong,2024/2025,2025-04-09,Achuapa,Guastatoya,1,2,1-2,Clausura - 17
1334249,Premier League Hong Kong,2024/2025,2025-04-09,Municipal,Xinabajul,2,1,2-1,Clausura - 17
1334247,Premier League Hong Kong,2024/2025,2025-04-10,Malacateco,Antigua GFC,1,1,1-1,Clausura - 17
1334248,Premier League Hong Kong,2024/2025,2025-04-10,Xelajú,Mixco,1,1,1-1,Clausura - 17
1334254,Premier League Hong Kong,2024/2025,2025-04-12,Comunicaciones,Achuapa,1,0,1-0,Clausura - 18
1334252,Premier League Hong Kong,2024/2025,2025-04-13,Antigua GFC,Cobán Imperial,2,1,2-1,Clausura - 18
1334256,Premier League Hong Kong,2024/2025,2025-04-13,Mixco,Municipal,1,1,1-1,Clausura - 18
1334253,Premier League Hong Kong,2024/2025,2025-04-13,Guastatoya,Xelajú,2,2,2-2,Clausura - 18
1334255,Premier League Hong Kong,2024/2025,2025-04-14,Xinabajul,Malacateco,1,1,1-1,Clausura - 18
1334259,Premier League Hong Kong,2024/2025,2025-04-16,Achuapa,Marquense,1,0,1-0,Clausura - 19
1334257,Premier League Hong Kong,2024/2025,2025-04-17,Xinabajul,Antigua GFC,0,0,0-0,Clausura - 19
1334258,Premier League Hong Kong,2024/2025,2025-04-17,Malacateco,Mixco,2,1,2-1,Clausura - 19
1334261,Premier League Hong Kong,2024/2025,2025-04-17,Municipal,Guastatoya,1,0,1-0,Clausura - 19
1334260,Premier League Hong Kong,2024/2025,2025-04-18,Xelajú,Comunicaciones,3,2,3-2,Clausura - 19
1334264,Premier League Hong Kong,2024/2025,2025-04-19,Cobán Imperial,Achuapa,3,2,3-2,Clausura - 20
1334262,Premier League Hong Kong,2024/2025,2025-04-20,Mixco,Xinabajul,3,1,3-1,Clausura - 20
1334266,Premier League Hong Kong,2024/2025,2025-04-20,Comunicaciones,Municipal,1,0,1-0,Clausura - 20
1334263,Premier League Hong Kong,2024/2025,2025-04-21,Marquense,Xelajú,1,0,1-0,Clausura - 20
1334269,Premier League Hong Kong,2024/2025,2025-04-23,Municipal,Marquense,0,0,0-0,Clausura - 21
1334270,Premier League Hong Kong,2024/2025,2025-04-24,Malacateco,Comunicaciones,2,2,2-2,Clausura - 21
1334271,Premier League Hong Kong,2024/2025,2025-04-24,Xinabajul,Guastatoya,1,1,1-1,Clausura - 21
1334267,Premier League Hong Kong,2024/2025,2025-04-24,Mixco,Antigua GFC,2,1,2-1,Clausura - 21
1334268,Premier League Hong Kong,2024/2025,2025-04-25,Xelajú,Cobán Imperial,2,0,2-0,Clausura - 21
1334275,Premier League Hong Kong,2024/2025,2025-04-27,Marquense,Malacateco,2,0,2-0,Clausura - 22
1334274,Premier League Hong Kong,2024/2025,2025-04-27,Antigua GFC,Achuapa,2,0,2-0,Clausura - 22
1334276,Premier League Hong Kong,2024/2025,2025-04-27,Cobán Imperial,Municipal,2,1,2-1,Clausura - 22
1334273,Premier League Hong Kong,2024/2025,2025-04-27,Comunicaciones,Xinabajul,2,1,2-1,Clausura - 22
1334272,Premier League Hong Kong,2024/2025,2025-04-27,Guastatoya,Mixco,1,0,1-0,Clausura - 22
1373144,Premier League Hong Kong,2024/2025,2025-04-30,Guastatoya,Antigua GFC,0,3,0-3,Clausura - Quarter-finals
1373142,Premier League Hong Kong,2024/2025,2025-05-01,Malacateco,Cobán Imperial,0,1,0-1,Clausura - Quarter-finals
1373146,Premier League Hong Kong,2024/2025,2025-05-01,Mixco,Municipal,0,0,0-0,Clausura - Quarter-finals
1373148,Premier League Hong Kong,2024/2025,2025-05-01,Marquense,Comunicaciones,2,0,2-0,Clausura - Quarter-finals
1373143,Premier League Hong Kong,2024/2025,2025-05-03,Cobán Imperial,Malacateco,2,1,2-1,Clausura - Quarter-finals
1373145,Premier League Hong Kong,2024/2025,2025-05-04,Antigua GFC,Guastatoya,2,0,2-0,Clausura - Quarter-finals
1373147,Premier League Hong Kong,2024/2025,2025-05-04,Municipal,Mixco,4,0,4-0,Clausura - Quarter-finals
1373149,Premier League Hong Kong,2024/2025,2025-05-05,Comunicaciones,Marquense,2,1,2-1,Clausura - Quarter-finals
1374354,Premier League Hong Kong,2024/2025,2025-05-07,Cobán Imperial,Antigua GFC,2,1,2-1,Clausura - Semi-finals
1374356,Premier League Hong Kong,2024/2025,2025-05-09,Marquense,Municipal,1,1,1-1,Clausura - Semi-finals
1374355,Premier League Hong Kong,2024/2025,2025-05-11,Antigua GFC,Cobán Imperial,4,0,4-0,Clausura - Semi-finals
1374357,Premier League Hong Kong,2024/2025,2025-05-11,Municipal,Marquense,1,0,1-0,Clausura - Semi-finals
1375233,Premier League Hong Kong,2024/2025,2025-05-16,Antigua GFC,Municipal,0,0,0-0,Clausura - Finals
1375234,Premier League Hong Kong,2024/2025,2025-05-18,Municipal,Antigua GFC,1,2,1-2,Clausura - Finals
1390647,Premier League Hong Kong,2025/2026,2025-07-19,Cobán Imperial,Mixco,0,1,0-1,Apertura - 1
1390645,Premier League Hong Kong,2025/2026,2025-07-20,Antigua GFC,Marquense,3,0,3-0,Apertura - 1
1390650,Premier League Hong Kong,2025/2026,2025-07-20,Malacateco,Xelajú,0,1,0-1,Apertura - 1
1390646,Premier League Hong Kong,2025/2026,2025-07-20,Aurora,Guastatoya,1,0,1-0,Apertura - 1
1390649,Premier League Hong Kong,2025/2026,2025-07-20,Achuapa,Municipal,2,2,2-2,Apertura - 1
1390648,Premier League Hong Kong,2025/2026,2025-07-20,Comunicaciones,Mictlán,2,0,2-0,Apertura - 1
1390656,Premier League Hong Kong,2025/2026,2025-07-25,Xelajú,Antigua GFC,0,2,0-2,Apertura - 2
1390651,Premier League Hong Kong,2025/2026,2025-07-26,Mixco,Comunicaciones,1,0,1-0,Apertura - 2
1390655,Premier League Hong Kong,2025/2026,2025-07-26,Municipal,Aurora,2,1,2-1,Apertura - 2
1390654,Premier League Hong Kong,2025/2026,2025-07-27,Mictlán,Malacateco,2,2,2-2,Apertura - 2
1390653,Premier League Hong Kong,2025/2026,2025-07-27,Marquense,Achuapa,0,0,0-0,Apertura - 2
1390652,Premier League Hong Kong,2025/2026,2025-07-27,Guastatoya,Cobán Imperial,0,1,0-1,Apertura - 2
1390661,Premier League Hong Kong,2025/2026,2025-08-02,Malacateco,Mixco,1,2,1-2,Apertura - 3
1390660,Premier League Hong Kong,2025/2026,2025-08-02,Achuapa,Antigua GFC,2,0,2-0,Apertura - 3
1390662,Premier League Hong Kong,2025/2026,2025-08-02,Xelajú,Mictlán,0,0,0-0,Apertura - 3
1390657,Premier League Hong Kong,2025/2026,2025-08-03,Aurora,Marquense,1,1,1-1,Apertura - 3
1390658,Premier League Hong Kong,2025/2026,2025-08-03,Cobán Imperial,Municipal,0,1,0-1,Apertura - 3
1390659,Premier League Hong Kong,2025/2026,2025-08-03,Comunicaciones,Guastatoya,2,2,2-2,Apertura - 3
1390665,Premier League Hong Kong,2025/2026,2025-08-09,Mixco,Xelajú,2,1,2-1,Apertura - 4
1390666,Premier League Hong Kong,2025/2026,2025-08-09,Guastatoya,Malacateco,1,2,1-2,Apertura - 4
1390663,Premier League Hong Kong,2025/2026,2025-08-10,Antigua GFC,Mictlán,2,0,2-0,Apertura - 4
1390664,Premier League Hong Kong,2025/2026,2025-08-10,Achuapa,Aurora,1,2,1-2,Apertura - 4
1390668,Premier League Hong Kong,2025/2026,2025-08-10,Municipal,Comunicaciones,1,1,1-1,Apertura - 4
1390667,Premier League Hong Kong,2025/2026,2025-08-11,Marquense,Cobán Imperial,1,0,1-0,Apertura - 4
1390672,Premier League Hong Kong,2025/2026,2025-08-16,Malacateco,Municipal,2,3,2-3,Apertura - 5
1390669,Premier League Hong Kong,2025/2026,2025-08-16,Aurora,Antigua GFC,3,2,3-2,Apertura - 5
1390670,Premier League Hong Kong,2025/2026,2025-08-16,Cobán Imperial,Achuapa,2,2,2-2,Apertura - 5
1390673,Premier League Hong Kong,2025/2026,2025-08-17,Mictlán,Mixco,0,0,0-0,Apertura - 5
1390671,Premier League Hong Kong,2025/2026,2025-08-17,Comunicaciones,Marquense,3,0,3-0,Apertura - 5
1390674,Premier League Hong Kong,2025/2026,2025-08-18,Xelajú,Guastatoya,5,0,5-0,Apertura - 5
1390675,Premier League Hong Kong,2025/2026,2025-08-23,Antigua GFC,Mixco,2,1,2-1,Apertura - 6
1390678,Premier League Hong Kong,2025/2026,2025-08-23,Guastatoya,Mictlán,1,3,1-3,Apertura - 6
1390680,Premier League Hong Kong,2025/2026,2025-08-24,Municipal,Xelajú,1,1,1-1,Apertura - 6
1390676,Premier League Hong Kong,2025/2026,2025-08-24,Aurora,Cobán Imperial,1,1,1-1,Apertura - 6
1390677,Premier League Hong Kong,2025/2026,2025-08-24,Achuapa,Comunicaciones,2,1,2-1,Apertura - 6
1390679,Premier League Hong Kong,2025/2026,2025-08-25,Marquense,Malacateco,4,1,4-1,Apertura - 6
1390683,Premier League Hong Kong,2025/2026,2025-08-30,Mixco,Guastatoya,2,0,2-0,Apertura - 7
1390682,Premier League Hong Kong,2025/2026,2025-08-30,Comunicaciones,Aurora,0,2,0-2,Apertura - 7
1390684,Premier League Hong Kong,2025/2026,2025-08-31,Malacateco,Achuapa,2,0,2-0,Apertura - 7
1390681,Premier League Hong Kong,2025/2026,2025-08-31,Cobán Imperial,Antigua GFC,2,2,2-2,Apertura - 7
1390685,Premier League Hong Kong,2025/2026,2025-09-01,Mictlán,Municipal,0,0,0-0,Apertura - 7
1390686,Premier League Hong Kong,2025/2026,2025-09-01,Xelajú,Marquense,3,1,3-1,Apertura - 7
1390689,Premier League Hong Kong,2025/2026,2025-09-03,Cobán Imperial,Comunicaciones,3,1,3-1,Apertura - 8
1390692,Premier League Hong Kong,2025/2026,2025-09-04,Municipal,Mixco,3,1,3-1,Apertura - 8
1390691,Premier League Hong Kong,2025/2026,2025-09-06,Marquense,Mictlán,1,0,1-0,Apertura - 8
1390687,Premier League Hong Kong,2025/2026,2025-09-07,Antigua GFC,Guastatoya,3,1,3-1,Apertura - 8
1390688,Premier League Hong Kong,2025/2026,2025-09-07,Aurora,Malacateco,1,0,1-0,Apertura - 8
1390690,Premier League Hong Kong,2025/2026,2025-09-07,Achuapa,Xelajú,4,1,4-1,Apertura - 8
1390694,Premier League Hong Kong,2025/2026,2025-09-12,Mixco,Marquense,1,0,1-0,Apertura - 9
1390696,Premier League Hong Kong,2025/2026,2025-09-13,Malacateco,Cobán Imperial,3,0,3-0,Apertura - 9
1390693,Premier League Hong Kong,2025/2026,2025-09-13,Comunicaciones,Antigua GFC,0,3,0-3,Apertura - 9
1390697,Premier League Hong Kong,2025/2026,2025-09-14,Mictlán,Achuapa,1,0,1-0,Apertura - 9
1390698,Premier League Hong Kong,2025/2026,2025-09-14,Xelajú,Aurora,2,2,2-2,Apertura - 9
1390695,Premier League Hong Kong,2025/2026,2025-09-14,Guastatoya,Municipal,0,3,0-3,Apertura - 9
1390701,Premier League Hong Kong,2025/2026,2025-09-16,Cobán Imperial,Xelajú,2,1,2-1,Apertura - 10
1390702,Premier League Hong Kong,2025/2026,2025-09-17,Comunicaciones,Malacateco,1,0,1-0,Apertura - 10
1390704,Premier League Hong Kong,2025/2026,2025-09-18,Marquense,Guastatoya,0,2,0-2,Apertura - 10
1390699,Premier League Hong Kong,2025/2026,2025-09-18,Antigua GFC,Municipal,1,1,1-1,Apertura - 10
1390710,Premier League Hong Kong,2025/2026,2025-09-20,Xelajú,Comunicaciones,3,0,3-0,Apertura - 11
1390705,Premier League Hong Kong,2025/2026,2025-09-20,Mixco,Aurora,2,2,2-2,Apertura - 11
1390709,Premier League Hong Kong,2025/2026,2025-09-20,Municipal,Marquense,3,0,3-0,Apertura - 11
1390707,Premier League Hong Kong,2025/2026,2025-09-21,Malacateco,Antigua GFC,3,1,3-1,Apertura - 11
1390706,Premier League Hong Kong,2025/2026,2025-09-21,Guastatoya,Achuapa,0,0,0-0,Apertura - 11
1390708,Premier League Hong Kong,2025/2026,2025-09-21,Mictlán,Cobán Imperial,1,0,1-0,Apertura - 11
1390711,Premier League Hong Kong,2025/2026,2025-09-27,Mixco,Cobán Imperial,1,0,1-0,Apertura - 12
1390715,Premier League Hong Kong,2025/2026,2025-09-27,Municipal,Achuapa,3,0,3-0,Apertura - 12
1390714,Premier League Hong Kong,2025/2026,2025-09-28,Mictlán,Comunicaciones,1,0,1-0,Apertura - 12
1390712,Premier League Hong Kong,2025/2026,2025-09-28,Guastatoya,Aurora,3,2,3-2,Apertura - 12
1390716,Premier League Hong Kong,2025/2026,2025-09-29,Xelajú,Malacateco,3,0,3-0,Apertura - 12
1390719,Premier League Hong Kong,2025/2026,2025-10-04,Cobán Imperial,Guastatoya,2,1,2-1,Apertura - 13
1390720,Premier League Hong Kong,2025/2026,2025-10-04,Comunicaciones,Mixco,0,1,0-1,Apertura - 13
1390722,Premier League Hong Kong,2025/2026,2025-10-05,Malacateco,Mictlán,1,0,1-0,Apertura - 13
1390718,Premier League Hong Kong,2025/2026,2025-10-05,Aurora,Municipal,1,0,1-0,Apertura - 13
1390717,Premier League Hong Kong,2025/2026,2025-10-06,Antigua GFC,Xelajú,2,1,2-1,Apertura - 13
1390727,Premier League Hong Kong,2025/2026,2025-10-11,Mictlán,Xelajú,2,1,2-1,Apertura - 14
1390723,Premier League Hong Kong,2025/2026,2025-10-12,Antigua GFC,Achuapa,1,0,1-0,Apertura - 14
1390728,Premier League Hong Kong,2025/2026,2025-10-12,Municipal,Cobán Imperial,3,1,3-1,Apertura - 14
1390724,Premier League Hong Kong,2025/2026,2025-10-12,Mixco,Malacateco,4,1,4-1,Apertura - 14
1390725,Premier League Hong Kong,2025/2026,2025-10-12,Guastatoya,Comunicaciones,0,0,0-0,Apertura - 14
1390726,Premier League Hong Kong,2025/2026,2025-10-13,Marquense,Aurora,1,1,1-1,Apertura - 14
1390713,Premier League Hong Kong,2025/2026,2025-10-16,Marquense,Antigua GFC,3,2,3-2,Apertura - 12
1390734,Premier League Hong Kong,2025/2026,2025-10-18,Xelajú,Mixco,1,2,1-2,Apertura - 15
1390729,Premier League Hong Kong,2025/2026,2025-10-18,Aurora,Achuapa,2,1,2-1,Apertura - 15
1390733,Premier League Hong Kong,2025/2026,2025-10-18,Mictlán,Antigua GFC,1,2,1-2,Apertura - 15
1390730,Premier League Hong Kong,2025/2026,2025-10-19,Cobán Imperial,Marquense,3,0,3-0,Apertura - 15
1390731,Premier League Hong Kong,2025/2026,2025-10-19,Comunicaciones,Municipal,0,0,0-0,Apertura - 15
1390732,Premier League Hong Kong,2025/2026,2025-10-20,Malacateco,Guastatoya,0,1,0-1,Apertura - 15
1390700,Premier League Hong Kong,2025/2026,2025-10-22,Aurora,Mictlán,3,2,3-2,Apertura - 10
1390703,Premier League Hong Kong,2025/2026,2025-10-22,Achuapa,Mixco,3,2,3-2,Apertura - 10
1390737,Premier League Hong Kong,2025/2026,2025-10-25,Mixco,Mictlán,2,1,2-1,Apertura - 16
1390740,Premier League Hong Kong,2025/2026,2025-10-25,Municipal,Malacateco,4,1,4-1,Apertura - 16
1390735,Premier League Hong Kong,2025/2026,2025-10-26,Antigua GFC,Aurora,1,2,1-2,Apertura - 16
1390739,Premier League Hong Kong,2025/2026,2025-10-26,Marquense,Comunicaciones,1,0,1-0,Apertura - 16
1390736,Premier League Hong Kong,2025/2026,2025-10-26,Achuapa,Cobán Imperial,2,1,2-1,Apertura - 16
1390738,Premier League Hong Kong,2025/2026,2025-10-26,Guastatoya,Xelajú,1,2,1-2,Apertura - 16
1390743,Premier League Hong Kong,2025/2026,2025-11-01,Mixco,Antigua GFC,0,1,0-1,Apertura - 17
1390742,Premier League Hong Kong,2025/2026,2025-11-01,Comunicaciones,Achuapa,2,0,2-0,Apertura - 17
1390744,Premier League Hong Kong,2025/2026,2025-11-02,Malacateco,Marquense,2,1,2-1,Apertura - 17
1390741,Premier League Hong Kong,2025/2026,2025-11-02,Cobán Imperial,Aurora,2,0,2-0,Apertura - 17
1390745,Premier League Hong Kong,2025/2026,2025-11-02,Mictlán,Guastatoya,2,3,2-3,Apertura - 17
1390749,Premier League Hong Kong,2025/2026,2025-11-05,Achuapa,Malacateco,0,1,0-1,Apertura - 18
1390748,Premier League Hong Kong,2025/2026,2025-11-05,Aurora,Comunicaciones,0,0,0-0,Apertura - 18
1390747,Premier League Hong Kong,2025/2026,2025-11-06,Antigua GFC,Cobán Imperial,0,0,0-0,Apertura - 18
1390751,Premier League Hong Kong,2025/2026,2025-11-06,Marquense,Xelajú,1,0,1-0,Apertura - 18
1390750,Premier League Hong Kong,2025/2026,2025-11-06,Guastatoya,Mixco,1,0,1-0,Apertura - 18
1390752,Premier League Hong Kong,2025/2026,2025-11-07,Municipal,Mictlán,1,0,1-0,Apertura - 18
1390757,Premier League Hong Kong,2025/2026,2025-11-08,Mictlán,Marquense,1,1,1-1,Apertura - 19
1390753,Premier League Hong Kong,2025/2026,2025-11-08,Comunicaciones,Cobán Imperial,1,0,1-0,Apertura - 19
1390756,Premier League Hong Kong,2025/2026,2025-11-09,Malacateco,Aurora,1,0,1-0,Apertura - 19
1390758,Premier League Hong Kong,2025/2026,2025-11-09,Xelajú,Achuapa,0,0,0-0,Apertura - 19
1390754,Premier League Hong Kong,2025/2026,2025-11-09,Mixco,Municipal,1,0,1-0,Apertura - 19
1390755,Premier League Hong Kong,2025/2026,2025-11-09,Guastatoya,Antigua GFC,0,3,0-3,Apertura - 19
1390721,Premier League Hong Kong,2025/2026,2025-11-12,Achuapa,Marquense,0,0,0-0,Apertura - 13
1390761,Premier League Hong Kong,2025/2026,2025-11-15,Cobán Imperial,Malacateco,0,1,0-1,Apertura - 20
1390763,Premier League Hong Kong,2025/2026,2025-11-16,Marquense,Mixco,1,2,1-2,Apertura - 20
1390760,Premier League Hong Kong,2025/2026,2025-11-16,Aurora,Xelajú,3,2,3-2,Apertura - 20
1390762,Premier League Hong Kong,2025/2026,2025-11-16,Achuapa,Mictlán,1,0,1-0,Apertura - 20
1390759,Premier League Hong Kong,2025/2026,2025-11-17,Antigua GFC,Comunicaciones,3,1,3-1,Apertura - 20
1390770,Premier League Hong Kong,2025/2026,2025-11-22,Xelajú,Cobán Imperial,3,1,3-1,Apertura - 21
1390765,Premier League Hong Kong,2025/2026,2025-11-22,Mixco,Achuapa,5,1,5-1,Apertura - 21
1390768,Premier League Hong Kong,2025/2026,2025-11-22,Mictlán,Aurora,4,0,4-0,Apertura - 21
1390769,Premier League Hong Kong,2025/2026,2025-11-23,Municipal,Antigua GFC,2,1,2-1,Apertura - 21
1390767,Premier League Hong Kong,2025/2026,2025-11-23,Malacateco,Comunicaciones,2,0,2-0,Apertura - 21
1390766,Premier League Hong Kong,2025/2026,2025-11-23,Guastatoya,Marquense,5,0,5-0,Apertura - 21
1390764,Premier League Hong Kong,2025/2026,2025-11-27,Municipal,Guastatoya,3,0,3-0,Apertura - 20
1390775,Premier League Hong Kong,2025/2026,2025-11-30,Achuapa,Guastatoya,1,1,1-1,Apertura - 22
1390776,Premier League Hong Kong,2025/2026,2025-11-30,Marquense,Municipal,0,2,0-2,Apertura - 22
1390771,Premier League Hong Kong,2025/2026,2025-11-30,Antigua GFC,Malacateco,2,0,2-0,Apertura - 22
1390773,Premier League Hong Kong,2025/2026,2025-11-30,Cobán Imperial,Mictlán,0,0,0-0,Apertura - 22
1390774,Premier League Hong Kong,2025/2026,2025-11-30,Comunicaciones,Xelajú,0,1,0-1,Apertura - 22
1390772,Premier League Hong Kong,2025/2026,2025-11-30,Aurora,Mixco,1,0,1-0,Apertura - 22
1488543,Premier League Hong Kong,2025/2026,2025-12-06,Mictlán,Municipal,0,1,0-1,Apertura - Quarter-finals
1488542,Premier League Hong Kong,2025/2026,2025-12-07,Malacateco,Aurora,1,0,1-0,Apertura - Quarter-finals
1488541,Premier League Hong Kong,2025/2026,2025-12-07,Achuapa,Mixco,3,2,3-2,Apertura - Quarter-finals
1488544,Premier League Hong Kong,2025/2026,2025-12-09,Xelajú,Antigua GFC,1,0,1-0,Apertura - Quarter-finals
1488546,Premier League Hong Kong,2025/2026,2025-12-10,Aurora,Malacateco,2,1,2-1,Apertura - Quarter-finals
1488548,Premier League Hong Kong,2025/2026,2025-12-11,Municipal,Mictlán,2,0,2-0,Apertura - Quarter-finals
1488547,Premier League Hong Kong,2025/2026,2025-12-11,Mixco,Achuapa,0,0,0-0,Apertura - Quarter-finals
1488545,Premier League Hong Kong,2025/2026,2025-12-12,Antigua GFC,Xelajú,2,0,2-0,Apertura - Quarter-finals
1491573,Premier League Hong Kong,2025/2026,2025-12-14,Aurora,Antigua GFC,0,1,0-1,Apertura - Semi-finals
1491574,Premier League Hong Kong,2025/2026,2025-12-14,Achuapa,Municipal,1,1,1-1,Apertura - Semi-finals
1491583,Premier League Hong Kong,2025/2026,2025-12-18,Antigua GFC,Aurora,4,2,4-2,Apertura - Semi-finals
1491575,Premier League Hong Kong,2025/2026,2025-12-19,Municipal,Achuapa,3,0,3-0,Apertura - Semi-finals
1494103,Premier League Hong Kong,2025/2026,2025-12-22,Antigua GFC,Municipal,2,0,2-0,Apertura - Final
1494104,Premier League Hong Kong,2025/2026,2025-12-28,Municipal,Antigua GFC,1,0,1-0,Apertura - Final
1499125,Premier League Hong Kong,2025/2026,2026-01-21,Xelajú,Aurora,4,0,4-0,Clausura - 1
1499120,Premier League Hong Kong,2025/2026,2026-01-21,Cobán Imperial,Antigua GFC,5,1,5-1,Clausura - 1
1499121,Premier League Hong Kong,2025/2026,2026-01-21,Achuapa,Comunicaciones,2,3,2-3,Clausura - 1
1499123,Premier League Hong Kong,2025/2026,2026-01-22,Malacateco,Marquense,2,1,2-1,Clausura - 1
1499124,Premier League Hong Kong,2025/2026,2026-01-22,Municipal,Mictlán,1,2,1-2,Clausura - 1
1499122,Premier League Hong Kong,2025/2026,2026-01-23,Guastatoya,Mixco,2,0,2-0,Clausura - 1
1499128,Premier League Hong Kong,2025/2026,2026-01-25,Comunicaciones,Cobán Imperial,2,3,2-3,Clausura - 2
1499130,Premier League Hong Kong,2025/2026,2026-01-25,Marquense,Achuapa,1,0,1-0,Clausura - 2
1499127,Premier League Hong Kong,2025/2026,2026-01-25,Aurora,Municipal,2,2,2-2,Clausura - 2
1499131,Premier League Hong Kong,2025/2026,2026-01-25,Mictlán,Guastatoya,0,0,0-0,Clausura - 2
1499129,Premier League Hong Kong,2025/2026,2026-01-25,Mixco,Malacateco,1,0,1-0,Clausura - 2
1499126,Premier League Hong Kong,2025/2026,2026-01-26,Antigua GFC,Xelajú,1,1,1-1,Clausura - 2
1499133,Premier League Hong Kong,2025/2026,2026-01-27,Cobán Imperial,Marquense,2,0,2-0,Clausura - 3
1499134,Premier League Hong Kong,2025/2026,2026-01-28,Achuapa,Mixco,2,0,2-0,Clausura - 3
1499135,Premier League Hong Kong,2025/2026,2026-01-28,Guastatoya,Aurora,2,2,2-2,Clausura - 3
1499137,Premier League Hong Kong,2025/2026,2026-01-29,Municipal,Xelajú,1,0,1-0,Clausura - 3
1499132,Premier League Hong Kong,2025/2026,2026-01-29,Antigua GFC,Comunicaciones,0,1,0-1,Clausura - 3
1499136,Premier League Hong Kong,2025/2026,2026-01-30,Malacateco,Mictlán,2,0,2-0,Clausura - 3
1499139,Premier League Hong Kong,2025/2026,2026-01-31,Mixco,Cobán Imperial,1,1,1-1,Clausura - 4
1499142,Premier League Hong Kong,2025/2026,2026-01-31,Municipal,Guastatoya,2,1,2-1,Clausura - 4
1499143,Premier League Hong Kong,2025/2026,2026-02-01,Xelajú,Comunicaciones,2,0,2-0,Clausura - 4
1499140,Premier League Hong Kong,2025/2026,2026-02-01,Marquense,Antigua GFC,1,1,1-1,Clausura - 4
1499138,Premier League Hong Kong,2025/2026,2026-02-01,Aurora,Malacateco,1,0,1-0,Clausura - 4
1499141,Premier League Hong Kong,2025/2026,2026-02-02,Mictlán,Achuapa,0,1,0-1,Clausura - 4
1499149,Premier League Hong Kong,2025/2026,2026-02-07,Malacateco,Municipal,1,3,1-3,Clausura - 5
1499147,Premier League Hong Kong,2025/2026,2026-02-07,Achuapa,Aurora,2,1,2-1,Clausura - 5
1499146,Premier League Hong Kong,2025/2026,2026-02-07,Comunicaciones,Marquense,2,1,2-1,Clausura - 5
1499148,Premier League Hong Kong,2025/2026,2026-02-08,Guastatoya,Xelajú,1,0,1-0,Clausura - 5
1499145,Premier League Hong Kong,2025/2026,2026-02-08,Cobán Imperial,Mictlán,3,1,3-1,Clausura - 5
1499144,Premier League Hong Kong,2025/2026,2026-02-09,Antigua GFC,Mixco,1,2,1-2,Clausura - 5
1499151,Premier League Hong Kong,2025/2026,2026-02-14,Mixco,Comunicaciones,2,2,2-2,Clausura - 6
1499154,Premier League Hong Kong,2025/2026,2026-02-15,Municipal,Achuapa,1,1,1-1,Clausura - 6
1499152,Premier League Hong Kong,2025/2026,2026-02-15,Guastatoya,Malacateco,1,1,1-1,Clausura - 6
1499150,Premier League Hong Kong,2025/2026,2026-02-15,Aurora,Cobán Imperial,1,0,1-0,Clausura - 6
1499153,Premier League Hong Kong,2025/2026,2026-02-15,Mictlán,Antigua GFC,0,0,0-0,Clausura - 6
1499155,Premier League Hong Kong,2025/2026,2026-02-16,Xelajú,Marquense,4,2,4-2,Clausura - 6
1499159,Premier League Hong Kong,2025/2026,2026-02-17,Achuapa,Guastatoya,1,0,1-0,Clausura - 7
1499157,Premier League Hong Kong,2025/2026,2026-02-18,Cobán Imperial,Municipal,0,0,0-0,Clausura - 7
1499160,Premier League Hong Kong,2025/2026,2026-02-19,Malacateco,Xelajú,1,0,1-0,Clausura - 7
1499156,Premier League Hong Kong,2025/2026,2026-02-19,Antigua GFC,Aurora,2,0,2-0,Clausura - 7
1499158,Premier League Hong Kong,2025/2026,2026-02-20,Comunicaciones,Mictlán,2,1,2-1,Clausura - 7
1499161,Premier League Hong Kong,2025/2026,2026-02-20,Marquense,Mixco,2,1,2-1,Clausura - 7
1499164,Premier League Hong Kong,2025/2026,2026-02-21,Malacateco,Achuapa,1,1,1-1,Clausura - 8
1499166,Premier League Hong Kong,2025/2026,2026-02-22,Municipal,Antigua GFC,4,2,4-2,Clausura - 8
1499163,Premier League Hong Kong,2025/2026,2026-02-22,Guastatoya,Cobán Imperial,2,0,2-0,Clausura - 8
1499162,Premier League Hong Kong,2025/2026,2026-02-22,Aurora,Comunicaciones,2,0,2-0,Clausura - 8
1499165,Premier League Hong Kong,2025/2026,2026-02-22,Mictlán,Marquense,2,1,2-1,Clausura - 8
1499167,Premier League Hong Kong,2025/2026,2026-02-23,Xelajú,Mixco,2,1,2-1,Clausura - 8
1499169,Premier League Hong Kong,2025/2026,2026-02-24,Cobán Imperial,Malacateco,2,0,2-0,Clausura - 9
1499168,Premier League Hong Kong,2025/2026,2026-02-25,Antigua GFC,Guastatoya,2,0,2-0,Clausura - 9
1499171,Premier League Hong Kong,2025/2026,2026-02-25,Achuapa,Xelajú,0,0,0-0,Clausura - 9
1499170,Premier League Hong Kong,2025/2026,2026-02-26,Comunicaciones,Municipal,1,0,1-0,Clausura - 9
1499173,Premier League Hong Kong,2025/2026,2026-02-26,Marquense,Aurora,0,0,0-0,Clausura - 9
1499172,Premier League Hong Kong,2025/2026,2026-02-26,Mixco,Mictlán,2,2,2-2,Clausura - 9
1499176,Premier League Hong Kong,2025/2026,2026-02-28,Guastatoya,Comunicaciones,1,3,1-3,Clausura - 10
1499178,Premier League Hong Kong,2025/2026,2026-03-01,Municipal,Marquense,1,0,1-0,Clausura - 10
1499177,Premier League Hong Kong,2025/2026,2026-03-01,Malacateco,Antigua GFC,2,2,2-2,Clausura - 10
1499174,Premier League Hong Kong,2025/2026,2026-03-01,Aurora,Mixco,1,1,1-1,Clausura - 10
1499175,Premier League Hong Kong,2025/2026,2026-03-01,Achuapa,Cobán Imperial,0,1,0-1,Clausura - 10
1499179,Premier League Hong Kong,2025/2026,2026-03-02,Xelajú,Mictlán,2,0,2-0,Clausura - 10
1499182,Premier League Hong Kong,2025/2026,2026-03-04,Comunicaciones,Malacateco,3,2,3-2,Clausura - 11
1499183,Premier League Hong Kong,2025/2026,2026-03-04,Mixco,Municipal,1,0,1-0,Clausura - 11
1499184,Premier League Hong Kong,2025/2026,2026-03-05,Marquense,Guastatoya,2,2,2-2,Clausura - 11
1499180,Premier League Hong Kong,2025/2026,2026-03-05,Antigua GFC,Achuapa,1,0,1-0,Clausura - 11
1499181,Premier League Hong Kong,2025/2026,2026-03-05,Cobán Imperial,Xelajú,1,1,1-1,Clausura - 11
1499189,Premier League Hong Kong,2025/2026,2026-03-07,Mixco,Guastatoya,1,0,1-0,Clausura - 12
1499190,Premier League Hong Kong,2025/2026,2026-03-08,Marquense,Malacateco,1,0,1-0,Clausura - 12
1499187,Premier League Hong Kong,2025/2026,2026-03-08,Aurora,Xelajú,0,0,0-0,Clausura - 12
1499191,Premier League Hong Kong,2025/2026,2026-03-08,Mictlán,Municipal,2,1,2-1,Clausura - 12
1499186,Premier League Hong Kong,2025/2026,2026-03-09,Antigua GFC,Cobán Imperial,2,2,2-2,Clausura - 12
1499188,Premier League Hong Kong,2025/2026,2026-03-09,Comunicaciones,Achuapa,4,0,4-0,Clausura - 12
1499185,Premier League Hong Kong,2025/2026,2026-03-11,Mictlán,Aurora,2,0,2-0,Clausura - 11
1499194,Premier League Hong Kong,2025/2026,2026-03-14,Guastatoya,Mictlán,3,1,3-1,Clausura - 13
1499195,Premier League Hong Kong,2025/2026,2026-03-15,Malacateco,Mixco,1,2,1-2,Clausura - 13
1499197,Premier League Hong Kong,2025/2026,2026-03-15,Xelajú,Antigua GFC,1,1,1-1,Clausura - 13
1499192,Premier League Hong Kong,2025/2026,2026-03-15,Cobán Imperial,Comunicaciones,2,0,2-0,Clausura - 13
1499193,Premier League Hong Kong,2025/2026,2026-03-15,Achuapa,Marquense,1,2,1-2,Clausura - 13
1499196,Premier League Hong Kong,2025/2026,2026-03-15,Municipal,Aurora,4,1,4-1,Clausura - 13
1499200,Premier League Hong Kong,2025/2026,2026-03-18,Mixco,Achuapa,1,0,1-0,Clausura - 14
1499202,Premier League Hong Kong,2025/2026,2026-03-19,Mictlán,Malacateco,1,0,1-0,Clausura - 14
1499201,Premier League Hong Kong,2025/2026,2026-03-19,Marquense,Cobán Imperial,3,1,3-1,Clausura - 14
1499198,Premier League Hong Kong,2025/2026,2026-03-19,Aurora,Guastatoya,0,1,0-1,Clausura - 14
1499199,Premier League Hong Kong,2025/2026,2026-03-20,Comunicaciones,Antigua GFC,0,1,0-1,Clausura - 14
1499203,Premier League Hong Kong,2025/2026,2026-03-20,Xelajú,Municipal,3,1,3-1,Clausura - 14
1499205,Premier League Hong Kong,2025/2026,2026-03-21,Cobán Imperial,Mixco,1,1,1-1,Clausura - 15
1499207,Premier League Hong Kong,2025/2026,2026-03-21,Achuapa,Mictlán,0,2,0-2,Clausura - 15
1499208,Premier League Hong Kong,2025/2026,2026-03-22,Guastatoya,Municipal,1,1,1-1,Clausura - 15
1499206,Premier League Hong Kong,2025/2026,2026-03-23,Comunicaciones,Xelajú,1,3,1-3,Clausura - 15
1499209,Premier League Hong Kong,2025/2026,2026-03-23,Malacateco,Aurora,1,1,1-1,Clausura - 15
1499204,Premier League Hong Kong,2025/2026,2026-03-24,Antigua GFC,Marquense,1,0,1-0,Clausura - 15
1499211,Premier League Hong Kong,2025/2026,2026-03-28,Mixco,Antigua GFC,2,1,2-1,Clausura - 16
1499214,Premier League Hong Kong,2025/2026,2026-03-29,Municipal,Malacateco,1,0,1-0,Clausura - 16
1499215,Premier League Hong Kong,2025/2026,2026-03-29,Xelajú,Guastatoya,1,1,1-1,Clausura - 16
1499210,Premier League Hong Kong,2025/2026,2026-03-29,Aurora,Achuapa,1,0,1-0,Clausura - 16
1499213,Premier League Hong Kong,2025/2026,2026-03-29,Mictlán,Cobán Imperial,1,0,1-0,Clausura - 16
1499212,Premier League Hong Kong,2025/2026,2026-03-30,Marquense,Comunicaciones,1,0,1-0,Clausura - 16
1499217,Premier League Hong Kong,2025/2026,2026-04-01,Cobán Imperial,Aurora,0,0,0-0,Clausura - 17
1499216,Premier League Hong Kong,2025/2026,2026-04-02,Antigua GFC,Mictlán,8,2,8-2,Clausura - 17
1499221,Premier League Hong Kong,2025/2026,2026-04-02,Marquense,Xelajú,1,0,1-0,Clausura - 17
1499219,Premier League Hong Kong,2025/2026,2026-04-02,Achuapa,Municipal,1,2,1-2,Clausura - 17
1499218,Premier League Hong Kong,2025/2026,2026-04-02,Comunicaciones,Mixco,1,0,1-0,Clausura - 17
1499220,Premier League Hong Kong,2025/2026,2026-04-03,Malacateco,Guastatoya,1,0,1-0,Clausura - 17
1499222,Premier League Hong Kong,2025/2026,2026-04-04,Aurora,Antigua GFC,0,2,0-2,Clausura - 18
1499225,Premier League Hong Kong,2025/2026,2026-04-05,Mictlán,Comunicaciones,1,1,1-1,Clausura - 18
1499226,Premier League Hong Kong,2025/2026,2026-04-06,Municipal,Cobán Imperial,0,0,0-0,Clausura - 18
1499227,Premier League Hong Kong,2025/2026,2026-04-06,Xelajú,Malacateco,1,0,1-0,Clausura - 18
1499224,Premier League Hong Kong,2025/2026,2026-04-07,Guastatoya,Achuapa,3,1,3-1,Clausura - 18
1499223,Premier League Hong Kong,2025/2026,2026-04-07,Mixco,Marquense,2,1,2-1,Clausura - 18
1499230,Premier League Hong Kong,2025/2026,2026-04-11,Comunicaciones,Aurora,1,0,1-0,Clausura - 19
1499232,Premier League Hong Kong,2025/2026,2026-04-11,Mixco,Xelajú,3,1,3-1,Clausura - 19
1499228,Premier League Hong Kong,2025/2026,2026-04-12,Antigua GFC,Municipal,1,0,1-0,Clausura - 19
1499233,Premier League Hong Kong,2025/2026,2026-04-12,Marquense,Mictlán,3,0,3-0,Clausura - 19
1499229,Premier League Hong Kong,2025/2026,2026-04-12,Cobán Imperial,Guastatoya,1,1,1-1,Clausura - 19
1499231,Premier League Hong Kong,2025/2026,2026-04-12,Achuapa,Malacateco,1,0,1-0,Clausura - 19
1499234,Premier League Hong Kong,2025/2026,2026-04-15,Aurora,Marquense,0,1,0-1,Clausura - 20
1499235,Premier League Hong Kong,2025/2026,2026-04-16,Guastatoya,Antigua GFC,3,0,3-0,Clausura - 20
1499238,Premier League Hong Kong,2025/2026,2026-04-16,Municipal,Comunicaciones,1,0,1-0,Clausura - 20
1499237,Premier League Hong Kong,2025/2026,2026-04-16,Mictlán,Mixco,2,2,2-2,Clausura - 20
1499236,Premier League Hong Kong,2025/2026,2026-04-17,Malacateco,Cobán Imperial,2,0,2-0,Clausura - 20
1499239,Premier League Hong Kong,2025/2026,2026-04-17,Xelajú,Achuapa,3,0,3-0,Clausura - 20
1499244,Premier League Hong Kong,2025/2026,2026-04-19,Marquense,Municipal,1,3,1-3,Clausura - 21
1499243,Premier League Hong Kong,2025/2026,2026-04-19,Mixco,Aurora,4,0,4-0,Clausura - 21
1499241,Premier League Hong Kong,2025/2026,2026-04-19,Cobán Imperial,Achuapa,3,1,3-1,Clausura - 21
1499245,Premier League Hong Kong,2025/2026,2026-04-19,Mictlán,Xelajú,2,3,2-3,Clausura - 21
1499240,Premier League Hong Kong,2025/2026,2026-04-20,Antigua GFC,Malacateco,2,1,2-1,Clausura - 21
1499242,Premier League Hong Kong,2025/2026,2026-04-21,Comunicaciones,Guastatoya,1,0,1-0,Clausura - 21
1499247,Premier League Hong Kong,2025/2026,2026-04-26,Achuapa,Antigua GFC,2,2,2-2,Clausura - 22
1499248,Premier League Hong Kong,2025/2026,2026-04-26,Guastatoya,Marquense,4,0,4-0,Clausura - 22
1499249,Premier League Hong Kong,2025/2026,2026-04-26,Malacateco,Comunicaciones,1,0,1-0,Clausura - 22
1499250,Premier League Hong Kong,2025/2026,2026-04-26,Municipal,Mixco,3,0,3-0,Clausura - 22
1499251,Premier League Hong Kong,2025/2026,2026-04-26,Xelajú,Cobán Imperial,2,1,2-1,Clausura - 22
1499246,Premier League Hong Kong,2025/2026,2026-04-26,Aurora,Mictlán,1,1,1-1,Clausura - 22
1542953,Premier League Hong Kong,2025/2026,2026-04-29,Cobán Imperial,Mixco,2,0,2-0,Clausura - Quarter-finals
1542954,Premier League Hong Kong,2025/2026,2026-04-30,Antigua GFC,Comunicaciones,3,2,3-2,Clausura - Quarter-finals
1542955,Premier League Hong Kong,2025/2026,2026-04-30,Marquense,Xelajú,1,1,1-1,Clausura - Quarter-finals
1542956,Premier League Hong Kong,2025/2026,2026-05-01,Guastatoya,Municipal,0,1,0-1,Clausura - Quarter-finals
1542957,Premier League Hong Kong,2025/2026,2026-05-02,Mixco,Cobán Imperial,2,0,2-0,Clausura - Quarter-finals
1542958,Premier League Hong Kong,2025/2026,2026-05-03,Comunicaciones,Antigua GFC,2,0,2-0,Clausura - Quarter-finals
1542959,Premier League Hong Kong,2025/2026,2026-05-03,Municipal,Guastatoya,2,0,2-0,Clausura - Quarter-finals
1542960,Premier League Hong Kong,2025/2026,2026-05-04,Xelajú,Marquense,2,0,2-0,Clausura - Quarter-finals
1543852,Premier League Hong Kong,2025/2026,2026-05-06,Mixco,Municipal,0,2,0-2,Clausura - Semi-finals
1543853,Premier League Hong Kong,2025/2026,2026-05-08,Comunicaciones,Xelajú,2,2,2-2,Clausura - Semi-finals
1543854,Premier League Hong Kong,2025/2026,2026-05-10,Municipal,Mixco,5,0,5-0,Clausura - Semi-finals
1543855,Premier League Hong Kong,2025/2026,2026-05-11,Xelajú,Comunicaciones,2,0,2-0,Clausura - Semi-finals
1544885,Premier League Hong Kong,2025/2026,2026-05-17,Municipal,Xelajú,4,1,4-1,Clausura - Play Offs
1544884,Premier League Hong Kong,2025/2026,2026-05-24,Xelajú,Municipal,1,2,1-2,Clausura - Final
932984,Thai League 1 Tailandia,2022/2023,2022-08-12,Esteghlal FC,Sepahan FC,0,2,0-2,Regular Season - 1
932983,Thai League 1 Tailandia,2022/2023,2022-08-12,Paykan,Malavan,1,0,1-0,Regular Season - 1
932985,Thai League 1 Tailandia,2022/2023,2022-08-12,Aluminium Arak,Havadar,0,1,0-1,Regular Season - 1
932986,Thai League 1 Tailandia,2022/2023,2022-08-12,Naft Masjed Soleyman,Mes Kerman,3,2,3-2,Regular Season - 1
932982,Thai League 1 Tailandia,2022/2023,2022-08-12,Nassaji Mazandaran,Mes Rafsanjan,1,1,1-1,Regular Season - 1
932987,Thai League 1 Tailandia,2022/2023,2022-08-13,ZOB Ahan,Persepolis FC,0,0,0-0,Regular Season - 1
932989,Thai League 1 Tailandia,2022/2023,2022-08-13,Gol Gohar,Tractor Sazi,2,1,2-1,Regular Season - 1
932988,Thai League 1 Tailandia,2022/2023,2022-08-13,Foolad FC,Sanat Naft,0,0,0-0,Regular Season - 1
932990,Thai League 1 Tailandia,2022/2023,2022-08-18,Malavan,Esteghlal FC,1,3,1-3,Regular Season - 2
932991,Thai League 1 Tailandia,2022/2023,2022-08-18,Mes Rafsanjan,Gol Gohar,0,0,0-0,Regular Season - 2
932992,Thai League 1 Tailandia,2022/2023,2022-08-18,Sepahan FC,Nassaji Mazandaran,2,1,2-1,Regular Season - 2
932993,Thai League 1 Tailandia,2022/2023,2022-08-19,Tractor Sazi,ZOB Ahan,1,1,1-1,Regular Season - 2
932994,Thai League 1 Tailandia,2022/2023,2022-08-19,Mes Kerman,Paykan,3,0,3-0,Regular Season - 2
932995,Thai League 1 Tailandia,2022/2023,2022-08-19,Havadar,Naft Masjed Soleyman,1,1,1-1,Regular Season - 2
932997,Thai League 1 Tailandia,2022/2023,2022-08-19,Persepolis FC,Foolad FC,0,0,0-0,Regular Season - 2
932996,Thai League 1 Tailandia,2022/2023,2022-08-19,Sanat Naft,Aluminium Arak,0,1,0-1,Regular Season - 2
933001,Thai League 1 Tailandia,2022/2023,2022-08-25,Esteghlal FC,Mes Kerman,1,0,1-0,Regular Season - 3
933000,Thai League 1 Tailandia,2022/2023,2022-08-25,ZOB Ahan,Mes Rafsanjan,0,0,0-0,Regular Season - 3
932998,Thai League 1 Tailandia,2022/2023,2022-08-25,Naft Masjed Soleyman,Paykan,1,2,1-2,Regular Season - 3
932999,Thai League 1 Tailandia,2022/2023,2022-08-25,Nassaji Mazandaran,Malavan,2,2,2-2,Regular Season - 3
933003,Thai League 1 Tailandia,2022/2023,2022-08-26,Aluminium Arak,Persepolis FC,0,1,0-1,Regular Season - 3
933002,Thai League 1 Tailandia,2022/2023,2022-08-26,Havadar,Sanat Naft,0,1,0-1,Regular Season - 3
933004,Thai League 1 Tailandia,2022/2023,2022-08-26,Gol Gohar,Sepahan FC,2,2,2-2,Regular Season - 3
933005,Thai League 1 Tailandia,2022/2023,2022-08-26,Foolad FC,Tractor Sazi,3,2,3-2,Regular Season - 3
933007,Thai League 1 Tailandia,2022/2023,2022-08-30,Malavan,ZOB Ahan,1,1,1-1,Regular Season - 4
933006,Thai League 1 Tailandia,2022/2023,2022-08-30,Paykan,Nassaji Mazandaran,0,0,0-0,Regular Season - 4
933008,Thai League 1 Tailandia,2022/2023,2022-08-30,Mes Kerman,Gol Gohar,2,2,2-2,Regular Season - 4
933009,Thai League 1 Tailandia,2022/2023,2022-08-30,Naft Masjed Soleyman,Esteghlal FC,0,0,0-0,Regular Season - 4
933010,Thai League 1 Tailandia,2022/2023,2022-08-31,Tractor Sazi,Havadar,0,0,0-0,Regular Season - 4
933011,Thai League 1 Tailandia,2022/2023,2022-08-31,Persepolis FC,Sanat Naft,2,0,2-0,Regular Season - 4
933013,Thai League 1 Tailandia,2022/2023,2022-08-31,Sepahan FC,Foolad FC,0,1,0-1,Regular Season - 4
933012,Thai League 1 Tailandia,2022/2023,2022-08-31,Mes Rafsanjan,Aluminium Arak,0,0,0-0,Regular Season - 4
933015,Thai League 1 Tailandia,2022/2023,2022-09-05,Aluminium Arak,Tractor Sazi,0,2,0-2,Regular Season - 5
933014,Thai League 1 Tailandia,2022/2023,2022-09-05,Nassaji Mazandaran,Mes Kerman,2,0,2-0,Regular Season - 5
933016,Thai League 1 Tailandia,2022/2023,2022-09-05,Havadar,Persepolis FC,1,3,1-3,Regular Season - 5
933020,Thai League 1 Tailandia,2022/2023,2022-09-05,ZOB Ahan,Sepahan FC,1,1,1-1,Regular Season - 5
933017,Thai League 1 Tailandia,2022/2023,2022-09-05,Gol Gohar,Malavan,1,0,1-0,Regular Season - 5
933019,Thai League 1 Tailandia,2022/2023,2022-09-05,Foolad FC,Mes Rafsanjan,0,0,0-0,Regular Season - 5
933018,Thai League 1 Tailandia,2022/2023,2022-09-05,Sanat Naft,Naft Masjed Soleyman,1,2,1-2,Regular Season - 5
933021,Thai League 1 Tailandia,2022/2023,2022-09-06,Esteghlal FC,Paykan,0,0,0-0,Regular Season - 5
958594,Thai League 1 Tailandia,2022/2023,2022-09-10,Tractor Sazi,Sanat Naft,1,0,1-0,Regular Season - 6
958597,Thai League 1 Tailandia,2022/2023,2022-09-10,Esteghlal FC,Nassaji Mazandaran,3,1,3-1,Regular Season - 6
958595,Thai League 1 Tailandia,2022/2023,2022-09-10,Paykan,Gol Gohar,0,1,0-1,Regular Season - 6
958596,Thai League 1 Tailandia,2022/2023,2022-09-10,Sepahan FC,Aluminium Arak,0,0,0-0,Regular Season - 6
958599,Thai League 1 Tailandia,2022/2023,2022-09-10,Mes Kerman,ZOB Ahan,0,0,0-0,Regular Season - 6
958600,Thai League 1 Tailandia,2022/2023,2022-09-10,Mes Rafsanjan,Havadar,2,1,2-1,Regular Season - 6
958601,Thai League 1 Tailandia,2022/2023,2022-09-10,Naft Masjed Soleyman,Persepolis FC,1,2,1-2,Regular Season - 6
960194,Thai League 1 Tailandia,2022/2023,2022-10-01,Aluminium Arak,Malavan,1,0,1-0,Regular Season - 7
960195,Thai League 1 Tailandia,2022/2023,2022-10-01,Nassaji Mazandaran,Naft Masjed Soleyman,4,0,4-0,Regular Season - 7
960197,Thai League 1 Tailandia,2022/2023,2022-10-01,Gol Gohar,Esteghlal FC,1,2,1-2,Regular Season - 7
960193,Thai League 1 Tailandia,2022/2023,2022-10-01,Foolad FC,Mes Kerman,0,0,0-0,Regular Season - 7
960199,Thai League 1 Tailandia,2022/2023,2022-10-01,ZOB Ahan,Paykan,1,0,1-0,Regular Season - 7
960196,Thai League 1 Tailandia,2022/2023,2022-10-02,Havadar,Sepahan FC,1,2,1-2,Regular Season - 7
960198,Thai League 1 Tailandia,2022/2023,2022-10-02,Persepolis FC,Tractor Sazi,0,1,0-1,Regular Season - 7
960192,Thai League 1 Tailandia,2022/2023,2022-10-02,Sanat Naft,Mes Rafsanjan,1,1,1-1,Regular Season - 7
962511,Thai League 1 Tailandia,2022/2023,2022-10-06,Nassaji Mazandaran,ZOB Ahan,0,0,0-0,Regular Season - 8
962510,Thai League 1 Tailandia,2022/2023,2022-10-06,Paykan,Aluminium Arak,0,0,0-0,Regular Season - 8
962512,Thai League 1 Tailandia,2022/2023,2022-10-07,Esteghlal FC,Foolad FC,1,1,1-1,Regular Season - 8
962513,Thai League 1 Tailandia,2022/2023,2022-10-07,Malavan,Sanat Naft,2,1,2-1,Regular Season - 8
962514,Thai League 1 Tailandia,2022/2023,2022-10-07,Mes Kerman,Havadar,0,1,0-1,Regular Season - 8
962515,Thai League 1 Tailandia,2022/2023,2022-10-07,Mes Rafsanjan,Tractor Sazi,1,0,1-0,Regular Season - 8
962516,Thai League 1 Tailandia,2022/2023,2022-10-07,Naft Masjed Soleyman,Gol Gohar,0,5,0-5,Regular Season - 8
962517,Thai League 1 Tailandia,2022/2023,2022-10-07,Sepahan FC,Persepolis FC,0,0,0-0,Regular Season - 8
964259,Thai League 1 Tailandia,2022/2023,2022-10-13,Gol Gohar,Nassaji Mazandaran,0,1,0-1,Regular Season - 9
964260,Thai League 1 Tailandia,2022/2023,2022-10-13,Persepolis FC,Mes Rafsanjan,1,0,1-0,Regular Season - 9
964262,Thai League 1 Tailandia,2022/2023,2022-10-13,Foolad FC,Paykan,1,1,1-1,Regular Season - 9
964261,Thai League 1 Tailandia,2022/2023,2022-10-13,Sanat Naft,Sepahan FC,0,2,0-2,Regular Season - 9
964263,Thai League 1 Tailandia,2022/2023,2022-10-14,Havadar,Malavan,1,0,1-0,Regular Season - 9
964264,Thai League 1 Tailandia,2022/2023,2022-10-14,Tractor Sazi,Naft Masjed Soleyman,3,2,3-2,Regular Season - 9
964265,Thai League 1 Tailandia,2022/2023,2022-10-14,ZOB Ahan,Esteghlal FC,0,1,0-1,Regular Season - 9
964266,Thai League 1 Tailandia,2022/2023,2022-10-14,Aluminium Arak,Mes Kerman,2,0,2-0,Regular Season - 9
964267,Thai League 1 Tailandia,2022/2023,2022-10-20,Sepahan FC,Tractor Sazi,4,2,4-2,Regular Season - 10
964269,Thai League 1 Tailandia,2022/2023,2022-10-20,Malavan,Persepolis FC,0,1,0-1,Regular Season - 10
964268,Thai League 1 Tailandia,2022/2023,2022-10-20,Mes Kerman,Sanat Naft,2,0,2-0,Regular Season - 10
964270,Thai League 1 Tailandia,2022/2023,2022-10-20,Nassaji Mazandaran,Foolad FC,2,1,2-1,Regular Season - 10
964271,Thai League 1 Tailandia,2022/2023,2022-10-21,Paykan,Havadar,1,1,1-1,Regular Season - 10
964273,Thai League 1 Tailandia,2022/2023,2022-10-21,Naft Masjed Soleyman,Mes Rafsanjan,0,0,0-0,Regular Season - 10
964274,Thai League 1 Tailandia,2022/2023,2022-10-21,Gol Gohar,ZOB Ahan,1,0,1-0,Regular Season - 10
964272,Thai League 1 Tailandia,2022/2023,2022-10-21,Esteghlal FC,Aluminium Arak,0,0,0-0,Regular Season - 10
964275,Thai League 1 Tailandia,2022/2023,2022-10-27,Tractor Sazi,Malavan,1,1,1-1,Regular Season - 11
964277,Thai League 1 Tailandia,2022/2023,2022-10-27,Persepolis FC,Mes Kerman,1,0,1-0,Regular Season - 11
964276,Thai League 1 Tailandia,2022/2023,2022-10-27,Sanat Naft,Paykan,1,1,1-1,Regular Season - 11
964278,Thai League 1 Tailandia,2022/2023,2022-10-27,Foolad FC,Gol Gohar,1,2,1-2,Regular Season - 11
964279,Thai League 1 Tailandia,2022/2023,2022-10-28,Havadar,Esteghlal FC,0,1,0-1,Regular Season - 11
964280,Thai League 1 Tailandia,2022/2023,2022-10-28,Mes Rafsanjan,Sepahan FC,0,0,0-0,Regular Season - 11
964281,Thai League 1 Tailandia,2022/2023,2022-10-28,Aluminium Arak,Nassaji Mazandaran,3,0,3-0,Regular Season - 11
964282,Thai League 1 Tailandia,2022/2023,2022-10-28,ZOB Ahan,Naft Masjed Soleyman,5,1,5-1,Regular Season - 11
958598,Thai League 1 Tailandia,2022/2023,2022-11-02,Malavan,Foolad FC,3,1,3-1,Regular Season - 6
964287,Thai League 1 Tailandia,2022/2023,2022-12-19,Malavan,Sepahan FC,0,0,0-0,Regular Season - 12
964284,Thai League 1 Tailandia,2022/2023,2022-12-19,Mes Kerman,Mes Rafsanjan,0,2,0-2,Regular Season - 12
964283,Thai League 1 Tailandia,2022/2023,2022-12-19,Nassaji Mazandaran,Sanat Naft,0,2,0-2,Regular Season - 12
964285,Thai League 1 Tailandia,2022/2023,2022-12-19,ZOB Ahan,Aluminium Arak,1,0,1-0,Regular Season - 12
964286,Thai League 1 Tailandia,2022/2023,2022-12-19,Naft Masjed Soleyman,Foolad FC,1,4,1-4,Regular Season - 12
964289,Thai League 1 Tailandia,2022/2023,2022-12-19,Gol Gohar,Havadar,2,1,2-1,Regular Season - 12
964290,Thai League 1 Tailandia,2022/2023,2022-12-20,Paykan,Tractor Sazi,0,1,0-1,Regular Season - 12
964288,Thai League 1 Tailandia,2022/2023,2022-12-20,Esteghlal FC,Persepolis FC,2,2,2-2,Regular Season - 12
972976,Thai League 1 Tailandia,2022/2023,2022-12-24,Havadar,Nassaji Mazandaran,1,1,1-1,Regular Season - 13
972972,Thai League 1 Tailandia,2022/2023,2022-12-24,Sepahan FC,Naft Masjed Soleyman,4,0,4-0,Regular Season - 13
972974,Thai League 1 Tailandia,2022/2023,2022-12-24,Mes Rafsanjan,Malavan,0,0,0-0,Regular Season - 13
972973,Thai League 1 Tailandia,2022/2023,2022-12-24,Foolad FC,ZOB Ahan,1,1,1-1,Regular Season - 13
972975,Thai League 1 Tailandia,2022/2023,2022-12-25,Tractor Sazi,Mes Kerman,0,0,0-0,Regular Season - 13
972977,Thai League 1 Tailandia,2022/2023,2022-12-25,Persepolis FC,Paykan,0,0,0-0,Regular Season - 13
972978,Thai League 1 Tailandia,2022/2023,2022-12-25,Sanat Naft,Esteghlal FC,0,1,0-1,Regular Season - 13
972979,Thai League 1 Tailandia,2022/2023,2022-12-30,ZOB Ahan,Sanat Naft,2,2,2-2,Regular Season - 14
972980,Thai League 1 Tailandia,2022/2023,2022-12-30,Naft Masjed Soleyman,Aluminium Arak,0,1,0-1,Regular Season - 14
972981,Thai League 1 Tailandia,2022/2023,2022-12-30,Esteghlal FC,Mes Rafsanjan,0,0,0-0,Regular Season - 14
972982,Thai League 1 Tailandia,2022/2023,2022-12-30,Foolad FC,Havadar,0,0,0-0,Regular Season - 14
972983,Thai League 1 Tailandia,2022/2023,2022-12-31,Mes Kerman,Malavan,0,0,0-0,Regular Season - 14
972984,Thai League 1 Tailandia,2022/2023,2022-12-31,Paykan,Sepahan FC,1,0,1-0,Regular Season - 14
972985,Thai League 1 Tailandia,2022/2023,2022-12-31,Nassaji Mazandaran,Tractor Sazi,2,0,2-0,Regular Season - 14
972986,Thai League 1 Tailandia,2022/2023,2022-12-31,Gol Gohar,Persepolis FC,0,2,0-2,Regular Season - 14
972987,Thai League 1 Tailandia,2022/2023,2023-01-04,Aluminium Arak,Foolad FC,0,1,0-1,Regular Season - 15
972989,Thai League 1 Tailandia,2022/2023,2023-01-04,Havadar,ZOB Ahan,1,0,1-0,Regular Season - 15
972991,Thai League 1 Tailandia,2022/2023,2023-01-05,Mes Rafsanjan,Paykan,2,0,2-0,Regular Season - 15
972993,Thai League 1 Tailandia,2022/2023,2023-01-05,Sepahan FC,Mes Kerman,2,0,2-0,Regular Season - 15
972988,Thai League 1 Tailandia,2022/2023,2023-01-05,Malavan,Naft Masjed Soleyman,1,0,1-0,Regular Season - 15
972994,Thai League 1 Tailandia,2022/2023,2023-01-05,Persepolis FC,Nassaji Mazandaran,5,1,5-1,Regular Season - 15
972992,Thai League 1 Tailandia,2022/2023,2023-01-05,Sanat Naft,Gol Gohar,0,1,0-1,Regular Season - 15
972990,Thai League 1 Tailandia,2022/2023,2023-01-06,Tractor Sazi,Esteghlal FC,2,0,2-0,Regular Season - 15
972971,Thai League 1 Tailandia,2022/2023,2023-01-16,Aluminium Arak,Gol Gohar,0,0,0-0,Regular Season - 13
986157,Thai League 1 Tailandia,2022/2023,2023-01-19,Mes Rafsanjan,Nassaji Mazandaran,1,1,1-1,Regular Season - 16
986156,Thai League 1 Tailandia,2022/2023,2023-01-19,Malavan,Paykan,1,0,1-0,Regular Season - 16
986158,Thai League 1 Tailandia,2022/2023,2023-01-19,Sepahan FC,Esteghlal FC,2,1,2-1,Regular Season - 16
986159,Thai League 1 Tailandia,2022/2023,2023-01-20,Mes Kerman,Naft Masjed Soleyman,2,0,2-0,Regular Season - 16
986160,Thai League 1 Tailandia,2022/2023,2023-01-20,Persepolis FC,ZOB Ahan,1,0,1-0,Regular Season - 16
986161,Thai League 1 Tailandia,2022/2023,2023-01-20,Sanat Naft,Foolad FC,0,0,0-0,Regular Season - 16
986162,Thai League 1 Tailandia,2022/2023,2023-01-21,Tractor Sazi,Gol Gohar,2,2,2-2,Regular Season - 16
986163,Thai League 1 Tailandia,2022/2023,2023-01-21,Havadar,Aluminium Arak,1,1,1-1,Regular Season - 16
986165,Thai League 1 Tailandia,2022/2023,2023-01-26,Nassaji Mazandaran,Sepahan FC,0,1,0-1,Regular Season - 17
986164,Thai League 1 Tailandia,2022/2023,2023-01-26,Esteghlal FC,Malavan,4,0,4-0,Regular Season - 17
986166,Thai League 1 Tailandia,2022/2023,2023-01-27,Aluminium Arak,Sanat Naft,3,1,3-1,Regular Season - 17
986167,Thai League 1 Tailandia,2022/2023,2023-01-27,ZOB Ahan,Tractor Sazi,1,3,1-3,Regular Season - 17
986168,Thai League 1 Tailandia,2022/2023,2023-01-27,Paykan,Mes Kerman,1,0,1-0,Regular Season - 17
986169,Thai League 1 Tailandia,2022/2023,2023-01-27,Gol Gohar,Mes Rafsanjan,2,2,2-2,Regular Season - 17
986170,Thai League 1 Tailandia,2022/2023,2023-01-27,Naft Masjed Soleyman,Havadar,0,0,0-0,Regular Season - 17
986399,Thai League 1 Tailandia,2022/2023,2023-01-27,Foolad FC,Persepolis FC,1,0,1-0,Regular Season - 17
986171,Thai League 1 Tailandia,2022/2023,2023-02-01,Tractor Sazi,Foolad FC,1,0,1-0,Regular Season - 18
986172,Thai League 1 Tailandia,2022/2023,2023-02-01,Malavan,Nassaji Mazandaran,1,0,1-0,Regular Season - 18
986173,Thai League 1 Tailandia,2022/2023,2023-02-01,Sepahan FC,Gol Gohar,4,1,4-1,Regular Season - 18
986174,Thai League 1 Tailandia,2022/2023,2023-02-01,Persepolis FC,Aluminium Arak,0,0,0-0,Regular Season - 18
986176,Thai League 1 Tailandia,2022/2023,2023-02-02,Mes Rafsanjan,ZOB Ahan,0,0,0-0,Regular Season - 18
986175,Thai League 1 Tailandia,2022/2023,2023-02-02,Paykan,Naft Masjed Soleyman,0,0,0-0,Regular Season - 18
986177,Thai League 1 Tailandia,2022/2023,2023-02-02,Mes Kerman,Esteghlal FC,2,3,2-3,Regular Season - 18
986178,Thai League 1 Tailandia,2022/2023,2023-02-02,Sanat Naft,Havadar,0,1,0-1,Regular Season - 18
986179,Thai League 1 Tailandia,2022/2023,2023-02-07,Aluminium Arak,Mes Rafsanjan,2,1,2-1,Regular Season - 19
986180,Thai League 1 Tailandia,2022/2023,2023-02-07,Nassaji Mazandaran,Paykan,1,1,1-1,Regular Season - 19
986181,Thai League 1 Tailandia,2022/2023,2023-02-07,Esteghlal FC,Naft Masjed Soleyman,3,1,3-1,Regular Season - 19
986182,Thai League 1 Tailandia,2022/2023,2023-02-07,Foolad FC,Sepahan FC,0,1,0-1,Regular Season - 19
986184,Thai League 1 Tailandia,2022/2023,2023-02-08,ZOB Ahan,Malavan,1,1,1-1,Regular Season - 19
986183,Thai League 1 Tailandia,2022/2023,2023-02-08,Havadar,Tractor Sazi,0,1,0-1,Regular Season - 19
986185,Thai League 1 Tailandia,2022/2023,2023-02-08,Gol Gohar,Mes Kerman,1,1,1-1,Regular Season - 19
986186,Thai League 1 Tailandia,2022/2023,2023-02-08,Sanat Naft,Persepolis FC,1,2,1-2,Regular Season - 19
986187,Thai League 1 Tailandia,2022/2023,2023-02-13,Paykan,Esteghlal FC,0,2,0-2,Regular Season - 20
986190,Thai League 1 Tailandia,2022/2023,2023-02-13,Malavan,Gol Gohar,1,2,1-2,Regular Season - 20
986189,Thai League 1 Tailandia,2022/2023,2023-02-13,Tractor Sazi,Aluminium Arak,0,0,0-0,Regular Season - 20
986191,Thai League 1 Tailandia,2022/2023,2023-02-13,Persepolis FC,Havadar,0,1,0-1,Regular Season - 20
986188,Thai League 1 Tailandia,2022/2023,2023-02-13,Mes Rafsanjan,Foolad FC,2,0,2-0,Regular Season - 20
986193,Thai League 1 Tailandia,2022/2023,2023-02-14,Naft Masjed Soleyman,Sanat Naft,0,0,0-0,Regular Season - 20
986192,Thai League 1 Tailandia,2022/2023,2023-02-14,Mes Kerman,Nassaji Mazandaran,2,1,2-1,Regular Season - 20
986194,Thai League 1 Tailandia,2022/2023,2023-02-14,Sepahan FC,ZOB Ahan,2,1,2-1,Regular Season - 20
986195,Thai League 1 Tailandia,2022/2023,2023-02-27,ZOB Ahan,Mes Kerman,1,0,1-0,Regular Season - 21
986196,Thai League 1 Tailandia,2022/2023,2023-02-27,Gol Gohar,Paykan,2,1,2-1,Regular Season - 21
986197,Thai League 1 Tailandia,2022/2023,2023-02-27,Persepolis FC,Naft Masjed Soleyman,3,0,3-0,Regular Season - 21
986199,Thai League 1 Tailandia,2022/2023,2023-02-28,Nassaji Mazandaran,Esteghlal FC,1,1,1-1,Regular Season - 21
986198,Thai League 1 Tailandia,2022/2023,2023-02-28,Havadar,Mes Rafsanjan,0,1,0-1,Regular Season - 21
986200,Thai League 1 Tailandia,2022/2023,2023-02-28,Aluminium Arak,Sepahan FC,1,1,1-1,Regular Season - 21
986201,Thai League 1 Tailandia,2022/2023,2023-02-28,Sanat Naft,Tractor Sazi,1,3,1-3,Regular Season - 21
986202,Thai League 1 Tailandia,2022/2023,2023-03-01,Foolad FC,Malavan,1,0,1-0,Regular Season - 21
986203,Thai League 1 Tailandia,2022/2023,2023-03-05,Paykan,ZOB Ahan,0,0,0-0,Regular Season - 22
986204,Thai League 1 Tailandia,2022/2023,2023-03-05,Tractor Sazi,Persepolis FC,2,3,2-3,Regular Season - 22
986205,Thai League 1 Tailandia,2022/2023,2023-03-05,Mes Rafsanjan,Sanat Naft,4,0,4-0,Regular Season - 22
986206,Thai League 1 Tailandia,2022/2023,2023-03-05,Sepahan FC,Havadar,3,1,3-1,Regular Season - 22
986208,Thai League 1 Tailandia,2022/2023,2023-03-06,Malavan,Aluminium Arak,1,1,1-1,Regular Season - 22
986207,Thai League 1 Tailandia,2022/2023,2023-03-06,Mes Kerman,Foolad FC,1,1,1-1,Regular Season - 22
986209,Thai League 1 Tailandia,2022/2023,2023-03-06,Esteghlal FC,Gol Gohar,2,1,2-1,Regular Season - 22
986210,Thai League 1 Tailandia,2022/2023,2023-03-06,Naft Masjed Soleyman,Nassaji Mazandaran,2,2,2-2,Regular Season - 22
1012195,Thai League 1 Tailandia,2022/2023,2023-03-11,Tractor Sazi,Mes Rafsanjan,0,1,0-1,Regular Season - 23
1012196,Thai League 1 Tailandia,2022/2023,2023-03-11,Persepolis FC,Sepahan FC,0,1,0-1,Regular Season - 23
1012197,Thai League 1 Tailandia,2022/2023,2023-03-12,Aluminium Arak,Paykan,0,0,0-0,Regular Season - 23
1012198,Thai League 1 Tailandia,2022/2023,2023-03-12,Havadar,Mes Kerman,1,1,1-1,Regular Season - 23
1012199,Thai League 1 Tailandia,2022/2023,2023-03-12,Gol Gohar,Naft Masjed Soleyman,4,0,4-0,Regular Season - 23
1012200,Thai League 1 Tailandia,2022/2023,2023-03-12,Foolad FC,Esteghlal FC,0,2,0-2,Regular Season - 23
1012201,Thai League 1 Tailandia,2022/2023,2023-03-13,ZOB Ahan,Nassaji Mazandaran,1,0,1-0,Regular Season - 23
1012202,Thai League 1 Tailandia,2022/2023,2023-03-13,Sanat Naft,Malavan,1,1,1-1,Regular Season - 23
1012203,Thai League 1 Tailandia,2022/2023,2023-03-30,Mes Kerman,Aluminium Arak,1,1,1-1,Regular Season - 24
1012204,Thai League 1 Tailandia,2022/2023,2023-03-30,Naft Masjed Soleyman,Tractor Sazi,1,5,1-5,Regular Season - 24
1012205,Thai League 1 Tailandia,2022/2023,2023-03-30,Malavan,Havadar,1,2,1-2,Regular Season - 24
1012206,Thai League 1 Tailandia,2022/2023,2023-03-30,Paykan,Foolad FC,0,2,0-2,Regular Season - 24
1012208,Thai League 1 Tailandia,2022/2023,2023-03-31,Sepahan FC,Sanat Naft,1,0,1-0,Regular Season - 24
1012207,Thai League 1 Tailandia,2022/2023,2023-03-31,Nassaji Mazandaran,Gol Gohar,1,2,1-2,Regular Season - 24
1012209,Thai League 1 Tailandia,2022/2023,2023-03-31,Esteghlal FC,ZOB Ahan,2,0,2-0,Regular Season - 24
1012210,Thai League 1 Tailandia,2022/2023,2023-03-31,Mes Rafsanjan,Persepolis FC,0,1,0-1,Regular Season - 24
1012211,Thai League 1 Tailandia,2022/2023,2023-04-06,Mes Rafsanjan,Naft Masjed Soleyman,1,0,1-0,Regular Season - 25
1012212,Thai League 1 Tailandia,2022/2023,2023-04-06,Persepolis FC,Malavan,3,0,3-0,Regular Season - 25
1012213,Thai League 1 Tailandia,2022/2023,2023-04-06,Sanat Naft,Mes Kerman,2,1,2-1,Regular Season - 25
1012214,Thai League 1 Tailandia,2022/2023,2023-04-06,Foolad FC,Nassaji Mazandaran,2,0,2-0,Regular Season - 25
1012217,Thai League 1 Tailandia,2022/2023,2023-04-07,Aluminium Arak,Esteghlal FC,0,1,0-1,Regular Season - 25
1012215,Thai League 1 Tailandia,2022/2023,2023-04-07,ZOB Ahan,Gol Gohar,1,0,1-0,Regular Season - 25
1012216,Thai League 1 Tailandia,2022/2023,2023-04-07,Havadar,Paykan,0,1,0-1,Regular Season - 25
1012218,Thai League 1 Tailandia,2022/2023,2023-04-07,Tractor Sazi,Sepahan FC,1,0,1-0,Regular Season - 25
1012220,Thai League 1 Tailandia,2022/2023,2023-04-14,Naft Masjed Soleyman,ZOB Ahan,1,0,1-0,Regular Season - 26
1012219,Thai League 1 Tailandia,2022/2023,2023-04-14,Mes Kerman,Persepolis FC,1,3,1-3,Regular Season - 26
1012221,Thai League 1 Tailandia,2022/2023,2023-04-14,Nassaji Mazandaran,Aluminium Arak,0,0,0-0,Regular Season - 26
1012225,Thai League 1 Tailandia,2022/2023,2023-04-15,Malavan,Tractor Sazi,1,1,1-1,Regular Season - 26
1012224,Thai League 1 Tailandia,2022/2023,2023-04-15,Esteghlal FC,Havadar,6,1,6-1,Regular Season - 26
1012223,Thai League 1 Tailandia,2022/2023,2023-04-15,Paykan,Sanat Naft,0,0,0-0,Regular Season - 26
1012226,Thai League 1 Tailandia,2022/2023,2023-04-15,Sepahan FC,Mes Rafsanjan,2,0,2-0,Regular Season - 26
1012222,Thai League 1 Tailandia,2022/2023,2023-04-15,Gol Gohar,Foolad FC,2,2,2-2,Regular Season - 26
1020321,Thai League 1 Tailandia,2022/2023,2023-04-23,Tractor Sazi,Paykan,1,0,1-0,Regular Season - 27
1020322,Thai League 1 Tailandia,2022/2023,2023-04-23,Persepolis FC,Esteghlal FC,1,0,1-0,Regular Season - 27
1020320,Thai League 1 Tailandia,2022/2023,2023-04-23,Havadar,Gol Gohar,1,1,1-1,Regular Season - 27
1020323,Thai League 1 Tailandia,2022/2023,2023-04-23,Sanat Naft,Nassaji Mazandaran,4,0,4-0,Regular Season - 27
1020324,Thai League 1 Tailandia,2022/2023,2023-04-24,Aluminium Arak,ZOB Ahan,0,0,0-0,Regular Season - 27
1020325,Thai League 1 Tailandia,2022/2023,2023-04-24,Mes Rafsanjan,Mes Kerman,1,0,1-0,Regular Season - 27
1020326,Thai League 1 Tailandia,2022/2023,2023-04-24,Sepahan FC,Malavan,1,1,1-1,Regular Season - 27
1020327,Thai League 1 Tailandia,2022/2023,2023-04-24,Foolad FC,Naft Masjed Soleyman,1,0,1-0,Regular Season - 27
1020328,Thai League 1 Tailandia,2022/2023,2023-05-05,Naft Masjed Soleyman,Sepahan FC,0,2,0-2,Regular Season - 28
1020330,Thai League 1 Tailandia,2022/2023,2023-05-05,Malavan,Mes Rafsanjan,0,4,0-4,Regular Season - 28
1020331,Thai League 1 Tailandia,2022/2023,2023-05-05,Mes Kerman,Tractor Sazi,1,3,1-3,Regular Season - 28
1020332,Thai League 1 Tailandia,2022/2023,2023-05-05,Esteghlal FC,Sanat Naft,1,1,1-1,Regular Season - 28
1020329,Thai League 1 Tailandia,2022/2023,2023-05-05,ZOB Ahan,Foolad FC,2,0,2-0,Regular Season - 28
1020333,Thai League 1 Tailandia,2022/2023,2023-05-06,Gol Gohar,Aluminium Arak,0,1,0-1,Regular Season - 28
1020334,Thai League 1 Tailandia,2022/2023,2023-05-06,Nassaji Mazandaran,Havadar,1,1,1-1,Regular Season - 28
1020335,Thai League 1 Tailandia,2022/2023,2023-05-06,Paykan,Persepolis FC,0,1,0-1,Regular Season - 28
1020338,Thai League 1 Tailandia,2022/2023,2023-05-12,Aluminium Arak,Naft Masjed Soleyman,0,0,0-0,Regular Season - 29
1020337,Thai League 1 Tailandia,2022/2023,2023-05-12,Mes Rafsanjan,Esteghlal FC,1,2,1-2,Regular Season - 29
1020340,Thai League 1 Tailandia,2022/2023,2023-05-12,Malavan,Mes Kerman,0,0,0-0,Regular Season - 29
1020342,Thai League 1 Tailandia,2022/2023,2023-05-12,Tractor Sazi,Nassaji Mazandaran,1,0,1-0,Regular Season - 29
1020343,Thai League 1 Tailandia,2022/2023,2023-05-12,Persepolis FC,Gol Gohar,4,0,4-0,Regular Season - 29
1020336,Thai League 1 Tailandia,2022/2023,2023-05-12,Sanat Naft,ZOB Ahan,1,1,1-1,Regular Season - 29
1020341,Thai League 1 Tailandia,2022/2023,2023-05-12,Sepahan FC,Paykan,5,0,5-0,Regular Season - 29
1020339,Thai League 1 Tailandia,2022/2023,2023-05-12,Havadar,Foolad FC,0,0,0-0,Regular Season - 29
1020345,Thai League 1 Tailandia,2022/2023,2023-05-18,Naft Masjed Soleyman,Malavan,5,1,5-1,Regular Season - 30
1020349,Thai League 1 Tailandia,2022/2023,2023-05-18,Gol Gohar,Sanat Naft,0,1,0-1,Regular Season - 30
1020350,Thai League 1 Tailandia,2022/2023,2023-05-18,Mes Kerman,Sepahan FC,1,2,1-2,Regular Season - 30
1020351,Thai League 1 Tailandia,2022/2023,2023-05-18,Nassaji Mazandaran,Persepolis FC,0,4,0-4,Regular Season - 30
1020347,Thai League 1 Tailandia,2022/2023,2023-05-18,Esteghlal FC,Tractor Sazi,7,1,7-1,Regular Season - 30
1020344,Thai League 1 Tailandia,2022/2023,2023-05-18,Foolad FC,Aluminium Arak,2,2,2-2,Regular Season - 30
1020346,Thai League 1 Tailandia,2022/2023,2023-05-18,ZOB Ahan,Havadar,3,3,3-3,Regular Season - 30
1020348,Thai League 1 Tailandia,2022/2023,2023-05-18,Paykan,Mes Rafsanjan,1,1,1-1,Regular Season - 30
1106641,Thai League 1 Tailandia,2023/2024,2023-08-09,Nassaji Mazandaran,Paykan,1,1,1-1,Regular Season - 1
1106643,Thai League 1 Tailandia,2023/2024,2023-08-09,Gol Gohar,Foolad FC,3,0,3-0,Regular Season - 1
1106642,Thai League 1 Tailandia,2023/2024,2023-08-09,Malavan,ZOB Ahan,1,2,1-2,Regular Season - 1
1106644,Thai League 1 Tailandia,2023/2024,2023-08-09,Persepolis FC,Aluminium Arak,1,0,1-0,Regular Season - 1
1106645,Thai League 1 Tailandia,2023/2024,2023-08-09,Esteghlal Khuzestan,Shams Azar Qazvin,1,1,1-1,Regular Season - 1
1106647,Thai League 1 Tailandia,2023/2024,2023-08-10,Sepahan FC,Tractor Sazi,3,1,3-1,Regular Season - 1
1106646,Thai League 1 Tailandia,2023/2024,2023-08-10,Havadar,Mes Rafsanjan,0,0,0-0,Regular Season - 1
1106648,Thai League 1 Tailandia,2023/2024,2023-08-10,Sanat Naft,Esteghlal FC,0,3,0-3,Regular Season - 1
1106649,Thai League 1 Tailandia,2023/2024,2023-08-15,Paykan,Gol Gohar,0,0,0-0,Regular Season - 2
1106650,Thai League 1 Tailandia,2023/2024,2023-08-15,Aluminium Arak,Esteghlal Khuzestan,1,0,1-0,Regular Season - 2
1106651,Thai League 1 Tailandia,2023/2024,2023-08-16,Tractor Sazi,Persepolis FC,0,1,0-1,Regular Season - 2
1106652,Thai League 1 Tailandia,2023/2024,2023-08-16,Shams Azar Qazvin,Havadar,1,2,1-2,Regular Season - 2
1106653,Thai League 1 Tailandia,2023/2024,2023-08-16,Mes Rafsanjan,Nassaji Mazandaran,1,1,1-1,Regular Season - 2
1106654,Thai League 1 Tailandia,2023/2024,2023-08-16,ZOB Ahan,Sepahan FC,0,2,0-2,Regular Season - 2
1106655,Thai League 1 Tailandia,2023/2024,2023-08-16,Foolad FC,Sanat Naft,1,2,1-2,Regular Season - 2
1106656,Thai League 1 Tailandia,2023/2024,2023-08-17,Esteghlal FC,Malavan,1,0,1-0,Regular Season - 2
1106657,Thai League 1 Tailandia,2023/2024,2023-08-22,Mes Rafsanjan,Shams Azar Qazvin,0,3,0-3,Regular Season - 3
1106658,Thai League 1 Tailandia,2023/2024,2023-08-23,Havadar,Aluminium Arak,1,2,1-2,Regular Season - 3
1106659,Thai League 1 Tailandia,2023/2024,2023-08-23,Malavan,Foolad FC,4,0,4-0,Regular Season - 3
1106660,Thai League 1 Tailandia,2023/2024,2023-08-23,Sepahan FC,Esteghlal FC,1,0,1-0,Regular Season - 3
1106661,Thai League 1 Tailandia,2023/2024,2023-08-23,Sanat Naft,Paykan,1,1,1-1,Regular Season - 3
1106662,Thai League 1 Tailandia,2023/2024,2023-08-24,Persepolis FC,ZOB Ahan,1,1,1-1,Regular Season - 3
1106663,Thai League 1 Tailandia,2023/2024,2023-08-24,Nassaji Mazandaran,Gol Gohar,0,1,0-1,Regular Season - 3
1106665,Thai League 1 Tailandia,2023/2024,2023-08-28,Esteghlal FC,Esteghlal Khuzestan,1,0,1-0,Regular Season - 4
1106666,Thai League 1 Tailandia,2023/2024,2023-08-28,Tractor Sazi,Mes Rafsanjan,1,0,1-0,Regular Season - 4
1106667,Thai League 1 Tailandia,2023/2024,2023-08-29,Nassaji Mazandaran,Sanat Naft,3,1,3-1,Regular Season - 4
1106668,Thai League 1 Tailandia,2023/2024,2023-08-29,Paykan,Sepahan FC,1,3,1-3,Regular Season - 4
1106669,Thai League 1 Tailandia,2023/2024,2023-08-29,Gol Gohar,Malavan,1,1,1-1,Regular Season - 4
1106670,Thai League 1 Tailandia,2023/2024,2023-08-30,ZOB Ahan,Havadar,0,0,0-0,Regular Season - 4
1106671,Thai League 1 Tailandia,2023/2024,2023-08-30,Aluminium Arak,Shams Azar Qazvin,2,0,2-0,Regular Season - 4
1106672,Thai League 1 Tailandia,2023/2024,2023-08-30,Foolad FC,Persepolis FC,0,2,0-2,Regular Season - 4
1106664,Thai League 1 Tailandia,2023/2024,2023-09-02,Esteghlal Khuzestan,Tractor Sazi,0,1,0-1,Regular Season - 3
1106676,Thai League 1 Tailandia,2023/2024,2023-09-20,Malavan,Paykan,2,0,2-0,Regular Season - 5
1106674,Thai League 1 Tailandia,2023/2024,2023-09-20,Havadar,Tractor Sazi,0,1,0-1,Regular Season - 5
1106675,Thai League 1 Tailandia,2023/2024,2023-09-21,Mes Rafsanjan,Aluminium Arak,2,0,2-0,Regular Season - 5
1106680,Thai League 1 Tailandia,2023/2024,2023-09-21,Esteghlal Khuzestan,ZOB Ahan,1,2,1-2,Regular Season - 5
1127309,Thai League 1 Tailandia,2023/2024,2023-10-05,Aluminium Arak,Tractor Sazi,0,4,0-4,Regular Season - 7
1127308,Thai League 1 Tailandia,2023/2024,2023-10-05,Shams Azar Qazvin,ZOB Ahan,1,2,1-2,Regular Season - 7
1127310,Thai League 1 Tailandia,2023/2024,2023-10-05,Esteghlal Khuzestan,Paykan,0,1,0-1,Regular Season - 7
1127311,Thai League 1 Tailandia,2023/2024,2023-10-06,Havadar,Foolad FC,0,1,0-1,Regular Season - 7
1127312,Thai League 1 Tailandia,2023/2024,2023-10-07,Mes Rafsanjan,Esteghlal FC,0,1,0-1,Regular Season - 7
1127313,Thai League 1 Tailandia,2023/2024,2023-10-07,Sepahan FC,Sanat Naft,4,1,4-1,Regular Season - 7
1127314,Thai League 1 Tailandia,2023/2024,2023-10-08,Malavan,Nassaji Mazandaran,1,0,1-0,Regular Season - 7
1127315,Thai League 1 Tailandia,2023/2024,2023-10-08,Persepolis FC,Gol Gohar,1,0,1-0,Regular Season - 7
1127304,Thai League 1 Tailandia,2023/2024,2023-10-17,Nassaji Mazandaran,Aluminium Arak,0,1,0-1,Regular Season - 6
1127300,Thai League 1 Tailandia,2023/2024,2023-10-19,Paykan,Persepolis FC,1,3,1-3,Regular Season - 6
1127301,Thai League 1 Tailandia,2023/2024,2023-10-19,Sanat Naft,Malavan,1,1,1-1,Regular Season - 6
1127305,Thai League 1 Tailandia,2023/2024,2023-10-20,Esteghlal FC,Havadar,3,2,3-2,Regular Season - 6
1127307,Thai League 1 Tailandia,2023/2024,2023-10-20,Foolad FC,Esteghlal Khuzestan,1,0,1-0,Regular Season - 6
1127306,Thai League 1 Tailandia,2023/2024,2023-10-21,ZOB Ahan,Mes Rafsanjan,1,2,1-2,Regular Season - 6
1127303,Thai League 1 Tailandia,2023/2024,2023-10-21,Tractor Sazi,Shams Azar Qazvin,2,3,2-3,Regular Season - 6
1127316,Thai League 1 Tailandia,2023/2024,2023-10-27,Esteghlal FC,Aluminium Arak,1,0,1-0,Regular Season - 8
1127317,Thai League 1 Tailandia,2023/2024,2023-10-27,ZOB Ahan,Tractor Sazi,1,0,1-0,Regular Season - 8
1127318,Thai League 1 Tailandia,2023/2024,2023-10-27,Foolad FC,Shams Azar Qazvin,0,1,0-1,Regular Season - 8
1127320,Thai League 1 Tailandia,2023/2024,2023-10-28,Gol Gohar,Havadar,3,3,3-3,Regular Season - 8
1127321,Thai League 1 Tailandia,2023/2024,2023-10-28,Paykan,Mes Rafsanjan,0,1,0-1,Regular Season - 8
1127323,Thai League 1 Tailandia,2023/2024,2023-10-28,Sanat Naft,Esteghlal Khuzestan,1,1,1-1,Regular Season - 8
1127319,Thai League 1 Tailandia,2023/2024,2023-10-29,Nassaji Mazandaran,Sepahan FC,1,1,1-1,Regular Season - 8
1127322,Thai League 1 Tailandia,2023/2024,2023-10-29,Malavan,Persepolis FC,0,0,0-0,Regular Season - 8
1127327,Thai League 1 Tailandia,2023/2024,2023-11-02,Aluminium Arak,ZOB Ahan,1,1,1-1,Regular Season - 9
1127328,Thai League 1 Tailandia,2023/2024,2023-11-02,Tractor Sazi,Nassaji Mazandaran,3,0,3-0,Regular Season - 9
1127324,Thai League 1 Tailandia,2023/2024,2023-11-02,Shams Azar Qazvin,Esteghlal FC,2,2,2-2,Regular Season - 9
1127330,Thai League 1 Tailandia,2023/2024,2023-11-02,Sepahan FC,Malavan,2,3,2-3,Regular Season - 9
1127331,Thai League 1 Tailandia,2023/2024,2023-11-02,Persepolis FC,Sanat Naft,2,2,2-2,Regular Season - 9
1127326,Thai League 1 Tailandia,2023/2024,2023-11-03,Mes Rafsanjan,Foolad FC,3,0,3-0,Regular Season - 9
1127329,Thai League 1 Tailandia,2023/2024,2023-11-03,Havadar,Paykan,0,0,0-0,Regular Season - 9
1127325,Thai League 1 Tailandia,2023/2024,2023-11-03,Esteghlal Khuzestan,Gol Gohar,1,1,1-1,Regular Season - 9
1138806,Thai League 1 Tailandia,2023/2024,2023-11-10,Gol Gohar,Mes Rafsanjan,2,0,2-0,Regular Season - 10
1138805,Thai League 1 Tailandia,2023/2024,2023-11-10,Malavan,Esteghlal Khuzestan,1,1,1-1,Regular Season - 10
1138804,Thai League 1 Tailandia,2023/2024,2023-11-10,Paykan,Shams Azar Qazvin,1,1,1-1,Regular Season - 10
1138807,Thai League 1 Tailandia,2023/2024,2023-11-10,Foolad FC,Aluminium Arak,1,0,1-0,Regular Season - 10
1138809,Thai League 1 Tailandia,2023/2024,2023-11-11,Sanat Naft,Havadar,0,2,0-2,Regular Season - 10
1138808,Thai League 1 Tailandia,2023/2024,2023-11-11,Esteghlal FC,Tractor Sazi,2,0,2-0,Regular Season - 10
1138810,Thai League 1 Tailandia,2023/2024,2023-11-12,Nassaji Mazandaran,ZOB Ahan,1,2,1-2,Regular Season - 10
1138811,Thai League 1 Tailandia,2023/2024,2023-11-12,Sepahan FC,Persepolis FC,1,0,1-0,Regular Season - 10
1138812,Thai League 1 Tailandia,2023/2024,2023-11-23,Esteghlal Khuzestan,Sepahan FC,1,3,1-3,Regular Season - 11
1138813,Thai League 1 Tailandia,2023/2024,2023-11-24,Aluminium Arak,Paykan,1,1,1-1,Regular Season - 11
1138814,Thai League 1 Tailandia,2023/2024,2023-11-24,Mes Rafsanjan,Sanat Naft,0,2,0-2,Regular Season - 11
1138815,Thai League 1 Tailandia,2023/2024,2023-11-24,Havadar,Malavan,0,1,0-1,Regular Season - 11
1138816,Thai League 1 Tailandia,2023/2024,2023-11-25,Tractor Sazi,Foolad FC,2,0,2-0,Regular Season - 11
1138817,Thai League 1 Tailandia,2023/2024,2023-11-25,Shams Azar Qazvin,Gol Gohar,1,1,1-1,Regular Season - 11
1138818,Thai League 1 Tailandia,2023/2024,2023-11-25,ZOB Ahan,Esteghlal FC,1,1,1-1,Regular Season - 11
1138820,Thai League 1 Tailandia,2023/2024,2023-12-07,Gol Gohar,Tractor Sazi,0,1,0-1,Regular Season - 12
1138821,Thai League 1 Tailandia,2023/2024,2023-12-08,Malavan,Shams Azar Qazvin,0,2,0-2,Regular Season - 12
1138822,Thai League 1 Tailandia,2023/2024,2023-12-08,Paykan,ZOB Ahan,0,0,0-0,Regular Season - 12
1138823,Thai League 1 Tailandia,2023/2024,2023-12-08,Sanat Naft,Aluminium Arak,1,2,1-2,Regular Season - 12
1138824,Thai League 1 Tailandia,2023/2024,2023-12-09,Nassaji Mazandaran,Esteghlal Khuzestan,1,0,1-0,Regular Season - 12
1138825,Thai League 1 Tailandia,2023/2024,2023-12-09,Sepahan FC,Mes Rafsanjan,4,1,4-1,Regular Season - 12
1138826,Thai League 1 Tailandia,2023/2024,2023-12-09,Persepolis FC,Havadar,1,0,1-0,Regular Season - 12
1138827,Thai League 1 Tailandia,2023/2024,2023-12-09,Foolad FC,Esteghlal FC,0,0,0-0,Regular Season - 12
1106679,Thai League 1 Tailandia,2023/2024,2023-12-13,Sanat Naft,Gol Gohar,0,1,0-1,Regular Season - 5
1106677,Thai League 1 Tailandia,2023/2024,2023-12-14,Sepahan FC,Foolad FC,3,1,3-1,Regular Season - 5
1106678,Thai League 1 Tailandia,2023/2024,2023-12-14,Persepolis FC,Esteghlal FC,1,1,1-1,Regular Season - 5
1106673,Thai League 1 Tailandia,2023/2024,2023-12-14,Shams Azar Qazvin,Nassaji Mazandaran,2,1,2-1,Regular Season - 5
1138829,Thai League 1 Tailandia,2023/2024,2023-12-18,Mes Rafsanjan,Malavan,1,4,1-4,Regular Season - 13
1138828,Thai League 1 Tailandia,2023/2024,2023-12-18,Tractor Sazi,Paykan,2,0,2-0,Regular Season - 13
1138830,Thai League 1 Tailandia,2023/2024,2023-12-19,Havadar,Sepahan FC,0,5,0-5,Regular Season - 13
1138831,Thai League 1 Tailandia,2023/2024,2023-12-19,Aluminium Arak,Gol Gohar,0,0,0-0,Regular Season - 13
1138833,Thai League 1 Tailandia,2023/2024,2023-12-19,Esteghlal Khuzestan,Persepolis FC,2,2,2-2,Regular Season - 13
1138832,Thai League 1 Tailandia,2023/2024,2023-12-19,Shams Azar Qazvin,Sanat Naft,0,0,0-0,Regular Season - 13
1138834,Thai League 1 Tailandia,2023/2024,2023-12-19,ZOB Ahan,Foolad FC,0,0,0-0,Regular Season - 13
1138835,Thai League 1 Tailandia,2023/2024,2023-12-19,Esteghlal FC,Nassaji Mazandaran,4,0,4-0,Regular Season - 13
1138836,Thai League 1 Tailandia,2023/2024,2023-12-24,Paykan,Foolad FC,0,0,0-0,Regular Season - 14
1138837,Thai League 1 Tailandia,2023/2024,2023-12-24,Gol Gohar,Esteghlal FC,1,1,1-1,Regular Season - 14
1138838,Thai League 1 Tailandia,2023/2024,2023-12-24,Nassaji Mazandaran,Havadar,2,2,2-2,Regular Season - 14
1138841,Thai League 1 Tailandia,2023/2024,2023-12-24,Esteghlal Khuzestan,Mes Rafsanjan,2,1,2-1,Regular Season - 14
1138839,Thai League 1 Tailandia,2023/2024,2023-12-24,Sepahan FC,Aluminium Arak,0,1,0-1,Regular Season - 14
1138840,Thai League 1 Tailandia,2023/2024,2023-12-24,Persepolis FC,Shams Azar Qazvin,2,1,2-1,Regular Season - 14
1138842,Thai League 1 Tailandia,2023/2024,2023-12-25,Malavan,Tractor Sazi,0,0,0-0,Regular Season - 14
1138843,Thai League 1 Tailandia,2023/2024,2023-12-25,Sanat Naft,ZOB Ahan,0,1,0-1,Regular Season - 14
1127302,Thai League 1 Tailandia,2023/2024,2023-12-28,Gol Gohar,Sepahan FC,3,1,3-1,Regular Season - 6
1138819,Thai League 1 Tailandia,2023/2024,2023-12-28,Persepolis FC,Nassaji Mazandaran,1,0,1-0,Regular Season - 11
1138847,Thai League 1 Tailandia,2023/2024,2023-12-30,Tractor Sazi,Sanat Naft,3,0,3-0,Regular Season - 15
1138844,Thai League 1 Tailandia,2023/2024,2023-12-30,Esteghlal FC,Paykan,2,1,2-1,Regular Season - 15
1138846,Thai League 1 Tailandia,2023/2024,2023-12-31,Aluminium Arak,Malavan,1,1,1-1,Regular Season - 15
1138845,Thai League 1 Tailandia,2023/2024,2023-12-31,Havadar,Esteghlal Khuzestan,2,0,2-0,Regular Season - 15
1138849,Thai League 1 Tailandia,2023/2024,2024-01-01,Shams Azar Qazvin,Sepahan FC,1,0,1-0,Regular Season - 15
1138850,Thai League 1 Tailandia,2023/2024,2024-01-01,Mes Rafsanjan,Persepolis FC,1,1,1-1,Regular Season - 15
1138848,Thai League 1 Tailandia,2023/2024,2024-01-03,ZOB Ahan,Gol Gohar,0,0,0-0,Regular Season - 15
1138851,Thai League 1 Tailandia,2023/2024,2024-01-03,Foolad FC,Nassaji Mazandaran,1,0,1-0,Regular Season - 15
1171723,Thai League 1 Tailandia,2023/2024,2024-02-14,Foolad FC,Gol Gohar,0,1,0-1,Regular Season - 16
1171728,Thai League 1 Tailandia,2023/2024,2024-02-15,Shams Azar Qazvin,Esteghlal Khuzestan,0,0,0-0,Regular Season - 16
1171724,Thai League 1 Tailandia,2023/2024,2024-02-15,Mes Rafsanjan,Havadar,0,0,0-0,Regular Season - 16
1171726,Thai League 1 Tailandia,2023/2024,2024-02-15,ZOB Ahan,Malavan,0,1,0-1,Regular Season - 16
1171725,Thai League 1 Tailandia,2023/2024,2024-02-15,Paykan,Nassaji Mazandaran,1,1,1-1,Regular Season - 16
1171727,Thai League 1 Tailandia,2023/2024,2024-02-15,Aluminium Arak,Persepolis FC,1,0,1-0,Regular Season - 16
1171729,Thai League 1 Tailandia,2023/2024,2024-02-16,Esteghlal FC,Sanat Naft,1,0,1-0,Regular Season - 16
1171731,Thai League 1 Tailandia,2023/2024,2024-02-21,Gol Gohar,Paykan,2,2,2-2,Regular Season - 17
1171733,Thai League 1 Tailandia,2023/2024,2024-02-21,Esteghlal Khuzestan,Aluminium Arak,3,2,3-2,Regular Season - 17
1171734,Thai League 1 Tailandia,2023/2024,2024-02-21,Nassaji Mazandaran,Mes Rafsanjan,0,3,0-3,Regular Season - 17
1171732,Thai League 1 Tailandia,2023/2024,2024-02-21,Persepolis FC,Tractor Sazi,2,0,2-0,Regular Season - 17
1171736,Thai League 1 Tailandia,2023/2024,2024-02-22,Havadar,Shams Azar Qazvin,2,1,2-1,Regular Season - 17
1171738,Thai League 1 Tailandia,2023/2024,2024-02-22,Sanat Naft,Foolad FC,0,2,0-2,Regular Season - 17
1171737,Thai League 1 Tailandia,2023/2024,2024-02-22,Malavan,Esteghlal FC,1,1,1-1,Regular Season - 17
1171739,Thai League 1 Tailandia,2023/2024,2024-02-27,Gol Gohar,Nassaji Mazandaran,3,0,3-0,Regular Season - 18
1171741,Thai League 1 Tailandia,2023/2024,2024-02-27,Foolad FC,Malavan,1,1,1-1,Regular Season - 18
1171740,Thai League 1 Tailandia,2023/2024,2024-02-27,Esteghlal FC,Sepahan FC,1,0,1-0,Regular Season - 18
1171742,Thai League 1 Tailandia,2023/2024,2024-02-28,Tractor Sazi,Esteghlal Khuzestan,2,0,2-0,Regular Season - 18
1171746,Thai League 1 Tailandia,2023/2024,2024-02-28,Paykan,Sanat Naft,2,2,2-2,Regular Season - 18
1171743,Thai League 1 Tailandia,2023/2024,2024-02-28,Shams Azar Qazvin,Mes Rafsanjan,0,0,0-0,Regular Season - 18
1171745,Thai League 1 Tailandia,2023/2024,2024-02-28,ZOB Ahan,Persepolis FC,0,1,0-1,Regular Season - 18
1175686,Thai League 1 Tailandia,2023/2024,2024-03-07,Havadar,ZOB Ahan,2,2,2-2,Regular Season - 19
1175687,Thai League 1 Tailandia,2023/2024,2024-03-07,Malavan,Gol Gohar,1,0,1-0,Regular Season - 19
1175688,Thai League 1 Tailandia,2023/2024,2024-03-07,Sanat Naft,Nassaji Mazandaran,1,1,1-1,Regular Season - 19
1175689,Thai League 1 Tailandia,2023/2024,2024-03-08,Mes Rafsanjan,Tractor Sazi,1,1,1-1,Regular Season - 19
1175690,Thai League 1 Tailandia,2023/2024,2024-03-08,Sepahan FC,Paykan,2,3,2-3,Regular Season - 19
1175692,Thai League 1 Tailandia,2023/2024,2024-03-08,Shams Azar Qazvin,Aluminium Arak,2,1,2-1,Regular Season - 19
1175691,Thai League 1 Tailandia,2023/2024,2024-03-08,Persepolis FC,Foolad FC,4,2,4-2,Regular Season - 19
1175693,Thai League 1 Tailandia,2023/2024,2024-03-08,Esteghlal Khuzestan,Esteghlal FC,0,1,0-1,Regular Season - 19
1175695,Thai League 1 Tailandia,2023/2024,2024-03-13,Gol Gohar,Sanat Naft,1,0,1-0,Regular Season - 20
1175696,Thai League 1 Tailandia,2023/2024,2024-03-13,ZOB Ahan,Esteghlal Khuzestan,0,2,0-2,Regular Season - 20
1175694,Thai League 1 Tailandia,2023/2024,2024-03-13,Paykan,Malavan,1,0,1-0,Regular Season - 20
1175698,Thai League 1 Tailandia,2023/2024,2024-03-13,Aluminium Arak,Mes Rafsanjan,1,3,1-3,Regular Season - 20
1175700,Thai League 1 Tailandia,2023/2024,2024-03-13,Nassaji Mazandaran,Shams Azar Qazvin,1,0,1-0,Regular Season - 20
1175699,Thai League 1 Tailandia,2023/2024,2024-03-13,Foolad FC,Sepahan FC,1,3,1-3,Regular Season - 20
1175697,Thai League 1 Tailandia,2023/2024,2024-03-13,Tractor Sazi,Havadar,4,2,4-2,Regular Season - 20
1175701,Thai League 1 Tailandia,2023/2024,2024-03-13,Esteghlal FC,Persepolis FC,0,0,0-0,Regular Season - 20
1175702,Thai League 1 Tailandia,2023/2024,2024-03-17,Aluminium Arak,Nassaji Mazandaran,1,0,1-0,Regular Season - 21
1175704,Thai League 1 Tailandia,2023/2024,2024-03-17,Mes Rafsanjan,ZOB Ahan,2,2,2-2,Regular Season - 21
1175703,Thai League 1 Tailandia,2023/2024,2024-03-17,Persepolis FC,Paykan,2,0,2-0,Regular Season - 21
1175705,Thai League 1 Tailandia,2023/2024,2024-03-17,Sepahan FC,Gol Gohar,2,0,2-0,Regular Season - 21
1175706,Thai League 1 Tailandia,2023/2024,2024-03-17,Malavan,Sanat Naft,1,0,1-0,Regular Season - 21
1175707,Thai League 1 Tailandia,2023/2024,2024-03-17,Esteghlal Khuzestan,Foolad FC,0,0,0-0,Regular Season - 21
1175708,Thai League 1 Tailandia,2023/2024,2024-03-17,Shams Azar Qazvin,Tractor Sazi,0,2,0-2,Regular Season - 21
1175709,Thai League 1 Tailandia,2023/2024,2024-03-17,Havadar,Esteghlal FC,0,1,0-1,Regular Season - 21
1171744,Thai League 1 Tailandia,2023/2024,2024-04-03,Aluminium Arak,Havadar,1,1,1-1,Regular Season - 18
1171730,Thai League 1 Tailandia,2023/2024,2024-04-03,Tractor Sazi,Sepahan FC,0,0,0-0,Regular Season - 16
1186329,Thai League 1 Tailandia,2023/2024,2024-04-06,Nassaji Mazandaran,Malavan,0,1,0-1,Regular Season - 22
1186330,Thai League 1 Tailandia,2023/2024,2024-04-06,Esteghlal FC,Mes Rafsanjan,2,2,2-2,Regular Season - 22
1186328,Thai League 1 Tailandia,2023/2024,2024-04-06,ZOB Ahan,Shams Azar Qazvin,0,2,0-2,Regular Season - 22
1186331,Thai League 1 Tailandia,2023/2024,2024-04-07,Gol Gohar,Persepolis FC,0,1,0-1,Regular Season - 22
1186332,Thai League 1 Tailandia,2023/2024,2024-04-07,Paykan,Esteghlal Khuzestan,1,0,1-0,Regular Season - 22
1186333,Thai League 1 Tailandia,2023/2024,2024-04-07,Foolad FC,Havadar,3,3,3-3,Regular Season - 22
1186334,Thai League 1 Tailandia,2023/2024,2024-04-08,Sanat Naft,Sepahan FC,2,1,2-1,Regular Season - 22
1186335,Thai League 1 Tailandia,2023/2024,2024-04-08,Tractor Sazi,Aluminium Arak,1,1,1-1,Regular Season - 22
1186342,Thai League 1 Tailandia,2023/2024,2024-04-12,Tractor Sazi,ZOB Ahan,1,4,1-4,Regular Season - 23
1186340,Thai League 1 Tailandia,2023/2024,2024-04-12,Shams Azar Qazvin,Foolad FC,1,0,1-0,Regular Season - 23
1186336,Thai League 1 Tailandia,2023/2024,2024-04-12,Mes Rafsanjan,Paykan,2,2,2-2,Regular Season - 23
1186337,Thai League 1 Tailandia,2023/2024,2024-04-12,Sepahan FC,Nassaji Mazandaran,0,0,0-0,Regular Season - 23
1186339,Thai League 1 Tailandia,2023/2024,2024-04-12,Aluminium Arak,Esteghlal FC,0,1,0-1,Regular Season - 23
1186341,Thai League 1 Tailandia,2023/2024,2024-04-12,Esteghlal Khuzestan,Sanat Naft,2,1,2-1,Regular Season - 23
1186338,Thai League 1 Tailandia,2023/2024,2024-04-12,Havadar,Gol Gohar,1,0,1-0,Regular Season - 23
1186343,Thai League 1 Tailandia,2023/2024,2024-04-12,Persepolis FC,Malavan,1,0,1-0,Regular Season - 23
1171735,Thai League 1 Tailandia,2023/2024,2024-04-17,Sepahan FC,ZOB Ahan,1,0,1-0,Regular Season - 17
1186344,Thai League 1 Tailandia,2023/2024,2024-04-18,Paykan,Havadar,2,2,2-2,Regular Season - 24
1186345,Thai League 1 Tailandia,2023/2024,2024-04-18,Gol Gohar,Esteghlal Khuzestan,2,2,2-2,Regular Season - 24
1186346,Thai League 1 Tailandia,2023/2024,2024-04-18,Sanat Naft,Persepolis FC,0,3,0-3,Regular Season - 24
1186347,Thai League 1 Tailandia,2023/2024,2024-04-19,Nassaji Mazandaran,Tractor Sazi,1,0,1-0,Regular Season - 24
1186348,Thai League 1 Tailandia,2023/2024,2024-04-19,Esteghlal FC,Shams Azar Qazvin,3,2,3-2,Regular Season - 24
1186349,Thai League 1 Tailandia,2023/2024,2024-04-19,Foolad FC,Mes Rafsanjan,0,1,0-1,Regular Season - 24
1186350,Thai League 1 Tailandia,2023/2024,2024-04-21,ZOB Ahan,Aluminium Arak,2,0,2-0,Regular Season - 24
1186351,Thai League 1 Tailandia,2023/2024,2024-04-21,Malavan,Sepahan FC,1,2,1-2,Regular Season - 24
1194440,Thai League 1 Tailandia,2023/2024,2024-04-30,Shams Azar Qazvin,Paykan,2,1,2-1,Regular Season - 25
1194442,Thai League 1 Tailandia,2023/2024,2024-05-01,Tractor Sazi,Esteghlal FC,0,0,0-0,Regular Season - 25
1194441,Thai League 1 Tailandia,2023/2024,2024-05-01,Havadar,Sanat Naft,2,1,2-1,Regular Season - 25
1194443,Thai League 1 Tailandia,2023/2024,2024-05-01,Mes Rafsanjan,Gol Gohar,1,1,1-1,Regular Season - 25
1194444,Thai League 1 Tailandia,2023/2024,2024-05-01,ZOB Ahan,Nassaji Mazandaran,0,2,0-2,Regular Season - 25
1194445,Thai League 1 Tailandia,2023/2024,2024-05-01,Aluminium Arak,Foolad FC,1,1,1-1,Regular Season - 25
1194446,Thai League 1 Tailandia,2023/2024,2024-05-01,Esteghlal Khuzestan,Malavan,1,1,1-1,Regular Season - 25
1194447,Thai League 1 Tailandia,2023/2024,2024-05-01,Persepolis FC,Sepahan FC,0,0,0-0,Regular Season - 25
1194448,Thai League 1 Tailandia,2023/2024,2024-05-05,Gol Gohar,Shams Azar Qazvin,0,0,0-0,Regular Season - 26
1194450,Thai League 1 Tailandia,2023/2024,2024-05-06,Paykan,Aluminium Arak,0,1,0-1,Regular Season - 26
1194451,Thai League 1 Tailandia,2023/2024,2024-05-06,Sepahan FC,Esteghlal Khuzestan,1,1,1-1,Regular Season - 26
1194452,Thai League 1 Tailandia,2023/2024,2024-05-06,Nassaji Mazandaran,Persepolis FC,1,2,1-2,Regular Season - 26
1194453,Thai League 1 Tailandia,2023/2024,2024-05-06,Malavan,Havadar,1,1,1-1,Regular Season - 26
1194454,Thai League 1 Tailandia,2023/2024,2024-05-06,Foolad FC,Tractor Sazi,0,2,0-2,Regular Season - 26
1194449,Thai League 1 Tailandia,2023/2024,2024-05-06,Sanat Naft,Mes Rafsanjan,1,0,1-0,Regular Season - 26
1194455,Thai League 1 Tailandia,2023/2024,2024-05-06,Esteghlal FC,ZOB Ahan,2,1,2-1,Regular Season - 26
1198217,Thai League 1 Tailandia,2023/2024,2024-05-11,Shams Azar Qazvin,Malavan,1,0,1-0,Regular Season - 27
1198218,Thai League 1 Tailandia,2023/2024,2024-05-11,Mes Rafsanjan,Sepahan FC,1,1,1-1,Regular Season - 27
1198219,Thai League 1 Tailandia,2023/2024,2024-05-11,Havadar,Persepolis FC,0,2,0-2,Regular Season - 27
1198220,Thai League 1 Tailandia,2023/2024,2024-05-11,Aluminium Arak,Sanat Naft,1,1,1-1,Regular Season - 27
1198221,Thai League 1 Tailandia,2023/2024,2024-05-11,Tractor Sazi,Gol Gohar,2,0,2-0,Regular Season - 27
1198222,Thai League 1 Tailandia,2023/2024,2024-05-13,ZOB Ahan,Paykan,1,0,1-0,Regular Season - 27
1198224,Thai League 1 Tailandia,2023/2024,2024-05-13,Esteghlal FC,Foolad FC,1,0,1-0,Regular Season - 27
1198223,Thai League 1 Tailandia,2023/2024,2024-05-13,Esteghlal Khuzestan,Nassaji Mazandaran,1,4,1-4,Regular Season - 27
1198228,Thai League 1 Tailandia,2023/2024,2024-05-24,Gol Gohar,Aluminium Arak,2,3,2-3,Regular Season - 28
1198226,Thai League 1 Tailandia,2023/2024,2024-05-24,Malavan,Mes Rafsanjan,0,1,0-1,Regular Season - 28
1198231,Thai League 1 Tailandia,2023/2024,2024-05-24,Nassaji Mazandaran,Esteghlal FC,0,0,0-0,Regular Season - 28
1198230,Thai League 1 Tailandia,2023/2024,2024-05-24,Foolad FC,ZOB Ahan,1,0,1-0,Regular Season - 28
1198225,Thai League 1 Tailandia,2023/2024,2024-05-24,Paykan,Tractor Sazi,0,0,0-0,Regular Season - 28
1198232,Thai League 1 Tailandia,2023/2024,2024-05-24,Persepolis FC,Esteghlal Khuzestan,4,3,4-3,Regular Season - 28
1198229,Thai League 1 Tailandia,2023/2024,2024-05-24,Sanat Naft,Shams Azar Qazvin,2,2,2-2,Regular Season - 28
1198227,Thai League 1 Tailandia,2023/2024,2024-05-24,Sepahan FC,Havadar,2,0,2-0,Regular Season - 28
1198236,Thai League 1 Tailandia,2023/2024,2024-05-28,Aluminium Arak,Sepahan FC,0,1,0-1,Regular Season - 29
1198238,Thai League 1 Tailandia,2023/2024,2024-05-28,Mes Rafsanjan,Esteghlal Khuzestan,2,3,2-3,Regular Season - 29
1198234,Thai League 1 Tailandia,2023/2024,2024-05-28,Esteghlal FC,Gol Gohar,1,0,1-0,Regular Season - 29
1198233,Thai League 1 Tailandia,2023/2024,2024-05-28,Foolad FC,Paykan,2,2,2-2,Regular Season - 29
1198239,Thai League 1 Tailandia,2023/2024,2024-05-28,Tractor Sazi,Malavan,3,1,3-1,Regular Season - 29
1198240,Thai League 1 Tailandia,2023/2024,2024-05-28,ZOB Ahan,Sanat Naft,2,1,2-1,Regular Season - 29
1198235,Thai League 1 Tailandia,2023/2024,2024-05-28,Havadar,Nassaji Mazandaran,0,5,0-5,Regular Season - 29
1198237,Thai League 1 Tailandia,2023/2024,2024-05-28,Shams Azar Qazvin,Persepolis FC,1,3,1-3,Regular Season - 29
1198245,Thai League 1 Tailandia,2023/2024,2024-06-01,Gol Gohar,ZOB Ahan,1,2,1-2,Regular Season - 30
1198243,Thai League 1 Tailandia,2023/2024,2024-06-01,Malavan,Aluminium Arak,1,1,1-1,Regular Season - 30
1198248,Thai League 1 Tailandia,2023/2024,2024-06-01,Nassaji Mazandaran,Foolad FC,0,1,0-1,Regular Season - 30
1198242,Thai League 1 Tailandia,2023/2024,2024-06-01,Esteghlal Khuzestan,Havadar,3,1,3-1,Regular Season - 30
1198241,Thai League 1 Tailandia,2023/2024,2024-06-01,Paykan,Esteghlal FC,0,2,0-2,Regular Season - 30
1198247,Thai League 1 Tailandia,2023/2024,2024-06-01,Persepolis FC,Mes Rafsanjan,1,0,1-0,Regular Season - 30
1198244,Thai League 1 Tailandia,2023/2024,2024-06-01,Sanat Naft,Tractor Sazi,0,3,0-3,Regular Season - 30
1198246,Thai League 1 Tailandia,2023/2024,2024-06-01,Sepahan FC,Shams Azar Qazvin,4,1,4-1,Regular Season - 30
1263041,Thai League 1 Tailandia,2024/2025,2024-08-15,Persepolis FC,ZOB Ahan,1,1,1-1,Regular Season - 1
1263044,Thai League 1 Tailandia,2024/2025,2024-08-15,Malavan,Gol Gohar,1,0,1-0,Regular Season - 1
1263045,Thai League 1 Tailandia,2024/2025,2024-08-15,Esteghlal Khuzestan,Aluminium Arak,0,0,0-0,Regular Season - 1
1263048,Thai League 1 Tailandia,2024/2025,2024-08-16,Mes Rafsanjan,Tractor Sazi,0,2,0-2,Regular Season - 1
1263042,Thai League 1 Tailandia,2024/2025,2024-08-16,Sepahan FC,Chadormalu SC,3,1,3-1,Regular Season - 1
1263047,Thai League 1 Tailandia,2024/2025,2024-08-16,Nassaji Mazandaran,Foolad FC,0,1,0-1,Regular Season - 1
1263043,Thai League 1 Tailandia,2024/2025,2024-08-16,Havadar,Kheybar Khorramabad,0,1,0-1,Regular Season - 1
1263046,Thai League 1 Tailandia,2024/2025,2024-08-16,Shams Azar Qazvin,Esteghlal FC,1,2,1-2,Regular Season - 1
1269142,Thai League 1 Tailandia,2024/2025,2024-08-22,Aluminium Arak,Nassaji Mazandaran,1,1,1-1,Regular Season - 2
1269141,Thai League 1 Tailandia,2024/2025,2024-08-22,Gol Gohar,Esteghlal Khuzestan,2,0,2-0,Regular Season - 2
1269143,Thai League 1 Tailandia,2024/2025,2024-08-22,Tractor Sazi,Persepolis FC,1,1,1-1,Regular Season - 2
1269144,Thai League 1 Tailandia,2024/2025,2024-08-22,Foolad FC,Mes Rafsanjan,0,0,0-0,Regular Season - 2
1269145,Thai League 1 Tailandia,2024/2025,2024-08-23,ZOB Ahan,Havadar,0,0,0-0,Regular Season - 2
1269147,Thai League 1 Tailandia,2024/2025,2024-08-23,Kheybar Khorramabad,Sepahan FC,1,2,1-2,Regular Season - 2
1269148,Thai League 1 Tailandia,2024/2025,2024-08-23,Esteghlal FC,Malavan,2,2,2-2,Regular Season - 2
1269146,Thai League 1 Tailandia,2024/2025,2024-08-23,Chadormalu SC,Shams Azar Qazvin,1,1,1-1,Regular Season - 2
1269150,Thai League 1 Tailandia,2024/2025,2024-08-29,Mes Rafsanjan,Aluminium Arak,3,1,3-1,Regular Season - 3
1269149,Thai League 1 Tailandia,2024/2025,2024-08-29,Havadar,Tractor Sazi,0,4,0-4,Regular Season - 3
1269151,Thai League 1 Tailandia,2024/2025,2024-08-29,Kheybar Khorramabad,ZOB Ahan,1,1,1-1,Regular Season - 3
1269152,Thai League 1 Tailandia,2024/2025,2024-08-29,Esteghlal Khuzestan,Esteghlal FC,1,0,1-0,Regular Season - 3
1269154,Thai League 1 Tailandia,2024/2025,2024-08-30,Nassaji Mazandaran,Gol Gohar,0,1,0-1,Regular Season - 3
1269153,Thai League 1 Tailandia,2024/2025,2024-08-30,Sepahan FC,Shams Azar Qazvin,1,0,1-0,Regular Season - 3
1269155,Thai League 1 Tailandia,2024/2025,2024-08-30,Malavan,Chadormalu SC,3,1,3-1,Regular Season - 3
1269156,Thai League 1 Tailandia,2024/2025,2024-08-30,Persepolis FC,Foolad FC,2,0,2-0,Regular Season - 3
1298584,Thai League 1 Tailandia,2024/2025,2024-09-13,Sepahan FC,Malavan,1,0,1-0,Regular Season - 4
1298585,Thai League 1 Tailandia,2024/2025,2024-09-13,Shams Azar Qazvin,Esteghlal Khuzestan,2,2,2-2,Regular Season - 4
1298586,Thai League 1 Tailandia,2024/2025,2024-09-13,Tractor Sazi,ZOB Ahan,0,1,0-1,Regular Season - 4
1298588,Thai League 1 Tailandia,2024/2025,2024-09-14,Aluminium Arak,Havadar,0,0,0-0,Regular Season - 4
1298587,Thai League 1 Tailandia,2024/2025,2024-09-14,Chadormalu SC,Nassaji Mazandaran,1,0,1-0,Regular Season - 4
1298589,Thai League 1 Tailandia,2024/2025,2024-09-14,Foolad FC,Kheybar Khorramabad,1,1,1-1,Regular Season - 4
1298592,Thai League 1 Tailandia,2024/2025,2024-09-20,Nassaji Mazandaran,Esteghlal FC,2,2,2-2,Regular Season - 5
1298593,Thai League 1 Tailandia,2024/2025,2024-09-20,Mes Rafsanjan,Gol Gohar,0,0,0-0,Regular Season - 5
1298594,Thai League 1 Tailandia,2024/2025,2024-09-20,Malavan,Shams Azar Qazvin,2,0,2-0,Regular Season - 5
1298595,Thai League 1 Tailandia,2024/2025,2024-09-20,Persepolis FC,Aluminium Arak,2,0,2-0,Regular Season - 5
1298596,Thai League 1 Tailandia,2024/2025,2024-09-21,Havadar,Foolad FC,0,1,0-1,Regular Season - 5
1298597,Thai League 1 Tailandia,2024/2025,2024-09-21,Esteghlal Khuzestan,Chadormalu SC,1,1,1-1,Regular Season - 5
1298599,Thai League 1 Tailandia,2024/2025,2024-09-22,Kheybar Khorramabad,Tractor Sazi,1,2,1-2,Regular Season - 5
1298598,Thai League 1 Tailandia,2024/2025,2024-09-22,ZOB Ahan,Sepahan FC,1,1,1-1,Regular Season - 5
1298600,Thai League 1 Tailandia,2024/2025,2024-09-25,Esteghlal FC,Persepolis FC,0,1,0-1,Regular Season - 6
1298601,Thai League 1 Tailandia,2024/2025,2024-09-26,Shams Azar Qazvin,Nassaji Mazandaran,0,0,0-0,Regular Season - 6
1298602,Thai League 1 Tailandia,2024/2025,2024-09-27,Gol Gohar,Havadar,0,0,0-0,Regular Season - 6
1298606,Thai League 1 Tailandia,2024/2025,2024-09-27,Aluminium Arak,Kheybar Khorramabad,1,0,1-0,Regular Season - 6
1298605,Thai League 1 Tailandia,2024/2025,2024-09-27,Malavan,Esteghlal Khuzestan,1,0,1-0,Regular Season - 6
1298604,Thai League 1 Tailandia,2024/2025,2024-09-27,Sepahan FC,Tractor Sazi,0,1,0-1,Regular Season - 6
1298603,Thai League 1 Tailandia,2024/2025,2024-09-27,Chadormalu SC,Mes Rafsanjan,1,0,1-0,Regular Season - 6
1298607,Thai League 1 Tailandia,2024/2025,2024-09-28,Foolad FC,ZOB Ahan,1,0,1-0,Regular Season - 6
1298608,Thai League 1 Tailandia,2024/2025,2024-10-04,Mes Rafsanjan,Shams Azar Qazvin,0,1,0-1,Regular Season - 7
1298609,Thai League 1 Tailandia,2024/2025,2024-10-04,Nassaji Mazandaran,Malavan,1,1,1-1,Regular Season - 7
1298611,Thai League 1 Tailandia,2024/2025,2024-10-04,Kheybar Khorramabad,Gol Gohar,0,0,0-0,Regular Season - 7
1298610,Thai League 1 Tailandia,2024/2025,2024-10-04,ZOB Ahan,Aluminium Arak,0,4,0-4,Regular Season - 7
1298614,Thai League 1 Tailandia,2024/2025,2024-10-05,Persepolis FC,Chadormalu SC,1,0,1-0,Regular Season - 7
1298613,Thai League 1 Tailandia,2024/2025,2024-10-05,Esteghlal Khuzestan,Sepahan FC,0,1,0-1,Regular Season - 7
1298612,Thai League 1 Tailandia,2024/2025,2024-10-05,Havadar,Esteghlal FC,1,2,1-2,Regular Season - 7
1298615,Thai League 1 Tailandia,2024/2025,2024-10-06,Tractor Sazi,Foolad FC,1,2,1-2,Regular Season - 7
1298617,Thai League 1 Tailandia,2024/2025,2024-10-17,Shams Azar Qazvin,Havadar,1,1,1-1,Regular Season - 8
1298616,Thai League 1 Tailandia,2024/2025,2024-10-17,Chadormalu SC,Kheybar Khorramabad,1,0,1-0,Regular Season - 8
1298619,Thai League 1 Tailandia,2024/2025,2024-10-17,Esteghlal Khuzestan,Mes Rafsanjan,3,2,3-2,Regular Season - 8
1298623,Thai League 1 Tailandia,2024/2025,2024-10-18,Esteghlal FC,ZOB Ahan,0,3,0-3,Regular Season - 8
1298622,Thai League 1 Tailandia,2024/2025,2024-10-20,Aluminium Arak,Foolad FC,4,2,4-2,Regular Season - 8
1298625,Thai League 1 Tailandia,2024/2025,2024-10-25,Nassaji Mazandaran,Esteghlal Khuzestan,0,0,0-0,Regular Season - 9
1298624,Thai League 1 Tailandia,2024/2025,2024-10-25,ZOB Ahan,Gol Gohar,0,2,0-2,Regular Season - 9
1298627,Thai League 1 Tailandia,2024/2025,2024-10-25,Mes Rafsanjan,Malavan,1,1,1-1,Regular Season - 9
1298626,Thai League 1 Tailandia,2024/2025,2024-10-25,Havadar,Chadormalu SC,0,1,0-1,Regular Season - 9
1298628,Thai League 1 Tailandia,2024/2025,2024-10-26,Kheybar Khorramabad,Esteghlal FC,3,1,3-1,Regular Season - 9
1298629,Thai League 1 Tailandia,2024/2025,2024-10-26,Persepolis FC,Shams Azar Qazvin,2,0,2-0,Regular Season - 9
1298630,Thai League 1 Tailandia,2024/2025,2024-10-27,Tractor Sazi,Aluminium Arak,2,0,2-0,Regular Season - 9
1298631,Thai League 1 Tailandia,2024/2025,2024-10-27,Foolad FC,Sepahan FC,2,2,2-2,Regular Season - 9
1298632,Thai League 1 Tailandia,2024/2025,2024-10-30,Esteghlal Khuzestan,Persepolis FC,1,0,1-0,Regular Season - 10
1298633,Thai League 1 Tailandia,2024/2025,2024-10-31,Esteghlal FC,Tractor Sazi,0,2,0-2,Regular Season - 10
1298635,Thai League 1 Tailandia,2024/2025,2024-11-01,Gol Gohar,Foolad FC,0,1,0-1,Regular Season - 10
1298634,Thai League 1 Tailandia,2024/2025,2024-11-01,Chadormalu SC,ZOB Ahan,1,0,1-0,Regular Season - 10
1298638,Thai League 1 Tailandia,2024/2025,2024-11-01,Malavan,Havadar,0,2,0-2,Regular Season - 10
1298636,Thai League 1 Tailandia,2024/2025,2024-11-01,Nassaji Mazandaran,Mes Rafsanjan,0,1,0-1,Regular Season - 10
1298639,Thai League 1 Tailandia,2024/2025,2024-11-01,Sepahan FC,Aluminium Arak,1,0,1-0,Regular Season - 10
1298637,Thai League 1 Tailandia,2024/2025,2024-11-01,Shams Azar Qazvin,Kheybar Khorramabad,2,0,2-0,Regular Season - 10
1298590,Thai League 1 Tailandia,2024/2025,2024-11-09,Gol Gohar,Persepolis FC,0,1,0-1,Regular Season - 4
1298621,Thai League 1 Tailandia,2024/2025,2024-11-09,Sepahan FC,Nassaji Mazandaran,1,1,1-1,Regular Season - 8
1298591,Thai League 1 Tailandia,2024/2025,2024-11-09,Esteghlal FC,Mes Rafsanjan,1,0,1-0,Regular Season - 4
1313131,Thai League 1 Tailandia,2024/2025,2024-12-01,ZOB Ahan,Shams Azar Qazvin,3,0,3-0,Regular Season - 11
1313133,Thai League 1 Tailandia,2024/2025,2024-12-02,Aluminium Arak,Gol Gohar,0,0,0-0,Regular Season - 11
1313134,Thai League 1 Tailandia,2024/2025,2024-12-02,Kheybar Khorramabad,Malavan,1,3,1-3,Regular Season - 11
1313132,Thai League 1 Tailandia,2024/2025,2024-12-02,Havadar,Esteghlal Khuzestan,0,1,0-1,Regular Season - 11
1313135,Thai League 1 Tailandia,2024/2025,2024-12-03,Tractor Sazi,Chadormalu SC,1,0,1-0,Regular Season - 11
1313136,Thai League 1 Tailandia,2024/2025,2024-12-07,Persepolis FC,Nassaji Mazandaran,0,1,0-1,Regular Season - 11
1313137,Thai League 1 Tailandia,2024/2025,2024-12-07,Foolad FC,Esteghlal FC,0,2,0-2,Regular Season - 11
1313138,Thai League 1 Tailandia,2024/2025,2024-12-08,Mes Rafsanjan,Sepahan FC,0,3,0-3,Regular Season - 11
1298620,Thai League 1 Tailandia,2024/2025,2024-12-09,Gol Gohar,Tractor Sazi,0,2,0-2,Regular Season - 8
1313139,Thai League 1 Tailandia,2024/2025,2024-12-10,Chadormalu SC,Aluminium Arak,1,1,1-1,Regular Season - 12
1313140,Thai League 1 Tailandia,2024/2025,2024-12-10,Esteghlal Khuzestan,ZOB Ahan,0,0,0-0,Regular Season - 12
1298618,Thai League 1 Tailandia,2024/2025,2024-12-11,Malavan,Persepolis FC,1,2,1-2,Regular Season - 8
1313143,Thai League 1 Tailandia,2024/2025,2024-12-13,Shams Azar Qazvin,Foolad FC,0,3,0-3,Regular Season - 12
1313141,Thai League 1 Tailandia,2024/2025,2024-12-13,Mes Rafsanjan,Havadar,1,1,1-1,Regular Season - 12
1313142,Thai League 1 Tailandia,2024/2025,2024-12-13,Nassaji Mazandaran,Kheybar Khorramabad,0,0,0-0,Regular Season - 12
1313146,Thai League 1 Tailandia,2024/2025,2024-12-16,Sepahan FC,Persepolis FC,2,1,2-1,Regular Season - 12
1313145,Thai League 1 Tailandia,2024/2025,2024-12-16,Malavan,Tractor Sazi,0,2,0-2,Regular Season - 12
1313144,Thai League 1 Tailandia,2024/2025,2024-12-16,Esteghlal FC,Gol Gohar,0,0,0-0,Regular Season - 12
1313147,Thai League 1 Tailandia,2024/2025,2024-12-19,Kheybar Khorramabad,Esteghlal Khuzestan,1,0,1-0,Regular Season - 13
1313148,Thai League 1 Tailandia,2024/2025,2024-12-19,Foolad FC,Chadormalu SC,2,1,2-1,Regular Season - 13
1313150,Thai League 1 Tailandia,2024/2025,2024-12-20,Aluminium Arak,Esteghlal FC,1,1,1-1,Regular Season - 13
1313149,Thai League 1 Tailandia,2024/2025,2024-12-20,Havadar,Nassaji Mazandaran,0,1,0-1,Regular Season - 13
1313152,Thai League 1 Tailandia,2024/2025,2024-12-21,Tractor Sazi,Shams Azar Qazvin,0,1,0-1,Regular Season - 13
1313151,Thai League 1 Tailandia,2024/2025,2024-12-21,Gol Gohar,Sepahan FC,1,1,1-1,Regular Season - 13
1313153,Thai League 1 Tailandia,2024/2025,2024-12-21,ZOB Ahan,Malavan,1,0,1-0,Regular Season - 13
1313154,Thai League 1 Tailandia,2024/2025,2024-12-21,Persepolis FC,Mes Rafsanjan,1,3,1-3,Regular Season - 13
1313155,Thai League 1 Tailandia,2024/2025,2024-12-26,Chadormalu SC,Esteghlal FC,0,0,0-0,Regular Season - 14
1313156,Thai League 1 Tailandia,2024/2025,2024-12-26,Esteghlal Khuzestan,Foolad FC,0,0,0-0,Regular Season - 14
1313157,Thai League 1 Tailandia,2024/2025,2024-12-27,Mes Rafsanjan,ZOB Ahan,1,2,1-2,Regular Season - 14
1313158,Thai League 1 Tailandia,2024/2025,2024-12-27,Shams Azar Qazvin,Gol Gohar,0,1,0-1,Regular Season - 14
1313160,Thai League 1 Tailandia,2024/2025,2024-12-27,Malavan,Aluminium Arak,1,1,1-1,Regular Season - 14
1313161,Thai League 1 Tailandia,2024/2025,2024-12-27,Nassaji Mazandaran,Tractor Sazi,1,1,1-1,Regular Season - 14
1313159,Thai League 1 Tailandia,2024/2025,2024-12-27,Persepolis FC,Kheybar Khorramabad,2,1,2-1,Regular Season - 14
1313162,Thai League 1 Tailandia,2024/2025,2024-12-27,Sepahan FC,Havadar,5,0,5-0,Regular Season - 14
1313165,Thai League 1 Tailandia,2024/2025,2025-01-01,Gol Gohar,Chadormalu SC,2,0,2-0,Regular Season - 15
1313163,Thai League 1 Tailandia,2024/2025,2025-01-01,Havadar,Persepolis FC,0,5,0-5,Regular Season - 15
1313167,Thai League 1 Tailandia,2024/2025,2025-01-02,Aluminium Arak,Shams Azar Qazvin,3,0,3-0,Regular Season - 15
1313166,Thai League 1 Tailandia,2024/2025,2025-01-02,Kheybar Khorramabad,Mes Rafsanjan,1,2,1-2,Regular Season - 15
1313164,Thai League 1 Tailandia,2024/2025,2025-01-02,ZOB Ahan,Nassaji Mazandaran,0,0,0-0,Regular Season - 15
1313170,Thai League 1 Tailandia,2024/2025,2025-01-02,Foolad FC,Malavan,2,1,2-1,Regular Season - 15
1313168,Thai League 1 Tailandia,2024/2025,2025-01-02,Tractor Sazi,Esteghlal Khuzestan,3,0,3-0,Regular Season - 15
1313169,Thai League 1 Tailandia,2024/2025,2025-01-02,Esteghlal FC,Sepahan FC,1,1,1-1,Regular Season - 15
1327822,Thai League 1 Tailandia,2024/2025,2025-01-20,Aluminium Arak,Esteghlal Khuzestan,1,1,1-1,Regular Season - 16
1327821,Thai League 1 Tailandia,2024/2025,2025-01-20,Kheybar Khorramabad,Havadar,2,0,2-0,Regular Season - 16
1327820,Thai League 1 Tailandia,2024/2025,2025-01-20,Gol Gohar,Malavan,1,0,1-0,Regular Season - 16
1327823,Thai League 1 Tailandia,2024/2025,2025-01-20,Esteghlal FC,Shams Azar Qazvin,0,1,0-1,Regular Season - 16
1327825,Thai League 1 Tailandia,2024/2025,2025-01-21,Tractor Sazi,Mes Rafsanjan,5,1,5-1,Regular Season - 16
1327824,Thai League 1 Tailandia,2024/2025,2025-01-21,Chadormalu SC,Sepahan FC,1,2,1-2,Regular Season - 16
1327826,Thai League 1 Tailandia,2024/2025,2025-01-21,ZOB Ahan,Persepolis FC,0,0,0-0,Regular Season - 16
1327827,Thai League 1 Tailandia,2024/2025,2025-01-21,Foolad FC,Nassaji Mazandaran,1,0,1-0,Regular Season - 16
1327828,Thai League 1 Tailandia,2024/2025,2025-01-25,Malavan,Esteghlal FC,0,0,0-0,Regular Season - 17
1327829,Thai League 1 Tailandia,2024/2025,2025-01-25,Esteghlal Khuzestan,Gol Gohar,1,1,1-1,Regular Season - 17
1327830,Thai League 1 Tailandia,2024/2025,2025-01-26,Mes Rafsanjan,Foolad FC,2,3,2-3,Regular Season - 17
1327831,Thai League 1 Tailandia,2024/2025,2025-01-26,Persepolis FC,Tractor Sazi,2,0,2-0,Regular Season - 17
1327832,Thai League 1 Tailandia,2024/2025,2025-01-26,Sepahan FC,Kheybar Khorramabad,2,0,2-0,Regular Season - 17
1327833,Thai League 1 Tailandia,2024/2025,2025-01-27,Shams Azar Qazvin,Chadormalu SC,1,1,1-1,Regular Season - 17
1327834,Thai League 1 Tailandia,2024/2025,2025-01-27,Havadar,ZOB Ahan,0,0,0-0,Regular Season - 17
1327835,Thai League 1 Tailandia,2024/2025,2025-01-27,Nassaji Mazandaran,Aluminium Arak,1,2,1-2,Regular Season - 17
1327836,Thai League 1 Tailandia,2024/2025,2025-01-30,Esteghlal FC,Esteghlal Khuzestan,2,0,2-0,Regular Season - 18
1327837,Thai League 1 Tailandia,2024/2025,2025-01-31,Foolad FC,Persepolis FC,1,1,1-1,Regular Season - 18
1327841,Thai League 1 Tailandia,2024/2025,2025-02-01,Tractor Sazi,Havadar,4,0,4-0,Regular Season - 18
1327839,Thai League 1 Tailandia,2024/2025,2025-02-01,Gol Gohar,Nassaji Mazandaran,2,1,2-1,Regular Season - 18
1327838,Thai League 1 Tailandia,2024/2025,2025-02-01,Shams Azar Qazvin,Sepahan FC,1,1,1-1,Regular Season - 18
1327840,Thai League 1 Tailandia,2024/2025,2025-02-01,ZOB Ahan,Kheybar Khorramabad,2,2,2-2,Regular Season - 18
1327842,Thai League 1 Tailandia,2024/2025,2025-02-01,Chadormalu SC,Malavan,1,0,1-0,Regular Season - 18
1327843,Thai League 1 Tailandia,2024/2025,2025-02-02,Aluminium Arak,Mes Rafsanjan,0,0,0-0,Regular Season - 18
1327845,Thai League 1 Tailandia,2024/2025,2025-02-06,Esteghlal Khuzestan,Shams Azar Qazvin,1,0,1-0,Regular Season - 19
1327844,Thai League 1 Tailandia,2024/2025,2025-02-06,ZOB Ahan,Tractor Sazi,0,1,0-1,Regular Season - 19
1327848,Thai League 1 Tailandia,2024/2025,2025-02-07,Kheybar Khorramabad,Foolad FC,2,0,2-0,Regular Season - 19
1327846,Thai League 1 Tailandia,2024/2025,2025-02-07,Malavan,Sepahan FC,1,1,1-1,Regular Season - 19
1327847,Thai League 1 Tailandia,2024/2025,2025-02-07,Nassaji Mazandaran,Chadormalu SC,0,0,0-0,Regular Season - 19
1327849,Thai League 1 Tailandia,2024/2025,2025-02-07,Mes Rafsanjan,Esteghlal FC,0,0,0-0,Regular Season - 19
1327850,Thai League 1 Tailandia,2024/2025,2025-02-08,Havadar,Aluminium Arak,2,1,2-1,Regular Season - 19
1327851,Thai League 1 Tailandia,2024/2025,2025-02-08,Persepolis FC,Gol Gohar,1,0,1-0,Regular Season - 19
1327853,Thai League 1 Tailandia,2024/2025,2025-02-20,Gol Gohar,Mes Rafsanjan,0,0,0-0,Regular Season - 20
1327852,Thai League 1 Tailandia,2024/2025,2025-02-20,Chadormalu SC,Esteghlal Khuzestan,3,0,3-0,Regular Season - 20
1327856,Thai League 1 Tailandia,2024/2025,2025-02-21,Sepahan FC,ZOB Ahan,4,1,4-1,Regular Season - 20
1327854,Thai League 1 Tailandia,2024/2025,2025-02-21,Shams Azar Qazvin,Malavan,0,1,0-1,Regular Season - 20
1327855,Thai League 1 Tailandia,2024/2025,2025-02-21,Foolad FC,Havadar,3,0,3-0,Regular Season - 20
1327857,Thai League 1 Tailandia,2024/2025,2025-02-22,Tractor Sazi,Kheybar Khorramabad,1,0,1-0,Regular Season - 20
1327858,Thai League 1 Tailandia,2024/2025,2025-02-22,Aluminium Arak,Persepolis FC,1,1,1-1,Regular Season - 20
1327859,Thai League 1 Tailandia,2024/2025,2025-02-22,Esteghlal FC,Nassaji Mazandaran,1,0,1-0,Regular Season - 20
1327861,Thai League 1 Tailandia,2024/2025,2025-02-27,Tractor Sazi,Sepahan FC,0,0,0-0,Regular Season - 21
1327860,Thai League 1 Tailandia,2024/2025,2025-02-27,Mes Rafsanjan,Chadormalu SC,1,0,1-0,Regular Season - 21
1327862,Thai League 1 Tailandia,2024/2025,2025-02-27,Esteghlal Khuzestan,Malavan,1,2,1-2,Regular Season - 21
1327863,Thai League 1 Tailandia,2024/2025,2025-02-27,Persepolis FC,Esteghlal FC,2,1,2-1,Regular Season - 21
1327865,Thai League 1 Tailandia,2024/2025,2025-02-28,Kheybar Khorramabad,Aluminium Arak,1,0,1-0,Regular Season - 21
1327864,Thai League 1 Tailandia,2024/2025,2025-02-28,ZOB Ahan,Foolad FC,3,0,3-0,Regular Season - 21
1327866,Thai League 1 Tailandia,2024/2025,2025-02-28,Nassaji Mazandaran,Shams Azar Qazvin,1,0,1-0,Regular Season - 21
1327867,Thai League 1 Tailandia,2024/2025,2025-02-28,Havadar,Gol Gohar,0,1,0-1,Regular Season - 21
1352893,Thai League 1 Tailandia,2024/2025,2025-03-06,Gol Gohar,Kheybar Khorramabad,2,0,2-0,Regular Season - 22
1352894,Thai League 1 Tailandia,2024/2025,2025-03-06,Sepahan FC,Esteghlal Khuzestan,1,1,1-1,Regular Season - 22
1352898,Thai League 1 Tailandia,2024/2025,2025-03-07,Aluminium Arak,ZOB Ahan,2,0,2-0,Regular Season - 22
1352897,Thai League 1 Tailandia,2024/2025,2025-03-07,Malavan,Nassaji Mazandaran,1,0,1-0,Regular Season - 22
1352896,Thai League 1 Tailandia,2024/2025,2025-03-07,Shams Azar Qazvin,Mes Rafsanjan,3,1,3-1,Regular Season - 22
1352895,Thai League 1 Tailandia,2024/2025,2025-03-07,Chadormalu SC,Persepolis FC,0,1,0-1,Regular Season - 22
1353220,Thai League 1 Tailandia,2024/2025,2025-03-13,Nassaji Mazandaran,Sepahan FC,1,1,1-1,Regular Season - 23
1353221,Thai League 1 Tailandia,2024/2025,2025-03-13,Havadar,Shams Azar Qazvin,2,3,2-3,Regular Season - 23
1353222,Thai League 1 Tailandia,2024/2025,2025-03-13,Kheybar Khorramabad,Chadormalu SC,2,0,2-0,Regular Season - 23
1353223,Thai League 1 Tailandia,2024/2025,2025-03-14,Mes Rafsanjan,Esteghlal Khuzestan,0,0,0-0,Regular Season - 23
1353224,Thai League 1 Tailandia,2024/2025,2025-03-14,Persepolis FC,Malavan,2,0,2-0,Regular Season - 23
1353225,Thai League 1 Tailandia,2024/2025,2025-03-14,Foolad FC,Aluminium Arak,2,0,2-0,Regular Season - 23
1353226,Thai League 1 Tailandia,2024/2025,2025-03-16,ZOB Ahan,Esteghlal FC,1,1,1-1,Regular Season - 23
1353227,Thai League 1 Tailandia,2024/2025,2025-03-16,Tractor Sazi,Gol Gohar,2,1,2-1,Regular Season - 23
1353228,Thai League 1 Tailandia,2024/2025,2025-03-29,Gol Gohar,ZOB Ahan,0,2,0-2,Regular Season - 24
1353231,Thai League 1 Tailandia,2024/2025,2025-03-29,Aluminium Arak,Tractor Sazi,0,1,0-1,Regular Season - 24
1353230,Thai League 1 Tailandia,2024/2025,2025-03-29,Esteghlal FC,Kheybar Khorramabad,1,1,1-1,Regular Season - 24
1353229,Thai League 1 Tailandia,2024/2025,2025-03-29,Esteghlal Khuzestan,Nassaji Mazandaran,2,0,2-0,Regular Season - 24
1353232,Thai League 1 Tailandia,2024/2025,2025-03-30,Chadormalu SC,Havadar,1,2,1-2,Regular Season - 24
1353233,Thai League 1 Tailandia,2024/2025,2025-03-30,Malavan,Mes Rafsanjan,3,0,3-0,Regular Season - 24
1353235,Thai League 1 Tailandia,2024/2025,2025-03-30,Sepahan FC,Foolad FC,2,0,2-0,Regular Season - 24
1353234,Thai League 1 Tailandia,2024/2025,2025-03-30,Shams Azar Qazvin,Persepolis FC,3,2,3-2,Regular Season - 24
1353237,Thai League 1 Tailandia,2024/2025,2025-04-04,ZOB Ahan,Chadormalu SC,0,1,0-1,Regular Season - 25
1353238,Thai League 1 Tailandia,2024/2025,2025-04-04,Foolad FC,Gol Gohar,1,1,1-1,Regular Season - 25
1353236,Thai League 1 Tailandia,2024/2025,2025-04-04,Tractor Sazi,Esteghlal FC,2,1,2-1,Regular Season - 25
1353239,Thai League 1 Tailandia,2024/2025,2025-04-05,Havadar,Malavan,2,0,2-0,Regular Season - 25
1353240,Thai League 1 Tailandia,2024/2025,2025-04-05,Mes Rafsanjan,Nassaji Mazandaran,0,0,0-0,Regular Season - 25
1353243,Thai League 1 Tailandia,2024/2025,2025-04-05,Aluminium Arak,Sepahan FC,1,1,1-1,Regular Season - 25
1353242,Thai League 1 Tailandia,2024/2025,2025-04-05,Persepolis FC,Esteghlal Khuzestan,0,0,0-0,Regular Season - 25
1353241,Thai League 1 Tailandia,2024/2025,2025-04-06,Kheybar Khorramabad,Shams Azar Qazvin,0,0,0-0,Regular Season - 25
1361639,Thai League 1 Tailandia,2024/2025,2025-04-10,Esteghlal FC,Foolad FC,0,1,0-1,Regular Season - 26
1361642,Thai League 1 Tailandia,2024/2025,2025-04-11,Gol Gohar,Aluminium Arak,0,0,0-0,Regular Season - 26
1361641,Thai League 1 Tailandia,2024/2025,2025-04-11,Malavan,Kheybar Khorramabad,3,0,3-0,Regular Season - 26
1361640,Thai League 1 Tailandia,2024/2025,2025-04-11,Shams Azar Qazvin,ZOB Ahan,1,1,1-1,Regular Season - 26
1361645,Thai League 1 Tailandia,2024/2025,2025-04-11,Esteghlal Khuzestan,Havadar,1,1,1-1,Regular Season - 26
1361644,Thai League 1 Tailandia,2024/2025,2025-04-11,Sepahan FC,Mes Rafsanjan,1,0,1-0,Regular Season - 26
1361643,Thai League 1 Tailandia,2024/2025,2025-04-11,Chadormalu SC,Tractor Sazi,2,2,2-2,Regular Season - 26
1361646,Thai League 1 Tailandia,2024/2025,2025-04-11,Nassaji Mazandaran,Persepolis FC,0,1,0-1,Regular Season - 26
1361647,Thai League 1 Tailandia,2024/2025,2025-04-16,Havadar,Mes Rafsanjan,0,4,0-4,Regular Season - 27
1361648,Thai League 1 Tailandia,2024/2025,2025-04-16,Gol Gohar,Esteghlal FC,1,1,1-1,Regular Season - 27
1361649,Thai League 1 Tailandia,2024/2025,2025-04-17,Aluminium Arak,Chadormalu SC,0,0,0-0,Regular Season - 27
1361651,Thai League 1 Tailandia,2024/2025,2025-04-17,Kheybar Khorramabad,Nassaji Mazandaran,1,0,1-0,Regular Season - 27
1361650,Thai League 1 Tailandia,2024/2025,2025-04-17,ZOB Ahan,Esteghlal Khuzestan,1,0,1-0,Regular Season - 27
1362299,Thai League 1 Tailandia,2024/2025,2025-04-18,Tractor Sazi,Malavan,3,0,3-0,Regular Season - 27
1361652,Thai League 1 Tailandia,2024/2025,2025-04-18,Persepolis FC,Sepahan FC,0,2,0-2,Regular Season - 27
1361653,Thai League 1 Tailandia,2024/2025,2025-04-18,Foolad FC,Shams Azar Qazvin,1,0,1-0,Regular Season - 27
1352891,Thai League 1 Tailandia,2024/2025,2025-04-21,Esteghlal FC,Havadar,2,2,2-2,Regular Season - 22
1352892,Thai League 1 Tailandia,2024/2025,2025-04-25,Foolad FC,Tractor Sazi,1,2,1-2,Regular Season - 22
1371652,Thai League 1 Tailandia,2024/2025,2025-05-01,Mes Rafsanjan,Persepolis FC,0,3,0-3,Regular Season - 28
1371654,Thai League 1 Tailandia,2024/2025,2025-05-01,Nassaji Mazandaran,Havadar,0,0,0-0,Regular Season - 28
1371653,Thai League 1 Tailandia,2024/2025,2025-05-01,Chadormalu SC,Foolad FC,1,1,1-1,Regular Season - 28
1371655,Thai League 1 Tailandia,2024/2025,2025-05-01,Esteghlal Khuzestan,Kheybar Khorramabad,0,0,0-0,Regular Season - 28
1371656,Thai League 1 Tailandia,2024/2025,2025-05-02,Esteghlal FC,Aluminium Arak,5,1,5-1,Regular Season - 28
1371657,Thai League 1 Tailandia,2024/2025,2025-05-02,Malavan,ZOB Ahan,3,3,3-3,Regular Season - 28
1371658,Thai League 1 Tailandia,2024/2025,2025-05-02,Sepahan FC,Gol Gohar,1,2,1-2,Regular Season - 28
1371659,Thai League 1 Tailandia,2024/2025,2025-05-02,Shams Azar Qazvin,Tractor Sazi,0,4,0-4,Regular Season - 28
1371665,Thai League 1 Tailandia,2024/2025,2025-05-08,Aluminium Arak,Malavan,1,1,1-1,Regular Season - 29
1371663,Thai League 1 Tailandia,2024/2025,2025-05-08,Gol Gohar,Shams Azar Qazvin,1,0,1-0,Regular Season - 29
1371664,Thai League 1 Tailandia,2024/2025,2025-05-08,Kheybar Khorramabad,Persepolis FC,1,2,1-2,Regular Season - 29
1371660,Thai League 1 Tailandia,2024/2025,2025-05-08,Esteghlal FC,Chadormalu SC,0,0,0-0,Regular Season - 29
1371661,Thai League 1 Tailandia,2024/2025,2025-05-08,Foolad FC,Esteghlal Khuzestan,2,1,2-1,Regular Season - 29
1371666,Thai League 1 Tailandia,2024/2025,2025-05-08,Tractor Sazi,Nassaji Mazandaran,3,3,3-3,Regular Season - 29
1371662,Thai League 1 Tailandia,2024/2025,2025-05-08,ZOB Ahan,Mes Rafsanjan,2,1,2-1,Regular Season - 29
1371667,Thai League 1 Tailandia,2024/2025,2025-05-08,Havadar,Sepahan FC,1,1,1-1,Regular Season - 29
1371675,Thai League 1 Tailandia,2024/2025,2025-05-15,Malavan,Foolad FC,1,1,1-1,Regular Season - 30
1371669,Thai League 1 Tailandia,2024/2025,2025-05-15,Nassaji Mazandaran,ZOB Ahan,0,3,0-3,Regular Season - 30
1371668,Thai League 1 Tailandia,2024/2025,2025-05-15,Persepolis FC,Havadar,2,0,2-0,Regular Season - 30
1371674,Thai League 1 Tailandia,2024/2025,2025-05-15,Sepahan FC,Esteghlal FC,3,1,3-1,Regular Season - 30
1371672,Thai League 1 Tailandia,2024/2025,2025-05-15,Shams Azar Qazvin,Aluminium Arak,1,3,1-3,Regular Season - 30
1371671,Thai League 1 Tailandia,2024/2025,2025-05-15,Mes Rafsanjan,Kheybar Khorramabad,0,0,0-0,Regular Season - 30
1371670,Thai League 1 Tailandia,2024/2025,2025-05-15,Chadormalu SC,Gol Gohar,0,1,0-1,Regular Season - 30
1371673,Thai League 1 Tailandia,2024/2025,2025-05-15,Esteghlal Khuzestan,Tractor Sazi,1,3,1-3,Regular Season - 30
1431113,Thai League 1 Tailandia,2025/2026,2025-08-18,Gol Gohar,Aluminium Arak,1,0,1-0,Regular Season - 1
1431114,Thai League 1 Tailandia,2025/2026,2025-08-18,ZOB Ahan,Paykan,0,1,0-1,Regular Season - 1
1431115,Thai League 1 Tailandia,2025/2026,2025-08-18,Kheybar Khorramabad,Mes Rafsanjan,3,2,3-2,Regular Season - 1
1431116,Thai League 1 Tailandia,2025/2026,2025-08-18,Persepolis FC,Fajr Sepasi,1,1,1-1,Regular Season - 1
1431117,Thai League 1 Tailandia,2025/2026,2025-08-19,Tractor Sazi,Esteghlal FC,0,1,0-1,Regular Season - 1
1431119,Thai League 1 Tailandia,2025/2026,2025-08-19,Esteghlal Khuzestan,Shams Azar Qazvin,1,1,1-1,Regular Season - 1
1431118,Thai League 1 Tailandia,2025/2026,2025-08-19,Chadormalu SC,Foolad FC,1,0,1-0,Regular Season - 1
1431120,Thai League 1 Tailandia,2025/2026,2025-08-19,Malavan,Sepahan FC,1,1,1-1,Regular Season - 1
1431121,Thai League 1 Tailandia,2025/2026,2025-08-25,Aluminium Arak,Kheybar Khorramabad,0,1,0-1,Regular Season - 2
1431122,Thai League 1 Tailandia,2025/2026,2025-08-25,Paykan,Esteghlal Khuzestan,1,1,1-1,Regular Season - 2
1431123,Thai League 1 Tailandia,2025/2026,2025-08-25,Sepahan FC,Persepolis FC,0,1,0-1,Regular Season - 2
1431124,Thai League 1 Tailandia,2025/2026,2025-08-26,Mes Rafsanjan,Tractor Sazi,0,0,0-0,Regular Season - 2
1431126,Thai League 1 Tailandia,2025/2026,2025-08-26,Fajr Sepasi,Gol Gohar,1,0,1-0,Regular Season - 2
1431125,Thai League 1 Tailandia,2025/2026,2025-08-26,Esteghlal FC,ZOB Ahan,3,3,3-3,Regular Season - 2
1431127,Thai League 1 Tailandia,2025/2026,2025-08-26,Shams Azar Qazvin,Chadormalu SC,4,4,4-4,Regular Season - 2
1431128,Thai League 1 Tailandia,2025/2026,2025-08-26,Foolad FC,Malavan,0,1,0-1,Regular Season - 2
1449737,Thai League 1 Tailandia,2025/2026,2025-09-12,Tractor Sazi,Aluminium Arak,4,1,4-1,Regular Season - 3
1449739,Thai League 1 Tailandia,2025/2026,2025-09-12,Kheybar Khorramabad,Fajr Sepasi,1,1,1-1,Regular Season - 3
1449738,Thai League 1 Tailandia,2025/2026,2025-09-12,Gol Gohar,Sepahan FC,1,1,1-1,Regular Season - 3
1449740,Thai League 1 Tailandia,2025/2026,2025-09-12,Esteghlal Khuzestan,Esteghlal FC,1,0,1-0,Regular Season - 3
1449741,Thai League 1 Tailandia,2025/2026,2025-09-13,ZOB Ahan,Mes Rafsanjan,2,0,2-0,Regular Season - 3
1449743,Thai League 1 Tailandia,2025/2026,2025-09-13,Shams Azar Qazvin,Paykan,1,1,1-1,Regular Season - 3
1449742,Thai League 1 Tailandia,2025/2026,2025-09-13,Chadormalu SC,Malavan,0,0,0-0,Regular Season - 3
1449744,Thai League 1 Tailandia,2025/2026,2025-09-13,Persepolis FC,Foolad FC,1,1,1-1,Regular Season - 3
1449745,Thai League 1 Tailandia,2025/2026,2025-09-19,Mes Rafsanjan,Shams Azar Qazvin,0,0,0-0,Regular Season - 4
1449746,Thai League 1 Tailandia,2025/2026,2025-09-19,Aluminium Arak,Esteghlal Khuzestan,2,0,2-0,Regular Season - 4
1449747,Thai League 1 Tailandia,2025/2026,2025-09-19,Chadormalu SC,Persepolis FC,0,0,0-0,Regular Season - 4
1449749,Thai League 1 Tailandia,2025/2026,2025-09-19,Fajr Sepasi,ZOB Ahan,1,0,1-0,Regular Season - 4
1449748,Thai League 1 Tailandia,2025/2026,2025-09-19,Malavan,Gol Gohar,0,2,0-2,Regular Season - 4
1449750,Thai League 1 Tailandia,2025/2026,2025-09-19,Foolad FC,Kheybar Khorramabad,1,0,1-0,Regular Season - 4
1449751,Thai League 1 Tailandia,2025/2026,2025-09-21,Esteghlal FC,Paykan,2,2,2-2,Regular Season - 4
1449752,Thai League 1 Tailandia,2025/2026,2025-09-21,Sepahan FC,Tractor Sazi,1,2,1-2,Regular Season - 4
1449753,Thai League 1 Tailandia,2025/2026,2025-09-25,Tractor Sazi,Fajr Sepasi,0,0,0-0,Regular Season - 5
1449754,Thai League 1 Tailandia,2025/2026,2025-09-25,Persepolis FC,Malavan,0,0,0-0,Regular Season - 5
1449756,Thai League 1 Tailandia,2025/2026,2025-09-26,Gol Gohar,Foolad FC,0,0,0-0,Regular Season - 5
1449755,Thai League 1 Tailandia,2025/2026,2025-09-26,Kheybar Khorramabad,Sepahan FC,0,1,0-1,Regular Season - 5
1449757,Thai League 1 Tailandia,2025/2026,2025-09-26,ZOB Ahan,Aluminium Arak,0,1,0-1,Regular Season - 5
1449758,Thai League 1 Tailandia,2025/2026,2025-09-26,Shams Azar Qazvin,Esteghlal FC,1,1,1-1,Regular Season - 5
1449759,Thai League 1 Tailandia,2025/2026,2025-09-26,Esteghlal Khuzestan,Mes Rafsanjan,2,0,2-0,Regular Season - 5
1449760,Thai League 1 Tailandia,2025/2026,2025-09-27,Paykan,Chadormalu SC,0,0,0-0,Regular Season - 5
1449762,Thai League 1 Tailandia,2025/2026,2025-10-02,Fajr Sepasi,Esteghlal Khuzestan,1,2,1-2,Regular Season - 6
1449761,Thai League 1 Tailandia,2025/2026,2025-10-03,Malavan,Kheybar Khorramabad,1,0,1-0,Regular Season - 6
1449763,Thai League 1 Tailandia,2025/2026,2025-10-03,Mes Rafsanjan,Paykan,2,0,2-0,Regular Season - 6
1449764,Thai League 1 Tailandia,2025/2026,2025-10-03,Aluminium Arak,Shams Azar Qazvin,1,0,1-0,Regular Season - 6
1449765,Thai League 1 Tailandia,2025/2026,2025-10-03,Persepolis FC,Gol Gohar,1,1,1-1,Regular Season - 6
1449766,Thai League 1 Tailandia,2025/2026,2025-10-04,Sepahan FC,ZOB Ahan,0,0,0-0,Regular Season - 6
1449767,Thai League 1 Tailandia,2025/2026,2025-10-04,Foolad FC,Tractor Sazi,0,0,0-0,Regular Season - 6
1449768,Thai League 1 Tailandia,2025/2026,2025-10-05,Chadormalu SC,Esteghlal FC,1,1,1-1,Regular Season - 6
1449770,Thai League 1 Tailandia,2025/2026,2025-10-17,Gol Gohar,Chadormalu SC,2,0,2-0,Regular Season - 7
1449771,Thai League 1 Tailandia,2025/2026,2025-10-17,Esteghlal FC,Mes Rafsanjan,1,0,1-0,Regular Season - 7
1449772,Thai League 1 Tailandia,2025/2026,2025-10-17,Esteghlal Khuzestan,Sepahan FC,0,2,0-2,Regular Season - 7
1449773,Thai League 1 Tailandia,2025/2026,2025-10-18,Paykan,Aluminium Arak,0,1,0-1,Regular Season - 7
1449775,Thai League 1 Tailandia,2025/2026,2025-10-18,ZOB Ahan,Foolad FC,1,1,1-1,Regular Season - 7
1449774,Thai League 1 Tailandia,2025/2026,2025-10-18,Shams Azar Qazvin,Fajr Sepasi,0,1,0-1,Regular Season - 7
1449776,Thai League 1 Tailandia,2025/2026,2025-10-18,Kheybar Khorramabad,Persepolis FC,2,1,2-1,Regular Season - 7
1449780,Thai League 1 Tailandia,2025/2026,2025-10-24,Chadormalu SC,Kheybar Khorramabad,2,1,2-1,Regular Season - 8
1449778,Thai League 1 Tailandia,2025/2026,2025-10-24,Aluminium Arak,Mes Rafsanjan,0,0,0-0,Regular Season - 8
1449777,Thai League 1 Tailandia,2025/2026,2025-10-24,Malavan,Esteghlal Khuzestan,2,1,2-1,Regular Season - 8
1449779,Thai League 1 Tailandia,2025/2026,2025-10-24,Persepolis FC,ZOB Ahan,2,0,2-0,Regular Season - 8
1449781,Thai League 1 Tailandia,2025/2026,2025-10-24,Foolad FC,Shams Azar Qazvin,0,1,0-1,Regular Season - 8
1449782,Thai League 1 Tailandia,2025/2026,2025-10-25,Gol Gohar,Tractor Sazi,0,5,0-5,Regular Season - 8
1449784,Thai League 1 Tailandia,2025/2026,2025-10-26,Fajr Sepasi,Esteghlal FC,0,3,0-3,Regular Season - 8
1449783,Thai League 1 Tailandia,2025/2026,2025-10-26,Sepahan FC,Paykan,2,1,2-1,Regular Season - 8
1449785,Thai League 1 Tailandia,2025/2026,2025-10-30,Tractor Sazi,Persepolis FC,1,1,1-1,Regular Season - 9
1449787,Thai League 1 Tailandia,2025/2026,2025-10-31,ZOB Ahan,Malavan,0,0,0-0,Regular Season - 9
1449786,Thai League 1 Tailandia,2025/2026,2025-10-31,Mes Rafsanjan,Chadormalu SC,2,3,2-3,Regular Season - 9
1449788,Thai League 1 Tailandia,2025/2026,2025-10-31,Esteghlal FC,Aluminium Arak,3,1,3-1,Regular Season - 9
1449789,Thai League 1 Tailandia,2025/2026,2025-10-31,Kheybar Khorramabad,Gol Gohar,0,0,0-0,Regular Season - 9
1449791,Thai League 1 Tailandia,2025/2026,2025-10-31,Esteghlal Khuzestan,Foolad FC,1,1,1-1,Regular Season - 9
1449790,Thai League 1 Tailandia,2025/2026,2025-10-31,Shams Azar Qazvin,Sepahan FC,0,1,0-1,Regular Season - 9
1449792,Thai League 1 Tailandia,2025/2026,2025-11-01,Paykan,Fajr Sepasi,2,2,2-2,Regular Season - 9
1483240,Thai League 1 Tailandia,2025/2026,2025-11-06,Malavan,Shams Azar Qazvin,0,0,0-0,Regular Season - 10
1483241,Thai League 1 Tailandia,2025/2026,2025-11-06,Gol Gohar,ZOB Ahan,1,2,1-2,Regular Season - 10
1483242,Thai League 1 Tailandia,2025/2026,2025-11-07,Chadormalu SC,Aluminium Arak,1,0,1-0,Regular Season - 10
1483243,Thai League 1 Tailandia,2025/2026,2025-11-07,Fajr Sepasi,Mes Rafsanjan,1,1,1-1,Regular Season - 10
1483244,Thai League 1 Tailandia,2025/2026,2025-11-07,Persepolis FC,Esteghlal Khuzestan,3,0,3-0,Regular Season - 10
1483245,Thai League 1 Tailandia,2025/2026,2025-11-07,Foolad FC,Paykan,1,0,1-0,Regular Season - 10
1483246,Thai League 1 Tailandia,2025/2026,2025-11-08,Kheybar Khorramabad,Tractor Sazi,2,1,2-1,Regular Season - 10
1483248,Thai League 1 Tailandia,2025/2026,2025-11-28,Paykan,Malavan,1,0,1-0,Regular Season - 11
1483249,Thai League 1 Tailandia,2025/2026,2025-11-28,Shams Azar Qazvin,Persepolis FC,1,2,1-2,Regular Season - 11
1483250,Thai League 1 Tailandia,2025/2026,2025-11-28,ZOB Ahan,Kheybar Khorramabad,1,1,1-1,Regular Season - 11
1483251,Thai League 1 Tailandia,2025/2026,2025-11-28,Esteghlal Khuzestan,Gol Gohar,0,1,0-1,Regular Season - 11
1483252,Thai League 1 Tailandia,2025/2026,2025-11-29,Aluminium Arak,Fajr Sepasi,1,1,1-1,Regular Season - 11
1483253,Thai League 1 Tailandia,2025/2026,2025-11-29,Tractor Sazi,Chadormalu SC,3,1,3-1,Regular Season - 11
1483254,Thai League 1 Tailandia,2025/2026,2025-11-30,Esteghlal FC,Foolad FC,1,0,1-0,Regular Season - 11
1483255,Thai League 1 Tailandia,2025/2026,2025-11-30,Mes Rafsanjan,Sepahan FC,0,3,0-3,Regular Season - 11
1483256,Thai League 1 Tailandia,2025/2026,2025-12-04,Kheybar Khorramabad,Shams Azar Qazvin,0,0,0-0,Regular Season - 12
1483257,Thai League 1 Tailandia,2025/2026,2025-12-04,Chadormalu SC,ZOB Ahan,0,0,0-0,Regular Season - 12
1483258,Thai League 1 Tailandia,2025/2026,2025-12-04,Gol Gohar,Paykan,0,1,0-1,Regular Season - 12
1483259,Thai League 1 Tailandia,2025/2026,2025-12-04,Tractor Sazi,Esteghlal Khuzestan,0,0,0-0,Regular Season - 12
1483260,Thai League 1 Tailandia,2025/2026,2025-12-05,Persepolis FC,Esteghlal FC,0,0,0-0,Regular Season - 12
1483262,Thai League 1 Tailandia,2025/2026,2025-12-05,Malavan,Mes Rafsanjan,2,1,2-1,Regular Season - 12
1483261,Thai League 1 Tailandia,2025/2026,2025-12-05,Foolad FC,Aluminium Arak,0,0,0-0,Regular Season - 12
1483263,Thai League 1 Tailandia,2025/2026,2025-12-05,Sepahan FC,Fajr Sepasi,2,0,2-0,Regular Season - 12
1483265,Thai League 1 Tailandia,2025/2026,2025-12-09,ZOB Ahan,Tractor Sazi,0,0,0-0,Regular Season - 13
1483264,Thai League 1 Tailandia,2025/2026,2025-12-09,Shams Azar Qazvin,Gol Gohar,1,1,1-1,Regular Season - 13
1483266,Thai League 1 Tailandia,2025/2026,2025-12-09,Paykan,Persepolis FC,0,1,0-1,Regular Season - 13
1483267,Thai League 1 Tailandia,2025/2026,2025-12-09,Esteghlal Khuzestan,Kheybar Khorramabad,0,1,0-1,Regular Season - 13
1483268,Thai League 1 Tailandia,2025/2026,2025-12-10,Aluminium Arak,Sepahan FC,0,1,0-1,Regular Season - 13
1483269,Thai League 1 Tailandia,2025/2026,2025-12-10,Fajr Sepasi,Chadormalu SC,1,2,1-2,Regular Season - 13
1483271,Thai League 1 Tailandia,2025/2026,2025-12-10,Mes Rafsanjan,Foolad FC,0,0,0-0,Regular Season - 13
1488665,Thai League 1 Tailandia,2025/2026,2025-12-14,Tractor Sazi,Paykan,2,1,2-1,Regular Season - 14
1488666,Thai League 1 Tailandia,2025/2026,2025-12-14,Persepolis FC,Aluminium Arak,1,0,1-0,Regular Season - 14
1488667,Thai League 1 Tailandia,2025/2026,2025-12-15,Malavan,Fajr Sepasi,0,4,0-4,Regular Season - 14
1488669,Thai League 1 Tailandia,2025/2026,2025-12-15,Gol Gohar,Mes Rafsanjan,2,0,2-0,Regular Season - 14
1488670,Thai League 1 Tailandia,2025/2026,2025-12-15,Kheybar Khorramabad,Esteghlal FC,1,1,1-1,Regular Season - 14
1488668,Thai League 1 Tailandia,2025/2026,2025-12-15,Chadormalu SC,Esteghlal Khuzestan,3,1,3-1,Regular Season - 14
1488671,Thai League 1 Tailandia,2025/2026,2025-12-15,Foolad FC,Sepahan FC,0,1,0-1,Regular Season - 14
1488672,Thai League 1 Tailandia,2025/2026,2025-12-17,ZOB Ahan,Shams Azar Qazvin,0,0,0-0,Regular Season - 14
1488674,Thai League 1 Tailandia,2025/2026,2025-12-25,Esteghlal Khuzestan,ZOB Ahan,2,0,2-0,Regular Season - 15
1488673,Thai League 1 Tailandia,2025/2026,2025-12-26,Aluminium Arak,Malavan,0,1,0-1,Regular Season - 15
1488678,Thai League 1 Tailandia,2025/2026,2025-12-26,Shams Azar Qazvin,Tractor Sazi,0,0,0-0,Regular Season - 15
1488675,Thai League 1 Tailandia,2025/2026,2025-12-26,Mes Rafsanjan,Persepolis FC,0,1,0-1,Regular Season - 15
1488676,Thai League 1 Tailandia,2025/2026,2025-12-26,Fajr Sepasi,Foolad FC,1,2,1-2,Regular Season - 15
1488677,Thai League 1 Tailandia,2025/2026,2025-12-27,Paykan,Kheybar Khorramabad,0,0,0-0,Regular Season - 15
1488679,Thai League 1 Tailandia,2025/2026,2025-12-27,Sepahan FC,Chadormalu SC,1,0,1-0,Regular Season - 15
1488680,Thai League 1 Tailandia,2025/2026,2025-12-28,Esteghlal FC,Gol Gohar,0,1,0-1,Regular Season - 15
1483247,Thai League 1 Tailandia,2025/2026,2026-01-01,Sepahan FC,Esteghlal FC,1,2,1-2,Regular Season - 10
1488681,Thai League 1 Tailandia,2025/2026,2026-01-16,Paykan,ZOB Ahan,2,0,2-0,Regular Season - 16
1488682,Thai League 1 Tailandia,2025/2026,2026-01-16,Foolad FC,Chadormalu SC,0,0,0-0,Regular Season - 16
1488685,Thai League 1 Tailandia,2025/2026,2026-01-17,Sepahan FC,Malavan,0,0,0-0,Regular Season - 16
1488686,Thai League 1 Tailandia,2025/2026,2026-01-17,Mes Rafsanjan,Kheybar Khorramabad,2,1,2-1,Regular Season - 16
1488683,Thai League 1 Tailandia,2025/2026,2026-01-18,Aluminium Arak,Gol Gohar,1,2,1-2,Regular Season - 16
1488688,Thai League 1 Tailandia,2025/2026,2026-01-18,Fajr Sepasi,Persepolis FC,2,1,2-1,Regular Season - 16
1488684,Thai League 1 Tailandia,2025/2026,2026-01-18,Shams Azar Qazvin,Esteghlal Khuzestan,0,0,0-0,Regular Season - 16
1488687,Thai League 1 Tailandia,2025/2026,2026-01-18,Esteghlal FC,Tractor Sazi,0,0,0-0,Regular Season - 16
1488691,Thai League 1 Tailandia,2025/2026,2026-01-22,Tractor Sazi,Mes Rafsanjan,4,1,4-1,Regular Season - 17
1488689,Thai League 1 Tailandia,2025/2026,2026-01-22,Kheybar Khorramabad,Aluminium Arak,2,2,2-2,Regular Season - 17
1488690,Thai League 1 Tailandia,2025/2026,2026-01-22,Malavan,Foolad FC,2,2,2-2,Regular Season - 17
1488696,Thai League 1 Tailandia,2025/2026,2026-01-23,Persepolis FC,Sepahan FC,2,1,2-1,Regular Season - 17
1488693,Thai League 1 Tailandia,2025/2026,2026-01-23,Esteghlal Khuzestan,Paykan,0,0,0-0,Regular Season - 17
1488695,Thai League 1 Tailandia,2025/2026,2026-01-23,Gol Gohar,Fajr Sepasi,2,0,2-0,Regular Season - 17
1488694,Thai League 1 Tailandia,2025/2026,2026-01-23,Chadormalu SC,Shams Azar Qazvin,0,0,0-0,Regular Season - 17
1488692,Thai League 1 Tailandia,2025/2026,2026-01-23,ZOB Ahan,Esteghlal FC,0,0,0-0,Regular Season - 17
1510191,Thai League 1 Tailandia,2025/2026,2026-01-27,Aluminium Arak,Tractor Sazi,0,1,0-1,Regular Season - 18
1510192,Thai League 1 Tailandia,2025/2026,2026-01-27,Esteghlal FC,Esteghlal Khuzestan,1,0,1-0,Regular Season - 18
1510193,Thai League 1 Tailandia,2025/2026,2026-01-28,Mes Rafsanjan,ZOB Ahan,0,0,0-0,Regular Season - 18
1510194,Thai League 1 Tailandia,2025/2026,2026-01-28,Paykan,Shams Azar Qazvin,0,1,0-1,Regular Season - 18
1510195,Thai League 1 Tailandia,2025/2026,2026-01-28,Fajr Sepasi,Kheybar Khorramabad,2,1,2-1,Regular Season - 18
1510197,Thai League 1 Tailandia,2025/2026,2026-01-28,Foolad FC,Persepolis FC,3,1,3-1,Regular Season - 18
1510196,Thai League 1 Tailandia,2025/2026,2026-01-28,Sepahan FC,Gol Gohar,1,1,1-1,Regular Season - 18
1510198,Thai League 1 Tailandia,2025/2026,2026-01-29,Malavan,Chadormalu SC,1,0,1-0,Regular Season - 18
1510201,Thai League 1 Tailandia,2025/2026,2026-02-01,Tractor Sazi,Sepahan FC,1,0,1-0,Regular Season - 19
1510199,Thai League 1 Tailandia,2025/2026,2026-02-01,Esteghlal Khuzestan,Aluminium Arak,1,1,1-1,Regular Season - 19
1510200,Thai League 1 Tailandia,2025/2026,2026-02-01,Shams Azar Qazvin,Mes Rafsanjan,2,0,2-0,Regular Season - 19
1510202,Thai League 1 Tailandia,2025/2026,2026-02-01,Paykan,Esteghlal FC,1,0,1-0,Regular Season - 19
1510203,Thai League 1 Tailandia,2025/2026,2026-02-02,ZOB Ahan,Fajr Sepasi,2,1,2-1,Regular Season - 19
1510204,Thai League 1 Tailandia,2025/2026,2026-02-02,Kheybar Khorramabad,Foolad FC,2,2,2-2,Regular Season - 19
1510205,Thai League 1 Tailandia,2025/2026,2026-02-03,Gol Gohar,Malavan,1,0,1-0,Regular Season - 19
1510206,Thai League 1 Tailandia,2025/2026,2026-02-03,Persepolis FC,Chadormalu SC,1,0,1-0,Regular Season - 19
1510207,Thai League 1 Tailandia,2025/2026,2026-02-05,Esteghlal FC,Shams Azar Qazvin,3,2,3-2,Regular Season - 20
1510208,Thai League 1 Tailandia,2025/2026,2026-02-06,Fajr Sepasi,Tractor Sazi,2,1,2-1,Regular Season - 20
1510209,Thai League 1 Tailandia,2025/2026,2026-02-06,Sepahan FC,Kheybar Khorramabad,1,0,1-0,Regular Season - 20
1510210,Thai League 1 Tailandia,2025/2026,2026-02-07,Aluminium Arak,ZOB Ahan,1,0,1-0,Regular Season - 20
1510211,Thai League 1 Tailandia,2025/2026,2026-02-07,Mes Rafsanjan,Esteghlal Khuzestan,0,1,0-1,Regular Season - 20
1510212,Thai League 1 Tailandia,2025/2026,2026-02-08,Chadormalu SC,Paykan,2,0,2-0,Regular Season - 20
1510214,Thai League 1 Tailandia,2025/2026,2026-02-08,Malavan,Persepolis FC,1,0,1-0,Regular Season - 20
1510213,Thai League 1 Tailandia,2025/2026,2026-02-08,Foolad FC,Gol Gohar,3,1,3-1,Regular Season - 20
1518866,Thai League 1 Tailandia,2025/2026,2026-02-13,Shams Azar Qazvin,Aluminium Arak,0,0,0-0,Regular Season - 21
1518867,Thai League 1 Tailandia,2025/2026,2026-02-13,Esteghlal Khuzestan,Fajr Sepasi,1,0,1-0,Regular Season - 21
1518869,Thai League 1 Tailandia,2025/2026,2026-02-14,Kheybar Khorramabad,Malavan,1,0,1-0,Regular Season - 21
1518870,Thai League 1 Tailandia,2025/2026,2026-02-14,Paykan,Mes Rafsanjan,0,2,0-2,Regular Season - 21
1518872,Thai League 1 Tailandia,2025/2026,2026-02-14,Gol Gohar,Persepolis FC,3,1,3-1,Regular Season - 21
1518875,Thai League 1 Tailandia,2025/2026,2026-02-20,Fajr Sepasi,Shams Azar Qazvin,1,0,1-0,Regular Season - 22
1518874,Thai League 1 Tailandia,2025/2026,2026-02-20,Chadormalu SC,Gol Gohar,5,1,5-1,Regular Season - 22
1518877,Thai League 1 Tailandia,2025/2026,2026-02-20,Aluminium Arak,Paykan,1,1,1-1,Regular Season - 22
1518876,Thai League 1 Tailandia,2025/2026,2026-02-20,Persepolis FC,Kheybar Khorramabad,1,2,1-2,Regular Season - 22
1518878,Thai League 1 Tailandia,2025/2026,2026-02-21,Foolad FC,ZOB Ahan,2,1,2-1,Regular Season - 22
1518880,Thai League 1 Tailandia,2025/2026,2026-02-22,Malavan,Tractor Sazi,1,1,1-1,Regular Season - 22
1518879,Thai League 1 Tailandia,2025/2026,2026-02-22,Mes Rafsanjan,Esteghlal FC,0,1,0-1,Regular Season - 22
1518881,Thai League 1 Tailandia,2025/2026,2026-02-23,Sepahan FC,Esteghlal Khuzestan,3,1,3-1,Regular Season - 22
1518882,Thai League 1 Tailandia,2025/2026,2026-02-26,Tractor Sazi,Gol Gohar,1,0,1-0,Regular Season - 23
1518884,Thai League 1 Tailandia,2025/2026,2026-02-27,Kheybar Khorramabad,Chadormalu SC,0,2,0-2,Regular Season - 23
1518885,Thai League 1 Tailandia,2025/2026,2026-02-27,Paykan,Sepahan FC,0,0,0-0,Regular Season - 23
1518886,Thai League 1 Tailandia,2025/2026,2026-02-27,Shams Azar Qazvin,Foolad FC,0,2,0-2,Regular Season - 23
1518883,Thai League 1 Tailandia,2025/2026,2026-02-27,Esteghlal FC,Fajr Sepasi,2,1,2-1,Regular Season - 23
