Equipo,League,Season,Historial,Pos,Pts,PJ,NumEq,G,E,P,G_c,G_f,E_c,E_f,P_c,P_f,Racha_GEP,Racha_BTTS,BTTS_Si,BTTS_No,BTTS_Si_j,BTTS_No_j,HT05_n,HT15_n,AM1P_n,HT05_j,HT15_j,AM1P_j
VIBORG,Superliga Dinamarca,2026/2027,,3,26,13,12,8,2,3,6,2,0,2,1,2,2G|2P|2E|6G|1P,6no|2si|2no|2si|1no,4,9,Cj13 Cj12 Fj19 Fj20,Cj1 Cj2 Fj7 Fj6 Fj10 Fj9 Cj17 Cj18 Cj24,7,6,2,Cj13 Cj12 Cj17 Cj18 Fj19 Fj20 Cj24,Cj13 Cj12 Cj17 Cj18 Fj19 Fj20,Cj13 Cj12
ODENSE,Superliga Dinamarca,2026/2027,,9,10,12,12,2,4,6,2,0,0,4,2,4,2P|2G|4P|4E,6no|6si,6,6,Cj14 Cj13 Fj16 Fj18 Fj21 Fj20,Fj1 Fj2 Cj8 Cj7 Fj11 Fj12,4,4,4,Cj14 Cj13 Fj16 Fj18,Cj14 Cj13 Fj16 Fj18,Cj14 Cj13 Fj16 Fj18
AARHUS,Superliga Dinamarca,2026/2027,,11,7,13,12,0,7,6,0,0,5,2,2,4,4E|2P|2E|4P|1E,10si|2no|1si,11,2,Cj3 Cj2 Fj6 Fj5 Fj13 Fj12 Cj16 Cj18 Fj21 Fj20 Cj24,Cj23 Cj22,11,7,4,Fj6 Fj5 Fj13 Fj12 Cj16 Cj18 Fj21 Fj20 Cj23 Cj22 Cj24,Fj13 Fj12 Cj16 Cj18 Fj21 Fj20 Cj24,Fj13 Fj12 Cj16 Cj18
BRONDBY,Superliga Dinamarca,2026/2027,,4,26,12,12,8,2,2,6,2,0,2,0,2,2E|8G|2P,2si|4no|6si,8,4,Fj3 Fj2 Cj16 Cj15 Cj18 Cj19 Fj20 Fj21,Cj7 Cj6 Fj11 Fj10,8,4,0,Fj11 Fj10 Cj16 Cj15 Cj18 Cj19 Fj20 Fj21,Cj16 Cj15 Fj20 Fj21,
SONDERJYSKE,Superliga Dinamarca,2026/2027,,12,2,12,12,0,2,10,0,0,2,0,4,6,4P|2E|6P,2si|4no|2si|2no|2si,6,6,Cj3 Cj4 Fj16 Fj15 Fj22 Fj21,Fj8 Fj7 Cj10 Cj9 Cj17 Cj18,8,6,4,Cj3 Cj4 Fj16 Fj15 Cj17 Cj18 Fj22 Fj21,Cj3 Cj4 Fj16 Fj15 Fj22 Fj21,Cj3 Cj4 Fj22 Fj21
FC MIDTJYLLAND,Superliga Dinamarca,2026/2027,,2,28,12,12,8,4,0,4,4,0,4,0,0,4G|2E|2G|2E|2G,6si|2no|2si|2no,8,4,Fj3 Fj4 Cj7 Cj6 Fj14 Fj15 Fj21 Fj20,Cj17 Cj18 Fj23 Fj22,10,4,2,Fj3 Fj4 Cj7 Cj6 Cj17 Cj18 Fj21 Fj20 Fj23 Fj22,Fj3 Fj4 Cj7 Cj6,Fj3 Fj4
RANDERS FC,Superliga Dinamarca,2026/2027,,6,14,12,12,4,2,6,4,0,2,0,2,4,2E|2P|2G|4P|2G,2si|8no|2si,4,8,Cj4 Cj5 Cj21 Cj20,Fj7 Fj6 Cj11 Cj10 Cj14 Cj13 Fj17 Fj18,10,6,2,Cj4 Cj5 Cj11 Cj10 Cj14 Cj13 Fj17 Fj18 Cj21 Cj20,Cj4 Cj5 Cj14 Cj13 Cj21 Cj20,Cj4 Cj5
SILKEBORG,Superliga Dinamarca,2026/2027,,8,11,13,12,2,5,6,2,0,2,3,2,4,2E|2P|2G|4P|3E,4si|4no|5si,9,4,Fj4 Fj5 Cj7 Cj6 Fj18 Fj19 Cj21 Cj20 Fj24,Cj11 Cj12 Fj14 Fj13,9,5,4,Fj4 Fj5 Cj7 Cj6 Fj18 Fj19 Cj21 Cj20 Fj24,Fj4 Fj5 Cj7 Cj6 Fj24,Fj4 Fj5 Cj7 Cj6
AC HORSENS,Superliga Dinamarca,2026/2027,,7,14,12,12,4,2,6,2,2,2,0,4,2,2E|4P|4G|2P,4si|2no|6si,10,2,Cj4 Cj3 Fj7 Fj6 Fj14 Fj13 Cj17 Cj18 Cj19 Cj20,Cj11 Cj10,12,8,4,Cj4 Cj3 Fj7 Fj6 Cj11 Cj10 Fj14 Fj13 Cj17 Cj18 Cj19 Cj20,Cj4 Cj3 Fj7 Fj6 Fj14 Fj13 Cj19 Cj20,Cj4 Cj3 Fj14 Fj13
FC NORDSJAELLAND,Superliga Dinamarca,2026/2027,,5,26,12,12,8,2,2,6,2,0,2,0,2,2E|8G|2P,2si|6no|2si|2no,4,8,Fj4 Fj3 Cj20 Cj21,Cj7 Cj6 Cj14 Cj13 Fj17 Fj18 Fj24 Fj23,8,6,2,Fj4 Fj3 Fj17 Fj18 Cj20 Cj21 Fj24 Fj23,Fj4 Fj3 Cj20 Cj21 Fj24 Fj23,Fj4 Fj3
FC COPENHAGEN,Superliga Dinamarca,2026/2027,,1,30,12,12,10,0,2,6,4,0,0,0,2,6G|2P|4G,4si|4no|2si|2no,6,6,Cj4 Cj3 Fj7 Fj6 Cj22 Cj21,Fj14 Fj13 Fj17 Fj18 Cj24 Cj23,12,12,6,Cj4 Cj3 Fj7 Fj6 Fj14 Fj13 Fj17 Fj18 Cj22 Cj21 Cj24 Cj23,Cj4 Cj3 Fj7 Fj6 Fj14 Fj13 Fj17 Fj18 Cj22 Cj21 Cj24 Cj23,Cj4 Cj3 Fj7 Fj6 Cj22 Cj21
LYNGBY,Superliga Dinamarca,2026/2027,,10,9,13,12,1,6,6,0,1,6,0,0,6,2P|2E|2P|2E|2P|2E|1G,4si|2no|6si|1no,10,3,Fj4 Fj3 Cj6 Cj5 Cj14 Cj15 Fj17 Fj18 Cj21 Cj20,Fj11 Fj10 Fj24,9,2,2,Fj4 Fj3 Cj6 Cj5 Fj11 Fj10 Fj17 Fj18 Fj24,Fj4 Fj3,Fj4 Fj3
AS ROMA,Serie A Italia,2026/2027,,3,6,2,20,2,0,0,1,1,0,0,0,0,2G,2no,0,2,,Cj1 Fj2,2,1,0,Cj1 Fj2,Fj2,
FIORENTINA,Serie A Italia,2026/2027,,15,0,3,20,0,0,3,0,0,0,0,2,1,3P,2no|1si,1,2,Cj3,Fj1 Cj2,2,1,0,Fj1 Cj2,Cj2,
ATALANTA,Serie A Italia,2026/2027,,4,6,2,20,2,0,0,2,0,0,0,0,0,2G,1si|1no,1,1,Cj1,Cj2,1,0,0,Cj1,,
SASSUOLO,Serie A Italia,2026/2027,,9,3,2,20,1,0,1,1,0,0,0,0,1,1P|1G,2si,2,0,Fj1 Cj2,,2,1,1,Fj1 Cj2,Cj2,Cj2
BOLOGNA,Serie A Italia,2026/2027,,16,0,2,20,0,0,2,0,0,0,0,1,1,2P,2no,0,2,,Cj1 Fj2,0,0,0,,,
LAZIO,Serie A Italia,2026/2027,,5,6,2,20,2,0,0,1,1,0,0,0,0,2G,2no,0,2,,Fj1 Cj2,1,0,0,Cj2,,
FROSINONE,Serie A Italia,2026/2027,,10,3,2,20,1,0,1,0,1,0,0,1,0,1P|1G,2no,0,2,,Cj1 Fj2,2,1,0,Cj1 Fj2,Fj2,
JUVENTUS,Serie A Italia,2026/2027,,6,6,2,20,2,0,0,1,1,0,0,0,0,2G,2no,0,2,,Fj1 Cj2,1,0,0,Fj1,,
GENOA,Serie A Italia,2026/2027,,17,0,3,20,0,0,3,0,0,0,0,2,1,3P,2no|1si,1,2,Cj3,Cj1 Fj2,2,1,1,Fj2 Cj3,Cj3,Cj3
NAPOLI,Serie A Italia,2026/2027,,11,3,3,20,1,0,2,0,1,0,0,1,1,1G|2P,1no|2si,2,1,Cj2 Fj3,Fj1,1,1,1,Cj2,Cj2,Cj2
INTER,Serie A Italia,2026/2027,,1,9,3,20,3,0,0,2,1,0,0,0,0,3G,1si|1no|1si,2,1,Cj1 Cj3,Fj2,2,1,1,Cj1 Fj2,Cj1,Cj1
MONZA,Serie A Italia,2026/2027,,18,0,2,20,0,0,2,0,0,0,0,1,1,2P,2si,2,0,Fj1 Cj2,,2,2,2,Fj1 Cj2,Fj1 Cj2,Fj1 Cj2
PARMA,Serie A Italia,2026/2027,,19,0,2,20,0,0,2,0,0,0,0,1,1,2P,2no,0,2,,Cj1 Fj2,0,0,0,,,
CAGLIARI,Serie A Italia,2026/2027,,12,3,2,20,1,0,1,0,1,0,0,1,0,1G|1P,2no,0,2,,Fj1 Cj2,1,0,0,Cj2,,
TORINO,Serie A Italia,2026/2027,,13,3,3,20,1,0,2,0,1,0,0,1,1,2P|1G,3si,3,0,Cj1 Fj2 Fj3,,1,1,1,Fj2,Fj2,Fj2
AC MILAN,Serie A Italia,2026/2027,,7,6,2,20,2,0,0,1,1,0,0,0,0,2G,1si|1no,1,1,Fj1,Cj2,0,0,0,,,
UDINESE,Serie A Italia,2026/2027,,8,4,2,20,1,1,0,0,1,1,0,0,0,1E|1G,2si,2,0,Cj1 Fj2,,2,1,1,Cj1 Fj2,Fj2,Fj2
COMO,Serie A Italia,2026/2027,,2,7,3,20,2,1,0,0,2,0,1,0,0,1E|2G,3si,3,0,Fj1 Fj2 Fj3,,3,2,2,Fj1 Fj2 Fj3,Fj2 Fj3,Fj2 Fj3
VENEZIA,Serie A Italia,2026/2027,,20,0,2,20,0,0,2,0,0,0,0,1,1,2P,2no,0,2,,Cj1 Fj2,0,0,0,,,
LECCE,Serie A Italia,2026/2027,,14,3,2,20,1,0,1,0,1,0,0,1,0,1G|1P,2no,0,2,,Fj1 Cj2,1,1,0,Cj2,Cj2,
DEN BOSCH,Eerste Divisie Holanda 2da,2026/2027,,15,4,4,20,1,1,2,1,0,1,0,1,1,1E|1P|1G|1P,4si,4,0,Cj1 Fj2 Cj3 Cj4,,3,2,1,Fj2 Cj3 Cj4,Cj3 Cj4,Cj3
VITESSE,Eerste Divisie Holanda 2da,2026/2027,,4,10,5,20,3,1,1,1,2,1,0,1,0,1E|1G|1P|2G,2si|1no|2si,4,1,Cj1 Fj2 Fj4 Cj5,Cj3,3,2,1,Cj1 Fj2 Fj4,Fj2 Fj4,Fj2
FC VOLENDAM,Eerste Divisie Holanda 2da,2026/2027,,13,6,5,20,2,0,3,2,0,0,0,0,3,1P|1G|1P|1G|1P,1si|2no|2si,3,2,Fj1 Cj4 Fj5,Cj2 Fj3,4,2,2,Fj1 Cj2 Cj4 Fj5,Fj1 Cj4,Fj1 Cj4
DORDRECHT,Eerste Divisie Holanda 2da,2026/2027,,16,4,5,20,1,1,3,1,0,0,1,2,1,1G|1E|3P,2si|1no|2si,4,1,Cj1 Fj2 Fj4 Cj6,Cj3,5,3,3,Cj1 Fj2 Cj3 Fj4 Cj6,Cj1 Fj4 Cj6,Cj1 Fj4 Cj6
JONG AJAX,Eerste Divisie Holanda 2da,2026/2027,,9,7,6,20,2,1,3,1,1,0,1,1,2,3P|1G|1E|1G,5si|1no,5,1,Fj1 Cj2 Fj3 Cj4 Fj5,Fj6,5,3,3,Fj1 Cj2 Fj3 Cj4 Fj5,Fj1 Cj2 Cj4,Fj1 Cj2 Cj4
HELMOND SPORT,Eerste Divisie Holanda 2da,2026/2027,,14,5,5,20,1,2,2,1,0,2,0,0,2,1E|1P|1E|1P|1G,5si,5,0,Cj1 Fj2 Cj3 Fj4 Cj6,,5,4,3,Cj1 Fj2 Cj3 Fj4 Cj6,Cj1 Fj2 Fj4 Cj6,Cj1 Fj2 Fj4
JONG AZ,Eerste Divisie Holanda 2da,2026/2027,,6,9,6,20,3,0,3,1,2,0,0,2,1,1P|1G|2P|2G,1no|5si,5,1,Fj2 Fj3 Cj4 Cj5 Fj6,Cj1,4,3,3,Fj2 Cj4 Cj5 Fj6,Fj2 Cj5 Fj6,Fj2 Cj5 Fj6
MVV,Eerste Divisie Holanda 2da,2026/2027,,2,12,4,20,4,0,0,2,2,0,0,0,0,4G,2si|1no|1si,3,1,Cj1 Fj2 Fj4,Cj3,3,2,2,Cj1 Fj2 Fj4,Cj1 Fj2,Cj1 Fj2
FC OSS,Eerste Divisie Holanda 2da,2026/2027,,17,3,5,20,1,0,4,1,0,0,0,1,3,3P|1G|1P,1si|2no|2si,3,2,Cj1 Cj4 Fj5,Fj2 Fj3,4,0,0,Cj1 Fj2 Fj3 Cj4,,
JONG UTRECHT,Eerste Divisie Holanda 2da,2026/2027,,20,0,5,20,0,0,5,0,0,0,0,2,3,5P,5si,5,0,Fj1 Cj2 Cj3 Fj4 Fj5,,5,4,3,Fj1 Cj2 Cj3 Fj4 Fj5,Fj1 Cj2 Cj3 Fj5,Fj1 Cj2 Fj5
RODA,Eerste Divisie Holanda 2da,2026/2027,,10,7,4,20,2,1,1,1,1,1,0,0,1,1P|2G|1E,1no|1si|1no|1si,2,2,Cj2 Cj4,Fj1 Fj3,3,2,2,Cj2 Fj3 Cj4,Cj2 Cj4,Cj2 Cj4
NAC BREDA,Eerste Divisie Holanda 2da,2026/2027,,11,7,5,20,2,1,2,1,1,0,1,1,1,1G|1P|1G|1E|1P,1si|1no|3si,4,1,Fj1 Cj3 Fj4 Fj5,Cj2,5,1,1,Fj1 Cj2 Cj3 Fj4 Fj5,Fj4,Fj4
WAALWIJK,Eerste Divisie Holanda 2da,2026/2027,,12,7,5,20,1,4,0,1,0,2,2,0,0,4E|1G,5si,5,0,Fj1 Cj2 Fj3 Cj4 Cj5,,5,1,1,Fj1 Cj2 Fj3 Cj4 Cj5,Cj4,Cj4
JONG PSV U21,Eerste Divisie Holanda 2da,2026/2027,,8,8,5,20,2,2,1,2,0,1,1,0,1,1G|1P|1G|2E,2si|1no|2si,4,1,Cj1 Fj2 Fj4 Cj5,Cj3,5,3,3,Cj1 Fj2 Cj3 Fj4 Cj5,Cj1 Fj2 Fj4,Cj1 Fj2 Fj4
DE GRAAFSCHAP,Eerste Divisie Holanda 2da,2026/2027,,19,1,5,20,0,1,4,0,0,0,1,2,2,1E|4P,4si|1no,4,1,Fj1 Cj2 Fj3 Cj4,Fj5,5,5,4,Fj1 Cj2 Fj3 Cj4 Fj5,Fj1 Cj2 Fj3 Cj4 Fj5,Fj1 Cj2 Fj3 Cj4
ALMERE CITY FC,Eerste Divisie Holanda 2da,2026/2027,,5,10,5,20,3,1,1,1,2,0,1,1,0,1E|3G|1P,2si|1no|1si|1no,3,2,Fj1 Cj2 Fj4,Fj3 Cj6,2,2,2,Cj2 Fj4,Cj2 Fj4,Cj2 Fj4
FC EINDHOVEN,Eerste Divisie Holanda 2da,2026/2027,,18,3,4,20,1,0,3,0,1,0,0,2,1,1G|3P,1no|3si,3,1,Cj2 Fj3 Cj4,Fj1,3,2,2,Cj2 Fj3 Cj4,Cj2 Fj3,Cj2 Fj3
HERACLES,Eerste Divisie Holanda 2da,2026/2027,,1,15,5,20,5,0,0,2,3,0,0,0,0,5G,4si|1no,4,1,Fj1 Cj2 Fj3 Fj4,Cj5,5,3,0,Fj1 Cj2 Fj3 Fj4 Cj5,Fj1 Fj3 Cj5,
VVV VENLO,Eerste Divisie Holanda 2da,2026/2027,,7,9,5,20,3,0,2,2,1,0,0,1,1,1P|3G|1P,1si|1no|1si|1no|1si,3,2,Cj1 Cj3 Fj6,Fj2 Cj4,5,4,1,Cj1 Fj2 Cj3 Cj4 Fj6,Cj1 Cj3 Cj4 Fj6,Cj3
EMMEN,Eerste Divisie Holanda 2da,2026/2027,,3,12,5,20,4,0,1,3,1,0,0,0,1,3G|1P|1G,1no|2si|1no|1si,3,2,Fj2 Cj3 Cj5,Cj1 Fj4,3,2,1,Fj2 Fj4 Cj5,Fj2 Fj4,Fj2
CAMBUUR,Eredivisie,2026/2027,,18,0,4,18,0,0,4,0,0,0,0,3,1,4P,1no|3si,3,1,Fj2 Cj3 Cj4,Cj1,4,4,1,Cj1 Fj2 Cj3 Cj4,Cj1 Fj2 Cj3 Cj4,Fj2
EXCELSIOR,Eredivisie,2026/2027,,7,6,3,18,2,0,1,1,1,0,0,1,0,1G|1P|1G,1no|2si,2,1,Cj2 Cj4,Fj1,3,1,0,Fj1 Cj2 Cj4,Fj1,
NEC NIJMEGEN,Eredivisie,2026/2027,,8,6,4,18,2,0,2,0,2,0,0,2,0,1P|2G|1P,4si,4,0,Cj1 Fj2 Fj4 Cj5,,3,2,1,Cj1 Fj2 Fj4,Cj1 Fj4,Fj4
TELSTAR,Eredivisie,2026/2027,,14,3,3,18,1,0,2,0,1,0,0,2,0,1G|2P,2si|1no,2,1,Fj1 Cj2,Cj4,3,1,0,Fj1 Cj2 Cj4,Fj1,
GO AHEAD EAGLES,Eredivisie,2026/2027,,4,7,4,18,2,1,1,2,0,0,1,0,1,1G|1E|1G|1P,4si,4,0,Cj1 Fj2 Cj3 Fj4,,4,3,2,Cj1 Fj2 Cj3 Fj4,Cj1 Fj2 Fj4,Cj1 Fj4
WILLEM II,Eredivisie,2026/2027,,15,1,3,18,0,1,2,0,0,1,0,1,1,2P|1E,3si,3,0,Fj1 Cj2 Cj4,,2,1,1,Fj1 Cj2,Fj1,Fj1
PSV EINDHOVEN,Eredivisie,2026/2027,,1,13,5,18,4,1,0,1,3,1,0,0,0,1E|4G,5si,5,0,Cj1 Fj2 Cj3 Fj4 Fj5,,5,3,3,Cj1 Fj2 Cj3 Fj4 Fj5,Cj3 Fj4 Fj5,Cj3 Fj4 Fj5
FORTUNA SITTARD,Eredivisie,2026/2027,,5,7,4,18,2,1,1,1,1,0,1,1,0,1E|1G|1P|1G,2si|1no|1si,3,1,Fj1 Cj2 Fj4,Cj3,3,2,2,Fj1 Cj2 Fj4,Cj2 Fj4,Cj2 Fj4
AZ ALKMAAR,Eredivisie,2026/2027,,2,12,4,18,4,0,0,2,2,0,0,0,0,4G,1no|1si|1no|1si,2,2,Fj2 Cj4,Cj1 Fj3,2,1,1,Fj2 Cj4,Cj4,Cj4
ADO DEN HAAG,Eredivisie,2026/2027,,16,1,4,18,0,1,3,0,0,0,1,1,2,3P|1E,1no|3si,3,1,Cj2 Fj3 Fj4,Fj1,3,1,0,Cj2 Fj3 Fj4,Cj2,
SPARTA ROTTERDAM,Eredivisie,2026/2027,,11,5,5,18,1,2,2,0,1,2,0,1,1,1P|1G|1E|1P|1E,1no|4si,4,1,Fj2 Cj3 Fj4 Cj5,Cj1,5,2,2,Cj1 Fj2 Cj3 Fj4 Cj5,Cj3 Cj5,Cj3 Cj5
FEYENOORD,Eredivisie,2026/2027,,3,11,5,18,3,2,0,0,3,2,0,0,0,1G|1E|1G|1E|1G,1no|4si,4,1,Cj2 Fj3 Cj4 Fj5,Fj1,4,2,0,Fj1 Cj2 Fj3 Cj4,Cj2 Fj3,
GRONINGEN,Eredivisie,2026/2027,,9,6,4,18,2,0,2,1,1,0,0,1,1,2G|2P,4si,4,0,Cj1 Fj2 Fj3 Cj4,,4,3,2,Cj1 Fj2 Fj3 Cj4,Fj2 Fj3 Cj4,Fj3 Cj4
UTRECHT,Eredivisie,2026/2027,,17,1,4,18,0,1,3,0,0,0,1,2,1,2P|1E|1P,4si,4,0,Fj1 Cj2 Fj3 Cj4,,4,2,2,Fj1 Cj2 Fj3 Cj4,Fj3 Cj4,Fj3 Cj4
PEC ZWOLLE,Eredivisie,2026/2027,,13,4,5,18,1,1,3,0,1,0,1,2,1,2P|1G|1P|1E,1no|1si|1no|2si,3,2,Fj2 Cj4 Fj5,Cj1 Fj3,3,3,3,Fj2 Cj4 Fj5,Fj2 Cj4 Fj5,Fj2 Cj4 Fj5
AJAX,Eredivisie,2026/2027,,6,7,4,18,2,1,1,0,2,1,0,1,0,1G|1E|1G|1P,1no|1si|1no|1si,2,2,Cj2 Cj5,Fj1 Fj4,3,2,2,Cj2 Fj4 Cj5,Cj2 Cj5,Cj2 Cj5
HEERENVEEN,Eredivisie,2026/2027,,12,5,4,18,1,2,1,1,0,0,2,1,0,1G|1E|1P|1E,1no|1si|1no|1si,2,2,Fj2 Fj4,Cj1 Cj3,1,1,1,Fj2,Fj2,Fj2
TWENTE,Eredivisie,2026/2027,,10,6,3,18,2,0,1,1,1,0,0,0,1,1P|2G,1no|2si,2,1,Cj2 Fj4,Fj1,2,2,1,Cj2 Fj4,Cj2 Fj4,Cj2
BOULOGNE,Ligue 2,2026/2027,,15,4,5,18,0,4,1,0,0,3,1,0,1,1E|1P|3E,2no|1si|1no|1si,2,3,Cj3 Cj5,Cj1 Fj2 Fj4,2,0,0,Cj3 Cj5,,
NANCY,Ligue 2,2026/2027,,7,7,4,18,2,1,1,1,1,0,1,1,0,1E|1P|2G,4no,0,4,,Fj1 Cj2 Fj3 Cj4,1,0,0,Cj4,,
CLERMONT FOOT,Ligue 2,2026/2027,,16,4,5,18,0,4,1,0,0,3,1,0,1,1E|1P|3E,1no|2si|1no|1si,3,2,Fj2 Cj3 Fj5,Cj1 Cj4,2,0,0,Fj2 Fj5,,
REIMS,Ligue 2,2026/2027,,3,9,5,18,2,3,0,1,1,2,1,0,0,2E|2G|1E,1no|4si,4,1,Cj2 Cj3 Fj4 Cj5,Fj1,4,2,2,Cj2 Cj3 Fj4 Cj5,Cj2 Fj4,Cj2 Fj4
DUNKERQUE,Ligue 2,2026/2027,,10,5,5,18,1,2,2,1,0,1,1,1,1,1G|1E|2P|1E,2si|2no|1si,3,2,Cj1 Fj2 Cj5,Cj3 Fj4,4,2,2,Cj1 Fj2 Fj4 Cj5,Cj1 Fj2,Cj1 Fj2
GRENOBLE,Ligue 2,2026/2027,,13,4,5,18,1,1,3,0,1,1,0,1,2,1P|1E|1P|1G|1P,1si|3no|1si,2,3,Fj1 Cj5,Cj2 Fj3 Fj4,3,3,1,Fj1 Fj3 Fj4,Fj1 Fj3 Fj4,Fj1
METZ,Ligue 2,2026/2027,,4,9,5,18,2,3,0,2,0,1,2,0,0,1G|3E|1G,1si|1no|3si,4,1,Cj1 Cj3 Fj4 Cj5,Fj2,2,2,2,Fj4 Cj5,Fj4 Cj5,Fj4 Cj5
GUINGAMP,Ligue 2,2026/2027,,11,5,5,18,1,2,2,1,0,1,1,0,2,1P|1G|1P|2E,1si|2no|2si,3,2,Fj1 Cj4 Fj5,Cj2 Fj3,3,1,1,Fj3 Cj4 Fj5,Cj4,Cj4
MONTPELLIER,Ligue 2,2026/2027,,5,8,5,18,2,2,1,0,2,2,0,0,1,1E|2G|1E|1P,1si|3no|1si,2,3,Cj1 Fj5,Fj2 Fj3 Cj4,1,1,1,Fj5,Fj5,Fj5
DIJON,Ligue 2,2026/2027,,17,3,5,18,0,3,2,0,0,0,3,2,0,1E|1P|1E|1P|1E,1si|1no|3si,4,1,Fj1 Fj3 Cj4 Fj5,Cj2,2,1,1,Cj4 Fj5,Cj4,Cj4
NANTES,Ligue 2,2026/2027,,18,1,4,18,0,1,3,0,0,0,1,2,1,3P|1E,1no|3si,3,1,Fj2 Cj3 Fj4,Cj1,3,3,3,Fj2 Cj3 Fj4,Fj2 Cj3 Fj4,Fj2 Cj3 Fj4
RED STAR FC 93,Ligue 2,2026/2027,,6,8,5,18,2,2,1,0,2,1,1,1,0,1G|2E|1P|1G,2no|3si,3,2,Fj3 Cj4 Fj5,Fj1 Cj2,3,2,1,Fj3 Cj4 Fj5,Cj4 Fj5,Cj4
PAU,Ligue 2,2026/2027,,12,5,5,18,1,2,2,0,1,1,1,2,0,1P|1G|1P|2E,3no|2si,2,3,Fj4 Cj5,Cj1 Fj2 Cj3,3,1,1,Cj1 Fj4 Cj5,Fj4,Fj4
ANNECY,Ligue 2,2026/2027,,2,10,5,18,3,1,1,1,2,1,0,0,1,2G|1P|1E|1G,2no|3si,3,2,Fj3 Cj4 Fj5,Fj1 Cj2,4,1,1,Fj1 Cj2 Fj3 Cj4,Cj4,Cj4
RODEZ,Ligue 2,2026/2027,,8,7,5,18,2,1,2,1,1,1,0,0,2,1G|1P|1G|1E|1P,1si|1no|3si,4,1,Cj1 Fj3 Cj4 Fj5,Fj2,4,3,3,Fj2 Fj3 Cj4 Fj5,Fj3 Cj4 Fj5,Fj3 Cj4 Fj5
LAVAL,Ligue 2,2026/2027,,14,4,5,18,1,1,3,1,0,0,1,2,1,1P|1G|1E|2P,3si|1no|1si,4,1,Fj1 Cj2 Fj3 Cj5,Cj4,3,3,1,Cj2 Cj4 Cj5,Cj2 Cj4 Cj5,Cj2
SOCHAUX,Ligue 2,2026/2027,,9,6,5,18,1,3,1,1,0,0,3,1,0,1P|1E|1G|2E,4no|1si,1,4,Fj5,Cj1 Fj2 Cj3 Fj4,3,1,0,Cj1 Cj3 Fj5,Cj1,
SAINT ETIENNE,Ligue 2,2026/2027,,1,15,5,18,5,0,0,3,2,0,0,0,0,5G,1no|1si|1no|2si,3,2,Cj2 Fj4 Cj5,Fj1 Cj3,5,4,2,Fj1 Cj2 Cj3 Fj4 Cj5,Fj1 Cj3 Fj4 Cj5,Fj4 Cj5
ANGERS,Ligue 1,2026/2027,,8,3,2,18,1,0,1,0,1,0,0,1,0,1P|1G,1no|1si,1,1,Fj2,Cj1,2,2,1,Cj1 Fj2,Cj1 Fj2,Fj2
LILLE,Ligue 1,2026/2027,,2,7,3,18,2,1,0,0,2,1,0,0,0,1G|1E|1G,1no|1si|1no,1,2,Cj2,Fj1 Fj3,2,1,0,Fj1 Cj2,Fj1,
LE HAVRE,Ligue 1,2026/2027,,14,1,2,18,0,1,1,0,0,0,1,1,0,1P|1E,1no|1si,1,1,Fj2,Cj1,1,0,0,Cj1,,
MONACO,Ligue 1,2026/2027,,1,9,3,18,3,0,0,1,2,0,0,0,0,3G,2no|1si,1,2,Fj3,Fj1 Cj2,3,0,0,Fj1 Cj2 Fj3,,
LE MANS,Ligue 1,2026/2027,,15,1,2,18,0,1,1,0,0,1,0,0,1,1E|1P,2si,2,0,Cj1 Fj2,,2,2,2,Cj1 Fj2,Cj1 Fj2,Cj1 Fj2
STADE BRESTOIS 29,Ligue 1,2026/2027,,12,2,2,18,0,2,0,0,0,1,1,0,0,2E,2si,2,0,Fj1 Cj2,,2,2,2,Fj1 Cj2,Fj1 Cj2,Fj1 Cj2
LENS,Ligue 1,2026/2027,,9,3,3,18,1,0,2,1,0,0,0,1,1,1G|2P,2si|1no,2,1,Cj1 Fj2,Cj3,2,0,0,Cj1 Fj2,,
AUXERRE,Ligue 1,2026/2027,,18,0,3,18,0,0,3,0,0,0,0,1,2,3P,3si,3,0,Fj1 Cj2 Fj3,,3,2,2,Fj1 Cj2 Fj3,Cj2 Fj3,Cj2 Fj3
MARSEILLE,Ligue 1,2026/2027,,10,3,2,18,1,0,1,1,0,0,0,0,1,1G|1P,2no,0,2,,Cj1 Fj2,1,0,0,Fj2,,
STRASBOURG,Ligue 1,2026/2027,,11,3,2,18,1,0,1,1,0,0,0,0,1,1P|1G,1no|1si,1,1,Cj2,Fj1,1,0,0,Cj2,,
NICE,Ligue 1,2026/2027,,16,1,2,18,0,1,1,0,0,1,0,0,1,1E|1P,2no,0,2,,Cj1 Fj2,1,0,0,Fj2,,
LORIENT,Ligue 1,2026/2027,,4,4,3,18,1,1,1,0,1,0,1,1,0,1E|1P|1G,1no|1si|1no,1,2,Cj2,Fj1 Fj3,1,1,0,Cj2,Cj2,
RENNES,Ligue 1,2026/2027,,5,4,2,18,1,1,0,1,0,1,0,0,0,1E|1G,2si,2,0,Cj1 Cj2,,2,2,1,Cj1 Cj2,Cj1 Cj2,Cj2
PARIS SAINT GERMAIN,Ligue 1,2026/2027,,13,2,3,18,0,2,1,0,0,0,2,1,0,2E|1P,3si,3,0,Fj1 Fj2 Cj3,,3,1,0,Fj1 Fj2 Cj3,Fj1,
TOULOUSE,Ligue 1,2026/2027,,17,1,3,18,0,1,2,0,0,0,1,2,0,1P|1E|1P,1no|1si|1no,1,2,Fj2,Cj1 Cj3,1,1,1,Fj2,Fj2,Fj2
LYON,Ligue 1,2026/2027,,3,7,3,18,2,1,0,1,1,1,0,0,0,1G|1E|1G,1no|2si,2,1,Cj2 Cj3,Fj1,1,1,1,Cj3,Cj3,Cj3
ESTAC TROYES,Ligue 1,2026/2027,,6,4,2,18,1,1,0,0,1,1,0,0,0,1E|1G,1no|1si,1,1,Fj2,Cj1,1,1,0,Fj2,Fj2,
PARIS FC,Ligue 1,2026/2027,,7,4,2,18,1,1,0,1,0,0,1,0,0,1E|1G,2no,0,2,,Fj1 Cj2,1,0,0,Cj2,,
LAUSANNE,Super League Suiza,2026/2027,,10,6,7,12,1,3,3,0,1,2,1,1,2,1E|1G|1E|2P|1E|1P,1si|1no|1si|1no|1si|1no|1si,4,3,Cj1 Cj3 Cj5 Fj7,Fj2 Fj4 Fj6,4,1,1,Cj1 Fj4 Cj5 Fj7,Fj7,Fj7
FC ZURICH,Super League Suiza,2026/2027,,6,7,7,12,2,1,4,1,1,0,1,2,2,1P|1G|2P|1G|1P|1E,2si|1no|4si,6,1,Fj1 Cj2 Cj4 Fj5 Cj6 Fj7,Fj3,5,2,1,Cj2 Fj3 Cj4 Fj5 Cj6,Fj3 Cj6,Cj6
SERVETTE FC,Super League Suiza,2026/2027,,12,4,5,12,1,1,3,1,0,1,0,1,2,2P|1G|1E|1P,1no|3si|1no,3,2,Fj2 Cj3 Cj5,Cj1 Fj6,3,2,2,Fj2 Cj3 Cj5,Cj3 Cj5,Cj3 Cj5
FC LUZERN,Super League Suiza,2026/2027,,5,9,7,12,2,3,2,2,0,0,3,1,1,2P|1E|1G|1E|1G|1E,1si|1no|1si|1no|3si,5,2,Cj1 Fj3 Fj5 Cj6 Fj7,Fj2 Cj4,6,2,2,Cj1 Fj2 Fj3 Cj4 Fj5 Fj7,Cj1 Fj5,Cj1 Fj5
BSC YOUNG BOYS,Super League Suiza,2026/2027,,2,15,7,12,4,3,0,2,2,2,1,0,0,2G|1E|1G|1E|1G|1E,1si|1no|5si,6,1,Cj1 Fj3 Cj4 Cj5 Fj6 Cj7,Fj2,6,5,4,Cj1 Fj2 Cj4 Cj5 Fj6 Cj7,Cj1 Fj2 Cj4 Cj5 Fj6,Cj1 Cj4 Cj5 Fj6
FC BASEL 1893,Super League Suiza,2026/2027,,3,10,6,12,3,1,2,1,2,0,1,2,0,1G|1P|2G|1E|1P,2no|4si,4,2,Cj3 Fj4 Fj5 Cj6,Fj1 Cj2,4,2,1,Cj3 Fj4 Fj5 Cj6,Cj3 Fj5,Fj5
FC SION,Super League Suiza,2026/2027,,4,9,5,12,3,0,2,2,1,0,0,1,1,1P|2G|1P|1G,1si|1no|3si,4,1,Fj1 Cj3 Cj5 Fj6,Cj2,5,2,2,Fj1 Cj2 Cj3 Cj5 Fj6,Fj1 Cj3,Fj1 Cj3
FC LUGANO,Super League Suiza,2026/2027,,1,15,5,12,5,0,0,3,2,0,0,0,0,5G,2si|1no|1si|1no,3,2,Cj1 Fj2 Fj5,Cj3 Cj6,4,2,0,Cj1 Fj2 Cj3 Fj5,Cj1 Cj3,
FC ST. GALLEN,Super League Suiza,2026/2027,,7,7,5,12,2,1,2,1,1,1,0,1,1,2G|1E|2P,4si|1no,4,1,Cj1 Fj2 Cj3 Cj5,Fj6,4,1,1,Fj2 Cj3 Cj5 Fj6,Fj2,Fj2
FC THUN,Super League Suiza,2026/2027,,8,7,5,12,2,1,2,0,2,1,0,1,1,1G|2P|1G|1E,1si|1no|2si|1no,3,2,Fj1 Fj3 Fj5,Cj2 Cj6,4,3,1,Fj1 Cj2 Fj3 Fj5,Fj1 Cj2 Fj3,Fj1
FC VADUZ,Super League Suiza,2026/2027,,9,6,7,12,2,0,5,2,0,0,0,1,4,4P|1G|1P|1G,7si,7,0,Fj1 Cj2 Fj3 Fj4 Cj5 Fj6 Cj7,,6,6,5,Fj1 Cj2 Fj3 Fj4 Cj5 Cj7,Fj1 Cj2 Fj3 Fj4 Cj5 Cj7,Cj2 Fj3 Fj4 Cj5 Cj7
GRASSHOPPERS,Super League Suiza,2026/2027,,11,5,6,12,1,2,3,1,0,1,1,1,2,1E|3P|1G|1E,4si|1no|1si,5,1,Fj1 Cj2 Fj3 Fj5 Cj7,Cj6,5,2,2,Fj1 Cj2 Fj3 Fj5 Cj6,Fj3 Fj5,Fj3 Fj5
DUNDEE UTD,Premiership Escocia,2026/2027,,8,5,6,12,1,2,3,0,1,2,0,1,2,1E|2P|1G|1P|1E,1si|4no|1si,2,4,Cj1 Cj6,Fj2 Cj3 Fj4 Fj5,6,2,0,Cj1 Fj2 Cj3 Fj4 Fj5 Cj6,Fj2 Fj4,
RANGERS,Premiership Escocia,2026/2027,,2,10,5,12,3,1,1,1,2,0,1,1,0,1E|1P|3G,2si|1no|1si|1no,3,2,Fj1 Cj2 Fj5,Fj4 Cj6,4,1,1,Fj1 Cj2 Fj5 Cj6,Fj5,Fj5
FALKIRK,Premiership Escocia,2026/2027,,11,2,5,12,0,2,3,0,0,0,2,2,1,1P|1E|2P|1E,2no|3si,3,2,Fj3 Cj5 Fj6,Cj1 Fj2,4,2,1,Cj1 Fj3 Cj5 Fj6,Fj3 Cj5,Cj5
ST MIRREN,Premiership Escocia,2026/2027,,3,10,4,12,3,1,0,1,2,1,0,0,0,2G|1E|1G,2no|1si|1no,1,3,Cj4,Fj1 Cj2 Fj5,3,1,1,Fj1 Cj4 Fj5,Cj4,Cj4
ABERDEEN,Premiership Escocia,2026/2027,,9,4,5,12,1,1,3,1,0,1,0,1,2,1G|3P|1E,1si|4no,1,4,Cj1,Fj2 Cj4 Fj5 Cj6,3,1,0,Cj1 Fj2 Fj5,Fj5,
HEART OF MIDLOTHIAN,Premiership Escocia,2026/2027,,4,9,4,12,3,0,1,2,1,0,0,0,1,1P|3G,1si|1no|2si,3,1,Fj1 Cj4 Fj5,Cj2,4,3,0,Fj1 Cj2 Cj4 Fj5,Cj2 Cj4 Fj5,
ST JOHNSTONE,Premiership Escocia,2026/2027,,10,4,4,12,1,1,2,1,0,0,1,0,2,1G|2P|1E,1si|1no|2si,3,1,Cj1 Fj4 Fj5,Fj2,2,2,1,Cj1 Fj4,Cj1 Fj4,Cj1
KILMARNOCK,Premiership Escocia,2026/2027,,12,1,5,12,0,1,4,0,0,0,1,3,1,4P|1E,2si|3no,2,3,Fj1 Cj2,Cj4 Cj5 Fj6,4,3,1,Fj1 Cj2 Cj4 Cj5,Fj1 Cj2 Cj4,Fj1
HIBERNIAN,Premiership Escocia,2026/2027,,7,6,4,12,2,0,2,0,2,0,0,2,0,1P|2G|1P,4si,4,0,Cj1 Fj2 Fj4 Cj5,,4,1,0,Cj1 Fj2 Fj4 Cj5,Cj5,
MOTHERWELL,Premiership Escocia,2026/2027,,5,8,5,12,2,2,1,1,1,1,1,0,1,1G|2E|1G|1P,1si|1no|1si|2no,2,3,Fj1 Fj4,Cj2 Cj5 Fj6,4,1,1,Fj1 Fj4 Cj5 Fj6,Fj4,Fj4
CELTIC,Premiership Escocia,2026/2027,,1,12,4,12,4,0,0,3,1,0,0,0,0,4G,1no|2si|1no,2,2,Fj2 Cj3,Cj1 Cj5,3,3,0,Fj2 Cj3 Cj5,Fj2 Cj3 Cj5,
DUNDEE,Premiership Escocia,2026/2027,,6,7,5,12,2,1,2,1,1,1,0,1,1,1P|2G|1P|1E,3no|2si,2,3,Cj4 Cj5,Fj1 Cj2 Fj3,3,0,0,Cj2 Fj3 Cj4,,
ARSENAL,Premier League,2026/2027,,3,6,2,20,2,0,0,1,1,0,0,0,0,2G,2no,0,2,,Cj1 Fj2,1,1,0,Cj1,Cj1,
COVENTRY,Premier League,2026/2027,,19,0,3,20,0,0,3,0,0,0,0,1,2,3P,3no,0,3,,Fj1 Cj2 Fj3,2,1,0,Fj1 Fj3,Fj1,
HULL CITY,Premier League,2026/2027,,2,7,3,20,2,1,0,1,1,1,0,0,0,2G|1E,3no,0,3,,Cj1 Fj2 Cj3,1,1,0,Cj1,Cj1,
MANCHESTER UNITED,Premier League,2026/2027,,12,3,2,20,1,0,1,1,0,0,0,0,1,1P|1G,1no|1si,1,1,Cj2,Fj1,2,2,1,Fj1 Cj2,Fj1 Cj2,Cj2
EVERTON,Premier League,2026/2027,,9,4,2,20,1,1,0,1,0,0,1,0,0,1G|1E,1no|1si,1,1,Fj2,Cj1,2,0,0,Cj1 Fj2,,
CRYSTAL PALACE,Premier League,2026/2027,,13,3,3,20,1,0,2,0,1,0,0,1,1,2P|1G,1no|2si,2,1,Cj2 Fj3,Fj1,3,1,1,Fj1 Cj2 Fj3,Fj3,Fj3
IPSWICH,Premier League,2026/2027,,14,3,3,20,1,0,2,1,0,0,0,1,1,1G|2P,2si|1no,2,1,Cj1 Fj2,Cj3,3,3,2,Cj1 Fj2 Cj3,Cj1 Fj2 Cj3,Cj1 Fj2
SUNDERLAND,Premier League,2026/2027,,10,4,3,20,1,1,1,1,0,0,1,0,1,1P|1G|1E,1si|1no|1si,2,1,Fj1 Fj3,Cj2,1,1,1,Fj1,Fj1,Fj1
NOTTINGHAM FOREST,Premier League,2026/2027,,15,2,3,20,0,2,1,0,0,1,1,1,0,1P|2E,1no|1si|1no,1,2,Fj2,Cj1 Cj3,1,0,0,Fj2,,
LEEDS,Premier League,2026/2027,,5,5,3,20,1,2,0,0,1,1,1,0,0,1G|2E,1no|2si,2,1,Cj2 Fj3,Fj1,2,0,0,Cj2 Fj3,,
BRENTFORD,Premier League,2026/2027,,6,5,3,20,1,2,0,1,0,1,1,0,0,1G|2E,1no|2si,2,1,Fj2 Cj3,Cj1,2,1,0,Cj1 Fj2,Cj1,
TOTTENHAM,Premier League,2026/2027,,17,1,3,20,0,1,2,0,0,0,1,1,1,2P|1E,3no,0,3,,Fj1 Cj2 Fj3,1,1,0,Fj1,Fj1,
BRIGHTON,Premier League,2026/2027,,11,4,3,20,1,1,1,1,0,1,0,0,1,1G|1P|1E,1no|2si,2,1,Fj2 Cj3,Cj1,3,2,1,Cj1 Fj2 Cj3,Cj1 Fj2,Fj2
ASTON VILLA,Premier League,2026/2027,,18,1,3,20,0,1,2,0,0,0,1,1,1,2P|1E,3no,0,3,,Fj1 Cj2 Fj3,1,1,0,Fj1,Fj1,
MANCHESTER CITY,Premier League,2026/2027,,1,9,3,20,3,0,0,2,1,0,0,0,0,3G,2si|1no,2,1,Cj1 Fj2,Cj3,3,0,0,Cj1 Fj2 Cj3,,
BOURNEMOUTH,Premier League,2026/2027,,16,2,3,20,0,2,1,0,0,1,1,0,1,1P|2E,3si,3,0,Fj1 Cj2 Fj3,,3,1,1,Fj1 Cj2 Fj3,Fj3,Fj3
NEWCASTLE,Premier League,2026/2027,,7,5,3,20,1,2,0,0,1,2,0,0,0,1E|1G|1E,1si|1no|1si,2,1,Cj1 Cj3,Fj2,2,1,1,Cj1 Cj3,Cj3,Cj3
LIVERPOOL,Premier League,2026/2027,,8,5,3,20,1,2,0,0,1,1,1,0,0,2E|1G,2si|1no,2,1,Fj1 Cj2,Fj3,3,1,0,Fj1 Cj2 Fj3,Fj3,
FULHAM,Premier League,2026/2027,,20,0,3,20,0,0,3,0,0,0,0,2,1,3P,1si|1no|1si,2,1,Cj1 Cj3,Fj2,2,2,2,Cj1 Cj3,Cj1 Cj3,Cj1 Cj3
CHELSEA,Premier League,2026/2027,,4,6,2,20,2,0,0,1,1,0,0,0,0,2G,2si,2,0,Fj1 Cj2,,2,2,2,Fj1 Cj2,Fj1 Cj2,Fj1 Cj2
CLUB BRUGGE KV,Jupiler Pro League,2026/2027,,2,12,5,19,4,0,1,2,2,0,0,0,1,3G|1P|1G,3no|1si|1no,1,4,Fj4,Cj1 Fj2 Cj3 Fj5,5,1,1,Cj1 Fj2 Cj3 Fj4 Fj5,Fj4,Fj4
KORTRIJK,Jupiler Pro League,2026/2027,,17,0,4,19,0,0,4,0,0,0,0,2,2,4P,2no|1si|1no,1,3,Cj4,Fj1 Cj2 Fj5,4,1,1,Fj1 Cj2 Cj4 Fj5,Cj4,Cj4
CHARLEROI,Jupiler Pro League,2026/2027,,3,12,5,19,4,0,1,2,2,0,0,1,0,4G|1P,1si|2no|2si,3,2,Cj1 Fj4 Cj6,Fj2 Cj3,4,3,3,Cj1 Cj3 Fj4 Cj6,Cj1 Fj4 Cj6,Cj1 Fj4 Cj6
OH LEUVEN,Jupiler Pro League,2026/2027,,18,0,4,19,0,0,4,0,0,0,0,2,2,4P,1si|1no|1si|1no,2,2,Fj1 Cj4,Cj2 Fj5,3,1,1,Fj1 Cj2 Cj4,Fj1,Fj1
STANDARD LIEGE,Jupiler Pro League,2026/2027,,5,8,4,19,2,2,0,1,1,1,1,0,0,2E|2G,2si|1no|1si,3,1,Cj1 Fj2 Fj4,Cj3,3,2,2,Cj1 Fj2 Fj4,Cj1 Fj2,Cj1 Fj2
CERCLE BRUGGE,Jupiler Pro League,2026/2027,,14,2,4,19,0,2,2,0,0,1,1,1,1,2E|2P,2si|2no,2,2,Fj1 Cj2,Fj3 Cj4,3,2,2,Fj1 Cj2 Fj3,Fj1 Cj2,Fj1 Cj2
ST. TRUIDEN,Jupiler Pro League,2026/2027,,11,5,4,19,1,2,1,0,1,1,1,1,0,2E|1G|1P,3si|1no,3,1,Cj1 Fj2 Fj4,Cj5,4,1,1,Cj1 Fj2 Fj4 Cj5,Fj2,Fj2
LOMMEL UNITED,Jupiler Pro League,2026/2027,,7,7,5,19,2,1,2,1,1,0,1,2,0,1E|1P|2G|1P,1si|4no,1,4,Fj1,Cj2 Cj3 Fj4 Cj5,3,1,0,Fj1 Cj3 Cj5,Cj3,
KVC WESTERLO,Jupiler Pro League,2026/2027,,12,4,5,19,1,1,3,0,1,1,0,1,2,3P|1E|1G,2si|1no|1si|1no,3,2,Cj1 Fj2 Cj4,Fj3 Fj6,5,5,3,Cj1 Fj2 Fj3 Cj4 Fj6,Cj1 Fj2 Fj3 Cj4 Fj6,Cj1 Fj2 Cj4
UNION ST. GILLOISE,Jupiler Pro League,2026/2027,,1,13,5,19,4,1,0,1,3,1,0,0,0,1G|1E|3G,1si|3no|1si,2,3,Fj1 Fj6,Cj2 Cj4 Fj5,4,3,2,Fj1 Cj4 Fj5 Fj6,Fj1 Cj4 Fj6,Fj1 Fj6
GENT,Jupiler Pro League,2026/2027,,4,12,4,19,4,0,0,3,1,0,0,0,0,4G,1no|2si|1no,2,2,Fj2 Cj4,Cj1 Cj5,3,3,2,Cj1 Fj2 Cj4,Cj1 Fj2 Cj4,Fj2 Cj4
KV MECHELEN,Jupiler Pro League,2026/2027,,15,2,5,19,0,2,3,0,0,1,1,1,2,1P|1E|1P|1E|1P,1no|1si|1no|1si|1no,2,3,Cj2 Fj4,Fj1 Fj3 Cj6,5,4,2,Fj1 Cj2 Fj3 Fj4 Cj6,Fj1 Cj2 Fj4 Cj6,Cj2 Fj4
ZULTE WAREGEM,Jupiler Pro League,2026/2027,,6,8,4,19,2,2,0,2,0,0,2,0,0,1G|1E|1G|1E,1si|2no|1si,2,2,Cj1 Fj4,Fj2 Cj3,3,2,1,Cj1 Cj3 Fj4,Cj3 Fj4,Fj4
GENK,Jupiler Pro League,2026/2027,,8,7,4,19,2,1,1,2,0,0,1,0,1,1P|1G|1E|1G,3si|1no,3,1,Fj1 Cj2 Fj3,Cj4,4,3,2,Fj1 Cj2 Fj3 Cj4,Cj2 Fj3 Cj4,Cj2 Fj3
ANDERLECHT,Jupiler Pro League,2026/2027,,10,6,4,19,2,0,2,2,0,0,0,0,2,1G|2P|1G,1si|3no,1,3,Cj1,Fj2 Fj4 Cj5,3,1,0,Fj2 Fj4 Cj5,Fj4,
RAAL LA LOUVIERE,Jupiler Pro League,2026/2027,,19,0,3,19,0,0,3,0,0,0,0,1,2,3P,2si|1no,2,1,Fj1 Cj2,Fj3,1,1,1,Cj2,Cj2,Cj2
ANTWERP,Jupiler Pro League,2026/2027,,9,7,4,19,2,1,1,1,1,1,0,1,0,2G|1E|1P,1si|1no|2si,3,1,Cj1 Cj3 Cj4,Fj2,4,1,1,Cj1 Fj2 Cj3 Cj4,Cj3,Cj3
SK BEVEREN,Jupiler Pro League,2026/2027,,13,3,4,19,1,0,3,1,0,0,0,0,3,1P|1G|2P,1si|3no,1,3,Fj1,Cj2 Fj3 Fj4,4,2,0,Fj1 Cj2 Fj3 Fj4,Fj3 Fj4,
RAAL LA LOUVIÈRE,Jupiler Pro League,2026/2027,,16,1,1,19,0,1,0,0,0,1,0,0,0,1E,1si,1,0,Cj4,,1,1,1,Cj4,Cj4,Cj4
LOKEREN-TEMSE,Challenger Pro League Belgica 2da,2026/2027,,3,3,1,13,1,0,0,1,0,0,0,0,0,1G,1si,1,0,Cj1,,1,0,0,Cj1,,
AS EUPEN,Challenger Pro League Belgica 2da,2026/2027,,4,3,2,13,1,0,1,0,1,0,0,0,1,1P|1G,1si|1no,1,1,Fj1,Fj3,1,0,0,Fj1,,
RSC ANDERLECHT II,Challenger Pro League Belgica 2da,2026/2027,,8,1,3,13,0,1,2,0,0,0,1,2,0,2P|1E,2no|1si,1,2,Fj3,Cj1 Cj2,3,1,1,Cj1 Cj2 Fj3,Fj3,Fj3
BEERSCHOT VA,Challenger Pro League Belgica 2da,2026/2027,,1,6,2,13,2,0,0,1,1,0,0,0,0,2G,1no|1si,1,1,Cj3,Fj2,2,1,1,Fj2 Cj3,Cj3,Cj3
LIÈGE,Challenger Pro League Belgica 2da,2026/2027,,10,0,1,13,0,0,1,0,0,0,0,1,0,1P,1si,1,0,Cj2,,1,1,1,Cj2,Cj2,Cj2
DENDER,Challenger Pro League Belgica 2da,2026/2027,,2,6,2,13,2,0,0,1,1,0,0,0,0,2G,1si|1no,1,1,Fj2,Cj3,2,1,1,Fj2 Cj3,Fj2,Fj2
PATRO EISDEN,Challenger Pro League Belgica 2da,2026/2027,,11,0,2,13,0,0,2,0,0,0,0,1,1,2P,2si,2,0,Cj2 Fj3,,2,1,1,Cj2 Fj3,Fj3,Fj3
CLUB BRUGGE II,Challenger Pro League Belgica 2da,2026/2027,,5,3,2,13,1,0,1,0,1,0,0,1,0,1G|1P,1si|1no,1,1,Fj2,Cj3,1,0,0,Fj2,,
DEBRECENI VSC,NB I Hungria,2026/2027,,6,6,6,12,1,3,2,0,1,2,1,1,1,2P|3E|1G,1no|2si|1no|2si,4,2,Fj2 Cj4 Cj6 Fj7,Cj1 Fj5,5,4,3,Cj1 Fj2 Cj4 Cj6 Fj7,Cj1 Fj2 Cj6 Fj7,Fj2 Cj6 Fj7
PUSKAS ACADEMY,NB I Hungria,2026/2027,,1,9,5,12,3,0,2,1,2,0,0,2,0,1G|1P|2G|1P,2no|3si,3,2,Fj3 Cj4 Cj6,Fj1 Cj2,4,3,1,Fj1 Cj2 Fj3 Cj4,Fj1 Fj3 Cj4,Cj4
KISVARDA FC,NB I Hungria,2026/2027,,4,9,6,12,2,3,1,0,2,3,0,1,0,1E|1G|1P|2E|1G,1si|1no|1si|1no|2si,4,2,Cj1 Cj3 Cj6 Fj7,Fj2 Cj5,3,2,2,Fj2 Cj3 Cj6,Cj3 Cj6,Cj3 Cj6
BUDAPEST HONVED,NB I Hungria,2026/2027,,7,6,4,12,1,3,0,1,0,1,2,0,0,3E|1G,3si|1no,3,1,Fj1 Cj2 Fj3,Cj6,2,1,1,Cj2 Cj6,Cj2,Cj2
MTK BUDAPEST,NB I Hungria,2026/2027,,9,5,5,12,1,2,2,1,0,0,2,2,0,1G|1E|1P|1E|1P,1no|4si,4,1,Fj2 Cj3 Fj6 Cj7,Cj1,4,3,2,Cj1 Fj2 Cj3 Fj6,Fj2 Cj3 Fj6,Fj2 Fj6
ZALAEGERSZEGI TE,NB I Hungria,2026/2027,,11,3,5,12,1,0,4,1,0,0,0,1,3,1P|1G|3P,1no|1si|3no,1,4,Cj2,Fj1 Cj4 Fj5 Fj6,5,1,1,Fj1 Cj2 Cj4 Fj5 Fj6,Cj2,Cj2
PAKS,NB I Hungria,2026/2027,,5,8,7,12,2,2,3,2,0,1,1,1,2,1G|1P|1E|1P|1G|1E|1P,4si|1no|2si,6,1,Cj1 Fj2 Cj3 Fj4 Fj6 Cj7,Cj5,5,5,4,Cj1 Fj2 Fj4 Cj5 Cj7,Cj1 Fj2 Fj4 Cj5 Cj7,Cj1 Fj2 Fj4 Cj7
FERENCVAROSI TC,NB I Hungria,2026/2027,,2,9,4,12,3,0,1,0,3,0,0,0,1,1P|3G,1si|1no|1si|1no,2,2,Fj1 Fj6,Fj4 Fj7,3,1,1,Fj1 Fj4 Fj7,Fj1,Fj1
VASAS,NB I Hungria,2026/2027,,10,4,3,12,1,1,1,1,0,1,0,0,1,1E|1P|1G,3si,3,0,Cj1 Fj6 Cj7,,1,1,1,Cj7,Cj7,Cj7
GYORI ETO FC,NB I Hungria,2026/2027,,8,6,5,12,1,3,1,1,0,0,3,1,0,2E|1G|1E|1P,2si|1no|1si|1no,3,2,Fj1 Fj4 Fj6,Cj5 Cj7,4,1,1,Fj4 Cj5 Fj6 Cj7,Fj6,Fj6
UJPEST,NB I Hungria,2026/2027,,3,9,4,12,3,0,1,2,1,0,0,0,1,2G|1P|1G,2si|1no|1si,3,1,Cj2 Fj3 Cj6,Fj5,3,3,2,Cj2 Fj3 Fj5,Cj2 Fj3 Fj5,Cj2 Fj3
NYIREGYHAZA,NB I Hungria,2026/2027,,12,1,2,12,0,1,1,0,0,1,0,0,1,1E|1P,2si,2,0,Cj6 Fj7,,1,1,1,Fj7,Fj7,Fj7
LASK LINZ,Bundesliga Austria,2026/2027,,1,15,5,12,5,0,0,3,2,0,0,0,0,5G,2no|1si|1no|1si,2,3,Cj3 Fj6,Cj1 Fj2 Cj5,4,3,1,Cj1 Cj3 Cj5 Fj6,Cj1 Cj3 Cj5,Cj3
GRAZER AK,Bundesliga Austria,2026/2027,,9,4,5,12,1,1,3,1,0,1,0,0,3,1P|1G|2P|1E,1no|1si|3no,1,4,Cj2,Fj1 Fj3 Fj4 Cj5,4,2,0,Fj1 Cj2 Fj3 Fj4,Fj1 Fj3,
WSG WATTENS,Bundesliga Austria,2026/2027,,5,7,5,12,2,1,2,0,2,1,0,1,1,1E|2P|2G,2si|3no,2,3,Cj1 Fj2,Cj3 Fj5 Fj6,4,3,2,Cj1 Fj2 Cj3 Fj5,Cj1 Fj2 Cj3,Cj1 Fj2
STURM GRAZ,Bundesliga Austria,2026/2027,,4,8,5,12,2,2,1,1,1,1,1,0,1,1E|2G|1E|1P,1si|2no|2si,3,2,Fj1 Cj4 Fj5,Fj2 Cj3,3,2,2,Fj1 Cj4 Fj5,Fj1 Fj5,Fj1 Fj5
RED BULL SALZBURG,Bundesliga Austria,2026/2027,,2,13,5,12,4,1,0,3,1,0,1,0,0,1G|1E|3G,1no|1si|1no|2si,3,2,Fj2 Cj5 Cj6,Cj1 Fj3,3,3,0,Fj3 Cj5 Cj6,Fj3 Cj5 Cj6,
TSV HARTBERG,Bundesliga Austria,2026/2027,,6,6,5,12,2,0,3,1,1,0,0,2,1,3P|2G,3no|2si,2,3,Fj4 Cj5,Fj1 Cj2 Cj3,3,1,1,Cj3 Fj4 Cj5,Cj5,Cj5
AUSTRIA LUSTENAU,Bundesliga Austria,2026/2027,,7,5,5,12,1,2,2,1,0,1,1,1,1,1E|1P|1G|1E|1P,4si|1no,4,1,Cj1 Fj2 Cj3 Fj4,Cj5,5,2,2,Cj1 Fj2 Cj3 Fj4 Cj5,Cj1 Cj3,Cj1 Cj3
RIED,Bundesliga Austria,2026/2027,,10,4,5,12,1,1,3,1,0,0,1,1,2,1E|2P|1G|1P,3si|1no|1si,4,1,Fj1 Cj2 Fj3 Fj5,Cj4,5,3,3,Fj1 Cj2 Fj3 Cj4 Fj5,Fj1 Fj3 Fj5,Fj1 Fj3 Fj5
WOLFSBERGER AC,Bundesliga Austria,2026/2027,,8,5,5,12,1,2,2,1,0,1,1,1,1,1G|1E|1P|1E|1P,1no|2si|1no|1si,3,2,Cj2 Fj3 Cj6,Cj1 Fj5,3,1,1,Cj1 Fj3 Cj6,Fj3,Fj3
AUSTRIA VIENNA,Bundesliga Austria,2026/2027,,11,3,5,12,1,0,4,0,1,0,0,2,2,2P|1G|2P,3no|1si|1no,1,4,Fj5,Fj1 Cj2 Fj3 Cj6,3,1,0,Fj1 Fj3 Fj5,Fj5,
RAPID VIENNA,Bundesliga Austria,2026/2027,,3,12,5,12,4,0,1,3,1,0,0,0,1,4G|1P,1no|1si|1no|2si,3,2,Fj2 Cj5 Fj6,Cj1 Cj3,5,3,1,Cj1 Fj2 Cj3 Cj5 Fj6,Cj3 Cj5 Fj6,Cj5
SCR ALTACH,Bundesliga Austria,2026/2027,,12,3,5,12,1,0,4,1,0,0,0,1,3,1P|1G|3P,1no|1si|1no|1si|1no,2,3,Cj2 Cj4,Fj1 Fj3 Fj5,4,2,1,Fj1 Cj2 Cj4 Fj5,Cj2 Fj5,Cj2
BOLTON,Championship,2026/2027,,20,4,5,24,1,1,3,1,0,0,1,1,2,1G|1E|3P,1si|2no|1si|1no,2,3,Cj1 Fj4,Fj2 Cj3 Fj5,3,2,1,Cj1 Fj4 Fj5,Cj1 Fj4,Fj4
PRESTON,Championship,2026/2027,,22,3,5,24,1,0,4,1,0,0,0,2,2,4P|1G,2si|1no|2si,4,1,Fj1 Cj2 Cj4 Cj5,Fj3,4,2,0,Fj1 Cj2 Cj4 Cj5,Fj1 Cj5,
BRISTOL CITY,Championship,2026/2027,,1,10,5,24,3,1,1,1,2,0,1,1,0,1P|1E|3G,1no|4si,4,1,Fj2 Cj3 Fj4 Fj5,Cj1,4,1,1,Cj1 Fj2 Cj3 Fj4,Fj2,Fj2
MILLWALL,Championship,2026/2027,,7,9,5,24,3,0,2,2,1,0,0,1,1,2G|2P|1G,2no|1si|2no,1,4,Fj3,Fj1 Cj2 Cj4 Cj5,5,1,1,Fj1 Cj2 Fj3 Cj4 Cj5,Fj3,Fj3
MIDDLESBROUGH,Championship,2026/2027,,2,10,5,24,3,1,1,2,1,0,1,0,1,1G|1P|1G|1E|1G,4si|1no,4,1,Cj1 Fj2 Cj3 Fj4,Fj5,4,0,0,Cj1 Fj2 Fj4 Fj5,,
LINCOLN,Championship,2026/2027,,16,5,5,24,1,2,2,0,1,2,0,1,1,2P|1G|2E,2si|2no|1si,3,2,Fj1 Cj2 Cj5,Fj3 Cj4,3,1,1,Fj1 Cj2 Cj5,Cj2,Cj2
PORTSMOUTH,Championship,2026/2027,,11,6,5,24,2,0,3,1,1,0,0,2,1,1P|1G|2P|1G,3si|2no,3,2,Cj1 Fj2 Fj3,Cj4 Cj5,5,2,2,Cj1 Fj2 Fj3 Cj4 Cj5,Cj1 Fj2,Cj1 Fj2
QPR,Championship,2026/2027,,3,10,5,24,3,1,1,1,2,1,0,1,0,1G|1E|2G|1P,1si|1no|2si|1no,3,2,Fj1 Fj3 Cj4,Cj2 Cj5,3,1,1,Fj1 Cj4 Cj5,Fj1,Fj1
SHEFFIELD UTD,Championship,2026/2027,,14,6,5,24,1,3,1,1,0,1,2,1,0,3E|1G|1P,2no|3si,3,2,Fj3 Cj4 Cj5,Cj1 Fj2,3,3,3,Fj3 Cj4 Cj5,Fj3 Cj4 Cj5,Fj3 Cj4 Cj5
BIRMINGHAM,Championship,2026/2027,,15,6,4,24,1,3,0,0,1,2,1,0,0,2E|1G|1E,1no|3si,3,1,Cj2 Fj3 Cj4,Fj1,3,1,1,Cj2 Fj3 Cj4,Cj2,Cj2
WATFORD,Championship,2026/2027,,17,5,5,24,1,2,2,1,0,1,1,0,2,1G|2E|2P,3si|2no,3,2,Cj1 Fj2 Cj3,Fj4 Fj5,5,4,2,Cj1 Fj2 Cj3 Fj4 Fj5,Cj1 Fj2 Cj3 Fj4,Fj2 Cj3
SOUTHAMPTON,Championship,2026/2027,,8,8,5,24,2,2,1,2,0,0,2,0,1,1P|2G|2E,5si,5,0,Fj1 Cj2 Cj3 Fj4 Fj5,,5,3,2,Fj1 Cj2 Cj3 Fj4 Fj5,Fj1 Cj2 Cj3,Cj2 Cj3
CARDIFF,Championship,2026/2027,,23,3,5,24,0,3,2,0,0,2,1,0,2,3E|2P,4si|1no,4,1,Cj1 Fj2 Cj3 Fj4,Fj5,5,2,2,Cj1 Fj2 Cj3 Fj4 Fj5,Fj2 Cj3,Fj2 Cj3
WREXHAM,Championship,2026/2027,,18,5,4,24,1,2,1,0,1,1,1,1,0,2E|1P|1G,3si|1no,3,1,Fj1 Cj2 Cj3,Fj4,4,1,1,Fj1 Cj2 Cj3 Fj4,Cj2,Cj2
STOKE CITY,Championship,2026/2027,,12,6,5,24,2,0,3,2,0,0,0,1,2,3P|2G,3si|2no,3,2,Cj1 Fj2 Fj3,Cj4 Cj5,5,4,3,Cj1 Fj2 Fj3 Cj4 Cj5,Cj1 Fj2 Fj3 Cj5,Cj1 Fj2 Fj3
WEST BROM,Championship,2026/2027,,4,10,5,24,3,1,1,2,1,1,0,0,1,2G|1P|1E|1G,4si|1no,4,1,Fj1 Cj2 Fj3 Cj4,Cj5,2,1,1,Cj2 Cj5,Cj2,Cj2
BURNLEY,Championship,2026/2027,,24,2,5,24,0,2,3,0,0,2,0,1,2,1E|2P|1E|1P,5si,5,0,Cj1 Fj2 Fj3 Cj4 Cj5,,4,2,2,Cj1 Fj2 Fj3 Cj4,Fj2 Fj3,Fj2 Fj3
BLACKBURN,Championship,2026/2027,,19,5,5,24,1,2,2,1,0,0,2,1,1,1E|1G|1P|1E|1P,3si|1no|1si,4,1,Fj1 Cj2 Cj3 Fj5,Fj4,3,2,1,Fj1 Cj2 Fj5,Fj1 Fj5,Fj1
CHARLTON,Championship,2026/2027,,5,10,5,24,3,1,1,2,1,0,1,0,1,3G|1E|1P,2si|1no|1si|1no,3,2,Cj1 Fj2 Fj4,Cj3 Fj5,3,1,0,Cj1 Fj2 Fj5,Fj5,
NORWICH,Championship,2026/2027,,13,6,5,24,2,0,3,1,1,0,0,1,2,2P|1G|1P|1G,1si|1no|1si|1no|1si,3,2,Cj1 Cj3 Fj5,Fj2 Fj4,4,2,2,Fj2 Cj3 Fj4 Fj5,Cj3 Fj5,Cj3 Fj5
WEST HAM,Championship,2026/2027,,9,8,5,24,2,2,1,2,0,0,2,1,0,1E|1P|1E|2G,4si|1no,4,1,Fj1 Cj2 Fj3 Cj4,Cj5,5,2,2,Fj1 Cj2 Fj3 Cj4 Cj5,Fj3 Cj4,Fj3 Cj4
CORVINUL HUNEDOARA,Liga I Rumania,2026/2027,,9,10,7,16,2,4,1,2,0,2,2,0,1,1G|1P|2E|1G|2E,2no|1si|3no|1si,2,5,Cj3 Cj7,Cj1 Fj2 Fj4 Cj5 Fj6,3,1,1,Cj3 Cj5 Cj7,Cj3,Cj3
CSIKSZEREDA,Liga I Rumania,2026/2027,,16,1,8,16,0,1,7,0,0,1,0,2,5,4P|1E|3P,3no|1si|2no|2si,3,5,Fj4 Cj7 Fj8,Fj1 Cj2 Fj3 Cj5 Fj6,4,3,2,Cj2 Fj4 Cj7 Fj8,Cj2 Fj4 Cj7,Fj4 Cj7
RAPID,Liga I Rumania,2026/2027,,3,12,7,16,3,3,1,2,1,1,2,1,0,1G|1E|1G|1E|1P|1G|1E,1no|2si|3no|1si,3,4,Fj2 Cj3 Cj7,Cj1 Fj4 Cj5 Fj6,3,1,0,Fj2 Cj3 Cj7,Cj3,
SEPSI OSK SFANTU GHEORGHE,Liga I Rumania,2026/2027,,10,10,8,16,2,4,2,1,1,2,2,0,2,1P|1G|4E|1G|1P,2no|1si|2no|1si|2no,2,6,Fj3 Cj6,Fj1 Cj2 Cj4 Fj5 Fj7 Fj8,3,2,1,Cj2 Fj3 Fj8,Fj3 Fj8,Fj3
FCSB,Liga I Rumania,2026/2027,,4,11,8,16,3,2,3,2,1,1,1,1,2,2G|2E|1G|3P,2no|1si|1no|1si|1no|2si,4,4,Cj3 Cj5 Cj7 Fj8,Cj1 Fj2 Fj4 Fj6,6,4,1,Cj1 Fj2 Cj3 Cj5 Cj7 Fj8,Cj1 Fj2 Cj3 Cj5,Cj5
ARGES PITESTI,Liga I Rumania,2026/2027,,7,10,7,16,3,1,3,2,1,1,0,1,2,1P|3G|1E|2P,4no|1si|2no,1,6,Cj5,Fj1 Cj2 Cj3 Fj4 Fj6 Cj7,4,2,1,Fj1 Cj2 Fj4 Cj5,Fj1 Cj5,Cj5
FC VOLUNTARI,Liga I Rumania,2026/2027,,15,5,7,16,1,2,4,1,0,2,0,1,3,1E|1P|1G|3P|1E,1si|3no|3si,4,3,Cj1 Cj5 Fj6 Cj7,Fj2 Cj3 Fj4,6,4,3,Cj1 Fj2 Fj4 Cj5 Fj6 Cj7,Cj1 Fj2 Cj5 Cj7,Cj1 Cj5 Cj7
FC BOTOSANI,Liga I Rumania,2026/2027,,11,10,8,16,2,4,2,2,0,2,2,0,2,2E|1P|1E|1P|1G|1E|1G,3si|1no|1si|3no,4,4,Fj1 Cj2 Fj3 Fj5,Cj4 Cj6 Fj7 Cj8,5,3,2,Fj1 Cj2 Fj3 Fj5 Cj8,Fj1 Fj5 Cj8,Fj1 Fj5
OŢELUL,Liga I Rumania,2026/2027,,12,10,7,16,2,4,1,2,0,2,2,0,1,1G|2E|1P|1E|1G|1E,3si|1no|1si|1no|1si,5,2,Cj1 Fj2 Cj3 Cj5 Fj7,Fj4 Cj6,5,2,1,Cj1 Fj2 Cj3 Fj4 Fj7,Fj2 Fj7,Fj7
CFR 1907 CLUJ,Liga I Rumania,2026/2027,,8,10,7,16,3,1,3,2,1,1,0,0,3,1P|1G|2P|2G|1E,1si|1no|1si|2no|1si|1no,3,4,Fj1 Fj3 Fj7,Cj2 Fj5 Cj6 Cj8,5,3,1,Fj1 Cj2 Fj3 Fj5 Fj7,Cj2 Fj3 Fj7,Fj7
PETROLUL PLOIESTI,Liga I Rumania,2026/2027,,2,12,7,16,4,0,3,2,2,0,0,1,2,1G|2P|2G|1P|1G,4no|1si|1no|1si,2,5,Fj5 Fj7,Cj1 Fj2 Fj3 Cj4 Cj6,6,3,2,Cj1 Fj2 Fj3 Cj4 Fj5 Fj7,Fj3 Fj5 Fj7,Fj5 Fj7
DINAMO BUCURESTI,Liga I Rumania,2026/2027,,1,17,8,16,5,2,1,4,1,0,2,0,1,1P|1G|1E|3G|1E|1G,1no|2si|2no|3si,5,3,Cj2 Fj3 Cj6 Fj7 Cj8,Fj1 Cj4 Fj5,7,1,0,Fj1 Cj2 Fj3 Cj4 Cj6 Fj7 Cj8,Cj2,
UNIVERSITATEA CLUJ,Liga I Rumania,2026/2027,,13,9,6,16,3,0,3,3,0,0,0,1,2,1G|1P|2G|2P,1si|1no|4si,5,1,Cj1 Cj3 Cj5 Fj6 Cj7,Fj2,6,1,1,Cj1 Fj2 Cj3 Cj5 Fj6 Cj7,Cj7,Cj7
FARUL CONSTANTA,Liga I Rumania,2026/2027,,6,11,8,16,2,5,1,2,0,1,4,0,1,1P|1G|1E|1G|4E,1si|1no|4si|2no,5,3,Fj1 Fj3 Cj4 Fj5 Fj6,Cj2 Cj7 Fj8,4,3,2,Fj1 Fj3 Cj4 Fj5,Fj3 Cj4 Fj5,Cj4 Fj5
UNIVERSITATEA CRAIOVA,Liga I Rumania,2026/2027,,5,11,7,16,3,2,2,3,0,0,2,1,1,1G|1P|1G|1P|1E|1G|1E,1no|1si|2no|3si,4,3,Fj2 Fj5 Cj6 Fj7,Cj1 Cj3 Cj4,5,2,0,Fj2 Cj3 Cj4 Cj6 Fj7,Fj2 Cj3,
UTA ARAD,Liga I Rumania,2026/2027,,14,9,8,16,2,3,3,1,1,3,0,0,3,1P|1E|1P|1E|1P|1E|2G,1no|1si|2no|1si|1no|2si,4,4,Cj2 Fj5 Fj7 Cj8,Fj1 Fj3 Cj4 Cj6,4,1,0,Cj2 Fj5 Fj7 Cj8,Cj2,
ALMERIA,LaLiga Hypermotion,2026/2027,,16,3,3,23,1,0,2,1,0,0,0,0,2,1G|2P,3no,0,3,,Cj1 Fj2 Fj3,2,1,0,Cj1 Fj2,Cj1,
ELDENSE,LaLiga Hypermotion,2026/2027,,21,1,3,23,0,1,2,0,0,1,0,0,2,1P|1E|1P,1no|1si|1no,1,2,Cj2,Fj1 Fj3,1,1,0,Fj1,Fj1,
FC ANDORRA,LaLiga Hypermotion,2026/2027,,17,3,4,23,1,0,3,1,0,0,0,1,2,1G|3P,2si|2no,2,2,Cj1 Fj2,Cj3 Fj4,2,0,0,Cj1 Fj4,,
AD CEUTA FC,LaLiga Hypermotion,2026/2027,,22,0,4,23,0,0,4,0,0,0,0,2,2,4P,1si|3no,1,3,Fj1,Cj2 Fj3 Cj4,4,0,0,Fj1 Cj2 Fj3 Cj4,,
BURGOS,LaLiga Hypermotion,2026/2027,,12,4,3,23,1,1,1,1,0,1,0,0,1,1G|1P|1E,1si|1no|1si,2,1,Cj1 Cj3,Fj2,3,2,2,Cj1 Fj2 Cj3,Cj1 Cj3,Cj1 Cj3
CORDOBA,LaLiga Hypermotion,2026/2027,,18,3,3,23,1,0,2,1,0,0,0,1,1,1P|1G|1P,3si,3,0,Fj1 Cj2 Cj3,,3,2,1,Fj1 Cj2 Cj3,Fj1 Cj2,Fj1
CADIZ,LaLiga Hypermotion,2026/2027,,20,3,3,23,0,3,0,0,0,2,1,0,0,3E,1no|2si,2,1,Fj2 Cj3,Cj1,1,1,1,Cj3,Cj3,Cj3
CELTA DE VIGO II,LaLiga Hypermotion,2026/2027,,2,7,4,23,2,1,1,1,1,0,1,1,0,1E|1G|1P|1G,1no|2si|1no,2,2,Cj2 Cj3,Fj1 Fj4,2,0,0,Cj3 Fj4,,
EIBAR,LaLiga Hypermotion,2026/2027,,8,6,3,23,2,0,1,1,1,0,0,1,0,1P|2G,1si|2no,1,2,Cj1,Cj2 Fj3,1,1,1,Cj1,Cj1,Cj1
TENERIFE,LaLiga Hypermotion,2026/2027,,3,7,4,23,2,1,1,1,1,0,1,1,0,2G|1P|1E,1si|2no|1si,2,2,Fj1 Fj4,Cj2 Cj3,2,1,1,Fj1 Cj2,Fj1,Fj1
SPORTING GIJON,LaLiga Hypermotion,2026/2027,,4,7,4,23,2,1,1,1,1,1,0,1,0,1E|2G|1P,4no,0,4,,Cj1 Cj2 Fj3 Cj4,2,0,0,Cj2 Cj4,,
SABADELL,LaLiga Hypermotion,2026/2027,,10,5,3,23,1,2,0,1,0,0,2,0,0,2E|1G,3no,0,3,,Fj1 Fj2 Cj3,0,0,0,,,
GIRONA,LaLiga Hypermotion,2026/2027,,5,7,4,23,2,1,1,1,1,1,0,0,1,1E|1P|2G,3si|1no,3,1,Cj1 Fj2 Cj3,Fj4,3,1,0,Fj2 Cj3 Fj4,Fj2,
LEGANES,LaLiga Hypermotion,2026/2027,,1,8,4,23,2,2,0,1,1,0,2,0,0,1E|2G|1E,1si|3no,1,3,Fj1,Fj2 Cj3 Fj4,1,0,0,Fj2,,
LAS PALMAS,LaLiga Hypermotion,2026/2027,,6,7,4,23,2,1,1,1,1,1,0,0,1,2G|1P|1E,1si|1no|1si|1no,2,2,Cj1 Fj3,Fj2 Cj4,3,0,0,Cj1 Fj2 Fj3,,
ALBACETE,LaLiga Hypermotion,2026/2027,,23,0,3,23,0,0,3,0,0,0,0,2,1,3P,2si|1no,2,1,Fj1 Cj2,Cj3,3,1,0,Fj1 Cj2 Cj3,Cj2,
MALLORCA,LaLiga Hypermotion,2026/2027,,9,6,3,23,2,0,1,2,0,0,0,0,1,1G|1P|1G,3no,0,3,,Cj1 Fj2 Cj3,2,0,0,Fj2 Cj3,,
VALLADOLID,LaLiga Hypermotion,2026/2027,,13,4,4,23,1,1,2,1,0,0,1,0,2,2P|1E|1G,2no|1si|1no,1,3,Fj3,Fj1 Fj2 Cj4,2,1,1,Fj3 Cj4,Fj3,Fj3
OVIEDO,LaLiga Hypermotion,2026/2027,,14,4,3,23,1,1,1,0,1,1,0,1,0,1E|1P|1G,3no,0,3,,Cj1 Cj2 Fj3,2,0,0,Cj2 Fj3,,
GRANADA CF,LaLiga Hypermotion,2026/2027,,7,7,3,23,2,1,0,1,1,0,1,0,0,1E|2G,2no|1si,1,2,Fj3,Fj1 Cj2,2,0,0,Cj2 Fj3,,
REAL SOCIEDAD II,LaLiga Hypermotion,2026/2027,,11,5,4,23,1,2,1,0,1,1,1,1,0,1P|1G|2E,1no|3si,3,1,Fj2 Fj3 Cj4,Cj1,3,2,1,Cj1 Fj2 Fj3,Fj2 Fj3,Fj3
CASTELLON,LaLiga Hypermotion,2026/2027,,15,4,2,23,1,1,0,0,1,1,0,0,0,1G|1E,2no,0,2,,Fj1 Cj2,1,0,0,Fj1,,
CASTELLÓN,LaLiga Hypermotion,2026/2027,,19,3,1,23,1,0,0,0,1,0,0,0,0,1G,1si,1,0,Fj3,,1,0,0,Fj3,,
ALAVES,LaLiga EA Sports,2026/2027,,4,7,3,20,2,1,0,2,0,0,1,0,0,1G|1E|1G,1no|1si|1no,1,2,Fj2,Cj1 Cj3,1,0,0,Cj3,,
GETAFE,LaLiga EA Sports,2026/2027,,14,3,3,20,1,0,2,1,0,0,0,0,2,1P|1G|1P,3no,0,3,,Fj1 Cj2 Fj4,1,0,0,Fj4,,
ATLETICO MADRID,LaLiga EA Sports,2026/2027,,5,7,4,20,2,1,1,1,1,1,0,0,1,1G|1E|1G|1P,1no|2si|1no,2,2,Cj2 Fj4,Cj1 Fj5,1,1,0,Fj4,Fj4,
MALAGA,LaLiga EA Sports,2026/2027,,18,1,3,20,0,1,2,0,0,1,0,0,2,1P|1E|1P,1no|1si|1no,1,2,Cj2,Fj1 Fj4,2,2,1,Cj2 Fj4,Cj2 Fj4,Cj2
BARCELONA,LaLiga EA Sports,2026/2027,,1,9,3,20,3,0,0,2,1,0,0,0,0,3G,2no|1si,1,2,Cj4,Fj2 Cj3,3,2,1,Fj2 Cj3 Cj4,Fj2 Cj4,Cj4
ATHLETIC CLUB,LaLiga EA Sports,2026/2027,,7,6,4,20,2,0,2,1,1,0,0,1,1,2P|2G,1si|3no,1,3,Cj2,Fj3 Fj4 Cj5,3,1,0,Cj2 Fj3 Fj4,Fj4,
ATHLETIC CLUB,Serie B Brasil,2026,,13,34,25,20,8,10,7,5,3,4,6,4,3,1G|2E|1G|2P|3E|2G|2E|1P|1G|1P|2E|1G|1E|2G|3P,5si|1no|1si|1no|2si|1no|2si|5no|2si|1no|1si|1no|2si,15,10,Cj1 Fj2 Cj3 Fj4 Fj5 Fj7 Cj9 Fj10 Fj12 Cj13 Cj19 Fj20 Fj22 Cj24 Fj25,Cj6 Cj8 Cj11 Fj14 Cj15 Cj16 Fj17 Fj18 Cj21 Cj23,15,4,3,Cj1 Fj2 Cj3 Fj4 Fj5 Cj9 Fj10 Cj13 Cj19 Fj20 Cj21 Fj22 Cj23 Cj24 Fj25,Cj1 Fj4 Fj5 Cj19,Cj1 Fj5 Cj19
CELTA VIGO,LaLiga EA Sports,2026/2027,,16,2,4,20,0,2,2,0,0,0,2,2,0,1E|2P|1E,1no|1si|2no,1,3,Cj3,Fj2 Cj4 Fj5,2,1,0,Cj3 Cj4,Cj4,
OSASUNA,LaLiga EA Sports,2026/2027,,6,7,3,20,2,1,0,1,1,1,0,0,0,1E|2G,1no|1si|1no,1,2,Fj3,Cj2 Cj4,2,0,0,Fj3 Cj4,,
DEPORTIVO LA CORUNA,LaLiga EA Sports,2026/2027,,9,5,3,20,1,2,0,1,0,1,1,0,0,2E|1G,3si,3,0,Cj1 Fj2 Cj4,,3,2,2,Cj1 Fj2 Cj4,Fj2 Cj4,Fj2 Cj4
ELCHE,LaLiga EA Sports,2026/2027,,19,1,3,20,0,1,2,0,0,0,1,1,1,1E|2P,1si|1no|1si,2,1,Fj1 Fj3,Cj2,3,2,0,Fj1 Cj2 Fj3,Cj2 Fj3,
ESPANYOL,LaLiga EA Sports,2026/2027,,15,3,3,20,1,0,2,1,0,0,0,1,1,1G|2P,1no|2si,2,1,Cj2 Fj4,Cj1,3,3,2,Cj1 Cj2 Fj4,Cj1 Cj2 Fj4,Cj2 Fj4
LEVANTE,LaLiga EA Sports,2026/2027,,10,4,3,20,1,1,1,1,0,0,1,0,1,1P|1E|1G,2no|1si,1,2,Cj4,Fj1 Fj2,2,2,1,Fj1 Cj4,Fj1 Cj4,Cj4
RACING SANTANDER,LaLiga EA Sports,2026/2027,,11,4,4,20,1,1,2,1,0,1,0,0,2,1E|1P|1G|1P,1si|1no|2si,3,1,Cj1 Cj3 Fj5,Fj2,3,3,2,Cj1 Cj3 Fj5,Cj1 Cj3 Fj5,Cj1 Fj5
VILLARREAL,LaLiga EA Sports,2026/2027,,17,2,3,20,0,2,1,0,0,0,2,0,1,2E|1P,2si|1no,2,1,Fj1 Fj2,Fj3,2,1,1,Fj1 Fj3,Fj1,Fj1
REAL MADRID,LaLiga EA Sports,2026/2027,,2,9,4,20,3,0,1,2,1,0,0,0,1,3G|1P,2si|2no,2,2,Fj2 Cj3,Cj4 Fj5,3,3,2,Fj2 Cj3 Cj4,Fj2 Cj3 Cj4,Fj2 Cj3
REAL SOCIEDAD,LaLiga EA Sports,2026/2027,,12,4,4,20,1,1,2,1,0,1,0,0,2,2P|1G|1E,1no|2si|1no,2,2,Fj3 Cj4,Fj2 Cj5,2,2,2,Fj3 Cj4,Fj3 Cj4,Fj3 Cj4
SEVILLA,LaLiga EA Sports,2026/2027,,8,6,3,20,2,0,1,1,1,0,0,1,0,2G|1P,3si,3,0,Cj1 Fj2 Cj4,,3,1,0,Cj1 Fj2 Cj4,Cj4,
RAYO VALLECANO,LaLiga EA Sports,2026/2027,,13,4,4,20,1,1,2,1,0,1,0,0,2,1P|1E|1P|1G,4si,4,0,Fj1 Cj2 Fj4 Cj5,,3,2,2,Fj1 Fj4 Cj5,Fj4 Cj5,Fj4 Cj5
VALENCIA,LaLiga EA Sports,2026/2027,,20,1,3,20,0,1,2,0,0,1,0,1,1,1E|2P,2no|1si,1,2,Fj4,Cj2 Cj3,1,1,1,Fj4,Fj4,Fj4
REAL BETIS,LaLiga EA Sports,2026/2027,,3,9,4,20,3,0,1,2,1,0,0,0,1,2G|1P|1G,2no|1si|1no,1,3,Fj4,Cj2 Fj3 Cj5,1,1,1,Fj4,Fj4,Fj4
BAYERN MUNCHEN,Bundesliga,2026/2027,,4,3,1,19,1,0,0,1,0,0,0,0,0,1G,1si,1,0,Cj1,,1,0,0,Cj1,,
VFB STUTTGART,Bundesliga,2026/2027,,5,3,2,19,1,0,1,1,0,0,0,0,1,1P|1G,2si,2,0,Fj1 Cj2,,2,0,0,Fj1 Cj2,,
FC AUGSBURG,Bundesliga,2026/2027,,6,3,1,19,1,0,0,1,0,0,0,0,0,1G,1no,0,1,,Cj1,1,0,0,Cj1,,
FC SCHALKE 04,Bundesliga,2026/2027,23/24 10º/19 | 24/25 15º/19 | 25/26 1º/19,11,1,2,19,0,1,1,0,0,1,0,0,1,1P|1E,2no,0,2,,Fj1 Cj2,1,0,0,Fj1,,
BORUSSIA DORTMUND,Bundesliga,2026/2027,,1,6,2,19,2,0,0,1,1,0,0,0,0,2G,1no|1si,1,1,Fj2,Cj1,2,1,0,Cj1 Fj2,Cj1,
HAMBURGER SV,Bundesliga,2026/2027,22/23 3º/19 | 23/24 4º/19 | 24/25 2º/19,17,0,1,19,0,0,1,0,0,0,0,0,1,1P,1no,0,1,,Fj1,1,1,0,Fj1,Fj1,
SV ELVERSBERG,Bundesliga,2026/2027,23/24 11º/19 | 24/25 3º/19 | 25/26 3º/19,2,6,2,19,2,0,0,1,1,0,0,0,0,2G,2si,2,0,Cj1 Fj2,,2,2,1,Cj1 Fj2,Cj1 Fj2,Fj2
BAYER LEVERKUSEN,Bundesliga,2026/2027,,7,3,2,19,1,0,1,1,0,0,0,0,1,1P|1G,1si|1no,1,1,Fj1,Cj2,2,2,0,Fj1 Cj2,Fj1 Cj2,
1. FC KÖLN,Bundesliga,2026/2027,,8,3,2,19,1,0,1,1,0,0,0,0,1,1G|1P,2si,2,0,Cj1 Fj2,,2,0,0,Cj1 Fj2,,
1899 HOFFENHEIM,Bundesliga,2026/2027,,18,0,2,19,0,0,2,0,0,0,0,1,1,2P,2si,2,0,Fj1 Cj2,,2,0,0,Fj1 Cj2,,
SC FREIBURG,Bundesliga,2026/2027,,3,6,2,19,2,0,0,1,1,0,0,0,0,2G,1si|1no,1,1,Cj1,Fj2,2,1,0,Cj1 Fj2,Cj1,
WERDER BREMEN,Bundesliga,2026/2027,,9,3,2,19,1,0,1,1,0,0,0,0,1,1P|1G,2si,2,0,Fj1 Cj2,,2,1,0,Fj1 Cj2,Fj1,
FSV MAINZ 05,Bundesliga,2026/2027,,12,1,1,19,0,1,0,0,0,1,0,0,0,1E,1no,0,1,,Cj1,0,0,0,,,
SC PADERBORN 07,Bundesliga,2026/2027,22/23 6º/19 | 23/24 6º/19 | 24/25 4º/19 | 25/26 2º/19,13,1,2,19,0,1,1,0,0,0,1,1,0,1E|1P,2no,0,2,,Fj1 Cj2,1,0,0,Cj2,,
RB LEIPZIG,Bundesliga,2026/2027,,10,3,2,19,1,0,1,1,0,0,0,0,1,1G|1P,1no|1si,1,1,Fj2,Cj1,2,0,0,Cj1 Fj2,,
BORUSSIA MÖNCHENGLADBACH,Bundesliga,2026/2027,,19,0,2,19,0,0,2,0,0,0,0,1,1,2P,1no|1si,1,1,Cj2,Fj1,2,1,1,Fj1 Cj2,Cj2,Cj2
UNION BERLIN,Bundesliga,2026/2027,,14,1,2,19,0,1,1,0,0,1,0,0,1,1E|1P,1si|1no,1,1,Cj1,Fj2,2,2,1,Cj1 Fj2,Cj1 Fj2,Cj1
EINTRACHT FRANKFURT,Bundesliga,2026/2027,,15,1,1,19,0,1,0,0,0,0,1,0,0,1E,1si,1,0,Fj1,,1,1,1,Fj1,Fj1,Fj1
SV DARMSTADT 98,2. Bundesliga,2026/2027,22/23 1º/19 | 24/25 12º/19 | 25/26 6º/19 | 26/27 19º/20,19,1,4,20,0,1,3,0,0,1,0,1,2,1E|3P,1si|3no,1,3,Cj1,Fj2 Cj3 Fj4,3,1,0,Cj1 Fj2 Fj4,Cj1,
HOLSTEIN KIEL,2. Bundesliga,2026/2027,22/23 8º/19 | 23/24 2º/19 | 25/26 12º/19 | 26/27 17º/20,17,3,4,20,0,3,1,0,0,2,1,0,1,2E|1P|1E,2si|1no|1si,3,1,Fj1 Cj2 Cj4,Fj3,3,3,1,Fj1 Cj2 Cj4,Fj1 Cj2 Cj4,Cj4
1. FC HEIDENHEIM,2. Bundesliga,2026/2027,26/27 5º/20,5,6,3,20,2,0,1,2,0,0,0,0,1,1G|1P|1G,3si,3,0,Cj1 Fj2 Cj3,,3,2,1,Cj1 Fj2 Cj3,Cj1 Fj2,Cj1
VFL OSNABRÜCK,2. Bundesliga,2026/2027,26/27 13º/20,13,3,3,20,1,0,2,0,1,0,0,1,1,2P|1G,1si|2no,1,2,Fj1,Cj2 Fj3,3,2,1,Fj1 Cj2 Fj3,Fj1 Cj2,Fj1
KARLSRUHER SC,2. Bundesliga,2026/2027,22/23 7º/19 | 23/24 5º/19 | 24/25 8º/19 | 25/26 9º/19 | 26/27 8º/20,8,5,4,20,1,2,1,1,0,0,2,1,0,1G|1E|1P|1E,1si|1no|2si,3,1,Cj1 Cj3 Fj4,Fj2,3,2,2,Cj1 Cj3 Fj4,Cj3 Fj4,Cj3 Fj4
ARMINIA BIELEFELD,2. Bundesliga,2026/2027,22/23 16º/19 | 25/26 15º/19 | 26/27 9º/20,9,4,4,20,1,1,2,1,0,1,0,0,2,1P|1G|1P|1E,1si|1no|2si,3,1,Fj1 Fj3 Cj4,Cj2,4,3,1,Fj1 Cj2 Fj3 Cj4,Cj2 Fj3 Cj4,Cj4
1. FC MAGDEBURG,2. Bundesliga,2026/2027,24/25 7º/19 | 25/26 14º/19 | 26/27 6º/20,6,6,3,20,2,0,1,1,1,0,0,1,0,1P|2G,1si|2no,1,2,Cj1,Fj2 Cj3,2,2,0,Cj1 Fj2,Cj1 Fj2,
EINTRACHT BRAUNSCHWEIG,2. Bundesliga,2026/2027,22/23 15º/19 | 23/24 14º/19 | 24/25 14º/19 | 25/26 17º/19 | 26/27 14º/20,14,3,3,20,1,0,2,0,1,0,0,2,0,1G|2P,1si|1no|1si,2,1,Fj1 Cj3,Cj2,3,2,1,Fj1 Cj2 Cj3,Fj1 Cj3,Cj3
1. FC NÜRNBERG,2. Bundesliga,2026/2027,26/27 4º/20,4,7,3,20,2,1,0,2,0,0,1,0,0,2G|1E,1no|2si,2,1,Cj3 Fj4,Cj1,3,3,1,Cj1 Cj3 Fj4,Cj1 Cj3 Fj4,Fj4
DYNAMO DRESDEN,2. Bundesliga,2026/2027,25/26 11º/19 | 26/27 15º/20,15,3,4,20,1,0,3,1,0,0,0,1,2,1P|1G|2P,2no|2si,2,2,Fj3 Cj4,Fj1 Cj2,4,2,1,Fj1 Cj2 Fj3 Cj4,Fj1 Cj4,Cj4
VFL WOLFSBURG,2. Bundesliga,2026/2027,26/27 2º/20,2,8,4,20,2,2,0,0,2,2,0,0,0,1E|2G|1E,2no|2si,2,2,Fj3 Cj4,Cj1 Fj2,2,2,2,Fj3 Cj4,Fj3 Cj4,Fj3 Cj4
1. FC KAISERSLAUTERN,2. Bundesliga,2026/2027,24/25 5º/19 | 25/26 5º/19 | 26/27 3º/20,3,8,4,20,2,2,0,1,1,1,1,0,0,2E|2G,2no|1si|1no,1,3,Fj3,Fj1 Cj2 Cj4,2,0,0,Fj3 Cj4,,
VFL BOCHUM,2. Bundesliga,2026/2027,25/26 10º/19 | 26/27 7º/20,7,6,4,20,2,0,2,0,2,0,0,2,0,1P|1G|1P|1G,3no|1si,1,3,Fj4,Cj1 Fj2 Cj3,4,1,1,Cj1 Fj2 Cj3 Fj4,Fj4,Fj4
SPVGG GREUTHER FURTH,2. Bundesliga,2026/2027,22/23 13º/19 | 23/24 8º/19 | 24/25 13º/19 | 25/26 13º/19 | 26/27 20º/20,20,0,1,20,0,0,1,0,0,0,0,1,0,1P,1si,1,0,Cj2,,1,1,1,Cj2,Cj2,Cj2
1. FC NURNBERG,2. Bundesliga,2026/2027,24/25 10º/19 | 25/26 8º/19 | 26/27 16º/20,16,3,1,20,1,0,0,0,1,0,0,0,0,1G,1si,1,0,Fj2,,1,1,1,Fj2,Fj2,Fj2
HANNOVER 96,2. Bundesliga,2026/2027,22/23 10º/19 | 23/24 7º/19 | 24/25 9º/19 | 25/26 4º/19 | 26/27 10º/20,10,4,4,20,1,1,2,0,1,1,0,1,1,2P|1G|1E,1si|2no|1si,2,2,Fj1 Cj4,Cj2 Fj3,2,2,2,Fj1 Cj4,Fj1 Cj4,Fj1 Cj4
FC ST. PAULI,2. Bundesliga,2026/2027,22/23 5º/19 | 23/24 1º/19 | 26/27 18º/20,18,3,4,20,0,3,1,0,0,1,2,1,0,2E|1P|1E,4si,4,0,Cj1 Fj2 Cj3 Fj4,,3,2,1,Fj2 Cj3 Fj4,Fj2 Fj4,Fj4
AMED,Super Lig,2026/2027,,4,6,3,18,2,0,1,2,0,0,0,0,1,1G|1P|1G,2no|1si,1,2,Cj3,Cj1 Fj2,2,1,1,Fj2 Cj3,Cj3,Cj3
TRABZONSPOR,Super Lig,2026/2027,,9,4,3,18,1,1,1,1,0,0,1,0,1,1E|1G|1P,3si,3,0,Fj1 Cj2 Fj3,,3,2,2,Fj1 Cj2 Fj3,Cj2 Fj3,Cj2 Fj3
BAŞAKŞEHIR,Super Lig,2026/2027,,10,4,4,18,1,1,2,1,0,1,0,1,1,1G|1P|1E|1P,1no|3si,3,1,Fj2 Cj3 Cj4,Cj1,4,1,1,Cj1 Fj2 Cj3 Cj4,Fj2,Fj2
KASIMPAŞA,Super Lig,2026/2027,,8,5,3,18,1,2,0,0,1,1,1,0,0,1E|1G|1E,1si|1no|1si,2,1,Cj1 Fj3,Fj2,3,0,0,Cj1 Fj2 Fj3,,
BEŞIKTAŞ,Super Lig,2026/2027,,2,9,4,18,3,0,1,2,1,0,0,0,1,1G|1P|2G,2no|2si,2,2,Cj3 Fj4,Cj1 Fj2,3,2,1,Cj1 Cj3 Fj4,Cj3 Fj4,Fj4
ÇORUM FK,Super Lig,2026/2027,,16,1,3,18,0,1,2,0,0,0,1,1,1,1E|2P,1si|1no|1si,2,1,Fj1 Fj3,Cj2,2,1,0,Cj2 Fj3,Fj3,
EYÜPSPOR,Super Lig,2026/2027,,15,3,3,18,1,0,2,1,0,0,0,1,1,2P|1G,2no|1si,1,2,Cj3,Fj1 Cj2,2,1,1,Fj1 Cj3,Cj3,Cj3
ALANYASPOR,Super Lig,2026/2027,,11,4,3,18,1,1,1,1,0,0,1,0,1,1E|1G|1P,1si|1no|1si,2,1,Fj1 Fj3,Cj2,2,1,1,Fj1 Fj3,Fj3,Fj3
GALATASARAY,Super Lig,2026/2027,,1,10,4,18,3,1,0,1,2,1,0,0,0,1E|3G,1si|1no|2si,3,1,Cj1 Cj3 Fj4,Fj2,3,2,1,Fj2 Cj3 Fj4,Fj2 Cj3,Cj3
GÖZTEPE,Super Lig,2026/2027,,17,1,3,18,0,1,2,0,0,0,1,1,1,1E|2P,1si|1no|1si,2,1,Fj1 Fj3,Cj2,2,2,2,Fj1 Fj3,Fj1 Fj3,Fj1 Fj3
GAZIANTEP FK,Super Lig,2026/2027,,12,4,3,18,1,1,1,0,1,1,0,1,0,1E|1G|1P,1si|1no|1si,2,1,Cj1 Cj3,Fj2,2,1,0,Cj1 Cj3,Cj3,
RIZESPOR,Super Lig,2026/2027,,5,6,3,18,2,0,1,0,2,0,0,1,0,1G|1P|1G,2no|1si,1,2,Fj3,Fj1 Cj2,2,1,0,Cj2 Fj3,Fj3,
KONYASPOR,Super Lig,2026/2027,,18,0,4,18,0,0,4,0,0,0,0,2,2,4P,1no|2si|1no,2,2,Fj2 Cj3,Cj1 Fj4,3,1,1,Fj2 Cj3 Fj4,Fj2,Fj2
KOCAELISPOR,Super Lig,2026/2027,,6,6,3,18,2,0,1,1,1,0,0,0,1,1P|2G,2no|1si,1,2,Fj3,Fj1 Cj2,3,0,0,Fj1 Cj2 Fj3,,
SAMSUNSPOR,Super Lig,2026/2027,,13,4,3,18,1,1,1,0,1,1,0,1,0,1E|1G|1P,1si|2no,1,2,Cj1,Fj2 Cj3,3,1,1,Cj1 Fj2 Cj3,Cj1,Cj1
FENERBAHÇE,Super Lig,2026/2027,,7,6,4,18,2,0,2,1,1,0,0,1,1,1P|2G|1P,2si|1no|1si,3,1,Fj1 Cj2 Cj4,Fj3,4,3,3,Fj1 Cj2 Fj3 Cj4,Fj1 Cj2 Cj4,Fj1 Cj2 Cj4
ANTALYASPOR,TFF 1. Lig,2026/2027,,13,6,5,20,2,0,3,1,1,0,0,2,1,1G|3P|1G,1si|1no|2si|1no,3,2,Cj1 Cj3 Cj4,Fj2 Fj5,5,1,0,Cj1 Fj2 Cj3 Cj4 Fj5,Cj3,
SARIYER,TFF 1. Lig,2026/2027,,4,10,6,20,3,1,2,2,1,0,1,1,1,1G|1E|1P|2G|1P,1no|3si|2no,3,3,Fj2 Cj3 Fj4,Cj1 Cj5 Fj6,4,0,0,Cj1 Cj3 Fj4 Fj6,,
BATMAN PETROLSPOR,TFF 1. Lig,2026/2027,,1,13,5,20,4,1,0,2,2,0,1,0,0,1E|4G,1si|1no|2si|1no,3,2,Fj1 Fj3 Cj4,Cj2 Fj5,5,0,0,Fj1 Cj2 Fj3 Cj4 Fj5,,
SIVASSPOR,TFF 1. Lig,2026/2027,,17,3,5,20,0,3,2,0,0,3,0,0,2,1E|1P|1E|1P|1E,2no|3si,3,2,Cj3 Fj4 Cj5,Cj1 Fj2,4,3,1,Fj2 Cj3 Fj4 Cj5,Fj2 Cj3 Cj5,Cj3
ESENLER EROKSPOR,TFF 1. Lig,2026/2027,,15,4,5,20,0,4,1,0,0,1,3,1,0,3E|1P|1E,1no|2si|2no,2,3,Cj2 Fj3,Fj1 Cj4 Fj5,1,0,0,Cj4,,
IĞDIR FK,TFF 1. Lig,2026/2027,,6,9,5,20,3,0,2,2,1,0,0,1,1,1G|2P|2G,4no|1si,1,4,Cj5,Cj1 Fj2 Cj3 Fj4,4,1,1,Cj1 Fj2 Fj4 Cj5,Cj5,Cj5
İSTANBULSPOR,TFF 1. Lig,2026/2027,,19,2,5,20,0,2,3,0,0,2,0,0,3,1P|1E|1P|1E|1P,1no|3si|1no,3,2,Cj2 Fj3 Cj4,Fj1 Fj5,5,4,2,Fj1 Cj2 Fj3 Cj4 Fj5,Fj1 Cj2 Fj3 Cj4,Fj3 Cj4
FATIH KARAGÜMRÜK,TFF 1. Lig,2026/2027,,9,8,5,20,2,2,1,2,0,1,1,0,1,1P|2G|2E,1no|4si,4,1,Cj2 Cj3 Fj4 Cj5,Fj1,3,2,1,Fj1 Cj3 Fj4,Cj3 Fj4,Fj4
KAYSERISPOR,TFF 1. Lig,2026/2027,,5,10,5,20,3,1,1,1,2,0,1,1,0,3G|1P|1E,3no|2si,2,3,Cj4 Fj5,Fj1 Cj2 Fj3,3,1,0,Fj1 Cj2 Cj4,Cj2,
BURSASPOR,TFF 1. Lig,2026/2027,,2,12,5,20,4,0,1,2,2,0,0,0,1,2G|1P|2G,2no|2si|1no,2,3,Fj3 Fj4,Fj1 Cj2 Cj5,5,2,0,Fj1 Cj2 Fj3 Fj4 Cj5,Fj1 Fj3,
KEÇIÖRENGÜCÜ,TFF 1. Lig,2026/2027,,3,11,6,20,3,2,1,2,1,1,1,0,1,1P|1G|2E|2G,4si|2no,4,2,Fj1 Cj2 Fj3 Cj4,Fj5 Cj6,6,3,2,Fj1 Cj2 Fj3 Cj4 Fj5 Cj6,Cj2 Cj4 Fj5,Cj2 Cj4
ÜMRANIYESPOR,TFF 1. Lig,2026/2027,,18,3,6,20,0,3,3,0,0,2,1,1,2,1E|1P|2E|2P,1no|3si|2no,3,3,Fj2 Cj3 Fj4,Cj1 Cj5 Fj6,3,1,1,Fj4 Cj5 Fj6,Fj4,Fj4
MANISA F.K.,TFF 1. Lig,2026/2027,,10,8,5,20,2,2,1,1,1,1,1,0,1,2G|2E|1P,3si|1no|1si,4,1,Fj1 Cj2 Fj3 Fj5,Cj4,4,4,3,Fj1 Cj2 Fj3 Fj5,Fj1 Cj2 Fj3 Fj5,Fj1 Fj3 Fj5
BODRUM FK,TFF 1. Lig,2026/2027,,16,4,5,20,0,4,1,0,0,2,2,1,0,1P|4E,1no|1si|3no,1,4,Fj2,Cj1 Cj3 Fj4 Cj5,2,2,0,Cj1 Fj2,Cj1 Fj2,
MARDIN 1969,TFF 1. Lig,2026/2027,,7,9,5,20,2,3,0,1,1,1,2,0,0,1E|2G|2E,3no|2si,2,3,Cj4 Fj5,Fj1 Cj2 Fj3,3,2,0,Cj2 Fj3 Fj5,Fj3 Fj5,
VANSPOR FK,TFF 1. Lig,2026/2027,,14,4,5,20,1,1,3,1,0,0,1,2,1,2P|1G|1E|1P,1no|3si|1no,3,2,Fj2 Cj3 Fj4,Cj1 Cj5,4,2,1,Cj1 Fj2 Cj3 Cj5,Fj2 Cj3,Cj3
MUĞLASPOR,TFF 1. Lig,2026/2027,,11,8,5,20,2,2,1,1,1,1,1,0,1,1P|2E|2G,5no,0,5,,Fj1 Cj2 Fj3 Cj4 Fj5,3,0,0,Fj1 Cj4 Fj5,,
BOLUSPOR,TFF 1. Lig,2026/2027,,20,0,6,20,0,0,6,0,0,0,0,3,3,6P,1si|5no,1,5,Cj1,Fj2 Cj3 Fj4 Cj5 Fj6,6,4,1,Cj1 Fj2 Cj3 Fj4 Cj5 Fj6,Cj1 Cj3 Cj5 Fj6,Cj1
PENDIKSPOR,TFF 1. Lig,2026/2027,,12,8,6,20,2,2,2,1,1,2,0,0,2,1E|1P|1G|1E|1P|1G,4si|2no,4,2,Cj1 Fj2 Fj3 Cj4,Fj5 Cj6,5,3,2,Cj1 Fj2 Fj3 Cj4 Cj6,Fj2 Fj3 Cj4,Fj2 Cj4
BANDIRMASPOR,TFF 1. Lig,2026/2027,,8,9,6,20,2,3,1,2,0,1,2,1,0,1G|3E|1P|1G,2no|2si|2no,2,4,Cj3 Fj4,Cj1 Fj2 Cj5 Cj6,5,3,1,Cj1 Cj3 Fj4 Cj5 Cj6,Cj1 Fj4 Cj6,Fj4
AEK ATHENS FC,Super League Grecia,2026/2027,,1,7,3,14,2,1,0,2,0,0,1,0,0,1G|1E|1G,1no|1si|1no,1,2,Fj2,Cj1 Cj3,2,1,0,Cj1 Cj3,Cj1,
IRAKLIS 1908,Super League Grecia,2026/2027,,9,1,2,14,0,1,1,0,0,0,1,0,1,1P|1E,1no|1si,1,1,Fj2,Fj1,2,1,0,Fj1 Fj2,Fj1,
KALAMATA,Super League Grecia,2026/2027,,11,0,2,14,0,0,2,0,0,0,0,1,1,2P,1si|1no,1,1,Cj1,Fj2,2,1,1,Cj1 Fj2,Cj1,Cj1
ARIS THESSALONIKIS,Super League Grecia,2026/2027,,3,6,3,14,2,0,1,1,1,0,0,0,1,2G|1P,2si|1no,2,1,Fj1 Cj2,Fj3,3,1,1,Fj1 Cj2 Fj3,Fj1,Fj1
OFI,Super League Grecia,2026/2027,,6,3,2,14,1,0,1,1,0,0,0,0,1,1G|1P,1no|1si,1,1,Fj2,Cj1,2,1,0,Cj1 Fj2,Cj1,
VOLOS NFC,Super League Grecia,2026/2027,,8,2,3,14,0,2,1,0,0,2,0,0,1,1P|2E,1no|2si,2,1,Cj2 Cj3,Fj1,3,1,0,Fj1 Cj2 Cj3,Fj1,
OLYMPIAKOS PIRAEUS,Super League Grecia,2026/2027,,2,7,3,14,2,1,0,1,1,0,1,0,0,2G|1E,2no|1si,1,2,Fj3,Cj1 Fj2,2,0,0,Fj2 Fj3,,
ATROMITOS,Super League Grecia,2026/2027,,12,0,2,14,0,0,2,0,0,0,0,1,1,2P,1no|1si,1,1,Cj2,Fj1,1,1,1,Cj2,Cj2,Cj2
PANETOLIKOS,Super League Grecia,2026/2027,,4,6,2,14,2,0,0,2,0,0,0,0,0,2G,1si|1no,1,1,Cj1,Cj2,2,0,0,Cj1 Cj2,,
ASTERAS TRIPOLIS,Super League Grecia,2026/2027,,13,0,2,14,0,0,2,0,0,0,0,1,1,2P,1si|1no,1,1,Fj1,Cj2,2,0,0,Fj1 Cj2,,
PAOK,Super League Grecia,2026/2027,,5,6,2,14,2,0,0,1,1,0,0,0,0,2G,1no|1si,1,1,Fj2,Cj1,2,2,1,Cj1 Fj2,Cj1 Fj2,Fj2
LEVADIAKOS,Super League Grecia,2026/2027,,14,0,2,14,0,0,2,0,0,0,0,1,1,2P,2no,0,2,,Fj1 Cj2,2,1,0,Fj1 Cj2,Fj1,
KIFISIA,Super League Grecia,2026/2027,,10,1,1,14,0,1,0,0,0,1,0,0,0,1E,1si,1,0,Cj2,,0,0,0,,,
PANATHINAIKOS,Super League Grecia,2026/2027,,7,3,1,14,1,0,0,0,1,0,0,0,0,1G,1no,0,1,,Fj2,1,0,0,Fj2,,
AVELLINO,Serie B Italia,2026/2027,,9,3,2,20,1,0,1,1,0,0,0,1,0,1P|1G,1si|1no,1,1,Cj1,Cj2,2,1,0,Cj1 Cj2,Cj2,
AREZZO,Serie B Italia,2026/2027,,10,3,2,20,1,0,1,0,1,0,0,1,0,1G|1P,2si,2,0,Fj1 Cj2,,2,0,0,Fj1 Cj2,,
BENEVENTO,Serie B Italia,2026/2027,,14,1,3,20,0,1,2,0,0,1,0,1,1,1P|1E|1P,2si|1no,2,1,Cj1 Cj2,Fj3,1,0,0,Cj1,,
MODENA,Serie B Italia,2026/2027,,3,6,2,20,2,0,0,0,2,0,0,0,0,2G,1si|1no,1,1,Fj1,Fj2,2,1,0,Fj1 Fj2,Fj2,
CARRARESE,Serie B Italia,2026/2027,,15,1,3,20,0,1,2,0,0,0,1,2,0,1P|1E|1P,2si|1no,2,1,Cj1 Fj2,Cj3,1,0,0,Cj1,,
MANTOVA,Serie B Italia,2026/2027,,4,6,2,20,2,0,0,1,1,0,0,0,0,2G,2si,2,0,Fj1 Cj2,,1,0,0,Fj1,,
CESENA,Serie B Italia,2026/2027,,7,4,2,20,1,1,0,0,1,1,0,0,0,1E|1G,2si,2,0,Cj1 Fj2,,2,1,1,Cj1 Fj2,Fj2,Fj2
SAMPDORIA,Serie B Italia,2026/2027,,16,1,2,20,0,1,1,0,0,0,1,1,0,1E|1P,2si,2,0,Fj1 Cj2,,2,0,0,Fj1 Cj2,,
EMPOLI,Serie B Italia,2026/2027,,5,6,3,20,2,0,1,1,1,0,0,0,1,1G|1P|1G,1no|1si|1no,1,2,Fj2,Cj1 Fj3,1,0,0,Cj1,,
CREMONESE,Serie B Italia,2026/2027,,18,0,2,20,0,0,2,0,0,0,0,1,1,2P,2no,0,2,,Fj1 Cj2,2,1,0,Fj1 Cj2,Cj2,
VICENZA VIRTUS,Serie B Italia,2026/2027,,11,3,2,20,1,0,1,1,0,0,0,0,1,1G|1P,1si|1no,1,1,Cj1,Fj2,2,2,1,Cj1 Fj2,Cj1 Fj2,Cj1
CATANZARO,Serie B Italia,2026/2027,,19,0,3,20,0,0,3,0,0,0,0,0,3,3P,2si|1no,2,1,Fj1 Fj2,Fj3,2,2,2,Fj1 Fj2,Fj1 Fj2,Fj1 Fj2
PALERMO,Serie B Italia,2026/2027,,6,6,2,20,2,0,0,1,1,0,0,0,0,2G,1no|1si,1,1,Fj2,Cj1,2,0,0,Cj1 Fj2,,
JUVE STABIA,Serie B Italia,2026/2027,,12,3,2,20,1,0,1,0,1,0,0,0,1,1P|1G,1no|1si,1,1,Fj2,Fj1,2,0,0,Fj1 Fj2,,
PISA,Serie B Italia,2026/2027,,13,3,2,20,1,0,1,1,0,0,0,1,0,1P|1G,1no|1si,1,1,Cj2,Cj1,1,1,1,Cj2,Cj2,Cj2
PADOVA,Serie B Italia,2026/2027,,8,4,2,20,1,1,0,0,1,1,0,0,0,1G|1E,1no|1si,1,1,Cj2,Fj1,1,0,0,Cj2,,
SUDTIROL,Serie B Italia,2026/2027,,1,7,3,20,2,1,0,2,0,0,1,0,0,1G|1E|1G,1no|1si|1no,1,2,Fj2,Cj1 Cj3,0,0,0,,,
VIRTUS ENTELLA,Serie B Italia,2026/2027,,20,0,2,20,0,0,2,0,0,0,0,1,1,2P,1no|1si,1,1,Cj2,Fj1,1,1,1,Cj2,Cj2,Cj2
HELLAS VERONA,Serie B Italia,2026/2027,,17,1,2,20,0,1,1,0,0,0,1,1,0,1P|1E,2si,2,0,Cj1 Fj2,,2,0,0,Cj1 Fj2,,
ASCOLI,Serie B Italia,2026/2027,,2,7,3,20,2,1,0,1,1,1,0,0,0,1G|1E|1G,2si|1no,2,1,Fj1 Cj2,Cj3,1,0,0,Fj1,,
WOLVES,Championship,2026/2027,,10,7,4,24,2,1,1,1,1,1,0,0,1,1E|2G|1P,4si,4,0,Cj1 Fj2 Cj3 Fj4,,4,3,3,Cj1 Fj2 Cj3 Fj4,Cj1 Cj3 Fj4,Cj1 Cj3 Fj4
SWANSEA,Championship,2026/2027,,6,10,4,24,3,1,0,1,2,1,0,0,0,1G|1E|2G,1si|3no,1,3,Fj1,Cj2 Fj3 Cj4,3,3,1,Fj1 Fj3 Cj4,Fj1 Fj3 Cj4,Fj1
DERBY,Championship,2026/2027,,21,4,5,24,1,1,3,0,1,1,0,1,2,1P|1E|1P|1G|1P,2si|3no,2,3,Fj1 Cj2,Cj3 Fj4 Fj5,5,2,1,Fj1 Cj2 Cj3 Fj4 Fj5,Cj2 Cj3,Cj2
HERTHA BSC,2. Bundesliga,2026/2027,24/25 11º/19 | 25/26 7º/19 | 26/27 1º/20,1,9,3,20,3,0,0,1,2,0,0,0,0,3G,1no|2si,2,1,Cj2 Fj3,Fj1,3,2,1,Fj1 Cj2 Fj3,Cj2 Fj3,Fj3
SPVGG GREUTHER FÜRTH,2. Bundesliga,2026/2027,26/27 11º/20,11,4,2,20,1,1,0,0,1,0,1,0,0,1E|1G,2si,2,0,Fj1 Fj3,,1,1,1,Fj3,Fj3,Fj3
ENERGIE COTTBUS,2. Bundesliga,2026/2027,26/27 12º/20,12,4,4,20,1,1,2,1,0,0,1,1,1,1G|2P|1E,1si|1no|2si,3,1,Cj1 Cj3 Fj4,Fj2,4,4,3,Cj1 Fj2 Cj3 Fj4,Cj1 Fj2 Cj3 Fj4,Cj1 Cj3 Fj4
EXCELSIOR VIRTON,Challenger Pro League Belgica 2da,2026/2027,,6,3,1,13,1,0,0,0,1,0,0,0,0,1G,1no,0,1,,Fj1,1,0,0,Fj1,,
SLAVIA SOFIA,First League Bulgaria,2026/2027,,6,0,1,9,0,0,1,0,0,0,0,1,0,1P,1si,1,0,Cj1,,0,0,0,,,
LEVSKI SOFIA,First League Bulgaria,2026/2027,,1,6,2,9,2,0,0,1,1,0,0,0,0,2G,1si|1no,1,1,Fj1,Cj2,0,0,0,,,
GENÇLERBIRLIĞI S.K.,Super Lig,2026/2027,,3,7,3,18,2,1,0,1,1,1,0,0,0,2G|1E,1si|1no|1si,2,1,Cj1 Cj3,Fj2,1,1,1,Cj1,Cj1,Cj1
ERZURUMSPOR FK,Super Lig,2026/2027,,14,4,4,18,1,1,2,1,0,0,1,1,1,2P|1E|1G,2no|1si|1no,1,3,Fj3,Fj1 Cj2 Cj4,2,1,0,Cj2 Cj4,Cj2,
SERAING UNITED,Challenger Pro League Belgica 2da,2026/2027,,12,0,1,13,0,0,1,0,0,0,0,0,1,1P,1no,0,1,,Fj3,1,0,0,Fj3,,
KAA GENT II,Challenger Pro League Belgica 2da,2026/2027,,9,1,1,13,0,1,0,0,0,1,0,0,0,1E,1si,1,0,Cj3,,1,1,1,Cj3,Cj3,Cj3
SEPTEMVRI SOFIA,First League Bulgaria,2026/2027,,7,0,1,9,0,0,1,0,0,0,0,1,0,1P,1si,1,0,Cj1,,1,0,0,Cj1,,
BOTEV VRATSA,First League Bulgaria,2026/2027,,2,3,1,9,1,0,0,0,1,0,0,0,0,1G,1si,1,0,Fj1,,1,0,0,Fj1,,
ARDA KARDZHALI,First League Bulgaria,2026/2027,,8,0,1,9,0,0,1,0,0,0,0,1,0,1P,1si,1,0,Cj1,,1,1,0,Cj1,Cj1,
BOTEV PLOVDIV,First League Bulgaria,2026/2027,,3,3,1,9,1,0,0,0,1,0,0,0,0,1G,1si,1,0,Fj1,,1,1,0,Fj1,Fj1,
ESTORIL,Liga Portugal,2026/2027,,17,1,4,18,0,1,3,0,0,1,0,1,2,1E|3P,1si|2no|1si,2,2,Cj1 Fj4,Fj2 Cj3,3,0,0,Cj1 Cj3 Fj4,,
FAMALICAO,Liga Portugal,2026/2027,,14,3,5,18,0,3,2,0,0,1,2,1,1,1E|2P|2E,2si|2no|1si,3,2,Fj1 Cj2 Fj5,Fj3 Cj4,4,1,1,Fj1 Cj2 Fj3 Fj5,Cj2,Cj2
MARITIMO,Liga Portugal,2026/2027,,6,7,5,18,2,1,2,1,1,1,0,1,1,2G|1E|2P,1no|3si|1no,3,2,Fj2 Cj3 Fj4,Cj1 Cj5,4,3,2,Fj2 Cj3 Fj4 Cj5,Fj2 Cj3 Fj4,Fj2 Fj4
CASA PIA,Liga Portugal,2026/2027,,18,0,4,18,0,0,4,0,0,0,0,2,2,4P,4no,0,4,,Fj1 Cj2 Fj3 Cj4,3,2,0,Cj2 Fj3 Cj4,Cj2 Fj3,
VITÓRIA SC,Liga Portugal,2026/2027,,12,3,4,18,1,0,3,1,0,0,0,1,2,2P|1G|1P,1no|1si|2no,1,3,Fj2,Cj1 Cj3 Fj4,2,1,0,Fj2 Cj3,Fj2,
AROUCA,Liga Portugal,2026/2027,,4,9,4,18,3,0,1,2,1,0,0,0,1,2G|1P|1G,3no|1si,1,3,Cj4,Fj1 Cj2 Fj3,2,2,1,Cj2 Cj4,Cj2 Cj4,Cj4
ESTRELA,Liga Portugal,2026/2027,,9,6,4,18,1,3,0,0,1,2,1,0,0,2E|1G|1E,4si,4,0,Cj1 Fj2 Fj4 Cj5,,2,1,1,Fj4 Cj5,Fj4,Fj4
SPORTING CP,Liga Portugal,2026/2027,,2,10,4,18,3,1,0,2,1,0,1,0,0,1E|3G,3si|1no,3,1,Fj1 Cj2 Cj3,Fj4,3,2,0,Cj2 Cj3 Fj4,Cj2 Fj4,
FC PORTO,Liga Portugal,2026/2027,,1,15,5,18,5,0,0,3,2,0,0,0,0,5G,4no|1si,1,4,Cj5,Cj1 Fj2 Cj3 Fj4,4,3,1,Cj1 Fj2 Fj4 Cj5,Cj1 Fj4 Cj5,Cj5
ALVERCA,Liga Portugal,2026/2027,,15,2,5,18,0,2,3,0,0,2,0,1,2,1P|1E|1P|1E|1P,1no|4si,4,1,Cj2 Fj3 Cj4 Cj5,Fj1,3,1,0,Fj1 Fj3 Cj5,Fj1,
BENFICA,Liga Portugal,2026/2027,,3,10,4,18,3,1,0,1,2,1,0,0,0,1E|3G,1si|1no|1si|1no,2,2,Cj1 Cj4,Fj2 Fj5,4,1,0,Cj1 Fj2 Cj4 Fj5,Fj2,
ACADEMICO VISEU,Liga Portugal,2026/2027,,16,2,4,18,0,2,2,0,0,0,2,2,0,1E|1P|1E|1P,1si|1no|1si|1no,2,2,Fj1 Fj3,Cj2 Cj4,4,2,0,Fj1 Cj2 Fj3 Cj4,Fj3 Cj4,
MOREIRENSE,Liga Portugal,2026/2027,,10,4,4,18,1,1,2,0,1,1,0,0,2,1E|1P|1G|1P,1si|2no|1si,2,2,Cj1 Fj5,Fj2 Fj4,4,3,2,Cj1 Fj2 Fj4 Fj5,Cj1 Fj2 Fj5,Cj1 Fj5
SC BRAGA,Liga Portugal,2026/2027,,7,7,3,18,2,1,0,1,1,0,1,0,0,1E|2G,1si|1no|1si,2,1,Fj1 Fj5,Cj4,2,1,1,Fj1 Fj5,Fj1,Fj1
GIL VICENTE,Liga Portugal,2026/2027,,8,7,3,18,2,1,0,2,0,0,1,0,0,2G|1E,3no,0,3,,Cj1 Cj3 Fj4,1,1,0,Cj3,Cj3,
RIO AVE,Liga Portugal,2026/2027,,13,3,4,18,1,0,3,0,1,0,0,2,1,2P|1G|1P,4no,0,4,,Fj1 Cj2 Fj3 Cj4,3,1,0,Cj2 Fj3 Cj4,Cj4,
SANTA CLARA,Liga Portugal,2026/2027,,5,8,4,18,2,2,0,1,1,1,1,0,0,1E|2G|1E,1si|2no|1si,2,2,Cj1 Fj4,Fj2 Cj3,3,1,1,Cj1 Fj2 Cj3,Cj1,Cj1
NACIONAL,Liga Portugal,2026/2027,,11,4,4,18,1,1,2,1,0,0,1,1,1,1E|1G|2P,1si|2no|1si,2,2,Fj1 Cj4,Cj2 Fj3,3,2,2,Fj1 Fj3 Cj4,Fj1 Cj4,Fj1 Cj4
PORTIMONENSE,Liga Portugal 2,2026/2027,,6,0,1,10,0,0,1,0,0,0,0,1,0,1P,1no,0,1,,Cj1,1,0,0,Cj1,,
LEIXOES,Liga Portugal 2,2026/2027,,1,3,1,10,1,0,0,0,1,0,0,0,0,1G,1no,0,1,,Fj1,1,0,0,Fj1,,
TONDELA,Liga Portugal 2,2026/2027,,2,3,1,10,1,0,0,1,0,0,0,0,0,1G,1no,0,1,,Cj1,1,0,0,Cj1,,
FC PORTO B,Liga Portugal 2,2026/2027,,7,0,1,10,0,0,1,0,0,0,0,0,1,1P,1no,0,1,,Fj1,1,0,0,Fj1,,
PENAFIEL,Liga Portugal 2,2026/2027,,3,3,1,10,1,0,0,1,0,0,0,0,0,1G,1si,1,0,Cj1,,1,1,0,Cj1,Cj1,
ACADEMICA,Liga Portugal 2,2026/2027,,8,0,1,10,0,0,1,0,0,0,0,0,1,1P,1si,1,0,Fj1,,1,1,0,Fj1,Fj1,
FEIRENSE,Liga Portugal 2,2026/2027,,9,0,1,10,0,0,1,0,0,0,0,1,0,1P,1si,1,0,Cj1,,1,0,0,Cj1,,
SPORTING CP B,Liga Portugal 2,2026/2027,,4,3,1,10,1,0,0,0,1,0,0,0,0,1G,1si,1,0,Fj1,,1,0,0,Fj1,,
BENFICA B,Liga Portugal 2,2026/2027,,10,0,1,10,0,0,1,0,0,0,0,1,0,1P,1no,0,1,,Cj1,1,0,0,Cj1,,
TORREENSE,Liga Portugal 2,2026/2027,,5,3,1,10,1,0,0,0,1,0,0,0,0,1G,1no,0,1,,Fj1,1,0,0,Fj1,,
BAYERN MÜNCHEN,Bundesliga,2026/2027,,16,1,1,19,0,1,0,0,0,0,1,0,0,1E,1no,0,1,,Fj2,0,0,0,,,
KRC GENK II,Challenger Pro League Belgica 2da,2026/2027,,7,3,1,13,1,0,0,1,0,0,0,0,0,1G,1no,0,1,,Cj3,1,1,0,Cj3,Cj3,
SPORTING HASSELT,Challenger Pro League Belgica 2da,2026/2027,,13,0,1,13,0,0,1,0,0,0,0,0,1,1P,1no,0,1,,Fj3,1,1,0,Fj3,Fj3,
SPARTAK VARNA,First League Bulgaria,2026/2027,,4,1,1,9,0,1,0,0,0,1,0,0,0,1E,1si,1,0,Cj1,,1,1,1,Cj1,Cj1,Cj1
CSKA SOFIA,First League Bulgaria,2026/2027,,5,1,1,9,0,1,0,0,0,0,1,0,0,1E,1si,1,0,Fj1,,1,1,1,Fj1,Fj1,Fj1
CSKA 1948,First League Bulgaria,2026/2027,,9,0,1,9,0,0,1,0,0,0,0,0,1,1P,1no,0,1,,Fj2,0,0,0,,,
RADOMIAK RADOM,Ekstraklasa,2026/2027,,9,8,7,18,2,2,3,2,0,1,1,1,2,1G|3P|1E|1G|1E,3si|2no|1si|1no,4,3,Cj1 Fj2 Cj3 Cj6,Fj4 Cj5 Fj7,4,2,0,Cj1 Fj2 Cj3 Fj4,Cj3 Fj4,
WIECZYSTA KRAKÓW,Ekstraklasa,2026/2027,,17,3,5,18,1,0,4,0,1,0,0,1,3,2P|1G|2P,4si|1no,4,1,Fj1 Cj2 Fj4 Fj5,Fj6,4,2,1,Fj1 Cj2 Fj4 Fj5,Cj2 Fj5,Fj5
POGON SZCZECIN,Ekstraklasa,2026/2027,,10,8,5,18,2,2,1,1,1,1,1,1,0,1P|2G|2E,2no|2si|1no,2,3,Cj3 Cj5,Cj1 Fj2 Fj6,2,2,1,Cj3 Cj5,Cj3 Cj5,Cj5
LEGIA WARSZAWA,Ekstraklasa,2026/2027,,1,15,7,18,4,3,0,2,2,1,2,0,0,2G|1E|1G|2E|1G,1no|2si|1no|3si,5,2,Cj2 Fj3 Fj5 Cj6 Fj7,Fj1 Cj4,6,2,1,Cj2 Fj3 Cj4 Fj5 Cj6 Fj7,Cj2 Cj4,Cj2
JAGIELLONIA,Ekstraklasa,2026/2027,,5,9,4,18,3,0,1,1,2,0,0,1,0,2G|1P|1G,1no|1si|1no|1si,2,2,Fj2 Fj6,Cj1 Cj3,2,1,1,Fj2 Fj6,Fj6,Fj6
KORONA KIELCE,Ekstraklasa,2026/2027,,8,9,6,18,2,3,1,0,2,3,0,0,1,1P|1E|1G|1E|1G|1E,1no|3si|1no|1si,4,2,Cj3 Fj4 Cj5 Cj7,Fj1 Fj6,5,2,2,Cj3 Fj4 Cj5 Fj6 Cj7,Fj4 Cj5,Fj4 Cj5
GORNIK ZABRZE,Ekstraklasa,2026/2027,,6,9,4,18,3,0,1,2,1,0,0,1,0,3G|1P,4si,4,0,Cj1 Fj3 Cj4 Cj6,,4,1,0,Cj1 Fj3 Cj4 Cj6,Fj3,
SLASK WROCLAW,Ekstraklasa,2026/2027,,14,6,6,18,1,3,2,1,0,2,1,0,2,1P|1G|1E|1P|2E,2si|1no|3si,5,1,Fj1 Cj2 Fj4 Cj5 Fj6,Cj3,4,1,0,Fj1 Fj4 Cj5 Fj6,Cj5,
LECH POZNAN,Ekstraklasa,2026/2027,,3,10,4,18,3,1,0,1,2,1,0,0,0,1E|3G,1no|1si|1no|1si,2,2,Fj2 Fj6,Cj1 Cj3,2,2,1,Fj2 Fj6,Fj2 Fj6,Fj6
CRACOVIA KRAKOW,Ekstraklasa,2026/2027,,11,8,6,18,2,2,2,2,0,0,2,1,1,1E|1P|1E|2G|1P,3no|3si,3,3,Cj4 Cj5 Fj6,Fj1 Cj2 Fj3,2,1,1,Cj4 Cj5,Cj5,Cj5
RAKÓW CZĘSTOCHOWA,Ekstraklasa,2026/2027,,18,0,4,18,0,0,4,0,0,0,0,2,2,4P,4si,4,0,Cj1 Fj2 Fj4 Cj6,,3,1,1,Cj1 Fj4 Cj6,Cj6,Cj6
WISLA PLOCK,Ekstraklasa,2026/2027,,16,4,5,18,1,1,3,0,1,1,0,1,2,1G|1E|3P,1si|1no|1si|2no,2,3,Fj1 Fj3,Cj2 Fj5 Cj6,4,2,1,Fj1 Fj3 Fj5 Cj6,Fj3 Fj5,Fj3
WIDZEW ŁÓDŹ,Ekstraklasa,2026/2027,,13,7,7,18,1,4,2,0,1,2,2,2,0,2E|1G|1P|1E|1P|1E,1si|2no|3si|1no,4,3,Cj1 Cj4 Fj5 Cj6,Fj2 Fj3 Cj7,4,4,3,Cj1 Cj4 Fj5 Cj6,Cj1 Cj4 Fj5 Cj6,Cj1 Cj4 Cj6
MOTOR LUBLIN,Ekstraklasa,2026/2027,,15,5,7,18,1,2,4,1,0,0,2,3,1,1E|2P|1G|1E|2P,3si|1no|1si|1no|1si,5,2,Fj1 Cj2 Fj3 Fj5 Cj7,Cj4 Cj6,5,3,2,Fj1 Cj2 Fj3 Fj5 Cj7,Fj1 Fj3 Fj5,Fj1 Fj5
WISLA KRAKOW,Ekstraklasa,2026/2027,,2,11,7,18,3,2,2,3,0,0,2,0,2,1G|1P|1G|1P|1E|1G|1E,5si|1no|1si,6,1,Cj1 Fj2 Cj3 Fj4 Fj5 Fj7,Cj6,5,3,3,Fj2 Cj3 Fj4 Fj5 Fj7,Fj2 Cj3 Fj5,Fj2 Cj3 Fj5
GKS KATOWICE,Ekstraklasa,2026/2027,,7,9,6,18,3,0,3,2,1,0,0,0,3,1P|1G|1P|2G|1P,2si|2no|1si|1no,3,3,Fj1 Cj2 Fj6,Fj4 Cj5 Fj7,4,2,0,Cj2 Cj5 Fj6 Fj7,Cj5 Fj7,
ZAGLEBIE LUBIN,Ekstraklasa,2026/2027,,12,8,5,18,2,2,1,2,0,1,1,0,1,1G|1P|1G|2E,1no|2si|2no,2,3,Fj2 Cj4,Cj1 Fj5 Cj6,2,1,1,Fj2 Cj4,Fj2,Fj2
PIAST GLIWICE,Ekstraklasa,2026/2027,,4,10,7,18,3,1,3,2,1,1,0,1,2,1P|1G|2P|1E|2G,1no|1si|1no|2si|2no,3,4,Cj2 Cj4 Cj5,Fj1 Fj3 Fj6 Cj7,4,2,1,Cj2 Cj4 Cj5 Cj7,Cj2 Cj7,Cj2
AIK STOCKHOLM,Allsvenskan Suecia 1a,2026,,4,31,18,16,9,4,5,4,5,0,4,4,1,1G|1E|1G|2P|1E|1P|1E|1G|1P|3G|1E|1P|3G,2si|1no|1si|1no|4si|1no|2si|3no|3si,12,6,Cj1 Fj2 Fj4 Fj6 Cj7 Fj8 Fj10 Fj12 Fj13 Fj17 Fj18 Cj20,Cj3 Cj5 Cj11 Cj14 Fj15 Cj16,13,10,7,Cj1 Cj3 Fj4 Cj5 Fj6 Cj7 Fj8 Cj11 Fj12 Cj16 Fj17 Fj18 Cj20,Fj4 Fj6 Cj7 Fj8 Cj11 Fj12 Cj16 Fj17 Fj18 Cj20,Fj4 Fj6 Cj7 Fj8 Fj12 Fj17 Cj20
HALMSTAD,Allsvenskan Suecia 1a,2026,,16,11,19,16,2,5,12,2,0,2,3,6,6,2P|2E|3P|1E|1G|4P|1E|3P|1E|1G,1si|1no|2si|1no|1si|1no|1si|1no|2si|2no|1si|3no|1si|1no,9,10,Fj1 Cj3 Fj4 Cj6 Cj8 Fj11 Cj12 Fj15 Fj19,Cj2 Fj5 Fj7 Cj9 Fj13 Cj14 Cj16 Cj17 Fj18 Cj20,11,5,3,Fj1 Cj2 Fj4 Cj8 Cj9 Fj11 Cj12 Fj13 Cj16 Fj18 Fj19,Fj11 Cj12 Fj13 Cj16 Fj19,Fj11 Cj12 Fj19
DEGERFORS IF,Allsvenskan Suecia 1a,2026,,14,16,19,16,4,4,11,2,2,2,2,5,6,1P|1G|1P|1G|2E|1P|1E|1P|1E|5P|2G|2P,3no|7si|5no|1si|3no,8,11,Cj4 Fj5 Cj6 Cj7 Fj8 Fj9 Cj11 Fj17,Cj1 Fj2 Cj3 Cj12 Fj13 Fj14 Cj15 Fj16 Cj18 Fj19 Fj20,14,3,1,Fj2 Cj4 Cj6 Cj7 Fj8 Fj9 Cj11 Fj13 Fj14 Cj15 Fj16 Fj17 Cj18 Fj20,Cj4 Cj7 Cj18,Cj4
SIRIUS,Allsvenskan Suecia 1a,2026,,1,42,19,16,13,3,3,6,7,2,1,2,1,4G|1E|5G|1E|4G|1E|3P,2no|4si|1no|2si|1no|4si|1no|2si|2no,12,7,Cj3 Fj4 Fj5 Cj6 Fj8 Cj10 Cj12 Fj13 Fj14 Cj15 Cj17 Fj18,Fj1 Cj2 Cj7 Fj11 Fj16 Cj19 Cj20,17,11,5,Cj2 Cj3 Fj4 Fj5 Cj6 Cj7 Fj8 Cj10 Fj11 Cj12 Fj13 Cj15 Fj16 Cj17 Fj18 Cj19 Cj20,Cj3 Fj5 Cj6 Fj8 Cj10 Fj11 Fj13 Cj15 Fj16 Cj17 Fj18,Fj5 Fj8 Cj10 Cj15 Cj17
IF ELFSBORG,Allsvenskan Suecia 1a,2026,,5,31,19,16,8,7,4,5,3,3,4,2,2,1G|1E|2G|1P|1E|1G|4E|3P|3G|1E|1G,1no|1si|1no|3si|1no|5si|1no|2si|2no|1si|1no,12,7,Fj2 Cj4 Fj5 Cj6 Fj8 Cj9 Cj10 Fj11 Cj12 Cj14 Fj15 Fj19,Cj1 Fj3 Cj7 Fj13 Fj17 Cj18 Cj20,11,4,4,Cj4 Fj5 Cj6 Fj8 Cj9 Cj10 Fj11 Fj15 Fj17 Cj18 Cj20,Cj4 Fj5 Cj6 Fj15,Cj4 Fj5 Cj6 Fj15
IFK GOTEBORG,Allsvenskan Suecia 1a,2026,,11,23,19,16,6,5,8,4,2,3,2,3,5,2P|3E|2P|1G|1E|1G|2P|1G|1P|2G|1P|1E|1G,2no|3si|2no|4si|1no|2si|1no|1si|1no|1si|1no,11,8,Fj3 Fj4 Cj5 Fj8 Cj10 Fj11 Cj12 Cj14 Fj15 Cj17 Cj19,Fj1 Cj2 Fj6 Cj7 Fj13 Cj16 Fj18 Cj20,12,9,6,Cj2 Fj4 Cj5 Fj6 Fj8 Fj11 Cj12 Fj13 Fj15 Cj16 Cj17 Fj18,Fj4 Fj6 Fj8 Fj11 Cj12 Fj13 Fj15 Cj17 Fj18,Fj4 Fj8 Fj11 Cj12 Fj15 Cj17
GAIS,Allsvenskan Suecia 1a,2026,,9,26,19,16,7,5,7,5,2,3,2,2,5,3P|2E|2G|1E|1G|1P|1G|1E|1G|1P|1E|1G|2P|1G,1no|2si|1no|1si|2no|1si|1no|1si|1no|1si|2no|1si|4no,7,12,Fj2 Fj3 Fj5 Cj8 Fj10 Fj12 Cj15,Cj1 Cj4 Cj6 Fj7 Cj9 Cj11 Cj13 Fj14 Fj17 Cj18 Fj19 Cj20,10,5,2,Fj2 Fj5 Cj6 Cj8 Cj9 Fj10 Cj11 Fj12 Fj19 Cj20,Fj2 Fj10 Fj12 Fj19 Cj20,Fj10 Fj12
DJURGARDENS IF,Allsvenskan Suecia 1a,2026,,3,35,19,16,11,2,6,5,6,1,1,4,2,2G|2P|1E|2G|2P|2G|1E|2G|2P|3G,1no|1si|1no|2si|1no|4si|5no|1si|3no,8,11,Cj2 Fj4 Cj5 Fj7 Cj8 Cj9 Fj12 Cj18,Fj1 Cj3 Cj6 Cj13 Fj14 Fj15 Cj16 Fj17 Fj19 Cj20 Fj21,15,11,6,Cj2 Fj4 Cj5 Cj6 Fj7 Cj8 Cj9 Fj12 Cj13 Fj15 Cj16 Fj17 Cj18 Fj19 Cj20,Cj2 Fj4 Cj6 Fj7 Cj8 Cj9 Fj12 Cj13 Cj16 Cj18 Cj20,Cj2 Fj4 Fj7 Cj8 Cj9 Fj12
BK HACKEN,Allsvenskan Suecia 1a,2026,,6,31,19,16,8,7,4,4,4,4,3,2,2,1E|2G|3E|2G|1E|1G|2P|1G|2E|1P|2G|1P,1si|1no|5si|1no|4si|2no|1si|3no|1si,12,7,Cj1 Cj3 Fj4 Cj5 Fj6 Cj7 Fj10 Cj11 Cj12 Fj13 Cj16 Cj20,Fj2 Fj8 Fj14 Cj15 Fj17 Cj18 Fj19,15,9,6,Cj1 Fj2 Fj4 Cj5 Fj6 Cj7 Fj10 Cj11 Cj12 Fj13 Cj16 Fj17 Cj18 Fj19 Cj20,Fj4 Cj5 Cj7 Cj11 Cj12 Fj13 Cj16 Fj17 Cj20,Fj4 Cj5 Cj7 Cj12 Fj13 Cj16
IF BROMMAPOJKARNA,Allsvenskan Suecia 1a,2026,,10,24,19,16,6,6,7,3,3,3,3,3,4,2E|1P|1G|1P|1G|1P|2G|2E|2P|1E|1P|1E|2G|1P,2si|1no|3si|2no|9si|2no,14,5,Fj1 Cj2 Fj4 Cj5 Fj6 Fj9 Fj11 Cj12 Cj13 Fj14 Cj15 Cj16 Fj17 Cj18,Fj3 Fj7 Cj8 Cj19 Fj20,12,7,4,Fj1 Fj3 Fj4 Cj5 Cj8 Fj9 Fj11 Cj12 Cj13 Fj17 Cj18 Fj20,Fj3 Cj5 Fj9 Cj12 Cj13 Fj17 Fj20,Cj5 Fj9 Cj12 Fj17
HAMMARBY FF,Allsvenskan Suecia 1a,2026,,2,36,19,16,11,3,5,8,3,1,2,1,4,1G|1P|1G|2E|3G|3P|3G|1E|3G|1P,2no|3si|2no|1si|1no|3si|2no|1si|3no|1si,9,10,Cj3 Cj4 Fj5 Cj8 Cj10 Fj11 Fj12 Fj15 Fj20,Cj1 Fj2 Cj6 Fj7 Fj9 Cj13 Cj14 Cj17 Fj18 Cj19,14,7,3,Cj1 Fj2 Cj3 Cj4 Fj5 Cj8 Fj9 Fj11 Cj13 Cj14 Cj17 Fj18 Cj19 Fj20,Cj1 Cj3 Cj8 Fj11 Cj17 Cj19 Fj20,Cj3 Cj8 Fj20
MJALLBY AIF,Allsvenskan Suecia 1a,2026,,12,20,18,16,5,5,8,3,2,1,4,5,3,2P|1G|1E|3G|1P|3E|1P|1E|2P|1G|2P,5no|2si|1no|4si|1no|1si|1no|1si|2no,8,10,Fj6 Fj7 Fj9 Fj10 Fj12 Cj13 Fj15 Cj18,Fj1 Cj2 Cj3 Fj4 Cj5 Cj8 Cj14 Cj17 Fj20 Cj21,11,7,1,Fj1 Cj2 Cj3 Fj6 Fj7 Fj9 Fj12 Fj15 Cj17 Cj18 Fj20,Fj1 Cj2 Cj3 Fj7 Fj15 Cj18 Fj20,Fj15
KALMAR FF,Allsvenskan Suecia 1a,2026,,13,19,19,16,5,4,10,5,0,2,2,2,8,3P|1E|1G|1P|1G|1P|1G|1P|1G|1P|1E|1G|1E|2P|1E|1P,1no|1si|1no|3si|2no|1si|3no|4si|3no,9,10,Fj2 Cj4 Cj5 Fj6 Cj9 Cj14 Cj15 Fj16 Fj17,Cj1 Fj3 Cj7 Fj8 Fj11 Cj12 Fj13 Cj18 Fj19 Fj20,16,8,7,Cj1 Fj2 Fj3 Cj4 Cj5 Fj6 Fj8 Cj9 Fj11 Cj12 Fj13 Cj14 Cj15 Fj16 Fj17 Cj18,Fj2 Cj4 Cj5 Fj6 Cj14 Cj15 Fj16 Fj17,Fj2 Cj4 Cj5 Cj14 Cj15 Fj16 Fj17
VASTERAS SK FK,Allsvenskan Suecia 1a,2026,,8,29,19,16,8,5,6,3,5,4,1,2,4,1G|1E|1P|1E|1G|2P|1E|1G|1P|2G|1E|1G|1P|1G|1P|1E|1G,1no|4si|2no|4si|7no|1si,9,10,Cj2 Fj3 Cj4 Fj5 Cj8 Fj10 Cj11 Fj12 Fj20,Fj1 Fj6 Cj7 Cj13 Fj14 Cj15 Fj16 Cj17 Fj18 Cj19,14,9,6,Fj1 Fj3 Cj4 Fj5 Cj8 Fj10 Cj11 Fj12 Cj13 Cj15 Fj16 Cj17 Fj18 Fj20,Fj3 Cj4 Fj5 Cj8 Fj10 Cj11 Fj12 Fj16 Fj20,Cj4 Fj5 Cj8 Fj10 Cj11 Fj12
ORGRYTE IS,Allsvenskan Suecia 1a,2026,,15,14,19,16,3,5,11,1,2,5,0,3,8,1E|1G|2P|1E|4P|1E|1P|1G|1E|1P|1G|2P|1E|1P,1si|1no|3si|2no|1si|1no|1si|1no|1si|3no|3si|1no,10,9,Cj1 Fj3 Cj4 Cj5 Cj8 Cj11 Cj13 Cj17 Fj18 Cj19,Fj2 Fj6 Fj7 Fj9 Fj12 Cj14 Fj15 Fj16 Fj20,15,7,5,Fj2 Fj3 Cj4 Fj6 Fj7 Cj8 Fj9 Cj11 Fj12 Cj13 Fj15 Fj16 Cj17 Fj18 Cj19,Fj2 Fj3 Cj8 Cj13 Fj16 Cj17 Cj19,Fj3 Cj8 Cj13 Cj17 Cj19
MALMO FF,Allsvenskan Suecia 1a,2026,,7,29,19,16,9,2,8,3,6,0,2,6,2,1E|2G|1P|1G|4P|3G|1E|1P|1G|1P|1G|1P|1G,2si|1no|1si|1no|5si|2no|4si|3no,12,7,Fj1 Cj2 Cj4 Cj6 Fj7 Fj8 Cj10 Cj11 Fj14 Cj15 Fj16 Cj17,Fj3 Fj5 Fj12 Cj13 Fj18 Cj19 Fj20,14,8,6,Cj2 Cj4 Fj5 Cj6 Fj7 Fj8 Cj10 Cj11 Cj13 Fj14 Cj15 Cj17 Cj19 Fj20,Cj2 Fj7 Fj8 Cj10 Cj11 Cj13 Fj14 Cj15,Fj7 Fj8 Cj10 Cj11 Fj14 Cj15
KYOTO SANGA,J1 League,2025/2026,,17,23,20,20,6,5,9,3,3,3,2,4,5,2E|2G|2P|1G|1E|1P|1G|1P|1E|1P|1E|3P|1G|1P|1G,2si|1no|1si|1no|3si|1no|1si|1no|3si|4no|1si|1no,11,9,Cj1 Fj2 Fj4 Cj6 Fj7 Cj8 Cj12 Cj16 Cj17 Fj18 Cj23,Cj3 Fj5 Fj10 Fj13 Fj19 Fj20 Cj21 Cj22 Fj24,13,4,3,Cj1 Cj3 Fj4 Fj7 Cj8 Fj10 Cj12 Fj13 Cj17 Fj18 Fj19 Cj21 Cj23,Fj7 Cj12 Fj19 Cj23,Fj7 Cj12 Cj23
KYOTO SANGA,J1 League,2026/2027,,14,5,5,20,1,2,2,1,0,0,2,1,1,1P|1E|1P|1G|1E,5si,5,0,Fj1 Fj2 Cj3 Cj4 Fj5,,4,2,0,Fj1 Fj2 Cj3 Cj4,Fj1 Cj3,
VISSEL KOBE,J1 League,2025/2026,,2,39,21,20,11,6,4,7,4,2,4,1,3,1E|1G|1P|2G|2E|4G|1E|1P|1E|1P|1G|1E|2G|1P|1G,1si|2no|1si|1no|3si|1no|2si|2no|1si|2no|1si|4no,9,12,Fj1 Cj4 Cj7 Fj8 Cj9 Fj11 Cj12 Fj18 Fj21,Cj2 Fj3 Fj6 Cj10 Cj16 Fj17 Cj19 Cj20 Fj22 Cj23 Fj24 Fj25,15,7,3,Fj1 Cj2 Fj6 Cj7 Fj8 Cj10 Fj11 Cj12 Fj17 Fj18 Cj19 Fj21 Fj22 Cj23 Fj25,Cj2 Cj7 Fj11 Cj12 Fj17 Cj19 Fj21,Cj7 Cj12 Fj21
VISSEL KOBE,J1 League,2026/2027,,7,7,4,20,2,1,1,1,1,1,0,0,1,1E|1P|2G,1si|3no,1,3,Cj2,Fj3 Cj4 Fj5,3,1,1,Cj2 Fj3 Fj5,Cj2,Cj2
V-VAREN NAGASAKI,J1 League,2025/2026,,10,26,20,20,8,2,10,4,4,2,0,4,6,2P|2G|1P|1G|1P|1G|3P|1E|1G|1P|1G|1P|1E|1P|2G,1si|1no|1si|1no|1si|1no|1si|4no|6si|3no,10,10,Cj1 Fj3 Fj5 Cj7 Cj15 Fj16 Cj17 Cj18 Fj19 Cj21,Fj2 Cj4 Cj6 Fj8 Cj11 Fj12 Fj13 Fj22 Cj23 Fj24,14,9,6,Cj1 Fj2 Cj4 Fj5 Cj7 Cj11 Fj13 Fj16 Cj17 Cj18 Fj19 Cj21 Cj23 Fj24,Fj2 Fj5 Cj7 Cj11 Fj16 Cj17 Cj18 Fj19 Cj21,Fj5 Cj7 Fj16 Cj17 Fj19 Cj21
V-VAREN NAGASAKI,J1 League,2026/2027,,15,4,5,20,1,1,3,1,0,1,0,1,2,1G|3P|1E,1si|1no|1si|1no|1si,3,2,Cj1 Fj3 Cj5,Fj2 Cj4,3,2,0,Cj1 Fj3 Cj4,Cj1 Cj4,
SANFRECCE HIROSHIMA,J1 League,2025/2026,,4,37,21,20,11,4,6,6,5,3,1,2,4,1G|1E|1G|1P|1G|4P|1E|2G|1E|1P|1E|6G,4si|1no|3si|1no|1si|1no|2si|1no|1si|2no|2si|2no,13,8,Fj1 Cj2 Fj3 Cj4 Fj7 Fj8 Fj9 Cj12 Cj15 Fj16 Cj18 Cj22 Cj23,Cj6 Cj11 Cj13 Fj17 Fj19 Fj21 Fj24 Cj25,16,5,4,Fj1 Cj2 Cj4 Cj6 Fj7 Fj8 Cj11 Cj13 Cj15 Fj16 Cj18 Fj21 Cj22 Cj23 Fj24 Cj25,Cj2 Fj8 Fj16 Cj22 Cj23,Cj2 Fj16 Cj22 Cj23
SANFRECCE HIROSHIMA,J1 League,2026/2027,,4,8,4,20,2,2,0,1,1,1,1,0,0,1G|2E|1G,2si|2no,2,2,Fj2 Cj3,Fj4 Cj5,2,1,1,Fj2 Cj3,Fj2,Fj2
YOKOHAMA F. MARINOS,J1 League,2025/2026,,15,24,21,20,7,3,11,3,4,2,1,6,5,3P|1G|1P|1G|1P|1G|3P|2G|1E|1P|1E|1P|1G|1E|1G|1P,1si|2no|1si|5no|5si|1no|1si|2no|1si|1no|1si,10,11,Cj1 Cj4 Cj12 Cj13 Fj15 Fj16 Cj17 Cj19 Fj23 Cj25,Fj2 Cj3 Fj5 Cj6 Fj7 Fj8 Fj11 Fj18 Cj20 Fj22 Cj24,14,7,5,Cj1 Cj4 Fj5 Fj8 Fj11 Cj12 Cj13 Fj15 Fj16 Cj17 Cj20 Fj22 Cj24 Cj25,Cj1 Fj5 Cj13 Fj15 Cj17 Fj22 Cj25,Cj1 Cj13 Fj15 Cj17 Cj25
YOKOHAMA F. MARINOS,J1 League,2026/2027,,8,7,4,20,2,1,1,1,1,1,0,0,1,2G|1P|1E,2no|2si,2,2,Fj4 Cj5,Fj2 Cj3,2,1,1,Cj3 Fj4,Fj4,Fj4
MACHIDA ZELVIA,J1 League,2025/2026,,3,39,21,20,10,9,2,5,5,3,6,2,0,1G|2E|2G|1P|1G|1E|1P|1E|1G|2E|2G|2E|1G|1E|2G,4si|2no|2si|3no|2si|3no|1si|1no|3si,12,9,Fj1 Cj2 Fj3 Cj4 Fj8 Cj9 Fj16 Fj17 Fj21 Fj23 Cj24 Fj25,Fj6 Cj7 Cj10 Fj11 Cj12 Cj18 Fj19 Cj20 Cj22,14,6,4,Fj1 Cj2 Cj4 Fj6 Cj7 Fj8 Cj9 Cj10 Fj16 Fj19 Fj21 Cj22 Fj23 Fj25,Fj1 Cj2 Cj7 Fj19 Fj23 Fj25,Fj1 Cj2 Fj23 Fj25
MACHIDA ZELVIA,J1 League,2026/2027,,1,10,4,20,3,1,0,2,1,0,1,0,0,2G|1E|1G,1no|3si,3,1,Cj3 Fj4 Cj5,Fj2,3,3,2,Fj2 Cj3 Fj4,Fj2 Cj3 Fj4,Cj3 Fj4
JEF UNITED CHIBA,J1 League,2025/2026,,20,13,21,20,3,4,14,2,1,2,2,6,8,1P|2E|1P|1G|3P|1G|1E|4P|1G|3P|1E|2P,2no|3si|1no|4si|1no|2si|4no|3si|1no,12,9,Fj3 Fj4 Cj5 Cj7 Fj8 Cj10 Cj12 Fj15 Cj16 Fj22 Fj23 Cj24,Cj1 Cj2 Fj6 Fj13 Fj17 Fj18 Cj19 Cj21 Fj25,17,5,2,Cj1 Fj3 Fj4 Cj7 Fj8 Cj10 Cj12 Fj15 Cj16 Fj17 Fj18 Cj19 Cj21 Fj22 Fj23 Cj24 Fj25,Cj1 Fj3 Cj10 Cj19 Fj22,Fj3 Fj22
JEF UNITED CHIBA,J1 League,2026/2027,,20,0,4,20,0,0,4,0,0,0,0,2,2,4P,2no|2si,2,2,Fj4 Cj5,Cj2 Fj3,3,3,2,Cj2 Fj4 Cj5,Cj2 Fj4 Cj5,Fj4 Cj5
URAWA,J1 League,2025/2026,,11,26,21,20,7,5,9,3,4,3,2,4,5,1G|1E|1G|1P|1G|1P|1E|2P|1E|2P|4G|1E|1P|1E|2P,1no|1si|1no|1si|2no|4si|1no|1si|3no|1si|2no|1si|1no|1si,10,11,Fj2 Cj4 Cj7 Cj8 Fj10 Cj12 Cj15 Fj19 Fj23 Fj25,Fj1 Fj3 Cj5 Fj6 Fj13 Cj16 Cj17 Fj18 Cj20 Fj22 Cj24,12,5,4,Fj1 Cj4 Cj5 Fj6 Cj8 Fj10 Cj15 Cj17 Fj19 Fj22 Cj24 Fj25,Fj1 Cj4 Fj10 Cj15 Fj25,Cj4 Fj10 Cj15 Fj25
URAWA,J1 League,2026/2027,,10,6,4,20,2,0,2,1,1,0,0,1,1,2P|2G,4si,4,0,Cj2 Fj3 Cj4 Fj5,,4,4,4,Cj2 Fj3 Cj4 Fj5,Cj2 Fj3 Cj4 Fj5,Cj2 Fj3 Cj4 Fj5
FC TOKYO,J1 League,2025/2026,,5,34,21,20,9,7,5,4,5,3,4,4,1,2E|1G|1P|1G|1E|1G|1E|1G|1E|4G|1P|1G|1E|1P|1E|2P,3si|2no|2si|3no|3si|2no|1si|2no|3si,12,9,Cj1 Cj2 Fj3 Fj6 Fj7 Fj12 Cj14 Fj16 Cj19 Fj23 Cj24 Cj25,Cj4 Cj5 Fj8 Fj10 Cj11 Cj17 Cj18 Fj20 Fj22,14,8,6,Cj1 Fj3 Cj5 Fj7 Fj10 Fj12 Cj14 Fj16 Cj17 Cj18 Cj19 Fj23 Cj24 Cj25,Cj1 Fj3 Cj5 Cj14 Cj19 Fj23 Cj24 Cj25,Cj1 Fj3 Cj14 Cj19 Fj23 Cj25
FC TOKYO,J1 League,2026/2027,,5,8,4,20,2,2,0,1,1,0,2,0,0,1E|2G|1E,1si|2no|1si,2,2,Fj2 Fj5,Cj3 Fj4,2,2,1,Fj2 Fj4,Fj2 Fj4,Fj2
KASHIMA,J1 League,2025/2026,,1,49,21,20,15,4,2,9,6,1,3,0,2,1E|7G|1E|3G|1P|1E|1G|1E|2G|1P|2G,1si|2no|1si|3no|2si|3no|2si|1no|1si|4no|1si,8,13,Fj1 Fj4 Cj8 Fj10 Fj16 Cj17 Fj19 Fj25,Cj2 Cj3 Cj5 Cj6 Fj7 Fj12 Cj13 Fj14 Cj18 Fj21 Cj22 Fj23 Cj24,12,6,4,Fj1 Cj3 Fj4 Cj5 Fj7 Cj8 Fj10 Fj14 Fj16 Fj21 Fj23 Fj25,Fj1 Fj4 Cj5 Fj7 Fj16 Fj25,Fj1 Fj4 Fj16 Fj25
KASHIMA,J1 League,2026/2027,,3,9,4,20,3,0,1,2,1,0,0,0,1,3G|1P,2si|1no|1si,3,1,Cj2 Cj3 Fj5,Fj4,4,2,1,Cj2 Cj3 Fj4 Fj5,Cj3 Fj5,Cj3
CEREZO OSAKA,J1 League,2025/2026,,6,34,21,20,9,7,5,4,5,5,2,2,3,1E|1G|2P|1E|1G|1P|1E|1P|2G|1P|3E|3G|1E|2G,2no|1si|2no|3si|3no|1si|1no|8si,13,8,Cj3 Fj6 Cj7 Cj8 Fj15 Cj17 Fj18 Cj19 Cj21 Fj22 Cj23 Fj24 Cj25,Cj1 Fj2 Fj4 Cj5 Fj10 Fj12 Cj13 Fj16,15,8,6,Fj2 Fj4 Cj7 Cj8 Fj12 Cj13 Fj15 Cj17 Fj18 Cj19 Cj21 Fj22 Cj23 Fj24 Cj25,Fj2 Cj7 Cj17 Cj19 Cj21 Cj23 Fj24 Cj25,Cj7 Cj17 Cj19 Cj21 Cj23 Cj25
CEREZO OSAKA,J1 League,2026/2027,,11,6,4,20,2,0,2,2,0,0,0,0,2,1P|1G|1P|1G,4no,0,4,,Fj2 Cj3 Fj4 Cj5,2,1,0,Fj2 Cj5,Fj2,
GAMBA OSAKA,J1 League,2025/2026,,8,30,21,20,7,9,5,4,3,4,5,3,2,2E|1G|1E|1G|1P|2E|1G|1P|1E|1P|2E|1G|2P|1G|1E|2G,2no|3si|1no|2si|2no|4si|1no|1si|1no|4si,14,7,Fj3 Cj4 Cj5 Fj7 Fj8 Cj13 Cj14 Fj15 Fj16 Fj18 Fj22 Cj23 Fj24 Cj25,Fj1 Cj2 Fj6 Cj10 Cj12 Cj17 Cj19,15,11,8,Fj3 Cj4 Cj5 Fj6 Fj7 Fj8 Cj10 Cj12 Cj13 Cj14 Cj17 Fj18 Cj23 Fj24 Cj25,Fj3 Cj4 Cj5 Fj7 Fj8 Cj13 Cj14 Cj17 Fj18 Fj24 Cj25,Fj3 Cj5 Fj7 Fj8 Cj13 Cj14 Fj24 Cj25
GAMBA OSAKA,J1 League,2026/2027,,17,3,4,20,0,3,1,0,0,1,2,0,1,1E|1P|2E,2si|1no|1si,3,1,Fj2 Fj3 Fj5,Cj4,2,1,1,Fj2 Fj3,Fj3,Fj3
TOKYO VERDY,J1 League,2025/2026,,12,26,20,20,7,5,8,5,2,2,3,3,5,2G|1E|2P|1G|1P|1E|1P|1E|3G|2P|1E|1G|1P|1E|1P,4si|4no|2si|1no|1si|2no|1si|3no|2si,10,10,Cj1 Fj2 Cj3 Fj4 Fj10 Fj12 Cj16 Fj19 Fj23 Cj24,Fj5 Cj6 Cj7 Cj8 Cj13 Cj17 Fj18 Fj20 Fj21 Cj22,12,8,3,Cj1 Fj2 Fj4 Fj5 Cj6 Cj7 Fj10 Cj16 Fj19 Cj22 Fj23 Cj24,Cj1 Fj5 Cj7 Fj10 Cj16 Fj19 Cj22 Cj24,Cj16 Fj19 Cj24
TOKYO VERDY,J1 League,2026/2027,,18,2,5,20,0,2,3,0,0,1,1,3,0,1E|1P|1E|2P,2si|3no,2,3,Cj1 Cj2,Fj3 Cj4 Cj5,3,1,1,Cj2 Cj4 Cj5,Cj2,Cj2
MITO HOLLYHOCK,J1 League,2025/2026,,19,14,21,20,2,8,11,2,0,4,4,4,7,1P|3E|1P|1E|1G|1P|2E|1G|1P|2E|7P,4si|1no|1si|2no|2si|1no|3si|1no|1si|1no|1si|2no|1si,13,8,Fj1 Fj2 Cj3 Fj4 Cj6 Cj10 Fj12 Fj14 Cj16 Fj17 Cj19 Cj22 Fj25,Fj5 Cj7 Fj8 Cj13 Fj18 Cj21 Fj23 Cj24,15,8,4,Fj1 Fj2 Cj3 Fj4 Fj5 Fj8 Cj10 Fj12 Fj14 Cj16 Fj17 Cj19 Fj23 Cj24 Fj25,Fj1 Fj2 Cj3 Fj4 Fj8 Fj14 Fj17 Fj25,Fj2 Cj3 Fj14 Fj17
MITO HOLLYHOCK,J1 League,2026/2027,,6,8,4,20,2,2,0,1,1,2,0,0,0,1E|1G|1E|1G,4si,4,0,Cj2 Fj3 Cj4 Cj5,,4,3,1,Cj2 Fj3 Cj4 Cj5,Fj3 Cj4 Cj5,Cj4
KAWASAKI FRONTALE,J1 League,2025/2026,,14,25,20,20,7,4,9,4,3,2,2,4,5,1G|1E|1P|1E|1P|1G|1P|1E|1G|1P|2G|2P|1G|1P|1E|1G|2P,1si|1no|2si|3no|2si|1no|2si|4no|3si|1no,10,10,Cj1 Cj3 Cj4 Fj9 Cj10 Fj13 Cj15 Cj21 Fj22 Fj23,Fj2 Fj6 Fj7 Cj8 Cj12 Fj16 Fj17 Cj18 Fj19 Cj24,13,7,5,Cj1 Cj3 Cj4 Fj7 Cj8 Fj9 Cj10 Fj13 Cj15 Fj17 Cj21 Fj23 Cj24,Cj1 Cj3 Cj4 Fj7 Cj10 Fj13 Fj23,Cj1 Cj3 Cj10 Fj13 Fj23
KAWASAKI FRONTALE,J1 League,2026/2027,,13,6,5,20,1,3,1,1,0,1,2,0,1,3E|1G|1P,5si,5,0,Fj1 Cj2 Fj3 Cj4 Fj5,,3,1,1,Cj2 Fj3 Cj4,Cj4,Cj4
KASHIWA REYSOL,J1 League,2025/2026,,13,25,21,20,8,1,12,5,3,0,1,6,6,3P|1G|2P|1E|2G|6P|4G|1P|1G,2si|2no|1si|1no|1si|5no|1si|4no|2si|1no|1si,8,13,Fj1 Cj2 Fj5 Fj7 Cj16 Cj22 Fj23 Cj25,Fj3 Fj4 Cj6 Cj8 Cj11 Fj12 Fj13 Cj14 Fj17 Cj18 Cj19 Fj20 Cj24,12,5,3,Fj1 Cj2 Fj3 Cj6 Cj8 Cj11 Cj14 Cj16 Fj20 Cj22 Fj23 Cj25,Fj1 Cj8 Cj22 Fj23 Cj25,Fj1 Cj22 Fj23
KASHIWA REYSOL,J1 League,2026/2027,,2,9,4,20,3,0,1,1,2,0,0,0,1,3G|1P,2si|2no,2,2,Fj2 Cj3,Fj4 Fj5,3,1,1,Fj2 Cj3 Fj5,Fj2,Fj2
AVISPA FUKUOKA,J1 League,2025/2026,,18,21,21,20,4,9,8,1,3,6,3,4,4,1E|5P|2E|2G|1E|1G|1P|4E|1P|1E|1G|1P,1si|2no|2si|1no|2si|2no|2si|1no|4si|1no|2si|1no,13,8,Cj1 Fj4 Cj5 Cj7 Cj8 Fj13 Fj14 Cj16 Fj17 Cj18 Fj19 Cj23 Fj24,Cj2 Fj3 Fj6 Fj11 Cj12 Fj15 Cj22 Cj25,16,7,4,Cj1 Cj2 Fj3 Cj5 Cj8 Fj11 Fj13 Fj14 Fj15 Cj16 Fj17 Cj18 Cj22 Cj23 Fj24 Cj25,Cj2 Cj5 Cj8 Fj13 Fj14 Cj16 Fj17,Cj8 Fj14 Cj16 Fj17
AVISPA FUKUOKA,J1 League,2026/2027,,16,3,4,20,1,0,3,1,0,0,0,1,2,1G|3P,1no|3si,3,1,Fj3 Fj4 Cj5,Cj2,4,3,2,Cj2 Fj3 Fj4 Cj5,Cj2 Fj3 Cj5,Fj3 Cj5
FAGIANO OKAYAMA,J1 League,2025/2026,,9,28,21,20,7,7,7,4,3,2,5,4,3,2E|1P|1E|1G|1E|1G|3P|1E|1G|1E|1G|1P|2G|1P|1E|1G|1P,4si|1no|2si|1no|3si|1no|1si|1no|1si|2no|2si|1no|1si,14,7,Fj1 Fj2 Cj3 Cj4 Fj6 Fj7 Cj11 Fj12 Fj13 Fj16 Fj18 Cj22 Cj23 Fj25,Cj5 Cj8 Cj15 Cj17 Fj19 Cj21 Fj24,14,9,6,Fj1 Fj2 Cj3 Fj7 Cj11 Fj12 Fj13 Cj15 Fj18 Fj19 Cj21 Cj22 Fj24 Fj25,Fj2 Cj3 Fj7 Cj11 Fj12 Fj13 Fj18 Fj19 Fj25,Fj2 Cj3 Fj7 Fj12 Fj13 Fj25
FAGIANO OKAYAMA,J1 League,2026/2027,,9,7,4,20,2,1,1,1,1,1,0,0,1,1G|1E|1P|1G,2no|2si,2,2,Fj4 Fj5,Cj2 Cj3,2,2,2,Fj4 Fj5,Fj4 Fj5,Fj4 Fj5
NAGOYA GRAMPUS,J1 League,2025/2026,,7,30,21,20,8,6,7,5,3,3,3,3,4,1G|1E|1P|1E|1G|1P|1G|1E|1G|1P|1E|1G|1E|3G|2P|1E|2P,2no|3si|1no|2si|1no|2si|1no|3si|1no|4si|1no,14,7,Cj3 Fj4 Fj5 Cj7 Fj8 Fj12 Cj13 Cj16 Fj17 Cj18 Fj21 Fj22 Cj23 Fj24,Cj1 Fj2 Cj6 Cj10 Fj15 Cj19 Cj25,14,9,5,Fj5 Cj6 Cj7 Fj8 Fj12 Cj13 Fj15 Fj17 Cj18 Cj19 Fj21 Fj22 Cj23 Cj25,Fj5 Fj12 Cj13 Fj17 Cj18 Cj19 Fj21 Fj22 Cj23,Fj12 Fj17 Fj21 Fj22 Cj23
NAGOYA GRAMPUS,J1 League,2026/2027,,12,6,4,20,2,0,2,2,0,0,0,0,2,1P|2G|1P,3si|1no,3,1,Fj2 Cj3 Cj4,Fj5,3,2,2,Fj2 Cj3 Cj4,Cj3 Cj4,Cj3 Cj4
SHIMIZU S-PULSE,J1 League,2025/2026,,16,24,21,20,5,9,7,2,3,5,4,3,4,1P|1E|1G|4E|1G|1P|1G|1E|2P|1G|2E|2P|1E|1P|1G,1no|1si|1no|1si|1no|3si|2no|1si|1no|4si|1no|2si|2no,12,9,Cj2 Fj4 Cj6 Fj7 Cj8 Fj12 Cj16 Fj17 Cj18 Cj19 Cj22 Cj23,Fj1 Cj3 Fj5 Fj10 Fj11 Cj15 Fj21 Fj24 Fj25,11,4,1,Fj4 Cj8 Fj10 Fj11 Cj15 Cj16 Fj17 Cj18 Fj21 Fj24 Fj25,Fj4 Cj8 Fj11 Cj16,Cj16
SHIMIZU S-PULSE,J1 League,2026/2027,,19,1,4,20,0,1,3,0,0,1,0,2,1,3P|1E,3no|1si,1,3,Cj5,Cj2 Fj3 Cj4,0,0,0,,,
GIMHAE CITY,K League 2,2026,,17,12,22,17,2,6,14,0,2,2,4,8,6,5P|2E|4P|1G|1P|1E|1P|1G|2E|1P|1E|2P,1si|1no|1si|1no|4si|1no|2si|1no|3si|1no|2si|1no|1si|2no,14,8,Cj1 Cj3 Fj6 Fj7 Fj8 Fj9 Fj11 Cj12 Cj14 Fj15 Cj16 Cj19 Fj20 Cj22,Fj2 Cj4 Cj10 Fj13 Fj17 Fj21 Fj23 Cj24,15,4,2,Cj1 Fj2 Cj3 Cj4 Fj6 Fj7 Fj9 Cj10 Fj11 Cj12 Cj14 Fj17 Fj20 Fj23 Cj24,Fj9 Cj14 Fj20 Cj24,Cj14 Fj20
ANSAN GREENERS,K League 2,2026,,15,19,23,17,5,4,14,2,3,2,2,10,4,1G|2P|2E|1P|1G|1P|1G|6P|1G|1P|1G|2E|3P,6si|2no|1si|1no|1si|2no|3si|2no|5si,16,7,Fj1 Cj2 Cj3 Fj4 Cj5 Cj6 Cj9 Cj11 Cj14 Cj16 Cj17 Cj20 Fj21 Fj22 Cj23 Cj24,Fj7 Cj8 Fj10 Cj12 Fj13 Fj18 Fj19,19,8,7,Fj1 Cj2 Cj3 Fj4 Cj5 Cj6 Fj7 Cj9 Cj11 Cj12 Cj14 Cj16 Cj17 Fj18 Cj20 Fj21 Fj22 Cj23 Cj24,Cj3 Fj4 Cj5 Cj11 Cj14 Fj18 Cj20 Fj22,Cj3 Fj4 Cj5 Cj11 Cj14 Cj20 Fj22
SUWON BLUEWINGS,K League 2,2026,,1,47,23,17,14,5,4,6,8,4,1,1,3,5G|1E|1P|2G|1P|1E|1G|1P|2G|1P|1E|1G|1E|1G|1E|2G,1si|7no|2si|1no|3si|1no|1si|1no|2si|1no|1si|1no|1si,11,12,Cj1 Cj9 Fj10 Cj13 Fj14 Fj15 Fj17 Fj19 Fj20 Cj22 Fj24,Fj2 Cj3 Fj4 Fj5 Cj6 Cj7 Fj8 Cj11 Cj16 Cj18 Cj21 Fj23,14,3,3,Cj1 Cj3 Fj4 Fj5 Cj9 Fj10 Cj13 Fj15 Cj16 Fj17 Fj19 Fj20 Cj22 Fj24,Cj1 Fj19 Cj22,Cj1 Fj19 Cj22
SEOUL E-LAND FC,K League 2,2026,,3,42,23,17,12,6,5,6,6,2,4,3,2,1P|1G|1P|1E|4G|1P|1G|1P|1E|2G|1P|1G|1E|2G|1E|1G|2E,1si|1no|1si|1no|1si|1no|1si|1no|2si|1no|2si|1no|5si|1no|3si,16,7,Fj1 Cj3 Fj5 Fj7 Cj9 Cj10 Cj12 Cj13 Cj15 Fj16 Fj18 Cj19 Fj20 Cj22 Cj23 Fj24,Cj2 Fj4 Cj6 Fj8 Fj11 Fj14 Fj21,15,7,6,Fj1 Cj2 Cj3 Fj5 Cj6 Fj7 Cj9 Cj10 Fj11 Cj12 Cj13 Cj15 Fj18 Cj19 Cj22,Fj1 Fj5 Fj7 Cj10 Cj13 Cj19 Cj22,Fj1 Fj5 Fj7 Cj10 Cj19 Cj22
GIMCHEON SANGMU FC,K League 1,2026,,11,27,26,12,4,15,7,1,3,8,7,3,4,5E|1P|2E|1P|2G|2P|1E|1P|2E|1P|1E|2G|4E|1P,4si|1no|3si|2no|2si|1no|1si|1no|2si|1no|2si|2no|1si|2no|1si,16,10,Cj1 Cj2 Fj3 Cj4 Fj7 Cj8 Fj10 Fj13 Cj14 Fj16 Cj18 Cj19 Fj21 Cj22 Fj25 Fj28,Fj5 Cj11 Fj12 Cj15 Fj17 Fj20 Fj23 Cj24 Fj26 Cj27,15,9,5,Cj1 Fj3 Fj7 Fj10 Cj11 Fj12 Fj13 Cj14 Cj15 Fj16 Cj19 Fj20 Fj21 Cj22 Fj28,Fj7 Cj11 Fj13 Cj15 Cj19 Fj20 Fj21 Cj22 Fj28,Fj13 Cj19 Fj21 Cj22 Fj28
POHANG STEELERS,K League 1,2026,,6,35,26,12,10,5,11,3,7,2,3,6,5,2E|1P|1E|2G|2P|1G|1P|1G|1E|2G|1P|2G|5P|1G|1P|1G|1E,2si|7no|1si|1no|1si|3no|1si|1no|2si|3no|1si|1no|1si|1no,9,17,Fj1 Cj3 Fj12 Fj14 Fj18 Fj20 Fj21 Fj25 Fj27,Cj4 Cj5 Cj6 Cj7 Cj8 Cj10 Cj11 Fj13 Fj15 Fj16 Fj17 Fj19 Cj22 Cj23 Cj24 Fj26 Fj28,16,4,2,Fj1 Cj3 Cj4 Cj7 Cj8 Cj11 Fj12 Fj16 Fj18 Fj19 Fj20 Fj21 Cj22 Fj25 Fj26 Fj27,Cj8 Fj12 Fj18 Fj26,Fj12 Fj18
ULSAN HYUNDAI FC,K League 1,2026,,2,40,26,12,12,4,10,6,6,1,3,6,4,3G|1E|1P|1G|1P|1G|1E|2P|3G|1P|1E|1P|1E|1P|3G|3P|1G,2si|3no|5si|1no|1si|1no|1si|1no|6si|1no|1si|1no|2si,18,8,Cj1 Fj3 Fj8 Cj9 Cj10 Fj11 Cj12 Fj14 Cj16 Fj18 Cj19 Fj20 Cj21 Fj22 Cj23 Cj25 Fj27 Cj28,Fj4 Cj5 Fj7 Cj13 Cj15 Fj17 Fj24 Fj26,18,12,6,Cj1 Fj3 Fj7 Fj8 Cj9 Cj10 Fj11 Cj12 Fj14 Cj15 Cj16 Fj17 Cj19 Fj20 Cj21 Fj22 Cj25 Cj28,Cj1 Fj3 Cj9 Cj10 Cj12 Cj16 Fj17 Fj20 Cj21 Fj22 Cj25 Cj28,Fj3 Cj10 Fj20 Cj21 Cj25 Cj28
GANGWON FC,K League 1,2026,,5,37,25,12,9,10,6,4,5,6,4,2,4,1P|3E|1P|2G|1E|1G|1P|1G|2E|3G|1E|1G|1E|2P|1G|1P|2E,2si|1no|1si|3no|1si|1no|1si|1no|1si|3no|1si|2no|2si|1no|1si|1no|1si|1no,11,14,Fj1 Cj3 Cj5 Cj10 Cj12 Cj14 Fj18 Fj21 Fj22 Fj25 Cj27,Fj4 Fj6 Cj7 Fj8 Fj11 Fj13 Fj15 Cj16 Cj17 Fj19 Cj20 Cj23 Fj26 Cj28,17,10,3,Fj1 Cj3 Cj5 Cj7 Fj8 Cj10 Fj11 Cj12 Fj13 Cj17 Fj18 Cj20 Fj21 Fj22 Cj23 Fj25 Cj27,Fj1 Cj3 Cj7 Fj11 Cj17 Cj20 Fj21 Fj22 Fj25 Cj27,Cj3 Fj21 Fj25
INCHEON UNITED,K League 1,2026,,7,34,25,12,9,7,9,4,5,3,4,6,3,2P|1E|1P|2G|1P|1E|2G|1P|1E|1G|1P|1G|2P|2G|3E|1G|1P|1E,4si|1no|4si|9no|4si|1no|2si,14,11,Cj1 Fj2 Fj3 Cj4 Cj7 Cj8 Fj10 Fj11 Fj21 Cj22 Fj23 Cj25 Fj27 Cj28,Fj5 Cj12 Cj13 Fj14 Fj15 Cj16 Cj17 Fj18 Cj19 Cj20 Fj26,17,10,6,Fj2 Fj3 Cj4 Cj7 Cj8 Fj10 Fj11 Cj13 Fj15 Cj16 Cj17 Cj19 Cj20 Fj21 Cj22 Fj23 Fj27,Fj2 Cj4 Cj7 Fj10 Fj11 Fj15 Cj17 Fj21 Fj23 Fj27,Fj2 Cj4 Fj11 Fj21 Fj23 Fj27
FC SEOUL,K League 1,2026,,1,56,26,12,17,5,4,7,10,2,3,3,1,4G|1E|2G|1P|2G|1P|1E|1P|3G|1E|2G|1P|2E|4G,2si|2no|1si|1no|1si|2no|2si|1no|1si|1no|1si|2no|3si|2no|1si|2no|1si,13,13,Fj1 Fj3 Fj7 Fj9 Fj12 Cj13 Fj15 Fj17 Fj20 Cj21 Cj22 Cj25 Fj28,Fj4 Cj5 Cj8 Cj10 Cj11 Cj14 Fj16 Cj18 Cj19 Fj23 Fj24 Fj26 Cj27,16,6,2,Fj4 Cj5 Fj7 Fj9 Cj10 Cj11 Fj12 Cj13 Fj15 Fj17 Fj20 Cj21 Cj22 Cj25 Fj26 Fj28,Fj9 Cj11 Cj13 Cj22 Fj26 Fj28,Cj13 Fj28
JEONBUK MOTORS,K League 1,2026,,3,39,26,12,10,9,7,6,4,2,7,4,3,1P|2E|3G|1P|1E|1P|3G|2E|1G|1P|1G|1P|1E|1G|1E|2P|1G|2E,2si|1no|1si|3no|3si|2no|1si|2no|2si|4no|2si|2no|1si,12,14,Cj1 Fj2 Cj4 Fj10 Cj11 Cj12 Fj15 Cj18 Fj19 Cj24 Fj25 Fj28,Fj3 Fj5 Cj7 Fj8 Fj13 Cj14 Fj16 Cj17 Fj20 Cj21 Fj22 Cj23 Cj26 Fj27,15,5,4,Cj1 Cj4 Fj5 Cj7 Fj10 Cj11 Cj12 Fj13 Cj14 Cj18 Fj19 Fj20 Fj22 Cj24 Fj25,Cj1 Cj4 Cj11 Cj12 Fj25,Cj1 Cj4 Cj11 Cj12
BUCHEON FC 1995,K League 1,2026,,10,31,26,12,7,10,9,3,4,6,4,5,4,1G|1E|1P|2E|1P|1G|1E|2P|1G|2P|1E|1G|2E|2P|1E|1G|1E|2G|1P|1E,3si|4no|1si|7no|5si|2no|1si|2no|1si,11,15,Fj1 Cj2 Cj3 Cj10 Fj18 Fj19 Cj20 Cj21 Fj22 Cj25 Cj28,Cj4 Fj5 Fj7 Fj8 Fj11 Cj12 Fj13 Cj14 Fj15 Cj16 Cj17 Fj23 Cj24 Cj26 Fj27,14,8,4,Fj1 Cj3 Fj7 Cj10 Fj11 Cj12 Fj15 Fj19 Cj20 Cj21 Fj22 Fj23 Cj25 Cj26,Fj1 Cj3 Cj10 Fj11 Fj19 Cj21 Cj25 Cj26,Fj1 Cj3 Fj19 Cj21
JEJU UNITED FC,K League 1,2026,,4,38,26,12,10,8,8,5,5,6,2,5,3,1E|3P|1E|2G|1E|1G|2P|2G|2P|2E|1G|1E|1G|1E|2G|1E|1P|1G,1no|2si|1no|1si|2no|1si|4no|4si|1no|5si|2no|2si,15,11,Fj2 Cj3 Fj5 Cj10 Cj15 Fj16 Cj17 Fj18 Cj20 Cj21 Fj22 Cj23 Fj24 Cj27 Cj28,Cj1 Cj4 Cj7 Fj8 Fj11 Fj12 Cj13 Fj14 Cj19 Cj25 Cj26,17,5,3,Fj5 Cj7 Fj8 Cj10 Fj11 Cj13 Cj15 Fj16 Cj17 Cj20 Cj21 Fj22 Cj23 Fj24 Cj25 Cj27 Cj28,Fj8 Fj16 Cj21 Fj22 Cj23,Cj21 Fj22 Cj23
GWANGJU FC,K League 1,2026,,12,12,26,12,1,9,16,1,0,4,5,9,7,1E|1G|2E|8P|1E|2P|1E|1P|2E|2P|1E|2P|1E|1P,1no|1si|1no|1si|3no|1si|1no|1si|5no|1si|1no|3si|2no|1si|1no|2si,11,15,Cj2 Fj4 Fj10 Cj12 Cj18 Fj20 Cj21 Cj22 Cj25 Fj27 Cj28,Fj1 Cj3 Fj5 Fj7 Cj8 Fj11 Cj13 Fj14 Cj15 Cj16 Fj17 Cj19 Fj23 Fj24 Cj26,15,10,5,Cj2 Fj5 Fj7 Fj10 Fj11 Cj12 Cj13 Fj14 Fj17 Cj19 Cj21 Cj22 Cj25 Fj27 Cj28,Cj2 Fj7 Fj10 Cj12 Cj13 Fj17 Cj21 Cj22 Fj27 Cj28,Cj2 Fj10 Cj21 Cj22 Cj28
CHEONGJU,K League 2,2026,,13,23,23,17,3,14,6,2,1,6,8,4,2,1P|3E|1P|7E|1P|1G|1P|1E|1G|2E|1P|1G|1E|1P,5si|1no|2si|2no|6si|1no|2si|1no|3si,18,5,Cj1 Fj2 Fj3 Cj4 Cj5 Fj7 Cj8 Cj11 Fj12 Cj13 Fj15 Cj16 Fj17 Fj19 Cj20 Cj22 Cj23 Fj24,Fj6 Cj9 Fj10 Cj18 Fj21,16,7,5,Cj1 Fj2 Fj3 Cj4 Cj5 Fj7 Cj11 Fj12 Cj13 Fj15 Cj16 Fj17 Cj18 Cj20 Fj21 Cj23,Cj1 Fj2 Cj4 Cj13 Cj16 Fj21 Cj23,Cj1 Fj2 Cj4 Cj13 Cj23
SUWON CITY FC,K League 2,2026,,2,43,22,17,12,7,3,6,6,4,3,0,3,4G|1P|1E|1P|1E|1G|1E|1G|1P|2E|2G|1E|2G|1E|2G,4si|1no|7si|1no|2si|1no|2si|1no|1si|1no|1si,17,5,Fj1 Cj2 Fj3 Cj5 Cj7 Fj8 Cj9 Cj10 Fj11 Fj12 Fj13 Fj15 Fj16 Cj18 Fj19 Fj22 Cj24,Fj6 Cj14 Cj17 Fj21 Cj23,20,10,6,Fj1 Cj2 Fj3 Cj5 Fj6 Cj7 Fj8 Cj9 Cj10 Fj11 Fj12 Fj13 Fj15 Fj16 Cj17 Cj18 Fj19 Fj22 Cj23 Cj24,Fj1 Cj5 Cj7 Fj8 Fj12 Fj13 Cj17 Fj19 Fj22 Cj24,Fj1 Cj5 Cj7 Fj13 Fj22 Cj24
YONGIN CITY,K League 2,2026,,12,25,22,17,5,10,7,2,3,5,5,4,3,1E|2P|1E|1P|1E|1P|1G|1P|1G|4E|1G|1E|1P|2E|1G|1P|1G,3si|2no|1si|1no|4si|1no|2si|1no|1si|1no|2si|1no|1si|1no,14,8,Cj1 Fj2 Cj3 Cj6 Cj9 Cj10 Fj11 Fj12 Cj14 Fj15 Cj17 Fj19 Fj20 Fj23,Fj4 Cj5 Fj7 Cj13 Fj16 Cj18 Cj21 Fj24,13,7,4,Cj1 Fj2 Cj3 Cj5 Cj6 Cj9 Fj11 Fj12 Cj17 Cj18 Fj20 Fj23 Fj24,Cj1 Cj3 Cj9 Fj11 Cj18 Fj20 Fj24,Cj1 Cj3 Fj11 Fj20
CHEONAN CITY,K League 2,2026,,14,21,23,17,4,9,10,2,2,6,3,3,7,1E|1P|2E|1G|1E|1G|1E|1G|1P|1E|1P|1G|1E|4P|1E|1P|1E|2P,1si|1no|1si|2no|3si|3no|4si|2no|4si|2no,13,10,Fj1 Fj3 Cj7 Fj8 Cj9 Fj13 Fj14 Cj15 Fj16 Fj19 Cj20 Fj21 Fj22,Cj2 Cj4 Cj5 Cj10 Fj11 Cj12 Cj17 Fj18 Cj23 Fj24,17,6,6,Fj1 Fj3 Cj5 Cj7 Fj8 Cj9 Cj10 Fj11 Fj13 Fj14 Cj15 Cj17 Fj18 Fj19 Cj20 Fj21 Fj22,Fj1 Fj14 Fj19 Cj20 Fj21 Fj22,Fj1 Fj14 Fj19 Cj20 Fj21 Fj22
GYEONGNAM FC,K League 2,2026,,9,30,23,17,7,9,7,6,1,2,7,4,3,2P|1E|1G|1E|2P|1G|1P|1G|1E|1G|1P|1E|1G|1E|1G|2E|1P|2E|1G,1si|1no|1si|1no|2si|1no|1si|1no|3si|1no|3si|1no|2si|1no|2si|1no,15,8,Cj1 Cj3 Fj5 Cj6 Fj9 Cj11 Fj12 Cj13 Cj15 Cj16 Fj17 Fj19 Fj20 Fj22 Fj23,Fj2 Cj4 Cj8 Fj10 Fj14 Cj18 Cj21 Cj24,14,9,7,Cj1 Fj2 Cj3 Fj5 Cj6 Fj9 Cj11 Cj13 Fj14 Fj17 Cj18 Fj19 Fj20 Fj23,Cj1 Fj5 Cj6 Fj9 Cj13 Fj17 Cj18 Fj20 Fj23,Fj5 Cj6 Fj9 Cj13 Fj17 Fj20 Fj23
JEONNAM DRAGONS,K League 2,2026,,16,19,22,17,4,7,11,3,1,3,4,3,8,1G|4P|1E|1P|1E|1P|2E|2P|2E|1P|1G|1E|2P|2G,2si|3no|1si|1no|2si|1no|1si|2no|2si|2no|3si|2no,11,11,Fj1 Fj2 Fj6 Fj8 Fj9 Cj12 Fj15 Cj16 Cj19 Cj20 Fj22,Fj3 Fj4 Fj5 Fj7 Fj11 Cj13 Cj14 Fj17 Cj18 Cj23 Cj24,15,6,3,Fj1 Fj2 Fj3 Fj4 Fj5 Fj6 Fj7 Fj8 Fj9 Cj12 Fj15 Cj16 Fj17 Cj19 Cj23,Fj1 Fj2 Fj8 Fj15 Cj16 Fj17,Fj2 Fj8 Fj15
DAEGU FC,K League 2,2026,,4,42,23,17,12,6,5,7,5,2,4,3,2,3G|2P|2E|1P|1G|1E|2G|1E|3G|1E|2P|2G|1E|1G,1no|7si|2no|1si|1no|1si|1no|5si|2no|2si,16,7,Cj2 Fj3 Fj4 Cj5 Cj6 Fj7 Cj8 Fj12 Fj14 Fj16 Cj17 Fj18 Cj19 Fj20 Cj23 Fj24,Cj1 Cj10 Fj11 Cj13 Cj15 Fj21 Cj22,15,9,6,Cj1 Cj2 Fj3 Fj4 Cj5 Cj6 Fj7 Cj8 Fj12 Fj16 Cj17 Fj18 Cj19 Fj20 Fj24,Cj2 Fj3 Cj5 Cj6 Fj7 Fj16 Cj17 Cj19 Fj20,Cj2 Fj3 Cj5 Cj6 Fj7 Cj17
HWASEONG,K League 2,2026,,5,39,23,17,11,6,6,8,3,5,1,3,3,1P|1G|2E|2P|1G|1E|2G|1E|3G|2P|3G|2E|1P|1G,2no|1si|2no|1si|1no|2si|1no|3si|1no|2si|1no|2si|3no|1si,12,11,Cj3 Cj6 Cj8 Fj9 Cj11 Cj12 Fj13 Cj15 Cj17 Cj19 Cj20 Cj24,Fj1 Cj2 Cj4 Fj5 Cj7 Cj10 Cj14 Fj18 Cj21 Fj22 Fj23,18,6,2,Fj1 Cj2 Cj3 Fj5 Cj6 Cj7 Cj8 Fj9 Cj11 Cj12 Fj13 Cj14 Cj15 Cj17 Fj18 Cj19 Cj20 Fj23,Cj6 Cj12 Fj13 Fj18 Cj19 Cj20,Cj12 Fj13
DAEJEON CITIZEN,K League 1,2026,,9,32,26,12,8,8,10,3,5,5,3,5,5,3E|1G|3P|1G|1P|2G|1E|3P|4E|1P|2G|1P|2G|1P,4si|5no|1si|4no|2si|1no|1si|1no|1si|1no|2si|1no|2si,13,13,Cj1 Fj2 Cj3 Fj4 Fj12 Cj17 Cj18 Cj20 Fj22 Fj24 Fj25 Cj27 Fj28,Cj5 Fj7 Cj8 Fj10 Cj11 Fj13 Cj14 Cj15 Fj16 Fj19 Fj21 Cj23 Cj26,15,6,3,Cj3 Fj4 Cj5 Fj7 Cj8 Fj10 Cj11 Fj12 Fj13 Cj17 Cj20 Fj22 Fj24 Fj25 Fj28,Fj4 Fj12 Fj13 Cj20 Fj22 Fj24,Fj4 Cj20 Fj22
FC ANYANG,K League 1,2026,,8,34,26,12,8,10,8,3,5,5,5,5,3,1E|1G|1E|2P|2E|1G|1E|1G|1P|3E|1G|1P|1G|1E|2G|4P|1G|1E,4si|1no|2si|1no|2si|2no|4si|1no|5si|2no|2si,19,7,Fj1 Cj2 Fj3 Fj4 Cj7 Fj8 Cj11 Fj12 Cj15 Cj16 Fj17 Cj18 Cj20 Fj21 Cj22 Fj23 Cj24 Cj27 Fj28,Cj5 Fj10 Cj13 Fj14 Fj19 Fj25 Cj26,15,9,5,Fj3 Fj4 Cj7 Cj11 Fj12 Cj16 Fj17 Cj18 Fj19 Fj21 Cj22 Cj24 Fj25 Cj26 Cj27,Fj3 Fj4 Fj12 Cj18 Fj21 Cj22 Cj24 Cj26 Cj27,Fj3 Fj4 Cj18 Fj21 Cj27
BUSAN I PARK,K League 2,2026,,6,38,23,17,11,5,7,6,5,3,2,2,5,1E|7G|1P|2G|1P|1G|2E|1G|4P|2E|1P,6si|1no|2si|2no|4si|2no|2si|2no|2si,16,7,Cj1 Fj2 Fj3 Cj4 Fj5 Fj6 Cj8 Fj9 Fj12 Cj14 Cj15 Fj16 Cj19 Cj20 Fj23 Fj24,Cj7 Fj10 Cj11 Cj17 Fj18 Fj21 Cj22,18,8,6,Cj1 Fj2 Fj3 Cj4 Fj5 Fj6 Cj8 Fj9 Fj10 Cj11 Fj12 Cj14 Cj15 Fj16 Cj17 Fj18 Cj19 Fj24,Cj1 Fj6 Cj8 Fj12 Cj15 Fj16 Cj19 Fj24,Cj1 Fj6 Fj12 Cj15 Cj19 Fj24
SEONGNAM FC,K League 2,2026,,10,27,22,17,6,9,7,3,3,6,3,2,5,2E|1G|1E|1G|2P|1E|1G|2E|1P|2E|2P|1G|1P|1G|1P|1G|1E,3si|1no|1si|2no|2si|1no|2si|1no|1si|1no|1si|2no|4si,14,8,Fj1 Cj2 Cj4 Fj6 Fj9 Fj10 Cj12 Fj13 Cj15 Fj17 Cj21 Fj22 Fj23 Cj24,Cj5 Cj7 Cj8 Cj11 Fj14 Fj16 Cj18 Fj20,13,6,4,Fj1 Cj2 Cj4 Fj6 Cj7 Fj9 Fj13 Fj16 Fj17 Cj18 Cj21 Fj22 Fj23,Fj1 Cj2 Fj6 Fj13 Fj17 Cj21,Fj1 Cj2 Fj17 Cj21
ASAN MUGUNGHWA,K League 2,2026,,7,31,22,17,8,7,7,6,2,4,3,2,5,1G|2P|2G|3E|1P|1G|1P|1E|1G|1E|1G|1E|2P|1G|1E|1P|1G,3si|1no|3si|3no|1si|1no|2si|1no|1si|1no|1si|1no|1si|1no|1si,13,9,Cj1 Cj3 Fj4 Fj6 Cj7 Cj8 Cj12 Cj14 Fj15 Cj17 Fj19 Cj21 Cj23,Cj5 Fj9 Fj10 Cj11 Fj13 Fj16 Fj18 Cj20 Fj22,15,7,5,Cj1 Cj3 Fj4 Cj5 Fj6 Cj7 Cj8 Fj10 Cj11 Cj12 Fj15 Cj17 Fj19 Cj21 Cj23,Cj1 Cj3 Cj8 Cj12 Fj15 Cj17 Fj19,Cj1 Cj3 Cj8 Fj15 Cj17
PAJU CITIZEN,K League 2,2026,,11,25,23,17,7,4,12,3,4,1,3,7,5,2P|2G|1P|1G|1P|1G|1P|2E|4P|1G|1E|1P|1G|1P|1G|1E|1P,1si|1no|1si|1no|3si|1no|1si|3no|1si|2no|1si|2no|1si|1no|2si|1no,11,12,Fj1 Fj3 Fj5 Cj6 Cj7 Cj9 Fj14 Fj17 Fj20 Cj22 Fj23,Cj2 Cj4 Fj8 Cj10 Fj12 Cj13 Fj15 Cj16 Fj18 Cj19 Cj21 Fj24,10,5,5,Fj1 Fj3 Cj4 Fj5 Cj6 Cj7 Cj9 Fj14 Fj17 Cj22,Fj1 Fj3 Fj5 Cj7 Cj9,Fj1 Fj3 Fj5 Cj7 Cj9
CHENGDU BETTER CITY,Chinese Super League,2026,,1,51,25,16,15,6,4,8,7,3,3,2,2,2G|1E|9G|2P|2G|5E|1P|1G|1P|1G,1si|1no|3si|1no|1si|1no|1si|2no|1si|3no|6si|1no|3si,16,9,Cj1 Fj3 Cj4 Fj5 Cj7 Fj9 Fj12 Fj16 Fj17 Cj18 Fj19 Cj20 Cj21 Fj23 Cj25 Cj26,Cj2 Fj6 Cj8 Fj10 Cj11 Cj13 Fj14 Cj15 Fj22,15,8,5,Cj1 Fj3 Cj4 Cj7 Cj8 Fj9 Cj11 Fj12 Cj15 Fj16 Cj18 Fj19 Fj23 Cj25 Cj26,Cj1 Fj3 Cj4 Cj8 Fj9 Fj12 Fj23 Cj25,Cj1 Fj9 Fj12 Fj23 Cj25
SICHUAN JIUNIU,Chinese Super League,2026,,13,27,25,16,8,3,14,6,2,2,1,5,9,1P|1G|1P|1G|3P|1G|1P|1E|2P|1E|2G|2P|1G|2P|1G|1P|1G|1E|1P,1si|2no|2si|3no|3si|1no|4si|3no|1si|2no|2si|1no,13,12,Fj1 Cj4 Cj5 Fj9 Fj10 Cj11 Cj13 Fj14 Cj15 Cj16 Fj20 Fj23 Cj25,Cj2 Fj3 Fj6 Cj7 Cj8 Fj12 Fj17 Cj18 Fj19 Cj21 Fj22 Cj26,16,11,7,Fj1 Cj4 Cj5 Cj8 Fj9 Cj11 Cj13 Fj14 Cj15 Cj16 Fj17 Cj18 Fj19 Fj20 Fj22 Fj23,Fj1 Cj4 Cj5 Fj9 Cj13 Fj14 Cj18 Fj19 Fj20 Fj22 Fj23,Fj1 Cj5 Fj9 Cj13 Fj14 Fj20 Fj23
TIANJIN TEDA,Chinese Super League,2026,,12,29,24,16,7,8,9,3,4,4,4,5,4,1E|3P|1E|1G|1P|1G|3E|2P|1E|1G|1P|4G|2P|2E,3no|2si|1no|8si|5no|3si|1no|1si,14,10,Cj4 Cj5 Cj7 Fj8 Cj9 Fj10 Fj11 Cj12 Cj13 Fj14 Cj21 Fj22 Cj23 Cj26,Cj1 Fj2 Fj3 Fj6 Cj15 Fj16 Cj17 Fj19 Fj20 Fj24,14,5,3,Fj3 Cj4 Fj6 Cj7 Fj8 Fj10 Cj12 Cj13 Cj15 Cj17 Fj20 Cj21 Cj23 Cj26,Cj4 Fj8 Fj10 Cj12 Cj23,Cj4 Fj10 Cj12
CHONGQING TONGLIANG LONG,Chinese Super League,2026,,11,31,25,16,7,10,8,4,3,5,5,3,5,1E|1G|1E|4G|1E|1P|2E|1P|1E|1G|1P|1G|1P|2E|3P|1E|1P|1E,2no|1si|1no|1si|1no|2si|1no|3si|2no|1si|1no|3si|2no|1si|2no|1si,13,12,Cj3 Cj5 Fj7 Cj8 Cj10 Fj11 Fj12 Cj15 Fj17 Fj18 Cj19 Cj22 Fj26,Fj1 Cj2 Fj4 Cj6 Fj9 Cj13 Fj14 Cj16 Fj20 Fj21 Fj23 Cj25,13,7,2,Cj3 Cj5 Fj7 Cj8 Fj11 Fj12 Cj15 Fj17 Fj18 Cj19 Fj20 Cj22 Fj26,Cj3 Cj5 Fj7 Cj8 Fj11 Fj12 Cj22,Cj8 Cj22
YUNNAN YUKUN,Chinese Super League,2026,,8,35,25,16,10,5,10,7,3,2,3,3,7,1G|1P|1G|1P|1G|2P|1G|1E|1P|2G|1E|1P|1E|1P|1G|1P|1E|1G|1P|2G|1E|1P,2si|1no|2si|1no|5si|2no|8si|1no|2si|1no,19,6,Cj1 Fj2 Fj4 Fj5 Fj7 Fj8 Cj9 Cj10 Fj11 Cj14 Fj15 Fj16 Cj17 Fj18 Cj19 Cj20 Fj21 Cj23 Fj25,Cj3 Cj6 Cj12 Fj13 Cj22 Fj26,21,11,6,Cj1 Fj2 Cj3 Fj4 Fj5 Cj6 Fj7 Fj8 Cj9 Cj10 Fj11 Cj14 Fj16 Cj17 Fj18 Cj19 Cj20 Fj21 Cj23 Fj25 Fj26,Cj1 Cj3 Fj5 Fj8 Cj9 Cj14 Fj16 Fj18 Cj19 Cj20 Fj26,Fj5 Cj9 Cj14 Fj16 Fj18 Cj20
QINGDAO JONOON,Chinese Super League,2026,,16,21,25,16,6,3,16,5,1,2,1,5,11,3P|1G|2E|1P|4G|4P|1G|1E|8P,1si|1no|1si|1no|1si|2no|6si|1no|5si|3no|3si,17,8,Fj1 Cj3 Fj5 Cj8 Cj9 Fj10 Cj11 Fj12 Fj13 Fj15 Cj16 Cj17 Fj18 Fj19 Fj23 Fj25 Cj26,Fj2 Cj4 Cj6 Fj7 Cj14 Cj20 Fj21 Cj22,17,9,3,Fj1 Cj3 Cj8 Cj9 Fj10 Cj11 Fj12 Fj13 Fj15 Cj16 Fj18 Fj19 Cj20 Fj21 Fj23 Fj25 Cj26,Fj1 Cj8 Cj11 Fj12 Cj16 Fj19 Fj23 Fj25 Cj26,Cj16 Fj23 Fj25
SHANGHAI SIPG,Chinese Super League,2026,,6,37,25,16,10,7,8,5,5,4,3,3,5,1P|1G|1P|1G|1P|1E|1P|1G|1P|3E|1G|1E|1P|1G|1P|1E|1G|1P|2G|1E|2G,2si|1no|1si|1no|2si|1no|4si|1no|5si|2no|4si|1no,18,7,Cj1 Cj2 Cj4 Fj6 Cj7 Fj9 Cj10 Fj11 Cj12 Cj14 Fj15 Fj16 Fj17 Fj19 Fj22 Fj23 Cj24 Cj25,Fj3 Fj5 Cj8 Fj13 Cj20 Cj21 Fj26,17,9,6,Cj1 Cj4 Fj6 Cj7 Cj8 Fj9 Fj11 Cj12 Fj15 Fj16 Fj19 Cj20 Cj21 Fj22 Fj23 Cj24 Cj25,Cj1 Cj7 Cj12 Fj15 Fj16 Fj19 Cj20 Fj22 Cj25,Cj1 Cj12 Fj15 Fj16 Fj22 Cj25
HENAN JIANYE,Chinese Super League,2026,,10,31,24,16,8,7,9,4,4,4,3,4,5,2G|1E|3P|1E|1P|1G|1E|1P|3G|3P|2G|2E|1P|2E,3si|2no|1si|3no|1si|2no|2si|1no|5si|1no|3si,15,9,Fj1 Cj2 Cj3 Fj6 Fj10 Fj13 Fj14 Cj16 Fj17 Cj19 Fj20 Cj21 Fj23 Fj25 Cj26,Fj4 Cj5 Fj7 Cj8 Cj9 Fj11 Cj12 Cj15 Cj22,18,7,3,Fj1 Cj2 Cj5 Fj6 Cj8 Cj9 Fj11 Fj13 Fj14 Cj15 Cj16 Fj17 Cj19 Fj20 Cj21 Fj23 Fj25 Cj26,Fj1 Cj9 Cj16 Cj19 Fj20 Fj23 Fj25,Fj1 Cj16 Fj23
SHANGHAI SHENHUA,Chinese Super League,2026,,4,38,25,16,11,5,9,6,5,2,3,5,4,1G|2E|5G|2P|1E|1P|1E|1P|1E|2G|3P|2G|1P|1G|1P,4si|1no|1si|2no|3si|1no|5si|2no|1si|1no|1si|1no|2si,17,8,Cj1 Fj2 Fj3 Fj4 Cj6 Cj9 Fj10 Cj11 Cj13 Cj14 Fj15 Fj16 Cj17 Fj21 Cj23 Fj25 Cj26,Cj5 Cj7 Fj8 Fj12 Cj19 Fj20 Fj22 Cj24,20,15,10,Cj1 Fj2 Fj3 Fj4 Cj6 Fj8 Cj9 Fj10 Cj11 Cj13 Cj14 Fj15 Fj16 Cj17 Fj20 Fj21 Cj23 Cj24 Fj25 Cj26,Cj1 Fj4 Cj6 Cj9 Fj10 Cj11 Cj13 Cj14 Fj15 Fj16 Fj20 Fj21 Cj23 Fj25 Cj26,Cj1 Fj4 Cj9 Cj13 Cj14 Fj15 Fj16 Cj23 Fj25 Cj26
DALIAN ZHIXING,Chinese Super League,2026,,5,37,25,16,11,4,10,8,3,1,3,3,7,2P|5G|1P|1G|3P|1E|1G|2P|2G|1P|1E|1G|1P|1E|1G|1E,2si|1no|1si|1no|1si|1no|1si|2no|3si|2no|5si|1no|2si|1no|1si,16,9,Fj1 Fj2 Fj4 Cj6 Cj8 Fj11 Cj12 Fj13 Cj16 Cj17 Cj19 Fj20 Fj21 Fj23 Fj24 Cj26,Cj3 Cj5 Fj7 Cj9 Fj10 Cj14 Fj15 Cj22 Fj25,19,8,6,Fj1 Fj2 Fj4 Cj5 Cj6 Cj8 Fj11 Cj12 Fj13 Fj15 Cj16 Cj17 Cj19 Fj20 Fj21 Cj22 Fj23 Fj24 Cj26,Fj1 Fj2 Cj8 Fj11 Fj13 Cj16 Cj17 Cj19,Fj1 Fj2 Fj13 Cj16 Cj17 Cj19
SHANDONG LUNENG,Chinese Super League,2026,,2,42,25,16,13,3,9,7,6,3,0,2,7,2G|2P|1G|1E|1G|1P|1E|3G|1P|1E|1P|1G|1P|1G|2P|3G|1P|1G,1no|1si|1no|1si|1no|9si|1no|1si|1no|3si|1no|2si|1no|1si,18,7,Cj2 Cj4 Cj6 Fj7 Fj8 Cj9 Cj10 Fj11 Cj12 Fj13 Cj14 Fj16 Cj18 Fj19 Cj20 Cj22 Cj23 Fj26,Cj1 Fj3 Fj5 Fj15 Fj17 Fj21 Fj25,22,12,5,Cj1 Fj3 Cj4 Fj5 Cj6 Fj7 Fj8 Cj9 Cj10 Fj11 Cj12 Fj13 Cj14 Fj15 Fj16 Cj18 Fj19 Cj20 Fj21 Cj23 Fj25 Fj26,Cj1 Fj3 Fj8 Cj10 Cj12 Cj14 Fj16 Cj18 Fj19 Cj20 Cj23 Fj26,Cj14 Cj18 Fj19 Cj23 Fj26
SHENYANG URBAN,Chinese Super League,2026,,14,25,24,16,7,4,13,6,1,1,3,6,7,2P|2G|1E|6P|1E|3G|1P|1G|1E|1P|1G|2P|1E|1P,3no|3si|4no|3si|1no|4si|1no|1si|1no|3si,14,10,Cj4 Fj5 Fj6 Cj11 Fj12 Cj13 Cj15 Cj16 Cj17 Fj18 Cj21 Cj23 Cj25 Fj26,Fj1 Fj2 Cj3 Cj7 Fj8 Fj9 Cj10 Fj14 Cj20 Fj22,20,11,3,Fj1 Cj3 Cj4 Fj5 Fj6 Fj8 Fj9 Cj11 Fj12 Cj13 Fj14 Cj15 Cj16 Cj17 Fj18 Cj21 Fj22 Cj23 Cj25 Fj26,Fj1 Cj4 Fj6 Fj9 Fj12 Fj14 Cj15 Cj16 Cj21 Cj23 Cj25,Fj12 Cj15 Cj23
GIMPO CITIZEN,K League 2,2026,,8,31,22,17,7,10,5,1,6,5,5,2,3,2G|1P|2E|1G|2E|1P|1E|3G|1E|2P|3E|1G|1E|1P,1no|1si|2no|1si|1no|4si|2no|2si|2no|3si|1no|2si,13,9,Fj3 Fj6 Fj8 Fj9 Fj10 Fj11 Fj14 Cj15 Cj18 Cj19 Cj20 Cj22 Cj24,Fj2 Fj4 Fj5 Fj7 Fj12 Fj13 Cj16 Fj17 Cj21,15,8,7,Fj3 Fj6 Fj8 Fj9 Fj10 Fj11 Fj12 Fj14 Cj15 Fj17 Cj18 Cj20 Cj21 Cj22 Cj24,Fj3 Fj6 Fj10 Fj14 Cj15 Cj20 Cj21 Cj22,Fj3 Fj6 Fj10 Fj14 Cj15 Cj20 Cj22
HANGZHOU GREENTOWN,Chinese Super League,2026,,9,33,24,16,9,6,9,6,3,3,3,3,6,1G|1E|1G|2P|1E|2P|2G|2E|1G|1P|1G|2P|1G|1E|1G|2P|1E|1G,1no|2si|5no|5si|2no|8si|1no,15,9,Cj2 Fj3 Cj9 Fj10 Cj11 Fj12 Cj13 Fj16 Fj17 Cj18 Fj19 Cj20 Fj21 Cj23 Fj25,Cj1 Cj4 Fj5 Cj6 Fj7 Fj8 Cj14 Fj15 Cj26,20,9,5,Cj1 Cj2 Fj3 Fj5 Fj7 Fj8 Cj9 Fj10 Fj12 Cj13 Cj14 Fj15 Fj16 Fj17 Cj18 Fj19 Cj20 Fj21 Cj23 Cj26,Cj1 Fj8 Cj9 Fj12 Cj14 Fj16 Fj21 Cj23 Cj26,Cj9 Fj12 Fj16 Fj21 Cj23
QINGDAO YOUTH ISLAND,Chinese Super League,2026,,7,37,25,16,8,13,4,5,3,8,5,0,4,2P|1G|1P|7E|1G|1E|1G|1E|2G|1P|1E|2G|2E|1G|1E,1no|1si|1no|2si|2no|10si|1no|1si|5no|1si,15,10,Fj2 Fj4 Cj5 Fj8 Fj9 Cj10 Cj11 Fj12 Cj13 Fj14 Cj15 Cj16 Cj17 Cj19 Fj26,Fj1 Cj3 Fj6 Cj7 Fj18 Fj20 Cj21 Fj22 Cj23 Cj25,16,8,5,Fj1 Fj4 Cj5 Fj8 Fj9 Cj10 Cj11 Fj12 Fj14 Cj15 Cj16 Fj18 Cj19 Cj21 Cj25 Fj26,Fj1 Fj4 Fj8 Cj10 Fj14 Cj15 Cj16 Fj18,Fj8 Cj10 Fj14 Cj15 Cj16
WUHAN THREE TOWNS,Chinese Super League,2026,,15,24,23,16,5,9,9,4,1,3,6,4,5,1P|1G|1E|3P|1G|1P|1E|1P|5E|2P|2G|1E|1P|1E|1G,1no|4si|3no|7si|1no|1si|2no|2si|1no|1si,15,8,Cj2 Fj3 Fj4 Fj5 Fj9 Cj10 Fj11 Cj12 Fj13 Fj14 Cj15 Fj17 Fj21 Cj23 Fj26,Cj1 Cj6 Cj7 Fj8 Fj16 Cj19 Cj20 Cj24,16,9,5,Cj1 Cj2 Fj4 Fj5 Cj7 Fj8 Cj10 Fj11 Cj12 Fj13 Fj14 Fj17 Cj19 Cj20 Cj23 Fj26,Cj2 Fj4 Fj5 Cj12 Fj13 Fj14 Fj17 Cj19 Fj26,Cj2 Cj12 Fj13 Fj14 Fj17
BEIJING GUOAN,Chinese Super League,2026,,3,42,25,16,11,9,5,6,5,4,5,3,2,1G|1P|1E|2P|1E|1G|1P|1E|1G|1E|1G|1E|1P|3G|2E|4G|2E,1no|4si|2no|2si|1no|5si|2no|3si|1no|1si|1no|2si,17,8,Fj2 Cj3 Fj4 Cj5 Cj8 Fj9 Cj11 Cj12 Fj13 Cj14 Fj15 Cj18 Fj20 Cj21 Fj23 Cj25 Fj26,Fj1 Fj6 Fj7 Cj10 Cj16 Cj17 Cj22 Fj24,16,7,2,Fj1 Cj3 Fj4 Cj8 Fj9 Cj11 Cj12 Cj14 Fj15 Cj18 Cj21 Cj22 Fj23 Fj24 Cj25 Fj26,Fj4 Cj8 Fj9 Cj12 Cj21 Cj22 Fj23,Fj9 Cj21
SAGAN TOSU,J2 League,2025/2026,,1,3,1,16,1,0,0,1,0,0,0,0,0,1G,1no,0,1,,Cj1,1,0,0,Cj1,,
SAGAN TOSU,J2 League,2026/2027,,18,2,3,20,0,2,1,0,0,0,2,1,0,1E|1P|1E,1no|2si,2,1,Cj3 Fj4,Fj2,2,1,1,Cj3 Fj4,Fj4,Fj4
VENTFORET KOFU,J2 League,2025/2026,,10,0,1,16,0,0,1,0,0,0,0,0,1,1P,1no,0,1,,Fj1,1,0,0,Fj1,,
VENTFORET KOFU,J2 League,2026/2027,,11,4,3,20,1,1,1,1,0,1,0,0,1,1E|1P|1G,1si|1no|1si,2,1,Cj2 Cj4,Fj3,3,2,1,Cj2 Fj3 Cj4,Cj2 Fj3,Cj2
JUBILO IWATA,J2 League,2025/2026,,8,1,1,16,0,1,0,0,0,1,0,0,0,1E,1si,1,0,Cj1,,1,0,0,Cj1,,
JUBILO IWATA,J2 League,2026/2027,,8,6,3,20,2,0,1,1,1,0,0,0,1,1P|2G,3si,3,0,Fj2 Cj3 Fj4,,3,2,1,Fj2 Cj3 Fj4,Cj3 Fj4,Cj3
BLAUBLITZ AKITA,J2 League,2025/2026,,9,1,1,16,0,1,0,0,0,0,1,0,0,1E,1si,1,0,Fj1,,1,0,0,Fj1,,
BLAUBLITZ AKITA,J2 League,2026/2027,,15,3,3,20,1,0,2,1,0,0,0,1,1,1P|1G|1P,3no,0,3,,Cj2 Cj3 Fj4,2,2,0,Cj2 Cj3,Cj2 Cj3,
OMIYA ARDIJA,J2 League,2025/2026,,2,3,1,16,1,0,0,1,0,0,0,0,0,1G,1no,0,1,,Cj1,1,0,0,Cj1,,
OMIYA ARDIJA,J2 League,2026/2027,,4,7,3,20,2,1,0,0,2,1,0,0,0,2G|1E,3si,3,0,Fj2 Fj3 Cj4,,3,3,1,Fj2 Fj3 Cj4,Fj2 Fj3 Cj4,Fj2
ALBIREX NIIGATA,J2 League,2025/2026,,11,0,1,16,0,0,1,0,0,0,0,0,1,1P,1no,0,1,,Fj1,1,0,0,Fj1,,
ALBIREX NIIGATA,J2 League,2026/2027,,2,9,3,20,3,0,0,2,1,0,0,0,0,3G,1si|1no|1si,2,1,Cj2 Fj4,Cj3,2,2,2,Cj2 Fj4,Cj2 Fj4,Cj2 Fj4
TEGEVAJARO MIYAZAKI,J2 League,2025/2026,,12,0,1,16,0,0,1,0,0,0,0,1,0,1P,1no,0,1,,Cj1,0,0,0,,,
TEGEVAJARO MIYAZAKI,J2 League,2026/2027,,17,2,3,20,0,2,1,0,0,1,1,0,1,2E|1P,1si|1no|1si,2,1,Fj2 Fj4,Cj3,2,2,2,Fj2 Fj4,Fj2 Fj4,Fj2 Fj4
YOKOHAMA FC,J2 League,2025/2026,,3,3,1,16,1,0,0,0,1,0,0,0,0,1G,1no,0,1,,Fj1,0,0,0,,,
YOKOHAMA FC,J2 League,2026/2027,,13,4,3,20,1,1,1,1,0,1,0,0,1,1G|1P|1E,1si|1no|1si,2,1,Cj2 Cj4,Fj3,2,1,1,Cj2 Cj4,Cj4,Cj4
OITA TRINITA,J2 League,2025/2026,,13,0,1,16,0,0,1,0,0,0,0,1,0,1P,1no,0,1,,Cj1,1,0,0,Cj1,,
OITA TRINITA,J2 League,2026/2027,,10,4,3,20,1,1,1,1,0,0,1,0,1,1E|1G|1P,1no|1si|1no,1,2,Cj3,Fj2 Fj4,1,1,1,Cj3,Cj3,Cj3
SHONAN BELLMARE,J2 League,2025/2026,,4,3,1,16,1,0,0,0,1,0,0,0,0,1G,1no,0,1,,Fj1,1,0,0,Fj1,,
SHONAN BELLMARE,J2 League,2026/2027,,9,5,3,20,1,2,0,1,0,0,2,0,0,1G|2E,2no|1si,1,2,Fj4,Cj2 Fj3,1,1,0,Fj4,Fj4,
VANRAURE HACHINOHE,J2 League,2025/2026,,5,3,1,16,1,0,0,1,0,0,0,0,0,1G,1no,0,1,,Cj1,1,0,0,Cj1,,
VANRAURE HACHINOHE,J2 League,2026/2027,,16,3,3,20,1,0,2,1,0,0,0,1,1,2P|1G,3no,0,3,,Fj2 Cj3 Cj4,2,1,0,Fj2 Cj3,Fj2,
KATALLER TOYAMA,J2 League,2025/2026,,14,0,1,16,0,0,1,0,0,0,0,0,1,1P,1no,0,1,,Fj1,1,0,0,Fj1,,
KATALLER TOYAMA,J2 League,2026/2027,,6,6,3,20,2,0,1,1,1,0,0,1,0,2G|1P,2no|1si,1,2,Cj4,Fj2 Cj3,3,2,1,Fj2 Cj3 Cj4,Fj2 Cj4,Cj4
CONSADOLE SAPPORO,J2 League,2025/2026,,6,3,1,16,1,0,0,1,0,0,0,0,0,1G,1no,0,1,,Cj1,1,0,0,Cj1,,
CONSADOLE SAPPORO,J2 League,2026/2027,,20,0,3,20,0,0,3,0,0,0,0,1,2,3P,3si,3,0,Fj2 Cj3 Fj4,,3,2,1,Fj2 Cj3 Fj4,Fj2 Cj3,Fj2
TOKUSHIMA VORTIS,J2 League,2025/2026,,15,0,1,16,0,0,1,0,0,0,0,0,1,1P,1no,0,1,,Fj1,1,0,0,Fj1,,
TOKUSHIMA VORTIS,J2 League,2026/2027,,12,4,3,20,1,1,1,1,0,1,0,0,1,1E|1P|1G,1no|1si|1no,1,2,Fj3,Cj2 Cj4,1,1,1,Fj3,Fj3,Fj3
FUJIEDA MYFC,J2 League,2025/2026,,7,3,1,16,1,0,0,1,0,0,0,0,0,1G,1no,0,1,,Cj1,1,0,0,Cj1,,
FUJIEDA MYFC,J2 League,2026/2027,,7,6,3,20,2,0,1,1,1,0,0,0,1,1G|1P|1G,1si|1no|1si,2,1,Cj2 Fj4,Fj3,2,2,2,Cj2 Fj4,Cj2 Fj4,Cj2 Fj4
VEGALTA SENDAI,J2 League,2025/2026,,16,0,1,16,0,0,1,0,0,0,0,0,1,1P,1no,0,1,,Fj1,1,0,0,Fj1,,
VEGALTA SENDAI,J2 League,2026/2027,,3,7,3,20,2,1,0,1,1,1,0,0,0,1E|2G,2no|1si,1,2,Cj4,Cj2 Fj3,2,1,1,Fj3 Cj4,Cj4,Cj4
MONTEDIO YAMAGATA,J2 League,2026/2027,,1,9,4,20,3,0,1,2,1,0,0,0,1,1G|1P|2G,4no,0,4,,Cj1 Fj2 Cj3 Fj4,1,0,0,Cj1,,
TOCHIGI CITY,J2 League,2026/2027,,5,6,4,20,2,0,2,1,1,0,0,1,1,1P|2G|1P,2no|2si,2,2,Fj3 Cj4,Fj1 Cj2,4,2,0,Fj1 Cj2 Fj3 Cj4,Cj2 Cj4,
IWAKI,J2 League,2026/2027,,14,3,4,20,1,0,3,1,0,0,0,1,2,1G|3P,4si,4,0,Cj1 Fj2 Fj3 Cj4,,3,3,3,Fj2 Fj3 Cj4,Fj2 Fj3 Cj4,Fj2 Fj3 Cj4
IMABARI,J2 League,2026/2027,,19,0,4,20,0,0,4,0,0,0,0,2,2,4P,2si|2no,2,2,Fj1 Cj2,Fj3 Cj4,2,1,1,Cj2 Fj3,Cj2,Cj2
ABHA,Saudi Pro League,2026/2027,,17,1,4,18,0,1,3,0,0,1,0,1,2,2P|1E|1P,1si|1no|2si,3,1,Cj1 Cj3 Fj4,Fj2,4,3,1,Cj1 Fj2 Cj3 Fj4,Cj1 Fj2 Cj3,Cj3
AL-HAZM,Saudi Pro League,2026/2027,,10,4,4,18,1,1,2,0,1,1,0,1,1,1G|2P|1E,1si|1no|2si,3,1,Fj1 Fj3 Cj4,Cj2,3,2,1,Fj1 Cj2 Fj3,Fj1 Fj3,Fj3
AL SHABAB,Saudi Pro League,2026/2027,,13,3,4,18,0,3,1,0,0,1,2,1,0,1P|3E,1si|1no|2si,3,1,Cj1 Cj3 Fj4,Fj2,2,2,2,Cj1 Cj3,Cj1 Cj3,Cj1 Cj3
AL-QADISIYAH FC,Saudi Pro League,2026/2027,,1,12,5,18,4,0,1,1,3,0,0,1,0,1G|1P|3G,1si|2no|1si|1no,2,3,Fj1 Cj4,Cj2 Fj3 Fj5,4,2,2,Fj1 Cj2 Fj3 Cj4,Fj1 Cj4,Fj1 Cj4
NEOM,Saudi Pro League,2026/2027,,4,9,5,18,3,0,2,2,1,0,0,1,1,2G|2P|1G,1si|4no,1,4,Cj1,Fj2 Cj3 Fj4 Cj5,3,2,0,Cj1 Cj3 Cj5,Cj1 Cj5,
AL-FAYHA,Saudi Pro League,2026/2027,,9,5,5,18,1,2,2,1,0,1,1,1,1,2P|1E|1G|1E,1si|2no|2si,3,2,Fj1 Cj4 Cj5,Cj2 Fj3,4,2,1,Fj1 Cj2 Cj4 Cj5,Fj1 Cj5,Cj5
AL-HILAL SAUDI FC,Saudi Pro League,2026/2027,,2,12,4,18,4,0,0,2,2,0,0,0,0,4G,1si|1no|1si|1no,2,2,Cj1 Fj4,Fj2 Cj5,4,3,1,Cj1 Fj2 Fj4 Cj5,Cj1 Fj4 Cj5,Fj4
AL-FAISALY FC,Saudi Pro League,2026/2027,,18,1,4,18,0,1,3,0,0,1,0,1,2,2P|1E|1P,1si|1no|2si,3,1,Fj1 Cj3 Fj4,Cj2,3,3,2,Fj1 Cj3 Fj4,Fj1 Cj3 Fj4,Cj3 Fj4
AL-ETTIFAQ,Saudi Pro League,2026/2027,,8,6,4,18,2,0,2,1,1,0,0,2,0,2G|2P,1si|1no|1si|1no,2,2,Cj1 Cj3,Fj2 Cj4,3,2,1,Cj1 Cj3 Cj4,Cj1 Cj3,Cj1
AL RIYADH,Saudi Pro League,2026/2027,,11,4,4,18,1,1,2,1,0,0,1,1,1,2P|1E|1G,1si|1no|1si|1no,2,2,Fj1 Fj3,Cj2 Cj4,3,3,2,Fj1 Cj2 Fj3,Fj1 Cj2 Fj3,Fj1 Fj3
AL TAAWON,Saudi Pro League,2026/2027,,15,2,4,18,0,2,2,0,0,2,0,0,2,1E|1P|1E|1P,1no|1si|1no|1si,2,2,Fj2 Fj4,Cj1 Cj3,2,2,1,Fj2 Fj4,Fj2 Fj4,Fj4
AL KHALEEJ SAIHAT,Saudi Pro League,2026/2027,,14,3,5,18,0,3,2,0,0,1,2,1,1,3E|2P,2no|2si|1no,2,3,Fj3 Cj4,Fj1 Cj2 Fj5,3,3,2,Fj3 Cj4 Fj5,Fj3 Cj4 Fj5,Fj3 Cj4
AL-ITTIHAD FC,Saudi Pro League,2026/2027,,6,8,4,18,2,2,0,1,1,1,1,0,0,1E|2G|1E,1si|1no|1si|1no,2,2,Cj1 Cj3,Fj2 Fj4,3,1,1,Cj1 Fj2 Cj3,Cj3,Cj3
AL KHOLOOD,Saudi Pro League,2026/2027,,5,9,5,18,2,3,0,2,0,0,3,0,0,1E|1G|1E|1G|1E,5si,5,0,Fj1 Cj2 Fj3 Cj4 Fj5,,4,2,1,Fj1 Cj2 Cj4 Fj5,Cj2 Fj5,Fj5
AL-NASSR,Saudi Pro League,2026/2027,,3,12,4,18,4,0,0,2,2,0,0,0,0,4G,2no|2si,2,2,Fj3 Cj4,Cj1 Fj2,4,4,1,Cj1 Fj2 Fj3 Cj4,Cj1 Fj2 Fj3 Cj4,Cj4
AL-FATEH,Saudi Pro League,2026/2027,,16,2,4,18,0,2,2,0,0,1,1,1,1,2P|2E,2no|1si|1no,1,3,Fj3,Fj1 Cj2 Cj4,2,2,1,Fj1 Fj3,Fj1 Fj3,Fj3
AL DIRIYAH,Saudi Pro League,2026/2027,,7,7,4,18,2,1,1,0,2,1,0,1,0,1G|1E|1G|1P,1no|1si|2no,1,3,Cj3,Fj2 Fj4 Cj5,2,0,0,Fj2 Fj4,,
AL-AHLI JEDDAH,Saudi Pro League,2026/2027,,12,3,3,18,1,0,2,1,0,0,0,0,2,1G|2P,1no|1si|1no,1,2,Fj4,Cj2 Fj5,3,2,0,Cj2 Fj4 Fj5,Cj2 Fj5,
INTERNACIONAL,Serie A Brasil,2026,,18,25,25,20,5,10,10,3,2,5,5,5,5,1P|1E|1P|1E|2P|2G|1E|1G|1E|1P|1E|1G|1E|1G|4P|4E|1P,1no|3si|2no|1si|1no|1si|2no|2si|1no|2si|1no|2si|1no|1si|1no|1si|1no|1si,14,11,Fj2 Cj3 Fj5 Fj8 Cj11 Cj14 Fj15 Fj17 Cj18 Fj20 Cj22 Cj24 Cj26 Fj28,Cj1 Fj6 Cj7 Cj9 Fj12 Cj13 Cj16 Fj19 Fj23 Fj25 Cj27,19,6,3,Cj1 Fj2 Cj3 Fj5 Fj6 Cj7 Cj9 Cj11 Cj14 Cj16 Fj17 Cj18 Fj19 Fj20 Cj22 Fj23 Cj24 Cj26 Fj28,Cj3 Fj5 Cj14 Cj18 Fj20 Fj28,Cj3 Fj5 Fj28
ATLETICO PARANAENSE,Serie A Brasil,2026,,3,45,25,20,13,6,6,8,5,4,2,1,5,2G|1P|1E|1P|3G|2P|1G|1P|1G|1E|1P|1E|4G|1E|1G|1E|1G|1E,1no|1si|1no|3si|1no|1si|1no|1si|2no|1si|2no|2si|1no|1si|3no|3si,13,12,Cj3 Fj5 Fj7 Cj8 Cj10 Fj12 Cj15 Cj18 Fj19 Fj22 Cj26 Fj27 Cj28,Fj1 Cj4 Cj9 Fj11 Cj13 Fj14 Cj16 Fj17 Cj20 Cj23 Fj24 Fj25,20,10,6,Fj1 Cj3 Cj4 Fj5 Fj7 Cj8 Cj9 Cj10 Fj11 Fj12 Fj14 Cj15 Fj17 Cj18 Fj19 Fj22 Cj23 Fj25 Fj27 Cj28,Cj3 Fj7 Cj8 Cj10 Fj11 Cj15 Fj19 Fj25 Fj27 Cj28,Cj3 Fj7 Cj10 Cj15 Fj19 Cj28
VITORIA,Serie A Brasil,2026,,13,29,25,20,8,5,12,8,0,1,4,3,9,1G|2P|1E|1G|1P|1G|1P|1E|1G|1E|1P|1G|1E|1P|1G|1P|1G|1E|3P|1G|2P,1no|3si|4no|1si|2no|3si|2no|1si|7no|1si,9,16,Fj2 Cj3 Fj6 Fj12 Fj15 Cj16 Fj17 Fj20 Fj28,Cj1 Cj7 Fj8 Cj9 Fj10 Cj13 Cj14 Fj18 Cj19 Cj21 Fj22 Fj23 Cj24 Fj25 Cj26 Cj27,19,7,3,Fj2 Cj3 Fj6 Cj7 Fj8 Cj9 Fj10 Cj13 Fj15 Cj16 Fj17 Fj18 Cj19 Fj20 Fj23 Cj24 Fj25 Cj26 Fj28,Fj2 Cj3 Fj6 Fj10 Fj15 Cj16 Cj24,Fj6 Fj15 Cj16
REMO,Serie A Brasil,2026,,19,23,25,20,5,8,12,3,2,5,3,4,8,1P|3E|3P|1G|1P|2E|2P|1G|1E|1G|1P|1G|1P|1G|1P|2E|2P,1no|3si|3no|1si|2no|2si|1no|4si|3no|5si,15,10,Cj2 Fj3 Cj5 Cj9 Cj13 Fj14 Fj16 Cj17 Fj18 Cj19 Fj24 Cj25 Fj26 Fj27 Cj28,Fj1 Cj6 Fj7 Fj8 Fj11 Fj12 Cj15 Cj20 Fj22 Cj23,20,11,9,Cj2 Fj3 Cj5 Cj6 Fj7 Fj8 Cj9 Fj11 Fj14 Cj15 Fj16 Cj17 Fj18 Cj19 Fj22 Cj23 Fj24 Cj25 Fj26 Fj27,Cj2 Fj3 Cj5 Cj9 Fj14 Cj17 Fj18 Cj19 Fj22 Fj24 Cj25,Fj3 Cj5 Cj9 Fj14 Cj17 Fj18 Cj19 Fj24 Cj25
CORITIBA,Serie A Brasil,2026,,7,37,25,20,10,7,8,5,5,3,4,4,4,1P|1G|1E|1P|3G|1P|3E|1G|2P|1E|2G|2P|1E|1P|1G|1E|2G,1no|2si|5no|3si|2no|2si|1no|1si|1no|1si|2no|4si,13,12,Fj2 Fj3 Cj10 Cj12 Fj13 Fj16 Cj17 Cj19 Cj22 Cj25 Fj26 Cj27 Fj28,Cj1 Cj5 Fj6 Cj7 Fj8 Fj9 Cj14 Fj15 Fj18 Fj20 Fj23 Cj24,18,5,3,Fj2 Fj3 Fj6 Cj7 Fj9 Cj10 Fj13 Cj14 Fj15 Fj16 Cj17 Fj18 Cj19 Fj20 Cj22 Cj25 Fj26 Cj27,Fj2 Fj3 Fj16 Fj18 Cj22,Fj2 Fj3 Fj16
RB BRAGANTINO,Serie A Brasil,2026,,9,35,24,20,10,5,9,6,4,2,3,4,5,2G|1P|2E|3P|2G|1P|1G|1P|1G|1P|3G|2E|1P|1E|1G|1P,3no|3si|1no|1si|2no|2si|1no|1si|3no|2si|2no|1si|1no|1si,11,13,Cj5 Fj6 Cj7 Cj9 Fj13 Cj14 Fj16 Cj20 Fj21 Fj26 Fj28,Fj1 Cj2 Fj3 Fj8 Cj11 Fj12 Cj15 Fj17 Cj18 Fj19 Cj23 Cj25 Cj27,17,8,4,Cj2 Cj5 Fj6 Cj7 Fj8 Cj9 Cj11 Fj13 Cj14 Cj15 Fj16 Fj17 Cj18 Fj19 Cj20 Fj21 Fj28,Fj8 Cj9 Cj11 Fj13 Cj14 Fj16 Cj20 Fj28,Cj9 Fj13 Cj14 Fj16
ATLETICO-MG,Serie A Brasil,2026,,8,36,24,20,10,6,8,6,4,4,2,1,7,1E|1P|1E|1P|1G|1P|1G|1P|2G|3P|1G|1E|1G|1P|1G|1E|1G|1E|1G|1E|1G,1si|1no|2si|5no|1si|3no|3si|2no|3si|2no|1si,11,13,Cj1 Cj3 Fj5 Cj12 Fj16 Cj17 Cj18 Cj22 Fj23 Fj25 Cj28,Fj2 Cj6 Fj7 Cj8 Fj9 Fj11 Fj13 Fj14 Cj15 Fj19 Fj20 Cj26 Fj27,18,7,4,Cj1 Fj2 Cj3 Cj6 Fj7 Fj9 Fj11 Cj12 Fj14 Cj15 Fj16 Cj17 Cj18 Fj20 Cj22 Fj25 Cj26 Cj28,Cj1 Cj3 Fj11 Cj15 Fj16 Cj18 Fj25,Cj1 Cj3 Cj18 Fj25
PALMEIRAS,Serie A Brasil,2026,,1,52,25,20,15,7,3,8,7,3,4,1,2,1E|3G|1P|5G|1E|2G|3E|3G|1P|1G|1E|1P|1G|1E,5si|1no|1si|1no|2si|3no|3si|2no|2si|2no|3si,16,9,Fj1 Cj2 Fj3 Cj5 Fj6 Cj8 Cj11 Fj12 Cj16 Fj17 Cj18 Fj22 Cj23 Fj26 Cj27 Fj28,Cj7 Fj9 Fj13 Cj14 Fj15 Fj19 Cj20 Fj24 Cj25,19,9,6,Fj1 Cj2 Fj3 Cj5 Fj6 Cj7 Cj8 Fj9 Cj11 Fj12 Cj14 Fj15 Cj16 Fj17 Cj18 Fj19 Fj22 Fj24 Fj26,Fj1 Cj2 Fj3 Cj5 Fj17 Cj18 Fj22 Fj24 Fj26,Fj1 Fj3 Cj5 Fj17 Cj18 Fj26
FLUMINENSE,Serie A Brasil,2026,,4,42,25,20,11,9,5,9,2,3,6,1,4,1G|1E|1G|1P|2G|1P|2G|1E|1P|2G|1P|1E|1G|1P|5E|2G|1E,2si|1no|1si|1no|2si|1no|5si|1no|2si|1no|3si|1no|4si,19,6,Cj1 Fj2 Fj5 Cj7 Fj8 Cj11 Fj12 Cj13 Fj14 Cj15 Cj17 Cj18 Fj20 Cj21 Fj23 Fj25 Cj26 Cj27 Fj28,Cj3 Fj6 Cj9 Fj16 Fj19 Cj24,19,7,5,Fj2 Fj5 Fj6 Cj7 Fj8 Cj9 Cj11 Cj13 Fj14 Fj16 Cj17 Cj18 Fj19 Fj20 Cj21 Fj25 Cj26 Cj27 Fj28,Fj5 Cj7 Cj11 Fj14 Cj18 Cj26 Fj28,Fj5 Cj7 Fj14 Cj26 Fj28
GREMIO,Serie A Brasil,2026,,15,28,24,20,7,7,10,7,0,3,4,2,8,1P|1G|1P|1G|2E|1G|2P|2E|1P|1G|1E|1P|1E|1G|2P|1E|1G|2P|1G,2si|1no|3si|1no|2si|6no|6si|2no|1si,14,10,Fj1 Cj2 Cj5 Cj6 Fj7 Fj9 Fj11 Fj18 Cj19 Cj20 Fj21 Cj23 Cj24 Cj28,Fj3 Cj8 Cj12 Fj13 Fj14 Cj15 Fj16 Cj17 Fj26 Fj27,14,7,6,Cj2 Fj3 Cj6 Fj7 Cj8 Fj9 Fj11 Cj15 Cj19 Cj20 Fj21 Cj24 Fj26 Cj28,Cj2 Fj7 Fj9 Cj19 Cj20 Fj21 Cj28,Cj2 Fj7 Fj9 Cj19 Cj20 Cj28
CORINTHIANS,Serie A Brasil,2026,,10,32,25,20,8,8,9,5,3,3,5,5,4,1P|2G|1E|1P|3E|2P|2E|1G|1P|1G|1P|3G|2E|1G|3P,1si|2no|1si|1no|1si|1no|2si|4no|3si|1no|1si|1no|1si|2no|2si|1no,12,13,Cj1 Fj5 Fj7 Cj9 Fj11 Fj16 Cj17 Fj18 Fj20 Fj23 Cj26 Fj27,Cj3 Fj4 Cj6 Fj8 Cj12 Cj13 Fj14 Cj15 Cj19 Cj22 Cj24 Fj25 Cj28,17,10,7,Cj1 Fj4 Fj5 Cj6 Fj7 Cj9 Fj11 Cj15 Fj16 Cj17 Fj18 Fj20 Cj22 Fj23 Cj26 Fj27 Cj28,Cj1 Fj7 Cj9 Fj11 Fj16 Cj17 Fj18 Fj20 Cj22 Fj23,Cj1 Fj7 Cj9 Cj17 Fj18 Fj20 Fj23
BAHIA,Serie A Brasil,2026,,5,40,25,20,10,10,5,5,5,6,4,2,3,1G|1E|1G|1E|2G|1P|1G|1P|1G|1P|2E|1P|1E|1P|2G|5E|2G,2si|1no|1si|2no|1si|1no|2si|1no|6si|1no|2si|2no|1si|1no|1si,16,9,Fj1 Cj2 Cj6 Fj9 Cj12 Fj13 Cj15 Fj16 Cj17 Cj18 Fj19 Cj20 Fj22 Cj23 Fj26 Cj28,Fj3 Fj7 Cj8 Cj11 Fj14 Cj21 Fj24 Cj25 Fj27,21,11,7,Fj1 Cj2 Fj3 Cj6 Fj7 Cj8 Fj9 Cj11 Cj12 Fj13 Fj14 Cj15 Fj16 Cj17 Fj19 Cj20 Cj21 Fj22 Cj23 Fj26 Cj28,Fj1 Cj6 Cj8 Fj9 Cj11 Cj15 Cj17 Cj21 Cj23 Fj26 Cj28,Fj1 Cj6 Fj9 Cj17 Cj23 Fj26 Cj28
CHAPECOENSE-SC,Serie A Brasil,2026,,20,14,24,20,2,8,14,2,0,5,3,5,9,1G|2E|1P|2E|2P|1E|4P|1E|5P|1E|1P|1E|1G|1P,3si|1no|1si|3no|1si|1no|6si|3no|3si|1no|1si,15,9,Cj1 Fj2 Cj3 Cj7 Cj12 Cj14 Fj15 Cj16 Fj17 Cj18 Fj19 Fj23 Fj25 Cj26 Fj28,Fj6 Cj8 Fj9 Cj11 Fj13 Fj20 Fj21 Cj22 Cj27,16,11,8,Cj1 Cj3 Cj7 Fj9 Cj11 Cj14 Cj16 Cj18 Fj19 Fj21 Cj22 Fj23 Fj25 Cj26 Cj27 Fj28,Cj1 Cj3 Cj7 Cj11 Cj14 Cj16 Cj18 Fj21 Cj22 Cj26 Fj28,Cj1 Cj3 Cj7 Cj14 Cj16 Cj18 Cj26 Fj28
SANTOS,Serie A Brasil,2026,,14,29,24,20,7,8,9,5,2,4,4,4,5,1P|1E|1P|1G|2E|1P|1E|1G|1P|1G|1P|2E|1G|2P|1G|1P|1E|1P|1G|1E|1G,7si|2no|1si|1no|3si|2no|4si|2no|1si|1no,16,8,Fj1 Cj2 Fj3 Cj5 Fj6 Cj7 Cj8 Fj12 Cj14 Fj15 Fj16 Fj19 Cj20 Fj21 Cj23 Cj27,Fj9 Cj11 Cj13 Cj17 Cj18 Cj25 Fj26 Fj28,19,9,6,Fj1 Cj2 Fj3 Cj5 Fj6 Cj7 Cj11 Cj14 Fj15 Fj16 Cj17 Cj18 Fj19 Cj20 Fj21 Cj23 Cj25 Cj27 Fj28,Fj1 Fj3 Cj5 Cj7 Cj14 Fj15 Cj18 Fj19 Cj25,Fj1 Fj3 Cj5 Cj7 Cj14 Fj19
SAO PAULO,Serie A Brasil,2026,,11,30,24,20,8,6,10,6,2,3,3,2,8,1G|1E|4G|2P|1E|1G|2P|1G|1E|2P|1E|2P|1E|1P|1E|1P|1G,2si|3no|1si|2no|2si|1no|1si|1no|4si|1no|4si|1no|1si,15,9,Cj1 Fj2 Fj7 Fj11 Cj12 Fj14 Cj16 Fj17 Fj18 Cj19 Cj22 Fj23 Fj24 Cj26 Cj28,Cj3 Fj5 Cj6 Fj8 Cj9 Fj13 Cj15 Fj20 Fj27,17,4,1,Fj2 Cj3 Fj7 Cj9 Fj11 Cj12 Fj13 Fj14 Cj16 Fj17 Fj18 Cj19 Cj22 Fj24 Cj26 Fj27 Cj28,Cj12 Fj17 Fj18 Cj28,Fj17
FLAMENGO,Serie A Brasil,2026,,2,51,25,20,15,6,4,8,7,3,3,1,3,1P|1E|4G|1E|1P|4G|1E|1G|1E|1P|2G|2E|2G|1P|2G,3si|3no|1si|1no|2si|2no|1si|1no|1si|3no|2si|1no|2si|2no,12,13,Fj1 Cj2 Fj3 Fj9 Cj12 Fj13 Cj16 Fj18 Cj23 Fj24 Fj26 Fj27,Cj6 Fj7 Cj8 Fj11 Cj14 Fj15 Fj17 Cj19 Cj20 Fj22 Cj25 Cj28 Cj29,21,7,1,Cj2 Fj3 Cj6 Fj7 Cj8 Fj9 Fj11 Fj13 Cj14 Fj15 Cj16 Fj18 Cj19 Cj20 Fj22 Fj24 Cj25 Fj26 Fj27 Cj28 Cj29,Fj3 Fj7 Fj9 Fj11 Fj15 Fj22 Cj29,Fj9
MIRASSOL,Serie A Brasil,2026,,16,25,25,20,6,7,12,5,1,4,3,4,8,1G|3E|6P|1G|1P|1G|1E|1P|1G|1P|1G|1E|1G|2P|2E|1P,4si|3no|1si|1no|2si|1no|3si|2no|7si|1no,17,8,Cj1 Fj2 Cj3 Cj6 Fj11 Cj13 Fj14 Cj16 Cj17 Fj18 Cj21 Fj23 Cj24 Fj25 Cj26 Fj27 Cj28,Fj7 Cj8 Fj9 Cj12 Fj15 Cj19 Fj20 Fj29,19,11,6,Cj1 Fj2 Cj3 Cj6 Fj7 Fj9 Fj11 Cj13 Fj14 Cj16 Fj18 Cj19 Cj21 Fj23 Cj24 Fj25 Cj26 Fj27 Fj29,Cj1 Fj2 Cj3 Fj11 Fj14 Cj16 Fj18 Cj21 Cj24 Fj25 Fj29,Cj1 Cj3 Fj11 Fj18 Cj24 Fj25
VASCO DA GAMA,Serie A Brasil,2026,,17,25,24,20,6,7,11,6,0,2,5,5,6,1P|1E|2P|1G|1E|2G|1E|1P|1E|1G|1P|1E|1G|4P|2E|2P|1G,2si|1no|9si|1no|1si|1no|1si|3no|1si|2no|2si,16,8,Fj1 Cj2 Fj5 Cj6 Fj7 Cj8 Cj9 Fj10 Cj12 Fj13 Cj14 Fj16 Fj18 Cj23 Fj27 Cj28,Cj3 Fj15 Cj17 Cj19 Cj20 Fj21 Fj25 Cj26,17,4,3,Fj1 Cj3 Fj5 Cj6 Fj7 Cj8 Cj9 Fj10 Cj14 Fj15 Fj16 Cj17 Fj18 Cj19 Cj20 Cj23 Cj28,Fj1 Fj5 Cj9 Fj18,Fj1 Fj5 Cj9
BOTAFOGO,Serie A Brasil,2026,,12,30,24,20,8,6,10,4,4,4,2,3,7,1G|4P|1G|1P|2G|1E|1G|1E|1P|1E|1G|1E|1P|1G|1E|1G|1E|3P,1no|1si|2no|14si|2no|1si|1no|1si|1no,17,7,Fj2 Fj8 Fj9 Fj10 Cj11 Fj12 Cj13 Fj14 Cj15 Cj16 Fj17 Cj18 Fj19 Fj20 Cj21 Cj25 Cj27,Cj1 Fj3 Cj7 Cj22 Fj23 Fj26 Fj28,19,8,6,Fj2 Cj7 Fj8 Fj9 Fj10 Cj11 Cj13 Fj14 Cj16 Fj17 Cj18 Fj19 Fj20 Cj21 Fj23 Cj25 Fj26 Cj27 Fj28,Fj2 Cj7 Fj9 Fj10 Cj11 Fj14 Cj18 Cj27,Fj2 Fj9 Fj10 Cj11 Fj14 Cj18
CRUZEIRO,Serie A Brasil,2026,,6,39,25,20,11,6,8,6,5,4,2,3,5,2P|2E|1P|1E|1P|1E|1G|1P|3G|1P|1G|1E|1G|1E|1G|1P|4G|1P,1no|3si|1no|2si|2no|2si|2no|6si|2no|4si,17,8,Cj2 Fj3 Cj5 Cj7 Fj8 Fj12 Cj13 Cj16 Fj17 Fj18 Cj19 Cj20 Fj22 Cj25 Fj26 Cj27 Fj28,Fj1 Fj6 Cj9 Cj10 Cj14 Fj15 Cj23 Fj24,21,10,6,Cj2 Fj3 Cj5 Fj6 Cj7 Fj8 Cj10 Fj12 Cj13 Fj15 Cj16 Fj17 Fj18 Cj19 Cj20 Fj22 Cj23 Cj25 Fj26 Cj27 Fj28,Cj2 Fj3 Fj8 Cj10 Fj12 Cj13 Cj16 Fj17 Fj18 Cj25,Cj2 Fj3 Cj13 Fj17 Fj18 Cj25
VILA NOVA,Serie B Brasil,2026,,2,44,25,20,13,5,7,9,4,2,3,1,6,2E|3G|2E|1P|4G|1P|1G|1P|1G|2P|1G|2P|2G|1E|1G,3si|1no|3si|2no|1si|3no|3si|2no|1si|6no,11,14,Cj1 Fj2 Cj3 Cj5 Fj6 Cj7 Fj10 Cj14 Fj15 Cj16 Cj19,Fj4 Fj8 Cj9 Fj11 Cj12 Fj13 Fj17 Fj18 Fj20 Cj21 Fj22 Cj23 Fj24 Cj25,19,8,4,Cj1 Cj3 Fj4 Cj5 Fj6 Cj9 Fj10 Cj12 Cj14 Fj15 Cj16 Fj17 Fj18 Cj19 Fj20 Cj21 Fj22 Cj23 Cj25,Cj5 Fj6 Cj9 Cj14 Fj15 Cj19 Fj20 Cj23,Cj5 Fj6 Cj14 Fj15
CRB,Serie B Brasil,2026,,6,39,25,20,11,6,8,5,6,3,3,4,4,1E|1P|1E|3P|4G|2P|2E|1G|1P|1E|4G|1E|1G|1P|1G,1si|1no|2si|1no|2si|1no|2si|1no|3si|2no|2si|5no|2si,14,11,Fj1 Fj3 Cj4 Fj6 Fj7 Fj9 Cj10 Cj12 Fj13 Cj14 Cj17 Cj18 Fj24 Cj25,Cj2 Cj5 Cj8 Fj11 Fj15 Fj16 Fj19 Cj20 Fj21 Cj22 Fj23,22,12,4,Fj1 Cj4 Cj5 Fj6 Fj7 Cj8 Fj9 Cj10 Fj11 Cj12 Fj13 Cj14 Fj15 Fj16 Cj17 Cj18 Fj19 Cj20 Fj21 Fj23 Fj24 Cj25,Cj4 Fj6 Fj7 Cj8 Cj10 Fj11 Cj12 Fj13 Fj16 Cj17 Cj20 Cj25,Fj7 Cj10 Cj12 Cj25
CEARA,Serie B Brasil,2026,,16,28,25,20,7,7,11,5,2,3,4,5,6,2E|2G|2E|2P|1G|2P|1G|1E|3P|2E|1P|2G|2P|1G|1P,2si|3no|1si|2no|5si|4no|1si|1no|1si|1no|1si|1no|1si|1no,12,13,Cj1 Fj2 Cj6 Cj9 Fj10 Cj11 Cj12 Fj13 Fj18 Fj20 Cj22 Cj24,Fj3 Cj4 Fj5 Fj7 Cj8 Cj14 Fj15 Fj16 Cj17 Cj19 Cj21 Fj23 Fj25,17,5,3,Cj1 Cj6 Cj8 Cj9 Fj10 Cj11 Cj12 Fj13 Fj15 Fj16 Cj19 Fj20 Cj21 Cj22 Fj23 Cj24 Fj25,Cj6 Fj10 Cj12 Fj15 Cj24,Cj6 Fj10 Cj24
SÃO BERNARDO,Serie B Brasil,2026,,15,29,24,20,7,8,9,1,6,6,2,5,4,1E|1P|1G|1P|3G|1E|1G|1E|1G|1E|3P|2E|2P|1G|1P|2E|1P,3si|3no|2si|1no|2si|3no|6si|1no|3si,16,8,Fj1 Cj2 Fj3 Fj8 Cj9 Cj11 Fj12 Fj16 Cj17 Cj18 Fj19 Cj20 Fj21 Fj23 Cj24 Fj25,Cj4 Fj5 Cj7 Fj10 Cj13 Cj14 Fj15 Cj22,17,7,6,Fj1 Cj2 Fj3 Cj7 Fj8 Cj9 Cj11 Fj12 Fj15 Fj16 Cj17 Cj18 Fj19 Cj20 Fj21 Fj23 Fj25,Cj2 Fj8 Cj11 Fj12 Cj17 Fj19 Fj23,Cj2 Cj11 Fj12 Cj17 Fj19 Fj23
OPERARIO-PR,Serie B Brasil,2026,,9,37,25,20,10,7,8,6,4,4,3,3,5,2G|2E|1P|1E|1G|2P|1E|2G|1P|4G|1E|1G|4P|2E,1no|1si|2no|1si|3no|5si|3no|6si|2no|1si,14,11,Fj2 Fj5 Cj9 Cj10 Fj11 Cj12 Fj13 Cj17 Fj18 Cj19 Fj20 Cj21 Cj22 Fj25,Cj1 Fj3 Cj4 Cj6 Cj7 Fj8 Fj14 Cj15 Fj16 Fj23 Cj24,16,11,8,Cj1 Fj2 Fj5 Cj7 Fj8 Cj9 Fj11 Cj12 Fj13 Fj14 Cj17 Fj18 Cj19 Fj20 Cj21 Fj25,Fj2 Fj5 Cj7 Fj8 Cj9 Fj14 Cj17 Fj18 Cj19 Fj20 Fj25,Fj2 Fj5 Cj9 Cj17 Fj18 Cj19 Fj20 Fj25
ATLETICO GOIANIENSE,Serie B Brasil,2026,,7,39,25,20,10,9,6,6,4,4,5,3,3,3P|1G|1E|1G|1E|1G|1E|1P|1E|1G|2E|1G|1P|1G|1E|2G|1E|1P|1E|2G,1no|5si|2no|1si|1no|4si|5no|2si|4no,12,13,Cj2 Fj3 Cj4 Fj5 Cj6 Fj9 Cj11 Fj12 Cj13 Fj14 Cj20 Fj21,Fj1 Cj7 Fj8 Cj10 Cj15 Fj16 Cj17 Cj18 Fj19 Cj22 Fj23 Cj24 Fj25,17,6,3,Fj1 Cj2 Fj3 Cj4 Fj5 Cj6 Fj8 Fj12 Cj13 Fj14 Cj15 Fj16 Cj17 Cj20 Fj21 Cj22 Cj24,Fj5 Fj12 Cj13 Cj15 Cj20 Cj24,Fj5 Fj12 Cj20
CUIABA,Serie B Brasil,2026,,12,36,25,20,8,12,5,4,4,7,5,2,3,2E|1P|1E|1G|4E|1P|3G|1P|1E|1G|1E|2P|2E|2G|1E|1G,5no|2si|4no|1si|2no|1si|1no|1si|2no|3si|1no|2si,10,15,Cj6 Cj7 Fj12 Cj15 Fj17 Fj20 Cj21 Fj22 Cj24 Fj25,Cj1 Fj2 Cj3 Fj4 Fj5 Fj8 Cj9 Fj10 Cj11 Cj13 Fj14 Cj16 Fj18 Cj19 Cj23,10,4,2,Cj7 Cj11 Fj12 Fj14 Cj15 Fj17 Fj18 Cj21 Fj22 Cj24,Cj11 Fj12 Cj15 Fj17,Fj12 Fj17
SPORT RECIFE,Serie B Brasil,2026,,8,38,25,20,9,11,5,5,4,7,4,1,4,2E|1G|2E|3G|1P|2G|3E|2P|4E|2G|1P|1G|1P,1no|3si|3no|2si|2no|1si|1no|2si|1no|4si|1no|2si|1no|1si,15,10,Cj2 Fj3 Cj4 Fj8 Cj9 Cj12 Cj14 Fj15 Cj17 Cj18 Fj19 Cj20 Cj22 Fj23 Fj25,Fj1 Fj5 Cj6 Cj7 Fj10 Cj11 Fj13 Fj16 Fj21 Cj24,15,6,4,Fj3 Cj4 Fj8 Cj9 Cj11 Cj14 Fj15 Fj16 Cj17 Cj18 Fj19 Fj21 Cj22 Cj24 Fj25,Cj4 Fj8 Cj17 Cj18 Cj22 Cj24,Cj4 Fj8 Cj18 Cj22
AVAI,Serie B Brasil,2026,,14,29,25,20,8,5,12,5,3,3,2,5,7,2G|2E|2P|2E|5P|1G|2P|1G|1E|1G|2P|3G|1P,3no|4si|3no|3si|2no|1si|1no|2si|2no|2si|2no,12,13,Fj4 Cj5 Fj6 Cj7 Cj11 Fj12 Fj13 Fj16 Fj18 Cj19 Fj22 Cj23,Cj1 Fj2 Cj3 Cj8 Fj9 Cj10 Cj14 Fj15 Cj17 Fj20 Cj21 Fj24 Cj25,15,5,3,Cj1 Fj4 Cj5 Fj6 Cj7 Fj9 Cj11 Fj12 Fj13 Cj14 Fj16 Cj17 Fj18 Cj19 Cj21,Fj4 Cj5 Fj9 Fj12 Fj13,Fj4 Cj5 Fj13
JUVENTUDE,Serie B Brasil,2026,,1,46,25,20,13,7,5,9,4,3,4,1,4,1P|1E|1P|3G|3E|1P|1G|1P|3G|1E|2G|1P|2G|1E|2G|1E,2no|1si|5no|1si|2no|1si|6no|1si|4no|1si|1no,5,20,Fj3 Fj9 Fj12 Fj19 Cj24,Fj1 Cj2 Cj4 Fj5 Cj6 Fj7 Cj8 Cj10 Cj11 Cj13 Fj14 Cj15 Fj16 Cj17 Cj18 Cj20 Fj21 Cj22 Fj23 Fj25,14,4,0,Fj1 Fj3 Cj4 Fj5 Cj6 Fj9 Cj11 Fj12 Cj13 Cj15 Cj17 Cj18 Fj19 Cj24,Fj3 Cj13 Cj15 Fj19,
NAUTICO RECIFE,Serie B Brasil,2026,,10,37,26,20,10,7,9,7,3,2,5,4,5,1P|2G|2P|1G|1E|3G|2P|1E|2P|1E|2P|1G|3E|1G|1E|2G,1no|1si|4no|1si|1no|1si|3no|2si|3no|2si|1no|2si|1no|2si|1no,11,15,Fj2 Fj7 Fj9 Fj13 Fj14 Fj18 Cj19 Cj21 Fj22 Fj24 Cj25,Cj1 Cj3 Fj4 Cj5 Fj6 Cj8 Cj10 Fj11 Cj12 Cj15 Cj16 Fj17 Fj20 Cj23 Cj26,17,3,2,Cj1 Fj2 Fj7 Cj8 Fj9 Fj11 Cj12 Fj13 Fj14 Cj15 Fj17 Fj18 Cj19 Cj21 Fj22 Cj23 Cj25,Cj8 Fj9 Fj14,Fj9 Fj14
CRICIUMA,Serie B Brasil,2026,,3,44,25,20,12,8,5,7,5,4,4,1,4,1G|1E|1P|1G|1P|1G|4E|2G|1E|6G|1E|1P|1G|1E|2P,1no|1si|2no|3si|1no|3si|1no|1si|3no|1si|5no|1si|1no|1si,11,14,Cj2 Fj5 Cj6 Fj7 Cj9 Fj10 Fj11 Cj13 Fj17 Fj23 Fj25,Fj1 Fj3 Cj4 Fj8 Cj12 Fj14 Cj15 Cj16 Cj18 Fj19 Cj20 Fj21 Cj22 Cj24,17,3,2,Fj1 Cj2 Fj5 Cj6 Fj7 Fj11 Cj12 Cj13 Fj14 Cj15 Cj16 Fj17 Cj18 Fj21 Cj22 Cj24 Fj25,Fj5 Cj6 Fj25,Fj5 Fj25
GOIAS,Serie B Brasil,2026,,11,36,24,20,10,6,8,7,3,1,5,4,4,1G|1E|1G|3P|3G|1E|1P|1E|1P|2G|1E|1G|1E|1P|1G|2P|1E|1G,2si|3no|1si|3no|1si|1no|1si|3no|3si|4no|2si,10,14,Cj1 Fj2 Fj7 Fj11 Fj13 Fj17 Fj18 Cj19 Fj24 Cj25,Cj3 Fj4 Cj5 Cj8 Cj9 Fj10 Cj12 Cj14 Fj15 Cj16 Fj20 Cj21 Fj22 Cj23,16,5,2,Cj1 Fj2 Fj4 Fj7 Cj12 Fj13 Cj14 Fj15 Cj16 Fj17 Fj18 Cj19 Cj21 Fj22 Fj24 Cj25,Cj1 Fj2 Cj14 Fj17 Fj18,Fj2 Fj18
AMERICA MINEIRO,Serie B Brasil,2026,,19,14,25,20,3,5,17,2,1,3,2,7,10,2P|1E|1P|1E|3P|1E|3P|1G|3P|2E|1P|1G|4P|1G,3si|3no|1si|1no|2si|1no|1si|4no|3si|1no|2si|3no,12,13,Fj1 Cj2 Fj3 Cj7 Fj9 Cj10 Cj12 Cj17 Cj18 Fj19 Fj21 Cj22,Cj4 Cj5 Fj6 Fj8 Fj11 Fj13 Cj14 Fj15 Fj16 Cj20 Fj23 Fj24 Cj25,17,7,3,Fj1 Cj2 Fj3 Fj6 Cj7 Fj8 Fj9 Cj10 Fj11 Cj12 Fj13 Cj14 Cj17 Fj19 Cj22 Fj23 Fj24,Fj1 Cj2 Cj7 Fj8 Cj12 Fj13 Fj24,Cj2 Cj7 Cj12
PONTE PRETA,Serie B Brasil,2026,,20,10,25,20,2,4,19,1,1,4,0,8,11,1P|1E|2P|2G|4P|1E|8P|1E|1P|1E|3P,2si|2no|1si|2no|3si|1no|1si|4no|4si|1no|1si|3no,12,13,Fj1 Cj2 Fj5 Cj8 Cj9 Fj10 Cj12 Cj17 Cj18 Fj19 Cj20 Cj22,Fj3 Cj4 Cj6 Fj7 Cj11 Fj13 Cj14 Fj15 Fj16 Fj21 Fj23 Cj24 Fj25,19,10,7,Fj1 Cj4 Fj5 Cj6 Fj7 Cj8 Cj9 Fj10 Cj12 Fj13 Cj14 Fj15 Cj17 Cj18 Fj19 Cj20 Fj21 Cj22 Fj23,Fj1 Fj5 Cj8 Fj10 Cj12 Fj13 Fj15 Cj18 Fj19 Fj23,Fj1 Fj5 Cj8 Fj10 Cj12 Cj18 Fj19
NOVORIZONTINO,Serie B Brasil,2026,,4,43,25,20,12,7,6,7,5,2,5,3,3,1P|2E|2G|1P|1E|1G|1E|1G|1E|1G|1E|3G|3P|1G|1P|1E|3G,1si|1no|1si|1no|1si|1no|1si|2no|2si|1no|1si|1no|1si|1no|1si|2no|1si|3no|2si,12,13,Cj1 Cj3 Cj5 Fj7 Cj10 Fj11 Cj13 Cj15 Fj17 Fj20 Fj24 Cj25,Fj2 Fj4 Fj6 Cj8 Fj9 Fj12 Fj14 Cj16 Fj18 Cj19 Cj21 Fj22 Cj23,15,6,6,Cj5 Fj7 Cj10 Fj11 Fj12 Cj13 Fj14 Cj15 Cj16 Fj17 Fj18 Fj20 Cj23 Fj24 Cj25,Cj5 Cj10 Fj11 Cj15 Fj17 Fj20,Cj5 Cj10 Fj11 Cj15 Fj17 Fj20
LONDRINA,Serie B Brasil,2026,,18,22,25,20,5,7,13,3,2,5,2,4,9,1G|1E|2P|1E|3P|1G|3P|2G|1E|1G|2E|4P|1E|1P|1E,4si|3no|2si|3no|1si|1no|1si|1no|1si|1no|2si|1no|1si|1no|1si|1no,13,12,Fj1 Cj2 Cj3 Fj4 Cj8 Fj9 Cj13 Fj15 Fj17 Fj19 Cj20 Fj22 Fj24,Cj5 Fj6 Fj7 Fj10 Cj11 Fj12 Cj14 Cj16 Cj18 Fj21 Cj23 Cj25,18,9,5,Cj2 Cj3 Fj4 Fj6 Fj7 Cj8 Fj9 Fj10 Fj12 Cj13 Fj15 Cj16 Fj17 Fj19 Cj20 Fj21 Fj22 Fj24,Cj2 Fj7 Cj8 Cj13 Fj15 Cj16 Cj20 Fj22 Fj24,Cj2 Cj13 Cj20 Fj22 Fj24
FORTALEZA EC,Serie B Brasil,2026,,5,41,24,20,11,8,5,8,3,3,5,1,4,1E|3G|1E|1G|1E|1P|1G|1P|1G|1P|1E|2G|1P|1G|1P|1G|3E|1G|1E,1no|1si|1no|1si|1no|1si|1no|1si|4no|2si|3no|1si|1no|1si|1no|1si|1no|1si,10,14,Cj3 Cj5 Cj7 Fj9 Fj14 Cj15 Fj19 Fj21 Cj23 Cj25,Cj2 Fj4 Fj6 Fj8 Cj10 Fj11 Fj12 Cj13 Cj16 Fj17 Cj18 Cj20 Fj22 Fj24,16,6,3,Cj3 Cj5 Cj7 Fj9 Cj10 Fj12 Cj13 Fj14 Cj15 Fj17 Cj18 Fj19 Fj21 Cj23 Fj24 Cj25,Cj3 Cj5 Cj13 Fj19 Cj23 Cj25,Cj5 Cj23 Cj25
BOTAFOGO SP,Serie B Brasil,2026,,17,28,25,20,7,7,11,4,3,3,4,4,7,1G|2P|3E|3P|1E|1P|2G|1P|1G|2E|1G|1P|2G|1E|3P,2si|1no|3si|2no|1si|2no|1si|2no|2si|1no|1si|1no|1si|1no|1si|1no|1si|1no,13,12,Fj2 Cj3 Cj5 Fj6 Cj7 Cj10 Cj13 Cj16 Fj17 Cj19 Cj21 Cj23 Cj25,Fj4 Fj8 Fj9 Fj11 Fj12 Fj14 Cj15 Fj18 Fj20 Fj22 Fj24 Fj26,12,5,2,Fj2 Cj3 Cj5 Cj7 Cj10 Fj12 Cj13 Cj15 Cj16 Fj17 Cj19 Fj24,Fj2 Cj5 Fj17 Cj19 Fj24,Fj2 Cj5
UNIVERSIDAD DE CHILE,Primera Division Chile,2026,,3,36,21,16,10,6,5,6,4,3,3,1,4,1E|1P|2E|1G|1E|2G|1P|1E|1G|1P|1G|1E|5G|2P,1no|1si|1no|1si|1no|1si|6no|2si|1no|1si|1no|4si,10,11,Fj2 Cj4 Cj6 Cj15 Fj16 Fj18 Cj20 Fj21 Cj22 Fj23,Cj1 Fj3 Fj5 Fj7 Cj8 Fj9 Fj10 Cj11 Fj13 Cj17 Cj19,12,7,5,Fj2 Cj4 Cj6 Cj11 Cj15 Fj16 Cj17 Fj18 Cj20 Fj21 Cj22 Fj23,Fj2 Cj4 Fj16 Cj20 Fj21 Cj22 Fj23,Fj2 Cj4 Fj16 Fj21 Cj22
A. ITALIANO,Primera Division Chile,2026,,14,21,20,16,5,6,9,4,1,4,2,3,6,1E|1G|1P|1G|2P|1G|3P|1E|1P|1G|2E|1P|1G|2E|1P,7no|4si|1no|1si|1no|2si|1no|1si|1no|1si,9,11,Fj8 Cj9 Fj10 Cj11 Cj14 Cj16 Cj18 Cj20 Fj23,Fj1 Cj2 Fj3 Cj4 Fj5 Cj6 Cj7 Fj13 Fj15 Fj19 Cj22,15,9,6,Cj2 Fj3 Fj5 Cj6 Cj7 Fj8 Cj9 Fj10 Cj11 Fj13 Cj14 Cj18 Fj19 Cj20 Fj23,Cj2 Cj7 Fj8 Cj9 Cj11 Fj13 Cj14 Cj20 Fj23,Fj8 Cj9 Cj11 Cj14 Cj20 Fj23
DEPORTES LIMACHE,Primera Division Chile,2026,,6,30,21,16,9,3,9,6,3,0,3,4,5,1G|1E|1G|1E|1G|1P|2G|1P|1G|1E|5P|1G|1P|1G|1P|1G,4si|2no|1si|3no|1si|1no|7si|2no,13,8,Cj1 Fj2 Cj3 Fj4 Fj7 Fj11 Fj14 Cj15 Fj16 Fj17 Fj20 Cj21 Fj22,Cj5 Fj6 Cj8 Fj9 Cj10 Cj13 Cj23 Cj24,17,11,5,Cj1 Fj2 Cj3 Fj4 Cj5 Fj7 Cj8 Cj10 Fj11 Cj13 Fj14 Cj15 Fj16 Fj20 Cj21 Fj22 Cj23,Cj1 Cj3 Fj4 Fj7 Fj11 Cj13 Cj15 Fj20 Cj21 Fj22 Cj23,Cj3 Fj4 Fj11 Cj15 Cj21
COLO COLO,Primera Division Chile,2026,,1,52,21,16,17,1,3,8,9,1,0,2,1,1P|3G|1P|3G|1P|9G|1E|2G,1si|8no|5si|1no|6si,12,9,Fj1 Fj11 Cj12 Cj13 Fj14 Fj15 Cj17 Fj19 Fj20 Cj21 Fj22 Cj23,Cj2 Cj3 Fj4 Cj5 Fj6 Cj7 Fj8 Cj10 Cj16,14,8,6,Fj1 Fj6 Cj7 Cj10 Fj11 Cj12 Cj13 Fj14 Fj15 Cj16 Fj19 Fj20 Fj22 Cj23,Fj1 Cj13 Fj14 Fj15 Cj16 Fj19 Fj22 Cj23,Cj13 Fj14 Fj15 Fj19 Fj22 Cj23
UNIVERSIDAD DE CONCEPCION,Primera Division Chile,2026,,13,22,21,16,6,4,11,5,1,1,3,4,7,1G|1P|1G|1E|1P|1E|1G|1P|1G|2P|1G|2E|5P|1G|1P,2no|2si|1no|1si|1no|1si|2no|1si|1no|1si|1no|1si|3no|2si|1no,9,12,Cj3 Fj4 Fj6 Fj8 Cj11 Fj14 Fj16 Fj22 Cj23,Cj1 Fj2 Cj5 Cj7 Cj9 Fj10 Fj13 Cj15 Cj19 Fj20 Cj21 Fj24,17,8,4,Fj2 Cj3 Fj4 Cj5 Fj6 Fj8 Cj9 Fj10 Cj11 Fj13 Fj14 Fj16 Cj19 Fj20 Cj21 Fj22 Cj23,Fj2 Fj4 Cj5 Fj8 Fj14 Fj16 Fj22 Cj23,Fj4 Fj8 Fj16 Fj22
COQUIMBO UNIDO,Primera Division Chile,2026,,8,29,20,16,8,5,7,4,4,3,2,3,4,1P|2G|2P|1G|1P|1G|1E|1G|1P|1G|1E|1G|1E|1P|2E|1P|1G,1no|1si|1no|1si|1no|1si|1no|4si|1no|2si|1no|4si|1no,13,7,Cj2 Fj4 Fj6 Cj8 Cj10 Fj11 Fj12 Fj14 Fj15 Fj19 Cj20 Fj22 Cj23,Fj1 Fj3 Cj5 Cj7 Cj13 Cj16 Cj24,12,5,3,Cj2 Fj4 Cj5 Fj6 Cj8 Cj10 Fj12 Cj13 Fj15 Fj19 Fj22 Cj23,Cj2 Fj4 Cj13 Fj15 Fj19,Fj4 Fj15 Fj19
COBRESAL,Primera Division Chile,2026,,16,18,21,16,5,3,13,5,0,0,3,5,8,1G|1P|1G|1E|7P|1G|3P|1E|1G|2P|1E|1G,1no|3si|1no|3si|1no|2si|1no|1si|2no|1si|3no|1si|1no,11,10,Fj2 Cj3 Fj4 Fj6 Cj7 Fj8 Cj10 Fj11 Fj14 Fj17 Fj22,Cj1 Cj5 Fj9 Cj13 Cj15 Fj16 Cj19 Fj20 Cj21 Cj23,18,7,5,Cj1 Fj2 Cj3 Cj5 Fj6 Cj7 Fj8 Fj9 Cj10 Fj11 Fj14 Cj15 Fj16 Fj17 Cj19 Cj21 Fj22 Cj23,Fj2 Cj3 Cj7 Fj11 Fj14 Fj16 Fj22,Fj2 Cj3 Fj11 Fj14 Fj22
HUACHIPATO,Primera Division Chile,2026,,11,24,20,16,7,3,10,5,2,1,2,4,6,1P|3G|3P|3G|1E|1G|2P|2E|4P,1no|1si|1no|1si|1no|1si|1no|1si|1no|1si|1no|1si|2no|2si|1no|3si,11,9,Cj2 Cj4 Cj6 Cj8 Cj10 Cj13 Fj16 Cj17 Cj20 Fj21 Cj22,Fj1 Fj3 Fj5 Fj7 Fj9 Fj11 Fj14 Cj15 Fj19,16,6,5,Fj1 Cj2 Cj4 Fj5 Cj6 Fj7 Cj8 Fj9 Cj10 Cj13 Fj14 Fj16 Cj17 Cj20 Fj21 Cj22,Cj2 Cj8 Fj16 Cj20 Fj21 Cj22,Cj2 Cj8 Fj16 Cj20 Fj21
D. LA SERENA,Primera Division Chile,2026,,10,27,21,16,6,9,6,3,3,4,5,3,3,1E|2P|1E|2G|1E|1P|1G|2E|1P|1G|1P|2E|1P|1E|1G|1E|1G,1si|2no|1si|2no|1si|2no|1si|1no|7si|1no|1si|1no,12,9,Cj1 Cj4 Fj7 Fj10 Fj12 Cj14 Cj15 Fj16 Fj18 Cj19 Fj20 Cj22,Fj2 Cj3 Fj5 Cj6 Fj8 Cj9 Cj11 Fj21 Fj23,15,8,5,Cj1 Cj4 Fj5 Cj6 Fj7 Cj9 Fj10 Fj12 Cj14 Cj15 Fj18 Cj19 Fj21 Cj22 Fj23,Cj1 Cj4 Cj6 Fj10 Fj12 Cj15 Fj18 Cj22,Cj1 Cj4 Fj10 Cj15 Cj22
U. CATOLICA,Primera Division Chile,2026,,2,36,21,16,11,3,7,6,5,2,1,3,4,1E|1G|1P|2G|1P|1E|2G|2P|1G|1P|2G|1E|1P|1G|1P|2G,1si|1no|3si|1no|4si|2no|1si|1no|2si|2no|3si,14,7,Fj1 Fj3 Cj4 Fj5 Cj7 Cj8 Fj9 Cj10 Cj14 Cj16 Cj18 Cj22 Fj23 Cj24,Cj2 Fj6 Fj11 Fj13 Fj15 Fj19 Cj20,17,13,10,Fj1 Fj3 Cj4 Fj5 Fj6 Cj7 Cj8 Fj9 Cj10 Fj11 Fj13 Cj14 Cj16 Cj18 Fj19 Fj23 Cj24,Fj1 Fj3 Cj4 Fj5 Cj7 Cj8 Fj9 Fj13 Cj14 Cj16 Cj18 Fj19 Cj24,Fj1 Fj3 Cj4 Fj5 Cj7 Cj8 Fj9 Cj14 Cj16 Cj24
PALESTINO,Primera Division Chile,2026,,4,33,21,16,10,3,8,6,4,3,0,1,7,1E|1P|1E|1P|2G|2P|2G|1P|2G|1E|1G|1P|1G|1P|2G|1P,2si|1no|3si|1no|1si|3no|2si|1no|1si|1no|3si|2no,12,9,Cj1 Fj2 Fj4 Cj5 Cj6 Fj8 Cj12 Fj14 Fj16 Cj19 Fj20 Cj21,Cj3 Fj7 Cj9 Fj10 Cj11 Cj15 Fj17 Fj22 Fj23,16,10,5,Cj1 Fj2 Fj4 Cj5 Cj6 Fj8 Fj10 Cj11 Cj12 Fj14 Fj16 Fj17 Cj19 Fj20 Cj21 Fj23,Fj2 Cj5 Fj8 Cj12 Fj14 Fj16 Fj17 Cj19 Fj20 Cj21,Cj5 Fj8 Fj14 Cj19 Cj21
NUBLENSE,Primera Division Chile,2026,,5,32,21,16,8,8,5,4,4,4,4,3,2,2E|2G|1P|1G|2E|1G|1E|2P|1E|1G|1E|1G|1E|2G|2P,2si|2no|1si|1no|1si|2no|1si|1no|2si|1no|1si|1no|3si|2no,11,10,Fj1 Cj2 Cj5 Cj7 Fj10 Fj13 Cj14 Cj16 Fj20 Cj21 Fj22,Cj3 Fj4 Fj6 Fj8 Cj9 Cj11 Fj15 Cj17 Cj23 Fj24,16,8,4,Fj1 Cj2 Cj3 Cj5 Fj6 Cj7 Fj10 Cj11 Fj13 Cj14 Fj15 Cj16 Cj17 Fj20 Cj21 Cj23,Cj5 Cj11 Fj13 Cj14 Cj16 Cj17 Fj20 Cj21,Cj5 Fj13 Cj16 Fj20
EVERTON DE VINA,Primera Division Chile,2026,,9,29,20,16,8,5,7,3,5,3,2,4,3,4P|2G|2E|1P|1E|2G|1E|1G|1P|1E|1P|3G,6no|1si|3no|1si|1no|7si|1no,9,11,Fj7 Cj11 Cj14 Fj15 Cj16 Fj18 Cj19 Fj20 Cj22,Cj1 Fj2 Cj3 Fj4 Fj5 Cj6 Cj8 Fj9 Cj10 Fj13 Fj23,11,9,6,Cj1 Fj5 Fj7 Fj9 Cj11 Fj15 Cj16 Cj19 Fj20 Cj22 Fj23,Fj5 Fj7 Cj11 Fj15 Cj16 Cj19 Fj20 Cj22 Fj23,Fj7 Cj11 Fj15 Cj19 Fj20 Cj22
UNION LA CALERA,Primera Division Chile,2026,,15,20,21,16,5,5,11,3,2,3,2,5,6,2G|2P|1G|1P|1E|1P|2G|3P|3E|3P|1E|1P,1no|1si|4no|1si|2no|4si|1no|2si|1no|2si|2no,10,11,Cj2 Cj7 Fj10 Cj11 Fj13 Cj14 Cj16 Cj18 Cj20 Fj21,Fj1 Fj3 Cj4 Cj5 Fj6 Fj8 Cj9 Fj15 Fj19 Fj22 Cj23,14,6,3,Fj1 Cj2 Cj5 Fj6 Cj7 Fj8 Fj10 Fj13 Cj14 Cj16 Fj19 Cj20 Fj21 Cj23,Cj2 Fj6 Cj7 Cj14 Cj16 Fj21,Cj2 Cj14 Cj16
O'HIGGINS,Primera Division Chile,2026,,12,24,21,16,7,3,11,4,3,0,3,6,5,2G|3P|1G|1E|1G|1P|2G|2P|1E|2P|1G|1P|1E|2P,1si|1no|1si|1no|1si|1no|2si|1no|1si|2no|1si|3no|3si|1no|1si,11,10,Cj1 Fj3 Fj5 Fj7 Cj8 Fj10 Cj15 Fj19 Cj20 Fj21 Fj24,Cj2 Cj4 Cj6 Cj9 Fj11 Cj13 Fj16 Fj17 Fj18 Cj22,16,8,5,Cj1 Fj3 Fj5 Cj6 Fj7 Cj8 Cj9 Fj10 Fj11 Cj13 Cj15 Fj17 Fj18 Fj19 Cj20 Fj24,Fj3 Fj5 Fj7 Cj8 Fj11 Cj15 Cj20 Fj24,Fj3 Fj5 Cj8 Cj15 Fj24
CONCEPCIÓN,Primera Division Chile,2026,,7,30,21,16,9,3,9,5,4,3,0,3,6,3P|1E|1G|4P|1E|1G|1P|1G|1P|5G|1E|1G,1si|1no|2si|5no|1si|3no|2si|4no|1si|1no,7,14,Fj1 Fj3 Cj4 Cj10 Fj15 Cj16 Cj22,Fj2 Fj5 Cj6 Fj7 Cj8 Fj9 Fj11 Cj13 Cj14 Cj18 Cj19 Cj20 Fj21 Fj23,16,3,1,Fj1 Fj3 Fj5 Cj6 Fj7 Cj10 Fj11 Cj14 Fj15 Cj16 Cj18 Cj19 Cj20 Fj21 Cj22 Fj23,Fj7 Cj10 Cj19,Cj10
